spotify_track_id,title,artist,language,source,lyrics_status,collection_status,lyrics_file
003vvx7Niy0yvhvHt4a68B,Mr. Brightside,The Killers,en,LRCLIB,success,success,data\raw\lyrics\003vvx7Niy0yvhvHt4a68B.txt
00Blm7zeNqgYLPtW6zg8cj,One Right Now,Post Malone,en,LRCLIB,success,success,data\raw\lyrics\00Blm7zeNqgYLPtW6zg8cj.txt
00I41xsW6SunZDJ5fB8KAd,Safety Zone,j-hope,mixed,LRCLIB,success,success,data\raw\lyrics\00I41xsW6SunZDJ5fB8KAd.txt
00iLTetTLAeImmBlh6jOJh,K POP,Playboi Carti,en,LRCLIB,success,success,data\raw\lyrics\00iLTetTLAeImmBlh6jOJh.txt
00imgaPlYRrMGn9o83hfmk,LOOSE CHANGE,Brent Faiyaz,en,LRCLIB,success,success,data\raw\lyrics\00imgaPlYRrMGn9o83hfmk.txt
014DA3BdnmD3kI5pBogH7c,Cứ Chill Thôi,Chillies,vi,LRCLIB,success,success,data\raw\lyrics\014DA3BdnmD3kI5pBogH7c.txt
01FvQEvHETjWqcDpQDJdTb,Your Bartender,Morgan Wallen,en,LRCLIB,success,success,data\raw\lyrics\01FvQEvHETjWqcDpQDJdTb.txt
01p5urrGw5fuFCcfT7PBgc,GO BABY,Justin Bieber,en,LRCLIB,success,success,data\raw\lyrics\01p5urrGw5fuFCcfT7PBgc.txt
01ppKlDRCmPpusO3yNrSRY,TELEFONO NUEVO,Bad Bunny,es,LRCLIB,success,success,data\raw\lyrics\01ppKlDRCmPpusO3yNrSRY.txt
01qFKNWq73UfEslI0GvumE,3D,Jung Kook,en,LRCLIB,success,success,data\raw\lyrics\01qFKNWq73UfEslI0GvumE.txt
02BcXEH1zJYbXSabPtNlKf,Lose My Mind,Don Toliver,en,LRCLIB,success,success,data\raw\lyrics\02BcXEH1zJYbXSabPtNlKf.txt
02H58MSfVESkKyx4diDgu7,LOST!,RM,en,LRCLIB,success,success,data\raw\lyrics\02H58MSfVESkKyx4diDgu7.txt
02HyFYmpzt02VJ8k0CqxKj,Ain't In LA,ADÉLA,en,LRCLIB,success,success,data\raw\lyrics\02HyFYmpzt02VJ8k0CqxKj.txt
02KRPJcx4TJFLCXt9qwEUE,Unknown Planet,IU,ko,LRCLIB,success,success,data\raw\lyrics\02KRPJcx4TJFLCXt9qwEUE.txt
02MWAaffLxlfxAUY7c5dvx,Heat Waves,Glass Animals,en,LRCLIB,success,success,data\raw\lyrics\02MWAaffLxlfxAUY7c5dvx.txt
02SbQgZbzMoylPoGr32ugF,Drama,IU,unknown,LRCLIB,success,success,data\raw\lyrics\02SbQgZbzMoylPoGr32ugF.txt
02sy7FAs8dkDNYsHp4Ul3f,Soda Pop,Saja Boys,en,LRCLIB,success,success,data\raw\lyrics\02sy7FAs8dkDNYsHp4Ul3f.txt
02wk5BttM0QL38ERjLPQJB,Cool With You,NewJeans,en,LRCLIB,success,success,data\raw\lyrics\02wk5BttM0QL38ERjLPQJB.txt
0314PeD1sQNonfVWix3B2K,ENERGY,Beyoncé,en,LRCLIB,success,success,data\raw\lyrics\0314PeD1sQNonfVWix3B2K.txt
03ERnTvSV5fy8WAyvA4uNP,Big Gangsta,Kevin Gates,en,LRCLIB,success,success,data\raw\lyrics\03ERnTvSV5fy8WAyvA4uNP.txt
03bTIHJElXZ0O0jqOQvAbY,Father Figure,Taylor Swift,en,LRCLIB,success,success,data\raw\lyrics\03bTIHJElXZ0O0jqOQvAbY.txt
03fs6oV5JAlbytRYf3371S,Everything I Love,Morgan Wallen,en,LRCLIB,success,success,data\raw\lyrics\03fs6oV5JAlbytRYf3371S.txt
03qu1u4hDyepQQi2lNxCka,Traffic light,LEE MU JIN,unknown,LRCLIB,success,success,data\raw\lyrics\03qu1u4hDyepQQi2lNxCka.txt
03tqyYWC9Um2ZqU0ZN849H,No Hands,Waka Flocka Flame,en,LRCLIB,success,success,data\raw\lyrics\03tqyYWC9Um2ZqU0ZN849H.txt
04CqLjewJiSAqM210vZAmT,River,Miley Cyrus,en,LRCLIB,success,success,data\raw\lyrics\04CqLjewJiSAqM210vZAmT.txt
04CyMEHliadfQWMUJb1w99,BURN,¥$,en,Genius,success,success,data\raw\lyrics\04CyMEHliadfQWMUJb1w99.txt
04Mm3BineGdy0oNv8NivQT,Don't Break My Heart,Binz,mixed,LRCLIB,success,success,data\raw\lyrics\04Mm3BineGdy0oNv8NivQT.txt
04TshWXkhV1qkqHzf31Hn6,Lemon,Kenshi Yonezu,sw,LRCLIB,success,success,data\raw\lyrics\04TshWXkhV1qkqHzf31Hn6.txt
04bm7NsIhRfTlLGDoKMEw8,Có Không Giữ Mất Đừng Tìm,Trúc Nhân,vi,LRCLIB,success,success,data\raw\lyrics\04bm7NsIhRfTlLGDoKMEw8.txt
04emojnbYkrRmv5qtJcgVP,What I Want,Morgan Wallen,en,LRCLIB,success,success,data\raw\lyrics\04emojnbYkrRmv5qtJcgVP.txt
04mHr76sMR8RSqVIgWl785,ATTITUDE,IVE,mixed,LRCLIB,success,success,data\raw\lyrics\04mHr76sMR8RSqVIgWl785.txt
04vLj9QUXoKdRlsp3gkURo,Mele Kalikimaka (Merry Christmas),Bing Crosby,en,LRCLIB,success,success,data\raw\lyrics\04vLj9QUXoKdRlsp3gkURo.txt
05GsNucq8Bngd9fnd4fRa0,Begin Again (Taylor's Version),Taylor Swift,en,LRCLIB,success,success,data\raw\lyrics\05GsNucq8Bngd9fnd4fRa0.txt
05STjz8kmPBUebu3uu5sO0,Nest,Lim Young Woong,unknown,LRCLIB,success,success,data\raw\lyrics\05STjz8kmPBUebu3uu5sO0.txt
05X3a0YGmS1rbH50aL8lGF,Một Ngàn Nỗi Đau,Văn Mai Hương,vi,LRCLIB,success,success,data\raw\lyrics\05X3a0YGmS1rbH50aL8lGF.txt
05ZACkzW8YbRq3eFgIfSNB,Springsteen,Eric Church,en,Genius,success,success,data\raw\lyrics\05ZACkzW8YbRq3eFgIfSNB.txt
0669gFIK8dYK9GGQ0K0QNF,Tràn Bộ Nhớ,Dương Domic,vi,LRCLIB,success,success,data\raw\lyrics\0669gFIK8dYK9GGQ0K0QNF.txt
06KyNuuMOX1ROXRhj787tj,We Don't Talk Anymore,Charlie Puth,en,LRCLIB,success,success,data\raw\lyrics\06KyNuuMOX1ROXRhj787tj.txt
06Qo2fYR2KS1F7bL338iVT,Closer to You,Jung Kook,en,LRCLIB,success,success,data\raw\lyrics\06Qo2fYR2KS1F7bL338iVT.txt
06o2o3TpyR8eGU2ANK21Lp,Endangered Love,LEE CHANHYUK,en,LRCLIB,success,success,data\raw\lyrics\06o2o3TpyR8eGU2ANK21Lp.txt
078fJxqEUz0LvbHSM6AoXJ,SUPER BOARD,Stray Kids,ko,LRCLIB,success,success,data\raw\lyrics\078fJxqEUz0LvbHSM6AoXJ.txt
07d8eaOuAWdC0DANq3tdPd,QUAY ĐI QUAY LẠI,"ANH TRAI ""SAY HI""",vi,LRCLIB,success,success,data\raw\lyrics\07d8eaOuAWdC0DANq3tdPd.txt
07trPhWMgiagFnSOlmpzl0,Complex (Feat. ZICO),BE'O,mixed,LRCLIB,success,success,data\raw\lyrics\07trPhWMgiagFnSOlmpzl0.txt
086myS9r57YsLbJpU0TgK9,Why'd You Only Call Me When You're High?,Arctic Monkeys,en,LRCLIB,success,success,data\raw\lyrics\086myS9r57YsLbJpU0TgK9.txt
08F16baYbciTva9P4BvpiI,MAFIA,Travis Scott,en,LRCLIB,success,success,data\raw\lyrics\08F16baYbciTva9P4BvpiI.txt
08Hvl1OJalM7dG6mf6jpx6,Love Game,Low G,vi,LRCLIB,success,success,data\raw\lyrics\08Hvl1OJalM7dG6mf6jpx6.txt
08LwMWf5Tcfsd752EPzFV0,i n t e r l u d e,J. Cole,en,LRCLIB,success,success,data\raw\lyrics\08LwMWf5Tcfsd752EPzFV0.txt
08MFgEQeVLF37EyZ7jcwLc,Pano,Zack Tabudlo,tl,LRCLIB,success,success,data\raw\lyrics\08MFgEQeVLF37EyZ7jcwLc.txt
08SB2OtZkaliju77WYEKxk,No Love,Summer Walker,en,LRCLIB,success,success,data\raw\lyrics\08SB2OtZkaliju77WYEKxk.txt
08XWh5c0BMyD1nKVxxl91z,Fountains,Drake,en,LRCLIB,success,success,data\raw\lyrics\08XWh5c0BMyD1nKVxxl91z.txt
08xMOoUaMWWlNStVUdBTBC,Because,ASH ISLAND,ko,LRCLIB,success,success,data\raw\lyrics\08xMOoUaMWWlNStVUdBTBC.txt
09IStsImFySgyp0pIQdqAc,The Middle,Zedd,en,LRCLIB,success,success,data\raw\lyrics\09IStsImFySgyp0pIQdqAc.txt
09LrGvT9KsACH66RHYMDyR,Don’t Smile,Sabrina Carpenter,en,LRCLIB,success,success,data\raw\lyrics\09LrGvT9KsACH66RHYMDyR.txt
09PyC1qMkM0JVtqHHFnjKm,My Life,YUMDDA,ko,LRCLIB,success,success,data\raw\lyrics\09PyC1qMkM0JVtqHHFnjKm.txt
09gysnJpfQ3ublBmJDfcEC,SAD GIRLZ LUV MONEY Remix,Amaarae,en,LRCLIB,success,success,data\raw\lyrics\09gysnJpfQ3ublBmJDfcEC.txt
0A1hoCfMLkiAgvhWkkucJa,Body,Megan Thee Stallion,en,LRCLIB,success,success,data\raw\lyrics\0A1hoCfMLkiAgvhWkkucJa.txt
0AAMnNeIc6CdnfNU85GwCH,Self Love (Spider-Man: Across the Spider-Verse) (Metro Boomin & Coi Leray),Metro Boomin,en,LRCLIB,success,success,data\raw\lyrics\0AAMnNeIc6CdnfNU85GwCH.txt
0AQEShePVSsxMTM6a8ik6t,FAMOUS,ALLDAY PROJECT,en,LRCLIB,success,success,data\raw\lyrics\0AQEShePVSsxMTM6a8ik6t.txt
0AUvWawuP0ibk4SQ3sIZjk,Daisy,Ashnikko,en,LRCLIB,success,success,data\raw\lyrics\0AUvWawuP0ibk4SQ3sIZjk.txt
0AcgKF7kbSoCkh3n7vlHwK,Dirty Diana - 2012 Remaster,Michael Jackson,en,LRCLIB,success,success,data\raw\lyrics\0AcgKF7kbSoCkh3n7vlHwK.txt
0BBUGRUURDjwcXmDS3kQkN,Atlantis,SHINee,ko,LRCLIB,success,success,data\raw\lyrics\0BBUGRUURDjwcXmDS3kQkN.txt
0BOFCIDygXWLtAD08nJDFV,Nhạc Anh,Andree Right Hand,vi,LRCLIB,success,success,data\raw\lyrics\0BOFCIDygXWLtAD08nJDFV.txt
0BX2eDMZJrGzApf4ZGXrFi,NGÁO NGƠ,"ANH TRAI ""SAY HI""",vi,LRCLIB,success,success,data\raw\lyrics\0BX2eDMZJrGzApf4ZGXrFi.txt
0CB3B5ir8I2KbB3dkGVtWF,At That Moment,WSG WANNBE (Gaya-G),ko,LRCLIB,success,success,data\raw\lyrics\0CB3B5ir8I2KbB3dkGVtWF.txt
0COqiPhxzoWICwFCS4eZcp,Bring Me To Life,Evanescence,en,LRCLIB,success,success,data\raw\lyrics\0COqiPhxzoWICwFCS4eZcp.txt
0CY9y1F7RcRSV3raHljdxu,THẾ GIỚI CỦA ANH,"TINH HÀ ""SAY HI""",vi,LRCLIB,success,success,data\raw\lyrics\0CY9y1F7RcRSV3raHljdxu.txt
0CatzXH85XWyBqqdB6qPMB,Beatbox,NCT DREAM,mixed,LRCLIB,success,success,data\raw\lyrics\0CatzXH85XWyBqqdB6qPMB.txt
0ClPIeT6MSgfSgQ9ZrJbAq,Cheating on You,Charlie Puth,en,LRCLIB,success,success,data\raw\lyrics\0ClPIeT6MSgfSgQ9ZrJbAq.txt
0CnpSTdL9l5vQM4YnzXtyo,Panorama,IZ*ONE,ko,LRCLIB,success,success,data\raw\lyrics\0CnpSTdL9l5vQM4YnzXtyo.txt
0CrcwVLUe8wzLUIXgjXVZJ,Kill Bill,SZA,en,LRCLIB,success,success,data\raw\lyrics\0CrcwVLUe8wzLUIXgjXVZJ.txt
0CyydmXI4QhgUWrZsPOTXA,Why Can't You Love Me?,WENDY,mixed,LRCLIB,success,success,data\raw\lyrics\0CyydmXI4QhgUWrZsPOTXA.txt
0DA8aZZvG73AijDYT00ki1,bloodonmyhands,Tate McRae,en,LRCLIB,success,success,data\raw\lyrics\0DA8aZZvG73AijDYT00ki1.txt
0DHh3p0g7qmNNfNdRNwL6N,Try Again,DallasK,en,LRCLIB,success,success,data\raw\lyrics\0DHh3p0g7qmNNfNdRNwL6N.txt
0DM63CJEklNPKu6kHGyuEl,Yours,Post Malone,en,LRCLIB,success,success,data\raw\lyrics\0DM63CJEklNPKu6kHGyuEl.txt
0DWdj2oZMBFSzRsi2Cvfzf,TQG,KAROL G,es,LRCLIB,success,success,data\raw\lyrics\0DWdj2oZMBFSzRsi2Cvfzf.txt
0De9jFjJ4eRLl7Yww2eBw1,Flower Shops,ERNEST,en,LRCLIB,success,success,data\raw\lyrics\0De9jFjJ4eRLl7Yww2eBw1.txt
0DtarPcErIh4skfFtxzomo,Ngày Em Đẹp Nhất,Tama,vi,LRCLIB,success,success,data\raw\lyrics\0DtarPcErIh4skfFtxzomo.txt
0EQMrxdeiBhry9JCxskko3,I'm Fine,BTS,no,LRCLIB,success,success,data\raw\lyrics\0EQMrxdeiBhry9JCxskko3.txt
0EqH5Wz93cJtfUGv3vtQPY,29 Intro,J. Cole,en,LRCLIB,success,success,data\raw\lyrics\0EqH5Wz93cJtfUGv3vtQPY.txt
0EsJdOSOrBfTo816lWRW4Q,Outside Tweaking,Drake,en,LRCLIB,success,success,data\raw\lyrics\0EsJdOSOrBfTo816lWRW4Q.txt
0F6XPZ5gxXC1zaiaDhrV73,ADIOS!,BOYNEXTDOOR,mixed,Genius,success,success,data\raw\lyrics\0F6XPZ5gxXC1zaiaDhrV73.txt
0FA4wrjDJvJTTU8AepZTup,Watch This - ARIZONATEARS Pluggnb Remix,Lil Uzi Vert,en,LRCLIB,success,success,data\raw\lyrics\0FA4wrjDJvJTTU8AepZTup.txt
0FIDCNYYjNvPVimz5icugS,Timeless,The Weeknd,en,LRCLIB,success,success,data\raw\lyrics\0FIDCNYYjNvPVimz5icugS.txt
0FOBJ5PbwOe5XBY9y0bnhi,BTBT,B.I,en,LRCLIB,success,success,data\raw\lyrics\0FOBJ5PbwOe5XBY9y0bnhi.txt
0FOReGSXypVBP1q3CLEbfN,SSAK (Feat. Loco) (Prod. By GRAY),OXYNOVA,mixed,LRCLIB,success,success,data\raw\lyrics\0FOReGSXypVBP1q3CLEbfN.txt
0FVPOqIivjXR49CyJZAw7g,IF YOU - KR Ver.,BIGBANG,mixed,LRCLIB,success,success,data\raw\lyrics\0FVPOqIivjXR49CyJZAw7g.txt
0FlcmZ13DGRmscCroro9GO,Body,Don Toliver,en,LRCLIB,success,success,data\raw\lyrics\0FlcmZ13DGRmscCroro9GO.txt
0FqBNLXlTNimxmVRdDMj6b,1AM FREESTYLE,Joji,en,LRCLIB,success,success,data\raw\lyrics\0FqBNLXlTNimxmVRdDMj6b.txt
0G2zPzWqVjR68iNPmx2TBe,Volando - Remix,Mora,es,LRCLIB,success,success,data\raw\lyrics\0G2zPzWqVjR68iNPmx2TBe.txt
0GONea6G2XdnHWjNZd6zt3,Summer Of '69,Bryan Adams,en,LRCLIB,success,success,data\raw\lyrics\0GONea6G2XdnHWjNZd6zt3.txt
0GOqhXyouUxqPEw9ypTOLm,TOO BAD,G-DRAGON,en,LRCLIB,success,success,data\raw\lyrics\0GOqhXyouUxqPEw9ypTOLm.txt
0GXZXSDFSbJjqdGifjSaig,Sớm Như Vậy,buitruonglinh,vi,LRCLIB,success,success,data\raw\lyrics\0GXZXSDFSbJjqdGifjSaig.txt
0GnNHCDj2WOJl70UUcvAEP,Falling Apart,Morgan Wallen,en,LRCLIB,success,success,data\raw\lyrics\0GnNHCDj2WOJl70UUcvAEP.txt
0GqAWZe1A5ecKadZrHk6XH,Chk Chk Boom,Stray Kids,en,LRCLIB,success,success,data\raw\lyrics\0GqAWZe1A5ecKadZrHk6XH.txt
0GzuHFG4Ql6DoyxFRnIk3F,Hawái - Remix,Maluma,mixed,LRCLIB,success,success,data\raw\lyrics\0GzuHFG4Ql6DoyxFRnIk3F.txt
0H1zX27yxoDrsrQA1hk5Uq,O Come All Ye Faithful,Nat King Cole,mixed,LRCLIB,success,success,data\raw\lyrics\0H1zX27yxoDrsrQA1hk5Uq.txt
0H4ugk6rhnXmTl47ayy9O5,Daechwita,Agust D,ko,LRCLIB,success,success,data\raw\lyrics\0H4ugk6rhnXmTl47ayy9O5.txt
0HEytGQM3bG1vKxER7IgVK,Spotless,Zach Bryan,en,LRCLIB,success,success,data\raw\lyrics\0HEytGQM3bG1vKxER7IgVK.txt
0HH3DAz5feqJmDA50yQ52M,906090,Tóc Tiên,vi,LRCLIB,success,success,data\raw\lyrics\0HH3DAz5feqJmDA50yQ52M.txt
0HYAsQwJIO6FLqpyTeD3l6,死ぬのがいいわ,Fujii Kaze,mixed,LRCLIB,success,success,data\raw\lyrics\0HYAsQwJIO6FLqpyTeD3l6.txt
0Hj4YtlD0Q5O0srdZxJUtl,Gold Dust,NCT 127,ko,LRCLIB,success,success,data\raw\lyrics\0Hj4YtlD0Q5O0srdZxJUtl.txt
0HsRZwZzHoZ5AM5W2ZYI5c,Beyond Love (Feat. 10CM),BIG Naughty,ko,LRCLIB,success,success,data\raw\lyrics\0HsRZwZzHoZ5AM5W2ZYI5c.txt
0Hy3JNYKAJu4ttcyQHzzYA,Big world,Yerin Baek,en,LRCLIB,success,success,data\raw\lyrics\0Hy3JNYKAJu4ttcyQHzzYA.txt
0I1eFRytp4XRhLCjT6tZm7,I Can't Handle Change,Roar,en,LRCLIB,success,success,data\raw\lyrics\0I1eFRytp4XRhLCjT6tZm7.txt
0IGUXY4JbK18bu9oD4mPIm,TOMBOY,i-dle,en,LRCLIB,success,success,data\raw\lyrics\0IGUXY4JbK18bu9oD4mPIm.txt
0IKeDy5bT9G0bA7ZixRT4A,Bebe Dame,Fuerza Regida,es,LRCLIB,success,success,data\raw\lyrics\0IKeDy5bT9G0bA7ZixRT4A.txt
0IdkFyYIDMhJqz0NL5zCk9,PAINTING PICTURES,mxmy,en,manual,success,success,data\raw\lyrics\0IdkFyYIDMhJqz0NL5zCk9.txt
0Ie5uiv54KgCr7P4sYDTHl,Baby It's Cold Outside (duet with Michael Bublé),Idina Menzel,en,LRCLIB,success,success,data\raw\lyrics\0Ie5uiv54KgCr7P4sYDTHl.txt
0IjaSeBp6SHXTELm4C9ifk,FOREVER,D.O.,ko,LRCLIB,success,success,data\raw\lyrics\0IjaSeBp6SHXTELm4C9ifk.txt
0IjdXwCEhZR7JIwq6Za8j5,Jane!,The Long Faces,en,LRCLIB,success,success,data\raw\lyrics\0IjdXwCEhZR7JIwq6Za8j5.txt
0InIeZW4P6VO7dUGRM4AKH,Sienna,The Marías,en,LRCLIB,success,success,data\raw\lyrics\0InIeZW4P6VO7dUGRM4AKH.txt
0IsIY8pfu1yaGkPUD7pkDx,Guess featuring billie eilish,Charli xcx,en,LRCLIB,success,success,data\raw\lyrics\0IsIY8pfu1yaGkPUD7pkDx.txt
0IuVhCflrQPMGRrOyoY5RW,she's all i wanna be,Tate McRae,en,LRCLIB,success,success,data\raw\lyrics\0IuVhCflrQPMGRrOyoY5RW.txt
0J2otOvMdg62gVMMjwOvSK,Hoa Hải Đường,Jack - J97,vi,LRCLIB,success,success,data\raw\lyrics\0J2otOvMdg62gVMMjwOvSK.txt
0JBBsuv6YHi37NqzCNfr0d,SỰ NGHIỆP CHƯỚNG,Pháo,vi,LRCLIB,success,success,data\raw\lyrics\0JBBsuv6YHi37NqzCNfr0d.txt
0JXXNGljqupsJaZsgSbMZV,Sure Thing,Miguel,en,LRCLIB,success,success,data\raw\lyrics\0JXXNGljqupsJaZsgSbMZV.txt
0JcD5qI9SxWqdEWmRjUX9X,Mental Clarity Is a Luxury I Can't Afford,$uicideboy$,en,LRCLIB,success,success,data\raw\lyrics\0JcD5qI9SxWqdEWmRjUX9X.txt
0JmnkIqdlnUzPaf8sqBRs3,Moonlight,Kali Uchis,en,LRCLIB,success,success,data\raw\lyrics\0JmnkIqdlnUzPaf8sqBRs3.txt
0K9tfzrxJyCQIf7oAlPwaK,YA YA,Beyoncé,en,LRCLIB,success,success,data\raw\lyrics\0K9tfzrxJyCQIf7oAlPwaK.txt
0KA8tBqZ81mBe2po59GK5j,Trạng Thái Mộng Mơ,Đỗ Hoàng Long,vi,manual,success,success,data\raw\lyrics\0KA8tBqZ81mBe2po59GK5j.txt
0KCSJzsQVxkloxoT7dyrqV,The Rumbling (TV Size),SiM,en,LRCLIB,success,success,data\raw\lyrics\0KCSJzsQVxkloxoT7dyrqV.txt
0KgetoSLg8qfJWIwoAQxBf,Bansanka,TAEYEON,ko,LRCLIB,success,success,data\raw\lyrics\0KgetoSLg8qfJWIwoAQxBf.txt
0KmrKOdScRDVYwWS8hkkdv,FYA,BTS,en,LRCLIB,success,success,data\raw\lyrics\0KmrKOdScRDVYwWS8hkkdv.txt
0KnWLhf5GqPEC4m7sHhxrY,Cơn Mưa Rào,Văn Mai Hương,vi,LRCLIB,success,success,data\raw\lyrics\0KnWLhf5GqPEC4m7sHhxrY.txt
0L8LOav65XwLjCLS11gNPD,Typa Girl,BLACKPINK,en,LRCLIB,success,success,data\raw\lyrics\0L8LOav65XwLjCLS11gNPD.txt
0LQtEJt7x0s6knb6RKdRYc,Chicken Fried,Zac Brown Band,en,LRCLIB,success,success,data\raw\lyrics\0LQtEJt7x0s6knb6RKdRYc.txt
0LdpgzRupg6P511GEACdm2,The Power of Love,DAY6,mixed,LRCLIB,success,success,data\raw\lyrics\0LdpgzRupg6P511GEACdm2.txt
0Lmbke3KNVFXtoH2mMSHCw,the boy is mine,Ariana Grande,en,LRCLIB,success,success,data\raw\lyrics\0Lmbke3KNVFXtoH2mMSHCw.txt
0LutvoC2HqCfnaRSjrhtzo,WALKING AWAY,Justin Bieber,en,LRCLIB,success,success,data\raw\lyrics\0LutvoC2HqCfnaRSjrhtzo.txt
0M4O6UEu4F9SxImTsBuX9n,DUET,ZICO,ko,LRCLIB,success,success,data\raw\lyrics\0M4O6UEu4F9SxImTsBuX9n.txt
0M7mWKqwTIaVjYyxfZmtTa,"Courtesy Of The Red, White And Blue (The Angry American)",Toby Keith,en,LRCLIB,success,success,data\raw\lyrics\0M7mWKqwTIaVjYyxfZmtTa.txt
0MHStU0muAIEMbwdnebYu2,Takedown,HUNTR/X,en,LRCLIB,success,success,data\raw\lyrics\0MHStU0muAIEMbwdnebYu2.txt
0MJ5wKsPEeihONNfugHGy7,Tip Toe,HYBS,en,LRCLIB,success,success,data\raw\lyrics\0MJ5wKsPEeihONNfugHGy7.txt
0MMyJUC3WNnFS1lit5pTjk,"jealousy, jealousy",Olivia Rodrigo,en,LRCLIB,success,success,data\raw\lyrics\0MMyJUC3WNnFS1lit5pTjk.txt
0N0h5lXc4HOiLgGb9EZi8m,Rocking A Cardigan in Atlanta,lil Shordie Scott,en,LRCLIB,success,success,data\raw\lyrics\0N0h5lXc4HOiLgGb9EZi8m.txt
0N8Xztr4pBHJ7V0moJWhbO,愛を伝えたいだとか,Aimyon,ja,LRCLIB,success,success,data\raw\lyrics\0N8Xztr4pBHJ7V0moJWhbO.txt
0NUqi0ps17YpLUC3kgsZq0,DIE TRYING,PARTYNEXTDOOR,en,LRCLIB,success,success,data\raw\lyrics\0NUqi0ps17YpLUC3kgsZq0.txt
0NsmpxrKw7ZWGKjnWVJtm5,Big Girls Don't Cry,ENHYPEN,en,LRCLIB,success,success,data\raw\lyrics\0NsmpxrKw7ZWGKjnWVJtm5.txt
0NyrI1tMvqcK3vU5z9DMdI,She Neva Knows,JustaTee,vi,LRCLIB,success,success,data\raw\lyrics\0NyrI1tMvqcK3vU5z9DMdI.txt
0O4vuJynWVVdyvoHvZtnk3,Christmas Canon,Trans-Siberian Orchestra,en,LRCLIB,success,success,data\raw\lyrics\0O4vuJynWVVdyvoHvZtnk3.txt
0O6u0VJ46W86TxN9wgyqDj,I Like You (A Happier Song),Post Malone,en,LRCLIB,success,success,data\raw\lyrics\0O6u0VJ46W86TxN9wgyqDj.txt
0OA00aPt3BV10qeMIs3meW,Big Dawgs,Hanumankind,en,LRCLIB,success,success,data\raw\lyrics\0OA00aPt3BV10qeMIs3meW.txt
0OB5hTu7ELKeVoD6JVRo6m,Thiên Mệnh,Quân A.P,vi,LRCLIB,success,success,data\raw\lyrics\0OB5hTu7ELKeVoD6JVRo6m.txt
0OIed6UFpfT2nW4BffD7Js,pho real,Low G,en,LRCLIB,success,success,data\raw\lyrics\0OIed6UFpfT2nW4BffD7Js.txt
0OWhKvvsHptt6vnnNUSM9a,Oklahoma Smokeshow,Zach Bryan,en,LRCLIB,success,success,data\raw\lyrics\0OWhKvvsHptt6vnnNUSM9a.txt
0OpC8hRrbsh24taKOsQBEX,Real Man,beabadoobee,en,LRCLIB,success,success,data\raw\lyrics\0OpC8hRrbsh24taKOsQBEX.txt
0OrwGH9aeguhopTVubv0VZ,tonight,demxntia,en,LRCLIB,success,success,data\raw\lyrics\0OrwGH9aeguhopTVubv0VZ.txt
0PAcdVzhPO4gq1Iym9ESnK,Thinkin’ Bout Me,Morgan Wallen,en,LRCLIB,success,success,data\raw\lyrics\0PAcdVzhPO4gq1Iym9ESnK.txt
0PBTlQ84CBJF0tBnKGmQa6,FRI(END)S,V,en,LRCLIB,success,success,data\raw\lyrics\0PBTlQ84CBJF0tBnKGmQa6.txt
0Puudh380z6cOCgMaTNm7h,Future,j-hope,mixed,LRCLIB,success,success,data\raw\lyrics\0Puudh380z6cOCgMaTNm7h.txt
0PvFJmanyNQMseIFrU708S,For The Night,Pop Smoke,en,LRCLIB,success,success,data\raw\lyrics\0PvFJmanyNQMseIFrU708S.txt
0Q5VnK2DYzRyfqQRJuUtvi,LOVE DIVE,IVE,mixed,LRCLIB,success,success,data\raw\lyrics\0Q5VnK2DYzRyfqQRJuUtvi.txt
0QHEIqNKsMoOY5urbzN48u,Made You Look,Meghan Trainor,en,LRCLIB,success,success,data\raw\lyrics\0QHEIqNKsMoOY5urbzN48u.txt
0QIBqBajZLLcWfL6mpVsN3,Chuyện Chúng Ta Sau Này,Hải Đăng Doo,vi,LRCLIB,success,success,data\raw\lyrics\0QIBqBajZLLcWfL6mpVsN3.txt
0Qs29ApstkrU5T8S5Hxazw,Ngõ Chạm,BigDaddy,vi,LRCLIB,success,success,data\raw\lyrics\0Qs29ApstkrU5T8S5Hxazw.txt
0QzuaeCEEOV40Pn7IvKEny,double take,Dhruv,en,LRCLIB,success,success,data\raw\lyrics\0QzuaeCEEOV40Pn7IvKEny.txt
0RGUIOZtmOXTWOy5EjvQbP,Paris in the Rain,Lauv,en,LRCLIB,success,success,data\raw\lyrics\0RGUIOZtmOXTWOy5EjvQbP.txt
0RbW8kWozrVSIGb4V13o0o,Hurricane,Kanye West,en,LRCLIB,success,success,data\raw\lyrics\0RbW8kWozrVSIGb4V13o0o.txt
0RiRZpuVRbi7oqRdSMwhQY,Sunflower - Spider-Man: Into the Spider-Verse,Post Malone,en,LRCLIB,success,success,data\raw\lyrics\0RiRZpuVRbi7oqRdSMwhQY.txt
0S2GNnqAHC96zqB8ZIcxg4,Fxxxnds (Feat. Kim Min Seok of MeloMance),BIG Naughty,ko,LRCLIB,success,success,data\raw\lyrics\0S2GNnqAHC96zqB8ZIcxg4.txt
0SJ7vFES0Lj6pnumh3DhCe,People,Agust D,ko,LRCLIB,success,success,data\raw\lyrics\0SJ7vFES0Lj6pnumh3DhCe.txt
0SLhB9JLM4Ksz1XdwK3aQD,Hà Nội (ft. VSTRA),Obito,vi,LRCLIB,success,success,data\raw\lyrics\0SLhB9JLM4Ksz1XdwK3aQD.txt
0SLzsfxED15vyUccX4bCqo,HOP ON DA SHOW,tlinh,mixed,LRCLIB,success,success,data\raw\lyrics\0SLzsfxED15vyUccX4bCqo.txt
0SNgVYcHY0UPil9YGmwU5k,CỨ ĐỔ TẠI CƠN MƯA,"EM XINH ""SAY HI""",vi,manual,success,success,data\raw\lyrics\0SNgVYcHY0UPil9YGmwU5k.txt
0SmQ0UWeiHKQtxUej4Rem6,Tháng Năm,SOOBIN,vi,LRCLIB,success,success,data\raw\lyrics\0SmQ0UWeiHKQtxUej4Rem6.txt
0Sx4EKzhdNxFzquGRANPD3,Không Bằng - Rin Music Remix,Na,vi,LRCLIB,success,success,data\raw\lyrics\0Sx4EKzhdNxFzquGRANPD3.txt
0T1tCsZ2qPRf6fwphjlNPM,Sober,Hudson Westbrook,en,LRCLIB,success,success,data\raw\lyrics\0T1tCsZ2qPRf6fwphjlNPM.txt
0T6J3Ipbe06lm7p3grH2bg,Melt Down,DAY6,en,LRCLIB,success,success,data\raw\lyrics\0T6J3Ipbe06lm7p3grH2bg.txt
0TFTAtCYhp2tQ9KcJIZb55,undressed,sombr,en,LRCLIB,success,success,data\raw\lyrics\0TFTAtCYhp2tQ9KcJIZb55.txt
0USn5f2VZGbHjHkbjcijzU,Pop Off Pop Off,KiiiKiii,ko,LRCLIB,success,success,data\raw\lyrics\0USn5f2VZGbHjHkbjcijzU.txt
0UaaFmF3xUwMjnuAHBq7qL,Love You With All My Heart,Crush,en,LRCLIB,success,success,data\raw\lyrics\0UaaFmF3xUwMjnuAHBq7qL.txt
0UnOf7i44YK0ULpkEGHe4R,Dear my X,KyoungSeo,unknown,LRCLIB,success,success,data\raw\lyrics\0UnOf7i44YK0ULpkEGHe4R.txt
0UvCh63URrLFcPkKt99hHd,Don't Look Back in Anger - Remastered,Oasis,en,LRCLIB,success,success,data\raw\lyrics\0UvCh63URrLFcPkKt99hHd.txt
0V0dOlfZ3tuZwHnL2eZ9Al,Ngày Xuân Long Phụng Sum Vầy,Bích Phương,vi,LRCLIB,success,success,data\raw\lyrics\0V0dOlfZ3tuZwHnL2eZ9Al.txt
0V3wPSX9ygBnCm8psDIegu,Anti-Hero,Taylor Swift,en,LRCLIB,success,success,data\raw\lyrics\0V3wPSX9ygBnCm8psDIegu.txt
0VGeaj4sDq9UnwzSxiVgkZ,STAY on FIRE,Sik-K,en,LRCLIB,success,success,data\raw\lyrics\0VGeaj4sDq9UnwzSxiVgkZ.txt
0VdikQbDdOqxdWQyYsLmne,butterflies,JVKE,en,LRCLIB,success,success,data\raw\lyrics\0VdikQbDdOqxdWQyYsLmne.txt
0VdwOoAKPe9aGahkpllfkH,A Letter,BUMJIN,unknown,LRCLIB,success,success,data\raw\lyrics\0VdwOoAKPe9aGahkpllfkH.txt
0Vz146N2GxkVJw4kSGXrNi,You & Me (Coachella ver.),JENNIE,en,LRCLIB,success,success,data\raw\lyrics\0Vz146N2GxkVJw4kSGXrNi.txt
0W0iAC1VGlB82PI6elxFYf,Guilty as Sin?,Taylor Swift,en,LRCLIB,success,success,data\raw\lyrics\0W0iAC1VGlB82PI6elxFYf.txt
0W6I02J9xcqK8MtSeosEXb,Get Into It (Yuh),Doja Cat,en,LRCLIB,success,success,data\raw\lyrics\0W6I02J9xcqK8MtSeosEXb.txt
0WA27lZzPKFJKAbiDRmQDc,RUDE!,Hearts2Hearts,en,LRCLIB,success,success,data\raw\lyrics\0WA27lZzPKFJKAbiDRmQDc.txt
0WSa1sucoNRcEeULlZVQXj,Can You Feel My Heart,Bring Me The Horizon,en,LRCLIB,success,success,data\raw\lyrics\0WSa1sucoNRcEeULlZVQXj.txt
0WoVfPjxsf9MTvPt9ptqeE,SLUT ME OUT,NLE Choppa,en,LRCLIB,success,success,data\raw\lyrics\0WoVfPjxsf9MTvPt9ptqeE.txt
0WtM2NBVQNNJLh6scP13H8,Calm Down,Rema,en,LRCLIB,success,success,data\raw\lyrics\0WtM2NBVQNNJLh6scP13H8.txt
0X28PqBpbQhWdi4usYw0w5,Tò Te Tí,Wren Evans,vi,LRCLIB,success,success,data\raw\lyrics\0X28PqBpbQhWdi4usYw0w5.txt
0X5tCYwiVldeDynbhBshTl,Hẹn Kiếp Tương Phùng,K-ICM,vi,manual,success,success,data\raw\lyrics\0X5tCYwiVldeDynbhBshTl.txt
0XqgE9UN4MCo5ooIwUYm7l,MONTAGEM HIKARI,BellyJay,ja,LRCLIB,success,success,data\raw\lyrics\0XqgE9UN4MCo5ooIwUYm7l.txt
0Y9C5yhzY7Pa1AqjUFrizq,I don’t know a single thing (Feat. meenoi),Leellamarz,ko,LRCLIB,success,success,data\raw\lyrics\0Y9C5yhzY7Pa1AqjUFrizq.txt
0Ymjv0OJeIIPXr6s9wi3iW,MATHEMATICAL DISRESPECT,Lil Mabu,en,LRCLIB,success,success,data\raw\lyrics\0Ymjv0OJeIIPXr6s9wi3iW.txt
0YsIYFRoxkmEvbKCwTp0Tg,20 Cigarettes,Morgan Wallen,en,LRCLIB,success,success,data\raw\lyrics\0YsIYFRoxkmEvbKCwTp0Tg.txt
0a32EBPjqAe47cYDPE5Ia5,Em,Binz,vi,LRCLIB,success,success,data\raw\lyrics\0a32EBPjqAe47cYDPE5Ia5.txt
0a4MMyCrzT0En247IhqZbD,Hype Boy,NewJeans,en,LRCLIB,success,success,data\raw\lyrics\0a4MMyCrzT0En247IhqZbD.txt
0aB0v4027ukVziUGwVGYpG,tv off,Kendrick Lamar,en,LRCLIB,success,success,data\raw\lyrics\0aB0v4027ukVziUGwVGYpG.txt
0aZG8KWrpRnsGL0loUkfSj,plot twist,TWS,ko,LRCLIB,success,success,data\raw\lyrics\0aZG8KWrpRnsGL0loUkfSj.txt
0b61A7v9agI08BG21jJPQ9,they don’t know ’bout us,BTS,en,LRCLIB,success,success,data\raw\lyrics\0b61A7v9agI08BG21jJPQ9.txt
0bTmdKwQ8xb0Xbvizt2GMy,Một Khi Đã Yêu,K-ICM,vi,manual,success,success,data\raw\lyrics\0bTmdKwQ8xb0Xbvizt2GMy.txt
0bYVPJvXr8ACmw313cVvhB,Tally,BLACKPINK,en,LRCLIB,success,success,data\raw\lyrics\0bYVPJvXr8ACmw313cVvhB.txt
0bYg9bo50gSsH3LtXe2SQn,All I Want for Christmas Is You,Mariah Carey,en,LRCLIB,success,success,data\raw\lyrics\0bYg9bo50gSsH3LtXe2SQn.txt
0bkV1iQHSxBaksUqgEkcbc,SKITZO,Travis Scott,en,LRCLIB,success,success,data\raw\lyrics\0bkV1iQHSxBaksUqgEkcbc.txt
0cGpKQ8RxxLOFqhktEURIj,wherever u r,UMI,en,LRCLIB,success,success,data\raw\lyrics\0cGpKQ8RxxLOFqhktEURIj.txt
0caJ2wkqp4UmXBwdR2JvB5,Dial Drunk,Noah Kahan,en,LRCLIB,success,success,data\raw\lyrics\0caJ2wkqp4UmXBwdR2JvB5.txt
0cbgFMxCXMzs80R2vxwApT,Dear my crazy soulmate,IU,en,LRCLIB,success,success,data\raw\lyrics\0cbgFMxCXMzs80R2vxwApT.txt
0cu0rhnlCnJ7JIeHRiLpj3,Ball If I Want To,DaBaby,en,LRCLIB,success,success,data\raw\lyrics\0cu0rhnlCnJ7JIeHRiLpj3.txt
0d6dbFvKczX1Us3J7TsMMv,Lỡ Say Bye Là Bye,Changg,vi,LRCLIB,success,success,data\raw\lyrics\0d6dbFvKczX1Us3J7TsMMv.txt
0dBKcPEAsdxWJsqNDNHcPz,Dân Chơi Sao Phải Khóc,Andree Right Hand,vi,LRCLIB,success,success,data\raw\lyrics\0dBKcPEAsdxWJsqNDNHcPz.txt
0dOg1ySSI7NkpAe89Zo0b9,Born in the U.S.A.,Bruce Springsteen,en,LRCLIB,success,success,data\raw\lyrics\0dOg1ySSI7NkpAe89Zo0b9.txt
0dcnrLo8s1rhjm8euGjI4n,DARARI,TREASURE,ko,LRCLIB,success,success,data\raw\lyrics\0dcnrLo8s1rhjm8euGjI4n.txt
0djkJ3iAARXRCbfbwwVc3o,Love wins all,IU,ko,LRCLIB,success,success,data\raw\lyrics\0djkJ3iAARXRCbfbwwVc3o.txt
0dt0DccOIWLtzX45F6uZ1I,MAMA (Feat. UNEDUCATED KID) (Prod. by Lil Moshpit),Lil Moshpit,mixed,LRCLIB,success,success,data\raw\lyrics\0dt0DccOIWLtzX45F6uZ1I.txt
0e6fZkLArSmDIHnZcIua7t,Không Yêu Em Thì Yêu Ai?,Vũ.,vi,LRCLIB,success,success,data\raw\lyrics\0e6fZkLArSmDIHnZcIua7t.txt
0e8nrvls4Qqv5Rfa2UhqmO,THATS WHAT I WANT,Lil Nas X,en,LRCLIB,success,success,data\raw\lyrics\0e8nrvls4Qqv5Rfa2UhqmO.txt
0eAuGrXyGFYwur9ARUe7LJ,Earrings,Malcolm Todd,en,LRCLIB,success,success,data\raw\lyrics\0eAuGrXyGFYwur9ARUe7LJ.txt
0eFMbKCRw8KByXyWBw8WO7,Still With You,Jung Kook,cy,LRCLIB,success,success,data\raw\lyrics\0eFMbKCRw8KByXyWBw8WO7.txt
0eu4C55hL6x29mmeAjytzC,Life Goes On,Oliver Tree,en,LRCLIB,success,success,data\raw\lyrics\0eu4C55hL6x29mmeAjytzC.txt
0f5yQttJS5nNxRAleF4kZO,Hãy Trao Cho Anh,Sơn Tùng M-TP,vi,LRCLIB,success,success,data\raw\lyrics\0f5yQttJS5nNxRAleF4kZO.txt
0fCwTrRNfoNk962ati8n2K,All Your'n,Tyler Childers,en,LRCLIB,success,success,data\raw\lyrics\0fCwTrRNfoNk962ati8n2K.txt
0fGJiHH6xSUJU1MAVjxq5m,Bạn Đời,Karik,vi,LRCLIB,success,success,data\raw\lyrics\0fGJiHH6xSUJU1MAVjxq5m.txt
0fK7ie6XwGxQTIkpFoWkd1,like JENNIE,JENNIE,en,LRCLIB,success,success,data\raw\lyrics\0fK7ie6XwGxQTIkpFoWkd1.txt
0fv2KH6hac06J86hBUTcSf,NEW MAGIC WAND,"Tyler, The Creator",en,LRCLIB,success,success,data\raw\lyrics\0fv2KH6hac06J86hBUTcSf.txt
0gEyKnHvgkrkBM6fbeHdwK,Linger,The Cranberries,en,LRCLIB,success,success,data\raw\lyrics\0gEyKnHvgkrkBM6fbeHdwK.txt
0gWrMbx6pbdH3n3nsLjE55,Mourning,Post Malone,en,LRCLIB,success,success,data\raw\lyrics\0gWrMbx6pbdH3n3nsLjE55.txt
0gzpqwLf1jhNjnSJEyweAX,Tình cờ yêu em,Kuun Đức Nam,vi,LRCLIB,success,success,data\raw\lyrics\0gzpqwLf1jhNjnSJEyweAX.txt
0h7QMc9ZRzA9QJrbEHytn2,The Astronaut,Jin,en,LRCLIB,success,success,data\raw\lyrics\0h7QMc9ZRzA9QJrbEHytn2.txt
0hB27T4dy9qBUcZabsrLOj,Dạo Gần Đây Anh Thấy Anh Không Bằng Ai Hết,HIEUTHUHAI,vi,LRCLIB,success,success,data\raw\lyrics\0hB27T4dy9qBUcZabsrLOj.txt
0hL9gOw6XBWsygEUcVjxEc,HYAENA,Travis Scott,en,LRCLIB,success,success,data\raw\lyrics\0hL9gOw6XBWsygEUcVjxEc.txt
0hQNbQKW2dDATH1ngj4TI6,WA DA DA,Kep1er,ko,LRCLIB,success,success,data\raw\lyrics\0hQNbQKW2dDATH1ngj4TI6.txt
0hUH6MXHQn9coBKHMXWpD8,OUT OF MY SIGHT,Leellamarz,en,LRCLIB,success,success,data\raw\lyrics\0hUH6MXHQn9coBKHMXWpD8.txt
0hiQvlWSSTr7n1kc1X2Lus,Bật Nhạc Lên,HIEUTHUHAI,vi,LRCLIB,success,success,data\raw\lyrics\0hiQvlWSSTr7n1kc1X2Lus.txt
0hqj5JBnFt1BHEz2UCFwrl,"How can I love the heartbreak, you're the one I love",AKMU,ko,LRCLIB,success,success,data\raw\lyrics\0hqj5JBnFt1BHEz2UCFwrl.txt
0hqngwyh8WnPuYlLYHRQqp,DrunKen Confession,Kim Min Seok (MeloMance),ko,LRCLIB,success,success,data\raw\lyrics\0hqngwyh8WnPuYlLYHRQqp.txt
0hquQWY3xvYqN4qtiquniF,Vegas (From the Original Motion Picture Soundtrack ELVIS),Doja Cat,en,LRCLIB,success,success,data\raw\lyrics\0hquQWY3xvYqN4qtiquniF.txt
0hvN2v6fAcB6xWyW7UaooA,(There's No Place Like) Home for the Holidays - 1959 Version,Perry Como,en,LRCLIB,success,success,data\raw\lyrics\0hvN2v6fAcB6xWyW7UaooA.txt
0hxRyDVC61KlZGS6m2Min4,3 O'Clock Things,AJR,en,LRCLIB,success,success,data\raw\lyrics\0hxRyDVC61KlZGS6m2Min4.txt
0hz5PNF2wejwUKCMpesQWt,Merry Christmas,Ed Sheeran,en,LRCLIB,success,success,data\raw\lyrics\0hz5PNF2wejwUKCMpesQWt.txt
0iKo4pNNjHHdKUcFARlfCa,EL CLúB,Bad Bunny,es,LRCLIB,success,success,data\raw\lyrics\0iKo4pNNjHHdKUcFARlfCa.txt
0ibp5h8QATkvC6P5cO5TUV,PHONG,VSTRA,vi,LRCLIB,success,success,data\raw\lyrics\0ibp5h8QATkvC6P5cO5TUV.txt
0jNFDcGAXPs5ahngmD5R6n,XSCAPE,Don Toliver,en,LRCLIB,success,success,data\raw\lyrics\0jNFDcGAXPs5ahngmD5R6n.txt
0je57Uq5eTk1wrPzn9sWbl,When Did You Get Hot?,Sabrina Carpenter,en,LRCLIB,success,success,data\raw\lyrics\0je57Uq5eTk1wrPzn9sWbl.txt
0k0GtcnyQLMiXrdEDbLXmJ,Please Don't Change,Jung Kook,en,LRCLIB,success,success,data\raw\lyrics\0k0GtcnyQLMiXrdEDbLXmJ.txt
0k1WUmIRnG3xU6fvvDVfRG,Way 2 Sexy,Drake,en,LRCLIB,success,success,data\raw\lyrics\0k1WUmIRnG3xU6fvvDVfRG.txt
0kdqcbwei4MDWFEX5f33yG,Bling-Bang-Bang-Born,Creepy Nuts,mixed,LRCLIB,success,success,data\raw\lyrics\0kdqcbwei4MDWFEX5f33yG.txt
0lJNSfWnwJMIh94Dv9jQUt,What Don't Belong To Me,Post Malone,en,LRCLIB,success,success,data\raw\lyrics\0lJNSfWnwJMIh94Dv9jQUt.txt
0lizgQ7Qw35od7CYaoMBZb,Santa Tell Me,Ariana Grande,en,LRCLIB,success,success,data\raw\lyrics\0lizgQ7Qw35od7CYaoMBZb.txt
0lodMO0qK83vfPiiD7FMEt,TOPIA TWINS,Travis Scott,en,LRCLIB,success,success,data\raw\lyrics\0lodMO0qK83vfPiiD7FMEt.txt
0n2moJpAEWHwaPYYjkzMDl,Blue & Grey,BTS,af,LRCLIB,success,success,data\raw\lyrics\0n2moJpAEWHwaPYYjkzMDl.txt
0nj9Bq5sHDiTxSHunhgkFb,squabble up,Kendrick Lamar,en,LRCLIB,success,success,data\raw\lyrics\0nj9Bq5sHDiTxSHunhgkFb.txt
0nqhKXDjsyBMvbeWmgijD0,Wockesha,Moneybagg Yo,en,LRCLIB,success,success,data\raw\lyrics\0nqhKXDjsyBMvbeWmgijD0.txt
0o3ua5ufFK7nfRzbDUNoGA,don't wanna break up again,Ariana Grande,en,LRCLIB,success,success,data\raw\lyrics\0o3ua5ufFK7nfRzbDUNoGA.txt
0o9zmvc5f3EFApU52PPIyW,Shinunoga E-Wa,Fujii Kaze,so,LRCLIB,success,success,data\raw\lyrics\0o9zmvc5f3EFApU52PPIyW.txt
0oL2jCTf9P9a7flY5mCpYu,Trở Về,Wxrdie,vi,LRCLIB,success,success,data\raw\lyrics\0oL2jCTf9P9a7flY5mCpYu.txt
0oO1AbL92F6329z13C2qQH,Talk,Yeat,en,LRCLIB,success,success,data\raw\lyrics\0oO1AbL92F6329z13C2qQH.txt
0oSNOJEcBIKNcQzRc5TfyR,Blood Sweat & Tears,BTS,ro,LRCLIB,success,success,data\raw\lyrics\0oSNOJEcBIKNcQzRc5TfyR.txt
0oSc7X1uRQGuEqNRtXEeQL,Dù Cho Tận Thế,ERIK,vi,LRCLIB,success,success,data\raw\lyrics\0oSc7X1uRQGuEqNRtXEeQL.txt
0oaY19dUwZimIgzn3ZZLZO,2 Much,Justin Bieber,en,LRCLIB,success,success,data\raw\lyrics\0oaY19dUwZimIgzn3ZZLZO.txt
0ono6UCNVZ1XqOm6j78Blu,Filter,BTS,ko,LRCLIB,success,success,data\raw\lyrics\0ono6UCNVZ1XqOm6j78Blu.txt
0p5xMhVvw441Z10hNWsk5Q,BURNING UP,MEOVV,en,LRCLIB,success,success,data\raw\lyrics\0p5xMhVvw441Z10hNWsk5Q.txt
0pQ67Kp2kED4ISy1ieGPEq,Ghé Qua,TaynguyenSound,vi,LRCLIB,success,success,data\raw\lyrics\0pQ67Kp2kED4ISy1ieGPEq.txt
0paWX66K9n7sYR9AkKkyzB,Standing Next to You - Sped Up - Remix,Beat Record,en,LRCLIB,success,success,data\raw\lyrics\0paWX66K9n7sYR9AkKkyzB.txt
0pavLg3wbL6PVXAgXoWv4S,Một Nửa Sự Thật,24k.Right,vi,LRCLIB,success,success,data\raw\lyrics\0pavLg3wbL6PVXAgXoWv4S.txt
0pvZCv4JOS5WBu7JITYef6,I Hope You Find Your Way Home,"Tyler, The Creator",en,LRCLIB,success,success,data\raw\lyrics\0pvZCv4JOS5WBu7JITYef6.txt
0qRR9d89hIS0MHRkQ0ejxX,Rich Girl,Daryl Hall & John Oates,en,LRCLIB,success,success,data\raw\lyrics\0qRR9d89hIS0MHRkQ0ejxX.txt
0qkYuCno3SoU8vxkCdx0iJ,THUNDER,SEVENTEEN,ko,LRCLIB,success,success,data\raw\lyrics\0qkYuCno3SoU8vxkCdx0iJ.txt
0rHToGels2lt8Y0mCYoF90,Deck The Hall,Nat King Cole,mixed,LRCLIB,success,success,data\raw\lyrics\0rHToGels2lt8Y0mCYoF90.txt
0rKWJnmo6Q0ovoPOLoLm0t,TOO MUCH,The Kid LAROI,en,LRCLIB,success,success,data\raw\lyrics\0rKWJnmo6Q0ovoPOLoLm0t.txt
0rKtyWc8bvkriBthvHKY8d,SLOW DANCING IN THE DARK,Joji,en,LRCLIB,success,success,data\raw\lyrics\0rKtyWc8bvkriBthvHKY8d.txt
0rNLaGUleZ91DXMxmZNq5v,Fireworks (I'm The One),ATEEZ,ko,manual,success,success,data\raw\lyrics\0rNLaGUleZ91DXMxmZNq5v.txt
0rNgWFQJtfttOYIHfDOHCg,BACKD00R,Playboi Carti,en,LRCLIB,success,success,data\raw\lyrics\0rNgWFQJtfttOYIHfDOHCg.txt
0rhI6gvOeCKA502RdJAbfs,Sugar Rush Ride,TOMORROW X TOGETHER,ko,LRCLIB,success,success,data\raw\lyrics\0rhI6gvOeCKA502RdJAbfs.txt
0s7RyyUlQfd8mnnboHe18n,Hẹn Gặp Em Dưới Ánh Trăng,MANBO,vi,LRCLIB,success,success,data\raw\lyrics\0s7RyyUlQfd8mnnboHe18n.txt
0sSRLXxknVTQDStgU1NqpY,Hours In Silence,Drake,en,LRCLIB,success,success,data\raw\lyrics\0sSRLXxknVTQDStgU1NqpY.txt
0sTlGEld0h8kIPZaKDYUf4,Notion,The Rare Occasions,en,LRCLIB,success,success,data\raw\lyrics\0sTlGEld0h8kIPZaKDYUf4.txt
0stJVUUSrbEwyFHOp2dRu0,Open Hearts,The Weeknd,en,LRCLIB,success,success,data\raw\lyrics\0stJVUUSrbEwyFHOp2dRu0.txt
0syVTyo71ordJjSd8cuElB,private island,Gunna,en,LRCLIB,success,success,data\raw\lyrics\0syVTyo71ordJjSd8cuElB.txt
0t8g66pWghsU8MphjUQIdg,Cảm Ơn Người Đã Thức Cùng Tôi - Original Soundtrack,Phùng Khánh Linh,vi,LRCLIB,success,success,data\raw\lyrics\0t8g66pWghsU8MphjUQIdg.txt
0tGmDUHDoT8pxYhgAT3yNG,bé ơi từ từ,Wren Evans,vi,LRCLIB,success,success,data\raw\lyrics\0tGmDUHDoT8pxYhgAT3yNG.txt
0tfMfqHC3Pl6DG8kcIjXq9,Make Me Feel,Binz,vi,LRCLIB,success,success,data\raw\lyrics\0tfMfqHC3Pl6DG8kcIjXq9.txt
0tgBtQ0ISnMQOKorrN9HLX,Last Train Home,John Mayer,en,LRCLIB,success,success,data\raw\lyrics\0tgBtQ0ISnMQOKorrN9HLX.txt
0u7b8p0mxUUNT7xeuYUtlP,Tiny Riot,Sam Ryder,en,LRCLIB,success,success,data\raw\lyrics\0u7b8p0mxUUNT7xeuYUtlP.txt
0u8rZGtXJrLtiSe34FPjGG,Like Crazy (English Version),Jimin,en,LRCLIB,success,success,data\raw\lyrics\0u8rZGtXJrLtiSe34FPjGG.txt
0uRrG2jRR5tuifsYIJHEao,Sand In My Boots,Morgan Wallen,en,LRCLIB,success,success,data\raw\lyrics\0uRrG2jRR5tuifsYIJHEao.txt
0v36cov6Z6aEV5ZgIlqZMk,Rockstar In His Prime,Juice WRLD,en,LRCLIB,success,success,data\raw\lyrics\0v36cov6Z6aEV5ZgIlqZMk.txt
0vaxYDAuAO1nPolC6bQp7V,Midas Touch,KISS OF LIFE,mixed,LRCLIB,success,success,data\raw\lyrics\0vaxYDAuAO1nPolC6bQp7V.txt
0vjeOZ3Ft5jvAi9SBFJm1j,Superhero (Heroes & Villains) [with Future & Chris Brown],Metro Boomin,en,LRCLIB,success,success,data\raw\lyrics\0vjeOZ3Ft5jvAi9SBFJm1j.txt
0vkExWiBJSrfWnlMC7x48b,Không Yêu Xin Đừng Nói - Piano Version,UMIE,vi,LRCLIB,success,success,data\raw\lyrics\0vkExWiBJSrfWnlMC7x48b.txt
0wXThIDxO3YRJCpPgnmbkw,Where It Ends,Bailey Zimmerman,en,LRCLIB,success,success,data\raw\lyrics\0wXThIDxO3YRJCpPgnmbkw.txt
0wZq5TnD0ooJ3q4GVDTLjd,Xuân Hy Vọng,K-ICM,vi,manual,success,success,data\raw\lyrics\0wZq5TnD0ooJ3q4GVDTLjd.txt
0warEAGkdMG9x2grXqKhlY,The End of the Day,RIIZE,mixed,LRCLIB,success,success,data\raw\lyrics\0warEAGkdMG9x2grXqKhlY.txt
0wavGRldH0AWyu2zvTz8zb,Sweet Nothing,Taylor Swift,en,LRCLIB,success,success,data\raw\lyrics\0wavGRldH0AWyu2zvTz8zb.txt
0wgOhYnqZKjOHr6bmdz0aN,gloria,Kendrick Lamar,en,LRCLIB,success,success,data\raw\lyrics\0wgOhYnqZKjOHr6bmdz0aN.txt
0wrppxeWurW1uRnxI6Ut9v,HANDS UP,MEOVV,en,LRCLIB,success,success,data\raw\lyrics\0wrppxeWurW1uRnxI6Ut9v.txt
0wshkEEcJUQU33RSRBb5dv,BackOutsideBoyz,Drake,en,LRCLIB,success,success,data\raw\lyrics\0wshkEEcJUQU33RSRBb5dv.txt
0x4cMbCLC6L7aJQs3EiPaZ,Look Here,BTS,en,LRCLIB,success,success,data\raw\lyrics\0x4cMbCLC6L7aJQs3EiPaZ.txt
0x5BqH8iC2Y2lTMxAkNAna,Từ Chối Hiểu,RAP VIỆT,vi,manual,success,success,data\raw\lyrics\0x5BqH8iC2Y2lTMxAkNAna.txt
0xxZY5C9xxij3D1HkzbnfC,Monster Mash,"Bobby ""Boris"" Pickett & The Crypt-Kickers",en,LRCLIB,success,success,data\raw\lyrics\0xxZY5C9xxij3D1HkzbnfC.txt
0xzI1KAr0Yd9tv8jlIk3sn,Bad Decisions,benny blanco,en,LRCLIB,success,success,data\raw\lyrics\0xzI1KAr0Yd9tv8jlIk3sn.txt
0y60itmpH0aPKsFiGxmtnh,Wait a Minute!,WILLOW,en,LRCLIB,success,success,data\raw\lyrics\0y60itmpH0aPKsFiGxmtnh.txt
0yamqkAFAmpdLNVcmJLSo8,Never Ending Story,BOOHWAL,ko,LRCLIB,success,success,data\raw\lyrics\0yamqkAFAmpdLNVcmJLSo8.txt
0z3ZZ2JKusRpapstADTxVf,Dive Into You,NCT DREAM,mixed,LRCLIB,success,success,data\raw\lyrics\0z3ZZ2JKusRpapstADTxVf.txt
0zo975x58DlXbZllWvfYhg,When Emma Falls in Love (Taylor’s Version) (From The Vault),Taylor Swift,en,LRCLIB,success,success,data\raw\lyrics\0zo975x58DlXbZllWvfYhg.txt
102YUQbYmwdBXS7jwamI90,Good Graces,Sabrina Carpenter,en,LRCLIB,success,success,data\raw\lyrics\102YUQbYmwdBXS7jwamI90.txt
1058fW9H3fZA6QjYCdOBad,Don't Go Yet,Camila Cabello,en,LRCLIB,success,success,data\raw\lyrics\1058fW9H3fZA6QjYCdOBad.txt
10I5rhhFoWZDIN3kEc6Dbo,Who (Acoustic Remix),Jimin,en,LRCLIB,success,success,data\raw\lyrics\10I5rhhFoWZDIN3kEc6Dbo.txt
10IfXtjKQmOiON7tNAHv0y,Yours,Jin,en,LRCLIB,success,success,data\raw\lyrics\10IfXtjKQmOiON7tNAHv0y.txt
10SRMwb9EuVS1K9rYsBfHQ,Yet To Come,BTS,mixed,LRCLIB,success,success,data\raw\lyrics\10SRMwb9EuVS1K9rYsBfHQ.txt
10qiH1RJkexhTUuN562FsP,Braindead,Sion,en,LRCLIB,success,success,data\raw\lyrics\10qiH1RJkexhTUuN562FsP.txt
10zywlg5b0gQOC3q1A7ADx,earthquake,JISOO,en,LRCLIB,success,success,data\raw\lyrics\10zywlg5b0gQOC3q1A7ADx.txt
11OxuU5y7ebAJyKaY8dOl0,Lý Do Nào Để Quay Lại Với Nhau,PAR SG,vi,LRCLIB,success,success,data\raw\lyrics\11OxuU5y7ebAJyKaY8dOl0.txt
11T61UpoNbbcewOMl1kcWN,Dạo Bước HongKong 1999,NHONHO,vi,LRCLIB,success,success,data\raw\lyrics\11T61UpoNbbcewOMl1kcWN.txt
11bJ1ws3dathgY9uzADUhL,In The Night,Childish Gambino,en,LRCLIB,success,success,data\raw\lyrics\11bJ1ws3dathgY9uzADUhL.txt
11gZL0HigsqfzjTHOpdFjE,MENTE MÁ,Nakama,pt,LRCLIB,success,success,data\raw\lyrics\11gZL0HigsqfzjTHOpdFjE.txt
11s5p72subU7SHJPzyR2Lq,Memories,RIIZE,mixed,LRCLIB,success,success,data\raw\lyrics\11s5p72subU7SHJPzyR2Lq.txt
11sirgYaEutV40tkvgpHN6,NEURON,j-hope,en,LRCLIB,success,success,data\raw\lyrics\11sirgYaEutV40tkvgpHN6.txt
12cZWGf5ZgLcKubEW9mx5q,HOPE,NF,en,LRCLIB,success,success,data\raw\lyrics\12cZWGf5ZgLcKubEW9mx5q.txt
12nBPF4Rh4XLFJV0YLN7uj,Innocent (Taylor's Version),Taylor Swift,en,LRCLIB,success,success,data\raw\lyrics\12nBPF4Rh4XLFJV0YLN7uj.txt
12usPU2WnqgCHAW1EK2dfd,青のすみか,Tatsuya Kitani,ja,LRCLIB,success,success,data\raw\lyrics\12usPU2WnqgCHAW1EK2dfd.txt
13HD3tYTiz8oSRxWzXEq7g,Be Her,Ella Langley,en,LRCLIB,success,success,data\raw\lyrics\13HD3tYTiz8oSRxWzXEq7g.txt
13sAZcJP2b6D6Qjck3Ixc3,니가 왜 거기서 나와 (Narr. 고은아),YOUNGTAK,unknown,LRCLIB,success,success,data\raw\lyrics\13sAZcJP2b6D6Qjck3Ixc3.txt
149BxWeweaCqmsyedkNiiE,Wrecked,Imagine Dragons,en,LRCLIB,success,success,data\raw\lyrics\149BxWeweaCqmsyedkNiiE.txt
15HNdxGKNCIO9pgaY4n7FU,Pretender,OFFICIAL HIGE DANDISM,ja,LRCLIB,success,success,data\raw\lyrics\15HNdxGKNCIO9pgaY4n7FU.txt
15yC0BCinDyknKpjk0VLku,Tết Nhà Mình,Hoà Minzy,vi,manual,success,success,data\raw\lyrics\15yC0BCinDyknKpjk0VLku.txt
161DnLWsx1i3u1JT05lzqU,Talking to the Moon,Bruno Mars,en,LRCLIB,success,success,data\raw\lyrics\161DnLWsx1i3u1JT05lzqU.txt
1797zYiX4cKosMH836X9Gt,La Corriente,Bad Bunny,es,LRCLIB,success,success,data\raw\lyrics\1797zYiX4cKosMH836X9Gt.txt
17cia5k4BpGVlyEfqrFH50,Can’t Catch Me Now - from The Hunger Games: The Ballad of Songbirds & Snakes,Olivia Rodrigo,en,LRCLIB,success,success,data\raw\lyrics\17cia5k4BpGVlyEfqrFH50.txt
186NCtNk1tUYS7c2DxgJ7O,Christmas Tree,V,en,LRCLIB,success,success,data\raw\lyrics\186NCtNk1tUYS7c2DxgJ7O.txt
18AMT576rBlQFMzUTS7WBa,THIS IS FOR,TWICE,en,LRCLIB,success,success,data\raw\lyrics\18AMT576rBlQFMzUTS7WBa.txt
18uwL0vNUanqZH0ro2QcOP,comethru,Jeremy Zucker,en,LRCLIB,success,success,data\raw\lyrics\18uwL0vNUanqZH0ro2QcOP.txt
18vXApRmJSgQ6wG2ll9AOg,RAPSTAR,Polo G,en,LRCLIB,success,success,data\raw\lyrics\18vXApRmJSgQ6wG2ll9AOg.txt
19D8LNpWwIPpi6hs9BG7dq,Bubble Gum,NewJeans,ko,LRCLIB,success,success,data\raw\lyrics\19D8LNpWwIPpi6hs9BG7dq.txt
19Fg3WrTfo35Ji3PtfZE6J,Auntie Diaries,Kendrick Lamar,en,LRCLIB,success,success,data\raw\lyrics\19Fg3WrTfo35Ji3PtfZE6J.txt
19Hg1UCZaCdpHB37L7x63X,EVERYTHING,The Black Skirts,en,LRCLIB,success,success,data\raw\lyrics\19Hg1UCZaCdpHB37L7x63X.txt
19XpFsce28aByvCC4g89tJ,Too Sweet,Hozier,en,LRCLIB,success,success,data\raw\lyrics\19XpFsce28aByvCC4g89tJ.txt
19n8izXThARSuQAXrOKNbO,Avalon,$uicideboy$,en,LRCLIB,success,success,data\raw\lyrics\19n8izXThARSuQAXrOKNbO.txt
1ACA277B6f46DYCgZW8di3,if u think i'm pretty,Artemas,en,LRCLIB,success,success,data\raw\lyrics\1ACA277B6f46DYCgZW8di3.txt
1ApIGNgp1azc0qB61x4GzG,Không Buông,Hngle,vi,LRCLIB,success,success,data\raw\lyrics\1ApIGNgp1azc0qB61x4GzG.txt
1AtFSBJibfaqfiOByQCwZ5,Small girl,Lee Young Ji,en,LRCLIB,success,success,data\raw\lyrics\1AtFSBJibfaqfiOByQCwZ5.txt
1BAU6v0fuAV914qMUEESR1,Born With A Beer In My Hand,Morgan Wallen,en,LRCLIB,success,success,data\raw\lyrics\1BAU6v0fuAV914qMUEESR1.txt
1BDLD4c07q0bmq2VCRsXoE,I Ain't Comin' Back,Morgan Wallen,en,LRCLIB,success,success,data\raw\lyrics\1BDLD4c07q0bmq2VCRsXoE.txt
1BxfuPKGuaTgP7aM0Bbdwr,Cruel Summer,Taylor Swift,en,LRCLIB,success,success,data\raw\lyrics\1BxfuPKGuaTgP7aM0Bbdwr.txt
1BzXvBpIFWJgu0P8P6xmP4,Stick,Dreamville,en,LRCLIB,success,success,data\raw\lyrics\1BzXvBpIFWJgu0P8P6xmP4.txt
1CPZ5BxNNd0n0nF4Orb9JS,Golden,HUNTR/X,en,LRCLIB,success,success,data\raw\lyrics\1CPZ5BxNNd0n0nF4Orb9JS.txt
1CbdvkjFxRkMNu3M2Cq1Hc,DIVE,TEMPEST,ko,LRCLIB,success,success,data\raw\lyrics\1CbdvkjFxRkMNu3M2Cq1Hc.txt
1CyYcBdukmFjFibDZaDlHc,To The Moon,hooligan.,en,LRCLIB,success,success,data\raw\lyrics\1CyYcBdukmFjFibDZaDlHc.txt
1D5L58KLBbceOynTP4DQnY,It's Me,ILLIT,en,LRCLIB,success,success,data\raw\lyrics\1D5L58KLBbceOynTP4DQnY.txt
1DVYafsLmcQySKkJnY4RCs,Phép Màu,MAYDAYs,vi,LRCLIB,success,success,data\raw\lyrics\1DVYafsLmcQySKkJnY4RCs.txt
1DpC4L3JjsGRW7y6eTHaMj,Ojos Tristes,Selena Gomez,es,LRCLIB,success,success,data\raw\lyrics\1DpC4L3JjsGRW7y6eTHaMj.txt
1E14FuM0BRaHAJSJ9YxMVu,A Psalm of Life,Lim Young Woong,unknown,LRCLIB,success,success,data\raw\lyrics\1E14FuM0BRaHAJSJ9YxMVu.txt
1EHUQesfVKwbthtNcpBi9g,WITHOUT YOU,The Kid LAROI,en,LRCLIB,success,success,data\raw\lyrics\1EHUQesfVKwbthtNcpBi9g.txt
1EJIcDYXwSqipW5dFe4uJz,EVERY CHANCE I GET,DJ Khaled,en,LRCLIB,success,success,data\raw\lyrics\1EJIcDYXwSqipW5dFe4uJz.txt
1ET5lou3teBMA3a5cYeYzN,Baby Flower,tripleS,mixed,LRCLIB,success,success,data\raw\lyrics\1ET5lou3teBMA3a5cYeYzN.txt
1EmMFSLRVkOszCa4ul9z0F,3107 3,W/N,vi,LRCLIB,success,success,data\raw\lyrics\1EmMFSLRVkOszCa4ul9z0F.txt
1F6qqwgyBjcIMzen8RrOXQ,Beautiful Liar,MONSTA X,ko,LRCLIB,success,success,data\raw\lyrics\1F6qqwgyBjcIMzen8RrOXQ.txt
1FTFDCKkVNGf0UCccm23LA,Home Alone,NCT 127,ko,LRCLIB,success,success,data\raw\lyrics\1FTFDCKkVNGf0UCccm23LA.txt
1FhgmMvNlh3nJ1Ldc2eE6H,High Road,Koe Wetzel,en,LRCLIB,success,success,data\raw\lyrics\1FhgmMvNlh3nJ1Ldc2eE6H.txt
1G391cbiT3v3Cywg8T7DM1,Scar Tissue,Red Hot Chili Peppers,en,LRCLIB,success,success,data\raw\lyrics\1G391cbiT3v3Cywg8T7DM1.txt
1GFS1xMbcAWXf5W0tSuZev,"Meeting is easy, parting is hard (Feat. Leellamarz) (Prod. TOIL)",Basick,ko,LRCLIB,success,success,data\raw\lyrics\1GFS1xMbcAWXf5W0tSuZev.txt
1HDrKXya87GMQfAGPlqNS9,Muốn Nói Với Em,T Team,vi,LRCLIB,success,success,data\raw\lyrics\1HDrKXya87GMQfAGPlqNS9.txt
1HhNoOuqm1a5MXYEgAFl8o,Enemy,Imagine Dragons,en,LRCLIB,success,success,data\raw\lyrics\1HhNoOuqm1a5MXYEgAFl8o.txt
1Hohk6AufHZOrrhMXZppax,ALIEN SUPERSTAR,Beyoncé,en,LRCLIB,success,success,data\raw\lyrics\1Hohk6AufHZOrrhMXZppax.txt
1HvTxgCj0mTzQlEo0zLvFb,In My Head,Lil Tjay,en,LRCLIB,success,success,data\raw\lyrics\1HvTxgCj0mTzQlEo0zLvFb.txt
1I37Zz2g3hk9eWxaNkj031,Your Idol,Saja Boys,en,LRCLIB,success,success,data\raw\lyrics\1I37Zz2g3hk9eWxaNkj031.txt
1IHWl5LamUGEuP4ozKQSXZ,Tití Me Preguntó,Bad Bunny,es,LRCLIB,success,success,data\raw\lyrics\1IHWl5LamUGEuP4ozKQSXZ.txt
1IJxbEXfgiKuRx6oXMX87e,Ah puh,IU,ko,LRCLIB,success,success,data\raw\lyrics\1IJxbEXfgiKuRx6oXMX87e.txt
1IWEzoYndBj6ntPQ1nYiFP,LAVIEM,"TINH HÀ ""SAY HI""",vi,LRCLIB,success,success,data\raw\lyrics\1IWEzoYndBj6ntPQ1nYiFP.txt
1Iq8oo9XkmmvCQiGOfORiz,Is It Over Now? (Taylor's Version) (From The Vault),Taylor Swift,en,LRCLIB,success,success,data\raw\lyrics\1Iq8oo9XkmmvCQiGOfORiz.txt
1IthE5GNiRzFN5CVaCa445,Born Singer,BTS,ko,LRCLIB,success,success,data\raw\lyrics\1IthE5GNiRzFN5CVaCa445.txt
1IvOxLYTstsq5Z6pN3l3zm,Loving You,Lim Young Woong,unknown,LRCLIB,success,success,data\raw\lyrics\1IvOxLYTstsq5Z6pN3l3zm.txt
1Iw5iLfAwDvS6frI82gMoV,End Of Summer,Tame Impala,en,LRCLIB,success,success,data\raw\lyrics\1Iw5iLfAwDvS6frI82gMoV.txt
1J12HjUuXfJnaUdubTEzSR,Nghe Như Tình Yêu,HIEUTHUHAI,vi,LRCLIB,success,success,data\raw\lyrics\1J12HjUuXfJnaUdubTEzSR.txt
1J3SmWwlYAG68LGKr86MVH,Chúng Ta Của Hiện Tại,Sơn Tùng M-TP,vi,LRCLIB,success,success,data\raw\lyrics\1J3SmWwlYAG68LGKr86MVH.txt
1JXBNvlDEl2epKSJ9EOgKX,Not Sober,The Kid LAROI,en,LRCLIB,success,success,data\raw\lyrics\1JXBNvlDEl2epKSJ9EOgKX.txt
1K0HQ30Wc11okzlcnFA7Ub,Không Thể Say,HIEUTHUHAI,vi,LRCLIB,success,success,data\raw\lyrics\1K0HQ30Wc11okzlcnFA7Ub.txt
1KGi9sZVMeszgZOWivFpxs,No Scrubs,TLC,en,LRCLIB,success,success,data\raw\lyrics\1KGi9sZVMeszgZOWivFpxs.txt
1LJyhnPdYGRLerwJd8CmL1,Những Lời Hứa Bỏ Quên,Vũ.,vi,LRCLIB,success,success,data\raw\lyrics\1LJyhnPdYGRLerwJd8CmL1.txt
1LzNfuep1bnAUR9skqdHCK,Fade Into You,Mazzy Star,en,LRCLIB,success,success,data\raw\lyrics\1LzNfuep1bnAUR9skqdHCK.txt
1M4OcYkxAtu3ErzSgDEfoi,Up,Cardi B,en,LRCLIB,success,success,data\raw\lyrics\1M4OcYkxAtu3ErzSgDEfoi.txt
1MUZitHRpmng5NevrvNx4T,DRIP,BABYMONSTER,en,LRCLIB,success,success,data\raw\lyrics\1MUZitHRpmng5NevrvNx4T.txt
1MiJk3dXC5jzhvLFP0dUM7,Thức Giấc,Da LAB,vi,LRCLIB,success,success,data\raw\lyrics\1MiJk3dXC5jzhvLFP0dUM7.txt
1MpCaOeUWhox2Fgigbe1cL,I'M THAT GIRL,Beyoncé,en,LRCLIB,success,success,data\raw\lyrics\1MpCaOeUWhox2Fgigbe1cL.txt
1N8TTK1Uoy7UvQNUazfUt5,SPIT IN MY FACE!,ThxSoMch,en,LRCLIB,success,success,data\raw\lyrics\1N8TTK1Uoy7UvQNUazfUt5.txt
1ODFVLQszq0hCOdZtqV5wq,MR. OCTOBER,Bad Bunny,es,LRCLIB,success,success,data\raw\lyrics\1ODFVLQszq0hCOdZtqV5wq.txt
1OLAjffdDJibTrUGAwApVk,ICONIC HEART,Hearts2Hearts,en,LRCLIB,success,success,data\raw\lyrics\1OLAjffdDJibTrUGAwApVk.txt
1OO2hWJmimNmsN2glZ9kyM,Blossom Parade,PLAVE,unknown,LRCLIB,success,success,data\raw\lyrics\1OO2hWJmimNmsN2glZ9kyM.txt
1OQ3PoRZRtE7RH0NIh3p1O,Drawer,10CM,en,LRCLIB,success,success,data\raw\lyrics\1OQ3PoRZRtE7RH0NIh3p1O.txt
1OhIn0L6iofnk5bjalWfHq,Sudden Shower,ECLIPSE,cy,LRCLIB,success,success,data\raw\lyrics\1OhIn0L6iofnk5bjalWfHq.txt
1OjmlSFuzYflWjSMTCyTJv,Like It's Christmas,Jonas Brothers,en,LRCLIB,success,success,data\raw\lyrics\1OjmlSFuzYflWjSMTCyTJv.txt
1Ov37jtRQ2YNAe8HzfczkL,Wildest Dreams (Taylor's Version),Taylor Swift,en,LRCLIB,success,success,data\raw\lyrics\1Ov37jtRQ2YNAe8HzfczkL.txt
1PDP7mLiAMwhfmgIwzhOm2,Yebba’s Heartbreak,Drake,en,LRCLIB,success,success,data\raw\lyrics\1PDP7mLiAMwhfmgIwzhOm2.txt
1PSmJr2mHzDjYXrKvQPKb0,nàng thơ... trời giấu trời mang đi,AMEE,vi,LRCLIB,success,success,data\raw\lyrics\1PSmJr2mHzDjYXrKvQPKb0.txt
1PdUyYYw9sGU0yhLrpeHKt,Never Getting Laid,Sabrina Carpenter,en,LRCLIB,success,success,data\raw\lyrics\1PdUyYYw9sGU0yhLrpeHKt.txt
1Px44tw80Q4rcCl8FxDGOi,Who (Instrumental),Jimin,,,not_found,success,
1Py8c3dkLF0YczcAyBFBEM,Never Hating,Lil Baby,en,LRCLIB,success,success,data\raw\lyrics\1Py8c3dkLF0YczcAyBFBEM.txt
1Q6lzzQHM5dvtTCwcfeKDy,PARANOIA,KANGDANIEL,ko,LRCLIB,success,success,data\raw\lyrics\1Q6lzzQHM5dvtTCwcfeKDy.txt
1Qi2wh8fFgDV7tl4Sj3f2K,Have Yourself A Merry Little Christmas,Sam Smith,en,LRCLIB,success,success,data\raw\lyrics\1Qi2wh8fFgDV7tl4Sj3f2K.txt
1QoyuMHNBe7lg3YW4Qtll4,St. Chroma,"Tyler, The Creator",en,LRCLIB,success,success,data\raw\lyrics\1QoyuMHNBe7lg3YW4Qtll4.txt
1QvDl9tBq6PsMVE7Bf2ZOV,smoke & a light,Ole 60,en,LRCLIB,success,success,data\raw\lyrics\1QvDl9tBq6PsMVE7Bf2ZOV.txt
1RDvyOk4WtPCtoqciJwVn8,Dreamers [Music from the FIFA World Cup Qatar 2022 Official Soundtrack],Jung Kook,en,LRCLIB,success,success,data\raw\lyrics\1RDvyOk4WtPCtoqciJwVn8.txt
1SGvjfc85yzqKXsfKcCxn2,heart pt. 6,Kendrick Lamar,en,LRCLIB,success,success,data\raw\lyrics\1SGvjfc85yzqKXsfKcCxn2.txt
1SS0WlKhJewviwEDZ6dWj0,SPOT!,ZICO,en,LRCLIB,success,success,data\raw\lyrics\1SS0WlKhJewviwEDZ6dWj0.txt
1SV1fxF65n9NhRHp3KlBuu,Wonderful Christmastime - Edited Version / Remastered 2011,Paul McCartney,en,LRCLIB,success,success,data\raw\lyrics\1SV1fxF65n9NhRHp3KlBuu.txt
1Sjs93mMgi9bX06FFU9Mcv,Heavy Serenade,NMIXX,en,LRCLIB,success,success,data\raw\lyrics\1Sjs93mMgi9bX06FFU9Mcv.txt
1SjsVdSXpwm1kTdYEHoPIT,Sun to Me,Zach Bryan,en,LRCLIB,success,success,data\raw\lyrics\1SjsVdSXpwm1kTdYEHoPIT.txt
1TE8AAk9koG0UJco6ZAUfx,Rock and A Hard Place,Bailey Zimmerman,en,LRCLIB,success,success,data\raw\lyrics\1TE8AAk9koG0UJco6ZAUfx.txt
1TUuhV75FeOF6UObRsABo2,Don't Think Jesus,Morgan Wallen,en,LRCLIB,success,success,data\raw\lyrics\1TUuhV75FeOF6UObRsABo2.txt
1UHS8Rf6h5Ar3CDWRd3wjF,Bed Chem,Sabrina Carpenter,en,LRCLIB,success,success,data\raw\lyrics\1UHS8Rf6h5Ar3CDWRd3wjF.txt
1UHkDovEFqHzHCPyNe0BTy,Scenery,V,en,LRCLIB,success,success,data\raw\lyrics\1UHkDovEFqHzHCPyNe0BTy.txt
1ULdASrNy5rurl1TZfFaMP,Spicy,aespa,mixed,LRCLIB,success,success,data\raw\lyrics\1ULdASrNy5rurl1TZfFaMP.txt
1UhQ0VwKq2PGnLiAZOJYV1,Em,Binz,vi,LRCLIB,success,success,data\raw\lyrics\1UhQ0VwKq2PGnLiAZOJYV1.txt
1VLtjHwRWOVJiE5Py7JxoQ,Martin & Gina,Polo G,en,LRCLIB,success,success,data\raw\lyrics\1VLtjHwRWOVJiE5Py7JxoQ.txt
1VOSSXuWRcBj2rpfxNdX9v,Broken Window Serenade,Whiskey Myers,en,LRCLIB,success,success,data\raw\lyrics\1VOSSXuWRcBj2rpfxNdX9v.txt
1VyXprVXZYNGWWZf1u4JfN,Blue Lips,CORTIS,en,LRCLIB,success,success,data\raw\lyrics\1VyXprVXZYNGWWZf1u4JfN.txt
1WIZiOuNO3woKfdlSK2gNn,Transportin',Kodak Black,en,LRCLIB,success,success,data\raw\lyrics\1WIZiOuNO3woKfdlSK2gNn.txt
1WKLxJpDqkQ9x1qEDNutoX,2 Baddies,NCT 127,en,LRCLIB,success,success,data\raw\lyrics\1WKLxJpDqkQ9x1qEDNutoX.txt
1WbTOu4D2oHK9fg2qR6msd,Ngày Này Năm Ấy,Việt Anh,vi,LRCLIB,success,success,data\raw\lyrics\1WbTOu4D2oHK9fg2qR6msd.txt
1Wf14bTyb6UeKojy8ykPYm,Happy Holiday / The Holiday Season,Andy Williams,en,LRCLIB,success,success,data\raw\lyrics\1Wf14bTyb6UeKojy8ykPYm.txt
1Wwh6gmMeolwzbRzfZMY5b,Ready For Love,BLACKPINK,en,LRCLIB,success,success,data\raw\lyrics\1Wwh6gmMeolwzbRzfZMY5b.txt
1XBYiRV30ykHw5f4wm6qEn,NIGHTS LIKE THIS,The Kid LAROI,en,LRCLIB,success,success,data\raw\lyrics\1XBYiRV30ykHw5f4wm6qEn.txt
1XDSuZ5ZSExGZYC7IuiU5l,Maybe Tomorrow,DAY6,mixed,LRCLIB,success,success,data\raw\lyrics\1XDSuZ5ZSExGZYC7IuiU5l.txt
1XIIvx9S19CZVc7eow7EX7,STOP,j-hope,ko,LRCLIB,success,success,data\raw\lyrics\1XIIvx9S19CZVc7eow7EX7.txt
1XZE0InCx3SdCnLpVsPpZl,跳楼机,LBI利比,unknown,LRCLIB,success,success,data\raw\lyrics\1XZE0InCx3SdCnLpVsPpZl.txt
1XlSkQeITGEv8r6HIZfpfX,I hate you,WOODZ,mixed,LRCLIB,success,success,data\raw\lyrics\1XlSkQeITGEv8r6HIZfpfX.txt
1XpVhaI4HzWrhRWIpdfyJB,Please,BTS,mixed,LRCLIB,success,success,data\raw\lyrics\1XpVhaI4HzWrhRWIpdfyJB.txt
1Y373MqadDRtclJNdnUXVc,Paranoid - 2012 - Remaster,Black Sabbath,en,LRCLIB,success,success,data\raw\lyrics\1Y373MqadDRtclJNdnUXVc.txt
1Y3LN4zO1Edc2EluIoSPJN,Until I Found You,Stephen Sanchez,en,LRCLIB,success,success,data\raw\lyrics\1Y3LN4zO1Edc2EluIoSPJN.txt
1Y5D7m2QtyBdvwvY3gAVNQ,Little Light,DOYOUNG,ko,Genius,success,success,data\raw\lyrics\1Y5D7m2QtyBdvwvY3gAVNQ.txt
1YXot2MLAG9sttepCtBRM7,踊り子,Vaundy,ja,LRCLIB,success,success,data\raw\lyrics\1YXot2MLAG9sttepCtBRM7.txt
1YmY0HUm05BUpcHibc1bhB,Another Level,Jin,en,LRCLIB,success,success,data\raw\lyrics\1YmY0HUm05BUpcHibc1bhB.txt
1ZIKpMTRPqhwAoVXWY3tXI,Chasing After You,Ryan Hurd,en,LRCLIB,success,success,data\raw\lyrics\1ZIKpMTRPqhwAoVXWY3tXI.txt
1ZgiJ8fiSEwd07OpB9ZuRz,Cắt Đôi Nỗi Sầu,Tăng Duy Tân,vi,LRCLIB,success,success,data\raw\lyrics\1ZgiJ8fiSEwd07OpB9ZuRz.txt
1Zsy7gMUcHDhxC0bbyZmC2,GAMBLER,MONSTA X,mixed,LRCLIB,success,success,data\raw\lyrics\1Zsy7gMUcHDhxC0bbyZmC2.txt
1a73gcEg6h6Re6hHXoVltJ,FTCU,Nicki Minaj,en,LRCLIB,success,success,data\raw\lyrics\1a73gcEg6h6Re6hHXoVltJ.txt
1aKvZDoLGkNMxoRYgkckZG,Magnetic,ILLIT,ko,LRCLIB,success,success,data\raw\lyrics\1aKvZDoLGkNMxoRYgkckZG.txt
1aXV8GrmQLvgoFtBPERP7E,Jealous,Eyedress,en,LRCLIB,success,success,data\raw\lyrics\1aXV8GrmQLvgoFtBPERP7E.txt
1bDbXMyjaUIooNwFE9wn0N,Rich Flex,Drake,en,LRCLIB,success,success,data\raw\lyrics\1bDbXMyjaUIooNwFE9wn0N.txt
1c3WMOE7Q0dCFN6bjT8KWo,EVEREST,AKMU,en,LRCLIB,success,success,data\raw\lyrics\1c3WMOE7Q0dCFN6bjT8KWo.txt
1c6kkrWnpy68eYDfBdxNtF,Shopper,IU,en,LRCLIB,success,success,data\raw\lyrics\1c6kkrWnpy68eYDfBdxNtF.txt
1dS4l6xmdgEhCZTAhdOm4N,Serendipity - Full Length Edition,BTS,fr,LRCLIB,success,success,data\raw\lyrics\1dS4l6xmdgEhCZTAhdOm4N.txt
1dUmmBh2nw8XzEI3au0uFs,Chết Trong Em,Thịnh Suy,vi,LRCLIB,success,success,data\raw\lyrics\1dUmmBh2nw8XzEI3au0uFs.txt
1dfsPqH09vnzUWEOsN98Ex,28 Reasons,SEULGI,ko,LRCLIB,success,success,data\raw\lyrics\1dfsPqH09vnzUWEOsN98Ex.txt
1dm6z1fWB0cErMszU25dy2,Después de la Playa,Bad Bunny,es,LRCLIB,success,success,data\raw\lyrics\1dm6z1fWB0cErMszU25dy2.txt
1e0Wxoraz9IzFhREDqgJAe,Butter (Instrumental),BTS,en,LRCLIB,success,success,data\raw\lyrics\1e0Wxoraz9IzFhREDqgJAe.txt
1eIXYZWEfJO3Na2LCCnIJE,Love Language,SZA,en,LRCLIB,success,success,data\raw\lyrics\1eIXYZWEfJO3Na2LCCnIJE.txt
1edgaGx2x2AQeWtL2OPEMW,Never Take It,Twenty One Pilots,en,LRCLIB,success,success,data\raw\lyrics\1edgaGx2x2AQeWtL2OPEMW.txt
1fFvYVg1v3rpUSqKNCUh7b,Người Bình Thường,Vũ Cát Tường,vi,LRCLIB,success,success,data\raw\lyrics\1fFvYVg1v3rpUSqKNCUh7b.txt
1fh5Sf3fFESFOS8D82RQiI,từ thích thích thành thương thương,AMEE,vi,LRCLIB,success,success,data\raw\lyrics\1fh5Sf3fFESFOS8D82RQiI.txt
1g7pFO1WtclKCuIQiS8sNM,Crybaby,SZA,en,LRCLIB,success,success,data\raw\lyrics\1g7pFO1WtclKCuIQiS8sNM.txt
1h0rVgfuKa6V9DkVSLAc4Q,back at it,Gunna,en,LRCLIB,success,success,data\raw\lyrics\1h0rVgfuKa6V9DkVSLAc4Q.txt
1hR8BSuEqPCCZfv93zzzz9,Welcome To New York (Taylor's Version),Taylor Swift,en,LRCLIB,success,success,data\raw\lyrics\1hR8BSuEqPCCZfv93zzzz9.txt
1haJsMtoBhHfvuM7XWuT3W,El Azul,Junior H,es,LRCLIB,success,success,data\raw\lyrics\1haJsMtoBhHfvuM7XWuT3W.txt
1izPmgSW7FV6XFdEOiTvOY,Em Không Hiểu,Changg,vi,LRCLIB,success,success,data\raw\lyrics\1izPmgSW7FV6XFdEOiTvOY.txt
1j8TmNa6vaFAEAws43kP0Q,THINGS YOU DO,Justin Bieber,en,LRCLIB,success,success,data\raw\lyrics\1j8TmNa6vaFAEAws43kP0Q.txt
1jIMjbzcGCcCQn5iMu9CUc,That's Hilarious,Charlie Puth,en,LRCLIB,success,success,data\raw\lyrics\1jIMjbzcGCcCQn5iMu9CUc.txt
1jRYyE9MEg7nxUgWEtsqFp,HAPPEN,Heize,ko,LRCLIB,success,success,data\raw\lyrics\1jRYyE9MEg7nxUgWEtsqFp.txt
1jgTiNob5cVyXeJ3WgX5bL,Elizabeth Taylor,Taylor Swift,en,LRCLIB,success,success,data\raw\lyrics\1jgTiNob5cVyXeJ3WgX5bL.txt
1k0JAiH11gHL9dc5dfQjQr,NOT CUTE ANYMORE,ILLIT,mixed,LRCLIB,success,success,data\raw\lyrics\1k0JAiH11gHL9dc5dfQjQr.txt
1k68vKHNQXU5CHqcM7Yp7N,HAPPY,DAY6,mixed,LRCLIB,success,success,data\raw\lyrics\1k68vKHNQXU5CHqcM7Yp7N.txt
1kPhV0KQui1phEpjnWIqUN,Smeraldo Garden Marching Band,Jimin,ko,LRCLIB,success,success,data\raw\lyrics\1kPhV0KQui1phEpjnWIqUN.txt
1khMN4Adfi3LrZvxOq4YM5,Buồn Hay Vui,VSOUL,vi,LRCLIB,success,success,data\raw\lyrics\1khMN4Adfi3LrZvxOq4YM5.txt
1klePVubVctBqhlKJvibil,I Feel Good,BOYNEXTDOOR,ko,LRCLIB,success,success,data\raw\lyrics\1klePVubVctBqhlKJvibil.txt
1kuGVB7EU95pJObxwvfwKS,vampire,Olivia Rodrigo,en,LRCLIB,success,success,data\raw\lyrics\1kuGVB7EU95pJObxwvfwKS.txt
1lcBt7LoEikqYmhUoa2cez,number one girl,ROSÉ,en,LRCLIB,success,success,data\raw\lyrics\1lcBt7LoEikqYmhUoa2cez.txt
1lfO0bqThTLimzHsvk3LrN,OWA OWA,Lil Tecca,en,LRCLIB,success,success,data\raw\lyrics\1lfO0bqThTLimzHsvk3LrN.txt
1m2PksrrMpIev63uPxT1V0,O.O,NMIXX,en,LRCLIB,success,success,data\raw\lyrics\1m2PksrrMpIev63uPxT1V0.txt
1mFpMoeZfkIqtqW2AfQ8ba,THE GIRLS - BLACKPINK THE GAME OST,BLACKPINK,en,LRCLIB,success,success,data\raw\lyrics\1mFpMoeZfkIqtqW2AfQ8ba.txt
1mKDbug8bbfDmLe7I4CJpe,Gác Lại Âu Lo,Da LAB,vi,LRCLIB,success,success,data\raw\lyrics\1mKDbug8bbfDmLe7I4CJpe.txt
1mMLMZYXkMueg65jRRWG1l,When It Rains It Pours,Luke Combs,en,LRCLIB,success,success,data\raw\lyrics\1mMLMZYXkMueg65jRRWG1l.txt
1my8zFESgULmuj3D2tzK1R,Candy Pink Magic Hole Flip Phone,KiiiKiii,ko,LRCLIB,success,success,data\raw\lyrics\1my8zFESgULmuj3D2tzK1R.txt
1nEhhkEidrTOtc46fCvRFp,Fame,RIIZE,en,LRCLIB,success,success,data\raw\lyrics\1nEhhkEidrTOtc46fCvRFp.txt
1nX1b7kRg5a6XKAq7uQOpr,SNEAKERS,ITZY,mixed,LRCLIB,success,success,data\raw\lyrics\1nX1b7kRg5a6XKAq7uQOpr.txt
1nahzW3kfMuwReTka28tH5,Hold On,Justin Bieber,en,LRCLIB,success,success,data\raw\lyrics\1nahzW3kfMuwReTka28tH5.txt
1njlnn8ZKHI77Pe9szIONR,SHEESH,BABYMONSTER,en,LRCLIB,success,success,data\raw\lyrics\1njlnn8ZKHI77Pe9szIONR.txt
1o6cYDMHvKOfizi4d9Lqxr,id 072019,W/N,vi,LRCLIB,success,success,data\raw\lyrics\1o6cYDMHvKOfizi4d9Lqxr.txt
1oFAF1hdPOickyHgbuRjyX,Save Your Tears (Remix),The Weeknd,en,LRCLIB,success,success,data\raw\lyrics\1oFAF1hdPOickyHgbuRjyX.txt
1odExI7RdWc4BT515LTAwj,Daylight,David Kushner,en,LRCLIB,success,success,data\raw\lyrics\1odExI7RdWc4BT515LTAwj.txt
1oen3GpTcA486fTHaT7neg,FOREVER 1,Girls' Generation,en,LRCLIB,success,success,data\raw\lyrics\1oen3GpTcA486fTHaT7neg.txt
1pQHqk6qWM5xbNeobMCGBZ,Dân Chơi Xóm,RAP VIỆT,vi,LRCLIB,success,success,data\raw\lyrics\1pQHqk6qWM5xbNeobMCGBZ.txt
1pwyiEOvhXLvlpzTZcgfhe,CHÀNG KHỜ THUỶ CUNG,"ANH TRAI ""SAY HI""",vi,LRCLIB,success,success,data\raw\lyrics\1pwyiEOvhXLvlpzTZcgfhe.txt
1pzN8bCzy017iK3vWzkk6Z,WAKE UP F1LTHY,Playboi Carti,en,LRCLIB,success,success,data\raw\lyrics\1pzN8bCzy017iK3vWzkk6Z.txt
1qEmFfgcLObUfQm0j1W2CK,Late Night Talking,Harry Styles,en,LRCLIB,success,success,data\raw\lyrics\1qEmFfgcLObUfQm0j1W2CK.txt
1qRV1dKLOfH1s00b9J2LUQ,Midnight Sun,Zara Larsson,en,LRCLIB,success,success,data\raw\lyrics\1qRV1dKLOfH1s00b9J2LUQ.txt
1qbmS6ep2hbBRaEZFpn7BX,Man I Need,Olivia Dean,en,LRCLIB,success,success,data\raw\lyrics\1qbmS6ep2hbBRaEZFpn7BX.txt
1qyw5wSUkEvH8DtaCdx7Lg,Go Go Juice,Sabrina Carpenter,en,LRCLIB,success,success,data\raw\lyrics\1qyw5wSUkEvH8DtaCdx7Lg.txt
1r9gNSD1WUFscqTSA2Rcet,Hẹn Lần Sau,MAYDAYs,vi,LRCLIB,success,success,data\raw\lyrics\1r9gNSD1WUFscqTSA2Rcet.txt
1r9xUipOqoNwggBpENDsvJ,Enemy,Imagine Dragons,en,LRCLIB,success,success,data\raw\lyrics\1r9xUipOqoNwggBpENDsvJ.txt
1rIKgCH4H52lrvDcz50hS8,Lush Life,Zara Larsson,en,LRCLIB,success,success,data\raw\lyrics\1rIKgCH4H52lrvDcz50hS8.txt
1rXq0uoV4KTgRN64jXzIxo,One Thing At A Time,Morgan Wallen,en,LRCLIB,success,success,data\raw\lyrics\1rXq0uoV4KTgRN64jXzIxo.txt
1rv46mRwDqMEhOBZ7vODg3,It's Beginning to Look a Lot like Christmas,Michael Bublé,en,LRCLIB,success,success,data\raw\lyrics\1rv46mRwDqMEhOBZ7vODg3.txt
1sUdq3kWa9dJXHu3eYOUll,"Spooky, Scary Skeletons - Undead Tombstone Remix",Andrew Gold,mixed,LRCLIB,success,success,data\raw\lyrics\1sUdq3kWa9dJXHu3eYOUll.txt
1sUjTLLCJzcxC15GUBrOlg,Rich Man,aespa,en,LRCLIB,success,success,data\raw\lyrics\1sUjTLLCJzcxC15GUBrOlg.txt
1sVBT215CDmVJvfy1E2OCU,God Was Showing Off,Bruno Mars,en,LRCLIB,success,success,data\raw\lyrics\1sVBT215CDmVJvfy1E2OCU.txt
1sZBzYhrQG40zcSuKkI93c,Good Parts (when the quality is bad but I am),LE SSERAFIM,ko,LRCLIB,success,success,data\raw\lyrics\1sZBzYhrQG40zcSuKkI93c.txt
1t2qYCAjUAoGfeFeoBlK51,Black Mamba,aespa,ko,LRCLIB,success,success,data\raw\lyrics\1t2qYCAjUAoGfeFeoBlK51.txt
1t8sqIScEIP0B4bQzBuI2P,MY BAG,i-dle,mixed,LRCLIB,success,success,data\raw\lyrics\1t8sqIScEIP0B4bQzBuI2P.txt
1tkg4EHVoqnhR6iFEXb60y,What You Know Bout Love,Pop Smoke,en,LRCLIB,success,success,data\raw\lyrics\1tkg4EHVoqnhR6iFEXb60y.txt
1udwFobQ1JoOdWPQrp2b6u,Surround Sound,JID,en,LRCLIB,success,success,data\raw\lyrics\1udwFobQ1JoOdWPQrp2b6u.txt
1uiqiUzPn2EJpvHDy84PEZ,KHÔNG ĐAU NỮA RỒI,"EM XINH ""SAY HI""",vi,LRCLIB,success,success,data\raw\lyrics\1uiqiUzPn2EJpvHDy84PEZ.txt
1vcJdUJDM2NVXBsGncmLyh,Keith Whitley,Morgan Wallen,en,LRCLIB,success,success,data\raw\lyrics\1vcJdUJDM2NVXBsGncmLyh.txt
1vj47xD8v9wIhQrmQY2Dkv,Better Days,Zach Bryan,en,LRCLIB,success,success,data\raw\lyrics\1vj47xD8v9wIhQrmQY2Dkv.txt
1vvcEHQdaUTvWt0EIUYcFK,Angel Pt. 1,Kodak Black,en,LRCLIB,success,success,data\raw\lyrics\1vvcEHQdaUTvWt0EIUYcFK.txt
1w2hClDL1xH4FPZIipZ1FJ,I Guess I Loved You,Yoon Do Hyun,ko,LRCLIB,success,success,data\raw\lyrics\1w2hClDL1xH4FPZIipZ1FJ.txt
1w3eUC89GPspKpi62tPwjt,Nàng Thơ,Hoàng Dũng,vi,LRCLIB,success,success,data\raw\lyrics\1w3eUC89GPspKpi62tPwjt.txt
1wUnuiXMMvhudmzvcCtlZP,Get Up,NewJeans,en,LRCLIB,success,success,data\raw\lyrics\1wUnuiXMMvhudmzvcCtlZP.txt
1wcr8DjnN59Awev8nnKpQ4,Drunk-Dazed,ENHYPEN,ko,LRCLIB,success,success,data\raw\lyrics\1wcr8DjnN59Awev8nnKpQ4.txt
1xK59OXxi2TAAAbmZK0kBL,Romantic Homicide,d4vd,en,LRCLIB,success,success,data\raw\lyrics\1xK59OXxi2TAAAbmZK0kBL.txt
1xoadYaxtOp9gHDwgmPDuz,Sài Gòn Hôm Nay Mưa,JSOL,vi,LRCLIB,success,success,data\raw\lyrics\1xoadYaxtOp9gHDwgmPDuz.txt
1xwAWUI6Dj0WGC3KiUPN0O,Vigilante Shit,Taylor Swift,en,LRCLIB,success,success,data\raw\lyrics\1xwAWUI6Dj0WGC3KiUPN0O.txt
1yOL7ZiXGx5ULeLoktAUAg,Bubblegum Bitch,MARINA,en,LRCLIB,success,success,data\raw\lyrics\1yOL7ZiXGx5ULeLoktAUAg.txt
1ySWoGgrduSzvtJ3PUzO41,Who (Shibuyakei Remix),Jimin,en,LRCLIB,success,success,data\raw\lyrics\1ySWoGgrduSzvtJ3PUzO41.txt
1yeB8MUNeLo9Ek1UEpsyz6,Rich Baby Daddy,Drake,en,LRCLIB,success,success,data\raw\lyrics\1yeB8MUNeLo9Ek1UEpsyz6.txt
1yfKakY4rvI17lk20ekuRA,Crocodile Tearz,J. Cole,en,LRCLIB,success,success,data\raw\lyrics\1yfKakY4rvI17lk20ekuRA.txt
1z5ebC9238uGoBgzYyvGpQ,toxic till the end,ROSÉ,en,LRCLIB,success,success,data\raw\lyrics\1z5ebC9238uGoBgzYyvGpQ.txt
1zAYWqTX6qyRCKe9KuCUx0,Seven,Jung Kook,en,LRCLIB,success,success,data\raw\lyrics\1zAYWqTX6qyRCKe9KuCUx0.txt
1zJUr9Oo5zEjvJrdlg67jQ,Steady,NCT WISH,en,LRCLIB,success,success,data\raw\lyrics\1zJUr9Oo5zEjvJrdlg67jQ.txt
2009X8GyWTqyxIdzAEYW6N,The One That Got Away,Katy Perry,en,LRCLIB,success,success,data\raw\lyrics\2009X8GyWTqyxIdzAEYW6N.txt
200x8ONbPfFzByUr3fVz46,She Had Me At Heads Carolina,Cole Swindell,en,LRCLIB,success,success,data\raw\lyrics\200x8ONbPfFzByUr3fVz46.txt
20JkEhlKCrKtzORT5qDdWE,"EYE (Feat. BIG Naughty, JUSTHIS) (Prod. R.Tee)",DON MALIK,ko,LRCLIB,success,success,data\raw\lyrics\20JkEhlKCrKtzORT5qDdWE.txt
20QI1DhCFz7pN8rATkNguv,To Reach You,10CM,ko,LRCLIB,success,success,data\raw\lyrics\20QI1DhCFz7pN8rATkNguv.txt
20jbSiX29FDX4oQxBXyUEi,hate that i made you love me,Ariana Grande,en,LRCLIB,success,success,data\raw\lyrics\20jbSiX29FDX4oQxBXyUEi.txt
210JJAa9nJOgNa0YNrsT5g,GODS,League of Legends,en,LRCLIB,success,success,data\raw\lyrics\210JJAa9nJOgNa0YNrsT5g.txt
21IVPfi81m6ywNgOvqTj1i,Don’t Worry I’ll Make You Worry,Sabrina Carpenter,en,LRCLIB,success,success,data\raw\lyrics\21IVPfi81m6ywNgOvqTj1i.txt
21IYMdzTrzSe191Cy5eMap,Sailor Song,Gigi Perez,en,LRCLIB,success,success,data\raw\lyrics\21IYMdzTrzSe191Cy5eMap.txt
21LCotDEwR7R8qOnqPVzi9,Evil,Eminem,en,LRCLIB,success,success,data\raw\lyrics\21LCotDEwR7R8qOnqPVzi9.txt
21LtZQQMQYwVIxc9O9Ygq8,Cherish (My Love),ILLIT,mixed,LRCLIB,success,success,data\raw\lyrics\21LtZQQMQYwVIxc9O9Ygq8.txt
21aDVa64pWR8SYQ7wBRMkd,CHARGE DEM HOES A FEE,Playboi Carti,en,LRCLIB,success,success,data\raw\lyrics\21aDVa64pWR8SYQ7wBRMkd.txt
21ewxM3YvcdTj7cC0XwznO,Do or Die,Lim Young Woong,ko,LRCLIB,success,success,data\raw\lyrics\21ewxM3YvcdTj7cC0XwznO.txt
21jGcNKet2qwijlDFuPiPb,Circles,Post Malone,en,LRCLIB,success,success,data\raw\lyrics\21jGcNKet2qwijlDFuPiPb.txt
21x7Ld7I7X7HQtDgS8al5Z,Quyền Anh,Wren Evans,vi,LRCLIB,success,success,data\raw\lyrics\21x7Ld7I7X7HQtDgS8al5Z.txt
226ljdOTLM2clGpm4mZvAm,Love is,Dangrangto,vi,LRCLIB,success,success,data\raw\lyrics\226ljdOTLM2clGpm4mZvAm.txt
22GCbN9OyrCa1tC1jZnX8O,Gội Đầu,Thắng,vi,LRCLIB,success,success,data\raw\lyrics\22GCbN9OyrCa1tC1jZnX8O.txt
22NHkFYbgxB2Zirj29Gbp8,oh yeah?,Steve Lacy,en,LRCLIB,success,success,data\raw\lyrics\22NHkFYbgxB2Zirj29Gbp8.txt
22VHOlVYBqytsrAqV8yXBK,Dial Drunk,Noah Kahan,en,LRCLIB,success,success,data\raw\lyrics\22VHOlVYBqytsrAqV8yXBK.txt
22mPEYsHFBwVwjmkwx2cHT,Until The Plug Comes Back Around,Juice WRLD,en,LRCLIB,success,success,data\raw\lyrics\22mPEYsHFBwVwjmkwx2cHT.txt
22ryCgQttpV7oCrn7llGRu,Magic Shop,BTS,en,LRCLIB,success,success,data\raw\lyrics\22ryCgQttpV7oCrn7llGRu.txt
249gnXrbfmV8NG6jTEMSwD,Life Goes On,BTS,mixed,LRCLIB,success,success,data\raw\lyrics\249gnXrbfmV8NG6jTEMSwD.txt
24XihnoVPWXlKJ4BgXqjVM,It's ok I'm ok,Tate McRae,en,LRCLIB,success,success,data\raw\lyrics\24XihnoVPWXlKJ4BgXqjVM.txt
24rDDbSlFY9OHrlJb48CRh,404 (New Era),KiiiKiii,en,LRCLIB,success,success,data\raw\lyrics\24rDDbSlFY9OHrlJb48CRh.txt
253P6uwLnelVQ6MdwXMIJk,Chili,HWASA,en,Genius,success,success,data\raw\lyrics\253P6uwLnelVQ6MdwXMIJk.txt
25edeHHueINMguqu9emCyV,Lối Nhỏ,Đen,vi,LRCLIB,success,success,data\raw\lyrics\25edeHHueINMguqu9emCyV.txt
25h0TqC9H3BcMA7KjK5nHK,vaicaunoicokhiennguoithaydoi,GREY D,vi,LRCLIB,success,success,data\raw\lyrics\25h0TqC9H3BcMA7KjK5nHK.txt
265hQASPY3HFmUH38zZrSK,MOIEM,Dangrangto,vi,LRCLIB,success,success,data\raw\lyrics\265hQASPY3HFmUH38zZrSK.txt
26hOm7dTtBi0TdpDGl141t,Die For You,Joji,en,LRCLIB,success,success,data\raw\lyrics\26hOm7dTtBi0TdpDGl141t.txt
26zqmmkqUK6mCc87XDzPym,CHÂN THÀNH,"ANH TRAI ""SAY HI""",vi,LRCLIB,success,success,data\raw\lyrics\26zqmmkqUK6mCc87XDzPym.txt
27F22WcGDyl4Z2KylVJkXL,Đường Tôi Chở Em Về,buitruonglinh,vi,LRCLIB,success,success,data\raw\lyrics\27F22WcGDyl4Z2KylVJkXL.txt
27Z9T0mSWHYWSj9SNOGvyt,Thằng Điên,JustaTee,vi,LRCLIB,success,success,data\raw\lyrics\27Z9T0mSWHYWSj9SNOGvyt.txt
27ZZdyTSQWI7Cug2d2PkqV,BILLIE EILISH.,Armani White,en,LRCLIB,success,success,data\raw\lyrics\27ZZdyTSQWI7Cug2d2PkqV.txt
27a8HLPwti6tmgQ6FR8aVI,DAUGHTER,Beyoncé,en,LRCLIB,success,success,data\raw\lyrics\27a8HLPwti6tmgQ6FR8aVI.txt
27bIik73QCu8Xzt3xpG1bI,Candy,NCT DREAM,mixed,LRCLIB,success,success,data\raw\lyrics\27bIik73QCu8Xzt3xpG1bI.txt
27fqy8VruqYZlKiK1qfwEd,ghệ iu dấu của em ơi,tlinh,vi,LRCLIB,success,success,data\raw\lyrics\27fqy8VruqYZlKiK1qfwEd.txt
27xkOIER6uDLKALIelHylZ,Don’t Say You Love Me,Jin,en,LRCLIB,success,success,data\raw\lyrics\27xkOIER6uDLKALIelHylZ.txt
27zrFrtUtWl2urlvjOn5xc,Say Yes,Loco,ko,LRCLIB,success,success,data\raw\lyrics\27zrFrtUtWl2urlvjOn5xc.txt
28a0aMV1OKoyNiCJuNsWrY,That’s Not How This Works,Charlie Puth,en,LRCLIB,success,success,data\raw\lyrics\28a0aMV1OKoyNiCJuNsWrY.txt
28bxbqNcAuNxYDZYet6eZ7,Chỉ Một Đêm Nữa Thôi,RPT MCK,vi,LRCLIB,success,success,data\raw\lyrics\28bxbqNcAuNxYDZYet6eZ7.txt
28drn6tQo95MRvO0jQEo5C,Type Shit,Future,en,LRCLIB,success,success,data\raw\lyrics\28drn6tQo95MRvO0jQEo5C.txt
28ncfVOBRp3HGweSZ6Wb8C,Đưa Nhau Đi Trốn - Chill Version,Đen,vi,manual,success,success,data\raw\lyrics\28ncfVOBRp3HGweSZ6Wb8C.txt
294hRgOqnGW2BemqP8D35X,Klaxon,i-dle,ko,LRCLIB,success,success,data\raw\lyrics\294hRgOqnGW2BemqP8D35X.txt
296nXCOv97WJNRWzIBQnoj,FEARLESS,LE SSERAFIM,en,LRCLIB,success,success,data\raw\lyrics\296nXCOv97WJNRWzIBQnoj.txt
29Tj2R8sZZ3fzlXZVe1OyY,Pin Dự Phòng,Dương Domic,vi,LRCLIB,success,success,data\raw\lyrics\29Tj2R8sZZ3fzlXZVe1OyY.txt
2A22iI0x4EYAVXNpKPhNEM,weren't for the wind,Ella Langley,en,LRCLIB,success,success,data\raw\lyrics\2A22iI0x4EYAVXNpKPhNEM.txt
2BITQ360Knh6qNAOqR7Dyq,Miss The Rage,Trippie Redd,en,LRCLIB,success,success,data\raw\lyrics\2BITQ360Knh6qNAOqR7Dyq.txt
2BcMwX1MPV6ZHP4tUT9uq6,Knife Talk,Drake,en,LRCLIB,success,success,data\raw\lyrics\2BcMwX1MPV6ZHP4tUT9uq6.txt
2BkTPMr1v6Fr6JJwc4V7R5,Strategy,TWICE,en,LRCLIB,success,success,data\raw\lyrics\2BkTPMr1v6Fr6JJwc4V7R5.txt
2ByBBvpR9b7IynvRmnG7kG,Clean (Taylor's Version),Taylor Swift,en,LRCLIB,success,success,data\raw\lyrics\2ByBBvpR9b7IynvRmnG7kG.txt
2CIXO1jQbrV1hlfI7FUKld,Wrong Ones (Feat. Tim McGraw),Post Malone,en,LRCLIB,success,success,data\raw\lyrics\2CIXO1jQbrV1hlfI7FUKld.txt
2CO0qu8M2UrT2IxRdYbGOg,"R.I.L + King′s gambit (Feat. ZICO, Gaeko, Sik-K, VINXEN) (Prod. by ZICO, Crush)",HAON,mixed,manual,success,success,data\raw\lyrics\2CO0qu8M2UrT2IxRdYbGOg.txt
2CSRrnOEELmhpq8iaAi9cd,Blind,SZA,en,LRCLIB,success,success,data\raw\lyrics\2CSRrnOEELmhpq8iaAi9cd.txt
2DB4DdfCFMw1iaR6JaR03a,Bam Bam,Camila Cabello,mixed,LRCLIB,success,success,data\raw\lyrics\2DB4DdfCFMw1iaR6JaR03a.txt
2DbDefRFJ5YOfXCKOeCJJh,Igloo,KISS OF LIFE,en,LRCLIB,success,success,data\raw\lyrics\2DbDefRFJ5YOfXCKOeCJJh.txt
2DwUdMJ5uxv20EhAildreg,Cookie,NewJeans,ko,LRCLIB,success,success,data\raw\lyrics\2DwUdMJ5uxv20EhAildreg.txt
2ENexcMEMsYk0rVJigVD3i,Only Girl (In The World),Rihanna,en,LRCLIB,success,success,data\raw\lyrics\2ENexcMEMsYk0rVJigVD3i.txt
2EjXfH91m7f8HiJN1yQg97,Rockin' Around The Christmas Tree,Brenda Lee,en,LRCLIB,success,success,data\raw\lyrics\2EjXfH91m7f8HiJN1yQg97.txt
2FKtn8qQx84O85wWABOwpd,GENTLEMAN,C JAMM,ko,LRCLIB,success,success,data\raw\lyrics\2FKtn8qQx84O85wWABOwpd.txt
2FRnf9qhLbvw8fu4IBXx78,Last Christmas,Wham!,en,LRCLIB,success,success,data\raw\lyrics\2FRnf9qhLbvw8fu4IBXx78.txt
2FWBdovgRvBSzA1JESUe0D,Làm Gì Phải Hốt,JustaTee,vi,LRCLIB,success,success,data\raw\lyrics\2FWBdovgRvBSzA1JESUe0D.txt
2FZcjBYK4dTt48q94pJbJD,Bass Persuades,Miley Cyrus,en,LRCLIB,success,success,data\raw\lyrics\2FZcjBYK4dTt48q94pJbJD.txt
2FeBslNBMdR9V58uv6hd2t,N95,Kendrick Lamar,en,LRCLIB,success,success,data\raw\lyrics\2FeBslNBMdR9V58uv6hd2t.txt
2FymmKBuog0loCuNXMwQID,Ready to love,SEVENTEEN,mixed,LRCLIB,success,success,data\raw\lyrics\2FymmKBuog0loCuNXMwQID.txt
2GE2p2dFpxp7OIz2QOFBzW,"KIM PHÚT, KIM GIỜ","ANH TRAI ""SAY HI""",vi,LRCLIB,success,success,data\raw\lyrics\2GE2p2dFpxp7OIz2QOFBzW.txt
2GMKQPMXdOGXsQkDYBN6wF,시작의 아이 ハジマリのコ (Starting With You),MAKTUB,ko,LRCLIB,success,success,data\raw\lyrics\2GMKQPMXdOGXsQkDYBN6wF.txt
2Gazl1MAVX8vmo8E659Vq8,Real Love,My Anh,mixed,LRCLIB,success,success,data\raw\lyrics\2Gazl1MAVX8vmo8E659Vq8.txt
2Ghp894n1laIf2w98VeAOJ,How Do I Make You Love Me?,The Weeknd,en,LRCLIB,success,success,data\raw\lyrics\2Ghp894n1laIf2w98VeAOJ.txt
2GquhrcHbl2zOnF5javAFp,Swan Song,LE SSERAFIM,ko,LRCLIB,success,success,data\raw\lyrics\2GquhrcHbl2zOnF5javAFp.txt
2HEd2fkMbbIclpv8pYvWW0,để dành cho em,Dangrangto,vi,LRCLIB,success,success,data\raw\lyrics\2HEd2fkMbbIclpv8pYvWW0.txt
2HRgqmZQC0MC7GeNuDIXHN,Seven,Jung Kook,en,LRCLIB,success,success,data\raw\lyrics\2HRgqmZQC0MC7GeNuDIXHN.txt
2HRqTpkrJO5ggZyyK6NPWz,Espresso,Sabrina Carpenter,en,LRCLIB,success,success,data\raw\lyrics\2HRqTpkrJO5ggZyyK6NPWz.txt
2IFND3phjzIG1RcPnHh2hP,Like Animals,BTS,en,LRCLIB,success,success,data\raw\lyrics\2IFND3phjzIG1RcPnHh2hP.txt
2J051fjLklkoPbzOoTAACZ,"Sally, When The Wine Runs Out",ROLE MODEL,en,LRCLIB,success,success,data\raw\lyrics\2J051fjLklkoPbzOoTAACZ.txt
2J0TRU2EDG29qlmxdGa4xa,SCIENTIST,TWICE,mixed,LRCLIB,success,success,data\raw\lyrics\2J0TRU2EDG29qlmxdGa4xa.txt
2J194R0KIKbK7bTHfUHPDB,Boom Boom Bass,RIIZE,mixed,LRCLIB,success,success,data\raw\lyrics\2J194R0KIKbK7bTHfUHPDB.txt
2JPLbjOn0wPCngEot2STUS,Yonaguni,Bad Bunny,es,LRCLIB,success,success,data\raw\lyrics\2JPLbjOn0wPCngEot2STUS.txt
2JPctdUgvkQSpnUdfROxvY,Te Quería Ver,Alemán,es,LRCLIB,success,success,data\raw\lyrics\2JPctdUgvkQSpnUdfROxvY.txt
2Jw3VjB1xy5KHBqEeAC6VK,Eat Your Young,Hozier,en,LRCLIB,success,success,data\raw\lyrics\2Jw3VjB1xy5KHBqEeAC6VK.txt
2K7sv1mno9PvbXVBpqvSKn,sneaky,21 Savage,en,LRCLIB,success,success,data\raw\lyrics\2K7sv1mno9PvbXVBpqvSKn.txt
2KLwPaRDOB87XOYAT2fgxh,Pussy & Millions,Drake,en,LRCLIB,success,success,data\raw\lyrics\2KLwPaRDOB87XOYAT2fgxh.txt
2KslE17cAJNHTsI2MI0jb2,Standing Next to You,Jung Kook,en,LRCLIB,success,success,data\raw\lyrics\2KslE17cAJNHTsI2MI0jb2.txt
2L1dsjU3R3U4SX27qIiPrq,Skibidi,Girls' Generation-HRS,en,LRCLIB,success,success,data\raw\lyrics\2L1dsjU3R3U4SX27qIiPrq.txt
2L9N0zZnd37dwF0clgxMGI,ceilings,Lizzy McAlpine,en,LRCLIB,success,success,data\raw\lyrics\2L9N0zZnd37dwF0clgxMGI.txt
2LHNTC9QZxsL3nWpt8iaSR,Abracadabra,Lady Gaga,en,LRCLIB,success,success,data\raw\lyrics\2LHNTC9QZxsL3nWpt8iaSR.txt
2LhXE2daNpLVv9LYXvYm8F,Là Anh,Phạm Lịch,vi,LRCLIB,success,success,data\raw\lyrics\2LhXE2daNpLVv9LYXvYm8F.txt
2M7a2Us8CEU1HZHj70byGX,Hi spring Bye,IU,unknown,LRCLIB,success,success,data\raw\lyrics\2M7a2Us8CEU1HZHj70byGX.txt
2MJz8BxxMsERULatmBikDH,At My Worst,Pink Sweat$,en,LRCLIB,success,success,data\raw\lyrics\2MJz8BxxMsERULatmBikDH.txt
2MbdDtCv5LUVjYy9RuGTgC,WHATS POPPIN,Jack Harlow,en,LRCLIB,success,success,data\raw\lyrics\2MbdDtCv5LUVjYy9RuGTgC.txt
2N0SPREDYqILVEFSsWF5N5,Love Me Again,V,en,LRCLIB,success,success,data\raw\lyrics\2N0SPREDYqILVEFSsWF5N5.txt
2N9miXnewVmUrgl6JSK1FI,SPAGHETTI,LE SSERAFIM,mixed,LRCLIB,success,success,data\raw\lyrics\2N9miXnewVmUrgl6JSK1FI.txt
2NOMOpss7BmEXTL9f1koqn,WICKED,ALLDAY PROJECT,en,LRCLIB,success,success,data\raw\lyrics\2NOMOpss7BmEXTL9f1koqn.txt
2Nib4r0saYQf2pUV4RFDhl,Interlude : Shadow,BTS,mixed,LRCLIB,success,success,data\raw\lyrics\2Nib4r0saYQf2pUV4RFDhl.txt
2Nig1jX8uBu3LdSSUrm7Fp,GIVE ME A REASON,NF,en,LRCLIB,success,success,data\raw\lyrics\2Nig1jX8uBu3LdSSUrm7Fp.txt
2NnJpRXIlx35Vij3bPZO0h,DAYWALKER!,mgk,en,LRCLIB,success,success,data\raw\lyrics\2NnJpRXIlx35Vij3bPZO0h.txt
2O3MQ6H3gjrIWDcpeTrikT,"Santa, Can’t You Hear Me",Kelly Clarkson,en,LRCLIB,success,success,data\raw\lyrics\2O3MQ6H3gjrIWDcpeTrikT.txt
2O4Bb2WCkjlTPO827OnBMI,EASY,LE SSERAFIM,mixed,LRCLIB,success,success,data\raw\lyrics\2O4Bb2WCkjlTPO827OnBMI.txt
2OBZtEg8DXhICWYd6yvicf,Từ A Đến Z,RAP VIỆT,vi,manual,success,success,data\raw\lyrics\2OBZtEg8DXhICWYd6yvicf.txt
2OQ6a4CfUeYskpTTgyawyJ,You Make It Feel Like Christmas,Gwen Stefani,en,LRCLIB,success,success,data\raw\lyrics\2OQ6a4CfUeYskpTTgyawyJ.txt
2OZTkXYCNbZS9TwPRy52Js,Đi Đu Đưa Đi,Bích Phương,vi,LRCLIB,success,success,data\raw\lyrics\2OZTkXYCNbZS9TwPRy52Js.txt
2OZVskV28xxJjjhQqKTLSg,PIXELATED KISSES,Joji,en,LRCLIB,success,success,data\raw\lyrics\2OZVskV28xxJjjhQqKTLSg.txt
2Ox2c1WEJDeQCHTXPE3YKM,Shottas (Lala),Moneybagg Yo,en,LRCLIB,success,success,data\raw\lyrics\2Ox2c1WEJDeQCHTXPE3YKM.txt
2OzhQlSqBEmt7hmkYxfT6m,Fortnight,Taylor Swift,en,LRCLIB,success,success,data\raw\lyrics\2OzhQlSqBEmt7hmkYxfT6m.txt
2P6YMsU9jt22CXfizfudi3,Love Hangover,JENNIE,en,LRCLIB,success,success,data\raw\lyrics\2P6YMsU9jt22CXfizfudi3.txt
2PljnVsnl2PRwCvfhbdQup,Plan B,Megan Thee Stallion,en,LRCLIB,success,success,data\raw\lyrics\2PljnVsnl2PRwCvfhbdQup.txt
2PlsVMcOn6ujc2UEYs2Yat,Home,Lim Young Woong,mixed,LRCLIB,success,success,data\raw\lyrics\2PlsVMcOn6ujc2UEYs2Yat.txt
2Pwou3Q2Cf59RxdX2V6MgV,Có Đôi Điều,Shiki,vi,LRCLIB,success,success,data\raw\lyrics\2Pwou3Q2Cf59RxdX2V6MgV.txt
2QUU1AtY5fndKDNbr17EFk,người điên,tlinh,vi,LRCLIB,success,success,data\raw\lyrics\2QUU1AtY5fndKDNbr17EFk.txt
2QWEMqQMJR1KDf6hDjJOs6,Arson,j-hope,ko,LRCLIB,success,success,data\raw\lyrics\2QWEMqQMJR1KDf6hDjJOs6.txt
2QdH0rKlV3d9Y6lWzcnlBH,In the morning,ITZY,ko,LRCLIB,success,success,data\raw\lyrics\2QdH0rKlV3d9Y6lWzcnlBH.txt
2QjOHCTQ1Jl3zawyYOpxh6,Sweater Weather,The Neighbourhood,en,LRCLIB,success,success,data\raw\lyrics\2QjOHCTQ1Jl3zawyYOpxh6.txt
2QyOYFAxW2khNYee4yeT6r,Thiêu Thân,B Ray,vi,LRCLIB,success,success,data\raw\lyrics\2QyOYFAxW2khNYee4yeT6r.txt
2RLdkXSaiQjRbey5pvP8Kt,If We Ever Meet Again,Lim Young Woong,unknown,LRCLIB,success,success,data\raw\lyrics\2RLdkXSaiQjRbey5pvP8Kt.txt
2RUcwyW74Sv4VracHFrKdh,Promise,Jimin,en,LRCLIB,success,success,data\raw\lyrics\2RUcwyW74Sv4VracHFrKdh.txt
2RkZ5LkEzeHGRsmDqKwmaJ,Ordinary,Alex Warren,en,LRCLIB,success,success,data\raw\lyrics\2RkZ5LkEzeHGRsmDqKwmaJ.txt
2RoYgkPzUY0vY7lhUuyus1,DASH,NMIXX,so,LRCLIB,success,success,data\raw\lyrics\2RoYgkPzUY0vY7lhUuyus1.txt
2SLwbpExuoBDZBpjfefCtV,Out of Time,The Weeknd,en,LRCLIB,success,success,data\raw\lyrics\2SLwbpExuoBDZBpjfefCtV.txt
2SMq0lOqCTHayWa9juoI0d,We Are,Woo,ko,LRCLIB,success,success,data\raw\lyrics\2SMq0lOqCTHayWa9juoI0d.txt
2SR0alFA2oWYXSoePGTj0V,I’ll Be There,Jin,en,LRCLIB,success,success,data\raw\lyrics\2SR0alFA2oWYXSoePGTj0V.txt
2SaWT781xr3hHLdbVt5DB7,Freakin’ Out,Dexter and The Moonrocks,en,LRCLIB,success,success,data\raw\lyrics\2SaWT781xr3hHLdbVt5DB7.txt
2SsY5k7UWFqgye3PUMG3Oq,The Subway,Chappell Roan,en,LRCLIB,success,success,data\raw\lyrics\2SsY5k7UWFqgye3PUMG3Oq.txt
2SykQzXuFSeprST1uDjj1m,trời giấu trời mang đi,AMEE,vi,LRCLIB,success,success,data\raw\lyrics\2SykQzXuFSeprST1uDjj1m.txt
2TJ1FOCmCBkKm418MjVw5D,Donda,Kanye West,en,LRCLIB,success,success,data\raw\lyrics\2TJ1FOCmCBkKm418MjVw5D.txt
2TOzTqQXNmR2zDJXihjZ2e,enough for you,Olivia Rodrigo,en,LRCLIB,success,success,data\raw\lyrics\2TOzTqQXNmR2zDJXihjZ2e.txt
2UDARQiksl207HcSduDpov,LEVII'S JEANS,Beyoncé,en,LRCLIB,success,success,data\raw\lyrics\2UDARQiksl207HcSduDpov.txt
2UU11hvjN1JIn4iihEodNT,Blue,V,mixed,LRCLIB,success,success,data\raw\lyrics\2UU11hvjN1JIn4iihEodNT.txt
2UtFCtiSoc30GJ4MUcHDKr,Tell the kids i love them (ft. Shiki),Obito,vi,LRCLIB,success,success,data\raw\lyrics\2UtFCtiSoc30GJ4MUcHDKr.txt
2Uts1QFB4u2YNIMiqcb4de,peekaboo,Kendrick Lamar,en,LRCLIB,success,success,data\raw\lyrics\2Uts1QFB4u2YNIMiqcb4de.txt
2VJOpzv5sBpstCX9venJr5,Rollin',Brave Girls,mixed,LRCLIB,success,success,data\raw\lyrics\2VJOpzv5sBpstCX9venJr5.txt
2X2mIfNW5ZtLmVgpm9rgUX,Show Me Love,RPT MCK,vi,LRCLIB,success,success,data\raw\lyrics\2X2mIfNW5ZtLmVgpm9rgUX.txt
2XHzzp1j4IfTNp1FTn7YFg,Love Me,Lil Wayne,en,LRCLIB,success,success,data\raw\lyrics\2XHzzp1j4IfTNp1FTn7YFg.txt
2XXwLdtuAcE0HSCu61ijAb,My Boy Only Breaks His Favorite Toys,Taylor Swift,en,LRCLIB,success,success,data\raw\lyrics\2XXwLdtuAcE0HSCu61ijAb.txt
2XjbfQQZlPwOMTmJR2RLfC,Happy For You,Lukas Graham,en,LRCLIB,success,success,data\raw\lyrics\2XjbfQQZlPwOMTmJR2RLfC.txt
2YSzYUF3jWqb9YP9VXmpjE,IDGAF,Drake,en,LRCLIB,success,success,data\raw\lyrics\2YSzYUF3jWqb9YP9VXmpjE.txt
2YXswOX5aKv6OHRKUcAMLQ,All Eyes On Me,JISOO,en,LRCLIB,success,success,data\raw\lyrics\2YXswOX5aKv6OHRKUcAMLQ.txt
2ZL7WZcjuYKi1KUDtp4kCC,Spin Bout U,Drake,en,LRCLIB,success,success,data\raw\lyrics\2ZL7WZcjuYKi1KUDtp4kCC.txt
2ZWlPOoWh0626oTaHrnl2a,Ivy,Frank Ocean,en,LRCLIB,success,success,data\raw\lyrics\2ZWlPOoWh0626oTaHrnl2a.txt
2ZqTbIID9vFPTXaGyzbb4q,Neva Play,Megan Thee Stallion,en,LRCLIB,success,success,data\raw\lyrics\2ZqTbIID9vFPTXaGyzbb4q.txt
2Zr0bYRHwWXi7eM2wuE6Aj,VVS,MIRANI,ko,LRCLIB,success,success,data\raw\lyrics\2Zr0bYRHwWXi7eM2wuE6Aj.txt
2a5hng9yXtbjtTVVm9UviC,Mo,Vũ Cát Tường,vi,manual,success,success,data\raw\lyrics\2a5hng9yXtbjtTVVm9UviC.txt
2aPTvyE09vUCRwVvj0I8WK,Sundress,A$AP Rocky,en,LRCLIB,success,success,data\raw\lyrics\2aPTvyE09vUCRwVvj0I8WK.txt
2aSfmbpproCPOe2j01WT2a,Eternal Moment,Lim Young Woong,ko,LRCLIB,success,success,data\raw\lyrics\2aSfmbpproCPOe2j01WT2a.txt
2axlAOp86SPuqSBlwLw4WM,101520,RAP VIỆT,vi,manual,success,success,data\raw\lyrics\2axlAOp86SPuqSBlwLw4WM.txt
2bZIDMpzVooosmPHn0tHnd,STEREOTYPE,STAYC,mixed,LRCLIB,success,success,data\raw\lyrics\2bZIDMpzVooosmPHn0tHnd.txt
2bgTY4UwhfBYhGT4HUYStN,Butter,BTS,en,LRCLIB,success,success,data\raw\lyrics\2bgTY4UwhfBYhGT4HUYStN.txt
2c0QMztYu6PCfFrGLqHXIV,Răng Khôn,Phí Phương Anh,vi,LRCLIB,success,success,data\raw\lyrics\2c0QMztYu6PCfFrGLqHXIV.txt
2c6xH9usslUoHnOzsRhpcP,XOXZ,IVE,mixed,LRCLIB,success,success,data\raw\lyrics\2c6xH9usslUoHnOzsRhpcP.txt
2cCC4S226r1tws0d2vDDdO,사랑은 봄비처럼...이별은 겨울비처럼,Lim Hyun Jung,unknown,LRCLIB,success,success,data\raw\lyrics\2cCC4S226r1tws0d2vDDdO.txt
2cEwQnP4284g37N6D7ETND,Talk Saxy,RIIZE,mixed,LRCLIB,success,success,data\raw\lyrics\2cEwQnP4284g37N6D7ETND.txt
2cZOYofOX4d6g0OXxkaIjA,ALL RED,Playboi Carti,en,LRCLIB,success,success,data\raw\lyrics\2cZOYofOX4d6g0OXxkaIjA.txt
2dEpaH5nsfnzU61LQ9rJuH,Hoa Nở Không Màu,Hoài Lâm,vi,LRCLIB,success,success,data\raw\lyrics\2dEpaH5nsfnzU61LQ9rJuH.txt
2dHHgzDwk4BJdRwy9uXhTO,Creepin',Metro Boomin,en,LRCLIB,success,success,data\raw\lyrics\2dHHgzDwk4BJdRwy9uXhTO.txt
2dHoVW9AxJVSRebPRyV2aA,Gone,ROSÉ,en,LRCLIB,success,success,data\raw\lyrics\2dHoVW9AxJVSRebPRyV2aA.txt
2dSKFFNoNXKo3hPnlwUdPe,They Don't Love It,Jack Harlow,en,LRCLIB,success,success,data\raw\lyrics\2dSKFFNoNXKo3hPnlwUdPe.txt
2daxUR0gVJr2dOmOtYvW8R,Anh Đã Không Biết Cách Yêu Em,Quang Đăng Trần,vi,LRCLIB,success,success,data\raw\lyrics\2daxUR0gVJr2dOmOtYvW8R.txt
2ddbldKhKrYvOBbYa87cbj,Dành Hết Xuân Thì Để Chờ Nhau,Vũ.,vi,LRCLIB,success,success,data\raw\lyrics\2ddbldKhKrYvOBbYa87cbj.txt
2dkFOWqyiVFS3xsQUEdBJG,친구,BTS,ko,LRCLIB,success,success,data\raw\lyrics\2dkFOWqyiVFS3xsQUEdBJG.txt
2doGmsaPLdot51o80juiYU,Đánh Đổi (ft. RPT MCK),Obito,vi,LRCLIB,success,success,data\raw\lyrics\2doGmsaPLdot51o80juiYU.txt
2e0b6AaC1Abz5mFyCS3fXY,Tình Là Gì Đây Em Ơi,K-ICM,vi,manual,success,success,data\raw\lyrics\2e0b6AaC1Abz5mFyCS3fXY.txt
2eAZfqOm4EnOF9VvN50Tyc,The Way Life Goes,Lil Uzi Vert,en,LRCLIB,success,success,data\raw\lyrics\2eAZfqOm4EnOF9VvN50Tyc.txt
2eLe81VDUQ5f0xFfc9cMWz,"MERRY-GO-ROUND (Feat. Zion.T, Wonstein) (Prod. Slom)",sokodomo,ko,LRCLIB,success,success,data\raw\lyrics\2eLe81VDUQ5f0xFfc9cMWz.txt
2etHQJxIbV0soyPhelVs9Y,Best Friend,Saweetie,en,LRCLIB,success,success,data\raw\lyrics\2etHQJxIbV0soyPhelVs9Y.txt
2fiI6e0WxyZB3QnmRxYGPg,Vancouver 2,BIG Naughty,en,LRCLIB,success,success,data\raw\lyrics\2fiI6e0WxyZB3QnmRxYGPg.txt
2ftb45L7iXYwp0WoTEuslG,"Right People, Wrong Place",RM,en,LRCLIB,success,success,data\raw\lyrics\2ftb45L7iXYwp0WoTEuslG.txt
2g0LdZQce9xlcHb1mBJyuz,strawberry moon,IU,ko,LRCLIB,success,success,data\raw\lyrics\2g0LdZQce9xlcHb1mBJyuz.txt
2g68ePl7VMltuOiuSTAz7I,Để Anh Một Mình,RAP VIỆT,vi,manual,success,success,data\raw\lyrics\2g68ePl7VMltuOiuSTAz7I.txt
2gYTC8DsplN3RNdpdBcCOQ,Die On This Hill,SIENNA SPIRO,en,LRCLIB,success,success,data\raw\lyrics\2gYTC8DsplN3RNdpdBcCOQ.txt
2gYj9lubBorOPIVWsTXugG,After LIKE,IVE,ko,LRCLIB,success,success,data\raw\lyrics\2gYj9lubBorOPIVWsTXugG.txt
2gbMPBrBVj3CuNTLp2dHYs,Off The Grid,Kanye West,en,LRCLIB,success,success,data\raw\lyrics\2gbMPBrBVj3CuNTLp2dHYs.txt
2gkVEnpahpE3bQuvGuCpAV,Yes or No,Jung Kook,en,LRCLIB,success,success,data\raw\lyrics\2gkVEnpahpE3bQuvGuCpAV.txt
2gyCwrOcC6JBoaJ8JGJ7T8,To. X,TAEYEON,mixed,LRCLIB,success,success,data\raw\lyrics\2gyCwrOcC6JBoaJ8JGJ7T8.txt
2gzhQaCTeNgxpeB2TPllyY,With you,Jimin,en,LRCLIB,success,success,data\raw\lyrics\2gzhQaCTeNgxpeB2TPllyY.txt
2hnMS47jN0etwvFPzYk11f,Santeria,Sublime,en,LRCLIB,success,success,data\raw\lyrics\2hnMS47jN0etwvFPzYk11f.txt
2isRbZIIU4PqPrECffn7QO,Who (Beautiful Mind Remix),Jimin,en,LRCLIB,success,success,data\raw\lyrics\2isRbZIIU4PqPrECffn7QO.txt
2isSdmQfVv32j2haL6hk9x,Intro : Persona,BTS,mixed,LRCLIB,success,success,data\raw\lyrics\2isSdmQfVv32j2haL6hk9x.txt
2ix8KB1Xm7rRGzkh3i8P1d,NGƯỜI YÊU CHƯA SINH RA,"ANH TRAI ""SAY HI""",vi,LRCLIB,success,success,data\raw\lyrics\2ix8KB1Xm7rRGzkh3i8P1d.txt
2jNyiavSywmA472t2m6ZBz,What Was That,Lorde,en,LRCLIB,success,success,data\raw\lyrics\2jNyiavSywmA472t2m6ZBz.txt
2jaapqz7L9MpMf7vpkqU9I,Smoothie,NCT DREAM,en,LRCLIB,success,success,data\raw\lyrics\2jaapqz7L9MpMf7vpkqU9I.txt
2jidjmWNeRmKgLjXhW52Gz,"Our Blues, Our Life",Lim Young Woong,unknown,LRCLIB,success,success,data\raw\lyrics\2jidjmWNeRmKgLjXhW52Gz.txt
2kJwzbxV2ppxnQoYw4GLBZ,If The World Was Ending,JP Saxe,en,LRCLIB,success,success,data\raw\lyrics\2kJwzbxV2ppxnQoYw4GLBZ.txt
2klsSb2iTfgDh95Ak9uWY2,Gái Độc Thân,tlinh,mixed,LRCLIB,success,success,data\raw\lyrics\2klsSb2iTfgDh95Ak9uWY2.txt
2kpmBZqu52h6uCZXFTIXJK,Lemon Drop,ATEEZ,mixed,LRCLIB,success,success,data\raw\lyrics\2kpmBZqu52h6uCZXFTIXJK.txt
2kt7udEZmN2kj1Jsl118zY,0 AI NGHĨ,Wxrdie,vi,LRCLIB,success,success,data\raw\lyrics\2kt7udEZmN2kj1Jsl118zY.txt
2lTm559tuIvatlT1u0JYG2,BAILE INoLVIDABLE,Bad Bunny,es,LRCLIB,success,success,data\raw\lyrics\2lTm559tuIvatlT1u0JYG2.txt
2lUDBd7JrgAMltcp6dcd7D,25 million,Roddy Ricch,en,LRCLIB,success,success,data\raw\lyrics\2lUDBd7JrgAMltcp6dcd7D.txt
2lsRp40mCRkhqULWdMbOzn,I Love You,Lim Young Woong,ko,LRCLIB,success,success,data\raw\lyrics\2lsRp40mCRkhqULWdMbOzn.txt
2lwOE4xj0tw2Bpjc6wmzUP,Be There For You,JOY,ko,LRCLIB,success,success,data\raw\lyrics\2lwOE4xj0tw2Bpjc6wmzUP.txt
2m6Ko3CY1qXNNja8AlugNc,Angel Baby,Troye Sivan,en,LRCLIB,success,success,data\raw\lyrics\2m6Ko3CY1qXNNja8AlugNc.txt
2mgzUVvDpb1zMSB4glLQ6T,Life's Too Short - English Version,aespa,en,manual,success,success,data\raw\lyrics\2mgzUVvDpb1zMSB4glLQ6T.txt
2mpoNBkngUEwnaKoBhZ0vl,PRC,Peso Pluma,es,LRCLIB,success,success,data\raw\lyrics\2mpoNBkngUEwnaKoBhZ0vl.txt
2mqTtvbKxH7SoEQ2oGAnsA,CHURCH GIRL,Beyoncé,en,LRCLIB,success,success,data\raw\lyrics\2mqTtvbKxH7SoEQ2oGAnsA.txt
2nR51wakN5K3AJENqGaNg9,Bài Này Chill Phết,Đen,vi,LRCLIB,success,success,data\raw\lyrics\2nR51wakN5K3AJENqGaNg9.txt
2nRMW95dnOILirpjbksLTs,Never Let Go,Jung Kook,en,LRCLIB,success,success,data\raw\lyrics\2nRMW95dnOILirpjbksLTs.txt
2nibvvDdAQkVraYP00z2RS,Calling For You,Drake,en,LRCLIB,success,success,data\raw\lyrics\2nibvvDdAQkVraYP00z2RS.txt
2o1pb13quMReXZqE7jWsgq,intro (end of the world),Ariana Grande,en,LRCLIB,success,success,data\raw\lyrics\2o1pb13quMReXZqE7jWsgq.txt
2o4dDfLK6NVI7TjBm5VoMv,Yêu Một Người Có Lẽ,Lou Hoàng,vi,LRCLIB,success,success,data\raw\lyrics\2o4dDfLK6NVI7TjBm5VoMv.txt
2oEi9mqbQFJSuS2Wny7bfp,Say You Do,Tiên Tiên,vi,LRCLIB,success,success,data\raw\lyrics\2oEi9mqbQFJSuS2Wny7bfp.txt
2oVLEoBVDvYrGmzrU7dEm5,TRÀN BỘ NHỚ,"ANH TRAI ""SAY HI""",vi,LRCLIB,success,success,data\raw\lyrics\2oVLEoBVDvYrGmzrU7dEm5.txt
2pIUpMhHL6L9Z5lnKxJJr9,Attention,NewJeans,mixed,LRCLIB,success,success,data\raw\lyrics\2pIUpMhHL6L9Z5lnKxJJr9.txt
2pXpURmn6zC5ZYDMms6fwa,It's Beginning to Look a Lot Like Christmas,Perry Como,en,LRCLIB,success,success,data\raw\lyrics\2pXpURmn6zC5ZYDMms6fwa.txt
2pYFHEy0xp48Le5Bfw5vcX,Có Chơi Có Chịu,Karik,vi,LRCLIB,success,success,data\raw\lyrics\2pYFHEy0xp48Le5Bfw5vcX.txt
2plbrEY59IikOBgBGLjaoe,Die With A Smile,Lady Gaga,en,LRCLIB,success,success,data\raw\lyrics\2plbrEY59IikOBgBGLjaoe.txt
2pm7K14nHj2fLrpU8j9bit,10 Ngàn Năm,PC,vi,LRCLIB,success,success,data\raw\lyrics\2pm7K14nHj2fLrpU8j9bit.txt
2pn8dNVSpYnAtlKFC8Q0DJ,On The Ground,ROSÉ,en,LRCLIB,success,success,data\raw\lyrics\2pn8dNVSpYnAtlKFC8Q0DJ.txt
2pnPe4pJtq7689i5ydzvJJ,Run Rudolph Run - Single Version,Chuck Berry,en,LRCLIB,success,success,data\raw\lyrics\2pnPe4pJtq7689i5ydzvJJ.txt
2prqm9sPLj10B4Wg0wE5x9,BLUE,Billie Eilish,en,LRCLIB,success,success,data\raw\lyrics\2prqm9sPLj10B4Wg0wE5x9.txt
2qPQcfUgizNDOIv1orkTAd,Bloodline,Alex Warren,en,LRCLIB,success,success,data\raw\lyrics\2qPQcfUgizNDOIv1orkTAd.txt
2qg2jy3v50RwfV5FAqG3a2,Interlude : Dive,Jimin,en,Genius,success,success,data\raw\lyrics\2qg2jy3v50RwfV5FAqG3a2.txt
2qnnREp8mFVipaEoUlw9ya,Hai Triệu Năm,Đen,vi,LRCLIB,success,success,data\raw\lyrics\2qnnREp8mFVipaEoUlw9ya.txt
2qrpmvkxE0oz78ym1LEvXd,Kho Báu,(S)TRONG,vi,LRCLIB,success,success,data\raw\lyrics\2qrpmvkxE0oz78ym1LEvXd.txt
2rGCYAabfA63PIzhQm7hVq,Internet Love,VSTRA,vi,LRCLIB,success,success,data\raw\lyrics\2rGCYAabfA63PIzhQm7hVq.txt
2rKkfc4VZ74FQDc1FF1Zo6,Body to Body,BTS,en,LRCLIB,success,success,data\raw\lyrics\2rKkfc4VZ74FQDc1FF1Zo6.txt
2rbDhOo9Fh61Bbu23T2qCk,Always Remember Us This Way,Lady Gaga,en,LRCLIB,success,success,data\raw\lyrics\2rbDhOo9Fh61Bbu23T2qCk.txt
2sXf2JdbB2GlNju00kw9WE,Skate,Bruno Mars,en,LRCLIB,success,success,data\raw\lyrics\2sXf2JdbB2GlNju00kw9WE.txt
2sp32rIevQhpbo0Z4aQzoe,My Universe - Instrumental,Coldplay,mixed,LRCLIB,success,success,data\raw\lyrics\2sp32rIevQhpbo0Z4aQzoe.txt
2tA3NP12r4niSRhb9Y6AoY,Polaroid,Lim Young Woong,unknown,LRCLIB,success,success,data\raw\lyrics\2tA3NP12r4niSRhb9Y6AoY.txt
2tHwzyyOLoWSFqYNjeVMzj,Please Please Please,Sabrina Carpenter,en,LRCLIB,success,success,data\raw\lyrics\2tHwzyyOLoWSFqYNjeVMzj.txt
2tg8L2ls1k19B2SvRKBnJh,Hẹn Ước Từ Hư Vô - Live,Mỹ Tâm,vi,LRCLIB,success,success,data\raw\lyrics\2tg8L2ls1k19B2SvRKBnJh.txt
2tudvzsrR56uom6smgOcSf,Like That,Future,en,LRCLIB,success,success,data\raw\lyrics\2tudvzsrR56uom6smgOcSf.txt
2tzgSUZOUKopYbRqQOVT8X,MASSAGING ME,Future,en,LRCLIB,success,success,data\raw\lyrics\2tzgSUZOUKopYbRqQOVT8X.txt
2uZmeuNAxSm7XfVIwLkhCx,nhắn nhủ,Ronboogz,vi,LRCLIB,success,success,data\raw\lyrics\2uZmeuNAxSm7XfVIwLkhCx.txt
2vNPGH1x5ZwxTjlvzLCyc2,Fate,i-dle,mixed,LRCLIB,success,success,data\raw\lyrics\2vNPGH1x5ZwxTjlvzLCyc2.txt
2ve0kuaWUCt4Zx8x4bf1MR,Wonderland (Taylor's Version),Taylor Swift,en,LRCLIB,success,success,data\raw\lyrics\2ve0kuaWUCt4Zx8x4bf1MR.txt
2w7jOvl0kpplNxisgfnCdT,Nếu Biết Đó Là Lần Cuối,Đức Trường,vi,LRCLIB,success,success,data\raw\lyrics\2w7jOvl0kpplNxisgfnCdT.txt
2wAJTrFhCnQyNSD3oUgTZO,Work Out,J. Cole,en,LRCLIB,success,success,data\raw\lyrics\2wAJTrFhCnQyNSD3oUgTZO.txt
2wSTnntOPRi7aQneobFtU4,Shirt,SZA,en,LRCLIB,success,success,data\raw\lyrics\2wSTnntOPRi7aQneobFtU4.txt
2wVDWtLKXunswWecARNILj,SOLO,JENNIE,en,LRCLIB,success,success,data\raw\lyrics\2wVDWtLKXunswWecARNILj.txt
2wZAvkgiOE5tyrnqhB69KA,Âm Thầm Bên Em,Sơn Tùng M-TP,vi,LRCLIB,success,success,data\raw\lyrics\2wZAvkgiOE5tyrnqhB69KA.txt
2x3mwb96B6TquRqMtbxUE1,Actually Romantic,Taylor Swift,en,LRCLIB,success,success,data\raw\lyrics\2x3mwb96B6TquRqMtbxUE1.txt
2xOhv7XudrBDtkID1jwsFE,Từng Là,Vũ Cát Tường,vi,LRCLIB,success,success,data\raw\lyrics\2xOhv7XudrBDtkID1jwsFE.txt
2xdwCJLfKCkat14mlgR26M,Lost Cause,Billie Eilish,en,LRCLIB,success,success,data\raw\lyrics\2xdwCJLfKCkat14mlgR26M.txt
2xo84jGkxFPrZmmBtS3Pkd,Lonely St.,Stray Kids,mixed,LRCLIB,success,success,data\raw\lyrics\2xo84jGkxFPrZmmBtS3Pkd.txt
2y4ZR0BUAVePljHSsZyIgj,PAID,¥$,en,Genius,success,success,data\raw\lyrics\2y4ZR0BUAVePljHSsZyIgj.txt
2y4hHM6c48Qzk0bqh33XfB,Winter Sleep,IU,unknown,LRCLIB,success,success,data\raw\lyrics\2y4hHM6c48Qzk0bqh33XfB.txt
2ygvZOXrIeVL4xZmAWJT2C,my future,Billie Eilish,en,LRCLIB,success,success,data\raw\lyrics\2ygvZOXrIeVL4xZmAWJT2C.txt
2yjeXq5ahx6UUg2rHaUe6X,Angel Pt. 2,JVKE,en,LRCLIB,success,success,data\raw\lyrics\2yjeXq5ahx6UUg2rHaUe6X.txt
2yjlYDiNiQkdxVqTlaSrlX,Super Freaky Girl,Nicki Minaj,en,LRCLIB,success,success,data\raw\lyrics\2yjlYDiNiQkdxVqTlaSrlX.txt
2yzshFeBIwH8tWIqHEFLeD,un x100to,Grupo Frontera,es,LRCLIB,success,success,data\raw\lyrics\2yzshFeBIwH8tWIqHEFLeD.txt
2z9iLlNBt1aLZUCFgXby97,CÓ CHẮC YÊU LÀ ĐÂY,Sơn Tùng M-TP,vi,LRCLIB,success,success,data\raw\lyrics\2z9iLlNBt1aLZUCFgXby97.txt
2zrhoHlFKxFTRF5aMyxMoQ,Next Level,aespa,mixed,LRCLIB,success,success,data\raw\lyrics\2zrhoHlFKxFTRF5aMyxMoQ.txt
30KctD1WsHKTIYczXjip5a,Tequila Shots,Kid Cudi,en,LRCLIB,success,success,data\raw\lyrics\30KctD1WsHKTIYczXjip5a.txt
30VrBsh1STRBoIrhQOAwzK,Disturbia,Rihanna,en,LRCLIB,success,success,data\raw\lyrics\30VrBsh1STRBoIrhQOAwzK.txt
30bqVoKjX479ab90a8Pafp,Star Shopping,Lil Peep,en,LRCLIB,success,success,data\raw\lyrics\30bqVoKjX479ab90a8Pafp.txt
30tYWTkLIQtZWnRIOqcHnJ,나무,"Car, the garden",es,LRCLIB,success,success,data\raw\lyrics\30tYWTkLIQtZWnRIOqcHnJ.txt
31VNCmwspR7nVJ6kruUuJt,Đừng Làm Trái Tim Anh Đau,Sơn Tùng M-TP,vi,LRCLIB,success,success,data\raw\lyrics\31VNCmwspR7nVJ6kruUuJt.txt
31jZYFQEtq0ud5y9fDN4cw,Slow Dancing (Cautious Clay Remix),V,en,LRCLIB,success,success,data\raw\lyrics\31jZYFQEtq0ud5y9fDN4cw.txt
32vE1nuG8T9c8bhmZdRY6d,Cooped Up,Post Malone,en,LRCLIB,success,success,data\raw\lyrics\32vE1nuG8T9c8bhmZdRY6d.txt
33KU9huHP1Lv1UWWVkuTYd,Impostor Syndrome,Sidney Gish,en,LRCLIB,success,success,data\raw\lyrics\33KU9huHP1Lv1UWWVkuTYd.txt
347AQK5Lyhn6RvB8tBGYxt,STARS,¥$,en,Genius,success,success,data\raw\lyrics\347AQK5Lyhn6RvB8tBGYxt.txt
34D6FJysnQioVingDKufuf,N 2 Deep,Drake,en,LRCLIB,success,success,data\raw\lyrics\34D6FJysnQioVingDKufuf.txt
34FhBswjcDbFzGx8zcPqoj,GÃ SĂN CÁ,"EM XINH ""SAY HI""",vi,LRCLIB,success,success,data\raw\lyrics\34FhBswjcDbFzGx8zcPqoj.txt
34HSEUn4YGAFBW9OHGIkU7,Boat,george,ko,LRCLIB,success,success,data\raw\lyrics\34HSEUn4YGAFBW9OHGIkU7.txt
34eF4BoV8FPk0uhAAoqU7h,SUN GOES DOWN,Lil Nas X,en,LRCLIB,success,success,data\raw\lyrics\34eF4BoV8FPk0uhAAoqU7h.txt
34o6gteNy2T5rieA0xYAgo,Don't ever say love me,Colde,mixed,LRCLIB,success,success,data\raw\lyrics\34o6gteNy2T5rieA0xYAgo.txt
34sOdxWu9FljH84UXdRwu1,all-american bitch,Olivia Rodrigo,en,LRCLIB,success,success,data\raw\lyrics\34sOdxWu9FljH84UXdRwu1.txt
354swDEk1Zdo9y57fEqmRg,ĐOÁ HOA,TeuYungBoy,vi,LRCLIB,success,success,data\raw\lyrics\354swDEk1Zdo9y57fEqmRg.txt
35mvY5S1H3J2QZyna3TFe0,positions,Ariana Grande,en,LRCLIB,success,success,data\raw\lyrics\35mvY5S1H3J2QZyna3TFe0.txt
35ytd9cmG15jXG0RKWC9p4,Graduation,NCT DREAM,ko,LRCLIB,success,success,data\raw\lyrics\35ytd9cmG15jXG0RKWC9p4.txt
365znJ27Fb3faGsctmQYWR,Father,Lim Young Woong,unknown,LRCLIB,success,success,data\raw\lyrics\365znJ27Fb3faGsctmQYWR.txt
368eeEO3Y2uZUQ6S5oIjcu,TQM,Fuerza Regida,es,LRCLIB,success,success,data\raw\lyrics\368eeEO3Y2uZUQ6S5oIjcu.txt
36OyVzUmUFb1MTTzy3YXbh,"Sau Lời Từ Khước (Theme Song From ""MAI"")",Phan Mạnh Quỳnh,vi,LRCLIB,success,success,data\raw\lyrics\36OyVzUmUFb1MTTzy3YXbh.txt
36idurZmYRjJ56KQ8JD9bN,Boston,STELLA LEFTY,en,LRCLIB,success,success,data\raw\lyrics\36idurZmYRjJ56KQ8JD9bN.txt
36jIu8oPR1Z4cguMuHxUXA,TATTOO,OFFICIAL HIGE DANDISM,ja,LRCLIB,success,success,data\raw\lyrics\36jIu8oPR1Z4cguMuHxUXA.txt
37BZB0z9T8Xu7U3e65qxFy,Save Your Tears,The Weeknd,en,LRCLIB,success,success,data\raw\lyrics\37BZB0z9T8Xu7U3e65qxFy.txt
37GNTP4wB0QSkUwcTWLHKg,Fashion Tán Gái,Low G,vi,LRCLIB,success,success,data\raw\lyrics\37GNTP4wB0QSkUwcTWLHKg.txt
37rnSr2ZCkzqmoUqGQtn4q,Christmas Tree - Inst.,V,en,LRCLIB,success,success,data\raw\lyrics\37rnSr2ZCkzqmoUqGQtn4q.txt
37uug3gaq86yvFTjV6WkaV,Think About U,Kay Chau Anh,mixed,LRCLIB,success,success,data\raw\lyrics\37uug3gaq86yvFTjV6WkaV.txt
37vIqMH3XV6ZbObcKE9GXC,Cô Đơn,Hngle,vi,LRCLIB,success,success,data\raw\lyrics\37vIqMH3XV6ZbObcKE9GXC.txt
38DlSDrx9tgc5Gfq6y3aBa,MOONLIGHT SUNRISE,TWICE,en,LRCLIB,success,success,data\raw\lyrics\38DlSDrx9tgc5Gfq6y3aBa.txt
38R5sydMbsBzSPGPMfmtpb,MR. TAKE YA B*TCH (FEAT. CHRISEANROCK),Lil Mabu,en,LRCLIB,success,success,data\raw\lyrics\38R5sydMbsBzSPGPMfmtpb.txt
38rjRVqEHSlDRrDWDvjkqW,Bước Qua Nhau,Vũ.,vi,LRCLIB,success,success,data\raw\lyrics\38rjRVqEHSlDRrDWDvjkqW.txt
39382sUtIOwIXftX0i76do,H.S.K.T.,LEEHI,en,LRCLIB,success,success,data\raw\lyrics\39382sUtIOwIXftX0i76do.txt
396FqjKmViUZ92Wmm4rx3i,Illusion,aespa,ko,LRCLIB,success,success,data\raw\lyrics\396FqjKmViUZ92Wmm4rx3i.txt
39EXZNMxb4RBHlRjnRaOKp,Sweet Night,V,en,LRCLIB,success,success,data\raw\lyrics\39EXZNMxb4RBHlRjnRaOKp.txt
39TAKt2hL8sdhVTFCNfm2Y,Ai Đưa Em Về,TIA,vi,LRCLIB,success,success,data\raw\lyrics\39TAKt2hL8sdhVTFCNfm2Y.txt
3A9A7mfVDVm3rrS9SMGhg5,Hư không,Kha,vi,LRCLIB,success,success,data\raw\lyrics\3A9A7mfVDVm3rrS9SMGhg5.txt
3AD73lKeY2c9JhsHRqWkOw,KICK OUT,Travis Scott,en,LRCLIB,success,success,data\raw\lyrics\3AD73lKeY2c9JhsHRqWkOw.txt
3AOf6YEpxQ894FmrwI9k96,Super,SEVENTEEN,ko,LRCLIB,success,success,data\raw\lyrics\3AOf6YEpxQ894FmrwI9k96.txt
3AVXwaOGCEL8cmBecfcsFJ,Light Switch,Charlie Puth,en,LRCLIB,success,success,data\raw\lyrics\3AVXwaOGCEL8cmBecfcsFJ.txt
3AWDeHLc88XogCaCnZQLVI,Cry For Me,The Weeknd,en,LRCLIB,success,success,data\raw\lyrics\3AWDeHLc88XogCaCnZQLVI.txt
3Alwi53Ahc2GwHgvel42b2,Ngày Đẹp Trời Để Nói Chia Tay,Lou Hoàng,vi,LRCLIB,success,success,data\raw\lyrics\3Alwi53Ahc2GwHgvel42b2.txt
3B0swL7Qil9bB7eKzBREBK,VVS,Peso Pluma,es,LRCLIB,success,success,data\raw\lyrics\3B0swL7Qil9bB7eKzBREBK.txt
3B4cjvGlPvyBLNG3AzEgkZ,E85,Don Toliver,en,LRCLIB,success,success,data\raw\lyrics\3B4cjvGlPvyBLNG3AzEgkZ.txt
3BHFResGQiUvbYToUdaDQz,Enough Is Enough,Post Malone,en,LRCLIB,success,success,data\raw\lyrics\3BHFResGQiUvbYToUdaDQz.txt
3BhyxulZ13uWZS6LqiYiCj,Cheeky Icy Thang,STAYC,mixed,LRCLIB,success,success,data\raw\lyrics\3BhyxulZ13uWZS6LqiYiCj.txt
3COYA2vgfcUhDyRlVpZy5p,PHÓNG ZÌN ZÌN,tlinh,vi,LRCLIB,success,success,data\raw\lyrics\3COYA2vgfcUhDyRlVpZy5p.txt
3CQw6HqsBu12wUj89vUQ5M,TIME CAPSULE,DAVICHI,ko,LRCLIB,success,success,data\raw\lyrics\3CQw6HqsBu12wUj89vUQ5M.txt
3CWq0pAKKTWb0K4yiglDc4,You’re Losing Me (From The Vault),Taylor Swift,en,LRCLIB,success,success,data\raw\lyrics\3CWq0pAKKTWb0K4yiglDc4.txt
3CeKc83EsgRPItgvlDHo5B,Head In The Clouds,Hayd,en,LRCLIB,success,success,data\raw\lyrics\3CeKc83EsgRPItgvlDHo5B.txt
3CqtQwaoQTdgDWLHyv7Twr,đứa nào làm em buồn?,Phuc Du,vi,LRCLIB,success,success,data\raw\lyrics\3CqtQwaoQTdgDWLHyv7Twr.txt
3CyGK8BeJ5iCunpzvHyINs,Anh Luôn Như Vậy,B Ray,vi,LRCLIB,success,success,data\raw\lyrics\3CyGK8BeJ5iCunpzvHyINs.txt
3DLtPObflLQBodZN8qGODT,2AM,JustaTee,vi,LRCLIB,success,success,data\raw\lyrics\3DLtPObflLQBodZN8qGODT.txt
3DO8WRX72c1Z5hduVL1Nd5,선을 그어 주던가,1415,ko,LRCLIB,success,success,data\raw\lyrics\3DO8WRX72c1Z5hduVL1Nd5.txt
3Dah48XTdzVtbIl4dUn6l4,Get A Guitar,RIIZE,ko,LRCLIB,success,success,data\raw\lyrics\3Dah48XTdzVtbIl4dUn6l4.txt
3DarAbFujv6eYNliUTyqtz,Kiss Me More,Doja Cat,en,Genius,success,success,data\raw\lyrics\3DarAbFujv6eYNliUTyqtz.txt
3DyHgXBOxAsKyy0diFTSOS,Not About Love,Khoi Vu,vi,manual,success,success,data\raw\lyrics\3DyHgXBOxAsKyy0diFTSOS.txt
3EMfeKtNK4q4k3sVjwg5Yy,My Man on Willpower,Sabrina Carpenter,en,LRCLIB,success,success,data\raw\lyrics\3EMfeKtNK4q4k3sVjwg5Yy.txt
3ET3xHCLMGd57u06A9RjJ0,Nói Dối,Ronboogz,vi,LRCLIB,success,success,data\raw\lyrics\3ET3xHCLMGd57u06A9RjJ0.txt
3EaJDYHA0KnX88JvDhL9oa,Dark Red,Steve Lacy,mixed,LRCLIB,success,success,data\raw\lyrics\3EaJDYHA0KnX88JvDhL9oa.txt
3EnTGnmNu1TDEcpbbTajuo,23,Noah Kahan,en,LRCLIB,success,success,data\raw\lyrics\3EnTGnmNu1TDEcpbbTajuo.txt
3F5CgOj3wFlRv51JsHbxhe,Jimmy Cooks,Drake,en,LRCLIB,success,success,data\raw\lyrics\3F5CgOj3wFlRv51JsHbxhe.txt
3FAJ6O0NOHQV8Mc5Ri6ENp,Heartbreak Anniversary,GIVĒON,en,LRCLIB,success,success,data\raw\lyrics\3FAJ6O0NOHQV8Mc5Ri6ENp.txt
3FSwpQ9dBZBeBV6UdYHI2R,712PM,Future,en,LRCLIB,success,success,data\raw\lyrics\3FSwpQ9dBZBeBV6UdYHI2R.txt
3FZPp9lBUvhsxFxKJi3VkB,GO,BLACKPINK,en,LRCLIB,success,success,data\raw\lyrics\3FZPp9lBUvhsxFxKJi3VkB.txt
3FjK86616FbluOfTxNK2gY,A N X I E T Y,Sleepy Hallow,en,LRCLIB,success,success,data\raw\lyrics\3FjK86616FbluOfTxNK2gY.txt
3Ga7Uele3zN57vQ4F0HPTW,Tennessee Fan,Morgan Wallen,en,LRCLIB,success,success,data\raw\lyrics\3Ga7Uele3zN57vQ4F0HPTW.txt
3GbQcjKWT7eVpUfzqwUjxv,Late To Da Party,Lil Nas X,en,LRCLIB,success,success,data\raw\lyrics\3GbQcjKWT7eVpUfzqwUjxv.txt
3H6nzsPNMttEvUl3ai3xN8,Vùng Ký Ức,Chillies,vi,LRCLIB,success,success,data\raw\lyrics\3H6nzsPNMttEvUl3ai3xN8.txt
3HyR1j49TY5ACP2lseF1jx,SUMMER RENAISSANCE,Beyoncé,en,LRCLIB,success,success,data\raw\lyrics\3HyR1j49TY5ACP2lseF1jx.txt
3IA9LkBEVhJDOxOnh1nf8a,Butter (Holiday Remix),BTS,en,LRCLIB,success,success,data\raw\lyrics\3IA9LkBEVhJDOxOnh1nf8a.txt
3ISOK4T54v6O1g1AB8FiEK,INVITATION (Feat. Gaeko),JUNNY,en,LRCLIB,success,success,data\raw\lyrics\3ISOK4T54v6O1g1AB8FiEK.txt
3J3nv18iIrOhca1ZWNeuyW,Đã Lỡ Yêu Em Nhiều,JustaTee,vi,LRCLIB,success,success,data\raw\lyrics\3J3nv18iIrOhca1ZWNeuyW.txt
3J8EOeKLTLXORtWPpOU5bE,Calling My Phone,Lil Tjay,en,LRCLIB,success,success,data\raw\lyrics\3J8EOeKLTLXORtWPpOU5bE.txt
3JJL91ilRV6fXhKqu0FGXs,HOT WIND BLOWS,"Tyler, The Creator",en,LRCLIB,success,success,data\raw\lyrics\3JJL91ilRV6fXhKqu0FGXs.txt
3JR0ducCexKbeK47g6AHm5,Butter,BTS,en,LRCLIB,success,success,data\raw\lyrics\3JR0ducCexKbeK47g6AHm5.txt
3JR2RztQcOjUQGQSybxDIO,ONE OF ME,Lil Nas X,en,LRCLIB,success,success,data\raw\lyrics\3JR2RztQcOjUQGQSybxDIO.txt
3K7RddI2L8Wiv7uIbrhfLc,Rồi Em Sẽ Gặp Một Chàng Trai Khác,The Masked Singer,vi,LRCLIB,success,success,data\raw\lyrics\3K7RddI2L8Wiv7uIbrhfLc.txt
3KQ3fLAkMYyCWQLCi60zeE,Sunshine Bless You,AKMU,ko,LRCLIB,success,success,data\raw\lyrics\3KQ3fLAkMYyCWQLCi60zeE.txt
3Kkjo3cT83cw09VJyrLNwX,Oh My God,Adele,en,LRCLIB,success,success,data\raw\lyrics\3Kkjo3cT83cw09VJyrLNwX.txt
3KyKxJ4P3pVCgaZwaq2rUC,Gasoline,The Weeknd,en,LRCLIB,success,success,data\raw\lyrics\3KyKxJ4P3pVCgaZwaq2rUC.txt
3LEgGAl9zLcQWGTp7ptqtQ,Don’t Wake Me Up,Jonas Blue,en,LRCLIB,success,success,data\raw\lyrics\3LEgGAl9zLcQWGTp7ptqtQ.txt
3LPLRNr58Z9Pn0clnEtkXb,Anxiety,Doechii,en,LRCLIB,success,success,data\raw\lyrics\3LPLRNr58Z9Pn0clnEtkXb.txt
3LUi9n9mMOR1eK3kle7oCe,Combo,RIIZE,en,LRCLIB,success,success,data\raw\lyrics\3LUi9n9mMOR1eK3kle7oCe.txt
3LWVXp636uLT356Rj08Jaz,Be Mine,Jimin,en,LRCLIB,success,success,data\raw\lyrics\3LWVXp636uLT356Rj08Jaz.txt
3LlEZ4J1ORcgP1WmTF9pIX,Nói Dối,Pháo,vi,Genius,success,success,data\raw\lyrics\3LlEZ4J1ORcgP1WmTF9pIX.txt
3MJ6lFNV12FSHAOzTzkwxz,Smile,Morgan Wallen,en,Genius,success,success,data\raw\lyrics\3MJ6lFNV12FSHAOzTzkwxz.txt
3MmvQKMKdN3UhVS3eGzJIW,Brush Em,Pop Smoke,en,LRCLIB,success,success,data\raw\lyrics\3MmvQKMKdN3UhVS3eGzJIW.txt
3NMrVbIVWT3fPXBj0rNDKG,The Tortured Poets Department,Taylor Swift,en,LRCLIB,success,success,data\raw\lyrics\3NMrVbIVWT3fPXBj0rNDKG.txt
3NPWH2UbMjch2vnS7qMFGM,Past Lives,11:11 Music Group,en,LRCLIB,success,success,data\raw\lyrics\3NPWH2UbMjch2vnS7qMFGM.txt
3Nn9QjxOEj1pleW9xTG6cq,TÌNH ĐẦU QUÁ CHÉN,"ANH TRAI ""SAY HI""",vi,LRCLIB,success,success,data\raw\lyrics\3Nn9QjxOEj1pleW9xTG6cq.txt
3NtCIBBz5pEAVGeHL4h5mS,TYRANT,Beyoncé,en,LRCLIB,success,success,data\raw\lyrics\3NtCIBBz5pEAVGeHL4h5mS.txt
3OVMe3H6iAxbLF8iD2UYrw,Chúng Ta Của Tương Lai,Sơn Tùng M-TP,vi,LRCLIB,success,success,data\raw\lyrics\3OVMe3H6iAxbLF8iD2UYrw.txt
3OdIiWnYRHPYtC313Z0Bwy,Face-off,Jimin,en,LRCLIB,success,success,data\raw\lyrics\3OdIiWnYRHPYtC313Z0Bwy.txt
3Osd3Yf8K73aj4ySn6LrvK,No Church In The Wild,JAŸ-Z,en,LRCLIB,success,success,data\raw\lyrics\3Osd3Yf8K73aj4ySn6LrvK.txt
3P3rcI48wwVEgxF5vPM6pG,Buông Đôi Tay Nhau Ra,Sơn Tùng M-TP,vi,LRCLIB,success,success,data\raw\lyrics\3P3rcI48wwVEgxF5vPM6pG.txt
3PIDciSFdrQxSQSihim3hN,Christmas (Baby Please Come Home),Mariah Carey,en,LRCLIB,success,success,data\raw\lyrics\3PIDciSFdrQxSQSihim3hN.txt
3QFInJAm9eyaho5vBzxInN,family ties,Baby Keem,en,LRCLIB,success,success,data\raw\lyrics\3QFInJAm9eyaho5vBzxInN.txt
3QIoEi8Enr9uHffwInGIsC,Please Come Home for Christmas - Eagles 2013 Remaster,Eagles,en,manual,success,success,data\raw\lyrics\3QIoEi8Enr9uHffwInGIsC.txt
3QiAAp20rPC3dcAtKtMaqQ,Blue Christmas,Elvis Presley,en,LRCLIB,success,success,data\raw\lyrics\3QiAAp20rPC3dcAtKtMaqQ.txt
3Qu3Zh4WTKhP9GEXo0aDnb,Thought You Should Know,Morgan Wallen,en,LRCLIB,success,success,data\raw\lyrics\3Qu3Zh4WTKhP9GEXo0aDnb.txt
3QuRLv8zkIYH31O5VgEpmo,Carla's Song,Harry Styles,en,LRCLIB,success,success,data\raw\lyrics\3QuRLv8zkIYH31O5VgEpmo.txt
3RA55zrRkyPK8Fd86hrMy8,LUNA,Peso Pluma,es,LRCLIB,success,success,data\raw\lyrics\3RA55zrRkyPK8Fd86hrMy8.txt
3RXUgPNIbUgFxsDWuBQEt6,How It’s Done,HUNTR/X,en,LRCLIB,success,success,data\raw\lyrics\3RXUgPNIbUgFxsDWuBQEt6.txt
3RwWW7KeVhHGayYJgUL5eZ,eternal sunshine,Ariana Grande,en,LRCLIB,success,success,data\raw\lyrics\3RwWW7KeVhHGayYJgUL5eZ.txt
3S7HNKPakdwNEBFIVTL6dZ,Treacherous (Taylor's Version),Taylor Swift,en,LRCLIB,success,success,data\raw\lyrics\3S7HNKPakdwNEBFIVTL6dZ.txt
3SYLoL8KHxdQPYIkfwmUjN,Remote Control,Kanye West,en,LRCLIB,success,success,data\raw\lyrics\3SYLoL8KHxdQPYIkfwmUjN.txt
3SeeaIXnrCfT88vHVCRWHl,Last Night Lonely,Jon Pardi,en,LRCLIB,success,success,data\raw\lyrics\3SeeaIXnrCfT88vHVCRWHl.txt
3T03rPwlL8NVk1yIaxeD8U,Off My Face,Justin Bieber,en,LRCLIB,success,success,data\raw\lyrics\3T03rPwlL8NVk1yIaxeD8U.txt
3T7XHOdRcyhKU3QCB6kZG3,chẳng phải tình đầu sao đau đến thế,MIN,vi,LRCLIB,success,success,data\raw\lyrics\3T7XHOdRcyhKU3QCB6kZG3.txt
3THVfoVD5kdCxPviVaCPi7,Internet Girl,KATSEYE,en,LRCLIB,success,success,data\raw\lyrics\3THVfoVD5kdCxPviVaCPi7.txt
3TPPESvMtVS5zt7FAX2M9n,SWEET SOUR,KiiiKiii,sw,LRCLIB,success,success,data\raw\lyrics\3TPPESvMtVS5zt7FAX2M9n.txt
3TPvrMAd1hbPRXuHCRX0Pl,AEAO,Dynamicduo,ko,LRCLIB,success,success,data\raw\lyrics\3TPvrMAd1hbPRXuHCRX0Pl.txt
3TQHPUEVdvdq8ejwEcHUlL,If I have you only (My love X Nerd Connection),Nerd Connection,ko,LRCLIB,success,success,data\raw\lyrics\3TQHPUEVdvdq8ejwEcHUlL.txt
3TSLqZssCoCdDlMhCJ08XW,Still Life,BIGBANG,ko,LRCLIB,success,success,data\raw\lyrics\3TSLqZssCoCdDlMhCJ08XW.txt
3UHPGOkUcE4hE7sqBF4Snt,Film out,BTS,ja,LRCLIB,success,success,data\raw\lyrics\3UHPGOkUcE4hE7sqBF4Snt.txt
3UX7FjJDl6RodnWekzFwEB,Exit Sign,HIEUTHUHAI,vi,LRCLIB,success,success,data\raw\lyrics\3UX7FjJDl6RodnWekzFwEB.txt
3Ua0m0YmEjrMi9XErKcNiR,Like Crazy,Jimin,en,LRCLIB,success,success,data\raw\lyrics\3Ua0m0YmEjrMi9XErKcNiR.txt
3Uo7WG0vmLQ07WB4BDwy7D,willow,Taylor Swift,en,LRCLIB,success,success,data\raw\lyrics\3Uo7WG0vmLQ07WB4BDwy7D.txt
3VQH9MYoFvxmXmWECnqdRg,Just One Day,Beenzino,ko,LRCLIB,success,success,data\raw\lyrics\3VQH9MYoFvxmXmWECnqdRg.txt
3VT8hOC5vuDXBsHrR53WFh,Astronaut In The Ocean,Masked Wolf,en,LRCLIB,success,success,data\raw\lyrics\3VT8hOC5vuDXBsHrR53WFh.txt
3VegC0PZiHjGxb80DER8XU,Merry Go Round,BTS,en,LRCLIB,success,success,data\raw\lyrics\3VegC0PZiHjGxb80DER8XU.txt
3Vevii7qKqrmW8CcyzBHDl,"So Long, London",Taylor Swift,en,LRCLIB,success,success,data\raw\lyrics\3Vevii7qKqrmW8CcyzBHDl.txt
3Vi5XqYrmQgOYBajMWSvCi,Need To Know,Doja Cat,en,LRCLIB,success,success,data\raw\lyrics\3Vi5XqYrmQgOYBajMWSvCi.txt
3VkV6L37ub0rtuYQoawAqz,Tình Mình Lạ Kì,Lil Zpoet,vi,LRCLIB,success,success,data\raw\lyrics\3VkV6L37ub0rtuYQoawAqz.txt
3VxmXJ4FdtbWI27p3Gx4Wh,Mono,i-dle,en,LRCLIB,success,success,data\raw\lyrics\3VxmXJ4FdtbWI27p3Gx4Wh.txt
3W77mLoXjQEkNjxvYRifjG,tâm trí lang thang,Ánh Sáng AZA,vi,LRCLIB,success,success,data\raw\lyrics\3W77mLoXjQEkNjxvYRifjG.txt
3WBRfkOozHEsG0hbrBzwlm,Everything Goes On,Porter Robinson,en,LRCLIB,success,success,data\raw\lyrics\3WBRfkOozHEsG0hbrBzwlm.txt
3WMj8moIAXJhHsyLaqIIHI,Something in the Orange,Zach Bryan,en,LRCLIB,success,success,data\raw\lyrics\3WMj8moIAXJhHsyLaqIIHI.txt
3WgFhZfyk5nb6v7hkwPmD4,Mommanem,"Tyler, The Creator",en,LRCLIB,success,success,data\raw\lyrics\3WgFhZfyk5nb6v7hkwPmD4.txt
3WvM2dIR9iIxMGNMP7WsNw,Landing in Love,HANRORO,unknown,LRCLIB,success,success,data\raw\lyrics\3WvM2dIR9iIxMGNMP7WsNw.txt
3X6qK1LdMkSOhklwRa2ZfG,Danger (Spider) (Offset & JID),Offset,mixed,LRCLIB,success,success,data\raw\lyrics\3X6qK1LdMkSOhklwRa2ZfG.txt
3X76Lal4GwBFqriHz1FbLU,SOS,FIFTY FIFTY,mixed,LRCLIB,success,success,data\raw\lyrics\3X76Lal4GwBFqriHz1FbLU.txt
3XCp5o1FUpAH0aj2Hmj5yz,Call Me,Wren Evans,vi,LRCLIB,success,success,data\raw\lyrics\3XCp5o1FUpAH0aj2Hmj5yz.txt
3XKI5295qhFbwNesz3ollU,Forg_tful,RM,ko,LRCLIB,success,success,data\raw\lyrics\3XKI5295qhFbwNesz3ollU.txt
3XOalgusokruzA5ZBA2Qcb,pushin P,Gunna,en,LRCLIB,success,success,data\raw\lyrics\3XOalgusokruzA5ZBA2Qcb.txt
3XbIhTYl6a0uXPyO43eiXa,Oak Island,Zach Bryan,en,LRCLIB,success,success,data\raw\lyrics\3XbIhTYl6a0uXPyO43eiXa.txt
3XfngyuVjltVRHSsLjrCRO,MY WAY (Prod. R.Tee),저스디스 (JUSTHIS),mixed,manual,success,success,data\raw\lyrics\3XfngyuVjltVRHSsLjrCRO.txt
3XgGQ1wjo5khvq2UImjyNF,ALL MINE,Brent Faiyaz,en,LRCLIB,success,success,data\raw\lyrics\3XgGQ1wjo5khvq2UImjyNF.txt
3XoYqtiWHhsk59frZupImG,What Else Can I Do?,Diane Guerrero,en,LRCLIB,success,success,data\raw\lyrics\3XoYqtiWHhsk59frZupImG.txt
3XoflnowYPFRPOh3uFvHcm,Selfish Love,DJ Snake,mixed,LRCLIB,success,success,data\raw\lyrics\3XoflnowYPFRPOh3uFvHcm.txt
3XsaSIPWvM61RIFfeb0BBR,White Christmas - 1947 Version,Bing Crosby,en,LRCLIB,success,success,data\raw\lyrics\3XsaSIPWvM61RIFfeb0BBR.txt
3YJJjQPAbDT7mGpX3WtQ9A,Good Days,SZA,en,LRCLIB,success,success,data\raw\lyrics\3YJJjQPAbDT7mGpX3WtQ9A.txt
3Z4BxvgOJ8KupcDIV3OV2f,In Your Fantasy,ATEEZ,en,LRCLIB,success,success,data\raw\lyrics\3Z4BxvgOJ8KupcDIV3OV2f.txt
3Z8FwOEN59mRMxDCtb8N0A,Be Kind,Marshmello,en,LRCLIB,success,success,data\raw\lyrics\3Z8FwOEN59mRMxDCtb8N0A.txt
3ZEno9fORwMA1HPecdLi0R,HAPPY,NF,en,LRCLIB,success,success,data\raw\lyrics\3ZEno9fORwMA1HPecdLi0R.txt
3ZVFcD8Wlw9T9klGqmJf9F,Florida!!!,Taylor Swift,en,LRCLIB,success,success,data\raw\lyrics\3ZVFcD8Wlw9T9klGqmJf9F.txt
3ZbZtdEw9U0uZW4tZItIwq,Chịu Cách Mình Nói Thua,RHYDER,vi,LRCLIB,success,success,data\raw\lyrics\3ZbZtdEw9U0uZW4tZItIwq.txt
3a2Oftcs10wtzw6AmxuTMU,Rồi Ta Sẽ Ngắm Pháo Hoa Cùng Nhau,Olew,vi,manual,success,success,data\raw\lyrics\3a2Oftcs10wtzw6AmxuTMU.txt
3a36nM6fPVA8K1vqq6d03o,x2,Lil Uzi Vert,en,LRCLIB,success,success,data\raw\lyrics\3a36nM6fPVA8K1vqq6d03o.txt
3aQem4jVGdhtg116TmJnHz,What’s Next,Drake,en,LRCLIB,success,success,data\raw\lyrics\3aQem4jVGdhtg116TmJnHz.txt
3aSWXU6owkZeVhh94XxEWO,30 For 30,SZA,en,LRCLIB,success,success,data\raw\lyrics\3aSWXU6owkZeVhh94XxEWO.txt
3aZptNYC6Z1YoumeqZcDcQ,gnx,Kendrick Lamar,en,LRCLIB,success,success,data\raw\lyrics\3aZptNYC6Z1YoumeqZcDcQ.txt
3anaHXs7z8NwLUatPxqJlE,Amen,Shaboozey,en,LRCLIB,success,success,data\raw\lyrics\3anaHXs7z8NwLUatPxqJlE.txt
3apeXzypBMnUfYcZYNX6DH,I CAN'T STOP ME,TWICE,mixed,LRCLIB,success,success,data\raw\lyrics\3apeXzypBMnUfYcZYNX6DH.txt
3b4YlIUpzYs3CZ6s9GVmzT,너,SYSTEM SEOUL,en,LRCLIB,success,success,data\raw\lyrics\3b4YlIUpzYs3CZ6s9GVmzT.txt
3bNNvJA7hsGw0wSpGkfOBm,Too Sad to Dance,Jung Kook,en,LRCLIB,success,success,data\raw\lyrics\3bNNvJA7hsGw0wSpGkfOBm.txt
3bUD1FmJClHcD0U7rIN0TR,"Romance Symphony (Feat. CHANGMO, Jay Park)",BIG Naughty,mixed,LRCLIB,success,success,data\raw\lyrics\3bUD1FmJClHcD0U7rIN0TR.txt
3bmpXHVie1GTy37OkXJ7Vc,2.0,BTS,en,LRCLIB,success,success,data\raw\lyrics\3bmpXHVie1GTy37OkXJ7Vc.txt
3bmqUlen7AJeTh3EKCEPHe,CÔ ĐƠN ANH CŨNG VUI,"TINH HÀ ""SAY HI""",vi,LRCLIB,success,success,data\raw\lyrics\3bmqUlen7AJeTh3EKCEPHe.txt
3cBsEDNhFI9E82vPj3kvi3,Wasted On You,Morgan Wallen,en,LRCLIB,success,success,data\raw\lyrics\3cBsEDNhFI9E82vPj3kvi3.txt
3cLCA9LSb6UiOeNvTZoaav,Plot Twist,Drake,en,LRCLIB,success,success,data\raw\lyrics\3cLCA9LSb6UiOeNvTZoaav.txt
3cLXrotzCjYCkN73PewALM,Good Goodbye,HWASA,id,LRCLIB,success,success,data\raw\lyrics\3cLXrotzCjYCkN73PewALM.txt
3cZH38witMhkLvATILgEe5,EASIER,"EM XINH ""SAY HI""",vi,LRCLIB,success,success,data\raw\lyrics\3cZH38witMhkLvATILgEe5.txt
3cZajhyr8LmtPfHZ9296tj,No Broke Boys,Disco Lines,en,LRCLIB,success,success,data\raw\lyrics\3cZajhyr8LmtPfHZ9296tj.txt
3caqaSvtldUKLY5Fd5msk2,Surfin' Boy,Red Velvet,en,LRCLIB,success,success,data\raw\lyrics\3caqaSvtldUKLY5Fd5msk2.txt
3cmdqMDc0Fj4TgPeyDOYTM,Us Vs. Them,$uicideboy$,en,LRCLIB,success,success,data\raw\lyrics\3cmdqMDc0Fj4TgPeyDOYTM.txt
3cnCdBXTlyBCKYrlHpXbIP,Island,PLAVE,en,LRCLIB,success,success,data\raw\lyrics\3cnCdBXTlyBCKYrlHpXbIP.txt
3d1oTMjtfVySbAYQp3v4MU,like i do,Ariana Grande,en,LRCLIB,success,success,data\raw\lyrics\3d1oTMjtfVySbAYQp3v4MU.txt
3d2bsbugow8JiNvuaRupFH,Slow Dance,Jimin,en,LRCLIB,success,success,data\raw\lyrics\3d2bsbugow8JiNvuaRupFH.txt
3dbLT62Cvs46Ju7a8gpr36,Savage,aespa,ko,LRCLIB,success,success,data\raw\lyrics\3dbLT62Cvs46Ju7a8gpr36.txt
3eX0NZfLtGzoLUxPNvRfqm,Maroon,Taylor Swift,en,LRCLIB,success,success,data\raw\lyrics\3eX0NZfLtGzoLUxPNvRfqm.txt
3eZYOQO4UzKrUDYDghtnFw,test drive,Ariana Grande,en,LRCLIB,success,success,data\raw\lyrics\3eZYOQO4UzKrUDYDghtnFw.txt
3eZcmEO0X0nsfV8E3NZelo,Take Me Back (Leave Me There),Cody Johnson,en,LRCLIB,success,success,data\raw\lyrics\3eZcmEO0X0nsfV8E3NZelo.txt
3eh51r6rFWAlGQRlHx9QnQ,Push Ups,Drake,en,LRCLIB,success,success,data\raw\lyrics\3eh51r6rFWAlGQRlHx9QnQ.txt
3evCfqmaP5ZFbWMeFI0E21,ALLIIGATOR TEARS,Beyoncé,en,LRCLIB,success,success,data\raw\lyrics\3evCfqmaP5ZFbWMeFI0E21.txt
3fRCAPMMZ8l8P9YKI6OCzD,drop dead,Olivia Rodrigo,en,LRCLIB,success,success,data\raw\lyrics\3fRCAPMMZ8l8P9YKI6OCzD.txt
3fqwjXwUGN6vbzIwvyFMhx,Tennessee Whiskey,Chris Stapleton,en,LRCLIB,success,success,data\raw\lyrics\3fqwjXwUGN6vbzIwvyFMhx.txt
3g8mimqqxsAEtkktm1TYEk,"Love over hip hop, money over love",noahjooda,ko,LRCLIB,success,success,data\raw\lyrics\3g8mimqqxsAEtkktm1TYEk.txt
3gFcGnU4kTdMYLXDjH1TK8,RUN2U,STAYC,ko,LRCLIB,success,success,data\raw\lyrics\3gFcGnU4kTdMYLXDjH1TK8.txt
3gmn76fCtpDazGMnN0QMHX,NIGHT DANCER,imase,sw,LRCLIB,success,success,data\raw\lyrics\3gmn76fCtpDazGMnN0QMHX.txt
3hB5DgAiMAQ4DzYbsMq1IT,Love Yourself,Justin Bieber,en,LRCLIB,success,success,data\raw\lyrics\3hB5DgAiMAQ4DzYbsMq1IT.txt
3hBAYbAECEix9raaTq8S3H,ヒロイン,back number,ja,LRCLIB,success,success,data\raw\lyrics\3hBAYbAECEix9raaTq8S3H.txt
3hRV0jL3vUpRrcy398teAU,The Night We Met,Lord Huron,en,LRCLIB,success,success,data\raw\lyrics\3hRV0jL3vUpRrcy398teAU.txt
3hUxzQpSfdDqwM3ZTFQY0K,august,Taylor Swift,en,LRCLIB,success,success,data\raw\lyrics\3hUxzQpSfdDqwM3ZTFQY0K.txt
3hxIUxnT27p5WcmjGUXNwx,Shut up My Moms Calling,Hotel Ugly,en,LRCLIB,success,success,data\raw\lyrics\3hxIUxnT27p5WcmjGUXNwx.txt
3hxfMsWQOcS2o68G62SpuU,Chưa Quên Người Yêu Cũ,Hà Nhi,vi,LRCLIB,success,success,data\raw\lyrics\3hxfMsWQOcS2o68G62SpuU.txt
3iEUDvanZwQhLCIqUmCR7N,The Spins,Mac Miller,en,LRCLIB,success,success,data\raw\lyrics\3iEUDvanZwQhLCIqUmCR7N.txt
3iJxBDym1SeqNqJqnvreHK,Never Ending Story,IU,ko,LRCLIB,success,success,data\raw\lyrics\3iJxBDym1SeqNqJqnvreHK.txt
3iPbmpKBMflYd7UjdYftoj,Alcohol-Free,TWICE,ko,LRCLIB,success,success,data\raw\lyrics\3iPbmpKBMflYd7UjdYftoj.txt
3j9BMKKE8DpDSBXVI0IdfA,Nhường Lại Em,Vũ.,vi,LRCLIB,success,success,data\raw\lyrics\3j9BMKKE8DpDSBXVI0IdfA.txt
3jHg6QE70y2FTdnsxSrCbv,GingaMingaYo (the strange world),Billlie,ko,LRCLIB,success,success,data\raw\lyrics\3jHg6QE70y2FTdnsxSrCbv.txt
3jxFmvoG55Cwv0JJBzRPce,Either Way,IVE,en,LRCLIB,success,success,data\raw\lyrics\3jxFmvoG55Cwv0JJBzRPce.txt
3k3NWokhRRkEPhCzPmV8TW,Ojitos Lindos,Bad Bunny,es,LRCLIB,success,success,data\raw\lyrics\3k3NWokhRRkEPhCzPmV8TW.txt
3k6q0O9JnO2GhvD6C8fs20,Closer Than This,Jimin,mixed,LRCLIB,success,success,data\raw\lyrics\3k6q0O9JnO2GhvD6C8fs20.txt
3kUHIvjJ8p9UzeaeeqHkfg,The Fall-Off is Inevitable,J. Cole,en,LRCLIB,success,success,data\raw\lyrics\3kUHIvjJ8p9UzeaeeqHkfg.txt
3kf0WdFOalKWBkCCLJo4mA,El Gordo Trae El Mando,Chino Pacas,es,LRCLIB,success,success,data\raw\lyrics\3kf0WdFOalKWBkCCLJo4mA.txt
3kfhS2L56Wj8fBcu7xE47H,Turks & Caicos,Rod Wave,en,LRCLIB,success,success,data\raw\lyrics\3kfhS2L56Wj8fBcu7xE47H.txt
3khEEPRyBeOUabbmOPJzAG,KICK BACK,Kenshi Yonezu,mixed,LRCLIB,success,success,data\raw\lyrics\3khEEPRyBeOUabbmOPJzAG.txt
3krZxyBsWEHfEfJegYaWTd,Come Through,H.E.R.,en,LRCLIB,success,success,data\raw\lyrics\3krZxyBsWEHfEfJegYaWTd.txt
3l6LBCOL9nPsSY29TUY2VE,Lilith,Halsey,en,LRCLIB,success,success,data\raw\lyrics\3l6LBCOL9nPsSY29TUY2VE.txt
3lboRjzlrZ8tFxR0y59Yny,I Know,KEY,en,LRCLIB,success,success,data\raw\lyrics\3lboRjzlrZ8tFxR0y59Yny.txt
3lc6BSosCqVoNddw1izHXj,Siren,RIIZE,mixed,LRCLIB,success,success,data\raw\lyrics\3lc6BSosCqVoNddw1izHXj.txt
3lwK3WyKAI5bUuGY1OgGbZ,Smart,LE SSERAFIM,ko,LRCLIB,success,success,data\raw\lyrics\3lwK3WyKAI5bUuGY1OgGbZ.txt
3m08yeqLjXsqblRU3KXPAp,"TICK TOCK (Feat. ZICO) (Prod. by ZICO, Crush)",HAON,mixed,LRCLIB,success,success,data\raw\lyrics\3m08yeqLjXsqblRU3KXPAp.txt
3m5PgWSClkZ44vdFmPiqpq,"Yes or No (Feat. HUH YUNJIN of LE SSERAFIM, Crush)",GroovyRoom,ko,LRCLIB,success,success,data\raw\lyrics\3m5PgWSClkZ44vdFmPiqpq.txt
3mmLyEhphJAaW7hyEXAD8l,Some,BOL4,ko,LRCLIB,success,success,data\raw\lyrics\3mmLyEhphJAaW7hyEXAD8l.txt
3nAp4IvdMPPWEH9uuXFFV5,Underneath the Tree,Kelly Clarkson,en,LRCLIB,success,success,data\raw\lyrics\3nAp4IvdMPPWEH9uuXFFV5.txt
3nNmRE0DxHC6ZaKkrpUumS,FINA,Bad Bunny,es,LRCLIB,success,success,data\raw\lyrics\3nNmRE0DxHC6ZaKkrpUumS.txt
3nS9a01VvXHQriLqJYwRqG,DOLLAZ ON MY HEAD,Gunna,en,LRCLIB,success,success,data\raw\lyrics\3nS9a01VvXHQriLqJYwRqG.txt
3ndCsZfq8OVwwkz9mmZvUz,Stay,BTS,mixed,LRCLIB,success,success,data\raw\lyrics\3ndCsZfq8OVwwkz9mmZvUz.txt
3nqQXoyQOWXiESFLlDF1hG,Unholy,Sam Smith,en,LRCLIB,success,success,data\raw\lyrics\3nqQXoyQOWXiESFLlDF1hG.txt
3nw5vYaH4qVx8joq3qhtNx,Okeokeoke,Low G,vi,LRCLIB,success,success,data\raw\lyrics\3nw5vYaH4qVx8joq3qhtNx.txt
3oiMjDZ1bShIpFfOQf55IW,LOVE me,BE'O,mixed,LRCLIB,success,success,data\raw\lyrics\3oiMjDZ1bShIpFfOQf55IW.txt
3pAVk6Ydn0dcGpG8gDyxSJ,Hell At Night,BigXthaPlug,en,LRCLIB,success,success,data\raw\lyrics\3pAVk6Ydn0dcGpG8gDyxSJ.txt
3pUa0ZxdSeaJXm0EIydD3F,"Would've, Could've, Should've",Taylor Swift,en,LRCLIB,success,success,data\raw\lyrics\3pUa0ZxdSeaJXm0EIydD3F.txt
3pgwxYRPbYIC6C1J2FPge8,Diễn viên tồi,Đen,vi,LRCLIB,success,success,data\raw\lyrics\3pgwxYRPbYIC6C1J2FPge8.txt
3pv7Q5v2dpdefwdWIvE7yH,Shake It Off (Taylor's Version),Taylor Swift,en,LRCLIB,success,success,data\raw\lyrics\3pv7Q5v2dpdefwdWIvE7yH.txt
3pyHABNUu0QxeyH1x8p7yf,Gặp Nhưng Không Ở Lại,Hiền Hồ,vi,LRCLIB,success,success,data\raw\lyrics\3pyHABNUu0QxeyH1x8p7yf.txt
3qCeq0rWK67SoBDgFd2sId,Feliz Navidad,José Feliciano,en,LRCLIB,success,success,data\raw\lyrics\3qCeq0rWK67SoBDgFd2sId.txt
3qKeW2XJFZU5CvOQKStQW6,NGƯỜI ĐẦU TIÊN,"EM XINH ""SAY HI""",vi,LRCLIB,success,success,data\raw\lyrics\3qKeW2XJFZU5CvOQKStQW6.txt
3qQbCzHBycnDpGskqOWY0E,Ella Baila Sola,Eslabon Armado,es,LRCLIB,success,success,data\raw\lyrics\3qQbCzHBycnDpGskqOWY0E.txt
3r8RuvgbX9s7ammBn07D3W,Ditto,NewJeans,ko,LRCLIB,success,success,data\raw\lyrics\3r8RuvgbX9s7ammBn07D3W.txt
3r9FFjLrAIQjoR8pSHVPC9,Outro : Ego,BTS,mixed,LRCLIB,success,success,data\raw\lyrics\3r9FFjLrAIQjoR8pSHVPC9.txt
3rIQPhzwnHiF3PzfFVnXp5,Nắng Ấm Trong Tim,Duongg,vi,LRCLIB,success,success,data\raw\lyrics\3rIQPhzwnHiF3PzfFVnXp5.txt
3rWDp9tBPQR9z6U5YyRSK4,Midnight Rain,Taylor Swift,en,LRCLIB,success,success,data\raw\lyrics\3rWDp9tBPQR9z6U5YyRSK4.txt
3rmo8F54jFF8OgYsqTxm5d,Bad Habits,Ed Sheeran,en,LRCLIB,success,success,data\raw\lyrics\3rmo8F54jFF8OgYsqTxm5d.txt
3sOAwRg5esaxDcWnUigWPv,0+0,HANRORO,ko,LRCLIB,success,success,data\raw\lyrics\3sOAwRg5esaxDcWnUigWPv.txt
3scRk3rUGIwpCg9kMNrtEQ,Amor,Baek A,ko,LRCLIB,success,success,data\raw\lyrics\3scRk3rUGIwpCg9kMNrtEQ.txt
3siwsiaEoU4Kuuc9WKMUy5,No One Noticed,The Marías,en,LRCLIB,success,success,data\raw\lyrics\3siwsiaEoU4Kuuc9WKMUy5.txt
3t4KHjd8uQpJJ2fa0fRIpR,High,The Chainsmokers,en,LRCLIB,success,success,data\raw\lyrics\3t4KHjd8uQpJJ2fa0fRIpR.txt
3t6gUcGYLrUuqwpXjOFWQc,I Never Lie,Zach Top,en,LRCLIB,success,success,data\raw\lyrics\3t6gUcGYLrUuqwpXjOFWQc.txt
3tFed7YsjGnIfxeLEQwx3R,Sticky,"Tyler, The Creator",en,LRCLIB,success,success,data\raw\lyrics\3tFed7YsjGnIfxeLEQwx3R.txt
3uA8SjMyDtwtt0jLPMQbVD,D (Half Moon),DEAN,en,LRCLIB,success,success,data\raw\lyrics\3uA8SjMyDtwtt0jLPMQbVD.txt
3uC4r2daXertBxxc8BpbbN,Lithonia,Childish Gambino,en,LRCLIB,success,success,data\raw\lyrics\3uC4r2daXertBxxc8BpbbN.txt
3uJFmluXzYedoJcvhpC1AW,Hot Shit,Cardi B,en,LRCLIB,success,success,data\raw\lyrics\3uJFmluXzYedoJcvhpC1AW.txt
3uT8QfoX0BE8ZJa4h98LDW,Wrong Times,Puppy,vi,LRCLIB,success,success,data\raw\lyrics\3uT8QfoX0BE8ZJa4h98LDW.txt
3uXTRQ41tZ7xwGJ1NnKnUC,I remember,ASH ISLAND,mixed,LRCLIB,success,success,data\raw\lyrics\3uXTRQ41tZ7xwGJ1NnKnUC.txt
3ukrFH17Zl6iEZ2QJ1Zwiy,Don't Côi,RPT Orijinn,vi,LRCLIB,success,success,data\raw\lyrics\3ukrFH17Zl6iEZ2QJ1Zwiy.txt
3v3gyQkwRQGwDUZ7V2q2lF,WHAT A DAY,"Tyler, The Creator",en,LRCLIB,success,success,data\raw\lyrics\3v3gyQkwRQGwDUZ7V2q2lF.txt
3vG5ilGpaYA2MhVtyTORF1,My Youth,NCT DREAM,ko,LRCLIB,success,success,data\raw\lyrics\3vG5ilGpaYA2MhVtyTORF1.txt
3vIkVVbhpMvsOJ1BKWT0nT,TAKE ME,G-DRAGON,ko,LRCLIB,success,success,data\raw\lyrics\3vIkVVbhpMvsOJ1BKWT0nT.txt
3vJIaiTIHxHhYafTSPNiH4,Zoo,Disney,en,LRCLIB,success,success,data\raw\lyrics\3vJIaiTIHxHhYafTSPNiH4.txt
3vkCueOmm7xQDoJ17W1Pm3,My Love Mine All Mine,Mitski,en,LRCLIB,success,success,data\raw\lyrics\3vkCueOmm7xQDoJ17W1Pm3.txt
3vnaEaDxMKdBhqA1t0uAwl,Warmth,Lim Young Woong,ko,LRCLIB,success,success,data\raw\lyrics\3vnaEaDxMKdBhqA1t0uAwl.txt
3w0w2T288dec0mgeZZqoNN,CARNIVAL,¥$,en,Genius,success,success,data\raw\lyrics\3w0w2T288dec0mgeZZqoNN.txt
3w1WjD2zJqjBjDz5fwqQPJ,Tyler Herro,Jack Harlow,en,LRCLIB,success,success,data\raw\lyrics\3w1WjD2zJqjBjDz5fwqQPJ.txt
3wEr5lmE7oaC3qhCbJTY8B,Hectic,RM,en,LRCLIB,success,success,data\raw\lyrics\3wEr5lmE7oaC3qhCbJTY8B.txt
3wGT3OycqbsHFjIKMZ8EEq,"No Matter Which Direction I'm Going In, I Never Chase These Hoes",$uicideboy$,en,LRCLIB,success,success,data\raw\lyrics\3wGT3OycqbsHFjIKMZ8EEq.txt
3wGx3gYPjECKZazGNuPEX2,Phải Chăng Em Đã Yêu?,Juky San,vi,LRCLIB,success,success,data\raw\lyrics\3wGx3gYPjECKZazGNuPEX2.txt
3wKCldl6riuEKxXlvuxFJ2,Pretty Savage - JP Ver.,BLACKPINK,en,LRCLIB,success,success,data\raw\lyrics\3wKCldl6riuEKxXlvuxFJ2.txt
3wUp8eCTshIrJcYbjWaoyP,ThichThich,Phương Ly,vi,LRCLIB,success,success,data\raw\lyrics\3wUp8eCTshIrJcYbjWaoyP.txt
3wkKkFAtYSTRwqOydW6T0I,Please Don't Go,Mike Posner,en,LRCLIB,success,success,data\raw\lyrics\3wkKkFAtYSTRwqOydW6T0I.txt
3x6unDluyCL4v5AeGrAVGA,Balloon in Love,SUNMI,en,LRCLIB,success,success,data\raw\lyrics\3x6unDluyCL4v5AeGrAVGA.txt
3xClevycpBON8bkyxFbAna,Taste Back,Harry Styles,en,LRCLIB,success,success,data\raw\lyrics\3xClevycpBON8bkyxFbAna.txt
3xKsf9qdS1CyvXSMEid6g8,Pink + White,Frank Ocean,en,LRCLIB,success,success,data\raw\lyrics\3xKsf9qdS1CyvXSMEid6g8.txt
3xYJScVfxByb61dYHTwiby,Hits Different,Taylor Swift,en,LRCLIB,success,success,data\raw\lyrics\3xYJScVfxByb61dYHTwiby.txt
3xkHsmpQCBMytMJNiDf3Ii,Beautiful Things,Benson Boone,en,LRCLIB,success,success,data\raw\lyrics\3xkHsmpQCBMytMJNiDf3Ii.txt
3xlhYIhZ7heAvohmw3uyfd,00,RPT MCK,vi,LRCLIB,success,success,data\raw\lyrics\3xlhYIhZ7heAvohmw3uyfd.txt
3xwMjQriBVW0OGEvNKo9c0,Been By Now,Morgan Wallen,en,LRCLIB,success,success,data\raw\lyrics\3xwMjQriBVW0OGEvNKo9c0.txt
3y1Aq9UzyzhMGuVaS8i2oA,"question mark (Feat. CHOIZA Of Dynamicduo, Zion.T)",Primary,ko,LRCLIB,success,success,data\raw\lyrics\3y1Aq9UzyzhMGuVaS8i2oA.txt
3y4q6bBdbXsTIaPiwiiUfy,3am,ROSÉ,en,LRCLIB,success,success,data\raw\lyrics\3y4q6bBdbXsTIaPiwiiUfy.txt
3y66li7DIrH7HLKIZzxR5H,Lễ Đường,Kai Đinh,vi,LRCLIB,success,success,data\raw\lyrics\3y66li7DIrH7HLKIZzxR5H.txt
3yDRcs0Y4pPzkvMbUfeF9H,Moonlit Floor,LISA,en,LRCLIB,success,success,data\raw\lyrics\3yDRcs0Y4pPzkvMbUfeF9H.txt
3yII7UwgLF6K5zW3xad3MP,22 (Taylor's Version),Taylor Swift,en,LRCLIB,success,success,data\raw\lyrics\3yII7UwgLF6K5zW3xad3MP.txt
3yWacnoBnM0lrzLmXAk44d,"Em Không Sai, Chúng Ta Sai",ERIK,vi,LRCLIB,success,success,data\raw\lyrics\3yWacnoBnM0lrzLmXAk44d.txt
3yWuTOYDztXjZxdE2cIRUa,Opalite,Taylor Swift,en,LRCLIB,success,success,data\raw\lyrics\3yWuTOYDztXjZxdE2cIRUa.txt
3yaYgjEFkRw3PVjW9mV1TO,Over The Top,Smiley,en,LRCLIB,success,success,data\raw\lyrics\3yaYgjEFkRw3PVjW9mV1TO.txt
3ybJERCKs3Jf3aT7xU1Vs4,Live My Life,aespa,ko,LRCLIB,success,success,data\raw\lyrics\3ybJERCKs3Jf3aT7xU1Vs4.txt
406IpEtZPvbxApWTGM3twY,HOT,LE SSERAFIM,ko,LRCLIB,success,success,data\raw\lyrics\406IpEtZPvbxApWTGM3twY.txt
40Ct4hvauHT2EDpik4eVuz,Xuân Xuân Ơi Xuân Đã Về,Bích Phương,vi,manual,success,success,data\raw\lyrics\40Ct4hvauHT2EDpik4eVuz.txt
40UVUuyy5RfpO0awclCttA,FAMOUS,ALLDAY PROJECT,en,LRCLIB,success,success,data\raw\lyrics\40UVUuyy5RfpO0awclCttA.txt
40iJIUlhi6renaREYGeIDS,Fair Trade,Drake,en,LRCLIB,success,success,data\raw\lyrics\40iJIUlhi6renaREYGeIDS.txt
40uMIn2zJLAQhNXghRjBed,Motley Crew,Post Malone,en,LRCLIB,success,success,data\raw\lyrics\40uMIn2zJLAQhNXghRjBed.txt
410TZrK18uRjtsTunG14cl,Middle of the Ocean,Drake,en,LRCLIB,success,success,data\raw\lyrics\410TZrK18uRjtsTunG14cl.txt
41DlPJXKTCypXdf2eSqa03,Bình Yên,Vũ.,vi,LRCLIB,success,success,data\raw\lyrics\41DlPJXKTCypXdf2eSqa03.txt
41JPN7pZMTp1sumBOHOzHd,People Pt.2,Agust D,mixed,LRCLIB,success,success,data\raw\lyrics\41JPN7pZMTp1sumBOHOzHd.txt
41aMYNen9G7uUbqLfV65cF,Tay To,Rapital,vi,LRCLIB,success,success,data\raw\lyrics\41aMYNen9G7uUbqLfV65cF.txt
41d2WjuL0ikRKVjxmL7ZFz,BOOMPALA,LE SSERAFIM,mixed,LRCLIB,success,success,data\raw\lyrics\41d2WjuL0ikRKVjxmL7ZFz.txt
41onDks2UPbyjer5fMeUWf,Christmas In Hollis,Run–D.M.C.,en,LRCLIB,success,success,data\raw\lyrics\41onDks2UPbyjer5fMeUWf.txt
41v5ExDEEEvJsWAPo91aoj,Slicked Back,Zach Bryan,en,LRCLIB,success,success,data\raw\lyrics\41v5ExDEEEvJsWAPo91aoj.txt
42T2QQv3xgBlpQxaSP7lnK,One Last Breath,Creed,en,LRCLIB,success,success,data\raw\lyrics\42T2QQv3xgBlpQxaSP7lnK.txt
42TtHTxWk782ZBiqyOi2d1,Dawns,Zach Bryan,en,LRCLIB,success,success,data\raw\lyrics\42TtHTxWk782ZBiqyOi2d1.txt
42VUCXerQ5qTr4Qp6PhKo4,Tears,Sabrina Carpenter,en,LRCLIB,success,success,data\raw\lyrics\42VUCXerQ5qTr4Qp6PhKo4.txt
42VsgItocQwOQC3XWZ8JNA,FE!N,Travis Scott,en,LRCLIB,success,success,data\raw\lyrics\42VsgItocQwOQC3XWZ8JNA.txt
42Xba467wgGvYrR2EE6s0i,Cigarettes,Juice WRLD,en,LRCLIB,success,success,data\raw\lyrics\42Xba467wgGvYrR2EE6s0i.txt
42ZrMq4BKsWDrrbMnMRYaK,Jail,Kanye West,en,LRCLIB,success,success,data\raw\lyrics\42ZrMq4BKsWDrrbMnMRYaK.txt
42fR3oINF3KfXCDtheoNiY,Don't fight the feeling,EXO,mixed,LRCLIB,success,success,data\raw\lyrics\42fR3oINF3KfXCDtheoNiY.txt
42lqBjPYlmL1EXpMDXvhSN,Somebody’s Problem,Morgan Wallen,en,LRCLIB,success,success,data\raw\lyrics\42lqBjPYlmL1EXpMDXvhSN.txt
42m3eP1JJhtzffal9B136J,7am On Bridle Path,Drake,en,LRCLIB,success,success,data\raw\lyrics\42m3eP1JJhtzffal9B136J.txt
42mIT9wfmgA48DTN8GmCxX,Giá Như,Chillies,vi,LRCLIB,success,success,data\raw\lyrics\42mIT9wfmgA48DTN8GmCxX.txt
43BJVWcBzHRIDaQCg7abnX,Champion,BLACKPINK,en,LRCLIB,success,success,data\raw\lyrics\43BJVWcBzHRIDaQCg7abnX.txt
43CIWpJaJHRcI4mUSjqgc2,Bad Boy,Juice WRLD,en,LRCLIB,success,success,data\raw\lyrics\43CIWpJaJHRcI4mUSjqgc2.txt
43SoxERu5UlXAgt4Es1VQU,Porch Light,Josh Meloy,en,LRCLIB,success,success,data\raw\lyrics\43SoxERu5UlXAgt4Es1VQU.txt
43qX7PiMfluhGyrJrjcP9p,I Need U,BTS,mixed,LRCLIB,success,success,data\raw\lyrics\43qX7PiMfluhGyrJrjcP9p.txt
43u5DDtK4vQ1coWXb4S5a8,HERO,Lim Young Woong,ko,LRCLIB,success,success,data\raw\lyrics\43u5DDtK4vQ1coWXb4S5a8.txt
43zzuEWDotRcKlSFzrlJqs,Thêm Bao Nhiêu Lâu,Đạt G,vi,LRCLIB,success,success,data\raw\lyrics\43zzuEWDotRcKlSFzrlJqs.txt
44QDTpkTR3eLLfXEKTjyul,Free,Xydo,unknown,LRCLIB,success,success,data\raw\lyrics\44QDTpkTR3eLLfXEKTjyul.txt
44V6EzbUSYgyfsNiP0FrlA,Visiting Hours,Ed Sheeran,en,LRCLIB,success,success,data\raw\lyrics\44V6EzbUSYgyfsNiP0FrlA.txt
44WLOqH7QayQOQdeUHeKUK,We are Bulletproof : the Eternal,BTS,en,LRCLIB,success,success,data\raw\lyrics\44WLOqH7QayQOQdeUHeKUK.txt
44XjoNvtwevktFKjvVe1vH,Andrea,Bad Bunny,es,LRCLIB,success,success,data\raw\lyrics\44XjoNvtwevktFKjvVe1vH.txt
44hqFxUWsADWewEJELnncj,No Doubt,ENHYPEN,ko,LRCLIB,success,success,data\raw\lyrics\44hqFxUWsADWewEJELnncj.txt
44sYmL97Lv8mEbzgANFkPD,thật quá đáng.. để yêu,NICKY,vi,LRCLIB,success,success,data\raw\lyrics\44sYmL97Lv8mEbzgANFkPD.txt
45Mswno1F7FoZkcmQkp7fi,Thích Em Hơi Nhiều,Wren Evans,vi,LRCLIB,success,success,data\raw\lyrics\45Mswno1F7FoZkcmQkp7fi.txt
45PPoUgqs3JrhkZGEzSUHT,3107 4,W/N,vi,LRCLIB,success,success,data\raw\lyrics\45PPoUgqs3JrhkZGEzSUHT.txt
45zLrK0668WQ5JFMyiYmCS,Interlude : Showtime,Jimin,mixed,LRCLIB,success,success,data\raw\lyrics\45zLrK0668WQ5JFMyiYmCS.txt
46HNZY1i7O6jwTA7Slo2PI,My Universe,Coldplay,mixed,LRCLIB,success,success,data\raw\lyrics\46HNZY1i7O6jwTA7Slo2PI.txt
46IZ0fSY2mpAiktS3KOqds,Easy On Me,Adele,en,LRCLIB,success,success,data\raw\lyrics\46IZ0fSY2mpAiktS3KOqds.txt
46eu3SBuFCXWsPT39Yg3tJ,Don't Stop 'Til You Get Enough - Single Version,Michael Jackson,en,LRCLIB,success,success,data\raw\lyrics\46eu3SBuFCXWsPT39Yg3tJ.txt
46wDG6evLn2iPoQ0F8CUWk,My sea,IU,ko,LRCLIB,success,success,data\raw\lyrics\46wDG6evLn2iPoQ0F8CUWk.txt
474uVhyGgK5MtY9gMcDgGl,It's Called: Freefall,Rainbow Kitten Surprise,en,LRCLIB,success,success,data\raw\lyrics\474uVhyGgK5MtY9gMcDgGl.txt
47ohYW8e7dxCYn9qbUMBCI,Christmas (Baby Please Come Home),Darlene Love,en,LRCLIB,success,success,data\raw\lyrics\47ohYW8e7dxCYn9qbUMBCI.txt
486dVHo58R4EhBQjcYF2NX,Khi Cơn Mơ Dần Phai,RAP VIỆT,vi,LRCLIB,success,success,data\raw\lyrics\486dVHo58R4EhBQjcYF2NX.txt
48WidxP9CqyYtk97pwGZ3c,Wasting Time ( feat. Drake ),Brent Faiyaz,en,LRCLIB,success,success,data\raw\lyrics\48WidxP9CqyYtk97pwGZ3c.txt
48axmFD7PUPnTOdSFMYrvj,WHO I WAS,NF,en,LRCLIB,success,success,data\raw\lyrics\48axmFD7PUPnTOdSFMYrvj.txt
496vIKS2INz840xZaKncvR,All Night Parking,Adele,en,LRCLIB,success,success,data\raw\lyrics\496vIKS2INz840xZaKncvR.txt
49j6SvuvWfbEKZKzsHCdLJ,stupid song,Olivia Rodrigo,en,LRCLIB,success,success,data\raw\lyrics\49j6SvuvWfbEKZKzsHCdLJ.txt
49txvOVNLAHwG9bMtdKP6a,"Flights, Not Feelings",aespa,en,LRCLIB,success,success,data\raw\lyrics\49txvOVNLAHwG9bMtdKP6a.txt
4AgFXIVT7hVhBZ5DEOaLu3,tiny love,Thịnh Suy,vi,LRCLIB,success,success,data\raw\lyrics\4AgFXIVT7hVhBZ5DEOaLu3.txt
4B4Q7zfd0aHcuhQBfCRnH5,NORMAL,BTS,en,LRCLIB,success,success,data\raw\lyrics\4B4Q7zfd0aHcuhQBfCRnH5.txt
4BSR9I4ExlCJdXJo2GpBD5,Take Your Mask Off,"Tyler, The Creator",en,LRCLIB,success,success,data\raw\lyrics\4BSR9I4ExlCJdXJo2GpBD5.txt
4BdB08vuS9r4HOoY7GkAxT,Nếu Ngày Ấy,SOOBIN,vi,LRCLIB,success,success,data\raw\lyrics\4BdB08vuS9r4HOoY7GkAxT.txt
4C2KCXzqC0kwNyTilyRLUx,IBELONGIIU,G-DRAGON,en,LRCLIB,success,success,data\raw\lyrics\4C2KCXzqC0kwNyTilyRLUx.txt
4CRhJHHbH9Awx7z7xRAdPP,Unread Message,Lim Young Woong,ko,LRCLIB,success,success,data\raw\lyrics\4CRhJHHbH9Awx7z7xRAdPP.txt
4CUvVaAYuXtvYURLFz7EIL,Chuyện Đôi Ta,Emcee L (Da LAB),vi,LRCLIB,success,success,data\raw\lyrics\4CUvVaAYuXtvYURLFz7EIL.txt
4Cgct9Vlype9cYZFW2wSnk,"Hey kid, Close your eyes",AKMU,mixed,LRCLIB,success,success,data\raw\lyrics\4Cgct9Vlype9cYZFW2wSnk.txt
4CkgMiMqZ5JzW9iYXSTMTL,I Bet You Think About Me,Taylor Swift,en,LRCLIB,success,success,data\raw\lyrics\4CkgMiMqZ5JzW9iYXSTMTL.txt
4Cr43xPo7bwyCcL1g3yVCu,A bientot,Lim Young Woong,ko,LRCLIB,success,success,data\raw\lyrics\4Cr43xPo7bwyCcL1g3yVCu.txt
4D1eaEIisnWCVPMnYuMh7q,漫步香港1999,白浩贤BlueC,zh,manual,success,success,data\raw\lyrics\4D1eaEIisnWCVPMnYuMh7q.txt
4Dvkj6JhhA12EX05fT7y2e,As It Was,Harry Styles,en,LRCLIB,success,success,data\raw\lyrics\4Dvkj6JhhA12EX05fT7y2e.txt
4EIFwndJvGpgFjsEbNuYif,ExtraL,JENNIE,en,LRCLIB,success,success,data\raw\lyrics\4EIFwndJvGpgFjsEbNuYif.txt
4EaQ0ouIydfeAgQUz284EF,"People, Pt. 2",Agust D,mixed,manual,success,success,data\raw\lyrics\4EaQ0ouIydfeAgQUz284EF.txt
4EwNWRBWdZ6bgvxRHlZ8OO,CROOKED,G-DRAGON,ko,Genius,success,success,data\raw\lyrics\4EwNWRBWdZ6bgvxRHlZ8OO.txt
4F0ft3ZDmIN7xz4HxYW7y0,keep our love alive,Akame,en,manual,success,success,data\raw\lyrics\4F0ft3ZDmIN7xz4HxYW7y0.txt
4FKmrrI6y8REWoCyV5tAhY,Just 10 centimeters,10CM,ko,LRCLIB,success,success,data\raw\lyrics\4FKmrrI6y8REWoCyV5tAhY.txt
4Flfb4fGscN9kXPOduQLrv,Treacherous Twins,Drake,en,LRCLIB,success,success,data\raw\lyrics\4Flfb4fGscN9kXPOduQLrv.txt
4FyesJzVpA39hbYvcseO2d,Just Wanna Rock,Lil Uzi Vert,en,LRCLIB,success,success,data\raw\lyrics\4FyesJzVpA39hbYvcseO2d.txt
4GqhG9rDuRUoNyDSMJ0Brq,SPIDER-MAN SUPERMAN,PARTYNEXTDOOR,en,LRCLIB,success,success,data\raw\lyrics\4GqhG9rDuRUoNyDSMJ0Brq.txt
4H6s1mTZcjHAMU36ZF3Xoz,Nothing Without Your Love,Jin,en,LRCLIB,success,success,data\raw\lyrics\4H6s1mTZcjHAMU36ZF3Xoz.txt
4HAOgAnILvXCbSODMoRnmD,For Us,V,en,LRCLIB,success,success,data\raw\lyrics\4HAOgAnILvXCbSODMoRnmD.txt
4HBZA5flZLE435QTztThqH,Stuck with U,Ariana Grande,en,LRCLIB,success,success,data\raw\lyrics\4HBZA5flZLE435QTztThqH.txt
4HWDNZ1i6gyzu9tUbNhC2C,Revelation,Morgan Wallen,en,LRCLIB,success,success,data\raw\lyrics\4HWDNZ1i6gyzu9tUbNhC2C.txt
4HeViKsdSOLkOvwfcRVkK8,Mamaw's House,Thomas Rhett,en,LRCLIB,success,success,data\raw\lyrics\4HeViKsdSOLkOvwfcRVkK8.txt
4HiC3ulkTgbEcYYsSuR6PO,Danger Zone,Kenny Loggins,en,LRCLIB,success,success,data\raw\lyrics\4HiC3ulkTgbEcYYsSuR6PO.txt
4HjBeRYorM50d1rCrl853a,50 CUỘC GỌI NHỠ,"TINH HÀ ""SAY HI""",vi,LRCLIB,success,success,data\raw\lyrics\4HjBeRYorM50d1rCrl853a.txt
4HxGH28DitgAuuKpEVrLzN,two years,ROSÉ,en,LRCLIB,success,success,data\raw\lyrics\4HxGH28DitgAuuKpEVrLzN.txt
4I2ne5vm5LJmrXAfqgjAG4,Tình Ca Tình Ta,kis,vi,LRCLIB,success,success,data\raw\lyrics\4I2ne5vm5LJmrXAfqgjAG4.txt
4IJsVXbSeGPUrgwpVoHmlg,The Planet,BTS,en,LRCLIB,success,success,data\raw\lyrics\4IJsVXbSeGPUrgwpVoHmlg.txt
4IQkfUsrwXol38VV3U7t7T,Run,Taylor Swift,en,LRCLIB,success,success,data\raw\lyrics\4IQkfUsrwXol38VV3U7t7T.txt
4IaxDf2FixiQXq0mW7key9,ZOOM,Jessi,en,LRCLIB,success,success,data\raw\lyrics\4IaxDf2FixiQXq0mW7key9.txt
4IixOTCzviJgIigKleiVbo,Even In Arcadia,Sleep Token,en,LRCLIB,success,success,data\raw\lyrics\4IixOTCzviJgIigKleiVbo.txt
4Ilw2lD6z4WBqh65vUUZUf,my way,Olivia Rodrigo,en,LRCLIB,success,success,data\raw\lyrics\4Ilw2lD6z4WBqh65vUUZUf.txt
4Iz5EWPCAT8jYNk4IpLoll,Dù Cho Mai Về Sau,buitruonglinh,vi,LRCLIB,success,success,data\raw\lyrics\4Iz5EWPCAT8jYNk4IpLoll.txt
4JJcP0Rv9AgyPD6ZGaC8EE,durag activity,Baby Keem,en,LRCLIB,success,success,data\raw\lyrics\4JJcP0Rv9AgyPD6ZGaC8EE.txt
4JK1kDUdH9RTBQrrSO1QfR,ベテルギウス,Yuuri,sw,LRCLIB,success,success,data\raw\lyrics\4JK1kDUdH9RTBQrrSO1QfR.txt
4K8jDTlNhZWEdnzZVGRMtN,FEARLESS (2023 Ver.),LE SSERAFIM,mixed,LRCLIB,success,success,data\raw\lyrics\4K8jDTlNhZWEdnzZVGRMtN.txt
4KDNRh9Oor80z3XIxdWlui,Bubbly,Young Thug,en,LRCLIB,success,success,data\raw\lyrics\4KDNRh9Oor80z3XIxdWlui.txt
4KLmT1bU7eyEBe35FzEjbd,Chim Quý Trong Lồng,K-ICM,vi,LRCLIB,success,success,data\raw\lyrics\4KLmT1bU7eyEBe35FzEjbd.txt
4KULAymBBJcPRpk1yO4dOG,I Remember Everything,Zach Bryan,en,LRCLIB,success,success,data\raw\lyrics\4KULAymBBJcPRpk1yO4dOG.txt
4Km9FSF9iaQiTLnFPdbPom,6 Months Later,Megan Moroney,en,LRCLIB,success,success,data\raw\lyrics\4Km9FSF9iaQiTLnFPdbPom.txt
4KmkJjHTNlr1jFY56Lyz4E,PINKY UP,KATSEYE,en,LRCLIB,success,success,data\raw\lyrics\4KmkJjHTNlr1jFY56Lyz4E.txt
4LJJxB4a47mreJAfKwbGEM,body,DAYOUNG,en,LRCLIB,success,success,data\raw\lyrics\4LJJxB4a47mreJAfKwbGEM.txt
4LYNt6hWctTuZWYiwafuD6,Danny Phantom,Trippie Redd,en,LRCLIB,success,success,data\raw\lyrics\4LYNt6hWctTuZWYiwafuD6.txt
4MokmgyM83qhJ6IAaChom5,Counting Stars,BE'O,en,LRCLIB,success,success,data\raw\lyrics\4MokmgyM83qhJ6IAaChom5.txt
4MzXwWMhyBbmu6hOcLVD49,DÁKITI,Bad Bunny,es,LRCLIB,success,success,data\raw\lyrics\4MzXwWMhyBbmu6hOcLVD49.txt
4OAuvHryIVv4kMDNSLuPt6,Red (Taylor's Version),Taylor Swift,en,LRCLIB,success,success,data\raw\lyrics\4OAuvHryIVv4kMDNSLuPt6.txt
4OMJGnvZfDvsePyCwRGO7X,Houdini,Dua Lipa,en,LRCLIB,success,success,data\raw\lyrics\4OMJGnvZfDvsePyCwRGO7X.txt
4OXAneZHFJyQV1RuzCzmH3,Buồn Hay Vui,VSOUL,vi,LRCLIB,success,success,data\raw\lyrics\4OXAneZHFJyQV1RuzCzmH3.txt
4P9Q0GojKVXpRTJCaL3kyy,All Of The Girls You Loved Before,Taylor Swift,en,LRCLIB,success,success,data\raw\lyrics\4P9Q0GojKVXpRTJCaL3kyy.txt
4PCh6DAkUYKnEmvjV4ouOs,Nâng Chén Tiêu Sầu,Bích Phương,vi,LRCLIB,success,success,data\raw\lyrics\4PCh6DAkUYKnEmvjV4ouOs.txt
4PS1e8f2LvuTFgUs1Cn3ON,The Christmas Song (Merry Christmas To You),Nat King Cole,en,LRCLIB,success,success,data\raw\lyrics\4PS1e8f2LvuTFgUs1Cn3ON.txt
4QDpsNBlllaLGj8zbF2EE0,Charmer,Stray Kids,en,LRCLIB,success,success,data\raw\lyrics\4QDpsNBlllaLGj8zbF2EE0.txt
4QhnNyKDsAkXPwHkSnuc89,"Eve, Psyche & The Bluebeard’s wife",LE SSERAFIM,mixed,LRCLIB,success,success,data\raw\lyrics\4QhnNyKDsAkXPwHkSnuc89.txt
4QkTMKgtkI6P9v9NRzSswS,CHỜ MỘT NGƯỜI,RAP VIỆT,vi,LRCLIB,success,success,data\raw\lyrics\4QkTMKgtkI6P9v9NRzSswS.txt
4R2kfaDFhslZEMJqAFNpdd,cardigan,Taylor Swift,en,LRCLIB,success,success,data\raw\lyrics\4R2kfaDFhslZEMJqAFNpdd.txt
4RVwu0g32PAqgUiJoXsdF8,Happier Than Ever,Billie Eilish,en,LRCLIB,success,success,data\raw\lyrics\4RVwu0g32PAqgUiJoXsdF8.txt
4RvWPyQ5RL0ao9LPZeSouE,Everybody Wants To Rule The World,Tears For Fears,en,LRCLIB,success,success,data\raw\lyrics\4RvWPyQ5RL0ao9LPZeSouE.txt
4SFknyjLcyTLJFPKD2m96o,How You Like That,BLACKPINK,ko,LRCLIB,success,success,data\raw\lyrics\4SFknyjLcyTLJFPKD2m96o.txt
4Sav8RLaXMBpTZX6xNPj0K,Try Again,JAEHYUN,en,LRCLIB,success,success,data\raw\lyrics\4Sav8RLaXMBpTZX6xNPj0K.txt
4ShxDU7CHNQVi2wwgSdqfF,Loving You Girl,Peder Elias,en,LRCLIB,success,success,data\raw\lyrics\4ShxDU7CHNQVi2wwgSdqfF.txt
4SqE2XLtd1AfppGm2xlkf4,Nắng Ấm Xa Dần,Sơn Tùng M-TP,vi,LRCLIB,success,success,data\raw\lyrics\4SqE2XLtd1AfppGm2xlkf4.txt
4SqWKzw0CbA05TGszDgMlc,I Love You So,The Walters,en,LRCLIB,success,success,data\raw\lyrics\4SqWKzw0CbA05TGszDgMlc.txt
4T9hw59r85ZkesNoYWQIJg,Arcade,NCT DREAM,ko,LRCLIB,success,success,data\raw\lyrics\4T9hw59r85ZkesNoYWQIJg.txt
4TIqzdAssasqx3DAe6cG9J,Ramen & OJ,Joyner Lucas,en,LRCLIB,success,success,data\raw\lyrics\4TIqzdAssasqx3DAe6cG9J.txt
4TMdpMJNQdcawl8JjZEwLk,Nụ hôn Bisou,Lãng,vi,LRCLIB,success,success,data\raw\lyrics\4TMdpMJNQdcawl8JjZEwLk.txt
4TfH2Syxsx2cAJShY8u6bT,Anh Luôn Là Lý Do,ERIK,vi,LRCLIB,success,success,data\raw\lyrics\4TfH2Syxsx2cAJShY8u6bT.txt
4ThbwJaIWVxXZ1qJaHQBCz,Travelin' Soldier,Cody Johnson,en,LRCLIB,success,success,data\raw\lyrics\4ThbwJaIWVxXZ1qJaHQBCz.txt
4TmcmTzr88j02kCDh19VNt,SECRET,"TINH HÀ ""SAY HI""",vi,LRCLIB,success,success,data\raw\lyrics\4TmcmTzr88j02kCDh19VNt.txt
4TyQKEifYDWTfTSRwpxlYI,Bông Hoa Đẹp Nhất,Quân A.P,vi,LRCLIB,success,success,data\raw\lyrics\4TyQKEifYDWTfTSRwpxlYI.txt
4UAnQaQTSMjKjHkqjKwEYx,Permission to Dance - Live,BTS,en,LRCLIB,success,success,data\raw\lyrics\4UAnQaQTSMjKjHkqjKwEYx.txt
4Ut6UU8Yyihz1jCZWSCQpu,Skit: Circle Room Talk,BTS,ko,LRCLIB,success,success,data\raw\lyrics\4Ut6UU8Yyihz1jCZWSCQpu.txt
4UwqOWDpdeIDVQDuKT6iza,You Are In Love (Taylor's Version),Taylor Swift,en,LRCLIB,success,success,data\raw\lyrics\4UwqOWDpdeIDVQDuKT6iza.txt
4VjLWbQhf8KUPMeuBO5H55,MVP (MƯA VỘI PHÓNG),"TINH HÀ ""SAY HI""",vi,LRCLIB,success,success,data\raw\lyrics\4VjLWbQhf8KUPMeuBO5H55.txt
4WFfPxJv1KRekG6mxn837K,EYES CLOSED,JISOO,en,LRCLIB,success,success,data\raw\lyrics\4WFfPxJv1KRekG6mxn837K.txt
4WUpMUjdoi47LY7gBQBXe3,Grain of Sand,Lim Young Woong,ko,Genius,success,success,data\raw\lyrics\4WUpMUjdoi47LY7gBQBXe3.txt
4WZf4gJ2MvBec6XPdUiqcq,ANH BIẾT RỒI,"ANH TRAI ""SAY HI""",vi,LRCLIB,success,success,data\raw\lyrics\4WZf4gJ2MvBec6XPdUiqcq.txt
4Wdwvi2C5MD8zDi9Kg3x4X,Chúng Ta Sau Này,T.R.I,vi,LRCLIB,success,success,data\raw\lyrics\4Wdwvi2C5MD8zDi9Kg3x4X.txt
4WrkJNGb4zUwARc0FD3iNf,Loser,Jin,ko,LRCLIB,success,success,data\raw\lyrics\4WrkJNGb4zUwARc0FD3iNf.txt
4XI5Kdm1zdSFxdIGd9xUVT,"gganbu (Feat. YUMDDA, ASH ISLAND) (Prod. TOIL)",KOONTA,ko,LRCLIB,success,success,data\raw\lyrics\4XI5Kdm1zdSFxdIGd9xUVT.txt
4XsJiRJQAK8TWcZCn0Dxlh,POWER,G-DRAGON,mixed,LRCLIB,success,success,data\raw\lyrics\4XsJiRJQAK8TWcZCn0Dxlh.txt
4XvcHTUfIlWfyJTRG0aqlo,2055,Sleepy Hallow,en,LRCLIB,success,success,data\raw\lyrics\4XvcHTUfIlWfyJTRG0aqlo.txt
4YLizxRQsTqqnvzzYq2VaE,Mr Chow,Lil Uzi Vert,en,LRCLIB,success,success,data\raw\lyrics\4YLizxRQsTqqnvzzYq2VaE.txt
4YQImHflXSiIMXntcwPkx8,Bongos,Cardi B,en,LRCLIB,success,success,data\raw\lyrics\4YQImHflXSiIMXntcwPkx8.txt
4Yg2w0P29BBBMixyeNjDtj,Do They Know It's Christmas? - 1984 Version,Band Aid,en,manual,success,success,data\raw\lyrics\4Yg2w0P29BBBMixyeNjDtj.txt
4Z5KKoBGxpJo8YbDcGQXd5,Secondhand,Don Toliver,en,LRCLIB,success,success,data\raw\lyrics\4Z5KKoBGxpJo8YbDcGQXd5.txt
4ZB2yAZyPHI6SHdFPPT9sa,In The Dark,Swae Lee,en,LRCLIB,success,success,data\raw\lyrics\4ZB2yAZyPHI6SHdFPPT9sa.txt
4ZJ4vzLQekI0WntDbanNC7,Pink Skies,Zach Bryan,en,LRCLIB,success,success,data\raw\lyrics\4ZJ4vzLQekI0WntDbanNC7.txt
4ZT0wGKwlJRjpMUuwZVy3p,Daylight,Drake,en,LRCLIB,success,success,data\raw\lyrics\4ZT0wGKwlJRjpMUuwZVy3p.txt
4ZtFanR9U6ndgddUvNcjcG,good 4 u,Olivia Rodrigo,en,LRCLIB,success,success,data\raw\lyrics\4ZtFanR9U6ndgddUvNcjcG.txt
4aS8OY1JsRSBKGfnAkIOZH,You can't sit with us,SUNMI,en,LRCLIB,success,success,data\raw\lyrics\4aS8OY1JsRSBKGfnAkIOZH.txt
4bWZz15GR1EE8E8x23rDWV,PUNCH DRUNK,Kanye West,en,LRCLIB,success,success,data\raw\lyrics\4bWZz15GR1EE8E8x23rDWV.txt
4bjN59DRXFRxBE1g5ne6B1,Haegeum,Agust D,ko,LRCLIB,success,success,data\raw\lyrics\4bjN59DRXFRxBE1g5ne6B1.txt
4bjNOhOMvqFPflwHIaS7Fw,1:05,The Black Skirts,ko,LRCLIB,success,success,data\raw\lyrics\4bjNOhOMvqFPflwHIaS7Fw.txt
4c9CHyzibRaogeupFGzsFW,L[ ]VE,CHOIJUNSEONG (Jun S),en,LRCLIB,success,success,data\raw\lyrics\4c9CHyzibRaogeupFGzsFW.txt
4daEMLSZCgZ2Mt7gNm2SRa,Flooded The Face,Lil Uzi Vert,en,LRCLIB,success,success,data\raw\lyrics\4daEMLSZCgZ2Mt7gNm2SRa.txt
4e3ZNTAV6PCrdYMUrUlMpQ,Electric Touch,Taylor Swift,en,LRCLIB,success,success,data\raw\lyrics\4e3ZNTAV6PCrdYMUrUlMpQ.txt
4eFTh1opLS5wANDmZK9ghC,Cherry Blossom Ending,Busker Busker,ko,LRCLIB,success,success,data\raw\lyrics\4eFTh1opLS5wANDmZK9ghC.txt
4eLDmhsJW3JoZTXCAozHor,Loco,Neton Vega,es,LRCLIB,success,success,data\raw\lyrics\4eLDmhsJW3JoZTXCAozHor.txt
4eNOLmx8r2IJAVKvBBL1jv,Headshot,Lil Tjay,en,LRCLIB,success,success,data\raw\lyrics\4eNOLmx8r2IJAVKvBBL1jv.txt
4ecdsGz3Hg6TKPwQ0ZOdJz,FaSHioN,CORTIS,mixed,LRCLIB,success,success,data\raw\lyrics\4ecdsGz3Hg6TKPwQ0ZOdJz.txt
4eeflgjzTF8xN8U2E0dech,NGỰA Ô,Dangrangto,vi,LRCLIB,success,success,data\raw\lyrics\4eeflgjzTF8xN8U2E0dech.txt
4exlWP8cokkWVCvyP3kg7c,nếu lúc đó,tlinh,vi,LRCLIB,success,success,data\raw\lyrics\4exlWP8cokkWVCvyP3kg7c.txt
4fYte8ZvTK14NEhAOZocBi,I Ain't Worried,OneRepublic,en,LRCLIB,success,success,data\raw\lyrics\4fYte8ZvTK14NEhAOZocBi.txt
4fj4Jn4nw8fGX8xdbCntJf,Sau Cơn Mưa,CoolKid,vi,Genius,success,success,data\raw\lyrics\4fj4Jn4nw8fGX8xdbCntJf.txt
4fnNBPN9W6AoOYSQS3FJxT,Notice Me,SZA,en,LRCLIB,success,success,data\raw\lyrics\4fnNBPN9W6AoOYSQS3FJxT.txt
4fouWK6XVHhzl78KzQ1UjL,abcdefu,GAYLE,en,LRCLIB,success,success,data\raw\lyrics\4fouWK6XVHhzl78KzQ1UjL.txt
4fsQ0K37TOXa3hEQfjEic1,ANTIFRAGILE,LE SSERAFIM,mixed,LRCLIB,success,success,data\raw\lyrics\4fsQ0K37TOXa3hEQfjEic1.txt
4gaxEUZE4z9pJAVTSFwgQI,một đời,14 Casper,vi,LRCLIB,success,success,data\raw\lyrics\4gaxEUZE4z9pJAVTSFwgQI.txt
4gfrYDtaRmp6HPvN80V2ob,I Got Better,Morgan Wallen,en,LRCLIB,success,success,data\raw\lyrics\4gfrYDtaRmp6HPvN80V2ob.txt
4gxEY3Mh5FZZDAJAKPNrCS,CRAZY,LE SSERAFIM,en,LRCLIB,success,success,data\raw\lyrics\4gxEY3Mh5FZZDAJAKPNrCS.txt
4h4QlmocP3IuwYEj2j14p8,Sunroof,Nicky Youre,en,LRCLIB,success,success,data\raw\lyrics\4h4QlmocP3IuwYEj2j14p8.txt
4hdOYl6xm8ry6hZzn9pBqw,QUA TỪNG KHUNG HÌNH,RAP VIỆT,vi,manual,success,success,data\raw\lyrics\4hdOYl6xm8ry6hZzn9pBqw.txt
4i6cwNY6oIUU2XZxPIw82Y,Karma,Taylor Swift,en,LRCLIB,success,success,data\raw\lyrics\4i6cwNY6oIUU2XZxPIw82Y.txt
4iJyoBOLtHqaGxP12qzhQI,Peaches,Justin Bieber,en,LRCLIB,success,success,data\raw\lyrics\4iJyoBOLtHqaGxP12qzhQI.txt
4iLqG9SeJSnt0cSPICSjxv,Attention,Charlie Puth,en,LRCLIB,success,success,data\raw\lyrics\4iLqG9SeJSnt0cSPICSjxv.txt
4iZ4pt7kvcaH6Yo8UoZ4s2,Snooze,SZA,en,LRCLIB,success,success,data\raw\lyrics\4iZ4pt7kvcaH6Yo8UoZ4s2.txt
4iZIvaus7v4wSjFvdF83NA,FLYING HIGH WITH U,VINXEN,ko,LRCLIB,success,success,data\raw\lyrics\4iZIvaus7v4wSjFvdF83NA.txt
4inMQ83GNpQ2OHDredH5hW,24h,Lyly,vi,LRCLIB,success,success,data\raw\lyrics\4inMQ83GNpQ2OHDredH5hW.txt
4jWmhzf53Q0ZvZMuGdiR9x,shhhhhhh..,WEAN,mixed,LRCLIB,success,success,data\raw\lyrics\4jWmhzf53Q0ZvZMuGdiR9x.txt
4jyyma8YdFC4S4llusSFRu,butterflies.,Brent Faiyaz,en,LRCLIB,success,success,data\raw\lyrics\4jyyma8YdFC4S4llusSFRu.txt
4kSDi21MeOoSvpZs6MveI9,Teddy Bear,STAYC,mixed,LRCLIB,success,success,data\raw\lyrics\4kSDi21MeOoSvpZs6MveI9.txt
4kX7xkopoXZCfE1D6fNwl2,honeybee,Olivia Rodrigo,en,LRCLIB,success,success,data\raw\lyrics\4kX7xkopoXZCfE1D6fNwl2.txt
4kjA6oaloTf6ndyntyhZx8,"Cậu Ấm, Cô Chén",RAP VIỆT,vi,LRCLIB,success,success,data\raw\lyrics\4kjA6oaloTf6ndyntyhZx8.txt
4kjI1gwQZRKNDkw1nI475M,MY EYES,Travis Scott,en,LRCLIB,success,success,data\raw\lyrics\4kjI1gwQZRKNDkw1nI475M.txt
4mqfe9XrgEOSsofvq5MyjR,Heavenly fate,LEECHANGSUB,unknown,LRCLIB,success,success,data\raw\lyrics\4mqfe9XrgEOSsofvq5MyjR.txt
4muwDurKeVOB1WBjTVRWlD,War Bout It,Lil Durk,en,LRCLIB,success,success,data\raw\lyrics\4muwDurKeVOB1WBjTVRWlD.txt
4nKnOIDXFjRSMG4vkXDwzY,Rendezvous,AHOF,mixed,LRCLIB,success,success,data\raw\lyrics\4nKnOIDXFjRSMG4vkXDwzY.txt
4nVBt6MZDDP6tRVdQTgxJg,Story of My Life,One Direction,en,LRCLIB,success,success,data\raw\lyrics\4nVBt6MZDDP6tRVdQTgxJg.txt
4nXrVH5xwN1w6TpmP7uu8n,Exit Sign,HIEUTHUHAI,vi,LRCLIB,success,success,data\raw\lyrics\4nXrVH5xwN1w6TpmP7uu8n.txt
4nyoalDFgUaZOzIKqj3aS5,Ngàn Năm Ánh Sáng,Đặng Vĩnh Thịnh,vi,LRCLIB,success,success,data\raw\lyrics\4nyoalDFgUaZOzIKqj3aS5.txt
4oE7MyJhqSD3BaHRpNs8Nl,JANE DOE,Kenshi Yonezu,sw,LRCLIB,success,success,data\raw\lyrics\4oE7MyJhqSD3BaHRpNs8Nl.txt
4oGgxjxVOI69h9uOpHOzwn,Để Ý,Wren Evans,vi,LRCLIB,success,success,data\raw\lyrics\4oGgxjxVOI69h9uOpHOzwn.txt
4obHzpwGrjoTuZh2DItEMZ,7 Summers,Morgan Wallen,en,LRCLIB,success,success,data\raw\lyrics\4obHzpwGrjoTuZh2DItEMZ.txt
4p0uVFAXKUISu8yp9gNtWE,Billyeoon Goyangi (Do the Dance),ILLIT,mixed,LRCLIB,success,success,data\raw\lyrics\4p0uVFAXKUISu8yp9gNtWE.txt
4pi1G1x8tl9VfdD9bL3maT,Big Energy,Latto,en,LRCLIB,success,success,data\raw\lyrics\4pi1G1x8tl9VfdD9bL3maT.txt
4q5YezDOIPcoLr8R81x9qy,I Can Do It With a Broken Heart,Taylor Swift,en,LRCLIB,success,success,data\raw\lyrics\4q5YezDOIPcoLr8R81x9qy.txt
4q7y1JFDBJSBSLqXVgcI51,Runnin Outta Time,Future,en,LRCLIB,success,success,data\raw\lyrics\4q7y1JFDBJSBSLqXVgcI51.txt
4qJSUFwZFouto5VZUlln75,Thích Quá Rùi Nà,tlinh,vi,LRCLIB,success,success,data\raw\lyrics\4qJSUFwZFouto5VZUlln75.txt
4qYfRfSxsmhJ1WMaywtLyI,Từng Quen,Wren Evans,vi,LRCLIB,success,success,data\raw\lyrics\4qYfRfSxsmhJ1WMaywtLyI.txt
4qdBPJta3BVPXCS0wJZ6yO,Let Me Love My Youth,HANRORO,unknown,LRCLIB,success,success,data\raw\lyrics\4qdBPJta3BVPXCS0wJZ6yO.txt
4qmFC3Jz5aQ0erlk2OSi2X,Honey,Taylor Swift,en,LRCLIB,success,success,data\raw\lyrics\4qmFC3Jz5aQ0erlk2OSi2X.txt
4qtxILwBcAHEHbG7R0xF4r,Hold My Breath,Post Malone,en,LRCLIB,success,success,data\raw\lyrics\4qtxILwBcAHEHbG7R0xF4r.txt
4qu63nuBpdn0qHUHuObEj1,Leave Before You Love Me,Marshmello,en,LRCLIB,success,success,data\raw\lyrics\4qu63nuBpdn0qHUHuObEj1.txt
4rECUI03C2RMqr5GYvqjlJ,Haircut,Noah Kahan,en,LRCLIB,success,success,data\raw\lyrics\4rECUI03C2RMqr5GYvqjlJ.txt
4rMNgxEwGWoPHIUcvB5BrB,It Will Rain,Bruno Mars,en,LRCLIB,success,success,data\raw\lyrics\4rMNgxEwGWoPHIUcvB5BrB.txt
4rOODw637hsmsq0uzT0DN3,Advice,TAEMIN,mixed,LRCLIB,success,success,data\raw\lyrics\4rOODw637hsmsq0uzT0DN3.txt
4rPrBNnDgdZpS5gosHv0yr,để quên,Ngọt,vi,LRCLIB,success,success,data\raw\lyrics\4rPrBNnDgdZpS5gosHv0yr.txt
4rXLjWdF2ZZpXCVTfWcshS,fukumean,Gunna,en,LRCLIB,success,success,data\raw\lyrics\4rXLjWdF2ZZpXCVTfWcshS.txt
4sIFi8LpJWPvI5xviWFyA6,D>E>A>T>H>M>E>T>A>L,Panchiko,mixed,LRCLIB,success,success,data\raw\lyrics\4sIFi8LpJWPvI5xviWFyA6.txt
4sLvxpKLvagQ4lZHUpymza,Big Poe,"Tyler, The Creator",en,LRCLIB,success,success,data\raw\lyrics\4sLvxpKLvagQ4lZHUpymza.txt
4saklk6nie3yiGePpBwUoc,Dynamite,BTS,en,LRCLIB,success,success,data\raw\lyrics\4saklk6nie3yiGePpBwUoc.txt
4sgMbwl9lXGyHcHmtFYGMm,Supernova,aespa,mixed,LRCLIB,success,success,data\raw\lyrics\4sgMbwl9lXGyHcHmtFYGMm.txt
4so0Wek9Ig1p6CRCHuINwW,White Christmas,Bing Crosby,en,LRCLIB,success,success,data\raw\lyrics\4so0Wek9Ig1p6CRCHuINwW.txt
4t2FIqZJORKZGSKg30SShr,NAKKA,AKMU,ko,LRCLIB,success,success,data\raw\lyrics\4t2FIqZJORKZGSKg30SShr.txt
4t3Vgfjl9Sb6ZR5q5kGOUL,Without You (Feat. ASH ISLAND) (Prod. GRAY),BE'O,ko,manual,success,success,data\raw\lyrics\4t3Vgfjl9Sb6ZR5q5kGOUL.txt
4tqXSj46umlymdIxqY8zso,giá như,SOOBIN,vi,LRCLIB,success,success,data\raw\lyrics\4tqXSj46umlymdIxqY8zso.txt
4tqcoej1zPvwePZCzuAjJd,Wet Dreamz,J. Cole,en,LRCLIB,success,success,data\raw\lyrics\4tqcoej1zPvwePZCzuAjJd.txt
4u43I0LP2Xf85OAS85eG0R,CN TOWER,PARTYNEXTDOOR,en,LRCLIB,success,success,data\raw\lyrics\4u43I0LP2Xf85OAS85eG0R.txt
4uOBL4DDWWVx4RhYKlPbPC,Queencard,i-dle,ko,LRCLIB,success,success,data\raw\lyrics\4uOBL4DDWWVx4RhYKlPbPC.txt
4vGEfBrpiM4zfYzSyPpysX,Phi Hành Gia,Renja,vi,LRCLIB,success,success,data\raw\lyrics\4vGEfBrpiM4zfYzSyPpysX.txt
4vTgx6h4seHvkuFh84JXYP,My Time,BTS,en,LRCLIB,success,success,data\raw\lyrics\4vTgx6h4seHvkuFh84JXYP.txt
4vfhartd7HDWGJbdVIycEu,Muộn Rồi Mà Sao Còn,Sơn Tùng M-TP,vi,LRCLIB,success,success,data\raw\lyrics\4vfhartd7HDWGJbdVIycEu.txt
4vsJWPwWPS27gRM4oLjBNO,DONT WANT IT,Lil Nas X,en,LRCLIB,success,success,data\raw\lyrics\4vsJWPwWPS27gRM4oLjBNO.txt
4wD6v7xAl1Hhfl2rli4q0n,Vacheron Louie V,HIEUTHUHAI,vi,LRCLIB,success,success,data\raw\lyrics\4wD6v7xAl1Hhfl2rli4q0n.txt
4wJ5Qq0jBN4ajy7ouZIV1c,APT.,ROSÉ,en,LRCLIB,success,success,data\raw\lyrics\4wJ5Qq0jBN4ajy7ouZIV1c.txt
4wONXG4GqWSscEyZlx300W,justified,Kacey Musgraves,en,LRCLIB,success,success,data\raw\lyrics\4wONXG4GqWSscEyZlx300W.txt
4wcBRRpIfesgcyUtis7PEg,"1 step forward, 3 steps back",Olivia Rodrigo,en,LRCLIB,success,success,data\raw\lyrics\4wcBRRpIfesgcyUtis7PEg.txt
4xIhSUJantE6BMl3u8dtCJ,Father Time,Kendrick Lamar,en,LRCLIB,success,success,data\raw\lyrics\4xIhSUJantE6BMl3u8dtCJ.txt
4xdBrk0nFZaP54vvZj0yx7,HOT TO GO!,Chappell Roan,en,LRCLIB,success,success,data\raw\lyrics\4xdBrk0nFZaP54vvZj0yx7.txt
4xeugB5MqWh0jwvXZPxahq,Drowning,WOODZ,en,LRCLIB,success,success,data\raw\lyrics\4xeugB5MqWh0jwvXZPxahq.txt
4xhsWYTOGcal8zt0J161CU,Lovin On Me,Jack Harlow,en,LRCLIB,success,success,data\raw\lyrics\4xhsWYTOGcal8zt0J161CU.txt
4xqrdfXkTW4T0RauPLv3WA,Heather,Conan Gray,en,LRCLIB,success,success,data\raw\lyrics\4xqrdfXkTW4T0RauPLv3WA.txt
4yAJOZ8ZBAKfXCI20hsVjf,Lời Đường Mật,Unknown Artist,vi,manual,success,success,data\raw\lyrics\4yAJOZ8ZBAKfXCI20hsVjf.txt
4yreExU3eRNTe2iJz6X6k3,american dream,21 Savage,en,LRCLIB,success,success,data\raw\lyrics\4yreExU3eRNTe2iJz6X6k3.txt
4z5dAyLMnkKSHkOkwbR1RX,Trò Chơi,SOOBIN,vi,LRCLIB,success,success,data\raw\lyrics\4z5dAyLMnkKSHkOkwbR1RX.txt
4z623zW86trE9SxAtIf0Gm,Hôn Anh,MIN,vi,LRCLIB,success,success,data\raw\lyrics\4z623zW86trE9SxAtIf0Gm.txt
4zUob9iYFS9TgAR0hgo5pR,Seoul City,JENNIE,en,LRCLIB,success,success,data\raw\lyrics\4zUob9iYFS9TgAR0hgo5pR.txt
4zbr7Cp3UB00FurUovPU03,Matt Hardy 999,Trippie Redd,en,LRCLIB,success,success,data\raw\lyrics\4zbr7Cp3UB00FurUovPU03.txt
50aQbgfdydBXABx2gATQHn,dance all night,ROSÉ,en,LRCLIB,success,success,data\raw\lyrics\50aQbgfdydBXABx2gATQHn.txt
50ceCGZ3oD3U5caQV5bP6f,You Only Live Twice,Drake,en,LRCLIB,success,success,data\raw\lyrics\50ceCGZ3oD3U5caQV5bP6f.txt
50cmxP6KlnQA9IG3q5ckKD,Mascara,Chillies,vi,LRCLIB,success,success,data\raw\lyrics\50cmxP6KlnQA9IG3q5ckKD.txt
50nfwKoDiSYg8zOCREWAm5,Shivers,Ed Sheeran,en,LRCLIB,success,success,data\raw\lyrics\50nfwKoDiSYg8zOCREWAm5.txt
50xSycnGMDy0Wg5jJcOv3S,Rainbow,Lim Young Woong,fr,LRCLIB,success,success,data\raw\lyrics\50xSycnGMDy0Wg5jJcOv3S.txt
50xuQI5QlXggFKpq66IBON,Sandwich & Story,MONO,vi,LRCLIB,success,success,data\raw\lyrics\50xuQI5QlXggFKpq66IBON.txt
50zAEIE4B1QqhPjRMK2Xmh,Running Wild,Jin,en,LRCLIB,success,success,data\raw\lyrics\50zAEIE4B1QqhPjRMK2Xmh.txt
514joG57v4yKTsfQmz7stz,Janice STFU,Drake,en,LRCLIB,success,success,data\raw\lyrics\514joG57v4yKTsfQmz7stz.txt
51Zw1cKDgkad0CXv23HCMU,Daylight,Harry Styles,en,LRCLIB,success,success,data\raw\lyrics\51Zw1cKDgkad0CXv23HCMU.txt
51bYFYWODfYOZU0rwvjiCc,Cho Mình Em,Binz,vi,LRCLIB,success,success,data\raw\lyrics\51bYFYWODfYOZU0rwvjiCc.txt
51rfRCiUSvxXlCSCfIztBy,"I Love You, I'm Sorry",Gracie Abrams,en,LRCLIB,success,success,data\raw\lyrics\51rfRCiUSvxXlCSCfIztBy.txt
527UV7H9SbnmTVkxBVg56X,Chắc Ai Đó Sẽ Về,Sơn Tùng M-TP,vi,LRCLIB,success,success,data\raw\lyrics\527UV7H9SbnmTVkxBVg56X.txt
52ChYmfu792MW2Ezv0whpk,5 Leaf Clover,Luke Combs,en,LRCLIB,success,success,data\raw\lyrics\52ChYmfu792MW2Ezv0whpk.txt
52oyR8Wjhdzg7zucr8keYl,Đường Một Chiều,Huỳnh Tú,vi,LRCLIB,success,success,data\raw\lyrics\52oyR8Wjhdzg7zucr8keYl.txt
53WWD2BBC6Jcip8wy5CniE,cLOUDs,J. Cole,en,LRCLIB,success,success,data\raw\lyrics\53WWD2BBC6Jcip8wy5CniE.txt
53iuhJlwXhSER5J2IYYv1W,The Fate of Ophelia,Taylor Swift,en,LRCLIB,success,success,data\raw\lyrics\53iuhJlwXhSER5J2IYYv1W.txt
53qayme5jMFwTb3fF84uv6,Celebrate,Red Velvet,ko,LRCLIB,success,success,data\raw\lyrics\53qayme5jMFwTb3fF84uv6.txt
53qkszfgztIvkFyF31GfdQ,Dreams - 2001 Remaster,Fleetwood Mac,en,manual,success,success,data\raw\lyrics\53qkszfgztIvkFyF31GfdQ.txt
54UNNgtE3zzERwTuWSQLqd,có hẹn với thanh xuân,MONSTAR,vi,LRCLIB,success,success,data\raw\lyrics\54UNNgtE3zzERwTuWSQLqd.txt
54ipXppHLA8U4yqpOFTUhr,Bones,Imagine Dragons,en,LRCLIB,success,success,data\raw\lyrics\54ipXppHLA8U4yqpOFTUhr.txt
550erGcdD9n6PnwxrvYqZT,Hey Stephen (Taylor’s Version),Taylor Swift,en,LRCLIB,success,success,data\raw\lyrics\550erGcdD9n6PnwxrvYqZT.txt
559f8rcNNZW07wz5Rfxnfh,Can't Control Myself,TAEYEON,ko,LRCLIB,success,success,data\raw\lyrics\559f8rcNNZW07wz5Rfxnfh.txt
55UDXtbNJBAdTdUdbRu8T3,BAD,ATEEZ,en,LRCLIB,success,success,data\raw\lyrics\55UDXtbNJBAdTdUdbRu8T3.txt
55pBIZO1cqoldeqpp5WR7H,the cure,Olivia Rodrigo,en,LRCLIB,success,success,data\raw\lyrics\55pBIZO1cqoldeqpp5WR7H.txt
55pCe0UgAeaeWKKSQqdiWh,My whole world,"Car, the garden",unknown,LRCLIB,success,success,data\raw\lyrics\55pCe0UgAeaeWKKSQqdiWh.txt
55srcWA7TioKV0LZVNXltY,never get over me,Ariana Grande,en,LRCLIB,success,success,data\raw\lyrics\55srcWA7TioKV0LZVNXltY.txt
55wlsNYqcfiQsHuX8l0jmF,Make Them Cry,Drake,en,LRCLIB,success,success,data\raw\lyrics\55wlsNYqcfiQsHuX8l0jmF.txt
56BtPjjWiRc0ch7DH8DNu9,Trap Jump,Ken Carson,en,LRCLIB,success,success,data\raw\lyrics\56BtPjjWiRc0ch7DH8DNu9.txt
56Tn22SAFIGYpyHrf7TV0X,Love Letter,IU,ko,LRCLIB,success,success,data\raw\lyrics\56Tn22SAFIGYpyHrf7TV0X.txt
56v8WEnGzLByGsDAXDiv4d,ETA,NewJeans,en,LRCLIB,success,success,data\raw\lyrics\56v8WEnGzLByGsDAXDiv4d.txt
56y1jOTK0XSvJzVv9vHQBK,Paint The Town Red,Doja Cat,en,LRCLIB,success,success,data\raw\lyrics\56y1jOTK0XSvJzVv9vHQBK.txt
57ENogEkvFsU7Wmt3lvQMG,Two Six,J. Cole,en,LRCLIB,success,success,data\raw\lyrics\57ENogEkvFsU7Wmt3lvQMG.txt
57Z6TJCTMACXxdrcwZ3Zvf,Phantom,EsDeeKid,en,LRCLIB,success,success,data\raw\lyrics\57Z6TJCTMACXxdrcwZ3Zvf.txt
57wp7VFnV8X0pSVnYArGeJ,Whatever She Wants,Bryson Tiller,en,LRCLIB,success,success,data\raw\lyrics\57wp7VFnV8X0pSVnYArGeJ.txt
58Q3FZFs1YXPpliWQB5kXB,Right Now,NewJeans,en,LRCLIB,success,success,data\raw\lyrics\58Q3FZFs1YXPpliWQB5kXB.txt
58ge6dfP91o9oXMzq3XkIS,505,Arctic Monkeys,en,LRCLIB,success,success,data\raw\lyrics\58ge6dfP91o9oXMzq3XkIS.txt
58k32my5lKofeZRtIvBDg9,HONEST,Baby Keem,en,LRCLIB,success,success,data\raw\lyrics\58k32my5lKofeZRtIvBDg9.txt
58q2HKrzhC3ozto2nDdN4z,I Like It,Cardi B,en,LRCLIB,success,success,data\raw\lyrics\58q2HKrzhC3ozto2nDdN4z.txt
59151GHN7yr5g9B3bqlGdR,Trouble,Eminem,en,LRCLIB,success,success,data\raw\lyrics\59151GHN7yr5g9B3bqlGdR.txt
599L9ptR3PXQq6Dzn9uLP0,Naughty Talk + VANCOUVER FLOW,ksmartboi,ko,Genius,success,success,data\raw\lyrics\599L9ptR3PXQq6Dzn9uLP0.txt
59CfNbkERJ3NoTXDvoURjj,Boyfriend,Dove Cameron,en,LRCLIB,success,success,data\raw\lyrics\59CfNbkERJ3NoTXDvoURjj.txt
59D4DOkspUbWyMmbAPQkxZ,VOY A LLeVARTE PA PR,Bad Bunny,es,LRCLIB,success,success,data\raw\lyrics\59D4DOkspUbWyMmbAPQkxZ.txt
59c0HrzmHfyQs6LgDw5cHe,LOCO,ITZY,ko,LRCLIB,success,success,data\raw\lyrics\59c0HrzmHfyQs6LgDw5cHe.txt
59hBR0BCtJsfIbV9VzCVAp,Set Me Free Pt.2,Jimin,de,LRCLIB,success,success,data\raw\lyrics\59hBR0BCtJsfIbV9VzCVAp.txt
59hVbgr8rfYkDbHfr8RcGI,IRIS OUT,Kenshi Yonezu,ja,LRCLIB,success,success,data\raw\lyrics\59hVbgr8rfYkDbHfr8RcGI.txt
5ACySwUCY89mWH3u38WD9m,"Tệ Thật, Anh Nhớ Em",Thanh Hưng,vi,LRCLIB,success,success,data\raw\lyrics\5ACySwUCY89mWH3u38WD9m.txt
5APxbxUDWyUChpgjJ0YQzE,Dash,PLAVE,en,LRCLIB,success,success,data\raw\lyrics\5APxbxUDWyUChpgjJ0YQzE.txt
5AaHvf9iO6RydAIissh0kz,Simple Love,Obito,vi,LRCLIB,success,success,data\raw\lyrics\5AaHvf9iO6RydAIissh0kz.txt
5AmBIWCnsLscPSYsfCApBy,Closer,RM,en,LRCLIB,success,success,data\raw\lyrics\5AmBIWCnsLscPSYsfCApBy.txt
5AqiaZwhmC6dIbgWrD5SzV,"Peso Pluma: Bzrp Music Sessions, Vol. 55",Bizarrap,es,LRCLIB,success,success,data\raw\lyrics\5AqiaZwhmC6dIbgWrD5SzV.txt
5B0kgjHULYJhAQkK5XsMoC,WUSYANAME,"Tyler, The Creator",en,LRCLIB,success,success,data\raw\lyrics\5B0kgjHULYJhAQkK5XsMoC.txt
5BTzf3doGTigDIYUFtbkI9,Sinh Ra Đã Là Thứ Đối Lập Nhau,Emcee L (Da LAB),vi,LRCLIB,success,success,data\raw\lyrics\5BTzf3doGTigDIYUFtbkI9.txt
5BXr7hYZQOeRttkeWYTq5S,ASAP,STAYC,ko,LRCLIB,success,success,data\raw\lyrics\5BXr7hYZQOeRttkeWYTq5S.txt
5BYl3SodS3rGmafWXRWmB7,The Great War,Taylor Swift,en,LRCLIB,success,success,data\raw\lyrics\5BYl3SodS3rGmafWXRWmB7.txt
5BZsQlgw21vDOAjoqkNgKb,DAISIES,Justin Bieber,en,LRCLIB,success,success,data\raw\lyrics\5BZsQlgw21vDOAjoqkNgKb.txt
5Bedn0svl0ZD7RGmJkmKKw,How Did It End?,Taylor Swift,en,LRCLIB,success,success,data\raw\lyrics\5Bedn0svl0ZD7RGmJkmKKw.txt
5BqwC9kOBbqYkzdOKeXFFk,for lovers who hesitate,JANNABI,ko,LRCLIB,success,success,data\raw\lyrics\5BqwC9kOBbqYkzdOKeXFFk.txt
5Bti0azlFhMattVY76qFr9,Lạ Lùng,Vũ.,vi,LRCLIB,success,success,data\raw\lyrics\5Bti0azlFhMattVY76qFr9.txt
5C1O3fpMsiisJpHiB1uuDf,ĐỢI (Prod. RIO),52Hz,vi,LRCLIB,success,success,data\raw\lyrics\5C1O3fpMsiisJpHiB1uuDf.txt
5CscrLqFBgPfZR8fGtikov,making the bed,Olivia Rodrigo,en,LRCLIB,success,success,data\raw\lyrics\5CscrLqFBgPfZR8fGtikov.txt
5Ctzx0mMiUPAu9JqbAOY9n,Be Like a Woman,Chris Rainbow,en,LRCLIB,success,success,data\raw\lyrics\5Ctzx0mMiUPAu9JqbAOY9n.txt
5CzixCxDkRXX9mScCmah8O,Un Ratito,Bad Bunny,es,LRCLIB,success,success,data\raw\lyrics\5CzixCxDkRXX9mScCmah8O.txt
5DB1UwivnS4gmcZ27TiYnE,Người Đầu Tiên,Juky San,vi,LRCLIB,success,success,data\raw\lyrics\5DB1UwivnS4gmcZ27TiYnE.txt
5DZOKNtaoVEssXu9ltcMjx,oh well,Ariana Grande,en,LRCLIB,success,success,data\raw\lyrics\5DZOKNtaoVEssXu9ltcMjx.txt
5ECHJ1llWBNYLVCYrllD3x,Chạy Khỏi Thế Giới Này,Da LAB,vi,LRCLIB,success,success,data\raw\lyrics\5ECHJ1llWBNYLVCYrllD3x.txt
5Eax0qFko2dh7Rl2lYs3bx,Efecto,Bad Bunny,es,LRCLIB,success,success,data\raw\lyrics\5Eax0qFko2dh7Rl2lYs3bx.txt
5EoV2HmAlkqN1XvsIjOBZZ,STYLE,Hearts2Hearts,mixed,LRCLIB,success,success,data\raw\lyrics\5EoV2HmAlkqN1XvsIjOBZZ.txt
5FMyXeZ0reYloRTiCkPprT,Which One,Drake,en,LRCLIB,success,success,data\raw\lyrics\5FMyXeZ0reYloRTiCkPprT.txt
5Fhr3wqeieN5WDkAsqL1JJ,MONA LISA,j-hope,en,LRCLIB,success,success,data\raw\lyrics\5Fhr3wqeieN5WDkAsqL1JJ.txt
5Fx8zxEEaPMkwzM00JFr3N,"Tự Sự - Original Soundtrack from ""Qua Bển Làm Chi""",Orange,vi,LRCLIB,success,success,data\raw\lyrics\5Fx8zxEEaPMkwzM00JFr3N.txt
5H1sKFMzDeMtXwND3V6hRY,JUMP,BLACKPINK,en,LRCLIB,success,success,data\raw\lyrics\5H1sKFMzDeMtXwND3V6hRY.txt
5H7UgZQk2p5x4nmeuDjmE4,Đau Nhất Là Lặng Im,ERIK,vi,LRCLIB,success,success,data\raw\lyrics\5H7UgZQk2p5x4nmeuDjmE4.txt
5Hfnps0jaWFpYg55WOPexG,Alone,Jimin,ko,LRCLIB,success,success,data\raw\lyrics\5Hfnps0jaWFpYg55WOPexG.txt
5HrIcZOo1DysX53qDRlRnt,Shoong!,TAEYANG,mixed,LRCLIB,success,success,data\raw\lyrics\5HrIcZOo1DysX53qDRlRnt.txt
5IAESfJjmOYu7cHyX557kz,Take Two,BTS,en,LRCLIB,success,success,data\raw\lyrics\5IAESfJjmOYu7cHyX557kz.txt
5IY8i6WnkqvmRnIrF4lqDx,Taxi Blurr (Feat. NATTY of KISS OF LIFE),Jay Park,ko,LRCLIB,success,success,data\raw\lyrics\5IY8i6WnkqvmRnIrF4lqDx.txt
5IZXB5IKAD2qlvTPJYDCFB,I Had Some Help (Feat. Morgan Wallen),Post Malone,en,LRCLIB,success,success,data\raw\lyrics\5IZXB5IKAD2qlvTPJYDCFB.txt
5IoPnNiYAOvHHJpz13wzRL,Vanish Into You,Lady Gaga,en,LRCLIB,success,success,data\raw\lyrics\5IoPnNiYAOvHHJpz13wzRL.txt
5J3m0taZ0W1E9HTE0MwcSv,Simp Gái 808,Low G,vi,LRCLIB,success,success,data\raw\lyrics\5J3m0taZ0W1E9HTE0MwcSv.txt
5J90ah0ppUSev1uahqQiN6,Anh Đánh Rơi Người Yêu Này,Andiez,vi,LRCLIB,success,success,data\raw\lyrics\5J90ah0ppUSev1uahqQiN6.txt
5JoQSuMrHdu7BcgIY9hDcX,Ánh Mắt Biết Cười,Quang Hùng MasterD,vi,LRCLIB,success,success,data\raw\lyrics\5JoQSuMrHdu7BcgIY9hDcX.txt
5KD6AEm19QnMbfWpfoOHMl,Now That We Don't Talk (Taylor's Version) (From The Vault),Taylor Swift,en,LRCLIB,success,success,data\raw\lyrics\5KD6AEm19QnMbfWpfoOHMl.txt
5KYv3kORBKUmVEoqbRRWxt,Từng Là Của Nhau,Bảo Anh,vi,LRCLIB,success,success,data\raw\lyrics\5KYv3kORBKUmVEoqbRRWxt.txt
5KawlOMHjWeUjQtnuRs22c,Boy With Luv,BTS,mixed,LRCLIB,success,success,data\raw\lyrics\5KawlOMHjWeUjQtnuRs22c.txt
5Kbpcd3hOqu4ZRAJNAjIcg,What Would Have Been? (Feat. Lena Park),PSY,ko,LRCLIB,success,success,data\raw\lyrics\5Kbpcd3hOqu4ZRAJNAjIcg.txt
5KfJvZ0PZzRdwFRaTUDAA7,Somebody,Jung Kook,en,LRCLIB,success,success,data\raw\lyrics\5KfJvZ0PZzRdwFRaTUDAA7.txt
5LQpQ6SDeaz6SIkR0lvsoC,đưa em về nhàa,GREY D,vi,LRCLIB,success,success,data\raw\lyrics\5LQpQ6SDeaz6SIkR0lvsoC.txt
5LlUJ3HHI2dS0xowdMDXC5,MEOW,MEOVV,id,LRCLIB,success,success,data\raw\lyrics\5LlUJ3HHI2dS0xowdMDXC5.txt
5Msoarj5hk9LguTtiIyqug,Ngày Đầu Tiên,Đức Phúc,vi,LRCLIB,success,success,data\raw\lyrics\5Msoarj5hk9LguTtiIyqug.txt
5Nz7hI3cCOHmMR4vSLJ1An,GIMME A HUG,Drake,en,LRCLIB,success,success,data\raw\lyrics\5Nz7hI3cCOHmMR4vSLJ1An.txt
5NzfnUyVaNrxa2VtoyBWlR,Tennessee Numbers,Morgan Wallen,en,LRCLIB,success,success,data\raw\lyrics\5NzfnUyVaNrxa2VtoyBWlR.txt
5ONOlTiqymhzwcFjqcIT6E,Hate You,Jung Kook,en,LRCLIB,success,success,data\raw\lyrics\5ONOlTiqymhzwcFjqcIT6E.txt
5Odq8ohlgIbQKMZivbWkEo,Left and Right (Feat. Jung Kook of BTS),Charlie Puth,en,LRCLIB,success,success,data\raw\lyrics\5Odq8ohlgIbQKMZivbWkEo.txt
5OiD0uUNxZkSyG3opReDlx,Don′t do That,Leellamarz,ko,LRCLIB,success,success,data\raw\lyrics\5OiD0uUNxZkSyG3opReDlx.txt
5Ojsg9xR0wlTpDIW1qLYz2,Đom Đóm,Jack - J97,vi,LRCLIB,success,success,data\raw\lyrics\5Ojsg9xR0wlTpDIW1qLYz2.txt
5P8Xvy5tzhmfyfA6GplQ8h,I Want a Hippopotamus for Christmas (Hippo the Hero),Gayla Peevey,en,LRCLIB,success,success,data\raw\lyrics\5P8Xvy5tzhmfyfA6GplQ8h.txt
5PCOOngROV9jWsUViSy4Ed,Killin' It Girl,j-hope,en,LRCLIB,success,success,data\raw\lyrics\5PCOOngROV9jWsUViSy4Ed.txt
5PGh9MyKry8slG5AfvD1eD,Hà Nội,Obito,vi,LRCLIB,success,success,data\raw\lyrics\5PGh9MyKry8slG5AfvD1eD.txt
5PPUw4Xo3Hz6rl4GpBfd3c,Savior - Interlude,Kendrick Lamar,en,LRCLIB,success,success,data\raw\lyrics\5PPUw4Xo3Hz6rl4GpBfd3c.txt
5PjdY0CKGZdEuoNab3yDmX,Stay,The Kid LAROI,en,LRCLIB,success,success,data\raw\lyrics\5PjdY0CKGZdEuoNab3yDmX.txt
5PyDJG7SQRgWXefgexqIge,Agora Hills,Doja Cat,en,LRCLIB,success,success,data\raw\lyrics\5PyDJG7SQRgWXefgexqIge.txt
5QMrH5nszZZR3nefIj6Mar,Defying Gravity,Cynthia Erivo,en,LRCLIB,success,success,data\raw\lyrics\5QMrH5nszZZR3nefIj6Mar.txt
5QO79kh1waicV47BqGRL3g,Save Your Tears,The Weeknd,en,LRCLIB,success,success,data\raw\lyrics\5QO79kh1waicV47BqGRL3g.txt
5R4Yrc2j4jw1itr4hKcN26,Feline,Juice WRLD,en,LRCLIB,success,success,data\raw\lyrics\5R4Yrc2j4jw1itr4hKcN26.txt
5R691ipUYRDYW6ehapjoj6,9 5 . s o u t h,J. Cole,en,LRCLIB,success,success,data\raw\lyrics\5R691ipUYRDYW6ehapjoj6.txt
5RKQ5NdjSh2QzD4MaunT91,Don't Stop Believin' (2022 Remaster),Journey,en,LRCLIB,success,success,data\raw\lyrics\5RKQ5NdjSh2QzD4MaunT91.txt
5RdKO1lsHG9jhbG03LL7cv,With the Clouds,Jin,fi,LRCLIB,success,success,data\raw\lyrics\5RdKO1lsHG9jhbG03LL7cv.txt
5RePVWy39tLpHH0WwXgBsK,Rah Tah Tah,"Tyler, The Creator",en,LRCLIB,success,success,data\raw\lyrics\5RePVWy39tLpHH0WwXgBsK.txt
5S8VwnB4sLi6W0lYTWYylu,hey now,Kendrick Lamar,en,LRCLIB,success,success,data\raw\lyrics\5S8VwnB4sLi6W0lYTWYylu.txt
5SE57ljOIUJ1ybL9U6CuBH,DNA,BTS,ko,LRCLIB,success,success,data\raw\lyrics\5SE57ljOIUJ1ybL9U6CuBH.txt
5Ss7wCp22FOAbfeg75KllJ,Chạy Về Nơi Phía Anh,Khắc Việt,vi,LRCLIB,success,success,data\raw\lyrics\5Ss7wCp22FOAbfeg75KllJ.txt
5T0mnzMsyHtmWB7Kou51Ph,Gorgeous,Doja Cat,en,LRCLIB,success,success,data\raw\lyrics\5T0mnzMsyHtmWB7Kou51Ph.txt
5T6j0rfpCDBzAxC8Fpd0N7,An Thần,Low G,vi,LRCLIB,success,success,data\raw\lyrics\5T6j0rfpCDBzAxC8Fpd0N7.txt
5T7ywazdGIydr6JCW6t02j,Smooth Criminal - 2012 Remaster,Michael Jackson,en,LRCLIB,success,success,data\raw\lyrics\5T7ywazdGIydr6JCW6t02j.txt
5TXDeTFVRVY7Cvt0Dw4vWW,Revenge,XXXTENTACION,en,LRCLIB,success,success,data\raw\lyrics\5TXDeTFVRVY7Cvt0Dw4vWW.txt
5TxRUOsGeWeRl3xOML59Ai,ARE WE STILL FRIENDS?,"Tyler, The Creator",en,LRCLIB,success,success,data\raw\lyrics\5TxRUOsGeWeRl3xOML59Ai.txt
5U30iZBlmxkpHqzb1OSnBS,Yêu 5,Rhymastic,vi,LRCLIB,success,success,data\raw\lyrics\5U30iZBlmxkpHqzb1OSnBS.txt
5UJTNrW72ZMubW2wKBf8g2,TROUBLE (Prod. Slom),Don Mills,ko,LRCLIB,success,success,data\raw\lyrics\5UJTNrW72ZMubW2wKBf8g2.txt
5UMMPHPp6vRP6ghPpSUOzp,CLOUDS,NF,en,LRCLIB,success,success,data\raw\lyrics\5UMMPHPp6vRP6ghPpSUOzp.txt
5UUNrCgGtC6JOrATM3y3ZT,Sắp Nổi Tiếng 2,HIEUTHUHAI,vi,LRCLIB,success,success,data\raw\lyrics\5UUNrCgGtC6JOrATM3y3ZT.txt
5UWwZ5lm5PKu6eKsHAGxOk,Everlong,Foo Fighters,en,LRCLIB,success,success,data\raw\lyrics\5UWwZ5lm5PKu6eKsHAGxOk.txt
5VBjyOQzqlPNgdRPMM6prF,seasons,wave to earth,en,LRCLIB,success,success,data\raw\lyrics\5VBjyOQzqlPNgdRPMM6prF.txt
5VhvD0AKRprEaFtPNKGBQR,Dumb & Poetic,Sabrina Carpenter,en,LRCLIB,success,success,data\raw\lyrics\5VhvD0AKRprEaFtPNKGBQR.txt
5ViLKrbyL3HD6wsq3AB9eI,White Keys,Dominic Fike,en,LRCLIB,success,success,data\raw\lyrics\5ViLKrbyL3HD6wsq3AB9eI.txt
5Vv7AuoyX4aFz8zcztSwMB,baby i told u,MONSTAR,vi,LRCLIB,success,success,data\raw\lyrics\5Vv7AuoyX4aFz8zcztSwMB.txt
5W4kiM2cUYBJXKRudNyxjW,You Proof,Morgan Wallen,en,LRCLIB,success,success,data\raw\lyrics\5W4kiM2cUYBJXKRudNyxjW.txt
5W8jRrZ6tWrTrqnKRtIQBf,p r i d e . i s . t h e . d e v i l,J. Cole,en,LRCLIB,success,success,data\raw\lyrics\5W8jRrZ6tWrTrqnKRtIQBf.txt
5WEF0icHWmAZBBMglBd599,WELTiTA,Bad Bunny,es,LRCLIB,success,success,data\raw\lyrics\5WEF0icHWmAZBBMglBd599.txt
5WIKVELHZYJ4vl3x3xlbZD,Ổ Quỷ,MR LANH,vi,Genius,success,success,data\raw\lyrics\5WIKVELHZYJ4vl3x3xlbZD.txt
5WkuMbkHX7yR7nnBKCn7tV,vạn vật như muốn ta bên nhau,RIO,vi,LRCLIB,success,success,data\raw\lyrics\5WkuMbkHX7yR7nnBKCn7tV.txt
5XWlyfo0kZ8LF7VSyfS4Ew,Drama,aespa,mixed,LRCLIB,success,success,data\raw\lyrics\5XWlyfo0kZ8LF7VSyfS4Ew.txt
5Xf2cIARIa9gwWf6m4DvME,Home Sweet Home,"Car, the garden",mixed,LRCLIB,success,success,data\raw\lyrics\5Xf2cIARIa9gwWf6m4DvME.txt
5XfGQZA0ioQAWUjlyJRcHc,1000 Ánh Mắt,Shiki,mixed,LRCLIB,success,success,data\raw\lyrics\5XfGQZA0ioQAWUjlyJRcHc.txt
5Y35SjAfXjjG0sFQ3KOxmm,Nobody Gets Me,SZA,en,LRCLIB,success,success,data\raw\lyrics\5Y35SjAfXjjG0sFQ3KOxmm.txt
5YPU2SdqR2pOsfFs5AW25q,Kém Duyên,Rum,vi,LRCLIB,success,success,data\raw\lyrics\5YPU2SdqR2pOsfFs5AW25q.txt
5YSkDxmHvzSDWTu4MaEtfa,Smoke Sprite,So!YoON!,en,LRCLIB,success,success,data\raw\lyrics\5YSkDxmHvzSDWTu4MaEtfa.txt
5YiNxgEQQTuFi5dKLxxjWm,CATCH ME IF YOU CAN,"ANH TRAI ""SAY HI""",vi,manual,success,success,data\raw\lyrics\5YiNxgEQQTuFi5dKLxxjWm.txt
5Z9KJZvQzH6PFmb8SNkxuk,INDUSTRY BABY,Lil Nas X,en,LRCLIB,success,success,data\raw\lyrics\5Z9KJZvQzH6PFmb8SNkxuk.txt
5ZLL6wYXeqg0k35ZkDRfhZ,Pour Me A Drink (Feat. Blake Shelton),Post Malone,en,LRCLIB,success,success,data\raw\lyrics\5ZLL6wYXeqg0k35ZkDRfhZ.txt
5a3tLTGA0HIDtrvnszXXBN,call it the end,ROSÉ,en,LRCLIB,success,success,data\raw\lyrics\5a3tLTGA0HIDtrvnszXXBN.txt
5aucVLKiumD89mxVCB4zvS,Rush Hour (Feat. j-hope of BTS),Crush,mixed,LRCLIB,success,success,data\raw\lyrics\5aucVLKiumD89mxVCB4zvS.txt
5b1PngLlxc7hj3fJXrE2Zm,Glitch Mode,NCT DREAM,ko,LRCLIB,success,success,data\raw\lyrics\5b1PngLlxc7hj3fJXrE2Zm.txt
5b3XJ1pjrHO5JtY2PcTjnI,Mamushi,Megan Thee Stallion,mixed,LRCLIB,success,success,data\raw\lyrics\5b3XJ1pjrHO5JtY2PcTjnI.txt
5b5cPscqVEMChvDqscVw26,Training Season,Dua Lipa,en,LRCLIB,success,success,data\raw\lyrics\5b5cPscqVEMChvDqscVw26.txt
5bB7348yF6DXMmK1WQlBui,Money Checks (Prod. by Hukky Shibaseki),NOWIMYOUNG,mixed,LRCLIB,success,success,data\raw\lyrics\5bB7348yF6DXMmK1WQlBui.txt
5cRKj1kynNFqiliT2ndZ3y,Akuma no Ko,Ai Higuchi,ja,LRCLIB,success,success,data\raw\lyrics\5cRKj1kynNFqiliT2ndZ3y.txt
5ca1aUHYwTDNO5E6unithq,Tiến Hay Lùi (Nụ Hôn Bạc Tỷ Original Soundtrack),Bùi Công Nam,vi,LRCLIB,success,success,data\raw\lyrics\5ca1aUHYwTDNO5E6unithq.txt
5cfsQZEFf1IpQr8F9vI9le,BUTTERFLIES,Justin Bieber,en,LRCLIB,success,success,data\raw\lyrics\5cfsQZEFf1IpQr8F9vI9le.txt
5cn5oHiXJTLiuthgbgfkMh,Vet Mua,Vũ Cát Tường,vi,manual,success,success,data\raw\lyrics\5cn5oHiXJTLiuthgbgfkMh.txt
5cvW3PYJeQjRTnj9vHP5Va,Cà Phê,MIN,vi,LRCLIB,success,success,data\raw\lyrics\5cvW3PYJeQjRTnj9vHP5Va.txt
5dUCixiCL0CcIUdlgUl1ct,Oneida,Tyler Childers,en,LRCLIB,success,success,data\raw\lyrics\5dUCixiCL0CcIUdlgUl1ct.txt
5doooVlMVRZztQbySqARMI,HOME SWEET HOME,G-DRAGON,en,LRCLIB,success,success,data\raw\lyrics\5doooVlMVRZztQbySqARMI.txt
5dxiriLgC9mu2FbSNqudld,Paradise of Rumors,AKMU,unknown,LRCLIB,success,success,data\raw\lyrics\5dxiriLgC9mu2FbSNqudld.txt
5eXBXreN3d1zdj6Sa8dS0u,Permission to Dance,BTS,en,LRCLIB,success,success,data\raw\lyrics\5eXBXreN3d1zdj6Sa8dS0u.txt
5eXgqtg3T8Av0m1FUaGHex,The Life of a Showgirl,Taylor Swift,en,LRCLIB,success,success,data\raw\lyrics\5eXgqtg3T8Av0m1FUaGHex.txt
5elW2CKSoqjYoJ32AGDxf1,Polaroid Love,ENHYPEN,tl,LRCLIB,success,success,data\raw\lyrics\5elW2CKSoqjYoJ32AGDxf1.txt
5enxwA8aAbwZbf5qCHORXi,All Too Well (10 Minute Version) (Taylor's Version) (From The Vault),Taylor Swift,en,LRCLIB,success,success,data\raw\lyrics\5enxwA8aAbwZbf5qCHORXi.txt
5expoVGQPvXuwBBFuNGqBd,Hurt,NewJeans,en,LRCLIB,success,success,data\raw\lyrics\5expoVGQPvXuwBBFuNGqBd.txt
5f4u0kPnU21qNe6fXgAUiV,Yêu Nắm,BigDaddy,vi,LRCLIB,success,success,data\raw\lyrics\5f4u0kPnU21qNe6fXgAUiV.txt
5fdhThPDe6jQQDqCyWrdAn,Jolene,Dolly Parton,en,LRCLIB,success,success,data\raw\lyrics\5fdhThPDe6jQQDqCyWrdAn.txt
5g2Ik0WJG9rqu97nCLcQhV,Limousine (Feat. MINO) (Prod. GRAY),BE'O,mixed,LRCLIB,success,success,data\raw\lyrics\5g2Ik0WJG9rqu97nCLcQhV.txt
5g6GKZXBoEnPmBl6G261CG,Go Back,Yerin Baek,ko,LRCLIB,success,success,data\raw\lyrics\5g6GKZXBoEnPmBl6G261CG.txt
5gVCfYmQRPy1QJifP8f5gg,Fall In Love,Bailey Zimmerman,en,LRCLIB,success,success,data\raw\lyrics\5gVCfYmQRPy1QJifP8f5gg.txt
5giwUhMFuodJcRhA8tlLSQ,Nobody's Soldier,Hozier,en,LRCLIB,success,success,data\raw\lyrics\5giwUhMFuodJcRhA8tlLSQ.txt
5h1BN75CEh8wdSwE1xrbSe,Slow Dancing,V,en,LRCLIB,success,success,data\raw\lyrics\5h1BN75CEh8wdSwE1xrbSe.txt
5hkAuvgkOrd4KpDOlCNsvW,Waiting For You,MONO,vi,LRCLIB,success,success,data\raw\lyrics\5hkAuvgkOrd4KpDOlCNsvW.txt
5hnbE5BF2e8BCk9OMR1UVC,Mikrokosmos,BTS,mixed,LRCLIB,success,success,data\raw\lyrics\5hnbE5BF2e8BCk9OMR1UVC.txt
5ht9obvnnWeW4eoRtPAoQD,Fact,Ghostluvme,en,LRCLIB,success,success,data\raw\lyrics\5ht9obvnnWeW4eoRtPAoQD.txt
5i17rzCuZfYVzoP441PXGu,1 Cọng Tóc Mai,Tóc Tiên,mixed,Genius,success,success,data\raw\lyrics\5i17rzCuZfYVzoP441PXGu.txt
5iFbKoNv7Jc5Arpbf8D90B,LOOK AT ME,ALLDAY PROJECT,en,LRCLIB,success,success,data\raw\lyrics\5iFbKoNv7Jc5Arpbf8D90B.txt
5iJKGpnFfvbjZJeAtwXfCj,28,Zach Bryan,en,LRCLIB,success,success,data\raw\lyrics\5iJKGpnFfvbjZJeAtwXfCj.txt
5iZHnufFUgATzrpGgH1K0W,Ánh Sao Và Bầu Trời,T.R.I,vi,LRCLIB,success,success,data\raw\lyrics\5iZHnufFUgATzrpGgH1K0W.txt
5ie5OPdaP9fivYaKcjwKF1,Alone,Rod Wave,en,LRCLIB,success,success,data\raw\lyrics\5ie5OPdaP9fivYaKcjwKF1.txt
5ihS6UUlyQAfmp48eSkxuQ,Landslide,Fleetwood Mac,en,LRCLIB,success,success,data\raw\lyrics\5ihS6UUlyQAfmp48eSkxuQ.txt
5jCSifehmtV2KDWLoXgA8F,MOVE ON,Anh Trai Vượt Ngàn Chông Gai,vi,LRCLIB,success,success,data\raw\lyrics\5jCSifehmtV2KDWLoXgA8F.txt
5jQI2r1RdgtuT8S3iG8zFC,Lavender Haze,Taylor Swift,en,LRCLIB,success,success,data\raw\lyrics\5jQI2r1RdgtuT8S3iG8zFC.txt
5juCu4WFTFRZ2XilopAMTy,Bam Yang Gang,BIBI,ko,LRCLIB,success,success,data\raw\lyrics\5juCu4WFTFRZ2XilopAMTy.txt
5jxuw4S5IDEY6CjjAHvRAt,Falling,Jin,mixed,LRCLIB,success,success,data\raw\lyrics\5jxuw4S5IDEY6CjjAHvRAt.txt
5k1A6F2kRnr6XkYKpVt7V0,Boys Like You,ITZY,en,LRCLIB,success,success,data\raw\lyrics\5k1A6F2kRnr6XkYKpVt7V0.txt
5lAnYvAIkSDNXqfo7DyFUm,Ain't Shit,Doja Cat,en,LRCLIB,success,success,data\raw\lyrics\5lAnYvAIkSDNXqfo7DyFUm.txt
5lKFO0PrOC9jmOlPEdjHsL,DOS DÍAS,Tito Double P,es,LRCLIB,success,success,data\raw\lyrics\5lKFO0PrOC9jmOlPEdjHsL.txt
5mG5cQE6SEYxnGCX3I09IC,Vì Mẹ Anh Bắt Chia Tay,Miu Lê,vi,LRCLIB,success,success,data\raw\lyrics\5mG5cQE6SEYxnGCX3I09IC.txt
5mHdCZtVyb4DcJw8799hZp,Escapism.,RAYE,en,LRCLIB,success,success,data\raw\lyrics\5mHdCZtVyb4DcJw8799hZp.txt
5mdWIwsJAzR97ShGkt8gcR,New thing (Prod. ZICO) (Feat. Homies),ZICO,ko,LRCLIB,success,success,data\raw\lyrics\5mdWIwsJAzR97ShGkt8gcR.txt
5mg3VB3Qh7jcR5kAAC4DSV,Cupid,FIFTY FIFTY,mixed,LRCLIB,success,success,data\raw\lyrics\5mg3VB3Qh7jcR5kAAC4DSV.txt
5nD5PVXUkIpv0WcwfNFrgS,Khi Em Lớn,Orange,vi,LRCLIB,success,success,data\raw\lyrics\5nD5PVXUkIpv0WcwfNFrgS.txt
5nTemr4PG8L9jQoqxsZu6w,Knock Knock (Who's There?),Red Velvet,mixed,LRCLIB,success,success,data\raw\lyrics\5nTemr4PG8L9jQoqxsZu6w.txt
5nfb7IPrj9awskmLFSykWr,Timeless,SG Wannabe,ko,LRCLIB,success,success,data\raw\lyrics\5nfb7IPrj9awskmLFSykWr.txt
5nk6BxN9bM5rLNkA3pMOzn,Tweaker,Ball Brothers,en,LRCLIB,success,success,data\raw\lyrics\5nk6BxN9bM5rLNkA3pMOzn.txt
5nujrmhLynf4yMoMtj8AQF,Levitating,Dua Lipa,en,LRCLIB,success,success,data\raw\lyrics\5nujrmhLynf4yMoMtj8AQF.txt
5o0hD6Bs6RdyZxfYBoEEc8,No Good Deed,Cynthia Erivo,en,LRCLIB,success,success,data\raw\lyrics\5o0hD6Bs6RdyZxfYBoEEc8.txt
5oFEvbM7lGnx8jfAkuhVyo,MỘNG YU,AMEE,vi,LRCLIB,success,success,data\raw\lyrics\5oFEvbM7lGnx8jfAkuhVyo.txt
5oH4DQAuu1J1800RzUsBWa,That That (prod. & feat. SUGA of BTS),PSY,en,LRCLIB,success,success,data\raw\lyrics\5oH4DQAuu1J1800RzUsBWa.txt
5ocSQW5sIUIOFojwXEz9Ki,Supernatural,NewJeans,en,LRCLIB,success,success,data\raw\lyrics\5ocSQW5sIUIOFojwXEz9Ki.txt
5odlY52u43F5BjByhxg7wg,golden hour,JVKE,en,LRCLIB,success,success,data\raw\lyrics\5odlY52u43F5BjByhxg7wg.txt
5p8ThxM2OhJ0igfxkz0Z1q,Wild Flower,RM,mixed,LRCLIB,success,success,data\raw\lyrics\5p8ThxM2OhJ0igfxkz0Z1q.txt
5pRTz4O2qOkr5nawemy6Wb,Tombstone,Rod Wave,en,LRCLIB,success,success,data\raw\lyrics\5pRTz4O2qOkr5nawemy6Wb.txt
5pcjystBtalYeqaiXCcgEY,You All Over Me,Taylor Swift,en,LRCLIB,success,success,data\raw\lyrics\5pcjystBtalYeqaiXCcgEY.txt
5pyoxDZ1PX0KxBxiRVxA4U,BREAK MY SOUL,Beyoncé,en,LRCLIB,success,success,data\raw\lyrics\5pyoxDZ1PX0KxBxiRVxA4U.txt
5qI5EUqfDJpQ7w6sMECK7U,Super Lady,i-dle,mixed,LRCLIB,success,success,data\raw\lyrics\5qI5EUqfDJpQ7w6sMECK7U.txt
5qNh5WtzMbfpSj2jLlBkoD,Your Power,Billie Eilish,en,LRCLIB,success,success,data\raw\lyrics\5qNh5WtzMbfpSj2jLlBkoD.txt
5qqabIl2vWzo9ApSC317sa,Wonderwall - Remastered,Oasis,en,LRCLIB,success,success,data\raw\lyrics\5qqabIl2vWzo9ApSC317sa.txt
5quFr5s5PXYfUX5jV2EBZ1,GANADARA (Feat. IU),Jay Park,ko,LRCLIB,success,success,data\raw\lyrics\5quFr5s5PXYfUX5jV2EBZ1.txt
5r3VFyq4KrdCeRNUDtGfJq,and you (Feat. ZICO),meenoi,ko,LRCLIB,success,success,data\raw\lyrics\5r3VFyq4KrdCeRNUDtGfJq.txt
5r5cp9IpziiIsR6b93vcnQ,Walking On A Dream,Empire Of The Sun,en,LRCLIB,success,success,data\raw\lyrics\5r5cp9IpziiIsR6b93vcnQ.txt
5rSAUmbOg4giDrM29vUyHe,Nơi Này Có Anh,Sơn Tùng M-TP,vi,LRCLIB,success,success,data\raw\lyrics\5rSAUmbOg4giDrM29vUyHe.txt
5rb9QrpfcKFHM1EUbSIurX,Yeah!,USHER,en,LRCLIB,success,success,data\raw\lyrics\5rb9QrpfcKFHM1EUbSIurX.txt
5sdQOyqq2IDhvmx2lHOpwd,Super Shy,NewJeans,en,LRCLIB,success,success,data\raw\lyrics\5sdQOyqq2IDhvmx2lHOpwd.txt
5sjnkOfTLCLNfkkchI2re2,UP - KARINA Solo,aespa,en,LRCLIB,success,success,data\raw\lyrics\5sjnkOfTLCLNfkkchI2re2.txt
5tEaVciE2GnR28aN6W9cLS,FUK SUMN,¥$,en,Genius,success,success,data\raw\lyrics\5tEaVciE2GnR28aN6W9cLS.txt
5tdz7T4hTxA1ipJMBe24uX,"ex's hate me, Pt.2",AMEE,vi,LRCLIB,success,success,data\raw\lyrics\5tdz7T4hTxA1ipJMBe24uX.txt
5tg21NdePCn5m8F9BXOEeJ,Aliens,BTS,mixed,LRCLIB,success,success,data\raw\lyrics\5tg21NdePCn5m8F9BXOEeJ.txt
5tmA5oQDF0ULqRI12LKCDw,Chiều Hôm Ấy,JayKii,vi,LRCLIB,success,success,data\raw\lyrics\5tmA5oQDF0ULqRI12LKCDw.txt
5u1n1kITHCxxp8twBcZxWy,Holy,Justin Bieber,en,LRCLIB,success,success,data\raw\lyrics\5u1n1kITHCxxp8twBcZxWy.txt
5u77QBJa2fUREcFTM7PwME,MDLZ (With. PENOMECO),Marv,ko,manual,success,success,data\raw\lyrics\5u77QBJa2fUREcFTM7PwME.txt
5uEYRdEIh9Bo4fpjDd4Na9,Goosebumps - Remix,Travis Scott,en,LRCLIB,success,success,data\raw\lyrics\5uEYRdEIh9Bo4fpjDd4Na9.txt
5uHrWZqndnheP1qtYr6xGC,Moonlight,Agust D,ko,LRCLIB,success,success,data\raw\lyrics\5uHrWZqndnheP1qtYr6xGC.txt
5uhxL7UwvTMV6FSCTpKcjc,Leavin's The Least I Could Do,Morgan Wallen,en,LRCLIB,success,success,data\raw\lyrics\5uhxL7UwvTMV6FSCTpKcjc.txt
5uyNAX6MazVAjBjVeOsTvp,3 1 0 7,W/N,vi,LRCLIB,success,success,data\raw\lyrics\5uyNAX6MazVAjBjVeOsTvp.txt
5wANPM4fQCJwkGd4rN57mH,drivers license,Olivia Rodrigo,en,LRCLIB,success,success,data\raw\lyrics\5wANPM4fQCJwkGd4rN57mH.txt
5wG3HvLhF6Y5KTGlK0IW3J,Trance,Metro Boomin,en,LRCLIB,success,success,data\raw\lyrics\5wG3HvLhF6Y5KTGlK0IW3J.txt
5wYQC7AuxV8ROALWcbVNxc,Giữ Anh Cho Ngày Hôm Qua,Hoàng Dũng,vi,LRCLIB,success,success,data\raw\lyrics\5wYQC7AuxV8ROALWcbVNxc.txt
5wbg8kepMFoMzHOEuxiI0q,Close To You,Gracie Abrams,en,LRCLIB,success,success,data\raw\lyrics\5wbg8kepMFoMzHOEuxiI0q.txt
5wxYxygyHpbgv0EXZuqb9V,on the street,j-hope,en,LRCLIB,success,success,data\raw\lyrics\5wxYxygyHpbgv0EXZuqb9V.txt
5x8NgG7Ya18m9wafOvvWYk,Lost and Found Freestyle 2019,A$AP Rocky,en,LRCLIB,success,success,data\raw\lyrics\5x8NgG7Ya18m9wafOvvWYk.txt
5xDrO9DEDJGUQGfyoHvgDJ,Last Christmas,Ariana Grande,en,LRCLIB,success,success,data\raw\lyrics\5xDrO9DEDJGUQGfyoHvgDJ.txt
5xHgo5JN0wfsV41HnRaos5,The Giver,Chappell Roan,en,LRCLIB,success,success,data\raw\lyrics\5xHgo5JN0wfsV41HnRaos5.txt
5xlS0QkVrSH7ssEbBgBzbM,Little Saint Nick - 1991 Remix,The Beach Boys,en,LRCLIB,success,success,data\raw\lyrics\5xlS0QkVrSH7ssEbBgBzbM.txt
5xqM1HOndjxfH7NmyD8SVS,Really Like You,BABYMONSTER,en,LRCLIB,success,success,data\raw\lyrics\5xqM1HOndjxfH7NmyD8SVS.txt
5xrtzzzikpG3BLbo4q1Yul,LILAC,IU,ko,LRCLIB,success,success,data\raw\lyrics\5xrtzzzikpG3BLbo4q1Yul.txt
5ydjxBSUIDn26MFzU3asP4,Rainy Days,V,en,LRCLIB,success,success,data\raw\lyrics\5ydjxBSUIDn26MFzU3asP4.txt
5yfhzEct1ulyU6g5oVRraj,KNOW ABOUT ME,NMIXX,en,LRCLIB,success,success,data\raw\lyrics\5yfhzEct1ulyU6g5oVRraj.txt
5ylJtmaWPJ33cW3En7WOu0,Wood,Taylor Swift,en,LRCLIB,success,success,data\raw\lyrics\5ylJtmaWPJ33cW3En7WOu0.txt
5z0LSDpPpGwc2ZyJHpsE3J,Just In Case,Morgan Wallen,en,LRCLIB,success,success,data\raw\lyrics\5z0LSDpPpGwc2ZyJHpsE3J.txt
5zFglKYiknIxks8geR8rcL,Beautiful Mistakes,Maroon 5,en,LRCLIB,success,success,data\raw\lyrics\5zFglKYiknIxks8geR8rcL.txt
5zNW5ARjYhJQJz1AChP33n,Thot Shit,Megan Thee Stallion,en,LRCLIB,success,success,data\raw\lyrics\5zNW5ARjYhJQJz1AChP33n.txt
5zXCoF69UxPNLrpar8Rk7e,Còn Gì Đẹp Hơn - Mưa Đỏ Original Soundtrack,Nguyễn Hùng,vi,LRCLIB,success,success,data\raw\lyrics\5zXCoF69UxPNLrpar8Rk7e.txt
5zwwW9Oq7ubSxoCGyW1nbY,Pink Venom,BLACKPINK,en,LRCLIB,success,success,data\raw\lyrics\5zwwW9Oq7ubSxoCGyW1nbY.txt
5zyZM1EiSqrniyqtprwxpv,Falling Back,Drake,en,LRCLIB,success,success,data\raw\lyrics\5zyZM1EiSqrniyqtprwxpv.txt
60DwXD4XZgBGMRwViDqBm6,When the Day Comes,TOMORROW X TOGETHER,mixed,LRCLIB,success,success,data\raw\lyrics\60DwXD4XZgBGMRwViDqBm6.txt
61AZsmFB3VoJdmraMk5ZSn,VIBE,TAEYANG,ko,LRCLIB,success,success,data\raw\lyrics\61AZsmFB3VoJdmraMk5ZSn.txt
61Emqg95O9zo1GNOcyxq4Y,For Tonight,GIVĒON,en,LRCLIB,success,success,data\raw\lyrics\61Emqg95O9zo1GNOcyxq4Y.txt
61rwYQu9An4QWrcCUyFUyq,I Can't Love You Anymore,Ella Langley,en,LRCLIB,success,success,data\raw\lyrics\61rwYQu9An4QWrcCUyFUyq.txt
62SFLTN7txImu8pQwBMP6A,Bật Tình Yêu Lên,Tăng Duy Tân,vi,LRCLIB,success,success,data\raw\lyrics\62SFLTN7txImu8pQwBMP6A.txt
62V2ZHslgQV98gH4AuVXnr,Ruin The Friendship,Taylor Swift,en,LRCLIB,success,success,data\raw\lyrics\62V2ZHslgQV98gH4AuVXnr.txt
62Yo3FDddWY8ydu6PW2wyz,Nail Tech,Jack Harlow,en,LRCLIB,success,success,data\raw\lyrics\62Yo3FDddWY8ydu6PW2wyz.txt
62bOmKYxYg7dhrC6gH9vFn,Bye Bye Bye,*NSYNC,en,LRCLIB,success,success,data\raw\lyrics\62bOmKYxYg7dhrC6gH9vFn.txt
630sXRhIcfwr2e4RdNtjKN,Rewrite The Stars,Zac Efron,en,LRCLIB,success,success,data\raw\lyrics\630sXRhIcfwr2e4RdNtjKN.txt
6393yGahSJ9slVdOwSxOVR,Pink Pony Club,Chappell Roan,en,LRCLIB,success,success,data\raw\lyrics\6393yGahSJ9slVdOwSxOVR.txt
63JNA2B4qHmoedZCthpo0e,"ON to the next (Prod. by Crush, ZICO)",HAON,ko,manual,success,success,data\raw\lyrics\63JNA2B4qHmoedZCthpo0e.txt
63Pi2NAx5yCgeLhCTOrEou,Headlock,Imogen Heap,en,LRCLIB,success,success,data\raw\lyrics\63Pi2NAx5yCgeLhCTOrEou.txt
63qZf6349d3ngku9hrzLac,The Playah (Special Performance),SOOBIN,vi,LRCLIB,success,success,data\raw\lyrics\63qZf6349d3ngku9hrzLac.txt
65FftemJ1DbbZ45DUfHJXE,OMG,NewJeans,mixed,LRCLIB,success,success,data\raw\lyrics\65FftemJ1DbbZ45DUfHJXE.txt
65OVbaJR5O1RmwOQx0875b,Wants and Needs,Drake,en,LRCLIB,success,success,data\raw\lyrics\65OVbaJR5O1RmwOQx0875b.txt
65X2koe1LhDgQmRkNdJFv9,AIZO,King Gnu,sw,LRCLIB,success,success,data\raw\lyrics\65X2koe1LhDgQmRkNdJFv9.txt
65aTHDZWUdh6WIafu9MtNF,ngủ một mình (tình rất tình),HIEUTHUHAI,vi,LRCLIB,success,success,data\raw\lyrics\65aTHDZWUdh6WIafu9MtNF.txt
65st6HfPZyxq1RNTvqSIos,Thu Đợi,Wren Evans,vi,LRCLIB,success,success,data\raw\lyrics\65st6HfPZyxq1RNTvqSIos.txt
66LE366537RxmOur0DcGFH,Vừa Tìm Thấy Đã Đánh Mất,Wren Evans,vi,LRCLIB,success,success,data\raw\lyrics\66LE366537RxmOur0DcGFH.txt
66v7AvDs5gZfmkJgFMMtHL,A Little Dream Of Me,Công Dương,mixed,LRCLIB,success,success,data\raw\lyrics\66v7AvDs5gZfmkJgFMMtHL.txt
67Ar9BnEeB5FU5vQBYhbGe,Be By You,Luke Combs,en,LRCLIB,success,success,data\raw\lyrics\67Ar9BnEeB5FU5vQBYhbGe.txt
67Cxa088HT5J5OJ0SWB6Ip,Buông,Bùi Anh Tuấn,vi,LRCLIB,success,success,data\raw\lyrics\67Cxa088HT5J5OJ0SWB6Ip.txt
67nepsnrcZkowTxMWigSbb,MELTDOWN,Travis Scott,en,LRCLIB,success,success,data\raw\lyrics\67nepsnrcZkowTxMWigSbb.txt
67siqMtQTGPpJZI4Dz8OpM,not the same,ROSÉ,en,LRCLIB,success,success,data\raw\lyrics\67siqMtQTGPpJZI4Dz8OpM.txt
68UrZQUuO3O6eUiD226xHg,The Chase,Hearts2Hearts,mixed,LRCLIB,success,success,data\raw\lyrics\68UrZQUuO3O6eUiD226xHg.txt
68lbSrXDORS51pmyjZv712,SWIM,BTS,en,LRCLIB,success,success,data\raw\lyrics\68lbSrXDORS51pmyjZv712.txt
68qeaZhtMZ6abrJCYt6nQn,RATHER LIE,Playboi Carti,en,LRCLIB,success,success,data\raw\lyrics\68qeaZhtMZ6abrJCYt6nQn.txt
696w9BHmEY62myVCSDyrYW,Có Em Đời Bỗng Vui,Chillies,vi,LRCLIB,success,success,data\raw\lyrics\696w9BHmEY62myVCSDyrYW.txt
69CrOS7vEHIrhC2ILyEi0s,FLOWER,JISOO,ko,LRCLIB,success,success,data\raw\lyrics\69CrOS7vEHIrhC2ILyEi0s.txt
69phA1R4gmQsBFRQ3INW8C,ONE CALL,Rich Amiri,en,LRCLIB,success,success,data\raw\lyrics\69phA1R4gmQsBFRQ3INW8C.txt
69xohKu8C1fsflYAiSNbwM,Run BTS,BTS,ko,LRCLIB,success,success,data\raw\lyrics\69xohKu8C1fsflYAiSNbwM.txt
6A1IbMKwjvXibcrU1sdqKH,Em Là,MONO,vi,LRCLIB,success,success,data\raw\lyrics\6A1IbMKwjvXibcrU1sdqKH.txt
6AGOKlMZWLCaEJGnaROtF9,Put Your Records On,Ritt Momney,en,LRCLIB,success,success,data\raw\lyrics\6AGOKlMZWLCaEJGnaROtF9.txt
6AQbmUe0Qwf5PZnt4HmTXv,Boy's a liar Pt. 2,PinkPantheress,en,LRCLIB,success,success,data\raw\lyrics\6AQbmUe0Qwf5PZnt4HmTXv.txt
6AqwH2Y9FJwhUE2dCSkw1u,5 Foot 9,Tyler Hubbard,en,LRCLIB,success,success,data\raw\lyrics\6AqwH2Y9FJwhUE2dCSkw1u.txt
6B1Io9VDzMAmwFjrplDJw8,từ chối nhẹ nhàng thôi,Bích Phương,vi,LRCLIB,success,success,data\raw\lyrics\6B1Io9VDzMAmwFjrplDJw8.txt
6B4AdZzwagId7wvWeJEkiq,Độ Tộc 2,Độ Mixi,vi,LRCLIB,success,success,data\raw\lyrics\6B4AdZzwagId7wvWeJEkiq.txt
6B8MM3PVQtUbZLay7tP7er,Hot Sauce,NCT DREAM,ko,LRCLIB,success,success,data\raw\lyrics\6B8MM3PVQtUbZLay7tP7er.txt
6BAnU4WVN9ArEfSi01JwhQ,I’m gonna TOESA,SOYEON,ko,LRCLIB,success,success,data\raw\lyrics\6BAnU4WVN9ArEfSi01JwhQ.txt
6BToHhGtbW8eMQFaEv0i2d,Như Ngày Hôm Qua,Sơn Tùng M-TP,vi,LRCLIB,success,success,data\raw\lyrics\6BToHhGtbW8eMQFaEv0i2d.txt
6BePGk3eCan4FqaW2X8Qy3,10:35,Tiësto,en,LRCLIB,success,success,data\raw\lyrics\6BePGk3eCan4FqaW2X8Qy3.txt
6BnPsHZv1jPbPAsQsm0s5b,Nếu Như Ta Chẳng Còn,RPT MCK,vi,LRCLIB,success,success,data\raw\lyrics\6BnPsHZv1jPbPAsQsm0s5b.txt
6C734SmqoIYuRWo2qSCnpC,DICE,NMIXX,ko,LRCLIB,success,success,data\raw\lyrics\6C734SmqoIYuRWo2qSCnpC.txt
6CTdPSNvUYw7UjerVIkUia,xương rồng (intro),Dangrangto,vi,LRCLIB,success,success,data\raw\lyrics\6CTdPSNvUYw7UjerVIkUia.txt
6D90VTeGEWYX5AkAtjHZh1,Like Crazy (Deep House Remix),Jimin,en,LRCLIB,success,success,data\raw\lyrics\6D90VTeGEWYX5AkAtjHZh1.txt
6DH13QYXK7lKkYHSU88N48,Who Knows,Daniel Caesar,en,LRCLIB,success,success,data\raw\lyrics\6DH13QYXK7lKkYHSU88N48.txt
6DLbBlGIOjjEj0dNN25zhZ,Tennessee Orange,Megan Moroney,en,Genius,success,success,data\raw\lyrics\6DLbBlGIOjjEj0dNN25zhZ.txt
6DZz58CbF0AKw5PCKqNKcM,Come to Life,Kanye West,en,LRCLIB,success,success,data\raw\lyrics\6DZz58CbF0AKw5PCKqNKcM.txt
6De8sirPzVyAoBDlQpcutY,misery.,pupsies,en,LRCLIB,success,success,data\raw\lyrics\6De8sirPzVyAoBDlQpcutY.txt
6DoUDG1GJrJf6eGQLUBBnm,Ahí,KAROL G,es,LRCLIB,success,success,data\raw\lyrics\6DoUDG1GJrJf6eGQLUBBnm.txt
6E3P4uOfKHYXJLK6Q3s0Tj,Cơn Mưa Cuối,JustaTee,vi,LRCLIB,success,success,data\raw\lyrics\6E3P4uOfKHYXJLK6Q3s0Tj.txt
6F2r4HgpJnvKDmkN6JEN6J,As I Am,Justin Bieber,en,LRCLIB,success,success,data\raw\lyrics\6F2r4HgpJnvKDmkN6JEN6J.txt
6FBzhcfgGacfXF3AmtfEaX,C U Girl,Steve Lacy,en,LRCLIB,success,success,data\raw\lyrics\6FBzhcfgGacfXF3AmtfEaX.txt
6Fbsn9471Xd0vVsMWwhePh,Tháng Mấy Em Nhớ Anh?,Hà Anh Tuấn,vi,LRCLIB,success,success,data\raw\lyrics\6Fbsn9471Xd0vVsMWwhePh.txt
6FdShjf7nA2cqEnpv1tIia,Make A Wish (Birthday Song),NCT U,mixed,LRCLIB,success,success,data\raw\lyrics\6FdShjf7nA2cqEnpv1tIia.txt
6G2xXQRSZlEzYsUEb3uvuR,Está Dañada,Ivan Cornejo,es,LRCLIB,success,success,data\raw\lyrics\6G2xXQRSZlEzYsUEb3uvuR.txt
6G3myAs4HemIdtLYhhjGLP,FRI(END)S (Instrumental),V,en,LRCLIB,success,success,data\raw\lyrics\6G3myAs4HemIdtLYhhjGLP.txt
6GG4yyk3UATdBfTHVgI8PB,Ain't No Love In Oklahoma (From Twisters: The Album),Luke Combs,en,LRCLIB,success,success,data\raw\lyrics\6GG4yyk3UATdBfTHVgI8PB.txt
6GM4ZOBDcDroldUxI8GZ2B,Ai Ngoài Anh,VSTRA,vi,LRCLIB,success,success,data\raw\lyrics\6GM4ZOBDcDroldUxI8GZ2B.txt
6GUKRhIsWxA7VuZW8MKQLG,Không Thời Gian,Dương Domic,vi,LRCLIB,success,success,data\raw\lyrics\6GUKRhIsWxA7VuZW8MKQLG.txt
6Gg1gjgKi2AK4e0qzsR7sd,Bandit,Juice WRLD,en,LRCLIB,success,success,data\raw\lyrics\6Gg1gjgKi2AK4e0qzsR7sd.txt
6HGOxrNik4iPurqStawTFQ,MAKING MY WAY,Sơn Tùng M-TP,en,LRCLIB,success,success,data\raw\lyrics\6HGOxrNik4iPurqStawTFQ.txt
6HJIZUOiZDE814XMhRGSZN,Soy El Unico,Yahritza Y Su Esencia,es,LRCLIB,success,success,data\raw\lyrics\6HJIZUOiZDE814XMhRGSZN.txt
6HMtHNpW6YPi1hrw9tgF8P,About Damn Time,Lizzo,en,LRCLIB,success,success,data\raw\lyrics\6HMtHNpW6YPi1hrw9tgF8P.txt
6HU7h9RYOaPRFeh0R3UeAr,deja vu,Olivia Rodrigo,en,LRCLIB,success,success,data\raw\lyrics\6HU7h9RYOaPRFeh0R3UeAr.txt
6HpkHTTwfVmSoopeloHqOp,Anh Là Ai?,RAP VIỆT,vi,manual,success,success,data\raw\lyrics\6HpkHTTwfVmSoopeloHqOp.txt
6Hs2xIgB8nzyGFDvVA8lFa,Có Em,Madihu,vi,LRCLIB,success,success,data\raw\lyrics\6Hs2xIgB8nzyGFDvVA8lFa.txt
6IAqflHsPVm4EpYghXauX7,Sinh Ra Đã Là Thứ Đối Lập Nhau,Emcee L (Da LAB),vi,LRCLIB,success,success,data\raw\lyrics\6IAqflHsPVm4EpYghXauX7.txt
6IPNp9PfaEqrzotY47TIWy,SG,DJ Snake,en,LRCLIB,success,success,data\raw\lyrics\6IPNp9PfaEqrzotY47TIWy.txt
6IPwKM3fUUzlElbvKw2sKl,we fell in love in october,girl in red,mixed,LRCLIB,success,success,data\raw\lyrics\6IPwKM3fUUzlElbvKw2sKl.txt
6IUEwlNgVnT5CYeBuq6DTH,Anh Là Ai?,RAP VIỆT,vi,LRCLIB,success,success,data\raw\lyrics\6IUEwlNgVnT5CYeBuq6DTH.txt
6Im9k8u9iIzKMrmV7BWtlF,34+35,Ariana Grande,en,LRCLIB,success,success,data\raw\lyrics\6Im9k8u9iIzKMrmV7BWtlF.txt
6IxPiUQI4Cd0mL0pBIOjAg,Hết Yêu,HIEUTHUHAI,vi,LRCLIB,success,success,data\raw\lyrics\6IxPiUQI4Cd0mL0pBIOjAg.txt
6J5kc12BW5HuP3d7C3vvx8,EoO,Bad Bunny,es,LRCLIB,success,success,data\raw\lyrics\6J5kc12BW5HuP3d7C3vvx8.txt
6JIC3hbC28JZKZ8AlAqX8h,Cold Heart - PNAU Remix,Elton John,en,LRCLIB,success,success,data\raw\lyrics\6JIC3hbC28JZKZ8AlAqX8h.txt
6JdS5rJvJaRA7B1tcm7kxZ,Dionysus,BTS,ko,LRCLIB,success,success,data\raw\lyrics\6JdS5rJvJaRA7B1tcm7kxZ.txt
6KIhgRkprgyJNERRMu7Quh,Có Em Chờ,MIN,vi,LRCLIB,success,success,data\raw\lyrics\6KIhgRkprgyJNERRMu7Quh.txt
6KgZf5gZgF1KLNxq1qZgHP,Anh Là Ngoại Lệ Của Em,Phương Ly,vi,LRCLIB,success,success,data\raw\lyrics\6KgZf5gZgF1KLNxq1qZgHP.txt
6LAicOLiCrHw0bmaLBDbC8,whatsapp (wassam),Gunna,en,LRCLIB,success,success,data\raw\lyrics\6LAicOLiCrHw0bmaLBDbC8.txt
6LXNnUjcOBVyov7bH0NNnM,A Long Day (Feat. Zion.T) (Prod. Fisherman),Basick,ko,manual,success,success,data\raw\lyrics\6LXNnUjcOBVyov7bH0NNnM.txt
6LakfNLAPklxBWkexiRfD0,ĐỢI,52Hz,vi,LRCLIB,success,success,data\raw\lyrics\6LakfNLAPklxBWkexiRfD0.txt
6LtHYDgYHRCHoKK3snfr2w,I'm Tired,Labrinth,en,LRCLIB,success,success,data\raw\lyrics\6LtHYDgYHRCHoKK3snfr2w.txt
6LxSe8YmdPxy095Ux6znaQ,Headlines,Drake,en,LRCLIB,success,success,data\raw\lyrics\6LxSe8YmdPxy095Ux6znaQ.txt
6MCJdudhQY41K3IhluuNuq,Một Chiều Mưa Bất Ngờ,K-ICM,vi,manual,success,success,data\raw\lyrics\6MCJdudhQY41K3IhluuNuq.txt
6MCjmGYlw6mQVWRFVgBRvB,夜に駆ける,YOASOBI,ja,LRCLIB,success,success,data\raw\lyrics\6MCjmGYlw6mQVWRFVgBRvB.txt
6MgCMS8q3NA89TnVuPLvIN,Baby Gọi Cho Anh,RAP VIỆT,vi,LRCLIB,success,success,data\raw\lyrics\6MgCMS8q3NA89TnVuPLvIN.txt
6N1K5OVVCopBjGViHs2IvP,The Joker And The Queen,Ed Sheeran,en,LRCLIB,success,success,data\raw\lyrics\6N1K5OVVCopBjGViHs2IvP.txt
6NnCWIWV740gP7DQ8kqdIE,Nxde,i-dle,ko,LRCLIB,success,success,data\raw\lyrics\6NnCWIWV740gP7DQ8kqdIE.txt
6OWWZtNQORY1McaZmOrwhc,GO!,CORTIS,ko,LRCLIB,success,success,data\raw\lyrics\6OWWZtNQORY1McaZmOrwhc.txt
6PLNoijWdc3dWqc1KKjv73,Đâu Cần Một Bài Ca Tình Yêu,Tiên Tiên,vi,LRCLIB,success,success,data\raw\lyrics\6PLNoijWdc3dWqc1KKjv73.txt
6Q2oEdOhRjZ1DTv2a7j0lN,Ghé Qua,PC,vi,LRCLIB,success,success,data\raw\lyrics\6Q2oEdOhRjZ1DTv2a7j0lN.txt
6QFCMUUq1T2Vf5sFUXcuQ7,Beauty And A Beat,Justin Bieber,en,LRCLIB,success,success,data\raw\lyrics\6QFCMUUq1T2Vf5sFUXcuQ7.txt
6QhsCYcFdfyMbPWCiViI8K,freak,Ariana Grande,en,LRCLIB,success,success,data\raw\lyrics\6QhsCYcFdfyMbPWCiViI8K.txt
6QqrxJe1iQxwLY6he6FLFo,Midnight Fiction,ILLIT,ko,LRCLIB,success,success,data\raw\lyrics\6QqrxJe1iQxwLY6he6FLFo.txt
6Qs4SXO9dwPj5GKvVOv8Ki,Dancing With A Stranger,Sam Smith,en,LRCLIB,success,success,data\raw\lyrics\6Qs4SXO9dwPj5GKvVOv8Ki.txt
6Qwl74olNi1rl65FNxG5We,Và Thế Giới Đã Mất Đi Một Người Cô Đơn,marzuz,vi,LRCLIB,success,success,data\raw\lyrics\6Qwl74olNi1rl65FNxG5We.txt
6Qyc6fS4DsZjB2mRW9DsQs,Iris,The Goo Goo Dolls,en,LRCLIB,success,success,data\raw\lyrics\6Qyc6fS4DsZjB2mRW9DsQs.txt
6R5fYCySNHrqo4Og6O1ppn,Steal The Show,Lauv,en,LRCLIB,success,success,data\raw\lyrics\6R5fYCySNHrqo4Og6O1ppn.txt
6RBziRcDeiho3iTPdtEeg9,Event Horizon,Younha,unknown,LRCLIB,success,success,data\raw\lyrics\6RBziRcDeiho3iTPdtEeg9.txt
6RJBrG3VHz2hPITjv88chh,Glitch,Taylor Swift,en,LRCLIB,success,success,data\raw\lyrics\6RJBrG3VHz2hPITjv88chh.txt
6SaSFVlIQC1L6Fh1QKLeFi,start a war,JENNIE,en,LRCLIB,success,success,data\raw\lyrics\6SaSFVlIQC1L6Fh1QKLeFi.txt
6SpPr7K4YQ2wp8jU6uOTmQ,Queendom,Red Velvet,ko,LRCLIB,success,success,data\raw\lyrics\6SpPr7K4YQ2wp8jU6uOTmQ.txt
6Sq7ltF9Qa7SNFBsV5Cogx,Me Porto Bonito,Bad Bunny,es,LRCLIB,success,success,data\raw\lyrics\6Sq7ltF9Qa7SNFBsV5Cogx.txt
6StwwqB84sJeLr7tZDTxEX,Guy For That (Feat. Luke Combs),Post Malone,en,LRCLIB,success,success,data\raw\lyrics\6StwwqB84sJeLr7tZDTxEX.txt
6SvC0ocJPoolWLaEV8UE58,What Type of X,Jessi,en,LRCLIB,success,success,data\raw\lyrics\6SvC0ocJPoolWLaEV8UE58.txt
6T7FXSuXykeGktMLGp8WgE,All My Life,Lil Durk,en,LRCLIB,success,success,data\raw\lyrics\6T7FXSuXykeGktMLGp8WgE.txt
6TBJkXHPhu3EsMk1bshwuI,ONLY,LEEHI,cy,LRCLIB,success,success,data\raw\lyrics\6TBJkXHPhu3EsMk1bshwuI.txt
6TD5xfffOnYHliuF1wzL6U,Sài Gòn Đau Lòng Quá,Hứa Kim Tuyền,vi,LRCLIB,success,success,data\raw\lyrics\6TD5xfffOnYHliuF1wzL6U.txt
6TGd66r0nlPaYm3KIoI7ET,THE GREATEST,Billie Eilish,en,LRCLIB,success,success,data\raw\lyrics\6TGd66r0nlPaYm3KIoI7ET.txt
6TOI8hhlfebwsTYRCVpRMn,Xuất Phát Điểm,Obito,vi,LRCLIB,success,success,data\raw\lyrics\6TOI8hhlfebwsTYRCVpRMn.txt
6TUf119oQrkteMSKTE1SOf,"Skoal, Chevy, and Browning",Morgan Wallen,en,LRCLIB,success,success,data\raw\lyrics\6TUf119oQrkteMSKTE1SOf.txt
6UelLqGlWMcVH1E5c4H7lY,Watermelon Sugar,Harry Styles,en,LRCLIB,success,success,data\raw\lyrics\6UelLqGlWMcVH1E5c4H7lY.txt
6Uj1ctrBOjOas8xZXGqKk4,Woman,Doja Cat,en,LRCLIB,success,success,data\raw\lyrics\6Uj1ctrBOjOas8xZXGqKk4.txt
6VXVYATpQXEIoZ97NnWCmn,Vì Anh Đâu Có Biết,Madihu,vi,LRCLIB,success,success,data\raw\lyrics\6VXVYATpQXEIoZ97NnWCmn.txt
6VedlO2MtaEjAITax6vQyg,Toki Yo Tomare,ILLIT,en,LRCLIB,success,success,data\raw\lyrics\6VedlO2MtaEjAITax6vQyg.txt
6Vx29sLFwzT8yvRhzP2Fge,Lời Nói Dối Sau Nụ Cười,K-ICM,vi,LRCLIB,success,success,data\raw\lyrics\6Vx29sLFwzT8yvRhzP2Fge.txt
6WY4wvlmgccWapnIg14Vy0,Merry Christmas Mr. Lawrence,Ryuichi Sakamoto,,,not_found,success,
6Wobsw9uZ0D0xkfOjxXSq9,Messy (From F1® The Movie),ROSÉ,en,LRCLIB,success,success,data\raw\lyrics\6Wobsw9uZ0D0xkfOjxXSq9.txt
6WzRpISELf3YglGAh7TXcG,Popular,The Weeknd,en,LRCLIB,success,success,data\raw\lyrics\6WzRpISELf3YglGAh7TXcG.txt
6XjDF6nds4DE2BBbagZol6,Gata Only,FloyyMenor,es,LRCLIB,success,success,data\raw\lyrics\6XjDF6nds4DE2BBbagZol6.txt
6Y4rniIxibegzsg8cdWAWV,BODYGUARD,Beyoncé,en,LRCLIB,success,success,data\raw\lyrics\6Y4rniIxibegzsg8cdWAWV.txt
6Yj8kVuVR3UPxx9r5eFEoV,Miniskirt,AOA,ko,LRCLIB,success,success,data\raw\lyrics\6Yj8kVuVR3UPxx9r5eFEoV.txt
6YvqWjhGD8mB5QXcbcUKtx,Love Story (Taylor’s Version),Taylor Swift,en,LRCLIB,success,success,data\raw\lyrics\6YvqWjhGD8mB5QXcbcUKtx.txt
6Zoi4ue74UdUeYmHXItXnf,Vùng An Toàn,B Ray,vi,LRCLIB,success,success,data\raw\lyrics\6Zoi4ue74UdUeYmHXItXnf.txt
6a1uj8onBHUi6TKSREPxHY,Ghệ Mới,B Ray,vi,LRCLIB,success,success,data\raw\lyrics\6a1uj8onBHUi6TKSREPxHY.txt
6aeU5IH8DB1qHK5jRFTNUv,Hương,Văn Mai Hương,vi,LRCLIB,success,success,data\raw\lyrics\6aeU5IH8DB1qHK5jRFTNUv.txt
6ag0c7tBr3PIqPb00C2rK4,NGƯỜI NHƯ ANH XỨNG ĐÁNG CÔ ĐƠN - KHÔNG ĐAU NỮA RỒI,VCT,vi,manual,success,success,data\raw\lyrics\6ag0c7tBr3PIqPb00C2rK4.txt
6auT8cRBu3BgPRBrdVBY15,London Boy,Lim Young Woong,en,LRCLIB,success,success,data\raw\lyrics\6auT8cRBu3BgPRBrdVBY15.txt
6bGMSP3H9YqkmaLnaJTIoF,Hold On,Adele,en,LRCLIB,success,success,data\raw\lyrics\6bGMSP3H9YqkmaLnaJTIoF.txt
6bXmKNVe9YIjoyDbz04nWg,Freaky Squad,Rhymastic,vi,LRCLIB,success,success,data\raw\lyrics\6bXmKNVe9YIjoyDbz04nWg.txt
6cc5PzJUddXskJGHJINw9F,DANCING IN THE DARK,SOOBIN,vi,LRCLIB,success,success,data\raw\lyrics\6cc5PzJUddXskJGHJINw9F.txt
6cqH1q7g5GeRVQVMK1Vc7f,Weekend,TAEYEON,ko,LRCLIB,success,success,data\raw\lyrics\6cqH1q7g5GeRVQVMK1Vc7f.txt
6cwSbxCqAwBNbCqaLMZgbT,LOSER - KR Ver.,BIGBANG,id,manual,success,success,data\raw\lyrics\6cwSbxCqAwBNbCqaLMZgbT.txt
6dBUzqjtbnIa1TwYbyw5CM,Lovers Rock,TV Girl,en,LRCLIB,success,success,data\raw\lyrics\6dBUzqjtbnIa1TwYbyw5CM.txt
6dOtVTDdiauQNBQEDOtlAB,BIRDS OF A FEATHER,Billie Eilish,en,LRCLIB,success,success,data\raw\lyrics\6dOtVTDdiauQNBQEDOtlAB.txt
6dTA6y0C2ReQklntzZl8l3,The Story Of Us (Taylor's Version),Taylor Swift,en,LRCLIB,success,success,data\raw\lyrics\6dTA6y0C2ReQklntzZl8l3.txt
6dgUya35uo964z7GZXM07g,Nonsense,Sabrina Carpenter,en,LRCLIB,success,success,data\raw\lyrics\6dgUya35uo964z7GZXM07g.txt
6eOD2p1cGmxLiYA0UR03O1,Như Hoa Mùa Xuân,Phùng Khánh Linh,vi,LRCLIB,success,success,data\raw\lyrics\6eOD2p1cGmxLiYA0UR03O1.txt
6ePyl2ns4b7MVYhjsj32ZK,Intro: Singularity,BTS,ko,LRCLIB,success,success,data\raw\lyrics\6ePyl2ns4b7MVYhjsj32ZK.txt
6eT2V7nKXyMf47TwPbtgAD,Seek & Destroy,SZA,en,LRCLIB,success,success,data\raw\lyrics\6eT2V7nKXyMf47TwPbtgAD.txt
6epn3r7S14KUqlReYr77hA,Baby,Justin Bieber,en,LRCLIB,success,success,data\raw\lyrics\6epn3r7S14KUqlReYr77hA.txt
6f3Slt0GbA2bPZlz0aIFXN,The Business,Tiësto,mixed,LRCLIB,success,success,data\raw\lyrics\6f3Slt0GbA2bPZlz0aIFXN.txt
6f5ExP43esnvdKPddwKXJH,Better Days (NEIKED x Mae Muller x Polo G),NEIKED,en,LRCLIB,success,success,data\raw\lyrics\6f5ExP43esnvdKPddwKXJH.txt
6f68Ac5tt5BQOpwr0BV9oN,I Just Might,Bruno Mars,en,LRCLIB,success,success,data\raw\lyrics\6f68Ac5tt5BQOpwr0BV9oN.txt
6fPan2saHdFaIHuTSatORv,L’AMOUR DE MA VIE,Billie Eilish,en,LRCLIB,success,success,data\raw\lyrics\6fPan2saHdFaIHuTSatORv.txt
6fbS9Lbyv6L4tz7tcmBGKh,보나마나 (BONAMANA),G-DRAGON,ko,LRCLIB,success,success,data\raw\lyrics\6fbS9Lbyv6L4tz7tcmBGKh.txt
6g02YqJTLBjqJ7sGvW1wDB,Brainwash,HEEDAE,ko,LRCLIB,success,success,data\raw\lyrics\6g02YqJTLBjqJ7sGvW1wDB.txt
6gcuJpHu0Ey30D5WR76y98,You & Me,JENNIE,en,LRCLIB,success,success,data\raw\lyrics\6gcuJpHu0Ey30D5WR76y98.txt
6gmvd9Lld9MiNR9r6I9eFE,Panorama,Richie D. ICY,vi,LRCLIB,success,success,data\raw\lyrics\6gmvd9Lld9MiNR9r6I9eFE.txt
6hHrPwQYGp9kPL7xLZviBS,Universe (Let's Play Ball),NCT U,mixed,manual,success,success,data\raw\lyrics\6hHrPwQYGp9kPL7xLZviBS.txt
6hLEsk1t37XKNwtTQ3iI1b,Cơn Đau,Wren Evans,vi,LRCLIB,success,success,data\raw\lyrics\6hLEsk1t37XKNwtTQ3iI1b.txt
6hUpxEKFSjS8metuA1yxlf,Vai Lan Don Dua,SOOBIN,vi,LRCLIB,success,success,data\raw\lyrics\6hUpxEKFSjS8metuA1yxlf.txt
6hcT29EF7UYuwu76eqlys9,Girls Will Be Girls,ITZY,mixed,LRCLIB,success,success,data\raw\lyrics\6hcT29EF7UYuwu76eqlys9.txt
6i8MbzVn4nzyjUcSoVcz7B,Armageddon,aespa,mixed,LRCLIB,success,success,data\raw\lyrics\6i8MbzVn4nzyjUcSoVcz7B.txt
6iWPQ9xAYH3ZePu2Z209Y6,Chỉ Là Không Cùng Nhau (Live Version),Tăng Phúc,vi,LRCLIB,success,success,data\raw\lyrics\6iWPQ9xAYH3ZePu2Z209Y6.txt
6iXGivPFpsqKmrINhIbPvx,Buồn Thì Cứ Khóc Đi,Lynk Lee,vi,LRCLIB,success,success,data\raw\lyrics\6iXGivPFpsqKmrINhIbPvx.txt
6iirdwpyu2Ohg3iVdu4vXl,Kiss,NCT DOJAEJUNG,ko,LRCLIB,success,success,data\raw\lyrics\6iirdwpyu2Ohg3iVdu4vXl.txt
6iu311jZAJFLPgoIWgrA72,BANG BANG BANG - KR Ver.,BIGBANG,mixed,LRCLIB,success,success,data\raw\lyrics\6iu311jZAJFLPgoIWgrA72.txt
6jOP08e9PHDnoF3reZcePE,Qua Khung Cửa Sổ,Chillies,vi,LRCLIB,success,success,data\raw\lyrics\6jOP08e9PHDnoF3reZcePE.txt
6jYiHr12NVKLzn0X7K8aSK,FOCUS,Hearts2Hearts,en,LRCLIB,success,success,data\raw\lyrics\6jYiHr12NVKLzn0X7K8aSK.txt
6jbYpRPTEFl1HFKHk1IC0m,Like Him,"Tyler, The Creator",en,LRCLIB,success,success,data\raw\lyrics\6jbYpRPTEFl1HFKHk1IC0m.txt
6jcLKVmEKAQIXIVHJZ8vzS,tình yêu chậm trễ,MONSTAR,vi,LRCLIB,success,success,data\raw\lyrics\6jcLKVmEKAQIXIVHJZ8vzS.txt
6je5cTal6PyeITNrOzkCoS,Welcome to the Show,DAY6,cy,LRCLIB,success,success,data\raw\lyrics\6je5cTal6PyeITNrOzkCoS.txt
6jgUrLEivd4DaiYb1izJLF,Right Now (Instrumental),NewJeans,en,LRCLIB,success,success,data\raw\lyrics\6jgUrLEivd4DaiYb1izJLF.txt
6jl91VgNuRjpwO0MJQw29F,Vivid LaLa Love,LEE CHANHYUK,mixed,LRCLIB,success,success,data\raw\lyrics\6jl91VgNuRjpwO0MJQw29F.txt
6jp9WjJtKF0Fgks0Y9Kkni,Like I do,Tate McRae,en,LRCLIB,success,success,data\raw\lyrics\6jp9WjJtKF0Fgks0Y9Kkni.txt
6jy9yJfgCsMHdu2Oz4BGKX,Papi’s Home,Drake,en,LRCLIB,success,success,data\raw\lyrics\6jy9yJfgCsMHdu2Oz4BGKX.txt
6kCU6i8iRrAAmJJ8Sj4JYC,Nắng có mang em về,Shartnuss,vi,Genius,success,success,data\raw\lyrics\6kCU6i8iRrAAmJJ8Sj4JYC.txt
6kH1sKkvgN4Yikake52glq,We Ride,Brave Girls,mixed,LRCLIB,success,success,data\raw\lyrics\6kH1sKkvgN4Yikake52glq.txt
6kQF79mjbOkvuRvg0J2XZv,Died and Came Back,Lil Uzi Vert,en,LRCLIB,success,success,data\raw\lyrics\6kQF79mjbOkvuRvg0J2XZv.txt
6kYGOFNUMxpab09L5Ukoke,Rich Spirit,Kendrick Lamar,en,LRCLIB,success,success,data\raw\lyrics\6kYGOFNUMxpab09L5Ukoke.txt
6koKhrBBcExADvWuOgceNZ,Open Arms,SZA,en,LRCLIB,success,success,data\raw\lyrics\6koKhrBBcExADvWuOgceNZ.txt
6krYS8KtmNAYyb5uTZiYW4,Dawn FM,The Weeknd,en,LRCLIB,success,success,data\raw\lyrics\6krYS8KtmNAYyb5uTZiYW4.txt
6lzc0Al0zfZOIFsFvBS1ki,State Of Grace (Taylor's Version),Taylor Swift,en,LRCLIB,success,success,data\raw\lyrics\6lzc0Al0zfZOIFsFvBS1ki.txt
6mKMGpkgP2cH5gmqILWe7b,vết thương,Fishy,vi,LRCLIB,success,success,data\raw\lyrics\6mKMGpkgP2cH5gmqILWe7b.txt
6me7F0aaZjwDo6RJ5MrfBD,Evergreen,Richy Mitch & The Coal Miners,en,LRCLIB,success,success,data\raw\lyrics\6me7F0aaZjwDo6RJ5MrfBD.txt
6mzkkz2p0Nyyp43Eedv4mS,사이렌,HOMIES,ko,Genius,success,success,data\raw\lyrics\6mzkkz2p0Nyyp43Eedv4mS.txt
6o5y1iNvg3ORGfHtBEB8U4,? (Interlude),RM,en,LRCLIB,success,success,data\raw\lyrics\6o5y1iNvg3ORGfHtBEB8U4.txt
6oNLSQX8bcAdbCElZYju3v,Supersonic,fromis_9,mixed,LRCLIB,success,success,data\raw\lyrics\6oNLSQX8bcAdbCElZYju3v.txt
6ocbgoVGwYJhOv1GgI9NsF,7 rings,Ariana Grande,en,LRCLIB,success,success,data\raw\lyrics\6ocbgoVGwYJhOv1GgI9NsF.txt
6pYNq0ZwpPVazKzsqpf0G8,The Very First Night (Taylor's Version) (From The Vault),Taylor Swift,en,LRCLIB,success,success,data\raw\lyrics\6pYNq0ZwpPVazKzsqpf0G8.txt
6pqyZNnLKyJKtrlf42FQoq,Nice Guy,BOYNEXTDOOR,en,LRCLIB,success,success,data\raw\lyrics\6pqyZNnLKyJKtrlf42FQoq.txt
6pr7X9UZCDn8CruopaNVha,BIG TIME,DJ Khaled,en,LRCLIB,success,success,data\raw\lyrics\6pr7X9UZCDn8CruopaNVha.txt
6rVCUwfnuYTAsX4P9fIdIu,Dreams Come True,aespa,en,LRCLIB,success,success,data\raw\lyrics\6rVCUwfnuYTAsX4P9fIdIu.txt
6rdkCkjk6D12xRpdMXy0I2,New Jeans,NewJeans,en,LRCLIB,success,success,data\raw\lyrics\6rdkCkjk6D12xRpdMXy0I2.txt
6rjuKpPydT2SxN15TZpV7r,500lbs,Lil Tecca,en,LRCLIB,success,success,data\raw\lyrics\6rjuKpPydT2SxN15TZpV7r.txt
6s3w7SUVtmm68Bw5KrKMh0,One More Night,BTS,en,LRCLIB,success,success,data\raw\lyrics\6s3w7SUVtmm68Bw5KrKMh0.txt
6sGIMrtIzQjdzNndVxe397,So Easy (To Fall In Love),Olivia Dean,en,LRCLIB,success,success,data\raw\lyrics\6sGIMrtIzQjdzNndVxe397.txt
6tDDoYIxWvMLTdKpjFkc1B,telepatía,Kali Uchis,en,LRCLIB,success,success,data\raw\lyrics\6tDDoYIxWvMLTdKpjFkc1B.txt
6tNgRQ0K2NYZ0Rb9l9DzL8,obsessed,Olivia Rodrigo,en,LRCLIB,success,success,data\raw\lyrics\6tNgRQ0K2NYZ0Rb9l9DzL8.txt
6thXB4RmajS4oZPNiBAKy0,Ghostbusters,Ray Parker Jr.,en,Genius,success,success,data\raw\lyrics\6thXB4RmajS4oZPNiBAKy0.txt
6tjituizSxwSmBB5vtgHZE,Holly Jolly Christmas,Michael Bublé,en,LRCLIB,success,success,data\raw\lyrics\6tjituizSxwSmBB5vtgHZE.txt
6toQdWWc4noiOk3Eo5mVDS,Beat Box 3,SpotemGottem,en,LRCLIB,success,success,data\raw\lyrics\6toQdWWc4noiOk3Eo5mVDS.txt
6txVOdSbg928oeGhlVUrdK,Lemonade,NCT 127,ko,LRCLIB,success,success,data\raw\lyrics\6txVOdSbg928oeGhlVUrdK.txt
6u3CPnFMKANYgfdiifFOiJ,Gravity,Brent Faiyaz,en,LRCLIB,success,success,data\raw\lyrics\6u3CPnFMKANYgfdiifFOiJ.txt
6uIIdjYTxxpWOyWuVXrKQO,Que Onda,Calle 24,es,LRCLIB,success,success,data\raw\lyrics\6uIIdjYTxxpWOyWuVXrKQO.txt
6ufcuVInt0ocHrUimDjGlb,PLASTIC OFF THE SOFA,Beyoncé,en,LRCLIB,success,success,data\raw\lyrics\6ufcuVInt0ocHrUimDjGlb.txt
6unndO70DvZfnXYcYQMyQJ,Never Felt So Alone,Labrinth,mixed,LRCLIB,success,success,data\raw\lyrics\6unndO70DvZfnXYcYQMyQJ.txt
6uosenLUNFZtOIih5T0qfV,LOVE ATTACK,RESCENE,mixed,LRCLIB,success,success,data\raw\lyrics\6uosenLUNFZtOIih5T0qfV.txt
6uvw8GFIqdqaJ4Nr3kN8Rs,Come Over,BTS,en,LRCLIB,success,success,data\raw\lyrics\6uvw8GFIqdqaJ4Nr3kN8Rs.txt
6uxuJ8Fr1AAfSPJUF9N1yr,Bước Qua Mùa Cô Đơn,Vũ.,vi,LRCLIB,success,success,data\raw\lyrics\6uxuJ8Fr1AAfSPJUF9N1yr.txt
6vFsBXYczYsP0H3lgunZOm,Cloud 9,Beach Bunny,en,LRCLIB,success,success,data\raw\lyrics\6vFsBXYczYsP0H3lgunZOm.txt
6vQnpXl0KvwTfLpIhoOLHc,Boom,Polo G,en,LRCLIB,success,success,data\raw\lyrics\6vQnpXl0KvwTfLpIhoOLHc.txt
6vjt2smGK75oc9r2OGFfgp,LEMONADE,aespa,en,LRCLIB,success,success,data\raw\lyrics\6vjt2smGK75oc9r2OGFfgp.txt
6vvPecFTmWxDfEJ6cYT1wa,Rockstar,LISA,en,LRCLIB,success,success,data\raw\lyrics\6vvPecFTmWxDfEJ6cYT1wa.txt
6w9SgpKIzB54R2xHml1UPP,Love Language,Kim Min Seok (MeloMance),en,manual,success,success,data\raw\lyrics\6w9SgpKIzB54R2xHml1UPP.txt
6wZOZ0votPhc8qdg4UFPtH,dandelion,Ariana Grande,en,LRCLIB,success,success,data\raw\lyrics\6wZOZ0votPhc8qdg4UFPtH.txt
6wf7Yu7cxBSPrRlWeSeK0Q,"What Was I Made For? [From The Motion Picture ""Barbie""]",Billie Eilish,en,LRCLIB,success,success,data\raw\lyrics\6wf7Yu7cxBSPrRlWeSeK0Q.txt
6wkYQMrFfb0huLB5Qn19Iv,We Almost Broke Up Again Last Night,Sabrina Carpenter,en,LRCLIB,success,success,data\raw\lyrics\6wkYQMrFfb0huLB5Qn19Iv.txt
6ws54n2IzyrIxxyzlG2bVJ,Right On,Lil Baby,en,LRCLIB,success,success,data\raw\lyrics\6ws54n2IzyrIxxyzlG2bVJ.txt
6wsqVwoiVH2kde4k4KKAFU,I KNOW ?,Travis Scott,en,LRCLIB,success,success,data\raw\lyrics\6wsqVwoiVH2kde4k4KKAFU.txt
6xGruZOHLs39ZbVccQTuPZ,Glimpse of Us,Joji,en,LRCLIB,success,success,data\raw\lyrics\6xGruZOHLs39ZbVccQTuPZ.txt
6xKs4CnVadRzdNZ48vhT27,Ngày Đầu Sau Chia Tay,Đức Phúc,vi,LRCLIB,success,success,data\raw\lyrics\6xKs4CnVadRzdNZ48vhT27.txt
6xV7Be6XEvkSnighmh2Tzj,Sugar On My Tongue,"Tyler, The Creator",en,LRCLIB,success,success,data\raw\lyrics\6xV7Be6XEvkSnighmh2Tzj.txt
6zjk7Qbwb9DZ4ykUUoqknh,第ゼロ感,10-FEET,mixed,LRCLIB,success,success,data\raw\lyrics\6zjk7Qbwb9DZ4ykUUoqknh.txt
6zuPQl2RVqQ4y5nAH61CFC,II MOST WANTED,Beyoncé,en,LRCLIB,success,success,data\raw\lyrics\6zuPQl2RVqQ4y5nAH61CFC.txt
70LcF31zb1H0PyJoS1Sx1r,Creep,Radiohead,en,LRCLIB,success,success,data\raw\lyrics\70LcF31zb1H0PyJoS1Sx1r.txt
70RQYCjVacuJgeYAmU2sXd,Vitamin ME,fromis_9,ko,LRCLIB,success,success,data\raw\lyrics\70RQYCjVacuJgeYAmU2sXd.txt
70hEVaGwwat644nPWkhKNW,yêu anh đi mẹ anh bán bánh mì,Phuc Du,vi,LRCLIB,success,success,data\raw\lyrics\70hEVaGwwat644nPWkhKNW.txt
70t7Q6AYG6ZgTYmJWcnkUM,I AM,IVE,mixed,LRCLIB,success,success,data\raw\lyrics\70t7Q6AYG6ZgTYmJWcnkUM.txt
7134tEHq45eL6am9oVazZU,White Christmas,V,en,LRCLIB,success,success,data\raw\lyrics\7134tEHq45eL6am9oVazZU.txt
71luUs5K7N1fdf7ecMKg04,Cho Con (Lullaby pt.2),B Ray,vi,LRCLIB,success,success,data\raw\lyrics\71luUs5K7N1fdf7ecMKg04.txt
72NMPuJCRsOUoXQJdzVfdo,Track 06,Tyronee,vi,LRCLIB,success,success,data\raw\lyrics\72NMPuJCRsOUoXQJdzVfdo.txt
72PVbRKkUimweUPV0nKAPs,ALL I CAN TAKE,Justin Bieber,en,LRCLIB,success,success,data\raw\lyrics\72PVbRKkUimweUPV0nKAPs.txt
72dummgz1gSqm8faekYYQh,Jesus Lord pt 2,Kanye West,en,LRCLIB,success,success,data\raw\lyrics\72dummgz1gSqm8faekYYQh.txt
72qABvaqn3TP6drO2tByA6,Ain't No Love,Future,en,LRCLIB,success,success,data\raw\lyrics\72qABvaqn3TP6drO2tByA6.txt
73RcFjiDtStfP3GCW44vJu,Ngày Rời Chuyến Bay,Minh Huy,vi,LRCLIB,success,success,data\raw\lyrics\73RcFjiDtStfP3GCW44vJu.txt
73fFRs03s0gtjggfMW213L,Ngã Tư Không Đèn,TRANG,vi,LRCLIB,success,success,data\raw\lyrics\73fFRs03s0gtjggfMW213L.txt
73mVGNhTlRQBod01zh3M0s,"Tell Ur Mom II - Gii, Hiderway Remix",Winno,vi,manual,success,success,data\raw\lyrics\73mVGNhTlRQBod01zh3M0s.txt
73qMN9bXy7MSPwwGfH3wQr,Sad Beautiful Tragic (Taylor's Version),Taylor Swift,en,LRCLIB,success,success,data\raw\lyrics\73qMN9bXy7MSPwwGfH3wQr.txt
73uxnSsFMeJ15POpd3zgrV,Believe What I Say,Kanye West,en,LRCLIB,success,success,data\raw\lyrics\73uxnSsFMeJ15POpd3zgrV.txt
73zawW1ttszLRgT9By826D,Man Made A Bar,Morgan Wallen,en,LRCLIB,success,success,data\raw\lyrics\73zawW1ttszLRgT9By826D.txt
741UUVE2kuITl0c6zuqqbO,Barbie World,Nicki Minaj,en,LRCLIB,success,success,data\raw\lyrics\741UUVE2kuITl0c6zuqqbO.txt
748MqeDRJ401KBqwCn5zHB,Seven,Jung Kook,en,LRCLIB,success,success,data\raw\lyrics\748MqeDRJ401KBqwCn5zHB.txt
74X2u8JMVooG2QbjRxXwR8,Perfect Night,LE SSERAFIM,en,LRCLIB,success,success,data\raw\lyrics\74X2u8JMVooG2QbjRxXwR8.txt
74ewFAgDzRkhZ7EX2eLtfZ,Winter Bear,V,en,LRCLIB,success,success,data\raw\lyrics\74ewFAgDzRkhZ7EX2eLtfZ.txt
75FEaRjZTKLhTrFGsfMUXR,Running Up That Hill (A Deal With God),Kate Bush,en,LRCLIB,success,success,data\raw\lyrics\75FEaRjZTKLhTrFGsfMUXR.txt
75MJ2d8AmBWgf2yeZACwpa,Guitarist,D.O.,ko,LRCLIB,success,success,data\raw\lyrics\75MJ2d8AmBWgf2yeZACwpa.txt
75NgcOsgURBLTPpRzAsxp0,Tháng 4 Là Lời Nói Dối Của Em - Live Version,Hà Anh Tuấn,vi,manual,success,success,data\raw\lyrics\75NgcOsgURBLTPpRzAsxp0.txt
75W3SngKzTuoQ94uLf3y82,How You Get The Girl (Taylor's Version),Taylor Swift,en,LRCLIB,success,success,data\raw\lyrics\75W3SngKzTuoQ94uLf3y82.txt
76OC0zMt7wqgys9BpPfLag,SMOKE HOUR ★ WILLIE NELSON,Beyoncé,en,LRCLIB,success,success,data\raw\lyrics\76OC0zMt7wqgys9BpPfLag.txt
775S83AMYbQc8SYteOktTL,Gradation,10CM,unknown,LRCLIB,success,success,data\raw\lyrics\775S83AMYbQc8SYteOktTL.txt
776vLcNy6mHNmPisdejR0I,Nostalgia,BIG Naughty,ko,LRCLIB,success,success,data\raw\lyrics\776vLcNy6mHNmPisdejR0I.txt
77DRzu7ERs0TX3roZcre7Q,euphoria,Kendrick Lamar,en,LRCLIB,success,success,data\raw\lyrics\77DRzu7ERs0TX3roZcre7Q.txt
77khP2fIVhSW23NwxrRluh,A Holly Jolly Christmas - Single Version,Burl Ives,en,LRCLIB,success,success,data\raw\lyrics\77khP2fIVhSW23NwxrRluh.txt
77sMIMlNaSURUAXq5coCxE,Fearless (Taylor’s Version),Taylor Swift,en,LRCLIB,success,success,data\raw\lyrics\77sMIMlNaSURUAXq5coCxE.txt
789CxjEOtO76BVD1A9yJQH,Stay,Rihanna,en,LRCLIB,success,success,data\raw\lyrics\789CxjEOtO76BVD1A9yJQH.txt
78Du4CMFgnhdlG33gblkiP,Rich Men North of Richmond,Oliver Anthony Music,en,LRCLIB,success,success,data\raw\lyrics\78Du4CMFgnhdlG33gblkiP.txt
78ZYPq0f3afyzdYdpTOG9C,Walk,NCT 127,ko,LRCLIB,success,success,data\raw\lyrics\78ZYPq0f3afyzdYdpTOG9C.txt
78lw4wahFNotXb0mOEtPkM,BADBYE,WEAN,vi,LRCLIB,success,success,data\raw\lyrics\78lw4wahFNotXb0mOEtPkM.txt
79AHPJd8upvNxyK2qQcY8J,HISS,Megan Thee Stallion,en,LRCLIB,success,success,data\raw\lyrics\79AHPJd8upvNxyK2qQcY8J.txt
79IikGOqOg2Rnnz0Fo5Qao,Dreaming,NCT DREAM,ko,Genius,success,success,data\raw\lyrics\79IikGOqOg2Rnnz0Fo5Qao.txt
79RJg6MqIJlBuedcMqB9F0,My Body Isn't Ready,sombr,en,LRCLIB,success,success,data\raw\lyrics\79RJg6MqIJlBuedcMqB9F0.txt
79bSb2Ilugozn6VygdplEZ,1 Phút,Andiez,vi,LRCLIB,success,success,data\raw\lyrics\79bSb2Ilugozn6VygdplEZ.txt
79f5CcWzdkkDVD4XAIQgKr,LALALALA,Stray Kids,ko,LRCLIB,success,success,data\raw\lyrics\79f5CcWzdkkDVD4XAIQgKr.txt
79nEEoEPY2w8EXj9hjn5oc,Ginseng Strip 2002,Yung Lean,en,LRCLIB,success,success,data\raw\lyrics\79nEEoEPY2w8EXj9hjn5oc.txt
79x7xtoCLpf6l32Zz6mWo4,BOKeTE,Bad Bunny,es,LRCLIB,success,success,data\raw\lyrics\79x7xtoCLpf6l32Zz6mWo4.txt
79xFFmGKtEyky0I2G9U9Jg,yêu thì yêu không yêu thì yêu,AMEE,vi,LRCLIB,success,success,data\raw\lyrics\79xFFmGKtEyky0I2G9U9Jg.txt
7AD5F85waSb3yZxZxEXhJM,Có Ai Thương Em Như Anh,Tóc Tiên,vi,LRCLIB,success,success,data\raw\lyrics\7AD5F85waSb3yZxZxEXhJM.txt
7AdGloF1UHKe1vAZPbqIXH,The Happiest Girl,BLACKPINK,en,LRCLIB,success,success,data\raw\lyrics\7AdGloF1UHKe1vAZPbqIXH.txt
7AeM1BGYM7emrqmQn1PuWv,I'm The Problem,Morgan Wallen,en,LRCLIB,success,success,data\raw\lyrics\7AeM1BGYM7emrqmQn1PuWv.txt
7Ar4G7Ci11gpt6sfH9Cgz5,Listen to the Music,The Doobie Brothers,en,LRCLIB,success,success,data\raw\lyrics\7Ar4G7Ci11gpt6sfH9Cgz5.txt
7BDHDiidJ8WV349p3HTxTV,MANIAC,Stray Kids,ko,LRCLIB,success,success,data\raw\lyrics\7BDHDiidJ8WV349p3HTxTV.txt
7BoobGhD4x5K96Me0hqC8Q,Build a Bitch,Bella Poarch,en,LRCLIB,success,success,data\raw\lyrics\7BoobGhD4x5K96Me0hqC8Q.txt
7BpqydHSxMviDR0DNTne6J,Yours,Conan Gray,en,LRCLIB,success,success,data\raw\lyrics\7BpqydHSxMviDR0DNTne6J.txt
7C0kNQRFtNhs7Ibx1Q4sLy,HỀ,"EM XINH ""SAY HI""",vi,LRCLIB,success,success,data\raw\lyrics\7C0kNQRFtNhs7Ibx1Q4sLy.txt
7C1BLYzAvR0KdBpov3GpUZ,El Dorado,Zach Bryan,en,LRCLIB,success,success,data\raw\lyrics\7C1BLYzAvR0KdBpov3GpUZ.txt
7CAdT0HdiQNlt1C7xk2hep,Stay Alive (Prod. SUGA of BTS),Jung Kook,mixed,LRCLIB,success,success,data\raw\lyrics\7CAdT0HdiQNlt1C7xk2hep.txt
7Cjsw965r7mVK888ZqP6Wo,Mình Anh Thôi,Negav,vi,LRCLIB,success,success,data\raw\lyrics\7Cjsw965r7mVK888ZqP6Wo.txt
7Cnpb1vBbC46RgVyyKLH7p,Whiplash,aespa,mixed,LRCLIB,success,success,data\raw\lyrics\7Cnpb1vBbC46RgVyyKLH7p.txt
7CyPwkp0oE8Ro9Dd5CUDjW,One Of The Girls,The Weeknd,en,LRCLIB,success,success,data\raw\lyrics\7CyPwkp0oE8Ro9Dd5CUDjW.txt
7D0RhFcb3CrfPuTJ0obrod,Sparks,Coldplay,en,LRCLIB,success,success,data\raw\lyrics\7D0RhFcb3CrfPuTJ0obrod.txt
7DF8lvLdV3htIbuTWpc7lR,Girl Of My Dreams,Juice WRLD,en,LRCLIB,success,success,data\raw\lyrics\7DF8lvLdV3htIbuTWpc7lR.txt
7DSAEUvxU8FajXtRloy8M0,Flowers,Miley Cyrus,en,LRCLIB,success,success,data\raw\lyrics\7DSAEUvxU8FajXtRloy8M0.txt
7Ddk8FhoYKdsVoX9AOCPMm,STAYING ALIVE,DJ Khaled,en,LRCLIB,success,success,data\raw\lyrics\7Ddk8FhoYKdsVoX9AOCPMm.txt
7E2C5rBLpCKwQlhJPVFBRS,You’re Mines Still,Yung Bleu,en,LRCLIB,success,success,data\raw\lyrics\7E2C5rBLpCKwQlhJPVFBRS.txt
7EBy2V93Ykyvfc5CMApTGc,Barbarian,Juice WRLD,en,LRCLIB,success,success,data\raw\lyrics\7EBy2V93Ykyvfc5CMApTGc.txt
7ESH2ntyD5Bb1XckoJU554,Một Năm Mới Bình An,Sơn Tùng M-TP,vi,LRCLIB,success,success,data\raw\lyrics\7ESH2ntyD5Bb1XckoJU554.txt
7EW7Yivb93qKAtp5qEm5of,Dark Thoughts,Lil Tecca,en,LRCLIB,success,success,data\raw\lyrics\7EW7Yivb93qKAtp5qEm5of.txt
7Ebm9NxzNhUX2FxzBl1kwm,02 Mơ Làm Ma,Ngọt,vi,LRCLIB,success,success,data\raw\lyrics\7Ebm9NxzNhUX2FxzBl1kwm.txt
7F0MuIk5glqtowCUjbn9es,Impurities,LE SSERAFIM,ko,LRCLIB,success,success,data\raw\lyrics\7F0MuIk5glqtowCUjbn9es.txt
7FGdjbZ32vMybPuP0IuE7d,Back In Blood,Pooh Shiesty,en,LRCLIB,success,success,data\raw\lyrics\7FGdjbZ32vMybPuP0IuE7d.txt
7FIWs0pqAYbP91WWM0vlTQ,Godzilla,Eminem,en,LRCLIB,success,success,data\raw\lyrics\7FIWs0pqAYbP91WWM0vlTQ.txt
7FbrGaHYVDmfr7KoLIZnQ7,Cupid - Twin Ver.,FIFTY FIFTY,en,LRCLIB,success,success,data\raw\lyrics\7FbrGaHYVDmfr7KoLIZnQ7.txt
7FdUvDkaE24o3FPIWTvzv2,Follow You,Imagine Dragons,en,LRCLIB,success,success,data\raw\lyrics\7FdUvDkaE24o3FPIWTvzv2.txt
7Fege3yv4dvehB3NdRBGwI,Banking On Me,Gunna,en,LRCLIB,success,success,data\raw\lyrics\7Fege3yv4dvehB3NdRBGwI.txt
7FlQk2gJ6TBrHHiidvdR2O,MAMIII,Becky G,es,LRCLIB,success,success,data\raw\lyrics\7FlQk2gJ6TBrHHiidvdR2O.txt
7FyKqLLICVzwBiAUtbVYUW,ONE MORE TIME,ALLDAY PROJECT,mixed,LRCLIB,success,success,data\raw\lyrics\7FyKqLLICVzwBiAUtbVYUW.txt
7Fzl7QaTu47WyP9R5S5mh5,Lies Lies Lies,Morgan Wallen,en,LRCLIB,success,success,data\raw\lyrics\7Fzl7QaTu47WyP9R5S5mh5.txt
7G7mSV4BebkoHWwKTDvXu9,Winter Ahead,V,en,LRCLIB,success,success,data\raw\lyrics\7G7mSV4BebkoHWwKTDvXu9.txt
7GARzfC1mwhDuk4t9WOACq,MORE,j-hope,mixed,LRCLIB,success,success,data\raw\lyrics\7GARzfC1mwhDuk4t9WOACq.txt
7GOIrZTegzVty8mhNhRuA0,"IF I SAY, I LOVE YOU",BOYNEXTDOOR,ko,LRCLIB,success,success,data\raw\lyrics\7GOIrZTegzVty8mhNhRuA0.txt
7GRZqYKsoE1Ls98sr2o8xQ,Lovey Dovey (Solo Ver.),BIG Naughty,mixed,LRCLIB,success,success,data\raw\lyrics\7GRZqYKsoE1Ls98sr2o8xQ.txt
7H0ya83CMmgFcOhw0UB6ow,Space Song,Beach House,en,LRCLIB,success,success,data\raw\lyrics\7H0ya83CMmgFcOhw0UB6ow.txt
7H9e5GKSY1PQTW1edqvHb9,Episode,KANGDANIEL,mixed,LRCLIB,success,success,data\raw\lyrics\7H9e5GKSY1PQTW1edqvHb9.txt
7HpIBZAsjJq5nW9S8ti7Fi,Cheri Cheri Lady,Maléna,en,LRCLIB,success,success,data\raw\lyrics\7HpIBZAsjJq5nW9S8ti7Fi.txt
7I3RalBqE7ZE0RSxgGlGlm,Habits,Eminem,en,LRCLIB,success,success,data\raw\lyrics\7I3RalBqE7ZE0RSxgGlGlm.txt
7IaeavdRzXYQWfu2Wt5GlU,Currents,Drake,en,LRCLIB,success,success,data\raw\lyrics\7IaeavdRzXYQWfu2Wt5GlU.txt
7IezwtVIJIPC36LpKMR9d7,Violet,Connor Price,en,LRCLIB,success,success,data\raw\lyrics\7IezwtVIJIPC36LpKMR9d7.txt
7IuuFQShxmy7zMZ3vZvMFj,Day & Night,Lee Young Ji,ko,LRCLIB,success,success,data\raw\lyrics\7IuuFQShxmy7zMZ3vZvMFj.txt
7J1uxwnxfQLu4APicE5Rnj,Billie Jean,Michael Jackson,en,LRCLIB,success,success,data\raw\lyrics\7J1uxwnxfQLu4APicE5Rnj.txt
7JQH2lBMZ10ztDnpoeq6Ki,yours,데이먼스 이어 Damons year,ko,LRCLIB,success,success,data\raw\lyrics\7JQH2lBMZ10ztDnpoeq6Ki.txt
7JWa8tcjothiOfTVUUbuzL,Không Muốn Một Mình,Vicky Nhung,vi,LRCLIB,success,success,data\raw\lyrics\7JWa8tcjothiOfTVUUbuzL.txt
7JxPQzxhJSsBBNu1D76ig2,JEALOUSYVALHALLA,YANGHONGWON,mixed,LRCLIB,success,success,data\raw\lyrics\7JxPQzxhJSsBBNu1D76ig2.txt
7K31QxS2DmTBxdYldd8yqf,Tomorrow,lIlBOI,ko,LRCLIB,success,success,data\raw\lyrics\7K31QxS2DmTBxdYldd8yqf.txt
7K3BhSpAxZBznislvUMVtn,Last Night,Morgan Wallen,en,LRCLIB,success,success,data\raw\lyrics\7K3BhSpAxZBznislvUMVtn.txt
7KA4W4McWYRpgf0fWsJZWB,See You Again,"Tyler, The Creator",en,LRCLIB,success,success,data\raw\lyrics\7KA4W4McWYRpgf0fWsJZWB.txt
7KNmIjcmGJIBrhP2s5Vioe,Born Again,LISA,en,LRCLIB,success,success,data\raw\lyrics\7KNmIjcmGJIBrhP2s5Vioe.txt
7KUb5GsTcXfpG0phkbL2mR,Let off steam,Leellamarz,mixed,LRCLIB,success,success,data\raw\lyrics\7KUb5GsTcXfpG0phkbL2mR.txt
7KXjTSCq5nL1LoYtL7XAwS,HUMBLE.,Kendrick Lamar,en,LRCLIB,success,success,data\raw\lyrics\7KXjTSCq5nL1LoYtL7XAwS.txt
7KZNgri6Jxw88FAfATw6i9,Who (Funky Remix),Jimin,en,LRCLIB,success,success,data\raw\lyrics\7KZNgri6Jxw88FAfATw6i9.txt
7KlTFTpy7dXLzr2NtLkvG6,Not Today,BTS,mixed,LRCLIB,success,success,data\raw\lyrics\7KlTFTpy7dXLzr2NtLkvG6.txt
7LVrrX8pkzI9fMF88nGabt,Đi Về Nhà,Đen,vi,LRCLIB,success,success,data\raw\lyrics\7LVrrX8pkzI9fMF88nGabt.txt
7Ldcvhcl4Xj4eOTSWpZus5,ACAI,CORTIS,ko,LRCLIB,success,success,data\raw\lyrics\7Ldcvhcl4Xj4eOTSWpZus5.txt
7M30L99pePlQ3wh8IxVUsD,With You - Instrumental,Jimin,,,not_found,success,
7M7d0e8Ue3Z7QieuZe72J9,Love 119,RIIZE,ko,LRCLIB,success,success,data\raw\lyrics\7M7d0e8Ue3Z7QieuZe72J9.txt
7MAibcTli4IisCtbHKrGMh,Leave The Door Open,Bruno Mars,en,LRCLIB,success,success,data\raw\lyrics\7MAibcTli4IisCtbHKrGMh.txt
7MObIQOs5ESkbcihA9dcsz,Có Khi,Madihu,vi,LRCLIB,success,success,data\raw\lyrics\7MObIQOs5ESkbcihA9dcsz.txt
7N3d1hsZZpmmnovfAtnVFU,Porch Light,Noah Kahan,en,LRCLIB,success,success,data\raw\lyrics\7N3d1hsZZpmmnovfAtnVFU.txt
7aBUKC55ymgBw7M5gdppte,MRT,"TINH HÀ ""SAY HI""",vi,LRCLIB,success,success,data\raw\lyrics\7aBUKC55ymgBw7M5gdppte.txt
7aURTqVzpZxkJfboCvGc69,LiveLeak,Ken Carson,en,LRCLIB,success,success,data\raw\lyrics\7aURTqVzpZxkJfboCvGc69.txt
7aonAWn0J0AJ47ZU9WHCXC,INFERNO,Sub Urban,en,LRCLIB,success,success,data\raw\lyrics\7aonAWn0J0AJ47ZU9WHCXC.txt
7aqfrAY2p9BUSiupwk3svU,First Person Shooter,Drake,en,LRCLIB,success,success,data\raw\lyrics\7aqfrAY2p9BUSiupwk3svU.txt
7aqsfFKqJFNa2umM4tTLdA,Baddie,IVE,ko,LRCLIB,success,success,data\raw\lyrics\7aqsfFKqJFNa2umM4tTLdA.txt
7b6sWLSnbZhSIeqNGrJ4py,These Walls,Dua Lipa,en,LRCLIB,success,success,data\raw\lyrics\7b6sWLSnbZhSIeqNGrJ4py.txt
7bFFUPBiF15n8m8RziqS4o,dự báo thời tiết hôm nay mưa,GREY D,vi,LRCLIB,success,success,data\raw\lyrics\7bFFUPBiF15n8m8RziqS4o.txt
7bUezNEU1BnjkbYrG0KP2Y,Deja vu,TAEMIN,ko,LRCLIB,success,success,data\raw\lyrics\7bUezNEU1BnjkbYrG0KP2Y.txt
7bmk1GEufZOrycr3HXZGN2,Sickerrr,Suboi,vi,LRCLIB,success,success,data\raw\lyrics\7bmk1GEufZOrycr3HXZGN2.txt
7bn8ckDTI4EQIKZ6jRL4K0,Chúng Ta Không Thuộc Về Nhau,Sơn Tùng M-TP,vi,LRCLIB,success,success,data\raw\lyrics\7bn8ckDTI4EQIKZ6jRL4K0.txt
7bxaFZ1O3cHkgLKMsdC3xR,Loser,Tame Impala,en,LRCLIB,success,success,data\raw\lyrics\7bxaFZ1O3cHkgLKMsdC3xR.txt
7csMuPqdOPaFKby0AoRYL5,가시,BUZZ,unknown,LRCLIB,success,success,data\raw\lyrics\7csMuPqdOPaFKby0AoRYL5.txt
7dH9TPjTWQ60wOJkmYay8a,Blastoff,Internet Money,en,LRCLIB,success,success,data\raw\lyrics\7dH9TPjTWQ60wOJkmYay8a.txt
7dJVE53hGAX9TcKH0abFic,Yêu Thầm,Hoàng Yến Chibi,vi,LRCLIB,success,success,data\raw\lyrics\7dJVE53hGAX9TcKH0abFic.txt
7dTv6c4yQ4gBVFSC3fX0RH,One-Way,BIG Naughty,ko,LRCLIB,success,success,data\raw\lyrics\7dTv6c4yQ4gBVFSC3fX0RH.txt
7dlgEjrK3lHbP786dshKDV,CHỜ ANH VỀ,"ANH TRAI ""SAY HI""",vi,LRCLIB,success,success,data\raw\lyrics\7dlgEjrK3lHbP786dshKDV.txt
7eBpUuPnDTfbeP1P4P93CS,Fighting (Feat. Lee Young Ji),BSS,mixed,LRCLIB,success,success,data\raw\lyrics\7eBpUuPnDTfbeP1P4P93CS.txt
7eBqSVxrzQZtK2mmgRG6lC,Murder On My Mind,YNW Melly,en,LRCLIB,success,success,data\raw\lyrics\7eBqSVxrzQZtK2mmgRG6lC.txt
7eDrdQ7PK9Xm1CZCKWsgmH,Anh Nhớ Ra,Vũ.,vi,LRCLIB,success,success,data\raw\lyrics\7eDrdQ7PK9Xm1CZCKWsgmH.txt
7eOuUmpnHBlg5zsm8Cs7c3,Summertime's Close,Zach Bryan,en,LRCLIB,success,success,data\raw\lyrics\7eOuUmpnHBlg5zsm8Cs7c3.txt
7eX3um6NpOQKWJMGCi97XD,Real As It Gets,Lil Baby,en,LRCLIB,success,success,data\raw\lyrics\7eX3um6NpOQKWJMGCi97XD.txt
7eqoqGkKwgOaWNNHx90uEZ,Nights,Frank Ocean,en,LRCLIB,success,success,data\raw\lyrics\7eqoqGkKwgOaWNNHx90uEZ.txt
7fBv7CLKzipRk6EC6TWHOB,The Hills,The Weeknd,en,LRCLIB,success,success,data\raw\lyrics\7fBv7CLKzipRk6EC6TWHOB.txt
7fCeYpR02Q8JVuD88hJZVT,Bầu Trời Mới,Da LAB,vi,LRCLIB,success,success,data\raw\lyrics\7fCeYpR02Q8JVuD88hJZVT.txt
7fNHfgOxPLcg4mQLhCnOHB,XTC (Xích Thêm Chút) - Remix,Rapital,vi,LRCLIB,success,success,data\raw\lyrics\7fNHfgOxPLcg4mQLhCnOHB.txt
7fUYUcWy853HS8YJn0b3Sr,Sleigh Ride,The Ronettes,mixed,LRCLIB,success,success,data\raw\lyrics\7fUYUcWy853HS8YJn0b3Sr.txt
7faDzZnZYqTyYThx2sbHVQ,Mistletoe And Holly - Remastered 1999,Frank Sinatra,en,LRCLIB,success,success,data\raw\lyrics\7faDzZnZYqTyYThx2sbHVQ.txt
7fcZk7OXeFWD7DWybltVVf,Be Who You Are (Real Magic),Jon Batiste,en,LRCLIB,success,success,data\raw\lyrics\7fcZk7OXeFWD7DWybltVVf.txt
7foeH2Emgq8A3LWk3q6dat,Kitsch,IVE,ko,LRCLIB,success,success,data\raw\lyrics\7foeH2Emgq8A3LWk3q6dat.txt
7fveJ3pk1eSfxBdVkzdXZ0,Cowgirls,Morgan Wallen,en,LRCLIB,success,success,data\raw\lyrics\7fveJ3pk1eSfxBdVkzdXZ0.txt
7gMfVc4zfNIxuMyMGglOHa,Rebirth (Intro),Jimin,en,LRCLIB,success,success,data\raw\lyrics\7gMfVc4zfNIxuMyMGglOHa.txt
7gRFDGEzF9UkBV233yv2dc,Shut Down,BLACKPINK,en,LRCLIB,success,success,data\raw\lyrics\7gRFDGEzF9UkBV233yv2dc.txt
7gSQxwCpEMjg8wb6Y3oqe7,HÀO QUANG,"ANH TRAI ""SAY HI""",vi,LRCLIB,success,success,data\raw\lyrics\7gSQxwCpEMjg8wb6Y3oqe7.txt
7gXMkqirKU23zgdlSAb00a,Suddenly,BE'O,en,LRCLIB,success,success,data\raw\lyrics\7gXMkqirKU23zgdlSAb00a.txt
7gaA3wERFkFkgivjwbSvkG,"yes, and?",Ariana Grande,en,LRCLIB,success,success,data\raw\lyrics\7gaA3wERFkFkgivjwbSvkG.txt
7gv3UYPh05ZDP7Io5BIsn7,Life Goes On,Agust D,mixed,LRCLIB,success,success,data\raw\lyrics\7gv3UYPh05ZDP7Io5BIsn7.txt
7h2zqUH4bYyknNUxsYnS5V,Như Anh Đã Thấy Em,PhucXp,vi,LRCLIB,success,success,data\raw\lyrics\7h2zqUH4bYyknNUxsYnS5V.txt
7h5MKRZUiYDshjH5UgAbNp,Rainbow Halo,Red Velvet,mixed,Genius,success,success,data\raw\lyrics\7h5MKRZUiYDshjH5UgAbNp.txt
7hR22TOX3RorxJPcsz5Wbo,Love Somebody,Morgan Wallen,en,LRCLIB,success,success,data\raw\lyrics\7hR22TOX3RorxJPcsz5Wbo.txt
7hU3IHwjX150XLoTVmjD0q,MONEY,LISA,en,LRCLIB,success,success,data\raw\lyrics\7hU3IHwjX150XLoTVmjD0q.txt
7hVb3OyFkgxDgpTdrOX6dT,KEYS TO MY LIFE,¥$,en,Genius,success,success,data\raw\lyrics\7hVb3OyFkgxDgpTdrOX6dT.txt
7hYI4QprQ3hMqp56ul6uEv,Melody for You,Lim Young Woong,ko,LRCLIB,success,success,data\raw\lyrics\7hYI4QprQ3hMqp56ul6uEv.txt
7hlEhmg5h9XuFtaGfgvqjF,Love Love Love,Epik High,ko,LRCLIB,success,success,data\raw\lyrics\7hlEhmg5h9XuFtaGfgvqjF.txt
7hxHWCCAIIxFLCzvDgnQHX,Lemonade,Internet Money,en,LRCLIB,success,success,data\raw\lyrics\7hxHWCCAIIxFLCzvDgnQHX.txt
7hzVxbVA6Y5t9YDzpSgdRS,Chạy Về Khóc Với Anh,ERIK,vi,LRCLIB,success,success,data\raw\lyrics\7hzVxbVA6Y5t9YDzpSgdRS.txt
7iXF2W9vKmDoGAhlHdpyIa,Forgot About Dre,Dr. Dre,en,LRCLIB,success,success,data\raw\lyrics\7iXF2W9vKmDoGAhlHdpyIa.txt
7iabz12vAuVQYyekFIWJxD,BAND4BAND,Central Cee,en,LRCLIB,success,success,data\raw\lyrics\7iabz12vAuVQYyekFIWJxD.txt
7igCS2ZsfV7bvxuhF4XgiQ,I'm A Little Crazy,Morgan Wallen,en,LRCLIB,success,success,data\raw\lyrics\7igCS2ZsfV7bvxuhF4XgiQ.txt
7ijWcf4FsoxoyPK4B9WGp6,LAST DANCE,BIGBANG,mixed,LRCLIB,success,success,data\raw\lyrics\7ijWcf4FsoxoyPK4B9WGp6.txt
7jLSThU5Kg1RWt19Leiaxm,Chìm Sâu,RPT MCK,vi,LRCLIB,success,success,data\raw\lyrics\7jLSThU5Kg1RWt19Leiaxm.txt
7jzOZuWgZ5gaMet9V5Ix1d,Fast Forward,JEON SOMI,en,LRCLIB,success,success,data\raw\lyrics\7jzOZuWgZ5gaMet9V5Ix1d.txt
7k3ohP9ZiGfhL6yD8oIPfk,chẳng giống giáng sinh,Lu,vi,LRCLIB,success,success,data\raw\lyrics\7k3ohP9ZiGfhL6yD8oIPfk.txt
7k9aYmnQ1nrp3RMTxNtUQV,EM CHỈ LÀ,"EM XINH ""SAY HI""",vi,LRCLIB,success,success,data\raw\lyrics\7k9aYmnQ1nrp3RMTxNtUQV.txt
7kKu4NWeBh01I6aTIEP9bg,TRÓI EM LẠI,"ANH TRAI ""SAY HI""",vi,LRCLIB,success,success,data\raw\lyrics\7kKu4NWeBh01I6aTIEP9bg.txt
7kOletJ0Q5H4MWe7cfeZXP,Alone,Kim Petras,en,LRCLIB,success,success,data\raw\lyrics\7kOletJ0Q5H4MWe7cfeZXP.txt
7kaFsQygyiCqRboWCXztxZ,Do It Like That,TOMORROW X TOGETHER,en,LRCLIB,success,success,data\raw\lyrics\7kaFsQygyiCqRboWCXztxZ.txt
7kgzRBNkBRArtTPkYjWLYT,bao tiền một mớ bình yên?,14 Casper,vi,LRCLIB,success,success,data\raw\lyrics\7kgzRBNkBRArtTPkYjWLYT.txt
7kpNUrBDYDoX6QKGzrBD1R,Thôi Em Đừng Đi,RPT MCK,vi,LRCLIB,success,success,data\raw\lyrics\7kpNUrBDYDoX6QKGzrBD1R.txt
7l2nxyx7IkBX5orhkALg0V,Privileged Rappers,Drake,en,LRCLIB,success,success,data\raw\lyrics\7l2nxyx7IkBX5orhkALg0V.txt
7lZ07tAiDnmUE7cKw0jfSZ,Người Ta Thành Đôi Hết Rồi,The Sheep,vi,LRCLIB,success,success,data\raw\lyrics\7lZ07tAiDnmUE7cKw0jfSZ.txt
7lcI4X8RZxK4zIknJcwpBq,Bussin,Nicki Minaj,en,LRCLIB,success,success,data\raw\lyrics\7lcI4X8RZxK4zIknJcwpBq.txt
7mXuWTczZNxG5EDcjFEuJR,LADY GAGA,Peso Pluma,es,LRCLIB,success,success,data\raw\lyrics\7mXuWTczZNxG5EDcjFEuJR.txt
7mblTCdc14ylJ1JW71MODb,Giờ Thì,buitruonglinh,vi,LRCLIB,success,success,data\raw\lyrics\7mblTCdc14ylJ1JW71MODb.txt
7mpdNiaQvygj2rHoxkzMfa,Bite Me,ENHYPEN,ko,LRCLIB,success,success,data\raw\lyrics\7mpdNiaQvygj2rHoxkzMfa.txt
7n2FZQsaLb7ZRfRPfEeIvr,ELEVEN,IVE,ko,LRCLIB,success,success,data\raw\lyrics\7n2FZQsaLb7ZRfRPfEeIvr.txt
7ne4VBA60CxGM75vw0EYad,That’s So True,Gracie Abrams,en,LRCLIB,success,success,data\raw\lyrics\7ne4VBA60CxGM75vw0EYad.txt
7oBUoEbCDF748UkHnLusUB,Chuyện Rằng,Thịnh Suy,vi,LRCLIB,success,success,data\raw\lyrics\7oBUoEbCDF748UkHnLusUB.txt
7ov3TDp5D00Rnu5R1viX4w,New Woman,LISA,en,LRCLIB,success,success,data\raw\lyrics\7ov3TDp5D00Rnu5R1viX4w.txt
7ovUcF5uHTBRzUpB6ZOmvt,アイドル,YOASOBI,ja,LRCLIB,success,success,data\raw\lyrics\7ovUcF5uHTBRzUpB6ZOmvt.txt
7pBcryEKcUEaWHwAu1wUyP,Magic Don Juan (Princess Diana),Future,en,Genius,success,success,data\raw\lyrics\7pBcryEKcUEaWHwAu1wUyP.txt
7pgbDdy7ax962o9d2xJceV,Slow Dancing (Piano Ver.),V,en,LRCLIB,success,success,data\raw\lyrics\7pgbDdy7ax962o9d2xJceV.txt
7pqx5vF7DzkVtEdsXQ9iua,ĐẦU ĐỘI SỪNG,"ANH TRAI ""SAY HI""",vi,manual,success,success,data\raw\lyrics\7pqx5vF7DzkVtEdsXQ9iua.txt
7q1qYSyRkGT4ZaCc2ZQihP,Em Còn Nhớ Anh Không - Remastered,Hoàng Tôn,vi,LRCLIB,success,success,data\raw\lyrics\7q1qYSyRkGT4ZaCc2ZQihP.txt
7qLr3HMApUbyDkUvgIvHnB,Oh U Went,Young Thug,en,LRCLIB,success,success,data\raw\lyrics\7qLr3HMApUbyDkUvgIvHnB.txt
7qM1BWAsZMTYh4BcYLb0uQ,Already Dead,Juice WRLD,en,LRCLIB,success,success,data\raw\lyrics\7qM1BWAsZMTYh4BcYLb0uQ.txt
7qjZnBKE73H4Oxkopwulqe,back to friends,sombr,en,LRCLIB,success,success,data\raw\lyrics\7qjZnBKE73H4Oxkopwulqe.txt
7rXcCpIAoOUCydkVDMcoPV,INVU,TAEYEON,mixed,LRCLIB,success,success,data\raw\lyrics\7rXcCpIAoOUCydkVDMcoPV.txt
7rjtRM1AgmmraeTTX8tofW,THERE'S NO ONE AT ALL,Sơn Tùng M-TP,en,LRCLIB,success,success,data\raw\lyrics\7rjtRM1AgmmraeTTX8tofW.txt
7rzNKooM3JrKVT40fR22HI,Not Even Ghosts Are This Empty,$uicideboy$,en,LRCLIB,success,success,data\raw\lyrics\7rzNKooM3JrKVT40fR22HI.txt
7s7v5EoNLD6TwDu4Nw51Oy,Are You Listening Yet?,Harry Styles,en,LRCLIB,success,success,data\raw\lyrics\7s7v5EoNLD6TwDu4Nw51Oy.txt
7sMBvZCSUl99bJLXZaLa0b,Smokin Out The Window,Bruno Mars,en,LRCLIB,success,success,data\raw\lyrics\7sMBvZCSUl99bJLXZaLa0b.txt
7sT7kZEYd1MrmzLLIRVZas,Calling My Name,Drake,en,LRCLIB,success,success,data\raw\lyrics\7sT7kZEYd1MrmzLLIRVZas.txt
7scFxt9VhL4FJwuPSfRlfN,Choosin' Texas,Ella Langley,en,LRCLIB,success,success,data\raw\lyrics\7scFxt9VhL4FJwuPSfRlfN.txt
7skGrIrRzO0APhASzAKfNi,Gu - Cukak Remix,Freaky,vi,LRCLIB,success,success,data\raw\lyrics\7skGrIrRzO0APhASzAKfNi.txt
7sliFe6W30tPBPh6dvZsIH,Area Codes,Kaliii,en,LRCLIB,success,success,data\raw\lyrics\7sliFe6W30tPBPh6dvZsIH.txt
7t4Z19BqZ23ExgdiOP0nf6,LIKE YOU BETTER,fromis_9,en,LRCLIB,success,success,data\raw\lyrics\7t4Z19BqZ23ExgdiOP0nf6.txt
7tFwBnuaGXqiiONukPRaCo,Miên Man,Minh Huy,vi,LRCLIB,success,success,data\raw\lyrics\7tFwBnuaGXqiiONukPRaCo.txt
7tOsgOjrzBVQqyaMDBlZV8,Oort Cloud,Younha,mixed,LRCLIB,success,success,data\raw\lyrics\7tOsgOjrzBVQqyaMDBlZV8.txt
7uRWaWF70gvKmLhpY3FuaJ,WISH - Korean Ver.,NCT WISH,mixed,LRCLIB,success,success,data\raw\lyrics\7uRWaWF70gvKmLhpY3FuaJ.txt
7ujApz6iFP3PmKIDGcaGbe,Great Expectation,SIENNA SPIRO,en,LRCLIB,success,success,data\raw\lyrics\7ujApz6iFP3PmKIDGcaGbe.txt
7uoFMmxln0GPXQ0AcCBXRq,Snowman,Sia,en,LRCLIB,success,success,data\raw\lyrics\7uoFMmxln0GPXQ0AcCBXRq.txt
7uulTURh3qtUEUnMNtgcA6,Feel At Home,B Ray,mixed,LRCLIB,success,success,data\raw\lyrics\7uulTURh3qtUEUnMNtgcA6.txt
7vjfnsnDXZGK4PSq54ISjc,1-800-hot-n-fun,LE SSERAFIM,en,LRCLIB,success,success,data\raw\lyrics\7vjfnsnDXZGK4PSq54ISjc.txt
7w05lsU2VLSeiT8Nukrv5M,Friends,BTS,ko,Genius,success,success,data\raw\lyrics\7w05lsU2VLSeiT8Nukrv5M.txt
7wHBNIBO353lf9aVvmUydT,Cảm Ơn Và Xin Lỗi,Chillies,vi,LRCLIB,success,success,data\raw\lyrics\7wHBNIBO353lf9aVvmUydT.txt
7wdwIaXUuzlu1grzWMFRJm,Mary On A Cross,Ghost,en,LRCLIB,success,success,data\raw\lyrics\7wdwIaXUuzlu1grzWMFRJm.txt
7xAvtuHf8nGi5OtXVPYgb3,CRANK,Playboi Carti,en,LRCLIB,success,success,data\raw\lyrics\7xAvtuHf8nGi5OtXVPYgb3.txt
7xNCacksfUkYXsXuSW4vNF,PS5,salem ilese,en,LRCLIB,success,success,data\raw\lyrics\7xNCacksfUkYXsXuSW4vNF.txt
7xapw9Oy21WpfEcib2ErSA,Mistletoe,Justin Bieber,en,LRCLIB,success,success,data\raw\lyrics\7xapw9Oy21WpfEcib2ErSA.txt
7y9iMe8SOB6z3NoHE2OfXl,Bad At Love,Halsey,en,LRCLIB,success,success,data\raw\lyrics\7y9iMe8SOB6z3NoHE2OfXl.txt
7yNf9YjeO5JXUE3JEBgnYc,Babydoll,Dominic Fike,en,LRCLIB,success,success,data\raw\lyrics\7yNf9YjeO5JXUE3JEBgnYc.txt
7yq4Qj7cqayVTp3FF9CWbm,Riptide,Vance Joy,en,LRCLIB,success,success,data\raw\lyrics\7yq4Qj7cqayVTp3FF9CWbm.txt
7zFXmv6vqI4qOt4yGf3jYZ,Get You,Daniel Caesar,en,LRCLIB,success,success,data\raw\lyrics\7zFXmv6vqI4qOt4yGf3jYZ.txt
7zQirOExB0VR8yWUOqYeio,DOLLA SIGN SLIME,Lil Nas X,en,LRCLIB,success,success,data\raw\lyrics\7zQirOExB0VR8yWUOqYeio.txt
7zvfDihYiJ8RQ1nRcpKBF5,Mr. Morale,Kendrick Lamar,en,Genius,success,success,data\raw\lyrics\7zvfDihYiJ8RQ1nRcpKBF5.txt
