spotify_track_id,title,artist,market,year,quarter,rank_stratum,release_date,album
6Im9k8u9iIzKMrmV7BWtlF,34+35,Ariana Grande,KR,2021,2021-Q1,1-10,2020-10-30,
4SFknyjLcyTLJFPKD2m96o,How You Like That,BLACKPINK,KR,2021,2021-Q1,1-10,2020-10-02,
3aQem4jVGdhtg116TmJnHz,What’s Next,Drake,KR,2021,2021-Q1,1-10,2021-03-05,
5QO79kh1waicV47BqGRL3g,Save Your Tears,The Weeknd,KR,2021,2021-Q1,1-10,2020-03-20,
2Zr0bYRHwWXi7eM2wuE6Aj,VVS,MIRANI,KR,2021,2021-Q1,1-10,2020-11-21,
2dHoVW9AxJVSRebPRyV2aA,Gone,ROSÉ,KR,2021,2021-Q1,1-10,2021-03-12,
5KawlOMHjWeUjQtnuRs22c,Boy With Luv,BTS,KR,2021,2021-Q1,1-10,2019-04-12,
0n2moJpAEWHwaPYYjkzMDl,Blue & Grey,BTS,KR,2021,2021-Q1,1-10,2020-11-20,
6F2r4HgpJnvKDmkN6JEN6J,As I Am,Justin Bieber,KR,2021,2021-Q1,1-10,2021-03-19,
3eZYOQO4UzKrUDYDghtnFw,test drive,Ariana Grande,KR,2021,2021-Q1,1-10,2021-02-19,
0CnpSTdL9l5vQM4YnzXtyo,Panorama,IZ*ONE,KR,2021,2021-Q1,11-20,2020-12-07,
2dkFOWqyiVFS3xsQUEdBJG,친구,BTS,KR,2021,2021-Q1,11-20,2020-02-01,
3apeXzypBMnUfYcZYNX6DH,I CAN'T STOP ME,TWICE,KR,2021,2021-Q1,11-20,2020-10-26,
0ono6UCNVZ1XqOm6j78Blu,Filter,BTS,KR,2021,2021-Q1,11-20,2020-02-21,
3J8EOeKLTLXORtWPpOU5bE,Calling My Phone,Lil Tjay,KR,2021,2021-Q1,11-20,2021-04-02,
6kH1sKkvgN4Yikake52glq,We Ride,Brave Girls,KR,2021,2021-Q1,11-20,2020-08-14,
1t2qYCAjUAoGfeFeoBlK51,Black Mamba,aespa,KR,2021,2021-Q1,11-20,2020-11-17,
5zFglKYiknIxks8geR8rcL,Beautiful Mistakes,Maroon 5,KR,2021,2021-Q1,11-20,2021-06-11,
6YvqWjhGD8mB5QXcbcUKtx,Love Story (Taylor’s Version),Taylor Swift,KR,2021,2021-Q1,11-20,2021-04-09,
6tDDoYIxWvMLTdKpjFkc1B,telepatía,Kali Uchis,KR,2021,2021-Q1,11-20,2020-12-04,
7K31QxS2DmTBxdYldd8yqf,Tomorrow,lIlBOI,KR,2021,2021-Q1,21-50,2020-12-05,
6FdShjf7nA2cqEnpv1tIia,Make A Wish (Birthday Song),NCT U,KR,2021,2021-Q1,21-50,2020-10-12,
02MWAaffLxlfxAUY7c5dvx,Heat Waves,Glass Animals,KR,2021,2021-Q1,21-50,2020-08-06,
4vTgx6h4seHvkuFh84JXYP,My Time,BTS,KR,2021,2021-Q1,21-50,2020-02-21,
0SJ7vFES0Lj6pnumh3DhCe,People,Agust D,KR,2021,2021-Q1,21-50,2020-05-22,
44WLOqH7QayQOQdeUHeKUK,We are Bulletproof : the Eternal,BTS,KR,2021,2021-Q1,21-50,2020-02-21,
22ryCgQttpV7oCrn7llGRu,Magic Shop,BTS,KR,2021,2021-Q1,21-50,2018-05-18,
1Q6lzzQHM5dvtTCwcfeKDy,PARANOIA,KANGDANIEL,KR,2021,2021-Q1,21-50,2021-02-16,
39EXZNMxb4RBHlRjnRaOKp,Sweet Night,V,KR,2021,2021-Q1,21-50,2020-03-13,
7FdUvDkaE24o3FPIWTvzv2,Follow You,Imagine Dragons,KR,2021,2021-Q1,21-50,2021-03-12,
6ocbgoVGwYJhOv1GgI9NsF,7 rings,Ariana Grande,KR,2021,2021-Q1,51+,2019-02-08,
09IStsImFySgyp0pIQdqAc,The Middle,Zedd,KR,2021,2021-Q1,51+,2018-01-23,
2M7a2Us8CEU1HZHj70byGX,Hi spring Bye,IU,KR,2021,2021-Q1,51+,2021-03-25,
6f3Slt0GbA2bPZlz0aIFXN,The Business,Tiësto,KR,2021,2021-Q1,51+,2020-09-16,
3Z8FwOEN59mRMxDCtb8N0A,Be Kind,Marshmello,KR,2021,2021-Q1,51+,2020-05-01,
5uHrWZqndnheP1qtYr6xGC,Moonlight,Agust D,KR,2021,2021-Q1,51+,2020-05-22,
6SvC0ocJPoolWLaEV8UE58,What Type of X,Jessi,KR,2021,2021-Q1,51+,2021-03-18,
6Qs4SXO9dwPj5GKvVOv8Ki,Dancing With A Stranger,Sam Smith,KR,2021,2021-Q1,51+,2019-01-11,
0EQMrxdeiBhry9JCxskko3,I'm Fine,BTS,KR,2021,2021-Q1,51+,2018-08-24,
0rNLaGUleZ91DXMxmZNq5v,Fireworks (I'm The One),ATEEZ,KR,2021,2021-Q1,51+,2021-03-01,
6B8MM3PVQtUbZLay7tP7er,Hot Sauce,NCT DREAM,KR,2021,2021-Q2,1-10,2021-05-10,
46wDG6evLn2iPoQ0F8CUWk,My sea,IU,KR,2021,2021-Q2,1-10,2021-03-25,
5qNh5WtzMbfpSj2jLlBkoD,Your Power,Billie Eilish,KR,2021,2021-Q2,1-10,2021-04-29,
4iJyoBOLtHqaGxP12qzhQI,Peaches,Justin Bieber,KR,2021,2021-Q2,1-10,2021-03-19,
2pn8dNVSpYnAtlKFC8Q0DJ,On The Ground,ROSÉ,KR,2021,2021-Q2,1-10,2021-03-12,
2zrhoHlFKxFTRF5aMyxMoQ,Next Level,aespa,KR,2021,2021-Q2,1-10,2021-05-17,
7MAibcTli4IisCtbHKrGMh,Leave The Door Open,Bruno Mars,KR,2021,2021-Q2,1-10,2021-03-05,
5xrtzzzikpG3BLbo4q1Yul,LILAC,IU,KR,2021,2021-Q2,1-10,2021-03-25,
3UHPGOkUcE4hE7sqBF4Snt,Film out,BTS,KR,2021,2021-Q2,1-10,2021-04-01,
1e0Wxoraz9IzFhREDqgJAe,Butter (Instrumental),BTS,KR,2021,2021-Q2,1-10,2021-05-21,
0z3ZZ2JKusRpapstADTxVf,Dive Into You,NCT DREAM,KR,2021,2021-Q2,11-20,2021-05-10,
2dHoVW9AxJVSRebPRyV2aA,Gone,ROSÉ,KR,2021,2021-Q2,11-20,2021-03-12,
5KawlOMHjWeUjQtnuRs22c,Boy With Luv,BTS,KR,2021,2021-Q2,11-20,2019-04-12,
1IJxbEXfgiKuRx6oXMX87e,Ah puh,IU,KR,2021,2021-Q2,11-20,2021-03-25,
3VT8hOC5vuDXBsHrR53WFh,Astronaut In The Ocean,Masked Wolf,KR,2021,2021-Q2,11-20,2019-06-07,
6HU7h9RYOaPRFeh0R3UeAr,deja vu,Olivia Rodrigo,KR,2021,2021-Q2,11-20,2021-05-21,
2M7a2Us8CEU1HZHj70byGX,Hi spring Bye,IU,KR,2021,2021-Q2,11-20,2021-03-25,
5zFglKYiknIxks8geR8rcL,Beautiful Mistakes,Maroon 5,KR,2021,2021-Q2,11-20,2021-06-11,
6F2r4HgpJnvKDmkN6JEN6J,As I Am,Justin Bieber,KR,2021,2021-Q2,11-20,2021-03-19,
6kH1sKkvgN4Yikake52glq,We Ride,Brave Girls,KR,2021,2021-Q2,11-20,2020-08-14,
2MJz8BxxMsERULatmBikDH,At My Worst,Pink Sweat$,KR,2021,2021-Q2,21-50,2021-02-12,
03qu1u4hDyepQQi2lNxCka,Traffic light,LEE MU JIN,KR,2021,2021-Q2,21-50,2021-05-14,
42fR3oINF3KfXCDtheoNiY,Don't fight the feeling,EXO,KR,2021,2021-Q2,21-50,2021-06-07,
0BBUGRUURDjwcXmDS3kQkN,Atlantis,SHINee,KR,2021,2021-Q2,21-50,2021-04-12,
4rOODw637hsmsq0uzT0DN3,Advice,TAEMIN,KR,2021,2021-Q2,21-50,2021-05-18,
1wcr8DjnN59Awev8nnKpQ4,Drunk-Dazed,ENHYPEN,KR,2021,2021-Q2,21-50,2021-04-26,
18vXApRmJSgQ6wG2ll9AOg,RAPSTAR,Polo G,KR,2021,2021-Q2,21-50,2021-06-11,
34eF4BoV8FPk0uhAAoqU7h,SUN GOES DOWN,Lil Nas X,KR,2021,2021-Q2,21-50,2021-05-21,
3vG5ilGpaYA2MhVtyTORF1,My Youth,NCT DREAM,KR,2021,2021-Q2,21-50,2021-05-10,
1EHUQesfVKwbthtNcpBi9g,WITHOUT YOU,The Kid LAROI,KR,2021,2021-Q2,21-50,2021-04-30,
4JJcP0Rv9AgyPD6ZGaC8EE,durag activity,Baby Keem,KR,2021,2021-Q2,51+,2021-04-30,
5hnbE5BF2e8BCk9OMR1UVC,Mikrokosmos,BTS,KR,2021,2021-Q2,51+,2019-04-12,
2dkFOWqyiVFS3xsQUEdBJG,친구,BTS,KR,2021,2021-Q2,51+,2020-02-01,
6JdS5rJvJaRA7B1tcm7kxZ,Dionysus,BTS,KR,2021,2021-Q2,51+,2019-04-12,
1Zsy7gMUcHDhxC0bbyZmC2,GAMBLER,MONSTA X,KR,2021,2021-Q2,51+,2021-06-01,
0CyydmXI4QhgUWrZsPOTXA,Why Can't You Love Me?,WENDY,KR,2021,2021-Q2,51+,2021-04-05,
2lwOE4xj0tw2Bpjc6wmzUP,Be There For You,JOY,KR,2021,2021-Q2,51+,2021-05-31,
5W8jRrZ6tWrTrqnKRtIQBf,p r i d e . i s . t h e . d e v i l,J. Cole,KR,2021,2021-Q2,51+,2021-05-14,
6mzkkz2p0Nyyp43Eedv4mS,사이렌,HOMIES,KR,2021,2021-Q2,51+,2020-05-15,
0tgBtQ0ISnMQOKorrN9HLX,Last Train Home,John Mayer,KR,2021,2021-Q2,51+,2021-07-16,
3JR0ducCexKbeK47g6AHm5,Butter,BTS,KR,2021,2021-Q3,1-10,2021-08-27,
4ZtFanR9U6ndgddUvNcjcG,good 4 u,Olivia Rodrigo,KR,2021,2021-Q3,1-10,2021-05-21,
3iPbmpKBMflYd7UjdYftoj,Alcohol-Free,TWICE,KR,2021,2021-Q3,1-10,2021-06-09,
5nujrmhLynf4yMoMtj8AQF,Levitating,Dua Lipa,KR,2021,2021-Q3,1-10,2020-03-27,
0RbW8kWozrVSIGb4V13o0o,Hurricane,Kanye West,KR,2021,2021-Q3,1-10,2021-08-29,
40uMIn2zJLAQhNXghRjBed,Motley Crew,Post Malone,KR,2021,2021-Q3,1-10,2021-07-09,
4t2FIqZJORKZGSKg30SShr,NAKKA,AKMU,KR,2021,2021-Q3,1-10,2021-07-26,
50nfwKoDiSYg8zOCREWAm5,Shivers,Ed Sheeran,KR,2021,2021-Q3,1-10,2021-10-25,
46HNZY1i7O6jwTA7Slo2PI,My Universe,Coldplay,KR,2021,2021-Q3,1-10,2021-10-15,
6cqH1q7g5GeRVQVMK1Vc7f,Weekend,TAEYEON,KR,2021,2021-Q3,1-10,2021-07-06,
6txVOdSbg928oeGhlVUrdK,Lemonade,NCT 127,KR,2021,2021-Q3,11-20,2021-09-17,
40iJIUlhi6renaREYGeIDS,Fair Trade,Drake,KR,2021,2021-Q3,11-20,2021-09-03,
59c0HrzmHfyQs6LgDw5cHe,LOCO,ITZY,KR,2021,2021-Q3,11-20,2021-09-24,
4Cgct9Vlype9cYZFW2wSnk,"Hey kid, Close your eyes",AKMU,KR,2021,2021-Q3,11-20,2021-07-26,
2gbMPBrBVj3CuNTLp2dHYs,Off The Grid,Kanye West,KR,2021,2021-Q3,11-20,2021-08-29,
2sXf2JdbB2GlNju00kw9WE,Skate,Bruno Mars,KR,2021,2021-Q3,11-20,2021-07-30,
7MAibcTli4IisCtbHKrGMh,Leave The Door Open,Bruno Mars,KR,2021,2021-Q3,11-20,2021-03-05,
5BXr7hYZQOeRttkeWYTq5S,ASAP,STAYC,KR,2021,2021-Q3,11-20,2021-04-08,
3Vi5XqYrmQgOYBajMWSvCi,Need To Know,Doja Cat,KR,2021,2021-Q3,11-20,2021-06-25,
03qu1u4hDyepQQi2lNxCka,Traffic light,LEE MU JIN,KR,2021,2021-Q3,11-20,2021-05-14,
2VJOpzv5sBpstCX9venJr5,Rollin',Brave Girls,KR,2021,2021-Q3,21-50,2017-03-07,
02MWAaffLxlfxAUY7c5dvx,Heat Waves,Glass Animals,KR,2021,2021-Q3,21-50,2020-08-06,
5zFglKYiknIxks8geR8rcL,Beautiful Mistakes,Maroon 5,KR,2021,2021-Q3,21-50,2021-06-11,
0k1WUmIRnG3xU6fvvDVfRG,Way 2 Sexy,Drake,KR,2021,2021-Q3,21-50,2021-09-03,
6B8MM3PVQtUbZLay7tP7er,Hot Sauce,NCT DREAM,KR,2021,2021-Q3,21-50,2021-05-10,
2FymmKBuog0loCuNXMwQID,Ready to love,SEVENTEEN,KR,2021,2021-Q3,21-50,2021-06-18,
1c3WMOE7Q0dCFN6bjT8KWo,EVEREST,AKMU,KR,2021,2021-Q3,21-50,2021-07-26,
44V6EzbUSYgyfsNiP0FrlA,Visiting Hours,Ed Sheeran,KR,2021,2021-Q3,21-50,2021-08-19,
5g6GKZXBoEnPmBl6G261CG,Go Back,Yerin Baek,KR,2021,2021-Q3,21-50,2021-09-10,
1e0Wxoraz9IzFhREDqgJAe,Butter (Instrumental),BTS,KR,2021,2021-Q3,21-50,2021-05-21,
2ygvZOXrIeVL4xZmAWJT2C,my future,Billie Eilish,KR,2021,2021-Q3,51+,2020-07-30,
2TJ1FOCmCBkKm418MjVw5D,Donda,Kanye West,KR,2021,2021-Q3,51+,2021-08-29,
34D6FJysnQioVingDKufuf,N 2 Deep,Drake,KR,2021,2021-Q3,51+,2021-09-03,
0DHh3p0g7qmNNfNdRNwL6N,Try Again,DallasK,KR,2021,2021-Q3,51+,2021-07-30,
3hB5DgAiMAQ4DzYbsMq1IT,Love Yourself,Justin Bieber,KR,2021,2021-Q3,51+,2015-11-13,
2kJwzbxV2ppxnQoYw4GLBZ,If The World Was Ending,JP Saxe,KR,2021,2021-Q3,51+,2019-10-17,
4ZB2yAZyPHI6SHdFPPT9sa,In The Dark,Swae Lee,KR,2021,2021-Q3,51+,2021-08-20,
42m3eP1JJhtzffal9B136J,7am On Bridle Path,Drake,KR,2021,2021-Q3,51+,2021-09-03,
5u1n1kITHCxxp8twBcZxWy,Holy,Justin Bieber,KR,2021,2021-Q3,51+,2020-09-18,
39382sUtIOwIXftX0i76do,H.S.K.T.,LEEHI,KR,2021,2021-Q3,51+,2021-09-09,
7n2FZQsaLb7ZRfRPfEeIvr,ELEVEN,IVE,KR,2021,2021-Q4,1-10,2021-12-01,
46HNZY1i7O6jwTA7Slo2PI,My Universe,Coldplay,KR,2021,2021-Q4,1-10,2021-10-15,
5eXBXreN3d1zdj6Sa8dS0u,Permission to Dance,BTS,KR,2021,2021-Q4,1-10,2021-07-23,
4MokmgyM83qhJ6IAaChom5,Counting Stars,BE'O,KR,2021,2021-Q4,1-10,2021-12-12,
2eLe81VDUQ5f0xFfc9cMWz,"MERRY-GO-ROUND (Feat. Zion.T, Wonstein) (Prod. Slom)",sokodomo,KR,2021,2021-Q4,1-10,2021-11-13,
2g0LdZQce9xlcHb1mBJyuz,strawberry moon,IU,KR,2021,2021-Q4,1-10,2021-10-19,
7sMBvZCSUl99bJLXZaLa0b,Smokin Out The Window,Bruno Mars,KR,2021,2021-Q4,1-10,2021-11-11,
5g2Ik0WJG9rqu97nCLcQhV,Limousine (Feat. MINO) (Prod. GRAY),BE'O,KR,2021,2021-Q4,1-10,2021-11-20,
3dbLT62Cvs46Ju7a8gpr36,Savage,aespa,KR,2021,2021-Q4,1-10,2021-10-05,
00Blm7zeNqgYLPtW6zg8cj,One Right Now,Post Malone,KR,2021,2021-Q4,1-10,2021-11-05,
6hHrPwQYGp9kPL7xLZviBS,Universe (Let's Play Ball),NCT U,KR,2021,2021-Q4,11-20,2021-12-10,
4XI5Kdm1zdSFxdIGd9xUVT,"gganbu (Feat. YUMDDA, ASH ISLAND) (Prod. TOIL)",KOONTA,KR,2021,2021-Q4,11-20,2021-11-20,
4t3Vgfjl9Sb6ZR5q5kGOUL,Without You (Feat. ASH ISLAND) (Prod. GRAY),BE'O,KR,2021,2021-Q4,11-20,2021-12-04,
4fouWK6XVHhzl78KzQ1UjL,abcdefu,GAYLE,KR,2021,2021-Q4,11-20,2021-08-13,
2J0TRU2EDG29qlmxdGa4xa,SCIENTIST,TWICE,KR,2021,2021-Q4,11-20,2021-11-12,
2bZIDMpzVooosmPHn0tHnd,STEREOTYPE,STAYC,KR,2021,2021-Q4,11-20,2021-09-06,
7hU3IHwjX150XLoTVmjD0q,MONEY,LISA,KR,2021,2021-Q4,11-20,2021-09-10,
5UJTNrW72ZMubW2wKBf8g2,TROUBLE (Prod. Slom),Don Mills,KR,2021,2021-Q4,11-20,2021-11-06,
3DarAbFujv6eYNliUTyqtz,Kiss Me More,Doja Cat,KR,2021,2021-Q4,11-20,2021-06-25,
03qu1u4hDyepQQi2lNxCka,Traffic light,LEE MU JIN,KR,2021,2021-Q4,11-20,2021-05-14,
6cqH1q7g5GeRVQVMK1Vc7f,Weekend,TAEYEON,KR,2021,2021-Q4,21-50,2021-07-06,
7MAibcTli4IisCtbHKrGMh,Leave The Door Open,Bruno Mars,KR,2021,2021-Q4,21-50,2021-03-05,
02MWAaffLxlfxAUY7c5dvx,Heat Waves,Glass Animals,KR,2021,2021-Q4,21-50,2020-08-06,
5enxwA8aAbwZbf5qCHORXi,All Too Well (10 Minute Version) (Taylor's Version) (From The Vault),Taylor Swift,KR,2021,2021-Q4,21-50,2021-11-12,
0eu4C55hL6x29mmeAjytzC,Life Goes On,Oliver Tree,KR,2021,2021-Q4,21-50,2021-05-28,
7gXMkqirKU23zgdlSAb00a,Suddenly,BE'O,KR,2021,2021-Q4,21-50,2021-05-02,
1t2qYCAjUAoGfeFeoBlK51,Black Mamba,aespa,KR,2021,2021-Q4,21-50,2020-11-17,
1jRYyE9MEg7nxUgWEtsqFp,HAPPEN,Heize,KR,2021,2021-Q4,21-50,2021-05-21,
7xapw9Oy21WpfEcib2ErSA,Mistletoe,Justin Bieber,KR,2021,2021-Q4,21-50,2011-01-01,
37BZB0z9T8Xu7U3e65qxFy,Save Your Tears,The Weeknd,KR,2021,2021-Q4,21-50,2021-04-23,
0hUH6MXHQn9coBKHMXWpD8,OUT OF MY SIGHT,Leellamarz,KR,2021,2021-Q4,51+,2021-12-14,
79IikGOqOg2Rnnz0Fo5Qao,Dreaming,NCT DREAM,KR,2021,2021-Q4,51+,2021-12-14,
1nahzW3kfMuwReTka28tH5,Hold On,Justin Bieber,KR,2021,2021-Q4,51+,2021-03-19,
4HBZA5flZLE435QTztThqH,Stuck with U,Ariana Grande,KR,2021,2021-Q4,51+,2020-05-08,
1OQ3PoRZRtE7RH0NIh3p1O,Drawer,10CM,KR,2021,2021-Q4,51+,2021-12-07,
6lzc0Al0zfZOIFsFvBS1ki,State Of Grace (Taylor's Version),Taylor Swift,KR,2021,2021-Q4,51+,2021-11-12,
6LXNnUjcOBVyov7bH0NNnM,A Long Day (Feat. Zion.T) (Prod. Fisherman),Basick,KR,2021,2021-Q4,51+,2021-12-04,
3wKCldl6riuEKxXlvuxFJ2,Pretty Savage - JP Ver.,BLACKPINK,KR,2021,2021-Q4,51+,2021-08-03,
4aS8OY1JsRSBKGfnAkIOZH,You can't sit with us,SUNMI,KR,2021,2021-Q4,51+,2021-08-06,
4KDNRh9Oor80z3XIxdWlui,Bubbly,Young Thug,KR,2021,2021-Q4,51+,2021-10-15,
2y4hHM6c48Qzk0bqh33XfB,Winter Sleep,IU,KR,2022,2022-Q1,1-10,2021-12-29,
4MokmgyM83qhJ6IAaChom5,Counting Stars,BE'O,KR,2022,2022-Q1,1-10,2021-12-12,
3AVXwaOGCEL8cmBecfcsFJ,Light Switch,Charlie Puth,KR,2022,2022-Q1,1-10,2022-01-19,
6rVCUwfnuYTAsX4P9fIdIu,Dreams Come True,aespa,KR,2022,2022-Q1,1-10,2021-12-20,
02SbQgZbzMoylPoGr32ugF,Drama,IU,KR,2022,2022-Q1,1-10,2021-12-29,
3gFcGnU4kTdMYLXDjH1TK8,RUN2U,STAYC,KR,2022,2022-Q1,1-10,2022-02-21,
559f8rcNNZW07wz5Rfxnfh,Can't Control Myself,TAEYEON,KR,2022,2022-Q1,1-10,2022-01-17,
5PjdY0CKGZdEuoNab3yDmX,Stay,The Kid LAROI,KR,2022,2022-Q1,1-10,2021-07-23,
46HNZY1i7O6jwTA7Slo2PI,My Universe,Coldplay,KR,2022,2022-Q1,1-10,2021-10-15,
7CAdT0HdiQNlt1C7xk2hep,Stay Alive (Prod. SUGA of BTS),Jung Kook,KR,2022,2022-Q1,1-10,2022-02-11,
02MWAaffLxlfxAUY7c5dvx,Heat Waves,Glass Animals,KR,2022,2022-Q1,11-20,2020-08-06,
1GFS1xMbcAWXf5W0tSuZev,"Meeting is easy, parting is hard (Feat. Leellamarz) (Prod. TOIL)",Basick,KR,2022,2022-Q1,11-20,2021-11-20,
2bgTY4UwhfBYhGT4HUYStN,Butter,BTS,KR,2022,2022-Q1,11-20,2021-06-04,
5eXBXreN3d1zdj6Sa8dS0u,Permission to Dance,BTS,KR,2022,2022-Q1,11-20,2021-07-23,
5Z9KJZvQzH6PFmb8SNkxuk,INDUSTRY BABY,Lil Nas X,KR,2022,2022-Q1,11-20,2021-09-17,
50nfwKoDiSYg8zOCREWAm5,Shivers,Ed Sheeran,KR,2022,2022-Q1,11-20,2021-10-25,
3KyKxJ4P3pVCgaZwaq2rUC,Gasoline,The Weeknd,KR,2022,2022-Q1,11-20,2022-01-06,
3dbLT62Cvs46Ju7a8gpr36,Savage,aespa,KR,2022,2022-Q1,11-20,2021-10-05,
1HhNoOuqm1a5MXYEgAFl8o,Enemy,Imagine Dragons,KR,2022,2022-Q1,11-20,2021-09-03,
5elW2CKSoqjYoJ32AGDxf1,Polaroid Love,ENHYPEN,KR,2022,2022-Q1,11-20,2022-01-10,
6N1K5OVVCopBjGViHs2IvP,The Joker And The Queen,Ed Sheeran,KR,2022,2022-Q1,21-50,2022-02-11,
7h5MKRZUiYDshjH5UgAbNp,Rainbow Halo,Red Velvet,KR,2022,2022-Q1,21-50,2022-03-21,
00Blm7zeNqgYLPtW6zg8cj,One Right Now,Post Malone,KR,2022,2022-Q1,21-50,2021-11-05,
56Tn22SAFIGYpyHrf7TV0X,Love Letter,IU,KR,2022,2022-Q1,21-50,2021-12-29,
0hQNbQKW2dDATH1ngj4TI6,WA DA DA,Kep1er,KR,2022,2022-Q1,21-50,2022-01-03,
4QDpsNBlllaLGj8zbF2EE0,Charmer,Stray Kids,KR,2022,2022-Q1,21-50,2022-03-18,
1t8sqIScEIP0B4bQzBuI2P,MY BAG,i-dle,KR,2022,2022-Q1,21-50,2022-03-14,
1OQ3PoRZRtE7RH0NIh3p1O,Drawer,10CM,KR,2022,2022-Q1,21-50,2021-12-07,
2xo84jGkxFPrZmmBtS3Pkd,Lonely St.,Stray Kids,KR,2022,2022-Q1,21-50,2022-03-18,
7uoFMmxln0GPXQ0AcCBXRq,Snowman,Sia,KR,2022,2022-Q1,21-50,2018-11-01,
2FKtn8qQx84O85wWABOwpd,GENTLEMAN,C JAMM,KR,2022,2022-Q1,51+,2022-03-03,
6f5ExP43esnvdKPddwKXJH,Better Days (NEIKED x Mae Muller x Polo G),NEIKED,KR,2022,2022-Q1,51+,2021-09-24,
0u7b8p0mxUUNT7xeuYUtlP,Tiny Riot,Sam Ryder,KR,2022,2022-Q1,51+,2021-03-26,
4Sav8RLaXMBpTZX6xNPj0K,Try Again,JAEHYUN,KR,2022,2022-Q1,51+,2017-11-24,
3jHg6QE70y2FTdnsxSrCbv,GingaMingaYo (the strange world),Billlie,KR,2022,2022-Q1,51+,2022-02-23,
3LEgGAl9zLcQWGTp7ptqtQ,Don’t Wake Me Up,Jonas Blue,KR,2022,2022-Q1,51+,2022-01-07,
5nfb7IPrj9awskmLFSykWr,Timeless,SG Wannabe,KR,2022,2022-Q1,51+,2004-01-19,
37rnSr2ZCkzqmoUqGQtn4q,Christmas Tree - Inst.,V,KR,2022,2022-Q1,51+,2021-12-24,
08xMOoUaMWWlNStVUdBTBC,Because,ASH ISLAND,KR,2022,2022-Q1,51+,2022-01-25,
2MJz8BxxMsERULatmBikDH,At My Worst,Pink Sweat$,KR,2022,2022-Q1,51+,2021-02-12,
6xGruZOHLs39ZbVccQTuPZ,Glimpse of Us,Joji,KR,2022,2022-Q2,1-10,2022-06-10,
3AVXwaOGCEL8cmBecfcsFJ,Light Switch,Charlie Puth,KR,2022,2022-Q2,1-10,2022-01-19,
5oH4DQAuu1J1800RzUsBWa,That That (prod. & feat. SUGA of BTS),PSY,KR,2022,2022-Q2,1-10,2022-04-29,
4Dvkj6JhhA12EX05fT7y2e,As It Was,Harry Styles,KR,2022,2022-Q2,1-10,2022-05-20,
1m2PksrrMpIev63uPxT1V0,O.O,NMIXX,KR,2022,2022-Q2,1-10,2022-02-22,
1qEmFfgcLObUfQm0j1W2CK,Late Night Talking,Harry Styles,KR,2022,2022-Q2,1-10,2022-05-20,
7n2FZQsaLb7ZRfRPfEeIvr,ELEVEN,IVE,KR,2022,2022-Q2,1-10,2021-12-01,
5quFr5s5PXYfUX5jV2EBZ1,GANADARA (Feat. IU),Jay Park,KR,2022,2022-Q2,1-10,2022-03-11,
2gzhQaCTeNgxpeB2TPllyY,With you,Jimin,KR,2022,2022-Q2,1-10,2022-04-24,
0CatzXH85XWyBqqdB6qPMB,Beatbox,NCT DREAM,KR,2022,2022-Q2,1-10,2022-05-30,
02MWAaffLxlfxAUY7c5dvx,Heat Waves,Glass Animals,KR,2022,2022-Q2,11-20,2020-08-06,
3oiMjDZ1bShIpFfOQf55IW,LOVE me,BE'O,KR,2022,2022-Q2,11-20,2022-04-12,
2jidjmWNeRmKgLjXhW52Gz,"Our Blues, Our Life",Lim Young Woong,KR,2022,2022-Q2,11-20,2022-05-02,
0ono6UCNVZ1XqOm6j78Blu,Filter,BTS,KR,2022,2022-Q2,11-20,2020-02-21,
4fouWK6XVHhzl78KzQ1UjL,abcdefu,GAYLE,KR,2022,2022-Q2,11-20,2021-08-13,
2SLwbpExuoBDZBpjfefCtV,Out of Time,The Weeknd,KR,2022,2022-Q2,11-20,2022-01-06,
7BDHDiidJ8WV349p3HTxTV,MANIAC,Stray Kids,KR,2022,2022-Q2,11-20,2022-03-18,
32vE1nuG8T9c8bhmZdRY6d,Cooped Up,Post Malone,KR,2022,2022-Q2,11-20,2022-06-03,
186NCtNk1tUYS7c2DxgJ7O,Christmas Tree,V,KR,2022,2022-Q2,11-20,2021-12-24,
2FeBslNBMdR9V58uv6hd2t,N95,Kendrick Lamar,KR,2022,2022-Q2,11-20,2022-05-13,
2g0LdZQce9xlcHb1mBJyuz,strawberry moon,IU,KR,2022,2022-Q2,21-50,2021-10-19,
00Blm7zeNqgYLPtW6zg8cj,One Right Now,Post Malone,KR,2022,2022-Q2,21-50,2021-11-05,
5OiD0uUNxZkSyG3opReDlx,Don′t do That,Leellamarz,KR,2022,2022-Q2,21-50,2022-05-20,
0UnOf7i44YK0ULpkEGHe4R,Dear my X,KyoungSeo,KR,2022,2022-Q2,21-50,2022-04-24,
5zyZM1EiSqrniyqtprwxpv,Falling Back,Drake,KR,2022,2022-Q2,21-50,2022-06-16,
2DB4DdfCFMw1iaR6JaR03a,Bam Bam,Camila Cabello,KR,2022,2022-Q2,21-50,2022-04-07,
1HhNoOuqm1a5MXYEgAFl8o,Enemy,Imagine Dragons,KR,2022,2022-Q2,21-50,2021-09-03,
3rmo8F54jFF8OgYsqTxm5d,Bad Habits,Ed Sheeran,KR,2022,2022-Q2,21-50,2021-10-25,
51Zw1cKDgkad0CXv23HCMU,Daylight,Harry Styles,KR,2022,2022-Q2,21-50,2022-05-20,
1IvOxLYTstsq5Z6pN3l3zm,Loving You,Lim Young Woong,KR,2022,2022-Q2,21-50,2022-05-02,
0RGUIOZtmOXTWOy5EjvQbP,Paris in the Rain,Lauv,KR,2022,2022-Q2,51+,2017-11-17,
7BpqydHSxMviDR0DNTne6J,Yours,Conan Gray,KR,2022,2022-Q2,51+,2022-05-19,
1XlSkQeITGEv8r6HIZfpfX,I hate you,WOODZ,KR,2022,2022-Q2,51+,2022-05-04,
4ShxDU7CHNQVi2wwgSdqfF,Loving You Girl,Peder Elias,KR,2022,2022-Q2,51+,2021-05-14,
13sAZcJP2b6D6Qjck3Ixc3,니가 왜 거기서 나와 (Narr. 고은아),YOUNGTAK,KR,2022,2022-Q2,51+,2018-10-21,
6kYGOFNUMxpab09L5Ukoke,Rich Spirit,Kendrick Lamar,KR,2022,2022-Q2,51+,2022-05-13,
6SpPr7K4YQ2wp8jU6uOTmQ,Queendom,Red Velvet,KR,2022,2022-Q2,51+,2021-08-16,
44QDTpkTR3eLLfXEKTjyul,Free,Xydo,KR,2022,2022-Q2,51+,2022-03-20,
4h4QlmocP3IuwYEj2j14p8,Sunroof,Nicky Youre,KR,2022,2022-Q2,51+,2021-12-03,
4T9hw59r85ZkesNoYWQIJg,Arcade,NCT DREAM,KR,2022,2022-Q2,51+,2022-03-28,
5zwwW9Oq7ubSxoCGyW1nbY,Pink Venom,BLACKPINK,KR,2022,2022-Q3,1-10,2022-09-15,
2gYj9lubBorOPIVWsTXugG,After LIKE,IVE,KR,2022,2022-Q3,1-10,2022-08-22,
5expoVGQPvXuwBBFuNGqBd,Hurt,NewJeans,KR,2022,2022-Q3,1-10,2022-08-01,
396FqjKmViUZ92Wmm4rx3i,Illusion,aespa,KR,2022,2022-Q3,1-10,2022-07-08,
1nX1b7kRg5a6XKAq7uQOpr,SNEAKERS,ITZY,KR,2022,2022-Q3,1-10,2022-07-15,
1oen3GpTcA486fTHaT7neg,FOREVER 1,Girls' Generation,KR,2022,2022-Q3,1-10,2022-08-05,
7GARzfC1mwhDuk4t9WOACq,MORE,j-hope,KR,2022,2022-Q3,1-10,2022-07-15,
5mdWIwsJAzR97ShGkt8gcR,New thing (Prod. ZICO) (Feat. Homies),ZICO,KR,2022,2022-Q3,1-10,2022-09-06,
2DwUdMJ5uxv20EhAildreg,Cookie,NewJeans,KR,2022,2022-Q3,1-10,2022-08-01,
0HsRZwZzHoZ5AM5W2ZYI5c,Beyond Love (Feat. 10CM),BIG Naughty,KR,2022,2022-Q3,1-10,2022-04-20,
0CB3B5ir8I2KbB3dkGVtWF,At That Moment,WSG WANNBE (Gaya-G),KR,2022,2022-Q3,11-20,2022-07-09,
0O6u0VJ46W86TxN9wgyqDj,I Like You (A Happier Song),Post Malone,KR,2022,2022-Q3,11-20,2022-06-03,
2QWEMqQMJR1KDf6hDjJOs6,Arson,j-hope,KR,2022,2022-Q3,11-20,2022-07-15,
6C734SmqoIYuRWo2qSCnpC,DICE,NMIXX,KR,2022,2022-Q3,11-20,2022-09-19,
69xohKu8C1fsflYAiSNbwM,Run BTS,BTS,KR,2022,2022-Q3,11-20,2022-06-10,
50xSycnGMDy0Wg5jJcOv3S,Rainbow,Lim Young Woong,KR,2022,2022-Q3,11-20,2022-05-02,
2lsRp40mCRkhqULWdMbOzn,I Love You,Lim Young Woong,KR,2022,2022-Q3,11-20,2022-05-02,
2mgzUVvDpb1zMSB4glLQ6T,Life's Too Short - English Version,aespa,KR,2022,2022-Q3,11-20,2022-06-24,
0bYVPJvXr8ACmw313cVvhB,Tally,BLACKPINK,KR,2022,2022-Q3,11-20,2022-09-16,
7AdGloF1UHKe1vAZPbqIXH,The Happiest Girl,BLACKPINK,KR,2022,2022-Q3,11-20,2022-09-15,
00I41xsW6SunZDJ5fB8KAd,Safety Zone,j-hope,KR,2022,2022-Q3,21-50,2022-07-15,
0Puudh380z6cOCgMaTNm7h,Future,j-hope,KR,2022,2022-Q3,21-50,2022-07-15,
4saklk6nie3yiGePpBwUoc,Dynamite,BTS,KR,2022,2022-Q3,21-50,2020-11-20,
3TSLqZssCoCdDlMhCJ08XW,Still Life,BIGBANG,KR,2022,2022-Q3,21-50,2022-04-05,
1XIIvx9S19CZVc7eow7EX7,STOP,j-hope,KR,2022,2022-Q3,21-50,2022-07-15,
775S83AMYbQc8SYteOktTL,Gradation,10CM,KR,2022,2022-Q3,21-50,2022-07-03,
3oiMjDZ1bShIpFfOQf55IW,LOVE me,BE'O,KR,2022,2022-Q3,21-50,2022-04-12,
5PjdY0CKGZdEuoNab3yDmX,Stay,The Kid LAROI,KR,2022,2022-Q3,21-50,2021-07-23,
1WKLxJpDqkQ9x1qEDNutoX,2 Baddies,NCT 127,KR,2022,2022-Q3,21-50,2022-09-16,
4FKmrrI6y8REWoCyV5tAhY,Just 10 centimeters,10CM,KR,2022,2022-Q3,21-50,2022-09-25,
1oFAF1hdPOickyHgbuRjyX,Save Your Tears (Remix),The Weeknd,KR,2022,2022-Q3,51+,2020-03-20,
19Hg1UCZaCdpHB37L7x63X,EVERYTHING,The Black Skirts,KR,2022,2022-Q3,51+,2017-05-30,
0Hj4YtlD0Q5O0srdZxJUtl,Gold Dust,NCT 127,KR,2022,2022-Q3,51+,2022-09-16,
1w2hClDL1xH4FPZIipZ1FJ,I Guess I Loved You,Yoon Do Hyun,KR,2022,2022-Q3,51+,2005-01-01,
3scRk3rUGIwpCg9kMNrtEQ,Amor,Baek A,KR,2022,2022-Q3,51+,2018-10-11,
2mqTtvbKxH7SoEQ2oGAnsA,CHURCH GIRL,Beyoncé,KR,2022,2022-Q3,51+,2022-07-29,
5pyoxDZ1PX0KxBxiRVxA4U,BREAK MY SOUL,Beyoncé,KR,2022,2022-Q3,51+,2022-07-29,
7IuuFQShxmy7zMZ3vZvMFj,Day & Night,Lee Young Ji,KR,2022,2022-Q3,51+,2021-10-29,
3WBRfkOozHEsG0hbrBzwlm,Everything Goes On,Porter Robinson,KR,2022,2022-Q3,51+,2022-07-14,
5zFglKYiknIxks8geR8rcL,Beautiful Mistakes,Maroon 5,KR,2022,2022-Q3,51+,2021-06-11,
0Q5VnK2DYzRyfqQRJuUtvi,LOVE DIVE,IVE,KR,2022,2022-Q4,1-10,2022-04-05,
5Odq8ohlgIbQKMZivbWkEo,Left and Right (Feat. Jung Kook of BTS),Charlie Puth,KR,2022,2022-Q4,1-10,2022-10-06,
2pIUpMhHL6L9Z5lnKxJJr9,Attention,NewJeans,KR,2022,2022-Q4,1-10,2022-08-01,
0V3wPSX9ygBnCm8psDIegu,Anti-Hero,Taylor Swift,KR,2022,2022-Q4,1-10,2022-10-21,
5aucVLKiumD89mxVCB4zvS,Rush Hour (Feat. j-hope of BTS),Crush,KR,2022,2022-Q4,1-10,2022-09-22,
27bIik73QCu8Xzt3xpG1bI,Candy,NCT DREAM,KR,2022,2022-Q4,1-10,2022-12-16,
6RBziRcDeiho3iTPdtEeg9,Event Horizon,Younha,KR,2022,2022-Q4,1-10,2022-03-30,
3r8RuvgbX9s7ammBn07D3W,Ditto,NewJeans,KR,2022,2022-Q4,1-10,2022-12-19,
0h7QMc9ZRzA9QJrbEHytn2,The Astronaut,Jin,KR,2022,2022-Q4,1-10,2022-10-28,
1RDvyOk4WtPCtoqciJwVn8,Dreamers [Music from the FIFA World Cup Qatar 2022 Official Soundtrack],Jung Kook,KR,2022,2022-Q4,1-10,2022-11-20,
1oen3GpTcA486fTHaT7neg,FOREVER 1,Girls' Generation,KR,2022,2022-Q4,11-20,2022-08-05,
3khEEPRyBeOUabbmOPJzAG,KICK BACK,Kenshi Yonezu,KR,2022,2022-Q4,11-20,2022-10-12,
20JkEhlKCrKtzORT5qDdWE,"EYE (Feat. BIG Naughty, JUSTHIS) (Prod. R.Tee)",DON MALIK,KR,2022,2022-Q4,11-20,2022-12-17,
5expoVGQPvXuwBBFuNGqBd,Hurt,NewJeans,KR,2022,2022-Q4,11-20,2022-08-01,
07trPhWMgiagFnSOlmpzl0,Complex (Feat. ZICO),BE'O,KR,2022,2022-Q4,11-20,2022-09-29,
35ytd9cmG15jXG0RKWC9p4,Graduation,NCT DREAM,KR,2022,2022-Q4,11-20,2022-12-16,
3wEr5lmE7oaC3qhCbJTY8B,Hectic,RM,KR,2022,2022-Q4,11-20,2022-12-02,
4FKmrrI6y8REWoCyV5tAhY,Just 10 centimeters,10CM,KR,2022,2022-Q4,11-20,2022-09-25,
3XKI5295qhFbwNesz3ollU,Forg_tful,RM,KR,2022,2022-Q4,11-20,2022-12-02,
6C734SmqoIYuRWo2qSCnpC,DICE,NMIXX,KR,2022,2022-Q4,11-20,2022-09-19,
2KLwPaRDOB87XOYAT2fgxh,Pussy & Millions,Drake,KR,2022,2022-Q4,21-50,2022-11-04,
0HYAsQwJIO6FLqpyTeD3l6,死ぬのがいいわ,Fujii Kaze,KR,2022,2022-Q4,21-50,2020-05-20,
1sZBzYhrQG40zcSuKkI93c,Good Parts (when the quality is bad but I am),LE SSERAFIM,KR,2022,2022-Q4,21-50,2022-10-17,
2RLdkXSaiQjRbey5pvP8Kt,If We Ever Meet Again,Lim Young Woong,KR,2022,2022-Q4,21-50,2022-05-02,
1dfsPqH09vnzUWEOsN98Ex,28 Reasons,SEULGI,KR,2022,2022-Q4,21-50,2022-10-04,
2FRnf9qhLbvw8fu4IBXx78,Last Christmas,Wham!,KR,2022,2022-Q4,21-50,1984-11-29,
0o9zmvc5f3EFApU52PPIyW,Shinunoga E-Wa,Fujii Kaze,KR,2022,2022-Q4,21-50,2020-05-20,
3rWDp9tBPQR9z6U5YyRSK4,Midnight Rain,Taylor Swift,KR,2022,2022-Q4,21-50,2022-10-21,
0O6u0VJ46W86TxN9wgyqDj,I Like You (A Happier Song),Post Malone,KR,2022,2022-Q4,21-50,2022-06-03,
10qiH1RJkexhTUuN562FsP,Braindead,Sion,KR,2022,2022-Q4,21-50,2022-09-13,
078fJxqEUz0LvbHSM6AoXJ,SUPER BOARD,Stray Kids,KR,2022,2022-Q4,51+,2022-10-07,
77khP2fIVhSW23NwxrRluh,A Holly Jolly Christmas - Single Version,Burl Ives,KR,2022,2022-Q4,51+,1965-10-01,
3gFcGnU4kTdMYLXDjH1TK8,RUN2U,STAYC,KR,2022,2022-Q4,51+,2022-02-21,
5k1A6F2kRnr6XkYKpVt7V0,Boys Like You,ITZY,KR,2022,2022-Q4,51+,2022-10-21,
6MCjmGYlw6mQVWRFVgBRvB,夜に駆ける,YOASOBI,KR,2022,2022-Q4,51+,2021-01-06,
53qayme5jMFwTb3fF84uv6,Celebrate,Red Velvet,KR,2022,2022-Q4,51+,2022-11-28,
2O3MQ6H3gjrIWDcpeTrikT,"Santa, Can’t You Hear Me",Kelly Clarkson,KR,2022,2022-Q4,51+,2021-10-15,
1qEmFfgcLObUfQm0j1W2CK,Late Night Talking,Harry Styles,KR,2022,2022-Q4,51+,2022-05-20,
2ZL7WZcjuYKi1KUDtp4kCC,Spin Bout U,Drake,KR,2022,2022-Q4,51+,2022-11-04,
0wavGRldH0AWyu2zvTz8zb,Sweet Nothing,Taylor Swift,KR,2022,2022-Q4,51+,2022-10-21,
2pIUpMhHL6L9Z5lnKxJJr9,Attention,NewJeans,KR,2023,2023-Q1,1-10,2022-08-01,
5Hfnps0jaWFpYg55WOPexG,Alone,Jimin,KR,2023,2023-Q1,1-10,2023-03-24,
0a4MMyCrzT0En247IhqZbD,Hype Boy,NewJeans,KR,2023,2023-Q1,1-10,2022-08-01,
7foeH2Emgq8A3LWk3q6dat,Kitsch,IVE,KR,2023,2023-Q1,1-10,2023-04-10,
3r8RuvgbX9s7ammBn07D3W,Ditto,NewJeans,KR,2023,2023-Q1,1-10,2022-12-19,
3OdIiWnYRHPYtC313Z0Bwy,Face-off,Jimin,KR,2023,2023-Q1,1-10,2023-03-24,
4fsQ0K37TOXa3hEQfjEic1,ANTIFRAGILE,LE SSERAFIM,KR,2023,2023-Q1,1-10,2022-10-17,
0rhI6gvOeCKA502RdJAbfs,Sugar Rush Ride,TOMORROW X TOGETHER,KR,2023,2023-Q1,1-10,2023-01-27,
7eBpUuPnDTfbeP1P4P93CS,Fighting (Feat. Lee Young Ji),BSS,KR,2023,2023-Q1,1-10,2023-02-06,
2RUcwyW74Sv4VracHFrKdh,Promise,Jimin,KR,2023,2023-Q1,1-10,2018-12-31,
0Q5VnK2DYzRyfqQRJuUtvi,LOVE DIVE,IVE,KR,2023,2023-Q1,11-20,2022-04-05,
6dgUya35uo964z7GZXM07g,Nonsense,Sabrina Carpenter,KR,2023,2023-Q1,11-20,2022-07-15,
6NnCWIWV740gP7DQ8kqdIE,Nxde,i-dle,KR,2023,2023-Q1,11-20,2022-10-17,
296nXCOv97WJNRWzIBQnoj,FEARLESS,LE SSERAFIM,KR,2023,2023-Q1,11-20,2022-05-02,
3XfngyuVjltVRHSsLjrCRO,MY WAY (Prod. R.Tee),저스디스 (JUSTHIS),KR,2023,2023-Q1,11-20,2022-12-03,
2qg2jy3v50RwfV5FAqG3a2,Interlude : Dive,Jimin,KR,2023,2023-Q1,11-20,2023-03-24,
3nqQXoyQOWXiESFLlDF1hG,Unholy,Sam Smith,KR,2023,2023-Q1,11-20,2022-09-22,
2RLdkXSaiQjRbey5pvP8Kt,If We Ever Meet Again,Lim Young Woong,KR,2023,2023-Q1,11-20,2022-05-02,
6zjk7Qbwb9DZ4ykUUoqknh,第ゼロ感,10-FEET,KR,2023,2023-Q1,11-20,2022-12-14,
6auT8cRBu3BgPRBrdVBY15,London Boy,Lim Young Woong,KR,2023,2023-Q1,11-20,2022-11-15,
6C734SmqoIYuRWo2qSCnpC,DICE,NMIXX,KR,2023,2023-Q1,21-50,2022-09-19,
7F0MuIk5glqtowCUjbn9es,Impurities,LE SSERAFIM,KR,2023,2023-Q1,21-50,2022-10-17,
04TshWXkhV1qkqHzf31Hn6,Lemon,Kenshi Yonezu,KR,2023,2023-Q1,21-50,2020-08-05,
5YSkDxmHvzSDWTu4MaEtfa,Smoke Sprite,So!YoON!,KR,2023,2023-Q1,21-50,2023-03-14,
0S2GNnqAHC96zqB8ZIcxg4,Fxxxnds (Feat. Kim Min Seok of MeloMance),BIG Naughty,KR,2023,2023-Q1,21-50,2023-01-29,
4JK1kDUdH9RTBQrrSO1QfR,ベテルギウス,Yuuri,KR,2023,2023-Q1,21-50,2022-01-12,
1F6qqwgyBjcIMzen8RrOXQ,Beautiful Liar,MONSTA X,KR,2023,2023-Q1,21-50,2023-01-09,
10SRMwb9EuVS1K9rYsBfHQ,Yet To Come,BTS,KR,2023,2023-Q1,21-50,2022-06-10,
396FqjKmViUZ92Wmm4rx3i,Illusion,aespa,KR,2023,2023-Q1,21-50,2022-07-08,
7n2FZQsaLb7ZRfRPfEeIvr,ELEVEN,IVE,KR,2023,2023-Q1,21-50,2021-12-01,
4FKmrrI6y8REWoCyV5tAhY,Just 10 centimeters,10CM,KR,2023,2023-Q1,51+,2022-09-25,
06KyNuuMOX1ROXRhj787tj,We Don't Talk Anymore,Charlie Puth,KR,2023,2023-Q1,51+,2016-01-29,
4eFTh1opLS5wANDmZK9ghC,Cherry Blossom Ending,Busker Busker,KR,2023,2023-Q1,51+,2012-03-29,
1jIMjbzcGCcCQn5iMu9CUc,That's Hilarious,Charlie Puth,KR,2023,2023-Q1,51+,2022-04-08,
38DlSDrx9tgc5Gfq6y3aBa,MOONLIGHT SUNRISE,TWICE,KR,2023,2023-Q1,51+,2023-01-20,
54ipXppHLA8U4yqpOFTUhr,Bones,Imagine Dragons,KR,2023,2023-Q1,51+,2022-07-01,
5mHdCZtVyb4DcJw8799hZp,Escapism.,RAYE,KR,2023,2023-Q1,51+,2023-02-03,
7w05lsU2VLSeiT8Nukrv5M,Friends,BTS,KR,2023,2023-Q1,51+,2020-02-21,
0Hy3JNYKAJu4ttcyQHzzYA,Big world,Yerin Baek,KR,2023,2023-Q1,51+,2023-01-01,
3DO8WRX72c1Z5hduVL1Nd5,선을 그어 주던가,1415,KR,2023,2023-Q1,51+,2017-04-21,
3Ua0m0YmEjrMi9XErKcNiR,Like Crazy,Jimin,KR,2023,2023-Q2,1-10,2023-03-24,
5Hfnps0jaWFpYg55WOPexG,Alone,Jimin,KR,2023,2023-Q2,1-10,2023-03-24,
0a4MMyCrzT0En247IhqZbD,Hype Boy,NewJeans,KR,2023,2023-Q2,1-10,2022-08-01,
7foeH2Emgq8A3LWk3q6dat,Kitsch,IVE,KR,2023,2023-Q2,1-10,2023-04-10,
4QhnNyKDsAkXPwHkSnuc89,"Eve, Psyche & The Bluebeard’s wife",LE SSERAFIM,KR,2023,2023-Q2,1-10,2023-05-01,
3r8RuvgbX9s7ammBn07D3W,Ditto,NewJeans,KR,2023,2023-Q2,1-10,2022-12-19,
4uOBL4DDWWVx4RhYKlPbPC,Queencard,i-dle,KR,2023,2023-Q2,1-10,2023-05-15,
0u8rZGtXJrLtiSe34FPjGG,Like Crazy (English Version),Jimin,KR,2023,2023-Q2,1-10,2023-03-24,
7FbrGaHYVDmfr7KoLIZnQ7,Cupid - Twin Ver.,FIFTY FIFTY,KR,2023,2023-Q2,1-10,2023-02-24,
2yjeXq5ahx6UUg2rHaUe6X,Angel Pt. 2,JVKE,KR,2023,2023-Q2,1-10,2023-05-18,
0N8Xztr4pBHJ7V0moJWhbO,愛を伝えたいだとか,Aimyon,KR,2023,2023-Q2,11-20,2017-09-12,
28a0aMV1OKoyNiCJuNsWrY,That’s Not How This Works,Charlie Puth,KR,2023,2023-Q2,11-20,2023-03-31,
3gmn76fCtpDazGMnN0QMHX,NIGHT DANCER,imase,KR,2023,2023-Q2,11-20,2022-11-09,
6auT8cRBu3BgPRBrdVBY15,London Boy,Lim Young Woong,KR,2023,2023-Q2,11-20,2022-11-15,
5HrIcZOo1DysX53qDRlRnt,Shoong!,TAEYANG,KR,2023,2023-Q2,11-20,2023-04-25,
6R5fYCySNHrqo4Og6O1ppn,Steal The Show,Lauv,KR,2023,2023-Q2,11-20,2023-06-02,
4IJsVXbSeGPUrgwpVoHmlg,The Planet,BTS,KR,2023,2023-Q2,11-20,2023-05-12,
5Odq8ohlgIbQKMZivbWkEo,Left and Right (Feat. Jung Kook of BTS),Charlie Puth,KR,2023,2023-Q2,11-20,2022-10-06,
2YXswOX5aKv6OHRKUcAMLQ,All Eyes On Me,JISOO,KR,2023,2023-Q2,11-20,2023-03-31,
4WUpMUjdoi47LY7gBQBXe3,Grain of Sand,Lim Young Woong,KR,2023,2023-Q2,11-20,2023-06-05,
0Q5VnK2DYzRyfqQRJuUtvi,LOVE DIVE,IVE,KR,2023,2023-Q2,21-50,2022-04-05,
1E14FuM0BRaHAJSJ9YxMVu,A Psalm of Life,Lim Young Woong,KR,2023,2023-Q2,21-50,2022-05-02,
4F0ft3ZDmIN7xz4HxYW7y0,keep our love alive,Akame,KR,2023,2023-Q2,21-50,2023-04-10,
2RUcwyW74Sv4VracHFrKdh,Promise,Jimin,KR,2023,2023-Q2,21-50,2018-12-31,
4kSDi21MeOoSvpZs6MveI9,Teddy Bear,STAYC,KR,2023,2023-Q2,21-50,2023-02-14,
7mpdNiaQvygj2rHoxkzMfa,Bite Me,ENHYPEN,KR,2023,2023-Q2,21-50,2023-05-22,
3l6LBCOL9nPsSY29TUY2VE,Lilith,Halsey,KR,2023,2023-Q2,21-50,2023-06-05,
4K8jDTlNhZWEdnzZVGRMtN,FEARLESS (2023 Ver.),LE SSERAFIM,KR,2023,2023-Q2,21-50,2023-05-01,
6D90VTeGEWYX5AkAtjHZh1,Like Crazy (Deep House Remix),Jimin,KR,2023,2023-Q2,21-50,2023-03-26,
2RLdkXSaiQjRbey5pvP8Kt,If We Ever Meet Again,Lim Young Woong,KR,2023,2023-Q2,21-50,2022-05-02,
3T03rPwlL8NVk1yIaxeD8U,Off My Face,Justin Bieber,KR,2023,2023-Q2,51+,2021-03-19,
3bUD1FmJClHcD0U7rIN0TR,"Romance Symphony (Feat. CHANGMO, Jay Park)",BIG Naughty,KR,2023,2023-Q2,51+,2022-06-09,
7tOsgOjrzBVQqyaMDBlZV8,Oort Cloud,Younha,KR,2023,2023-Q2,51+,2021-11-16,
6iirdwpyu2Ohg3iVdu4vXl,Kiss,NCT DOJAEJUNG,KR,2023,2023-Q2,51+,2023-04-17,
1sZBzYhrQG40zcSuKkI93c,Good Parts (when the quality is bad but I am),LE SSERAFIM,KR,2023,2023-Q2,51+,2022-10-17,
7fcZk7OXeFWD7DWybltVVf,Be Who You Are (Real Magic),Jon Batiste,KR,2023,2023-Q2,51+,2023-05-31,
5aucVLKiumD89mxVCB4zvS,Rush Hour (Feat. j-hope of BTS),Crush,KR,2023,2023-Q2,51+,2022-09-22,
6WY4wvlmgccWapnIg14Vy0,Merry Christmas Mr. Lawrence,Ryuichi Sakamoto,KR,2023,2023-Q2,51+,1996-01-01,
0CrcwVLUe8wzLUIXgjXVZJ,Kill Bill,SZA,KR,2023,2023-Q2,51+,2023-04-14,
36jIu8oPR1Z4cguMuHxUXA,TATTOO,OFFICIAL HIGE DANDISM,KR,2023,2023-Q2,51+,2023-04-21,
5Odq8ohlgIbQKMZivbWkEo,Left and Right (Feat. Jung Kook of BTS),Charlie Puth,KR,2023,2023-Q3,1-10,2022-10-06,
3OdIiWnYRHPYtC313Z0Bwy,Face-off,Jimin,KR,2023,2023-Q3,1-10,2023-03-24,
02wk5BttM0QL38ERjLPQJB,Cool With You,NewJeans,KR,2023,2023-Q3,1-10,2023-07-21,
2qg2jy3v50RwfV5FAqG3a2,Interlude : Dive,Jimin,KR,2023,2023-Q3,1-10,2023-03-24,
5h1BN75CEh8wdSwE1xrbSe,Slow Dancing,V,KR,2023,2023-Q3,1-10,2023-09-08,
59hBR0BCtJsfIbV9VzCVAp,Set Me Free Pt.2,Jimin,KR,2023,2023-Q3,1-10,2023-03-17,
0eFMbKCRw8KByXyWBw8WO7,Still With You,Jung Kook,KR,2023,2023-Q3,1-10,2020-06-05,
5Hfnps0jaWFpYg55WOPexG,Alone,Jimin,KR,2023,2023-Q3,1-10,2023-03-24,
1wUnuiXMMvhudmzvcCtlZP,Get Up,NewJeans,KR,2023,2023-Q3,1-10,2023-07-21,
0u8rZGtXJrLtiSe34FPjGG,Like Crazy (English Version),Jimin,KR,2023,2023-Q3,1-10,2023-03-24,
0a4MMyCrzT0En247IhqZbD,Hype Boy,NewJeans,KR,2023,2023-Q3,11-20,2022-08-01,
7jzOZuWgZ5gaMet9V5Ix1d,Fast Forward,JEON SOMI,KR,2023,2023-Q3,11-20,2023-08-07,
65FftemJ1DbbZ45DUfHJXE,OMG,NewJeans,KR,2023,2023-Q3,11-20,2023-01-02,
186NCtNk1tUYS7c2DxgJ7O,Christmas Tree,V,KR,2023,2023-Q3,11-20,2021-12-24,
41JPN7pZMTp1sumBOHOzHd,People Pt.2,Agust D,KR,2023,2023-Q3,11-20,2023-04-21,
2fiI6e0WxyZB3QnmRxYGPg,Vancouver 2,BIG Naughty,KR,2023,2023-Q3,11-20,2023-09-19,
4WUpMUjdoi47LY7gBQBXe3,Grain of Sand,Lim Young Woong,KR,2023,2023-Q3,11-20,2023-06-05,
1ULdASrNy5rurl1TZfFaMP,Spicy,aespa,KR,2023,2023-Q3,11-20,2023-05-08,
7ovUcF5uHTBRzUpB6ZOmvt,アイドル,YOASOBI,KR,2023,2023-Q3,11-20,2023-04-12,
6auT8cRBu3BgPRBrdVBY15,London Boy,Lim Young Woong,KR,2023,2023-Q3,11-20,2022-11-15,
3jxFmvoG55Cwv0JJBzRPce,Either Way,IVE,KR,2023,2023-Q3,21-50,2023-09-25,
6ePyl2ns4b7MVYhjsj32ZK,Intro: Singularity,BTS,KR,2023,2023-Q3,21-50,2018-05-18,
3gmn76fCtpDazGMnN0QMHX,NIGHT DANCER,imase,KR,2023,2023-Q3,21-50,2022-11-09,
748MqeDRJ401KBqwCn5zHB,Seven,Jung Kook,KR,2023,2023-Q3,21-50,2023-08-25,
3AOf6YEpxQ894FmrwI9k96,Super,SEVENTEEN,KR,2023,2023-Q3,21-50,2023-04-24,
5mg3VB3Qh7jcR5kAAC4DSV,Cupid,FIFTY FIFTY,KR,2023,2023-Q3,21-50,2023-02-24,
1zAYWqTX6qyRCKe9KuCUx0,Seven,Jung Kook,KR,2023,2023-Q3,21-50,2023-07-17,
2pIUpMhHL6L9Z5lnKxJJr9,Attention,NewJeans,KR,2023,2023-Q3,21-50,2022-08-01,
11s5p72subU7SHJPzyR2Lq,Memories,RIIZE,KR,2023,2023-Q3,21-50,2023-08-21,
3Dah48XTdzVtbIl4dUn6l4,Get A Guitar,RIIZE,KR,2023,2023-Q3,21-50,2023-09-04,
5BqwC9kOBbqYkzdOKeXFFk,for lovers who hesitate,JANNABI,KR,2023,2023-Q3,51+,2019-03-13,
3ISOK4T54v6O1g1AB8FiEK,INVITATION (Feat. Gaeko),JUNNY,KR,2023,2023-Q3,51+,2023-07-06,
2lsRp40mCRkhqULWdMbOzn,I Love You,Lim Young Woong,KR,2023,2023-Q3,51+,2022-05-02,
0Y9C5yhzY7Pa1AqjUFrizq,I don’t know a single thing (Feat. meenoi),Leellamarz,KR,2023,2023-Q3,51+,2023-09-13,
0HsRZwZzHoZ5AM5W2ZYI5c,Beyond Love (Feat. 10CM),BIG Naughty,KR,2023,2023-Q3,51+,2022-04-20,
3uXTRQ41tZ7xwGJ1NnKnUC,I remember,ASH ISLAND,KR,2023,2023-Q3,51+,2023-06-29,
7kaFsQygyiCqRboWCXztxZ,Do It Like That,TOMORROW X TOGETHER,KR,2023,2023-Q3,51+,2023-07-07,
12usPU2WnqgCHAW1EK2dfd,青のすみか,Tatsuya Kitani,KR,2023,2023-Q3,51+,2023-07-07,
5PyDJG7SQRgWXefgexqIge,Agora Hills,Doja Cat,KR,2023,2023-Q3,51+,2023-09-20,
3VQH9MYoFvxmXmWECnqdRg,Just One Day,Beenzino,KR,2023,2023-Q3,51+,2023-07-03,
0k0GtcnyQLMiXrdEDbLXmJ,Please Don't Change,Jung Kook,KR,2023,2023-Q4,1-10,2023-11-03,
5ydjxBSUIDn26MFzU3asP4,Rainy Days,V,KR,2023,2023-Q4,1-10,2023-08-11,
5ONOlTiqymhzwcFjqcIT6E,Hate You,Jung Kook,KR,2023,2023-Q4,1-10,2023-11-03,
0rKWJnmo6Q0ovoPOLoLm0t,TOO MUCH,The Kid LAROI,KR,2023,2023-Q4,1-10,2023-10-19,
2tA3NP12r4niSRhb9Y6AoY,Polaroid,Lim Young Woong,KR,2023,2023-Q4,1-10,2022-11-15,
2HRgqmZQC0MC7GeNuDIXHN,Seven,Jung Kook,KR,2023,2023-Q4,1-10,2023-11-03,
3k6q0O9JnO2GhvD6C8fs20,Closer Than This,Jimin,KR,2023,2023-Q4,1-10,2023-12-22,
210JJAa9nJOgNa0YNrsT5g,GODS,League of Legends,KR,2023,2023-Q4,1-10,2023-10-04,
6auT8cRBu3BgPRBrdVBY15,London Boy,Lim Young Woong,KR,2023,2023-Q4,1-10,2022-11-15,
5sdQOyqq2IDhvmx2lHOpwd,Super Shy,NewJeans,KR,2023,2023-Q4,1-10,2023-07-07,
2jidjmWNeRmKgLjXhW52Gz,"Our Blues, Our Life",Lim Young Woong,KR,2023,2023-Q4,11-20,2022-05-02,
56y1jOTK0XSvJzVv9vHQBK,Paint The Town Red,Doja Cat,KR,2023,2023-Q4,11-20,2023-09-20,
01qFKNWq73UfEslI0GvumE,3D,Jung Kook,KR,2023,2023-Q4,11-20,2023-10-02,
7pgbDdy7ax962o9d2xJceV,Slow Dancing (Piano Ver.),V,KR,2023,2023-Q4,11-20,2023-09-08,
3OdIiWnYRHPYtC313Z0Bwy,Face-off,Jimin,KR,2023,2023-Q4,11-20,2023-03-24,
2qg2jy3v50RwfV5FAqG3a2,Interlude : Dive,Jimin,KR,2023,2023-Q4,11-20,2023-03-24,
4HAOgAnILvXCbSODMoRnmD,For Us,V,KR,2023,2023-Q4,11-20,2023-09-08,
06Qo2fYR2KS1F7bL338iVT,Closer to You,Jung Kook,KR,2023,2023-Q4,11-20,2023-11-03,
7aqsfFKqJFNa2umM4tTLdA,Baddie,IVE,KR,2023,2023-Q4,11-20,2023-10-13,
1vvcEHQdaUTvWt0EIUYcFK,Angel Pt. 1,Kodak Black,KR,2023,2023-Q4,11-20,2023-05-17,
1IvOxLYTstsq5Z6pN3l3zm,Loving You,Lim Young Woong,KR,2023,2023-Q4,21-50,2022-05-02,
61AZsmFB3VoJdmraMk5ZSn,VIBE,TAEYANG,KR,2023,2023-Q4,21-50,2023-01-13,
4Cr43xPo7bwyCcL1g3yVCu,A bientot,Lim Young Woong,KR,2023,2023-Q4,21-50,2022-05-02,
79f5CcWzdkkDVD4XAIQgKr,LALALALA,Stray Kids,KR,2023,2023-Q4,21-50,2023-11-10,
2UU11hvjN1JIn4iihEodNT,Blue,V,KR,2023,2023-Q4,21-50,2023-09-08,
7uoFMmxln0GPXQ0AcCBXRq,Snowman,Sia,KR,2023,2023-Q4,21-50,2018-11-01,
3nAp4IvdMPPWEH9uuXFFV5,Underneath the Tree,Kelly Clarkson,KR,2023,2023-Q4,21-50,2013-10-25,
365znJ27Fb3faGsctmQYWR,Father,Lim Young Woong,KR,2023,2023-Q4,21-50,2022-05-02,
4QhnNyKDsAkXPwHkSnuc89,"Eve, Psyche & The Bluebeard’s wife",LE SSERAFIM,KR,2023,2023-Q4,21-50,2023-05-01,
2cEwQnP4284g37N6D7ETND,Talk Saxy,RIIZE,KR,2023,2023-Q4,21-50,2023-10-27,
0hqj5JBnFt1BHEz2UCFwrl,"How can I love the heartbreak, you're the one I love",AKMU,KR,2023,2023-Q4,51+,2019-09-25,
31jZYFQEtq0ud5y9fDN4cw,Slow Dancing (Cautious Clay Remix),V,KR,2023,2023-Q4,51+,2023-10-23,
253P6uwLnelVQ6MdwXMIJk,Chili,HWASA,KR,2023,2023-Q4,51+,2023-10-04,
5odlY52u43F5BjByhxg7wg,golden hour,JVKE,KR,2023,2023-Q4,51+,2022-09-23,
5r3VFyq4KrdCeRNUDtGfJq,and you (Feat. ZICO),meenoi,KR,2023,2023-Q4,51+,2023-11-09,
3TPvrMAd1hbPRXuHCRX0Pl,AEAO,Dynamicduo,KR,2023,2023-Q4,51+,2014-07-16,
5nTemr4PG8L9jQoqxsZu6w,Knock Knock (Who's There?),Red Velvet,KR,2023,2023-Q4,51+,2023-11-13,
1FTFDCKkVNGf0UCccm23LA,Home Alone,NCT 127,KR,2023,2023-Q4,51+,2023-12-22,
7dTv6c4yQ4gBVFSC3fX0RH,One-Way,BIG Naughty,KR,2023,2023-Q4,51+,2023-11-23,
7CAdT0HdiQNlt1C7xk2hep,Stay Alive (Prod. SUGA of BTS),Jung Kook,KR,2023,2023-Q4,51+,2022-02-11,
3lwK3WyKAI5bUuGY1OgGbZ,Smart,LE SSERAFIM,KR,2024,2024-Q1,1-10,2024-03-22,
59hBR0BCtJsfIbV9VzCVAp,Set Me Free Pt.2,Jimin,KR,2024,2024-Q1,1-10,2023-03-17,
0aZG8KWrpRnsGL0loUkfSj,plot twist,TWS,KR,2024,2024-Q1,1-10,2024-01-22,
6auT8cRBu3BgPRBrdVBY15,London Boy,Lim Young Woong,KR,2024,2024-Q1,1-10,2022-11-15,
21ewxM3YvcdTj7cC0XwznO,Do or Die,Lim Young Woong,KR,2024,2024-Q1,1-10,2023-10-09,
3k6q0O9JnO2GhvD6C8fs20,Closer Than This,Jimin,KR,2024,2024-Q1,1-10,2023-12-22,
0paWX66K9n7sYR9AkKkyzB,Standing Next to You - Sped Up - Remix,Beat Record,KR,2024,2024-Q1,1-10,2024-02-28,
0djkJ3iAARXRCbfbwwVc3o,Love wins all,IU,KR,2024,2024-Q1,1-10,2024-01-24,
7M7d0e8Ue3Z7QieuZe72J9,Love 119,RIIZE,KR,2024,2024-Q1,1-10,2024-01-05,
1aKvZDoLGkNMxoRYgkckZG,Magnetic,ILLIT,KR,2024,2024-Q1,1-10,2024-03-25,
74X2u8JMVooG2QbjRxXwR8,Perfect Night,LE SSERAFIM,KR,2024,2024-Q1,11-20,2023-10-27,
5XWlyfo0kZ8LF7VSyfS4Ew,Drama,aespa,KR,2024,2024-Q1,11-20,2023-11-10,
0cGpKQ8RxxLOFqhktEURIj,wherever u r,UMI,KR,2024,2024-Q1,11-20,2023-12-30,
5Hfnps0jaWFpYg55WOPexG,Alone,Jimin,KR,2024,2024-Q1,11-20,2023-03-24,
2tA3NP12r4niSRhb9Y6AoY,Polaroid,Lim Young Woong,KR,2024,2024-Q1,11-20,2022-11-15,
2RLdkXSaiQjRbey5pvP8Kt,If We Ever Meet Again,Lim Young Woong,KR,2024,2024-Q1,11-20,2022-05-02,
2GquhrcHbl2zOnF5javAFp,Swan Song,LE SSERAFIM,KR,2024,2024-Q1,11-20,2024-02-19,
7gaA3wERFkFkgivjwbSvkG,"yes, and?",Ariana Grande,KR,2024,2024-Q1,11-20,2024-01-12,
2gyCwrOcC6JBoaJ8JGJ7T8,To. X,TAEYEON,KR,2024,2024-Q1,11-20,2023-11-27,
3m5PgWSClkZ44vdFmPiqpq,"Yes or No (Feat. HUH YUNJIN of LE SSERAFIM, Crush)",GroovyRoom,KR,2024,2024-Q1,11-20,2024-01-17,
2cEwQnP4284g37N6D7ETND,Talk Saxy,RIIZE,KR,2024,2024-Q1,21-50,2023-10-27,
6G3myAs4HemIdtLYhhjGLP,FRI(END)S (Instrumental),V,KR,2024,2024-Q1,21-50,2024-03-15,
65FftemJ1DbbZ45DUfHJXE,OMG,NewJeans,KR,2024,2024-Q1,21-50,2023-01-02,
1c6kkrWnpy68eYDfBdxNtF,Shopper,IU,KR,2024,2024-Q1,21-50,2024-02-20,
5qI5EUqfDJpQ7w6sMECK7U,Super Lady,i-dle,KR,2024,2024-Q1,21-50,2024-01-29,
0kdqcbwei4MDWFEX5f33yG,Bling-Bang-Bang-Born,Creepy Nuts,KR,2024,2024-Q1,21-50,2024-01-07,
2RoYgkPzUY0vY7lhUuyus1,DASH,NMIXX,KR,2024,2024-Q1,21-50,2024-01-15,
6rdkCkjk6D12xRpdMXy0I2,New Jeans,NewJeans,KR,2024,2024-Q1,21-50,2023-07-07,
0a4MMyCrzT0En247IhqZbD,Hype Boy,NewJeans,KR,2024,2024-Q1,21-50,2022-08-01,
43u5DDtK4vQ1coWXb4S5a8,HERO,Lim Young Woong,KR,2024,2024-Q1,21-50,2020-11-04,
0o3ua5ufFK7nfRzbDUNoGA,don't wanna break up again,Ariana Grande,KR,2024,2024-Q1,51+,2024-03-08,
05STjz8kmPBUebu3uu5sO0,Nest,Lim Young Woong,KR,2024,2024-Q1,51+,2022-05-02,
7KUb5GsTcXfpG0phkbL2mR,Let off steam,Leellamarz,KR,2024,2024-Q1,51+,2024-02-19,
70t7Q6AYG6ZgTYmJWcnkUM,I AM,IVE,KR,2024,2024-Q1,51+,2023-04-10,
7uRWaWF70gvKmLhpY3FuaJ,WISH - Korean Ver.,NCT WISH,KR,2024,2024-Q1,51+,2024-02-28,
5b5cPscqVEMChvDqscVw26,Training Season,Dua Lipa,KR,2024,2024-Q1,51+,2024-05-03,
6dgUya35uo964z7GZXM07g,Nonsense,Sabrina Carpenter,KR,2024,2024-Q1,51+,2022-07-15,
7FbrGaHYVDmfr7KoLIZnQ7,Cupid - Twin Ver.,FIFTY FIFTY,KR,2024,2024-Q1,51+,2023-02-24,
0LdpgzRupg6P511GEACdm2,The Power of Love,DAY6,KR,2024,2024-Q1,51+,2024-03-18,
3AOf6YEpxQ894FmrwI9k96,Super,SEVENTEEN,KR,2024,2024-Q1,51+,2023-04-24,
0u8rZGtXJrLtiSe34FPjGG,Like Crazy (English Version),Jimin,KR,2024,2024-Q2,1-10,2023-03-24,
59hBR0BCtJsfIbV9VzCVAp,Set Me Free Pt.2,Jimin,KR,2024,2024-Q2,1-10,2023-03-17,
4sgMbwl9lXGyHcHmtFYGMm,Supernova,aespa,KR,2024,2024-Q2,1-10,2024-05-27,
0vaxYDAuAO1nPolC6bQp7V,Midas Touch,KISS OF LIFE,KR,2024,2024-Q2,1-10,2024-04-03,
2O4Bb2WCkjlTPO827OnBMI,EASY,LE SSERAFIM,KR,2024,2024-Q2,1-10,2024-02-19,
1aKvZDoLGkNMxoRYgkckZG,Magnetic,ILLIT,KR,2024,2024-Q2,1-10,2024-03-25,
2vNPGH1x5ZwxTjlvzLCyc2,Fate,i-dle,KR,2024,2024-Q2,1-10,2024-01-29,
1AtFSBJibfaqfiOByQCwZ5,Small girl,Lee Young Ji,KR,2024,2024-Q2,1-10,2024-06-21,
5ocSQW5sIUIOFojwXEz9Ki,Supernatural,NewJeans,KR,2024,2024-Q2,1-10,2024-06-21,
58Q3FZFs1YXPpliWQB5kXB,Right Now,NewJeans,KR,2024,2024-Q2,1-10,2024-06-21,
0PBTlQ84CBJF0tBnKGmQa6,FRI(END)S,V,KR,2024,2024-Q2,11-20,2024-03-15,
3vnaEaDxMKdBhqA1t0uAwl,Warmth,Lim Young Woong,KR,2024,2024-Q2,11-20,2024-05-06,
2tA3NP12r4niSRhb9Y6AoY,Polaroid,Lim Young Woong,KR,2024,2024-Q2,11-20,2022-11-15,
0aZG8KWrpRnsGL0loUkfSj,plot twist,TWS,KR,2024,2024-Q2,11-20,2024-01-22,
4WUpMUjdoi47LY7gBQBXe3,Grain of Sand,Lim Young Woong,KR,2024,2024-Q2,11-20,2023-06-05,
2N0SPREDYqILVEFSsWF5N5,Love Me Again,V,KR,2024,2024-Q2,11-20,2023-08-11,
6auT8cRBu3BgPRBrdVBY15,London Boy,Lim Young Woong,KR,2024,2024-Q2,11-20,2022-11-15,
3lc6BSosCqVoNddw1izHXj,Siren,RIIZE,KR,2024,2024-Q2,11-20,2024-04-03,
2HRqTpkrJO5ggZyyK6NPWz,Espresso,Sabrina Carpenter,KR,2024,2024-Q2,11-20,2024-08-23,
2J194R0KIKbK7bTHfUHPDB,Boom Boom Bass,RIIZE,KR,2024,2024-Q2,11-20,2024-06-17,
2jaapqz7L9MpMf7vpkqU9I,Smoothie,NCT DREAM,KR,2024,2024-Q2,21-50,2024-03-25,
5IZXB5IKAD2qlvTPJYDCFB,I Had Some Help (Feat. Morgan Wallen),Post Malone,KR,2024,2024-Q2,21-50,2024-08-15,
6QqrxJe1iQxwLY6he6FLFo,Midnight Fiction,ILLIT,KR,2024,2024-Q2,21-50,2024-03-25,
1Y5D7m2QtyBdvwvY3gAVNQ,Little Light,DOYOUNG,KR,2024,2024-Q2,21-50,2024-04-22,
5XWlyfo0kZ8LF7VSyfS4Ew,Drama,aespa,KR,2024,2024-Q2,21-50,2023-11-10,
0djkJ3iAARXRCbfbwwVc3o,Love wins all,IU,KR,2024,2024-Q2,21-50,2024-01-24,
2gkVEnpahpE3bQuvGuCpAV,Yes or No,Jung Kook,KR,2024,2024-Q2,21-50,2023-11-03,
7JxPQzxhJSsBBNu1D76ig2,JEALOUSYVALHALLA,YANGHONGWON,KR,2024,2024-Q2,21-50,2024-05-24,
0a4MMyCrzT0En247IhqZbD,Hype Boy,NewJeans,KR,2024,2024-Q2,21-50,2022-08-01,
3xkHsmpQCBMytMJNiDf3Ii,Beautiful Things,Benson Boone,KR,2024,2024-Q2,21-50,2024-04-05,
0kdqcbwei4MDWFEX5f33yG,Bling-Bang-Bang-Born,Creepy Nuts,KR,2024,2024-Q2,51+,2024-01-07,
3ZVFcD8Wlw9T9klGqmJf9F,Florida!!!,Taylor Swift,KR,2024,2024-Q2,51+,2024-04-18,
5IY8i6WnkqvmRnIrF4lqDx,Taxi Blurr (Feat. NATTY of KISS OF LIFE),Jay Park,KR,2024,2024-Q2,51+,2024-05-28,
3x6unDluyCL4v5AeGrAVGA,Balloon in Love,SUNMI,KR,2024,2024-Q2,51+,2024-06-13,
7CyPwkp0oE8Ro9Dd5CUDjW,One Of The Girls,The Weeknd,KR,2024,2024-Q2,51+,2023-06-23,
6jgUrLEivd4DaiYb1izJLF,Right Now (Instrumental),NewJeans,KR,2024,2024-Q2,51+,2024-06-21,
2ftb45L7iXYwp0WoTEuslG,"Right People, Wrong Place",RM,KR,2024,2024-Q2,51+,2024-05-24,
5VBjyOQzqlPNgdRPMM6prF,seasons,wave to earth,KR,2024,2024-Q2,51+,2020-08-04,
7iabz12vAuVQYyekFIWJxD,BAND4BAND,Central Cee,KR,2024,2024-Q2,51+,2024-05-23,
3ybJERCKs3Jf3aT7xU1Vs4,Live My Life,aespa,KR,2024,2024-Q2,51+,2024-05-27,
01qFKNWq73UfEslI0GvumE,3D,Jung Kook,KR,2024,2024-Q3,1-10,2023-10-02,
0u8rZGtXJrLtiSe34FPjGG,Like Crazy (English Version),Jimin,KR,2024,2024-Q3,1-10,2023-03-24,
2HRgqmZQC0MC7GeNuDIXHN,Seven,Jung Kook,KR,2024,2024-Q3,1-10,2023-11-03,
5ocSQW5sIUIOFojwXEz9Ki,Supernatural,NewJeans,KR,2024,2024-Q3,1-10,2024-06-21,
45zLrK0668WQ5JFMyiYmCS,Interlude : Showtime,Jimin,KR,2024,2024-Q3,1-10,2024-07-19,
4sgMbwl9lXGyHcHmtFYGMm,Supernova,aespa,KR,2024,2024-Q3,1-10,2024-05-27,
3LWVXp636uLT356Rj08Jaz,Be Mine,Jimin,KR,2024,2024-Q3,1-10,2024-07-19,
4gxEY3Mh5FZZDAJAKPNrCS,CRAZY,LE SSERAFIM,KR,2024,2024-Q3,1-10,2024-09-02,
1AtFSBJibfaqfiOByQCwZ5,Small girl,Lee Young Ji,KR,2024,2024-Q3,1-10,2024-06-21,
3d2bsbugow8JiNvuaRupFH,Slow Dance,Jimin,KR,2024,2024-Q3,1-10,2024-07-19,
0T6J3Ipbe06lm7p3grH2bg,Melt Down,DAY6,KR,2024,2024-Q3,11-20,2024-09-02,
19D8LNpWwIPpi6hs9BG7dq,Bubble Gum,NewJeans,KR,2024,2024-Q3,11-20,2024-05-24,
2PlsVMcOn6ujc2UEYs2Yat,Home,Lim Young Woong,KR,2024,2024-Q3,11-20,2024-05-06,
6oNLSQX8bcAdbCElZYju3v,Supersonic,fromis_9,KR,2024,2024-Q3,11-20,2024-08-12,
6i8MbzVn4nzyjUcSoVcz7B,Armageddon,aespa,KR,2024,2024-Q3,11-20,2024-05-27,
5LlUJ3HHI2dS0xowdMDXC5,MEOW,MEOVV,KR,2024,2024-Q3,11-20,2024-09-06,
3Ua0m0YmEjrMi9XErKcNiR,Like Crazy,Jimin,KR,2024,2024-Q3,11-20,2023-03-24,
3vnaEaDxMKdBhqA1t0uAwl,Warmth,Lim Young Woong,KR,2024,2024-Q3,11-20,2024-05-06,
1YXot2MLAG9sttepCtBRM7,踊り子,Vaundy,KR,2024,2024-Q3,11-20,2023-11-15,
7ov3TDp5D00Rnu5R1viX4w,New Woman,LISA,KR,2024,2024-Q3,11-20,2024-08-15,
65FftemJ1DbbZ45DUfHJXE,OMG,NewJeans,KR,2024,2024-Q3,21-50,2023-01-02,
74X2u8JMVooG2QbjRxXwR8,Perfect Night,LE SSERAFIM,KR,2024,2024-Q3,21-50,2023-10-27,
0GqAWZe1A5ecKadZrHk6XH,Chk Chk Boom,Stray Kids,KR,2024,2024-Q3,21-50,2024-07-19,
78ZYPq0f3afyzdYdpTOG9C,Walk,NCT 127,KR,2024,2024-Q3,21-50,2024-07-15,
0UvCh63URrLFcPkKt99hHd,Don't Look Back in Anger - Remastered,Oasis,KR,2024,2024-Q3,21-50,1995-10-02,
5XWlyfo0kZ8LF7VSyfS4Ew,Drama,aespa,KR,2024,2024-Q3,21-50,2023-11-10,
1njlnn8ZKHI77Pe9szIONR,SHEESH,BABYMONSTER,KR,2024,2024-Q3,21-50,2024-04-01,
1OhIn0L6iofnk5bjalWfHq,Sudden Shower,ECLIPSE,KR,2024,2024-Q3,21-50,2024-04-08,
2cZOYofOX4d6g0OXxkaIjA,ALL RED,Playboi Carti,KR,2024,2024-Q3,21-50,2024-09-13,
7vjfnsnDXZGK4PSq54ISjc,1-800-hot-n-fun,LE SSERAFIM,KR,2024,2024-Q3,21-50,2024-08-30,
4mqfe9XrgEOSsofvq5MyjR,Heavenly fate,LEECHANGSUB,KR,2024,2024-Q3,51+,2024-02-21,
3LUi9n9mMOR1eK3kle7oCe,Combo,RIIZE,KR,2024,2024-Q3,51+,2024-09-03,
3lboRjzlrZ8tFxR0y59Yny,I Know,KEY,KR,2024,2024-Q3,51+,2024-09-23,
5juCu4WFTFRZ2XilopAMTy,Bam Yang Gang,BIBI,KR,2024,2024-Q3,51+,2024-02-13,
0vaxYDAuAO1nPolC6bQp7V,Midas Touch,KISS OF LIFE,KR,2024,2024-Q3,51+,2024-04-03,
7bUezNEU1BnjkbYrG0KP2Y,Deja vu,TAEMIN,KR,2024,2024-Q3,51+,2024-08-19,
3vkCueOmm7xQDoJ17W1Pm3,My Love Mine All Mine,Mitski,KR,2024,2024-Q3,51+,2023-09-15,
3BhyxulZ13uWZS6LqiYiCj,Cheeky Icy Thang,STAYC,KR,2024,2024-Q3,51+,2024-07-01,
2RUcwyW74Sv4VracHFrKdh,Promise,Jimin,KR,2024,2024-Q3,51+,2018-12-31,
210JJAa9nJOgNa0YNrsT5g,GODS,League of Legends,KR,2024,2024-Q3,51+,2023-10-04,
1k68vKHNQXU5CHqcM7Yp7N,HAPPY,DAY6,KR,2024,2024-Q4,1-10,2024-03-18,
7Cnpb1vBbC46RgVyyKLH7p,Whiplash,aespa,KR,2024,2024-Q4,1-10,2024-10-21,
5doooVlMVRZztQbySqARMI,HOME SWEET HOME,G-DRAGON,KR,2024,2024-Q4,1-10,2025-02-25,
1kPhV0KQui1phEpjnWIqUN,Smeraldo Garden Marching Band,Jimin,KR,2024,2024-Q4,1-10,2024-06-28,
2SR0alFA2oWYXSoePGTj0V,I’ll Be There,Jin,KR,2024,2024-Q4,1-10,2024-11-19,
21LtZQQMQYwVIxc9O9Ygq8,Cherish (My Love),ILLIT,KR,2024,2024-Q4,1-10,2024-10-28,
4XsJiRJQAK8TWcZCn0Dxlh,POWER,G-DRAGON,KR,2024,2024-Q4,1-10,2024-10-31,
1lcBt7LoEikqYmhUoa2cez,number one girl,ROSÉ,KR,2024,2024-Q4,1-10,2024-12-06,
7G7mSV4BebkoHWwKTDvXu9,Winter Ahead,V,KR,2024,2024-Q4,1-10,2024-11-29,
5sjnkOfTLCLNfkkchI2re2,UP - KARINA Solo,aespa,KR,2024,2024-Q4,1-10,2024-10-09,
0FIDCNYYjNvPVimz5icugS,Timeless,The Weeknd,KR,2024,2024-Q4,11-20,2025-01-31,
0bYg9bo50gSsH3LtXe2SQn,All I Want for Christmas Is You,Mariah Carey,KR,2024,2024-Q4,11-20,1994-10-28,
1aKvZDoLGkNMxoRYgkckZG,Magnetic,ILLIT,KR,2024,2024-Q4,11-20,2024-03-25,
6oNLSQX8bcAdbCElZYju3v,Supersonic,fromis_9,KR,2024,2024-Q4,11-20,2024-08-12,
5ocSQW5sIUIOFojwXEz9Ki,Supernatural,NewJeans,KR,2024,2024-Q4,11-20,2024-06-21,
45zLrK0668WQ5JFMyiYmCS,Interlude : Showtime,Jimin,KR,2024,2024-Q4,11-20,2024-07-19,
2plbrEY59IikOBgBGLjaoe,Die With A Smile,Lady Gaga,KR,2024,2024-Q4,11-20,2024-08-16,
3d2bsbugow8JiNvuaRupFH,Slow Dance,Jimin,KR,2024,2024-Q4,11-20,2024-07-19,
0lizgQ7Qw35od7CYaoMBZb,Santa Tell Me,Ariana Grande,KR,2024,2024-Q4,11-20,2014-11-24,
7gMfVc4zfNIxuMyMGglOHa,Rebirth (Intro),Jimin,KR,2024,2024-Q4,11-20,2024-07-19,
3yDRcs0Y4pPzkvMbUfeF9H,Moonlit Floor,LISA,KR,2024,2024-Q4,21-50,2024-10-03,
0hqj5JBnFt1BHEz2UCFwrl,"How can I love the heartbreak, you're the one I love",AKMU,KR,2024,2024-Q4,21-50,2019-09-25,
4EwNWRBWdZ6bgvxRHlZ8OO,CROOKED,G-DRAGON,KR,2024,2024-Q4,21-50,2013-09-05,
1ySWoGgrduSzvtJ3PUzO41,Who (Shibuyakei Remix),Jimin,KR,2024,2024-Q4,21-50,2024-07-23,
2isRbZIIU4PqPrECffn7QO,Who (Beautiful Mind Remix),Jimin,KR,2024,2024-Q4,21-50,2024-07-23,
6je5cTal6PyeITNrOzkCoS,Welcome to the Show,DAY6,KR,2024,2024-Q4,21-50,2024-03-18,
5LlUJ3HHI2dS0xowdMDXC5,MEOW,MEOVV,KR,2024,2024-Q4,21-50,2024-09-06,
3TQHPUEVdvdq8ejwEcHUlL,If I have you only (My love X Nerd Connection),Nerd Connection,KR,2024,2024-Q4,21-50,2023-08-15,
5jxuw4S5IDEY6CjjAHvRAt,Falling,Jin,KR,2024,2024-Q4,21-50,2024-11-19,
1YmY0HUm05BUpcHibc1bhB,Another Level,Jin,KR,2024,2024-Q4,21-50,2024-11-19,
1zJUr9Oo5zEjvJrdlg67jQ,Steady,NCT WISH,KR,2024,2024-Q4,51+,2024-09-24,
6pqyZNnLKyJKtrlf42FQoq,Nice Guy,BOYNEXTDOOR,KR,2024,2024-Q4,51+,2024-09-09,
12usPU2WnqgCHAW1EK2dfd,青のすみか,Tatsuya Kitani,KR,2024,2024-Q4,51+,2023-07-07,
49txvOVNLAHwG9bMtdKP6a,"Flights, Not Feelings",aespa,KR,2024,2024-Q4,51+,2024-10-21,
3X76Lal4GwBFqriHz1FbLU,SOS,FIFTY FIFTY,KR,2024,2024-Q4,51+,2024-09-20,
30tYWTkLIQtZWnRIOqcHnJ,나무,"Car, the garden",KR,2024,2024-Q4,51+,2019-04-16,
5a3tLTGA0HIDtrvnszXXBN,call it the end,ROSÉ,KR,2024,2024-Q4,51+,2024-12-06,
2pn8dNVSpYnAtlKFC8Q0DJ,On The Ground,ROSÉ,KR,2024,2024-Q4,51+,2021-03-12,
0FVPOqIivjXR49CyJZAw7g,IF YOU - KR Ver.,BIGBANG,KR,2024,2024-Q4,51+,2016-02-03,
294hRgOqnGW2BemqP8D35X,Klaxon,i-dle,KR,2024,2024-Q4,51+,2024-07-08,
0GOqhXyouUxqPEw9ypTOLm,TOO BAD,G-DRAGON,KR,2025,2025-Q1,1-10,2025-02-25,
7G7mSV4BebkoHWwKTDvXu9,Winter Ahead,V,KR,2025,2025-Q1,1-10,2024-11-29,
68UrZQUuO3O6eUiD226xHg,The Chase,Hearts2Hearts,KR,2025,2025-Q1,1-10,2025-02-24,
1kPhV0KQui1phEpjnWIqUN,Smeraldo Garden Marching Band,Jimin,KR,2025,2025-Q1,1-10,2024-06-28,
3d2bsbugow8JiNvuaRupFH,Slow Dance,Jimin,KR,2025,2025-Q1,1-10,2024-07-19,
2P6YMsU9jt22CXfizfudi3,Love Hangover,JENNIE,KR,2025,2025-Q1,1-10,2025-01-31,
406IpEtZPvbxApWTGM3twY,HOT,LE SSERAFIM,KR,2025,2025-Q1,1-10,2025-03-14,
1z5ebC9238uGoBgzYyvGpQ,toxic till the end,ROSÉ,KR,2025,2025-Q1,1-10,2024-12-06,
7GOIrZTegzVty8mhNhRuA0,"IF I SAY, I LOVE YOU",BOYNEXTDOOR,KR,2025,2025-Q1,1-10,2025-01-06,
7Cnpb1vBbC46RgVyyKLH7p,Whiplash,aespa,KR,2025,2025-Q1,1-10,2024-10-21,
3vIkVVbhpMvsOJ1BKWT0nT,TAKE ME,G-DRAGON,KR,2025,2025-Q1,11-20,2025-02-25,
4XsJiRJQAK8TWcZCn0Dxlh,POWER,G-DRAGON,KR,2025,2025-Q1,11-20,2024-10-31,
04mHr76sMR8RSqVIgWl785,ATTITUDE,IVE,KR,2025,2025-Q1,11-20,2025-02-03,
4xeugB5MqWh0jwvXZPxahq,Drowning,WOODZ,KR,2025,2025-Q1,11-20,2023-04-26,
1Px44tw80Q4rcCl8FxDGOi,Who (Instrumental),Jimin,KR,2025,2025-Q1,11-20,2024-07-23,
2isRbZIIU4PqPrECffn7QO,Who (Beautiful Mind Remix),Jimin,KR,2025,2025-Q1,11-20,2024-07-23,
10zywlg5b0gQOC3q1A7ADx,earthquake,JISOO,KR,2025,2025-Q1,11-20,2025-02-14,
10I5rhhFoWZDIN3kEc6Dbo,Who (Acoustic Remix),Jimin,KR,2025,2025-Q1,11-20,2024-07-23,
7KZNgri6Jxw88FAfATw6i9,Who (Funky Remix),Jimin,KR,2025,2025-Q1,11-20,2024-07-23,
1MUZitHRpmng5NevrvNx4T,DRIP,BABYMONSTER,KR,2025,2025-Q1,11-20,2024-11-01,
4gxEY3Mh5FZZDAJAKPNrCS,CRAZY,LE SSERAFIM,KR,2025,2025-Q1,21-50,2024-09-02,
6SaSFVlIQC1L6Fh1QKLeFi,start a war,JENNIE,KR,2025,2025-Q1,21-50,2025-03-07,
4WUpMUjdoi47LY7gBQBXe3,Grain of Sand,Lim Young Woong,KR,2025,2025-Q1,21-50,2023-06-05,
6iu311jZAJFLPgoIWgrA72,BANG BANG BANG - KR Ver.,BIGBANG,KR,2025,2025-Q1,21-50,2016-02-03,
4C2KCXzqC0kwNyTilyRLUx,IBELONGIIU,G-DRAGON,KR,2025,2025-Q1,21-50,2025-02-25,
5yfhzEct1ulyU6g5oVRraj,KNOW ABOUT ME,NMIXX,KR,2025,2025-Q1,21-50,2025-03-17,
2DbDefRFJ5YOfXCKOeCJJh,Igloo,KISS OF LIFE,KR,2025,2025-Q1,21-50,2024-10-15,
3TSLqZssCoCdDlMhCJ08XW,Still Life,BIGBANG,KR,2025,2025-Q1,21-50,2022-04-05,
1k68vKHNQXU5CHqcM7Yp7N,HAPPY,DAY6,KR,2025,2025-Q1,21-50,2024-03-18,
4EwNWRBWdZ6bgvxRHlZ8OO,CROOKED,G-DRAGON,KR,2025,2025-Q1,21-50,2013-09-05,
7KXjTSCq5nL1LoYtL7XAwS,HUMBLE.,Kendrick Lamar,KR,2025,2025-Q1,51+,2017-04-14,
20QI1DhCFz7pN8rATkNguv,To Reach You,10CM,KR,2025,2025-Q1,51+,2025-03-06,
0PBTlQ84CBJF0tBnKGmQa6,FRI(END)S,V,KR,2025,2025-Q1,51+,2024-03-15,
6cwSbxCqAwBNbCqaLMZgbT,LOSER - KR Ver.,BIGBANG,KR,2025,2025-Q1,51+,2016-02-03,
0VdwOoAKPe9aGahkpllfkH,A Letter,BUMJIN,KR,2025,2025-Q1,51+,2021-12-24,
6koKhrBBcExADvWuOgceNZ,Open Arms,SZA,KR,2025,2025-Q1,51+,2022-12-08,
0hqj5JBnFt1BHEz2UCFwrl,"How can I love the heartbreak, you're the one I love",AKMU,KR,2025,2025-Q1,51+,2019-09-25,
6fbS9Lbyv6L4tz7tcmBGKh,보나마나 (BONAMANA),G-DRAGON,KR,2025,2025-Q1,51+,2025-02-25,
4zUob9iYFS9TgAR0hgo5pR,Seoul City,JENNIE,KR,2025,2025-Q1,51+,2025-03-05,
3uA8SjMyDtwtt0jLPMQbVD,D (Half Moon),DEAN,KR,2025,2025-Q1,51+,2016-03-25,
5EoV2HmAlkqN1XvsIjOBZZ,STYLE,Hearts2Hearts,KR,2025,2025-Q2,1-10,2025-06-18,
3iJxBDym1SeqNqJqnvreHK,Never Ending Story,IU,KR,2025,2025-Q2,1-10,2025-05-27,
0AQEShePVSsxMTM6a8ik6t,FAMOUS,ALLDAY PROJECT,KR,2025,2025-Q2,1-10,2025-06-21,
3d2bsbugow8JiNvuaRupFH,Slow Dance,Jimin,KR,2025,2025-Q2,1-10,2024-07-19,
68UrZQUuO3O6eUiD226xHg,The Chase,Hearts2Hearts,KR,2025,2025-Q2,1-10,2025-02-24,
4p0uVFAXKUISu8yp9gNtWE,Billyeoon Goyangi (Do the Dance),ILLIT,KR,2025,2025-Q2,1-10,2025-06-16,
0fK7ie6XwGxQTIkpFoWkd1,like JENNIE,JENNIE,KR,2025,2025-Q2,1-10,2025-03-07,
4xeugB5MqWh0jwvXZPxahq,Drowning,WOODZ,KR,2025,2025-Q2,1-10,2023-04-26,
2kpmBZqu52h6uCZXFTIXJK,Lemon Drop,ATEEZ,KR,2025,2025-Q2,1-10,2025-06-13,
0wrppxeWurW1uRnxI6Ut9v,HANDS UP,MEOVV,KR,2025,2025-Q2,1-10,2025-04-28,
4WrkJNGb4zUwARc0FD3iNf,Loser,Jin,KR,2025,2025-Q2,11-20,2025-05-16,
5Fhr3wqeieN5WDkAsqL1JJ,MONA LISA,j-hope,KR,2025,2025-Q2,11-20,2025-03-21,
0GOqhXyouUxqPEw9ypTOLm,TOO BAD,G-DRAGON,KR,2025,2025-Q2,11-20,2025-02-25,
6Wobsw9uZ0D0xkfOjxXSq9,Messy (From F1® The Movie),ROSÉ,KR,2025,2025-Q2,11-20,2025-05-08,
2NOMOpss7BmEXTL9f1koqn,WICKED,ALLDAY PROJECT,KR,2025,2025-Q2,11-20,2025-06-23,
4WUpMUjdoi47LY7gBQBXe3,Grain of Sand,Lim Young Woong,KR,2025,2025-Q2,11-20,2023-06-05,
1klePVubVctBqhlKJvibil,I Feel Good,BOYNEXTDOOR,KR,2025,2025-Q2,11-20,2025-05-13,
0qkYuCno3SoU8vxkCdx0iJ,THUNDER,SEVENTEEN,KR,2025,2025-Q2,11-20,2025-05-26,
7GOIrZTegzVty8mhNhRuA0,"IF I SAY, I LOVE YOU",BOYNEXTDOOR,KR,2025,2025-Q2,11-20,2025-01-06,
2GMKQPMXdOGXsQkDYBN6wF,시작의 아이 ハジマリのコ (Starting With You),MAKTUB,KR,2025,2025-Q2,11-20,2025-01-01,
60DwXD4XZgBGMRwViDqBm6,When the Day Comes,TOMORROW X TOGETHER,KR,2025,2025-Q2,21-50,2025-05-11,
4EIFwndJvGpgFjsEbNuYif,ExtraL,JENNIE,KR,2025,2025-Q2,21-50,2025-03-07,
4EwNWRBWdZ6bgvxRHlZ8OO,CROOKED,G-DRAGON,KR,2025,2025-Q2,21-50,2013-09-05,
6oNLSQX8bcAdbCElZYju3v,Supersonic,fromis_9,KR,2025,2025-Q2,21-50,2024-08-12,
5RdKO1lsHG9jhbG03LL7cv,With the Clouds,Jin,KR,2025,2025-Q2,21-50,2025-05-16,
6auT8cRBu3BgPRBrdVBY15,London Boy,Lim Young Woong,KR,2025,2025-Q2,21-50,2022-11-15,
1XDSuZ5ZSExGZYC7IuiU5l,Maybe Tomorrow,DAY6,KR,2025,2025-Q2,21-50,2025-05-07,
1z5ebC9238uGoBgzYyvGpQ,toxic till the end,ROSÉ,KR,2025,2025-Q2,21-50,2024-12-06,
1k68vKHNQXU5CHqcM7Yp7N,HAPPY,DAY6,KR,2025,2025-Q2,21-50,2024-03-18,
1MUZitHRpmng5NevrvNx4T,DRIP,BABYMONSTER,KR,2025,2025-Q2,21-50,2024-11-01,
0warEAGkdMG9x2grXqKhlY,The End of the Day,RIIZE,KR,2025,2025-Q2,51+,2025-05-19,
09PyC1qMkM0JVtqHHFnjKm,My Life,YUMDDA,KR,2025,2025-Q2,51+,2025-06-12,
5Kbpcd3hOqu4ZRAJNAjIcg,What Would Have Been? (Feat. Lena Park),PSY,KR,2025,2025-Q2,51+,2012-07-15,
2LHNTC9QZxsL3nWpt8iaSR,Abracadabra,Lady Gaga,KR,2025,2025-Q2,51+,2025-03-07,
4bjNOhOMvqFPflwHIaS7Fw,1:05,The Black Skirts,KR,2025,2025-Q2,51+,2017-05-30,
5BqwC9kOBbqYkzdOKeXFFk,for lovers who hesitate,JANNABI,KR,2025,2025-Q2,51+,2019-03-13,
5cRKj1kynNFqiliT2ndZ3y,Akuma no Ko,Ai Higuchi,KR,2025,2025-Q2,51+,2022-01-10,
2pIUpMhHL6L9Z5lnKxJJr9,Attention,NewJeans,KR,2025,2025-Q2,51+,2022-08-01,
0IjaSeBp6SHXTELm4C9ifk,FOREVER,D.O.,KR,2025,2025-Q2,51+,2025-04-27,
7EW7Yivb93qKAtp5qEm5of,Dark Thoughts,Lil Tecca,KR,2025,2025-Q2,51+,2025-03-14,
02BcXEH1zJYbXSabPtNlKf,Lose My Mind,Don Toliver,KR,2025,2025-Q3,1-10,2025-04-30,
6OWWZtNQORY1McaZmOrwhc,GO!,CORTIS,KR,2025,2025-Q3,1-10,2025-09-08,
59hVbgr8rfYkDbHfr8RcGI,IRIS OUT,Kenshi Yonezu,KR,2025,2025-Q3,1-10,2025-09-15,
02sy7FAs8dkDNYsHp4Ul3f,Soda Pop,Saja Boys,KR,2025,2025-Q3,1-10,2025-06-20,
2c6xH9usslUoHnOzsRhpcP,XOXZ,IVE,KR,2025,2025-Q3,1-10,2025-08-25,
1sUjTLLCJzcxC15GUBrOlg,Rich Man,aespa,KR,2025,2025-Q3,1-10,2025-09-05,
3Z4BxvgOJ8KupcDIV3OV2f,In Your Fantasy,ATEEZ,KR,2025,2025-Q3,1-10,2025-07-11,
1I37Zz2g3hk9eWxaNkj031,Your Idol,Saja Boys,KR,2025,2025-Q3,1-10,2025-06-20,
7JQH2lBMZ10ztDnpoeq6Ki,yours,데이먼스 이어 Damons year,KR,2025,2025-Q3,1-10,2019-04-10,
5H1sKFMzDeMtXwND3V6hRY,JUMP,BLACKPINK,KR,2025,2025-Q3,1-10,2025-07-11,
4nKnOIDXFjRSMG4vkXDwzY,Rendezvous,AHOF,KR,2025,2025-Q3,11-20,2025-07-01,
0MHStU0muAIEMbwdnebYu2,Takedown,HUNTR/X,KR,2025,2025-Q3,11-20,2025-06-20,
7G7mSV4BebkoHWwKTDvXu9,Winter Ahead,V,KR,2025,2025-Q3,11-20,2024-11-29,
7t4Z19BqZ23ExgdiOP0nf6,LIKE YOU BETTER,fromis_9,KR,2025,2025-Q3,11-20,2025-06-25,
3Ua0m0YmEjrMi9XErKcNiR,Like Crazy,Jimin,KR,2025,2025-Q3,11-20,2023-03-24,
1kPhV0KQui1phEpjnWIqUN,Smeraldo Garden Marching Band,Jimin,KR,2025,2025-Q3,11-20,2024-06-28,
7Cnpb1vBbC46RgVyyKLH7p,Whiplash,aespa,KR,2025,2025-Q3,11-20,2024-10-21,
4ecdsGz3Hg6TKPwQ0ZOdJz,FaSHioN,CORTIS,KR,2025,2025-Q3,11-20,2025-09-08,
5EoV2HmAlkqN1XvsIjOBZZ,STYLE,Hearts2Hearts,KR,2025,2025-Q3,11-20,2025-06-18,
3k6q0O9JnO2GhvD6C8fs20,Closer Than This,Jimin,KR,2025,2025-Q3,11-20,2023-12-22,
4H6s1mTZcjHAMU36ZF3Xoz,Nothing Without Your Love,Jin,KR,2025,2025-Q3,21-50,2025-05-16,
18AMT576rBlQFMzUTS7WBa,THIS IS FOR,TWICE,KR,2025,2025-Q3,21-50,2025-07-11,
4LJJxB4a47mreJAfKwbGEM,body,DAYOUNG,KR,2025,2025-Q3,21-50,2025-09-09,
20QI1DhCFz7pN8rATkNguv,To Reach You,10CM,KR,2025,2025-Q3,21-50,2025-03-06,
2aSfmbpproCPOe2j01WT2a,Eternal Moment,Lim Young Woong,KR,2025,2025-Q3,21-50,2025-08-29,
6hcT29EF7UYuwu76eqlys9,Girls Will Be Girls,ITZY,KR,2025,2025-Q3,21-50,2025-06-09,
5PCOOngROV9jWsUViSy4Ed,Killin' It Girl,j-hope,KR,2025,2025-Q3,21-50,2025-06-13,
3d2bsbugow8JiNvuaRupFH,Slow Dance,Jimin,KR,2025,2025-Q3,21-50,2024-07-19,
5doooVlMVRZztQbySqARMI,HOME SWEET HOME,G-DRAGON,KR,2025,2025-Q3,21-50,2025-02-25,
1z5ebC9238uGoBgzYyvGpQ,toxic till the end,ROSÉ,KR,2025,2025-Q3,21-50,2024-12-06,
2J194R0KIKbK7bTHfUHPDB,Boom Boom Bass,RIIZE,KR,2025,2025-Q3,51+,2024-06-17,
6jl91VgNuRjpwO0MJQw29F,Vivid LaLa Love,LEE CHANHYUK,KR,2025,2025-Q3,51+,2025-07-14,
5Xf2cIARIa9gwWf6m4DvME,Home Sweet Home,"Car, the garden",KR,2025,2025-Q3,51+,2017-12-12,
0VdikQbDdOqxdWQyYsLmne,butterflies,JVKE,KR,2025,2025-Q3,51+,2025-07-10,
3y1Aq9UzyzhMGuVaS8i2oA,"question mark (Feat. CHOIZA Of Dynamicduo, Zion.T)",Primary,KR,2025,2025-Q3,51+,2012-10-31,
3cnCdBXTlyBCKYrlHpXbIP,Island,PLAVE,KR,2025,2025-Q3,51+,2025-02-03,
630sXRhIcfwr2e4RdNtjKN,Rewrite The Stars,Zac Efron,KR,2025,2025-Q3,51+,2017-11-17,
34HSEUn4YGAFBW9OHGIkU7,Boat,george,KR,2025,2025-Q3,51+,2017-11-17,
7H9e5GKSY1PQTW1edqvHb9,Episode,KANGDANIEL,KR,2025,2025-Q3,51+,2025-06-16,
0eFMbKCRw8KByXyWBw8WO7,Still With You,Jung Kook,KR,2025,2025-Q3,51+,2020-06-05,
0M4O6UEu4F9SxImTsBuX9n,DUET,ZICO,KR,2025,2025-Q4,1-10,2025-12-18,
6jYiHr12NVKLzn0X7K8aSK,FOCUS,Hearts2Hearts,KR,2025,2025-Q4,1-10,2025-10-20,
59hVbgr8rfYkDbHfr8RcGI,IRIS OUT,Kenshi Yonezu,KR,2025,2025-Q4,1-10,2025-09-15,
0bYg9bo50gSsH3LtXe2SQn,All I Want for Christmas Is You,Mariah Carey,KR,2025,2025-Q4,1-10,1994-10-28,
3cLXrotzCjYCkN73PewALM,Good Goodbye,HWASA,KR,2025,2025-Q4,1-10,2025-10-15,
2N9miXnewVmUrgl6JSK1FI,SPAGHETTI,LE SSERAFIM,KR,2025,2025-Q4,1-10,2025-10-24,
3khEEPRyBeOUabbmOPJzAG,KICK BACK,Kenshi Yonezu,KR,2025,2025-Q4,1-10,2022-10-12,
1k0JAiH11gHL9dc5dfQjQr,NOT CUTE ANYMORE,ILLIT,KR,2025,2025-Q4,1-10,2025-11-24,
7FyKqLLICVzwBiAUtbVYUW,ONE MORE TIME,ALLDAY PROJECT,KR,2025,2025-Q4,1-10,2025-11-17,
6OWWZtNQORY1McaZmOrwhc,GO!,CORTIS,KR,2025,2025-Q4,1-10,2025-09-08,
06o2o3TpyR8eGU2ANK21Lp,Endangered Love,LEE CHANHYUK,KR,2025,2025-Q4,11-20,2025-07-14,
2FRnf9qhLbvw8fu4IBXx78,Last Christmas,Wham!,KR,2025,2025-Q4,11-20,1984-11-29,
4p0uVFAXKUISu8yp9gNtWE,Billyeoon Goyangi (Do the Dance),ILLIT,KR,2025,2025-Q4,11-20,2025-06-16,
0p5xMhVvw441Z10hNWsk5Q,BURNING UP,MEOVV,KR,2025,2025-Q4,11-20,2025-10-14,
3k6q0O9JnO2GhvD6C8fs20,Closer Than This,Jimin,KR,2025,2025-Q4,11-20,2023-12-22,
5iFbKoNv7Jc5Arpbf8D90B,LOOK AT ME,ALLDAY PROJECT,KR,2025,2025-Q4,11-20,2025-12-08,
1kPhV0KQui1phEpjnWIqUN,Smeraldo Garden Marching Band,Jimin,KR,2025,2025-Q4,11-20,2024-06-28,
4xeugB5MqWh0jwvXZPxahq,Drowning,WOODZ,KR,2025,2025-Q4,11-20,2023-04-26,
5EoV2HmAlkqN1XvsIjOBZZ,STYLE,Hearts2Hearts,KR,2025,2025-Q4,11-20,2025-06-18,
7gMfVc4zfNIxuMyMGglOHa,Rebirth (Intro),Jimin,KR,2025,2025-Q4,11-20,2024-07-19,
3vJIaiTIHxHhYafTSPNiH4,Zoo,Disney,KR,2025,2025-Q4,21-50,2025-11-21,
2GMKQPMXdOGXsQkDYBN6wF,시작의 아이 ハジマリのコ (Starting With You),MAKTUB,KR,2025,2025-Q4,21-50,2025-01-01,
1nEhhkEidrTOtc46fCvRFp,Fame,RIIZE,KR,2025,2025-Q4,21-50,2025-11-24,
4CRhJHHbH9Awx7z7xRAdPP,Unread Message,Lim Young Woong,KR,2025,2025-Q4,21-50,2025-08-29,
15HNdxGKNCIO9pgaY4n7FU,Pretender,OFFICIAL HIGE DANDISM,KR,2025,2025-Q4,21-50,2019-08-31,
7hYI4QprQ3hMqp56ul6uEv,Melody for You,Lim Young Woong,KR,2025,2025-Q4,21-50,2025-08-29,
3Ua0m0YmEjrMi9XErKcNiR,Like Crazy,Jimin,KR,2025,2025-Q4,21-50,2023-03-24,
4WFfPxJv1KRekG6mxn837K,EYES CLOSED,JISOO,KR,2025,2025-Q4,21-50,2025-10-10,
4ecdsGz3Hg6TKPwQ0ZOdJz,FaSHioN,CORTIS,KR,2025,2025-Q4,21-50,2025-09-08,
1aKvZDoLGkNMxoRYgkckZG,Magnetic,ILLIT,KR,2025,2025-Q4,21-50,2024-03-25,
7csMuPqdOPaFKby0AoRYL5,가시,BUZZ,KR,2025,2025-Q4,51+,2005-03-03,
2OQ6a4CfUeYskpTTgyawyJ,You Make It Feel Like Christmas,Gwen Stefani,KR,2025,2025-Q4,51+,2017-10-06,
0QzuaeCEEOV40Pn7IvKEny,double take,Dhruv,KR,2025,2025-Q4,51+,2022-01-21,
6VedlO2MtaEjAITax6vQyg,Toki Yo Tomare,ILLIT,KR,2025,2025-Q4,51+,2025-08-31,
0eFMbKCRw8KByXyWBw8WO7,Still With You,Jung Kook,KR,2025,2025-Q4,51+,2020-06-05,
6je5cTal6PyeITNrOzkCoS,Welcome to the Show,DAY6,KR,2025,2025-Q4,51+,2024-03-18,
11gZL0HigsqfzjTHOpdFjE,MENTE MÁ,Nakama,KR,2025,2025-Q4,51+,2025-05-16,
6Yj8kVuVR3UPxx9r5eFEoV,Miniskirt,AOA,KR,2025,2025-Q4,51+,2014-01-16,
5APxbxUDWyUChpgjJ0YQzE,Dash,PLAVE,KR,2025,2025-Q4,51+,2025-02-03,
4JK1kDUdH9RTBQrrSO1QfR,ベテルギウス,Yuuri,KR,2025,2025-Q4,51+,2022-01-12,
2rKkfc4VZ74FQDc1FF1Zo6,Body to Body,BTS,KR,2026,2026-Q1,1-10,2026-03-20,
7hlEhmg5h9XuFtaGfgvqjF,Love Love Love,Epik High,KR,2026,2026-Q1,1-10,2007-01-24,
2IFND3phjzIG1RcPnHh2hP,Like Animals,BTS,KR,2026,2026-Q1,1-10,2026-03-20,
5tg21NdePCn5m8F9BXOEeJ,Aliens,BTS,KR,2026,2026-Q1,1-10,2026-03-20,
0KmrKOdScRDVYwWS8hkkdv,FYA,BTS,KR,2026,2026-Q1,1-10,2026-03-20,
3WvM2dIR9iIxMGNMP7WsNw,Landing in Love,HANRORO,KR,2026,2026-Q1,1-10,2023-08-29,
4qdBPJta3BVPXCS0wJZ6yO,Let Me Love My Youth,HANRORO,KR,2026,2026-Q1,1-10,2022-03-14,
68lbSrXDORS51pmyjZv712,SWIM,BTS,KR,2026,2026-Q1,1-10,2026-03-20,
3VxmXJ4FdtbWI27p3Gx4Wh,Mono,i-dle,KR,2026,2026-Q1,1-10,2026-01-27,
3bmpXHVie1GTy37OkXJ7Vc,2.0,BTS,KR,2026,2026-Q1,1-10,2026-03-20,
3VegC0PZiHjGxb80DER8XU,Merry Go Round,BTS,KR,2026,2026-Q1,11-20,2026-03-20,
7FyKqLLICVzwBiAUtbVYUW,ONE MORE TIME,ALLDAY PROJECT,KR,2026,2026-Q1,11-20,2025-11-17,
3LWVXp636uLT356Rj08Jaz,Be Mine,Jimin,KR,2026,2026-Q1,11-20,2024-07-19,
5H1sKFMzDeMtXwND3V6hRY,JUMP,BLACKPINK,KR,2026,2026-Q1,11-20,2025-07-11,
06o2o3TpyR8eGU2ANK21Lp,Endangered Love,LEE CHANHYUK,KR,2026,2026-Q1,11-20,2025-07-14,
3cLXrotzCjYCkN73PewALM,Good Goodbye,HWASA,KR,2026,2026-Q1,11-20,2025-10-15,
4B4Q7zfd0aHcuhQBfCRnH5,NORMAL,BTS,KR,2026,2026-Q1,11-20,2026-03-20,
5xqM1HOndjxfH7NmyD8SVS,Really Like You,BABYMONSTER,KR,2026,2026-Q1,11-20,2024-11-01,
3b4YlIUpzYs3CZ6s9GVmzT,너,SYSTEM SEOUL,KR,2026,2026-Q1,11-20,2025-05-16,
3g8mimqqxsAEtkktm1TYEk,"Love over hip hop, money over love",noahjooda,KR,2026,2026-Q1,11-20,2022-03-13,
68UrZQUuO3O6eUiD226xHg,The Chase,Hearts2Hearts,KR,2026,2026-Q1,21-50,2025-02-24,
3vJIaiTIHxHhYafTSPNiH4,Zoo,Disney,KR,2026,2026-Q1,21-50,2025-11-21,
40UVUuyy5RfpO0awclCttA,FAMOUS,ALLDAY PROJECT,KR,2026,2026-Q1,21-50,2025-06-23,
65X2koe1LhDgQmRkNdJFv9,AIZO,King Gnu,KR,2026,2026-Q1,21-50,2026-01-09,
5u77QBJa2fUREcFTM7PwME,MDLZ (With. PENOMECO),Marv,KR,2026,2026-Q1,21-50,2026-03-20,
6w9SgpKIzB54R2xHml1UPP,Love Language,Kim Min Seok (MeloMance),KR,2026,2026-Q1,21-50,2026-01-16,
0dt0DccOIWLtzX45F6uZ1I,MAMA (Feat. UNEDUCATED KID) (Prod. by Lil Moshpit),Lil Moshpit,KR,2026,2026-Q1,21-50,2026-03-20,
1aKvZDoLGkNMxoRYgkckZG,Magnetic,ILLIT,KR,2026,2026-Q1,21-50,2024-03-25,
15HNdxGKNCIO9pgaY4n7FU,Pretender,OFFICIAL HIGE DANDISM,KR,2026,2026-Q1,21-50,2019-08-31,
0XqgE9UN4MCo5ooIwUYm7l,MONTAGEM HIKARI,BellyJay,KR,2026,2026-Q1,21-50,2026-01-14,
7gMfVc4zfNIxuMyMGglOHa,Rebirth (Intro),Jimin,KR,2026,2026-Q1,51+,2024-07-19,
27zrFrtUtWl2urlvjOn5xc,Say Yes,Loco,KR,2026,2026-Q1,51+,2016-08-29,
0NsmpxrKw7ZWGKjnWVJtm5,Big Girls Don't Cry,ENHYPEN,KR,2026,2026-Q1,51+,2026-01-16,
6Yj8kVuVR3UPxx9r5eFEoV,Miniskirt,AOA,KR,2026,2026-Q1,51+,2014-01-16,
0VGeaj4sDq9UnwzSxiVgkZ,STAY on FIRE,Sik-K,KR,2026,2026-Q1,51+,2026-02-25,
6oNLSQX8bcAdbCElZYju3v,Supersonic,fromis_9,KR,2026,2026-Q1,51+,2024-08-12,
0hqngwyh8WnPuYlLYHRQqp,DrunKen Confession,Kim Min Seok (MeloMance),KR,2026,2026-Q1,51+,2021-12-19,
6dOtVTDdiauQNBQEDOtlAB,BIRDS OF A FEATHER,Billie Eilish,KR,2026,2026-Q1,51+,2024-05-17,
4wJ5Qq0jBN4ajy7ouZIV1c,APT.,ROSÉ,KR,2026,2026-Q1,51+,2024-12-06,
44hqFxUWsADWewEJELnncj,No Doubt,ENHYPEN,KR,2026,2026-Q1,51+,2024-11-11,
4qdBPJta3BVPXCS0wJZ6yO,Let Me Love My Youth,HANRORO,KR,2026,2026-Q2,1-10,2022-03-14,
3WvM2dIR9iIxMGNMP7WsNw,Landing in Love,HANRORO,KR,2026,2026-Q2,1-10,2023-08-29,
0WA27lZzPKFJKAbiDRmQDc,RUDE!,Hearts2Hearts,KR,2026,2026-Q2,1-10,2026-02-20,
2rKkfc4VZ74FQDc1FF1Zo6,Body to Body,BTS,KR,2026,2026-Q2,1-10,2026-03-20,
5dxiriLgC9mu2FbSNqudld,Paradise of Rumors,AKMU,KR,2026,2026-Q2,1-10,2026-04-07,
3m08yeqLjXsqblRU3KXPAp,"TICK TOCK (Feat. ZICO) (Prod. by ZICO, Crush)",HAON,KR,2026,2026-Q2,1-10,2026-03-06,
1D5L58KLBbceOynTP4DQnY,It's Me,ILLIT,KR,2026,2026-Q2,1-10,2026-04-30,
3sOAwRg5esaxDcWnUigWPv,0+0,HANRORO,KR,2026,2026-Q2,1-10,2025-08-04,
27xkOIER6uDLKALIelHylZ,Don’t Say You Love Me,Jin,KR,2026,2026-Q2,1-10,2025-05-16,
1Sjs93mMgi9bX06FFU9Mcv,Heavy Serenade,NMIXX,KR,2026,2026-Q2,1-10,2026-05-11,
06o2o3TpyR8eGU2ANK21Lp,Endangered Love,LEE CHANHYUK,KR,2026,2026-Q2,11-20,2025-07-14,
0KmrKOdScRDVYwWS8hkkdv,FYA,BTS,KR,2026,2026-Q2,11-20,2026-03-20,
2SMq0lOqCTHayWa9juoI0d,We Are,Woo,KR,2026,2026-Q2,11-20,2017-09-04,
24rDDbSlFY9OHrlJb48CRh,404 (New Era),KiiiKiii,KR,2026,2026-Q2,11-20,2026-01-26,
15HNdxGKNCIO9pgaY4n7FU,Pretender,OFFICIAL HIGE DANDISM,KR,2026,2026-Q2,11-20,2019-08-31,
4xeugB5MqWh0jwvXZPxahq,Drowning,WOODZ,KR,2026,2026-Q2,11-20,2023-04-26,
6uvw8GFIqdqaJ4Nr3kN8Rs,Come Over,BTS,KR,2026,2026-Q2,11-20,2026-06-12,
6QFCMUUq1T2Vf5sFUXcuQ7,Beauty And A Beat,Justin Bieber,KR,2026,2026-Q2,11-20,2012-01-01,
41d2WjuL0ikRKVjxmL7ZFz,BOOMPALA,LE SSERAFIM,KR,2026,2026-Q2,11-20,2026-05-22,
0b61A7v9agI08BG21jJPQ9,they don’t know ’bout us,BTS,KR,2026,2026-Q2,11-20,2026-03-20,
2aSfmbpproCPOe2j01WT2a,Eternal Moment,Lim Young Woong,KR,2026,2026-Q2,21-50,2025-08-29,
01qFKNWq73UfEslI0GvumE,3D,Jung Kook,KR,2026,2026-Q2,21-50,2023-10-02,
63JNA2B4qHmoedZCthpo0e,"ON to the next (Prod. by Crush, ZICO)",HAON,KR,2026,2026-Q2,21-50,2026-03-27,
0FOReGSXypVBP1q3CLEbfN,SSAK (Feat. Loco) (Prod. By GRAY),OXYNOVA,KR,2026,2026-Q2,21-50,2026-03-06,
6epn3r7S14KUqlReYr77hA,Baby,Justin Bieber,KR,2026,2026-Q2,21-50,2010-01-01,
2CO0qu8M2UrT2IxRdYbGOg,"R.I.L + King′s gambit (Feat. ZICO, Gaeko, Sik-K, VINXEN) (Prod. by ZICO, Crush)",HAON,KR,2026,2026-Q2,21-50,2026-04-03,
1OO2hWJmimNmsN2glZ9kyM,Blossom Parade,PLAVE,KR,2026,2026-Q2,21-50,2026-04-13,
4c9CHyzibRaogeupFGzsFW,L[ ]VE,CHOIJUNSEONG (Jun S),KR,2026,2026-Q2,21-50,2026-03-17,
5bB7348yF6DXMmK1WQlBui,Money Checks (Prod. by Hukky Shibaseki),NOWIMYOUNG,KR,2026,2026-Q2,21-50,2026-03-06,
1XpVhaI4HzWrhRWIpdfyJB,Please,BTS,KR,2026,2026-Q2,21-50,2026-03-20,
4bjNOhOMvqFPflwHIaS7Fw,1:05,The Black Skirts,KR,2026,2026-Q2,51+,2017-05-30,
0F6XPZ5gxXC1zaiaDhrV73,ADIOS!,BOYNEXTDOOR,KR,2026,2026-Q2,51+,2026-06-08,
3FZPp9lBUvhsxFxKJi3VkB,GO,BLACKPINK,KR,2026,2026-Q2,51+,2026-02-26,
4oE7MyJhqSD3BaHRpNs8Nl,JANE DOE,Kenshi Yonezu,KR,2026,2026-Q2,51+,2025-09-22,
3KQ3fLAkMYyCWQLCi60zeE,Sunshine Bless You,AKMU,KR,2026,2026-Q2,51+,2026-04-07,
599L9ptR3PXQq6Dzn9uLP0,Naughty Talk + VANCOUVER FLOW,ksmartboi,KR,2026,2026-Q2,51+,2026-04-17,
5ocSQW5sIUIOFojwXEz9Ki,Supernatural,NewJeans,KR,2026,2026-Q2,51+,2024-06-21,
7GRZqYKsoE1Ls98sr2o8xQ,Lovey Dovey (Solo Ver.),BIG Naughty,KR,2026,2026-Q2,51+,2026-05-25,
0QzuaeCEEOV40Pn7IvKEny,double take,Dhruv,KR,2026,2026-Q2,51+,2022-01-21,
0yamqkAFAmpdLNVcmJLSo8,Never Ending Story,BOOHWAL,KR,2026,2026-Q2,51+,2002-09-01,
0RiRZpuVRbi7oqRdSMwhQY,Sunflower - Spider-Man: Into the Spider-Verse,Post Malone,KR,2026,2026-Q3,1-10,2019-09-06,
6vjt2smGK75oc9r2OGFfgp,LEMONADE,aespa,KR,2026,2026-Q3,1-10,2026-05-29,
55UDXtbNJBAdTdUdbRu8T3,BAD,ATEEZ,KR,2026,2026-Q3,1-10,2026-06-26,
0USn5f2VZGbHjHkbjcijzU,Pop Off Pop Off,KiiiKiii,KR,2026,2026-Q3,1-10,2026-08-10,
2HRgqmZQC0MC7GeNuDIXHN,Seven,Jung Kook,KR,2026,2026-Q3,1-10,2023-11-03,
1D5L58KLBbceOynTP4DQnY,It's Me,ILLIT,KR,2026,2026-Q3,1-10,2026-04-30,
3sOAwRg5esaxDcWnUigWPv,0+0,HANRORO,KR,2026,2026-Q3,1-10,2025-08-04,
0cbgFMxCXMzs80R2vxwApT,Dear my crazy soulmate,IU,KR,2026,2026-Q3,1-10,2026-09-10,
776vLcNy6mHNmPisdejR0I,Nostalgia,BIG Naughty,KR,2026,2026-Q3,1-10,2026-08-31,
6uosenLUNFZtOIih5T0qfV,LOVE ATTACK,RESCENE,KR,2026,2026-Q3,1-10,2024-08-27,
4qdBPJta3BVPXCS0wJZ6yO,Let Me Love My Youth,HANRORO,KR,2026,2026-Q3,11-20,2022-03-14,
5dxiriLgC9mu2FbSNqudld,Paradise of Rumors,AKMU,KR,2026,2026-Q3,11-20,2026-04-07,
02KRPJcx4TJFLCXt9qwEUE,Unknown Planet,IU,KR,2026,2026-Q3,11-20,2026-09-10,
6BAnU4WVN9ArEfSi01JwhQ,I’m gonna TOESA,SOYEON,KR,2026,2026-Q3,11-20,2026-09-07,
27xkOIER6uDLKALIelHylZ,Don’t Say You Love Me,Jin,KR,2026,2026-Q3,11-20,2025-05-16,
3caqaSvtldUKLY5Fd5msk2,Surfin' Boy,Red Velvet,KR,2026,2026-Q3,11-20,2026-08-03,
1ET5lou3teBMA3a5cYeYzN,Baby Flower,tripleS,KR,2026,2026-Q3,11-20,2026-06-01,
0KgetoSLg8qfJWIwoAQxBf,Bansanka,TAEYEON,KR,2026,2026-Q3,11-20,2026-06-29,
70RQYCjVacuJgeYAmU2sXd,Vitamin ME,fromis_9,KR,2026,2026-Q3,11-20,2026-07-21,
24rDDbSlFY9OHrlJb48CRh,404 (New Era),KiiiKiii,KR,2026,2026-Q3,11-20,2026-01-26,
75MJ2d8AmBWgf2yeZACwpa,Guitarist,D.O.,KR,2026,2026-Q3,21-50,2026-09-08,
4ecdsGz3Hg6TKPwQ0ZOdJz,FaSHioN,CORTIS,KR,2026,2026-Q3,21-50,2025-09-08,
4iZIvaus7v4wSjFvdF83NA,FLYING HIGH WITH U,VINXEN,KR,2026,2026-Q3,21-50,2021-03-09,
6uvw8GFIqdqaJ4Nr3kN8Rs,Come Over,BTS,KR,2026,2026-Q3,21-50,2026-06-12,
6g02YqJTLBjqJ7sGvW1wDB,Brainwash,HEEDAE,KR,2026,2026-Q3,21-50,2026-07-18,
7JQH2lBMZ10ztDnpoeq6Ki,yours,데이먼스 이어 Damons year,KR,2026,2026-Q3,21-50,2019-04-10,
1OLAjffdDJibTrUGAwApVk,ICONIC HEART,Hearts2Hearts,KR,2026,2026-Q3,21-50,2026-08-09,
2L1dsjU3R3U4SX27qIiPrq,Skibidi,Girls' Generation-HRS,KR,2026,2026-Q3,21-50,2026-08-31,
1my8zFESgULmuj3D2tzK1R,Candy Pink Magic Hole Flip Phone,KiiiKiii,KR,2026,2026-Q3,21-50,2026-08-10,
15HNdxGKNCIO9pgaY4n7FU,Pretender,OFFICIAL HIGE DANDISM,KR,2026,2026-Q3,21-50,2019-08-31,
55pCe0UgAeaeWKKSQqdiWh,My whole world,"Car, the garden",KR,2026,2026-Q3,51+,2021-01-28,
3CQw6HqsBu12wUj89vUQ5M,TIME CAPSULE,DAVICHI,KR,2026,2026-Q3,51+,2025-10-16,
2cCC4S226r1tws0d2vDDdO,사랑은 봄비처럼...이별은 겨울비처럼,Lim Hyun Jung,KR,2026,2026-Q3,51+,2003-03-25,
0eu4C55hL6x29mmeAjytzC,Life Goes On,Oliver Tree,KR,2026,2026-Q3,51+,2021-05-28,
0HsRZwZzHoZ5AM5W2ZYI5c,Beyond Love (Feat. 10CM),BIG Naughty,KR,2026,2026-Q3,51+,2022-04-20,
3hBAYbAECEix9raaTq8S3H,ヒロイン,back number,KR,2026,2026-Q3,51+,2015-12-09,
7ijWcf4FsoxoyPK4B9WGp6,LAST DANCE,BIGBANG,KR,2026,2026-Q3,51+,2016-12-13,
1BxfuPKGuaTgP7aM0Bbdwr,Cruel Summer,Taylor Swift,KR,2026,2026-Q3,51+,2019-08-23,
5H1sKFMzDeMtXwND3V6hRY,JUMP,BLACKPINK,KR,2026,2026-Q3,51+,2025-07-11,
3TPPESvMtVS5zt7FAX2M9n,SWEET SOUR,KiiiKiii,KR,2026,2026-Q3,51+,2026-08-10,
7MAibcTli4IisCtbHKrGMh,Leave The Door Open,Bruno Mars,US,2021,2021-Q1,1-10,2021-03-05,
5QO79kh1waicV47BqGRL3g,Save Your Tears,The Weeknd,US,2021,2021-Q1,1-10,2020-03-20,
42lqBjPYlmL1EXpMDXvhSN,Somebody’s Problem,Morgan Wallen,US,2021,2021-Q1,1-10,2021-01-08,
6F2r4HgpJnvKDmkN6JEN6J,As I Am,Justin Bieber,US,2021,2021-Q1,1-10,2021-03-19,
3aQem4jVGdhtg116TmJnHz,What’s Next,Drake,US,2021,2021-Q1,1-10,2021-03-05,
3cBsEDNhFI9E82vPj3kvi3,Wasted On You,Morgan Wallen,US,2021,2021-Q1,1-10,2021-01-08,
65OVbaJR5O1RmwOQx0875b,Wants and Needs,Drake,US,2021,2021-Q1,1-10,2021-03-05,
1M4OcYkxAtu3ErzSgDEfoi,Up,Cardi B,US,2021,2021-Q1,1-10,2021-02-04,
7FGdjbZ32vMybPuP0IuE7d,Back In Blood,Pooh Shiesty,US,2021,2021-Q1,1-10,2021-02-05,
43CIWpJaJHRcI4mUSjqgc2,Bad Boy,Juice WRLD,US,2021,2021-Q1,1-10,2021-01-15,
4MzXwWMhyBbmu6hOcLVD49,DÁKITI,Bad Bunny,US,2021,2021-Q1,11-20,2020-11-27,
2QjOHCTQ1Jl3zawyYOpxh6,Sweater Weather,The Neighbourhood,US,2021,2021-Q1,11-20,2013-04-22,
02MWAaffLxlfxAUY7c5dvx,Heat Waves,Glass Animals,US,2021,2021-Q1,11-20,2020-08-06,
1tkg4EHVoqnhR6iFEXb60y,What You Know Bout Love,Pop Smoke,US,2021,2021-Q1,11-20,2020-07-03,
4obHzpwGrjoTuZh2DItEMZ,7 Summers,Morgan Wallen,US,2021,2021-Q1,11-20,2021-01-08,
3FAJ6O0NOHQV8Mc5Ri6ENp,Heartbreak Anniversary,GIVĒON,US,2021,2021-Q1,11-20,2020-03-27,
0A1hoCfMLkiAgvhWkkucJa,Body,Megan Thee Stallion,US,2021,2021-Q1,11-20,2020-11-20,
3Uo7WG0vmLQ07WB4BDwy7D,willow,Taylor Swift,US,2021,2021-Q1,11-20,2020-12-10,
0uRrG2jRR5tuifsYIJHEao,Sand In My Boots,Morgan Wallen,US,2021,2021-Q1,11-20,2021-01-08,
0PvFJmanyNQMseIFrU708S,For The Night,Pop Smoke,US,2021,2021-Q1,11-20,2020-07-03,
5uEYRdEIh9Bo4fpjDd4Na9,Goosebumps - Remix,Travis Scott,US,2021,2021-Q1,21-50,2021-01-15,
6toQdWWc4noiOk3Eo5mVDS,Beat Box 3,SpotemGottem,US,2021,2021-Q1,21-50,2021-02-26,
01FvQEvHETjWqcDpQDJdTb,Your Bartender,Morgan Wallen,US,2021,2021-Q1,21-50,2021-01-08,
6u3CPnFMKANYgfdiifFOiJ,Gravity,Brent Faiyaz,US,2021,2021-Q1,21-50,2021-01-29,
0oaY19dUwZimIgzn3ZZLZO,2 Much,Justin Bieber,US,2021,2021-Q1,21-50,2021-03-19,
5UMMPHPp6vRP6ghPpSUOzp,CLOUDS,NF,US,2021,2021-Q1,21-50,2021-02-18,
2MbdDtCv5LUVjYy9RuGTgC,WHATS POPPIN,Jack Harlow,US,2021,2021-Q1,21-50,2020-06-24,
21jGcNKet2qwijlDFuPiPb,Circles,Post Malone,US,2021,2021-Q1,21-50,2019-09-06,
30KctD1WsHKTIYczXjip5a,Tequila Shots,Kid Cudi,US,2021,2021-Q1,21-50,2020-12-11,
7eX3um6NpOQKWJMGCi97XD,Real As It Gets,Lil Baby,US,2021,2021-Q1,21-50,2021-03-04,
3wkKkFAtYSTRwqOydW6T0I,Please Don't Go,Mike Posner,US,2021,2021-Q1,51+,2010-01-01,
0WSa1sucoNRcEeULlZVQXj,Can You Feel My Heart,Bring Me The Horizon,US,2021,2021-Q1,51+,2013-04-01,
7E2C5rBLpCKwQlhJPVFBRS,You’re Mines Still,Yung Bleu,US,2021,2021-Q1,51+,2020-10-15,
4R2kfaDFhslZEMJqAFNpdd,cardigan,Taylor Swift,US,2021,2021-Q1,51+,2020-07-24,
0AUvWawuP0ibk4SQ3sIZjk,Daisy,Ashnikko,US,2021,2021-Q1,51+,2020-07-09,
6Gg1gjgKi2AK4e0qzsR7sd,Bandit,Juice WRLD,US,2021,2021-Q1,51+,2019-10-04,
0GzuHFG4Ql6DoyxFRnIk3F,Hawái - Remix,Maluma,US,2021,2021-Q1,51+,2020-11-05,
7eBqSVxrzQZtK2mmgRG6lC,Murder On My Mind,YNW Melly,US,2021,2021-Q1,51+,2018-08-03,
3nS9a01VvXHQriLqJYwRqG,DOLLAZ ON MY HEAD,Gunna,US,2021,2021-Q1,51+,2020-05-22,
7dH9TPjTWQ60wOJkmYay8a,Blastoff,Internet Money,US,2021,2021-Q1,51+,2020-08-28,
6tDDoYIxWvMLTdKpjFkc1B,telepatía,Kali Uchis,US,2021,2021-Q2,1-10,2020-12-04,
3VT8hOC5vuDXBsHrR53WFh,Astronaut In The Ocean,Masked Wolf,US,2021,2021-Q2,1-10,2019-06-07,
65OVbaJR5O1RmwOQx0875b,Wants and Needs,Drake,US,2021,2021-Q2,1-10,2021-03-05,
4iJyoBOLtHqaGxP12qzhQI,Peaches,Justin Bieber,US,2021,2021-Q2,1-10,2021-03-19,
2JPLbjOn0wPCngEot2STUS,Yonaguni,Bad Bunny,US,2021,2021-Q2,1-10,2021-06-04,
2TOzTqQXNmR2zDJXihjZ2e,enough for you,Olivia Rodrigo,US,2021,2021-Q2,1-10,2021-05-21,
4wcBRRpIfesgcyUtis7PEg,"1 step forward, 3 steps back",Olivia Rodrigo,US,2021,2021-Q2,1-10,2021-05-21,
5R691ipUYRDYW6ehapjoj6,9 5 . s o u t h,J. Cole,US,2021,2021-Q2,1-10,2021-05-14,
3DarAbFujv6eYNliUTyqtz,Kiss Me More,Doja Cat,US,2021,2021-Q2,1-10,2021-06-25,
08LwMWf5Tcfsd752EPzFV0,i n t e r l u d e,J. Cole,US,2021,2021-Q2,1-10,2021-05-14,
77sMIMlNaSURUAXq5coCxE,Fearless (Taylor’s Version),Taylor Swift,US,2021,2021-Q2,11-20,2021-04-09,
4eNOLmx8r2IJAVKvBBL1jv,Headshot,Lil Tjay,US,2021,2021-Q2,11-20,2021-04-02,
3YJJjQPAbDT7mGpX3WtQ9A,Good Days,SZA,US,2021,2021-Q2,11-20,2020-12-25,
5zNW5ARjYhJQJz1AChP33n,Thot Shit,Megan Thee Stallion,US,2021,2021-Q2,11-20,2021-06-11,
2etHQJxIbV0soyPhelVs9Y,Best Friend,Saweetie,US,2021,2021-Q2,11-20,2021-01-07,
2xdwCJLfKCkat14mlgR26M,Lost Cause,Billie Eilish,US,2021,2021-Q2,11-20,2021-06-02,
5pcjystBtalYeqaiXCcgEY,You All Over Me,Taylor Swift,US,2021,2021-Q2,11-20,2021-03-26,
02MWAaffLxlfxAUY7c5dvx,Heat Waves,Glass Animals,US,2021,2021-Q2,11-20,2020-08-06,
6YvqWjhGD8mB5QXcbcUKtx,Love Story (Taylor’s Version),Taylor Swift,US,2021,2021-Q2,11-20,2021-04-09,
3aQem4jVGdhtg116TmJnHz,What’s Next,Drake,US,2021,2021-Q2,11-20,2021-03-05,
0cu0rhnlCnJ7JIeHRiLpj3,Ball If I Want To,DaBaby,US,2021,2021-Q2,21-50,2021-06-18,
35mvY5S1H3J2QZyna3TFe0,positions,Ariana Grande,US,2021,2021-Q2,21-50,2020-10-30,
1EJIcDYXwSqipW5dFe4uJz,EVERY CHANCE I GET,DJ Khaled,US,2021,2021-Q2,21-50,2021-04-30,
03ERnTvSV5fy8WAyvA4uNP,Big Gangsta,Kevin Gates,US,2021,2021-Q2,21-50,2021-03-26,
4TIqzdAssasqx3DAe6cG9J,Ramen & OJ,Joyner Lucas,US,2021,2021-Q2,21-50,2021-04-30,
4qu63nuBpdn0qHUHuObEj1,Leave Before You Love Me,Marshmello,US,2021,2021-Q2,21-50,2021-05-21,
6vFsBXYczYsP0H3lgunZOm,Cloud 9,Beach Bunny,US,2021,2021-Q2,21-50,2020-02-14,
5pRTz4O2qOkr5nawemy6Wb,Tombstone,Rod Wave,US,2021,2021-Q2,21-50,2021-03-26,
550erGcdD9n6PnwxrvYqZT,Hey Stephen (Taylor’s Version),Taylor Swift,US,2021,2021-Q2,21-50,2021-04-09,
2Ox2c1WEJDeQCHTXPE3YKM,Shottas (Lala),Moneybagg Yo,US,2021,2021-Q2,21-50,2021-04-23,
1yOL7ZiXGx5ULeLoktAUAg,Bubblegum Bitch,MARINA,US,2021,2021-Q2,51+,2012-04-27,
6vQnpXl0KvwTfLpIhoOLHc,Boom,Polo G,US,2021,2021-Q2,51+,2021-06-11,
0hxRyDVC61KlZGS6m2Min4,3 O'Clock Things,AJR,US,2021,2021-Q2,51+,2021-03-26,
6AGOKlMZWLCaEJGnaROtF9,Put Your Records On,Ritt Momney,US,2021,2021-Q2,51+,2020-04-24,
0I1eFRytp4XRhLCjT6tZm7,I Can't Handle Change,Roar,US,2021,2021-Q2,51+,2010-03-14,
2NnJpRXIlx35Vij3bPZO0h,DAYWALKER!,mgk,US,2021,2021-Q2,51+,2021-03-12,
3krZxyBsWEHfEfJegYaWTd,Come Through,H.E.R.,US,2021,2021-Q2,51+,2021-04-23,
3wkKkFAtYSTRwqOydW6T0I,Please Don't Go,Mike Posner,US,2021,2021-Q2,51+,2010-01-01,
1edgaGx2x2AQeWtL2OPEMW,Never Take It,Twenty One Pilots,US,2021,2021-Q2,51+,2021-05-21,
2eAZfqOm4EnOF9VvN50Tyc,The Way Life Goes,Lil Uzi Vert,US,2021,2021-Q2,51+,2017-08-25,
6HU7h9RYOaPRFeh0R3UeAr,deja vu,Olivia Rodrigo,US,2021,2021-Q3,1-10,2021-05-21,
6jy9yJfgCsMHdu2Oz4BGKX,Papi’s Home,Drake,US,2021,2021-Q3,1-10,2021-09-03,
0k1WUmIRnG3xU6fvvDVfRG,Way 2 Sexy,Drake,US,2021,2021-Q3,1-10,2021-09-03,
3DarAbFujv6eYNliUTyqtz,Kiss Me More,Doja Cat,US,2021,2021-Q3,1-10,2021-06-25,
5nujrmhLynf4yMoMtj8AQF,Levitating,Dua Lipa,US,2021,2021-Q3,1-10,2020-03-27,
5B0kgjHULYJhAQkK5XsMoC,WUSYANAME,"Tyler, The Creator",US,2021,2021-Q3,1-10,2021-06-25,
18vXApRmJSgQ6wG2ll9AOg,RAPSTAR,Polo G,US,2021,2021-Q3,1-10,2021-06-11,
5PjdY0CKGZdEuoNab3yDmX,Stay,The Kid LAROI,US,2021,2021-Q3,1-10,2021-07-23,
4ZtFanR9U6ndgddUvNcjcG,good 4 u,Olivia Rodrigo,US,2021,2021-Q3,1-10,2021-05-21,
3Vi5XqYrmQgOYBajMWSvCi,Need To Know,Doja Cat,US,2021,2021-Q3,1-10,2021-06-25,
3yaYgjEFkRw3PVjW9mV1TO,Over The Top,Smiley,US,2021,2021-Q3,11-20,2021-07-23,
3SYLoL8KHxdQPYIkfwmUjN,Remote Control,Kanye West,US,2021,2021-Q3,11-20,2021-08-29,
3JJL91ilRV6fXhKqu0FGXs,HOT WIND BLOWS,"Tyler, The Creator",US,2021,2021-Q3,11-20,2021-06-25,
4zbr7Cp3UB00FurUovPU03,Matt Hardy 999,Trippie Redd,US,2021,2021-Q3,11-20,2021-08-20,
1JXBNvlDEl2epKSJ9EOgKX,Not Sober,The Kid LAROI,US,2021,2021-Q3,11-20,2021-07-23,
2sXf2JdbB2GlNju00kw9WE,Skate,Bruno Mars,US,2021,2021-Q3,11-20,2021-07-30,
73uxnSsFMeJ15POpd3zgrV,Believe What I Say,Kanye West,US,2021,2021-Q3,11-20,2021-08-29,
50ceCGZ3oD3U5caQV5bP6f,You Only Live Twice,Drake,US,2021,2021-Q3,11-20,2021-09-03,
7zQirOExB0VR8yWUOqYeio,DOLLA SIGN SLIME,Lil Nas X,US,2021,2021-Q3,11-20,2021-09-17,
1PDP7mLiAMwhfmgIwzhOm2,Yebba’s Heartbreak,Drake,US,2021,2021-Q3,11-20,2021-09-03,
6DZz58CbF0AKw5PCKqNKcM,Come to Life,Kanye West,US,2021,2021-Q3,21-50,2021-08-29,
48WidxP9CqyYtk97pwGZ3c,Wasting Time ( feat. Drake ),Brent Faiyaz,US,2021,2021-Q3,21-50,2021-07-01,
4vsJWPwWPS27gRM4oLjBNO,DONT WANT IT,Lil Nas X,US,2021,2021-Q3,21-50,2021-09-17,
4wONXG4GqWSscEyZlx300W,justified,Kacey Musgraves,US,2021,2021-Q3,21-50,2021-09-10,
3JR2RztQcOjUQGQSybxDIO,ONE OF ME,Lil Nas X,US,2021,2021-Q3,21-50,2021-09-17,
34eF4BoV8FPk0uhAAoqU7h,SUN GOES DOWN,Lil Nas X,US,2021,2021-Q3,21-50,2021-05-21,
2BITQ360Knh6qNAOqR7Dyq,Miss The Rage,Trippie Redd,US,2021,2021-Q3,21-50,2021-05-07,
3FAJ6O0NOHQV8Mc5Ri6ENp,Heartbreak Anniversary,GIVĒON,US,2021,2021-Q3,21-50,2020-03-27,
1058fW9H3fZA6QjYCdOBad,Don't Go Yet,Camila Cabello,US,2021,2021-Q3,21-50,2021-07-23,
08XWh5c0BMyD1nKVxxl91z,Fountains,Drake,US,2021,2021-Q3,21-50,2021-09-03,
19n8izXThARSuQAXrOKNbO,Avalon,$uicideboy$,US,2021,2021-Q3,51+,2021-08-13,
0G2zPzWqVjR68iNPmx2TBe,Volando - Remix,Mora,US,2021,2021-Q3,51+,2021-07-08,
4saklk6nie3yiGePpBwUoc,Dynamite,BTS,US,2021,2021-Q3,51+,2020-11-20,
3MmvQKMKdN3UhVS3eGzJIW,Brush Em,Pop Smoke,US,2021,2021-Q3,51+,2021-07-16,
1ZIKpMTRPqhwAoVXWY3tXI,Chasing After You,Ryan Hurd,US,2021,2021-Q3,51+,2021-02-12,
0nqhKXDjsyBMvbeWmgijD0,Wockesha,Moneybagg Yo,US,2021,2021-Q3,51+,2021-04-23,
7hxHWCCAIIxFLCzvDgnQHX,Lemonade,Internet Money,US,2021,2021-Q3,51+,2020-08-28,
4LYNt6hWctTuZWYiwafuD6,Danny Phantom,Trippie Redd,US,2021,2021-Q3,51+,2021-08-20,
7fBv7CLKzipRk6EC6TWHOB,The Hills,The Weeknd,US,2021,2021-Q3,51+,2015-08-28,
72dummgz1gSqm8faekYYQh,Jesus Lord pt 2,Kanye West,US,2021,2021-Q3,51+,2021-08-29,
4OAuvHryIVv4kMDNSLuPt6,Red (Taylor's Version),Taylor Swift,US,2021,2021-Q4,1-10,2021-11-12,
6lzc0Al0zfZOIFsFvBS1ki,State Of Grace (Taylor's Version),Taylor Swift,US,2021,2021-Q4,1-10,2021-11-12,
4KDNRh9Oor80z3XIxdWlui,Bubbly,Young Thug,US,2021,2021-Q4,1-10,2021-10-15,
7qM1BWAsZMTYh4BcYLb0uQ,Already Dead,Juice WRLD,US,2021,2021-Q4,1-10,2021-11-12,
40iJIUlhi6renaREYGeIDS,Fair Trade,Drake,US,2021,2021-Q4,1-10,2021-09-03,
5enxwA8aAbwZbf5qCHORXi,All Too Well (10 Minute Version) (Taylor's Version) (From The Vault),Taylor Swift,US,2021,2021-Q4,1-10,2021-11-12,
2BcMwX1MPV6ZHP4tUT9uq6,Knife Talk,Drake,US,2021,2021-Q4,1-10,2021-09-03,
3QFInJAm9eyaho5vBzxInN,family ties,Baby Keem,US,2021,2021-Q4,1-10,2021-09-10,
08F16baYbciTva9P4BvpiI,MAFIA,Travis Scott,US,2021,2021-Q4,1-10,2021-11-05,
46IZ0fSY2mpAiktS3KOqds,Easy On Me,Adele,US,2021,2021-Q4,1-10,2021-11-19,
3S7HNKPakdwNEBFIVTL6dZ,Treacherous (Taylor's Version),Taylor Swift,US,2021,2021-Q4,11-20,2021-11-12,
4IQkfUsrwXol38VV3U7t7T,Run,Taylor Swift,US,2021,2021-Q4,11-20,2021-11-12,
3yII7UwgLF6K5zW3xad3MP,22 (Taylor's Version),Taylor Swift,US,2021,2021-Q4,11-20,2021-11-12,
5R4Yrc2j4jw1itr4hKcN26,Feline,Juice WRLD,US,2021,2021-Q4,11-20,2021-12-10,
08SB2OtZkaliju77WYEKxk,No Love,Summer Walker,US,2021,2021-Q4,11-20,2021-11-05,
496vIKS2INz840xZaKncvR,All Night Parking,Adele,US,2021,2021-Q4,11-20,2021-11-19,
4RVwu0g32PAqgUiJoXsdF8,Happier Than Ever,Billie Eilish,US,2021,2021-Q4,11-20,2021-07-30,
4XvcHTUfIlWfyJTRG0aqlo,2055,Sleepy Hallow,US,2021,2021-Q4,11-20,2021-06-02,
4CkgMiMqZ5JzW9iYXSTMTL,I Bet You Think About Me,Taylor Swift,US,2021,2021-Q4,11-20,2021-11-12,
6Uj1ctrBOjOas8xZXGqKk4,Woman,Doja Cat,US,2021,2021-Q4,11-20,2021-06-25,
73qMN9bXy7MSPwwGfH3wQr,Sad Beautiful Tragic (Taylor's Version),Taylor Swift,US,2021,2021-Q4,21-50,2021-11-12,
6pYNq0ZwpPVazKzsqpf0G8,The Very First Night (Taylor's Version) (From The Vault),Taylor Swift,US,2021,2021-Q4,21-50,2021-11-12,
6G2xXQRSZlEzYsUEb3uvuR,Está Dañada,Ivan Cornejo,US,2021,2021-Q4,21-50,2021-08-20,
7xapw9Oy21WpfEcib2ErSA,Mistletoe,Justin Bieber,US,2021,2021-Q4,21-50,2011-01-01,
2pXpURmn6zC5ZYDMms6fwa,It's Beginning to Look a Lot Like Christmas,Perry Como,US,2021,2021-Q4,21-50,1999-08-23,
6tjituizSxwSmBB5vtgHZE,Holly Jolly Christmas,Michael Bublé,US,2021,2021-Q4,21-50,2011-10-24,
5xlS0QkVrSH7ssEbBgBzbM,Little Saint Nick - 1991 Remix,The Beach Boys,US,2021,2021-Q4,21-50,1964-11-09,
3PIDciSFdrQxSQSihim3hN,Christmas (Baby Please Come Home),Mariah Carey,US,2021,2021-Q4,21-50,1994-10-28,
05GsNucq8Bngd9fnd4fRa0,Begin Again (Taylor's Version),Taylor Swift,US,2021,2021-Q4,21-50,2021-11-12,
0v36cov6Z6aEV5ZgIlqZMk,Rockstar In His Prime,Juice WRLD,US,2021,2021-Q4,21-50,2021-12-10,
7H0ya83CMmgFcOhw0UB6ow,Space Song,Beach House,US,2021,2021-Q4,51+,2015-08-28,
0H1zX27yxoDrsrQA1hk5Uq,O Come All Ye Faithful,Nat King Cole,US,2021,2021-Q4,51+,2018-09-21,
1OjmlSFuzYflWjSMTCyTJv,Like It's Christmas,Jonas Brothers,US,2021,2021-Q4,51+,2019-11-08,
1Qi2wh8fFgDV7tl4Sj3f2K,Have Yourself A Merry Little Christmas,Sam Smith,US,2021,2021-Q4,51+,2014-12-05,
0jNFDcGAXPs5ahngmD5R6n,XSCAPE,Don Toliver,US,2021,2021-Q4,51+,2021-10-08,
1VLtjHwRWOVJiE5Py7JxoQ,Martin & Gina,Polo G,US,2021,2021-Q4,51+,2020-05-15,
22mPEYsHFBwVwjmkwx2cHT,Until The Plug Comes Back Around,Juice WRLD,US,2021,2021-Q4,51+,2021-12-10,
42ZrMq4BKsWDrrbMnMRYaK,Jail,Kanye West,US,2021,2021-Q4,51+,2021-08-29,
61Emqg95O9zo1GNOcyxq4Y,For Tonight,GIVĒON,US,2021,2021-Q4,51+,2021-09-24,
161DnLWsx1i3u1JT05lzqU,Talking to the Moon,Bruno Mars,US,2021,2021-Q4,51+,2010-05-11,
6HJIZUOiZDE814XMhRGSZN,Soy El Unico,Yahritza Y Su Esencia,US,2022,2022-Q1,1-10,2022-03-25,
42Xba467wgGvYrR2EE6s0i,Cigarettes,Juice WRLD,US,2022,2022-Q1,1-10,2022-02-02,
5PjdY0CKGZdEuoNab3yDmX,Stay,The Kid LAROI,US,2022,2022-Q1,1-10,2021-07-23,
4SqWKzw0CbA05TGszDgMlc,I Love You So,The Walters,US,2022,2022-Q1,1-10,2014-11-28,
2Ghp894n1laIf2w98VeAOJ,How Do I Make You Love Me?,The Weeknd,US,2022,2022-Q1,1-10,2022-01-06,
2SLwbpExuoBDZBpjfefCtV,Out of Time,The Weeknd,US,2022,2022-Q1,1-10,2022-01-06,
6Uj1ctrBOjOas8xZXGqKk4,Woman,Doja Cat,US,2022,2022-Q1,1-10,2021-06-25,
5Z9KJZvQzH6PFmb8SNkxuk,INDUSTRY BABY,Lil Nas X,US,2022,2022-Q1,1-10,2021-09-17,
3XOalgusokruzA5ZBA2Qcb,pushin P,Gunna,US,2022,2022-Q1,1-10,2022-01-07,
02MWAaffLxlfxAUY7c5dvx,Heat Waves,Glass Animals,US,2022,2022-Q1,1-10,2020-08-06,
7FlQk2gJ6TBrHHiidvdR2O,MAMIII,Becky G,US,2022,2022-Q1,11-20,2022-05-13,
50nfwKoDiSYg8zOCREWAm5,Shivers,Ed Sheeran,US,2022,2022-Q1,11-20,2021-10-25,
3Vi5XqYrmQgOYBajMWSvCi,Need To Know,Doja Cat,US,2022,2022-Q1,11-20,2021-06-25,
6LtHYDgYHRCHoKK3snfr2w,I'm Tired,Labrinth,US,2022,2022-Q1,11-20,2022-02-28,
3AVXwaOGCEL8cmBecfcsFJ,Light Switch,Charlie Puth,US,2022,2022-Q1,11-20,2022-01-19,
3DarAbFujv6eYNliUTyqtz,Kiss Me More,Doja Cat,US,2022,2022-Q1,11-20,2021-06-25,
6JIC3hbC28JZKZ8AlAqX8h,Cold Heart - PNAU Remix,Elton John,US,2022,2022-Q1,11-20,2021-10-22,
0IuVhCflrQPMGRrOyoY5RW,she's all i wanna be,Tate McRae,US,2022,2022-Q1,11-20,2022-02-04,
6krYS8KtmNAYyb5uTZiYW4,Dawn FM,The Weeknd,US,2022,2022-Q1,11-20,2022-01-06,
3XoYqtiWHhsk59frZupImG,What Else Can I Do?,Diane Guerrero,US,2022,2022-Q1,11-20,2021-11-19,
7lcI4X8RZxK4zIknJcwpBq,Bussin,Nicki Minaj,US,2022,2022-Q1,21-50,2022-02-11,
79nEEoEPY2w8EXj9hjn5oc,Ginseng Strip 2002,Yung Lean,US,2022,2022-Q1,21-50,2013-08-16,
00Blm7zeNqgYLPtW6zg8cj,One Right Now,Post Malone,US,2022,2022-Q1,21-50,2021-11-05,
4XvcHTUfIlWfyJTRG0aqlo,2055,Sleepy Hallow,US,2022,2022-Q1,21-50,2021-06-02,
0N0h5lXc4HOiLgGb9EZi8m,Rocking A Cardigan in Atlanta,lil Shordie Scott,US,2022,2022-Q1,21-50,2022-01-29,
3t4KHjd8uQpJJ2fa0fRIpR,High,The Chainsmokers,US,2022,2022-Q1,21-50,2022-01-28,
18vXApRmJSgQ6wG2ll9AOg,RAPSTAR,Polo G,US,2022,2022-Q1,21-50,2021-06-11,
0sTlGEld0h8kIPZaKDYUf4,Notion,The Rare Occasions,US,2022,2022-Q1,21-50,2021-12-02,
2QjOHCTQ1Jl3zawyYOpxh6,Sweater Weather,The Neighbourhood,US,2022,2022-Q1,21-50,2013-04-22,
7Fege3yv4dvehB3NdRBGwI,Banking On Me,Gunna,US,2022,2022-Q1,21-50,2022-02-14,
0syVTyo71ordJjSd8cuElB,private island,Gunna,US,2022,2022-Q1,51+,2022-01-07,
09gysnJpfQ3ublBmJDfcEC,SAD GIRLZ LUV MONEY Remix,Amaarae,US,2022,2022-Q1,51+,2021-09-16,
5x8NgG7Ya18m9wafOvvWYk,Lost and Found Freestyle 2019,A$AP Rocky,US,2022,2022-Q1,51+,2022-03-25,
2lUDBd7JrgAMltcp6dcd7D,25 million,Roddy Ricch,US,2022,2022-Q1,51+,2021-12-17,
4tqcoej1zPvwePZCzuAjJd,Wet Dreamz,J. Cole,US,2022,2022-Q1,51+,2014-12-09,
5lAnYvAIkSDNXqfo7DyFUm,Ain't Shit,Doja Cat,US,2022,2022-Q1,51+,2021-06-25,
6HU7h9RYOaPRFeh0R3UeAr,deja vu,Olivia Rodrigo,US,2022,2022-Q1,51+,2021-05-21,
3Kkjo3cT83cw09VJyrLNwX,Oh My God,Adele,US,2022,2022-Q1,51+,2021-11-19,
0KCSJzsQVxkloxoT7dyrqV,The Rumbling (TV Size),SiM,US,2022,2022-Q1,51+,2022-01-10,
7iXF2W9vKmDoGAhlHdpyIa,Forgot About Dre,Dr. Dre,US,2022,2022-Q1,51+,1999-11-16,
02MWAaffLxlfxAUY7c5dvx,Heat Waves,Glass Animals,US,2022,2022-Q2,1-10,2020-08-06,
0O6u0VJ46W86TxN9wgyqDj,I Like You (A Happier Song),Post Malone,US,2022,2022-Q2,1-10,2022-06-03,
4xIhSUJantE6BMl3u8dtCJ,Father Time,Kendrick Lamar,US,2022,2022-Q2,1-10,2022-05-13,
1IHWl5LamUGEuP4ozKQSXZ,Tití Me Preguntó,Bad Bunny,US,2022,2022-Q2,1-10,2022-05-06,
62Yo3FDddWY8ydu6PW2wyz,Nail Tech,Jack Harlow,US,2022,2022-Q2,1-10,2022-02-18,
6ws54n2IzyrIxxyzlG2bVJ,Right On,Lil Baby,US,2022,2022-Q2,1-10,2022-04-08,
5CzixCxDkRXX9mScCmah8O,Un Ratito,Bad Bunny,US,2022,2022-Q2,1-10,2022-05-06,
3FSwpQ9dBZBeBV6UdYHI2R,712PM,Future,US,2022,2022-Q2,1-10,2022-04-29,
6Sq7ltF9Qa7SNFBsV5Cogx,Me Porto Bonito,Bad Bunny,US,2022,2022-Q2,1-10,2022-05-06,
1HvTxgCj0mTzQlEo0zLvFb,In My Head,Lil Tjay,US,2022,2022-Q2,1-10,2022-04-01,
3Qu3Zh4WTKhP9GEXo0aDnb,Thought You Should Know,Morgan Wallen,US,2022,2022-Q2,11-20,2023-03-03,
2tzgSUZOUKopYbRqQOVT8X,MASSAGING ME,Future,US,2022,2022-Q2,11-20,2022-04-29,
2PljnVsnl2PRwCvfhbdQup,Plan B,Megan Thee Stallion,US,2022,2022-Q2,11-20,2022-04-22,
59CfNbkERJ3NoTXDvoURjj,Boyfriend,Dove Cameron,US,2022,2022-Q2,11-20,2022-02-11,
0y60itmpH0aPKsFiGxmtnh,Wait a Minute!,WILLOW,US,2022,2022-Q2,11-20,2015-01-11,
2DB4DdfCFMw1iaR6JaR03a,Bam Bam,Camila Cabello,US,2022,2022-Q2,11-20,2022-04-07,
7IaeavdRzXYQWfu2Wt5GlU,Currents,Drake,US,2022,2022-Q2,11-20,2022-06-16,
5Eax0qFko2dh7Rl2lYs3bx,Efecto,Bad Bunny,US,2022,2022-Q2,11-20,2022-05-06,
7sT7kZEYd1MrmzLLIRVZas,Calling My Name,Drake,US,2022,2022-Q2,11-20,2022-06-17,
1797zYiX4cKosMH836X9Gt,La Corriente,Bad Bunny,US,2022,2022-Q2,11-20,2022-05-06,
3XOalgusokruzA5ZBA2Qcb,pushin P,Gunna,US,2022,2022-Q2,21-50,2022-01-07,
00Blm7zeNqgYLPtW6zg8cj,One Right Now,Post Malone,US,2022,2022-Q2,21-50,2021-11-05,
3cBsEDNhFI9E82vPj3kvi3,Wasted On You,Morgan Wallen,US,2022,2022-Q2,21-50,2021-01-08,
1BzXvBpIFWJgu0P8P6xmP4,Stick,Dreamville,US,2022,2022-Q2,21-50,2022-03-31,
19Fg3WrTfo35Ji3PtfZE6J,Auntie Diaries,Kendrick Lamar,US,2022,2022-Q2,21-50,2022-05-13,
7zvfDihYiJ8RQ1nRcpKBF5,Mr. Morale,Kendrick Lamar,US,2022,2022-Q2,21-50,2022-05-13,
3GbQcjKWT7eVpUfzqwUjxv,Late To Da Party,Lil Nas X,US,2022,2022-Q2,21-50,2022-06-24,
0fv2KH6hac06J86hBUTcSf,NEW MAGIC WAND,"Tyler, The Creator",US,2022,2022-Q2,21-50,2019-05-17,
5PPUw4Xo3Hz6rl4GpBfd3c,Savior - Interlude,Kendrick Lamar,US,2022,2022-Q2,21-50,2022-05-13,
6f5ExP43esnvdKPddwKXJH,Better Days (NEIKED x Mae Muller x Polo G),NEIKED,US,2022,2022-Q2,21-50,2021-09-24,
3w1WjD2zJqjBjDz5fwqQPJ,Tyler Herro,Jack Harlow,US,2022,2022-Q2,51+,2020-12-11,
0W6I02J9xcqK8MtSeosEXb,Get Into It (Yuh),Doja Cat,US,2022,2022-Q2,51+,2021-06-25,
7FIWs0pqAYbP91WWM0vlTQ,Godzilla,Eminem,US,2022,2022-Q2,51+,2020-01-17,
4HiC3ulkTgbEcYYsSuR6PO,Danger Zone,Kenny Loggins,US,2022,2022-Q2,51+,1997-01-01,
0De9jFjJ4eRLl7Yww2eBw1,Flower Shops,ERNEST,US,2022,2022-Q2,51+,2022-03-11,
5gVCfYmQRPy1QJifP8f5gg,Fall In Love,Bailey Zimmerman,US,2022,2022-Q2,51+,2022-02-11,
0LQtEJt7x0s6knb6RKdRYc,Chicken Fried,Zac Brown Band,US,2022,2022-Q2,51+,2008-11-17,
7MAibcTli4IisCtbHKrGMh,Leave The Door Open,Bruno Mars,US,2022,2022-Q2,51+,2021-03-05,
3rmo8F54jFF8OgYsqTxm5d,Bad Habits,Ed Sheeran,US,2022,2022-Q2,51+,2021-10-25,
7KXjTSCq5nL1LoYtL7XAwS,HUMBLE.,Kendrick Lamar,US,2022,2022-Q2,51+,2017-04-14,
0O6u0VJ46W86TxN9wgyqDj,I Like You (A Happier Song),Post Malone,US,2022,2022-Q3,1-10,2022-06-03,
5Eax0qFko2dh7Rl2lYs3bx,Efecto,Bad Bunny,US,2022,2022-Q3,1-10,2022-05-06,
2yjlYDiNiQkdxVqTlaSrlX,Super Freaky Girl,Nicki Minaj,US,2022,2022-Q3,1-10,2022-08-26,
0hquQWY3xvYqN4qtiquniF,Vegas (From the Original Motion Picture Soundtrack ELVIS),Doja Cat,US,2022,2022-Q3,1-10,2022-05-06,
5zwwW9Oq7ubSxoCGyW1nbY,Pink Venom,BLACKPINK,US,2022,2022-Q3,1-10,2022-09-15,
1xK59OXxi2TAAAbmZK0kBL,Romantic Homicide,d4vd,US,2022,2022-Q3,1-10,2022-07-20,
7Ddk8FhoYKdsVoX9AOCPMm,STAYING ALIVE,DJ Khaled,US,2022,2022-Q3,1-10,2022-08-26,
4fYte8ZvTK14NEhAOZocBi,I Ain't Worried,OneRepublic,US,2022,2022-Q3,1-10,2023-02-15,
1Hohk6AufHZOrrhMXZppax,ALIEN SUPERSTAR,Beyoncé,US,2022,2022-Q3,1-10,2022-07-29,
1IHWl5LamUGEuP4ozKQSXZ,Tití Me Preguntó,Bad Bunny,US,2022,2022-Q3,1-10,2022-05-06,
02MWAaffLxlfxAUY7c5dvx,Heat Waves,Glass Animals,US,2022,2022-Q3,11-20,2020-08-06,
3k3NWokhRRkEPhCzPmV8TW,Ojitos Lindos,Bad Bunny,US,2022,2022-Q3,11-20,2022-05-06,
2mqTtvbKxH7SoEQ2oGAnsA,CHURCH GIRL,Beyoncé,US,2022,2022-Q3,11-20,2022-07-29,
0314PeD1sQNonfVWix3B2K,ENERGY,Beyoncé,US,2022,2022-Q3,11-20,2022-07-29,
3uJFmluXzYedoJcvhpC1AW,Hot Shit,Cardi B,US,2022,2022-Q3,11-20,2022-07-01,
1qEmFfgcLObUfQm0j1W2CK,Late Night Talking,Harry Styles,US,2022,2022-Q3,11-20,2022-05-20,
5odlY52u43F5BjByhxg7wg,golden hour,JVKE,US,2022,2022-Q3,11-20,2022-09-23,
3HyR1j49TY5ACP2lseF1jx,SUMMER RENAISSANCE,Beyoncé,US,2022,2022-Q3,11-20,2022-07-29,
0oO1AbL92F6329z13C2qQH,Talk,Yeat,US,2022,2022-Q3,11-20,2022-09-09,
1MpCaOeUWhox2Fgigbe1cL,I'M THAT GIRL,Beyoncé,US,2022,2022-Q3,11-20,2022-07-29,
5ie5OPdaP9fivYaKcjwKF1,Alone,Rod Wave,US,2022,2022-Q3,21-50,2022-08-12,
6pr7X9UZCDn8CruopaNVha,BIG TIME,DJ Khaled,US,2022,2022-Q3,21-50,2022-08-26,
00imgaPlYRrMGn9o83hfmk,LOOSE CHANGE,Brent Faiyaz,US,2022,2022-Q3,21-50,2022-07-08,
58ge6dfP91o9oXMzq3XkIS,505,Arctic Monkeys,US,2022,2022-Q3,21-50,2007-04-24,
0wXThIDxO3YRJCpPgnmbkw,Where It Ends,Bailey Zimmerman,US,2022,2022-Q3,21-50,2023-01-11,
6ufcuVInt0ocHrUimDjGlb,PLASTIC OFF THE SOFA,Beyoncé,US,2022,2022-Q3,21-50,2022-07-29,
27ZZdyTSQWI7Cug2d2PkqV,BILLIE EILISH.,Armani White,US,2022,2022-Q3,21-50,2022-05-19,
1dm6z1fWB0cErMszU25dy2,Después de la Playa,Bad Bunny,US,2022,2022-Q3,21-50,2022-05-06,
7wdwIaXUuzlu1grzWMFRJm,Mary On A Cross,Ghost,US,2022,2022-Q3,21-50,2022-09-12,
3XgGQ1wjo5khvq2UImjyNF,ALL MINE,Brent Faiyaz,US,2022,2022-Q3,21-50,2022-07-08,
3Osd3Yf8K73aj4ySn6LrvK,No Church In The Wild,JAŸ-Z,US,2022,2022-Q3,51+,2011-08-08,
6AqwH2Y9FJwhUE2dCSkw1u,5 Foot 9,Tyler Hubbard,US,2022,2022-Q3,51+,2022-05-20,
0WtM2NBVQNNJLh6scP13H8,Calm Down,Rema,US,2022,2022-Q3,51+,2022-08-25,
3wGT3OycqbsHFjIKMZ8EEq,"No Matter Which Direction I'm Going In, I Never Chase These Hoes",$uicideboy$,US,2022,2022-Q3,51+,2022-07-29,
3SeeaIXnrCfT88vHVCRWHl,Last Night Lonely,Jon Pardi,US,2022,2022-Q3,51+,2022-02-17,
4pi1G1x8tl9VfdD9bL3maT,Big Energy,Latto,US,2022,2022-Q3,51+,2022-03-25,
6f5ExP43esnvdKPddwKXJH,Better Days (NEIKED x Mae Muller x Polo G),NEIKED,US,2022,2022-Q3,51+,2021-09-24,
44XjoNvtwevktFKjvVe1vH,Andrea,Bad Bunny,US,2022,2022-Q3,51+,2022-05-06,
0fv2KH6hac06J86hBUTcSf,NEW MAGIC WAND,"Tyler, The Creator",US,2022,2022-Q3,51+,2019-05-17,
1mMLMZYXkMueg65jRRWG1l,When It Rains It Pours,Luke Combs,US,2022,2022-Q3,51+,2017-06-02,
6eT2V7nKXyMf47TwPbtgAD,Seek & Destroy,SZA,US,2022,2022-Q4,1-10,2022-12-09,
3eX0NZfLtGzoLUxPNvRfqm,Maroon,Taylor Swift,US,2022,2022-Q4,1-10,2022-10-21,
3nqQXoyQOWXiESFLlDF1hG,Unholy,Sam Smith,US,2022,2022-Q4,1-10,2022-09-22,
7l2nxyx7IkBX5orhkALg0V,Privileged Rappers,Drake,US,2022,2022-Q4,1-10,2022-11-04,
4fYte8ZvTK14NEhAOZocBi,I Ain't Worried,OneRepublic,US,2022,2022-Q4,1-10,2023-02-15,
77khP2fIVhSW23NwxrRluh,A Holly Jolly Christmas - Single Version,Burl Ives,US,2022,2022-Q4,1-10,1965-10-01,
0wshkEEcJUQU33RSRBb5dv,BackOutsideBoyz,Drake,US,2022,2022-Q4,1-10,2022-11-04,
2CSRrnOEELmhpq8iaAi9cd,Blind,SZA,US,2022,2022-Q4,1-10,2022-12-09,
1rv46mRwDqMEhOBZ7vODg3,It's Beginning to Look a Lot like Christmas,Michael Bublé,US,2022,2022-Q4,1-10,2011-10-24,
0vjeOZ3Ft5jvAi9SBFJm1j,Superhero (Heroes & Villains) [with Future & Chris Brown],Metro Boomin,US,2022,2022-Q4,1-10,2022-12-02,
4Flfb4fGscN9kXPOduQLrv,Treacherous Twins,Drake,US,2022,2022-Q4,11-20,2022-11-04,
410TZrK18uRjtsTunG14cl,Middle of the Ocean,Drake,US,2022,2022-Q4,11-20,2022-11-04,
3pUa0ZxdSeaJXm0EIydD3F,"Would've, Could've, Should've",Taylor Swift,US,2022,2022-Q4,11-20,2022-10-21,
5BYl3SodS3rGmafWXRWmB7,The Great War,Taylor Swift,US,2022,2022-Q4,11-20,2022-10-21,
0sSRLXxknVTQDStgU1NqpY,Hours In Silence,Drake,US,2022,2022-Q4,11-20,2022-11-04,
3EaJDYHA0KnX88JvDhL9oa,Dark Red,Steve Lacy,US,2022,2022-Q4,11-20,2017-02-20,
6xGruZOHLs39ZbVccQTuPZ,Glimpse of Us,Joji,US,2022,2022-Q4,11-20,2022-06-10,
5Eax0qFko2dh7Rl2lYs3bx,Efecto,Bad Bunny,US,2022,2022-Q4,11-20,2022-05-06,
7fUYUcWy853HS8YJn0b3Sr,Sleigh Ride,The Ronettes,US,2022,2022-Q4,11-20,2020-12-04,
1eIXYZWEfJO3Na2LCCnIJE,Love Language,SZA,US,2022,2022-Q4,11-20,2022-12-09,
6koKhrBBcExADvWuOgceNZ,Open Arms,SZA,US,2022,2022-Q4,21-50,2022-12-08,
02MWAaffLxlfxAUY7c5dvx,Heat Waves,Glass Animals,US,2022,2022-Q4,21-50,2020-08-06,
4fnNBPN9W6AoOYSQS3FJxT,Notice Me,SZA,US,2022,2022-Q4,21-50,2022-12-09,
26hOm7dTtBi0TdpDGl141t,Die For You,Joji,US,2022,2022-Q4,21-50,2022-11-04,
1TE8AAk9koG0UJco6ZAUfx,Rock and A Hard Place,Bailey Zimmerman,US,2022,2022-Q4,21-50,2023-01-11,
6RJBrG3VHz2hPITjv88chh,Glitch,Taylor Swift,US,2022,2022-Q4,21-50,2022-10-21,
1Py8c3dkLF0YczcAyBFBEM,Never Hating,Lil Baby,US,2022,2022-Q4,21-50,2022-10-14,
200x8ONbPfFzByUr3fVz46,She Had Me At Heads Carolina,Cole Swindell,US,2022,2022-Q4,21-50,2022-04-08,
0rHToGels2lt8Y0mCYoF90,Deck The Hall,Nat King Cole,US,2022,2022-Q4,21-50,2018-09-21,
5Y35SjAfXjjG0sFQ3KOxmm,Nobody Gets Me,SZA,US,2022,2022-Q4,21-50,2022-12-09,
0rKtyWc8bvkriBthvHKY8d,SLOW DANCING IN THE DARK,Joji,US,2022,2022-Q4,51+,2018-10-26,
4XvcHTUfIlWfyJTRG0aqlo,2055,Sleepy Hallow,US,2022,2022-Q4,51+,2021-06-02,
59CfNbkERJ3NoTXDvoURjj,Boyfriend,Dove Cameron,US,2022,2022-Q4,51+,2022-02-11,
1sUdq3kWa9dJXHu3eYOUll,"Spooky, Scary Skeletons - Undead Tombstone Remix",Andrew Gold,US,2022,2022-Q4,51+,2019-10-18,
4xqrdfXkTW4T0RauPLv3WA,Heather,Conan Gray,US,2022,2022-Q4,51+,2020-03-20,
7faDzZnZYqTyYThx2sbHVQ,Mistletoe And Holly - Remastered 1999,Frank Sinatra,US,2022,2022-Q4,51+,1957-09-01,
5Z9KJZvQzH6PFmb8SNkxuk,INDUSTRY BABY,Lil Nas X,US,2022,2022-Q4,51+,2021-09-17,
30VrBsh1STRBoIrhQOAwzK,Disturbia,Rihanna,US,2022,2022-Q4,51+,2007-03-31,
0FqBNLXlTNimxmVRdDMj6b,1AM FREESTYLE,Joji,US,2022,2022-Q4,51+,2022-11-04,
5TxRUOsGeWeRl3xOML59Ai,ARE WE STILL FRIENDS?,"Tyler, The Creator",US,2022,2022-Q4,51+,2019-05-17,
1rXq0uoV4KTgRN64jXzIxo,One Thing At A Time,Morgan Wallen,US,2023,2023-Q1,1-10,2023-03-03,
4P9Q0GojKVXpRTJCaL3kyy,All Of The Girls You Loved Before,Taylor Swift,US,2023,2023-Q1,1-10,2019-08-23,
03fs6oV5JAlbytRYf3371S,Everything I Love,Morgan Wallen,US,2023,2023-Q1,1-10,2023-03-03,
7K3BhSpAxZBznislvUMVtn,Last Night,Morgan Wallen,US,2023,2023-Q1,1-10,2023-03-03,
2dHHgzDwk4BJdRwy9uXhTO,Creepin',Metro Boomin,US,2023,2023-Q1,1-10,2022-12-02,
1xK59OXxi2TAAAbmZK0kBL,Romantic Homicide,d4vd,US,2023,2023-Q1,1-10,2022-07-20,
3qQbCzHBycnDpGskqOWY0E,Ella Baila Sola,Eslabon Armado,US,2023,2023-Q1,1-10,2023-04-28,
0DWdj2oZMBFSzRsi2Cvfzf,TQG,KAROL G,US,2023,2023-Q1,1-10,2023-02-24,
7DSAEUvxU8FajXtRloy8M0,Flowers,Miley Cyrus,US,2023,2023-Q1,1-10,2023-08-18,
0V3wPSX9ygBnCm8psDIegu,Anti-Hero,Taylor Swift,US,2023,2023-Q1,1-10,2022-10-21,
04CqLjewJiSAqM210vZAmT,River,Miley Cyrus,US,2023,2023-Q1,11-20,2023-03-10,
3WMj8moIAXJhHsyLaqIIHI,Something in the Orange,Zach Bryan,US,2023,2023-Q1,11-20,2022-04-22,
2Jw3VjB1xy5KHBqEeAC6VK,Eat Your Young,Hozier,US,2023,2023-Q1,11-20,2023-03-17,
0IKeDy5bT9G0bA7ZixRT4A,Bebe Dame,Fuerza Regida,US,2023,2023-Q1,11-20,2022-12-28,
42TtHTxWk782ZBiqyOi2d1,Dawns,Zach Bryan,US,2023,2023-Q1,11-20,2023-01-27,
1Y3LN4zO1Edc2EluIoSPJN,Until I Found You,Stephen Sanchez,US,2023,2023-Q1,11-20,2022-04-22,
73zawW1ttszLRgT9By826D,Man Made A Bar,Morgan Wallen,US,2023,2023-Q1,11-20,2023-03-03,
2wSTnntOPRi7aQneobFtU4,Shirt,SZA,US,2023,2023-Q1,11-20,2022-12-09,
12cZWGf5ZgLcKubEW9mx5q,HOPE,NF,US,2023,2023-Q1,11-20,2023-02-16,
1BAU6v0fuAV914qMUEESR1,Born With A Beer In My Hand,Morgan Wallen,US,2023,2023-Q1,11-20,2023-03-03,
0QHEIqNKsMoOY5urbzN48u,Made You Look,Meghan Trainor,US,2023,2023-Q1,21-50,2022-10-21,
6HMtHNpW6YPi1hrw9tgF8P,About Damn Time,Lizzo,US,2023,2023-Q1,21-50,2022-07-15,
1vcJdUJDM2NVXBsGncmLyh,Keith Whitley,Morgan Wallen,US,2023,2023-Q1,21-50,2023-03-03,
02MWAaffLxlfxAUY7c5dvx,Heat Waves,Glass Animals,US,2023,2023-Q1,21-50,2020-08-06,
2mpoNBkngUEwnaKoBhZ0vl,PRC,Peso Pluma,US,2023,2023-Q1,21-50,2023-01-23,
52ChYmfu792MW2Ezv0whpk,5 Leaf Clover,Luke Combs,US,2023,2023-Q1,21-50,2023-03-24,
1IHWl5LamUGEuP4ozKQSXZ,Tití Me Preguntó,Bad Bunny,US,2023,2023-Q1,21-50,2022-05-06,
3Ga7Uele3zN57vQ4F0HPTW,Tennessee Fan,Morgan Wallen,US,2023,2023-Q1,21-50,2022-12-02,
1N8TTK1Uoy7UvQNUazfUt5,SPIT IN MY FACE!,ThxSoMch,US,2023,2023-Q1,21-50,2022-12-20,
5NzfnUyVaNrxa2VtoyBWlR,Tennessee Numbers,Morgan Wallen,US,2023,2023-Q1,21-50,2023-03-03,
0IdkFyYIDMhJqz0NL5zCk9,PAINTING PICTURES,mxmy,US,2023,2023-Q1,51+,2023-03-08,
6koKhrBBcExADvWuOgceNZ,Open Arms,SZA,US,2023,2023-Q1,51+,2022-12-08,
474uVhyGgK5MtY9gMcDgGl,It's Called: Freefall,Rainbow Kitten Surprise,US,2023,2023-Q1,51+,2018-04-06,
5ht9obvnnWeW4eoRtPAoQD,Fact,Ghostluvme,US,2023,2023-Q1,51+,2023-02-07,
2ENexcMEMsYk0rVJigVD3i,Only Girl (In The World),Rihanna,US,2023,2023-Q1,51+,2010-01-01,
6JIC3hbC28JZKZ8AlAqX8h,Cold Heart - PNAU Remix,Elton John,US,2023,2023-Q1,51+,2021-10-22,
789CxjEOtO76BVD1A9yJQH,Stay,Rihanna,US,2023,2023-Q1,51+,2012-01-01,
4RvWPyQ5RL0ao9LPZeSouE,Everybody Wants To Rule The World,Tears For Fears,US,2023,2023-Q1,51+,1985-02-25,
1TUuhV75FeOF6UObRsABo2,Don't Think Jesus,Morgan Wallen,US,2023,2023-Q1,51+,2022-04-15,
6BePGk3eCan4FqaW2X8Qy3,10:35,Tiësto,US,2023,2023-Q1,51+,2022-11-03,
7mXuWTczZNxG5EDcjFEuJR,LADY GAGA,Peso Pluma,US,2023,2023-Q2,1-10,2023-06-29,
4i6cwNY6oIUU2XZxPIw82Y,Karma,Taylor Swift,US,2023,2023-Q2,1-10,2023-05-26,
741UUVE2kuITl0c6zuqqbO,Barbie World,Nicki Minaj,US,2023,2023-Q2,1-10,2023-06-23,
5AqiaZwhmC6dIbgWrD5SzV,"Peso Pluma: Bzrp Music Sessions, Vol. 55",Bizarrap,US,2023,2023-Q2,1-10,2023-06-01,
2yzshFeBIwH8tWIqHEFLeD,un x100to,Grupo Frontera,US,2023,2023-Q2,1-10,2023-08-25,
368eeEO3Y2uZUQ6S5oIjcu,TQM,Fuerza Regida,US,2023,2023-Q2,1-10,2023-05-19,
7qLr3HMApUbyDkUvgIvHnB,Oh U Went,Young Thug,US,2023,2023-Q2,1-10,2023-06-23,
7DSAEUvxU8FajXtRloy8M0,Flowers,Miley Cyrus,US,2023,2023-Q2,1-10,2023-08-18,
3xYJScVfxByb61dYHTwiby,Hits Different,Taylor Swift,US,2023,2023-Q2,1-10,2023-05-26,
0WoVfPjxsf9MTvPt9ptqeE,SLUT ME OUT,NLE Choppa,US,2023,2023-Q2,1-10,2023-04-14,
0vjeOZ3Ft5jvAi9SBFJm1j,Superhero (Heroes & Villains) [with Future & Chris Brown],Metro Boomin,US,2023,2023-Q2,11-20,2022-12-02,
3kf0WdFOalKWBkCCLJo4mA,El Gordo Trae El Mando,Chino Pacas,US,2023,2023-Q2,11-20,2023-01-27,
0AAMnNeIc6CdnfNU85GwCH,Self Love (Spider-Man: Across the Spider-Verse) (Metro Boomin & Coi Leray),Metro Boomin,US,2023,2023-Q2,11-20,2023-06-02,
4FyesJzVpA39hbYvcseO2d,Just Wanna Rock,Lil Uzi Vert,US,2023,2023-Q2,11-20,2022-10-17,
1odExI7RdWc4BT515LTAwj,Daylight,David Kushner,US,2023,2023-Q2,11-20,2023-04-14,
1bDbXMyjaUIooNwFE9wn0N,Rich Flex,Drake,US,2023,2023-Q2,11-20,2022-11-04,
3RA55zrRkyPK8Fd86hrMy8,LUNA,Peso Pluma,US,2023,2023-Q2,11-20,2023-06-29,
0CrcwVLUe8wzLUIXgjXVZJ,Kill Bill,SZA,US,2023,2023-Q2,11-20,2023-04-14,
6unndO70DvZfnXYcYQMyQJ,Never Felt So Alone,Labrinth,US,2023,2023-Q2,11-20,2023-04-28,
0Ymjv0OJeIIPXr6s9wi3iW,MATHEMATICAL DISRESPECT,Lil Mabu,US,2023,2023-Q2,11-20,2023-05-05,
52ChYmfu792MW2Ezv0whpk,5 Leaf Clover,Luke Combs,US,2023,2023-Q2,21-50,2023-03-24,
2L9N0zZnd37dwF0clgxMGI,ceilings,Lizzy McAlpine,US,2023,2023-Q2,21-50,2022-04-08,
4muwDurKeVOB1WBjTVRWlD,War Bout It,Lil Durk,US,2023,2023-Q2,21-50,2023-05-26,
4P9Q0GojKVXpRTJCaL3kyy,All Of The Girls You Loved Before,Taylor Swift,US,2023,2023-Q2,21-50,2019-08-23,
3B0swL7Qil9bB7eKzBREBK,VVS,Peso Pluma,US,2023,2023-Q2,21-50,2023-06-29,
5wG3HvLhF6Y5KTGlK0IW3J,Trance,Metro Boomin,US,2023,2023-Q2,21-50,2022-12-02,
3ZEno9fORwMA1HPecdLi0R,HAPPY,NF,US,2023,2023-Q2,21-50,2023-04-07,
1xK59OXxi2TAAAbmZK0kBL,Romantic Homicide,d4vd,US,2023,2023-Q2,21-50,2022-07-20,
1haJsMtoBhHfvuM7XWuT3W,El Azul,Junior H,US,2023,2023-Q2,21-50,2023-02-10,
3F5CgOj3wFlRv51JsHbxhe,Jimmy Cooks,Drake,US,2023,2023-Q2,21-50,2022-06-17,
58k32my5lKofeZRtIvBDg9,HONEST,Baby Keem,US,2023,2023-Q2,51+,2019-07-19,
3eX0NZfLtGzoLUxPNvRfqm,Maroon,Taylor Swift,US,2023,2023-Q2,51+,2022-10-21,
3v3gyQkwRQGwDUZ7V2q2lF,WHAT A DAY,"Tyler, The Creator",US,2023,2023-Q2,51+,2023-03-31,
6DLbBlGIOjjEj0dNN25zhZ,Tennessee Orange,Megan Moroney,US,2023,2023-Q2,51+,2023-05-05,
1h0rVgfuKa6V9DkVSLAc4Q,back at it,Gunna,US,2023,2023-Q2,51+,2023-06-16,
7kOletJ0Q5H4MWe7cfeZXP,Alone,Kim Petras,US,2023,2023-Q2,51+,2023-04-21,
40iJIUlhi6renaREYGeIDS,Fair Trade,Drake,US,2023,2023-Q2,51+,2021-09-03,
3X6qK1LdMkSOhklwRa2ZfG,Danger (Spider) (Offset & JID),Offset,US,2023,2023-Q2,51+,2023-06-02,
30bqVoKjX479ab90a8Pafp,Star Shopping,Lil Peep,US,2023,2023-Q2,51+,2015-01-01,
2dSKFFNoNXKo3hPnlwUdPe,They Don't Love It,Jack Harlow,US,2023,2023-Q2,51+,2023-04-28,
6wsqVwoiVH2kde4k4KKAFU,I KNOW ?,Travis Scott,US,2023,2023-Q3,1-10,2023-07-28,
4daEMLSZCgZ2Mt7gNm2SRa,Flooded The Face,Lil Uzi Vert,US,2023,2023-Q3,1-10,2023-06-30,
4kjI1gwQZRKNDkw1nI475M,MY EYES,Travis Scott,US,2023,2023-Q3,1-10,2023-07-28,
6wf7Yu7cxBSPrRlWeSeK0Q,"What Was I Made For? [From The Motion Picture ""Barbie""]",Billie Eilish,US,2023,2023-Q3,1-10,2023-07-13,
67nepsnrcZkowTxMWigSbb,MELTDOWN,Travis Scott,US,2023,2023-Q3,1-10,2023-07-28,
78Du4CMFgnhdlG33gblkiP,Rich Men North of Richmond,Oliver Anthony Music,US,2023,2023-Q3,1-10,2023-08-11,
0lodMO0qK83vfPiiD7FMEt,TOPIA TWINS,Travis Scott,US,2023,2023-Q3,1-10,2023-07-28,
34sOdxWu9FljH84UXdRwu1,all-american bitch,Olivia Rodrigo,US,2023,2023-Q3,1-10,2023-09-08,
1kuGVB7EU95pJObxwvfwKS,vampire,Olivia Rodrigo,US,2023,2023-Q3,1-10,2023-09-08,
0hL9gOw6XBWsygEUcVjxEc,HYAENA,Travis Scott,US,2023,2023-Q3,1-10,2023-07-28,
7C1BLYzAvR0KdBpov3GpUZ,El Dorado,Zach Bryan,US,2023,2023-Q3,11-20,2023-08-25,
4e3ZNTAV6PCrdYMUrUlMpQ,Electric Touch,Taylor Swift,US,2023,2023-Q3,11-20,2023-07-07,
4iZ4pt7kvcaH6Yo8UoZ4s2,Snooze,SZA,US,2023,2023-Q3,11-20,2022-12-09,
6dTA6y0C2ReQklntzZl8l3,The Story Of Us (Taylor's Version),Taylor Swift,US,2023,2023-Q3,11-20,2023-07-07,
6T7FXSuXykeGktMLGp8WgE,All My Life,Lil Durk,US,2023,2023-Q3,11-20,2023-05-26,
7eOuUmpnHBlg5zsm8Cs7c3,Summertime's Close,Zach Bryan,US,2023,2023-Q3,11-20,2023-08-25,
0zo975x58DlXbZllWvfYhg,When Emma Falls in Love (Taylor’s Version) (From The Vault),Taylor Swift,US,2023,2023-Q3,11-20,2023-07-07,
2yzshFeBIwH8tWIqHEFLeD,un x100to,Grupo Frontera,US,2023,2023-Q3,11-20,2023-08-25,
22VHOlVYBqytsrAqV8yXBK,Dial Drunk,Noah Kahan,US,2023,2023-Q3,11-20,2023-07-18,
0bkV1iQHSxBaksUqgEkcbc,SKITZO,Travis Scott,US,2023,2023-Q3,11-20,2023-07-28,
3a36nM6fPVA8K1vqq6d03o,x2,Lil Uzi Vert,US,2023,2023-Q3,21-50,2023-06-30,
02wk5BttM0QL38ERjLPQJB,Cool With You,NewJeans,US,2023,2023-Q3,21-50,2023-07-21,
3hUxzQpSfdDqwM3ZTFQY0K,august,Taylor Swift,US,2023,2023-Q3,21-50,2020-07-24,
12nBPF4Rh4XLFJV0YLN7uj,Innocent (Taylor's Version),Taylor Swift,US,2023,2023-Q3,21-50,2023-07-07,
0gWrMbx6pbdH3n3nsLjE55,Mourning,Post Malone,US,2023,2023-Q3,21-50,2023-05-19,
7sliFe6W30tPBPh6dvZsIH,Area Codes,Kaliii,US,2023,2023-Q3,21-50,2023-03-17,
3BHFResGQiUvbYToUdaDQz,Enough Is Enough,Post Malone,US,2023,2023-Q3,21-50,2023-07-28,
0V3wPSX9ygBnCm8psDIegu,Anti-Hero,Taylor Swift,US,2023,2023-Q3,21-50,2022-10-21,
4YQImHflXSiIMXntcwPkx8,Bongos,Cardi B,US,2023,2023-Q3,21-50,2023-09-08,
6rdkCkjk6D12xRpdMXy0I2,New Jeans,NewJeans,US,2023,2023-Q3,21-50,2023-07-07,
0fCwTrRNfoNk962ati8n2K,All Your'n,Tyler Childers,US,2023,2023-Q3,51+,2019-08-02,
0FA4wrjDJvJTTU8AepZTup,Watch This - ARIZONATEARS Pluggnb Remix,Lil Uzi Vert,US,2023,2023-Q3,51+,2023-02-05,
4qtxILwBcAHEHbG7R0xF4r,Hold My Breath,Post Malone,US,2023,2023-Q3,51+,2023-07-28,
6kQF79mjbOkvuRvg0J2XZv,Died and Came Back,Lil Uzi Vert,US,2023,2023-Q3,51+,2023-06-30,
7rzNKooM3JrKVT40fR22HI,Not Even Ghosts Are This Empty,$uicideboy$,US,2023,2023-Q3,51+,2023-08-11,
6WzRpISELf3YglGAh7TXcG,Popular,The Weeknd,US,2023,2023-Q3,51+,2023-06-02,
6HU7h9RYOaPRFeh0R3UeAr,deja vu,Olivia Rodrigo,US,2023,2023-Q3,51+,2021-05-21,
4obHzpwGrjoTuZh2DItEMZ,7 Summers,Morgan Wallen,US,2023,2023-Q3,51+,2021-01-08,
0JXXNGljqupsJaZsgSbMZV,Sure Thing,Miguel,US,2023,2023-Q3,51+,2010-11-30,
3fqwjXwUGN6vbzIwvyFMhx,Tennessee Whiskey,Chris Stapleton,US,2023,2023-Q3,51+,2015-05-04,
4ZT0wGKwlJRjpMUuwZVy3p,Daylight,Drake,US,2023,2023-Q4,1-10,2023-10-06,
2nibvvDdAQkVraYP00z2RS,Calling For You,Drake,US,2023,2023-Q4,1-10,2023-10-06,
1kuGVB7EU95pJObxwvfwKS,vampire,Olivia Rodrigo,US,2023,2023-Q4,1-10,2023-09-08,
4rXLjWdF2ZZpXCVTfWcshS,fukumean,Gunna,US,2023,2023-Q4,1-10,2023-06-16,
1Iq8oo9XkmmvCQiGOfORiz,Is It Over Now? (Taylor's Version) (From The Vault),Taylor Swift,US,2023,2023-Q4,1-10,2023-10-26,
7fUYUcWy853HS8YJn0b3Sr,Sleigh Ride,The Ronettes,US,2023,2023-Q4,1-10,2020-12-04,
3nNmRE0DxHC6ZaKkrpUumS,FINA,Bad Bunny,US,2023,2023-Q4,1-10,2023-10-13,
56y1jOTK0XSvJzVv9vHQBK,Paint The Town Red,Doja Cat,US,2023,2023-Q4,1-10,2023-09-20,
5KD6AEm19QnMbfWpfoOHMl,Now That We Don't Talk (Taylor's Version) (From The Vault),Taylor Swift,US,2023,2023-Q4,1-10,2023-10-26,
1hR8BSuEqPCCZfv93zzzz9,Welcome To New York (Taylor's Version),Taylor Swift,US,2023,2023-Q4,1-10,2023-10-26,
4OMJGnvZfDvsePyCwRGO7X,Houdini,Dua Lipa,US,2023,2023-Q4,11-20,2023-11-09,
2ve0kuaWUCt4Zx8x4bf1MR,Wonderland (Taylor's Version),Taylor Swift,US,2023,2023-Q4,11-20,2023-10-26,
2ByBBvpR9b7IynvRmnG7kG,Clean (Taylor's Version),Taylor Swift,US,2023,2023-Q4,11-20,2023-10-26,
4PS1e8f2LvuTFgUs1Cn3ON,The Christmas Song (Merry Christmas To You),Nat King Cole,US,2023,2023-Q4,11-20,2018-09-21,
1ODFVLQszq0hCOdZtqV5wq,MR. OCTOBER,Bad Bunny,US,2023,2023-Q4,11-20,2023-10-13,
7mXuWTczZNxG5EDcjFEuJR,LADY GAGA,Peso Pluma,US,2023,2023-Q4,11-20,2023-06-29,
3pv7Q5v2dpdefwdWIvE7yH,Shake It Off (Taylor's Version),Taylor Swift,US,2023,2023-Q4,11-20,2023-10-26,
75W3SngKzTuoQ94uLf3y82,How You Get The Girl (Taylor's Version),Taylor Swift,US,2023,2023-Q4,11-20,2023-10-26,
4so0Wek9Ig1p6CRCHuINwW,White Christmas,Bing Crosby,US,2023,2023-Q4,11-20,1942-01-01,
1yeB8MUNeLo9Ek1UEpsyz6,Rich Baby Daddy,Drake,US,2023,2023-Q4,11-20,2023-10-06,
6uIIdjYTxxpWOyWuVXrKQO,Que Onda,Calle 24,US,2023,2023-Q4,21-50,2023-08-30,
01ppKlDRCmPpusO3yNrSRY,TELEFONO NUEVO,Bad Bunny,US,2023,2023-Q4,21-50,2023-10-13,
4UwqOWDpdeIDVQDuKT6iza,You Are In Love (Taylor's Version),Taylor Swift,US,2023,2023-Q4,21-50,2023-10-26,
1a73gcEg6h6Re6hHXoVltJ,FTCU,Nicki Minaj,US,2023,2023-Q4,21-50,2023-12-08,
17cia5k4BpGVlyEfqrFH50,Can’t Catch Me Now - from The Hunger Games: The Ballad of Songbirds & Snakes,Olivia Rodrigo,US,2023,2023-Q4,21-50,2023-11-17,
6dBUzqjtbnIa1TwYbyw5CM,Lovers Rock,TV Girl,US,2023,2023-Q4,21-50,2014-06-05,
0xxZY5C9xxij3D1HkzbnfC,Monster Mash,"Bobby ""Boris"" Pickett & The Crypt-Kickers",US,2023,2023-Q4,21-50,1962-01-01,
1SV1fxF65n9NhRHp3KlBuu,Wonderful Christmastime - Edited Version / Remastered 2011,Paul McCartney,US,2023,2023-Q4,21-50,1980-05-16,
0PAcdVzhPO4gq1Iym9ESnK,Thinkin’ Bout Me,Morgan Wallen,US,2023,2023-Q4,21-50,2023-03-03,
5W4kiM2cUYBJXKRudNyxjW,You Proof,Morgan Wallen,US,2023,2023-Q4,21-50,2023-03-03,
5CscrLqFBgPfZR8fGtikov,making the bed,Olivia Rodrigo,US,2023,2023-Q4,51+,2023-09-08,
3kfhS2L56Wj8fBcu7xE47H,Turks & Caicos,Rod Wave,US,2023,2023-Q4,51+,2023-09-15,
38R5sydMbsBzSPGPMfmtpb,MR. TAKE YA B*TCH (FEAT. CHRISEANROCK),Lil Mabu,US,2023,2023-Q4,51+,2023-10-17,
0hvN2v6fAcB6xWyW7UaooA,(There's No Place Like) Home for the Holidays - 1959 Version,Perry Como,US,2023,2023-Q4,51+,1991-08-26,
0Ie5uiv54KgCr7P4sYDTHl,Baby It's Cold Outside (duet with Michael Bublé),Idina Menzel,US,2023,2023-Q4,51+,2014-10-10,
4HeViKsdSOLkOvwfcRVkK8,Mamaw's House,Thomas Rhett,US,2023,2023-Q4,51+,2023-09-29,
7fveJ3pk1eSfxBdVkzdXZ0,Cowgirls,Morgan Wallen,US,2023,2023-Q4,51+,2023-03-03,
1SjsVdSXpwm1kTdYEHoPIT,Sun to Me,Zach Bryan,US,2023,2023-Q4,51+,2022-05-20,
5P8Xvy5tzhmfyfA6GplQ8h,I Want a Hippopotamus for Christmas (Hippo the Hero),Gayla Peevey,US,2023,2023-Q4,51+,1953-11-11,
41onDks2UPbyjer5fMeUWf,Christmas In Hollis,Run–D.M.C.,US,2023,2023-Q4,51+,1988-09-16,
7gaA3wERFkFkgivjwbSvkG,"yes, and?",Ariana Grande,US,2024,2024-Q1,1-10,2024-01-12,
4iZ4pt7kvcaH6Yo8UoZ4s2,Snooze,SZA,US,2024,2024-Q1,1-10,2022-12-09,
3RwWW7KeVhHGayYJgUL5eZ,eternal sunshine,Ariana Grande,US,2024,2024-Q1,1-10,2024-03-08,
5tEaVciE2GnR28aN6W9cLS,FUK SUMN,¥$,US,2024,2024-Q1,1-10,2024-02-09,
28drn6tQo95MRvO0jQEo5C,Type Shit,Future,US,2024,2024-Q1,1-10,2024-03-22,
2tudvzsrR56uom6smgOcSf,Like That,Future,US,2024,2024-Q1,1-10,2024-03-22,
5PyDJG7SQRgWXefgexqIge,Agora Hills,Doja Cat,US,2024,2024-Q1,1-10,2023-09-20,
0Lmbke3KNVFXtoH2mMSHCw,the boy is mine,Ariana Grande,US,2024,2024-Q1,1-10,2024-03-08,
79AHPJd8upvNxyK2qQcY8J,HISS,Megan Thee Stallion,US,2024,2024-Q1,1-10,2024-01-26,
3w0w2T288dec0mgeZZqoNN,CARNIVAL,¥$,US,2024,2024-Q1,1-10,2024-02-09,
7KA4W4McWYRpgf0fWsJZWB,See You Again,"Tyler, The Creator",US,2024,2024-Q1,11-20,2017-07-21,
347AQK5Lyhn6RvB8tBGYxt,STARS,¥$,US,2024,2024-Q1,11-20,2024-02-09,
6rjuKpPydT2SxN15TZpV7r,500lbs,Lil Tecca,US,2024,2024-Q1,11-20,2023-09-22,
42VsgItocQwOQC3XWZ8JNA,FE!N,Travis Scott,US,2024,2024-Q1,11-20,2023-07-28,
1udwFobQ1JoOdWPQrp2b6u,Surround Sound,JID,US,2024,2024-Q1,11-20,2022-10-31,
1yeB8MUNeLo9Ek1UEpsyz6,Rich Baby Daddy,Drake,US,2024,2024-Q1,11-20,2023-10-06,
7aqfrAY2p9BUSiupwk3svU,First Person Shooter,Drake,US,2024,2024-Q1,11-20,2023-10-06,
6tNgRQ0K2NYZ0Rb9l9DzL8,obsessed,Olivia Rodrigo,US,2024,2024-Q1,11-20,2024-03-22,
2YSzYUF3jWqb9YP9VXmpjE,IDGAF,Drake,US,2024,2024-Q1,11-20,2023-10-06,
04CyMEHliadfQWMUJb1w99,BURN,¥$,US,2024,2024-Q1,11-20,2024-02-09,
7pBcryEKcUEaWHwAu1wUyP,Magic Don Juan (Princess Diana),Future,US,2024,2024-Q1,21-50,2024-03-22,
7CyPwkp0oE8Ro9Dd5CUDjW,One Of The Girls,The Weeknd,US,2024,2024-Q1,21-50,2023-06-23,
003vvx7Niy0yvhvHt4a68B,Mr. Brightside,The Killers,US,2024,2024-Q1,21-50,2004-01-01,
5W4kiM2cUYBJXKRudNyxjW,You Proof,Morgan Wallen,US,2024,2024-Q1,21-50,2023-03-03,
17cia5k4BpGVlyEfqrFH50,Can’t Catch Me Now - from The Hunger Games: The Ballad of Songbirds & Snakes,Olivia Rodrigo,US,2024,2024-Q1,21-50,2023-11-17,
4q7y1JFDBJSBSLqXVgcI51,Runnin Outta Time,Future,US,2024,2024-Q1,21-50,2024-03-22,
2y4ZR0BUAVePljHSsZyIgj,PAID,¥$,US,2024,2024-Q1,21-50,2024-02-09,
2K7sv1mno9PvbXVBpqvSKn,sneaky,21 Savage,US,2024,2024-Q1,21-50,2024-01-12,
3xKsf9qdS1CyvXSMEid6g8,Pink + White,Frank Ocean,US,2024,2024-Q1,21-50,2016-08-20,
7hVb3OyFkgxDgpTdrOX6dT,KEYS TO MY LIFE,¥$,US,2024,2024-Q1,21-50,2024-02-09,
0caJ2wkqp4UmXBwdR2JvB5,Dial Drunk,Noah Kahan,US,2024,2024-Q1,51+,2023-06-09,
086myS9r57YsLbJpU0TgK9,Why'd You Only Call Me When You're High?,Arctic Monkeys,US,2024,2024-Q1,51+,2013-09-09,
4yreExU3eRNTe2iJz6X6k3,american dream,21 Savage,US,2024,2024-Q1,51+,2024-01-12,
72qABvaqn3TP6drO2tByA6,Ain't No Love,Future,US,2024,2024-Q1,51+,2024-03-22,
6XjDF6nds4DE2BBbagZol6,Gata Only,FloyyMenor,US,2024,2024-Q1,51+,2024-02-02,
5TXDeTFVRVY7Cvt0Dw4vWW,Revenge,XXXTENTACION,US,2024,2024-Q1,51+,2017-08-25,
6FBzhcfgGacfXF3AmtfEaX,C U Girl,Steve Lacy,US,2024,2024-Q1,51+,2015-02-15,
43SoxERu5UlXAgt4Es1VQU,Porch Light,Josh Meloy,US,2024,2024-Q1,51+,2022-11-18,
0JmnkIqdlnUzPaf8sqBRs3,Moonlight,Kali Uchis,US,2024,2024-Q1,51+,2023-03-03,
3CWq0pAKKTWb0K4yiglDc4,You’re Losing Me (From The Vault),Taylor Swift,US,2024,2024-Q1,51+,2023-11-29,
77DRzu7ERs0TX3roZcre7Q,euphoria,Kendrick Lamar,US,2024,2024-Q2,1-10,2024-04-30,
3xkHsmpQCBMytMJNiDf3Ii,Beautiful Things,Benson Boone,US,2024,2024-Q2,1-10,2024-04-05,
3NMrVbIVWT3fPXBj0rNDKG,The Tortured Poets Department,Taylor Swift,US,2024,2024-Q2,1-10,2024-04-18,
5ZLL6wYXeqg0k35ZkDRfhZ,Pour Me A Drink (Feat. Blake Shelton),Post Malone,US,2024,2024-Q2,1-10,2024-06-21,
2XXwLdtuAcE0HSCu61ijAb,My Boy Only Breaks His Favorite Toys,Taylor Swift,US,2024,2024-Q2,1-10,2024-04-18,
2tHwzyyOLoWSFqYNjeVMzj,Please Please Please,Sabrina Carpenter,US,2024,2024-Q2,1-10,2024-08-23,
5IZXB5IKAD2qlvTPJYDCFB,I Had Some Help (Feat. Morgan Wallen),Post Malone,US,2024,2024-Q2,1-10,2024-08-15,
19XpFsce28aByvCC4g89tJ,Too Sweet,Hozier,US,2024,2024-Q2,1-10,2024-08-19,
6zuPQl2RVqQ4y5nAH61CFC,II MOST WANTED,Beyoncé,US,2024,2024-Q2,1-10,2024-03-27,
3Vevii7qKqrmW8CcyzBHDl,"So Long, London",Taylor Swift,US,2024,2024-Q2,1-10,2024-04-18,
3eh51r6rFWAlGQRlHx9QnQ,Push Ups,Drake,US,2024,2024-Q2,11-20,2024-04-19,
4xdBrk0nFZaP54vvZj0yx7,HOT TO GO!,Chappell Roan,US,2024,2024-Q2,11-20,2023-09-22,
6fPan2saHdFaIHuTSatORv,L’AMOUR DE MA VIE,Billie Eilish,US,2024,2024-Q2,11-20,2024-05-17,
6Y4rniIxibegzsg8cdWAWV,BODYGUARD,Beyoncé,US,2024,2024-Q2,11-20,2024-03-29,
1yfKakY4rvI17lk20ekuRA,Crocodile Tearz,J. Cole,US,2024,2024-Q2,11-20,2024-04-05,
6TGd66r0nlPaYm3KIoI7ET,THE GREATEST,Billie Eilish,US,2024,2024-Q2,11-20,2024-05-17,
57wp7VFnV8X0pSVnYArGeJ,Whatever She Wants,Bryson Tiller,US,2024,2024-Q2,11-20,2024-02-13,
2prqm9sPLj10B4Wg0wE5x9,BLUE,Billie Eilish,US,2024,2024-Q2,11-20,2024-05-17,
7iabz12vAuVQYyekFIWJxD,BAND4BAND,Central Cee,US,2024,2024-Q2,11-20,2024-05-23,
2UDARQiksl207HcSduDpov,LEVII'S JEANS,Beyoncé,US,2024,2024-Q2,11-20,2024-03-29,
0W0iAC1VGlB82PI6elxFYf,Guilty as Sin?,Taylor Swift,US,2024,2024-Q2,21-50,2024-04-18,
76OC0zMt7wqgys9BpPfLag,SMOKE HOUR ★ WILLIE NELSON,Beyoncé,US,2024,2024-Q2,21-50,2024-03-27,
27a8HLPwti6tmgQ6FR8aVI,DAUGHTER,Beyoncé,US,2024,2024-Q2,21-50,2024-03-27,
0K9tfzrxJyCQIf7oAlPwaK,YA YA,Beyoncé,US,2024,2024-Q2,21-50,2024-03-29,
3NtCIBBz5pEAVGeHL4h5mS,TYRANT,Beyoncé,US,2024,2024-Q2,21-50,2024-03-27,
5Bedn0svl0ZD7RGmJkmKKw,How Did It End?,Taylor Swift,US,2024,2024-Q2,21-50,2024-04-19,
1ACA277B6f46DYCgZW8di3,if u think i'm pretty,Artemas,US,2024,2024-Q2,21-50,2024-02-09,
3evCfqmaP5ZFbWMeFI0E21,ALLIIGATOR TEARS,Beyoncé,US,2024,2024-Q2,21-50,2024-03-27,
1FhgmMvNlh3nJ1Ldc2eE6H,High Road,Koe Wetzel,US,2024,2024-Q2,21-50,2024-07-19,
5wbg8kepMFoMzHOEuxiI0q,Close To You,Gracie Abrams,US,2024,2024-Q2,21-50,2024-06-20,
1QvDl9tBq6PsMVE7Bf2ZOV,smoke & a light,Ole 60,US,2024,2024-Q2,51+,2023-08-29,
0JcD5qI9SxWqdEWmRjUX9X,Mental Clarity Is a Luxury I Can't Afford,$uicideboy$,US,2024,2024-Q2,51+,2024-06-14,
5rb9QrpfcKFHM1EUbSIurX,Yeah!,USHER,US,2024,2024-Q2,51+,2004-03-23,
2o1pb13quMReXZqE7jWsgq,intro (end of the world),Ariana Grande,US,2024,2024-Q2,51+,2024-03-08,
56y1jOTK0XSvJzVv9vHQBK,Paint The Town Red,Doja Cat,US,2024,2024-Q2,51+,2023-09-20,
7yNf9YjeO5JXUE3JEBgnYc,Babydoll,Dominic Fike,US,2024,2024-Q2,51+,2018-10-16,
6LAicOLiCrHw0bmaLBDbC8,whatsapp (wassam),Gunna,US,2024,2024-Q2,51+,2024-05-10,
3cmdqMDc0Fj4TgPeyDOYTM,Us Vs. Them,$uicideboy$,US,2024,2024-Q2,51+,2024-03-29,
0Lmbke3KNVFXtoH2mMSHCw,the boy is mine,Ariana Grande,US,2024,2024-Q2,51+,2024-03-08,
7b6sWLSnbZhSIeqNGrJ4py,These Walls,Dua Lipa,US,2024,2024-Q2,51+,2024-05-03,
4xdBrk0nFZaP54vvZj0yx7,HOT TO GO!,Chappell Roan,US,2024,2024-Q3,1-10,2023-09-22,
5IZXB5IKAD2qlvTPJYDCFB,I Had Some Help (Feat. Morgan Wallen),Post Malone,US,2024,2024-Q3,1-10,2024-08-15,
0IsIY8pfu1yaGkPUD7pkDx,Guess featuring billie eilish,Charli xcx,US,2024,2024-Q3,1-10,2024-10-11,
5iJKGpnFfvbjZJeAtwXfCj,28,Zach Bryan,US,2024,2024-Q3,1-10,2024-07-04,
2HRqTpkrJO5ggZyyK6NPWz,Espresso,Sabrina Carpenter,US,2024,2024-Q3,1-10,2024-08-23,
2tHwzyyOLoWSFqYNjeVMzj,Please Please Please,Sabrina Carpenter,US,2024,2024-Q3,1-10,2024-08-23,
19XpFsce28aByvCC4g89tJ,Too Sweet,Hozier,US,2024,2024-Q3,1-10,2024-08-19,
102YUQbYmwdBXS7jwamI90,Good Graces,Sabrina Carpenter,US,2024,2024-Q3,1-10,2024-08-23,
7Fzl7QaTu47WyP9R5S5mh5,Lies Lies Lies,Morgan Wallen,US,2024,2024-Q3,1-10,2024-07-05,
1UHS8Rf6h5Ar3CDWRd3wjF,Bed Chem,Sabrina Carpenter,US,2024,2024-Q3,1-10,2024-08-23,
7fveJ3pk1eSfxBdVkzdXZ0,Cowgirls,Morgan Wallen,US,2024,2024-Q3,11-20,2023-03-03,
5VhvD0AKRprEaFtPNKGBQR,Dumb & Poetic,Sabrina Carpenter,US,2024,2024-Q3,11-20,2024-08-23,
4KULAymBBJcPRpk1yO4dOG,I Remember Everything,Zach Bryan,US,2024,2024-Q3,11-20,2023-08-25,
6StwwqB84sJeLr7tZDTxEX,Guy For That (Feat. Luke Combs),Post Malone,US,2024,2024-Q3,11-20,2024-08-15,
24XihnoVPWXlKJ4BgXqjVM,It's ok I'm ok,Tate McRae,US,2024,2024-Q3,11-20,2024-09-12,
2CIXO1jQbrV1hlfI7FUKld,Wrong Ones (Feat. Tim McGraw),Post Malone,US,2024,2024-Q3,11-20,2024-08-15,
6GG4yyk3UATdBfTHVgI8PB,Ain't No Love In Oklahoma (From Twisters: The Album),Luke Combs,US,2024,2024-Q3,11-20,2024-05-16,
0OA00aPt3BV10qeMIs3meW,Big Dawgs,Hanumankind,US,2024,2024-Q3,11-20,2024-07-09,
7I3RalBqE7ZE0RSxgGlGlm,Habits,Eminem,US,2024,2024-Q3,11-20,2024-07-12,
4ZJ4vzLQekI0WntDbanNC7,Pink Skies,Zach Bryan,US,2024,2024-Q3,11-20,2024-05-24,
09LrGvT9KsACH66RHYMDyR,Don’t Smile,Sabrina Carpenter,US,2024,2024-Q3,21-50,2024-08-23,
0lJNSfWnwJMIh94Dv9jQUt,What Don't Belong To Me,Post Malone,US,2024,2024-Q3,21-50,2024-08-15,
59151GHN7yr5g9B3bqlGdR,Trouble,Eminem,US,2024,2024-Q3,21-50,2024-07-12,
3XbIhTYl6a0uXPyO43eiXa,Oak Island,Zach Bryan,US,2024,2024-Q3,21-50,2024-07-04,
21LCotDEwR7R8qOnqPVzi9,Evil,Eminem,US,2024,2024-Q3,21-50,2024-07-12,
6me7F0aaZjwDo6RJ5MrfBD,Evergreen,Richy Mitch & The Coal Miners,US,2024,2024-Q3,21-50,2017-05-17,
3uC4r2daXertBxxc8BpbbN,Lithonia,Childish Gambino,US,2024,2024-Q3,21-50,2024-07-19,
5b3XJ1pjrHO5JtY2PcTjnI,Mamushi,Megan Thee Stallion,US,2024,2024-Q3,21-50,2024-06-28,
1vj47xD8v9wIhQrmQY2Dkv,Better Days,Zach Bryan,US,2024,2024-Q3,21-50,2024-07-04,
4q5YezDOIPcoLr8R81x9qy,I Can Do It With a Broken Heart,Taylor Swift,US,2024,2024-Q3,21-50,2024-04-18,
5lKFO0PrOC9jmOlPEdjHsL,DOS DÍAS,Tito Double P,US,2024,2024-Q3,51+,2024-08-22,
0DM63CJEklNPKu6kHGyuEl,Yours,Post Malone,US,2024,2024-Q3,51+,2024-08-15,
2aPTvyE09vUCRwVvj0I8WK,Sundress,A$AP Rocky,US,2024,2024-Q3,51+,2018-11-20,
6IPwKM3fUUzlElbvKw2sKl,we fell in love in october,girl in red,US,2024,2024-Q3,51+,2018-11-21,
3hRV0jL3vUpRrcy398teAU,The Night We Met,Lord Huron,US,2024,2024-Q3,51+,2015-04-06,
5giwUhMFuodJcRhA8tlLSQ,Nobody's Soldier,Hozier,US,2024,2024-Q3,51+,2024-08-19,
69phA1R4gmQsBFRQ3INW8C,ONE CALL,Rich Amiri,US,2024,2024-Q3,51+,2023-11-17,
4xhsWYTOGcal8zt0J161CU,Lovin On Me,Jack Harlow,US,2024,2024-Q3,51+,2023-11-10,
0HEytGQM3bG1vKxER7IgVK,Spotless,Zach Bryan,US,2024,2024-Q3,51+,2023-08-25,
11bJ1ws3dathgY9uzADUhL,In The Night,Childish Gambino,US,2024,2024-Q3,51+,2024-07-19,
7ne4VBA60CxGM75vw0EYad,That’s So True,Gracie Abrams,US,2024,2024-Q4,1-10,2024-10-18,
3nAp4IvdMPPWEH9uuXFFV5,Underneath the Tree,Kelly Clarkson,US,2024,2024-Q4,1-10,2013-10-25,
2EjXfH91m7f8HiJN1yQg97,Rockin' Around The Christmas Tree,Brenda Lee,US,2024,2024-Q4,1-10,1964-10-19,
5S8VwnB4sLi6W0lYTWYylu,hey now,Kendrick Lamar,US,2024,2024-Q4,1-10,2024-11-22,
1QoyuMHNBe7lg3YW4Qtll4,St. Chroma,"Tyler, The Creator",US,2024,2024-Q4,1-10,2024-10-28,
1UHS8Rf6h5Ar3CDWRd3wjF,Bed Chem,Sabrina Carpenter,US,2024,2024-Q4,1-10,2024-08-23,
5RePVWy39tLpHH0WwXgBsK,Rah Tah Tah,"Tyler, The Creator",US,2024,2024-Q4,1-10,2024-10-28,
0FIDCNYYjNvPVimz5icugS,Timeless,The Weeknd,US,2024,2024-Q4,1-10,2025-01-31,
7hR22TOX3RorxJPcsz5Wbo,Love Somebody,Morgan Wallen,US,2024,2024-Q4,1-10,2024-10-18,
2FRnf9qhLbvw8fu4IBXx78,Last Christmas,Wham!,US,2024,2024-Q4,1-10,1984-11-29,
4BSR9I4ExlCJdXJo2GpBD5,Take Your Mask Off,"Tyler, The Creator",US,2024,2024-Q4,11-20,2024-10-28,
3QiAAp20rPC3dcAtKtMaqQ,Blue Christmas,Elvis Presley,US,2024,2024-Q4,11-20,1957-10-15,
0wgOhYnqZKjOHr6bmdz0aN,gloria,Kendrick Lamar,US,2024,2024-Q4,11-20,2024-11-22,
2pnPe4pJtq7689i5ydzvJJ,Run Rudolph Run - Single Version,Chuck Berry,US,2024,2024-Q4,11-20,1986-01-01,
4xdBrk0nFZaP54vvZj0yx7,HOT TO GO!,Chappell Roan,US,2024,2024-Q4,11-20,2023-09-22,
3aZptNYC6Z1YoumeqZcDcQ,gnx,Kendrick Lamar,US,2024,2024-Q4,11-20,2024-11-22,
102YUQbYmwdBXS7jwamI90,Good Graces,Sabrina Carpenter,US,2024,2024-Q4,11-20,2024-08-23,
3qCeq0rWK67SoBDgFd2sId,Feliz Navidad,José Feliciano,US,2024,2024-Q4,11-20,2001-01-01,
2Uts1QFB4u2YNIMiqcb4de,peekaboo,Kendrick Lamar,US,2024,2024-Q4,11-20,2024-11-22,
1SGvjfc85yzqKXsfKcCxn2,heart pt. 6,Kendrick Lamar,US,2024,2024-Q4,11-20,2024-11-22,
0pvZCv4JOS5WBu7JITYef6,I Hope You Find Your Way Home,"Tyler, The Creator",US,2024,2024-Q4,21-50,2024-10-28,
3siwsiaEoU4Kuuc9WKMUy5,No One Noticed,The Marías,US,2024,2024-Q4,21-50,2024-05-31,
1XBYiRV30ykHw5f4wm6qEn,NIGHTS LIKE THIS,The Kid LAROI,US,2024,2024-Q4,21-50,2023-11-10,
04vLj9QUXoKdRlsp3gkURo,Mele Kalikimaka (Merry Christmas),Bing Crosby,US,2024,2024-Q4,21-50,1945-01-01,
4ZJ4vzLQekI0WntDbanNC7,Pink Skies,Zach Bryan,US,2024,2024-Q4,21-50,2024-05-24,
4nVBt6MZDDP6tRVdQTgxJg,Story of My Life,One Direction,US,2024,2024-Q4,21-50,2013-11-25,
6thXB4RmajS4oZPNiBAKy0,Ghostbusters,Ray Parker Jr.,US,2024,2024-Q4,21-50,1993-10-12,
5QMrH5nszZZR3nefIj6Mar,Defying Gravity,Cynthia Erivo,US,2024,2024-Q4,21-50,2024-11-22,
51rfRCiUSvxXlCSCfIztBy,"I Love You, I'm Sorry",Gracie Abrams,US,2024,2024-Q4,21-50,2024-06-21,
3QIoEi8Enr9uHffwInGIsC,Please Come Home for Christmas - Eagles 2013 Remaster,Eagles,US,2024,2024-Q4,21-50,1978-11-27,
7EBy2V93Ykyvfc5CMApTGc,Barbarian,Juice WRLD,US,2024,2024-Q4,51+,2024-11-30,
0OWhKvvsHptt6vnnNUSM9a,Oklahoma Smokeshow,Zach Bryan,US,2024,2024-Q4,51+,2022-07-15,
1WIZiOuNO3woKfdlSK2gNn,Transportin',Kodak Black,US,2024,2024-Q4,51+,2017-08-18,
1aXV8GrmQLvgoFtBPERP7E,Jealous,Eyedress,US,2024,2024-Q4,51+,2019-12-06,
0hz5PNF2wejwUKCMpesQWt,Merry Christmas,Ed Sheeran,US,2024,2024-Q4,51+,2024-09-27,
1g7pFO1WtclKCuIQiS8sNM,Crybaby,SZA,US,2024,2024-Q4,51+,2024-12-20,
2OzhQlSqBEmt7hmkYxfT6m,Fortnight,Taylor Swift,US,2024,2024-Q4,51+,2024-04-18,
4YLizxRQsTqqnvzzYq2VaE,Mr Chow,Lil Uzi Vert,US,2024,2024-Q4,51+,2024-11-01,
5xDrO9DEDJGUQGfyoHvgDJ,Last Christmas,Ariana Grande,US,2024,2024-Q4,51+,2013-01-01,
1G391cbiT3v3Cywg8T7DM1,Scar Tissue,Red Hot Chili Peppers,US,2024,2024-Q4,51+,1999-06-08,
2plbrEY59IikOBgBGLjaoe,Die With A Smile,Lady Gaga,US,2025,2025-Q1,1-10,2024-08-16,
5xHgo5JN0wfsV41HnRaos5,The Giver,Chappell Roan,US,2025,2025-Q1,1-10,2025-03-13,
0FIDCNYYjNvPVimz5icugS,Timeless,The Weeknd,US,2025,2025-Q1,1-10,2025-01-31,
7EW7Yivb93qKAtp5qEm5of,Dark Thoughts,Lil Tecca,US,2025,2025-Q1,1-10,2025-03-14,
3MJ6lFNV12FSHAOzTzkwxz,Smile,Morgan Wallen,US,2025,2025-Q1,1-10,2024-12-31,
3AWDeHLc88XogCaCnZQLVI,Cry For Me,The Weeknd,US,2025,2025-Q1,1-10,2025-01-31,
3tFed7YsjGnIfxeLEQwx3R,Sticky,"Tyler, The Creator",US,2025,2025-Q1,1-10,2024-10-28,
0aB0v4027ukVziUGwVGYpG,tv off,Kendrick Lamar,US,2025,2025-Q1,1-10,2024-11-22,
7AeM1BGYM7emrqmQn1PuWv,I'm The Problem,Morgan Wallen,US,2025,2025-Q1,1-10,2025-05-16,
21IYMdzTrzSe191Cy5eMap,Sailor Song,Gigi Perez,US,2025,2025-Q1,1-10,2025-04-25,
00iLTetTLAeImmBlh6jOJh,K POP,Playboi Carti,US,2025,2025-Q1,11-20,2025-03-14,
2lTm559tuIvatlT1u0JYG2,BAILE INoLVIDABLE,Bad Bunny,US,2025,2025-Q1,11-20,2025-01-05,
4u43I0LP2Xf85OAS85eG0R,CN TOWER,PARTYNEXTDOOR,US,2025,2025-Q1,11-20,2025-02-14,
0NUqi0ps17YpLUC3kgsZq0,DIE TRYING,PARTYNEXTDOOR,US,2025,2025-Q1,11-20,2025-02-14,
3aSWXU6owkZeVhh94XxEWO,30 For 30,SZA,US,2025,2025-Q1,11-20,2024-12-20,
5nk6BxN9bM5rLNkA3pMOzn,Tweaker,Ball Brothers,US,2025,2025-Q1,11-20,2025-01-03,
0rNgWFQJtfttOYIHfDOHCg,BACKD00R,Playboi Carti,US,2025,2025-Q1,11-20,2025-03-14,
5Nz7hI3cCOHmMR4vSLJ1An,GIMME A HUG,Drake,US,2025,2025-Q1,11-20,2025-02-14,
5WEF0icHWmAZBBMglBd599,WELTiTA,Bad Bunny,US,2025,2025-Q1,11-20,2025-01-05,
6jbYpRPTEFl1HFKHk1IC0m,Like Him,"Tyler, The Creator",US,2025,2025-Q1,11-20,2024-10-28,
0stJVUUSrbEwyFHOp2dRu0,Open Hearts,The Weeknd,US,2025,2025-Q1,21-50,2025-01-30,
79x7xtoCLpf6l32Zz6mWo4,BOKeTE,Bad Bunny,US,2025,2025-Q1,21-50,2025-01-05,
2Uts1QFB4u2YNIMiqcb4de,peekaboo,Kendrick Lamar,US,2025,2025-Q1,21-50,2024-11-22,
0DA8aZZvG73AijDYT00ki1,bloodonmyhands,Tate McRae,US,2025,2025-Q1,21-50,2025-02-21,
3FjK86616FbluOfTxNK2gY,A N X I E T Y,Sleepy Hallow,US,2025,2025-Q1,21-50,2023-09-15,
7xAvtuHf8nGi5OtXVPYgb3,CRANK,Playboi Carti,US,2025,2025-Q1,21-50,2025-03-14,
1pzN8bCzy017iK3vWzkk6Z,WAKE UP F1LTHY,Playboi Carti,US,2025,2025-Q1,21-50,2025-03-14,
3siwsiaEoU4Kuuc9WKMUy5,No One Noticed,The Marías,US,2025,2025-Q1,21-50,2024-05-31,
21aDVa64pWR8SYQ7wBRMkd,CHARGE DEM HOES A FEE,Playboi Carti,US,2025,2025-Q1,21-50,2025-03-14,
63Pi2NAx5yCgeLhCTOrEou,Headlock,Imogen Heap,US,2025,2025-Q1,21-50,2005-01-01,
1DpC4L3JjsGRW7y6eTHaMj,Ojos Tristes,Selena Gomez,US,2025,2025-Q1,51+,2025-03-19,
5RKQ5NdjSh2QzD4MaunT91,Don't Stop Believin' (2022 Remaster),Journey,US,2025,2025-Q1,51+,1981-07-17,
6jp9WjJtKF0Fgks0Y9Kkni,Like I do,Tate McRae,US,2025,2025-Q1,51+,2025-02-21,
5TXDeTFVRVY7Cvt0Dw4vWW,Revenge,XXXTENTACION,US,2025,2025-Q1,51+,2017-08-25,
6LxSe8YmdPxy095Ux6znaQ,Headlines,Drake,US,2025,2025-Q1,51+,2011-11-15,
7zFXmv6vqI4qOt4yGf3jYZ,Get You,Daniel Caesar,US,2025,2025-Q1,51+,2017-08-25,
53WWD2BBC6Jcip8wy5CniE,cLOUDs,J. Cole,US,2025,2025-Q1,51+,2025-02-21,
4GqhG9rDuRUoNyDSMJ0Brq,SPIDER-MAN SUPERMAN,PARTYNEXTDOOR,US,2025,2025-Q1,51+,2025-02-14,
0OpC8hRrbsh24taKOsQBEX,Real Man,beabadoobee,US,2025,2025-Q1,51+,2024-08-09,
5IoPnNiYAOvHHJpz13wzRL,Vanish Into You,Lady Gaga,US,2025,2025-Q1,51+,2025-03-07,
04emojnbYkrRmv5qtJcgVP,What I Want,Morgan Wallen,US,2025,2025-Q2,1-10,2025-05-16,
1lfO0bqThTLimzHsvk3LrN,OWA OWA,Lil Tecca,US,2025,2025-Q2,1-10,2025-06-13,
3LPLRNr58Z9Pn0clnEtkXb,Anxiety,Doechii,US,2025,2025-Q2,1-10,2025-03-14,
0TFTAtCYhp2tQ9KcJIZb55,undressed,sombr,US,2025,2025-Q2,1-10,2025-08-22,
2jNyiavSywmA472t2m6ZBz,What Was That,Lorde,US,2025,2025-Q2,1-10,2025-04-24,
7EW7Yivb93qKAtp5qEm5of,Dark Thoughts,Lil Tecca,US,2025,2025-Q2,1-10,2025-03-14,
1BDLD4c07q0bmq2VCRsXoE,I Ain't Comin' Back,Morgan Wallen,US,2025,2025-Q2,1-10,2025-05-16,
5z0LSDpPpGwc2ZyJHpsE3J,Just In Case,Morgan Wallen,US,2025,2025-Q2,1-10,2025-05-16,
7AeM1BGYM7emrqmQn1PuWv,I'm The Problem,Morgan Wallen,US,2025,2025-Q2,1-10,2025-05-16,
7qjZnBKE73H4Oxkopwulqe,back to friends,sombr,US,2025,2025-Q2,1-10,2025-08-22,
6wZOZ0votPhc8qdg4UFPtH,dandelion,Ariana Grande,US,2025,2025-Q2,11-20,2025-03-28,
6TUf119oQrkteMSKTE1SOf,"Skoal, Chevy, and Browning",Morgan Wallen,US,2025,2025-Q2,11-20,2025-05-16,
0GnNHCDj2WOJl70UUcvAEP,Falling Apart,Morgan Wallen,US,2025,2025-Q2,11-20,2025-05-16,
68qeaZhtMZ6abrJCYt6nQn,RATHER LIE,Playboi Carti,US,2025,2025-Q2,11-20,2025-03-14,
3siwsiaEoU4Kuuc9WKMUy5,No One Noticed,The Marías,US,2025,2025-Q2,11-20,2024-05-31,
21IYMdzTrzSe191Cy5eMap,Sailor Song,Gigi Perez,US,2025,2025-Q2,11-20,2025-04-25,
0YsIYFRoxkmEvbKCwTp0Tg,20 Cigarettes,Morgan Wallen,US,2025,2025-Q2,11-20,2025-05-16,
7hR22TOX3RorxJPcsz5Wbo,Love Somebody,Morgan Wallen,US,2025,2025-Q2,11-20,2024-10-18,
2qPQcfUgizNDOIv1orkTAd,Bloodline,Alex Warren,US,2025,2025-Q2,11-20,2025-07-18,
6393yGahSJ9slVdOwSxOVR,Pink Pony Club,Chappell Roan,US,2025,2025-Q2,11-20,2023-09-21,
4Km9FSF9iaQiTLnFPdbPom,6 Months Later,Megan Moroney,US,2025,2025-Q2,21-50,2025-06-20,
6jbYpRPTEFl1HFKHk1IC0m,Like Him,"Tyler, The Creator",US,2025,2025-Q2,21-50,2024-10-28,
4KULAymBBJcPRpk1yO4dOG,I Remember Everything,Zach Bryan,US,2025,2025-Q2,21-50,2023-08-25,
7igCS2ZsfV7bvxuhF4XgiQ,I'm A Little Crazy,Morgan Wallen,US,2025,2025-Q2,21-50,2025-03-21,
4HWDNZ1i6gyzu9tUbNhC2C,Revelation,Morgan Wallen,US,2025,2025-Q2,21-50,2025-05-16,
5xHgo5JN0wfsV41HnRaos5,The Giver,Chappell Roan,US,2025,2025-Q2,21-50,2025-03-13,
2JPctdUgvkQSpnUdfROxvY,Te Quería Ver,Alemán,US,2025,2025-Q2,21-50,2025-05-09,
3t6gUcGYLrUuqwpXjOFWQc,I Never Lie,Zach Top,US,2025,2025-Q2,21-50,2024-04-05,
0nj9Bq5sHDiTxSHunhgkFb,squabble up,Kendrick Lamar,US,2025,2025-Q2,21-50,2024-11-22,
4IixOTCzviJgIigKleiVbo,Even In Arcadia,Sleep Token,US,2025,2025-Q2,21-50,2025-05-09,
5RKQ5NdjSh2QzD4MaunT91,Don't Stop Believin' (2022 Remaster),Journey,US,2025,2025-Q2,51+,1981-07-17,
3MJ6lFNV12FSHAOzTzkwxz,Smile,Morgan Wallen,US,2025,2025-Q2,51+,2024-12-31,
7y9iMe8SOB6z3NoHE2OfXl,Bad At Love,Halsey,US,2025,2025-Q2,51+,2017-06-02,
7zFXmv6vqI4qOt4yGf3jYZ,Get You,Daniel Caesar,US,2025,2025-Q2,51+,2017-08-25,
0T1tCsZ2qPRf6fwphjlNPM,Sober,Hudson Westbrook,US,2025,2025-Q2,51+,2025-04-25,
3anaHXs7z8NwLUatPxqJlE,Amen,Shaboozey,US,2025,2025-Q2,51+,2025-04-24,
5uhxL7UwvTMV6FSCTpKcjc,Leavin's The Least I Could Do,Morgan Wallen,US,2025,2025-Q2,51+,2025-05-16,
7aURTqVzpZxkJfboCvGc69,LiveLeak,Ken Carson,US,2025,2025-Q2,51+,2025-04-11,
2ZWlPOoWh0626oTaHrnl2a,Ivy,Frank Ocean,US,2025,2025-Q2,51+,2016-08-20,
56BtPjjWiRc0ch7DH8DNu9,Trap Jump,Ken Carson,US,2025,2025-Q2,51+,2025-04-11,
1qbmS6ep2hbBRaEZFpn7BX,Man I Need,Olivia Dean,US,2025,2025-Q3,1-10,2025-08-15,
4sLvxpKLvagQ4lZHUpymza,Big Poe,"Tyler, The Creator",US,2025,2025-Q3,1-10,2025-07-21,
01p5urrGw5fuFCcfT7PBgc,GO BABY,Justin Bieber,US,2025,2025-Q3,1-10,2025-07-11,
72PVbRKkUimweUPV0nKAPs,ALL I CAN TAKE,Justin Bieber,US,2025,2025-Q3,1-10,2025-07-11,
2SsY5k7UWFqgye3PUMG3Oq,The Subway,Chappell Roan,US,2025,2025-Q3,1-10,2025-08-01,
1qyw5wSUkEvH8DtaCdx7Lg,Go Go Juice,Sabrina Carpenter,US,2025,2025-Q3,1-10,2025-08-29,
3RXUgPNIbUgFxsDWuBQEt6,How It’s Done,HUNTR/X,US,2025,2025-Q3,1-10,2025-06-20,
02sy7FAs8dkDNYsHp4Ul3f,Soda Pop,Saja Boys,US,2025,2025-Q3,1-10,2025-06-20,
6xV7Be6XEvkSnighmh2Tzj,Sugar On My Tongue,"Tyler, The Creator",US,2025,2025-Q3,1-10,2025-07-21,
0je57Uq5eTk1wrPzn9sWbl,When Did You Get Hot?,Sabrina Carpenter,US,2025,2025-Q3,1-10,2025-08-29,
0LutvoC2HqCfnaRSjrhtzo,WALKING AWAY,Justin Bieber,US,2025,2025-Q3,11-20,2025-07-11,
0M7mWKqwTIaVjYyxfZmtTa,"Courtesy Of The Red, White And Blue (The Angry American)",Toby Keith,US,2025,2025-Q3,11-20,2002-01-01,
3WgFhZfyk5nb6v7hkwPmD4,Mommanem,"Tyler, The Creator",US,2025,2025-Q3,11-20,2025-07-21,
21IVPfi81m6ywNgOvqTj1i,Don’t Worry I’ll Make You Worry,Sabrina Carpenter,US,2025,2025-Q3,11-20,2025-08-29,
1j8TmNa6vaFAEAws43kP0Q,THINGS YOU DO,Justin Bieber,US,2025,2025-Q3,11-20,2025-07-11,
5FMyXeZ0reYloRTiCkPprT,Which One,Drake,US,2025,2025-Q3,11-20,2025-07-25,
7AeM1BGYM7emrqmQn1PuWv,I'm The Problem,Morgan Wallen,US,2025,2025-Q3,11-20,2025-05-16,
6wkYQMrFfb0huLB5Qn19Iv,We Almost Broke Up Again Last Night,Sabrina Carpenter,US,2025,2025-Q3,11-20,2025-08-29,
4gfrYDtaRmp6HPvN80V2ob,I Got Better,Morgan Wallen,US,2025,2025-Q3,11-20,2025-05-16,
1PdUyYYw9sGU0yhLrpeHKt,Never Getting Laid,Sabrina Carpenter,US,2025,2025-Q3,11-20,2025-08-29,
003vvx7Niy0yvhvHt4a68B,Mr. Brightside,The Killers,US,2025,2025-Q3,21-50,2004-01-01,
0LQtEJt7x0s6knb6RKdRYc,Chicken Fried,Zac Brown Band,US,2025,2025-Q3,21-50,2008-11-17,
3t6gUcGYLrUuqwpXjOFWQc,I Never Lie,Zach Top,US,2025,2025-Q3,21-50,2024-04-05,
1lfO0bqThTLimzHsvk3LrN,OWA OWA,Lil Tecca,US,2025,2025-Q3,21-50,2025-06-13,
2BkTPMr1v6Fr6JJwc4V7R5,Strategy,TWICE,US,2025,2025-Q3,21-50,2024-12-06,
7D0RhFcb3CrfPuTJ0obrod,Sparks,Coldplay,US,2025,2025-Q3,21-50,2000-07-10,
4Km9FSF9iaQiTLnFPdbPom,6 Months Later,Megan Moroney,US,2025,2025-Q3,21-50,2025-06-20,
3AD73lKeY2c9JhsHRqWkOw,KICK OUT,Travis Scott,US,2025,2025-Q3,21-50,2025-07-11,
5cfsQZEFf1IpQr8F9vI9le,BUTTERFLIES,Justin Bieber,US,2025,2025-Q3,21-50,2025-07-11,
1Y373MqadDRtclJNdnUXVc,Paranoid - 2012 - Remaster,Black Sabbath,US,2025,2025-Q3,21-50,1970-09-18,
0qRR9d89hIS0MHRkQ0ejxX,Rich Girl,Daryl Hall & John Oates,US,2025,2025-Q3,51+,1976-08-01,
3cZajhyr8LmtPfHZ9296tj,No Broke Boys,Disco Lines,US,2025,2025-Q3,51+,2025-06-06,
2J051fjLklkoPbzOoTAACZ,"Sally, When The Wine Runs Out",ROLE MODEL,US,2025,2025-Q3,51+,2025-02-14,
3tFed7YsjGnIfxeLEQwx3R,Sticky,"Tyler, The Creator",US,2025,2025-Q3,51+,2024-10-28,
5dUCixiCL0CcIUdlgUl1ct,Oneida,Tyler Childers,US,2025,2025-Q3,51+,2025-07-25,
42T2QQv3xgBlpQxaSP7lnK,One Last Breath,Creed,US,2025,2025-Q3,51+,2001-01-01,
63Pi2NAx5yCgeLhCTOrEou,Headlock,Imogen Heap,US,2025,2025-Q3,51+,2005-01-01,
1Iw5iLfAwDvS6frI82gMoV,End Of Summer,Tame Impala,US,2025,2025-Q3,51+,2025-07-25,
4eLDmhsJW3JoZTXCAozHor,Loco,Neton Vega,US,2025,2025-Q3,51+,2025-02-14,
7Ar4G7Ci11gpt6sfH9Cgz5,Listen to the Music,The Doobie Brothers,US,2025,2025-Q3,51+,1972-01-01,
7fUYUcWy853HS8YJn0b3Sr,Sleigh Ride,The Ronettes,US,2025,2025-Q4,1-10,2020-12-04,
2x3mwb96B6TquRqMtbxUE1,Actually Romantic,Taylor Swift,US,2025,2025-Q4,1-10,2025-10-03,
5eXgqtg3T8Av0m1FUaGHex,The Life of a Showgirl,Taylor Swift,US,2025,2025-Q4,1-10,2025-10-03,
3RXUgPNIbUgFxsDWuBQEt6,How It’s Done,HUNTR/X,US,2025,2025-Q4,1-10,2025-06-20,
1jgTiNob5cVyXeJ3WgX5bL,Elizabeth Taylor,Taylor Swift,US,2025,2025-Q4,1-10,2025-10-03,
1qbmS6ep2hbBRaEZFpn7BX,Man I Need,Olivia Dean,US,2025,2025-Q4,1-10,2025-08-15,
7qjZnBKE73H4Oxkopwulqe,back to friends,sombr,US,2025,2025-Q4,1-10,2025-08-22,
5ylJtmaWPJ33cW3En7WOu0,Wood,Taylor Swift,US,2025,2025-Q4,1-10,2025-10-03,
2RkZ5LkEzeHGRsmDqKwmaJ,Ordinary,Alex Warren,US,2025,2025-Q4,1-10,2024-09-26,
03bTIHJElXZ0O0jqOQvAbY,Father Figure,Taylor Swift,US,2025,2025-Q4,1-10,2025-10-03,
3QIoEi8Enr9uHffwInGIsC,Please Come Home for Christmas - Eagles 2013 Remaster,Eagles,US,2025,2025-Q4,11-20,1978-11-27,
62V2ZHslgQV98gH4AuVXnr,Ruin The Friendship,Taylor Swift,US,2025,2025-Q4,11-20,2025-10-03,
0MHStU0muAIEMbwdnebYu2,Takedown,HUNTR/X,US,2025,2025-Q4,11-20,2025-06-20,
6thXB4RmajS4oZPNiBAKy0,Ghostbusters,Ray Parker Jr.,US,2025,2025-Q4,11-20,1993-10-12,
47ohYW8e7dxCYn9qbUMBCI,Christmas (Baby Please Come Home),Darlene Love,US,2025,2025-Q4,11-20,2020-12-04,
3XsaSIPWvM61RIFfeb0BBR,White Christmas - 1947 Version,Bing Crosby,US,2025,2025-Q4,11-20,1945-01-01,
4qmFC3Jz5aQ0erlk2OSi2X,Honey,Taylor Swift,US,2025,2025-Q4,11-20,2025-10-03,
0xxZY5C9xxij3D1HkzbnfC,Monster Mash,"Bobby ""Boris"" Pickett & The Crypt-Kickers",US,2025,2025-Q4,11-20,1962-01-01,
7scFxt9VhL4FJwuPSfRlfN,Choosin' Texas,Ella Langley,US,2025,2025-Q4,11-20,2026-04-10,
2OZVskV28xxJjjhQqKTLSg,PIXELATED KISSES,Joji,US,2025,2025-Q4,11-20,2025-10-14,
003vvx7Niy0yvhvHt4a68B,Mr. Brightside,The Killers,US,2025,2025-Q4,21-50,2004-01-01,
0InIeZW4P6VO7dUGRM4AKH,Sienna,The Marías,US,2025,2025-Q4,21-50,2024-05-31,
5o0hD6Bs6RdyZxfYBoEEc8,No Good Deed,Cynthia Erivo,US,2025,2025-Q4,21-50,2025-11-21,
42VUCXerQ5qTr4Qp6PhKo4,Tears,Sabrina Carpenter,US,2025,2025-Q4,21-50,2025-08-29,
1Wf14bTyb6UeKojy8ykPYm,Happy Holiday / The Holiday Season,Andy Williams,US,2025,2025-Q4,21-50,1963-01-01,
77khP2fIVhSW23NwxrRluh,A Holly Jolly Christmas - Single Version,Burl Ives,US,2025,2025-Q4,21-50,1965-10-01,
48axmFD7PUPnTOdSFMYrvj,WHO I WAS,NF,US,2025,2025-Q4,21-50,2025-11-13,
5z0LSDpPpGwc2ZyJHpsE3J,Just In Case,Morgan Wallen,US,2025,2025-Q4,21-50,2025-05-16,
1SV1fxF65n9NhRHp3KlBuu,Wonderful Christmastime - Edited Version / Remastered 2011,Paul McCartney,US,2025,2025-Q4,21-50,1980-05-16,
4Yg2w0P29BBBMixyeNjDtj,Do They Know It's Christmas? - 1984 Version,Band Aid,US,2025,2025-Q4,21-50,1984-11-25,
0rKtyWc8bvkriBthvHKY8d,SLOW DANCING IN THE DARK,Joji,US,2025,2025-Q4,51+,2018-10-26,
4RvWPyQ5RL0ao9LPZeSouE,Everybody Wants To Rule The World,Tears For Fears,US,2025,2025-Q4,51+,1985-02-25,
57Z6TJCTMACXxdrcwZ3Zvf,Phantom,EsDeeKid,US,2025,2025-Q4,51+,2025-06-20,
2Nig1jX8uBu3LdSSUrm7Fp,GIVE ME A REASON,NF,US,2025,2025-Q4,51+,2025-11-14,
4rMNgxEwGWoPHIUcvB5BrB,It Will Rain,Bruno Mars,US,2025,2025-Q4,51+,2011-09-27,
7fveJ3pk1eSfxBdVkzdXZ0,Cowgirls,Morgan Wallen,US,2025,2025-Q4,51+,2023-03-03,
5UWwZ5lm5PKu6eKsHAGxOk,Everlong,Foo Fighters,US,2025,2025-Q4,51+,1997-05-20,
3EMfeKtNK4q4k3sVjwg5Yy,My Man on Willpower,Sabrina Carpenter,US,2025,2025-Q4,51+,2025-08-29,
0O4vuJynWVVdyvoHvZtnk3,Christmas Canon,Trans-Siberian Orchestra,US,2025,2025-Q4,51+,1998-09-15,
5T0mnzMsyHtmWB7Kou51Ph,Gorgeous,Doja Cat,US,2025,2025-Q4,51+,2025-09-26,
7qjZnBKE73H4Oxkopwulqe,back to friends,sombr,US,2026,2026-Q1,1-10,2025-08-22,
53iuhJlwXhSER5J2IYYv1W,The Fate of Ophelia,Taylor Swift,US,2026,2026-Q1,1-10,2025-10-03,
6sGIMrtIzQjdzNndVxe397,So Easy (To Fall In Love),Olivia Dean,US,2026,2026-Q1,1-10,2025-09-26,
59D4DOkspUbWyMmbAPQkxZ,VOY A LLeVARTE PA PR,Bad Bunny,US,2026,2026-Q1,1-10,2025-01-05,
2lTm559tuIvatlT1u0JYG2,BAILE INoLVIDABLE,Bad Bunny,US,2026,2026-Q1,1-10,2025-01-05,
2rKkfc4VZ74FQDc1FF1Zo6,Body to Body,BTS,US,2026,2026-Q1,1-10,2026-03-20,
7scFxt9VhL4FJwuPSfRlfN,Choosin' Texas,Ella Langley,US,2026,2026-Q1,1-10,2026-04-10,
7N3d1hsZZpmmnovfAtnVFU,Porch Light,Noah Kahan,US,2026,2026-Q1,1-10,2026-04-24,
3xClevycpBON8bkyxFbAna,Taste Back,Harry Styles,US,2026,2026-Q1,1-10,2026-03-06,
0FlcmZ13DGRmscCroro9GO,Body,Don Toliver,US,2026,2026-Q1,1-10,2026-01-30,
2gYTC8DsplN3RNdpdBcCOQ,Die On This Hill,SIENNA SPIRO,US,2026,2026-Q1,11-20,2025-10-10,
3THVfoVD5kdCxPviVaCPi7,Internet Girl,KATSEYE,US,2026,2026-Q1,11-20,2026-01-02,
67Ar9BnEeB5FU5vQBYhbGe,Be By You,Luke Combs,US,2026,2026-Q1,11-20,2026-03-20,
5ViLKrbyL3HD6wsq3AB9eI,White Keys,Dominic Fike,US,2026,2026-Q1,11-20,2025-11-14,
1CPZ5BxNNd0n0nF4Orb9JS,Golden,HUNTR/X,US,2026,2026-Q1,11-20,2025-06-20,
57ENogEkvFsU7Wmt3lvQMG,Two Six,J. Cole,US,2026,2026-Q1,11-20,2026-02-06,
4Z5KKoBGxpJo8YbDcGQXd5,Secondhand,Don Toliver,US,2026,2026-Q1,11-20,2026-01-30,
2A22iI0x4EYAVXNpKPhNEM,weren't for the wind,Ella Langley,US,2026,2026-Q1,11-20,2024-11-01,
7s7v5EoNLD6TwDu4Nw51Oy,Are You Listening Yet?,Harry Styles,US,2026,2026-Q1,11-20,2026-03-06,
1sVBT215CDmVJvfy1E2OCU,God Was Showing Off,Bruno Mars,US,2026,2026-Q1,11-20,2026-02-27,
6DH13QYXK7lKkYHSU88N48,Who Knows,Daniel Caesar,US,2026,2026-Q1,21-50,2025-10-24,
75FEaRjZTKLhTrFGsfMUXR,Running Up That Hill (A Deal With God),Kate Bush,US,2026,2026-Q1,21-50,1985-01-01,
03tqyYWC9Um2ZqU0ZN849H,No Hands,Waka Flocka Flame,US,2026,2026-Q1,21-50,2010-10-01,
4jyyma8YdFC4S4llusSFRu,butterflies.,Brent Faiyaz,US,2026,2026-Q1,21-50,2026-02-13,
0InIeZW4P6VO7dUGRM4AKH,Sienna,The Marías,US,2026,2026-Q1,21-50,2024-05-31,
7AeM1BGYM7emrqmQn1PuWv,I'm The Problem,Morgan Wallen,US,2026,2026-Q1,21-50,2025-05-16,
1XpVhaI4HzWrhRWIpdfyJB,Please,BTS,US,2026,2026-Q1,21-50,2026-03-20,
13HD3tYTiz8oSRxWzXEq7g,Be Her,Ella Langley,US,2026,2026-Q1,21-50,2026-04-10,
7eqoqGkKwgOaWNNHx90uEZ,Nights,Frank Ocean,US,2026,2026-Q1,21-50,2016-08-20,
3QuRLv8zkIYH31O5VgEpmo,Carla's Song,Harry Styles,US,2026,2026-Q1,21-50,2026-03-06,
4ThbwJaIWVxXZ1qJaHQBCz,Travelin' Soldier,Cody Johnson,US,2026,2026-Q1,51+,2025-11-07,
3kUHIvjJ8p9UzeaeeqHkfg,The Fall-Off is Inevitable,J. Cole,US,2026,2026-Q1,51+,2026-02-06,
2hnMS47jN0etwvFPzYk11f,Santeria,Sublime,US,2026,2026-Q1,51+,1996-07-30,
58q2HKrzhC3ozto2nDdN4z,I Like It,Cardi B,US,2026,2026-Q1,51+,2018-04-06,
1LzNfuep1bnAUR9skqdHCK,Fade Into You,Mazzy Star,US,2026,2026-Q1,51+,1993-10-05,
0EqH5Wz93cJtfUGv3vtQPY,29 Intro,J. Cole,US,2026,2026-Q1,51+,2026-02-06,
2wAJTrFhCnQyNSD3oUgTZO,Work Out,J. Cole,US,2026,2026-Q1,51+,2011-09-27,
3pAVk6Ydn0dcGpG8gDyxSJ,Hell At Night,BigXthaPlug,US,2026,2026-Q1,51+,2025-08-22,
41v5ExDEEEvJsWAPo91aoj,Slicked Back,Zach Bryan,US,2026,2026-Q1,51+,2026-01-09,
0iKo4pNNjHHdKUcFARlfCa,EL CLúB,Bad Bunny,US,2026,2026-Q1,51+,2025-01-05,
55wlsNYqcfiQsHuX8l0jmF,Make Them Cry,Drake,US,2026,2026-Q2,1-10,2026-05-15,
6sGIMrtIzQjdzNndVxe397,So Easy (To Fall In Love),Olivia Dean,US,2026,2026-Q2,1-10,2025-09-26,
55pBIZO1cqoldeqpp5WR7H,the cure,Olivia Rodrigo,US,2026,2026-Q2,1-10,2026-06-12,
7J1uxwnxfQLu4APicE5Rnj,Billie Jean,Michael Jackson,US,2026,2026-Q2,1-10,1982-11-30,
4kX7xkopoXZCfE1D6fNwl2,honeybee,Olivia Rodrigo,US,2026,2026-Q2,1-10,2026-06-11,
6QFCMUUq1T2Vf5sFUXcuQ7,Beauty And A Beat,Justin Bieber,US,2026,2026-Q2,1-10,2012-01-01,
3B4cjvGlPvyBLNG3AzEgkZ,E85,Don Toliver,US,2026,2026-Q2,1-10,2026-01-30,
4Ilw2lD6z4WBqh65vUUZUf,my way,Olivia Rodrigo,US,2026,2026-Q2,1-10,2026-06-12,
13HD3tYTiz8oSRxWzXEq7g,Be Her,Ella Langley,US,2026,2026-Q2,1-10,2026-04-10,
514joG57v4yKTsfQmz7stz,Janice STFU,Drake,US,2026,2026-Q2,1-10,2026-05-15,
61rwYQu9An4QWrcCUyFUyq,I Can't Love You Anymore,Ella Langley,US,2026,2026-Q2,11-20,2026-04-10,
3cLCA9LSb6UiOeNvTZoaav,Plot Twist,Drake,US,2026,2026-Q2,11-20,2026-05-15,
5ViLKrbyL3HD6wsq3AB9eI,White Keys,Dominic Fike,US,2026,2026-Q2,11-20,2025-11-14,
53qkszfgztIvkFyF31GfdQ,Dreams - 2001 Remaster,Fleetwood Mac,US,2026,2026-Q2,11-20,1977-01-01,
46eu3SBuFCXWsPT39Yg3tJ,Don't Stop 'Til You Get Enough - Single Version,Michael Jackson,US,2026,2026-Q2,11-20,1979-08-10,
6f68Ac5tt5BQOpwr0BV9oN,I Just Might,Bruno Mars,US,2026,2026-Q2,11-20,2026-02-27,
4rECUI03C2RMqr5GYvqjlJ,Haircut,Noah Kahan,US,2026,2026-Q2,11-20,2026-04-24,
3EnTGnmNu1TDEcpbbTajuo,23,Noah Kahan,US,2026,2026-Q2,11-20,2026-04-24,
2SaWT781xr3hHLdbVt5DB7,Freakin’ Out,Dexter and The Moonrocks,US,2026,2026-Q2,11-20,2026-03-11,
4KmkJjHTNlr1jFY56Lyz4E,PINKY UP,KATSEYE,US,2026,2026-Q2,11-20,2026-04-09,
0AcgKF7kbSoCkh3n7vlHwK,Dirty Diana - 2012 Remaster,Michael Jackson,US,2026,2026-Q2,21-50,1987-08-31,
0eu4C55hL6x29mmeAjytzC,Life Goes On,Oliver Tree,US,2026,2026-Q2,21-50,2021-05-28,
6J5kc12BW5HuP3d7C3vvx8,EoO,Bad Bunny,US,2026,2026-Q2,21-50,2025-01-05,
4KULAymBBJcPRpk1yO4dOG,I Remember Everything,Zach Bryan,US,2026,2026-Q2,21-50,2023-08-25,
2009X8GyWTqyxIdzAEYW6N,The One That Got Away,Katy Perry,US,2026,2026-Q2,21-50,2010-01-01,
70LcF31zb1H0PyJoS1Sx1r,Creep,Radiohead,US,2026,2026-Q2,21-50,1993-02-22,
4bWZz15GR1EE8E8x23rDWV,PUNCH DRUNK,Kanye West,US,2026,2026-Q2,21-50,2026-03-28,
6Qyc6fS4DsZjB2mRW9DsQs,Iris,The Goo Goo Dolls,US,2026,2026-Q2,21-50,1998-01-01,
1rIKgCH4H52lrvDcz50hS8,Lush Life,Zara Larsson,US,2026,2026-Q2,21-50,2017-03-17,
58ge6dfP91o9oXMzq3XkIS,505,Arctic Monkeys,US,2026,2026-Q2,21-50,2007-04-24,
0gEyKnHvgkrkBM6fbeHdwK,Linger,The Cranberries,US,2026,2026-Q2,51+,1993-03-01,
0EsJdOSOrBfTo816lWRW4Q,Outside Tweaking,Drake,US,2026,2026-Q2,51+,2026-05-15,
5T7ywazdGIydr6JCW6t02j,Smooth Criminal - 2012 Remaster,Michael Jackson,US,2026,2026-Q2,51+,1987-08-31,
2XHzzp1j4IfTNp1FTn7YFg,Love Me,Lil Wayne,US,2026,2026-Q2,51+,2013-01-01,
4ZJ4vzLQekI0WntDbanNC7,Pink Skies,Zach Bryan,US,2026,2026-Q2,51+,2024-05-24,
5PjdY0CKGZdEuoNab3yDmX,Stay,The Kid LAROI,US,2026,2026-Q2,51+,2021-07-23,
5r5cp9IpziiIsR6b93vcnQ,Walking On A Dream,Empire Of The Sun,US,2026,2026-Q2,51+,2008-10-03,
33KU9huHP1Lv1UWWVkuTYd,Impostor Syndrome,Sidney Gish,US,2026,2026-Q2,51+,2017-12-31,
0IjdXwCEhZR7JIwq6Za8j5,Jane!,The Long Faces,US,2026,2026-Q2,51+,2018-07-03,
7fveJ3pk1eSfxBdVkzdXZ0,Cowgirls,Morgan Wallen,US,2026,2026-Q2,51+,2023-03-03,
22NHkFYbgxB2Zirj29Gbp8,oh yeah?,Steve Lacy,US,2026,2026-Q3,1-10,2026-07-17,
3fRCAPMMZ8l8P9YKI6OCzD,drop dead,Olivia Rodrigo,US,2026,2026-Q3,1-10,2026-06-11,
2A22iI0x4EYAVXNpKPhNEM,weren't for the wind,Ella Langley,US,2026,2026-Q3,1-10,2024-11-01,
5DZOKNtaoVEssXu9ltcMjx,oh well,Ariana Grande,US,2026,2026-Q3,1-10,2026-07-31,
003vvx7Niy0yvhvHt4a68B,Mr. Brightside,The Killers,US,2026,2026-Q3,1-10,2004-01-01,
36idurZmYRjJ56KQ8JD9bN,Boston,STELLA LEFTY,US,2026,2026-Q3,1-10,2026-03-27,
3xwMjQriBVW0OGEvNKo9c0,Been By Now,Morgan Wallen,US,2026,2026-Q3,1-10,2026-07-24,
49j6SvuvWfbEKZKzsHCdLJ,stupid song,Olivia Rodrigo,US,2026,2026-Q3,1-10,2026-06-11,
3d1oTMjtfVySbAYQp3v4MU,like i do,Ariana Grande,US,2026,2026-Q3,1-10,2026-07-31,
7bxaFZ1O3cHkgLKMsdC3xR,Loser,Tame Impala,US,2026,2026-Q3,1-10,2025-10-17,
6De8sirPzVyAoBDlQpcutY,misery.,pupsies,US,2026,2026-Q3,11-20,2026-03-18,
55srcWA7TioKV0LZVNXltY,never get over me,Ariana Grande,US,2026,2026-Q3,11-20,2026-07-31,
02HyFYmpzt02VJ8k0CqxKj,Ain't In LA,ADÉLA,US,2026,2026-Q3,11-20,2026-07-23,
53qkszfgztIvkFyF31GfdQ,Dreams - 2001 Remaster,Fleetwood Mac,US,2026,2026-Q3,11-20,1977-01-01,
6QhsCYcFdfyMbPWCiViI8K,freak,Ariana Grande,US,2026,2026-Q3,11-20,2026-07-31,
5fdhThPDe6jQQDqCyWrdAn,Jolene,Dolly Parton,US,2026,2026-Q3,11-20,1974-01-01,
0LQtEJt7x0s6knb6RKdRYc,Chicken Fried,Zac Brown Band,US,2026,2026-Q3,11-20,2008-11-17,
5qqabIl2vWzo9ApSC317sa,Wonderwall - Remastered,Oasis,US,2026,2026-Q3,11-20,1995-10-02,
4gfrYDtaRmp6HPvN80V2ob,I Got Better,Morgan Wallen,US,2026,2026-Q3,11-20,2025-05-16,
1VOSSXuWRcBj2rpfxNdX9v,Broken Window Serenade,Whiskey Myers,US,2026,2026-Q3,11-20,2011-04-26,
6J5kc12BW5HuP3d7C3vvx8,EoO,Bad Bunny,US,2026,2026-Q3,21-50,2025-01-05,
79RJg6MqIJlBuedcMqB9F0,My Body Isn't Ready,sombr,US,2026,2026-Q3,21-50,2026-06-25,
05ZACkzW8YbRq3eFgIfSNB,Springsteen,Eric Church,US,2026,2026-Q3,21-50,2011-01-01,
5BZsQlgw21vDOAjoqkNgKb,DAISIES,Justin Bieber,US,2026,2026-Q3,21-50,2025-07-11,
0dOg1ySSI7NkpAe89Zo0b9,Born in the U.S.A.,Bruce Springsteen,US,2026,2026-Q3,21-50,1984-06-04,
7AeM1BGYM7emrqmQn1PuWv,I'm The Problem,Morgan Wallen,US,2026,2026-Q3,21-50,2025-05-16,
1qRV1dKLOfH1s00b9J2LUQ,Midnight Sun,Zara Larsson,US,2026,2026-Q3,21-50,2025-09-25,
1KGi9sZVMeszgZOWivFpxs,No Scrubs,TLC,US,2026,2026-Q3,21-50,1999-02-23,
7yq4Qj7cqayVTp3FF9CWbm,Riptide,Vance Joy,US,2026,2026-Q3,21-50,2014-09-08,
3iEUDvanZwQhLCIqUmCR7N,The Spins,Mac Miller,US,2026,2026-Q3,21-50,2010-08-13,
4sIFi8LpJWPvI5xviWFyA6,D>E>A>T>H>M>E>T>A>L,Panchiko,US,2026,2026-Q3,51+,2000-12-05,
0COqiPhxzoWICwFCS4eZcp,Bring Me To Life,Evanescence,US,2026,2026-Q3,51+,2003-03-04,
5Ctzx0mMiUPAu9JqbAOY9n,Be Like a Woman,Chris Rainbow,US,2026,2026-Q3,51+,1979-01-01,
2FZcjBYK4dTt48q94pJbJD,Bass Persuades,Miley Cyrus,US,2026,2026-Q3,51+,2026-09-03,
3eZcmEO0X0nsfV8E3NZelo,Take Me Back (Leave Me There),Cody Johnson,US,2026,2026-Q3,51+,2026-06-26,
5ihS6UUlyQAfmp48eSkxuQ,Landslide,Fleetwood Mac,US,2026,2026-Q3,51+,1975-07-11,
6DoUDG1GJrJf6eGQLUBBnm,Ahí,KAROL G,US,2026,2026-Q3,51+,2026-08-07,
7ujApz6iFP3PmKIDGcaGbe,Great Expectation,SIENNA SPIRO,US,2026,2026-Q3,51+,2026-07-02,
0GONea6G2XdnHWjNZd6zt3,Summer Of '69,Bryan Adams,US,2026,2026-Q3,51+,1984-11-05,
3hxIUxnT27p5WcmjGUXNwx,Shut up My Moms Calling,Hotel Ugly,US,2026,2026-Q3,51+,2020-02-10,
5wANPM4fQCJwkGd4rN57mH,drivers license,Olivia Rodrigo,VN,2021,2021-Q1,1-10,2021-05-21,
2z9iLlNBt1aLZUCFgXby97,CÓ CHẮC YÊU LÀ ĐÂY,Sơn Tùng M-TP,VN,2021,2021-Q1,1-10,2020-07-06,
0d6dbFvKczX1Us3J7TsMMv,Lỡ Say Bye Là Bye,Changg,VN,2021,2021-Q1,1-10,2021-01-22,
2pn8dNVSpYnAtlKFC8Q0DJ,On The Ground,ROSÉ,VN,2021,2021-Q1,1-10,2021-03-12,
6IAqflHsPVm4EpYghXauX7,Sinh Ra Đã Là Thứ Đối Lập Nhau,Emcee L (Da LAB),VN,2021,2021-Q1,1-10,2018-03-01,
50cmxP6KlnQA9IG3q5ckKD,Mascara,Chillies,VN,2021,2021-Q1,1-10,2021-05-05,
1J3SmWwlYAG68LGKr86MVH,Chúng Ta Của Hiện Tại,Sơn Tùng M-TP,VN,2021,2021-Q1,1-10,2020-12-20,
5Ojsg9xR0wlTpDIW1qLYz2,Đom Đóm,Jack - J97,VN,2021,2021-Q1,1-10,2020-12-26,
2MJz8BxxMsERULatmBikDH,At My Worst,Pink Sweat$,VN,2021,2021-Q1,1-10,2021-02-12,
1fh5Sf3fFESFOS8D82RQiI,từ thích thích thành thương thương,AMEE,VN,2021,2021-Q1,1-10,2020-12-16,
3pyHABNUu0QxeyH1x8p7yf,Gặp Nhưng Không Ở Lại,Hiền Hồ,VN,2021,2021-Q1,11-20,2020-11-26,
014DA3BdnmD3kI5pBogH7c,Cứ Chill Thôi,Chillies,VN,2021,2021-Q1,11-20,2020-07-11,
5QO79kh1waicV47BqGRL3g,Save Your Tears,The Weeknd,VN,2021,2021-Q1,11-20,2020-03-20,
6B1Io9VDzMAmwFjrplDJw8,từ chối nhẹ nhàng thôi,Bích Phương,VN,2021,2021-Q1,11-20,2021-03-01,
1pQHqk6qWM5xbNeobMCGBZ,Dân Chơi Xóm,RAP VIỆT,VN,2021,2021-Q1,11-20,2020-11-16,
1nahzW3kfMuwReTka28tH5,Hold On,Justin Bieber,VN,2021,2021-Q1,11-20,2021-03-19,
4saklk6nie3yiGePpBwUoc,Dynamite,BTS,VN,2021,2021-Q1,11-20,2020-11-20,
25edeHHueINMguqu9emCyV,Lối Nhỏ,Đen,VN,2021,2021-Q1,11-20,2019-10-21,
4TfH2Syxsx2cAJShY8u6bT,Anh Luôn Là Lý Do,ERIK,VN,2021,2021-Q1,11-20,2021-01-13,
249gnXrbfmV8NG6jTEMSwD,Life Goes On,BTS,VN,2021,2021-Q1,11-20,2020-11-20,
5zFglKYiknIxks8geR8rcL,Beautiful Mistakes,Maroon 5,VN,2021,2021-Q1,21-50,2021-06-11,
6YvqWjhGD8mB5QXcbcUKtx,Love Story (Taylor’s Version),Taylor Swift,VN,2021,2021-Q1,21-50,2021-04-09,
0f5yQttJS5nNxRAleF4kZO,Hãy Trao Cho Anh,Sơn Tùng M-TP,VN,2021,2021-Q1,21-50,2019-07-03,
2dEpaH5nsfnzU61LQ9rJuH,Hoa Nở Không Màu,Hoài Lâm,VN,2021,2021-Q1,21-50,2020-05-30,
4yAJOZ8ZBAKfXCI20hsVjf,Lời Đường Mật,Unknown Artist,VN,2021,2021-Q1,21-50,2021-03-01,
4TyQKEifYDWTfTSRwpxlYI,Bông Hoa Đẹp Nhất,Quân A.P,VN,2021,2021-Q1,21-50,2020-09-07,
1PSmJr2mHzDjYXrKvQPKb0,nàng thơ... trời giấu trời mang đi,AMEE,VN,2021,2021-Q1,21-50,2020-12-16,
4Wdwvi2C5MD8zDi9Kg3x4X,Chúng Ta Sau Này,T.R.I,VN,2021,2021-Q1,21-50,2021-03-01,
42mIT9wfmgA48DTN8GmCxX,Giá Như,Chillies,VN,2021,2021-Q1,21-50,2020-12-25,
2rbDhOo9Fh61Bbu23T2qCk,Always Remember Us This Way,Lady Gaga,VN,2021,2021-Q1,21-50,2018-10-05,
0OrwGH9aeguhopTVubv0VZ,tonight,demxntia,VN,2021,2021-Q1,51+,2018-06-02,
2wVDWtLKXunswWecARNILj,SOLO,JENNIE,VN,2021,2021-Q1,51+,2018-11-12,
3yWacnoBnM0lrzLmXAk44d,"Em Không Sai, Chúng Ta Sai",ERIK,VN,2021,2021-Q1,51+,2020-05-07,
4z5dAyLMnkKSHkOkwbR1RX,Trò Chơi,SOOBIN,VN,2021,2021-Q1,51+,2020-12-15,
7wHBNIBO353lf9aVvmUydT,Cảm Ơn Và Xin Lỗi,Chillies,VN,2021,2021-Q1,51+,2019-07-25,
3ndCsZfq8OVwwkz9mmZvUz,Stay,BTS,VN,2021,2021-Q1,51+,2020-11-20,
2OZTkXYCNbZS9TwPRy52Js,Đi Đu Đưa Đi,Bích Phương,VN,2021,2021-Q1,51+,2019-08-28,
3XoflnowYPFRPOh3uFvHcm,Selfish Love,DJ Snake,VN,2021,2021-Q1,51+,2021-03-04,
6BToHhGtbW8eMQFaEv0i2d,Như Ngày Hôm Qua,Sơn Tùng M-TP,VN,2021,2021-Q1,51+,2013-01-01,
6hUpxEKFSjS8metuA1yxlf,Vai Lan Don Dua,SOOBIN,VN,2021,2021-Q1,51+,2017-01-27,
6uxuJ8Fr1AAfSPJUF9N1yr,Bước Qua Mùa Cô Đơn,Vũ.,VN,2021,2021-Q2,1-10,2022-09-09,
3DarAbFujv6eYNliUTyqtz,Kiss Me More,Doja Cat,VN,2021,2021-Q2,1-10,2021-06-25,
5nD5PVXUkIpv0WcwfNFrgS,Khi Em Lớn,Orange,VN,2021,2021-Q2,1-10,2021-04-20,
3wGx3gYPjECKZazGNuPEX2,Phải Chăng Em Đã Yêu?,Juky San,VN,2021,2021-Q2,1-10,2021-03-01,
1w3eUC89GPspKpi62tPwjt,Nàng Thơ,Hoàng Dũng,VN,2021,2021-Q2,1-10,2020-12-16,
1xoadYaxtOp9gHDwgmPDuz,Sài Gòn Hôm Nay Mưa,JSOL,VN,2021,2021-Q2,1-10,2021-05-29,
7BoobGhD4x5K96Me0hqC8Q,Build a Bitch,Bella Poarch,VN,2021,2021-Q2,1-10,2021-05-14,
63qZf6349d3ngku9hrzLac,The Playah (Special Performance),SOOBIN,VN,2021,2021-Q2,1-10,2021-05-14,
2dHoVW9AxJVSRebPRyV2aA,Gone,ROSÉ,VN,2021,2021-Q2,1-10,2021-03-12,
014DA3BdnmD3kI5pBogH7c,Cứ Chill Thôi,Chillies,VN,2021,2021-Q2,1-10,2020-07-11,
0ClPIeT6MSgfSgQ9ZrJbAq,Cheating on You,Charlie Puth,VN,2021,2021-Q2,11-20,2019-10-01,
0d6dbFvKczX1Us3J7TsMMv,Lỡ Say Bye Là Bye,Changg,VN,2021,2021-Q2,11-20,2021-01-22,
37BZB0z9T8Xu7U3e65qxFy,Save Your Tears,The Weeknd,VN,2021,2021-Q2,11-20,2021-04-23,
27F22WcGDyl4Z2KylVJkXL,Đường Tôi Chở Em Về,buitruonglinh,VN,2021,2021-Q2,11-20,2020-07-03,
249gnXrbfmV8NG6jTEMSwD,Life Goes On,BTS,VN,2021,2021-Q2,11-20,2020-11-20,
5qNh5WtzMbfpSj2jLlBkoD,Your Power,Billie Eilish,VN,2021,2021-Q2,11-20,2021-04-29,
7dJVE53hGAX9TcKH0abFic,Yêu Thầm,Hoàng Yến Chibi,VN,2021,2021-Q2,11-20,2021-03-01,
6IAqflHsPVm4EpYghXauX7,Sinh Ra Đã Là Thứ Đối Lập Nhau,Emcee L (Da LAB),VN,2021,2021-Q2,11-20,2018-03-01,
4ZtFanR9U6ndgddUvNcjcG,good 4 u,Olivia Rodrigo,VN,2021,2021-Q2,11-20,2021-05-21,
1e0Wxoraz9IzFhREDqgJAe,Butter (Instrumental),BTS,VN,2021,2021-Q2,11-20,2021-05-21,
6iWPQ9xAYH3ZePu2Z209Y6,Chỉ Là Không Cùng Nhau (Live Version),Tăng Phúc,VN,2021,2021-Q2,21-50,2021-03-31,
4qJSUFwZFouto5VZUlln75,Thích Quá Rùi Nà,tlinh,VN,2021,2021-Q2,21-50,2023-07-14,
4rPrBNnDgdZpS5gosHv0yr,để quên,Ngọt,VN,2021,2021-Q2,21-50,2021-04-21,
6HU7h9RYOaPRFeh0R3UeAr,deja vu,Olivia Rodrigo,VN,2021,2021-Q2,21-50,2021-05-21,
696w9BHmEY62myVCSDyrYW,Có Em Đời Bỗng Vui,Chillies,VN,2021,2021-Q2,21-50,2020-02-07,
6jOP08e9PHDnoF3reZcePE,Qua Khung Cửa Sổ,Chillies,VN,2021,2021-Q2,21-50,2020-11-11,
1HDrKXya87GMQfAGPlqNS9,Muốn Nói Với Em,T Team,VN,2021,2021-Q2,21-50,2021-03-01,
2rbDhOo9Fh61Bbu23T2qCk,Always Remember Us This Way,Lady Gaga,VN,2021,2021-Q2,21-50,2018-10-05,
2QdH0rKlV3d9Y6lWzcnlBH,In the morning,ITZY,VN,2021,2021-Q2,21-50,2021-04-30,
1CyYcBdukmFjFibDZaDlHc,To The Moon,hooligan.,VN,2021,2021-Q2,21-50,2020-07-07,
79xFFmGKtEyky0I2G9U9Jg,yêu thì yêu không yêu thì yêu,AMEE,VN,2021,2021-Q2,51+,2020-06-29,
2FWBdovgRvBSzA1JESUe0D,Làm Gì Phải Hốt,JustaTee,VN,2021,2021-Q2,51+,2020-01-05,
0MMyJUC3WNnFS1lit5pTjk,"jealousy, jealousy",Olivia Rodrigo,VN,2021,2021-Q2,51+,2021-05-21,
6Im9k8u9iIzKMrmV7BWtlF,34+35,Ariana Grande,VN,2021,2021-Q2,51+,2020-10-30,
0f5yQttJS5nNxRAleF4kZO,Hãy Trao Cho Anh,Sơn Tùng M-TP,VN,2021,2021-Q2,51+,2019-07-03,
6UelLqGlWMcVH1E5c4H7lY,Watermelon Sugar,Harry Styles,VN,2021,2021-Q2,51+,2019-12-13,
0ono6UCNVZ1XqOm6j78Blu,Filter,BTS,VN,2021,2021-Q2,51+,2020-02-21,
6PLNoijWdc3dWqc1KKjv73,Đâu Cần Một Bài Ca Tình Yêu,Tiên Tiên,VN,2021,2021-Q2,51+,2019-04-20,
4yAJOZ8ZBAKfXCI20hsVjf,Lời Đường Mật,Unknown Artist,VN,2021,2021-Q2,51+,2021-03-01,
42fR3oINF3KfXCDtheoNiY,Don't fight the feeling,EXO,VN,2021,2021-Q2,51+,2021-06-07,
3JR0ducCexKbeK47g6AHm5,Butter,BTS,VN,2021,2021-Q3,1-10,2021-08-27,
5PjdY0CKGZdEuoNab3yDmX,Stay,The Kid LAROI,VN,2021,2021-Q3,1-10,2021-07-23,
0QzuaeCEEOV40Pn7IvKEny,double take,Dhruv,VN,2021,2021-Q3,1-10,2022-01-21,
63qZf6349d3ngku9hrzLac,The Playah (Special Performance),SOOBIN,VN,2021,2021-Q3,1-10,2021-05-14,
46HNZY1i7O6jwTA7Slo2PI,My Universe,Coldplay,VN,2021,2021-Q3,1-10,2021-10-15,
3rmo8F54jFF8OgYsqTxm5d,Bad Habits,Ed Sheeran,VN,2021,2021-Q3,1-10,2021-10-25,
4vfhartd7HDWGJbdVIycEu,Muộn Rồi Mà Sao Còn,Sơn Tùng M-TP,VN,2021,2021-Q3,1-10,2021-04-29,
1EmMFSLRVkOszCa4ul9z0F,3107 3,W/N,VN,2021,2021-Q3,1-10,2021-07-31,
7BoobGhD4x5K96Me0hqC8Q,Build a Bitch,Bella Poarch,VN,2021,2021-Q3,1-10,2021-05-14,
2XjbfQQZlPwOMTmJR2RLfC,Happy For You,Lukas Graham,VN,2021,2021-Q3,1-10,2021-07-02,
014DA3BdnmD3kI5pBogH7c,Cứ Chill Thôi,Chillies,VN,2021,2021-Q3,11-20,2020-07-11,
6B4AdZzwagId7wvWeJEkiq,Độ Tộc 2,Độ Mixi,VN,2021,2021-Q3,11-20,2021-09-22,
5nD5PVXUkIpv0WcwfNFrgS,Khi Em Lớn,Orange,VN,2021,2021-Q3,11-20,2021-04-20,
0ClPIeT6MSgfSgQ9ZrJbAq,Cheating on You,Charlie Puth,VN,2021,2021-Q3,11-20,2019-10-01,
2MJz8BxxMsERULatmBikDH,At My Worst,Pink Sweat$,VN,2021,2021-Q3,11-20,2021-02-12,
1mKDbug8bbfDmLe7I4CJpe,Gác Lại Âu Lo,Da LAB,VN,2021,2021-Q3,11-20,2020-07-25,
4Iz5EWPCAT8jYNk4IpLoll,Dù Cho Mai Về Sau,buitruonglinh,VN,2021,2021-Q3,11-20,2020-11-17,
0e8nrvls4Qqv5Rfa2UhqmO,THATS WHAT I WANT,Lil Nas X,VN,2021,2021-Q3,11-20,2021-09-17,
6TD5xfffOnYHliuF1wzL6U,Sài Gòn Đau Lòng Quá,Hứa Kim Tuyền,VN,2021,2021-Q3,11-20,2021-03-01,
5uyNAX6MazVAjBjVeOsTvp,3 1 0 7,W/N,VN,2021,2021-Q3,11-20,2020-05-11,
2sp32rIevQhpbo0Z4aQzoe,My Universe - Instrumental,Coldplay,VN,2021,2021-Q3,21-50,2021-09-24,
6Fbsn9471Xd0vVsMWwhePh,Tháng Mấy Em Nhớ Anh?,Hà Anh Tuấn,VN,2021,2021-Q3,21-50,2021-03-01,
6Uj1ctrBOjOas8xZXGqKk4,Woman,Doja Cat,VN,2021,2021-Q3,21-50,2021-06-25,
2Gazl1MAVX8vmo8E659Vq8,Real Love,My Anh,VN,2021,2021-Q3,21-50,2021-07-18,
6HU7h9RYOaPRFeh0R3UeAr,deja vu,Olivia Rodrigo,VN,2021,2021-Q3,21-50,2021-05-21,
1Ov37jtRQ2YNAe8HzfczkL,Wildest Dreams (Taylor's Version),Taylor Swift,VN,2021,2021-Q3,21-50,2021-09-17,
2m6Ko3CY1qXNNja8AlugNc,Angel Baby,Troye Sivan,VN,2021,2021-Q3,21-50,2021-09-09,
7LVrrX8pkzI9fMF88nGabt,Đi Về Nhà,Đen,VN,2021,2021-Q3,21-50,2020-12-20,
1CyYcBdukmFjFibDZaDlHc,To The Moon,hooligan.,VN,2021,2021-Q3,21-50,2020-07-07,
50cmxP6KlnQA9IG3q5ckKD,Mascara,Chillies,VN,2021,2021-Q3,21-50,2021-05-05,
149BxWeweaCqmsyedkNiiE,Wrecked,Imagine Dragons,VN,2021,2021-Q3,51+,2021-09-03,
0J2otOvMdg62gVMMjwOvSK,Hoa Hải Đường,Jack - J97,VN,2021,2021-Q3,51+,2020-09-22,
5Vv7AuoyX4aFz8zcztSwMB,baby i told u,MONSTAR,VN,2021,2021-Q3,51+,2021-08-01,
2qnnREp8mFVipaEoUlw9ya,Hai Triệu Năm,Đen,VN,2021,2021-Q3,51+,2019-06-22,
4iLqG9SeJSnt0cSPICSjxv,Attention,Charlie Puth,VN,2021,2021-Q3,51+,2017-04-20,
7skGrIrRzO0APhASzAKfNi,Gu - Cukak Remix,Freaky,VN,2021,2021-Q3,51+,2021-07-14,
5zFglKYiknIxks8geR8rcL,Beautiful Mistakes,Maroon 5,VN,2021,2021-Q3,51+,2021-06-11,
39EXZNMxb4RBHlRjnRaOKp,Sweet Night,V,VN,2021,2021-Q3,51+,2020-03-13,
0RbW8kWozrVSIGb4V13o0o,Hurricane,Kanye West,VN,2021,2021-Q3,51+,2021-08-29,
7bmk1GEufZOrycr3HXZGN2,Sickerrr,Suboi,VN,2021,2021-Q3,51+,2021-06-29,
46IZ0fSY2mpAiktS3KOqds,Easy On Me,Adele,VN,2021,2021-Q4,1-10,2021-11-19,
7DF8lvLdV3htIbuTWpc7lR,Girl Of My Dreams,Juice WRLD,VN,2021,2021-Q4,1-10,2021-12-10,
46HNZY1i7O6jwTA7Slo2PI,My Universe,Coldplay,VN,2021,2021-Q4,1-10,2021-10-15,
6Vx29sLFwzT8yvRhzP2Fge,Lời Nói Dối Sau Nụ Cười,K-ICM,VN,2021,2021-Q4,1-10,2021-12-22,
10IfXtjKQmOiON7tNAHv0y,Yours,Jin,VN,2021,2021-Q4,1-10,2021-11-07,
4fouWK6XVHhzl78KzQ1UjL,abcdefu,GAYLE,VN,2021,2021-Q4,1-10,2021-08-13,
5T6j0rfpCDBzAxC8Fpd0N7,An Thần,Low G,VN,2021,2021-Q4,1-10,2021-10-21,
6aeU5IH8DB1qHK5jRFTNUv,Hương,Văn Mai Hương,VN,2021,2021-Q4,1-10,2021-01-23,
4KLmT1bU7eyEBe35FzEjbd,Chim Quý Trong Lồng,K-ICM,VN,2021,2021-Q4,1-10,2021-07-12,
4saklk6nie3yiGePpBwUoc,Dynamite,BTS,VN,2021,2021-Q4,1-10,2020-11-20,
0QzuaeCEEOV40Pn7IvKEny,double take,Dhruv,VN,2021,2021-Q4,11-20,2022-01-21,
1CyYcBdukmFjFibDZaDlHc,To The Moon,hooligan.,VN,2021,2021-Q4,11-20,2020-07-07,
3Kkjo3cT83cw09VJyrLNwX,Oh My God,Adele,VN,2021,2021-Q4,11-20,2021-11-19,
249gnXrbfmV8NG6jTEMSwD,Life Goes On,BTS,VN,2021,2021-Q4,11-20,2020-11-20,
1w3eUC89GPspKpi62tPwjt,Nàng Thơ,Hoàng Dũng,VN,2021,2021-Q4,11-20,2020-12-16,
5enxwA8aAbwZbf5qCHORXi,All Too Well (10 Minute Version) (Taylor's Version) (From The Vault),Taylor Swift,VN,2021,2021-Q4,11-20,2021-11-12,
6iXGivPFpsqKmrINhIbPvx,Buồn Thì Cứ Khóc Đi,Lynk Lee,VN,2021,2021-Q4,11-20,2019-12-13,
6MCJdudhQY41K3IhluuNuq,Một Chiều Mưa Bất Ngờ,K-ICM,VN,2021,2021-Q4,11-20,2020-10-15,
5Bti0azlFhMattVY76qFr9,Lạ Lùng,Vũ.,VN,2021,2021-Q4,11-20,2016-12-24,
1EmMFSLRVkOszCa4ul9z0F,3107 3,W/N,VN,2021,2021-Q4,11-20,2021-07-31,
2e0b6AaC1Abz5mFyCS3fXY,Tình Là Gì Đây Em Ơi,K-ICM,VN,2021,2021-Q4,21-50,2021-01-15,
7aonAWn0J0AJ47ZU9WHCXC,INFERNO,Sub Urban,VN,2021,2021-Q4,21-50,2021-08-13,
7JWa8tcjothiOfTVUUbuzL,Không Muốn Một Mình,Vicky Nhung,VN,2021,2021-Q4,21-50,2021-12-27,
1r9xUipOqoNwggBpENDsvJ,Enemy,Imagine Dragons,VN,2021,2021-Q4,21-50,2021-10-28,
6bXmKNVe9YIjoyDbz04nWg,Freaky Squad,Rhymastic,VN,2021,2021-Q4,21-50,2021-11-30,
0bYg9bo50gSsH3LtXe2SQn,All I Want for Christmas Is You,Mariah Carey,VN,2021,2021-Q4,21-50,1994-10-28,
2axlAOp86SPuqSBlwLw4WM,101520,RAP VIỆT,VN,2021,2021-Q4,21-50,2021-12-22,
7oBUoEbCDF748UkHnLusUB,Chuyện Rằng,Thịnh Suy,VN,2021,2021-Q4,21-50,2020-08-08,
0SmQ0UWeiHKQtxUej4Rem6,Tháng Năm,SOOBIN,VN,2021,2021-Q4,21-50,2020-12-15,
4vGEfBrpiM4zfYzSyPpysX,Phi Hành Gia,Renja,VN,2021,2021-Q4,21-50,2021-09-25,
0pQ67Kp2kED4ISy1ieGPEq,Ghé Qua,TaynguyenSound,VN,2021,2021-Q4,51+,2017-12-08,
3LlEZ4J1ORcgP1WmTF9pIX,Nói Dối,Pháo,VN,2021,2021-Q4,51+,2021-12-23,
6Fbsn9471Xd0vVsMWwhePh,Tháng Mấy Em Nhớ Anh?,Hà Anh Tuấn,VN,2021,2021-Q4,51+,2021-03-01,
3hB5DgAiMAQ4DzYbsMq1IT,Love Yourself,Justin Bieber,VN,2021,2021-Q4,51+,2015-11-13,
73mVGNhTlRQBod01zh3M0s,"Tell Ur Mom II - Gii, Hiderway Remix",Winno,VN,2021,2021-Q4,51+,2021-11-19,
6bGMSP3H9YqkmaLnaJTIoF,Hold On,Adele,VN,2021,2021-Q4,51+,2021-11-19,
2o4dDfLK6NVI7TjBm5VoMv,Yêu Một Người Có Lẽ,Lou Hoàng,VN,2021,2021-Q4,51+,2016-03-07,
696w9BHmEY62myVCSDyrYW,Có Em Đời Bỗng Vui,Chillies,VN,2021,2021-Q4,51+,2020-02-07,
75NgcOsgURBLTPpRzAsxp0,Tháng 4 Là Lời Nói Dối Của Em - Live Version,Hà Anh Tuấn,VN,2021,2021-Q4,51+,2020-11-13,
3mmLyEhphJAaW7hyEXAD8l,Some,BOL4,VN,2021,2021-Q4,51+,2017-09-27,
7KlTFTpy7dXLzr2NtLkvG6,Not Today,BTS,VN,2022,2022-Q1,1-10,2017-02-13,
7jLSThU5Kg1RWt19Leiaxm,Chìm Sâu,RPT MCK,VN,2022,2022-Q1,1-10,2023-03-02,
0oSNOJEcBIKNcQzRc5TfyR,Blood Sweat & Tears,BTS,VN,2022,2022-Q1,1-10,2016-10-10,
3IA9LkBEVhJDOxOnh1nf8a,Butter (Holiday Remix),BTS,VN,2022,2022-Q1,1-10,2021-12-03,
7CAdT0HdiQNlt1C7xk2hep,Stay Alive (Prod. SUGA of BTS),Jung Kook,VN,2022,2022-Q1,1-10,2022-02-11,
5Msoarj5hk9LguTtiIyqug,Ngày Đầu Tiên,Đức Phúc,VN,2022,2022-Q1,1-10,2022-02-11,
1J3SmWwlYAG68LGKr86MVH,Chúng Ta Của Hiện Tại,Sơn Tùng M-TP,VN,2022,2022-Q1,1-10,2020-12-20,
5SE57ljOIUJ1ybL9U6CuBH,DNA,BTS,VN,2022,2022-Q1,1-10,2017-09-18,
5H7UgZQk2p5x4nmeuDjmE4,Đau Nhất Là Lặng Im,ERIK,VN,2022,2022-Q1,1-10,2022-02-17,
3r9FFjLrAIQjoR8pSHVPC9,Outro : Ego,BTS,VN,2022,2022-Q1,1-10,2020-02-21,
54UNNgtE3zzERwTuWSQLqd,có hẹn với thanh xuân,MONSTAR,VN,2022,2022-Q1,11-20,2021-08-01,
2Nib4r0saYQf2pUV4RFDhl,Interlude : Shadow,BTS,VN,2022,2022-Q1,11-20,2020-02-21,
0X5tCYwiVldeDynbhBshTl,Hẹn Kiếp Tương Phùng,K-ICM,VN,2022,2022-Q1,11-20,2022-01-19,
249gnXrbfmV8NG6jTEMSwD,Life Goes On,BTS,VN,2022,2022-Q1,11-20,2020-11-20,
5T6j0rfpCDBzAxC8Fpd0N7,An Thần,Low G,VN,2022,2022-Q1,11-20,2021-10-21,
2tg8L2ls1k19B2SvRKBnJh,Hẹn Ước Từ Hư Vô - Live,Mỹ Tâm,VN,2022,2022-Q1,11-20,2022-03-02,
0bTmdKwQ8xb0Xbvizt2GMy,Một Khi Đã Yêu,K-ICM,VN,2022,2022-Q1,11-20,2022-02-11,
3AVXwaOGCEL8cmBecfcsFJ,Light Switch,Charlie Puth,VN,2022,2022-Q1,11-20,2022-01-19,
0wZq5TnD0ooJ3q4GVDTLjd,Xuân Hy Vọng,K-ICM,VN,2022,2022-Q1,11-20,2022-01-24,
0dcnrLo8s1rhjm8euGjI4n,DARARI,TREASURE,VN,2022,2022-Q1,11-20,2022-02-15,
4I2ne5vm5LJmrXAfqgjAG4,Tình Ca Tình Ta,kis,VN,2022,2022-Q1,21-50,2021-06-30,
1xoadYaxtOp9gHDwgmPDuz,Sài Gòn Hôm Nay Mưa,JSOL,VN,2022,2022-Q1,21-50,2021-05-29,
1EmMFSLRVkOszCa4ul9z0F,3107 3,W/N,VN,2022,2022-Q1,21-50,2021-07-31,
4Iz5EWPCAT8jYNk4IpLoll,Dù Cho Mai Về Sau,buitruonglinh,VN,2022,2022-Q1,21-50,2020-11-17,
0IGUXY4JbK18bu9oD4mPIm,TOMBOY,i-dle,VN,2022,2022-Q1,21-50,2022-03-14,
7xNCacksfUkYXsXuSW4vNF,PS5,salem ilese,VN,2022,2022-Q1,21-50,2022-02-23,
3CeKc83EsgRPItgvlDHo5B,Head In The Clouds,Hayd,VN,2022,2022-Q1,21-50,2021-09-17,
7rXcCpIAoOUCydkVDMcoPV,INVU,TAEYEON,VN,2022,2022-Q1,21-50,2022-02-14,
5nD5PVXUkIpv0WcwfNFrgS,Khi Em Lớn,Orange,VN,2022,2022-Q1,21-50,2021-04-20,
1CyYcBdukmFjFibDZaDlHc,To The Moon,hooligan.,VN,2022,2022-Q1,21-50,2020-07-07,
18uwL0vNUanqZH0ro2QcOP,comethru,Jeremy Zucker,VN,2022,2022-Q1,51+,2018-09-28,
40Ct4hvauHT2EDpik4eVuz,Xuân Xuân Ơi Xuân Đã Về,Bích Phương,VN,2022,2022-Q1,51+,2017-01-16,
50cmxP6KlnQA9IG3q5ckKD,Mascara,Chillies,VN,2022,2022-Q1,51+,2021-05-05,
2XjbfQQZlPwOMTmJR2RLfC,Happy For You,Lukas Graham,VN,2022,2022-Q1,51+,2021-07-02,
4Ut6UU8Yyihz1jCZWSCQpu,Skit: Circle Room Talk,BTS,VN,2022,2022-Q1,51+,2013-06-12,
7k3ohP9ZiGfhL6yD8oIPfk,chẳng giống giáng sinh,Lu,VN,2022,2022-Q1,51+,2021-12-05,
5b1PngLlxc7hj3fJXrE2Zm,Glitch Mode,NCT DREAM,VN,2022,2022-Q1,51+,2022-03-28,
37GNTP4wB0QSkUwcTWLHKg,Fashion Tán Gái,Low G,VN,2022,2022-Q1,51+,2021-12-28,
0Sx4EKzhdNxFzquGRANPD3,Không Bằng - Rin Music Remix,Na,VN,2022,2022-Q1,51+,2021-11-21,
5Ss7wCp22FOAbfeg75KllJ,Chạy Về Nơi Phía Anh,Khắc Việt,VN,2022,2022-Q1,51+,2022-02-14,
7rjtRM1AgmmraeTTX8tofW,THERE'S NO ONE AT ALL,Sơn Tùng M-TP,VN,2022,2022-Q2,1-10,2022-04-28,
2m6Ko3CY1qXNNja8AlugNc,Angel Baby,Troye Sivan,VN,2022,2022-Q2,1-10,2021-09-09,
5eXBXreN3d1zdj6Sa8dS0u,Permission to Dance,BTS,VN,2022,2022-Q2,1-10,2021-07-23,
69xohKu8C1fsflYAiSNbwM,Run BTS,BTS,VN,2022,2022-Q2,1-10,2022-06-10,
3TSLqZssCoCdDlMhCJ08XW,Still Life,BIGBANG,VN,2022,2022-Q2,1-10,2022-04-05,
6Hs2xIgB8nzyGFDvVA8lFa,Có Em,Madihu,VN,2022,2022-Q2,1-10,2022-04-22,
4vfhartd7HDWGJbdVIycEu,Muộn Rồi Mà Sao Còn,Sơn Tùng M-TP,VN,2022,2022-Q2,1-10,2021-04-29,
2gzhQaCTeNgxpeB2TPllyY,With you,Jimin,VN,2022,2022-Q2,1-10,2022-04-24,
1IthE5GNiRzFN5CVaCa445,Born Singer,BTS,VN,2022,2022-Q2,1-10,2022-06-10,
46HNZY1i7O6jwTA7Slo2PI,My Universe,Coldplay,VN,2022,2022-Q2,1-10,2021-10-15,
04Mm3BineGdy0oNv8NivQT,Don't Break My Heart,Binz,VN,2022,2022-Q2,11-20,2022-03-14,
1MiJk3dXC5jzhvLFP0dUM7,Thức Giấc,Da LAB,VN,2022,2022-Q2,11-20,2021-07-14,
3CeKc83EsgRPItgvlDHo5B,Head In The Clouds,Hayd,VN,2022,2022-Q2,11-20,2021-09-17,
0O6u0VJ46W86TxN9wgyqDj,I Like You (A Happier Song),Post Malone,VN,2022,2022-Q2,11-20,2022-06-03,
2QyOYFAxW2khNYee4yeT6r,Thiêu Thân,B Ray,VN,2022,2022-Q2,11-20,2022-06-18,
5ACySwUCY89mWH3u38WD9m,"Tệ Thật, Anh Nhớ Em",Thanh Hưng,VN,2022,2022-Q2,11-20,2022-04-03,
0QzuaeCEEOV40Pn7IvKEny,double take,Dhruv,VN,2022,2022-Q2,11-20,2022-01-21,
4AgFXIVT7hVhBZ5DEOaLu3,tiny love,Thịnh Suy,VN,2022,2022-Q2,11-20,2021-12-05,
54UNNgtE3zzERwTuWSQLqd,có hẹn với thanh xuân,MONSTAR,VN,2022,2022-Q2,11-20,2021-08-01,
5H7UgZQk2p5x4nmeuDjmE4,Đau Nhất Là Lặng Im,ERIK,VN,2022,2022-Q2,11-20,2022-02-17,
7M30L99pePlQ3wh8IxVUsD,With You - Instrumental,Jimin,VN,2022,2022-Q2,21-50,2022-04-24,
45Mswno1F7FoZkcmQkp7fi,Thích Em Hơi Nhiều,Wren Evans,VN,2022,2022-Q2,21-50,2021-06-18,
4IaxDf2FixiQXq0mW7key9,ZOOM,Jessi,VN,2022,2022-Q2,21-50,2022-04-13,
7oBUoEbCDF748UkHnLusUB,Chuyện Rằng,Thịnh Suy,VN,2022,2022-Q2,21-50,2020-08-08,
5uyNAX6MazVAjBjVeOsTvp,3 1 0 7,W/N,VN,2022,2022-Q2,21-50,2020-05-11,
7kgzRBNkBRArtTPkYjWLYT,bao tiền một mớ bình yên?,14 Casper,VN,2022,2022-Q2,21-50,2023-03-03,
0FOBJ5PbwOe5XBY9y0bnhi,BTBT,B.I,VN,2022,2022-Q2,21-50,2022-05-13,
1mKDbug8bbfDmLe7I4CJpe,Gác Lại Âu Lo,Da LAB,VN,2022,2022-Q2,21-50,2020-07-25,
0x4cMbCLC6L7aJQs3EiPaZ,Look Here,BTS,VN,2022,2022-Q2,21-50,2014-08-20,
0ClPIeT6MSgfSgQ9ZrJbAq,Cheating on You,Charlie Puth,VN,2022,2022-Q2,21-50,2019-10-01,
5Fx8zxEEaPMkwzM00JFr3N,"Tự Sự - Original Soundtrack from ""Qua Bển Làm Chi""",Orange,VN,2022,2022-Q2,51+,2022-05-20,
3NPWH2UbMjch2vnS7qMFGM,Past Lives,11:11 Music Group,VN,2022,2022-Q2,51+,2021-05-27,
41aMYNen9G7uUbqLfV65cF,Tay To,Rapital,VN,2022,2022-Q2,51+,2021-06-21,
6Fbsn9471Xd0vVsMWwhePh,Tháng Mấy Em Nhớ Anh?,Hà Anh Tuấn,VN,2022,2022-Q2,51+,2021-03-01,
1J12HjUuXfJnaUdubTEzSR,Nghe Như Tình Yêu,HIEUTHUHAI,VN,2022,2022-Q2,51+,2021-07-09,
7hzVxbVA6Y5t9YDzpSgdRS,Chạy Về Khóc Với Anh,ERIK,VN,2022,2022-Q2,51+,2022-01-26,
4Dvkj6JhhA12EX05fT7y2e,As It Was,Harry Styles,VN,2022,2022-Q2,51+,2022-05-20,
3DyHgXBOxAsKyy0diFTSOS,Not About Love,Khoi Vu,VN,2022,2022-Q2,51+,2021-09-20,
2oEi9mqbQFJSuS2Wny7bfp,Say You Do,Tiên Tiên,VN,2022,2022-Q2,51+,2015-08-01,
2c0QMztYu6PCfFrGLqHXIV,Răng Khôn,Phí Phương Anh,VN,2022,2022-Q2,51+,2021-04-22,
73fFRs03s0gtjggfMW213L,Ngã Tư Không Đèn,TRANG,VN,2022,2022-Q3,1-10,2022-06-18,
7GARzfC1mwhDuk4t9WOACq,MORE,j-hope,VN,2022,2022-Q3,1-10,2022-07-15,
0xzI1KAr0Yd9tv8jlIk3sn,Bad Decisions,benny blanco,VN,2022,2022-Q3,1-10,2022-08-05,
2isSdmQfVv32j2haL6hk9x,Intro : Persona,BTS,VN,2022,2022-Q3,1-10,2019-04-12,
69xohKu8C1fsflYAiSNbwM,Run BTS,BTS,VN,2022,2022-Q3,1-10,2022-06-10,
5iZHnufFUgATzrpGgH1K0W,Ánh Sao Và Bầu Trời,T.R.I,VN,2022,2022-Q3,1-10,2021-09-10,
1Wwh6gmMeolwzbRzfZMY5b,Ready For Love,BLACKPINK,VN,2022,2022-Q3,1-10,2022-09-15,
5mG5cQE6SEYxnGCX3I09IC,Vì Mẹ Anh Bắt Chia Tay,Miu Lê,VN,2022,2022-Q3,1-10,2022-06-13,
5aucVLKiumD89mxVCB4zvS,Rush Hour (Feat. j-hope of BTS),Crush,VN,2022,2022-Q3,1-10,2022-09-22,
3CqtQwaoQTdgDWLHyv7Twr,đứa nào làm em buồn?,Phuc Du,VN,2022,2022-Q3,1-10,2022-08-08,
2gYj9lubBorOPIVWsTXugG,After LIKE,IVE,VN,2022,2022-Q3,11-20,2022-08-22,
54UNNgtE3zzERwTuWSQLqd,có hẹn với thanh xuân,MONSTAR,VN,2022,2022-Q3,11-20,2021-08-01,
04bm7NsIhRfTlLGDoKMEw8,Có Không Giữ Mất Đừng Tìm,Trúc Nhân,VN,2022,2022-Q3,11-20,2022-05-12,
5KYv3kORBKUmVEoqbRRWxt,Từng Là Của Nhau,Bảo Anh,VN,2022,2022-Q3,11-20,2022-08-30,
3DLtPObflLQBodZN8qGODT,2AM,JustaTee,VN,2022,2022-Q3,11-20,2022-05-10,
2pIUpMhHL6L9Z5lnKxJJr9,Attention,NewJeans,VN,2022,2022-Q3,11-20,2022-08-01,
3pgwxYRPbYIC6C1J2FPge8,Diễn viên tồi,Đen,VN,2022,2022-Q3,11-20,2022-09-13,
05X3a0YGmS1rbH50aL8lGF,Một Ngàn Nỗi Đau,Văn Mai Hương,VN,2022,2022-Q3,11-20,2022-06-23,
6hLEsk1t37XKNwtTQ3iI1b,Cơn Đau,Wren Evans,VN,2022,2022-Q3,11-20,2022-06-30,
1xoadYaxtOp9gHDwgmPDuz,Sài Gòn Hôm Nay Mưa,JSOL,VN,2022,2022-Q3,11-20,2021-05-29,
00I41xsW6SunZDJ5fB8KAd,Safety Zone,j-hope,VN,2022,2022-Q3,21-50,2022-07-15,
0O6u0VJ46W86TxN9wgyqDj,I Like You (A Happier Song),Post Malone,VN,2022,2022-Q3,21-50,2022-06-03,
45Mswno1F7FoZkcmQkp7fi,Thích Em Hơi Nhiều,Wren Evans,VN,2022,2022-Q3,21-50,2021-06-18,
1J3SmWwlYAG68LGKr86MVH,Chúng Ta Của Hiện Tại,Sơn Tùng M-TP,VN,2022,2022-Q3,21-50,2020-12-20,
5BTzf3doGTigDIYUFtbkI9,Sinh Ra Đã Là Thứ Đối Lập Nhau,Emcee L (Da LAB),VN,2022,2022-Q3,21-50,2020-12-29,
6uxuJ8Fr1AAfSPJUF9N1yr,Bước Qua Mùa Cô Đơn,Vũ.,VN,2022,2022-Q3,21-50,2022-09-09,
7kgzRBNkBRArtTPkYjWLYT,bao tiền một mớ bình yên?,14 Casper,VN,2022,2022-Q3,21-50,2023-03-03,
2m6Ko3CY1qXNNja8AlugNc,Angel Baby,Troye Sivan,VN,2022,2022-Q3,21-50,2021-09-09,
5Msoarj5hk9LguTtiIyqug,Ngày Đầu Tiên,Đức Phúc,VN,2022,2022-Q3,21-50,2022-02-11,
1EmMFSLRVkOszCa4ul9z0F,3107 3,W/N,VN,2022,2022-Q3,21-50,2021-07-31,
2Gazl1MAVX8vmo8E659Vq8,Real Love,My Anh,VN,2022,2022-Q3,51+,2021-07-18,
5wANPM4fQCJwkGd4rN57mH,drivers license,Olivia Rodrigo,VN,2022,2022-Q3,51+,2021-05-21,
5i17rzCuZfYVzoP441PXGu,1 Cọng Tóc Mai,Tóc Tiên,VN,2022,2022-Q3,51+,2022-06-30,
0ClPIeT6MSgfSgQ9ZrJbAq,Cheating on You,Charlie Puth,VN,2022,2022-Q3,51+,2019-10-01,
3j9BMKKE8DpDSBXVI0IdfA,Nhường Lại Em,Vũ.,VN,2022,2022-Q3,51+,2022-09-09,
39TAKt2hL8sdhVTFCNfm2Y,Ai Đưa Em Về,TIA,VN,2022,2022-Q3,51+,2019-07-22,
7lZ07tAiDnmUE7cKw0jfSZ,Người Ta Thành Đôi Hết Rồi,The Sheep,VN,2022,2022-Q3,51+,2019-08-29,
2pm7K14nHj2fLrpU8j9bit,10 Ngàn Năm,PC,VN,2022,2022-Q3,51+,2019-12-21,
4inMQ83GNpQ2OHDredH5hW,24h,Lyly,VN,2022,2022-Q3,51+,2020-10-28,
0Q5VnK2DYzRyfqQRJuUtvi,LOVE DIVE,IVE,VN,2022,2022-Q3,51+,2022-04-05,
3wEr5lmE7oaC3qhCbJTY8B,Hectic,RM,VN,2022,2022-Q4,1-10,2022-12-02,
2gzhQaCTeNgxpeB2TPllyY,With you,Jimin,VN,2022,2022-Q4,1-10,2022-04-24,
10SRMwb9EuVS1K9rYsBfHQ,Yet To Come,BTS,VN,2022,2022-Q4,1-10,2022-06-10,
5p8ThxM2OhJ0igfxkz0Z1q,Wild Flower,RM,VN,2022,2022-Q4,1-10,2022-12-02,
7jLSThU5Kg1RWt19Leiaxm,Chìm Sâu,RPT MCK,VN,2022,2022-Q4,1-10,2023-03-02,
5Odq8ohlgIbQKMZivbWkEo,Left and Right (Feat. Jung Kook of BTS),Charlie Puth,VN,2022,2022-Q4,1-10,2022-10-06,
186NCtNk1tUYS7c2DxgJ7O,Christmas Tree,V,VN,2022,2022-Q4,1-10,2021-12-24,
5aucVLKiumD89mxVCB4zvS,Rush Hour (Feat. j-hope of BTS),Crush,VN,2022,2022-Q4,1-10,2022-09-22,
5KawlOMHjWeUjQtnuRs22c,Boy With Luv,BTS,VN,2022,2022-Q4,1-10,2019-04-12,
3r8RuvgbX9s7ammBn07D3W,Ditto,NewJeans,VN,2022,2022-Q4,1-10,2022-12-19,
5J90ah0ppUSev1uahqQiN6,Anh Đánh Rơi Người Yêu Này,Andiez,VN,2022,2022-Q4,11-20,2019-07-15,
3wUp8eCTshIrJcYbjWaoyP,ThichThich,Phương Ly,VN,2022,2022-Q4,11-20,2022-07-24,
08MFgEQeVLF37EyZ7jcwLc,Pano,Zack Tabudlo,VN,2022,2022-Q4,11-20,2021-12-06,
3rWDp9tBPQR9z6U5YyRSK4,Midnight Rain,Taylor Swift,VN,2022,2022-Q4,11-20,2022-10-21,
5jQI2r1RdgtuT8S3iG8zFC,Lavender Haze,Taylor Swift,VN,2022,2022-Q4,11-20,2022-10-21,
5AmBIWCnsLscPSYsfCApBy,Closer,RM,VN,2022,2022-Q4,11-20,2022-12-02,
0L8LOav65XwLjCLS11gNPD,Typa Girl,BLACKPINK,VN,2022,2022-Q4,11-20,2022-09-16,
5BTzf3doGTigDIYUFtbkI9,Sinh Ra Đã Là Thứ Đối Lập Nhau,Emcee L (Da LAB),VN,2022,2022-Q4,11-20,2020-12-29,
2pYFHEy0xp48Le5Bfw5vcX,Có Chơi Có Chịu,Karik,VN,2022,2022-Q4,11-20,2022-09-25,
0ono6UCNVZ1XqOm6j78Blu,Filter,BTS,VN,2022,2022-Q4,11-20,2020-02-21,
4AgFXIVT7hVhBZ5DEOaLu3,tiny love,Thịnh Suy,VN,2022,2022-Q4,21-50,2021-12-05,
1xwAWUI6Dj0WGC3KiUPN0O,Vigilante Shit,Taylor Swift,VN,2022,2022-Q4,21-50,2022-10-21,
0QHEIqNKsMoOY5urbzN48u,Made You Look,Meghan Trainor,VN,2022,2022-Q4,21-50,2022-10-21,
0ibp5h8QATkvC6P5cO5TUV,PHONG,VSTRA,VN,2022,2022-Q4,21-50,2022-05-20,
5Msoarj5hk9LguTtiIyqug,Ngày Đầu Tiên,Đức Phúc,VN,2022,2022-Q4,21-50,2022-02-11,
54UNNgtE3zzERwTuWSQLqd,có hẹn với thanh xuân,MONSTAR,VN,2022,2022-Q4,21-50,2021-08-01,
7CAdT0HdiQNlt1C7xk2hep,Stay Alive (Prod. SUGA of BTS),Jung Kook,VN,2022,2022-Q4,21-50,2022-02-11,
0QzuaeCEEOV40Pn7IvKEny,double take,Dhruv,VN,2022,2022-Q4,21-50,2022-01-21,
7MObIQOs5ESkbcihA9dcsz,Có Khi,Madihu,VN,2022,2022-Q4,21-50,2022-10-13,
1EmMFSLRVkOszCa4ul9z0F,3107 3,W/N,VN,2022,2022-Q4,21-50,2021-07-31,
28ncfVOBRp3HGweSZ6Wb8C,Đưa Nhau Đi Trốn - Chill Version,Đen,VN,2022,2022-Q4,51+,2015-09-11,
6TBJkXHPhu3EsMk1bshwuI,ONLY,LEEHI,VN,2022,2022-Q4,51+,2021-09-09,
5expoVGQPvXuwBBFuNGqBd,Hurt,NewJeans,VN,2022,2022-Q4,51+,2022-08-01,
0HH3DAz5feqJmDA50yQ52M,906090,Tóc Tiên,VN,2022,2022-Q4,51+,2022-10-19,
3hxfMsWQOcS2o68G62SpuU,Chưa Quên Người Yêu Cũ,Hà Nhi,VN,2022,2022-Q4,51+,2022-08-03,
35mvY5S1H3J2QZyna3TFe0,positions,Ariana Grande,VN,2022,2022-Q4,51+,2020-10-30,
67Cxa088HT5J5OJ0SWB6Ip,Buông,Bùi Anh Tuấn,VN,2022,2022-Q4,51+,2016-09-15,
2klsSb2iTfgDh95Ak9uWY2,Gái Độc Thân,tlinh,VN,2022,2022-Q4,51+,2021-06-30,
7h2zqUH4bYyknNUxsYnS5V,Như Anh Đã Thấy Em,PhucXp,VN,2022,2022-Q4,51+,2022-05-20,
0OrwGH9aeguhopTVubv0VZ,tonight,demxntia,VN,2022,2022-Q4,51+,2018-06-02,
4AgFXIVT7hVhBZ5DEOaLu3,tiny love,Thịnh Suy,VN,2023,2023-Q1,1-10,2021-12-05,
3a2Oftcs10wtzw6AmxuTMU,Rồi Ta Sẽ Ngắm Pháo Hoa Cùng Nhau,Olew,VN,2023,2023-Q1,1-10,2023-01-02,
1RDvyOk4WtPCtoqciJwVn8,Dreamers [Music from the FIFA World Cup Qatar 2022 Official Soundtrack],Jung Kook,VN,2023,2023-Q1,1-10,2022-11-20,
65FftemJ1DbbZ45DUfHJXE,OMG,NewJeans,VN,2023,2023-Q1,1-10,2023-01-02,
7jLSThU5Kg1RWt19Leiaxm,Chìm Sâu,RPT MCK,VN,2023,2023-Q1,1-10,2023-03-02,
5hkAuvgkOrd4KpDOlCNsvW,Waiting For You,MONO,VN,2023,2023-Q1,1-10,2022-08-18,
27fqy8VruqYZlKiK1qfwEd,ghệ iu dấu của em ơi,tlinh,VN,2023,2023-Q1,1-10,2023-02-10,
5wxYxygyHpbgv0EXZuqb9V,on the street,j-hope,VN,2023,2023-Q1,1-10,2023-03-03,
5Odq8ohlgIbQKMZivbWkEo,Left and Right (Feat. Jung Kook of BTS),Charlie Puth,VN,2023,2023-Q1,1-10,2022-10-06,
46HNZY1i7O6jwTA7Slo2PI,My Universe,Coldplay,VN,2023,2023-Q1,1-10,2021-10-15,
1dUmmBh2nw8XzEI3au0uFs,Chết Trong Em,Thịnh Suy,VN,2023,2023-Q1,11-20,2022-11-17,
2QWEMqQMJR1KDf6hDjJOs6,Arson,j-hope,VN,2023,2023-Q1,11-20,2022-07-15,
5ECHJ1llWBNYLVCYrllD3x,Chạy Khỏi Thế Giới Này,Da LAB,VN,2023,2023-Q1,11-20,2022-06-30,
7kgzRBNkBRArtTPkYjWLYT,bao tiền một mớ bình yên?,14 Casper,VN,2023,2023-Q1,11-20,2023-03-03,
7bFFUPBiF15n8m8RziqS4o,dự báo thời tiết hôm nay mưa,GREY D,VN,2023,2023-Q1,11-20,2022-11-22,
6Hs2xIgB8nzyGFDvVA8lFa,Có Em,Madihu,VN,2023,2023-Q1,11-20,2022-04-22,
5iZHnufFUgATzrpGgH1K0W,Ánh Sao Và Bầu Trời,T.R.I,VN,2023,2023-Q1,11-20,2021-09-10,
5odlY52u43F5BjByhxg7wg,golden hour,JVKE,VN,2023,2023-Q1,11-20,2022-09-23,
2RUcwyW74Sv4VracHFrKdh,Promise,Jimin,VN,2023,2023-Q1,11-20,2018-12-31,
7kpNUrBDYDoX6QKGzrBD1R,Thôi Em Đừng Đi,RPT MCK,VN,2023,2023-Q1,11-20,2023-03-02,
05X3a0YGmS1rbH50aL8lGF,Một Ngàn Nỗi Đau,Văn Mai Hương,VN,2023,2023-Q1,21-50,2022-06-23,
0a4MMyCrzT0En247IhqZbD,Hype Boy,NewJeans,VN,2023,2023-Q1,21-50,2022-08-01,
45Mswno1F7FoZkcmQkp7fi,Thích Em Hơi Nhiều,Wren Evans,VN,2023,2023-Q1,21-50,2021-06-18,
1izPmgSW7FV6XFdEOiTvOY,Em Không Hiểu,Changg,VN,2023,2023-Q1,21-50,2021-06-28,
2X2mIfNW5ZtLmVgpm9rgUX,Show Me Love,RPT MCK,VN,2023,2023-Q1,21-50,2023-03-02,
7HpIBZAsjJq5nW9S8ti7Fi,Cheri Cheri Lady,Maléna,VN,2023,2023-Q1,21-50,2022-11-01,
54UNNgtE3zzERwTuWSQLqd,có hẹn với thanh xuân,MONSTAR,VN,2023,2023-Q1,21-50,2021-08-01,
38rjRVqEHSlDRrDWDvjkqW,Bước Qua Nhau,Vũ.,VN,2023,2023-Q1,21-50,2022-09-09,
6A1IbMKwjvXibcrU1sdqKH,Em Là,MONO,VN,2023,2023-Q1,21-50,2022-08-18,
1Y3LN4zO1Edc2EluIoSPJN,Until I Found You,Stephen Sanchez,VN,2023,2023-Q1,21-50,2022-04-22,
0L8LOav65XwLjCLS11gNPD,Typa Girl,BLACKPINK,VN,2023,2023-Q1,51+,2022-09-16,
4fsQ0K37TOXa3hEQfjEic1,ANTIFRAGILE,LE SSERAFIM,VN,2023,2023-Q1,51+,2022-10-17,
0V0dOlfZ3tuZwHnL2eZ9Al,Ngày Xuân Long Phụng Sum Vầy,Bích Phương,VN,2023,2023-Q1,51+,2017-01-16,
3xlhYIhZ7heAvohmw3uyfd,00,RPT MCK,VN,2023,2023-Q1,51+,2023-03-02,
4z623zW86trE9SxAtIf0Gm,Hôn Anh,MIN,VN,2023,2023-Q1,51+,2017-07-13,
2klsSb2iTfgDh95Ak9uWY2,Gái Độc Thân,tlinh,VN,2023,2023-Q1,51+,2021-06-30,
41aMYNen9G7uUbqLfV65cF,Tay To,Rapital,VN,2023,2023-Q1,51+,2021-06-21,
37vIqMH3XV6ZbObcKE9GXC,Cô Đơn,Hngle,VN,2023,2023-Q1,51+,2022-12-30,
1dS4l6xmdgEhCZTAhdOm4N,Serendipity - Full Length Edition,BTS,VN,2023,2023-Q1,51+,2018-08-24,
0hiQvlWSSTr7n1kc1X2Lus,Bật Nhạc Lên,HIEUTHUHAI,VN,2023,2023-Q1,51+,2020-06-12,
7FbrGaHYVDmfr7KoLIZnQ7,Cupid - Twin Ver.,FIFTY FIFTY,VN,2023,2023-Q2,1-10,2023-02-24,
4EaQ0ouIydfeAgQUz284EF,"People, Pt. 2",Agust D,VN,2023,2023-Q2,1-10,2023-04-07,
69CrOS7vEHIrhC2ILyEi0s,FLOWER,JISOO,VN,2023,2023-Q2,1-10,2023-03-31,
4bjN59DRXFRxBE1g5ne6B1,Haegeum,Agust D,VN,2023,2023-Q2,1-10,2023-04-21,
2yjeXq5ahx6UUg2rHaUe6X,Angel Pt. 2,JVKE,VN,2023,2023-Q2,1-10,2023-05-18,
34o6gteNy2T5rieA0xYAgo,Don't ever say love me,Colde,VN,2023,2023-Q2,1-10,2023-05-04,
7kpNUrBDYDoX6QKGzrBD1R,Thôi Em Đừng Đi,RPT MCK,VN,2023,2023-Q2,1-10,2023-03-02,
6HGOxrNik4iPurqStawTFQ,MAKING MY WAY,Sơn Tùng M-TP,VN,2023,2023-Q2,1-10,2023-05-05,
3l6LBCOL9nPsSY29TUY2VE,Lilith,Halsey,VN,2023,2023-Q2,1-10,2023-06-05,
0u8rZGtXJrLtiSe34FPjGG,Like Crazy (English Version),Jimin,VN,2023,2023-Q2,1-10,2023-03-24,
186NCtNk1tUYS7c2DxgJ7O,Christmas Tree,V,VN,2023,2023-Q2,11-20,2021-12-24,
1J3SmWwlYAG68LGKr86MVH,Chúng Ta Của Hiện Tại,Sơn Tùng M-TP,VN,2023,2023-Q2,11-20,2020-12-20,
4vfhartd7HDWGJbdVIycEu,Muộn Rồi Mà Sao Còn,Sơn Tùng M-TP,VN,2023,2023-Q2,11-20,2021-04-29,
3a2Oftcs10wtzw6AmxuTMU,Rồi Ta Sẽ Ngắm Pháo Hoa Cùng Nhau,Olew,VN,2023,2023-Q2,11-20,2023-01-02,
2LhXE2daNpLVv9LYXvYm8F,Là Anh,Phạm Lịch,VN,2023,2023-Q2,11-20,2023-03-10,
5wxYxygyHpbgv0EXZuqb9V,on the street,j-hope,VN,2023,2023-Q2,11-20,2023-03-03,
7gv3UYPh05ZDP7Io5BIsn7,Life Goes On,Agust D,VN,2023,2023-Q2,11-20,2023-04-21,
65aTHDZWUdh6WIafu9MtNF,ngủ một mình (tình rất tình),HIEUTHUHAI,VN,2023,2023-Q2,11-20,2022-12-15,
5iZHnufFUgATzrpGgH1K0W,Ánh Sao Và Bầu Trời,T.R.I,VN,2023,2023-Q2,11-20,2021-09-10,
28bxbqNcAuNxYDZYet6eZ7,Chỉ Một Đêm Nữa Thôi,RPT MCK,VN,2023,2023-Q2,11-20,2023-03-02,
70hEVaGwwat644nPWkhKNW,yêu anh đi mẹ anh bán bánh mì,Phuc Du,VN,2023,2023-Q2,21-50,2023-02-13,
45Mswno1F7FoZkcmQkp7fi,Thích Em Hơi Nhiều,Wren Evans,VN,2023,2023-Q2,21-50,2021-06-18,
4AgFXIVT7hVhBZ5DEOaLu3,tiny love,Thịnh Suy,VN,2023,2023-Q2,21-50,2021-12-05,
7hU3IHwjX150XLoTVmjD0q,MONEY,LISA,VN,2023,2023-Q2,21-50,2021-09-10,
5hkAuvgkOrd4KpDOlCNsvW,Waiting For You,MONO,VN,2023,2023-Q2,21-50,2022-08-18,
78lw4wahFNotXb0mOEtPkM,BADBYE,WEAN,VN,2023,2023-Q2,21-50,2023-06-09,
1xoadYaxtOp9gHDwgmPDuz,Sài Gòn Hôm Nay Mưa,JSOL,VN,2023,2023-Q2,21-50,2021-05-29,
2g68ePl7VMltuOiuSTAz7I,Để Anh Một Mình,RAP VIỆT,VN,2023,2023-Q2,21-50,2023-07-21,
27Z9T0mSWHYWSj9SNOGvyt,Thằng Điên,JustaTee,VN,2023,2023-Q2,21-50,2022-07-11,
1dUmmBh2nw8XzEI3au0uFs,Chết Trong Em,Thịnh Suy,VN,2023,2023-Q2,21-50,2022-11-17,
0DtarPcErIh4skfFtxzomo,Ngày Em Đẹp Nhất,Tama,VN,2023,2023-Q2,51+,2023-04-07,
6TBJkXHPhu3EsMk1bshwuI,ONLY,LEEHI,VN,2023,2023-Q2,51+,2021-09-09,
4P9Q0GojKVXpRTJCaL3kyy,All Of The Girls You Loved Before,Taylor Swift,VN,2023,2023-Q2,51+,2019-08-23,
7IezwtVIJIPC36LpKMR9d7,Violet,Connor Price,VN,2023,2023-Q2,51+,2023-01-27,
5T6j0rfpCDBzAxC8Fpd0N7,An Thần,Low G,VN,2023,2023-Q2,51+,2021-10-21,
7gRFDGEzF9UkBV233yv2dc,Shut Down,BLACKPINK,VN,2023,2023-Q2,51+,2022-09-15,
6IPNp9PfaEqrzotY47TIWy,SG,DJ Snake,VN,2023,2023-Q2,51+,2021-10-22,
38rjRVqEHSlDRrDWDvjkqW,Bước Qua Nhau,Vũ.,VN,2023,2023-Q2,51+,2022-09-09,
6D90VTeGEWYX5AkAtjHZh1,Like Crazy (Deep House Remix),Jimin,VN,2023,2023-Q2,51+,2023-03-26,
6AQbmUe0Qwf5PZnt4HmTXv,Boy's a liar Pt. 2,PinkPantheress,VN,2023,2023-Q2,51+,2023-02-03,
7GARzfC1mwhDuk4t9WOACq,MORE,j-hope,VN,2023,2023-Q3,1-10,2022-07-15,
4TMdpMJNQdcawl8JjZEwLk,Nụ hôn Bisou,Lãng,VN,2023,2023-Q3,1-10,2022-10-28,
6HpkHTTwfVmSoopeloHqOp,Anh Là Ai?,RAP VIỆT,VN,2023,2023-Q3,1-10,2023-08-09,
5IAESfJjmOYu7cHyX557kz,Take Two,BTS,VN,2023,2023-Q3,1-10,2023-06-09,
2QUU1AtY5fndKDNbr17EFk,người điên,tlinh,VN,2023,2023-Q3,1-10,2023-08-16,
2UU11hvjN1JIn4iihEodNT,Blue,V,VN,2023,2023-Q3,1-10,2023-09-08,
7jLSThU5Kg1RWt19Leiaxm,Chìm Sâu,RPT MCK,VN,2023,2023-Q3,1-10,2023-03-02,
6IUEwlNgVnT5CYeBuq6DTH,Anh Là Ai?,RAP VIỆT,VN,2023,2023-Q3,1-10,2023-07-16,
486dVHo58R4EhBQjcYF2NX,Khi Cơn Mơ Dần Phai,RAP VIỆT,VN,2023,2023-Q3,1-10,2023-09-03,
0eFMbKCRw8KByXyWBw8WO7,Still With You,Jung Kook,VN,2023,2023-Q3,1-10,2020-06-05,
02wk5BttM0QL38ERjLPQJB,Cool With You,NewJeans,VN,2023,2023-Q3,11-20,2023-07-21,
7AD5F85waSb3yZxZxEXhJM,Có Ai Thương Em Như Anh,Tóc Tiên,VN,2023,2023-Q3,11-20,2018-01-01,
5sdQOyqq2IDhvmx2lHOpwd,Super Shy,NewJeans,VN,2023,2023-Q3,11-20,2023-07-07,
0gzpqwLf1jhNjnSJEyweAX,Tình cờ yêu em,Kuun Đức Nam,VN,2023,2023-Q3,11-20,2023-06-10,
28bxbqNcAuNxYDZYet6eZ7,Chỉ Một Đêm Nữa Thôi,RPT MCK,VN,2023,2023-Q3,11-20,2023-03-02,
1kuGVB7EU95pJObxwvfwKS,vampire,Olivia Rodrigo,VN,2023,2023-Q3,11-20,2023-09-08,
3ukrFH17Zl6iEZ2QJ1Zwiy,Don't Côi,RPT Orijinn,VN,2023,2023-Q3,11-20,2022-11-20,
1RDvyOk4WtPCtoqciJwVn8,Dreamers [Music from the FIFA World Cup Qatar 2022 Official Soundtrack],Jung Kook,VN,2023,2023-Q3,11-20,2022-11-20,
7kgzRBNkBRArtTPkYjWLYT,bao tiền một mớ bình yên?,14 Casper,VN,2023,2023-Q3,11-20,2023-03-03,
6Hs2xIgB8nzyGFDvVA8lFa,Có Em,Madihu,VN,2023,2023-Q3,11-20,2022-04-22,
0Qs29ApstkrU5T8S5Hxazw,Ngõ Chạm,BigDaddy,VN,2023,2023-Q3,21-50,2023-08-03,
0x5BqH8iC2Y2lTMxAkNAna,Từ Chối Hiểu,RAP VIỆT,VN,2023,2023-Q3,21-50,2023-08-20,
56v8WEnGzLByGsDAXDiv4d,ETA,NewJeans,VN,2023,2023-Q3,21-50,2023-07-21,
5T6j0rfpCDBzAxC8Fpd0N7,An Thần,Low G,VN,2023,2023-Q3,21-50,2021-10-21,
1mFpMoeZfkIqtqW2AfQ8ba,THE GIRLS - BLACKPINK THE GAME OST,BLACKPINK,VN,2023,2023-Q3,21-50,2023-08-25,
74ewFAgDzRkhZ7EX2eLtfZ,Winter Bear,V,VN,2023,2023-Q3,21-50,2019-08-10,
4bjN59DRXFRxBE1g5ne6B1,Haegeum,Agust D,VN,2023,2023-Q3,21-50,2023-04-21,
62SFLTN7txImu8pQwBMP6A,Bật Tình Yêu Lên,Tăng Duy Tân,VN,2023,2023-Q3,21-50,2023-02-14,
1UHkDovEFqHzHCPyNe0BTy,Scenery,V,VN,2023,2023-Q3,21-50,2019-01-30,
7gRFDGEzF9UkBV233yv2dc,Shut Down,BLACKPINK,VN,2023,2023-Q3,21-50,2022-09-15,
1CbdvkjFxRkMNu3M2Cq1Hc,DIVE,TEMPEST,VN,2023,2023-Q3,51+,2023-09-20,
0BOFCIDygXWLtAD08nJDFV,Nhạc Anh,Andree Right Hand,VN,2023,2023-Q3,51+,2020-12-18,
5cvW3PYJeQjRTnj9vHP5Va,Cà Phê,MIN,VN,2023,2023-Q3,51+,2022-03-22,
2wVDWtLKXunswWecARNILj,SOLO,JENNIE,VN,2023,2023-Q3,51+,2018-11-12,
4kjA6oaloTf6ndyntyhZx8,"Cậu Ấm, Cô Chén",RAP VIỆT,VN,2023,2023-Q3,51+,2023-07-09,
5PjdY0CKGZdEuoNab3yDmX,Stay,The Kid LAROI,VN,2023,2023-Q3,51+,2021-07-23,
5wxYxygyHpbgv0EXZuqb9V,on the street,j-hope,VN,2023,2023-Q3,51+,2023-03-03,
3J3nv18iIrOhca1ZWNeuyW,Đã Lỡ Yêu Em Nhiều,JustaTee,VN,2023,2023-Q3,51+,2022-07-11,
0DtarPcErIh4skfFtxzomo,Ngày Em Đẹp Nhất,Tama,VN,2023,2023-Q3,51+,2023-04-07,
7eDrdQ7PK9Xm1CZCKWsgmH,Anh Nhớ Ra,Vũ.,VN,2023,2023-Q3,51+,2022-09-09,
2N0SPREDYqILVEFSsWF5N5,Love Me Again,V,VN,2023,2023-Q4,1-10,2023-08-11,
4exlWP8cokkWVCvyP3kg7c,nếu lúc đó,tlinh,VN,2023,2023-Q4,1-10,2023-08-16,
0fGJiHH6xSUJU1MAVjxq5m,Bạn Đời,Karik,VN,2023,2023-Q4,1-10,2024-07-11,
6gcuJpHu0Ey30D5WR76y98,You & Me,JENNIE,VN,2023,2023-Q4,1-10,2023-10-06,
3CyGK8BeJ5iCunpzvHyINs,Anh Luôn Như Vậy,B Ray,VN,2023,2023-Q4,1-10,2023-10-05,
2doGmsaPLdot51o80juiYU,Đánh Đổi (ft. RPT MCK),Obito,VN,2023,2023-Q4,1-10,2023-10-10,
3ZbZtdEw9U0uZW4tZItIwq,Chịu Cách Mình Nói Thua,RHYDER,VN,2023,2023-Q4,1-10,2023-11-22,
0rKWJnmo6Q0ovoPOLoLm0t,TOO MUCH,The Kid LAROI,VN,2023,2023-Q4,1-10,2023-10-19,
6KgZf5gZgF1KLNxq1qZgHP,Anh Là Ngoại Lệ Của Em,Phương Ly,VN,2023,2023-Q4,1-10,2023-10-05,
2HRgqmZQC0MC7GeNuDIXHN,Seven,Jung Kook,VN,2023,2023-Q4,1-10,2023-11-03,
0SLhB9JLM4Ksz1XdwK3aQD,Hà Nội (ft. VSTRA),Obito,VN,2023,2023-Q4,11-20,2023-10-10,
5ydjxBSUIDn26MFzU3asP4,Rainy Days,V,VN,2023,2023-Q4,11-20,2023-08-11,
5KfJvZ0PZzRdwFRaTUDAA7,Somebody,Jung Kook,VN,2023,2023-Q4,11-20,2023-11-03,
0Vz146N2GxkVJw4kSGXrNi,You & Me (Coachella ver.),JENNIE,VN,2023,2023-Q4,11-20,2023-10-06,
28bxbqNcAuNxYDZYet6eZ7,Chỉ Một Đêm Nữa Thôi,RPT MCK,VN,2023,2023-Q4,11-20,2023-03-02,
1ZgiJ8fiSEwd07OpB9ZuRz,Cắt Đôi Nỗi Sầu,Tăng Duy Tân,VN,2023,2023-Q4,11-20,2023-09-27,
3XCp5o1FUpAH0aj2Hmj5yz,Call Me,Wren Evans,VN,2023,2023-Q4,11-20,2023-12-17,
0gzpqwLf1jhNjnSJEyweAX,Tình cờ yêu em,Kuun Đức Nam,VN,2023,2023-Q4,11-20,2023-06-10,
6VXVYATpQXEIoZ97NnWCmn,Vì Anh Đâu Có Biết,Madihu,VN,2023,2023-Q4,11-20,2022-08-04,
5ONOlTiqymhzwcFjqcIT6E,Hate You,Jung Kook,VN,2023,2023-Q4,11-20,2023-11-03,
45Mswno1F7FoZkcmQkp7fi,Thích Em Hơi Nhiều,Wren Evans,VN,2023,2023-Q4,21-50,2021-06-18,
0vkExWiBJSrfWnlMC7x48b,Không Yêu Xin Đừng Nói - Piano Version,UMIE,VN,2023,2023-Q4,21-50,2022-01-22,
486dVHo58R4EhBQjcYF2NX,Khi Cơn Mơ Dần Phai,RAP VIỆT,VN,2023,2023-Q4,21-50,2023-09-03,
210JJAa9nJOgNa0YNrsT5g,GODS,League of Legends,VN,2023,2023-Q4,21-50,2023-10-04,
2UtFCtiSoc30GJ4MUcHDKr,Tell the kids i love them (ft. Shiki),Obito,VN,2023,2023-Q4,21-50,2023-10-10,
7AD5F85waSb3yZxZxEXhJM,Có Ai Thương Em Như Anh,Tóc Tiên,VN,2023,2023-Q4,21-50,2018-01-01,
5T6j0rfpCDBzAxC8Fpd0N7,An Thần,Low G,VN,2023,2023-Q4,21-50,2021-10-21,
3bNNvJA7hsGw0wSpGkfOBm,Too Sad to Dance,Jung Kook,VN,2023,2023-Q4,21-50,2023-11-03,
5uyNAX6MazVAjBjVeOsTvp,3 1 0 7,W/N,VN,2023,2023-Q4,21-50,2020-05-11,
1xoadYaxtOp9gHDwgmPDuz,Sài Gòn Hôm Nay Mưa,JSOL,VN,2023,2023-Q4,21-50,2021-05-29,
7fNHfgOxPLcg4mQLhCnOHB,XTC (Xích Thêm Chút) - Remix,Rapital,VN,2023,2023-Q4,51+,2021-06-21,
2OBZtEg8DXhICWYd6yvicf,Từ A Đến Z,RAP VIỆT,VN,2023,2023-Q4,51+,2023-08-27,
0KnWLhf5GqPEC4m7sHhxrY,Cơn Mưa Rào,Văn Mai Hương,VN,2023,2023-Q4,51+,2023-10-24,
6jcLKVmEKAQIXIVHJZ8vzS,tình yêu chậm trễ,MONSTAR,VN,2023,2023-Q4,51+,2021-08-01,
0bYg9bo50gSsH3LtXe2SQn,All I Want for Christmas Is You,Mariah Carey,VN,2023,2023-Q4,51+,1994-10-28,
6TOI8hhlfebwsTYRCVpRMn,Xuất Phát Điểm,Obito,VN,2023,2023-Q4,51+,2023-10-10,
0tfMfqHC3Pl6DG8kcIjXq9,Make Me Feel,Binz,VN,2023,2023-Q4,51+,2023-11-02,
6MgCMS8q3NA89TnVuPLvIN,Baby Gọi Cho Anh,RAP VIỆT,VN,2023,2023-Q4,51+,2023-08-09,
59hBR0BCtJsfIbV9VzCVAp,Set Me Free Pt.2,Jimin,VN,2023,2023-Q4,51+,2023-03-17,
4I2ne5vm5LJmrXAfqgjAG4,Tình Ca Tình Ta,kis,VN,2023,2023-Q4,51+,2021-06-30,
0X28PqBpbQhWdi4usYw0w5,Tò Te Tí,Wren Evans,VN,2024,2024-Q1,1-10,2023-12-17,
0cGpKQ8RxxLOFqhktEURIj,wherever u r,UMI,VN,2024,2024-Q1,1-10,2023-12-30,
1khMN4Adfi3LrZvxOq4YM5,Buồn Hay Vui,VSOUL,VN,2024,2024-Q1,1-10,2023-12-25,
4saklk6nie3yiGePpBwUoc,Dynamite,BTS,VN,2024,2024-Q1,1-10,2020-11-20,
43qX7PiMfluhGyrJrjcP9p,I Need U,BTS,VN,2024,2024-Q1,1-10,2017-01-06,
4qYfRfSxsmhJ1WMaywtLyI,Từng Quen,Wren Evans,VN,2024,2024-Q1,1-10,2023-12-17,
36OyVzUmUFb1MTTzy3YXbh,"Sau Lời Từ Khước (Theme Song From ""MAI"")",Phan Mạnh Quỳnh,VN,2024,2024-Q1,1-10,2024-02-14,
4PCh6DAkUYKnEmvjV4ouOs,Nâng Chén Tiêu Sầu,Bích Phương,VN,2024,2024-Q1,1-10,2024-03-08,
0paWX66K9n7sYR9AkKkyzB,Standing Next to You - Sped Up - Remix,Beat Record,VN,2024,2024-Q1,1-10,2024-02-28,
3OVMe3H6iAxbLF8iD2UYrw,Chúng Ta Của Tương Lai,Sơn Tùng M-TP,VN,2024,2024-Q1,1-10,2024-03-08,
0OIed6UFpfT2nW4BffD7Js,pho real,Low G,VN,2024,2024-Q1,11-20,2024-02-28,
0dBKcPEAsdxWJsqNDNHcPz,Dân Chơi Sao Phải Khóc,Andree Right Hand,VN,2024,2024-Q1,11-20,2024-01-05,
3XCp5o1FUpAH0aj2Hmj5yz,Call Me,Wren Evans,VN,2024,2024-Q1,11-20,2023-12-17,
2ddbldKhKrYvOBbYa87cbj,Dành Hết Xuân Thì Để Chờ Nhau,Vũ.,VN,2024,2024-Q1,11-20,2024-03-14,
1K0HQ30Wc11okzlcnFA7Ub,Không Thể Say,HIEUTHUHAI,VN,2024,2024-Q1,11-20,2023-10-16,
4jWmhzf53Q0ZvZMuGdiR9x,shhhhhhh..,WEAN,VN,2024,2024-Q1,11-20,2023-10-07,
6KgZf5gZgF1KLNxq1qZgHP,Anh Là Ngoại Lệ Của Em,Phương Ly,VN,2024,2024-Q1,11-20,2023-10-05,
5J3m0taZ0W1E9HTE0MwcSv,Simp Gái 808,Low G,VN,2024,2024-Q1,11-20,2023-10-18,
4exlWP8cokkWVCvyP3kg7c,nếu lúc đó,tlinh,VN,2024,2024-Q1,11-20,2023-08-16,
0fGJiHH6xSUJU1MAVjxq5m,Bạn Đời,Karik,VN,2024,2024-Q1,11-20,2024-07-11,
7Ebm9NxzNhUX2FxzBl1kwm,02 Mơ Làm Ma,Ngọt,VN,2024,2024-Q1,21-50,2024-02-23,
7gaA3wERFkFkgivjwbSvkG,"yes, and?",Ariana Grande,VN,2024,2024-Q1,21-50,2024-01-12,
1aKvZDoLGkNMxoRYgkckZG,Magnetic,ILLIT,VN,2024,2024-Q1,21-50,2024-03-25,
3UX7FjJDl6RodnWekzFwEB,Exit Sign,HIEUTHUHAI,VN,2024,2024-Q1,21-50,2023-10-16,
6VXVYATpQXEIoZ97NnWCmn,Vì Anh Đâu Có Biết,Madihu,VN,2024,2024-Q1,21-50,2022-08-04,
5T6j0rfpCDBzAxC8Fpd0N7,An Thần,Low G,VN,2024,2024-Q1,21-50,2021-10-21,
21x7Ld7I7X7HQtDgS8al5Z,Quyền Anh,Wren Evans,VN,2024,2024-Q1,21-50,2023-12-17,
5f4u0kPnU21qNe6fXgAUiV,Yêu Nắm,BigDaddy,VN,2024,2024-Q1,21-50,2024-02-13,
5ECHJ1llWBNYLVCYrllD3x,Chạy Khỏi Thế Giới Này,Da LAB,VN,2024,2024-Q1,21-50,2022-06-30,
3ukrFH17Zl6iEZ2QJ1Zwiy,Don't Côi,RPT Orijinn,VN,2024,2024-Q1,21-50,2022-11-20,
1J12HjUuXfJnaUdubTEzSR,Nghe Như Tình Yêu,HIEUTHUHAI,VN,2024,2024-Q1,51+,2021-07-09,
65aTHDZWUdh6WIafu9MtNF,ngủ một mình (tình rất tình),HIEUTHUHAI,VN,2024,2024-Q1,51+,2022-12-15,
2rGCYAabfA63PIzhQm7hVq,Internet Love,VSTRA,VN,2024,2024-Q1,51+,2021-02-14,
7eDrdQ7PK9Xm1CZCKWsgmH,Anh Nhớ Ra,Vũ.,VN,2024,2024-Q1,51+,2022-09-09,
2FWBdovgRvBSzA1JESUe0D,Làm Gì Phải Hốt,JustaTee,VN,2024,2024-Q1,51+,2020-01-05,
5PyDJG7SQRgWXefgexqIge,Agora Hills,Doja Cat,VN,2024,2024-Q1,51+,2023-09-20,
1izPmgSW7FV6XFdEOiTvOY,Em Không Hiểu,Changg,VN,2024,2024-Q1,51+,2021-06-28,
6eOD2p1cGmxLiYA0UR03O1,Như Hoa Mùa Xuân,Phùng Khánh Linh,VN,2024,2024-Q1,51+,2023-01-01,
0Qs29ApstkrU5T8S5Hxazw,Ngõ Chạm,BigDaddy,VN,2024,2024-Q1,51+,2023-08-03,
7ESH2ntyD5Bb1XckoJU554,Một Năm Mới Bình An,Sơn Tùng M-TP,VN,2024,2024-Q1,51+,2017-04-01,
02H58MSfVESkKyx4diDgu7,LOST!,RM,VN,2024,2024-Q2,1-10,2024-05-24,
4fj4Jn4nw8fGX8xdbCntJf,Sau Cơn Mưa,CoolKid,VN,2024,2024-Q2,1-10,2023-07-28,
3Ua0m0YmEjrMi9XErKcNiR,Like Crazy,Jimin,VN,2024,2024-Q2,1-10,2023-03-24,
0PBTlQ84CBJF0tBnKGmQa6,FRI(END)S,V,VN,2024,2024-Q2,1-10,2024-03-15,
2N0SPREDYqILVEFSsWF5N5,Love Me Again,V,VN,2024,2024-Q2,1-10,2023-08-11,
1LJyhnPdYGRLerwJd8CmL1,Những Lời Hứa Bỏ Quên,Vũ.,VN,2024,2024-Q2,1-10,2024-09-27,
2xOhv7XudrBDtkID1jwsFE,Từng Là,Vũ Cát Tường,VN,2024,2024-Q2,1-10,2024-03-01,
11sirgYaEutV40tkvgpHN6,NEURON,j-hope,VN,2024,2024-Q2,1-10,2024-03-29,
4oGgxjxVOI69h9uOpHOzwn,Để Ý,Wren Evans,VN,2024,2024-Q2,1-10,2024-06-13,
3ZbZtdEw9U0uZW4tZItIwq,Chịu Cách Mình Nói Thua,RHYDER,VN,2024,2024-Q2,1-10,2023-11-22,
1K0HQ30Wc11okzlcnFA7Ub,Không Thể Say,HIEUTHUHAI,VN,2024,2024-Q2,11-20,2023-10-16,
5WIKVELHZYJ4vl3x3xlbZD,Ổ Quỷ,MR LANH,VN,2024,2024-Q2,11-20,2024-02-05,
4tqXSj46umlymdIxqY8zso,giá như,SOOBIN,VN,2024,2024-Q2,11-20,2024-06-25,
1SS0WlKhJewviwEDZ6dWj0,SPOT!,ZICO,VN,2024,2024-Q2,11-20,2024-04-26,
3K7RddI2L8Wiv7uIbrhfLc,Rồi Em Sẽ Gặp Một Chàng Trai Khác,The Masked Singer,VN,2024,2024-Q2,11-20,2023-11-12,
2o1pb13quMReXZqE7jWsgq,intro (end of the world),Ariana Grande,VN,2024,2024-Q2,11-20,2024-03-08,
4exlWP8cokkWVCvyP3kg7c,nếu lúc đó,tlinh,VN,2024,2024-Q2,11-20,2023-08-16,
25h0TqC9H3BcMA7KjK5nHK,vaicaunoicokhiennguoithaydoi,GREY D,VN,2024,2024-Q2,11-20,2022-06-20,
6VXVYATpQXEIoZ97NnWCmn,Vì Anh Đâu Có Biết,Madihu,VN,2024,2024-Q2,11-20,2022-08-04,
5C1O3fpMsiisJpHiB1uuDf,ĐỢI (Prod. RIO),52Hz,VN,2024,2024-Q2,11-20,2023-12-15,
3A9A7mfVDVm3rrS9SMGhg5,Hư không,Kha,VN,2024,2024-Q2,21-50,2023-12-14,
2wZAvkgiOE5tyrnqhB69KA,Âm Thầm Bên Em,Sơn Tùng M-TP,VN,2024,2024-Q2,21-50,2017-04-01,
2pm7K14nHj2fLrpU8j9bit,10 Ngàn Năm,PC,VN,2024,2024-Q2,21-50,2019-12-21,
4jWmhzf53Q0ZvZMuGdiR9x,shhhhhhh..,WEAN,VN,2024,2024-Q2,21-50,2023-10-07,
1njlnn8ZKHI77Pe9szIONR,SHEESH,BABYMONSTER,VN,2024,2024-Q2,21-50,2024-04-01,
2ddbldKhKrYvOBbYa87cbj,Dành Hết Xuân Thì Để Chờ Nhau,Vũ.,VN,2024,2024-Q2,21-50,2024-03-14,
6kCU6i8iRrAAmJJ8Sj4JYC,Nắng có mang em về,Shartnuss,VN,2024,2024-Q2,21-50,2023-10-21,
5BTzf3doGTigDIYUFtbkI9,Sinh Ra Đã Là Thứ Đối Lập Nhau,Emcee L (Da LAB),VN,2024,2024-Q2,21-50,2020-12-29,
7kgzRBNkBRArtTPkYjWLYT,bao tiền một mớ bình yên?,14 Casper,VN,2024,2024-Q2,21-50,2023-03-03,
1xoadYaxtOp9gHDwgmPDuz,Sài Gòn Hôm Nay Mưa,JSOL,VN,2024,2024-Q2,21-50,2021-05-29,
7fNHfgOxPLcg4mQLhCnOHB,XTC (Xích Thêm Chút) - Remix,Rapital,VN,2024,2024-Q2,51+,2021-06-21,
2SykQzXuFSeprST1uDjj1m,trời giấu trời mang đi,AMEE,VN,2024,2024-Q2,51+,2020-06-20,
0MJ5wKsPEeihONNfugHGy7,Tip Toe,HYBS,VN,2024,2024-Q2,51+,2023-06-20,
6xKs4CnVadRzdNZ48vhT27,Ngày Đầu Sau Chia Tay,Đức Phúc,VN,2024,2024-Q2,51+,2024-06-20,
0UaaFmF3xUwMjnuAHBq7qL,Love You With All My Heart,Crush,VN,2024,2024-Q2,51+,2024-03-24,
6o5y1iNvg3ORGfHtBEB8U4,? (Interlude),RM,VN,2024,2024-Q2,51+,2024-05-24,
0tGmDUHDoT8pxYhgAT3yNG,bé ơi từ từ,Wren Evans,VN,2024,2024-Q2,51+,2023-12-17,
6dgUya35uo964z7GZXM07g,Nonsense,Sabrina Carpenter,VN,2024,2024-Q2,51+,2022-07-15,
5AaHvf9iO6RydAIissh0kz,Simple Love,Obito,VN,2024,2024-Q2,51+,2022-11-29,
45PPoUgqs3JrhkZGEzSUHT,3107 4,W/N,VN,2024,2024-Q2,51+,2022-07-31,
2nRMW95dnOILirpjbksLTs,Never Let Go,Jung Kook,VN,2024,2024-Q3,1-10,2024-06-07,
6vvPecFTmWxDfEJ6cYT1wa,Rockstar,LISA,VN,2024,2024-Q3,1-10,2024-06-27,
2ZqTbIID9vFPTXaGyzbb4q,Neva Play,Megan Thee Stallion,VN,2024,2024-Q3,1-10,2024-09-06,
5XfGQZA0ioQAWUjlyJRcHc,1000 Ánh Mắt,Shiki,VN,2024,2024-Q3,1-10,2024-06-27,
0BX2eDMZJrGzApf4ZGXrFi,NGÁO NGƠ,"ANH TRAI ""SAY HI""",VN,2024,2024-Q3,1-10,2024-08-29,
31VNCmwspR7nVJ6kruUuJt,Đừng Làm Trái Tim Anh Đau,Sơn Tùng M-TP,VN,2024,2024-Q3,1-10,2024-06-08,
3k6q0O9JnO2GhvD6C8fs20,Closer Than This,Jimin,VN,2024,2024-Q3,1-10,2023-12-22,
5oFEvbM7lGnx8jfAkuhVyo,MỘNG YU,AMEE,VN,2024,2024-Q3,1-10,2024-08-02,
2plbrEY59IikOBgBGLjaoe,Die With A Smile,Lady Gaga,VN,2024,2024-Q3,1-10,2024-08-16,
3Alwi53Ahc2GwHgvel42b2,Ngày Đẹp Trời Để Nói Chia Tay,Lou Hoàng,VN,2024,2024-Q3,1-10,2024-06-13,
25h0TqC9H3BcMA7KjK5nHK,vaicaunoicokhiennguoithaydoi,GREY D,VN,2024,2024-Q3,11-20,2022-06-20,
3OVMe3H6iAxbLF8iD2UYrw,Chúng Ta Của Tương Lai,Sơn Tùng M-TP,VN,2024,2024-Q3,11-20,2024-03-08,
26zqmmkqUK6mCc87XDzPym,CHÂN THÀNH,"ANH TRAI ""SAY HI""",VN,2024,2024-Q3,11-20,2024-08-26,
5PGh9MyKry8slG5AfvD1eD,Hà Nội,Obito,VN,2024,2024-Q3,11-20,2023-10-10,
07d8eaOuAWdC0DANq3tdPd,QUAY ĐI QUAY LẠI,"ANH TRAI ""SAY HI""",VN,2024,2024-Q3,11-20,2024-08-31,
2xOhv7XudrBDtkID1jwsFE,Từng Là,Vũ Cát Tường,VN,2024,2024-Q3,11-20,2024-03-01,
4CUvVaAYuXtvYURLFz7EIL,Chuyện Đôi Ta,Emcee L (Da LAB),VN,2024,2024-Q3,11-20,2021-12-01,
4WZf4gJ2MvBec6XPdUiqcq,ANH BIẾT RỒI,"ANH TRAI ""SAY HI""",VN,2024,2024-Q3,11-20,2024-08-31,
3COYA2vgfcUhDyRlVpZy5p,PHÓNG ZÌN ZÌN,tlinh,VN,2024,2024-Q3,11-20,2024-09-18,
7Cjsw965r7mVK888ZqP6Wo,Mình Anh Thôi,Negav,VN,2024,2024-Q3,11-20,2024-09-04,
6VXVYATpQXEIoZ97NnWCmn,Vì Anh Đâu Có Biết,Madihu,VN,2024,2024-Q3,21-50,2022-08-04,
5ECHJ1llWBNYLVCYrllD3x,Chạy Khỏi Thế Giới Này,Da LAB,VN,2024,2024-Q3,21-50,2022-06-30,
5J3m0taZ0W1E9HTE0MwcSv,Simp Gái 808,Low G,VN,2024,2024-Q3,21-50,2023-10-18,
7pqx5vF7DzkVtEdsXQ9iua,ĐẦU ĐỘI SỪNG,"ANH TRAI ""SAY HI""",VN,2024,2024-Q3,21-50,2024-08-06,
5ydjxBSUIDn26MFzU3asP4,Rainy Days,V,VN,2024,2024-Q3,21-50,2023-08-11,
7kKu4NWeBh01I6aTIEP9bg,TRÓI EM LẠI,"ANH TRAI ""SAY HI""",VN,2024,2024-Q3,21-50,2024-08-31,
1LJyhnPdYGRLerwJd8CmL1,Những Lời Hứa Bỏ Quên,Vũ.,VN,2024,2024-Q3,21-50,2024-09-27,
3A9A7mfVDVm3rrS9SMGhg5,Hư không,Kha,VN,2024,2024-Q3,21-50,2023-12-14,
2HRqTpkrJO5ggZyyK6NPWz,Espresso,Sabrina Carpenter,VN,2024,2024-Q3,21-50,2024-08-23,
1J12HjUuXfJnaUdubTEzSR,Nghe Như Tình Yêu,HIEUTHUHAI,VN,2024,2024-Q3,21-50,2021-07-09,
0H4ugk6rhnXmTl47ayy9O5,Daechwita,Agust D,VN,2024,2024-Q3,51+,2020-05-22,
62bOmKYxYg7dhrC6gH9vFn,Bye Bye Bye,*NSYNC,VN,2024,2024-Q3,51+,2000-03-21,
3nw5vYaH4qVx8joq3qhtNx,Okeokeoke,Low G,VN,2024,2024-Q3,51+,2020-11-09,
7AD5F85waSb3yZxZxEXhJM,Có Ai Thương Em Như Anh,Tóc Tiên,VN,2024,2024-Q3,51+,2018-01-01,
4iLqG9SeJSnt0cSPICSjxv,Attention,Charlie Puth,VN,2024,2024-Q3,51+,2017-04-20,
7h2zqUH4bYyknNUxsYnS5V,Như Anh Đã Thấy Em,PhucXp,VN,2024,2024-Q3,51+,2022-05-20,
5uyNAX6MazVAjBjVeOsTvp,3 1 0 7,W/N,VN,2024,2024-Q3,51+,2020-05-11,
2nR51wakN5K3AJENqGaNg9,Bài Này Chill Phết,Đen,VN,2024,2024-Q3,51+,2019-01-01,
5ocSQW5sIUIOFojwXEz9Ki,Supernatural,NewJeans,VN,2024,2024-Q3,51+,2024-06-21,
5cn5oHiXJTLiuthgbgfkMh,Vet Mua,Vũ Cát Tường,VN,2024,2024-Q3,51+,2014-01-01,
0SLzsfxED15vyUccX4bCqo,HOP ON DA SHOW,tlinh,VN,2024,2024-Q4,1-10,2024-09-18,
50zAEIE4B1QqhPjRMK2Xmh,Running Wild,Jin,VN,2024,2024-Q4,1-10,2024-11-19,
4nXrVH5xwN1w6TpmP7uu8n,Exit Sign,HIEUTHUHAI,VN,2024,2024-Q4,1-10,2023-10-16,
1K0HQ30Wc11okzlcnFA7Ub,Không Thể Say,HIEUTHUHAI,VN,2024,2024-Q4,1-10,2023-10-16,
2plbrEY59IikOBgBGLjaoe,Die With A Smile,Lady Gaga,VN,2024,2024-Q4,1-10,2024-08-16,
2GE2p2dFpxp7OIz2QOFBzW,"KIM PHÚT, KIM GIỜ","ANH TRAI ""SAY HI""",VN,2024,2024-Q4,1-10,2024-08-26,
3uT8QfoX0BE8ZJa4h98LDW,Wrong Times,Puppy,VN,2024,2024-Q4,1-10,2023-05-17,
1z5ebC9238uGoBgzYyvGpQ,toxic till the end,ROSÉ,VN,2024,2024-Q4,1-10,2024-12-06,
7134tEHq45eL6am9oVazZU,White Christmas,V,VN,2024,2024-Q4,1-10,2024-12-06,
4wJ5Qq0jBN4ajy7ouZIV1c,APT.,ROSÉ,VN,2024,2024-Q4,1-10,2024-12-06,
5oFEvbM7lGnx8jfAkuhVyo,MỘNG YU,AMEE,VN,2024,2024-Q4,11-20,2024-08-02,
0e6fZkLArSmDIHnZcIua7t,Không Yêu Em Thì Yêu Ai?,Vũ.,VN,2024,2024-Q4,11-20,2024-09-27,
3ZbZtdEw9U0uZW4tZItIwq,Chịu Cách Mình Nói Thua,RHYDER,VN,2024,2024-Q4,11-20,2023-11-22,
0BX2eDMZJrGzApf4ZGXrFi,NGÁO NGƠ,"ANH TRAI ""SAY HI""",VN,2024,2024-Q4,11-20,2024-08-29,
4fj4Jn4nw8fGX8xdbCntJf,Sau Cơn Mưa,CoolKid,VN,2024,2024-Q4,11-20,2023-07-28,
0s7RyyUlQfd8mnnboHe18n,Hẹn Gặp Em Dưới Ánh Trăng,MANBO,VN,2024,2024-Q4,11-20,2020-09-25,
7gSQxwCpEMjg8wb6Y3oqe7,HÀO QUANG,"ANH TRAI ""SAY HI""",VN,2024,2024-Q4,11-20,2024-08-06,
3Nn9QjxOEj1pleW9xTG6cq,TÌNH ĐẦU QUÁ CHÉN,"ANH TRAI ""SAY HI""",VN,2024,2024-Q4,11-20,2024-09-18,
31VNCmwspR7nVJ6kruUuJt,Đừng Làm Trái Tim Anh Đau,Sơn Tùng M-TP,VN,2024,2024-Q4,11-20,2024-06-08,
4eeflgjzTF8xN8U2E0dech,NGỰA Ô,Dangrangto,VN,2024,2024-Q4,11-20,2024-10-02,
0669gFIK8dYK9GGQ0K0QNF,Tràn Bộ Nhớ,Dương Domic,VN,2024,2024-Q4,21-50,2024-11-23,
1LJyhnPdYGRLerwJd8CmL1,Những Lời Hứa Bỏ Quên,Vũ.,VN,2024,2024-Q4,21-50,2024-09-27,
4hdOYl6xm8ry6hZzn9pBqw,QUA TỪNG KHUNG HÌNH,RAP VIỆT,VN,2024,2024-Q4,21-50,2024-11-18,
2a5hng9yXtbjtTVVm9UviC,Mo,Vũ Cát Tường,VN,2024,2024-Q4,21-50,2016-01-01,
5YiNxgEQQTuFi5dKLxxjWm,CATCH ME IF YOU CAN,"ANH TRAI ""SAY HI""",VN,2024,2024-Q4,21-50,2024-08-06,
7Cjsw965r7mVK888ZqP6Wo,Mình Anh Thôi,Negav,VN,2024,2024-Q4,21-50,2024-09-04,
50aQbgfdydBXABx2gATQHn,dance all night,ROSÉ,VN,2024,2024-Q4,21-50,2024-12-06,
3y4q6bBdbXsTIaPiwiiUfy,3am,ROSÉ,VN,2024,2024-Q4,21-50,2024-12-06,
67siqMtQTGPpJZI4Dz8OpM,not the same,ROSÉ,VN,2024,2024-Q4,21-50,2024-12-06,
2SR0alFA2oWYXSoePGTj0V,I’ll Be There,Jin,VN,2024,2024-Q4,21-50,2024-11-19,
0QzuaeCEEOV40Pn7IvKEny,double take,Dhruv,VN,2024,2024-Q4,51+,2022-01-21,
52oyR8Wjhdzg7zucr8keYl,Đường Một Chiều,Huỳnh Tú,VN,2024,2024-Q4,51+,2021-03-01,
0bYg9bo50gSsH3LtXe2SQn,All I Want for Christmas Is You,Mariah Carey,VN,2024,2024-Q4,51+,1994-10-28,
4QkTMKgtkI6P9v9NRzSswS,CHỜ MỘT NGƯỜI,RAP VIỆT,VN,2024,2024-Q4,51+,2024-12-09,
5LQpQ6SDeaz6SIkR0lvsoC,đưa em về nhàa,GREY D,VN,2024,2024-Q4,51+,2023-04-24,
2o4dDfLK6NVI7TjBm5VoMv,Yêu Một Người Có Lẽ,Lou Hoàng,VN,2024,2024-Q4,51+,2016-03-07,
4XsJiRJQAK8TWcZCn0Dxlh,POWER,G-DRAGON,VN,2024,2024-Q4,51+,2024-10-31,
3K7RddI2L8Wiv7uIbrhfLc,Rồi Em Sẽ Gặp Một Chàng Trai Khác,The Masked Singer,VN,2024,2024-Q4,51+,2023-11-12,
1pwyiEOvhXLvlpzTZcgfhe,CHÀNG KHỜ THUỶ CUNG,"ANH TRAI ""SAY HI""",VN,2024,2024-Q4,51+,2024-08-31,
0oL2jCTf9P9a7flY5mCpYu,Trở Về,Wxrdie,VN,2024,2024-Q4,51+,2024-11-12,
0669gFIK8dYK9GGQ0K0QNF,Tràn Bộ Nhớ,Dương Domic,VN,2025,2025-Q1,1-10,2024-11-23,
0JBBsuv6YHi37NqzCNfr0d,SỰ NGHIỆP CHƯỚNG,Pháo,VN,2025,2025-Q1,1-10,2025-03-21,
2Pwou3Q2Cf59RxdX2V6MgV,Có Đôi Điều,Shiki,VN,2025,2025-Q1,1-10,2024-06-27,
1lcBt7LoEikqYmhUoa2cez,number one girl,ROSÉ,VN,2025,2025-Q1,1-10,2024-12-06,
1K0HQ30Wc11okzlcnFA7Ub,Không Thể Say,HIEUTHUHAI,VN,2025,2025-Q1,1-10,2023-10-16,
4eeflgjzTF8xN8U2E0dech,NGỰA Ô,Dangrangto,VN,2025,2025-Q1,1-10,2024-10-02,
6cc5PzJUddXskJGHJINw9F,DANCING IN THE DARK,SOOBIN,VN,2025,2025-Q1,1-10,2024-06-25,
5Fhr3wqeieN5WDkAsqL1JJ,MONA LISA,j-hope,VN,2025,2025-Q1,1-10,2025-03-21,
41DlPJXKTCypXdf2eSqa03,Bình Yên,Vũ.,VN,2025,2025-Q1,1-10,2024-09-27,
0oSc7X1uRQGuEqNRtXEeQL,Dù Cho Tận Thế,ERIK,VN,2025,2025-Q1,1-10,2025-02-06,
226ljdOTLM2clGpm4mZvAm,Love is,Dangrangto,VN,2025,2025-Q1,11-20,2023-06-27,
2plbrEY59IikOBgBGLjaoe,Die With A Smile,Lady Gaga,VN,2025,2025-Q1,11-20,2024-08-16,
3ZbZtdEw9U0uZW4tZItIwq,Chịu Cách Mình Nói Thua,RHYDER,VN,2025,2025-Q1,11-20,2023-11-22,
7fCeYpR02Q8JVuD88hJZVT,Bầu Trời Mới,Da LAB,VN,2025,2025-Q1,11-20,2024-10-05,
7LVrrX8pkzI9fMF88nGabt,Đi Về Nhà,Đen,VN,2025,2025-Q1,11-20,2020-12-20,
72NMPuJCRsOUoXQJdzVfdo,Track 06,Tyronee,VN,2025,2025-Q1,11-20,2024-12-05,
4EIFwndJvGpgFjsEbNuYif,ExtraL,JENNIE,VN,2025,2025-Q1,11-20,2025-03-07,
4fj4Jn4nw8fGX8xdbCntJf,Sau Cơn Mưa,CoolKid,VN,2025,2025-Q1,11-20,2023-07-28,
31VNCmwspR7nVJ6kruUuJt,Đừng Làm Trái Tim Anh Đau,Sơn Tùng M-TP,VN,2025,2025-Q1,11-20,2024-06-08,
7mblTCdc14ylJ1JW71MODb,Giờ Thì,buitruonglinh,VN,2025,2025-Q1,11-20,2024-12-12,
2oVLEoBVDvYrGmzrU7dEm5,TRÀN BỘ NHỚ,"ANH TRAI ""SAY HI""",VN,2025,2025-Q1,21-50,2024-08-31,
5JoQSuMrHdu7BcgIY9hDcX,Ánh Mắt Biết Cười,Quang Hùng MasterD,VN,2025,2025-Q1,21-50,2025-01-26,
6a1uj8onBHUi6TKSREPxHY,Ghệ Mới,B Ray,VN,2025,2025-Q1,21-50,2025-02-14,
265hQASPY3HFmUH38zZrSK,MOIEM,Dangrangto,VN,2025,2025-Q1,21-50,2024-11-06,
5ca1aUHYwTDNO5E6unithq,Tiến Hay Lùi (Nụ Hôn Bạc Tỷ Original Soundtrack),Bùi Công Nam,VN,2025,2025-Q1,21-50,2025-01-21,
10zywlg5b0gQOC3q1A7ADx,earthquake,JISOO,VN,2025,2025-Q1,21-50,2025-02-14,
2a5hng9yXtbjtTVVm9UviC,Mo,Vũ Cát Tường,VN,2025,2025-Q1,21-50,2016-01-01,
7KNmIjcmGJIBrhP2s5Vioe,Born Again,LISA,VN,2025,2025-Q1,21-50,2025-02-28,
0e6fZkLArSmDIHnZcIua7t,Không Yêu Em Thì Yêu Ai?,Vũ.,VN,2025,2025-Q1,21-50,2024-09-27,
4exlWP8cokkWVCvyP3kg7c,nếu lúc đó,tlinh,VN,2025,2025-Q1,21-50,2023-08-16,
0QzuaeCEEOV40Pn7IvKEny,double take,Dhruv,VN,2025,2025-Q1,51+,2022-01-21,
79bSb2Ilugozn6VygdplEZ,1 Phút,Andiez,VN,2025,2025-Q1,51+,2017-08-07,
2nR51wakN5K3AJENqGaNg9,Bài Này Chill Phết,Đen,VN,2025,2025-Q1,51+,2019-01-01,
6xKs4CnVadRzdNZ48vhT27,Ngày Đầu Sau Chia Tay,Đức Phúc,VN,2025,2025-Q1,51+,2024-06-20,
4HxGH28DitgAuuKpEVrLzN,two years,ROSÉ,VN,2025,2025-Q1,51+,2024-12-06,
44sYmL97Lv8mEbzgANFkPD,thật quá đáng.. để yêu,NICKY,VN,2025,2025-Q1,51+,2024-10-09,
0fGJiHH6xSUJU1MAVjxq5m,Bạn Đời,Karik,VN,2025,2025-Q1,51+,2024-07-11,
3K7RddI2L8Wiv7uIbrhfLc,Rồi Em Sẽ Gặp Một Chàng Trai Khác,The Masked Singer,VN,2025,2025-Q1,51+,2023-11-12,
354swDEk1Zdo9y57fEqmRg,ĐOÁ HOA,TeuYungBoy,VN,2025,2025-Q1,51+,2025-03-08,
5J90ah0ppUSev1uahqQiN6,Anh Đánh Rơi Người Yêu Này,Andiez,VN,2025,2025-Q1,51+,2019-07-15,
0JBBsuv6YHi37NqzCNfr0d,SỰ NGHIỆP CHƯỚNG,Pháo,VN,2025,2025-Q2,1-10,2025-03-21,
6Wobsw9uZ0D0xkfOjxXSq9,Messy (From F1® The Movie),ROSÉ,VN,2025,2025-Q2,1-10,2025-05-08,
5PCOOngROV9jWsUViSy4Ed,Killin' It Girl,j-hope,VN,2025,2025-Q2,1-10,2025-06-13,
0oSc7X1uRQGuEqNRtXEeQL,Dù Cho Tận Thế,ERIK,VN,2025,2025-Q2,1-10,2025-02-06,
354swDEk1Zdo9y57fEqmRg,ĐOÁ HOA,TeuYungBoy,VN,2025,2025-Q2,1-10,2025-03-08,
226ljdOTLM2clGpm4mZvAm,Love is,Dangrangto,VN,2025,2025-Q2,1-10,2023-06-27,
3uT8QfoX0BE8ZJa4h98LDW,Wrong Times,Puppy,VN,2025,2025-Q2,1-10,2023-05-17,
1XZE0InCx3SdCnLpVsPpZl,跳楼机,LBI利比,VN,2025,2025-Q2,1-10,2025-01-23,
6cc5PzJUddXskJGHJINw9F,DANCING IN THE DARK,SOOBIN,VN,2025,2025-Q2,1-10,2024-06-25,
5WkuMbkHX7yR7nnBKCn7tV,vạn vật như muốn ta bên nhau,RIO,VN,2025,2025-Q2,1-10,2025-04-11,
0669gFIK8dYK9GGQ0K0QNF,Tràn Bộ Nhớ,Dương Domic,VN,2025,2025-Q2,11-20,2024-11-23,
1K0HQ30Wc11okzlcnFA7Ub,Không Thể Say,HIEUTHUHAI,VN,2025,2025-Q2,11-20,2023-10-16,
31VNCmwspR7nVJ6kruUuJt,Đừng Làm Trái Tim Anh Đau,Sơn Tùng M-TP,VN,2025,2025-Q2,11-20,2024-06-08,
4tqXSj46umlymdIxqY8zso,giá như,SOOBIN,VN,2025,2025-Q2,11-20,2024-06-25,
4gaxEUZE4z9pJAVTSFwgQI,một đời,14 Casper,VN,2025,2025-Q2,11-20,2023-03-03,
4eeflgjzTF8xN8U2E0dech,NGỰA Ô,Dangrangto,VN,2025,2025-Q2,11-20,2024-10-02,
3ZbZtdEw9U0uZW4tZItIwq,Chịu Cách Mình Nói Thua,RHYDER,VN,2025,2025-Q2,11-20,2023-11-22,
41DlPJXKTCypXdf2eSqa03,Bình Yên,Vũ.,VN,2025,2025-Q2,11-20,2024-09-27,
1z5ebC9238uGoBgzYyvGpQ,toxic till the end,ROSÉ,VN,2025,2025-Q2,11-20,2024-12-06,
5Fhr3wqeieN5WDkAsqL1JJ,MONA LISA,j-hope,VN,2025,2025-Q2,11-20,2025-03-21,
7mblTCdc14ylJ1JW71MODb,Giờ Thì,buitruonglinh,VN,2025,2025-Q2,21-50,2024-12-12,
2xOhv7XudrBDtkID1jwsFE,Từng Là,Vũ Cát Tường,VN,2025,2025-Q2,21-50,2024-03-01,
5PGh9MyKry8slG5AfvD1eD,Hà Nội,Obito,VN,2025,2025-Q2,21-50,2023-10-10,
6hUpxEKFSjS8metuA1yxlf,Vai Lan Don Dua,SOOBIN,VN,2025,2025-Q2,21-50,2017-01-27,
3ET3xHCLMGd57u06A9RjJ0,Nói Dối,Ronboogz,VN,2025,2025-Q2,21-50,2022-12-12,
6kCU6i8iRrAAmJJ8Sj4JYC,Nắng có mang em về,Shartnuss,VN,2025,2025-Q2,21-50,2023-10-21,
4OXAneZHFJyQV1RuzCzmH3,Buồn Hay Vui,VSOUL,VN,2025,2025-Q2,21-50,2023-12-25,
2uZmeuNAxSm7XfVIwLkhCx,nhắn nhủ,Ronboogz,VN,2025,2025-Q2,21-50,2023-12-12,
1o6cYDMHvKOfizi4d9Lqxr,id 072019,W/N,VN,2025,2025-Q2,21-50,2023-07-31,
3P3rcI48wwVEgxF5vPM6pG,Buông Đôi Tay Nhau Ra,Sơn Tùng M-TP,VN,2025,2025-Q2,21-50,2017-04-01,
0OB5hTu7ELKeVoD6JVRo6m,Thiên Mệnh,Quân A.P,VN,2025,2025-Q2,51+,2025-06-07,
37uug3gaq86yvFTjV6WkaV,Think About U,Kay Chau Anh,VN,2025,2025-Q2,51+,2024-11-11,
43zzuEWDotRcKlSFzrlJqs,Thêm Bao Nhiêu Lâu,Đạt G,VN,2025,2025-Q2,51+,2023-02-24,
4vfhartd7HDWGJbdVIycEu,Muộn Rồi Mà Sao Còn,Sơn Tùng M-TP,VN,2025,2025-Q2,51+,2021-04-29,
7q1qYSyRkGT4ZaCc2ZQihP,Em Còn Nhớ Anh Không - Remastered,Hoàng Tôn,VN,2025,2025-Q2,51+,2021-04-26,
3ukrFH17Zl6iEZ2QJ1Zwiy,Don't Côi,RPT Orijinn,VN,2025,2025-Q2,51+,2022-11-20,
2dHoVW9AxJVSRebPRyV2aA,Gone,ROSÉ,VN,2025,2025-Q2,51+,2021-03-12,
3cZH38witMhkLvATILgEe5,EASIER,"EM XINH ""SAY HI""",VN,2025,2025-Q2,51+,2025-06-09,
5oFEvbM7lGnx8jfAkuhVyo,MỘNG YU,AMEE,VN,2025,2025-Q2,51+,2024-08-02,
6Hs2xIgB8nzyGFDvVA8lFa,Có Em,Madihu,VN,2025,2025-Q2,51+,2022-04-22,
2qrpmvkxE0oz78ym1LEvXd,Kho Báu,(S)TRONG,VN,2025,2025-Q3,1-10,2025-08-14,
4UAnQaQTSMjKjHkqjKwEYx,Permission to Dance - Live,BTS,VN,2025,2025-Q3,1-10,2025-07-18,
08Hvl1OJalM7dG6mf6jpx6,Love Game,Low G,VN,2025,2025-Q3,1-10,2025-10-21,
7k9aYmnQ1nrp3RMTxNtUQV,EM CHỈ LÀ,"EM XINH ""SAY HI""",VN,2025,2025-Q3,1-10,2025-06-30,
3ET3xHCLMGd57u06A9RjJ0,Nói Dối,Ronboogz,VN,2025,2025-Q3,1-10,2022-12-12,
34FhBswjcDbFzGx8zcPqoj,GÃ SĂN CÁ,"EM XINH ""SAY HI""",VN,2025,2025-Q3,1-10,2025-06-30,
3qKeW2XJFZU5CvOQKStQW6,NGƯỜI ĐẦU TIÊN,"EM XINH ""SAY HI""",VN,2025,2025-Q3,1-10,2025-08-18,
1ApIGNgp1azc0qB61x4GzG,Không Buông,Hngle,VN,2025,2025-Q3,1-10,2025-08-25,
6cc5PzJUddXskJGHJINw9F,DANCING IN THE DARK,SOOBIN,VN,2025,2025-Q3,1-10,2024-06-25,
1uiqiUzPn2EJpvHDy84PEZ,KHÔNG ĐAU NỮA RỒI,"EM XINH ""SAY HI""",VN,2025,2025-Q3,1-10,2025-06-23,
6kCU6i8iRrAAmJJ8Sj4JYC,Nắng có mang em về,Shartnuss,VN,2025,2025-Q3,11-20,2023-10-21,
7C0kNQRFtNhs7Ibx1Q4sLy,HỀ,"EM XINH ""SAY HI""",VN,2025,2025-Q3,11-20,2025-06-23,
11OxuU5y7ebAJyKaY8dOl0,Lý Do Nào Để Quay Lại Với Nhau,PAR SG,VN,2025,2025-Q3,11-20,2022-05-20,
7fCeYpR02Q8JVuD88hJZVT,Bầu Trời Mới,Da LAB,VN,2025,2025-Q3,11-20,2024-10-05,
31VNCmwspR7nVJ6kruUuJt,Đừng Làm Trái Tim Anh Đau,Sơn Tùng M-TP,VN,2025,2025-Q3,11-20,2024-06-08,
4tqXSj46umlymdIxqY8zso,giá như,SOOBIN,VN,2025,2025-Q3,11-20,2024-06-25,
1WbTOu4D2oHK9fg2qR6msd,Ngày Này Năm Ấy,Việt Anh,VN,2025,2025-Q3,11-20,2025-07-12,
1K0HQ30Wc11okzlcnFA7Ub,Không Thể Say,HIEUTHUHAI,VN,2025,2025-Q3,11-20,2023-10-16,
7gSQxwCpEMjg8wb6Y3oqe7,HÀO QUANG,"ANH TRAI ""SAY HI""",VN,2025,2025-Q3,11-20,2024-08-06,
2wZAvkgiOE5tyrnqhB69KA,Âm Thầm Bên Em,Sơn Tùng M-TP,VN,2025,2025-Q3,11-20,2017-04-01,
5rSAUmbOg4giDrM29vUyHe,Nơi Này Có Anh,Sơn Tùng M-TP,VN,2025,2025-Q3,21-50,2017-04-01,
3y66li7DIrH7HLKIZzxR5H,Lễ Đường,Kai Đinh,VN,2025,2025-Q3,21-50,2025-03-09,
41DlPJXKTCypXdf2eSqa03,Bình Yên,Vũ.,VN,2025,2025-Q3,21-50,2024-09-27,
5XfGQZA0ioQAWUjlyJRcHc,1000 Ánh Mắt,Shiki,VN,2025,2025-Q3,21-50,2024-06-27,
5PGh9MyKry8slG5AfvD1eD,Hà Nội,Obito,VN,2025,2025-Q3,21-50,2023-10-10,
6Hs2xIgB8nzyGFDvVA8lFa,Có Em,Madihu,VN,2025,2025-Q3,21-50,2022-04-22,
0SmQ0UWeiHKQtxUej4Rem6,Tháng Năm,SOOBIN,VN,2025,2025-Q3,21-50,2020-12-15,
226ljdOTLM2clGpm4mZvAm,Love is,Dangrangto,VN,2025,2025-Q3,21-50,2023-06-27,
1EmMFSLRVkOszCa4ul9z0F,3107 3,W/N,VN,2025,2025-Q3,21-50,2021-07-31,
0SNgVYcHY0UPil9YGmwU5k,CỨ ĐỔ TẠI CƠN MƯA,"EM XINH ""SAY HI""",VN,2025,2025-Q3,21-50,2025-08-11,
7bn8ckDTI4EQIKZ6jRL4K0,Chúng Ta Không Thuộc Về Nhau,Sơn Tùng M-TP,VN,2025,2025-Q3,51+,2017-04-01,
7tFwBnuaGXqiiONukPRaCo,Miên Man,Minh Huy,VN,2025,2025-Q3,51+,2022-06-24,
50cmxP6KlnQA9IG3q5ckKD,Mascara,Chillies,VN,2025,2025-Q3,51+,2021-05-05,
6Wobsw9uZ0D0xkfOjxXSq9,Messy (From F1® The Movie),ROSÉ,VN,2025,2025-Q3,51+,2025-05-08,
0QIBqBajZLLcWfL6mpVsN3,Chuyện Chúng Ta Sau Này,Hải Đăng Doo,VN,2025,2025-Q3,51+,2023-03-25,
3ukrFH17Zl6iEZ2QJ1Zwiy,Don't Côi,RPT Orijinn,VN,2025,2025-Q3,51+,2022-11-20,
6hUpxEKFSjS8metuA1yxlf,Vai Lan Don Dua,SOOBIN,VN,2025,2025-Q3,51+,2017-01-27,
2kt7udEZmN2kj1Jsl118zY,0 AI NGHĨ,Wxrdie,VN,2025,2025-Q3,51+,2023-03-16,
7jLSThU5Kg1RWt19Leiaxm,Chìm Sâu,RPT MCK,VN,2025,2025-Q3,51+,2023-03-02,
51bYFYWODfYOZU0rwvjiCc,Cho Mình Em,Binz,VN,2025,2025-Q3,51+,2021-04-01,
1ApIGNgp1azc0qB61x4GzG,Không Buông,Hngle,VN,2025,2025-Q4,1-10,2025-08-25,
53iuhJlwXhSER5J2IYYv1W,The Fate of Ophelia,Taylor Swift,VN,2025,2025-Q4,1-10,2025-10-03,
3T7XHOdRcyhKU3QCB6kZG3,chẳng phải tình đầu sao đau đến thế,MIN,VN,2025,2025-Q4,1-10,2025-10-22,
1DVYafsLmcQySKkJnY4RCs,Phép Màu,MAYDAYs,VN,2025,2025-Q4,1-10,2025-02-21,
5WkuMbkHX7yR7nnBKCn7tV,vạn vật như muốn ta bên nhau,RIO,VN,2025,2025-Q4,1-10,2025-04-11,
2daxUR0gVJr2dOmOtYvW8R,Anh Đã Không Biết Cách Yêu Em,Quang Đăng Trần,VN,2025,2025-Q4,1-10,2025-07-05,
7dlgEjrK3lHbP786dshKDV,CHỜ ANH VỀ,"ANH TRAI ""SAY HI""",VN,2025,2025-Q4,1-10,2025-12-08,
4nXrVH5xwN1w6TpmP7uu8n,Exit Sign,HIEUTHUHAI,VN,2025,2025-Q4,1-10,2023-10-16,
27xkOIER6uDLKALIelHylZ,Don’t Say You Love Me,Jin,VN,2025,2025-Q4,1-10,2025-05-16,
2a5hng9yXtbjtTVVm9UviC,Mo,Vũ Cát Tường,VN,2025,2025-Q4,1-10,2016-01-01,
08Hvl1OJalM7dG6mf6jpx6,Love Game,Low G,VN,2025,2025-Q4,11-20,2025-10-21,
11OxuU5y7ebAJyKaY8dOl0,Lý Do Nào Để Quay Lại Với Nhau,PAR SG,VN,2025,2025-Q4,11-20,2022-05-20,
29Tj2R8sZZ3fzlXZVe1OyY,Pin Dự Phòng,Dương Domic,VN,2025,2025-Q4,11-20,2024-11-23,
6gmvd9Lld9MiNR9r6I9eFE,Panorama,Richie D. ICY,VN,2025,2025-Q4,11-20,2025-10-10,
4WFfPxJv1KRekG6mxn837K,EYES CLOSED,JISOO,VN,2025,2025-Q4,11-20,2025-10-10,
6cc5PzJUddXskJGHJINw9F,DANCING IN THE DARK,SOOBIN,VN,2025,2025-Q4,11-20,2024-06-25,
41DlPJXKTCypXdf2eSqa03,Bình Yên,Vũ.,VN,2025,2025-Q4,11-20,2024-09-27,
5zXCoF69UxPNLrpar8Rk7e,Còn Gì Đẹp Hơn - Mưa Đỏ Original Soundtrack,Nguyễn Hùng,VN,2025,2025-Q4,11-20,2025-07-27,
1K0HQ30Wc11okzlcnFA7Ub,Không Thể Say,HIEUTHUHAI,VN,2025,2025-Q4,11-20,2023-10-16,
4BdB08vuS9r4HOoY7GkAxT,Nếu Ngày Ấy,SOOBIN,VN,2025,2025-Q4,11-20,2019-07-22,
6VXVYATpQXEIoZ97NnWCmn,Vì Anh Đâu Có Biết,Madihu,VN,2025,2025-Q4,21-50,2022-08-04,
3rIQPhzwnHiF3PzfFVnXp5,Nắng Ấm Trong Tim,Duongg,VN,2025,2025-Q4,21-50,2025-10-24,
3yWuTOYDztXjZxdE2cIRUa,Opalite,Taylor Swift,VN,2025,2025-Q4,21-50,2025-10-03,
7mblTCdc14ylJ1JW71MODb,Giờ Thì,buitruonglinh,VN,2025,2025-Q4,21-50,2024-12-12,
5cn5oHiXJTLiuthgbgfkMh,Vet Mua,Vũ Cát Tường,VN,2025,2025-Q4,21-50,2014-01-01,
6uxuJ8Fr1AAfSPJUF9N1yr,Bước Qua Mùa Cô Đơn,Vũ.,VN,2025,2025-Q4,21-50,2022-09-09,
1fFvYVg1v3rpUSqKNCUh7b,Người Bình Thường,Vũ Cát Tường,VN,2025,2025-Q4,21-50,2023-12-04,
2ix8KB1Xm7rRGzkh3i8P1d,NGƯỜI YÊU CHƯA SINH RA,"ANH TRAI ""SAY HI""",VN,2025,2025-Q4,21-50,2025-09-29,
27F22WcGDyl4Z2KylVJkXL,Đường Tôi Chở Em Về,buitruonglinh,VN,2025,2025-Q4,21-50,2020-07-03,
1WbTOu4D2oHK9fg2qR6msd,Ngày Này Năm Ấy,Việt Anh,VN,2025,2025-Q4,21-50,2025-07-12,
3ZbZtdEw9U0uZW4tZItIwq,Chịu Cách Mình Nói Thua,RHYDER,VN,2025,2025-Q4,51+,2023-11-22,
7uulTURh3qtUEUnMNtgcA6,Feel At Home,B Ray,VN,2025,2025-Q4,51+,2025-07-08,
51bYFYWODfYOZU0rwvjiCc,Cho Mình Em,Binz,VN,2025,2025-Q4,51+,2021-04-01,
6KIhgRkprgyJNERRMu7Quh,Có Em Chờ,MIN,VN,2025,2025-Q4,51+,2020-06-30,
0SmQ0UWeiHKQtxUej4Rem6,Tháng Năm,SOOBIN,VN,2025,2025-Q4,51+,2020-12-15,
5U30iZBlmxkpHqzb1OSnBS,Yêu 5,Rhymastic,VN,2025,2025-Q4,51+,2017-01-01,
5wYQC7AuxV8ROALWcbVNxc,Giữ Anh Cho Ngày Hôm Qua,Hoàng Dũng,VN,2025,2025-Q4,51+,2025-07-09,
2kt7udEZmN2kj1Jsl118zY,0 AI NGHĨ,Wxrdie,VN,2025,2025-Q4,51+,2023-03-16,
7jLSThU5Kg1RWt19Leiaxm,Chìm Sâu,RPT MCK,VN,2025,2025-Q4,51+,2023-03-02,
527UV7H9SbnmTVkxBVg56X,Chắc Ai Đó Sẽ Về,Sơn Tùng M-TP,VN,2025,2025-Q4,51+,2017-04-01,
0KmrKOdScRDVYwWS8hkkdv,FYA,BTS,VN,2026,2026-Q1,1-10,2026-03-20,
6Qwl74olNi1rl65FNxG5We,Và Thế Giới Đã Mất Đi Một Người Cô Đơn,marzuz,VN,2026,2026-Q1,1-10,2024-05-18,
6GM4ZOBDcDroldUxI8GZ2B,Ai Ngoài Anh,VSTRA,VN,2026,2026-Q1,1-10,2025-12-20,
0t8g66pWghsU8MphjUQIdg,Cảm Ơn Người Đã Thức Cùng Tôi - Original Soundtrack,Phùng Khánh Linh,VN,2026,2026-Q1,1-10,2026-02-14,
41DlPJXKTCypXdf2eSqa03,Bình Yên,Vũ.,VN,2026,2026-Q1,1-10,2024-09-27,
2HRgqmZQC0MC7GeNuDIXHN,Seven,Jung Kook,VN,2026,2026-Q1,1-10,2023-11-03,
5DB1UwivnS4gmcZ27TiYnE,Người Đầu Tiên,Juky San,VN,2026,2026-Q1,1-10,2025-10-31,
1K0HQ30Wc11okzlcnFA7Ub,Không Thể Say,HIEUTHUHAI,VN,2026,2026-Q1,1-10,2023-10-16,
7ESH2ntyD5Bb1XckoJU554,Một Năm Mới Bình An,Sơn Tùng M-TP,VN,2026,2026-Q1,1-10,2017-04-01,
6GUKRhIsWxA7VuZW8MKQLG,Không Thời Gian,Dương Domic,VN,2026,2026-Q1,1-10,2025-09-20,
66LE366537RxmOur0DcGFH,Vừa Tìm Thấy Đã Đánh Mất,Wren Evans,VN,2026,2026-Q1,11-20,2026-01-05,
3FZPp9lBUvhsxFxKJi3VkB,GO,BLACKPINK,VN,2026,2026-Q1,11-20,2026-02-26,
4D1eaEIisnWCVPMnYuMh7q,漫步香港1999,白浩贤BlueC,VN,2026,2026-Q1,11-20,2024-04-15,
3bmpXHVie1GTy37OkXJ7Vc,2.0,BTS,VN,2026,2026-Q1,11-20,2026-03-20,
29Tj2R8sZZ3fzlXZVe1OyY,Pin Dự Phòng,Dương Domic,VN,2026,2026-Q1,11-20,2024-11-23,
2IFND3phjzIG1RcPnHh2hP,Like Animals,BTS,VN,2026,2026-Q1,11-20,2026-03-20,
7LVrrX8pkzI9fMF88nGabt,Đi Về Nhà,Đen,VN,2026,2026-Q1,11-20,2020-12-20,
5WkuMbkHX7yR7nnBKCn7tV,vạn vật như muốn ta bên nhau,RIO,VN,2026,2026-Q1,11-20,2025-04-11,
2a5hng9yXtbjtTVVm9UviC,Mo,Vũ Cát Tường,VN,2026,2026-Q1,11-20,2016-01-01,
01qFKNWq73UfEslI0GvumE,3D,Jung Kook,VN,2026,2026-Q1,11-20,2023-10-02,
43BJVWcBzHRIDaQCg7abnX,Champion,BLACKPINK,VN,2026,2026-Q1,21-50,2026-02-26,
6VXVYATpQXEIoZ97NnWCmn,Vì Anh Đâu Có Biết,Madihu,VN,2026,2026-Q1,21-50,2022-08-04,
3qKeW2XJFZU5CvOQKStQW6,NGƯỜI ĐẦU TIÊN,"EM XINH ""SAY HI""",VN,2026,2026-Q1,21-50,2025-08-18,
6s3w7SUVtmm68Bw5KrKMh0,One More Night,BTS,VN,2026,2026-Q1,21-50,2026-03-20,
3P3rcI48wwVEgxF5vPM6pG,Buông Đôi Tay Nhau Ra,Sơn Tùng M-TP,VN,2026,2026-Q1,21-50,2017-04-01,
66v7AvDs5gZfmkJgFMMtHL,A Little Dream Of Me,Công Dương,VN,2026,2026-Q1,21-50,2026-02-28,
27Z9T0mSWHYWSj9SNOGvyt,Thằng Điên,JustaTee,VN,2026,2026-Q1,21-50,2022-07-11,
3A9A7mfVDVm3rrS9SMGhg5,Hư không,Kha,VN,2026,2026-Q1,21-50,2023-12-14,
0fGJiHH6xSUJU1MAVjxq5m,Bạn Đời,Karik,VN,2026,2026-Q1,21-50,2024-07-11,
3VkV6L37ub0rtuYQoawAqz,Tình Mình Lạ Kì,Lil Zpoet,VN,2026,2026-Q1,21-50,2021-07-11,
5LQpQ6SDeaz6SIkR0lvsoC,đưa em về nhàa,GREY D,VN,2026,2026-Q1,51+,2023-04-24,
7kgzRBNkBRArtTPkYjWLYT,bao tiền một mớ bình yên?,14 Casper,VN,2026,2026-Q1,51+,2023-03-03,
0fK7ie6XwGxQTIkpFoWkd1,like JENNIE,JENNIE,VN,2026,2026-Q1,51+,2025-03-07,
5tmA5oQDF0ULqRI12LKCDw,Chiều Hôm Ấy,JayKii,VN,2026,2026-Q1,51+,2025-09-25,
5PGh9MyKry8slG5AfvD1eD,Hà Nội,Obito,VN,2026,2026-Q1,51+,2023-10-10,
4SqE2XLtd1AfppGm2xlkf4,Nắng Ấm Xa Dần,Sơn Tùng M-TP,VN,2026,2026-Q1,51+,2017-04-01,
3W77mLoXjQEkNjxvYRifjG,tâm trí lang thang,Ánh Sáng AZA,VN,2026,2026-Q1,51+,2025-05-15,
15yC0BCinDyknKpjk0VLku,Tết Nhà Mình,Hoà Minzy,VN,2026,2026-Q1,51+,2021-01-26,
2HEd2fkMbbIclpv8pYvWW0,để dành cho em,Dangrangto,VN,2026,2026-Q1,51+,2026-02-26,
2o4dDfLK6NVI7TjBm5VoMv,Yêu Một Người Có Lẽ,Lou Hoàng,VN,2026,2026-Q1,51+,2016-03-07,
6GM4ZOBDcDroldUxI8GZ2B,Ai Ngoài Anh,VSTRA,VN,2026,2026-Q2,1-10,2025-12-20,
5KYv3kORBKUmVEoqbRRWxt,Từng Là Của Nhau,Bảo Anh,VN,2026,2026-Q2,1-10,2022-08-30,
0NyrI1tMvqcK3vU5z9DMdI,She Neva Knows,JustaTee,VN,2026,2026-Q2,1-10,2012-01-21,
4nXrVH5xwN1w6TpmP7uu8n,Exit Sign,HIEUTHUHAI,VN,2026,2026-Q2,1-10,2023-10-16,
6Qwl74olNi1rl65FNxG5We,Và Thế Giới Đã Mất Đi Một Người Cô Đơn,marzuz,VN,2026,2026-Q2,1-10,2024-05-18,
68lbSrXDORS51pmyjZv712,SWIM,BTS,VN,2026,2026-Q2,1-10,2026-03-20,
0a32EBPjqAe47cYDPE5Ia5,Em,Binz,VN,2026,2026-Q2,1-10,2026-05-24,
6BnPsHZv1jPbPAsQsm0s5b,Nếu Như Ta Chẳng Còn,RPT MCK,VN,2026,2026-Q2,1-10,2026-06-17,
2KslE17cAJNHTsI2MI0jb2,Standing Next to You,Jung Kook,VN,2026,2026-Q2,1-10,2023-11-03,
11T61UpoNbbcewOMl1kcWN,Dạo Bước HongKong 1999,NHONHO,VN,2026,2026-Q2,1-10,2026-03-17,
2a5hng9yXtbjtTVVm9UviC,Mo,Vũ Cát Tường,VN,2026,2026-Q2,11-20,2016-01-01,
5DB1UwivnS4gmcZ27TiYnE,Người Đầu Tiên,Juky San,VN,2026,2026-Q2,11-20,2025-10-31,
0GXZXSDFSbJjqdGifjSaig,Sớm Như Vậy,buitruonglinh,VN,2026,2026-Q2,11-20,2026-04-09,
6mKMGpkgP2cH5gmqILWe7b,vết thương,Fishy,VN,2026,2026-Q2,11-20,2023-06-29,
3T7XHOdRcyhKU3QCB6kZG3,chẳng phải tình đầu sao đau đến thế,MIN,VN,2026,2026-Q2,11-20,2025-10-22,
2o4dDfLK6NVI7TjBm5VoMv,Yêu Một Người Có Lẽ,Lou Hoàng,VN,2026,2026-Q2,11-20,2016-03-07,
41DlPJXKTCypXdf2eSqa03,Bình Yên,Vũ.,VN,2026,2026-Q2,11-20,2024-09-27,
0hB27T4dy9qBUcZabsrLOj,Dạo Gần Đây Anh Thấy Anh Không Bằng Ai Hết,HIEUTHUHAI,VN,2026,2026-Q2,11-20,2026-04-22,
6kCU6i8iRrAAmJJ8Sj4JYC,Nắng có mang em về,Shartnuss,VN,2026,2026-Q2,11-20,2023-10-21,
1UhQ0VwKq2PGnLiAZOJYV1,Em,Binz,VN,2026,2026-Q2,11-20,2025-10-25,
01qFKNWq73UfEslI0GvumE,3D,Jung Kook,VN,2026,2026-Q2,21-50,2023-10-02,
0pavLg3wbL6PVXAgXoWv4S,Một Nửa Sự Thật,24k.Right,VN,2026,2026-Q2,21-50,2024-12-11,
4nyoalDFgUaZOzIKqj3aS5,Ngàn Năm Ánh Sáng,Đặng Vĩnh Thịnh,VN,2026,2026-Q2,21-50,2025-07-30,
22GCbN9OyrCa1tC1jZnX8O,Gội Đầu,Thắng,VN,2026,2026-Q2,21-50,2026-02-13,
6IxPiUQI4Cd0mL0pBIOjAg,Hết Yêu,HIEUTHUHAI,VN,2026,2026-Q2,21-50,2026-04-22,
71luUs5K7N1fdf7ecMKg04,Cho Con (Lullaby pt.2),B Ray,VN,2026,2026-Q2,21-50,2026-05-23,
4wD6v7xAl1Hhfl2rli4q0n,Vacheron Louie V,HIEUTHUHAI,VN,2026,2026-Q2,21-50,2026-04-22,
3P3rcI48wwVEgxF5vPM6pG,Buông Đôi Tay Nhau Ra,Sơn Tùng M-TP,VN,2026,2026-Q2,21-50,2017-04-01,
6ag0c7tBr3PIqPb00C2rK4,NGƯỜI NHƯ ANH XỨNG ĐÁNG CÔ ĐƠN - KHÔNG ĐAU NỮA RỒI,VCT,VN,2026,2026-Q2,21-50,2026-02-16,
1r9gNSD1WUFscqTSA2Rcet,Hẹn Lần Sau,MAYDAYs,VN,2026,2026-Q2,21-50,2025-12-18,
1VyXprVXZYNGWWZf1u4JfN,Blue Lips,CORTIS,VN,2026,2026-Q2,51+,2026-05-04,
0KA8tBqZ81mBe2po59GK5j,Trạng Thái Mộng Mơ,Đỗ Hoàng Long,VN,2026,2026-Q2,51+,2026-02-05,
5YPU2SdqR2pOsfFs5AW25q,Kém Duyên,Rum,VN,2026,2026-Q2,51+,2024-07-20,
2w7jOvl0kpplNxisgfnCdT,Nếu Biết Đó Là Lần Cuối,Đức Trường,VN,2026,2026-Q2,51+,2022-08-19,
4wJ5Qq0jBN4ajy7ouZIV1c,APT.,ROSÉ,VN,2026,2026-Q2,51+,2024-12-06,
5UUNrCgGtC6JOrATM3y3ZT,Sắp Nổi Tiếng 2,HIEUTHUHAI,VN,2026,2026-Q2,51+,2026-04-22,
5uyNAX6MazVAjBjVeOsTvp,3 1 0 7,W/N,VN,2026,2026-Q2,51+,2020-05-11,
3VegC0PZiHjGxb80DER8XU,Merry Go Round,BTS,VN,2026,2026-Q2,51+,2026-03-20,
0OB5hTu7ELKeVoD6JVRo6m,Thiên Mệnh,Quân A.P,VN,2026,2026-Q2,51+,2025-06-07,
7G7mSV4BebkoHWwKTDvXu9,Winter Ahead,V,VN,2026,2026-Q2,51+,2024-11-29,
0a32EBPjqAe47cYDPE5Ia5,Em,Binz,VN,2026,2026-Q3,1-10,2026-05-24,
1ApIGNgp1azc0qB61x4GzG,Không Buông,Hngle,VN,2026,2026-Q3,1-10,2025-08-25,
4TmcmTzr88j02kCDh19VNt,SECRET,"TINH HÀ ""SAY HI""",VN,2026,2026-Q3,1-10,2026-08-08,
7bFFUPBiF15n8m8RziqS4o,dự báo thời tiết hôm nay mưa,GREY D,VN,2026,2026-Q3,1-10,2022-11-22,
6Qwl74olNi1rl65FNxG5We,Và Thế Giới Đã Mất Đi Một Người Cô Đơn,marzuz,VN,2026,2026-Q3,1-10,2024-05-18,
7aBUKC55ymgBw7M5gdppte,MRT,"TINH HÀ ""SAY HI""",VN,2026,2026-Q3,1-10,2026-08-08,
68lbSrXDORS51pmyjZv712,SWIM,BTS,VN,2026,2026-Q3,1-10,2026-03-20,
73RcFjiDtStfP3GCW44vJu,Ngày Rời Chuyến Bay,Minh Huy,VN,2026,2026-Q3,1-10,2026-03-14,
1IWEzoYndBj6ntPQ1nYiFP,LAVIEM,"TINH HÀ ""SAY HI""",VN,2026,2026-Q3,1-10,2026-09-05,
6CTdPSNvUYw7UjerVIkUia,xương rồng (intro),Dangrangto,VN,2026,2026-Q3,1-10,2026-06-17,
2wZAvkgiOE5tyrnqhB69KA,Âm Thầm Bên Em,Sơn Tùng M-TP,VN,2026,2026-Q3,11-20,2017-04-01,
4VjLWbQhf8KUPMeuBO5H55,MVP (MƯA VỘI PHÓNG),"TINH HÀ ""SAY HI""",VN,2026,2026-Q3,11-20,2026-07-25,
0CY9y1F7RcRSV3raHljdxu,THẾ GIỚI CỦA ANH,"TINH HÀ ""SAY HI""",VN,2026,2026-Q3,11-20,2026-07-25,
6iXGivPFpsqKmrINhIbPvx,Buồn Thì Cứ Khóc Đi,Lynk Lee,VN,2026,2026-Q3,11-20,2019-12-13,
4B4Q7zfd0aHcuhQBfCRnH5,NORMAL,BTS,VN,2026,2026-Q3,11-20,2026-03-20,
3J3nv18iIrOhca1ZWNeuyW,Đã Lỡ Yêu Em Nhiều,JustaTee,VN,2026,2026-Q3,11-20,2022-07-11,
4HjBeRYorM50d1rCrl853a,50 CUỘC GỌI NHỠ,"TINH HÀ ""SAY HI""",VN,2026,2026-Q3,11-20,2026-07-11,
0NyrI1tMvqcK3vU5z9DMdI,She Neva Knows,JustaTee,VN,2026,2026-Q3,11-20,2012-01-21,
6Zoi4ue74UdUeYmHXItXnf,Vùng An Toàn,B Ray,VN,2026,2026-Q3,11-20,2025-07-08,
2KslE17cAJNHTsI2MI0jb2,Standing Next to You,Jung Kook,VN,2026,2026-Q3,11-20,2023-11-03,
0eAuGrXyGFYwur9ARUe7LJ,Earrings,Malcolm Todd,VN,2026,2026-Q3,21-50,2024-04-05,
1MiJk3dXC5jzhvLFP0dUM7,Thức Giấc,Da LAB,VN,2026,2026-Q3,21-50,2021-07-14,
4exlWP8cokkWVCvyP3kg7c,nếu lúc đó,tlinh,VN,2026,2026-Q3,21-50,2023-08-16,
27Z9T0mSWHYWSj9SNOGvyt,Thằng Điên,JustaTee,VN,2026,2026-Q3,21-50,2022-07-11,
5jCSifehmtV2KDWLoXgA8F,MOVE ON,Anh Trai Vượt Ngàn Chông Gai,VN,2026,2026-Q3,21-50,2026-07-04,
6kCU6i8iRrAAmJJ8Sj4JYC,Nắng có mang em về,Shartnuss,VN,2026,2026-Q3,21-50,2023-10-21,
50xuQI5QlXggFKpq66IBON,Sandwich & Story,MONO,VN,2026,2026-Q3,21-50,2026-07-09,
3bmqUlen7AJeTh3EKCEPHe,CÔ ĐƠN ANH CŨNG VUI,"TINH HÀ ""SAY HI""",VN,2026,2026-Q3,21-50,2026-07-11,
5tdz7T4hTxA1ipJMBe24uX,"ex's hate me, Pt.2",AMEE,VN,2026,2026-Q3,21-50,2020-06-20,
20jbSiX29FDX4oQxBXyUEi,hate that i made you love me,Ariana Grande,VN,2026,2026-Q3,21-50,2026-05-29,
0RiRZpuVRbi7oqRdSMwhQY,Sunflower - Spider-Man: Into the Spider-Verse,Post Malone,VN,2026,2026-Q3,51+,2019-09-06,
6Q2oEdOhRjZ1DTv2a7j0lN,Ghé Qua,PC,VN,2026,2026-Q3,51+,2018-03-17,
4eeflgjzTF8xN8U2E0dech,NGỰA Ô,Dangrangto,VN,2026,2026-Q3,51+,2024-10-02,
7AD5F85waSb3yZxZxEXhJM,Có Ai Thương Em Như Anh,Tóc Tiên,VN,2026,2026-Q3,51+,2018-01-01,
5PGh9MyKry8slG5AfvD1eD,Hà Nội,Obito,VN,2026,2026-Q3,51+,2023-10-10,
7Ldcvhcl4Xj4eOTSWpZus5,ACAI,CORTIS,VN,2026,2026-Q3,51+,2026-05-04,
6LakfNLAPklxBWkexiRfD0,ĐỢI,52Hz,VN,2026,2026-Q3,51+,2024-01-31,
3H6nzsPNMttEvUl3ai3xN8,Vùng Ký Ức,Chillies,VN,2026,2026-Q3,51+,2021-05-05,
6E3P4uOfKHYXJLK6Q3s0Tj,Cơn Mưa Cuối,JustaTee,VN,2026,2026-Q3,51+,2016-11-03,
65st6HfPZyxq1RNTvqSIos,Thu Đợi,Wren Evans,VN,2026,2026-Q3,51+,2026-01-05,
