spotify_track_id,market,year,quarter,rank_stratum,sampled
6Im9k8u9iIzKMrmV7BWtlF,KR,2021,2021-Q1,1-10,True
4SFknyjLcyTLJFPKD2m96o,KR,2021,2021-Q1,1-10,True
3aQem4jVGdhtg116TmJnHz,KR,2021,2021-Q1,1-10,True
5QO79kh1waicV47BqGRL3g,KR,2021,2021-Q1,1-10,True
2Zr0bYRHwWXi7eM2wuE6Aj,KR,2021,2021-Q1,1-10,True
2dHoVW9AxJVSRebPRyV2aA,KR,2021,2021-Q1,1-10,True
5KawlOMHjWeUjQtnuRs22c,KR,2021,2021-Q1,1-10,True
0n2moJpAEWHwaPYYjkzMDl,KR,2021,2021-Q1,1-10,True
6F2r4HgpJnvKDmkN6JEN6J,KR,2021,2021-Q1,1-10,True
3eZYOQO4UzKrUDYDghtnFw,KR,2021,2021-Q1,1-10,True
0CnpSTdL9l5vQM4YnzXtyo,KR,2021,2021-Q1,11-20,True
2dkFOWqyiVFS3xsQUEdBJG,KR,2021,2021-Q1,11-20,True
3apeXzypBMnUfYcZYNX6DH,KR,2021,2021-Q1,11-20,True
0ono6UCNVZ1XqOm6j78Blu,KR,2021,2021-Q1,11-20,True
3J8EOeKLTLXORtWPpOU5bE,KR,2021,2021-Q1,11-20,True
6kH1sKkvgN4Yikake52glq,KR,2021,2021-Q1,11-20,True
1t2qYCAjUAoGfeFeoBlK51,KR,2021,2021-Q1,11-20,True
5zFglKYiknIxks8geR8rcL,KR,2021,2021-Q1,11-20,True
6YvqWjhGD8mB5QXcbcUKtx,KR,2021,2021-Q1,11-20,True
6tDDoYIxWvMLTdKpjFkc1B,KR,2021,2021-Q1,11-20,True
7K31QxS2DmTBxdYldd8yqf,KR,2021,2021-Q1,21-50,True
6FdShjf7nA2cqEnpv1tIia,KR,2021,2021-Q1,21-50,True
02MWAaffLxlfxAUY7c5dvx,KR,2021,2021-Q1,21-50,True
4vTgx6h4seHvkuFh84JXYP,KR,2021,2021-Q1,21-50,True
0SJ7vFES0Lj6pnumh3DhCe,KR,2021,2021-Q1,21-50,True
44WLOqH7QayQOQdeUHeKUK,KR,2021,2021-Q1,21-50,True
22ryCgQttpV7oCrn7llGRu,KR,2021,2021-Q1,21-50,True
1Q6lzzQHM5dvtTCwcfeKDy,KR,2021,2021-Q1,21-50,True
39EXZNMxb4RBHlRjnRaOKp,KR,2021,2021-Q1,21-50,True
7FdUvDkaE24o3FPIWTvzv2,KR,2021,2021-Q1,21-50,True
6ocbgoVGwYJhOv1GgI9NsF,KR,2021,2021-Q1,51+,True
09IStsImFySgyp0pIQdqAc,KR,2021,2021-Q1,51+,True
2M7a2Us8CEU1HZHj70byGX,KR,2021,2021-Q1,51+,True
6f3Slt0GbA2bPZlz0aIFXN,KR,2021,2021-Q1,51+,True
3Z8FwOEN59mRMxDCtb8N0A,KR,2021,2021-Q1,51+,True
5uHrWZqndnheP1qtYr6xGC,KR,2021,2021-Q1,51+,True
6SvC0ocJPoolWLaEV8UE58,KR,2021,2021-Q1,51+,True
6Qs4SXO9dwPj5GKvVOv8Ki,KR,2021,2021-Q1,51+,True
0EQMrxdeiBhry9JCxskko3,KR,2021,2021-Q1,51+,True
0rNLaGUleZ91DXMxmZNq5v,KR,2021,2021-Q1,51+,True
6B8MM3PVQtUbZLay7tP7er,KR,2021,2021-Q2,1-10,True
46wDG6evLn2iPoQ0F8CUWk,KR,2021,2021-Q2,1-10,True
5qNh5WtzMbfpSj2jLlBkoD,KR,2021,2021-Q2,1-10,True
4iJyoBOLtHqaGxP12qzhQI,KR,2021,2021-Q2,1-10,True
2pn8dNVSpYnAtlKFC8Q0DJ,KR,2021,2021-Q2,1-10,True
2zrhoHlFKxFTRF5aMyxMoQ,KR,2021,2021-Q2,1-10,True
7MAibcTli4IisCtbHKrGMh,KR,2021,2021-Q2,1-10,True
5xrtzzzikpG3BLbo4q1Yul,KR,2021,2021-Q2,1-10,True
3UHPGOkUcE4hE7sqBF4Snt,KR,2021,2021-Q2,1-10,True
1e0Wxoraz9IzFhREDqgJAe,KR,2021,2021-Q2,1-10,True
0z3ZZ2JKusRpapstADTxVf,KR,2021,2021-Q2,11-20,True
2dHoVW9AxJVSRebPRyV2aA,KR,2021,2021-Q2,11-20,True
5KawlOMHjWeUjQtnuRs22c,KR,2021,2021-Q2,11-20,True
1IJxbEXfgiKuRx6oXMX87e,KR,2021,2021-Q2,11-20,True
3VT8hOC5vuDXBsHrR53WFh,KR,2021,2021-Q2,11-20,True
6HU7h9RYOaPRFeh0R3UeAr,KR,2021,2021-Q2,11-20,True
2M7a2Us8CEU1HZHj70byGX,KR,2021,2021-Q2,11-20,True
5zFglKYiknIxks8geR8rcL,KR,2021,2021-Q2,11-20,True
6F2r4HgpJnvKDmkN6JEN6J,KR,2021,2021-Q2,11-20,True
6kH1sKkvgN4Yikake52glq,KR,2021,2021-Q2,11-20,True
2MJz8BxxMsERULatmBikDH,KR,2021,2021-Q2,21-50,True
03qu1u4hDyepQQi2lNxCka,KR,2021,2021-Q2,21-50,True
42fR3oINF3KfXCDtheoNiY,KR,2021,2021-Q2,21-50,True
0BBUGRUURDjwcXmDS3kQkN,KR,2021,2021-Q2,21-50,True
4rOODw637hsmsq0uzT0DN3,KR,2021,2021-Q2,21-50,True
1wcr8DjnN59Awev8nnKpQ4,KR,2021,2021-Q2,21-50,True
18vXApRmJSgQ6wG2ll9AOg,KR,2021,2021-Q2,21-50,True
34eF4BoV8FPk0uhAAoqU7h,KR,2021,2021-Q2,21-50,True
3vG5ilGpaYA2MhVtyTORF1,KR,2021,2021-Q2,21-50,True
1EHUQesfVKwbthtNcpBi9g,KR,2021,2021-Q2,21-50,True
4JJcP0Rv9AgyPD6ZGaC8EE,KR,2021,2021-Q2,51+,True
5hnbE5BF2e8BCk9OMR1UVC,KR,2021,2021-Q2,51+,True
2dkFOWqyiVFS3xsQUEdBJG,KR,2021,2021-Q2,51+,True
6JdS5rJvJaRA7B1tcm7kxZ,KR,2021,2021-Q2,51+,True
1Zsy7gMUcHDhxC0bbyZmC2,KR,2021,2021-Q2,51+,True
0CyydmXI4QhgUWrZsPOTXA,KR,2021,2021-Q2,51+,True
2lwOE4xj0tw2Bpjc6wmzUP,KR,2021,2021-Q2,51+,True
5W8jRrZ6tWrTrqnKRtIQBf,KR,2021,2021-Q2,51+,True
6mzkkz2p0Nyyp43Eedv4mS,KR,2021,2021-Q2,51+,True
0tgBtQ0ISnMQOKorrN9HLX,KR,2021,2021-Q2,51+,True
3JR0ducCexKbeK47g6AHm5,KR,2021,2021-Q3,1-10,True
4ZtFanR9U6ndgddUvNcjcG,KR,2021,2021-Q3,1-10,True
3iPbmpKBMflYd7UjdYftoj,KR,2021,2021-Q3,1-10,True
5nujrmhLynf4yMoMtj8AQF,KR,2021,2021-Q3,1-10,True
0RbW8kWozrVSIGb4V13o0o,KR,2021,2021-Q3,1-10,True
40uMIn2zJLAQhNXghRjBed,KR,2021,2021-Q3,1-10,True
4t2FIqZJORKZGSKg30SShr,KR,2021,2021-Q3,1-10,True
50nfwKoDiSYg8zOCREWAm5,KR,2021,2021-Q3,1-10,True
46HNZY1i7O6jwTA7Slo2PI,KR,2021,2021-Q3,1-10,True
6cqH1q7g5GeRVQVMK1Vc7f,KR,2021,2021-Q3,1-10,True
6txVOdSbg928oeGhlVUrdK,KR,2021,2021-Q3,11-20,True
40iJIUlhi6renaREYGeIDS,KR,2021,2021-Q3,11-20,True
59c0HrzmHfyQs6LgDw5cHe,KR,2021,2021-Q3,11-20,True
4Cgct9Vlype9cYZFW2wSnk,KR,2021,2021-Q3,11-20,True
2gbMPBrBVj3CuNTLp2dHYs,KR,2021,2021-Q3,11-20,True
2sXf2JdbB2GlNju00kw9WE,KR,2021,2021-Q3,11-20,True
7MAibcTli4IisCtbHKrGMh,KR,2021,2021-Q3,11-20,True
5BXr7hYZQOeRttkeWYTq5S,KR,2021,2021-Q3,11-20,True
3Vi5XqYrmQgOYBajMWSvCi,KR,2021,2021-Q3,11-20,True
03qu1u4hDyepQQi2lNxCka,KR,2021,2021-Q3,11-20,True
2VJOpzv5sBpstCX9venJr5,KR,2021,2021-Q3,21-50,True
02MWAaffLxlfxAUY7c5dvx,KR,2021,2021-Q3,21-50,True
5zFglKYiknIxks8geR8rcL,KR,2021,2021-Q3,21-50,True
0k1WUmIRnG3xU6fvvDVfRG,KR,2021,2021-Q3,21-50,True
6B8MM3PVQtUbZLay7tP7er,KR,2021,2021-Q3,21-50,True
2FymmKBuog0loCuNXMwQID,KR,2021,2021-Q3,21-50,True
1c3WMOE7Q0dCFN6bjT8KWo,KR,2021,2021-Q3,21-50,True
44V6EzbUSYgyfsNiP0FrlA,KR,2021,2021-Q3,21-50,True
5g6GKZXBoEnPmBl6G261CG,KR,2021,2021-Q3,21-50,True
1e0Wxoraz9IzFhREDqgJAe,KR,2021,2021-Q3,21-50,True
2ygvZOXrIeVL4xZmAWJT2C,KR,2021,2021-Q3,51+,True
2TJ1FOCmCBkKm418MjVw5D,KR,2021,2021-Q3,51+,True
34D6FJysnQioVingDKufuf,KR,2021,2021-Q3,51+,True
0DHh3p0g7qmNNfNdRNwL6N,KR,2021,2021-Q3,51+,True
3hB5DgAiMAQ4DzYbsMq1IT,KR,2021,2021-Q3,51+,True
2kJwzbxV2ppxnQoYw4GLBZ,KR,2021,2021-Q3,51+,True
4ZB2yAZyPHI6SHdFPPT9sa,KR,2021,2021-Q3,51+,True
42m3eP1JJhtzffal9B136J,KR,2021,2021-Q3,51+,True
5u1n1kITHCxxp8twBcZxWy,KR,2021,2021-Q3,51+,True
39382sUtIOwIXftX0i76do,KR,2021,2021-Q3,51+,True
7n2FZQsaLb7ZRfRPfEeIvr,KR,2021,2021-Q4,1-10,True
46HNZY1i7O6jwTA7Slo2PI,KR,2021,2021-Q4,1-10,True
5eXBXreN3d1zdj6Sa8dS0u,KR,2021,2021-Q4,1-10,True
4MokmgyM83qhJ6IAaChom5,KR,2021,2021-Q4,1-10,True
2eLe81VDUQ5f0xFfc9cMWz,KR,2021,2021-Q4,1-10,True
2g0LdZQce9xlcHb1mBJyuz,KR,2021,2021-Q4,1-10,True
7sMBvZCSUl99bJLXZaLa0b,KR,2021,2021-Q4,1-10,True
5g2Ik0WJG9rqu97nCLcQhV,KR,2021,2021-Q4,1-10,True
3dbLT62Cvs46Ju7a8gpr36,KR,2021,2021-Q4,1-10,True
00Blm7zeNqgYLPtW6zg8cj,KR,2021,2021-Q4,1-10,True
6hHrPwQYGp9kPL7xLZviBS,KR,2021,2021-Q4,11-20,True
4XI5Kdm1zdSFxdIGd9xUVT,KR,2021,2021-Q4,11-20,True
4t3Vgfjl9Sb6ZR5q5kGOUL,KR,2021,2021-Q4,11-20,True
4fouWK6XVHhzl78KzQ1UjL,KR,2021,2021-Q4,11-20,True
2J0TRU2EDG29qlmxdGa4xa,KR,2021,2021-Q4,11-20,True
2bZIDMpzVooosmPHn0tHnd,KR,2021,2021-Q4,11-20,True
7hU3IHwjX150XLoTVmjD0q,KR,2021,2021-Q4,11-20,True
5UJTNrW72ZMubW2wKBf8g2,KR,2021,2021-Q4,11-20,True
3DarAbFujv6eYNliUTyqtz,KR,2021,2021-Q4,11-20,True
03qu1u4hDyepQQi2lNxCka,KR,2021,2021-Q4,11-20,True
6cqH1q7g5GeRVQVMK1Vc7f,KR,2021,2021-Q4,21-50,True
7MAibcTli4IisCtbHKrGMh,KR,2021,2021-Q4,21-50,True
02MWAaffLxlfxAUY7c5dvx,KR,2021,2021-Q4,21-50,True
5enxwA8aAbwZbf5qCHORXi,KR,2021,2021-Q4,21-50,True
0eu4C55hL6x29mmeAjytzC,KR,2021,2021-Q4,21-50,True
7gXMkqirKU23zgdlSAb00a,KR,2021,2021-Q4,21-50,True
1t2qYCAjUAoGfeFeoBlK51,KR,2021,2021-Q4,21-50,True
1jRYyE9MEg7nxUgWEtsqFp,KR,2021,2021-Q4,21-50,True
7xapw9Oy21WpfEcib2ErSA,KR,2021,2021-Q4,21-50,True
37BZB0z9T8Xu7U3e65qxFy,KR,2021,2021-Q4,21-50,True
0hUH6MXHQn9coBKHMXWpD8,KR,2021,2021-Q4,51+,True
79IikGOqOg2Rnnz0Fo5Qao,KR,2021,2021-Q4,51+,True
1nahzW3kfMuwReTka28tH5,KR,2021,2021-Q4,51+,True
4HBZA5flZLE435QTztThqH,KR,2021,2021-Q4,51+,True
1OQ3PoRZRtE7RH0NIh3p1O,KR,2021,2021-Q4,51+,True
6lzc0Al0zfZOIFsFvBS1ki,KR,2021,2021-Q4,51+,True
6LXNnUjcOBVyov7bH0NNnM,KR,2021,2021-Q4,51+,True
3wKCldl6riuEKxXlvuxFJ2,KR,2021,2021-Q4,51+,True
4aS8OY1JsRSBKGfnAkIOZH,KR,2021,2021-Q4,51+,True
4KDNRh9Oor80z3XIxdWlui,KR,2021,2021-Q4,51+,True
2y4hHM6c48Qzk0bqh33XfB,KR,2022,2022-Q1,1-10,True
4MokmgyM83qhJ6IAaChom5,KR,2022,2022-Q1,1-10,True
3AVXwaOGCEL8cmBecfcsFJ,KR,2022,2022-Q1,1-10,True
6rVCUwfnuYTAsX4P9fIdIu,KR,2022,2022-Q1,1-10,True
02SbQgZbzMoylPoGr32ugF,KR,2022,2022-Q1,1-10,True
3gFcGnU4kTdMYLXDjH1TK8,KR,2022,2022-Q1,1-10,True
559f8rcNNZW07wz5Rfxnfh,KR,2022,2022-Q1,1-10,True
5PjdY0CKGZdEuoNab3yDmX,KR,2022,2022-Q1,1-10,True
46HNZY1i7O6jwTA7Slo2PI,KR,2022,2022-Q1,1-10,True
7CAdT0HdiQNlt1C7xk2hep,KR,2022,2022-Q1,1-10,True
02MWAaffLxlfxAUY7c5dvx,KR,2022,2022-Q1,11-20,True
1GFS1xMbcAWXf5W0tSuZev,KR,2022,2022-Q1,11-20,True
2bgTY4UwhfBYhGT4HUYStN,KR,2022,2022-Q1,11-20,True
5eXBXreN3d1zdj6Sa8dS0u,KR,2022,2022-Q1,11-20,True
5Z9KJZvQzH6PFmb8SNkxuk,KR,2022,2022-Q1,11-20,True
50nfwKoDiSYg8zOCREWAm5,KR,2022,2022-Q1,11-20,True
3KyKxJ4P3pVCgaZwaq2rUC,KR,2022,2022-Q1,11-20,True
3dbLT62Cvs46Ju7a8gpr36,KR,2022,2022-Q1,11-20,True
1HhNoOuqm1a5MXYEgAFl8o,KR,2022,2022-Q1,11-20,True
5elW2CKSoqjYoJ32AGDxf1,KR,2022,2022-Q1,11-20,True
6N1K5OVVCopBjGViHs2IvP,KR,2022,2022-Q1,21-50,True
7h5MKRZUiYDshjH5UgAbNp,KR,2022,2022-Q1,21-50,True
00Blm7zeNqgYLPtW6zg8cj,KR,2022,2022-Q1,21-50,True
56Tn22SAFIGYpyHrf7TV0X,KR,2022,2022-Q1,21-50,True
0hQNbQKW2dDATH1ngj4TI6,KR,2022,2022-Q1,21-50,True
4QDpsNBlllaLGj8zbF2EE0,KR,2022,2022-Q1,21-50,True
1t8sqIScEIP0B4bQzBuI2P,KR,2022,2022-Q1,21-50,True
1OQ3PoRZRtE7RH0NIh3p1O,KR,2022,2022-Q1,21-50,True
2xo84jGkxFPrZmmBtS3Pkd,KR,2022,2022-Q1,21-50,True
7uoFMmxln0GPXQ0AcCBXRq,KR,2022,2022-Q1,21-50,True
2FKtn8qQx84O85wWABOwpd,KR,2022,2022-Q1,51+,True
6f5ExP43esnvdKPddwKXJH,KR,2022,2022-Q1,51+,True
0u7b8p0mxUUNT7xeuYUtlP,KR,2022,2022-Q1,51+,True
4Sav8RLaXMBpTZX6xNPj0K,KR,2022,2022-Q1,51+,True
3jHg6QE70y2FTdnsxSrCbv,KR,2022,2022-Q1,51+,True
3LEgGAl9zLcQWGTp7ptqtQ,KR,2022,2022-Q1,51+,True
5nfb7IPrj9awskmLFSykWr,KR,2022,2022-Q1,51+,True
37rnSr2ZCkzqmoUqGQtn4q,KR,2022,2022-Q1,51+,True
08xMOoUaMWWlNStVUdBTBC,KR,2022,2022-Q1,51+,True
2MJz8BxxMsERULatmBikDH,KR,2022,2022-Q1,51+,True
6xGruZOHLs39ZbVccQTuPZ,KR,2022,2022-Q2,1-10,True
3AVXwaOGCEL8cmBecfcsFJ,KR,2022,2022-Q2,1-10,True
5oH4DQAuu1J1800RzUsBWa,KR,2022,2022-Q2,1-10,True
4Dvkj6JhhA12EX05fT7y2e,KR,2022,2022-Q2,1-10,True
1m2PksrrMpIev63uPxT1V0,KR,2022,2022-Q2,1-10,True
1qEmFfgcLObUfQm0j1W2CK,KR,2022,2022-Q2,1-10,True
7n2FZQsaLb7ZRfRPfEeIvr,KR,2022,2022-Q2,1-10,True
5quFr5s5PXYfUX5jV2EBZ1,KR,2022,2022-Q2,1-10,True
2gzhQaCTeNgxpeB2TPllyY,KR,2022,2022-Q2,1-10,True
0CatzXH85XWyBqqdB6qPMB,KR,2022,2022-Q2,1-10,True
02MWAaffLxlfxAUY7c5dvx,KR,2022,2022-Q2,11-20,True
3oiMjDZ1bShIpFfOQf55IW,KR,2022,2022-Q2,11-20,True
2jidjmWNeRmKgLjXhW52Gz,KR,2022,2022-Q2,11-20,True
0ono6UCNVZ1XqOm6j78Blu,KR,2022,2022-Q2,11-20,True
4fouWK6XVHhzl78KzQ1UjL,KR,2022,2022-Q2,11-20,True
2SLwbpExuoBDZBpjfefCtV,KR,2022,2022-Q2,11-20,True
7BDHDiidJ8WV349p3HTxTV,KR,2022,2022-Q2,11-20,True
32vE1nuG8T9c8bhmZdRY6d,KR,2022,2022-Q2,11-20,True
186NCtNk1tUYS7c2DxgJ7O,KR,2022,2022-Q2,11-20,True
2FeBslNBMdR9V58uv6hd2t,KR,2022,2022-Q2,11-20,True
2g0LdZQce9xlcHb1mBJyuz,KR,2022,2022-Q2,21-50,True
00Blm7zeNqgYLPtW6zg8cj,KR,2022,2022-Q2,21-50,True
5OiD0uUNxZkSyG3opReDlx,KR,2022,2022-Q2,21-50,True
0UnOf7i44YK0ULpkEGHe4R,KR,2022,2022-Q2,21-50,True
5zyZM1EiSqrniyqtprwxpv,KR,2022,2022-Q2,21-50,True
2DB4DdfCFMw1iaR6JaR03a,KR,2022,2022-Q2,21-50,True
1HhNoOuqm1a5MXYEgAFl8o,KR,2022,2022-Q2,21-50,True
3rmo8F54jFF8OgYsqTxm5d,KR,2022,2022-Q2,21-50,True
51Zw1cKDgkad0CXv23HCMU,KR,2022,2022-Q2,21-50,True
1IvOxLYTstsq5Z6pN3l3zm,KR,2022,2022-Q2,21-50,True
0RGUIOZtmOXTWOy5EjvQbP,KR,2022,2022-Q2,51+,True
7BpqydHSxMviDR0DNTne6J,KR,2022,2022-Q2,51+,True
1XlSkQeITGEv8r6HIZfpfX,KR,2022,2022-Q2,51+,True
4ShxDU7CHNQVi2wwgSdqfF,KR,2022,2022-Q2,51+,True
13sAZcJP2b6D6Qjck3Ixc3,KR,2022,2022-Q2,51+,True
6kYGOFNUMxpab09L5Ukoke,KR,2022,2022-Q2,51+,True
6SpPr7K4YQ2wp8jU6uOTmQ,KR,2022,2022-Q2,51+,True
44QDTpkTR3eLLfXEKTjyul,KR,2022,2022-Q2,51+,True
4h4QlmocP3IuwYEj2j14p8,KR,2022,2022-Q2,51+,True
4T9hw59r85ZkesNoYWQIJg,KR,2022,2022-Q2,51+,True
5zwwW9Oq7ubSxoCGyW1nbY,KR,2022,2022-Q3,1-10,True
2gYj9lubBorOPIVWsTXugG,KR,2022,2022-Q3,1-10,True
5expoVGQPvXuwBBFuNGqBd,KR,2022,2022-Q3,1-10,True
396FqjKmViUZ92Wmm4rx3i,KR,2022,2022-Q3,1-10,True
1nX1b7kRg5a6XKAq7uQOpr,KR,2022,2022-Q3,1-10,True
1oen3GpTcA486fTHaT7neg,KR,2022,2022-Q3,1-10,True
7GARzfC1mwhDuk4t9WOACq,KR,2022,2022-Q3,1-10,True
5mdWIwsJAzR97ShGkt8gcR,KR,2022,2022-Q3,1-10,True
2DwUdMJ5uxv20EhAildreg,KR,2022,2022-Q3,1-10,True
0HsRZwZzHoZ5AM5W2ZYI5c,KR,2022,2022-Q3,1-10,True
0CB3B5ir8I2KbB3dkGVtWF,KR,2022,2022-Q3,11-20,True
0O6u0VJ46W86TxN9wgyqDj,KR,2022,2022-Q3,11-20,True
2QWEMqQMJR1KDf6hDjJOs6,KR,2022,2022-Q3,11-20,True
6C734SmqoIYuRWo2qSCnpC,KR,2022,2022-Q3,11-20,True
69xohKu8C1fsflYAiSNbwM,KR,2022,2022-Q3,11-20,True
50xSycnGMDy0Wg5jJcOv3S,KR,2022,2022-Q3,11-20,True
2lsRp40mCRkhqULWdMbOzn,KR,2022,2022-Q3,11-20,True
2mgzUVvDpb1zMSB4glLQ6T,KR,2022,2022-Q3,11-20,True
0bYVPJvXr8ACmw313cVvhB,KR,2022,2022-Q3,11-20,True
7AdGloF1UHKe1vAZPbqIXH,KR,2022,2022-Q3,11-20,True
00I41xsW6SunZDJ5fB8KAd,KR,2022,2022-Q3,21-50,True
0Puudh380z6cOCgMaTNm7h,KR,2022,2022-Q3,21-50,True
4saklk6nie3yiGePpBwUoc,KR,2022,2022-Q3,21-50,True
3TSLqZssCoCdDlMhCJ08XW,KR,2022,2022-Q3,21-50,True
1XIIvx9S19CZVc7eow7EX7,KR,2022,2022-Q3,21-50,True
775S83AMYbQc8SYteOktTL,KR,2022,2022-Q3,21-50,True
3oiMjDZ1bShIpFfOQf55IW,KR,2022,2022-Q3,21-50,True
5PjdY0CKGZdEuoNab3yDmX,KR,2022,2022-Q3,21-50,True
1WKLxJpDqkQ9x1qEDNutoX,KR,2022,2022-Q3,21-50,True
4FKmrrI6y8REWoCyV5tAhY,KR,2022,2022-Q3,21-50,True
1oFAF1hdPOickyHgbuRjyX,KR,2022,2022-Q3,51+,True
19Hg1UCZaCdpHB37L7x63X,KR,2022,2022-Q3,51+,True
0Hj4YtlD0Q5O0srdZxJUtl,KR,2022,2022-Q3,51+,True
1w2hClDL1xH4FPZIipZ1FJ,KR,2022,2022-Q3,51+,True
3scRk3rUGIwpCg9kMNrtEQ,KR,2022,2022-Q3,51+,True
2mqTtvbKxH7SoEQ2oGAnsA,KR,2022,2022-Q3,51+,True
5pyoxDZ1PX0KxBxiRVxA4U,KR,2022,2022-Q3,51+,True
7IuuFQShxmy7zMZ3vZvMFj,KR,2022,2022-Q3,51+,True
3WBRfkOozHEsG0hbrBzwlm,KR,2022,2022-Q3,51+,True
5zFglKYiknIxks8geR8rcL,KR,2022,2022-Q3,51+,True
0Q5VnK2DYzRyfqQRJuUtvi,KR,2022,2022-Q4,1-10,True
5Odq8ohlgIbQKMZivbWkEo,KR,2022,2022-Q4,1-10,True
2pIUpMhHL6L9Z5lnKxJJr9,KR,2022,2022-Q4,1-10,True
0V3wPSX9ygBnCm8psDIegu,KR,2022,2022-Q4,1-10,True
5aucVLKiumD89mxVCB4zvS,KR,2022,2022-Q4,1-10,True
27bIik73QCu8Xzt3xpG1bI,KR,2022,2022-Q4,1-10,True
6RBziRcDeiho3iTPdtEeg9,KR,2022,2022-Q4,1-10,True
3r8RuvgbX9s7ammBn07D3W,KR,2022,2022-Q4,1-10,True
0h7QMc9ZRzA9QJrbEHytn2,KR,2022,2022-Q4,1-10,True
1RDvyOk4WtPCtoqciJwVn8,KR,2022,2022-Q4,1-10,True
1oen3GpTcA486fTHaT7neg,KR,2022,2022-Q4,11-20,True
3khEEPRyBeOUabbmOPJzAG,KR,2022,2022-Q4,11-20,True
20JkEhlKCrKtzORT5qDdWE,KR,2022,2022-Q4,11-20,True
5expoVGQPvXuwBBFuNGqBd,KR,2022,2022-Q4,11-20,True
07trPhWMgiagFnSOlmpzl0,KR,2022,2022-Q4,11-20,True
35ytd9cmG15jXG0RKWC9p4,KR,2022,2022-Q4,11-20,True
3wEr5lmE7oaC3qhCbJTY8B,KR,2022,2022-Q4,11-20,True
4FKmrrI6y8REWoCyV5tAhY,KR,2022,2022-Q4,11-20,True
3XKI5295qhFbwNesz3ollU,KR,2022,2022-Q4,11-20,True
6C734SmqoIYuRWo2qSCnpC,KR,2022,2022-Q4,11-20,True
2KLwPaRDOB87XOYAT2fgxh,KR,2022,2022-Q4,21-50,True
0HYAsQwJIO6FLqpyTeD3l6,KR,2022,2022-Q4,21-50,True
1sZBzYhrQG40zcSuKkI93c,KR,2022,2022-Q4,21-50,True
2RLdkXSaiQjRbey5pvP8Kt,KR,2022,2022-Q4,21-50,True
1dfsPqH09vnzUWEOsN98Ex,KR,2022,2022-Q4,21-50,True
2FRnf9qhLbvw8fu4IBXx78,KR,2022,2022-Q4,21-50,True
0o9zmvc5f3EFApU52PPIyW,KR,2022,2022-Q4,21-50,True
3rWDp9tBPQR9z6U5YyRSK4,KR,2022,2022-Q4,21-50,True
0O6u0VJ46W86TxN9wgyqDj,KR,2022,2022-Q4,21-50,True
10qiH1RJkexhTUuN562FsP,KR,2022,2022-Q4,21-50,True
078fJxqEUz0LvbHSM6AoXJ,KR,2022,2022-Q4,51+,True
77khP2fIVhSW23NwxrRluh,KR,2022,2022-Q4,51+,True
3gFcGnU4kTdMYLXDjH1TK8,KR,2022,2022-Q4,51+,True
5k1A6F2kRnr6XkYKpVt7V0,KR,2022,2022-Q4,51+,True
6MCjmGYlw6mQVWRFVgBRvB,KR,2022,2022-Q4,51+,True
53qayme5jMFwTb3fF84uv6,KR,2022,2022-Q4,51+,True
2O3MQ6H3gjrIWDcpeTrikT,KR,2022,2022-Q4,51+,True
1qEmFfgcLObUfQm0j1W2CK,KR,2022,2022-Q4,51+,True
2ZL7WZcjuYKi1KUDtp4kCC,KR,2022,2022-Q4,51+,True
0wavGRldH0AWyu2zvTz8zb,KR,2022,2022-Q4,51+,True
2pIUpMhHL6L9Z5lnKxJJr9,KR,2023,2023-Q1,1-10,True
5Hfnps0jaWFpYg55WOPexG,KR,2023,2023-Q1,1-10,True
0a4MMyCrzT0En247IhqZbD,KR,2023,2023-Q1,1-10,True
7foeH2Emgq8A3LWk3q6dat,KR,2023,2023-Q1,1-10,True
3r8RuvgbX9s7ammBn07D3W,KR,2023,2023-Q1,1-10,True
3OdIiWnYRHPYtC313Z0Bwy,KR,2023,2023-Q1,1-10,True
4fsQ0K37TOXa3hEQfjEic1,KR,2023,2023-Q1,1-10,True
0rhI6gvOeCKA502RdJAbfs,KR,2023,2023-Q1,1-10,True
7eBpUuPnDTfbeP1P4P93CS,KR,2023,2023-Q1,1-10,True
2RUcwyW74Sv4VracHFrKdh,KR,2023,2023-Q1,1-10,True
0Q5VnK2DYzRyfqQRJuUtvi,KR,2023,2023-Q1,11-20,True
6dgUya35uo964z7GZXM07g,KR,2023,2023-Q1,11-20,True
6NnCWIWV740gP7DQ8kqdIE,KR,2023,2023-Q1,11-20,True
296nXCOv97WJNRWzIBQnoj,KR,2023,2023-Q1,11-20,True
3XfngyuVjltVRHSsLjrCRO,KR,2023,2023-Q1,11-20,True
2qg2jy3v50RwfV5FAqG3a2,KR,2023,2023-Q1,11-20,True
3nqQXoyQOWXiESFLlDF1hG,KR,2023,2023-Q1,11-20,True
2RLdkXSaiQjRbey5pvP8Kt,KR,2023,2023-Q1,11-20,True
6zjk7Qbwb9DZ4ykUUoqknh,KR,2023,2023-Q1,11-20,True
6auT8cRBu3BgPRBrdVBY15,KR,2023,2023-Q1,11-20,True
6C734SmqoIYuRWo2qSCnpC,KR,2023,2023-Q1,21-50,True
7F0MuIk5glqtowCUjbn9es,KR,2023,2023-Q1,21-50,True
04TshWXkhV1qkqHzf31Hn6,KR,2023,2023-Q1,21-50,True
5YSkDxmHvzSDWTu4MaEtfa,KR,2023,2023-Q1,21-50,True
0S2GNnqAHC96zqB8ZIcxg4,KR,2023,2023-Q1,21-50,True
4JK1kDUdH9RTBQrrSO1QfR,KR,2023,2023-Q1,21-50,True
1F6qqwgyBjcIMzen8RrOXQ,KR,2023,2023-Q1,21-50,True
10SRMwb9EuVS1K9rYsBfHQ,KR,2023,2023-Q1,21-50,True
396FqjKmViUZ92Wmm4rx3i,KR,2023,2023-Q1,21-50,True
7n2FZQsaLb7ZRfRPfEeIvr,KR,2023,2023-Q1,21-50,True
4FKmrrI6y8REWoCyV5tAhY,KR,2023,2023-Q1,51+,True
06KyNuuMOX1ROXRhj787tj,KR,2023,2023-Q1,51+,True
4eFTh1opLS5wANDmZK9ghC,KR,2023,2023-Q1,51+,True
1jIMjbzcGCcCQn5iMu9CUc,KR,2023,2023-Q1,51+,True
38DlSDrx9tgc5Gfq6y3aBa,KR,2023,2023-Q1,51+,True
54ipXppHLA8U4yqpOFTUhr,KR,2023,2023-Q1,51+,True
5mHdCZtVyb4DcJw8799hZp,KR,2023,2023-Q1,51+,True
7w05lsU2VLSeiT8Nukrv5M,KR,2023,2023-Q1,51+,True
0Hy3JNYKAJu4ttcyQHzzYA,KR,2023,2023-Q1,51+,True
3DO8WRX72c1Z5hduVL1Nd5,KR,2023,2023-Q1,51+,True
3Ua0m0YmEjrMi9XErKcNiR,KR,2023,2023-Q2,1-10,True
5Hfnps0jaWFpYg55WOPexG,KR,2023,2023-Q2,1-10,True
0a4MMyCrzT0En247IhqZbD,KR,2023,2023-Q2,1-10,True
7foeH2Emgq8A3LWk3q6dat,KR,2023,2023-Q2,1-10,True
4QhnNyKDsAkXPwHkSnuc89,KR,2023,2023-Q2,1-10,True
3r8RuvgbX9s7ammBn07D3W,KR,2023,2023-Q2,1-10,True
4uOBL4DDWWVx4RhYKlPbPC,KR,2023,2023-Q2,1-10,True
0u8rZGtXJrLtiSe34FPjGG,KR,2023,2023-Q2,1-10,True
7FbrGaHYVDmfr7KoLIZnQ7,KR,2023,2023-Q2,1-10,True
2yjeXq5ahx6UUg2rHaUe6X,KR,2023,2023-Q2,1-10,True
0N8Xztr4pBHJ7V0moJWhbO,KR,2023,2023-Q2,11-20,True
28a0aMV1OKoyNiCJuNsWrY,KR,2023,2023-Q2,11-20,True
3gmn76fCtpDazGMnN0QMHX,KR,2023,2023-Q2,11-20,True
6auT8cRBu3BgPRBrdVBY15,KR,2023,2023-Q2,11-20,True
5HrIcZOo1DysX53qDRlRnt,KR,2023,2023-Q2,11-20,True
6R5fYCySNHrqo4Og6O1ppn,KR,2023,2023-Q2,11-20,True
4IJsVXbSeGPUrgwpVoHmlg,KR,2023,2023-Q2,11-20,True
5Odq8ohlgIbQKMZivbWkEo,KR,2023,2023-Q2,11-20,True
2YXswOX5aKv6OHRKUcAMLQ,KR,2023,2023-Q2,11-20,True
4WUpMUjdoi47LY7gBQBXe3,KR,2023,2023-Q2,11-20,True
0Q5VnK2DYzRyfqQRJuUtvi,KR,2023,2023-Q2,21-50,True
1E14FuM0BRaHAJSJ9YxMVu,KR,2023,2023-Q2,21-50,True
4F0ft3ZDmIN7xz4HxYW7y0,KR,2023,2023-Q2,21-50,True
2RUcwyW74Sv4VracHFrKdh,KR,2023,2023-Q2,21-50,True
4kSDi21MeOoSvpZs6MveI9,KR,2023,2023-Q2,21-50,True
7mpdNiaQvygj2rHoxkzMfa,KR,2023,2023-Q2,21-50,True
3l6LBCOL9nPsSY29TUY2VE,KR,2023,2023-Q2,21-50,True
4K8jDTlNhZWEdnzZVGRMtN,KR,2023,2023-Q2,21-50,True
6D90VTeGEWYX5AkAtjHZh1,KR,2023,2023-Q2,21-50,True
2RLdkXSaiQjRbey5pvP8Kt,KR,2023,2023-Q2,21-50,True
3T03rPwlL8NVk1yIaxeD8U,KR,2023,2023-Q2,51+,True
3bUD1FmJClHcD0U7rIN0TR,KR,2023,2023-Q2,51+,True
7tOsgOjrzBVQqyaMDBlZV8,KR,2023,2023-Q2,51+,True
6iirdwpyu2Ohg3iVdu4vXl,KR,2023,2023-Q2,51+,True
1sZBzYhrQG40zcSuKkI93c,KR,2023,2023-Q2,51+,True
7fcZk7OXeFWD7DWybltVVf,KR,2023,2023-Q2,51+,True
5aucVLKiumD89mxVCB4zvS,KR,2023,2023-Q2,51+,True
6WY4wvlmgccWapnIg14Vy0,KR,2023,2023-Q2,51+,True
0CrcwVLUe8wzLUIXgjXVZJ,KR,2023,2023-Q2,51+,True
36jIu8oPR1Z4cguMuHxUXA,KR,2023,2023-Q2,51+,True
5Odq8ohlgIbQKMZivbWkEo,KR,2023,2023-Q3,1-10,True
3OdIiWnYRHPYtC313Z0Bwy,KR,2023,2023-Q3,1-10,True
02wk5BttM0QL38ERjLPQJB,KR,2023,2023-Q3,1-10,True
2qg2jy3v50RwfV5FAqG3a2,KR,2023,2023-Q3,1-10,True
5h1BN75CEh8wdSwE1xrbSe,KR,2023,2023-Q3,1-10,True
59hBR0BCtJsfIbV9VzCVAp,KR,2023,2023-Q3,1-10,True
0eFMbKCRw8KByXyWBw8WO7,KR,2023,2023-Q3,1-10,True
5Hfnps0jaWFpYg55WOPexG,KR,2023,2023-Q3,1-10,True
1wUnuiXMMvhudmzvcCtlZP,KR,2023,2023-Q3,1-10,True
0u8rZGtXJrLtiSe34FPjGG,KR,2023,2023-Q3,1-10,True
0a4MMyCrzT0En247IhqZbD,KR,2023,2023-Q3,11-20,True
7jzOZuWgZ5gaMet9V5Ix1d,KR,2023,2023-Q3,11-20,True
65FftemJ1DbbZ45DUfHJXE,KR,2023,2023-Q3,11-20,True
186NCtNk1tUYS7c2DxgJ7O,KR,2023,2023-Q3,11-20,True
41JPN7pZMTp1sumBOHOzHd,KR,2023,2023-Q3,11-20,True
2fiI6e0WxyZB3QnmRxYGPg,KR,2023,2023-Q3,11-20,True
4WUpMUjdoi47LY7gBQBXe3,KR,2023,2023-Q3,11-20,True
1ULdASrNy5rurl1TZfFaMP,KR,2023,2023-Q3,11-20,True
7ovUcF5uHTBRzUpB6ZOmvt,KR,2023,2023-Q3,11-20,True
6auT8cRBu3BgPRBrdVBY15,KR,2023,2023-Q3,11-20,True
3jxFmvoG55Cwv0JJBzRPce,KR,2023,2023-Q3,21-50,True
6ePyl2ns4b7MVYhjsj32ZK,KR,2023,2023-Q3,21-50,True
3gmn76fCtpDazGMnN0QMHX,KR,2023,2023-Q3,21-50,True
748MqeDRJ401KBqwCn5zHB,KR,2023,2023-Q3,21-50,True
3AOf6YEpxQ894FmrwI9k96,KR,2023,2023-Q3,21-50,True
5mg3VB3Qh7jcR5kAAC4DSV,KR,2023,2023-Q3,21-50,True
1zAYWqTX6qyRCKe9KuCUx0,KR,2023,2023-Q3,21-50,True
2pIUpMhHL6L9Z5lnKxJJr9,KR,2023,2023-Q3,21-50,True
11s5p72subU7SHJPzyR2Lq,KR,2023,2023-Q3,21-50,True
3Dah48XTdzVtbIl4dUn6l4,KR,2023,2023-Q3,21-50,True
5BqwC9kOBbqYkzdOKeXFFk,KR,2023,2023-Q3,51+,True
3ISOK4T54v6O1g1AB8FiEK,KR,2023,2023-Q3,51+,True
2lsRp40mCRkhqULWdMbOzn,KR,2023,2023-Q3,51+,True
0Y9C5yhzY7Pa1AqjUFrizq,KR,2023,2023-Q3,51+,True
0HsRZwZzHoZ5AM5W2ZYI5c,KR,2023,2023-Q3,51+,True
3uXTRQ41tZ7xwGJ1NnKnUC,KR,2023,2023-Q3,51+,True
7kaFsQygyiCqRboWCXztxZ,KR,2023,2023-Q3,51+,True
12usPU2WnqgCHAW1EK2dfd,KR,2023,2023-Q3,51+,True
5PyDJG7SQRgWXefgexqIge,KR,2023,2023-Q3,51+,True
3VQH9MYoFvxmXmWECnqdRg,KR,2023,2023-Q3,51+,True
0k0GtcnyQLMiXrdEDbLXmJ,KR,2023,2023-Q4,1-10,True
5ydjxBSUIDn26MFzU3asP4,KR,2023,2023-Q4,1-10,True
5ONOlTiqymhzwcFjqcIT6E,KR,2023,2023-Q4,1-10,True
0rKWJnmo6Q0ovoPOLoLm0t,KR,2023,2023-Q4,1-10,True
2tA3NP12r4niSRhb9Y6AoY,KR,2023,2023-Q4,1-10,True
2HRgqmZQC0MC7GeNuDIXHN,KR,2023,2023-Q4,1-10,True
3k6q0O9JnO2GhvD6C8fs20,KR,2023,2023-Q4,1-10,True
210JJAa9nJOgNa0YNrsT5g,KR,2023,2023-Q4,1-10,True
6auT8cRBu3BgPRBrdVBY15,KR,2023,2023-Q4,1-10,True
5sdQOyqq2IDhvmx2lHOpwd,KR,2023,2023-Q4,1-10,True
2jidjmWNeRmKgLjXhW52Gz,KR,2023,2023-Q4,11-20,True
56y1jOTK0XSvJzVv9vHQBK,KR,2023,2023-Q4,11-20,True
01qFKNWq73UfEslI0GvumE,KR,2023,2023-Q4,11-20,True
7pgbDdy7ax962o9d2xJceV,KR,2023,2023-Q4,11-20,True
3OdIiWnYRHPYtC313Z0Bwy,KR,2023,2023-Q4,11-20,True
2qg2jy3v50RwfV5FAqG3a2,KR,2023,2023-Q4,11-20,True
4HAOgAnILvXCbSODMoRnmD,KR,2023,2023-Q4,11-20,True
06Qo2fYR2KS1F7bL338iVT,KR,2023,2023-Q4,11-20,True
7aqsfFKqJFNa2umM4tTLdA,KR,2023,2023-Q4,11-20,True
1vvcEHQdaUTvWt0EIUYcFK,KR,2023,2023-Q4,11-20,True
1IvOxLYTstsq5Z6pN3l3zm,KR,2023,2023-Q4,21-50,True
61AZsmFB3VoJdmraMk5ZSn,KR,2023,2023-Q4,21-50,True
4Cr43xPo7bwyCcL1g3yVCu,KR,2023,2023-Q4,21-50,True
79f5CcWzdkkDVD4XAIQgKr,KR,2023,2023-Q4,21-50,True
2UU11hvjN1JIn4iihEodNT,KR,2023,2023-Q4,21-50,True
7uoFMmxln0GPXQ0AcCBXRq,KR,2023,2023-Q4,21-50,True
3nAp4IvdMPPWEH9uuXFFV5,KR,2023,2023-Q4,21-50,True
365znJ27Fb3faGsctmQYWR,KR,2023,2023-Q4,21-50,True
4QhnNyKDsAkXPwHkSnuc89,KR,2023,2023-Q4,21-50,True
2cEwQnP4284g37N6D7ETND,KR,2023,2023-Q4,21-50,True
0hqj5JBnFt1BHEz2UCFwrl,KR,2023,2023-Q4,51+,True
31jZYFQEtq0ud5y9fDN4cw,KR,2023,2023-Q4,51+,True
253P6uwLnelVQ6MdwXMIJk,KR,2023,2023-Q4,51+,True
5odlY52u43F5BjByhxg7wg,KR,2023,2023-Q4,51+,True
5r3VFyq4KrdCeRNUDtGfJq,KR,2023,2023-Q4,51+,True
3TPvrMAd1hbPRXuHCRX0Pl,KR,2023,2023-Q4,51+,True
5nTemr4PG8L9jQoqxsZu6w,KR,2023,2023-Q4,51+,True
1FTFDCKkVNGf0UCccm23LA,KR,2023,2023-Q4,51+,True
7dTv6c4yQ4gBVFSC3fX0RH,KR,2023,2023-Q4,51+,True
7CAdT0HdiQNlt1C7xk2hep,KR,2023,2023-Q4,51+,True
3lwK3WyKAI5bUuGY1OgGbZ,KR,2024,2024-Q1,1-10,True
59hBR0BCtJsfIbV9VzCVAp,KR,2024,2024-Q1,1-10,True
0aZG8KWrpRnsGL0loUkfSj,KR,2024,2024-Q1,1-10,True
6auT8cRBu3BgPRBrdVBY15,KR,2024,2024-Q1,1-10,True
21ewxM3YvcdTj7cC0XwznO,KR,2024,2024-Q1,1-10,True
3k6q0O9JnO2GhvD6C8fs20,KR,2024,2024-Q1,1-10,True
0paWX66K9n7sYR9AkKkyzB,KR,2024,2024-Q1,1-10,True
0djkJ3iAARXRCbfbwwVc3o,KR,2024,2024-Q1,1-10,True
7M7d0e8Ue3Z7QieuZe72J9,KR,2024,2024-Q1,1-10,True
1aKvZDoLGkNMxoRYgkckZG,KR,2024,2024-Q1,1-10,True
74X2u8JMVooG2QbjRxXwR8,KR,2024,2024-Q1,11-20,True
5XWlyfo0kZ8LF7VSyfS4Ew,KR,2024,2024-Q1,11-20,True
0cGpKQ8RxxLOFqhktEURIj,KR,2024,2024-Q1,11-20,True
5Hfnps0jaWFpYg55WOPexG,KR,2024,2024-Q1,11-20,True
2tA3NP12r4niSRhb9Y6AoY,KR,2024,2024-Q1,11-20,True
2RLdkXSaiQjRbey5pvP8Kt,KR,2024,2024-Q1,11-20,True
2GquhrcHbl2zOnF5javAFp,KR,2024,2024-Q1,11-20,True
7gaA3wERFkFkgivjwbSvkG,KR,2024,2024-Q1,11-20,True
2gyCwrOcC6JBoaJ8JGJ7T8,KR,2024,2024-Q1,11-20,True
3m5PgWSClkZ44vdFmPiqpq,KR,2024,2024-Q1,11-20,True
2cEwQnP4284g37N6D7ETND,KR,2024,2024-Q1,21-50,True
6G3myAs4HemIdtLYhhjGLP,KR,2024,2024-Q1,21-50,True
65FftemJ1DbbZ45DUfHJXE,KR,2024,2024-Q1,21-50,True
1c6kkrWnpy68eYDfBdxNtF,KR,2024,2024-Q1,21-50,True
5qI5EUqfDJpQ7w6sMECK7U,KR,2024,2024-Q1,21-50,True
0kdqcbwei4MDWFEX5f33yG,KR,2024,2024-Q1,21-50,True
2RoYgkPzUY0vY7lhUuyus1,KR,2024,2024-Q1,21-50,True
6rdkCkjk6D12xRpdMXy0I2,KR,2024,2024-Q1,21-50,True
0a4MMyCrzT0En247IhqZbD,KR,2024,2024-Q1,21-50,True
43u5DDtK4vQ1coWXb4S5a8,KR,2024,2024-Q1,21-50,True
0o3ua5ufFK7nfRzbDUNoGA,KR,2024,2024-Q1,51+,True
05STjz8kmPBUebu3uu5sO0,KR,2024,2024-Q1,51+,True
7KUb5GsTcXfpG0phkbL2mR,KR,2024,2024-Q1,51+,True
70t7Q6AYG6ZgTYmJWcnkUM,KR,2024,2024-Q1,51+,True
7uRWaWF70gvKmLhpY3FuaJ,KR,2024,2024-Q1,51+,True
5b5cPscqVEMChvDqscVw26,KR,2024,2024-Q1,51+,True
6dgUya35uo964z7GZXM07g,KR,2024,2024-Q1,51+,True
7FbrGaHYVDmfr7KoLIZnQ7,KR,2024,2024-Q1,51+,True
0LdpgzRupg6P511GEACdm2,KR,2024,2024-Q1,51+,True
3AOf6YEpxQ894FmrwI9k96,KR,2024,2024-Q1,51+,True
0u8rZGtXJrLtiSe34FPjGG,KR,2024,2024-Q2,1-10,True
59hBR0BCtJsfIbV9VzCVAp,KR,2024,2024-Q2,1-10,True
4sgMbwl9lXGyHcHmtFYGMm,KR,2024,2024-Q2,1-10,True
0vaxYDAuAO1nPolC6bQp7V,KR,2024,2024-Q2,1-10,True
2O4Bb2WCkjlTPO827OnBMI,KR,2024,2024-Q2,1-10,True
1aKvZDoLGkNMxoRYgkckZG,KR,2024,2024-Q2,1-10,True
2vNPGH1x5ZwxTjlvzLCyc2,KR,2024,2024-Q2,1-10,True
1AtFSBJibfaqfiOByQCwZ5,KR,2024,2024-Q2,1-10,True
5ocSQW5sIUIOFojwXEz9Ki,KR,2024,2024-Q2,1-10,True
58Q3FZFs1YXPpliWQB5kXB,KR,2024,2024-Q2,1-10,True
0PBTlQ84CBJF0tBnKGmQa6,KR,2024,2024-Q2,11-20,True
3vnaEaDxMKdBhqA1t0uAwl,KR,2024,2024-Q2,11-20,True
2tA3NP12r4niSRhb9Y6AoY,KR,2024,2024-Q2,11-20,True
0aZG8KWrpRnsGL0loUkfSj,KR,2024,2024-Q2,11-20,True
4WUpMUjdoi47LY7gBQBXe3,KR,2024,2024-Q2,11-20,True
2N0SPREDYqILVEFSsWF5N5,KR,2024,2024-Q2,11-20,True
6auT8cRBu3BgPRBrdVBY15,KR,2024,2024-Q2,11-20,True
3lc6BSosCqVoNddw1izHXj,KR,2024,2024-Q2,11-20,True
2HRqTpkrJO5ggZyyK6NPWz,KR,2024,2024-Q2,11-20,True
2J194R0KIKbK7bTHfUHPDB,KR,2024,2024-Q2,11-20,True
2jaapqz7L9MpMf7vpkqU9I,KR,2024,2024-Q2,21-50,True
5IZXB5IKAD2qlvTPJYDCFB,KR,2024,2024-Q2,21-50,True
6QqrxJe1iQxwLY6he6FLFo,KR,2024,2024-Q2,21-50,True
1Y5D7m2QtyBdvwvY3gAVNQ,KR,2024,2024-Q2,21-50,True
5XWlyfo0kZ8LF7VSyfS4Ew,KR,2024,2024-Q2,21-50,True
0djkJ3iAARXRCbfbwwVc3o,KR,2024,2024-Q2,21-50,True
2gkVEnpahpE3bQuvGuCpAV,KR,2024,2024-Q2,21-50,True
7JxPQzxhJSsBBNu1D76ig2,KR,2024,2024-Q2,21-50,True
0a4MMyCrzT0En247IhqZbD,KR,2024,2024-Q2,21-50,True
3xkHsmpQCBMytMJNiDf3Ii,KR,2024,2024-Q2,21-50,True
0kdqcbwei4MDWFEX5f33yG,KR,2024,2024-Q2,51+,True
3ZVFcD8Wlw9T9klGqmJf9F,KR,2024,2024-Q2,51+,True
5IY8i6WnkqvmRnIrF4lqDx,KR,2024,2024-Q2,51+,True
3x6unDluyCL4v5AeGrAVGA,KR,2024,2024-Q2,51+,True
7CyPwkp0oE8Ro9Dd5CUDjW,KR,2024,2024-Q2,51+,True
6jgUrLEivd4DaiYb1izJLF,KR,2024,2024-Q2,51+,True
2ftb45L7iXYwp0WoTEuslG,KR,2024,2024-Q2,51+,True
5VBjyOQzqlPNgdRPMM6prF,KR,2024,2024-Q2,51+,True
7iabz12vAuVQYyekFIWJxD,KR,2024,2024-Q2,51+,True
3ybJERCKs3Jf3aT7xU1Vs4,KR,2024,2024-Q2,51+,True
01qFKNWq73UfEslI0GvumE,KR,2024,2024-Q3,1-10,True
0u8rZGtXJrLtiSe34FPjGG,KR,2024,2024-Q3,1-10,True
2HRgqmZQC0MC7GeNuDIXHN,KR,2024,2024-Q3,1-10,True
5ocSQW5sIUIOFojwXEz9Ki,KR,2024,2024-Q3,1-10,True
45zLrK0668WQ5JFMyiYmCS,KR,2024,2024-Q3,1-10,True
4sgMbwl9lXGyHcHmtFYGMm,KR,2024,2024-Q3,1-10,True
3LWVXp636uLT356Rj08Jaz,KR,2024,2024-Q3,1-10,True
4gxEY3Mh5FZZDAJAKPNrCS,KR,2024,2024-Q3,1-10,True
1AtFSBJibfaqfiOByQCwZ5,KR,2024,2024-Q3,1-10,True
3d2bsbugow8JiNvuaRupFH,KR,2024,2024-Q3,1-10,True
0T6J3Ipbe06lm7p3grH2bg,KR,2024,2024-Q3,11-20,True
19D8LNpWwIPpi6hs9BG7dq,KR,2024,2024-Q3,11-20,True
2PlsVMcOn6ujc2UEYs2Yat,KR,2024,2024-Q3,11-20,True
6oNLSQX8bcAdbCElZYju3v,KR,2024,2024-Q3,11-20,True
6i8MbzVn4nzyjUcSoVcz7B,KR,2024,2024-Q3,11-20,True
5LlUJ3HHI2dS0xowdMDXC5,KR,2024,2024-Q3,11-20,True
3Ua0m0YmEjrMi9XErKcNiR,KR,2024,2024-Q3,11-20,True
3vnaEaDxMKdBhqA1t0uAwl,KR,2024,2024-Q3,11-20,True
1YXot2MLAG9sttepCtBRM7,KR,2024,2024-Q3,11-20,True
7ov3TDp5D00Rnu5R1viX4w,KR,2024,2024-Q3,11-20,True
65FftemJ1DbbZ45DUfHJXE,KR,2024,2024-Q3,21-50,True
74X2u8JMVooG2QbjRxXwR8,KR,2024,2024-Q3,21-50,True
0GqAWZe1A5ecKadZrHk6XH,KR,2024,2024-Q3,21-50,True
78ZYPq0f3afyzdYdpTOG9C,KR,2024,2024-Q3,21-50,True
0UvCh63URrLFcPkKt99hHd,KR,2024,2024-Q3,21-50,True
5XWlyfo0kZ8LF7VSyfS4Ew,KR,2024,2024-Q3,21-50,True
1njlnn8ZKHI77Pe9szIONR,KR,2024,2024-Q3,21-50,True
1OhIn0L6iofnk5bjalWfHq,KR,2024,2024-Q3,21-50,True
2cZOYofOX4d6g0OXxkaIjA,KR,2024,2024-Q3,21-50,True
7vjfnsnDXZGK4PSq54ISjc,KR,2024,2024-Q3,21-50,True
4mqfe9XrgEOSsofvq5MyjR,KR,2024,2024-Q3,51+,True
3LUi9n9mMOR1eK3kle7oCe,KR,2024,2024-Q3,51+,True
3lboRjzlrZ8tFxR0y59Yny,KR,2024,2024-Q3,51+,True
5juCu4WFTFRZ2XilopAMTy,KR,2024,2024-Q3,51+,True
0vaxYDAuAO1nPolC6bQp7V,KR,2024,2024-Q3,51+,True
7bUezNEU1BnjkbYrG0KP2Y,KR,2024,2024-Q3,51+,True
3vkCueOmm7xQDoJ17W1Pm3,KR,2024,2024-Q3,51+,True
3BhyxulZ13uWZS6LqiYiCj,KR,2024,2024-Q3,51+,True
2RUcwyW74Sv4VracHFrKdh,KR,2024,2024-Q3,51+,True
210JJAa9nJOgNa0YNrsT5g,KR,2024,2024-Q3,51+,True
1k68vKHNQXU5CHqcM7Yp7N,KR,2024,2024-Q4,1-10,True
7Cnpb1vBbC46RgVyyKLH7p,KR,2024,2024-Q4,1-10,True
5doooVlMVRZztQbySqARMI,KR,2024,2024-Q4,1-10,True
1kPhV0KQui1phEpjnWIqUN,KR,2024,2024-Q4,1-10,True
2SR0alFA2oWYXSoePGTj0V,KR,2024,2024-Q4,1-10,True
21LtZQQMQYwVIxc9O9Ygq8,KR,2024,2024-Q4,1-10,True
4XsJiRJQAK8TWcZCn0Dxlh,KR,2024,2024-Q4,1-10,True
1lcBt7LoEikqYmhUoa2cez,KR,2024,2024-Q4,1-10,True
7G7mSV4BebkoHWwKTDvXu9,KR,2024,2024-Q4,1-10,True
5sjnkOfTLCLNfkkchI2re2,KR,2024,2024-Q4,1-10,True
0FIDCNYYjNvPVimz5icugS,KR,2024,2024-Q4,11-20,True
0bYg9bo50gSsH3LtXe2SQn,KR,2024,2024-Q4,11-20,True
1aKvZDoLGkNMxoRYgkckZG,KR,2024,2024-Q4,11-20,True
6oNLSQX8bcAdbCElZYju3v,KR,2024,2024-Q4,11-20,True
5ocSQW5sIUIOFojwXEz9Ki,KR,2024,2024-Q4,11-20,True
45zLrK0668WQ5JFMyiYmCS,KR,2024,2024-Q4,11-20,True
2plbrEY59IikOBgBGLjaoe,KR,2024,2024-Q4,11-20,True
3d2bsbugow8JiNvuaRupFH,KR,2024,2024-Q4,11-20,True
0lizgQ7Qw35od7CYaoMBZb,KR,2024,2024-Q4,11-20,True
7gMfVc4zfNIxuMyMGglOHa,KR,2024,2024-Q4,11-20,True
3yDRcs0Y4pPzkvMbUfeF9H,KR,2024,2024-Q4,21-50,True
0hqj5JBnFt1BHEz2UCFwrl,KR,2024,2024-Q4,21-50,True
4EwNWRBWdZ6bgvxRHlZ8OO,KR,2024,2024-Q4,21-50,True
1ySWoGgrduSzvtJ3PUzO41,KR,2024,2024-Q4,21-50,True
2isRbZIIU4PqPrECffn7QO,KR,2024,2024-Q4,21-50,True
6je5cTal6PyeITNrOzkCoS,KR,2024,2024-Q4,21-50,True
5LlUJ3HHI2dS0xowdMDXC5,KR,2024,2024-Q4,21-50,True
3TQHPUEVdvdq8ejwEcHUlL,KR,2024,2024-Q4,21-50,True
5jxuw4S5IDEY6CjjAHvRAt,KR,2024,2024-Q4,21-50,True
1YmY0HUm05BUpcHibc1bhB,KR,2024,2024-Q4,21-50,True
1zJUr9Oo5zEjvJrdlg67jQ,KR,2024,2024-Q4,51+,True
6pqyZNnLKyJKtrlf42FQoq,KR,2024,2024-Q4,51+,True
12usPU2WnqgCHAW1EK2dfd,KR,2024,2024-Q4,51+,True
49txvOVNLAHwG9bMtdKP6a,KR,2024,2024-Q4,51+,True
3X76Lal4GwBFqriHz1FbLU,KR,2024,2024-Q4,51+,True
30tYWTkLIQtZWnRIOqcHnJ,KR,2024,2024-Q4,51+,True
5a3tLTGA0HIDtrvnszXXBN,KR,2024,2024-Q4,51+,True
2pn8dNVSpYnAtlKFC8Q0DJ,KR,2024,2024-Q4,51+,True
0FVPOqIivjXR49CyJZAw7g,KR,2024,2024-Q4,51+,True
294hRgOqnGW2BemqP8D35X,KR,2024,2024-Q4,51+,True
0GOqhXyouUxqPEw9ypTOLm,KR,2025,2025-Q1,1-10,True
7G7mSV4BebkoHWwKTDvXu9,KR,2025,2025-Q1,1-10,True
68UrZQUuO3O6eUiD226xHg,KR,2025,2025-Q1,1-10,True
1kPhV0KQui1phEpjnWIqUN,KR,2025,2025-Q1,1-10,True
3d2bsbugow8JiNvuaRupFH,KR,2025,2025-Q1,1-10,True
2P6YMsU9jt22CXfizfudi3,KR,2025,2025-Q1,1-10,True
406IpEtZPvbxApWTGM3twY,KR,2025,2025-Q1,1-10,True
1z5ebC9238uGoBgzYyvGpQ,KR,2025,2025-Q1,1-10,True
7GOIrZTegzVty8mhNhRuA0,KR,2025,2025-Q1,1-10,True
7Cnpb1vBbC46RgVyyKLH7p,KR,2025,2025-Q1,1-10,True
3vIkVVbhpMvsOJ1BKWT0nT,KR,2025,2025-Q1,11-20,True
4XsJiRJQAK8TWcZCn0Dxlh,KR,2025,2025-Q1,11-20,True
04mHr76sMR8RSqVIgWl785,KR,2025,2025-Q1,11-20,True
4xeugB5MqWh0jwvXZPxahq,KR,2025,2025-Q1,11-20,True
1Px44tw80Q4rcCl8FxDGOi,KR,2025,2025-Q1,11-20,True
2isRbZIIU4PqPrECffn7QO,KR,2025,2025-Q1,11-20,True
10zywlg5b0gQOC3q1A7ADx,KR,2025,2025-Q1,11-20,True
10I5rhhFoWZDIN3kEc6Dbo,KR,2025,2025-Q1,11-20,True
7KZNgri6Jxw88FAfATw6i9,KR,2025,2025-Q1,11-20,True
1MUZitHRpmng5NevrvNx4T,KR,2025,2025-Q1,11-20,True
4gxEY3Mh5FZZDAJAKPNrCS,KR,2025,2025-Q1,21-50,True
6SaSFVlIQC1L6Fh1QKLeFi,KR,2025,2025-Q1,21-50,True
4WUpMUjdoi47LY7gBQBXe3,KR,2025,2025-Q1,21-50,True
6iu311jZAJFLPgoIWgrA72,KR,2025,2025-Q1,21-50,True
4C2KCXzqC0kwNyTilyRLUx,KR,2025,2025-Q1,21-50,True
5yfhzEct1ulyU6g5oVRraj,KR,2025,2025-Q1,21-50,True
2DbDefRFJ5YOfXCKOeCJJh,KR,2025,2025-Q1,21-50,True
3TSLqZssCoCdDlMhCJ08XW,KR,2025,2025-Q1,21-50,True
1k68vKHNQXU5CHqcM7Yp7N,KR,2025,2025-Q1,21-50,True
4EwNWRBWdZ6bgvxRHlZ8OO,KR,2025,2025-Q1,21-50,True
7KXjTSCq5nL1LoYtL7XAwS,KR,2025,2025-Q1,51+,True
20QI1DhCFz7pN8rATkNguv,KR,2025,2025-Q1,51+,True
0PBTlQ84CBJF0tBnKGmQa6,KR,2025,2025-Q1,51+,True
6cwSbxCqAwBNbCqaLMZgbT,KR,2025,2025-Q1,51+,True
0VdwOoAKPe9aGahkpllfkH,KR,2025,2025-Q1,51+,True
6koKhrBBcExADvWuOgceNZ,KR,2025,2025-Q1,51+,True
0hqj5JBnFt1BHEz2UCFwrl,KR,2025,2025-Q1,51+,True
6fbS9Lbyv6L4tz7tcmBGKh,KR,2025,2025-Q1,51+,True
4zUob9iYFS9TgAR0hgo5pR,KR,2025,2025-Q1,51+,True
3uA8SjMyDtwtt0jLPMQbVD,KR,2025,2025-Q1,51+,True
5EoV2HmAlkqN1XvsIjOBZZ,KR,2025,2025-Q2,1-10,True
3iJxBDym1SeqNqJqnvreHK,KR,2025,2025-Q2,1-10,True
0AQEShePVSsxMTM6a8ik6t,KR,2025,2025-Q2,1-10,True
3d2bsbugow8JiNvuaRupFH,KR,2025,2025-Q2,1-10,True
68UrZQUuO3O6eUiD226xHg,KR,2025,2025-Q2,1-10,True
4p0uVFAXKUISu8yp9gNtWE,KR,2025,2025-Q2,1-10,True
0fK7ie6XwGxQTIkpFoWkd1,KR,2025,2025-Q2,1-10,True
4xeugB5MqWh0jwvXZPxahq,KR,2025,2025-Q2,1-10,True
2kpmBZqu52h6uCZXFTIXJK,KR,2025,2025-Q2,1-10,True
0wrppxeWurW1uRnxI6Ut9v,KR,2025,2025-Q2,1-10,True
4WrkJNGb4zUwARc0FD3iNf,KR,2025,2025-Q2,11-20,True
5Fhr3wqeieN5WDkAsqL1JJ,KR,2025,2025-Q2,11-20,True
0GOqhXyouUxqPEw9ypTOLm,KR,2025,2025-Q2,11-20,True
6Wobsw9uZ0D0xkfOjxXSq9,KR,2025,2025-Q2,11-20,True
2NOMOpss7BmEXTL9f1koqn,KR,2025,2025-Q2,11-20,True
4WUpMUjdoi47LY7gBQBXe3,KR,2025,2025-Q2,11-20,True
1klePVubVctBqhlKJvibil,KR,2025,2025-Q2,11-20,True
0qkYuCno3SoU8vxkCdx0iJ,KR,2025,2025-Q2,11-20,True
7GOIrZTegzVty8mhNhRuA0,KR,2025,2025-Q2,11-20,True
2GMKQPMXdOGXsQkDYBN6wF,KR,2025,2025-Q2,11-20,True
60DwXD4XZgBGMRwViDqBm6,KR,2025,2025-Q2,21-50,True
4EIFwndJvGpgFjsEbNuYif,KR,2025,2025-Q2,21-50,True
4EwNWRBWdZ6bgvxRHlZ8OO,KR,2025,2025-Q2,21-50,True
6oNLSQX8bcAdbCElZYju3v,KR,2025,2025-Q2,21-50,True
5RdKO1lsHG9jhbG03LL7cv,KR,2025,2025-Q2,21-50,True
6auT8cRBu3BgPRBrdVBY15,KR,2025,2025-Q2,21-50,True
1XDSuZ5ZSExGZYC7IuiU5l,KR,2025,2025-Q2,21-50,True
1z5ebC9238uGoBgzYyvGpQ,KR,2025,2025-Q2,21-50,True
1k68vKHNQXU5CHqcM7Yp7N,KR,2025,2025-Q2,21-50,True
1MUZitHRpmng5NevrvNx4T,KR,2025,2025-Q2,21-50,True
0warEAGkdMG9x2grXqKhlY,KR,2025,2025-Q2,51+,True
09PyC1qMkM0JVtqHHFnjKm,KR,2025,2025-Q2,51+,True
5Kbpcd3hOqu4ZRAJNAjIcg,KR,2025,2025-Q2,51+,True
2LHNTC9QZxsL3nWpt8iaSR,KR,2025,2025-Q2,51+,True
4bjNOhOMvqFPflwHIaS7Fw,KR,2025,2025-Q2,51+,True
5BqwC9kOBbqYkzdOKeXFFk,KR,2025,2025-Q2,51+,True
5cRKj1kynNFqiliT2ndZ3y,KR,2025,2025-Q2,51+,True
2pIUpMhHL6L9Z5lnKxJJr9,KR,2025,2025-Q2,51+,True
0IjaSeBp6SHXTELm4C9ifk,KR,2025,2025-Q2,51+,True
7EW7Yivb93qKAtp5qEm5of,KR,2025,2025-Q2,51+,True
02BcXEH1zJYbXSabPtNlKf,KR,2025,2025-Q3,1-10,True
6OWWZtNQORY1McaZmOrwhc,KR,2025,2025-Q3,1-10,True
59hVbgr8rfYkDbHfr8RcGI,KR,2025,2025-Q3,1-10,True
02sy7FAs8dkDNYsHp4Ul3f,KR,2025,2025-Q3,1-10,True
2c6xH9usslUoHnOzsRhpcP,KR,2025,2025-Q3,1-10,True
1sUjTLLCJzcxC15GUBrOlg,KR,2025,2025-Q3,1-10,True
3Z4BxvgOJ8KupcDIV3OV2f,KR,2025,2025-Q3,1-10,True
1I37Zz2g3hk9eWxaNkj031,KR,2025,2025-Q3,1-10,True
7JQH2lBMZ10ztDnpoeq6Ki,KR,2025,2025-Q3,1-10,True
5H1sKFMzDeMtXwND3V6hRY,KR,2025,2025-Q3,1-10,True
4nKnOIDXFjRSMG4vkXDwzY,KR,2025,2025-Q3,11-20,True
0MHStU0muAIEMbwdnebYu2,KR,2025,2025-Q3,11-20,True
7G7mSV4BebkoHWwKTDvXu9,KR,2025,2025-Q3,11-20,True
7t4Z19BqZ23ExgdiOP0nf6,KR,2025,2025-Q3,11-20,True
3Ua0m0YmEjrMi9XErKcNiR,KR,2025,2025-Q3,11-20,True
1kPhV0KQui1phEpjnWIqUN,KR,2025,2025-Q3,11-20,True
7Cnpb1vBbC46RgVyyKLH7p,KR,2025,2025-Q3,11-20,True
4ecdsGz3Hg6TKPwQ0ZOdJz,KR,2025,2025-Q3,11-20,True
5EoV2HmAlkqN1XvsIjOBZZ,KR,2025,2025-Q3,11-20,True
3k6q0O9JnO2GhvD6C8fs20,KR,2025,2025-Q3,11-20,True
4H6s1mTZcjHAMU36ZF3Xoz,KR,2025,2025-Q3,21-50,True
18AMT576rBlQFMzUTS7WBa,KR,2025,2025-Q3,21-50,True
4LJJxB4a47mreJAfKwbGEM,KR,2025,2025-Q3,21-50,True
20QI1DhCFz7pN8rATkNguv,KR,2025,2025-Q3,21-50,True
2aSfmbpproCPOe2j01WT2a,KR,2025,2025-Q3,21-50,True
6hcT29EF7UYuwu76eqlys9,KR,2025,2025-Q3,21-50,True
5PCOOngROV9jWsUViSy4Ed,KR,2025,2025-Q3,21-50,True
3d2bsbugow8JiNvuaRupFH,KR,2025,2025-Q3,21-50,True
5doooVlMVRZztQbySqARMI,KR,2025,2025-Q3,21-50,True
1z5ebC9238uGoBgzYyvGpQ,KR,2025,2025-Q3,21-50,True
2J194R0KIKbK7bTHfUHPDB,KR,2025,2025-Q3,51+,True
6jl91VgNuRjpwO0MJQw29F,KR,2025,2025-Q3,51+,True
5Xf2cIARIa9gwWf6m4DvME,KR,2025,2025-Q3,51+,True
0VdikQbDdOqxdWQyYsLmne,KR,2025,2025-Q3,51+,True
3y1Aq9UzyzhMGuVaS8i2oA,KR,2025,2025-Q3,51+,True
3cnCdBXTlyBCKYrlHpXbIP,KR,2025,2025-Q3,51+,True
630sXRhIcfwr2e4RdNtjKN,KR,2025,2025-Q3,51+,True
34HSEUn4YGAFBW9OHGIkU7,KR,2025,2025-Q3,51+,True
7H9e5GKSY1PQTW1edqvHb9,KR,2025,2025-Q3,51+,True
0eFMbKCRw8KByXyWBw8WO7,KR,2025,2025-Q3,51+,True
0M4O6UEu4F9SxImTsBuX9n,KR,2025,2025-Q4,1-10,True
6jYiHr12NVKLzn0X7K8aSK,KR,2025,2025-Q4,1-10,True
59hVbgr8rfYkDbHfr8RcGI,KR,2025,2025-Q4,1-10,True
0bYg9bo50gSsH3LtXe2SQn,KR,2025,2025-Q4,1-10,True
3cLXrotzCjYCkN73PewALM,KR,2025,2025-Q4,1-10,True
2N9miXnewVmUrgl6JSK1FI,KR,2025,2025-Q4,1-10,True
3khEEPRyBeOUabbmOPJzAG,KR,2025,2025-Q4,1-10,True
1k0JAiH11gHL9dc5dfQjQr,KR,2025,2025-Q4,1-10,True
7FyKqLLICVzwBiAUtbVYUW,KR,2025,2025-Q4,1-10,True
6OWWZtNQORY1McaZmOrwhc,KR,2025,2025-Q4,1-10,True
06o2o3TpyR8eGU2ANK21Lp,KR,2025,2025-Q4,11-20,True
2FRnf9qhLbvw8fu4IBXx78,KR,2025,2025-Q4,11-20,True
4p0uVFAXKUISu8yp9gNtWE,KR,2025,2025-Q4,11-20,True
0p5xMhVvw441Z10hNWsk5Q,KR,2025,2025-Q4,11-20,True
3k6q0O9JnO2GhvD6C8fs20,KR,2025,2025-Q4,11-20,True
5iFbKoNv7Jc5Arpbf8D90B,KR,2025,2025-Q4,11-20,True
1kPhV0KQui1phEpjnWIqUN,KR,2025,2025-Q4,11-20,True
4xeugB5MqWh0jwvXZPxahq,KR,2025,2025-Q4,11-20,True
5EoV2HmAlkqN1XvsIjOBZZ,KR,2025,2025-Q4,11-20,True
7gMfVc4zfNIxuMyMGglOHa,KR,2025,2025-Q4,11-20,True
3vJIaiTIHxHhYafTSPNiH4,KR,2025,2025-Q4,21-50,True
2GMKQPMXdOGXsQkDYBN6wF,KR,2025,2025-Q4,21-50,True
1nEhhkEidrTOtc46fCvRFp,KR,2025,2025-Q4,21-50,True
4CRhJHHbH9Awx7z7xRAdPP,KR,2025,2025-Q4,21-50,True
15HNdxGKNCIO9pgaY4n7FU,KR,2025,2025-Q4,21-50,True
7hYI4QprQ3hMqp56ul6uEv,KR,2025,2025-Q4,21-50,True
3Ua0m0YmEjrMi9XErKcNiR,KR,2025,2025-Q4,21-50,True
4WFfPxJv1KRekG6mxn837K,KR,2025,2025-Q4,21-50,True
4ecdsGz3Hg6TKPwQ0ZOdJz,KR,2025,2025-Q4,21-50,True
1aKvZDoLGkNMxoRYgkckZG,KR,2025,2025-Q4,21-50,True
7csMuPqdOPaFKby0AoRYL5,KR,2025,2025-Q4,51+,True
2OQ6a4CfUeYskpTTgyawyJ,KR,2025,2025-Q4,51+,True
0QzuaeCEEOV40Pn7IvKEny,KR,2025,2025-Q4,51+,True
6VedlO2MtaEjAITax6vQyg,KR,2025,2025-Q4,51+,True
0eFMbKCRw8KByXyWBw8WO7,KR,2025,2025-Q4,51+,True
6je5cTal6PyeITNrOzkCoS,KR,2025,2025-Q4,51+,True
11gZL0HigsqfzjTHOpdFjE,KR,2025,2025-Q4,51+,True
6Yj8kVuVR3UPxx9r5eFEoV,KR,2025,2025-Q4,51+,True
5APxbxUDWyUChpgjJ0YQzE,KR,2025,2025-Q4,51+,True
4JK1kDUdH9RTBQrrSO1QfR,KR,2025,2025-Q4,51+,True
2rKkfc4VZ74FQDc1FF1Zo6,KR,2026,2026-Q1,1-10,True
7hlEhmg5h9XuFtaGfgvqjF,KR,2026,2026-Q1,1-10,True
2IFND3phjzIG1RcPnHh2hP,KR,2026,2026-Q1,1-10,True
5tg21NdePCn5m8F9BXOEeJ,KR,2026,2026-Q1,1-10,True
0KmrKOdScRDVYwWS8hkkdv,KR,2026,2026-Q1,1-10,True
3WvM2dIR9iIxMGNMP7WsNw,KR,2026,2026-Q1,1-10,True
4qdBPJta3BVPXCS0wJZ6yO,KR,2026,2026-Q1,1-10,True
68lbSrXDORS51pmyjZv712,KR,2026,2026-Q1,1-10,True
3VxmXJ4FdtbWI27p3Gx4Wh,KR,2026,2026-Q1,1-10,True
3bmpXHVie1GTy37OkXJ7Vc,KR,2026,2026-Q1,1-10,True
3VegC0PZiHjGxb80DER8XU,KR,2026,2026-Q1,11-20,True
7FyKqLLICVzwBiAUtbVYUW,KR,2026,2026-Q1,11-20,True
3LWVXp636uLT356Rj08Jaz,KR,2026,2026-Q1,11-20,True
5H1sKFMzDeMtXwND3V6hRY,KR,2026,2026-Q1,11-20,True
06o2o3TpyR8eGU2ANK21Lp,KR,2026,2026-Q1,11-20,True
3cLXrotzCjYCkN73PewALM,KR,2026,2026-Q1,11-20,True
4B4Q7zfd0aHcuhQBfCRnH5,KR,2026,2026-Q1,11-20,True
5xqM1HOndjxfH7NmyD8SVS,KR,2026,2026-Q1,11-20,True
3b4YlIUpzYs3CZ6s9GVmzT,KR,2026,2026-Q1,11-20,True
3g8mimqqxsAEtkktm1TYEk,KR,2026,2026-Q1,11-20,True
68UrZQUuO3O6eUiD226xHg,KR,2026,2026-Q1,21-50,True
3vJIaiTIHxHhYafTSPNiH4,KR,2026,2026-Q1,21-50,True
40UVUuyy5RfpO0awclCttA,KR,2026,2026-Q1,21-50,True
65X2koe1LhDgQmRkNdJFv9,KR,2026,2026-Q1,21-50,True
5u77QBJa2fUREcFTM7PwME,KR,2026,2026-Q1,21-50,True
6w9SgpKIzB54R2xHml1UPP,KR,2026,2026-Q1,21-50,True
0dt0DccOIWLtzX45F6uZ1I,KR,2026,2026-Q1,21-50,True
1aKvZDoLGkNMxoRYgkckZG,KR,2026,2026-Q1,21-50,True
15HNdxGKNCIO9pgaY4n7FU,KR,2026,2026-Q1,21-50,True
0XqgE9UN4MCo5ooIwUYm7l,KR,2026,2026-Q1,21-50,True
7gMfVc4zfNIxuMyMGglOHa,KR,2026,2026-Q1,51+,True
27zrFrtUtWl2urlvjOn5xc,KR,2026,2026-Q1,51+,True
0NsmpxrKw7ZWGKjnWVJtm5,KR,2026,2026-Q1,51+,True
6Yj8kVuVR3UPxx9r5eFEoV,KR,2026,2026-Q1,51+,True
0VGeaj4sDq9UnwzSxiVgkZ,KR,2026,2026-Q1,51+,True
6oNLSQX8bcAdbCElZYju3v,KR,2026,2026-Q1,51+,True
0hqngwyh8WnPuYlLYHRQqp,KR,2026,2026-Q1,51+,True
6dOtVTDdiauQNBQEDOtlAB,KR,2026,2026-Q1,51+,True
4wJ5Qq0jBN4ajy7ouZIV1c,KR,2026,2026-Q1,51+,True
44hqFxUWsADWewEJELnncj,KR,2026,2026-Q1,51+,True
4qdBPJta3BVPXCS0wJZ6yO,KR,2026,2026-Q2,1-10,True
3WvM2dIR9iIxMGNMP7WsNw,KR,2026,2026-Q2,1-10,True
0WA27lZzPKFJKAbiDRmQDc,KR,2026,2026-Q2,1-10,True
2rKkfc4VZ74FQDc1FF1Zo6,KR,2026,2026-Q2,1-10,True
5dxiriLgC9mu2FbSNqudld,KR,2026,2026-Q2,1-10,True
3m08yeqLjXsqblRU3KXPAp,KR,2026,2026-Q2,1-10,True
1D5L58KLBbceOynTP4DQnY,KR,2026,2026-Q2,1-10,True
3sOAwRg5esaxDcWnUigWPv,KR,2026,2026-Q2,1-10,True
27xkOIER6uDLKALIelHylZ,KR,2026,2026-Q2,1-10,True
1Sjs93mMgi9bX06FFU9Mcv,KR,2026,2026-Q2,1-10,True
06o2o3TpyR8eGU2ANK21Lp,KR,2026,2026-Q2,11-20,True
0KmrKOdScRDVYwWS8hkkdv,KR,2026,2026-Q2,11-20,True
2SMq0lOqCTHayWa9juoI0d,KR,2026,2026-Q2,11-20,True
24rDDbSlFY9OHrlJb48CRh,KR,2026,2026-Q2,11-20,True
15HNdxGKNCIO9pgaY4n7FU,KR,2026,2026-Q2,11-20,True
4xeugB5MqWh0jwvXZPxahq,KR,2026,2026-Q2,11-20,True
6uvw8GFIqdqaJ4Nr3kN8Rs,KR,2026,2026-Q2,11-20,True
6QFCMUUq1T2Vf5sFUXcuQ7,KR,2026,2026-Q2,11-20,True
41d2WjuL0ikRKVjxmL7ZFz,KR,2026,2026-Q2,11-20,True
0b61A7v9agI08BG21jJPQ9,KR,2026,2026-Q2,11-20,True
2aSfmbpproCPOe2j01WT2a,KR,2026,2026-Q2,21-50,True
01qFKNWq73UfEslI0GvumE,KR,2026,2026-Q2,21-50,True
63JNA2B4qHmoedZCthpo0e,KR,2026,2026-Q2,21-50,True
0FOReGSXypVBP1q3CLEbfN,KR,2026,2026-Q2,21-50,True
6epn3r7S14KUqlReYr77hA,KR,2026,2026-Q2,21-50,True
2CO0qu8M2UrT2IxRdYbGOg,KR,2026,2026-Q2,21-50,True
1OO2hWJmimNmsN2glZ9kyM,KR,2026,2026-Q2,21-50,True
4c9CHyzibRaogeupFGzsFW,KR,2026,2026-Q2,21-50,True
5bB7348yF6DXMmK1WQlBui,KR,2026,2026-Q2,21-50,True
1XpVhaI4HzWrhRWIpdfyJB,KR,2026,2026-Q2,21-50,True
4bjNOhOMvqFPflwHIaS7Fw,KR,2026,2026-Q2,51+,True
0F6XPZ5gxXC1zaiaDhrV73,KR,2026,2026-Q2,51+,True
3FZPp9lBUvhsxFxKJi3VkB,KR,2026,2026-Q2,51+,True
4oE7MyJhqSD3BaHRpNs8Nl,KR,2026,2026-Q2,51+,True
3KQ3fLAkMYyCWQLCi60zeE,KR,2026,2026-Q2,51+,True
599L9ptR3PXQq6Dzn9uLP0,KR,2026,2026-Q2,51+,True
5ocSQW5sIUIOFojwXEz9Ki,KR,2026,2026-Q2,51+,True
7GRZqYKsoE1Ls98sr2o8xQ,KR,2026,2026-Q2,51+,True
0QzuaeCEEOV40Pn7IvKEny,KR,2026,2026-Q2,51+,True
0yamqkAFAmpdLNVcmJLSo8,KR,2026,2026-Q2,51+,True
0RiRZpuVRbi7oqRdSMwhQY,KR,2026,2026-Q3,1-10,True
6vjt2smGK75oc9r2OGFfgp,KR,2026,2026-Q3,1-10,True
55UDXtbNJBAdTdUdbRu8T3,KR,2026,2026-Q3,1-10,True
0USn5f2VZGbHjHkbjcijzU,KR,2026,2026-Q3,1-10,True
2HRgqmZQC0MC7GeNuDIXHN,KR,2026,2026-Q3,1-10,True
1D5L58KLBbceOynTP4DQnY,KR,2026,2026-Q3,1-10,True
3sOAwRg5esaxDcWnUigWPv,KR,2026,2026-Q3,1-10,True
0cbgFMxCXMzs80R2vxwApT,KR,2026,2026-Q3,1-10,True
776vLcNy6mHNmPisdejR0I,KR,2026,2026-Q3,1-10,True
6uosenLUNFZtOIih5T0qfV,KR,2026,2026-Q3,1-10,True
4qdBPJta3BVPXCS0wJZ6yO,KR,2026,2026-Q3,11-20,True
5dxiriLgC9mu2FbSNqudld,KR,2026,2026-Q3,11-20,True
02KRPJcx4TJFLCXt9qwEUE,KR,2026,2026-Q3,11-20,True
6BAnU4WVN9ArEfSi01JwhQ,KR,2026,2026-Q3,11-20,True
27xkOIER6uDLKALIelHylZ,KR,2026,2026-Q3,11-20,True
3caqaSvtldUKLY5Fd5msk2,KR,2026,2026-Q3,11-20,True
1ET5lou3teBMA3a5cYeYzN,KR,2026,2026-Q3,11-20,True
0KgetoSLg8qfJWIwoAQxBf,KR,2026,2026-Q3,11-20,True
70RQYCjVacuJgeYAmU2sXd,KR,2026,2026-Q3,11-20,True
24rDDbSlFY9OHrlJb48CRh,KR,2026,2026-Q3,11-20,True
75MJ2d8AmBWgf2yeZACwpa,KR,2026,2026-Q3,21-50,True
4ecdsGz3Hg6TKPwQ0ZOdJz,KR,2026,2026-Q3,21-50,True
4iZIvaus7v4wSjFvdF83NA,KR,2026,2026-Q3,21-50,True
6uvw8GFIqdqaJ4Nr3kN8Rs,KR,2026,2026-Q3,21-50,True
6g02YqJTLBjqJ7sGvW1wDB,KR,2026,2026-Q3,21-50,True
7JQH2lBMZ10ztDnpoeq6Ki,KR,2026,2026-Q3,21-50,True
1OLAjffdDJibTrUGAwApVk,KR,2026,2026-Q3,21-50,True
2L1dsjU3R3U4SX27qIiPrq,KR,2026,2026-Q3,21-50,True
1my8zFESgULmuj3D2tzK1R,KR,2026,2026-Q3,21-50,True
15HNdxGKNCIO9pgaY4n7FU,KR,2026,2026-Q3,21-50,True
55pCe0UgAeaeWKKSQqdiWh,KR,2026,2026-Q3,51+,True
3CQw6HqsBu12wUj89vUQ5M,KR,2026,2026-Q3,51+,True
2cCC4S226r1tws0d2vDDdO,KR,2026,2026-Q3,51+,True
0eu4C55hL6x29mmeAjytzC,KR,2026,2026-Q3,51+,True
0HsRZwZzHoZ5AM5W2ZYI5c,KR,2026,2026-Q3,51+,True
3hBAYbAECEix9raaTq8S3H,KR,2026,2026-Q3,51+,True
7ijWcf4FsoxoyPK4B9WGp6,KR,2026,2026-Q3,51+,True
1BxfuPKGuaTgP7aM0Bbdwr,KR,2026,2026-Q3,51+,True
5H1sKFMzDeMtXwND3V6hRY,KR,2026,2026-Q3,51+,True
3TPPESvMtVS5zt7FAX2M9n,KR,2026,2026-Q3,51+,True
7MAibcTli4IisCtbHKrGMh,US,2021,2021-Q1,1-10,True
5QO79kh1waicV47BqGRL3g,US,2021,2021-Q1,1-10,True
42lqBjPYlmL1EXpMDXvhSN,US,2021,2021-Q1,1-10,True
6F2r4HgpJnvKDmkN6JEN6J,US,2021,2021-Q1,1-10,True
3aQem4jVGdhtg116TmJnHz,US,2021,2021-Q1,1-10,True
3cBsEDNhFI9E82vPj3kvi3,US,2021,2021-Q1,1-10,True
65OVbaJR5O1RmwOQx0875b,US,2021,2021-Q1,1-10,True
1M4OcYkxAtu3ErzSgDEfoi,US,2021,2021-Q1,1-10,True
7FGdjbZ32vMybPuP0IuE7d,US,2021,2021-Q1,1-10,True
43CIWpJaJHRcI4mUSjqgc2,US,2021,2021-Q1,1-10,True
4MzXwWMhyBbmu6hOcLVD49,US,2021,2021-Q1,11-20,True
2QjOHCTQ1Jl3zawyYOpxh6,US,2021,2021-Q1,11-20,True
02MWAaffLxlfxAUY7c5dvx,US,2021,2021-Q1,11-20,True
1tkg4EHVoqnhR6iFEXb60y,US,2021,2021-Q1,11-20,True
4obHzpwGrjoTuZh2DItEMZ,US,2021,2021-Q1,11-20,True
3FAJ6O0NOHQV8Mc5Ri6ENp,US,2021,2021-Q1,11-20,True
0A1hoCfMLkiAgvhWkkucJa,US,2021,2021-Q1,11-20,True
3Uo7WG0vmLQ07WB4BDwy7D,US,2021,2021-Q1,11-20,True
0uRrG2jRR5tuifsYIJHEao,US,2021,2021-Q1,11-20,True
0PvFJmanyNQMseIFrU708S,US,2021,2021-Q1,11-20,True
5uEYRdEIh9Bo4fpjDd4Na9,US,2021,2021-Q1,21-50,True
6toQdWWc4noiOk3Eo5mVDS,US,2021,2021-Q1,21-50,True
01FvQEvHETjWqcDpQDJdTb,US,2021,2021-Q1,21-50,True
6u3CPnFMKANYgfdiifFOiJ,US,2021,2021-Q1,21-50,True
0oaY19dUwZimIgzn3ZZLZO,US,2021,2021-Q1,21-50,True
5UMMPHPp6vRP6ghPpSUOzp,US,2021,2021-Q1,21-50,True
2MbdDtCv5LUVjYy9RuGTgC,US,2021,2021-Q1,21-50,True
21jGcNKet2qwijlDFuPiPb,US,2021,2021-Q1,21-50,True
30KctD1WsHKTIYczXjip5a,US,2021,2021-Q1,21-50,True
7eX3um6NpOQKWJMGCi97XD,US,2021,2021-Q1,21-50,True
3wkKkFAtYSTRwqOydW6T0I,US,2021,2021-Q1,51+,True
0WSa1sucoNRcEeULlZVQXj,US,2021,2021-Q1,51+,True
7E2C5rBLpCKwQlhJPVFBRS,US,2021,2021-Q1,51+,True
4R2kfaDFhslZEMJqAFNpdd,US,2021,2021-Q1,51+,True
0AUvWawuP0ibk4SQ3sIZjk,US,2021,2021-Q1,51+,True
6Gg1gjgKi2AK4e0qzsR7sd,US,2021,2021-Q1,51+,True
0GzuHFG4Ql6DoyxFRnIk3F,US,2021,2021-Q1,51+,True
7eBqSVxrzQZtK2mmgRG6lC,US,2021,2021-Q1,51+,True
3nS9a01VvXHQriLqJYwRqG,US,2021,2021-Q1,51+,True
7dH9TPjTWQ60wOJkmYay8a,US,2021,2021-Q1,51+,True
6tDDoYIxWvMLTdKpjFkc1B,US,2021,2021-Q2,1-10,True
3VT8hOC5vuDXBsHrR53WFh,US,2021,2021-Q2,1-10,True
65OVbaJR5O1RmwOQx0875b,US,2021,2021-Q2,1-10,True
4iJyoBOLtHqaGxP12qzhQI,US,2021,2021-Q2,1-10,True
2JPLbjOn0wPCngEot2STUS,US,2021,2021-Q2,1-10,True
2TOzTqQXNmR2zDJXihjZ2e,US,2021,2021-Q2,1-10,True
4wcBRRpIfesgcyUtis7PEg,US,2021,2021-Q2,1-10,True
5R691ipUYRDYW6ehapjoj6,US,2021,2021-Q2,1-10,True
3DarAbFujv6eYNliUTyqtz,US,2021,2021-Q2,1-10,True
08LwMWf5Tcfsd752EPzFV0,US,2021,2021-Q2,1-10,True
77sMIMlNaSURUAXq5coCxE,US,2021,2021-Q2,11-20,True
4eNOLmx8r2IJAVKvBBL1jv,US,2021,2021-Q2,11-20,True
3YJJjQPAbDT7mGpX3WtQ9A,US,2021,2021-Q2,11-20,True
5zNW5ARjYhJQJz1AChP33n,US,2021,2021-Q2,11-20,True
2etHQJxIbV0soyPhelVs9Y,US,2021,2021-Q2,11-20,True
2xdwCJLfKCkat14mlgR26M,US,2021,2021-Q2,11-20,True
5pcjystBtalYeqaiXCcgEY,US,2021,2021-Q2,11-20,True
02MWAaffLxlfxAUY7c5dvx,US,2021,2021-Q2,11-20,True
6YvqWjhGD8mB5QXcbcUKtx,US,2021,2021-Q2,11-20,True
3aQem4jVGdhtg116TmJnHz,US,2021,2021-Q2,11-20,True
0cu0rhnlCnJ7JIeHRiLpj3,US,2021,2021-Q2,21-50,True
35mvY5S1H3J2QZyna3TFe0,US,2021,2021-Q2,21-50,True
1EJIcDYXwSqipW5dFe4uJz,US,2021,2021-Q2,21-50,True
03ERnTvSV5fy8WAyvA4uNP,US,2021,2021-Q2,21-50,True
4TIqzdAssasqx3DAe6cG9J,US,2021,2021-Q2,21-50,True
4qu63nuBpdn0qHUHuObEj1,US,2021,2021-Q2,21-50,True
6vFsBXYczYsP0H3lgunZOm,US,2021,2021-Q2,21-50,True
5pRTz4O2qOkr5nawemy6Wb,US,2021,2021-Q2,21-50,True
550erGcdD9n6PnwxrvYqZT,US,2021,2021-Q2,21-50,True
2Ox2c1WEJDeQCHTXPE3YKM,US,2021,2021-Q2,21-50,True
1yOL7ZiXGx5ULeLoktAUAg,US,2021,2021-Q2,51+,True
6vQnpXl0KvwTfLpIhoOLHc,US,2021,2021-Q2,51+,True
0hxRyDVC61KlZGS6m2Min4,US,2021,2021-Q2,51+,True
6AGOKlMZWLCaEJGnaROtF9,US,2021,2021-Q2,51+,True
0I1eFRytp4XRhLCjT6tZm7,US,2021,2021-Q2,51+,True
2NnJpRXIlx35Vij3bPZO0h,US,2021,2021-Q2,51+,True
3krZxyBsWEHfEfJegYaWTd,US,2021,2021-Q2,51+,True
3wkKkFAtYSTRwqOydW6T0I,US,2021,2021-Q2,51+,True
1edgaGx2x2AQeWtL2OPEMW,US,2021,2021-Q2,51+,True
2eAZfqOm4EnOF9VvN50Tyc,US,2021,2021-Q2,51+,True
6HU7h9RYOaPRFeh0R3UeAr,US,2021,2021-Q3,1-10,True
6jy9yJfgCsMHdu2Oz4BGKX,US,2021,2021-Q3,1-10,True
0k1WUmIRnG3xU6fvvDVfRG,US,2021,2021-Q3,1-10,True
3DarAbFujv6eYNliUTyqtz,US,2021,2021-Q3,1-10,True
5nujrmhLynf4yMoMtj8AQF,US,2021,2021-Q3,1-10,True
5B0kgjHULYJhAQkK5XsMoC,US,2021,2021-Q3,1-10,True
18vXApRmJSgQ6wG2ll9AOg,US,2021,2021-Q3,1-10,True
5PjdY0CKGZdEuoNab3yDmX,US,2021,2021-Q3,1-10,True
4ZtFanR9U6ndgddUvNcjcG,US,2021,2021-Q3,1-10,True
3Vi5XqYrmQgOYBajMWSvCi,US,2021,2021-Q3,1-10,True
3yaYgjEFkRw3PVjW9mV1TO,US,2021,2021-Q3,11-20,True
3SYLoL8KHxdQPYIkfwmUjN,US,2021,2021-Q3,11-20,True
3JJL91ilRV6fXhKqu0FGXs,US,2021,2021-Q3,11-20,True
4zbr7Cp3UB00FurUovPU03,US,2021,2021-Q3,11-20,True
1JXBNvlDEl2epKSJ9EOgKX,US,2021,2021-Q3,11-20,True
2sXf2JdbB2GlNju00kw9WE,US,2021,2021-Q3,11-20,True
73uxnSsFMeJ15POpd3zgrV,US,2021,2021-Q3,11-20,True
50ceCGZ3oD3U5caQV5bP6f,US,2021,2021-Q3,11-20,True
7zQirOExB0VR8yWUOqYeio,US,2021,2021-Q3,11-20,True
1PDP7mLiAMwhfmgIwzhOm2,US,2021,2021-Q3,11-20,True
6DZz58CbF0AKw5PCKqNKcM,US,2021,2021-Q3,21-50,True
48WidxP9CqyYtk97pwGZ3c,US,2021,2021-Q3,21-50,True
4vsJWPwWPS27gRM4oLjBNO,US,2021,2021-Q3,21-50,True
4wONXG4GqWSscEyZlx300W,US,2021,2021-Q3,21-50,True
3JR2RztQcOjUQGQSybxDIO,US,2021,2021-Q3,21-50,True
34eF4BoV8FPk0uhAAoqU7h,US,2021,2021-Q3,21-50,True
2BITQ360Knh6qNAOqR7Dyq,US,2021,2021-Q3,21-50,True
3FAJ6O0NOHQV8Mc5Ri6ENp,US,2021,2021-Q3,21-50,True
1058fW9H3fZA6QjYCdOBad,US,2021,2021-Q3,21-50,True
08XWh5c0BMyD1nKVxxl91z,US,2021,2021-Q3,21-50,True
19n8izXThARSuQAXrOKNbO,US,2021,2021-Q3,51+,True
0G2zPzWqVjR68iNPmx2TBe,US,2021,2021-Q3,51+,True
4saklk6nie3yiGePpBwUoc,US,2021,2021-Q3,51+,True
3MmvQKMKdN3UhVS3eGzJIW,US,2021,2021-Q3,51+,True
1ZIKpMTRPqhwAoVXWY3tXI,US,2021,2021-Q3,51+,True
0nqhKXDjsyBMvbeWmgijD0,US,2021,2021-Q3,51+,True
7hxHWCCAIIxFLCzvDgnQHX,US,2021,2021-Q3,51+,True
4LYNt6hWctTuZWYiwafuD6,US,2021,2021-Q3,51+,True
7fBv7CLKzipRk6EC6TWHOB,US,2021,2021-Q3,51+,True
72dummgz1gSqm8faekYYQh,US,2021,2021-Q3,51+,True
4OAuvHryIVv4kMDNSLuPt6,US,2021,2021-Q4,1-10,True
6lzc0Al0zfZOIFsFvBS1ki,US,2021,2021-Q4,1-10,True
4KDNRh9Oor80z3XIxdWlui,US,2021,2021-Q4,1-10,True
7qM1BWAsZMTYh4BcYLb0uQ,US,2021,2021-Q4,1-10,True
40iJIUlhi6renaREYGeIDS,US,2021,2021-Q4,1-10,True
5enxwA8aAbwZbf5qCHORXi,US,2021,2021-Q4,1-10,True
2BcMwX1MPV6ZHP4tUT9uq6,US,2021,2021-Q4,1-10,True
3QFInJAm9eyaho5vBzxInN,US,2021,2021-Q4,1-10,True
08F16baYbciTva9P4BvpiI,US,2021,2021-Q4,1-10,True
46IZ0fSY2mpAiktS3KOqds,US,2021,2021-Q4,1-10,True
3S7HNKPakdwNEBFIVTL6dZ,US,2021,2021-Q4,11-20,True
4IQkfUsrwXol38VV3U7t7T,US,2021,2021-Q4,11-20,True
3yII7UwgLF6K5zW3xad3MP,US,2021,2021-Q4,11-20,True
5R4Yrc2j4jw1itr4hKcN26,US,2021,2021-Q4,11-20,True
08SB2OtZkaliju77WYEKxk,US,2021,2021-Q4,11-20,True
496vIKS2INz840xZaKncvR,US,2021,2021-Q4,11-20,True
4RVwu0g32PAqgUiJoXsdF8,US,2021,2021-Q4,11-20,True
4XvcHTUfIlWfyJTRG0aqlo,US,2021,2021-Q4,11-20,True
4CkgMiMqZ5JzW9iYXSTMTL,US,2021,2021-Q4,11-20,True
6Uj1ctrBOjOas8xZXGqKk4,US,2021,2021-Q4,11-20,True
73qMN9bXy7MSPwwGfH3wQr,US,2021,2021-Q4,21-50,True
6pYNq0ZwpPVazKzsqpf0G8,US,2021,2021-Q4,21-50,True
6G2xXQRSZlEzYsUEb3uvuR,US,2021,2021-Q4,21-50,True
7xapw9Oy21WpfEcib2ErSA,US,2021,2021-Q4,21-50,True
2pXpURmn6zC5ZYDMms6fwa,US,2021,2021-Q4,21-50,True
6tjituizSxwSmBB5vtgHZE,US,2021,2021-Q4,21-50,True
5xlS0QkVrSH7ssEbBgBzbM,US,2021,2021-Q4,21-50,True
3PIDciSFdrQxSQSihim3hN,US,2021,2021-Q4,21-50,True
05GsNucq8Bngd9fnd4fRa0,US,2021,2021-Q4,21-50,True
0v36cov6Z6aEV5ZgIlqZMk,US,2021,2021-Q4,21-50,True
7H0ya83CMmgFcOhw0UB6ow,US,2021,2021-Q4,51+,True
0H1zX27yxoDrsrQA1hk5Uq,US,2021,2021-Q4,51+,True
1OjmlSFuzYflWjSMTCyTJv,US,2021,2021-Q4,51+,True
1Qi2wh8fFgDV7tl4Sj3f2K,US,2021,2021-Q4,51+,True
0jNFDcGAXPs5ahngmD5R6n,US,2021,2021-Q4,51+,True
1VLtjHwRWOVJiE5Py7JxoQ,US,2021,2021-Q4,51+,True
22mPEYsHFBwVwjmkwx2cHT,US,2021,2021-Q4,51+,True
42ZrMq4BKsWDrrbMnMRYaK,US,2021,2021-Q4,51+,True
61Emqg95O9zo1GNOcyxq4Y,US,2021,2021-Q4,51+,True
161DnLWsx1i3u1JT05lzqU,US,2021,2021-Q4,51+,True
6HJIZUOiZDE814XMhRGSZN,US,2022,2022-Q1,1-10,True
42Xba467wgGvYrR2EE6s0i,US,2022,2022-Q1,1-10,True
5PjdY0CKGZdEuoNab3yDmX,US,2022,2022-Q1,1-10,True
4SqWKzw0CbA05TGszDgMlc,US,2022,2022-Q1,1-10,True
2Ghp894n1laIf2w98VeAOJ,US,2022,2022-Q1,1-10,True
2SLwbpExuoBDZBpjfefCtV,US,2022,2022-Q1,1-10,True
6Uj1ctrBOjOas8xZXGqKk4,US,2022,2022-Q1,1-10,True
5Z9KJZvQzH6PFmb8SNkxuk,US,2022,2022-Q1,1-10,True
3XOalgusokruzA5ZBA2Qcb,US,2022,2022-Q1,1-10,True
02MWAaffLxlfxAUY7c5dvx,US,2022,2022-Q1,1-10,True
7FlQk2gJ6TBrHHiidvdR2O,US,2022,2022-Q1,11-20,True
50nfwKoDiSYg8zOCREWAm5,US,2022,2022-Q1,11-20,True
3Vi5XqYrmQgOYBajMWSvCi,US,2022,2022-Q1,11-20,True
6LtHYDgYHRCHoKK3snfr2w,US,2022,2022-Q1,11-20,True
3AVXwaOGCEL8cmBecfcsFJ,US,2022,2022-Q1,11-20,True
3DarAbFujv6eYNliUTyqtz,US,2022,2022-Q1,11-20,True
6JIC3hbC28JZKZ8AlAqX8h,US,2022,2022-Q1,11-20,True
0IuVhCflrQPMGRrOyoY5RW,US,2022,2022-Q1,11-20,True
6krYS8KtmNAYyb5uTZiYW4,US,2022,2022-Q1,11-20,True
3XoYqtiWHhsk59frZupImG,US,2022,2022-Q1,11-20,True
7lcI4X8RZxK4zIknJcwpBq,US,2022,2022-Q1,21-50,True
79nEEoEPY2w8EXj9hjn5oc,US,2022,2022-Q1,21-50,True
00Blm7zeNqgYLPtW6zg8cj,US,2022,2022-Q1,21-50,True
4XvcHTUfIlWfyJTRG0aqlo,US,2022,2022-Q1,21-50,True
0N0h5lXc4HOiLgGb9EZi8m,US,2022,2022-Q1,21-50,True
3t4KHjd8uQpJJ2fa0fRIpR,US,2022,2022-Q1,21-50,True
18vXApRmJSgQ6wG2ll9AOg,US,2022,2022-Q1,21-50,True
0sTlGEld0h8kIPZaKDYUf4,US,2022,2022-Q1,21-50,True
2QjOHCTQ1Jl3zawyYOpxh6,US,2022,2022-Q1,21-50,True
7Fege3yv4dvehB3NdRBGwI,US,2022,2022-Q1,21-50,True
0syVTyo71ordJjSd8cuElB,US,2022,2022-Q1,51+,True
09gysnJpfQ3ublBmJDfcEC,US,2022,2022-Q1,51+,True
5x8NgG7Ya18m9wafOvvWYk,US,2022,2022-Q1,51+,True
2lUDBd7JrgAMltcp6dcd7D,US,2022,2022-Q1,51+,True
4tqcoej1zPvwePZCzuAjJd,US,2022,2022-Q1,51+,True
5lAnYvAIkSDNXqfo7DyFUm,US,2022,2022-Q1,51+,True
6HU7h9RYOaPRFeh0R3UeAr,US,2022,2022-Q1,51+,True
3Kkjo3cT83cw09VJyrLNwX,US,2022,2022-Q1,51+,True
0KCSJzsQVxkloxoT7dyrqV,US,2022,2022-Q1,51+,True
7iXF2W9vKmDoGAhlHdpyIa,US,2022,2022-Q1,51+,True
02MWAaffLxlfxAUY7c5dvx,US,2022,2022-Q2,1-10,True
0O6u0VJ46W86TxN9wgyqDj,US,2022,2022-Q2,1-10,True
4xIhSUJantE6BMl3u8dtCJ,US,2022,2022-Q2,1-10,True
1IHWl5LamUGEuP4ozKQSXZ,US,2022,2022-Q2,1-10,True
62Yo3FDddWY8ydu6PW2wyz,US,2022,2022-Q2,1-10,True
6ws54n2IzyrIxxyzlG2bVJ,US,2022,2022-Q2,1-10,True
5CzixCxDkRXX9mScCmah8O,US,2022,2022-Q2,1-10,True
3FSwpQ9dBZBeBV6UdYHI2R,US,2022,2022-Q2,1-10,True
6Sq7ltF9Qa7SNFBsV5Cogx,US,2022,2022-Q2,1-10,True
1HvTxgCj0mTzQlEo0zLvFb,US,2022,2022-Q2,1-10,True
3Qu3Zh4WTKhP9GEXo0aDnb,US,2022,2022-Q2,11-20,True
2tzgSUZOUKopYbRqQOVT8X,US,2022,2022-Q2,11-20,True
2PljnVsnl2PRwCvfhbdQup,US,2022,2022-Q2,11-20,True
59CfNbkERJ3NoTXDvoURjj,US,2022,2022-Q2,11-20,True
0y60itmpH0aPKsFiGxmtnh,US,2022,2022-Q2,11-20,True
2DB4DdfCFMw1iaR6JaR03a,US,2022,2022-Q2,11-20,True
7IaeavdRzXYQWfu2Wt5GlU,US,2022,2022-Q2,11-20,True
5Eax0qFko2dh7Rl2lYs3bx,US,2022,2022-Q2,11-20,True
7sT7kZEYd1MrmzLLIRVZas,US,2022,2022-Q2,11-20,True
1797zYiX4cKosMH836X9Gt,US,2022,2022-Q2,11-20,True
3XOalgusokruzA5ZBA2Qcb,US,2022,2022-Q2,21-50,True
00Blm7zeNqgYLPtW6zg8cj,US,2022,2022-Q2,21-50,True
3cBsEDNhFI9E82vPj3kvi3,US,2022,2022-Q2,21-50,True
1BzXvBpIFWJgu0P8P6xmP4,US,2022,2022-Q2,21-50,True
19Fg3WrTfo35Ji3PtfZE6J,US,2022,2022-Q2,21-50,True
7zvfDihYiJ8RQ1nRcpKBF5,US,2022,2022-Q2,21-50,True
3GbQcjKWT7eVpUfzqwUjxv,US,2022,2022-Q2,21-50,True
0fv2KH6hac06J86hBUTcSf,US,2022,2022-Q2,21-50,True
5PPUw4Xo3Hz6rl4GpBfd3c,US,2022,2022-Q2,21-50,True
6f5ExP43esnvdKPddwKXJH,US,2022,2022-Q2,21-50,True
3w1WjD2zJqjBjDz5fwqQPJ,US,2022,2022-Q2,51+,True
0W6I02J9xcqK8MtSeosEXb,US,2022,2022-Q2,51+,True
7FIWs0pqAYbP91WWM0vlTQ,US,2022,2022-Q2,51+,True
4HiC3ulkTgbEcYYsSuR6PO,US,2022,2022-Q2,51+,True
0De9jFjJ4eRLl7Yww2eBw1,US,2022,2022-Q2,51+,True
5gVCfYmQRPy1QJifP8f5gg,US,2022,2022-Q2,51+,True
0LQtEJt7x0s6knb6RKdRYc,US,2022,2022-Q2,51+,True
7MAibcTli4IisCtbHKrGMh,US,2022,2022-Q2,51+,True
3rmo8F54jFF8OgYsqTxm5d,US,2022,2022-Q2,51+,True
7KXjTSCq5nL1LoYtL7XAwS,US,2022,2022-Q2,51+,True
0O6u0VJ46W86TxN9wgyqDj,US,2022,2022-Q3,1-10,True
5Eax0qFko2dh7Rl2lYs3bx,US,2022,2022-Q3,1-10,True
2yjlYDiNiQkdxVqTlaSrlX,US,2022,2022-Q3,1-10,True
0hquQWY3xvYqN4qtiquniF,US,2022,2022-Q3,1-10,True
5zwwW9Oq7ubSxoCGyW1nbY,US,2022,2022-Q3,1-10,True
1xK59OXxi2TAAAbmZK0kBL,US,2022,2022-Q3,1-10,True
7Ddk8FhoYKdsVoX9AOCPMm,US,2022,2022-Q3,1-10,True
4fYte8ZvTK14NEhAOZocBi,US,2022,2022-Q3,1-10,True
1Hohk6AufHZOrrhMXZppax,US,2022,2022-Q3,1-10,True
1IHWl5LamUGEuP4ozKQSXZ,US,2022,2022-Q3,1-10,True
02MWAaffLxlfxAUY7c5dvx,US,2022,2022-Q3,11-20,True
3k3NWokhRRkEPhCzPmV8TW,US,2022,2022-Q3,11-20,True
2mqTtvbKxH7SoEQ2oGAnsA,US,2022,2022-Q3,11-20,True
0314PeD1sQNonfVWix3B2K,US,2022,2022-Q3,11-20,True
3uJFmluXzYedoJcvhpC1AW,US,2022,2022-Q3,11-20,True
1qEmFfgcLObUfQm0j1W2CK,US,2022,2022-Q3,11-20,True
5odlY52u43F5BjByhxg7wg,US,2022,2022-Q3,11-20,True
3HyR1j49TY5ACP2lseF1jx,US,2022,2022-Q3,11-20,True
0oO1AbL92F6329z13C2qQH,US,2022,2022-Q3,11-20,True
1MpCaOeUWhox2Fgigbe1cL,US,2022,2022-Q3,11-20,True
5ie5OPdaP9fivYaKcjwKF1,US,2022,2022-Q3,21-50,True
6pr7X9UZCDn8CruopaNVha,US,2022,2022-Q3,21-50,True
00imgaPlYRrMGn9o83hfmk,US,2022,2022-Q3,21-50,True
58ge6dfP91o9oXMzq3XkIS,US,2022,2022-Q3,21-50,True
0wXThIDxO3YRJCpPgnmbkw,US,2022,2022-Q3,21-50,True
6ufcuVInt0ocHrUimDjGlb,US,2022,2022-Q3,21-50,True
27ZZdyTSQWI7Cug2d2PkqV,US,2022,2022-Q3,21-50,True
1dm6z1fWB0cErMszU25dy2,US,2022,2022-Q3,21-50,True
7wdwIaXUuzlu1grzWMFRJm,US,2022,2022-Q3,21-50,True
3XgGQ1wjo5khvq2UImjyNF,US,2022,2022-Q3,21-50,True
3Osd3Yf8K73aj4ySn6LrvK,US,2022,2022-Q3,51+,True
6AqwH2Y9FJwhUE2dCSkw1u,US,2022,2022-Q3,51+,True
0WtM2NBVQNNJLh6scP13H8,US,2022,2022-Q3,51+,True
3wGT3OycqbsHFjIKMZ8EEq,US,2022,2022-Q3,51+,True
3SeeaIXnrCfT88vHVCRWHl,US,2022,2022-Q3,51+,True
4pi1G1x8tl9VfdD9bL3maT,US,2022,2022-Q3,51+,True
6f5ExP43esnvdKPddwKXJH,US,2022,2022-Q3,51+,True
44XjoNvtwevktFKjvVe1vH,US,2022,2022-Q3,51+,True
0fv2KH6hac06J86hBUTcSf,US,2022,2022-Q3,51+,True
1mMLMZYXkMueg65jRRWG1l,US,2022,2022-Q3,51+,True
6eT2V7nKXyMf47TwPbtgAD,US,2022,2022-Q4,1-10,True
3eX0NZfLtGzoLUxPNvRfqm,US,2022,2022-Q4,1-10,True
3nqQXoyQOWXiESFLlDF1hG,US,2022,2022-Q4,1-10,True
7l2nxyx7IkBX5orhkALg0V,US,2022,2022-Q4,1-10,True
4fYte8ZvTK14NEhAOZocBi,US,2022,2022-Q4,1-10,True
77khP2fIVhSW23NwxrRluh,US,2022,2022-Q4,1-10,True
0wshkEEcJUQU33RSRBb5dv,US,2022,2022-Q4,1-10,True
2CSRrnOEELmhpq8iaAi9cd,US,2022,2022-Q4,1-10,True
1rv46mRwDqMEhOBZ7vODg3,US,2022,2022-Q4,1-10,True
0vjeOZ3Ft5jvAi9SBFJm1j,US,2022,2022-Q4,1-10,True
4Flfb4fGscN9kXPOduQLrv,US,2022,2022-Q4,11-20,True
410TZrK18uRjtsTunG14cl,US,2022,2022-Q4,11-20,True
3pUa0ZxdSeaJXm0EIydD3F,US,2022,2022-Q4,11-20,True
5BYl3SodS3rGmafWXRWmB7,US,2022,2022-Q4,11-20,True
0sSRLXxknVTQDStgU1NqpY,US,2022,2022-Q4,11-20,True
3EaJDYHA0KnX88JvDhL9oa,US,2022,2022-Q4,11-20,True
6xGruZOHLs39ZbVccQTuPZ,US,2022,2022-Q4,11-20,True
5Eax0qFko2dh7Rl2lYs3bx,US,2022,2022-Q4,11-20,True
7fUYUcWy853HS8YJn0b3Sr,US,2022,2022-Q4,11-20,True
1eIXYZWEfJO3Na2LCCnIJE,US,2022,2022-Q4,11-20,True
6koKhrBBcExADvWuOgceNZ,US,2022,2022-Q4,21-50,True
02MWAaffLxlfxAUY7c5dvx,US,2022,2022-Q4,21-50,True
4fnNBPN9W6AoOYSQS3FJxT,US,2022,2022-Q4,21-50,True
26hOm7dTtBi0TdpDGl141t,US,2022,2022-Q4,21-50,True
1TE8AAk9koG0UJco6ZAUfx,US,2022,2022-Q4,21-50,True
6RJBrG3VHz2hPITjv88chh,US,2022,2022-Q4,21-50,True
1Py8c3dkLF0YczcAyBFBEM,US,2022,2022-Q4,21-50,True
200x8ONbPfFzByUr3fVz46,US,2022,2022-Q4,21-50,True
0rHToGels2lt8Y0mCYoF90,US,2022,2022-Q4,21-50,True
5Y35SjAfXjjG0sFQ3KOxmm,US,2022,2022-Q4,21-50,True
0rKtyWc8bvkriBthvHKY8d,US,2022,2022-Q4,51+,True
4XvcHTUfIlWfyJTRG0aqlo,US,2022,2022-Q4,51+,True
59CfNbkERJ3NoTXDvoURjj,US,2022,2022-Q4,51+,True
1sUdq3kWa9dJXHu3eYOUll,US,2022,2022-Q4,51+,True
4xqrdfXkTW4T0RauPLv3WA,US,2022,2022-Q4,51+,True
7faDzZnZYqTyYThx2sbHVQ,US,2022,2022-Q4,51+,True
5Z9KJZvQzH6PFmb8SNkxuk,US,2022,2022-Q4,51+,True
30VrBsh1STRBoIrhQOAwzK,US,2022,2022-Q4,51+,True
0FqBNLXlTNimxmVRdDMj6b,US,2022,2022-Q4,51+,True
5TxRUOsGeWeRl3xOML59Ai,US,2022,2022-Q4,51+,True
1rXq0uoV4KTgRN64jXzIxo,US,2023,2023-Q1,1-10,True
4P9Q0GojKVXpRTJCaL3kyy,US,2023,2023-Q1,1-10,True
03fs6oV5JAlbytRYf3371S,US,2023,2023-Q1,1-10,True
7K3BhSpAxZBznislvUMVtn,US,2023,2023-Q1,1-10,True
2dHHgzDwk4BJdRwy9uXhTO,US,2023,2023-Q1,1-10,True
1xK59OXxi2TAAAbmZK0kBL,US,2023,2023-Q1,1-10,True
3qQbCzHBycnDpGskqOWY0E,US,2023,2023-Q1,1-10,True
0DWdj2oZMBFSzRsi2Cvfzf,US,2023,2023-Q1,1-10,True
7DSAEUvxU8FajXtRloy8M0,US,2023,2023-Q1,1-10,True
0V3wPSX9ygBnCm8psDIegu,US,2023,2023-Q1,1-10,True
04CqLjewJiSAqM210vZAmT,US,2023,2023-Q1,11-20,True
3WMj8moIAXJhHsyLaqIIHI,US,2023,2023-Q1,11-20,True
2Jw3VjB1xy5KHBqEeAC6VK,US,2023,2023-Q1,11-20,True
0IKeDy5bT9G0bA7ZixRT4A,US,2023,2023-Q1,11-20,True
42TtHTxWk782ZBiqyOi2d1,US,2023,2023-Q1,11-20,True
1Y3LN4zO1Edc2EluIoSPJN,US,2023,2023-Q1,11-20,True
73zawW1ttszLRgT9By826D,US,2023,2023-Q1,11-20,True
2wSTnntOPRi7aQneobFtU4,US,2023,2023-Q1,11-20,True
12cZWGf5ZgLcKubEW9mx5q,US,2023,2023-Q1,11-20,True
1BAU6v0fuAV914qMUEESR1,US,2023,2023-Q1,11-20,True
0QHEIqNKsMoOY5urbzN48u,US,2023,2023-Q1,21-50,True
6HMtHNpW6YPi1hrw9tgF8P,US,2023,2023-Q1,21-50,True
1vcJdUJDM2NVXBsGncmLyh,US,2023,2023-Q1,21-50,True
02MWAaffLxlfxAUY7c5dvx,US,2023,2023-Q1,21-50,True
2mpoNBkngUEwnaKoBhZ0vl,US,2023,2023-Q1,21-50,True
52ChYmfu792MW2Ezv0whpk,US,2023,2023-Q1,21-50,True
1IHWl5LamUGEuP4ozKQSXZ,US,2023,2023-Q1,21-50,True
3Ga7Uele3zN57vQ4F0HPTW,US,2023,2023-Q1,21-50,True
1N8TTK1Uoy7UvQNUazfUt5,US,2023,2023-Q1,21-50,True
5NzfnUyVaNrxa2VtoyBWlR,US,2023,2023-Q1,21-50,True
0IdkFyYIDMhJqz0NL5zCk9,US,2023,2023-Q1,51+,True
6koKhrBBcExADvWuOgceNZ,US,2023,2023-Q1,51+,True
474uVhyGgK5MtY9gMcDgGl,US,2023,2023-Q1,51+,True
5ht9obvnnWeW4eoRtPAoQD,US,2023,2023-Q1,51+,True
2ENexcMEMsYk0rVJigVD3i,US,2023,2023-Q1,51+,True
6JIC3hbC28JZKZ8AlAqX8h,US,2023,2023-Q1,51+,True
789CxjEOtO76BVD1A9yJQH,US,2023,2023-Q1,51+,True
4RvWPyQ5RL0ao9LPZeSouE,US,2023,2023-Q1,51+,True
1TUuhV75FeOF6UObRsABo2,US,2023,2023-Q1,51+,True
6BePGk3eCan4FqaW2X8Qy3,US,2023,2023-Q1,51+,True
7mXuWTczZNxG5EDcjFEuJR,US,2023,2023-Q2,1-10,True
4i6cwNY6oIUU2XZxPIw82Y,US,2023,2023-Q2,1-10,True
741UUVE2kuITl0c6zuqqbO,US,2023,2023-Q2,1-10,True
5AqiaZwhmC6dIbgWrD5SzV,US,2023,2023-Q2,1-10,True
2yzshFeBIwH8tWIqHEFLeD,US,2023,2023-Q2,1-10,True
368eeEO3Y2uZUQ6S5oIjcu,US,2023,2023-Q2,1-10,True
7qLr3HMApUbyDkUvgIvHnB,US,2023,2023-Q2,1-10,True
7DSAEUvxU8FajXtRloy8M0,US,2023,2023-Q2,1-10,True
3xYJScVfxByb61dYHTwiby,US,2023,2023-Q2,1-10,True
0WoVfPjxsf9MTvPt9ptqeE,US,2023,2023-Q2,1-10,True
0vjeOZ3Ft5jvAi9SBFJm1j,US,2023,2023-Q2,11-20,True
3kf0WdFOalKWBkCCLJo4mA,US,2023,2023-Q2,11-20,True
0AAMnNeIc6CdnfNU85GwCH,US,2023,2023-Q2,11-20,True
4FyesJzVpA39hbYvcseO2d,US,2023,2023-Q2,11-20,True
1odExI7RdWc4BT515LTAwj,US,2023,2023-Q2,11-20,True
1bDbXMyjaUIooNwFE9wn0N,US,2023,2023-Q2,11-20,True
3RA55zrRkyPK8Fd86hrMy8,US,2023,2023-Q2,11-20,True
0CrcwVLUe8wzLUIXgjXVZJ,US,2023,2023-Q2,11-20,True
6unndO70DvZfnXYcYQMyQJ,US,2023,2023-Q2,11-20,True
0Ymjv0OJeIIPXr6s9wi3iW,US,2023,2023-Q2,11-20,True
52ChYmfu792MW2Ezv0whpk,US,2023,2023-Q2,21-50,True
2L9N0zZnd37dwF0clgxMGI,US,2023,2023-Q2,21-50,True
4muwDurKeVOB1WBjTVRWlD,US,2023,2023-Q2,21-50,True
4P9Q0GojKVXpRTJCaL3kyy,US,2023,2023-Q2,21-50,True
3B0swL7Qil9bB7eKzBREBK,US,2023,2023-Q2,21-50,True
5wG3HvLhF6Y5KTGlK0IW3J,US,2023,2023-Q2,21-50,True
3ZEno9fORwMA1HPecdLi0R,US,2023,2023-Q2,21-50,True
1xK59OXxi2TAAAbmZK0kBL,US,2023,2023-Q2,21-50,True
1haJsMtoBhHfvuM7XWuT3W,US,2023,2023-Q2,21-50,True
3F5CgOj3wFlRv51JsHbxhe,US,2023,2023-Q2,21-50,True
58k32my5lKofeZRtIvBDg9,US,2023,2023-Q2,51+,True
3eX0NZfLtGzoLUxPNvRfqm,US,2023,2023-Q2,51+,True
3v3gyQkwRQGwDUZ7V2q2lF,US,2023,2023-Q2,51+,True
6DLbBlGIOjjEj0dNN25zhZ,US,2023,2023-Q2,51+,True
1h0rVgfuKa6V9DkVSLAc4Q,US,2023,2023-Q2,51+,True
7kOletJ0Q5H4MWe7cfeZXP,US,2023,2023-Q2,51+,True
40iJIUlhi6renaREYGeIDS,US,2023,2023-Q2,51+,True
3X6qK1LdMkSOhklwRa2ZfG,US,2023,2023-Q2,51+,True
30bqVoKjX479ab90a8Pafp,US,2023,2023-Q2,51+,True
2dSKFFNoNXKo3hPnlwUdPe,US,2023,2023-Q2,51+,True
6wsqVwoiVH2kde4k4KKAFU,US,2023,2023-Q3,1-10,True
4daEMLSZCgZ2Mt7gNm2SRa,US,2023,2023-Q3,1-10,True
4kjI1gwQZRKNDkw1nI475M,US,2023,2023-Q3,1-10,True
6wf7Yu7cxBSPrRlWeSeK0Q,US,2023,2023-Q3,1-10,True
67nepsnrcZkowTxMWigSbb,US,2023,2023-Q3,1-10,True
78Du4CMFgnhdlG33gblkiP,US,2023,2023-Q3,1-10,True
0lodMO0qK83vfPiiD7FMEt,US,2023,2023-Q3,1-10,True
34sOdxWu9FljH84UXdRwu1,US,2023,2023-Q3,1-10,True
1kuGVB7EU95pJObxwvfwKS,US,2023,2023-Q3,1-10,True
0hL9gOw6XBWsygEUcVjxEc,US,2023,2023-Q3,1-10,True
7C1BLYzAvR0KdBpov3GpUZ,US,2023,2023-Q3,11-20,True
4e3ZNTAV6PCrdYMUrUlMpQ,US,2023,2023-Q3,11-20,True
4iZ4pt7kvcaH6Yo8UoZ4s2,US,2023,2023-Q3,11-20,True
6dTA6y0C2ReQklntzZl8l3,US,2023,2023-Q3,11-20,True
6T7FXSuXykeGktMLGp8WgE,US,2023,2023-Q3,11-20,True
7eOuUmpnHBlg5zsm8Cs7c3,US,2023,2023-Q3,11-20,True
0zo975x58DlXbZllWvfYhg,US,2023,2023-Q3,11-20,True
2yzshFeBIwH8tWIqHEFLeD,US,2023,2023-Q3,11-20,True
22VHOlVYBqytsrAqV8yXBK,US,2023,2023-Q3,11-20,True
0bkV1iQHSxBaksUqgEkcbc,US,2023,2023-Q3,11-20,True
3a36nM6fPVA8K1vqq6d03o,US,2023,2023-Q3,21-50,True
02wk5BttM0QL38ERjLPQJB,US,2023,2023-Q3,21-50,True
3hUxzQpSfdDqwM3ZTFQY0K,US,2023,2023-Q3,21-50,True
12nBPF4Rh4XLFJV0YLN7uj,US,2023,2023-Q3,21-50,True
0gWrMbx6pbdH3n3nsLjE55,US,2023,2023-Q3,21-50,True
7sliFe6W30tPBPh6dvZsIH,US,2023,2023-Q3,21-50,True
3BHFResGQiUvbYToUdaDQz,US,2023,2023-Q3,21-50,True
0V3wPSX9ygBnCm8psDIegu,US,2023,2023-Q3,21-50,True
4YQImHflXSiIMXntcwPkx8,US,2023,2023-Q3,21-50,True
6rdkCkjk6D12xRpdMXy0I2,US,2023,2023-Q3,21-50,True
0fCwTrRNfoNk962ati8n2K,US,2023,2023-Q3,51+,True
0FA4wrjDJvJTTU8AepZTup,US,2023,2023-Q3,51+,True
4qtxILwBcAHEHbG7R0xF4r,US,2023,2023-Q3,51+,True
6kQF79mjbOkvuRvg0J2XZv,US,2023,2023-Q3,51+,True
7rzNKooM3JrKVT40fR22HI,US,2023,2023-Q3,51+,True
6WzRpISELf3YglGAh7TXcG,US,2023,2023-Q3,51+,True
6HU7h9RYOaPRFeh0R3UeAr,US,2023,2023-Q3,51+,True
4obHzpwGrjoTuZh2DItEMZ,US,2023,2023-Q3,51+,True
0JXXNGljqupsJaZsgSbMZV,US,2023,2023-Q3,51+,True
3fqwjXwUGN6vbzIwvyFMhx,US,2023,2023-Q3,51+,True
4ZT0wGKwlJRjpMUuwZVy3p,US,2023,2023-Q4,1-10,True
2nibvvDdAQkVraYP00z2RS,US,2023,2023-Q4,1-10,True
1kuGVB7EU95pJObxwvfwKS,US,2023,2023-Q4,1-10,True
4rXLjWdF2ZZpXCVTfWcshS,US,2023,2023-Q4,1-10,True
1Iq8oo9XkmmvCQiGOfORiz,US,2023,2023-Q4,1-10,True
7fUYUcWy853HS8YJn0b3Sr,US,2023,2023-Q4,1-10,True
3nNmRE0DxHC6ZaKkrpUumS,US,2023,2023-Q4,1-10,True
56y1jOTK0XSvJzVv9vHQBK,US,2023,2023-Q4,1-10,True
5KD6AEm19QnMbfWpfoOHMl,US,2023,2023-Q4,1-10,True
1hR8BSuEqPCCZfv93zzzz9,US,2023,2023-Q4,1-10,True
4OMJGnvZfDvsePyCwRGO7X,US,2023,2023-Q4,11-20,True
2ve0kuaWUCt4Zx8x4bf1MR,US,2023,2023-Q4,11-20,True
2ByBBvpR9b7IynvRmnG7kG,US,2023,2023-Q4,11-20,True
4PS1e8f2LvuTFgUs1Cn3ON,US,2023,2023-Q4,11-20,True
1ODFVLQszq0hCOdZtqV5wq,US,2023,2023-Q4,11-20,True
7mXuWTczZNxG5EDcjFEuJR,US,2023,2023-Q4,11-20,True
3pv7Q5v2dpdefwdWIvE7yH,US,2023,2023-Q4,11-20,True
75W3SngKzTuoQ94uLf3y82,US,2023,2023-Q4,11-20,True
4so0Wek9Ig1p6CRCHuINwW,US,2023,2023-Q4,11-20,True
1yeB8MUNeLo9Ek1UEpsyz6,US,2023,2023-Q4,11-20,True
6uIIdjYTxxpWOyWuVXrKQO,US,2023,2023-Q4,21-50,True
01ppKlDRCmPpusO3yNrSRY,US,2023,2023-Q4,21-50,True
4UwqOWDpdeIDVQDuKT6iza,US,2023,2023-Q4,21-50,True
1a73gcEg6h6Re6hHXoVltJ,US,2023,2023-Q4,21-50,True
17cia5k4BpGVlyEfqrFH50,US,2023,2023-Q4,21-50,True
6dBUzqjtbnIa1TwYbyw5CM,US,2023,2023-Q4,21-50,True
0xxZY5C9xxij3D1HkzbnfC,US,2023,2023-Q4,21-50,True
1SV1fxF65n9NhRHp3KlBuu,US,2023,2023-Q4,21-50,True
0PAcdVzhPO4gq1Iym9ESnK,US,2023,2023-Q4,21-50,True
5W4kiM2cUYBJXKRudNyxjW,US,2023,2023-Q4,21-50,True
5CscrLqFBgPfZR8fGtikov,US,2023,2023-Q4,51+,True
3kfhS2L56Wj8fBcu7xE47H,US,2023,2023-Q4,51+,True
38R5sydMbsBzSPGPMfmtpb,US,2023,2023-Q4,51+,True
0hvN2v6fAcB6xWyW7UaooA,US,2023,2023-Q4,51+,True
0Ie5uiv54KgCr7P4sYDTHl,US,2023,2023-Q4,51+,True
4HeViKsdSOLkOvwfcRVkK8,US,2023,2023-Q4,51+,True
7fveJ3pk1eSfxBdVkzdXZ0,US,2023,2023-Q4,51+,True
1SjsVdSXpwm1kTdYEHoPIT,US,2023,2023-Q4,51+,True
5P8Xvy5tzhmfyfA6GplQ8h,US,2023,2023-Q4,51+,True
41onDks2UPbyjer5fMeUWf,US,2023,2023-Q4,51+,True
7gaA3wERFkFkgivjwbSvkG,US,2024,2024-Q1,1-10,True
4iZ4pt7kvcaH6Yo8UoZ4s2,US,2024,2024-Q1,1-10,True
3RwWW7KeVhHGayYJgUL5eZ,US,2024,2024-Q1,1-10,True
5tEaVciE2GnR28aN6W9cLS,US,2024,2024-Q1,1-10,True
28drn6tQo95MRvO0jQEo5C,US,2024,2024-Q1,1-10,True
2tudvzsrR56uom6smgOcSf,US,2024,2024-Q1,1-10,True
5PyDJG7SQRgWXefgexqIge,US,2024,2024-Q1,1-10,True
0Lmbke3KNVFXtoH2mMSHCw,US,2024,2024-Q1,1-10,True
79AHPJd8upvNxyK2qQcY8J,US,2024,2024-Q1,1-10,True
3w0w2T288dec0mgeZZqoNN,US,2024,2024-Q1,1-10,True
7KA4W4McWYRpgf0fWsJZWB,US,2024,2024-Q1,11-20,True
347AQK5Lyhn6RvB8tBGYxt,US,2024,2024-Q1,11-20,True
6rjuKpPydT2SxN15TZpV7r,US,2024,2024-Q1,11-20,True
42VsgItocQwOQC3XWZ8JNA,US,2024,2024-Q1,11-20,True
1udwFobQ1JoOdWPQrp2b6u,US,2024,2024-Q1,11-20,True
1yeB8MUNeLo9Ek1UEpsyz6,US,2024,2024-Q1,11-20,True
7aqfrAY2p9BUSiupwk3svU,US,2024,2024-Q1,11-20,True
6tNgRQ0K2NYZ0Rb9l9DzL8,US,2024,2024-Q1,11-20,True
2YSzYUF3jWqb9YP9VXmpjE,US,2024,2024-Q1,11-20,True
04CyMEHliadfQWMUJb1w99,US,2024,2024-Q1,11-20,True
7pBcryEKcUEaWHwAu1wUyP,US,2024,2024-Q1,21-50,True
7CyPwkp0oE8Ro9Dd5CUDjW,US,2024,2024-Q1,21-50,True
003vvx7Niy0yvhvHt4a68B,US,2024,2024-Q1,21-50,True
5W4kiM2cUYBJXKRudNyxjW,US,2024,2024-Q1,21-50,True
17cia5k4BpGVlyEfqrFH50,US,2024,2024-Q1,21-50,True
4q7y1JFDBJSBSLqXVgcI51,US,2024,2024-Q1,21-50,True
2y4ZR0BUAVePljHSsZyIgj,US,2024,2024-Q1,21-50,True
2K7sv1mno9PvbXVBpqvSKn,US,2024,2024-Q1,21-50,True
3xKsf9qdS1CyvXSMEid6g8,US,2024,2024-Q1,21-50,True
7hVb3OyFkgxDgpTdrOX6dT,US,2024,2024-Q1,21-50,True
0caJ2wkqp4UmXBwdR2JvB5,US,2024,2024-Q1,51+,True
086myS9r57YsLbJpU0TgK9,US,2024,2024-Q1,51+,True
4yreExU3eRNTe2iJz6X6k3,US,2024,2024-Q1,51+,True
72qABvaqn3TP6drO2tByA6,US,2024,2024-Q1,51+,True
6XjDF6nds4DE2BBbagZol6,US,2024,2024-Q1,51+,True
5TXDeTFVRVY7Cvt0Dw4vWW,US,2024,2024-Q1,51+,True
6FBzhcfgGacfXF3AmtfEaX,US,2024,2024-Q1,51+,True
43SoxERu5UlXAgt4Es1VQU,US,2024,2024-Q1,51+,True
0JmnkIqdlnUzPaf8sqBRs3,US,2024,2024-Q1,51+,True
3CWq0pAKKTWb0K4yiglDc4,US,2024,2024-Q1,51+,True
77DRzu7ERs0TX3roZcre7Q,US,2024,2024-Q2,1-10,True
3xkHsmpQCBMytMJNiDf3Ii,US,2024,2024-Q2,1-10,True
3NMrVbIVWT3fPXBj0rNDKG,US,2024,2024-Q2,1-10,True
5ZLL6wYXeqg0k35ZkDRfhZ,US,2024,2024-Q2,1-10,True
2XXwLdtuAcE0HSCu61ijAb,US,2024,2024-Q2,1-10,True
2tHwzyyOLoWSFqYNjeVMzj,US,2024,2024-Q2,1-10,True
5IZXB5IKAD2qlvTPJYDCFB,US,2024,2024-Q2,1-10,True
19XpFsce28aByvCC4g89tJ,US,2024,2024-Q2,1-10,True
6zuPQl2RVqQ4y5nAH61CFC,US,2024,2024-Q2,1-10,True
3Vevii7qKqrmW8CcyzBHDl,US,2024,2024-Q2,1-10,True
3eh51r6rFWAlGQRlHx9QnQ,US,2024,2024-Q2,11-20,True
4xdBrk0nFZaP54vvZj0yx7,US,2024,2024-Q2,11-20,True
6fPan2saHdFaIHuTSatORv,US,2024,2024-Q2,11-20,True
6Y4rniIxibegzsg8cdWAWV,US,2024,2024-Q2,11-20,True
1yfKakY4rvI17lk20ekuRA,US,2024,2024-Q2,11-20,True
6TGd66r0nlPaYm3KIoI7ET,US,2024,2024-Q2,11-20,True
57wp7VFnV8X0pSVnYArGeJ,US,2024,2024-Q2,11-20,True
2prqm9sPLj10B4Wg0wE5x9,US,2024,2024-Q2,11-20,True
7iabz12vAuVQYyekFIWJxD,US,2024,2024-Q2,11-20,True
2UDARQiksl207HcSduDpov,US,2024,2024-Q2,11-20,True
0W0iAC1VGlB82PI6elxFYf,US,2024,2024-Q2,21-50,True
76OC0zMt7wqgys9BpPfLag,US,2024,2024-Q2,21-50,True
27a8HLPwti6tmgQ6FR8aVI,US,2024,2024-Q2,21-50,True
0K9tfzrxJyCQIf7oAlPwaK,US,2024,2024-Q2,21-50,True
3NtCIBBz5pEAVGeHL4h5mS,US,2024,2024-Q2,21-50,True
5Bedn0svl0ZD7RGmJkmKKw,US,2024,2024-Q2,21-50,True
1ACA277B6f46DYCgZW8di3,US,2024,2024-Q2,21-50,True
3evCfqmaP5ZFbWMeFI0E21,US,2024,2024-Q2,21-50,True
1FhgmMvNlh3nJ1Ldc2eE6H,US,2024,2024-Q2,21-50,True
5wbg8kepMFoMzHOEuxiI0q,US,2024,2024-Q2,21-50,True
1QvDl9tBq6PsMVE7Bf2ZOV,US,2024,2024-Q2,51+,True
0JcD5qI9SxWqdEWmRjUX9X,US,2024,2024-Q2,51+,True
5rb9QrpfcKFHM1EUbSIurX,US,2024,2024-Q2,51+,True
2o1pb13quMReXZqE7jWsgq,US,2024,2024-Q2,51+,True
56y1jOTK0XSvJzVv9vHQBK,US,2024,2024-Q2,51+,True
7yNf9YjeO5JXUE3JEBgnYc,US,2024,2024-Q2,51+,True
6LAicOLiCrHw0bmaLBDbC8,US,2024,2024-Q2,51+,True
3cmdqMDc0Fj4TgPeyDOYTM,US,2024,2024-Q2,51+,True
0Lmbke3KNVFXtoH2mMSHCw,US,2024,2024-Q2,51+,True
7b6sWLSnbZhSIeqNGrJ4py,US,2024,2024-Q2,51+,True
4xdBrk0nFZaP54vvZj0yx7,US,2024,2024-Q3,1-10,True
5IZXB5IKAD2qlvTPJYDCFB,US,2024,2024-Q3,1-10,True
0IsIY8pfu1yaGkPUD7pkDx,US,2024,2024-Q3,1-10,True
5iJKGpnFfvbjZJeAtwXfCj,US,2024,2024-Q3,1-10,True
2HRqTpkrJO5ggZyyK6NPWz,US,2024,2024-Q3,1-10,True
2tHwzyyOLoWSFqYNjeVMzj,US,2024,2024-Q3,1-10,True
19XpFsce28aByvCC4g89tJ,US,2024,2024-Q3,1-10,True
102YUQbYmwdBXS7jwamI90,US,2024,2024-Q3,1-10,True
7Fzl7QaTu47WyP9R5S5mh5,US,2024,2024-Q3,1-10,True
1UHS8Rf6h5Ar3CDWRd3wjF,US,2024,2024-Q3,1-10,True
7fveJ3pk1eSfxBdVkzdXZ0,US,2024,2024-Q3,11-20,True
5VhvD0AKRprEaFtPNKGBQR,US,2024,2024-Q3,11-20,True
4KULAymBBJcPRpk1yO4dOG,US,2024,2024-Q3,11-20,True
6StwwqB84sJeLr7tZDTxEX,US,2024,2024-Q3,11-20,True
24XihnoVPWXlKJ4BgXqjVM,US,2024,2024-Q3,11-20,True
2CIXO1jQbrV1hlfI7FUKld,US,2024,2024-Q3,11-20,True
6GG4yyk3UATdBfTHVgI8PB,US,2024,2024-Q3,11-20,True
0OA00aPt3BV10qeMIs3meW,US,2024,2024-Q3,11-20,True
7I3RalBqE7ZE0RSxgGlGlm,US,2024,2024-Q3,11-20,True
4ZJ4vzLQekI0WntDbanNC7,US,2024,2024-Q3,11-20,True
09LrGvT9KsACH66RHYMDyR,US,2024,2024-Q3,21-50,True
0lJNSfWnwJMIh94Dv9jQUt,US,2024,2024-Q3,21-50,True
59151GHN7yr5g9B3bqlGdR,US,2024,2024-Q3,21-50,True
3XbIhTYl6a0uXPyO43eiXa,US,2024,2024-Q3,21-50,True
21LCotDEwR7R8qOnqPVzi9,US,2024,2024-Q3,21-50,True
6me7F0aaZjwDo6RJ5MrfBD,US,2024,2024-Q3,21-50,True
3uC4r2daXertBxxc8BpbbN,US,2024,2024-Q3,21-50,True
5b3XJ1pjrHO5JtY2PcTjnI,US,2024,2024-Q3,21-50,True
1vj47xD8v9wIhQrmQY2Dkv,US,2024,2024-Q3,21-50,True
4q5YezDOIPcoLr8R81x9qy,US,2024,2024-Q3,21-50,True
5lKFO0PrOC9jmOlPEdjHsL,US,2024,2024-Q3,51+,True
0DM63CJEklNPKu6kHGyuEl,US,2024,2024-Q3,51+,True
2aPTvyE09vUCRwVvj0I8WK,US,2024,2024-Q3,51+,True
6IPwKM3fUUzlElbvKw2sKl,US,2024,2024-Q3,51+,True
3hRV0jL3vUpRrcy398teAU,US,2024,2024-Q3,51+,True
5giwUhMFuodJcRhA8tlLSQ,US,2024,2024-Q3,51+,True
69phA1R4gmQsBFRQ3INW8C,US,2024,2024-Q3,51+,True
4xhsWYTOGcal8zt0J161CU,US,2024,2024-Q3,51+,True
0HEytGQM3bG1vKxER7IgVK,US,2024,2024-Q3,51+,True
11bJ1ws3dathgY9uzADUhL,US,2024,2024-Q3,51+,True
7ne4VBA60CxGM75vw0EYad,US,2024,2024-Q4,1-10,True
3nAp4IvdMPPWEH9uuXFFV5,US,2024,2024-Q4,1-10,True
2EjXfH91m7f8HiJN1yQg97,US,2024,2024-Q4,1-10,True
5S8VwnB4sLi6W0lYTWYylu,US,2024,2024-Q4,1-10,True
1QoyuMHNBe7lg3YW4Qtll4,US,2024,2024-Q4,1-10,True
1UHS8Rf6h5Ar3CDWRd3wjF,US,2024,2024-Q4,1-10,True
5RePVWy39tLpHH0WwXgBsK,US,2024,2024-Q4,1-10,True
0FIDCNYYjNvPVimz5icugS,US,2024,2024-Q4,1-10,True
7hR22TOX3RorxJPcsz5Wbo,US,2024,2024-Q4,1-10,True
2FRnf9qhLbvw8fu4IBXx78,US,2024,2024-Q4,1-10,True
4BSR9I4ExlCJdXJo2GpBD5,US,2024,2024-Q4,11-20,True
3QiAAp20rPC3dcAtKtMaqQ,US,2024,2024-Q4,11-20,True
0wgOhYnqZKjOHr6bmdz0aN,US,2024,2024-Q4,11-20,True
2pnPe4pJtq7689i5ydzvJJ,US,2024,2024-Q4,11-20,True
4xdBrk0nFZaP54vvZj0yx7,US,2024,2024-Q4,11-20,True
3aZptNYC6Z1YoumeqZcDcQ,US,2024,2024-Q4,11-20,True
102YUQbYmwdBXS7jwamI90,US,2024,2024-Q4,11-20,True
3qCeq0rWK67SoBDgFd2sId,US,2024,2024-Q4,11-20,True
2Uts1QFB4u2YNIMiqcb4de,US,2024,2024-Q4,11-20,True
1SGvjfc85yzqKXsfKcCxn2,US,2024,2024-Q4,11-20,True
0pvZCv4JOS5WBu7JITYef6,US,2024,2024-Q4,21-50,True
3siwsiaEoU4Kuuc9WKMUy5,US,2024,2024-Q4,21-50,True
1XBYiRV30ykHw5f4wm6qEn,US,2024,2024-Q4,21-50,True
04vLj9QUXoKdRlsp3gkURo,US,2024,2024-Q4,21-50,True
4ZJ4vzLQekI0WntDbanNC7,US,2024,2024-Q4,21-50,True
4nVBt6MZDDP6tRVdQTgxJg,US,2024,2024-Q4,21-50,True
6thXB4RmajS4oZPNiBAKy0,US,2024,2024-Q4,21-50,True
5QMrH5nszZZR3nefIj6Mar,US,2024,2024-Q4,21-50,True
51rfRCiUSvxXlCSCfIztBy,US,2024,2024-Q4,21-50,True
3QIoEi8Enr9uHffwInGIsC,US,2024,2024-Q4,21-50,True
7EBy2V93Ykyvfc5CMApTGc,US,2024,2024-Q4,51+,True
0OWhKvvsHptt6vnnNUSM9a,US,2024,2024-Q4,51+,True
1WIZiOuNO3woKfdlSK2gNn,US,2024,2024-Q4,51+,True
1aXV8GrmQLvgoFtBPERP7E,US,2024,2024-Q4,51+,True
0hz5PNF2wejwUKCMpesQWt,US,2024,2024-Q4,51+,True
1g7pFO1WtclKCuIQiS8sNM,US,2024,2024-Q4,51+,True
2OzhQlSqBEmt7hmkYxfT6m,US,2024,2024-Q4,51+,True
4YLizxRQsTqqnvzzYq2VaE,US,2024,2024-Q4,51+,True
5xDrO9DEDJGUQGfyoHvgDJ,US,2024,2024-Q4,51+,True
1G391cbiT3v3Cywg8T7DM1,US,2024,2024-Q4,51+,True
2plbrEY59IikOBgBGLjaoe,US,2025,2025-Q1,1-10,True
5xHgo5JN0wfsV41HnRaos5,US,2025,2025-Q1,1-10,True
0FIDCNYYjNvPVimz5icugS,US,2025,2025-Q1,1-10,True
7EW7Yivb93qKAtp5qEm5of,US,2025,2025-Q1,1-10,True
3MJ6lFNV12FSHAOzTzkwxz,US,2025,2025-Q1,1-10,True
3AWDeHLc88XogCaCnZQLVI,US,2025,2025-Q1,1-10,True
3tFed7YsjGnIfxeLEQwx3R,US,2025,2025-Q1,1-10,True
0aB0v4027ukVziUGwVGYpG,US,2025,2025-Q1,1-10,True
7AeM1BGYM7emrqmQn1PuWv,US,2025,2025-Q1,1-10,True
21IYMdzTrzSe191Cy5eMap,US,2025,2025-Q1,1-10,True
00iLTetTLAeImmBlh6jOJh,US,2025,2025-Q1,11-20,True
2lTm559tuIvatlT1u0JYG2,US,2025,2025-Q1,11-20,True
4u43I0LP2Xf85OAS85eG0R,US,2025,2025-Q1,11-20,True
0NUqi0ps17YpLUC3kgsZq0,US,2025,2025-Q1,11-20,True
3aSWXU6owkZeVhh94XxEWO,US,2025,2025-Q1,11-20,True
5nk6BxN9bM5rLNkA3pMOzn,US,2025,2025-Q1,11-20,True
0rNgWFQJtfttOYIHfDOHCg,US,2025,2025-Q1,11-20,True
5Nz7hI3cCOHmMR4vSLJ1An,US,2025,2025-Q1,11-20,True
5WEF0icHWmAZBBMglBd599,US,2025,2025-Q1,11-20,True
6jbYpRPTEFl1HFKHk1IC0m,US,2025,2025-Q1,11-20,True
0stJVUUSrbEwyFHOp2dRu0,US,2025,2025-Q1,21-50,True
79x7xtoCLpf6l32Zz6mWo4,US,2025,2025-Q1,21-50,True
2Uts1QFB4u2YNIMiqcb4de,US,2025,2025-Q1,21-50,True
0DA8aZZvG73AijDYT00ki1,US,2025,2025-Q1,21-50,True
3FjK86616FbluOfTxNK2gY,US,2025,2025-Q1,21-50,True
7xAvtuHf8nGi5OtXVPYgb3,US,2025,2025-Q1,21-50,True
1pzN8bCzy017iK3vWzkk6Z,US,2025,2025-Q1,21-50,True
3siwsiaEoU4Kuuc9WKMUy5,US,2025,2025-Q1,21-50,True
21aDVa64pWR8SYQ7wBRMkd,US,2025,2025-Q1,21-50,True
63Pi2NAx5yCgeLhCTOrEou,US,2025,2025-Q1,21-50,True
1DpC4L3JjsGRW7y6eTHaMj,US,2025,2025-Q1,51+,True
5RKQ5NdjSh2QzD4MaunT91,US,2025,2025-Q1,51+,True
6jp9WjJtKF0Fgks0Y9Kkni,US,2025,2025-Q1,51+,True
5TXDeTFVRVY7Cvt0Dw4vWW,US,2025,2025-Q1,51+,True
6LxSe8YmdPxy095Ux6znaQ,US,2025,2025-Q1,51+,True
7zFXmv6vqI4qOt4yGf3jYZ,US,2025,2025-Q1,51+,True
53WWD2BBC6Jcip8wy5CniE,US,2025,2025-Q1,51+,True
4GqhG9rDuRUoNyDSMJ0Brq,US,2025,2025-Q1,51+,True
0OpC8hRrbsh24taKOsQBEX,US,2025,2025-Q1,51+,True
5IoPnNiYAOvHHJpz13wzRL,US,2025,2025-Q1,51+,True
04emojnbYkrRmv5qtJcgVP,US,2025,2025-Q2,1-10,True
1lfO0bqThTLimzHsvk3LrN,US,2025,2025-Q2,1-10,True
3LPLRNr58Z9Pn0clnEtkXb,US,2025,2025-Q2,1-10,True
0TFTAtCYhp2tQ9KcJIZb55,US,2025,2025-Q2,1-10,True
2jNyiavSywmA472t2m6ZBz,US,2025,2025-Q2,1-10,True
7EW7Yivb93qKAtp5qEm5of,US,2025,2025-Q2,1-10,True
1BDLD4c07q0bmq2VCRsXoE,US,2025,2025-Q2,1-10,True
5z0LSDpPpGwc2ZyJHpsE3J,US,2025,2025-Q2,1-10,True
7AeM1BGYM7emrqmQn1PuWv,US,2025,2025-Q2,1-10,True
7qjZnBKE73H4Oxkopwulqe,US,2025,2025-Q2,1-10,True
6wZOZ0votPhc8qdg4UFPtH,US,2025,2025-Q2,11-20,True
6TUf119oQrkteMSKTE1SOf,US,2025,2025-Q2,11-20,True
0GnNHCDj2WOJl70UUcvAEP,US,2025,2025-Q2,11-20,True
68qeaZhtMZ6abrJCYt6nQn,US,2025,2025-Q2,11-20,True
3siwsiaEoU4Kuuc9WKMUy5,US,2025,2025-Q2,11-20,True
21IYMdzTrzSe191Cy5eMap,US,2025,2025-Q2,11-20,True
0YsIYFRoxkmEvbKCwTp0Tg,US,2025,2025-Q2,11-20,True
7hR22TOX3RorxJPcsz5Wbo,US,2025,2025-Q2,11-20,True
2qPQcfUgizNDOIv1orkTAd,US,2025,2025-Q2,11-20,True
6393yGahSJ9slVdOwSxOVR,US,2025,2025-Q2,11-20,True
4Km9FSF9iaQiTLnFPdbPom,US,2025,2025-Q2,21-50,True
6jbYpRPTEFl1HFKHk1IC0m,US,2025,2025-Q2,21-50,True
4KULAymBBJcPRpk1yO4dOG,US,2025,2025-Q2,21-50,True
7igCS2ZsfV7bvxuhF4XgiQ,US,2025,2025-Q2,21-50,True
4HWDNZ1i6gyzu9tUbNhC2C,US,2025,2025-Q2,21-50,True
5xHgo5JN0wfsV41HnRaos5,US,2025,2025-Q2,21-50,True
2JPctdUgvkQSpnUdfROxvY,US,2025,2025-Q2,21-50,True
3t6gUcGYLrUuqwpXjOFWQc,US,2025,2025-Q2,21-50,True
0nj9Bq5sHDiTxSHunhgkFb,US,2025,2025-Q2,21-50,True
4IixOTCzviJgIigKleiVbo,US,2025,2025-Q2,21-50,True
5RKQ5NdjSh2QzD4MaunT91,US,2025,2025-Q2,51+,True
3MJ6lFNV12FSHAOzTzkwxz,US,2025,2025-Q2,51+,True
7y9iMe8SOB6z3NoHE2OfXl,US,2025,2025-Q2,51+,True
7zFXmv6vqI4qOt4yGf3jYZ,US,2025,2025-Q2,51+,True
0T1tCsZ2qPRf6fwphjlNPM,US,2025,2025-Q2,51+,True
3anaHXs7z8NwLUatPxqJlE,US,2025,2025-Q2,51+,True
5uhxL7UwvTMV6FSCTpKcjc,US,2025,2025-Q2,51+,True
7aURTqVzpZxkJfboCvGc69,US,2025,2025-Q2,51+,True
2ZWlPOoWh0626oTaHrnl2a,US,2025,2025-Q2,51+,True
56BtPjjWiRc0ch7DH8DNu9,US,2025,2025-Q2,51+,True
1qbmS6ep2hbBRaEZFpn7BX,US,2025,2025-Q3,1-10,True
4sLvxpKLvagQ4lZHUpymza,US,2025,2025-Q3,1-10,True
01p5urrGw5fuFCcfT7PBgc,US,2025,2025-Q3,1-10,True
72PVbRKkUimweUPV0nKAPs,US,2025,2025-Q3,1-10,True
2SsY5k7UWFqgye3PUMG3Oq,US,2025,2025-Q3,1-10,True
1qyw5wSUkEvH8DtaCdx7Lg,US,2025,2025-Q3,1-10,True
3RXUgPNIbUgFxsDWuBQEt6,US,2025,2025-Q3,1-10,True
02sy7FAs8dkDNYsHp4Ul3f,US,2025,2025-Q3,1-10,True
6xV7Be6XEvkSnighmh2Tzj,US,2025,2025-Q3,1-10,True
0je57Uq5eTk1wrPzn9sWbl,US,2025,2025-Q3,1-10,True
0LutvoC2HqCfnaRSjrhtzo,US,2025,2025-Q3,11-20,True
0M7mWKqwTIaVjYyxfZmtTa,US,2025,2025-Q3,11-20,True
3WgFhZfyk5nb6v7hkwPmD4,US,2025,2025-Q3,11-20,True
21IVPfi81m6ywNgOvqTj1i,US,2025,2025-Q3,11-20,True
1j8TmNa6vaFAEAws43kP0Q,US,2025,2025-Q3,11-20,True
5FMyXeZ0reYloRTiCkPprT,US,2025,2025-Q3,11-20,True
7AeM1BGYM7emrqmQn1PuWv,US,2025,2025-Q3,11-20,True
6wkYQMrFfb0huLB5Qn19Iv,US,2025,2025-Q3,11-20,True
4gfrYDtaRmp6HPvN80V2ob,US,2025,2025-Q3,11-20,True
1PdUyYYw9sGU0yhLrpeHKt,US,2025,2025-Q3,11-20,True
003vvx7Niy0yvhvHt4a68B,US,2025,2025-Q3,21-50,True
0LQtEJt7x0s6knb6RKdRYc,US,2025,2025-Q3,21-50,True
3t6gUcGYLrUuqwpXjOFWQc,US,2025,2025-Q3,21-50,True
1lfO0bqThTLimzHsvk3LrN,US,2025,2025-Q3,21-50,True
2BkTPMr1v6Fr6JJwc4V7R5,US,2025,2025-Q3,21-50,True
7D0RhFcb3CrfPuTJ0obrod,US,2025,2025-Q3,21-50,True
4Km9FSF9iaQiTLnFPdbPom,US,2025,2025-Q3,21-50,True
3AD73lKeY2c9JhsHRqWkOw,US,2025,2025-Q3,21-50,True
5cfsQZEFf1IpQr8F9vI9le,US,2025,2025-Q3,21-50,True
1Y373MqadDRtclJNdnUXVc,US,2025,2025-Q3,21-50,True
0qRR9d89hIS0MHRkQ0ejxX,US,2025,2025-Q3,51+,True
3cZajhyr8LmtPfHZ9296tj,US,2025,2025-Q3,51+,True
2J051fjLklkoPbzOoTAACZ,US,2025,2025-Q3,51+,True
3tFed7YsjGnIfxeLEQwx3R,US,2025,2025-Q3,51+,True
5dUCixiCL0CcIUdlgUl1ct,US,2025,2025-Q3,51+,True
42T2QQv3xgBlpQxaSP7lnK,US,2025,2025-Q3,51+,True
63Pi2NAx5yCgeLhCTOrEou,US,2025,2025-Q3,51+,True
1Iw5iLfAwDvS6frI82gMoV,US,2025,2025-Q3,51+,True
4eLDmhsJW3JoZTXCAozHor,US,2025,2025-Q3,51+,True
7Ar4G7Ci11gpt6sfH9Cgz5,US,2025,2025-Q3,51+,True
7fUYUcWy853HS8YJn0b3Sr,US,2025,2025-Q4,1-10,True
2x3mwb96B6TquRqMtbxUE1,US,2025,2025-Q4,1-10,True
5eXgqtg3T8Av0m1FUaGHex,US,2025,2025-Q4,1-10,True
3RXUgPNIbUgFxsDWuBQEt6,US,2025,2025-Q4,1-10,True
1jgTiNob5cVyXeJ3WgX5bL,US,2025,2025-Q4,1-10,True
1qbmS6ep2hbBRaEZFpn7BX,US,2025,2025-Q4,1-10,True
7qjZnBKE73H4Oxkopwulqe,US,2025,2025-Q4,1-10,True
5ylJtmaWPJ33cW3En7WOu0,US,2025,2025-Q4,1-10,True
2RkZ5LkEzeHGRsmDqKwmaJ,US,2025,2025-Q4,1-10,True
03bTIHJElXZ0O0jqOQvAbY,US,2025,2025-Q4,1-10,True
3QIoEi8Enr9uHffwInGIsC,US,2025,2025-Q4,11-20,True
62V2ZHslgQV98gH4AuVXnr,US,2025,2025-Q4,11-20,True
0MHStU0muAIEMbwdnebYu2,US,2025,2025-Q4,11-20,True
6thXB4RmajS4oZPNiBAKy0,US,2025,2025-Q4,11-20,True
47ohYW8e7dxCYn9qbUMBCI,US,2025,2025-Q4,11-20,True
3XsaSIPWvM61RIFfeb0BBR,US,2025,2025-Q4,11-20,True
4qmFC3Jz5aQ0erlk2OSi2X,US,2025,2025-Q4,11-20,True
0xxZY5C9xxij3D1HkzbnfC,US,2025,2025-Q4,11-20,True
7scFxt9VhL4FJwuPSfRlfN,US,2025,2025-Q4,11-20,True
2OZVskV28xxJjjhQqKTLSg,US,2025,2025-Q4,11-20,True
003vvx7Niy0yvhvHt4a68B,US,2025,2025-Q4,21-50,True
0InIeZW4P6VO7dUGRM4AKH,US,2025,2025-Q4,21-50,True
5o0hD6Bs6RdyZxfYBoEEc8,US,2025,2025-Q4,21-50,True
42VUCXerQ5qTr4Qp6PhKo4,US,2025,2025-Q4,21-50,True
1Wf14bTyb6UeKojy8ykPYm,US,2025,2025-Q4,21-50,True
77khP2fIVhSW23NwxrRluh,US,2025,2025-Q4,21-50,True
48axmFD7PUPnTOdSFMYrvj,US,2025,2025-Q4,21-50,True
5z0LSDpPpGwc2ZyJHpsE3J,US,2025,2025-Q4,21-50,True
1SV1fxF65n9NhRHp3KlBuu,US,2025,2025-Q4,21-50,True
4Yg2w0P29BBBMixyeNjDtj,US,2025,2025-Q4,21-50,True
0rKtyWc8bvkriBthvHKY8d,US,2025,2025-Q4,51+,True
4RvWPyQ5RL0ao9LPZeSouE,US,2025,2025-Q4,51+,True
57Z6TJCTMACXxdrcwZ3Zvf,US,2025,2025-Q4,51+,True
2Nig1jX8uBu3LdSSUrm7Fp,US,2025,2025-Q4,51+,True
4rMNgxEwGWoPHIUcvB5BrB,US,2025,2025-Q4,51+,True
7fveJ3pk1eSfxBdVkzdXZ0,US,2025,2025-Q4,51+,True
5UWwZ5lm5PKu6eKsHAGxOk,US,2025,2025-Q4,51+,True
3EMfeKtNK4q4k3sVjwg5Yy,US,2025,2025-Q4,51+,True
0O4vuJynWVVdyvoHvZtnk3,US,2025,2025-Q4,51+,True
5T0mnzMsyHtmWB7Kou51Ph,US,2025,2025-Q4,51+,True
7qjZnBKE73H4Oxkopwulqe,US,2026,2026-Q1,1-10,True
53iuhJlwXhSER5J2IYYv1W,US,2026,2026-Q1,1-10,True
6sGIMrtIzQjdzNndVxe397,US,2026,2026-Q1,1-10,True
59D4DOkspUbWyMmbAPQkxZ,US,2026,2026-Q1,1-10,True
2lTm559tuIvatlT1u0JYG2,US,2026,2026-Q1,1-10,True
2rKkfc4VZ74FQDc1FF1Zo6,US,2026,2026-Q1,1-10,True
7scFxt9VhL4FJwuPSfRlfN,US,2026,2026-Q1,1-10,True
7N3d1hsZZpmmnovfAtnVFU,US,2026,2026-Q1,1-10,True
3xClevycpBON8bkyxFbAna,US,2026,2026-Q1,1-10,True
0FlcmZ13DGRmscCroro9GO,US,2026,2026-Q1,1-10,True
2gYTC8DsplN3RNdpdBcCOQ,US,2026,2026-Q1,11-20,True
3THVfoVD5kdCxPviVaCPi7,US,2026,2026-Q1,11-20,True
67Ar9BnEeB5FU5vQBYhbGe,US,2026,2026-Q1,11-20,True
5ViLKrbyL3HD6wsq3AB9eI,US,2026,2026-Q1,11-20,True
1CPZ5BxNNd0n0nF4Orb9JS,US,2026,2026-Q1,11-20,True
57ENogEkvFsU7Wmt3lvQMG,US,2026,2026-Q1,11-20,True
4Z5KKoBGxpJo8YbDcGQXd5,US,2026,2026-Q1,11-20,True
2A22iI0x4EYAVXNpKPhNEM,US,2026,2026-Q1,11-20,True
7s7v5EoNLD6TwDu4Nw51Oy,US,2026,2026-Q1,11-20,True
1sVBT215CDmVJvfy1E2OCU,US,2026,2026-Q1,11-20,True
6DH13QYXK7lKkYHSU88N48,US,2026,2026-Q1,21-50,True
75FEaRjZTKLhTrFGsfMUXR,US,2026,2026-Q1,21-50,True
03tqyYWC9Um2ZqU0ZN849H,US,2026,2026-Q1,21-50,True
4jyyma8YdFC4S4llusSFRu,US,2026,2026-Q1,21-50,True
0InIeZW4P6VO7dUGRM4AKH,US,2026,2026-Q1,21-50,True
7AeM1BGYM7emrqmQn1PuWv,US,2026,2026-Q1,21-50,True
1XpVhaI4HzWrhRWIpdfyJB,US,2026,2026-Q1,21-50,True
13HD3tYTiz8oSRxWzXEq7g,US,2026,2026-Q1,21-50,True
7eqoqGkKwgOaWNNHx90uEZ,US,2026,2026-Q1,21-50,True
3QuRLv8zkIYH31O5VgEpmo,US,2026,2026-Q1,21-50,True
4ThbwJaIWVxXZ1qJaHQBCz,US,2026,2026-Q1,51+,True
3kUHIvjJ8p9UzeaeeqHkfg,US,2026,2026-Q1,51+,True
2hnMS47jN0etwvFPzYk11f,US,2026,2026-Q1,51+,True
58q2HKrzhC3ozto2nDdN4z,US,2026,2026-Q1,51+,True
1LzNfuep1bnAUR9skqdHCK,US,2026,2026-Q1,51+,True
0EqH5Wz93cJtfUGv3vtQPY,US,2026,2026-Q1,51+,True
2wAJTrFhCnQyNSD3oUgTZO,US,2026,2026-Q1,51+,True
3pAVk6Ydn0dcGpG8gDyxSJ,US,2026,2026-Q1,51+,True
41v5ExDEEEvJsWAPo91aoj,US,2026,2026-Q1,51+,True
0iKo4pNNjHHdKUcFARlfCa,US,2026,2026-Q1,51+,True
55wlsNYqcfiQsHuX8l0jmF,US,2026,2026-Q2,1-10,True
6sGIMrtIzQjdzNndVxe397,US,2026,2026-Q2,1-10,True
55pBIZO1cqoldeqpp5WR7H,US,2026,2026-Q2,1-10,True
7J1uxwnxfQLu4APicE5Rnj,US,2026,2026-Q2,1-10,True
4kX7xkopoXZCfE1D6fNwl2,US,2026,2026-Q2,1-10,True
6QFCMUUq1T2Vf5sFUXcuQ7,US,2026,2026-Q2,1-10,True
3B4cjvGlPvyBLNG3AzEgkZ,US,2026,2026-Q2,1-10,True
4Ilw2lD6z4WBqh65vUUZUf,US,2026,2026-Q2,1-10,True
13HD3tYTiz8oSRxWzXEq7g,US,2026,2026-Q2,1-10,True
514joG57v4yKTsfQmz7stz,US,2026,2026-Q2,1-10,True
61rwYQu9An4QWrcCUyFUyq,US,2026,2026-Q2,11-20,True
3cLCA9LSb6UiOeNvTZoaav,US,2026,2026-Q2,11-20,True
5ViLKrbyL3HD6wsq3AB9eI,US,2026,2026-Q2,11-20,True
53qkszfgztIvkFyF31GfdQ,US,2026,2026-Q2,11-20,True
46eu3SBuFCXWsPT39Yg3tJ,US,2026,2026-Q2,11-20,True
6f68Ac5tt5BQOpwr0BV9oN,US,2026,2026-Q2,11-20,True
4rECUI03C2RMqr5GYvqjlJ,US,2026,2026-Q2,11-20,True
3EnTGnmNu1TDEcpbbTajuo,US,2026,2026-Q2,11-20,True
2SaWT781xr3hHLdbVt5DB7,US,2026,2026-Q2,11-20,True
4KmkJjHTNlr1jFY56Lyz4E,US,2026,2026-Q2,11-20,True
0AcgKF7kbSoCkh3n7vlHwK,US,2026,2026-Q2,21-50,True
0eu4C55hL6x29mmeAjytzC,US,2026,2026-Q2,21-50,True
6J5kc12BW5HuP3d7C3vvx8,US,2026,2026-Q2,21-50,True
4KULAymBBJcPRpk1yO4dOG,US,2026,2026-Q2,21-50,True
2009X8GyWTqyxIdzAEYW6N,US,2026,2026-Q2,21-50,True
70LcF31zb1H0PyJoS1Sx1r,US,2026,2026-Q2,21-50,True
4bWZz15GR1EE8E8x23rDWV,US,2026,2026-Q2,21-50,True
6Qyc6fS4DsZjB2mRW9DsQs,US,2026,2026-Q2,21-50,True
1rIKgCH4H52lrvDcz50hS8,US,2026,2026-Q2,21-50,True
58ge6dfP91o9oXMzq3XkIS,US,2026,2026-Q2,21-50,True
0gEyKnHvgkrkBM6fbeHdwK,US,2026,2026-Q2,51+,True
0EsJdOSOrBfTo816lWRW4Q,US,2026,2026-Q2,51+,True
5T7ywazdGIydr6JCW6t02j,US,2026,2026-Q2,51+,True
2XHzzp1j4IfTNp1FTn7YFg,US,2026,2026-Q2,51+,True
4ZJ4vzLQekI0WntDbanNC7,US,2026,2026-Q2,51+,True
5PjdY0CKGZdEuoNab3yDmX,US,2026,2026-Q2,51+,True
5r5cp9IpziiIsR6b93vcnQ,US,2026,2026-Q2,51+,True
33KU9huHP1Lv1UWWVkuTYd,US,2026,2026-Q2,51+,True
0IjdXwCEhZR7JIwq6Za8j5,US,2026,2026-Q2,51+,True
7fveJ3pk1eSfxBdVkzdXZ0,US,2026,2026-Q2,51+,True
22NHkFYbgxB2Zirj29Gbp8,US,2026,2026-Q3,1-10,True
3fRCAPMMZ8l8P9YKI6OCzD,US,2026,2026-Q3,1-10,True
2A22iI0x4EYAVXNpKPhNEM,US,2026,2026-Q3,1-10,True
5DZOKNtaoVEssXu9ltcMjx,US,2026,2026-Q3,1-10,True
003vvx7Niy0yvhvHt4a68B,US,2026,2026-Q3,1-10,True
36idurZmYRjJ56KQ8JD9bN,US,2026,2026-Q3,1-10,True
3xwMjQriBVW0OGEvNKo9c0,US,2026,2026-Q3,1-10,True
49j6SvuvWfbEKZKzsHCdLJ,US,2026,2026-Q3,1-10,True
3d1oTMjtfVySbAYQp3v4MU,US,2026,2026-Q3,1-10,True
7bxaFZ1O3cHkgLKMsdC3xR,US,2026,2026-Q3,1-10,True
6De8sirPzVyAoBDlQpcutY,US,2026,2026-Q3,11-20,True
55srcWA7TioKV0LZVNXltY,US,2026,2026-Q3,11-20,True
02HyFYmpzt02VJ8k0CqxKj,US,2026,2026-Q3,11-20,True
53qkszfgztIvkFyF31GfdQ,US,2026,2026-Q3,11-20,True
6QhsCYcFdfyMbPWCiViI8K,US,2026,2026-Q3,11-20,True
5fdhThPDe6jQQDqCyWrdAn,US,2026,2026-Q3,11-20,True
0LQtEJt7x0s6knb6RKdRYc,US,2026,2026-Q3,11-20,True
5qqabIl2vWzo9ApSC317sa,US,2026,2026-Q3,11-20,True
4gfrYDtaRmp6HPvN80V2ob,US,2026,2026-Q3,11-20,True
1VOSSXuWRcBj2rpfxNdX9v,US,2026,2026-Q3,11-20,True
6J5kc12BW5HuP3d7C3vvx8,US,2026,2026-Q3,21-50,True
79RJg6MqIJlBuedcMqB9F0,US,2026,2026-Q3,21-50,True
05ZACkzW8YbRq3eFgIfSNB,US,2026,2026-Q3,21-50,True
5BZsQlgw21vDOAjoqkNgKb,US,2026,2026-Q3,21-50,True
0dOg1ySSI7NkpAe89Zo0b9,US,2026,2026-Q3,21-50,True
7AeM1BGYM7emrqmQn1PuWv,US,2026,2026-Q3,21-50,True
1qRV1dKLOfH1s00b9J2LUQ,US,2026,2026-Q3,21-50,True
1KGi9sZVMeszgZOWivFpxs,US,2026,2026-Q3,21-50,True
7yq4Qj7cqayVTp3FF9CWbm,US,2026,2026-Q3,21-50,True
3iEUDvanZwQhLCIqUmCR7N,US,2026,2026-Q3,21-50,True
4sIFi8LpJWPvI5xviWFyA6,US,2026,2026-Q3,51+,True
0COqiPhxzoWICwFCS4eZcp,US,2026,2026-Q3,51+,True
5Ctzx0mMiUPAu9JqbAOY9n,US,2026,2026-Q3,51+,True
2FZcjBYK4dTt48q94pJbJD,US,2026,2026-Q3,51+,True
3eZcmEO0X0nsfV8E3NZelo,US,2026,2026-Q3,51+,True
5ihS6UUlyQAfmp48eSkxuQ,US,2026,2026-Q3,51+,True
6DoUDG1GJrJf6eGQLUBBnm,US,2026,2026-Q3,51+,True
7ujApz6iFP3PmKIDGcaGbe,US,2026,2026-Q3,51+,True
0GONea6G2XdnHWjNZd6zt3,US,2026,2026-Q3,51+,True
3hxIUxnT27p5WcmjGUXNwx,US,2026,2026-Q3,51+,True
5wANPM4fQCJwkGd4rN57mH,VN,2021,2021-Q1,1-10,True
2z9iLlNBt1aLZUCFgXby97,VN,2021,2021-Q1,1-10,True
0d6dbFvKczX1Us3J7TsMMv,VN,2021,2021-Q1,1-10,True
2pn8dNVSpYnAtlKFC8Q0DJ,VN,2021,2021-Q1,1-10,True
6IAqflHsPVm4EpYghXauX7,VN,2021,2021-Q1,1-10,True
50cmxP6KlnQA9IG3q5ckKD,VN,2021,2021-Q1,1-10,True
1J3SmWwlYAG68LGKr86MVH,VN,2021,2021-Q1,1-10,True
5Ojsg9xR0wlTpDIW1qLYz2,VN,2021,2021-Q1,1-10,True
2MJz8BxxMsERULatmBikDH,VN,2021,2021-Q1,1-10,True
1fh5Sf3fFESFOS8D82RQiI,VN,2021,2021-Q1,1-10,True
3pyHABNUu0QxeyH1x8p7yf,VN,2021,2021-Q1,11-20,True
014DA3BdnmD3kI5pBogH7c,VN,2021,2021-Q1,11-20,True
5QO79kh1waicV47BqGRL3g,VN,2021,2021-Q1,11-20,True
6B1Io9VDzMAmwFjrplDJw8,VN,2021,2021-Q1,11-20,True
1pQHqk6qWM5xbNeobMCGBZ,VN,2021,2021-Q1,11-20,True
1nahzW3kfMuwReTka28tH5,VN,2021,2021-Q1,11-20,True
4saklk6nie3yiGePpBwUoc,VN,2021,2021-Q1,11-20,True
25edeHHueINMguqu9emCyV,VN,2021,2021-Q1,11-20,True
4TfH2Syxsx2cAJShY8u6bT,VN,2021,2021-Q1,11-20,True
249gnXrbfmV8NG6jTEMSwD,VN,2021,2021-Q1,11-20,True
5zFglKYiknIxks8geR8rcL,VN,2021,2021-Q1,21-50,True
6YvqWjhGD8mB5QXcbcUKtx,VN,2021,2021-Q1,21-50,True
0f5yQttJS5nNxRAleF4kZO,VN,2021,2021-Q1,21-50,True
2dEpaH5nsfnzU61LQ9rJuH,VN,2021,2021-Q1,21-50,True
4yAJOZ8ZBAKfXCI20hsVjf,VN,2021,2021-Q1,21-50,True
4TyQKEifYDWTfTSRwpxlYI,VN,2021,2021-Q1,21-50,True
1PSmJr2mHzDjYXrKvQPKb0,VN,2021,2021-Q1,21-50,True
4Wdwvi2C5MD8zDi9Kg3x4X,VN,2021,2021-Q1,21-50,True
42mIT9wfmgA48DTN8GmCxX,VN,2021,2021-Q1,21-50,True
2rbDhOo9Fh61Bbu23T2qCk,VN,2021,2021-Q1,21-50,True
0OrwGH9aeguhopTVubv0VZ,VN,2021,2021-Q1,51+,True
2wVDWtLKXunswWecARNILj,VN,2021,2021-Q1,51+,True
3yWacnoBnM0lrzLmXAk44d,VN,2021,2021-Q1,51+,True
4z5dAyLMnkKSHkOkwbR1RX,VN,2021,2021-Q1,51+,True
7wHBNIBO353lf9aVvmUydT,VN,2021,2021-Q1,51+,True
3ndCsZfq8OVwwkz9mmZvUz,VN,2021,2021-Q1,51+,True
2OZTkXYCNbZS9TwPRy52Js,VN,2021,2021-Q1,51+,True
3XoflnowYPFRPOh3uFvHcm,VN,2021,2021-Q1,51+,True
6BToHhGtbW8eMQFaEv0i2d,VN,2021,2021-Q1,51+,True
6hUpxEKFSjS8metuA1yxlf,VN,2021,2021-Q1,51+,True
6uxuJ8Fr1AAfSPJUF9N1yr,VN,2021,2021-Q2,1-10,True
3DarAbFujv6eYNliUTyqtz,VN,2021,2021-Q2,1-10,True
5nD5PVXUkIpv0WcwfNFrgS,VN,2021,2021-Q2,1-10,True
3wGx3gYPjECKZazGNuPEX2,VN,2021,2021-Q2,1-10,True
1w3eUC89GPspKpi62tPwjt,VN,2021,2021-Q2,1-10,True
1xoadYaxtOp9gHDwgmPDuz,VN,2021,2021-Q2,1-10,True
7BoobGhD4x5K96Me0hqC8Q,VN,2021,2021-Q2,1-10,True
63qZf6349d3ngku9hrzLac,VN,2021,2021-Q2,1-10,True
2dHoVW9AxJVSRebPRyV2aA,VN,2021,2021-Q2,1-10,True
014DA3BdnmD3kI5pBogH7c,VN,2021,2021-Q2,1-10,True
0ClPIeT6MSgfSgQ9ZrJbAq,VN,2021,2021-Q2,11-20,True
0d6dbFvKczX1Us3J7TsMMv,VN,2021,2021-Q2,11-20,True
37BZB0z9T8Xu7U3e65qxFy,VN,2021,2021-Q2,11-20,True
27F22WcGDyl4Z2KylVJkXL,VN,2021,2021-Q2,11-20,True
249gnXrbfmV8NG6jTEMSwD,VN,2021,2021-Q2,11-20,True
5qNh5WtzMbfpSj2jLlBkoD,VN,2021,2021-Q2,11-20,True
7dJVE53hGAX9TcKH0abFic,VN,2021,2021-Q2,11-20,True
6IAqflHsPVm4EpYghXauX7,VN,2021,2021-Q2,11-20,True
4ZtFanR9U6ndgddUvNcjcG,VN,2021,2021-Q2,11-20,True
1e0Wxoraz9IzFhREDqgJAe,VN,2021,2021-Q2,11-20,True
6iWPQ9xAYH3ZePu2Z209Y6,VN,2021,2021-Q2,21-50,True
4qJSUFwZFouto5VZUlln75,VN,2021,2021-Q2,21-50,True
4rPrBNnDgdZpS5gosHv0yr,VN,2021,2021-Q2,21-50,True
6HU7h9RYOaPRFeh0R3UeAr,VN,2021,2021-Q2,21-50,True
696w9BHmEY62myVCSDyrYW,VN,2021,2021-Q2,21-50,True
6jOP08e9PHDnoF3reZcePE,VN,2021,2021-Q2,21-50,True
1HDrKXya87GMQfAGPlqNS9,VN,2021,2021-Q2,21-50,True
2rbDhOo9Fh61Bbu23T2qCk,VN,2021,2021-Q2,21-50,True
2QdH0rKlV3d9Y6lWzcnlBH,VN,2021,2021-Q2,21-50,True
1CyYcBdukmFjFibDZaDlHc,VN,2021,2021-Q2,21-50,True
79xFFmGKtEyky0I2G9U9Jg,VN,2021,2021-Q2,51+,True
2FWBdovgRvBSzA1JESUe0D,VN,2021,2021-Q2,51+,True
0MMyJUC3WNnFS1lit5pTjk,VN,2021,2021-Q2,51+,True
6Im9k8u9iIzKMrmV7BWtlF,VN,2021,2021-Q2,51+,True
0f5yQttJS5nNxRAleF4kZO,VN,2021,2021-Q2,51+,True
6UelLqGlWMcVH1E5c4H7lY,VN,2021,2021-Q2,51+,True
0ono6UCNVZ1XqOm6j78Blu,VN,2021,2021-Q2,51+,True
6PLNoijWdc3dWqc1KKjv73,VN,2021,2021-Q2,51+,True
4yAJOZ8ZBAKfXCI20hsVjf,VN,2021,2021-Q2,51+,True
42fR3oINF3KfXCDtheoNiY,VN,2021,2021-Q2,51+,True
3JR0ducCexKbeK47g6AHm5,VN,2021,2021-Q3,1-10,True
5PjdY0CKGZdEuoNab3yDmX,VN,2021,2021-Q3,1-10,True
0QzuaeCEEOV40Pn7IvKEny,VN,2021,2021-Q3,1-10,True
63qZf6349d3ngku9hrzLac,VN,2021,2021-Q3,1-10,True
46HNZY1i7O6jwTA7Slo2PI,VN,2021,2021-Q3,1-10,True
3rmo8F54jFF8OgYsqTxm5d,VN,2021,2021-Q3,1-10,True
4vfhartd7HDWGJbdVIycEu,VN,2021,2021-Q3,1-10,True
1EmMFSLRVkOszCa4ul9z0F,VN,2021,2021-Q3,1-10,True
7BoobGhD4x5K96Me0hqC8Q,VN,2021,2021-Q3,1-10,True
2XjbfQQZlPwOMTmJR2RLfC,VN,2021,2021-Q3,1-10,True
014DA3BdnmD3kI5pBogH7c,VN,2021,2021-Q3,11-20,True
6B4AdZzwagId7wvWeJEkiq,VN,2021,2021-Q3,11-20,True
5nD5PVXUkIpv0WcwfNFrgS,VN,2021,2021-Q3,11-20,True
0ClPIeT6MSgfSgQ9ZrJbAq,VN,2021,2021-Q3,11-20,True
2MJz8BxxMsERULatmBikDH,VN,2021,2021-Q3,11-20,True
1mKDbug8bbfDmLe7I4CJpe,VN,2021,2021-Q3,11-20,True
4Iz5EWPCAT8jYNk4IpLoll,VN,2021,2021-Q3,11-20,True
0e8nrvls4Qqv5Rfa2UhqmO,VN,2021,2021-Q3,11-20,True
6TD5xfffOnYHliuF1wzL6U,VN,2021,2021-Q3,11-20,True
5uyNAX6MazVAjBjVeOsTvp,VN,2021,2021-Q3,11-20,True
2sp32rIevQhpbo0Z4aQzoe,VN,2021,2021-Q3,21-50,True
6Fbsn9471Xd0vVsMWwhePh,VN,2021,2021-Q3,21-50,True
6Uj1ctrBOjOas8xZXGqKk4,VN,2021,2021-Q3,21-50,True
2Gazl1MAVX8vmo8E659Vq8,VN,2021,2021-Q3,21-50,True
6HU7h9RYOaPRFeh0R3UeAr,VN,2021,2021-Q3,21-50,True
1Ov37jtRQ2YNAe8HzfczkL,VN,2021,2021-Q3,21-50,True
2m6Ko3CY1qXNNja8AlugNc,VN,2021,2021-Q3,21-50,True
7LVrrX8pkzI9fMF88nGabt,VN,2021,2021-Q3,21-50,True
1CyYcBdukmFjFibDZaDlHc,VN,2021,2021-Q3,21-50,True
50cmxP6KlnQA9IG3q5ckKD,VN,2021,2021-Q3,21-50,True
149BxWeweaCqmsyedkNiiE,VN,2021,2021-Q3,51+,True
0J2otOvMdg62gVMMjwOvSK,VN,2021,2021-Q3,51+,True
5Vv7AuoyX4aFz8zcztSwMB,VN,2021,2021-Q3,51+,True
2qnnREp8mFVipaEoUlw9ya,VN,2021,2021-Q3,51+,True
4iLqG9SeJSnt0cSPICSjxv,VN,2021,2021-Q3,51+,True
7skGrIrRzO0APhASzAKfNi,VN,2021,2021-Q3,51+,True
5zFglKYiknIxks8geR8rcL,VN,2021,2021-Q3,51+,True
39EXZNMxb4RBHlRjnRaOKp,VN,2021,2021-Q3,51+,True
0RbW8kWozrVSIGb4V13o0o,VN,2021,2021-Q3,51+,True
7bmk1GEufZOrycr3HXZGN2,VN,2021,2021-Q3,51+,True
46IZ0fSY2mpAiktS3KOqds,VN,2021,2021-Q4,1-10,True
7DF8lvLdV3htIbuTWpc7lR,VN,2021,2021-Q4,1-10,True
46HNZY1i7O6jwTA7Slo2PI,VN,2021,2021-Q4,1-10,True
6Vx29sLFwzT8yvRhzP2Fge,VN,2021,2021-Q4,1-10,True
10IfXtjKQmOiON7tNAHv0y,VN,2021,2021-Q4,1-10,True
4fouWK6XVHhzl78KzQ1UjL,VN,2021,2021-Q4,1-10,True
5T6j0rfpCDBzAxC8Fpd0N7,VN,2021,2021-Q4,1-10,True
6aeU5IH8DB1qHK5jRFTNUv,VN,2021,2021-Q4,1-10,True
4KLmT1bU7eyEBe35FzEjbd,VN,2021,2021-Q4,1-10,True
4saklk6nie3yiGePpBwUoc,VN,2021,2021-Q4,1-10,True
0QzuaeCEEOV40Pn7IvKEny,VN,2021,2021-Q4,11-20,True
1CyYcBdukmFjFibDZaDlHc,VN,2021,2021-Q4,11-20,True
3Kkjo3cT83cw09VJyrLNwX,VN,2021,2021-Q4,11-20,True
249gnXrbfmV8NG6jTEMSwD,VN,2021,2021-Q4,11-20,True
1w3eUC89GPspKpi62tPwjt,VN,2021,2021-Q4,11-20,True
5enxwA8aAbwZbf5qCHORXi,VN,2021,2021-Q4,11-20,True
6iXGivPFpsqKmrINhIbPvx,VN,2021,2021-Q4,11-20,True
6MCJdudhQY41K3IhluuNuq,VN,2021,2021-Q4,11-20,True
5Bti0azlFhMattVY76qFr9,VN,2021,2021-Q4,11-20,True
1EmMFSLRVkOszCa4ul9z0F,VN,2021,2021-Q4,11-20,True
2e0b6AaC1Abz5mFyCS3fXY,VN,2021,2021-Q4,21-50,True
7aonAWn0J0AJ47ZU9WHCXC,VN,2021,2021-Q4,21-50,True
7JWa8tcjothiOfTVUUbuzL,VN,2021,2021-Q4,21-50,True
1r9xUipOqoNwggBpENDsvJ,VN,2021,2021-Q4,21-50,True
6bXmKNVe9YIjoyDbz04nWg,VN,2021,2021-Q4,21-50,True
0bYg9bo50gSsH3LtXe2SQn,VN,2021,2021-Q4,21-50,True
2axlAOp86SPuqSBlwLw4WM,VN,2021,2021-Q4,21-50,True
7oBUoEbCDF748UkHnLusUB,VN,2021,2021-Q4,21-50,True
0SmQ0UWeiHKQtxUej4Rem6,VN,2021,2021-Q4,21-50,True
4vGEfBrpiM4zfYzSyPpysX,VN,2021,2021-Q4,21-50,True
0pQ67Kp2kED4ISy1ieGPEq,VN,2021,2021-Q4,51+,True
3LlEZ4J1ORcgP1WmTF9pIX,VN,2021,2021-Q4,51+,True
6Fbsn9471Xd0vVsMWwhePh,VN,2021,2021-Q4,51+,True
3hB5DgAiMAQ4DzYbsMq1IT,VN,2021,2021-Q4,51+,True
73mVGNhTlRQBod01zh3M0s,VN,2021,2021-Q4,51+,True
6bGMSP3H9YqkmaLnaJTIoF,VN,2021,2021-Q4,51+,True
2o4dDfLK6NVI7TjBm5VoMv,VN,2021,2021-Q4,51+,True
696w9BHmEY62myVCSDyrYW,VN,2021,2021-Q4,51+,True
75NgcOsgURBLTPpRzAsxp0,VN,2021,2021-Q4,51+,True
3mmLyEhphJAaW7hyEXAD8l,VN,2021,2021-Q4,51+,True
7KlTFTpy7dXLzr2NtLkvG6,VN,2022,2022-Q1,1-10,True
7jLSThU5Kg1RWt19Leiaxm,VN,2022,2022-Q1,1-10,True
0oSNOJEcBIKNcQzRc5TfyR,VN,2022,2022-Q1,1-10,True
3IA9LkBEVhJDOxOnh1nf8a,VN,2022,2022-Q1,1-10,True
7CAdT0HdiQNlt1C7xk2hep,VN,2022,2022-Q1,1-10,True
5Msoarj5hk9LguTtiIyqug,VN,2022,2022-Q1,1-10,True
1J3SmWwlYAG68LGKr86MVH,VN,2022,2022-Q1,1-10,True
5SE57ljOIUJ1ybL9U6CuBH,VN,2022,2022-Q1,1-10,True
5H7UgZQk2p5x4nmeuDjmE4,VN,2022,2022-Q1,1-10,True
3r9FFjLrAIQjoR8pSHVPC9,VN,2022,2022-Q1,1-10,True
54UNNgtE3zzERwTuWSQLqd,VN,2022,2022-Q1,11-20,True
2Nib4r0saYQf2pUV4RFDhl,VN,2022,2022-Q1,11-20,True
0X5tCYwiVldeDynbhBshTl,VN,2022,2022-Q1,11-20,True
249gnXrbfmV8NG6jTEMSwD,VN,2022,2022-Q1,11-20,True
5T6j0rfpCDBzAxC8Fpd0N7,VN,2022,2022-Q1,11-20,True
2tg8L2ls1k19B2SvRKBnJh,VN,2022,2022-Q1,11-20,True
0bTmdKwQ8xb0Xbvizt2GMy,VN,2022,2022-Q1,11-20,True
3AVXwaOGCEL8cmBecfcsFJ,VN,2022,2022-Q1,11-20,True
0wZq5TnD0ooJ3q4GVDTLjd,VN,2022,2022-Q1,11-20,True
0dcnrLo8s1rhjm8euGjI4n,VN,2022,2022-Q1,11-20,True
4I2ne5vm5LJmrXAfqgjAG4,VN,2022,2022-Q1,21-50,True
1xoadYaxtOp9gHDwgmPDuz,VN,2022,2022-Q1,21-50,True
1EmMFSLRVkOszCa4ul9z0F,VN,2022,2022-Q1,21-50,True
4Iz5EWPCAT8jYNk4IpLoll,VN,2022,2022-Q1,21-50,True
0IGUXY4JbK18bu9oD4mPIm,VN,2022,2022-Q1,21-50,True
7xNCacksfUkYXsXuSW4vNF,VN,2022,2022-Q1,21-50,True
3CeKc83EsgRPItgvlDHo5B,VN,2022,2022-Q1,21-50,True
7rXcCpIAoOUCydkVDMcoPV,VN,2022,2022-Q1,21-50,True
5nD5PVXUkIpv0WcwfNFrgS,VN,2022,2022-Q1,21-50,True
1CyYcBdukmFjFibDZaDlHc,VN,2022,2022-Q1,21-50,True
18uwL0vNUanqZH0ro2QcOP,VN,2022,2022-Q1,51+,True
40Ct4hvauHT2EDpik4eVuz,VN,2022,2022-Q1,51+,True
50cmxP6KlnQA9IG3q5ckKD,VN,2022,2022-Q1,51+,True
2XjbfQQZlPwOMTmJR2RLfC,VN,2022,2022-Q1,51+,True
4Ut6UU8Yyihz1jCZWSCQpu,VN,2022,2022-Q1,51+,True
7k3ohP9ZiGfhL6yD8oIPfk,VN,2022,2022-Q1,51+,True
5b1PngLlxc7hj3fJXrE2Zm,VN,2022,2022-Q1,51+,True
37GNTP4wB0QSkUwcTWLHKg,VN,2022,2022-Q1,51+,True
0Sx4EKzhdNxFzquGRANPD3,VN,2022,2022-Q1,51+,True
5Ss7wCp22FOAbfeg75KllJ,VN,2022,2022-Q1,51+,True
7rjtRM1AgmmraeTTX8tofW,VN,2022,2022-Q2,1-10,True
2m6Ko3CY1qXNNja8AlugNc,VN,2022,2022-Q2,1-10,True
5eXBXreN3d1zdj6Sa8dS0u,VN,2022,2022-Q2,1-10,True
69xohKu8C1fsflYAiSNbwM,VN,2022,2022-Q2,1-10,True
3TSLqZssCoCdDlMhCJ08XW,VN,2022,2022-Q2,1-10,True
6Hs2xIgB8nzyGFDvVA8lFa,VN,2022,2022-Q2,1-10,True
4vfhartd7HDWGJbdVIycEu,VN,2022,2022-Q2,1-10,True
2gzhQaCTeNgxpeB2TPllyY,VN,2022,2022-Q2,1-10,True
1IthE5GNiRzFN5CVaCa445,VN,2022,2022-Q2,1-10,True
46HNZY1i7O6jwTA7Slo2PI,VN,2022,2022-Q2,1-10,True
04Mm3BineGdy0oNv8NivQT,VN,2022,2022-Q2,11-20,True
1MiJk3dXC5jzhvLFP0dUM7,VN,2022,2022-Q2,11-20,True
3CeKc83EsgRPItgvlDHo5B,VN,2022,2022-Q2,11-20,True
0O6u0VJ46W86TxN9wgyqDj,VN,2022,2022-Q2,11-20,True
2QyOYFAxW2khNYee4yeT6r,VN,2022,2022-Q2,11-20,True
5ACySwUCY89mWH3u38WD9m,VN,2022,2022-Q2,11-20,True
0QzuaeCEEOV40Pn7IvKEny,VN,2022,2022-Q2,11-20,True
4AgFXIVT7hVhBZ5DEOaLu3,VN,2022,2022-Q2,11-20,True
54UNNgtE3zzERwTuWSQLqd,VN,2022,2022-Q2,11-20,True
5H7UgZQk2p5x4nmeuDjmE4,VN,2022,2022-Q2,11-20,True
7M30L99pePlQ3wh8IxVUsD,VN,2022,2022-Q2,21-50,True
45Mswno1F7FoZkcmQkp7fi,VN,2022,2022-Q2,21-50,True
4IaxDf2FixiQXq0mW7key9,VN,2022,2022-Q2,21-50,True
7oBUoEbCDF748UkHnLusUB,VN,2022,2022-Q2,21-50,True
5uyNAX6MazVAjBjVeOsTvp,VN,2022,2022-Q2,21-50,True
7kgzRBNkBRArtTPkYjWLYT,VN,2022,2022-Q2,21-50,True
0FOBJ5PbwOe5XBY9y0bnhi,VN,2022,2022-Q2,21-50,True
1mKDbug8bbfDmLe7I4CJpe,VN,2022,2022-Q2,21-50,True
0x4cMbCLC6L7aJQs3EiPaZ,VN,2022,2022-Q2,21-50,True
0ClPIeT6MSgfSgQ9ZrJbAq,VN,2022,2022-Q2,21-50,True
5Fx8zxEEaPMkwzM00JFr3N,VN,2022,2022-Q2,51+,True
3NPWH2UbMjch2vnS7qMFGM,VN,2022,2022-Q2,51+,True
41aMYNen9G7uUbqLfV65cF,VN,2022,2022-Q2,51+,True
6Fbsn9471Xd0vVsMWwhePh,VN,2022,2022-Q2,51+,True
1J12HjUuXfJnaUdubTEzSR,VN,2022,2022-Q2,51+,True
7hzVxbVA6Y5t9YDzpSgdRS,VN,2022,2022-Q2,51+,True
4Dvkj6JhhA12EX05fT7y2e,VN,2022,2022-Q2,51+,True
3DyHgXBOxAsKyy0diFTSOS,VN,2022,2022-Q2,51+,True
2oEi9mqbQFJSuS2Wny7bfp,VN,2022,2022-Q2,51+,True
2c0QMztYu6PCfFrGLqHXIV,VN,2022,2022-Q2,51+,True
73fFRs03s0gtjggfMW213L,VN,2022,2022-Q3,1-10,True
7GARzfC1mwhDuk4t9WOACq,VN,2022,2022-Q3,1-10,True
0xzI1KAr0Yd9tv8jlIk3sn,VN,2022,2022-Q3,1-10,True
2isSdmQfVv32j2haL6hk9x,VN,2022,2022-Q3,1-10,True
69xohKu8C1fsflYAiSNbwM,VN,2022,2022-Q3,1-10,True
5iZHnufFUgATzrpGgH1K0W,VN,2022,2022-Q3,1-10,True
1Wwh6gmMeolwzbRzfZMY5b,VN,2022,2022-Q3,1-10,True
5mG5cQE6SEYxnGCX3I09IC,VN,2022,2022-Q3,1-10,True
5aucVLKiumD89mxVCB4zvS,VN,2022,2022-Q3,1-10,True
3CqtQwaoQTdgDWLHyv7Twr,VN,2022,2022-Q3,1-10,True
2gYj9lubBorOPIVWsTXugG,VN,2022,2022-Q3,11-20,True
54UNNgtE3zzERwTuWSQLqd,VN,2022,2022-Q3,11-20,True
04bm7NsIhRfTlLGDoKMEw8,VN,2022,2022-Q3,11-20,True
5KYv3kORBKUmVEoqbRRWxt,VN,2022,2022-Q3,11-20,True
3DLtPObflLQBodZN8qGODT,VN,2022,2022-Q3,11-20,True
2pIUpMhHL6L9Z5lnKxJJr9,VN,2022,2022-Q3,11-20,True
3pgwxYRPbYIC6C1J2FPge8,VN,2022,2022-Q3,11-20,True
05X3a0YGmS1rbH50aL8lGF,VN,2022,2022-Q3,11-20,True
6hLEsk1t37XKNwtTQ3iI1b,VN,2022,2022-Q3,11-20,True
1xoadYaxtOp9gHDwgmPDuz,VN,2022,2022-Q3,11-20,True
00I41xsW6SunZDJ5fB8KAd,VN,2022,2022-Q3,21-50,True
0O6u0VJ46W86TxN9wgyqDj,VN,2022,2022-Q3,21-50,True
45Mswno1F7FoZkcmQkp7fi,VN,2022,2022-Q3,21-50,True
1J3SmWwlYAG68LGKr86MVH,VN,2022,2022-Q3,21-50,True
5BTzf3doGTigDIYUFtbkI9,VN,2022,2022-Q3,21-50,True
6uxuJ8Fr1AAfSPJUF9N1yr,VN,2022,2022-Q3,21-50,True
7kgzRBNkBRArtTPkYjWLYT,VN,2022,2022-Q3,21-50,True
2m6Ko3CY1qXNNja8AlugNc,VN,2022,2022-Q3,21-50,True
5Msoarj5hk9LguTtiIyqug,VN,2022,2022-Q3,21-50,True
1EmMFSLRVkOszCa4ul9z0F,VN,2022,2022-Q3,21-50,True
2Gazl1MAVX8vmo8E659Vq8,VN,2022,2022-Q3,51+,True
5wANPM4fQCJwkGd4rN57mH,VN,2022,2022-Q3,51+,True
5i17rzCuZfYVzoP441PXGu,VN,2022,2022-Q3,51+,True
0ClPIeT6MSgfSgQ9ZrJbAq,VN,2022,2022-Q3,51+,True
3j9BMKKE8DpDSBXVI0IdfA,VN,2022,2022-Q3,51+,True
39TAKt2hL8sdhVTFCNfm2Y,VN,2022,2022-Q3,51+,True
7lZ07tAiDnmUE7cKw0jfSZ,VN,2022,2022-Q3,51+,True
2pm7K14nHj2fLrpU8j9bit,VN,2022,2022-Q3,51+,True
4inMQ83GNpQ2OHDredH5hW,VN,2022,2022-Q3,51+,True
0Q5VnK2DYzRyfqQRJuUtvi,VN,2022,2022-Q3,51+,True
3wEr5lmE7oaC3qhCbJTY8B,VN,2022,2022-Q4,1-10,True
2gzhQaCTeNgxpeB2TPllyY,VN,2022,2022-Q4,1-10,True
10SRMwb9EuVS1K9rYsBfHQ,VN,2022,2022-Q4,1-10,True
5p8ThxM2OhJ0igfxkz0Z1q,VN,2022,2022-Q4,1-10,True
7jLSThU5Kg1RWt19Leiaxm,VN,2022,2022-Q4,1-10,True
5Odq8ohlgIbQKMZivbWkEo,VN,2022,2022-Q4,1-10,True
186NCtNk1tUYS7c2DxgJ7O,VN,2022,2022-Q4,1-10,True
5aucVLKiumD89mxVCB4zvS,VN,2022,2022-Q4,1-10,True
5KawlOMHjWeUjQtnuRs22c,VN,2022,2022-Q4,1-10,True
3r8RuvgbX9s7ammBn07D3W,VN,2022,2022-Q4,1-10,True
5J90ah0ppUSev1uahqQiN6,VN,2022,2022-Q4,11-20,True
3wUp8eCTshIrJcYbjWaoyP,VN,2022,2022-Q4,11-20,True
08MFgEQeVLF37EyZ7jcwLc,VN,2022,2022-Q4,11-20,True
3rWDp9tBPQR9z6U5YyRSK4,VN,2022,2022-Q4,11-20,True
5jQI2r1RdgtuT8S3iG8zFC,VN,2022,2022-Q4,11-20,True
5AmBIWCnsLscPSYsfCApBy,VN,2022,2022-Q4,11-20,True
0L8LOav65XwLjCLS11gNPD,VN,2022,2022-Q4,11-20,True
5BTzf3doGTigDIYUFtbkI9,VN,2022,2022-Q4,11-20,True
2pYFHEy0xp48Le5Bfw5vcX,VN,2022,2022-Q4,11-20,True
0ono6UCNVZ1XqOm6j78Blu,VN,2022,2022-Q4,11-20,True
4AgFXIVT7hVhBZ5DEOaLu3,VN,2022,2022-Q4,21-50,True
1xwAWUI6Dj0WGC3KiUPN0O,VN,2022,2022-Q4,21-50,True
0QHEIqNKsMoOY5urbzN48u,VN,2022,2022-Q4,21-50,True
0ibp5h8QATkvC6P5cO5TUV,VN,2022,2022-Q4,21-50,True
5Msoarj5hk9LguTtiIyqug,VN,2022,2022-Q4,21-50,True
54UNNgtE3zzERwTuWSQLqd,VN,2022,2022-Q4,21-50,True
7CAdT0HdiQNlt1C7xk2hep,VN,2022,2022-Q4,21-50,True
0QzuaeCEEOV40Pn7IvKEny,VN,2022,2022-Q4,21-50,True
7MObIQOs5ESkbcihA9dcsz,VN,2022,2022-Q4,21-50,True
1EmMFSLRVkOszCa4ul9z0F,VN,2022,2022-Q4,21-50,True
28ncfVOBRp3HGweSZ6Wb8C,VN,2022,2022-Q4,51+,True
6TBJkXHPhu3EsMk1bshwuI,VN,2022,2022-Q4,51+,True
5expoVGQPvXuwBBFuNGqBd,VN,2022,2022-Q4,51+,True
0HH3DAz5feqJmDA50yQ52M,VN,2022,2022-Q4,51+,True
3hxfMsWQOcS2o68G62SpuU,VN,2022,2022-Q4,51+,True
35mvY5S1H3J2QZyna3TFe0,VN,2022,2022-Q4,51+,True
67Cxa088HT5J5OJ0SWB6Ip,VN,2022,2022-Q4,51+,True
2klsSb2iTfgDh95Ak9uWY2,VN,2022,2022-Q4,51+,True
7h2zqUH4bYyknNUxsYnS5V,VN,2022,2022-Q4,51+,True
0OrwGH9aeguhopTVubv0VZ,VN,2022,2022-Q4,51+,True
4AgFXIVT7hVhBZ5DEOaLu3,VN,2023,2023-Q1,1-10,True
3a2Oftcs10wtzw6AmxuTMU,VN,2023,2023-Q1,1-10,True
1RDvyOk4WtPCtoqciJwVn8,VN,2023,2023-Q1,1-10,True
65FftemJ1DbbZ45DUfHJXE,VN,2023,2023-Q1,1-10,True
7jLSThU5Kg1RWt19Leiaxm,VN,2023,2023-Q1,1-10,True
5hkAuvgkOrd4KpDOlCNsvW,VN,2023,2023-Q1,1-10,True
27fqy8VruqYZlKiK1qfwEd,VN,2023,2023-Q1,1-10,True
5wxYxygyHpbgv0EXZuqb9V,VN,2023,2023-Q1,1-10,True
5Odq8ohlgIbQKMZivbWkEo,VN,2023,2023-Q1,1-10,True
46HNZY1i7O6jwTA7Slo2PI,VN,2023,2023-Q1,1-10,True
1dUmmBh2nw8XzEI3au0uFs,VN,2023,2023-Q1,11-20,True
2QWEMqQMJR1KDf6hDjJOs6,VN,2023,2023-Q1,11-20,True
5ECHJ1llWBNYLVCYrllD3x,VN,2023,2023-Q1,11-20,True
7kgzRBNkBRArtTPkYjWLYT,VN,2023,2023-Q1,11-20,True
7bFFUPBiF15n8m8RziqS4o,VN,2023,2023-Q1,11-20,True
6Hs2xIgB8nzyGFDvVA8lFa,VN,2023,2023-Q1,11-20,True
5iZHnufFUgATzrpGgH1K0W,VN,2023,2023-Q1,11-20,True
5odlY52u43F5BjByhxg7wg,VN,2023,2023-Q1,11-20,True
2RUcwyW74Sv4VracHFrKdh,VN,2023,2023-Q1,11-20,True
7kpNUrBDYDoX6QKGzrBD1R,VN,2023,2023-Q1,11-20,True
05X3a0YGmS1rbH50aL8lGF,VN,2023,2023-Q1,21-50,True
0a4MMyCrzT0En247IhqZbD,VN,2023,2023-Q1,21-50,True
45Mswno1F7FoZkcmQkp7fi,VN,2023,2023-Q1,21-50,True
1izPmgSW7FV6XFdEOiTvOY,VN,2023,2023-Q1,21-50,True
2X2mIfNW5ZtLmVgpm9rgUX,VN,2023,2023-Q1,21-50,True
7HpIBZAsjJq5nW9S8ti7Fi,VN,2023,2023-Q1,21-50,True
54UNNgtE3zzERwTuWSQLqd,VN,2023,2023-Q1,21-50,True
38rjRVqEHSlDRrDWDvjkqW,VN,2023,2023-Q1,21-50,True
6A1IbMKwjvXibcrU1sdqKH,VN,2023,2023-Q1,21-50,True
1Y3LN4zO1Edc2EluIoSPJN,VN,2023,2023-Q1,21-50,True
0L8LOav65XwLjCLS11gNPD,VN,2023,2023-Q1,51+,True
4fsQ0K37TOXa3hEQfjEic1,VN,2023,2023-Q1,51+,True
0V0dOlfZ3tuZwHnL2eZ9Al,VN,2023,2023-Q1,51+,True
3xlhYIhZ7heAvohmw3uyfd,VN,2023,2023-Q1,51+,True
4z623zW86trE9SxAtIf0Gm,VN,2023,2023-Q1,51+,True
2klsSb2iTfgDh95Ak9uWY2,VN,2023,2023-Q1,51+,True
41aMYNen9G7uUbqLfV65cF,VN,2023,2023-Q1,51+,True
37vIqMH3XV6ZbObcKE9GXC,VN,2023,2023-Q1,51+,True
1dS4l6xmdgEhCZTAhdOm4N,VN,2023,2023-Q1,51+,True
0hiQvlWSSTr7n1kc1X2Lus,VN,2023,2023-Q1,51+,True
7FbrGaHYVDmfr7KoLIZnQ7,VN,2023,2023-Q2,1-10,True
4EaQ0ouIydfeAgQUz284EF,VN,2023,2023-Q2,1-10,True
69CrOS7vEHIrhC2ILyEi0s,VN,2023,2023-Q2,1-10,True
4bjN59DRXFRxBE1g5ne6B1,VN,2023,2023-Q2,1-10,True
2yjeXq5ahx6UUg2rHaUe6X,VN,2023,2023-Q2,1-10,True
34o6gteNy2T5rieA0xYAgo,VN,2023,2023-Q2,1-10,True
7kpNUrBDYDoX6QKGzrBD1R,VN,2023,2023-Q2,1-10,True
6HGOxrNik4iPurqStawTFQ,VN,2023,2023-Q2,1-10,True
3l6LBCOL9nPsSY29TUY2VE,VN,2023,2023-Q2,1-10,True
0u8rZGtXJrLtiSe34FPjGG,VN,2023,2023-Q2,1-10,True
186NCtNk1tUYS7c2DxgJ7O,VN,2023,2023-Q2,11-20,True
1J3SmWwlYAG68LGKr86MVH,VN,2023,2023-Q2,11-20,True
4vfhartd7HDWGJbdVIycEu,VN,2023,2023-Q2,11-20,True
3a2Oftcs10wtzw6AmxuTMU,VN,2023,2023-Q2,11-20,True
2LhXE2daNpLVv9LYXvYm8F,VN,2023,2023-Q2,11-20,True
5wxYxygyHpbgv0EXZuqb9V,VN,2023,2023-Q2,11-20,True
7gv3UYPh05ZDP7Io5BIsn7,VN,2023,2023-Q2,11-20,True
65aTHDZWUdh6WIafu9MtNF,VN,2023,2023-Q2,11-20,True
5iZHnufFUgATzrpGgH1K0W,VN,2023,2023-Q2,11-20,True
28bxbqNcAuNxYDZYet6eZ7,VN,2023,2023-Q2,11-20,True
70hEVaGwwat644nPWkhKNW,VN,2023,2023-Q2,21-50,True
45Mswno1F7FoZkcmQkp7fi,VN,2023,2023-Q2,21-50,True
4AgFXIVT7hVhBZ5DEOaLu3,VN,2023,2023-Q2,21-50,True
7hU3IHwjX150XLoTVmjD0q,VN,2023,2023-Q2,21-50,True
5hkAuvgkOrd4KpDOlCNsvW,VN,2023,2023-Q2,21-50,True
78lw4wahFNotXb0mOEtPkM,VN,2023,2023-Q2,21-50,True
1xoadYaxtOp9gHDwgmPDuz,VN,2023,2023-Q2,21-50,True
2g68ePl7VMltuOiuSTAz7I,VN,2023,2023-Q2,21-50,True
27Z9T0mSWHYWSj9SNOGvyt,VN,2023,2023-Q2,21-50,True
1dUmmBh2nw8XzEI3au0uFs,VN,2023,2023-Q2,21-50,True
0DtarPcErIh4skfFtxzomo,VN,2023,2023-Q2,51+,True
6TBJkXHPhu3EsMk1bshwuI,VN,2023,2023-Q2,51+,True
4P9Q0GojKVXpRTJCaL3kyy,VN,2023,2023-Q2,51+,True
7IezwtVIJIPC36LpKMR9d7,VN,2023,2023-Q2,51+,True
5T6j0rfpCDBzAxC8Fpd0N7,VN,2023,2023-Q2,51+,True
7gRFDGEzF9UkBV233yv2dc,VN,2023,2023-Q2,51+,True
6IPNp9PfaEqrzotY47TIWy,VN,2023,2023-Q2,51+,True
38rjRVqEHSlDRrDWDvjkqW,VN,2023,2023-Q2,51+,True
6D90VTeGEWYX5AkAtjHZh1,VN,2023,2023-Q2,51+,True
6AQbmUe0Qwf5PZnt4HmTXv,VN,2023,2023-Q2,51+,True
7GARzfC1mwhDuk4t9WOACq,VN,2023,2023-Q3,1-10,True
4TMdpMJNQdcawl8JjZEwLk,VN,2023,2023-Q3,1-10,True
6HpkHTTwfVmSoopeloHqOp,VN,2023,2023-Q3,1-10,True
5IAESfJjmOYu7cHyX557kz,VN,2023,2023-Q3,1-10,True
2QUU1AtY5fndKDNbr17EFk,VN,2023,2023-Q3,1-10,True
2UU11hvjN1JIn4iihEodNT,VN,2023,2023-Q3,1-10,True
7jLSThU5Kg1RWt19Leiaxm,VN,2023,2023-Q3,1-10,True
6IUEwlNgVnT5CYeBuq6DTH,VN,2023,2023-Q3,1-10,True
486dVHo58R4EhBQjcYF2NX,VN,2023,2023-Q3,1-10,True
0eFMbKCRw8KByXyWBw8WO7,VN,2023,2023-Q3,1-10,True
02wk5BttM0QL38ERjLPQJB,VN,2023,2023-Q3,11-20,True
7AD5F85waSb3yZxZxEXhJM,VN,2023,2023-Q3,11-20,True
5sdQOyqq2IDhvmx2lHOpwd,VN,2023,2023-Q3,11-20,True
0gzpqwLf1jhNjnSJEyweAX,VN,2023,2023-Q3,11-20,True
28bxbqNcAuNxYDZYet6eZ7,VN,2023,2023-Q3,11-20,True
1kuGVB7EU95pJObxwvfwKS,VN,2023,2023-Q3,11-20,True
3ukrFH17Zl6iEZ2QJ1Zwiy,VN,2023,2023-Q3,11-20,True
1RDvyOk4WtPCtoqciJwVn8,VN,2023,2023-Q3,11-20,True
7kgzRBNkBRArtTPkYjWLYT,VN,2023,2023-Q3,11-20,True
6Hs2xIgB8nzyGFDvVA8lFa,VN,2023,2023-Q3,11-20,True
0Qs29ApstkrU5T8S5Hxazw,VN,2023,2023-Q3,21-50,True
0x5BqH8iC2Y2lTMxAkNAna,VN,2023,2023-Q3,21-50,True
56v8WEnGzLByGsDAXDiv4d,VN,2023,2023-Q3,21-50,True
5T6j0rfpCDBzAxC8Fpd0N7,VN,2023,2023-Q3,21-50,True
1mFpMoeZfkIqtqW2AfQ8ba,VN,2023,2023-Q3,21-50,True
74ewFAgDzRkhZ7EX2eLtfZ,VN,2023,2023-Q3,21-50,True
4bjN59DRXFRxBE1g5ne6B1,VN,2023,2023-Q3,21-50,True
62SFLTN7txImu8pQwBMP6A,VN,2023,2023-Q3,21-50,True
1UHkDovEFqHzHCPyNe0BTy,VN,2023,2023-Q3,21-50,True
7gRFDGEzF9UkBV233yv2dc,VN,2023,2023-Q3,21-50,True
1CbdvkjFxRkMNu3M2Cq1Hc,VN,2023,2023-Q3,51+,True
0BOFCIDygXWLtAD08nJDFV,VN,2023,2023-Q3,51+,True
5cvW3PYJeQjRTnj9vHP5Va,VN,2023,2023-Q3,51+,True
2wVDWtLKXunswWecARNILj,VN,2023,2023-Q3,51+,True
4kjA6oaloTf6ndyntyhZx8,VN,2023,2023-Q3,51+,True
5PjdY0CKGZdEuoNab3yDmX,VN,2023,2023-Q3,51+,True
5wxYxygyHpbgv0EXZuqb9V,VN,2023,2023-Q3,51+,True
3J3nv18iIrOhca1ZWNeuyW,VN,2023,2023-Q3,51+,True
0DtarPcErIh4skfFtxzomo,VN,2023,2023-Q3,51+,True
7eDrdQ7PK9Xm1CZCKWsgmH,VN,2023,2023-Q3,51+,True
2N0SPREDYqILVEFSsWF5N5,VN,2023,2023-Q4,1-10,True
4exlWP8cokkWVCvyP3kg7c,VN,2023,2023-Q4,1-10,True
0fGJiHH6xSUJU1MAVjxq5m,VN,2023,2023-Q4,1-10,True
6gcuJpHu0Ey30D5WR76y98,VN,2023,2023-Q4,1-10,True
3CyGK8BeJ5iCunpzvHyINs,VN,2023,2023-Q4,1-10,True
2doGmsaPLdot51o80juiYU,VN,2023,2023-Q4,1-10,True
3ZbZtdEw9U0uZW4tZItIwq,VN,2023,2023-Q4,1-10,True
0rKWJnmo6Q0ovoPOLoLm0t,VN,2023,2023-Q4,1-10,True
6KgZf5gZgF1KLNxq1qZgHP,VN,2023,2023-Q4,1-10,True
2HRgqmZQC0MC7GeNuDIXHN,VN,2023,2023-Q4,1-10,True
0SLhB9JLM4Ksz1XdwK3aQD,VN,2023,2023-Q4,11-20,True
5ydjxBSUIDn26MFzU3asP4,VN,2023,2023-Q4,11-20,True
5KfJvZ0PZzRdwFRaTUDAA7,VN,2023,2023-Q4,11-20,True
0Vz146N2GxkVJw4kSGXrNi,VN,2023,2023-Q4,11-20,True
28bxbqNcAuNxYDZYet6eZ7,VN,2023,2023-Q4,11-20,True
1ZgiJ8fiSEwd07OpB9ZuRz,VN,2023,2023-Q4,11-20,True
3XCp5o1FUpAH0aj2Hmj5yz,VN,2023,2023-Q4,11-20,True
0gzpqwLf1jhNjnSJEyweAX,VN,2023,2023-Q4,11-20,True
6VXVYATpQXEIoZ97NnWCmn,VN,2023,2023-Q4,11-20,True
5ONOlTiqymhzwcFjqcIT6E,VN,2023,2023-Q4,11-20,True
45Mswno1F7FoZkcmQkp7fi,VN,2023,2023-Q4,21-50,True
0vkExWiBJSrfWnlMC7x48b,VN,2023,2023-Q4,21-50,True
486dVHo58R4EhBQjcYF2NX,VN,2023,2023-Q4,21-50,True
210JJAa9nJOgNa0YNrsT5g,VN,2023,2023-Q4,21-50,True
2UtFCtiSoc30GJ4MUcHDKr,VN,2023,2023-Q4,21-50,True
7AD5F85waSb3yZxZxEXhJM,VN,2023,2023-Q4,21-50,True
5T6j0rfpCDBzAxC8Fpd0N7,VN,2023,2023-Q4,21-50,True
3bNNvJA7hsGw0wSpGkfOBm,VN,2023,2023-Q4,21-50,True
5uyNAX6MazVAjBjVeOsTvp,VN,2023,2023-Q4,21-50,True
1xoadYaxtOp9gHDwgmPDuz,VN,2023,2023-Q4,21-50,True
7fNHfgOxPLcg4mQLhCnOHB,VN,2023,2023-Q4,51+,True
2OBZtEg8DXhICWYd6yvicf,VN,2023,2023-Q4,51+,True
0KnWLhf5GqPEC4m7sHhxrY,VN,2023,2023-Q4,51+,True
6jcLKVmEKAQIXIVHJZ8vzS,VN,2023,2023-Q4,51+,True
0bYg9bo50gSsH3LtXe2SQn,VN,2023,2023-Q4,51+,True
6TOI8hhlfebwsTYRCVpRMn,VN,2023,2023-Q4,51+,True
0tfMfqHC3Pl6DG8kcIjXq9,VN,2023,2023-Q4,51+,True
6MgCMS8q3NA89TnVuPLvIN,VN,2023,2023-Q4,51+,True
59hBR0BCtJsfIbV9VzCVAp,VN,2023,2023-Q4,51+,True
4I2ne5vm5LJmrXAfqgjAG4,VN,2023,2023-Q4,51+,True
0X28PqBpbQhWdi4usYw0w5,VN,2024,2024-Q1,1-10,True
0cGpKQ8RxxLOFqhktEURIj,VN,2024,2024-Q1,1-10,True
1khMN4Adfi3LrZvxOq4YM5,VN,2024,2024-Q1,1-10,True
4saklk6nie3yiGePpBwUoc,VN,2024,2024-Q1,1-10,True
43qX7PiMfluhGyrJrjcP9p,VN,2024,2024-Q1,1-10,True
4qYfRfSxsmhJ1WMaywtLyI,VN,2024,2024-Q1,1-10,True
36OyVzUmUFb1MTTzy3YXbh,VN,2024,2024-Q1,1-10,True
4PCh6DAkUYKnEmvjV4ouOs,VN,2024,2024-Q1,1-10,True
0paWX66K9n7sYR9AkKkyzB,VN,2024,2024-Q1,1-10,True
3OVMe3H6iAxbLF8iD2UYrw,VN,2024,2024-Q1,1-10,True
0OIed6UFpfT2nW4BffD7Js,VN,2024,2024-Q1,11-20,True
0dBKcPEAsdxWJsqNDNHcPz,VN,2024,2024-Q1,11-20,True
3XCp5o1FUpAH0aj2Hmj5yz,VN,2024,2024-Q1,11-20,True
2ddbldKhKrYvOBbYa87cbj,VN,2024,2024-Q1,11-20,True
1K0HQ30Wc11okzlcnFA7Ub,VN,2024,2024-Q1,11-20,True
4jWmhzf53Q0ZvZMuGdiR9x,VN,2024,2024-Q1,11-20,True
6KgZf5gZgF1KLNxq1qZgHP,VN,2024,2024-Q1,11-20,True
5J3m0taZ0W1E9HTE0MwcSv,VN,2024,2024-Q1,11-20,True
4exlWP8cokkWVCvyP3kg7c,VN,2024,2024-Q1,11-20,True
0fGJiHH6xSUJU1MAVjxq5m,VN,2024,2024-Q1,11-20,True
7Ebm9NxzNhUX2FxzBl1kwm,VN,2024,2024-Q1,21-50,True
7gaA3wERFkFkgivjwbSvkG,VN,2024,2024-Q1,21-50,True
1aKvZDoLGkNMxoRYgkckZG,VN,2024,2024-Q1,21-50,True
3UX7FjJDl6RodnWekzFwEB,VN,2024,2024-Q1,21-50,True
6VXVYATpQXEIoZ97NnWCmn,VN,2024,2024-Q1,21-50,True
5T6j0rfpCDBzAxC8Fpd0N7,VN,2024,2024-Q1,21-50,True
21x7Ld7I7X7HQtDgS8al5Z,VN,2024,2024-Q1,21-50,True
5f4u0kPnU21qNe6fXgAUiV,VN,2024,2024-Q1,21-50,True
5ECHJ1llWBNYLVCYrllD3x,VN,2024,2024-Q1,21-50,True
3ukrFH17Zl6iEZ2QJ1Zwiy,VN,2024,2024-Q1,21-50,True
1J12HjUuXfJnaUdubTEzSR,VN,2024,2024-Q1,51+,True
65aTHDZWUdh6WIafu9MtNF,VN,2024,2024-Q1,51+,True
2rGCYAabfA63PIzhQm7hVq,VN,2024,2024-Q1,51+,True
7eDrdQ7PK9Xm1CZCKWsgmH,VN,2024,2024-Q1,51+,True
2FWBdovgRvBSzA1JESUe0D,VN,2024,2024-Q1,51+,True
5PyDJG7SQRgWXefgexqIge,VN,2024,2024-Q1,51+,True
1izPmgSW7FV6XFdEOiTvOY,VN,2024,2024-Q1,51+,True
6eOD2p1cGmxLiYA0UR03O1,VN,2024,2024-Q1,51+,True
0Qs29ApstkrU5T8S5Hxazw,VN,2024,2024-Q1,51+,True
7ESH2ntyD5Bb1XckoJU554,VN,2024,2024-Q1,51+,True
02H58MSfVESkKyx4diDgu7,VN,2024,2024-Q2,1-10,True
4fj4Jn4nw8fGX8xdbCntJf,VN,2024,2024-Q2,1-10,True
3Ua0m0YmEjrMi9XErKcNiR,VN,2024,2024-Q2,1-10,True
0PBTlQ84CBJF0tBnKGmQa6,VN,2024,2024-Q2,1-10,True
2N0SPREDYqILVEFSsWF5N5,VN,2024,2024-Q2,1-10,True
1LJyhnPdYGRLerwJd8CmL1,VN,2024,2024-Q2,1-10,True
2xOhv7XudrBDtkID1jwsFE,VN,2024,2024-Q2,1-10,True
11sirgYaEutV40tkvgpHN6,VN,2024,2024-Q2,1-10,True
4oGgxjxVOI69h9uOpHOzwn,VN,2024,2024-Q2,1-10,True
3ZbZtdEw9U0uZW4tZItIwq,VN,2024,2024-Q2,1-10,True
1K0HQ30Wc11okzlcnFA7Ub,VN,2024,2024-Q2,11-20,True
5WIKVELHZYJ4vl3x3xlbZD,VN,2024,2024-Q2,11-20,True
4tqXSj46umlymdIxqY8zso,VN,2024,2024-Q2,11-20,True
1SS0WlKhJewviwEDZ6dWj0,VN,2024,2024-Q2,11-20,True
3K7RddI2L8Wiv7uIbrhfLc,VN,2024,2024-Q2,11-20,True
2o1pb13quMReXZqE7jWsgq,VN,2024,2024-Q2,11-20,True
4exlWP8cokkWVCvyP3kg7c,VN,2024,2024-Q2,11-20,True
25h0TqC9H3BcMA7KjK5nHK,VN,2024,2024-Q2,11-20,True
6VXVYATpQXEIoZ97NnWCmn,VN,2024,2024-Q2,11-20,True
5C1O3fpMsiisJpHiB1uuDf,VN,2024,2024-Q2,11-20,True
3A9A7mfVDVm3rrS9SMGhg5,VN,2024,2024-Q2,21-50,True
2wZAvkgiOE5tyrnqhB69KA,VN,2024,2024-Q2,21-50,True
2pm7K14nHj2fLrpU8j9bit,VN,2024,2024-Q2,21-50,True
4jWmhzf53Q0ZvZMuGdiR9x,VN,2024,2024-Q2,21-50,True
1njlnn8ZKHI77Pe9szIONR,VN,2024,2024-Q2,21-50,True
2ddbldKhKrYvOBbYa87cbj,VN,2024,2024-Q2,21-50,True
6kCU6i8iRrAAmJJ8Sj4JYC,VN,2024,2024-Q2,21-50,True
5BTzf3doGTigDIYUFtbkI9,VN,2024,2024-Q2,21-50,True
7kgzRBNkBRArtTPkYjWLYT,VN,2024,2024-Q2,21-50,True
1xoadYaxtOp9gHDwgmPDuz,VN,2024,2024-Q2,21-50,True
7fNHfgOxPLcg4mQLhCnOHB,VN,2024,2024-Q2,51+,True
2SykQzXuFSeprST1uDjj1m,VN,2024,2024-Q2,51+,True
0MJ5wKsPEeihONNfugHGy7,VN,2024,2024-Q2,51+,True
6xKs4CnVadRzdNZ48vhT27,VN,2024,2024-Q2,51+,True
0UaaFmF3xUwMjnuAHBq7qL,VN,2024,2024-Q2,51+,True
6o5y1iNvg3ORGfHtBEB8U4,VN,2024,2024-Q2,51+,True
0tGmDUHDoT8pxYhgAT3yNG,VN,2024,2024-Q2,51+,True
6dgUya35uo964z7GZXM07g,VN,2024,2024-Q2,51+,True
5AaHvf9iO6RydAIissh0kz,VN,2024,2024-Q2,51+,True
45PPoUgqs3JrhkZGEzSUHT,VN,2024,2024-Q2,51+,True
2nRMW95dnOILirpjbksLTs,VN,2024,2024-Q3,1-10,True
6vvPecFTmWxDfEJ6cYT1wa,VN,2024,2024-Q3,1-10,True
2ZqTbIID9vFPTXaGyzbb4q,VN,2024,2024-Q3,1-10,True
5XfGQZA0ioQAWUjlyJRcHc,VN,2024,2024-Q3,1-10,True
0BX2eDMZJrGzApf4ZGXrFi,VN,2024,2024-Q3,1-10,True
31VNCmwspR7nVJ6kruUuJt,VN,2024,2024-Q3,1-10,True
3k6q0O9JnO2GhvD6C8fs20,VN,2024,2024-Q3,1-10,True
5oFEvbM7lGnx8jfAkuhVyo,VN,2024,2024-Q3,1-10,True
2plbrEY59IikOBgBGLjaoe,VN,2024,2024-Q3,1-10,True
3Alwi53Ahc2GwHgvel42b2,VN,2024,2024-Q3,1-10,True
25h0TqC9H3BcMA7KjK5nHK,VN,2024,2024-Q3,11-20,True
3OVMe3H6iAxbLF8iD2UYrw,VN,2024,2024-Q3,11-20,True
26zqmmkqUK6mCc87XDzPym,VN,2024,2024-Q3,11-20,True
5PGh9MyKry8slG5AfvD1eD,VN,2024,2024-Q3,11-20,True
07d8eaOuAWdC0DANq3tdPd,VN,2024,2024-Q3,11-20,True
2xOhv7XudrBDtkID1jwsFE,VN,2024,2024-Q3,11-20,True
4CUvVaAYuXtvYURLFz7EIL,VN,2024,2024-Q3,11-20,True
4WZf4gJ2MvBec6XPdUiqcq,VN,2024,2024-Q3,11-20,True
3COYA2vgfcUhDyRlVpZy5p,VN,2024,2024-Q3,11-20,True
7Cjsw965r7mVK888ZqP6Wo,VN,2024,2024-Q3,11-20,True
6VXVYATpQXEIoZ97NnWCmn,VN,2024,2024-Q3,21-50,True
5ECHJ1llWBNYLVCYrllD3x,VN,2024,2024-Q3,21-50,True
5J3m0taZ0W1E9HTE0MwcSv,VN,2024,2024-Q3,21-50,True
7pqx5vF7DzkVtEdsXQ9iua,VN,2024,2024-Q3,21-50,True
5ydjxBSUIDn26MFzU3asP4,VN,2024,2024-Q3,21-50,True
7kKu4NWeBh01I6aTIEP9bg,VN,2024,2024-Q3,21-50,True
1LJyhnPdYGRLerwJd8CmL1,VN,2024,2024-Q3,21-50,True
3A9A7mfVDVm3rrS9SMGhg5,VN,2024,2024-Q3,21-50,True
2HRqTpkrJO5ggZyyK6NPWz,VN,2024,2024-Q3,21-50,True
1J12HjUuXfJnaUdubTEzSR,VN,2024,2024-Q3,21-50,True
0H4ugk6rhnXmTl47ayy9O5,VN,2024,2024-Q3,51+,True
62bOmKYxYg7dhrC6gH9vFn,VN,2024,2024-Q3,51+,True
3nw5vYaH4qVx8joq3qhtNx,VN,2024,2024-Q3,51+,True
7AD5F85waSb3yZxZxEXhJM,VN,2024,2024-Q3,51+,True
4iLqG9SeJSnt0cSPICSjxv,VN,2024,2024-Q3,51+,True
7h2zqUH4bYyknNUxsYnS5V,VN,2024,2024-Q3,51+,True
5uyNAX6MazVAjBjVeOsTvp,VN,2024,2024-Q3,51+,True
2nR51wakN5K3AJENqGaNg9,VN,2024,2024-Q3,51+,True
5ocSQW5sIUIOFojwXEz9Ki,VN,2024,2024-Q3,51+,True
5cn5oHiXJTLiuthgbgfkMh,VN,2024,2024-Q3,51+,True
0SLzsfxED15vyUccX4bCqo,VN,2024,2024-Q4,1-10,True
50zAEIE4B1QqhPjRMK2Xmh,VN,2024,2024-Q4,1-10,True
4nXrVH5xwN1w6TpmP7uu8n,VN,2024,2024-Q4,1-10,True
1K0HQ30Wc11okzlcnFA7Ub,VN,2024,2024-Q4,1-10,True
2plbrEY59IikOBgBGLjaoe,VN,2024,2024-Q4,1-10,True
2GE2p2dFpxp7OIz2QOFBzW,VN,2024,2024-Q4,1-10,True
3uT8QfoX0BE8ZJa4h98LDW,VN,2024,2024-Q4,1-10,True
1z5ebC9238uGoBgzYyvGpQ,VN,2024,2024-Q4,1-10,True
7134tEHq45eL6am9oVazZU,VN,2024,2024-Q4,1-10,True
4wJ5Qq0jBN4ajy7ouZIV1c,VN,2024,2024-Q4,1-10,True
5oFEvbM7lGnx8jfAkuhVyo,VN,2024,2024-Q4,11-20,True
0e6fZkLArSmDIHnZcIua7t,VN,2024,2024-Q4,11-20,True
3ZbZtdEw9U0uZW4tZItIwq,VN,2024,2024-Q4,11-20,True
0BX2eDMZJrGzApf4ZGXrFi,VN,2024,2024-Q4,11-20,True
4fj4Jn4nw8fGX8xdbCntJf,VN,2024,2024-Q4,11-20,True
0s7RyyUlQfd8mnnboHe18n,VN,2024,2024-Q4,11-20,True
7gSQxwCpEMjg8wb6Y3oqe7,VN,2024,2024-Q4,11-20,True
3Nn9QjxOEj1pleW9xTG6cq,VN,2024,2024-Q4,11-20,True
31VNCmwspR7nVJ6kruUuJt,VN,2024,2024-Q4,11-20,True
4eeflgjzTF8xN8U2E0dech,VN,2024,2024-Q4,11-20,True
0669gFIK8dYK9GGQ0K0QNF,VN,2024,2024-Q4,21-50,True
1LJyhnPdYGRLerwJd8CmL1,VN,2024,2024-Q4,21-50,True
4hdOYl6xm8ry6hZzn9pBqw,VN,2024,2024-Q4,21-50,True
2a5hng9yXtbjtTVVm9UviC,VN,2024,2024-Q4,21-50,True
5YiNxgEQQTuFi5dKLxxjWm,VN,2024,2024-Q4,21-50,True
7Cjsw965r7mVK888ZqP6Wo,VN,2024,2024-Q4,21-50,True
50aQbgfdydBXABx2gATQHn,VN,2024,2024-Q4,21-50,True
3y4q6bBdbXsTIaPiwiiUfy,VN,2024,2024-Q4,21-50,True
67siqMtQTGPpJZI4Dz8OpM,VN,2024,2024-Q4,21-50,True
2SR0alFA2oWYXSoePGTj0V,VN,2024,2024-Q4,21-50,True
0QzuaeCEEOV40Pn7IvKEny,VN,2024,2024-Q4,51+,True
52oyR8Wjhdzg7zucr8keYl,VN,2024,2024-Q4,51+,True
0bYg9bo50gSsH3LtXe2SQn,VN,2024,2024-Q4,51+,True
4QkTMKgtkI6P9v9NRzSswS,VN,2024,2024-Q4,51+,True
5LQpQ6SDeaz6SIkR0lvsoC,VN,2024,2024-Q4,51+,True
2o4dDfLK6NVI7TjBm5VoMv,VN,2024,2024-Q4,51+,True
4XsJiRJQAK8TWcZCn0Dxlh,VN,2024,2024-Q4,51+,True
3K7RddI2L8Wiv7uIbrhfLc,VN,2024,2024-Q4,51+,True
1pwyiEOvhXLvlpzTZcgfhe,VN,2024,2024-Q4,51+,True
0oL2jCTf9P9a7flY5mCpYu,VN,2024,2024-Q4,51+,True
0669gFIK8dYK9GGQ0K0QNF,VN,2025,2025-Q1,1-10,True
0JBBsuv6YHi37NqzCNfr0d,VN,2025,2025-Q1,1-10,True
2Pwou3Q2Cf59RxdX2V6MgV,VN,2025,2025-Q1,1-10,True
1lcBt7LoEikqYmhUoa2cez,VN,2025,2025-Q1,1-10,True
1K0HQ30Wc11okzlcnFA7Ub,VN,2025,2025-Q1,1-10,True
4eeflgjzTF8xN8U2E0dech,VN,2025,2025-Q1,1-10,True
6cc5PzJUddXskJGHJINw9F,VN,2025,2025-Q1,1-10,True
5Fhr3wqeieN5WDkAsqL1JJ,VN,2025,2025-Q1,1-10,True
41DlPJXKTCypXdf2eSqa03,VN,2025,2025-Q1,1-10,True
0oSc7X1uRQGuEqNRtXEeQL,VN,2025,2025-Q1,1-10,True
226ljdOTLM2clGpm4mZvAm,VN,2025,2025-Q1,11-20,True
2plbrEY59IikOBgBGLjaoe,VN,2025,2025-Q1,11-20,True
3ZbZtdEw9U0uZW4tZItIwq,VN,2025,2025-Q1,11-20,True
7fCeYpR02Q8JVuD88hJZVT,VN,2025,2025-Q1,11-20,True
7LVrrX8pkzI9fMF88nGabt,VN,2025,2025-Q1,11-20,True
72NMPuJCRsOUoXQJdzVfdo,VN,2025,2025-Q1,11-20,True
4EIFwndJvGpgFjsEbNuYif,VN,2025,2025-Q1,11-20,True
4fj4Jn4nw8fGX8xdbCntJf,VN,2025,2025-Q1,11-20,True
31VNCmwspR7nVJ6kruUuJt,VN,2025,2025-Q1,11-20,True
7mblTCdc14ylJ1JW71MODb,VN,2025,2025-Q1,11-20,True
2oVLEoBVDvYrGmzrU7dEm5,VN,2025,2025-Q1,21-50,True
5JoQSuMrHdu7BcgIY9hDcX,VN,2025,2025-Q1,21-50,True
6a1uj8onBHUi6TKSREPxHY,VN,2025,2025-Q1,21-50,True
265hQASPY3HFmUH38zZrSK,VN,2025,2025-Q1,21-50,True
5ca1aUHYwTDNO5E6unithq,VN,2025,2025-Q1,21-50,True
10zywlg5b0gQOC3q1A7ADx,VN,2025,2025-Q1,21-50,True
2a5hng9yXtbjtTVVm9UviC,VN,2025,2025-Q1,21-50,True
7KNmIjcmGJIBrhP2s5Vioe,VN,2025,2025-Q1,21-50,True
0e6fZkLArSmDIHnZcIua7t,VN,2025,2025-Q1,21-50,True
4exlWP8cokkWVCvyP3kg7c,VN,2025,2025-Q1,21-50,True
0QzuaeCEEOV40Pn7IvKEny,VN,2025,2025-Q1,51+,True
79bSb2Ilugozn6VygdplEZ,VN,2025,2025-Q1,51+,True
2nR51wakN5K3AJENqGaNg9,VN,2025,2025-Q1,51+,True
6xKs4CnVadRzdNZ48vhT27,VN,2025,2025-Q1,51+,True
4HxGH28DitgAuuKpEVrLzN,VN,2025,2025-Q1,51+,True
44sYmL97Lv8mEbzgANFkPD,VN,2025,2025-Q1,51+,True
0fGJiHH6xSUJU1MAVjxq5m,VN,2025,2025-Q1,51+,True
3K7RddI2L8Wiv7uIbrhfLc,VN,2025,2025-Q1,51+,True
354swDEk1Zdo9y57fEqmRg,VN,2025,2025-Q1,51+,True
5J90ah0ppUSev1uahqQiN6,VN,2025,2025-Q1,51+,True
0JBBsuv6YHi37NqzCNfr0d,VN,2025,2025-Q2,1-10,True
6Wobsw9uZ0D0xkfOjxXSq9,VN,2025,2025-Q2,1-10,True
5PCOOngROV9jWsUViSy4Ed,VN,2025,2025-Q2,1-10,True
0oSc7X1uRQGuEqNRtXEeQL,VN,2025,2025-Q2,1-10,True
354swDEk1Zdo9y57fEqmRg,VN,2025,2025-Q2,1-10,True
226ljdOTLM2clGpm4mZvAm,VN,2025,2025-Q2,1-10,True
3uT8QfoX0BE8ZJa4h98LDW,VN,2025,2025-Q2,1-10,True
1XZE0InCx3SdCnLpVsPpZl,VN,2025,2025-Q2,1-10,True
6cc5PzJUddXskJGHJINw9F,VN,2025,2025-Q2,1-10,True
5WkuMbkHX7yR7nnBKCn7tV,VN,2025,2025-Q2,1-10,True
0669gFIK8dYK9GGQ0K0QNF,VN,2025,2025-Q2,11-20,True
1K0HQ30Wc11okzlcnFA7Ub,VN,2025,2025-Q2,11-20,True
31VNCmwspR7nVJ6kruUuJt,VN,2025,2025-Q2,11-20,True
4tqXSj46umlymdIxqY8zso,VN,2025,2025-Q2,11-20,True
4gaxEUZE4z9pJAVTSFwgQI,VN,2025,2025-Q2,11-20,True
4eeflgjzTF8xN8U2E0dech,VN,2025,2025-Q2,11-20,True
3ZbZtdEw9U0uZW4tZItIwq,VN,2025,2025-Q2,11-20,True
41DlPJXKTCypXdf2eSqa03,VN,2025,2025-Q2,11-20,True
1z5ebC9238uGoBgzYyvGpQ,VN,2025,2025-Q2,11-20,True
5Fhr3wqeieN5WDkAsqL1JJ,VN,2025,2025-Q2,11-20,True
7mblTCdc14ylJ1JW71MODb,VN,2025,2025-Q2,21-50,True
2xOhv7XudrBDtkID1jwsFE,VN,2025,2025-Q2,21-50,True
5PGh9MyKry8slG5AfvD1eD,VN,2025,2025-Q2,21-50,True
6hUpxEKFSjS8metuA1yxlf,VN,2025,2025-Q2,21-50,True
3ET3xHCLMGd57u06A9RjJ0,VN,2025,2025-Q2,21-50,True
6kCU6i8iRrAAmJJ8Sj4JYC,VN,2025,2025-Q2,21-50,True
4OXAneZHFJyQV1RuzCzmH3,VN,2025,2025-Q2,21-50,True
2uZmeuNAxSm7XfVIwLkhCx,VN,2025,2025-Q2,21-50,True
1o6cYDMHvKOfizi4d9Lqxr,VN,2025,2025-Q2,21-50,True
3P3rcI48wwVEgxF5vPM6pG,VN,2025,2025-Q2,21-50,True
0OB5hTu7ELKeVoD6JVRo6m,VN,2025,2025-Q2,51+,True
37uug3gaq86yvFTjV6WkaV,VN,2025,2025-Q2,51+,True
43zzuEWDotRcKlSFzrlJqs,VN,2025,2025-Q2,51+,True
4vfhartd7HDWGJbdVIycEu,VN,2025,2025-Q2,51+,True
7q1qYSyRkGT4ZaCc2ZQihP,VN,2025,2025-Q2,51+,True
3ukrFH17Zl6iEZ2QJ1Zwiy,VN,2025,2025-Q2,51+,True
2dHoVW9AxJVSRebPRyV2aA,VN,2025,2025-Q2,51+,True
3cZH38witMhkLvATILgEe5,VN,2025,2025-Q2,51+,True
5oFEvbM7lGnx8jfAkuhVyo,VN,2025,2025-Q2,51+,True
6Hs2xIgB8nzyGFDvVA8lFa,VN,2025,2025-Q2,51+,True
2qrpmvkxE0oz78ym1LEvXd,VN,2025,2025-Q3,1-10,True
4UAnQaQTSMjKjHkqjKwEYx,VN,2025,2025-Q3,1-10,True
08Hvl1OJalM7dG6mf6jpx6,VN,2025,2025-Q3,1-10,True
7k9aYmnQ1nrp3RMTxNtUQV,VN,2025,2025-Q3,1-10,True
3ET3xHCLMGd57u06A9RjJ0,VN,2025,2025-Q3,1-10,True
34FhBswjcDbFzGx8zcPqoj,VN,2025,2025-Q3,1-10,True
3qKeW2XJFZU5CvOQKStQW6,VN,2025,2025-Q3,1-10,True
1ApIGNgp1azc0qB61x4GzG,VN,2025,2025-Q3,1-10,True
6cc5PzJUddXskJGHJINw9F,VN,2025,2025-Q3,1-10,True
1uiqiUzPn2EJpvHDy84PEZ,VN,2025,2025-Q3,1-10,True
6kCU6i8iRrAAmJJ8Sj4JYC,VN,2025,2025-Q3,11-20,True
7C0kNQRFtNhs7Ibx1Q4sLy,VN,2025,2025-Q3,11-20,True
11OxuU5y7ebAJyKaY8dOl0,VN,2025,2025-Q3,11-20,True
7fCeYpR02Q8JVuD88hJZVT,VN,2025,2025-Q3,11-20,True
31VNCmwspR7nVJ6kruUuJt,VN,2025,2025-Q3,11-20,True
4tqXSj46umlymdIxqY8zso,VN,2025,2025-Q3,11-20,True
1WbTOu4D2oHK9fg2qR6msd,VN,2025,2025-Q3,11-20,True
1K0HQ30Wc11okzlcnFA7Ub,VN,2025,2025-Q3,11-20,True
7gSQxwCpEMjg8wb6Y3oqe7,VN,2025,2025-Q3,11-20,True
2wZAvkgiOE5tyrnqhB69KA,VN,2025,2025-Q3,11-20,True
5rSAUmbOg4giDrM29vUyHe,VN,2025,2025-Q3,21-50,True
3y66li7DIrH7HLKIZzxR5H,VN,2025,2025-Q3,21-50,True
41DlPJXKTCypXdf2eSqa03,VN,2025,2025-Q3,21-50,True
5XfGQZA0ioQAWUjlyJRcHc,VN,2025,2025-Q3,21-50,True
5PGh9MyKry8slG5AfvD1eD,VN,2025,2025-Q3,21-50,True
6Hs2xIgB8nzyGFDvVA8lFa,VN,2025,2025-Q3,21-50,True
0SmQ0UWeiHKQtxUej4Rem6,VN,2025,2025-Q3,21-50,True
226ljdOTLM2clGpm4mZvAm,VN,2025,2025-Q3,21-50,True
1EmMFSLRVkOszCa4ul9z0F,VN,2025,2025-Q3,21-50,True
0SNgVYcHY0UPil9YGmwU5k,VN,2025,2025-Q3,21-50,True
7bn8ckDTI4EQIKZ6jRL4K0,VN,2025,2025-Q3,51+,True
7tFwBnuaGXqiiONukPRaCo,VN,2025,2025-Q3,51+,True
50cmxP6KlnQA9IG3q5ckKD,VN,2025,2025-Q3,51+,True
6Wobsw9uZ0D0xkfOjxXSq9,VN,2025,2025-Q3,51+,True
0QIBqBajZLLcWfL6mpVsN3,VN,2025,2025-Q3,51+,True
3ukrFH17Zl6iEZ2QJ1Zwiy,VN,2025,2025-Q3,51+,True
6hUpxEKFSjS8metuA1yxlf,VN,2025,2025-Q3,51+,True
2kt7udEZmN2kj1Jsl118zY,VN,2025,2025-Q3,51+,True
7jLSThU5Kg1RWt19Leiaxm,VN,2025,2025-Q3,51+,True
51bYFYWODfYOZU0rwvjiCc,VN,2025,2025-Q3,51+,True
1ApIGNgp1azc0qB61x4GzG,VN,2025,2025-Q4,1-10,True
53iuhJlwXhSER5J2IYYv1W,VN,2025,2025-Q4,1-10,True
3T7XHOdRcyhKU3QCB6kZG3,VN,2025,2025-Q4,1-10,True
1DVYafsLmcQySKkJnY4RCs,VN,2025,2025-Q4,1-10,True
5WkuMbkHX7yR7nnBKCn7tV,VN,2025,2025-Q4,1-10,True
2daxUR0gVJr2dOmOtYvW8R,VN,2025,2025-Q4,1-10,True
7dlgEjrK3lHbP786dshKDV,VN,2025,2025-Q4,1-10,True
4nXrVH5xwN1w6TpmP7uu8n,VN,2025,2025-Q4,1-10,True
27xkOIER6uDLKALIelHylZ,VN,2025,2025-Q4,1-10,True
2a5hng9yXtbjtTVVm9UviC,VN,2025,2025-Q4,1-10,True
08Hvl1OJalM7dG6mf6jpx6,VN,2025,2025-Q4,11-20,True
11OxuU5y7ebAJyKaY8dOl0,VN,2025,2025-Q4,11-20,True
29Tj2R8sZZ3fzlXZVe1OyY,VN,2025,2025-Q4,11-20,True
6gmvd9Lld9MiNR9r6I9eFE,VN,2025,2025-Q4,11-20,True
4WFfPxJv1KRekG6mxn837K,VN,2025,2025-Q4,11-20,True
6cc5PzJUddXskJGHJINw9F,VN,2025,2025-Q4,11-20,True
41DlPJXKTCypXdf2eSqa03,VN,2025,2025-Q4,11-20,True
5zXCoF69UxPNLrpar8Rk7e,VN,2025,2025-Q4,11-20,True
1K0HQ30Wc11okzlcnFA7Ub,VN,2025,2025-Q4,11-20,True
4BdB08vuS9r4HOoY7GkAxT,VN,2025,2025-Q4,11-20,True
6VXVYATpQXEIoZ97NnWCmn,VN,2025,2025-Q4,21-50,True
3rIQPhzwnHiF3PzfFVnXp5,VN,2025,2025-Q4,21-50,True
3yWuTOYDztXjZxdE2cIRUa,VN,2025,2025-Q4,21-50,True
7mblTCdc14ylJ1JW71MODb,VN,2025,2025-Q4,21-50,True
5cn5oHiXJTLiuthgbgfkMh,VN,2025,2025-Q4,21-50,True
6uxuJ8Fr1AAfSPJUF9N1yr,VN,2025,2025-Q4,21-50,True
1fFvYVg1v3rpUSqKNCUh7b,VN,2025,2025-Q4,21-50,True
2ix8KB1Xm7rRGzkh3i8P1d,VN,2025,2025-Q4,21-50,True
27F22WcGDyl4Z2KylVJkXL,VN,2025,2025-Q4,21-50,True
1WbTOu4D2oHK9fg2qR6msd,VN,2025,2025-Q4,21-50,True
3ZbZtdEw9U0uZW4tZItIwq,VN,2025,2025-Q4,51+,True
7uulTURh3qtUEUnMNtgcA6,VN,2025,2025-Q4,51+,True
51bYFYWODfYOZU0rwvjiCc,VN,2025,2025-Q4,51+,True
6KIhgRkprgyJNERRMu7Quh,VN,2025,2025-Q4,51+,True
0SmQ0UWeiHKQtxUej4Rem6,VN,2025,2025-Q4,51+,True
5U30iZBlmxkpHqzb1OSnBS,VN,2025,2025-Q4,51+,True
5wYQC7AuxV8ROALWcbVNxc,VN,2025,2025-Q4,51+,True
2kt7udEZmN2kj1Jsl118zY,VN,2025,2025-Q4,51+,True
7jLSThU5Kg1RWt19Leiaxm,VN,2025,2025-Q4,51+,True
527UV7H9SbnmTVkxBVg56X,VN,2025,2025-Q4,51+,True
0KmrKOdScRDVYwWS8hkkdv,VN,2026,2026-Q1,1-10,True
6Qwl74olNi1rl65FNxG5We,VN,2026,2026-Q1,1-10,True
6GM4ZOBDcDroldUxI8GZ2B,VN,2026,2026-Q1,1-10,True
0t8g66pWghsU8MphjUQIdg,VN,2026,2026-Q1,1-10,True
41DlPJXKTCypXdf2eSqa03,VN,2026,2026-Q1,1-10,True
2HRgqmZQC0MC7GeNuDIXHN,VN,2026,2026-Q1,1-10,True
5DB1UwivnS4gmcZ27TiYnE,VN,2026,2026-Q1,1-10,True
1K0HQ30Wc11okzlcnFA7Ub,VN,2026,2026-Q1,1-10,True
7ESH2ntyD5Bb1XckoJU554,VN,2026,2026-Q1,1-10,True
6GUKRhIsWxA7VuZW8MKQLG,VN,2026,2026-Q1,1-10,True
66LE366537RxmOur0DcGFH,VN,2026,2026-Q1,11-20,True
3FZPp9lBUvhsxFxKJi3VkB,VN,2026,2026-Q1,11-20,True
4D1eaEIisnWCVPMnYuMh7q,VN,2026,2026-Q1,11-20,True
3bmpXHVie1GTy37OkXJ7Vc,VN,2026,2026-Q1,11-20,True
29Tj2R8sZZ3fzlXZVe1OyY,VN,2026,2026-Q1,11-20,True
2IFND3phjzIG1RcPnHh2hP,VN,2026,2026-Q1,11-20,True
7LVrrX8pkzI9fMF88nGabt,VN,2026,2026-Q1,11-20,True
5WkuMbkHX7yR7nnBKCn7tV,VN,2026,2026-Q1,11-20,True
2a5hng9yXtbjtTVVm9UviC,VN,2026,2026-Q1,11-20,True
01qFKNWq73UfEslI0GvumE,VN,2026,2026-Q1,11-20,True
43BJVWcBzHRIDaQCg7abnX,VN,2026,2026-Q1,21-50,True
6VXVYATpQXEIoZ97NnWCmn,VN,2026,2026-Q1,21-50,True
3qKeW2XJFZU5CvOQKStQW6,VN,2026,2026-Q1,21-50,True
6s3w7SUVtmm68Bw5KrKMh0,VN,2026,2026-Q1,21-50,True
3P3rcI48wwVEgxF5vPM6pG,VN,2026,2026-Q1,21-50,True
66v7AvDs5gZfmkJgFMMtHL,VN,2026,2026-Q1,21-50,True
27Z9T0mSWHYWSj9SNOGvyt,VN,2026,2026-Q1,21-50,True
3A9A7mfVDVm3rrS9SMGhg5,VN,2026,2026-Q1,21-50,True
0fGJiHH6xSUJU1MAVjxq5m,VN,2026,2026-Q1,21-50,True
3VkV6L37ub0rtuYQoawAqz,VN,2026,2026-Q1,21-50,True
5LQpQ6SDeaz6SIkR0lvsoC,VN,2026,2026-Q1,51+,True
7kgzRBNkBRArtTPkYjWLYT,VN,2026,2026-Q1,51+,True
0fK7ie6XwGxQTIkpFoWkd1,VN,2026,2026-Q1,51+,True
5tmA5oQDF0ULqRI12LKCDw,VN,2026,2026-Q1,51+,True
5PGh9MyKry8slG5AfvD1eD,VN,2026,2026-Q1,51+,True
4SqE2XLtd1AfppGm2xlkf4,VN,2026,2026-Q1,51+,True
3W77mLoXjQEkNjxvYRifjG,VN,2026,2026-Q1,51+,True
15yC0BCinDyknKpjk0VLku,VN,2026,2026-Q1,51+,True
2HEd2fkMbbIclpv8pYvWW0,VN,2026,2026-Q1,51+,True
2o4dDfLK6NVI7TjBm5VoMv,VN,2026,2026-Q1,51+,True
6GM4ZOBDcDroldUxI8GZ2B,VN,2026,2026-Q2,1-10,True
5KYv3kORBKUmVEoqbRRWxt,VN,2026,2026-Q2,1-10,True
0NyrI1tMvqcK3vU5z9DMdI,VN,2026,2026-Q2,1-10,True
4nXrVH5xwN1w6TpmP7uu8n,VN,2026,2026-Q2,1-10,True
6Qwl74olNi1rl65FNxG5We,VN,2026,2026-Q2,1-10,True
68lbSrXDORS51pmyjZv712,VN,2026,2026-Q2,1-10,True
0a32EBPjqAe47cYDPE5Ia5,VN,2026,2026-Q2,1-10,True
6BnPsHZv1jPbPAsQsm0s5b,VN,2026,2026-Q2,1-10,True
2KslE17cAJNHTsI2MI0jb2,VN,2026,2026-Q2,1-10,True
11T61UpoNbbcewOMl1kcWN,VN,2026,2026-Q2,1-10,True
2a5hng9yXtbjtTVVm9UviC,VN,2026,2026-Q2,11-20,True
5DB1UwivnS4gmcZ27TiYnE,VN,2026,2026-Q2,11-20,True
0GXZXSDFSbJjqdGifjSaig,VN,2026,2026-Q2,11-20,True
6mKMGpkgP2cH5gmqILWe7b,VN,2026,2026-Q2,11-20,True
3T7XHOdRcyhKU3QCB6kZG3,VN,2026,2026-Q2,11-20,True
2o4dDfLK6NVI7TjBm5VoMv,VN,2026,2026-Q2,11-20,True
41DlPJXKTCypXdf2eSqa03,VN,2026,2026-Q2,11-20,True
0hB27T4dy9qBUcZabsrLOj,VN,2026,2026-Q2,11-20,True
6kCU6i8iRrAAmJJ8Sj4JYC,VN,2026,2026-Q2,11-20,True
1UhQ0VwKq2PGnLiAZOJYV1,VN,2026,2026-Q2,11-20,True
01qFKNWq73UfEslI0GvumE,VN,2026,2026-Q2,21-50,True
0pavLg3wbL6PVXAgXoWv4S,VN,2026,2026-Q2,21-50,True
4nyoalDFgUaZOzIKqj3aS5,VN,2026,2026-Q2,21-50,True
22GCbN9OyrCa1tC1jZnX8O,VN,2026,2026-Q2,21-50,True
6IxPiUQI4Cd0mL0pBIOjAg,VN,2026,2026-Q2,21-50,True
71luUs5K7N1fdf7ecMKg04,VN,2026,2026-Q2,21-50,True
4wD6v7xAl1Hhfl2rli4q0n,VN,2026,2026-Q2,21-50,True
3P3rcI48wwVEgxF5vPM6pG,VN,2026,2026-Q2,21-50,True
6ag0c7tBr3PIqPb00C2rK4,VN,2026,2026-Q2,21-50,True
1r9gNSD1WUFscqTSA2Rcet,VN,2026,2026-Q2,21-50,True
1VyXprVXZYNGWWZf1u4JfN,VN,2026,2026-Q2,51+,True
0KA8tBqZ81mBe2po59GK5j,VN,2026,2026-Q2,51+,True
5YPU2SdqR2pOsfFs5AW25q,VN,2026,2026-Q2,51+,True
2w7jOvl0kpplNxisgfnCdT,VN,2026,2026-Q2,51+,True
4wJ5Qq0jBN4ajy7ouZIV1c,VN,2026,2026-Q2,51+,True
5UUNrCgGtC6JOrATM3y3ZT,VN,2026,2026-Q2,51+,True
5uyNAX6MazVAjBjVeOsTvp,VN,2026,2026-Q2,51+,True
3VegC0PZiHjGxb80DER8XU,VN,2026,2026-Q2,51+,True
0OB5hTu7ELKeVoD6JVRo6m,VN,2026,2026-Q2,51+,True
7G7mSV4BebkoHWwKTDvXu9,VN,2026,2026-Q2,51+,True
0a32EBPjqAe47cYDPE5Ia5,VN,2026,2026-Q3,1-10,True
1ApIGNgp1azc0qB61x4GzG,VN,2026,2026-Q3,1-10,True
4TmcmTzr88j02kCDh19VNt,VN,2026,2026-Q3,1-10,True
7bFFUPBiF15n8m8RziqS4o,VN,2026,2026-Q3,1-10,True
6Qwl74olNi1rl65FNxG5We,VN,2026,2026-Q3,1-10,True
7aBUKC55ymgBw7M5gdppte,VN,2026,2026-Q3,1-10,True
68lbSrXDORS51pmyjZv712,VN,2026,2026-Q3,1-10,True
73RcFjiDtStfP3GCW44vJu,VN,2026,2026-Q3,1-10,True
1IWEzoYndBj6ntPQ1nYiFP,VN,2026,2026-Q3,1-10,True
6CTdPSNvUYw7UjerVIkUia,VN,2026,2026-Q3,1-10,True
2wZAvkgiOE5tyrnqhB69KA,VN,2026,2026-Q3,11-20,True
4VjLWbQhf8KUPMeuBO5H55,VN,2026,2026-Q3,11-20,True
0CY9y1F7RcRSV3raHljdxu,VN,2026,2026-Q3,11-20,True
6iXGivPFpsqKmrINhIbPvx,VN,2026,2026-Q3,11-20,True
4B4Q7zfd0aHcuhQBfCRnH5,VN,2026,2026-Q3,11-20,True
3J3nv18iIrOhca1ZWNeuyW,VN,2026,2026-Q3,11-20,True
4HjBeRYorM50d1rCrl853a,VN,2026,2026-Q3,11-20,True
0NyrI1tMvqcK3vU5z9DMdI,VN,2026,2026-Q3,11-20,True
6Zoi4ue74UdUeYmHXItXnf,VN,2026,2026-Q3,11-20,True
2KslE17cAJNHTsI2MI0jb2,VN,2026,2026-Q3,11-20,True
0eAuGrXyGFYwur9ARUe7LJ,VN,2026,2026-Q3,21-50,True
1MiJk3dXC5jzhvLFP0dUM7,VN,2026,2026-Q3,21-50,True
4exlWP8cokkWVCvyP3kg7c,VN,2026,2026-Q3,21-50,True
27Z9T0mSWHYWSj9SNOGvyt,VN,2026,2026-Q3,21-50,True
5jCSifehmtV2KDWLoXgA8F,VN,2026,2026-Q3,21-50,True
6kCU6i8iRrAAmJJ8Sj4JYC,VN,2026,2026-Q3,21-50,True
50xuQI5QlXggFKpq66IBON,VN,2026,2026-Q3,21-50,True
3bmqUlen7AJeTh3EKCEPHe,VN,2026,2026-Q3,21-50,True
5tdz7T4hTxA1ipJMBe24uX,VN,2026,2026-Q3,21-50,True
20jbSiX29FDX4oQxBXyUEi,VN,2026,2026-Q3,21-50,True
0RiRZpuVRbi7oqRdSMwhQY,VN,2026,2026-Q3,51+,True
6Q2oEdOhRjZ1DTv2a7j0lN,VN,2026,2026-Q3,51+,True
4eeflgjzTF8xN8U2E0dech,VN,2026,2026-Q3,51+,True
7AD5F85waSb3yZxZxEXhJM,VN,2026,2026-Q3,51+,True
5PGh9MyKry8slG5AfvD1eD,VN,2026,2026-Q3,51+,True
7Ldcvhcl4Xj4eOTSWpZus5,VN,2026,2026-Q3,51+,True
6LakfNLAPklxBWkexiRfD0,VN,2026,2026-Q3,51+,True
3H6nzsPNMttEvUl3ai3xN8,VN,2026,2026-Q3,51+,True
6E3P4uOfKHYXJLK6Q3s0Tj,VN,2026,2026-Q3,51+,True
65st6HfPZyxq1RNTvqSIos,VN,2026,2026-Q3,51+,True
