spotify_track_id,title,artist,release_date,duration_ms,duration_status
6Im9k8u9iIzKMrmV7BWtlF,34+35,Ariana Grande,2020-10-30,173710,success
4SFknyjLcyTLJFPKD2m96o,How You Like That,BLACKPINK,2020-10-02,182956,success
3aQem4jVGdhtg116TmJnHz,What’s Next,Drake,2021-03-05,178153,success
5QO79kh1waicV47BqGRL3g,Save Your Tears,The Weeknd,2020-03-20,215626,success
2Zr0bYRHwWXi7eM2wuE6Aj,VVS,MIRANI,2020-11-21,335253,success
2dHoVW9AxJVSRebPRyV2aA,Gone,ROSÉ,2021-03-12,207163,success
5KawlOMHjWeUjQtnuRs22c,Boy With Luv,BTS,2019-04-12,229773,success
0n2moJpAEWHwaPYYjkzMDl,Blue & Grey,BTS,2020-11-20,254950,success
6F2r4HgpJnvKDmkN6JEN6J,As I Am,Justin Bieber,2021-03-19,174406,success
3eZYOQO4UzKrUDYDghtnFw,test drive,Ariana Grande,2021-02-19,122174,success
0CnpSTdL9l5vQM4YnzXtyo,Panorama,IZ*ONE,2020-12-07,222853,success
2dkFOWqyiVFS3xsQUEdBJG,친구,BTS,2020-02-01,199338,success
3apeXzypBMnUfYcZYNX6DH,I CAN'T STOP ME,TWICE,2020-10-26,205493,success
0ono6UCNVZ1XqOm6j78Blu,Filter,BTS,2020-02-21,180220,success
3J8EOeKLTLXORtWPpOU5bE,Calling My Phone,Lil Tjay,2021-04-02,205458,success
6kH1sKkvgN4Yikake52glq,We Ride,Brave Girls,2020-08-14,189933,success
1t2qYCAjUAoGfeFeoBlK51,Black Mamba,aespa,2020-11-17,174933,success
5zFglKYiknIxks8geR8rcL,Beautiful Mistakes,Maroon 5,2021-06-11,227395,success
6YvqWjhGD8mB5QXcbcUKtx,Love Story (Taylor’s Version),Taylor Swift,2021-04-09,235766,success
6tDDoYIxWvMLTdKpjFkc1B,telepatía,Kali Uchis,2020-12-04,160191,success
7K31QxS2DmTBxdYldd8yqf,Tomorrow,lIlBOI,2020-12-05,276152,success
6FdShjf7nA2cqEnpv1tIia,Make A Wish (Birthday Song),NCT U,2020-10-12,229400,success
02MWAaffLxlfxAUY7c5dvx,Heat Waves,Glass Animals,2020-08-06,238805,success
4vTgx6h4seHvkuFh84JXYP,My Time,BTS,2020-02-21,234457,success
0SJ7vFES0Lj6pnumh3DhCe,People,Agust D,2020-05-22,197000,success
44WLOqH7QayQOQdeUHeKUK,We are Bulletproof : the Eternal,BTS,2020-02-21,261542,success
22ryCgQttpV7oCrn7llGRu,Magic Shop,BTS,2018-05-18,275695,success
1Q6lzzQHM5dvtTCwcfeKDy,PARANOIA,KANGDANIEL,2021-02-16,195333,success
39EXZNMxb4RBHlRjnRaOKp,Sweet Night,V,2020-03-13,214258,success
7FdUvDkaE24o3FPIWTvzv2,Follow You,Imagine Dragons,2021-03-12,175643,success
6ocbgoVGwYJhOv1GgI9NsF,7 rings,Ariana Grande,2019-02-08,178626,success
09IStsImFySgyp0pIQdqAc,The Middle,Zedd,2018-01-23,184732,success
2M7a2Us8CEU1HZHj70byGX,Hi spring Bye,IU,2021-03-25,324280,success
6f3Slt0GbA2bPZlz0aIFXN,The Business,Tiësto,2020-09-16,164000,success
3Z8FwOEN59mRMxDCtb8N0A,Be Kind,Marshmello,2020-05-01,172761,success
5uHrWZqndnheP1qtYr6xGC,Moonlight,Agust D,2020-05-22,163015,success
6SvC0ocJPoolWLaEV8UE58,What Type of X,Jessi,2021-03-18,198173,success
6Qs4SXO9dwPj5GKvVOv8Ki,Dancing With A Stranger,Sam Smith,2019-01-11,171029,success
0EQMrxdeiBhry9JCxskko3,I'm Fine,BTS,2018-08-24,240339,success
0rNLaGUleZ91DXMxmZNq5v,Fireworks (I'm The One),ATEEZ,2021-03-01,209574,success
6B8MM3PVQtUbZLay7tP7er,Hot Sauce,NCT DREAM,2021-05-10,195813,success
46wDG6evLn2iPoQ0F8CUWk,My sea,IU,2021-03-25,316506,success
5qNh5WtzMbfpSj2jLlBkoD,Your Power,Billie Eilish,2021-04-29,245896,success
4iJyoBOLtHqaGxP12qzhQI,Peaches,Justin Bieber,2021-03-19,198081,success
2pn8dNVSpYnAtlKFC8Q0DJ,On The Ground,ROSÉ,2021-03-12,168085,success
2zrhoHlFKxFTRF5aMyxMoQ,Next Level,aespa,2021-05-17,221573,success
7MAibcTli4IisCtbHKrGMh,Leave The Door Open,Bruno Mars,2021-03-05,242096,success
5xrtzzzikpG3BLbo4q1Yul,LILAC,IU,2021-03-25,214253,success
3UHPGOkUcE4hE7sqBF4Snt,Film out,BTS,2021-04-01,214620,success
1e0Wxoraz9IzFhREDqgJAe,Butter (Instrumental),BTS,2021-05-21,162146,success
0z3ZZ2JKusRpapstADTxVf,Dive Into You,NCT DREAM,2021-05-10,192826,success
1IJxbEXfgiKuRx6oXMX87e,Ah puh,IU,2021-03-25,200293,success
3VT8hOC5vuDXBsHrR53WFh,Astronaut In The Ocean,Masked Wolf,2019-06-07,132780,success
6HU7h9RYOaPRFeh0R3UeAr,deja vu,Olivia Rodrigo,2021-05-21,215506,success
2MJz8BxxMsERULatmBikDH,At My Worst,Pink Sweat$,2021-02-12,170344,success
03qu1u4hDyepQQi2lNxCka,Traffic light,LEE MU JIN,2021-05-14,231586,success
42fR3oINF3KfXCDtheoNiY,Don't fight the feeling,EXO,2021-06-07,176546,success
0BBUGRUURDjwcXmDS3kQkN,Atlantis,SHINee,2021-04-12,178213,success
4rOODw637hsmsq0uzT0DN3,Advice,TAEMIN,2021-05-18,191640,success
1wcr8DjnN59Awev8nnKpQ4,Drunk-Dazed,ENHYPEN,2021-04-26,193260,success
18vXApRmJSgQ6wG2ll9AOg,RAPSTAR,Polo G,2021-06-11,165925,success
34eF4BoV8FPk0uhAAoqU7h,SUN GOES DOWN,Lil Nas X,2021-05-21,168275,success
3vG5ilGpaYA2MhVtyTORF1,My Youth,NCT DREAM,2021-05-10,236093,success
1EHUQesfVKwbthtNcpBi9g,WITHOUT YOU,The Kid LAROI,2021-04-30,161384,success
4JJcP0Rv9AgyPD6ZGaC8EE,durag activity,Baby Keem,2021-04-30,225020,success
5hnbE5BF2e8BCk9OMR1UVC,Mikrokosmos,BTS,2019-04-12,224225,success
6JdS5rJvJaRA7B1tcm7kxZ,Dionysus,BTS,2019-04-12,249215,success
1Zsy7gMUcHDhxC0bbyZmC2,GAMBLER,MONSTA X,2021-06-01,213026,success
0CyydmXI4QhgUWrZsPOTXA,Why Can't You Love Me?,WENDY,2021-04-05,168960,success
2lwOE4xj0tw2Bpjc6wmzUP,Be There For You,JOY,2021-05-31,236640,success
5W8jRrZ6tWrTrqnKRtIQBf,p r i d e . i s . t h e . d e v i l,J. Cole,2021-05-14,218210,success
6mzkkz2p0Nyyp43Eedv4mS,사이렌,HOMIES,2020-05-15,200142,success
0tgBtQ0ISnMQOKorrN9HLX,Last Train Home,John Mayer,2021-07-16,187306,success
3JR0ducCexKbeK47g6AHm5,Butter,BTS,2021-08-27,164457,success
4ZtFanR9U6ndgddUvNcjcG,good 4 u,Olivia Rodrigo,2021-05-21,178146,success
3iPbmpKBMflYd7UjdYftoj,Alcohol-Free,TWICE,2021-06-09,210573,success
5nujrmhLynf4yMoMtj8AQF,Levitating,Dua Lipa,2020-03-27,203064,success
0RbW8kWozrVSIGb4V13o0o,Hurricane,Kanye West,2021-08-29,243187,success
40uMIn2zJLAQhNXghRjBed,Motley Crew,Post Malone,2021-07-09,184213,success
4t2FIqZJORKZGSKg30SShr,NAKKA,AKMU,2021-07-26,212807,success
50nfwKoDiSYg8zOCREWAm5,Shivers,Ed Sheeran,2021-10-25,207853,success
46HNZY1i7O6jwTA7Slo2PI,My Universe,Coldplay,2021-10-15,226198,success
6cqH1q7g5GeRVQVMK1Vc7f,Weekend,TAEYEON,2021-07-06,233413,success
6txVOdSbg928oeGhlVUrdK,Lemonade,NCT 127,2021-09-17,190066,success
40iJIUlhi6renaREYGeIDS,Fair Trade,Drake,2021-09-03,291175,success
59c0HrzmHfyQs6LgDw5cHe,LOCO,ITZY,2021-09-24,191462,success
4Cgct9Vlype9cYZFW2wSnk,"Hey kid, Close your eyes",AKMU,2021-07-26,233416,success
2gbMPBrBVj3CuNTLp2dHYs,Off The Grid,Kanye West,2021-08-29,339249,success
2sXf2JdbB2GlNju00kw9WE,Skate,Bruno Mars,2021-07-30,203122,success
5BXr7hYZQOeRttkeWYTq5S,ASAP,STAYC,2021-04-08,194080,success
3Vi5XqYrmQgOYBajMWSvCi,Need To Know,Doja Cat,2021-06-25,210560,success
2VJOpzv5sBpstCX9venJr5,Rollin',Brave Girls,2017-03-07,197693,success
0k1WUmIRnG3xU6fvvDVfRG,Way 2 Sexy,Drake,2021-09-03,257604,success
2FymmKBuog0loCuNXMwQID,Ready to love,SEVENTEEN,2021-06-18,186760,success
1c3WMOE7Q0dCFN6bjT8KWo,EVEREST,AKMU,2021-07-26,195882,success
44V6EzbUSYgyfsNiP0FrlA,Visiting Hours,Ed Sheeran,2021-08-19,215506,success
5g6GKZXBoEnPmBl6G261CG,Go Back,Yerin Baek,2021-09-10,243333,success
2ygvZOXrIeVL4xZmAWJT2C,my future,Billie Eilish,2020-07-30,208155,success
2TJ1FOCmCBkKm418MjVw5D,Donda,Kanye West,2021-08-29,128313,success
34D6FJysnQioVingDKufuf,N 2 Deep,Drake,2021-09-03,273577,success
0DHh3p0g7qmNNfNdRNwL6N,Try Again,DallasK,2021-07-30,189076,success
3hB5DgAiMAQ4DzYbsMq1IT,Love Yourself,Justin Bieber,2015-11-13,233720,success
2kJwzbxV2ppxnQoYw4GLBZ,If The World Was Ending,JP Saxe,2019-10-17,208687,success
4ZB2yAZyPHI6SHdFPPT9sa,In The Dark,Swae Lee,2021-08-20,161164,success
42m3eP1JJhtzffal9B136J,7am On Bridle Path,Drake,2021-09-03,239635,success
5u1n1kITHCxxp8twBcZxWy,Holy,Justin Bieber,2020-09-18,212093,success
39382sUtIOwIXftX0i76do,H.S.K.T.,LEEHI,2021-09-09,204453,success
7n2FZQsaLb7ZRfRPfEeIvr,ELEVEN,IVE,2021-12-01,178453,success
5eXBXreN3d1zdj6Sa8dS0u,Permission to Dance,BTS,2021-07-23,187585,success
4MokmgyM83qhJ6IAaChom5,Counting Stars,BE'O,2021-12-12,151260,success
2eLe81VDUQ5f0xFfc9cMWz,"MERRY-GO-ROUND (Feat. Zion.T, Wonstein) (Prod. Slom)",sokodomo,2021-11-13,249752,success
2g0LdZQce9xlcHb1mBJyuz,strawberry moon,IU,2021-10-19,205333,success
7sMBvZCSUl99bJLXZaLa0b,Smokin Out The Window,Bruno Mars,2021-11-11,197442,success
5g2Ik0WJG9rqu97nCLcQhV,Limousine (Feat. MINO) (Prod. GRAY),BE'O,2021-11-20,220681,success
3dbLT62Cvs46Ju7a8gpr36,Savage,aespa,2021-10-05,238143,success
00Blm7zeNqgYLPtW6zg8cj,One Right Now,Post Malone,2021-11-05,193506,success
6hHrPwQYGp9kPL7xLZviBS,Universe (Let's Play Ball),NCT U,2021-12-10,231466,success
4XI5Kdm1zdSFxdIGd9xUVT,"gganbu (Feat. YUMDDA, ASH ISLAND) (Prod. TOIL)",KOONTA,2021-11-20,246600,success
4t3Vgfjl9Sb6ZR5q5kGOUL,Without You (Feat. ASH ISLAND) (Prod. GRAY),BE'O,2021-12-04,227826,success
4fouWK6XVHhzl78KzQ1UjL,abcdefu,GAYLE,2021-08-13,168601,success
2J0TRU2EDG29qlmxdGa4xa,SCIENTIST,TWICE,2021-11-12,194600,success
2bZIDMpzVooosmPHn0tHnd,STEREOTYPE,STAYC,2021-09-06,191695,success
7hU3IHwjX150XLoTVmjD0q,MONEY,LISA,2021-09-10,168227,success
5UJTNrW72ZMubW2wKBf8g2,TROUBLE (Prod. Slom),Don Mills,2021-11-06,284977,success
3DarAbFujv6eYNliUTyqtz,Kiss Me More,Doja Cat,2021-06-25,208666,success
5enxwA8aAbwZbf5qCHORXi,All Too Well (10 Minute Version) (Taylor's Version) (From The Vault),Taylor Swift,2021-11-12,613026,success
0eu4C55hL6x29mmeAjytzC,Life Goes On,Oliver Tree,2021-05-28,161803,success
7gXMkqirKU23zgdlSAb00a,Suddenly,BE'O,2021-05-02,156876,success
1jRYyE9MEg7nxUgWEtsqFp,HAPPEN,Heize,2021-05-21,193560,success
7xapw9Oy21WpfEcib2ErSA,Mistletoe,Justin Bieber,2011-01-01,182946,success
37BZB0z9T8Xu7U3e65qxFy,Save Your Tears,The Weeknd,2021-04-23,191013,success
0hUH6MXHQn9coBKHMXWpD8,OUT OF MY SIGHT,Leellamarz,2021-12-14,206680,success
79IikGOqOg2Rnnz0Fo5Qao,Dreaming,NCT DREAM,2021-12-14,190480,success
1nahzW3kfMuwReTka28tH5,Hold On,Justin Bieber,2021-03-19,170813,success
4HBZA5flZLE435QTztThqH,Stuck with U,Ariana Grande,2020-05-08,228482,success
1OQ3PoRZRtE7RH0NIh3p1O,Drawer,10CM,2021-12-07,237266,success
6lzc0Al0zfZOIFsFvBS1ki,State Of Grace (Taylor's Version),Taylor Swift,2021-11-12,295413,success
6LXNnUjcOBVyov7bH0NNnM,A Long Day (Feat. Zion.T) (Prod. Fisherman),Basick,2021-12-04,324211,success
3wKCldl6riuEKxXlvuxFJ2,Pretty Savage - JP Ver.,BLACKPINK,2021-08-03,199120,success
4aS8OY1JsRSBKGfnAkIOZH,You can't sit with us,SUNMI,2021-08-06,197413,success
4KDNRh9Oor80z3XIxdWlui,Bubbly,Young Thug,2021-10-15,165066,success
2y4hHM6c48Qzk0bqh33XfB,Winter Sleep,IU,2021-12-29,262120,success
3AVXwaOGCEL8cmBecfcsFJ,Light Switch,Charlie Puth,2022-01-19,187703,success
6rVCUwfnuYTAsX4P9fIdIu,Dreams Come True,aespa,2021-12-20,204933,success
02SbQgZbzMoylPoGr32ugF,Drama,IU,2021-12-29,128106,success
3gFcGnU4kTdMYLXDjH1TK8,RUN2U,STAYC,2022-02-21,213426,success
559f8rcNNZW07wz5Rfxnfh,Can't Control Myself,TAEYEON,2022-01-17,181600,success
5PjdY0CKGZdEuoNab3yDmX,Stay,The Kid LAROI,2021-07-23,141805,success
7CAdT0HdiQNlt1C7xk2hep,Stay Alive (Prod. SUGA of BTS),Jung Kook,2022-02-11,210928,success
1GFS1xMbcAWXf5W0tSuZev,"Meeting is easy, parting is hard (Feat. Leellamarz) (Prod. TOIL)",Basick,2021-11-20,231413,success
2bgTY4UwhfBYhGT4HUYStN,Butter,BTS,2021-06-04,164441,success
5Z9KJZvQzH6PFmb8SNkxuk,INDUSTRY BABY,Lil Nas X,2021-09-17,212352,success
3KyKxJ4P3pVCgaZwaq2rUC,Gasoline,The Weeknd,2022-01-06,212165,success
1HhNoOuqm1a5MXYEgAFl8o,Enemy,Imagine Dragons,2021-09-03,173381,success
5elW2CKSoqjYoJ32AGDxf1,Polaroid Love,ENHYPEN,2022-01-10,184601,success
6N1K5OVVCopBjGViHs2IvP,The Joker And The Queen,Ed Sheeran,2022-02-11,185422,success
7h5MKRZUiYDshjH5UgAbNp,Rainbow Halo,Red Velvet,2022-03-21,208560,success
56Tn22SAFIGYpyHrf7TV0X,Love Letter,IU,2021-12-29,238333,success
0hQNbQKW2dDATH1ngj4TI6,WA DA DA,Kep1er,2022-01-03,183693,success
4QDpsNBlllaLGj8zbF2EE0,Charmer,Stray Kids,2022-03-18,188573,success
1t8sqIScEIP0B4bQzBuI2P,MY BAG,i-dle,2022-03-14,160520,success
2xo84jGkxFPrZmmBtS3Pkd,Lonely St.,Stray Kids,2022-03-18,164853,success
7uoFMmxln0GPXQ0AcCBXRq,Snowman,Sia,2018-11-01,165900,success
2FKtn8qQx84O85wWABOwpd,GENTLEMAN,C JAMM,2022-03-03,171949,success
6f5ExP43esnvdKPddwKXJH,Better Days (NEIKED x Mae Muller x Polo G),NEIKED,2021-09-24,160656,success
0u7b8p0mxUUNT7xeuYUtlP,Tiny Riot,Sam Ryder,2021-03-26,204979,success
4Sav8RLaXMBpTZX6xNPj0K,Try Again,JAEHYUN,2017-11-24,178233,success
3jHg6QE70y2FTdnsxSrCbv,GingaMingaYo (the strange world),Billlie,2022-02-23,215800,success
3LEgGAl9zLcQWGTp7ptqtQ,Don’t Wake Me Up,Jonas Blue,2022-01-07,188894,success
5nfb7IPrj9awskmLFSykWr,Timeless,SG Wannabe,2004-01-19,237871,success
37rnSr2ZCkzqmoUqGQtn4q,Christmas Tree - Inst.,V,2021-12-24,209946,success
08xMOoUaMWWlNStVUdBTBC,Because,ASH ISLAND,2022-01-25,196333,success
6xGruZOHLs39ZbVccQTuPZ,Glimpse of Us,Joji,2022-06-10,233456,success
5oH4DQAuu1J1800RzUsBWa,That That (prod. & feat. SUGA of BTS),PSY,2022-04-29,174646,success
4Dvkj6JhhA12EX05fT7y2e,As It Was,Harry Styles,2022-05-20,167303,success
1m2PksrrMpIev63uPxT1V0,O.O,NMIXX,2022-02-22,172936,success
1qEmFfgcLObUfQm0j1W2CK,Late Night Talking,Harry Styles,2022-05-20,177954,success
5quFr5s5PXYfUX5jV2EBZ1,GANADARA (Feat. IU),Jay Park,2022-03-11,203727,success
2gzhQaCTeNgxpeB2TPllyY,With you,Jimin,2022-04-24,201905,success
0CatzXH85XWyBqqdB6qPMB,Beatbox,NCT DREAM,2022-05-30,205133,success
3oiMjDZ1bShIpFfOQf55IW,LOVE me,BE'O,2022-04-12,173440,success
2jidjmWNeRmKgLjXhW52Gz,"Our Blues, Our Life",Lim Young Woong,2022-05-02,207386,success
2SLwbpExuoBDZBpjfefCtV,Out of Time,The Weeknd,2022-01-06,214193,success
7BDHDiidJ8WV349p3HTxTV,MANIAC,Stray Kids,2022-03-18,182757,success
32vE1nuG8T9c8bhmZdRY6d,Cooped Up,Post Malone,2022-06-03,185857,success
186NCtNk1tUYS7c2DxgJ7O,Christmas Tree,V,2021-12-24,209946,success
2FeBslNBMdR9V58uv6hd2t,N95,Kendrick Lamar,2022-05-13,195950,success
5OiD0uUNxZkSyG3opReDlx,Don′t do That,Leellamarz,2022-05-20,135120,success
0UnOf7i44YK0ULpkEGHe4R,Dear my X,KyoungSeo,2022-04-24,187733,success
5zyZM1EiSqrniyqtprwxpv,Falling Back,Drake,2022-06-16,266178,success
2DB4DdfCFMw1iaR6JaR03a,Bam Bam,Camila Cabello,2022-04-07,206070,success
3rmo8F54jFF8OgYsqTxm5d,Bad Habits,Ed Sheeran,2021-10-25,230746,success
51Zw1cKDgkad0CXv23HCMU,Daylight,Harry Styles,2022-05-20,164533,success
1IvOxLYTstsq5Z6pN3l3zm,Loving You,Lim Young Woong,2022-05-02,212293,success
0RGUIOZtmOXTWOy5EjvQbP,Paris in the Rain,Lauv,2017-11-17,204712,success
7BpqydHSxMviDR0DNTne6J,Yours,Conan Gray,2022-05-19,204967,success
1XlSkQeITGEv8r6HIZfpfX,I hate you,WOODZ,2022-05-04,190000,success
4ShxDU7CHNQVi2wwgSdqfF,Loving You Girl,Peder Elias,2021-05-14,171800,success
13sAZcJP2b6D6Qjck3Ixc3,니가 왜 거기서 나와 (Narr. 고은아),YOUNGTAK,2018-10-21,190840,success
6kYGOFNUMxpab09L5Ukoke,Rich Spirit,Kendrick Lamar,2022-05-13,202285,success
6SpPr7K4YQ2wp8jU6uOTmQ,Queendom,Red Velvet,2021-08-16,181760,success
44QDTpkTR3eLLfXEKTjyul,Free,Xydo,2022-03-20,226160,success
4h4QlmocP3IuwYEj2j14p8,Sunroof,Nicky Youre,2021-12-03,163025,success
4T9hw59r85ZkesNoYWQIJg,Arcade,NCT DREAM,2022-03-28,207720,success
5zwwW9Oq7ubSxoCGyW1nbY,Pink Venom,BLACKPINK,2022-09-15,186964,success
2gYj9lubBorOPIVWsTXugG,After LIKE,IVE,2022-08-22,176973,success
5expoVGQPvXuwBBFuNGqBd,Hurt,NewJeans,2022-08-01,177946,success
396FqjKmViUZ92Wmm4rx3i,Illusion,aespa,2022-07-08,195053,success
1nX1b7kRg5a6XKAq7uQOpr,SNEAKERS,ITZY,2022-07-15,179453,success
1oen3GpTcA486fTHaT7neg,FOREVER 1,Girls' Generation,2022-08-05,202533,success
7GARzfC1mwhDuk4t9WOACq,MORE,j-hope,2022-07-15,180022,success
5mdWIwsJAzR97ShGkt8gcR,New thing (Prod. ZICO) (Feat. Homies),ZICO,2022-09-06,147426,success
2DwUdMJ5uxv20EhAildreg,Cookie,NewJeans,2022-08-01,235562,success
0HsRZwZzHoZ5AM5W2ZYI5c,Beyond Love (Feat. 10CM),BIG Naughty,2022-04-20,188706,success
0CB3B5ir8I2KbB3dkGVtWF,At That Moment,WSG WANNBE (Gaya-G),2022-07-09,222933,success
0O6u0VJ46W86TxN9wgyqDj,I Like You (A Happier Song),Post Malone,2022-06-03,192840,success
2QWEMqQMJR1KDf6hDjJOs6,Arson,j-hope,2022-07-15,159761,success
6C734SmqoIYuRWo2qSCnpC,DICE,NMIXX,2022-09-19,165746,success
69xohKu8C1fsflYAiSNbwM,Run BTS,BTS,2022-06-10,204939,success
50xSycnGMDy0Wg5jJcOv3S,Rainbow,Lim Young Woong,2022-05-02,196400,success
2lsRp40mCRkhqULWdMbOzn,I Love You,Lim Young Woong,2022-05-02,239026,success
2mgzUVvDpb1zMSB4glLQ6T,Life's Too Short - English Version,aespa,2022-06-24,178133,success
0bYVPJvXr8ACmw313cVvhB,Tally,BLACKPINK,2022-09-16,184248,success
7AdGloF1UHKe1vAZPbqIXH,The Happiest Girl,BLACKPINK,2022-09-15,222025,success
00I41xsW6SunZDJ5fB8KAd,Safety Zone,j-hope,2022-07-15,165340,success
0Puudh380z6cOCgMaTNm7h,Future,j-hope,2022-07-15,139308,success
4saklk6nie3yiGePpBwUoc,Dynamite,BTS,2020-11-20,199053,success
3TSLqZssCoCdDlMhCJ08XW,Still Life,BIGBANG,2022-04-05,188369,success
1XIIvx9S19CZVc7eow7EX7,STOP,j-hope,2022-07-15,122211,success
775S83AMYbQc8SYteOktTL,Gradation,10CM,2022-07-03,201280,success
1WKLxJpDqkQ9x1qEDNutoX,2 Baddies,NCT 127,2022-09-16,230293,success
4FKmrrI6y8REWoCyV5tAhY,Just 10 centimeters,10CM,2022-09-25,195506,success
1oFAF1hdPOickyHgbuRjyX,Save Your Tears (Remix),The Weeknd,2020-03-20,191013,success
19Hg1UCZaCdpHB37L7x63X,EVERYTHING,The Black Skirts,2017-05-30,293000,success
0Hj4YtlD0Q5O0srdZxJUtl,Gold Dust,NCT 127,2022-09-16,249613,success
1w2hClDL1xH4FPZIipZ1FJ,I Guess I Loved You,Yoon Do Hyun,2005-01-01,238880,success
3scRk3rUGIwpCg9kMNrtEQ,Amor,Baek A,2018-10-11,188942,success
2mqTtvbKxH7SoEQ2oGAnsA,CHURCH GIRL,Beyoncé,2022-07-29,224472,success
5pyoxDZ1PX0KxBxiRVxA4U,BREAK MY SOUL,Beyoncé,2022-07-29,278281,success
7IuuFQShxmy7zMZ3vZvMFj,Day & Night,Lee Young Ji,2021-10-29,215573,success
3WBRfkOozHEsG0hbrBzwlm,Everything Goes On,Porter Robinson,2022-07-14,202821,success
0Q5VnK2DYzRyfqQRJuUtvi,LOVE DIVE,IVE,2022-04-05,177186,success
5Odq8ohlgIbQKMZivbWkEo,Left and Right (Feat. Jung Kook of BTS),Charlie Puth,2022-10-06,154486,success
2pIUpMhHL6L9Z5lnKxJJr9,Attention,NewJeans,2022-08-01,180066,success
0V3wPSX9ygBnCm8psDIegu,Anti-Hero,Taylor Swift,2022-10-21,200690,success
5aucVLKiumD89mxVCB4zvS,Rush Hour (Feat. j-hope of BTS),Crush,2022-09-22,177302,success
27bIik73QCu8Xzt3xpG1bI,Candy,NCT DREAM,2022-12-16,217066,success
6RBziRcDeiho3iTPdtEeg9,Event Horizon,Younha,2022-03-30,300786,success
3r8RuvgbX9s7ammBn07D3W,Ditto,NewJeans,2022-12-19,185506,success
0h7QMc9ZRzA9QJrbEHytn2,The Astronaut,Jin,2022-10-28,282463,success
1RDvyOk4WtPCtoqciJwVn8,Dreamers [Music from the FIFA World Cup Qatar 2022 Official Soundtrack],Jung Kook,2022-11-20,201391,success
3khEEPRyBeOUabbmOPJzAG,KICK BACK,Kenshi Yonezu,2022-10-12,193495,success
20JkEhlKCrKtzORT5qDdWE,"EYE (Feat. BIG Naughty, JUSTHIS) (Prod. R.Tee)",DON MALIK,2022-12-17,234839,success
07trPhWMgiagFnSOlmpzl0,Complex (Feat. ZICO),BE'O,2022-09-29,195080,success
35ytd9cmG15jXG0RKWC9p4,Graduation,NCT DREAM,2022-12-16,237093,success
3wEr5lmE7oaC3qhCbJTY8B,Hectic,RM,2022-12-02,226189,success
3XKI5295qhFbwNesz3ollU,Forg_tful,RM,2022-12-02,162295,success
2KLwPaRDOB87XOYAT2fgxh,Pussy & Millions,Drake,2022-11-04,242026,success
0HYAsQwJIO6FLqpyTeD3l6,死ぬのがいいわ,Fujii Kaze,2020-05-20,185573,success
1sZBzYhrQG40zcSuKkI93c,Good Parts (when the quality is bad but I am),LE SSERAFIM,2022-10-17,156354,success
2RLdkXSaiQjRbey5pvP8Kt,If We Ever Meet Again,Lim Young Woong,2022-05-02,274386,success
1dfsPqH09vnzUWEOsN98Ex,28 Reasons,SEULGI,2022-10-04,189413,success
2FRnf9qhLbvw8fu4IBXx78,Last Christmas,Wham!,1984-11-29,262960,success
0o9zmvc5f3EFApU52PPIyW,Shinunoga E-Wa,Fujii Kaze,2020-05-20,185573,success
3rWDp9tBPQR9z6U5YyRSK4,Midnight Rain,Taylor Swift,2022-10-21,174782,success
10qiH1RJkexhTUuN562FsP,Braindead,Sion,2022-09-13,163862,success
078fJxqEUz0LvbHSM6AoXJ,SUPER BOARD,Stray Kids,2022-10-07,185960,success
77khP2fIVhSW23NwxrRluh,A Holly Jolly Christmas - Single Version,Burl Ives,1965-10-01,135533,success
5k1A6F2kRnr6XkYKpVt7V0,Boys Like You,ITZY,2022-10-21,223386,success
6MCjmGYlw6mQVWRFVgBRvB,夜に駆ける,YOASOBI,2021-01-06,258840,success
53qayme5jMFwTb3fF84uv6,Celebrate,Red Velvet,2022-11-28,164693,success
2O3MQ6H3gjrIWDcpeTrikT,"Santa, Can’t You Hear Me",Kelly Clarkson,2021-10-15,242644,success
2ZL7WZcjuYKi1KUDtp4kCC,Spin Bout U,Drake,2022-11-04,214588,success
0wavGRldH0AWyu2zvTz8zb,Sweet Nothing,Taylor Swift,2022-10-21,188496,success
5Hfnps0jaWFpYg55WOPexG,Alone,Jimin,2023-03-24,211250,success
0a4MMyCrzT0En247IhqZbD,Hype Boy,NewJeans,2022-08-01,179026,success
7foeH2Emgq8A3LWk3q6dat,Kitsch,IVE,2023-04-10,195440,success
3OdIiWnYRHPYtC313Z0Bwy,Face-off,Jimin,2023-03-24,229627,success
4fsQ0K37TOXa3hEQfjEic1,ANTIFRAGILE,LE SSERAFIM,2022-10-17,184444,success
0rhI6gvOeCKA502RdJAbfs,Sugar Rush Ride,TOMORROW X TOGETHER,2023-01-27,186570,success
7eBpUuPnDTfbeP1P4P93CS,Fighting (Feat. Lee Young Ji),BSS,2023-02-06,204466,success
2RUcwyW74Sv4VracHFrKdh,Promise,Jimin,2018-12-31,151011,success
6dgUya35uo964z7GZXM07g,Nonsense,Sabrina Carpenter,2022-07-15,163648,success
6NnCWIWV740gP7DQ8kqdIE,Nxde,i-dle,2022-10-17,178453,success
296nXCOv97WJNRWzIBQnoj,FEARLESS,LE SSERAFIM,2022-05-02,168437,success
3XfngyuVjltVRHSsLjrCRO,MY WAY (Prod. R.Tee),저스디스 (JUSTHIS),2022-12-03,377371,success
2qg2jy3v50RwfV5FAqG3a2,Interlude : Dive,Jimin,2023-03-24,130996,success
3nqQXoyQOWXiESFLlDF1hG,Unholy,Sam Smith,2022-09-22,156943,success
6zjk7Qbwb9DZ4ykUUoqknh,第ゼロ感,10-FEET,2022-12-14,286000,success
6auT8cRBu3BgPRBrdVBY15,London Boy,Lim Young Woong,2022-11-15,244500,success
7F0MuIk5glqtowCUjbn9es,Impurities,LE SSERAFIM,2022-10-17,196365,success
04TshWXkhV1qkqHzf31Hn6,Lemon,Kenshi Yonezu,2020-08-05,255826,success
5YSkDxmHvzSDWTu4MaEtfa,Smoke Sprite,So!YoON!,2023-03-14,242200,success
0S2GNnqAHC96zqB8ZIcxg4,Fxxxnds (Feat. Kim Min Seok of MeloMance),BIG Naughty,2023-01-29,209400,success
4JK1kDUdH9RTBQrrSO1QfR,ベテルギウス,Yuuri,2022-01-12,230600,success
1F6qqwgyBjcIMzen8RrOXQ,Beautiful Liar,MONSTA X,2023-01-09,183120,success
10SRMwb9EuVS1K9rYsBfHQ,Yet To Come,BTS,2022-06-10,193593,success
06KyNuuMOX1ROXRhj787tj,We Don't Talk Anymore,Charlie Puth,2016-01-29,217706,success
4eFTh1opLS5wANDmZK9ghC,Cherry Blossom Ending,Busker Busker,2012-03-29,260517,success
1jIMjbzcGCcCQn5iMu9CUc,That's Hilarious,Charlie Puth,2022-04-08,144933,success
38DlSDrx9tgc5Gfq6y3aBa,MOONLIGHT SUNRISE,TWICE,2023-01-20,180320,success
54ipXppHLA8U4yqpOFTUhr,Bones,Imagine Dragons,2022-07-01,165264,success
5mHdCZtVyb4DcJw8799hZp,Escapism.,RAYE,2023-02-03,272373,success
7w05lsU2VLSeiT8Nukrv5M,Friends,BTS,2020-02-21,199338,success
0Hy3JNYKAJu4ttcyQHzzYA,Big world,Yerin Baek,2023-01-01,234386,success
3DO8WRX72c1Z5hduVL1Nd5,선을 그어 주던가,1415,2017-04-21,160024,success
3Ua0m0YmEjrMi9XErKcNiR,Like Crazy,Jimin,2023-03-24,212241,success
4QhnNyKDsAkXPwHkSnuc89,"Eve, Psyche & The Bluebeard’s wife",LE SSERAFIM,2023-05-01,185538,success
4uOBL4DDWWVx4RhYKlPbPC,Queencard,i-dle,2023-05-15,161240,success
0u8rZGtXJrLtiSe34FPjGG,Like Crazy (English Version),Jimin,2023-03-24,212253,success
7FbrGaHYVDmfr7KoLIZnQ7,Cupid - Twin Ver.,FIFTY FIFTY,2023-02-24,174253,success
2yjeXq5ahx6UUg2rHaUe6X,Angel Pt. 2,JVKE,2023-05-18,176454,success
0N8Xztr4pBHJ7V0moJWhbO,愛を伝えたいだとか,Aimyon,2017-09-12,235240,success
28a0aMV1OKoyNiCJuNsWrY,That’s Not How This Works,Charlie Puth,2023-03-31,165619,success
3gmn76fCtpDazGMnN0QMHX,NIGHT DANCER,imase,2022-11-09,210600,success
5HrIcZOo1DysX53qDRlRnt,Shoong!,TAEYANG,2023-04-25,205101,success
6R5fYCySNHrqo4Og6O1ppn,Steal The Show,Lauv,2023-06-02,191779,success
4IJsVXbSeGPUrgwpVoHmlg,The Planet,BTS,2023-05-12,178156,success
2YXswOX5aKv6OHRKUcAMLQ,All Eyes On Me,JISOO,2023-03-31,163522,success
4WUpMUjdoi47LY7gBQBXe3,Grain of Sand,Lim Young Woong,2023-06-05,220309,success
1E14FuM0BRaHAJSJ9YxMVu,A Psalm of Life,Lim Young Woong,2022-05-02,233360,success
4F0ft3ZDmIN7xz4HxYW7y0,keep our love alive,Akame,2023-04-10,75833,success
4kSDi21MeOoSvpZs6MveI9,Teddy Bear,STAYC,2023-02-14,189773,success
7mpdNiaQvygj2rHoxkzMfa,Bite Me,ENHYPEN,2023-05-22,157531,success
3l6LBCOL9nPsSY29TUY2VE,Lilith,Halsey,2023-06-05,180933,success
4K8jDTlNhZWEdnzZVGRMtN,FEARLESS (2023 Ver.),LE SSERAFIM,2023-05-01,168437,success
6D90VTeGEWYX5AkAtjHZh1,Like Crazy (Deep House Remix),Jimin,2023-03-26,180719,success
3T03rPwlL8NVk1yIaxeD8U,Off My Face,Justin Bieber,2021-03-19,156467,success
3bUD1FmJClHcD0U7rIN0TR,"Romance Symphony (Feat. CHANGMO, Jay Park)",BIG Naughty,2022-06-09,240840,success
7tOsgOjrzBVQqyaMDBlZV8,Oort Cloud,Younha,2021-11-16,206626,success
6iirdwpyu2Ohg3iVdu4vXl,Kiss,NCT DOJAEJUNG,2023-04-17,180933,success
7fcZk7OXeFWD7DWybltVVf,Be Who You Are (Real Magic),Jon Batiste,2023-05-31,189713,success
6WY4wvlmgccWapnIg14Vy0,Merry Christmas Mr. Lawrence,Ryuichi Sakamoto,1996-01-01,286626,success
0CrcwVLUe8wzLUIXgjXVZJ,Kill Bill,SZA,2023-04-14,175836,success
36jIu8oPR1Z4cguMuHxUXA,TATTOO,OFFICIAL HIGE DANDISM,2023-04-21,288099,success
02wk5BttM0QL38ERjLPQJB,Cool With You,NewJeans,2023-07-21,147880,success
5h1BN75CEh8wdSwE1xrbSe,Slow Dancing,V,2023-09-08,187026,success
59hBR0BCtJsfIbV9VzCVAp,Set Me Free Pt.2,Jimin,2023-03-17,200929,success
0eFMbKCRw8KByXyWBw8WO7,Still With You,Jung Kook,2020-06-05,239905,success
1wUnuiXMMvhudmzvcCtlZP,Get Up,NewJeans,2023-07-21,36226,success
7jzOZuWgZ5gaMet9V5Ix1d,Fast Forward,JEON SOMI,2023-08-07,160578,success
65FftemJ1DbbZ45DUfHJXE,OMG,NewJeans,2023-01-02,212253,success
41JPN7pZMTp1sumBOHOzHd,People Pt.2,Agust D,2023-04-21,213995,success
2fiI6e0WxyZB3QnmRxYGPg,Vancouver 2,BIG Naughty,2023-09-19,202213,success
1ULdASrNy5rurl1TZfFaMP,Spicy,aespa,2023-05-08,197040,success
7ovUcF5uHTBRzUpB6ZOmvt,アイドル,YOASOBI,2023-04-12,213233,success
3jxFmvoG55Cwv0JJBzRPce,Either Way,IVE,2023-09-25,166946,success
6ePyl2ns4b7MVYhjsj32ZK,Intro: Singularity,BTS,2018-05-18,196998,success
748MqeDRJ401KBqwCn5zHB,Seven,Jung Kook,2023-08-25,162480,success
3AOf6YEpxQ894FmrwI9k96,Super,SEVENTEEN,2023-04-24,200386,success
5mg3VB3Qh7jcR5kAAC4DSV,Cupid,FIFTY FIFTY,2023-02-24,174253,success
1zAYWqTX6qyRCKe9KuCUx0,Seven,Jung Kook,2023-07-17,189626,success
11s5p72subU7SHJPzyR2Lq,Memories,RIIZE,2023-08-21,178013,success
3Dah48XTdzVtbIl4dUn6l4,Get A Guitar,RIIZE,2023-09-04,160372,success
5BqwC9kOBbqYkzdOKeXFFk,for lovers who hesitate,JANNABI,2019-03-13,265000,success
3ISOK4T54v6O1g1AB8FiEK,INVITATION (Feat. Gaeko),JUNNY,2023-07-06,191359,success
0Y9C5yhzY7Pa1AqjUFrizq,I don’t know a single thing (Feat. meenoi),Leellamarz,2023-09-13,214111,success
3uXTRQ41tZ7xwGJ1NnKnUC,I remember,ASH ISLAND,2023-06-29,211818,success
7kaFsQygyiCqRboWCXztxZ,Do It Like That,TOMORROW X TOGETHER,2023-07-07,145065,success
12usPU2WnqgCHAW1EK2dfd,青のすみか,Tatsuya Kitani,2023-07-07,196466,success
5PyDJG7SQRgWXefgexqIge,Agora Hills,Doja Cat,2023-09-20,265360,success
3VQH9MYoFvxmXmWECnqdRg,Just One Day,Beenzino,2023-07-03,134466,success
0k0GtcnyQLMiXrdEDbLXmJ,Please Don't Change,Jung Kook,2023-11-03,146684,success
5ydjxBSUIDn26MFzU3asP4,Rainy Days,V,2023-08-11,179560,success
5ONOlTiqymhzwcFjqcIT6E,Hate You,Jung Kook,2023-11-03,154236,success
0rKWJnmo6Q0ovoPOLoLm0t,TOO MUCH,The Kid LAROI,2023-10-19,203894,success
2tA3NP12r4niSRhb9Y6AoY,Polaroid,Lim Young Woong,2022-11-15,206400,success
2HRgqmZQC0MC7GeNuDIXHN,Seven,Jung Kook,2023-11-03,183550,success
3k6q0O9JnO2GhvD6C8fs20,Closer Than This,Jimin,2023-12-22,223302,success
210JJAa9nJOgNa0YNrsT5g,GODS,League of Legends,2023-10-04,220878,success
5sdQOyqq2IDhvmx2lHOpwd,Super Shy,NewJeans,2023-07-07,154666,success
56y1jOTK0XSvJzVv9vHQBK,Paint The Town Red,Doja Cat,2023-09-20,230466,success
01qFKNWq73UfEslI0GvumE,3D,Jung Kook,2023-10-02,201812,success
7pgbDdy7ax962o9d2xJceV,Slow Dancing (Piano Ver.),V,2023-09-08,188093,success
4HAOgAnILvXCbSODMoRnmD,For Us,V,2023-09-08,171160,success
06Qo2fYR2KS1F7bL338iVT,Closer to You,Jung Kook,2023-11-03,170995,success
7aqsfFKqJFNa2umM4tTLdA,Baddie,IVE,2023-10-13,154360,success
1vvcEHQdaUTvWt0EIUYcFK,Angel Pt. 1,Kodak Black,2023-05-17,175802,success
61AZsmFB3VoJdmraMk5ZSn,VIBE,TAEYANG,2023-01-13,175775,success
4Cr43xPo7bwyCcL1g3yVCu,A bientot,Lim Young Woong,2022-05-02,256372,success
79f5CcWzdkkDVD4XAIQgKr,LALALALA,Stray Kids,2023-11-10,182224,success
2UU11hvjN1JIn4iihEodNT,Blue,V,2023-09-08,149853,success
3nAp4IvdMPPWEH9uuXFFV5,Underneath the Tree,Kelly Clarkson,2013-10-25,229638,success
365znJ27Fb3faGsctmQYWR,Father,Lim Young Woong,2022-05-02,238106,success
2cEwQnP4284g37N6D7ETND,Talk Saxy,RIIZE,2023-10-27,190941,success
0hqj5JBnFt1BHEz2UCFwrl,"How can I love the heartbreak, you're the one I love",AKMU,2019-09-25,290095,success
31jZYFQEtq0ud5y9fDN4cw,Slow Dancing (Cautious Clay Remix),V,2023-10-23,171904,success
253P6uwLnelVQ6MdwXMIJk,Chili,HWASA,2023-10-04,135428,success
5odlY52u43F5BjByhxg7wg,golden hour,JVKE,2022-09-23,209259,success
5r3VFyq4KrdCeRNUDtGfJq,and you (Feat. ZICO),meenoi,2023-11-09,204240,success
3TPvrMAd1hbPRXuHCRX0Pl,AEAO,Dynamicduo,2014-07-16,316944,success
5nTemr4PG8L9jQoqxsZu6w,Knock Knock (Who's There?),Red Velvet,2023-11-13,201320,success
1FTFDCKkVNGf0UCccm23LA,Home Alone,NCT 127,2023-12-22,225506,success
7dTv6c4yQ4gBVFSC3fX0RH,One-Way,BIG Naughty,2023-11-23,167853,success
3lwK3WyKAI5bUuGY1OgGbZ,Smart,LE SSERAFIM,2024-03-22,166384,success
0aZG8KWrpRnsGL0loUkfSj,plot twist,TWS,2024-01-22,152400,success
21ewxM3YvcdTj7cC0XwznO,Do or Die,Lim Young Woong,2023-10-09,205440,success
0paWX66K9n7sYR9AkKkyzB,Standing Next to You - Sped Up - Remix,Beat Record,2024-02-28,211104,success
0djkJ3iAARXRCbfbwwVc3o,Love wins all,IU,2024-01-24,271080,success
7M7d0e8Ue3Z7QieuZe72J9,Love 119,RIIZE,2024-01-05,173489,success
1aKvZDoLGkNMxoRYgkckZG,Magnetic,ILLIT,2024-03-25,160688,success
74X2u8JMVooG2QbjRxXwR8,Perfect Night,LE SSERAFIM,2023-10-27,159080,success
5XWlyfo0kZ8LF7VSyfS4Ew,Drama,aespa,2023-11-10,214973,success
0cGpKQ8RxxLOFqhktEURIj,wherever u r,UMI,2023-12-30,153034,success
2GquhrcHbl2zOnF5javAFp,Swan Song,LE SSERAFIM,2024-02-19,157179,success
7gaA3wERFkFkgivjwbSvkG,"yes, and?",Ariana Grande,2024-01-12,214994,success
2gyCwrOcC6JBoaJ8JGJ7T8,To. X,TAEYEON,2023-11-27,170386,success
3m5PgWSClkZ44vdFmPiqpq,"Yes or No (Feat. HUH YUNJIN of LE SSERAFIM, Crush)",GroovyRoom,2024-01-17,179146,success
6G3myAs4HemIdtLYhhjGLP,FRI(END)S (Instrumental),V,2024-03-15,148435,success
1c6kkrWnpy68eYDfBdxNtF,Shopper,IU,2024-02-20,215720,success
5qI5EUqfDJpQ7w6sMECK7U,Super Lady,i-dle,2024-01-29,152186,success
0kdqcbwei4MDWFEX5f33yG,Bling-Bang-Bang-Born,Creepy Nuts,2024-01-07,168135,success
2RoYgkPzUY0vY7lhUuyus1,DASH,NMIXX,2024-01-15,166979,success
6rdkCkjk6D12xRpdMXy0I2,New Jeans,NewJeans,2023-07-07,108986,success
43u5DDtK4vQ1coWXb4S5a8,HERO,Lim Young Woong,2020-11-04,216586,success
0o3ua5ufFK7nfRzbDUNoGA,don't wanna break up again,Ariana Grande,2024-03-08,174006,success
05STjz8kmPBUebu3uu5sO0,Nest,Lim Young Woong,2022-05-02,172280,success
7KUb5GsTcXfpG0phkbL2mR,Let off steam,Leellamarz,2024-02-19,219428,success
70t7Q6AYG6ZgTYmJWcnkUM,I AM,IVE,2023-04-10,183853,success
7uRWaWF70gvKmLhpY3FuaJ,WISH - Korean Ver.,NCT WISH,2024-02-28,185546,success
5b5cPscqVEMChvDqscVw26,Training Season,Dua Lipa,2024-05-03,209487,success
0LdpgzRupg6P511GEACdm2,The Power of Love,DAY6,2024-03-18,202480,success
4sgMbwl9lXGyHcHmtFYGMm,Supernova,aespa,2024-05-27,178880,success
0vaxYDAuAO1nPolC6bQp7V,Midas Touch,KISS OF LIFE,2024-04-03,162880,success
2O4Bb2WCkjlTPO827OnBMI,EASY,LE SSERAFIM,2024-02-19,164545,success
2vNPGH1x5ZwxTjlvzLCyc2,Fate,i-dle,2024-01-29,161546,success
1AtFSBJibfaqfiOByQCwZ5,Small girl,Lee Young Ji,2024-06-21,189706,success
5ocSQW5sIUIOFojwXEz9Ki,Supernatural,NewJeans,2024-06-21,191000,success
58Q3FZFs1YXPpliWQB5kXB,Right Now,NewJeans,2024-06-21,160413,success
0PBTlQ84CBJF0tBnKGmQa6,FRI(END)S,V,2024-03-15,148082,success
3vnaEaDxMKdBhqA1t0uAwl,Warmth,Lim Young Woong,2024-05-06,235053,success
2N0SPREDYqILVEFSsWF5N5,Love Me Again,V,2023-08-11,182293,success
3lc6BSosCqVoNddw1izHXj,Siren,RIIZE,2024-04-03,147961,success
2HRqTpkrJO5ggZyyK6NPWz,Espresso,Sabrina Carpenter,2024-08-23,175459,success
2J194R0KIKbK7bTHfUHPDB,Boom Boom Bass,RIIZE,2024-06-17,152889,success
2jaapqz7L9MpMf7vpkqU9I,Smoothie,NCT DREAM,2024-03-25,188080,success
5IZXB5IKAD2qlvTPJYDCFB,I Had Some Help (Feat. Morgan Wallen),Post Malone,2024-08-15,178205,success
6QqrxJe1iQxwLY6he6FLFo,Midnight Fiction,ILLIT,2024-03-25,168104,success
1Y5D7m2QtyBdvwvY3gAVNQ,Little Light,DOYOUNG,2024-04-22,224866,success
2gkVEnpahpE3bQuvGuCpAV,Yes or No,Jung Kook,2023-11-03,147557,success
7JxPQzxhJSsBBNu1D76ig2,JEALOUSYVALHALLA,YANGHONGWON,2024-05-24,148200,success
3xkHsmpQCBMytMJNiDf3Ii,Beautiful Things,Benson Boone,2024-04-05,180304,success
3ZVFcD8Wlw9T9klGqmJf9F,Florida!!!,Taylor Swift,2024-04-18,215463,success
5IY8i6WnkqvmRnIrF4lqDx,Taxi Blurr (Feat. NATTY of KISS OF LIFE),Jay Park,2024-05-28,230499,success
3x6unDluyCL4v5AeGrAVGA,Balloon in Love,SUNMI,2024-06-13,194093,success
7CyPwkp0oE8Ro9Dd5CUDjW,One Of The Girls,The Weeknd,2023-06-23,244684,success
6jgUrLEivd4DaiYb1izJLF,Right Now (Instrumental),NewJeans,2024-06-21,160413,success
2ftb45L7iXYwp0WoTEuslG,"Right People, Wrong Place",RM,2024-05-24,117000,success
5VBjyOQzqlPNgdRPMM6prF,seasons,wave to earth,2020-08-04,255998,success
7iabz12vAuVQYyekFIWJxD,BAND4BAND,Central Cee,2024-05-23,140733,success
3ybJERCKs3Jf3aT7xU1Vs4,Live My Life,aespa,2024-05-27,159133,success
45zLrK0668WQ5JFMyiYmCS,Interlude : Showtime,Jimin,2024-07-19,78492,success
3LWVXp636uLT356Rj08Jaz,Be Mine,Jimin,2024-07-19,207347,success
4gxEY3Mh5FZZDAJAKPNrCS,CRAZY,LE SSERAFIM,2024-09-02,164554,success
3d2bsbugow8JiNvuaRupFH,Slow Dance,Jimin,2024-07-19,188399,success
0T6J3Ipbe06lm7p3grH2bg,Melt Down,DAY6,2024-09-02,165587,success
19D8LNpWwIPpi6hs9BG7dq,Bubble Gum,NewJeans,2024-05-24,200266,success
2PlsVMcOn6ujc2UEYs2Yat,Home,Lim Young Woong,2024-05-06,235333,success
6oNLSQX8bcAdbCElZYju3v,Supersonic,fromis_9,2024-08-12,174146,success
6i8MbzVn4nzyjUcSoVcz7B,Armageddon,aespa,2024-05-27,196466,success
5LlUJ3HHI2dS0xowdMDXC5,MEOW,MEOVV,2024-09-06,172073,success
1YXot2MLAG9sttepCtBRM7,踊り子,Vaundy,2023-11-15,229328,success
7ov3TDp5D00Rnu5R1viX4w,New Woman,LISA,2024-08-15,179789,success
0GqAWZe1A5ecKadZrHk6XH,Chk Chk Boom,Stray Kids,2024-07-19,148051,success
78ZYPq0f3afyzdYdpTOG9C,Walk,NCT 127,2024-07-15,191826,success
0UvCh63URrLFcPkKt99hHd,Don't Look Back in Anger - Remastered,Oasis,1995-10-02,289560,success
1njlnn8ZKHI77Pe9szIONR,SHEESH,BABYMONSTER,2024-04-01,170356,success
1OhIn0L6iofnk5bjalWfHq,Sudden Shower,ECLIPSE,2024-04-08,233031,success
2cZOYofOX4d6g0OXxkaIjA,ALL RED,Playboi Carti,2024-09-13,148053,success
7vjfnsnDXZGK4PSq54ISjc,1-800-hot-n-fun,LE SSERAFIM,2024-08-30,173431,success
4mqfe9XrgEOSsofvq5MyjR,Heavenly fate,LEECHANGSUB,2024-02-21,271173,success
3LUi9n9mMOR1eK3kle7oCe,Combo,RIIZE,2024-09-03,219551,success
3lboRjzlrZ8tFxR0y59Yny,I Know,KEY,2024-09-23,205200,success
5juCu4WFTFRZ2XilopAMTy,Bam Yang Gang,BIBI,2024-02-13,146197,success
7bUezNEU1BnjkbYrG0KP2Y,Deja vu,TAEMIN,2024-08-19,193360,success
3vkCueOmm7xQDoJ17W1Pm3,My Love Mine All Mine,Mitski,2023-09-15,137773,success
3BhyxulZ13uWZS6LqiYiCj,Cheeky Icy Thang,STAYC,2024-07-01,150769,success
1k68vKHNQXU5CHqcM7Yp7N,HAPPY,DAY6,2024-03-18,189934,success
7Cnpb1vBbC46RgVyyKLH7p,Whiplash,aespa,2024-10-21,183226,success
5doooVlMVRZztQbySqARMI,HOME SWEET HOME,G-DRAGON,2025-02-25,211330,success
1kPhV0KQui1phEpjnWIqUN,Smeraldo Garden Marching Band,Jimin,2024-06-28,182840,success
2SR0alFA2oWYXSoePGTj0V,I’ll Be There,Jin,2024-11-19,181677,success
21LtZQQMQYwVIxc9O9Ygq8,Cherish (My Love),ILLIT,2024-10-28,176854,success
4XsJiRJQAK8TWcZCn0Dxlh,POWER,G-DRAGON,2024-10-31,143242,success
1lcBt7LoEikqYmhUoa2cez,number one girl,ROSÉ,2024-12-06,216442,success
7G7mSV4BebkoHWwKTDvXu9,Winter Ahead,V,2024-11-29,234895,success
5sjnkOfTLCLNfkkchI2re2,UP - KARINA Solo,aespa,2024-10-09,166640,success
0FIDCNYYjNvPVimz5icugS,Timeless,The Weeknd,2025-01-31,256000,success
0bYg9bo50gSsH3LtXe2SQn,All I Want for Christmas Is You,Mariah Carey,1994-10-28,241562,success
2plbrEY59IikOBgBGLjaoe,Die With A Smile,Lady Gaga,2024-08-16,251667,success
0lizgQ7Qw35od7CYaoMBZb,Santa Tell Me,Ariana Grande,2014-11-24,204093,success
7gMfVc4zfNIxuMyMGglOHa,Rebirth (Intro),Jimin,2024-07-19,144624,success
3yDRcs0Y4pPzkvMbUfeF9H,Moonlit Floor,LISA,2024-10-03,155757,success
4EwNWRBWdZ6bgvxRHlZ8OO,CROOKED,G-DRAGON,2013-09-05,224792,success
1ySWoGgrduSzvtJ3PUzO41,Who (Shibuyakei Remix),Jimin,2024-07-23,166809,success
2isRbZIIU4PqPrECffn7QO,Who (Beautiful Mind Remix),Jimin,2024-07-23,177953,success
6je5cTal6PyeITNrOzkCoS,Welcome to the Show,DAY6,2024-03-18,217067,success
3TQHPUEVdvdq8ejwEcHUlL,If I have you only (My love X Nerd Connection),Nerd Connection,2023-08-15,250573,success
5jxuw4S5IDEY6CjjAHvRAt,Falling,Jin,2024-11-19,178838,success
1YmY0HUm05BUpcHibc1bhB,Another Level,Jin,2024-11-19,162834,success
1zJUr9Oo5zEjvJrdlg67jQ,Steady,NCT WISH,2024-09-24,179680,success
6pqyZNnLKyJKtrlf42FQoq,Nice Guy,BOYNEXTDOOR,2024-09-09,164920,success
49txvOVNLAHwG9bMtdKP6a,"Flights, Not Feelings",aespa,2024-10-21,181666,success
3X76Lal4GwBFqriHz1FbLU,SOS,FIFTY FIFTY,2024-09-20,187507,success
30tYWTkLIQtZWnRIOqcHnJ,나무,"Car, the garden",2019-04-16,232558,success
5a3tLTGA0HIDtrvnszXXBN,call it the end,ROSÉ,2024-12-06,141141,success
0FVPOqIivjXR49CyJZAw7g,IF YOU - KR Ver.,BIGBANG,2016-02-03,265120,success
294hRgOqnGW2BemqP8D35X,Klaxon,i-dle,2024-07-08,175106,success
0GOqhXyouUxqPEw9ypTOLm,TOO BAD,G-DRAGON,2025-02-25,153664,success
68UrZQUuO3O6eUiD226xHg,The Chase,Hearts2Hearts,2025-02-24,178900,success
2P6YMsU9jt22CXfizfudi3,Love Hangover,JENNIE,2025-01-31,180129,success
406IpEtZPvbxApWTGM3twY,HOT,LE SSERAFIM,2025-03-14,143797,success
1z5ebC9238uGoBgzYyvGpQ,toxic till the end,ROSÉ,2024-12-06,156685,success
7GOIrZTegzVty8mhNhRuA0,"IF I SAY, I LOVE YOU",BOYNEXTDOOR,2025-01-06,161693,success
3vIkVVbhpMvsOJ1BKWT0nT,TAKE ME,G-DRAGON,2025-02-25,219004,success
04mHr76sMR8RSqVIgWl785,ATTITUDE,IVE,2025-02-03,194733,success
4xeugB5MqWh0jwvXZPxahq,Drowning,WOODZ,2023-04-26,244986,success
1Px44tw80Q4rcCl8FxDGOi,Who (Instrumental),Jimin,2024-07-23,170887,success
10zywlg5b0gQOC3q1A7ADx,earthquake,JISOO,2025-02-14,190806,success
10I5rhhFoWZDIN3kEc6Dbo,Who (Acoustic Remix),Jimin,2024-07-23,184075,success
7KZNgri6Jxw88FAfATw6i9,Who (Funky Remix),Jimin,2024-07-23,188498,success
1MUZitHRpmng5NevrvNx4T,DRIP,BABYMONSTER,2024-11-01,180845,success
6SaSFVlIQC1L6Fh1QKLeFi,start a war,JENNIE,2025-03-07,165066,success
6iu311jZAJFLPgoIWgrA72,BANG BANG BANG - KR Ver.,BIGBANG,2016-02-03,221173,success
4C2KCXzqC0kwNyTilyRLUx,IBELONGIIU,G-DRAGON,2025-02-25,193071,success
5yfhzEct1ulyU6g5oVRraj,KNOW ABOUT ME,NMIXX,2025-03-17,165773,success
2DbDefRFJ5YOfXCKOeCJJh,Igloo,KISS OF LIFE,2024-10-15,131786,success
7KXjTSCq5nL1LoYtL7XAwS,HUMBLE.,Kendrick Lamar,2017-04-14,177000,success
20QI1DhCFz7pN8rATkNguv,To Reach You,10CM,2025-03-06,158680,success
6cwSbxCqAwBNbCqaLMZgbT,LOSER - KR Ver.,BIGBANG,2016-02-03,220493,success
0VdwOoAKPe9aGahkpllfkH,A Letter,BUMJIN,2021-12-24,215760,success
6koKhrBBcExADvWuOgceNZ,Open Arms,SZA,2022-12-08,239613,success
6fbS9Lbyv6L4tz7tcmBGKh,보나마나 (BONAMANA),G-DRAGON,2025-02-25,195536,success
4zUob9iYFS9TgAR0hgo5pR,Seoul City,JENNIE,2025-03-05,164398,success
3uA8SjMyDtwtt0jLPMQbVD,D (Half Moon),DEAN,2016-03-25,229359,success
5EoV2HmAlkqN1XvsIjOBZZ,STYLE,Hearts2Hearts,2025-06-18,209671,success
3iJxBDym1SeqNqJqnvreHK,Never Ending Story,IU,2025-05-27,224026,success
0AQEShePVSsxMTM6a8ik6t,FAMOUS,ALLDAY PROJECT,2025-06-21,188778,success
4p0uVFAXKUISu8yp9gNtWE,Billyeoon Goyangi (Do the Dance),ILLIT,2025-06-16,188641,success
0fK7ie6XwGxQTIkpFoWkd1,like JENNIE,JENNIE,2025-03-07,123517,success
2kpmBZqu52h6uCZXFTIXJK,Lemon Drop,ATEEZ,2025-06-13,179395,success
0wrppxeWurW1uRnxI6Ut9v,HANDS UP,MEOVV,2025-04-28,192467,success
4WrkJNGb4zUwARc0FD3iNf,Loser,Jin,2025-05-16,155638,success
5Fhr3wqeieN5WDkAsqL1JJ,MONA LISA,j-hope,2025-03-21,137191,success
6Wobsw9uZ0D0xkfOjxXSq9,Messy (From F1® The Movie),ROSÉ,2025-05-08,179055,success
2NOMOpss7BmEXTL9f1koqn,WICKED,ALLDAY PROJECT,2025-06-23,157191,success
1klePVubVctBqhlKJvibil,I Feel Good,BOYNEXTDOOR,2025-05-13,155026,success
0qkYuCno3SoU8vxkCdx0iJ,THUNDER,SEVENTEEN,2025-05-26,164040,success
2GMKQPMXdOGXsQkDYBN6wF,시작의 아이 ハジマリのコ (Starting With You),MAKTUB,2025-01-01,256626,success
60DwXD4XZgBGMRwViDqBm6,When the Day Comes,TOMORROW X TOGETHER,2025-05-11,221266,success
4EIFwndJvGpgFjsEbNuYif,ExtraL,JENNIE,2025-03-07,167754,success
5RdKO1lsHG9jhbG03LL7cv,With the Clouds,Jin,2025-05-16,188897,success
1XDSuZ5ZSExGZYC7IuiU5l,Maybe Tomorrow,DAY6,2025-05-07,224249,success
0warEAGkdMG9x2grXqKhlY,The End of the Day,RIIZE,2025-05-19,222994,success
09PyC1qMkM0JVtqHHFnjKm,My Life,YUMDDA,2025-06-12,175026,success
5Kbpcd3hOqu4ZRAJNAjIcg,What Would Have Been? (Feat. Lena Park),PSY,2012-07-15,243963,success
2LHNTC9QZxsL3nWpt8iaSR,Abracadabra,Lady Gaga,2025-03-07,223398,success
4bjNOhOMvqFPflwHIaS7Fw,1:05,The Black Skirts,2017-05-30,240000,success
5cRKj1kynNFqiliT2ndZ3y,Akuma no Ko,Ai Higuchi,2022-01-10,227679,success
0IjaSeBp6SHXTELm4C9ifk,FOREVER,D.O.,2025-04-27,243636,success
7EW7Yivb93qKAtp5qEm5of,Dark Thoughts,Lil Tecca,2025-03-14,136991,success
02BcXEH1zJYbXSabPtNlKf,Lose My Mind,Don Toliver,2025-04-30,209051,success
6OWWZtNQORY1McaZmOrwhc,GO!,CORTIS,2025-09-08,170880,success
59hVbgr8rfYkDbHfr8RcGI,IRIS OUT,Kenshi Yonezu,2025-09-15,151573,success
02sy7FAs8dkDNYsHp4Ul3f,Soda Pop,Saja Boys,2025-06-20,150686,success
2c6xH9usslUoHnOzsRhpcP,XOXZ,IVE,2025-08-25,154000,success
1sUjTLLCJzcxC15GUBrOlg,Rich Man,aespa,2025-09-05,197578,success
3Z4BxvgOJ8KupcDIV3OV2f,In Your Fantasy,ATEEZ,2025-07-11,192697,success
1I37Zz2g3hk9eWxaNkj031,Your Idol,Saja Boys,2025-06-20,191537,success
7JQH2lBMZ10ztDnpoeq6Ki,yours,데이먼스 이어 Damons year,2019-04-10,165229,success
5H1sKFMzDeMtXwND3V6hRY,JUMP,BLACKPINK,2025-07-11,164718,success
4nKnOIDXFjRSMG4vkXDwzY,Rendezvous,AHOF,2025-07-01,220013,success
0MHStU0muAIEMbwdnebYu2,Takedown,HUNTR/X,2025-06-20,182016,success
7t4Z19BqZ23ExgdiOP0nf6,LIKE YOU BETTER,fromis_9,2025-06-25,185026,success
4ecdsGz3Hg6TKPwQ0ZOdJz,FaSHioN,CORTIS,2025-09-08,174653,success
4H6s1mTZcjHAMU36ZF3Xoz,Nothing Without Your Love,Jin,2025-05-16,176126,success
18AMT576rBlQFMzUTS7WBa,THIS IS FOR,TWICE,2025-07-11,131097,success
4LJJxB4a47mreJAfKwbGEM,body,DAYOUNG,2025-09-09,168000,success
2aSfmbpproCPOe2j01WT2a,Eternal Moment,Lim Young Woong,2025-08-29,208000,success
6hcT29EF7UYuwu76eqlys9,Girls Will Be Girls,ITZY,2025-06-09,168013,success
5PCOOngROV9jWsUViSy4Ed,Killin' It Girl,j-hope,2025-06-13,148714,success
6jl91VgNuRjpwO0MJQw29F,Vivid LaLa Love,LEE CHANHYUK,2025-07-14,240081,success
5Xf2cIARIa9gwWf6m4DvME,Home Sweet Home,"Car, the garden",2017-12-12,205938,success
0VdikQbDdOqxdWQyYsLmne,butterflies,JVKE,2025-07-10,164466,success
3y1Aq9UzyzhMGuVaS8i2oA,"question mark (Feat. CHOIZA Of Dynamicduo, Zion.T)",Primary,2012-10-31,194115,success
3cnCdBXTlyBCKYrlHpXbIP,Island,PLAVE,2025-02-03,256120,success
630sXRhIcfwr2e4RdNtjKN,Rewrite The Stars,Zac Efron,2017-11-17,217440,success
34HSEUn4YGAFBW9OHGIkU7,Boat,george,2017-11-17,191994,success
7H9e5GKSY1PQTW1edqvHb9,Episode,KANGDANIEL,2025-06-16,162026,success
0M4O6UEu4F9SxImTsBuX9n,DUET,ZICO,2025-12-18,146000,success
6jYiHr12NVKLzn0X7K8aSK,FOCUS,Hearts2Hearts,2025-10-20,177052,success
3cLXrotzCjYCkN73PewALM,Good Goodbye,HWASA,2025-10-15,223000,success
2N9miXnewVmUrgl6JSK1FI,SPAGHETTI,LE SSERAFIM,2025-10-24,172313,success
1k0JAiH11gHL9dc5dfQjQr,NOT CUTE ANYMORE,ILLIT,2025-11-24,131997,success
7FyKqLLICVzwBiAUtbVYUW,ONE MORE TIME,ALLDAY PROJECT,2025-11-17,195259,success
06o2o3TpyR8eGU2ANK21Lp,Endangered Love,LEE CHANHYUK,2025-07-14,220202,success
0p5xMhVvw441Z10hNWsk5Q,BURNING UP,MEOVV,2025-10-14,169546,success
5iFbKoNv7Jc5Arpbf8D90B,LOOK AT ME,ALLDAY PROJECT,2025-12-08,159686,success
3vJIaiTIHxHhYafTSPNiH4,Zoo,Disney,2025-11-21,190822,success
1nEhhkEidrTOtc46fCvRFp,Fame,RIIZE,2025-11-24,176847,success
4CRhJHHbH9Awx7z7xRAdPP,Unread Message,Lim Young Woong,2025-08-29,235000,success
15HNdxGKNCIO9pgaY4n7FU,Pretender,OFFICIAL HIGE DANDISM,2019-08-31,326842,success
7hYI4QprQ3hMqp56ul6uEv,Melody for You,Lim Young Woong,2025-08-29,236000,success
4WFfPxJv1KRekG6mxn837K,EYES CLOSED,JISOO,2025-10-10,181375,success
7csMuPqdOPaFKby0AoRYL5,가시,BUZZ,2005-03-03,241506,success
2OQ6a4CfUeYskpTTgyawyJ,You Make It Feel Like Christmas,Gwen Stefani,2017-10-06,156773,success
0QzuaeCEEOV40Pn7IvKEny,double take,Dhruv,2022-01-21,171743,success
6VedlO2MtaEjAITax6vQyg,Toki Yo Tomare,ILLIT,2025-08-31,188120,success
11gZL0HigsqfzjTHOpdFjE,MENTE MÁ,Nakama,2025-05-16,75302,success
6Yj8kVuVR3UPxx9r5eFEoV,Miniskirt,AOA,2014-01-16,179808,success
5APxbxUDWyUChpgjJ0YQzE,Dash,PLAVE,2025-02-03,174533,success
2rKkfc4VZ74FQDc1FF1Zo6,Body to Body,BTS,2026-03-20,189725,success
7hlEhmg5h9XuFtaGfgvqjF,Love Love Love,Epik High,2007-01-24,231093,success
2IFND3phjzIG1RcPnHh2hP,Like Animals,BTS,2026-03-20,189746,success
5tg21NdePCn5m8F9BXOEeJ,Aliens,BTS,2026-03-20,167751,success
0KmrKOdScRDVYwWS8hkkdv,FYA,BTS,2026-03-20,180543,success
3WvM2dIR9iIxMGNMP7WsNw,Landing in Love,HANRORO,2023-08-29,165000,success
4qdBPJta3BVPXCS0wJZ6yO,Let Me Love My Youth,HANRORO,2022-03-14,248407,success
68lbSrXDORS51pmyjZv712,SWIM,BTS,2026-03-20,159007,success
3VxmXJ4FdtbWI27p3Gx4Wh,Mono,i-dle,2026-01-27,170653,success
3bmpXHVie1GTy37OkXJ7Vc,2.0,BTS,2026-03-20,169929,success
3VegC0PZiHjGxb80DER8XU,Merry Go Round,BTS,2026-03-20,229855,success
4B4Q7zfd0aHcuhQBfCRnH5,NORMAL,BTS,2026-03-20,181649,success
5xqM1HOndjxfH7NmyD8SVS,Really Like You,BABYMONSTER,2024-11-01,197657,success
3b4YlIUpzYs3CZ6s9GVmzT,너,SYSTEM SEOUL,2025-05-16,193567,success
3g8mimqqxsAEtkktm1TYEk,"Love over hip hop, money over love",noahjooda,2022-03-13,234374,success
40UVUuyy5RfpO0awclCttA,FAMOUS,ALLDAY PROJECT,2025-06-23,180353,success
65X2koe1LhDgQmRkNdJFv9,AIZO,King Gnu,2026-01-09,215858,success
5u77QBJa2fUREcFTM7PwME,MDLZ (With. PENOMECO),Marv,2026-03-20,207000,success
6w9SgpKIzB54R2xHml1UPP,Love Language,Kim Min Seok (MeloMance),2026-01-16,185547,success
0dt0DccOIWLtzX45F6uZ1I,MAMA (Feat. UNEDUCATED KID) (Prod. by Lil Moshpit),Lil Moshpit,2026-03-20,234000,success
0XqgE9UN4MCo5ooIwUYm7l,MONTAGEM HIKARI,BellyJay,2026-01-14,89985,success
27zrFrtUtWl2urlvjOn5xc,Say Yes,Loco,2016-08-29,218897,success
0NsmpxrKw7ZWGKjnWVJtm5,Big Girls Don't Cry,ENHYPEN,2026-01-16,118713,success
0VGeaj4sDq9UnwzSxiVgkZ,STAY on FIRE,Sik-K,2026-02-25,183000,success
0hqngwyh8WnPuYlLYHRQqp,DrunKen Confession,Kim Min Seok (MeloMance),2021-12-19,227960,success
6dOtVTDdiauQNBQEDOtlAB,BIRDS OF A FEATHER,Billie Eilish,2024-05-17,210373,success
4wJ5Qq0jBN4ajy7ouZIV1c,APT.,ROSÉ,2024-12-06,169917,success
44hqFxUWsADWewEJELnncj,No Doubt,ENHYPEN,2024-11-11,167219,success
0WA27lZzPKFJKAbiDRmQDc,RUDE!,Hearts2Hearts,2026-02-20,200000,success
5dxiriLgC9mu2FbSNqudld,Paradise of Rumors,AKMU,2026-04-07,218480,success
3m08yeqLjXsqblRU3KXPAp,"TICK TOCK (Feat. ZICO) (Prod. by ZICO, Crush)",HAON,2026-03-06,230000,success
1D5L58KLBbceOynTP4DQnY,It's Me,ILLIT,2026-04-30,138284,success
3sOAwRg5esaxDcWnUigWPv,0+0,HANRORO,2025-08-04,192000,success
27xkOIER6uDLKALIelHylZ,Don’t Say You Love Me,Jin,2025-05-16,180716,success
1Sjs93mMgi9bX06FFU9Mcv,Heavy Serenade,NMIXX,2026-05-11,180000,success
2SMq0lOqCTHayWa9juoI0d,We Are,Woo,2017-09-04,196020,success
24rDDbSlFY9OHrlJb48CRh,404 (New Era),KiiiKiii,2026-01-26,179586,success
6uvw8GFIqdqaJ4Nr3kN8Rs,Come Over,BTS,2026-06-12,178603,success
6QFCMUUq1T2Vf5sFUXcuQ7,Beauty And A Beat,Justin Bieber,2012-01-01,227986,success
41d2WjuL0ikRKVjxmL7ZFz,BOOMPALA,LE SSERAFIM,2026-05-22,176546,success
0b61A7v9agI08BG21jJPQ9,they don’t know ’bout us,BTS,2026-03-20,164241,success
63JNA2B4qHmoedZCthpo0e,"ON to the next (Prod. by Crush, ZICO)",HAON,2026-03-27,274000,success
0FOReGSXypVBP1q3CLEbfN,SSAK (Feat. Loco) (Prod. By GRAY),OXYNOVA,2026-03-06,270304,success
6epn3r7S14KUqlReYr77hA,Baby,Justin Bieber,2010-01-01,214240,success
2CO0qu8M2UrT2IxRdYbGOg,"R.I.L + King′s gambit (Feat. ZICO, Gaeko, Sik-K, VINXEN) (Prod. by ZICO, Crush)",HAON,2026-04-03,326000,success
1OO2hWJmimNmsN2glZ9kyM,Blossom Parade,PLAVE,2026-04-13,170000,success
4c9CHyzibRaogeupFGzsFW,L[ ]VE,CHOIJUNSEONG (Jun S),2026-03-17,180000,success
5bB7348yF6DXMmK1WQlBui,Money Checks (Prod. by Hukky Shibaseki),NOWIMYOUNG,2026-03-06,269081,success
1XpVhaI4HzWrhRWIpdfyJB,Please,BTS,2026-03-20,172796,success
0F6XPZ5gxXC1zaiaDhrV73,ADIOS!,BOYNEXTDOOR,2026-06-08,166842,success
3FZPp9lBUvhsxFxKJi3VkB,GO,BLACKPINK,2026-02-26,195402,success
4oE7MyJhqSD3BaHRpNs8Nl,JANE DOE,Kenshi Yonezu,2025-09-22,235946,success
3KQ3fLAkMYyCWQLCi60zeE,Sunshine Bless You,AKMU,2026-04-07,231160,success
599L9ptR3PXQq6Dzn9uLP0,Naughty Talk + VANCOUVER FLOW,ksmartboi,2026-04-17,222000,success
7GRZqYKsoE1Ls98sr2o8xQ,Lovey Dovey (Solo Ver.),BIG Naughty,2026-05-25,218000,success
0yamqkAFAmpdLNVcmJLSo8,Never Ending Story,BOOHWAL,2002-09-01,253933,success
0RiRZpuVRbi7oqRdSMwhQY,Sunflower - Spider-Man: Into the Spider-Verse,Post Malone,2019-09-06,157560,success
6vjt2smGK75oc9r2OGFfgp,LEMONADE,aespa,2026-05-29,187000,success
55UDXtbNJBAdTdUdbRu8T3,BAD,ATEEZ,2026-06-26,156034,success
0USn5f2VZGbHjHkbjcijzU,Pop Off Pop Off,KiiiKiii,2026-08-10,141285,success
0cbgFMxCXMzs80R2vxwApT,Dear my crazy soulmate,IU,2026-09-10,156000,success
776vLcNy6mHNmPisdejR0I,Nostalgia,BIG Naughty,2026-08-31,195000,success
6uosenLUNFZtOIih5T0qfV,LOVE ATTACK,RESCENE,2024-08-27,181560,success
02KRPJcx4TJFLCXt9qwEUE,Unknown Planet,IU,2026-09-10,225000,success
6BAnU4WVN9ArEfSi01JwhQ,I’m gonna TOESA,SOYEON,2026-09-07,211574,success
3caqaSvtldUKLY5Fd5msk2,Surfin' Boy,Red Velvet,2026-08-03,168466,success
1ET5lou3teBMA3a5cYeYzN,Baby Flower,tripleS,2026-06-01,188000,success
0KgetoSLg8qfJWIwoAQxBf,Bansanka,TAEYEON,2026-06-29,219000,success
70RQYCjVacuJgeYAmU2sXd,Vitamin ME,fromis_9,2026-07-21,190000,success
75MJ2d8AmBWgf2yeZACwpa,Guitarist,D.O.,2026-09-08,163000,success
4iZIvaus7v4wSjFvdF83NA,FLYING HIGH WITH U,VINXEN,2021-03-09,207186,success
6g02YqJTLBjqJ7sGvW1wDB,Brainwash,HEEDAE,2026-07-18,154245,success
1OLAjffdDJibTrUGAwApVk,ICONIC HEART,Hearts2Hearts,2026-08-09,189000,success
2L1dsjU3R3U4SX27qIiPrq,Skibidi,Girls' Generation-HRS,2026-08-31,166000,success
1my8zFESgULmuj3D2tzK1R,Candy Pink Magic Hole Flip Phone,KiiiKiii,2026-08-10,166149,success
55pCe0UgAeaeWKKSQqdiWh,My whole world,"Car, the garden",2021-01-28,205826,success
3CQw6HqsBu12wUj89vUQ5M,TIME CAPSULE,DAVICHI,2025-10-16,252000,success
2cCC4S226r1tws0d2vDDdO,사랑은 봄비처럼...이별은 겨울비처럼,Lim Hyun Jung,2003-03-25,280790,success
3hBAYbAECEix9raaTq8S3H,ヒロイン,back number,2015-12-09,269786,success
7ijWcf4FsoxoyPK4B9WGp6,LAST DANCE,BIGBANG,2016-12-13,279655,success
1BxfuPKGuaTgP7aM0Bbdwr,Cruel Summer,Taylor Swift,2019-08-23,178426,success
3TPPESvMtVS5zt7FAX2M9n,SWEET SOUR,KiiiKiii,2026-08-10,177396,success
42lqBjPYlmL1EXpMDXvhSN,Somebody’s Problem,Morgan Wallen,2021-01-08,161773,success
3cBsEDNhFI9E82vPj3kvi3,Wasted On You,Morgan Wallen,2021-01-08,178520,success
65OVbaJR5O1RmwOQx0875b,Wants and Needs,Drake,2021-03-05,192956,success
1M4OcYkxAtu3ErzSgDEfoi,Up,Cardi B,2021-02-04,156946,success
7FGdjbZ32vMybPuP0IuE7d,Back In Blood,Pooh Shiesty,2021-02-05,184489,success
43CIWpJaJHRcI4mUSjqgc2,Bad Boy,Juice WRLD,2021-01-15,157355,success
4MzXwWMhyBbmu6hOcLVD49,DÁKITI,Bad Bunny,2020-11-27,205090,success
2QjOHCTQ1Jl3zawyYOpxh6,Sweater Weather,The Neighbourhood,2013-04-22,240400,success
1tkg4EHVoqnhR6iFEXb60y,What You Know Bout Love,Pop Smoke,2020-07-03,160000,success
4obHzpwGrjoTuZh2DItEMZ,7 Summers,Morgan Wallen,2021-01-08,210506,success
3FAJ6O0NOHQV8Mc5Ri6ENp,Heartbreak Anniversary,GIVĒON,2020-03-27,198371,success
0A1hoCfMLkiAgvhWkkucJa,Body,Megan Thee Stallion,2020-11-20,171067,success
3Uo7WG0vmLQ07WB4BDwy7D,willow,Taylor Swift,2020-12-10,214706,success
0uRrG2jRR5tuifsYIJHEao,Sand In My Boots,Morgan Wallen,2021-01-08,202133,success
0PvFJmanyNQMseIFrU708S,For The Night,Pop Smoke,2020-07-03,190476,success
5uEYRdEIh9Bo4fpjDd4Na9,Goosebumps - Remix,Travis Scott,2021-01-15,162802,success
6toQdWWc4noiOk3Eo5mVDS,Beat Box 3,SpotemGottem,2021-02-26,200424,success
01FvQEvHETjWqcDpQDJdTb,Your Bartender,Morgan Wallen,2021-01-08,185093,success
6u3CPnFMKANYgfdiifFOiJ,Gravity,Brent Faiyaz,2021-01-29,214692,success
0oaY19dUwZimIgzn3ZZLZO,2 Much,Justin Bieber,2021-03-19,152796,success
5UMMPHPp6vRP6ghPpSUOzp,CLOUDS,NF,2021-02-18,243750,success
2MbdDtCv5LUVjYy9RuGTgC,WHATS POPPIN,Jack Harlow,2020-06-24,227478,success
21jGcNKet2qwijlDFuPiPb,Circles,Post Malone,2019-09-06,215280,success
30KctD1WsHKTIYczXjip5a,Tequila Shots,Kid Cudi,2020-12-11,193293,success
7eX3um6NpOQKWJMGCi97XD,Real As It Gets,Lil Baby,2021-03-04,192804,success
3wkKkFAtYSTRwqOydW6T0I,Please Don't Go,Mike Posner,2010-01-01,196813,success
0WSa1sucoNRcEeULlZVQXj,Can You Feel My Heart,Bring Me The Horizon,2013-04-01,227296,success
7E2C5rBLpCKwQlhJPVFBRS,You’re Mines Still,Yung Bleu,2020-10-15,226220,success
4R2kfaDFhslZEMJqAFNpdd,cardigan,Taylor Swift,2020-07-24,239560,success
0AUvWawuP0ibk4SQ3sIZjk,Daisy,Ashnikko,2020-07-09,146523,success
6Gg1gjgKi2AK4e0qzsR7sd,Bandit,Juice WRLD,2019-10-04,189322,success
0GzuHFG4Ql6DoyxFRnIk3F,Hawái - Remix,Maluma,2020-11-05,200027,success
7eBqSVxrzQZtK2mmgRG6lC,Murder On My Mind,YNW Melly,2018-08-03,268434,success
3nS9a01VvXHQriLqJYwRqG,DOLLAZ ON MY HEAD,Gunna,2020-05-22,197760,success
7dH9TPjTWQ60wOJkmYay8a,Blastoff,Internet Money,2020-08-28,174729,success
2JPLbjOn0wPCngEot2STUS,Yonaguni,Bad Bunny,2021-06-04,206710,success
2TOzTqQXNmR2zDJXihjZ2e,enough for you,Olivia Rodrigo,2021-05-21,202826,success
4wcBRRpIfesgcyUtis7PEg,"1 step forward, 3 steps back",Olivia Rodrigo,2021-05-21,163586,success
5R691ipUYRDYW6ehapjoj6,9 5 . s o u t h,J. Cole,2021-05-14,196946,success
08LwMWf5Tcfsd752EPzFV0,i n t e r l u d e,J. Cole,2021-05-14,133021,success
77sMIMlNaSURUAXq5coCxE,Fearless (Taylor’s Version),Taylor Swift,2021-04-09,241591,success
4eNOLmx8r2IJAVKvBBL1jv,Headshot,Lil Tjay,2021-04-02,144349,success
3YJJjQPAbDT7mGpX3WtQ9A,Good Days,SZA,2020-12-25,279203,success
5zNW5ARjYhJQJz1AChP33n,Thot Shit,Megan Thee Stallion,2021-06-11,184634,success
2etHQJxIbV0soyPhelVs9Y,Best Friend,Saweetie,2021-01-07,155883,success
2xdwCJLfKCkat14mlgR26M,Lost Cause,Billie Eilish,2021-06-02,212496,success
5pcjystBtalYeqaiXCcgEY,You All Over Me,Taylor Swift,2021-03-26,220839,success
0cu0rhnlCnJ7JIeHRiLpj3,Ball If I Want To,DaBaby,2021-06-18,112546,success
35mvY5S1H3J2QZyna3TFe0,positions,Ariana Grande,2020-10-30,172324,success
1EJIcDYXwSqipW5dFe4uJz,EVERY CHANCE I GET,DJ Khaled,2021-04-30,236524,success
03ERnTvSV5fy8WAyvA4uNP,Big Gangsta,Kevin Gates,2021-03-26,243462,success
4TIqzdAssasqx3DAe6cG9J,Ramen & OJ,Joyner Lucas,2021-04-30,218447,success
4qu63nuBpdn0qHUHuObEj1,Leave Before You Love Me,Marshmello,2021-05-21,154983,success
6vFsBXYczYsP0H3lgunZOm,Cloud 9,Beach Bunny,2020-02-14,147350,success
5pRTz4O2qOkr5nawemy6Wb,Tombstone,Rod Wave,2021-03-26,160078,success
550erGcdD9n6PnwxrvYqZT,Hey Stephen (Taylor’s Version),Taylor Swift,2021-04-09,254254,success
2Ox2c1WEJDeQCHTXPE3YKM,Shottas (Lala),Moneybagg Yo,2021-04-23,122728,success
1yOL7ZiXGx5ULeLoktAUAg,Bubblegum Bitch,MARINA,2012-04-27,154666,success
6vQnpXl0KvwTfLpIhoOLHc,Boom,Polo G,2021-06-11,126625,success
0hxRyDVC61KlZGS6m2Min4,3 O'Clock Things,AJR,2021-03-26,228376,success
6AGOKlMZWLCaEJGnaROtF9,Put Your Records On,Ritt Momney,2020-04-24,210463,success
0I1eFRytp4XRhLCjT6tZm7,I Can't Handle Change,Roar,2010-03-14,198213,success
2NnJpRXIlx35Vij3bPZO0h,DAYWALKER!,mgk,2021-03-12,137746,success
3krZxyBsWEHfEfJegYaWTd,Come Through,H.E.R.,2021-04-23,214093,success
1edgaGx2x2AQeWtL2OPEMW,Never Take It,Twenty One Pilots,2021-05-21,212706,success
2eAZfqOm4EnOF9VvN50Tyc,The Way Life Goes,Lil Uzi Vert,2017-08-25,221746,success
6jy9yJfgCsMHdu2Oz4BGKX,Papi’s Home,Drake,2021-09-03,178623,success
5B0kgjHULYJhAQkK5XsMoC,WUSYANAME,"Tyler, The Creator",2021-06-25,121572,success
3yaYgjEFkRw3PVjW9mV1TO,Over The Top,Smiley,2021-07-23,153406,success
3SYLoL8KHxdQPYIkfwmUjN,Remote Control,Kanye West,2021-08-29,198613,success
3JJL91ilRV6fXhKqu0FGXs,HOT WIND BLOWS,"Tyler, The Creator",2021-06-25,155292,success
4zbr7Cp3UB00FurUovPU03,Matt Hardy 999,Trippie Redd,2021-08-20,188025,success
1JXBNvlDEl2epKSJ9EOgKX,Not Sober,The Kid LAROI,2021-07-23,216000,success
73uxnSsFMeJ15POpd3zgrV,Believe What I Say,Kanye West,2021-08-29,242400,success
50ceCGZ3oD3U5caQV5bP6f,You Only Live Twice,Drake,2021-09-03,213103,success
7zQirOExB0VR8yWUOqYeio,DOLLA SIGN SLIME,Lil Nas X,2021-09-17,145074,success
1PDP7mLiAMwhfmgIwzhOm2,Yebba’s Heartbreak,Drake,2021-09-03,133762,success
6DZz58CbF0AKw5PCKqNKcM,Come to Life,Kanye West,2021-08-29,310393,success
48WidxP9CqyYtk97pwGZ3c,Wasting Time ( feat. Drake ),Brent Faiyaz,2021-07-01,301304,success
4vsJWPwWPS27gRM4oLjBNO,DONT WANT IT,Lil Nas X,2021-09-17,130926,success
4wONXG4GqWSscEyZlx300W,justified,Kacey Musgraves,2021-09-10,180800,success
3JR2RztQcOjUQGQSybxDIO,ONE OF ME,Lil Nas X,2021-09-17,161666,success
2BITQ360Knh6qNAOqR7Dyq,Miss The Rage,Trippie Redd,2021-05-07,236883,success
1058fW9H3fZA6QjYCdOBad,Don't Go Yet,Camila Cabello,2021-07-23,164842,success
08XWh5c0BMyD1nKVxxl91z,Fountains,Drake,2021-09-03,192417,success
19n8izXThARSuQAXrOKNbO,Avalon,$uicideboy$,2021-08-13,140858,success
0G2zPzWqVjR68iNPmx2TBe,Volando - Remix,Mora,2021-07-08,273474,success
3MmvQKMKdN3UhVS3eGzJIW,Brush Em,Pop Smoke,2021-07-16,150449,success
1ZIKpMTRPqhwAoVXWY3tXI,Chasing After You,Ryan Hurd,2021-02-12,207973,success
0nqhKXDjsyBMvbeWmgijD0,Wockesha,Moneybagg Yo,2021-04-23,180930,success
7hxHWCCAIIxFLCzvDgnQHX,Lemonade,Internet Money,2020-08-28,195428,success
4LYNt6hWctTuZWYiwafuD6,Danny Phantom,Trippie Redd,2021-08-20,136377,success
7fBv7CLKzipRk6EC6TWHOB,The Hills,The Weeknd,2015-08-28,242253,success
72dummgz1gSqm8faekYYQh,Jesus Lord pt 2,Kanye West,2021-08-29,690731,success
4OAuvHryIVv4kMDNSLuPt6,Red (Taylor's Version),Taylor Swift,2021-11-12,223093,success
7qM1BWAsZMTYh4BcYLb0uQ,Already Dead,Juice WRLD,2021-11-12,231010,success
2BcMwX1MPV6ZHP4tUT9uq6,Knife Talk,Drake,2021-09-03,242965,success
3QFInJAm9eyaho5vBzxInN,family ties,Baby Keem,2021-09-10,252262,success
08F16baYbciTva9P4BvpiI,MAFIA,Travis Scott,2021-11-05,240000,success
46IZ0fSY2mpAiktS3KOqds,Easy On Me,Adele,2021-11-19,224694,success
3S7HNKPakdwNEBFIVTL6dZ,Treacherous (Taylor's Version),Taylor Swift,2021-11-12,242720,success
4IQkfUsrwXol38VV3U7t7T,Run,Taylor Swift,2021-11-12,240226,success
3yII7UwgLF6K5zW3xad3MP,22 (Taylor's Version),Taylor Swift,2021-11-12,230960,success
5R4Yrc2j4jw1itr4hKcN26,Feline,Juice WRLD,2021-12-10,212203,success
08SB2OtZkaliju77WYEKxk,No Love,Summer Walker,2021-11-05,231497,success
496vIKS2INz840xZaKncvR,All Night Parking,Adele,2021-11-19,161829,success
4RVwu0g32PAqgUiJoXsdF8,Happier Than Ever,Billie Eilish,2021-07-30,298899,success
4XvcHTUfIlWfyJTRG0aqlo,2055,Sleepy Hallow,2021-06-02,123986,success
4CkgMiMqZ5JzW9iYXSTMTL,I Bet You Think About Me,Taylor Swift,2021-11-12,285106,success
6Uj1ctrBOjOas8xZXGqKk4,Woman,Doja Cat,2021-06-25,172626,success
73qMN9bXy7MSPwwGfH3wQr,Sad Beautiful Tragic (Taylor's Version),Taylor Swift,2021-11-12,284773,success
6pYNq0ZwpPVazKzsqpf0G8,The Very First Night (Taylor's Version) (From The Vault),Taylor Swift,2021-11-12,200280,success
6G2xXQRSZlEzYsUEb3uvuR,Está Dañada,Ivan Cornejo,2021-08-20,214148,success
2pXpURmn6zC5ZYDMms6fwa,It's Beginning to Look a Lot Like Christmas,Perry Como,1999-08-23,155933,success
6tjituizSxwSmBB5vtgHZE,Holly Jolly Christmas,Michael Bublé,2011-10-24,119786,success
5xlS0QkVrSH7ssEbBgBzbM,Little Saint Nick - 1991 Remix,The Beach Boys,1964-11-09,118840,success
3PIDciSFdrQxSQSihim3hN,Christmas (Baby Please Come Home),Mariah Carey,1994-10-28,155492,success
05GsNucq8Bngd9fnd4fRa0,Begin Again (Taylor's Version),Taylor Swift,2021-11-12,238866,success
0v36cov6Z6aEV5ZgIlqZMk,Rockstar In His Prime,Juice WRLD,2021-12-10,180750,success
7H0ya83CMmgFcOhw0UB6ow,Space Song,Beach House,2015-08-28,320466,success
0H1zX27yxoDrsrQA1hk5Uq,O Come All Ye Faithful,Nat King Cole,2018-09-21,141146,success
1OjmlSFuzYflWjSMTCyTJv,Like It's Christmas,Jonas Brothers,2019-11-08,200880,success
1Qi2wh8fFgDV7tl4Sj3f2K,Have Yourself A Merry Little Christmas,Sam Smith,2014-12-05,170964,success
0jNFDcGAXPs5ahngmD5R6n,XSCAPE,Don Toliver,2021-10-08,156248,success
1VLtjHwRWOVJiE5Py7JxoQ,Martin & Gina,Polo G,2020-05-15,132832,success
22mPEYsHFBwVwjmkwx2cHT,Until The Plug Comes Back Around,Juice WRLD,2021-12-10,173677,success
42ZrMq4BKsWDrrbMnMRYaK,Jail,Kanye West,2021-08-29,297000,success
61Emqg95O9zo1GNOcyxq4Y,For Tonight,GIVĒON,2021-09-24,193821,success
161DnLWsx1i3u1JT05lzqU,Talking to the Moon,Bruno Mars,2010-05-11,217866,success
6HJIZUOiZDE814XMhRGSZN,Soy El Unico,Yahritza Y Su Esencia,2022-03-25,213999,success
42Xba467wgGvYrR2EE6s0i,Cigarettes,Juice WRLD,2022-02-02,227527,success
4SqWKzw0CbA05TGszDgMlc,I Love You So,The Walters,2014-11-28,160239,success
2Ghp894n1laIf2w98VeAOJ,How Do I Make You Love Me?,The Weeknd,2022-01-06,214214,success
3XOalgusokruzA5ZBA2Qcb,pushin P,Gunna,2022-01-07,136266,success
7FlQk2gJ6TBrHHiidvdR2O,MAMIII,Becky G,2022-05-13,226088,success
6LtHYDgYHRCHoKK3snfr2w,I'm Tired,Labrinth,2022-02-28,187943,success
6JIC3hbC28JZKZ8AlAqX8h,Cold Heart - PNAU Remix,Elton John,2021-10-22,202735,success
0IuVhCflrQPMGRrOyoY5RW,she's all i wanna be,Tate McRae,2022-02-04,206772,success
6krYS8KtmNAYyb5uTZiYW4,Dawn FM,The Weeknd,2022-01-06,96240,success
3XoYqtiWHhsk59frZupImG,What Else Can I Do?,Diane Guerrero,2021-11-19,179426,success
7lcI4X8RZxK4zIknJcwpBq,Bussin,Nicki Minaj,2022-02-11,136760,success
79nEEoEPY2w8EXj9hjn5oc,Ginseng Strip 2002,Yung Lean,2013-08-16,153999,success
0N0h5lXc4HOiLgGb9EZi8m,Rocking A Cardigan in Atlanta,lil Shordie Scott,2022-01-29,96825,success
3t4KHjd8uQpJJ2fa0fRIpR,High,The Chainsmokers,2022-01-28,175163,success
0sTlGEld0h8kIPZaKDYUf4,Notion,The Rare Occasions,2021-12-02,195120,success
7Fege3yv4dvehB3NdRBGwI,Banking On Me,Gunna,2022-02-14,200000,success
0syVTyo71ordJjSd8cuElB,private island,Gunna,2022-01-07,132173,success
09gysnJpfQ3ublBmJDfcEC,SAD GIRLZ LUV MONEY Remix,Amaarae,2021-09-16,204763,success
5x8NgG7Ya18m9wafOvvWYk,Lost and Found Freestyle 2019,A$AP Rocky,2022-03-25,174862,success
2lUDBd7JrgAMltcp6dcd7D,25 million,Roddy Ricch,2021-12-17,204626,success
4tqcoej1zPvwePZCzuAjJd,Wet Dreamz,J. Cole,2014-12-09,239266,success
5lAnYvAIkSDNXqfo7DyFUm,Ain't Shit,Doja Cat,2021-06-25,174253,success
3Kkjo3cT83cw09VJyrLNwX,Oh My God,Adele,2021-11-19,225148,success
0KCSJzsQVxkloxoT7dyrqV,The Rumbling (TV Size),SiM,2022-01-10,90265,success
7iXF2W9vKmDoGAhlHdpyIa,Forgot About Dre,Dr. Dre,1999-11-16,222293,success
4xIhSUJantE6BMl3u8dtCJ,Father Time,Kendrick Lamar,2022-05-13,222497,success
1IHWl5LamUGEuP4ozKQSXZ,Tití Me Preguntó,Bad Bunny,2022-05-06,243716,success
62Yo3FDddWY8ydu6PW2wyz,Nail Tech,Jack Harlow,2022-02-18,206385,success
6ws54n2IzyrIxxyzlG2bVJ,Right On,Lil Baby,2022-04-08,213975,success
5CzixCxDkRXX9mScCmah8O,Un Ratito,Bad Bunny,2022-05-06,176936,success
3FSwpQ9dBZBeBV6UdYHI2R,712PM,Future,2022-04-29,173186,success
6Sq7ltF9Qa7SNFBsV5Cogx,Me Porto Bonito,Bad Bunny,2022-05-06,178567,success
1HvTxgCj0mTzQlEo0zLvFb,In My Head,Lil Tjay,2022-04-01,135264,success
3Qu3Zh4WTKhP9GEXo0aDnb,Thought You Should Know,Morgan Wallen,2023-03-03,215571,success
2tzgSUZOUKopYbRqQOVT8X,MASSAGING ME,Future,2022-04-29,106133,success
2PljnVsnl2PRwCvfhbdQup,Plan B,Megan Thee Stallion,2022-04-22,163764,success
59CfNbkERJ3NoTXDvoURjj,Boyfriend,Dove Cameron,2022-02-11,153000,success
0y60itmpH0aPKsFiGxmtnh,Wait a Minute!,WILLOW,2015-01-11,196520,success
7IaeavdRzXYQWfu2Wt5GlU,Currents,Drake,2022-06-16,157390,success
5Eax0qFko2dh7Rl2lYs3bx,Efecto,Bad Bunny,2022-05-06,213061,success
7sT7kZEYd1MrmzLLIRVZas,Calling My Name,Drake,2022-06-17,129964,success
1797zYiX4cKosMH836X9Gt,La Corriente,Bad Bunny,2022-05-06,198367,success
1BzXvBpIFWJgu0P8P6xmP4,Stick,Dreamville,2022-03-31,309322,success
19Fg3WrTfo35Ji3PtfZE6J,Auntie Diaries,Kendrick Lamar,2022-05-13,281069,success
7zvfDihYiJ8RQ1nRcpKBF5,Mr. Morale,Kendrick Lamar,2022-05-13,210841,success
3GbQcjKWT7eVpUfzqwUjxv,Late To Da Party,Lil Nas X,2022-06-24,180666,success
0fv2KH6hac06J86hBUTcSf,NEW MAGIC WAND,"Tyler, The Creator",2019-05-17,195327,success
5PPUw4Xo3Hz6rl4GpBfd3c,Savior - Interlude,Kendrick Lamar,2022-05-13,152985,success
3w1WjD2zJqjBjDz5fwqQPJ,Tyler Herro,Jack Harlow,2020-12-11,156578,success
0W6I02J9xcqK8MtSeosEXb,Get Into It (Yuh),Doja Cat,2021-06-25,138293,success
7FIWs0pqAYbP91WWM0vlTQ,Godzilla,Eminem,2020-01-17,210800,success
4HiC3ulkTgbEcYYsSuR6PO,Danger Zone,Kenny Loggins,1997-01-01,215133,success
0De9jFjJ4eRLl7Yww2eBw1,Flower Shops,ERNEST,2022-03-11,214405,success
5gVCfYmQRPy1QJifP8f5gg,Fall In Love,Bailey Zimmerman,2022-02-11,232058,success
0LQtEJt7x0s6knb6RKdRYc,Chicken Fried,Zac Brown Band,2008-11-17,238146,success
2yjlYDiNiQkdxVqTlaSrlX,Super Freaky Girl,Nicki Minaj,2022-08-26,170977,success
0hquQWY3xvYqN4qtiquniF,Vegas (From the Original Motion Picture Soundtrack ELVIS),Doja Cat,2022-05-06,182906,success
1xK59OXxi2TAAAbmZK0kBL,Romantic Homicide,d4vd,2022-07-20,132630,success
7Ddk8FhoYKdsVoX9AOCPMm,STAYING ALIVE,DJ Khaled,2022-08-26,178176,success
4fYte8ZvTK14NEhAOZocBi,I Ain't Worried,OneRepublic,2023-02-15,148120,success
1Hohk6AufHZOrrhMXZppax,ALIEN SUPERSTAR,Beyoncé,2022-07-29,215459,success
3k3NWokhRRkEPhCzPmV8TW,Ojitos Lindos,Bad Bunny,2022-05-06,258298,success
0314PeD1sQNonfVWix3B2K,ENERGY,Beyoncé,2022-07-29,116727,success
3uJFmluXzYedoJcvhpC1AW,Hot Shit,Cardi B,2022-07-01,211649,success
3HyR1j49TY5ACP2lseF1jx,SUMMER RENAISSANCE,Beyoncé,2022-07-29,273997,success
0oO1AbL92F6329z13C2qQH,Talk,Yeat,2022-09-09,174857,success
1MpCaOeUWhox2Fgigbe1cL,I'M THAT GIRL,Beyoncé,2022-07-29,208014,success
5ie5OPdaP9fivYaKcjwKF1,Alone,Rod Wave,2022-08-12,191158,success
6pr7X9UZCDn8CruopaNVha,BIG TIME,DJ Khaled,2022-08-26,173783,success
00imgaPlYRrMGn9o83hfmk,LOOSE CHANGE,Brent Faiyaz,2022-07-08,226011,success
58ge6dfP91o9oXMzq3XkIS,505,Arctic Monkeys,2007-04-24,253586,success
0wXThIDxO3YRJCpPgnmbkw,Where It Ends,Bailey Zimmerman,2023-01-11,179294,success
6ufcuVInt0ocHrUimDjGlb,PLASTIC OFF THE SOFA,Beyoncé,2022-07-29,254319,success
27ZZdyTSQWI7Cug2d2PkqV,BILLIE EILISH.,Armani White,2022-05-19,99282,success
1dm6z1fWB0cErMszU25dy2,Después de la Playa,Bad Bunny,2022-05-06,230400,success
7wdwIaXUuzlu1grzWMFRJm,Mary On A Cross,Ghost,2022-09-12,244804,success
3XgGQ1wjo5khvq2UImjyNF,ALL MINE,Brent Faiyaz,2022-07-08,216062,success
3Osd3Yf8K73aj4ySn6LrvK,No Church In The Wild,JAŸ-Z,2011-08-08,272506,success
6AqwH2Y9FJwhUE2dCSkw1u,5 Foot 9,Tyler Hubbard,2022-05-20,189780,success
0WtM2NBVQNNJLh6scP13H8,Calm Down,Rema,2022-08-25,239317,success
3wGT3OycqbsHFjIKMZ8EEq,"No Matter Which Direction I'm Going In, I Never Chase These Hoes",$uicideboy$,2022-07-29,154915,success
3SeeaIXnrCfT88vHVCRWHl,Last Night Lonely,Jon Pardi,2022-02-17,181990,success
4pi1G1x8tl9VfdD9bL3maT,Big Energy,Latto,2022-03-25,172540,success
44XjoNvtwevktFKjvVe1vH,Andrea,Bad Bunny,2022-05-06,339611,success
1mMLMZYXkMueg65jRRWG1l,When It Rains It Pours,Luke Combs,2017-06-02,242680,success
6eT2V7nKXyMf47TwPbtgAD,Seek & Destroy,SZA,2022-12-09,203733,success
3eX0NZfLtGzoLUxPNvRfqm,Maroon,Taylor Swift,2022-10-21,218270,success
7l2nxyx7IkBX5orhkALg0V,Privileged Rappers,Drake,2022-11-04,160821,success
0wshkEEcJUQU33RSRBb5dv,BackOutsideBoyz,Drake,2022-11-04,152961,success
2CSRrnOEELmhpq8iaAi9cd,Blind,SZA,2022-12-09,150720,success
1rv46mRwDqMEhOBZ7vODg3,It's Beginning to Look a Lot like Christmas,Michael Bublé,2011-10-24,207199,success
0vjeOZ3Ft5jvAi9SBFJm1j,Superhero (Heroes & Villains) [with Future & Chris Brown],Metro Boomin,2022-12-02,182666,success
4Flfb4fGscN9kXPOduQLrv,Treacherous Twins,Drake,2022-11-04,180098,success
410TZrK18uRjtsTunG14cl,Middle of the Ocean,Drake,2022-11-04,356389,success
3pUa0ZxdSeaJXm0EIydD3F,"Would've, Could've, Should've",Taylor Swift,2022-10-21,260361,success
5BYl3SodS3rGmafWXRWmB7,The Great War,Taylor Swift,2022-10-21,240355,success
0sSRLXxknVTQDStgU1NqpY,Hours In Silence,Drake,2022-11-04,399153,success
3EaJDYHA0KnX88JvDhL9oa,Dark Red,Steve Lacy,2017-02-20,173104,success
7fUYUcWy853HS8YJn0b3Sr,Sleigh Ride,The Ronettes,2020-12-04,181266,success
1eIXYZWEfJO3Na2LCCnIJE,Love Language,SZA,2022-12-09,183893,success
4fnNBPN9W6AoOYSQS3FJxT,Notice Me,SZA,2022-12-09,160920,success
26hOm7dTtBi0TdpDGl141t,Die For You,Joji,2022-11-04,211666,success
1TE8AAk9koG0UJco6ZAUfx,Rock and A Hard Place,Bailey Zimmerman,2023-01-11,207540,success
6RJBrG3VHz2hPITjv88chh,Glitch,Taylor Swift,2022-10-21,148781,success
1Py8c3dkLF0YczcAyBFBEM,Never Hating,Lil Baby,2022-10-14,160776,success
200x8ONbPfFzByUr3fVz46,She Had Me At Heads Carolina,Cole Swindell,2022-04-08,206106,success
0rHToGels2lt8Y0mCYoF90,Deck The Hall,Nat King Cole,2018-09-21,68760,success
5Y35SjAfXjjG0sFQ3KOxmm,Nobody Gets Me,SZA,2022-12-09,180853,success
0rKtyWc8bvkriBthvHKY8d,SLOW DANCING IN THE DARK,Joji,2018-10-26,209273,success
1sUdq3kWa9dJXHu3eYOUll,"Spooky, Scary Skeletons - Undead Tombstone Remix",Andrew Gold,2019-10-18,125624,success
4xqrdfXkTW4T0RauPLv3WA,Heather,Conan Gray,2020-03-20,198040,success
7faDzZnZYqTyYThx2sbHVQ,Mistletoe And Holly - Remastered 1999,Frank Sinatra,1957-09-01,136426,success
30VrBsh1STRBoIrhQOAwzK,Disturbia,Rihanna,2007-03-31,238573,success
0FqBNLXlTNimxmVRdDMj6b,1AM FREESTYLE,Joji,2022-11-04,113066,success
5TxRUOsGeWeRl3xOML59Ai,ARE WE STILL FRIENDS?,"Tyler, The Creator",2019-05-17,265480,success
1rXq0uoV4KTgRN64jXzIxo,One Thing At A Time,Morgan Wallen,2023-03-03,206864,success
4P9Q0GojKVXpRTJCaL3kyy,All Of The Girls You Loved Before,Taylor Swift,2019-08-23,221407,success
03fs6oV5JAlbytRYf3371S,Everything I Love,Morgan Wallen,2023-03-03,187047,success
7K3BhSpAxZBznislvUMVtn,Last Night,Morgan Wallen,2023-03-03,163854,success
2dHHgzDwk4BJdRwy9uXhTO,Creepin',Metro Boomin,2022-12-02,221520,success
3qQbCzHBycnDpGskqOWY0E,Ella Baila Sola,Eslabon Armado,2023-04-28,165671,success
0DWdj2oZMBFSzRsi2Cvfzf,TQG,KAROL G,2023-02-24,197933,success
7DSAEUvxU8FajXtRloy8M0,Flowers,Miley Cyrus,2023-08-18,200600,success
04CqLjewJiSAqM210vZAmT,River,Miley Cyrus,2023-03-10,162973,success
3WMj8moIAXJhHsyLaqIIHI,Something in the Orange,Zach Bryan,2022-04-22,228013,success
2Jw3VjB1xy5KHBqEeAC6VK,Eat Your Young,Hozier,2023-03-17,242293,success
0IKeDy5bT9G0bA7ZixRT4A,Bebe Dame,Fuerza Regida,2022-12-28,271861,success
42TtHTxWk782ZBiqyOi2d1,Dawns,Zach Bryan,2023-01-27,290892,success
1Y3LN4zO1Edc2EluIoSPJN,Until I Found You,Stephen Sanchez,2022-04-22,176440,success
73zawW1ttszLRgT9By826D,Man Made A Bar,Morgan Wallen,2023-03-03,191231,success
2wSTnntOPRi7aQneobFtU4,Shirt,SZA,2022-12-09,181840,success
12cZWGf5ZgLcKubEW9mx5q,HOPE,NF,2023-02-16,264473,success
1BAU6v0fuAV914qMUEESR1,Born With A Beer In My Hand,Morgan Wallen,2023-03-03,188523,success
0QHEIqNKsMoOY5urbzN48u,Made You Look,Meghan Trainor,2022-10-21,134256,success
6HMtHNpW6YPi1hrw9tgF8P,About Damn Time,Lizzo,2022-07-15,191937,success
1vcJdUJDM2NVXBsGncmLyh,Keith Whitley,Morgan Wallen,2023-03-03,187518,success
2mpoNBkngUEwnaKoBhZ0vl,PRC,Peso Pluma,2023-01-23,184066,success
52ChYmfu792MW2Ezv0whpk,5 Leaf Clover,Luke Combs,2023-03-24,210850,success
3Ga7Uele3zN57vQ4F0HPTW,Tennessee Fan,Morgan Wallen,2022-12-02,198255,success
1N8TTK1Uoy7UvQNUazfUt5,SPIT IN MY FACE!,ThxSoMch,2022-12-20,147874,success
5NzfnUyVaNrxa2VtoyBWlR,Tennessee Numbers,Morgan Wallen,2023-03-03,225127,success
0IdkFyYIDMhJqz0NL5zCk9,PAINTING PICTURES,mxmy,2023-03-08,121869,success
474uVhyGgK5MtY9gMcDgGl,It's Called: Freefall,Rainbow Kitten Surprise,2018-04-06,152293,success
5ht9obvnnWeW4eoRtPAoQD,Fact,Ghostluvme,2023-02-07,174373,success
2ENexcMEMsYk0rVJigVD3i,Only Girl (In The World),Rihanna,2010-01-01,235493,success
789CxjEOtO76BVD1A9yJQH,Stay,Rihanna,2012-01-01,240706,success
4RvWPyQ5RL0ao9LPZeSouE,Everybody Wants To Rule The World,Tears For Fears,1985-02-25,251488,success
1TUuhV75FeOF6UObRsABo2,Don't Think Jesus,Morgan Wallen,2022-04-15,226975,success
6BePGk3eCan4FqaW2X8Qy3,10:35,Tiësto,2022-11-03,172252,success
7mXuWTczZNxG5EDcjFEuJR,LADY GAGA,Peso Pluma,2023-06-29,212878,success
4i6cwNY6oIUU2XZxPIw82Y,Karma,Taylor Swift,2023-05-26,201493,success
741UUVE2kuITl0c6zuqqbO,Barbie World,Nicki Minaj,2023-06-23,109750,success
5AqiaZwhmC6dIbgWrD5SzV,"Peso Pluma: Bzrp Music Sessions, Vol. 55",Bizarrap,2023-06-01,188361,success
2yzshFeBIwH8tWIqHEFLeD,un x100to,Grupo Frontera,2023-08-25,194563,success
368eeEO3Y2uZUQ6S5oIjcu,TQM,Fuerza Regida,2023-05-19,158964,success
7qLr3HMApUbyDkUvgIvHnB,Oh U Went,Young Thug,2023-06-23,185333,success
3xYJScVfxByb61dYHTwiby,Hits Different,Taylor Swift,2023-05-26,234466,success
0WoVfPjxsf9MTvPt9ptqeE,SLUT ME OUT,NLE Choppa,2023-04-14,123672,success
3kf0WdFOalKWBkCCLJo4mA,El Gordo Trae El Mando,Chino Pacas,2023-01-27,112087,success
0AAMnNeIc6CdnfNU85GwCH,Self Love (Spider-Man: Across the Spider-Verse) (Metro Boomin & Coi Leray),Metro Boomin,2023-06-02,189466,success
4FyesJzVpA39hbYvcseO2d,Just Wanna Rock,Lil Uzi Vert,2022-10-17,123890,success
1odExI7RdWc4BT515LTAwj,Daylight,David Kushner,2023-04-14,212953,success
1bDbXMyjaUIooNwFE9wn0N,Rich Flex,Drake,2022-11-04,239359,success
3RA55zrRkyPK8Fd86hrMy8,LUNA,Peso Pluma,2023-06-29,163551,success
6unndO70DvZfnXYcYQMyQJ,Never Felt So Alone,Labrinth,2023-04-28,160166,success
0Ymjv0OJeIIPXr6s9wi3iW,MATHEMATICAL DISRESPECT,Lil Mabu,2023-05-05,88304,success
2L9N0zZnd37dwF0clgxMGI,ceilings,Lizzy McAlpine,2022-04-08,182887,success
4muwDurKeVOB1WBjTVRWlD,War Bout It,Lil Durk,2023-05-26,160202,success
3B0swL7Qil9bB7eKzBREBK,VVS,Peso Pluma,2023-06-29,162676,success
5wG3HvLhF6Y5KTGlK0IW3J,Trance,Metro Boomin,2022-12-02,194786,success
3ZEno9fORwMA1HPecdLi0R,HAPPY,NF,2023-04-07,242691,success
1haJsMtoBhHfvuM7XWuT3W,El Azul,Junior H,2023-02-10,187225,success
3F5CgOj3wFlRv51JsHbxhe,Jimmy Cooks,Drake,2022-06-17,218364,success
58k32my5lKofeZRtIvBDg9,HONEST,Baby Keem,2019-07-19,172672,success
3v3gyQkwRQGwDUZ7V2q2lF,WHAT A DAY,"Tyler, The Creator",2023-03-31,216884,success
6DLbBlGIOjjEj0dNN25zhZ,Tennessee Orange,Megan Moroney,2023-05-05,223119,success
1h0rVgfuKa6V9DkVSLAc4Q,back at it,Gunna,2023-06-16,186173,success
7kOletJ0Q5H4MWe7cfeZXP,Alone,Kim Petras,2023-04-21,185113,success
3X6qK1LdMkSOhklwRa2ZfG,Danger (Spider) (Offset & JID),Offset,2023-06-02,205266,success
30bqVoKjX479ab90a8Pafp,Star Shopping,Lil Peep,2015-01-01,142000,success
2dSKFFNoNXKo3hPnlwUdPe,They Don't Love It,Jack Harlow,2023-04-28,113292,success
6wsqVwoiVH2kde4k4KKAFU,I KNOW ?,Travis Scott,2023-07-28,211582,success
4daEMLSZCgZ2Mt7gNm2SRa,Flooded The Face,Lil Uzi Vert,2023-06-30,192727,success
4kjI1gwQZRKNDkw1nI475M,MY EYES,Travis Scott,2023-07-28,251249,success
6wf7Yu7cxBSPrRlWeSeK0Q,"What Was I Made For? [From The Motion Picture ""Barbie""]",Billie Eilish,2023-07-13,222369,success
67nepsnrcZkowTxMWigSbb,MELTDOWN,Travis Scott,2023-07-28,246133,success
78Du4CMFgnhdlG33gblkiP,Rich Men North of Richmond,Oliver Anthony Music,2023-08-11,187244,success
0lodMO0qK83vfPiiD7FMEt,TOPIA TWINS,Travis Scott,2023-07-28,223173,success
34sOdxWu9FljH84UXdRwu1,all-american bitch,Olivia Rodrigo,2023-09-08,165833,success
1kuGVB7EU95pJObxwvfwKS,vampire,Olivia Rodrigo,2023-09-08,219724,success
0hL9gOw6XBWsygEUcVjxEc,HYAENA,Travis Scott,2023-07-28,222085,success
7C1BLYzAvR0KdBpov3GpUZ,El Dorado,Zach Bryan,2023-08-25,182855,success
4e3ZNTAV6PCrdYMUrUlMpQ,Electric Touch,Taylor Swift,2023-07-07,266466,success
4iZ4pt7kvcaH6Yo8UoZ4s2,Snooze,SZA,2022-12-09,201800,success
6dTA6y0C2ReQklntzZl8l3,The Story Of Us (Taylor's Version),Taylor Swift,2023-07-07,267653,success
6T7FXSuXykeGktMLGp8WgE,All My Life,Lil Durk,2023-05-26,223878,success
7eOuUmpnHBlg5zsm8Cs7c3,Summertime's Close,Zach Bryan,2023-08-25,186186,success
0zo975x58DlXbZllWvfYhg,When Emma Falls in Love (Taylor’s Version) (From The Vault),Taylor Swift,2023-07-07,252385,success
22VHOlVYBqytsrAqV8yXBK,Dial Drunk,Noah Kahan,2023-07-18,213817,success
0bkV1iQHSxBaksUqgEkcbc,SKITZO,Travis Scott,2023-07-28,366592,success
3a36nM6fPVA8K1vqq6d03o,x2,Lil Uzi Vert,2023-06-30,234324,success
3hUxzQpSfdDqwM3ZTFQY0K,august,Taylor Swift,2020-07-24,261922,success
12nBPF4Rh4XLFJV0YLN7uj,Innocent (Taylor's Version),Taylor Swift,2023-07-07,301221,success
0gWrMbx6pbdH3n3nsLjE55,Mourning,Post Malone,2023-05-19,147819,success
7sliFe6W30tPBPh6dvZsIH,Area Codes,Kaliii,2023-03-17,139325,success
3BHFResGQiUvbYToUdaDQz,Enough Is Enough,Post Malone,2023-07-28,165175,success
4YQImHflXSiIMXntcwPkx8,Bongos,Cardi B,2023-09-08,175099,success
0fCwTrRNfoNk962ati8n2K,All Your'n,Tyler Childers,2019-08-02,218290,success
0FA4wrjDJvJTTU8AepZTup,Watch This - ARIZONATEARS Pluggnb Remix,Lil Uzi Vert,2023-02-05,163139,success
4qtxILwBcAHEHbG7R0xF4r,Hold My Breath,Post Malone,2023-07-28,208904,success
6kQF79mjbOkvuRvg0J2XZv,Died and Came Back,Lil Uzi Vert,2023-06-30,180636,success
7rzNKooM3JrKVT40fR22HI,Not Even Ghosts Are This Empty,$uicideboy$,2023-08-11,180774,success
6WzRpISELf3YglGAh7TXcG,Popular,The Weeknd,2023-06-02,215466,success
0JXXNGljqupsJaZsgSbMZV,Sure Thing,Miguel,2010-11-30,195373,success
3fqwjXwUGN6vbzIwvyFMhx,Tennessee Whiskey,Chris Stapleton,2015-05-04,293293,success
4ZT0wGKwlJRjpMUuwZVy3p,Daylight,Drake,2023-10-06,164142,success
2nibvvDdAQkVraYP00z2RS,Calling For You,Drake,2023-10-06,285630,success
4rXLjWdF2ZZpXCVTfWcshS,fukumean,Gunna,2023-06-16,125040,success
1Iq8oo9XkmmvCQiGOfORiz,Is It Over Now? (Taylor's Version) (From The Vault),Taylor Swift,2023-10-26,229477,success
3nNmRE0DxHC6ZaKkrpUumS,FINA,Bad Bunny,2023-10-13,216327,success
5KD6AEm19QnMbfWpfoOHMl,Now That We Don't Talk (Taylor's Version) (From The Vault),Taylor Swift,2023-10-26,146436,success
1hR8BSuEqPCCZfv93zzzz9,Welcome To New York (Taylor's Version),Taylor Swift,2023-10-26,212600,success
4OMJGnvZfDvsePyCwRGO7X,Houdini,Dua Lipa,2023-11-09,185917,success
2ve0kuaWUCt4Zx8x4bf1MR,Wonderland (Taylor's Version),Taylor Swift,2023-10-26,245566,success
2ByBBvpR9b7IynvRmnG7kG,Clean (Taylor's Version),Taylor Swift,2023-10-26,271000,success
4PS1e8f2LvuTFgUs1Cn3ON,The Christmas Song (Merry Christmas To You),Nat King Cole,2018-09-21,192160,success
1ODFVLQszq0hCOdZtqV5wq,MR. OCTOBER,Bad Bunny,2023-10-13,189258,success
3pv7Q5v2dpdefwdWIvE7yH,Shake It Off (Taylor's Version),Taylor Swift,2023-10-26,219209,success
75W3SngKzTuoQ94uLf3y82,How You Get The Girl (Taylor's Version),Taylor Swift,2023-10-26,247533,success
4so0Wek9Ig1p6CRCHuINwW,White Christmas,Bing Crosby,1942-01-01,177480,success
1yeB8MUNeLo9Ek1UEpsyz6,Rich Baby Daddy,Drake,2023-10-06,319191,success
6uIIdjYTxxpWOyWuVXrKQO,Que Onda,Calle 24,2023-08-30,191466,success
01ppKlDRCmPpusO3yNrSRY,TELEFONO NUEVO,Bad Bunny,2023-10-13,354784,success
4UwqOWDpdeIDVQDuKT6iza,You Are In Love (Taylor's Version),Taylor Swift,2023-10-26,267389,success
1a73gcEg6h6Re6hHXoVltJ,FTCU,Nicki Minaj,2023-12-08,172137,success
17cia5k4BpGVlyEfqrFH50,Can’t Catch Me Now - from The Hunger Games: The Ballad of Songbirds & Snakes,Olivia Rodrigo,2023-11-17,205483,success
6dBUzqjtbnIa1TwYbyw5CM,Lovers Rock,TV Girl,2014-06-05,213920,success
0xxZY5C9xxij3D1HkzbnfC,Monster Mash,"Bobby ""Boris"" Pickett & The Crypt-Kickers",1962-01-01,192040,success
1SV1fxF65n9NhRHp3KlBuu,Wonderful Christmastime - Edited Version / Remastered 2011,Paul McCartney,1980-05-16,227653,success
0PAcdVzhPO4gq1Iym9ESnK,Thinkin’ Bout Me,Morgan Wallen,2023-03-03,177387,success
5W4kiM2cUYBJXKRudNyxjW,You Proof,Morgan Wallen,2023-03-03,157477,success
5CscrLqFBgPfZR8fGtikov,making the bed,Olivia Rodrigo,2023-09-08,198866,success
3kfhS2L56Wj8fBcu7xE47H,Turks & Caicos,Rod Wave,2023-09-15,203345,success
38R5sydMbsBzSPGPMfmtpb,MR. TAKE YA B*TCH (FEAT. CHRISEANROCK),Lil Mabu,2023-10-17,108750,success
0hvN2v6fAcB6xWyW7UaooA,(There's No Place Like) Home for the Holidays - 1959 Version,Perry Como,1991-08-26,175893,success
0Ie5uiv54KgCr7P4sYDTHl,Baby It's Cold Outside (duet with Michael Bublé),Idina Menzel,2014-10-10,166146,success
4HeViKsdSOLkOvwfcRVkK8,Mamaw's House,Thomas Rhett,2023-09-29,187269,success
7fveJ3pk1eSfxBdVkzdXZ0,Cowgirls,Morgan Wallen,2023-03-03,181621,success
1SjsVdSXpwm1kTdYEHoPIT,Sun to Me,Zach Bryan,2022-05-20,163031,success
5P8Xvy5tzhmfyfA6GplQ8h,I Want a Hippopotamus for Christmas (Hippo the Hero),Gayla Peevey,1953-11-11,155466,success
41onDks2UPbyjer5fMeUWf,Christmas In Hollis,Run–D.M.C.,1988-09-16,178613,success
3RwWW7KeVhHGayYJgUL5eZ,eternal sunshine,Ariana Grande,2024-03-08,210200,success
5tEaVciE2GnR28aN6W9cLS,FUK SUMN,¥$,2024-02-09,209577,success
28drn6tQo95MRvO0jQEo5C,Type Shit,Future,2024-03-22,228266,success
2tudvzsrR56uom6smgOcSf,Like That,Future,2024-03-22,267706,success
0Lmbke3KNVFXtoH2mMSHCw,the boy is mine,Ariana Grande,2024-03-08,173639,success
79AHPJd8upvNxyK2qQcY8J,HISS,Megan Thee Stallion,2024-01-26,192818,success
3w0w2T288dec0mgeZZqoNN,CARNIVAL,¥$,2024-02-09,264324,success
7KA4W4McWYRpgf0fWsJZWB,See You Again,"Tyler, The Creator",2017-07-21,180386,success
347AQK5Lyhn6RvB8tBGYxt,STARS,¥$,2024-02-09,115238,success
6rjuKpPydT2SxN15TZpV7r,500lbs,Lil Tecca,2023-09-22,144390,success
42VsgItocQwOQC3XWZ8JNA,FE!N,Travis Scott,2023-07-28,191700,success
1udwFobQ1JoOdWPQrp2b6u,Surround Sound,JID,2022-10-31,229938,success
7aqfrAY2p9BUSiupwk3svU,First Person Shooter,Drake,2023-10-06,247444,success
6tNgRQ0K2NYZ0Rb9l9DzL8,obsessed,Olivia Rodrigo,2024-03-22,170541,success
2YSzYUF3jWqb9YP9VXmpjE,IDGAF,Drake,2023-10-06,260111,success
04CyMEHliadfQWMUJb1w99,BURN,¥$,2024-02-09,111458,success
7pBcryEKcUEaWHwAu1wUyP,Magic Don Juan (Princess Diana),Future,2024-03-22,220733,success
003vvx7Niy0yvhvHt4a68B,Mr. Brightside,The Killers,2004-01-01,222973,success
4q7y1JFDBJSBSLqXVgcI51,Runnin Outta Time,Future,2024-03-22,205480,success
2y4ZR0BUAVePljHSsZyIgj,PAID,¥$,2024-02-09,195117,success
2K7sv1mno9PvbXVBpqvSKn,sneaky,21 Savage,2024-01-12,201672,success
3xKsf9qdS1CyvXSMEid6g8,Pink + White,Frank Ocean,2016-08-20,184516,success
7hVb3OyFkgxDgpTdrOX6dT,KEYS TO MY LIFE,¥$,2024-02-09,174083,success
0caJ2wkqp4UmXBwdR2JvB5,Dial Drunk,Noah Kahan,2023-06-09,213817,success
086myS9r57YsLbJpU0TgK9,Why'd You Only Call Me When You're High?,Arctic Monkeys,2013-09-09,161123,success
4yreExU3eRNTe2iJz6X6k3,american dream,21 Savage,2024-01-12,63415,success
72qABvaqn3TP6drO2tByA6,Ain't No Love,Future,2024-03-22,182840,success
6XjDF6nds4DE2BBbagZol6,Gata Only,FloyyMenor,2024-02-02,222000,success
5TXDeTFVRVY7Cvt0Dw4vWW,Revenge,XXXTENTACION,2017-08-25,120026,success
6FBzhcfgGacfXF3AmtfEaX,C U Girl,Steve Lacy,2015-02-15,129697,success
43SoxERu5UlXAgt4Es1VQU,Porch Light,Josh Meloy,2022-11-18,184949,success
0JmnkIqdlnUzPaf8sqBRs3,Moonlight,Kali Uchis,2023-03-03,187723,success
3CWq0pAKKTWb0K4yiglDc4,You’re Losing Me (From The Vault),Taylor Swift,2023-11-29,277831,success
77DRzu7ERs0TX3roZcre7Q,euphoria,Kendrick Lamar,2024-04-30,383639,success
3NMrVbIVWT3fPXBj0rNDKG,The Tortured Poets Department,Taylor Swift,2024-04-18,293048,success
5ZLL6wYXeqg0k35ZkDRfhZ,Pour Me A Drink (Feat. Blake Shelton),Post Malone,2024-06-21,195122,success
2XXwLdtuAcE0HSCu61ijAb,My Boy Only Breaks His Favorite Toys,Taylor Swift,2024-04-18,203801,success
2tHwzyyOLoWSFqYNjeVMzj,Please Please Please,Sabrina Carpenter,2024-08-23,186365,success
19XpFsce28aByvCC4g89tJ,Too Sweet,Hozier,2024-08-19,251424,success
6zuPQl2RVqQ4y5nAH61CFC,II MOST WANTED,Beyoncé,2024-03-27,208521,success
3Vevii7qKqrmW8CcyzBHDl,"So Long, London",Taylor Swift,2024-04-18,262974,success
3eh51r6rFWAlGQRlHx9QnQ,Push Ups,Drake,2024-04-19,232774,success
4xdBrk0nFZaP54vvZj0yx7,HOT TO GO!,Chappell Roan,2023-09-22,184841,success
6fPan2saHdFaIHuTSatORv,L’AMOUR DE MA VIE,Billie Eilish,2024-05-17,333986,success
6Y4rniIxibegzsg8cdWAWV,BODYGUARD,Beyoncé,2024-03-29,240254,success
1yfKakY4rvI17lk20ekuRA,Crocodile Tearz,J. Cole,2024-04-05,229186,success
6TGd66r0nlPaYm3KIoI7ET,THE GREATEST,Billie Eilish,2024-05-17,293840,success
57wp7VFnV8X0pSVnYArGeJ,Whatever She Wants,Bryson Tiller,2024-02-13,161342,success
2prqm9sPLj10B4Wg0wE5x9,BLUE,Billie Eilish,2024-05-17,343120,success
2UDARQiksl207HcSduDpov,LEVII'S JEANS,Beyoncé,2024-03-29,257699,success
0W0iAC1VGlB82PI6elxFYf,Guilty as Sin?,Taylor Swift,2024-04-18,254365,success
76OC0zMt7wqgys9BpPfLag,SMOKE HOUR ★ WILLIE NELSON,Beyoncé,2024-03-27,50721,success
27a8HLPwti6tmgQ6FR8aVI,DAUGHTER,Beyoncé,2024-03-27,203851,success
0K9tfzrxJyCQIf7oAlPwaK,YA YA,Beyoncé,2024-03-29,274766,success
3NtCIBBz5pEAVGeHL4h5mS,TYRANT,Beyoncé,2024-03-27,250725,success
5Bedn0svl0ZD7RGmJkmKKw,How Did It End?,Taylor Swift,2024-04-19,238706,success
1ACA277B6f46DYCgZW8di3,if u think i'm pretty,Artemas,2024-02-09,128205,success
3evCfqmaP5ZFbWMeFI0E21,ALLIIGATOR TEARS,Beyoncé,2024-03-27,179397,success
1FhgmMvNlh3nJ1Ldc2eE6H,High Road,Koe Wetzel,2024-07-19,179413,success
5wbg8kepMFoMzHOEuxiI0q,Close To You,Gracie Abrams,2024-06-20,225973,success
1QvDl9tBq6PsMVE7Bf2ZOV,smoke & a light,Ole 60,2023-08-29,189048,success
0JcD5qI9SxWqdEWmRjUX9X,Mental Clarity Is a Luxury I Can't Afford,$uicideboy$,2024-06-14,145782,success
5rb9QrpfcKFHM1EUbSIurX,Yeah!,USHER,2004-03-23,250373,success
2o1pb13quMReXZqE7jWsgq,intro (end of the world),Ariana Grande,2024-03-08,92400,success
7yNf9YjeO5JXUE3JEBgnYc,Babydoll,Dominic Fike,2018-10-16,97960,success
6LAicOLiCrHw0bmaLBDbC8,whatsapp (wassam),Gunna,2024-05-10,148240,success
3cmdqMDc0Fj4TgPeyDOYTM,Us Vs. Them,$uicideboy$,2024-03-29,184633,success
7b6sWLSnbZhSIeqNGrJ4py,These Walls,Dua Lipa,2024-05-03,217783,success
0IsIY8pfu1yaGkPUD7pkDx,Guess featuring billie eilish,Charli xcx,2024-10-11,143330,success
5iJKGpnFfvbjZJeAtwXfCj,28,Zach Bryan,2024-07-04,233333,success
102YUQbYmwdBXS7jwamI90,Good Graces,Sabrina Carpenter,2024-08-23,185265,success
7Fzl7QaTu47WyP9R5S5mh5,Lies Lies Lies,Morgan Wallen,2024-07-05,198068,success
1UHS8Rf6h5Ar3CDWRd3wjF,Bed Chem,Sabrina Carpenter,2024-08-23,171869,success
5VhvD0AKRprEaFtPNKGBQR,Dumb & Poetic,Sabrina Carpenter,2024-08-23,133478,success
4KULAymBBJcPRpk1yO4dOG,I Remember Everything,Zach Bryan,2023-08-25,227195,success
6StwwqB84sJeLr7tZDTxEX,Guy For That (Feat. Luke Combs),Post Malone,2024-08-15,164011,success
24XihnoVPWXlKJ4BgXqjVM,It's ok I'm ok,Tate McRae,2024-09-12,156521,success
2CIXO1jQbrV1hlfI7FUKld,Wrong Ones (Feat. Tim McGraw),Post Malone,2024-08-15,195822,success
6GG4yyk3UATdBfTHVgI8PB,Ain't No Love In Oklahoma (From Twisters: The Album),Luke Combs,2024-05-16,210950,success
0OA00aPt3BV10qeMIs3meW,Big Dawgs,Hanumankind,2024-07-09,190666,success
7I3RalBqE7ZE0RSxgGlGlm,Habits,Eminem,2024-07-12,298384,success
4ZJ4vzLQekI0WntDbanNC7,Pink Skies,Zach Bryan,2024-05-24,194920,success
09LrGvT9KsACH66RHYMDyR,Don’t Smile,Sabrina Carpenter,2024-08-23,206295,success
0lJNSfWnwJMIh94Dv9jQUt,What Don't Belong To Me,Post Malone,2024-08-15,207176,success
59151GHN7yr5g9B3bqlGdR,Trouble,Eminem,2024-07-12,41487,success
3XbIhTYl6a0uXPyO43eiXa,Oak Island,Zach Bryan,2024-07-04,239410,success
21LCotDEwR7R8qOnqPVzi9,Evil,Eminem,2024-07-12,230358,success
6me7F0aaZjwDo6RJ5MrfBD,Evergreen,Richy Mitch & The Coal Miners,2017-05-17,87000,success
3uC4r2daXertBxxc8BpbbN,Lithonia,Childish Gambino,2024-07-19,178960,success
5b3XJ1pjrHO5JtY2PcTjnI,Mamushi,Megan Thee Stallion,2024-06-28,156988,success
1vj47xD8v9wIhQrmQY2Dkv,Better Days,Zach Bryan,2024-07-04,212466,success
4q5YezDOIPcoLr8R81x9qy,I Can Do It With a Broken Heart,Taylor Swift,2024-04-18,218004,success
5lKFO0PrOC9jmOlPEdjHsL,DOS DÍAS,Tito Double P,2024-08-22,153928,success
0DM63CJEklNPKu6kHGyuEl,Yours,Post Malone,2024-08-15,199438,success
2aPTvyE09vUCRwVvj0I8WK,Sundress,A$AP Rocky,2018-11-20,158205,success
6IPwKM3fUUzlElbvKw2sKl,we fell in love in october,girl in red,2018-11-21,184153,success
3hRV0jL3vUpRrcy398teAU,The Night We Met,Lord Huron,2015-04-06,208211,success
5giwUhMFuodJcRhA8tlLSQ,Nobody's Soldier,Hozier,2024-08-19,237200,success
69phA1R4gmQsBFRQ3INW8C,ONE CALL,Rich Amiri,2023-11-17,121399,success
4xhsWYTOGcal8zt0J161CU,Lovin On Me,Jack Harlow,2023-11-10,138411,success
0HEytGQM3bG1vKxER7IgVK,Spotless,Zach Bryan,2023-08-25,169467,success
11bJ1ws3dathgY9uzADUhL,In The Night,Childish Gambino,2024-07-19,229999,success
7ne4VBA60CxGM75vw0EYad,That’s So True,Gracie Abrams,2024-10-18,166300,success
2EjXfH91m7f8HiJN1yQg97,Rockin' Around The Christmas Tree,Brenda Lee,1964-10-19,126266,success
5S8VwnB4sLi6W0lYTWYylu,hey now,Kendrick Lamar,2024-11-22,217478,success
1QoyuMHNBe7lg3YW4Qtll4,St. Chroma,"Tyler, The Creator",2024-10-28,197019,success
5RePVWy39tLpHH0WwXgBsK,Rah Tah Tah,"Tyler, The Creator",2024-10-28,165412,success
7hR22TOX3RorxJPcsz5Wbo,Love Somebody,Morgan Wallen,2024-10-18,204828,success
4BSR9I4ExlCJdXJo2GpBD5,Take Your Mask Off,"Tyler, The Creator",2024-10-28,253909,success
3QiAAp20rPC3dcAtKtMaqQ,Blue Christmas,Elvis Presley,1957-10-15,130234,success
0wgOhYnqZKjOHr6bmdz0aN,gloria,Kendrick Lamar,2024-11-22,287522,success
2pnPe4pJtq7689i5ydzvJJ,Run Rudolph Run - Single Version,Chuck Berry,1986-01-01,165733,success
3aZptNYC6Z1YoumeqZcDcQ,gnx,Kendrick Lamar,2024-11-22,193539,success
3qCeq0rWK67SoBDgFd2sId,Feliz Navidad,José Feliciano,2001-01-01,182306,success
2Uts1QFB4u2YNIMiqcb4de,peekaboo,Kendrick Lamar,2024-11-22,155917,success
1SGvjfc85yzqKXsfKcCxn2,heart pt. 6,Kendrick Lamar,2024-11-22,292461,success
0pvZCv4JOS5WBu7JITYef6,I Hope You Find Your Way Home,"Tyler, The Creator",2024-10-28,269704,success
3siwsiaEoU4Kuuc9WKMUy5,No One Noticed,The Marías,2024-05-31,236906,success
1XBYiRV30ykHw5f4wm6qEn,NIGHTS LIKE THIS,The Kid LAROI,2023-11-10,86983,success
04vLj9QUXoKdRlsp3gkURo,Mele Kalikimaka (Merry Christmas),Bing Crosby,1945-01-01,175333,success
4nVBt6MZDDP6tRVdQTgxJg,Story of My Life,One Direction,2013-11-25,245490,success
6thXB4RmajS4oZPNiBAKy0,Ghostbusters,Ray Parker Jr.,1993-10-12,239133,success
5QMrH5nszZZR3nefIj6Mar,Defying Gravity,Cynthia Erivo,2024-11-22,459766,success
51rfRCiUSvxXlCSCfIztBy,"I Love You, I'm Sorry",Gracie Abrams,2024-06-21,157146,success
3QIoEi8Enr9uHffwInGIsC,Please Come Home for Christmas - Eagles 2013 Remaster,Eagles,1978-11-27,177440,success
7EBy2V93Ykyvfc5CMApTGc,Barbarian,Juice WRLD,2024-11-30,150888,success
0OWhKvvsHptt6vnnNUSM9a,Oklahoma Smokeshow,Zach Bryan,2022-07-15,211739,success
1WIZiOuNO3woKfdlSK2gNn,Transportin',Kodak Black,2017-08-18,169344,success
1aXV8GrmQLvgoFtBPERP7E,Jealous,Eyedress,2019-12-06,122338,success
0hz5PNF2wejwUKCMpesQWt,Merry Christmas,Ed Sheeran,2024-09-27,208546,success
1g7pFO1WtclKCuIQiS8sNM,Crybaby,SZA,2024-12-20,241948,success
2OzhQlSqBEmt7hmkYxfT6m,Fortnight,Taylor Swift,2024-04-18,228965,success
4YLizxRQsTqqnvzzYq2VaE,Mr Chow,Lil Uzi Vert,2024-11-01,177273,success
5xDrO9DEDJGUQGfyoHvgDJ,Last Christmas,Ariana Grande,2013-01-01,203653,success
1G391cbiT3v3Cywg8T7DM1,Scar Tissue,Red Hot Chili Peppers,1999-06-08,215906,success
5xHgo5JN0wfsV41HnRaos5,The Giver,Chappell Roan,2025-03-13,202768,success
3MJ6lFNV12FSHAOzTzkwxz,Smile,Morgan Wallen,2024-12-31,224127,success
3AWDeHLc88XogCaCnZQLVI,Cry For Me,The Weeknd,2025-01-31,224136,success
3tFed7YsjGnIfxeLEQwx3R,Sticky,"Tyler, The Creator",2024-10-28,255915,success
0aB0v4027ukVziUGwVGYpG,tv off,Kendrick Lamar,2024-11-22,220690,success
7AeM1BGYM7emrqmQn1PuWv,I'm The Problem,Morgan Wallen,2025-05-16,177811,success
21IYMdzTrzSe191Cy5eMap,Sailor Song,Gigi Perez,2025-04-25,211978,success
00iLTetTLAeImmBlh6jOJh,K POP,Playboi Carti,2025-03-14,112992,success
2lTm559tuIvatlT1u0JYG2,BAILE INoLVIDABLE,Bad Bunny,2025-01-05,367725,success
4u43I0LP2Xf85OAS85eG0R,CN TOWER,PARTYNEXTDOOR,2025-02-14,241889,success
0NUqi0ps17YpLUC3kgsZq0,DIE TRYING,PARTYNEXTDOOR,2025-02-14,195431,success
3aSWXU6owkZeVhh94XxEWO,30 For 30,SZA,2024-12-20,278277,success
5nk6BxN9bM5rLNkA3pMOzn,Tweaker,Ball Brothers,2025-01-03,189473,success
0rNgWFQJtfttOYIHfDOHCg,BACKD00R,Playboi Carti,2025-03-14,190053,success
5Nz7hI3cCOHmMR4vSLJ1An,GIMME A HUG,Drake,2025-02-14,193054,success
5WEF0icHWmAZBBMglBd599,WELTiTA,Bad Bunny,2025-01-05,187507,success
6jbYpRPTEFl1HFKHk1IC0m,Like Him,"Tyler, The Creator",2024-10-28,278014,success
0stJVUUSrbEwyFHOp2dRu0,Open Hearts,The Weeknd,2025-01-30,234923,success
79x7xtoCLpf6l32Zz6mWo4,BOKeTE,Bad Bunny,2025-01-05,215983,success
0DA8aZZvG73AijDYT00ki1,bloodonmyhands,Tate McRae,2025-02-21,162403,success
3FjK86616FbluOfTxNK2gY,A N X I E T Y,Sleepy Hallow,2023-09-15,148928,success
7xAvtuHf8nGi5OtXVPYgb3,CRANK,Playboi Carti,2025-03-14,147692,success
1pzN8bCzy017iK3vWzkk6Z,WAKE UP F1LTHY,Playboi Carti,2025-03-14,169333,success
21aDVa64pWR8SYQ7wBRMkd,CHARGE DEM HOES A FEE,Playboi Carti,2025-03-14,225000,success
63Pi2NAx5yCgeLhCTOrEou,Headlock,Imogen Heap,2005-01-01,215338,success
1DpC4L3JjsGRW7y6eTHaMj,Ojos Tristes,Selena Gomez,2025-03-19,201920,success
5RKQ5NdjSh2QzD4MaunT91,Don't Stop Believin' (2022 Remaster),Journey,1981-07-17,249600,success
6jp9WjJtKF0Fgks0Y9Kkni,Like I do,Tate McRae,2025-02-21,182061,success
6LxSe8YmdPxy095Ux6znaQ,Headlines,Drake,2011-11-15,235986,success
7zFXmv6vqI4qOt4yGf3jYZ,Get You,Daniel Caesar,2017-08-25,278179,success
53WWD2BBC6Jcip8wy5CniE,cLOUDs,J. Cole,2025-02-21,242086,success
4GqhG9rDuRUoNyDSMJ0Brq,SPIDER-MAN SUPERMAN,PARTYNEXTDOOR,2025-02-14,203893,success
0OpC8hRrbsh24taKOsQBEX,Real Man,beabadoobee,2024-08-09,160600,success
5IoPnNiYAOvHHJpz13wzRL,Vanish Into You,Lady Gaga,2025-03-07,244915,success
04emojnbYkrRmv5qtJcgVP,What I Want,Morgan Wallen,2025-05-16,184517,success
1lfO0bqThTLimzHsvk3LrN,OWA OWA,Lil Tecca,2025-06-13,132380,success
3LPLRNr58Z9Pn0clnEtkXb,Anxiety,Doechii,2025-03-14,249302,success
0TFTAtCYhp2tQ9KcJIZb55,undressed,sombr,2025-08-22,182088,success
2jNyiavSywmA472t2m6ZBz,What Was That,Lorde,2025-04-24,209286,success
1BDLD4c07q0bmq2VCRsXoE,I Ain't Comin' Back,Morgan Wallen,2025-05-16,175271,success
5z0LSDpPpGwc2ZyJHpsE3J,Just In Case,Morgan Wallen,2025-05-16,166206,success
7qjZnBKE73H4Oxkopwulqe,back to friends,sombr,2025-08-22,199032,success
6wZOZ0votPhc8qdg4UFPtH,dandelion,Ariana Grande,2025-03-28,204815,success
6TUf119oQrkteMSKTE1SOf,"Skoal, Chevy, and Browning",Morgan Wallen,2025-05-16,222479,success
0GnNHCDj2WOJl70UUcvAEP,Falling Apart,Morgan Wallen,2025-05-16,198919,success
68qeaZhtMZ6abrJCYt6nQn,RATHER LIE,Playboi Carti,2025-03-14,209680,success
0YsIYFRoxkmEvbKCwTp0Tg,20 Cigarettes,Morgan Wallen,2025-05-16,160901,success
2qPQcfUgizNDOIv1orkTAd,Bloodline,Alex Warren,2025-07-18,182008,success
6393yGahSJ9slVdOwSxOVR,Pink Pony Club,Chappell Roan,2023-09-21,258034,success
4Km9FSF9iaQiTLnFPdbPom,6 Months Later,Megan Moroney,2025-06-20,182868,success
7igCS2ZsfV7bvxuhF4XgiQ,I'm A Little Crazy,Morgan Wallen,2025-03-21,199060,success
4HWDNZ1i6gyzu9tUbNhC2C,Revelation,Morgan Wallen,2025-05-16,209519,success
2JPctdUgvkQSpnUdfROxvY,Te Quería Ver,Alemán,2025-05-09,176129,success
3t6gUcGYLrUuqwpXjOFWQc,I Never Lie,Zach Top,2024-04-05,224906,success
0nj9Bq5sHDiTxSHunhgkFb,squabble up,Kendrick Lamar,2024-11-22,157992,success
4IixOTCzviJgIigKleiVbo,Even In Arcadia,Sleep Token,2025-05-09,268369,success
7y9iMe8SOB6z3NoHE2OfXl,Bad At Love,Halsey,2017-06-02,181279,success
0T1tCsZ2qPRf6fwphjlNPM,Sober,Hudson Westbrook,2025-04-25,210293,success
3anaHXs7z8NwLUatPxqJlE,Amen,Shaboozey,2025-04-24,197403,success
5uhxL7UwvTMV6FSCTpKcjc,Leavin's The Least I Could Do,Morgan Wallen,2025-05-16,187545,success
7aURTqVzpZxkJfboCvGc69,LiveLeak,Ken Carson,2025-04-11,190541,success
2ZWlPOoWh0626oTaHrnl2a,Ivy,Frank Ocean,2016-08-20,249191,success
56BtPjjWiRc0ch7DH8DNu9,Trap Jump,Ken Carson,2025-04-11,150386,success
1qbmS6ep2hbBRaEZFpn7BX,Man I Need,Olivia Dean,2025-08-15,184000,success
4sLvxpKLvagQ4lZHUpymza,Big Poe,"Tyler, The Creator",2025-07-21,182401,success
01p5urrGw5fuFCcfT7PBgc,GO BABY,Justin Bieber,2025-07-11,194760,success
72PVbRKkUimweUPV0nKAPs,ALL I CAN TAKE,Justin Bieber,2025-07-11,247546,success
2SsY5k7UWFqgye3PUMG3Oq,The Subway,Chappell Roan,2025-08-01,252276,success
1qyw5wSUkEvH8DtaCdx7Lg,Go Go Juice,Sabrina Carpenter,2025-08-29,193315,success
3RXUgPNIbUgFxsDWuBQEt6,How It’s Done,HUNTR/X,2025-06-20,176059,success
6xV7Be6XEvkSnighmh2Tzj,Sugar On My Tongue,"Tyler, The Creator",2025-07-21,153332,success
0je57Uq5eTk1wrPzn9sWbl,When Did You Get Hot?,Sabrina Carpenter,2025-08-29,145398,success
0LutvoC2HqCfnaRSjrhtzo,WALKING AWAY,Justin Bieber,2025-07-11,244013,success
0M7mWKqwTIaVjYyxfZmtTa,"Courtesy Of The Red, White And Blue (The Angry American)",Toby Keith,2002-01-01,195533,success
3WgFhZfyk5nb6v7hkwPmD4,Mommanem,"Tyler, The Creator",2025-07-21,75386,success
21IVPfi81m6ywNgOvqTj1i,Don’t Worry I’ll Make You Worry,Sabrina Carpenter,2025-08-29,222320,success
1j8TmNa6vaFAEAws43kP0Q,THINGS YOU DO,Justin Bieber,2025-07-11,108386,success
5FMyXeZ0reYloRTiCkPprT,Which One,Drake,2025-07-25,169134,success
6wkYQMrFfb0huLB5Qn19Iv,We Almost Broke Up Again Last Night,Sabrina Carpenter,2025-08-29,203378,success
4gfrYDtaRmp6HPvN80V2ob,I Got Better,Morgan Wallen,2025-05-16,204963,success
1PdUyYYw9sGU0yhLrpeHKt,Never Getting Laid,Sabrina Carpenter,2025-08-29,208211,success
2BkTPMr1v6Fr6JJwc4V7R5,Strategy,TWICE,2024-12-06,166773,success
7D0RhFcb3CrfPuTJ0obrod,Sparks,Coldplay,2000-07-10,227093,success
3AD73lKeY2c9JhsHRqWkOw,KICK OUT,Travis Scott,2025-07-11,170498,success
5cfsQZEFf1IpQr8F9vI9le,BUTTERFLIES,Justin Bieber,2025-07-11,193525,success
1Y373MqadDRtclJNdnUXVc,Paranoid - 2012 - Remaster,Black Sabbath,1970-09-18,168405,success
0qRR9d89hIS0MHRkQ0ejxX,Rich Girl,Daryl Hall & John Oates,1976-08-01,142786,success
3cZajhyr8LmtPfHZ9296tj,No Broke Boys,Disco Lines,2025-06-06,163994,success
2J051fjLklkoPbzOoTAACZ,"Sally, When The Wine Runs Out",ROLE MODEL,2025-02-14,218660,success
5dUCixiCL0CcIUdlgUl1ct,Oneida,Tyler Childers,2025-07-25,278213,success
42T2QQv3xgBlpQxaSP7lnK,One Last Breath,Creed,2001-01-01,238240,success
1Iw5iLfAwDvS6frI82gMoV,End Of Summer,Tame Impala,2025-07-25,432566,success
4eLDmhsJW3JoZTXCAozHor,Loco,Neton Vega,2025-02-14,186521,success
7Ar4G7Ci11gpt6sfH9Cgz5,Listen to the Music,The Doobie Brothers,1972-01-01,227266,success
2x3mwb96B6TquRqMtbxUE1,Actually Romantic,Taylor Swift,2025-10-03,163699,success
5eXgqtg3T8Av0m1FUaGHex,The Life of a Showgirl,Taylor Swift,2025-10-03,241766,success
1jgTiNob5cVyXeJ3WgX5bL,Elizabeth Taylor,Taylor Swift,2025-10-03,208291,success
5ylJtmaWPJ33cW3En7WOu0,Wood,Taylor Swift,2025-10-03,150517,success
2RkZ5LkEzeHGRsmDqKwmaJ,Ordinary,Alex Warren,2024-09-26,186964,success
03bTIHJElXZ0O0jqOQvAbY,Father Figure,Taylor Swift,2025-10-03,212777,success
62V2ZHslgQV98gH4AuVXnr,Ruin The Friendship,Taylor Swift,2025-10-03,220564,success
47ohYW8e7dxCYn9qbUMBCI,Christmas (Baby Please Come Home),Darlene Love,2020-12-04,166453,success
3XsaSIPWvM61RIFfeb0BBR,White Christmas - 1947 Version,Bing Crosby,1945-01-01,183613,success
4qmFC3Jz5aQ0erlk2OSi2X,Honey,Taylor Swift,2025-10-03,181534,success
7scFxt9VhL4FJwuPSfRlfN,Choosin' Texas,Ella Langley,2026-04-10,231746,success
2OZVskV28xxJjjhQqKTLSg,PIXELATED KISSES,Joji,2025-10-14,110430,success
0InIeZW4P6VO7dUGRM4AKH,Sienna,The Marías,2024-05-31,224840,success
5o0hD6Bs6RdyZxfYBoEEc8,No Good Deed,Cynthia Erivo,2025-11-21,230250,success
42VUCXerQ5qTr4Qp6PhKo4,Tears,Sabrina Carpenter,2025-08-29,160183,success
1Wf14bTyb6UeKojy8ykPYm,Happy Holiday / The Holiday Season,Andy Williams,1963-01-01,157000,success
48axmFD7PUPnTOdSFMYrvj,WHO I WAS,NF,2025-11-13,180953,success
4Yg2w0P29BBBMixyeNjDtj,Do They Know It's Christmas? - 1984 Version,Band Aid,1984-11-25,222533,success
57Z6TJCTMACXxdrcwZ3Zvf,Phantom,EsDeeKid,2025-06-20,109759,success
2Nig1jX8uBu3LdSSUrm7Fp,GIVE ME A REASON,NF,2025-11-14,182679,success
4rMNgxEwGWoPHIUcvB5BrB,It Will Rain,Bruno Mars,2011-09-27,257847,success
5UWwZ5lm5PKu6eKsHAGxOk,Everlong,Foo Fighters,1997-05-20,250546,success
3EMfeKtNK4q4k3sVjwg5Yy,My Man on Willpower,Sabrina Carpenter,2025-08-29,197817,success
0O4vuJynWVVdyvoHvZtnk3,Christmas Canon,Trans-Siberian Orchestra,1998-09-15,257986,success
5T0mnzMsyHtmWB7Kou51Ph,Gorgeous,Doja Cat,2025-09-26,266021,success
53iuhJlwXhSER5J2IYYv1W,The Fate of Ophelia,Taylor Swift,2025-10-03,226073,success
6sGIMrtIzQjdzNndVxe397,So Easy (To Fall In Love),Olivia Dean,2025-09-26,169000,success
59D4DOkspUbWyMmbAPQkxZ,VOY A LLeVARTE PA PR,Bad Bunny,2025-01-05,156364,success
7N3d1hsZZpmmnovfAtnVFU,Porch Light,Noah Kahan,2026-04-24,262726,success
3xClevycpBON8bkyxFbAna,Taste Back,Harry Styles,2026-03-06,221653,success
0FlcmZ13DGRmscCroro9GO,Body,Don Toliver,2026-01-30,155753,success
2gYTC8DsplN3RNdpdBcCOQ,Die On This Hill,SIENNA SPIRO,2025-10-10,217008,success
3THVfoVD5kdCxPviVaCPi7,Internet Girl,KATSEYE,2026-01-02,163831,success
67Ar9BnEeB5FU5vQBYhbGe,Be By You,Luke Combs,2026-03-20,197655,success
5ViLKrbyL3HD6wsq3AB9eI,White Keys,Dominic Fike,2025-11-14,144101,success
1CPZ5BxNNd0n0nF4Orb9JS,Golden,HUNTR/X,2025-06-20,194607,success
57ENogEkvFsU7Wmt3lvQMG,Two Six,J. Cole,2026-02-06,196080,success
4Z5KKoBGxpJo8YbDcGQXd5,Secondhand,Don Toliver,2026-01-30,226666,success
2A22iI0x4EYAVXNpKPhNEM,weren't for the wind,Ella Langley,2024-11-01,193666,success
7s7v5EoNLD6TwDu4Nw51Oy,Are You Listening Yet?,Harry Styles,2026-03-06,192400,success
1sVBT215CDmVJvfy1E2OCU,God Was Showing Off,Bruno Mars,2026-02-27,211063,success
6DH13QYXK7lKkYHSU88N48,Who Knows,Daniel Caesar,2025-10-24,226283,success
75FEaRjZTKLhTrFGsfMUXR,Running Up That Hill (A Deal With God),Kate Bush,1985-01-01,298933,success
03tqyYWC9Um2ZqU0ZN849H,No Hands,Waka Flocka Flame,2010-10-01,263773,success
4jyyma8YdFC4S4llusSFRu,butterflies.,Brent Faiyaz,2026-02-13,248297,success
13HD3tYTiz8oSRxWzXEq7g,Be Her,Ella Langley,2026-04-10,217240,success
7eqoqGkKwgOaWNNHx90uEZ,Nights,Frank Ocean,2016-08-20,307151,success
3QuRLv8zkIYH31O5VgEpmo,Carla's Song,Harry Styles,2026-03-06,253653,success
4ThbwJaIWVxXZ1qJaHQBCz,Travelin' Soldier,Cody Johnson,2025-11-07,255466,success
3kUHIvjJ8p9UzeaeeqHkfg,The Fall-Off is Inevitable,J. Cole,2026-02-06,176253,success
2hnMS47jN0etwvFPzYk11f,Santeria,Sublime,1996-07-30,182746,success
58q2HKrzhC3ozto2nDdN4z,I Like It,Cardi B,2018-04-06,253390,success
1LzNfuep1bnAUR9skqdHCK,Fade Into You,Mazzy Star,1993-10-05,295600,success
0EqH5Wz93cJtfUGv3vtQPY,29 Intro,J. Cole,2026-02-06,57733,success
2wAJTrFhCnQyNSD3oUgTZO,Work Out,J. Cole,2011-09-27,235320,success
3pAVk6Ydn0dcGpG8gDyxSJ,Hell At Night,BigXthaPlug,2025-08-22,179240,success
41v5ExDEEEvJsWAPo91aoj,Slicked Back,Zach Bryan,2026-01-09,231241,success
0iKo4pNNjHHdKUcFARlfCa,EL CLúB,Bad Bunny,2025-01-05,222568,success
55wlsNYqcfiQsHuX8l0jmF,Make Them Cry,Drake,2026-05-15,307681,success
55pBIZO1cqoldeqpp5WR7H,the cure,Olivia Rodrigo,2026-06-12,297090,success
7J1uxwnxfQLu4APicE5Rnj,Billie Jean,Michael Jackson,1982-11-30,293802,success
4kX7xkopoXZCfE1D6fNwl2,honeybee,Olivia Rodrigo,2026-06-11,223013,success
3B4cjvGlPvyBLNG3AzEgkZ,E85,Don Toliver,2026-01-30,153181,success
4Ilw2lD6z4WBqh65vUUZUf,my way,Olivia Rodrigo,2026-06-12,180720,success
514joG57v4yKTsfQmz7stz,Janice STFU,Drake,2026-05-15,237344,success
61rwYQu9An4QWrcCUyFUyq,I Can't Love You Anymore,Ella Langley,2026-04-10,228836,success
3cLCA9LSb6UiOeNvTZoaav,Plot Twist,Drake,2026-05-15,195678,success
53qkszfgztIvkFyF31GfdQ,Dreams - 2001 Remaster,Fleetwood Mac,1977-01-01,258816,success
46eu3SBuFCXWsPT39Yg3tJ,Don't Stop 'Til You Get Enough - Single Version,Michael Jackson,1979-08-10,364441,success
6f68Ac5tt5BQOpwr0BV9oN,I Just Might,Bruno Mars,2026-02-27,212973,success
4rECUI03C2RMqr5GYvqjlJ,Haircut,Noah Kahan,2026-04-24,289513,success
3EnTGnmNu1TDEcpbbTajuo,23,Noah Kahan,2026-04-24,281404,success
2SaWT781xr3hHLdbVt5DB7,Freakin’ Out,Dexter and The Moonrocks,2026-03-11,217897,success
4KmkJjHTNlr1jFY56Lyz4E,PINKY UP,KATSEYE,2026-04-09,131437,success
0AcgKF7kbSoCkh3n7vlHwK,Dirty Diana - 2012 Remaster,Michael Jackson,1987-08-31,280753,success
6J5kc12BW5HuP3d7C3vvx8,EoO,Bad Bunny,2025-01-05,204768,success
2009X8GyWTqyxIdzAEYW6N,The One That Got Away,Katy Perry,2010-01-01,227333,success
70LcF31zb1H0PyJoS1Sx1r,Creep,Radiohead,1993-02-22,238640,success
4bWZz15GR1EE8E8x23rDWV,PUNCH DRUNK,Kanye West,2026-03-28,108334,success
6Qyc6fS4DsZjB2mRW9DsQs,Iris,The Goo Goo Dolls,1998-01-01,289533,success
1rIKgCH4H52lrvDcz50hS8,Lush Life,Zara Larsson,2017-03-17,200646,success
0gEyKnHvgkrkBM6fbeHdwK,Linger,The Cranberries,1993-03-01,274706,success
0EsJdOSOrBfTo816lWRW4Q,Outside Tweaking,Drake,2026-05-15,190578,success
5T7ywazdGIydr6JCW6t02j,Smooth Criminal - 2012 Remaster,Michael Jackson,1987-08-31,257766,success
2XHzzp1j4IfTNp1FTn7YFg,Love Me,Lil Wayne,2013-01-01,255053,success
5r5cp9IpziiIsR6b93vcnQ,Walking On A Dream,Empire Of The Sun,2008-10-03,198440,success
33KU9huHP1Lv1UWWVkuTYd,Impostor Syndrome,Sidney Gish,2017-12-31,294260,success
0IjdXwCEhZR7JIwq6Za8j5,Jane!,The Long Faces,2018-07-03,186986,success
22NHkFYbgxB2Zirj29Gbp8,oh yeah?,Steve Lacy,2026-07-17,170584,success
3fRCAPMMZ8l8P9YKI6OCzD,drop dead,Olivia Rodrigo,2026-06-11,224998,success
5DZOKNtaoVEssXu9ltcMjx,oh well,Ariana Grande,2026-07-31,196166,success
36idurZmYRjJ56KQ8JD9bN,Boston,STELLA LEFTY,2026-03-27,170859,success
3xwMjQriBVW0OGEvNKo9c0,Been By Now,Morgan Wallen,2026-07-24,213805,success
49j6SvuvWfbEKZKzsHCdLJ,stupid song,Olivia Rodrigo,2026-06-11,209680,success
3d1oTMjtfVySbAYQp3v4MU,like i do,Ariana Grande,2026-07-31,167333,success
7bxaFZ1O3cHkgLKMsdC3xR,Loser,Tame Impala,2025-10-17,223069,success
6De8sirPzVyAoBDlQpcutY,misery.,pupsies,2026-03-18,166401,success
55srcWA7TioKV0LZVNXltY,never get over me,Ariana Grande,2026-07-31,228857,success
02HyFYmpzt02VJ8k0CqxKj,Ain't In LA,ADÉLA,2026-07-23,184927,success
6QhsCYcFdfyMbPWCiViI8K,freak,Ariana Grande,2026-07-31,199809,success
5fdhThPDe6jQQDqCyWrdAn,Jolene,Dolly Parton,1974-01-01,161533,success
5qqabIl2vWzo9ApSC317sa,Wonderwall - Remastered,Oasis,1995-10-02,258773,success
1VOSSXuWRcBj2rpfxNdX9v,Broken Window Serenade,Whiskey Myers,2011-04-26,346333,success
79RJg6MqIJlBuedcMqB9F0,My Body Isn't Ready,sombr,2026-06-25,217380,success
05ZACkzW8YbRq3eFgIfSNB,Springsteen,Eric Church,2011-01-01,263386,success
5BZsQlgw21vDOAjoqkNgKb,DAISIES,Justin Bieber,2025-07-11,176453,success
0dOg1ySSI7NkpAe89Zo0b9,Born in the U.S.A.,Bruce Springsteen,1984-06-04,279786,success
1qRV1dKLOfH1s00b9J2LUQ,Midnight Sun,Zara Larsson,2025-09-25,189898,success
1KGi9sZVMeszgZOWivFpxs,No Scrubs,TLC,1999-02-23,214400,success
7yq4Qj7cqayVTp3FF9CWbm,Riptide,Vance Joy,2014-09-08,204280,success
3iEUDvanZwQhLCIqUmCR7N,The Spins,Mac Miller,2010-08-13,195873,success
4sIFi8LpJWPvI5xviWFyA6,D>E>A>T>H>M>E>T>A>L,Panchiko,2000-12-05,261849,success
0COqiPhxzoWICwFCS4eZcp,Bring Me To Life,Evanescence,2003-03-04,235893,success
5Ctzx0mMiUPAu9JqbAOY9n,Be Like a Woman,Chris Rainbow,1979-01-01,255946,success
2FZcjBYK4dTt48q94pJbJD,Bass Persuades,Miley Cyrus,2026-09-03,202460,success
3eZcmEO0X0nsfV8E3NZelo,Take Me Back (Leave Me There),Cody Johnson,2026-06-26,178573,success
5ihS6UUlyQAfmp48eSkxuQ,Landslide,Fleetwood Mac,1975-07-11,199493,success
6DoUDG1GJrJf6eGQLUBBnm,Ahí,KAROL G,2026-08-07,176568,success
7ujApz6iFP3PmKIDGcaGbe,Great Expectation,SIENNA SPIRO,2026-07-02,173975,success
0GONea6G2XdnHWjNZd6zt3,Summer Of '69,Bryan Adams,1984-11-05,216053,success
3hxIUxnT27p5WcmjGUXNwx,Shut up My Moms Calling,Hotel Ugly,2020-02-10,164571,success
5wANPM4fQCJwkGd4rN57mH,drivers license,Olivia Rodrigo,2021-05-21,242013,success
2z9iLlNBt1aLZUCFgXby97,CÓ CHẮC YÊU LÀ ĐÂY,Sơn Tùng M-TP,2020-07-06,202105,success
0d6dbFvKczX1Us3J7TsMMv,Lỡ Say Bye Là Bye,Changg,2021-01-22,214948,success
6IAqflHsPVm4EpYghXauX7,Sinh Ra Đã Là Thứ Đối Lập Nhau,Emcee L (Da LAB),2018-03-01,234168,success
50cmxP6KlnQA9IG3q5ckKD,Mascara,Chillies,2021-05-05,293157,success
1J3SmWwlYAG68LGKr86MVH,Chúng Ta Của Hiện Tại,Sơn Tùng M-TP,2020-12-20,301538,success
5Ojsg9xR0wlTpDIW1qLYz2,Đom Đóm,Jack - J97,2020-12-26,324949,success
1fh5Sf3fFESFOS8D82RQiI,từ thích thích thành thương thương,AMEE,2020-12-16,204230,success
3pyHABNUu0QxeyH1x8p7yf,Gặp Nhưng Không Ở Lại,Hiền Hồ,2020-11-26,276777,success
014DA3BdnmD3kI5pBogH7c,Cứ Chill Thôi,Chillies,2020-07-11,270000,success
6B1Io9VDzMAmwFjrplDJw8,từ chối nhẹ nhàng thôi,Bích Phương,2021-03-01,246818,success
1pQHqk6qWM5xbNeobMCGBZ,Dân Chơi Xóm,RAP VIỆT,2020-11-16,153402,success
25edeHHueINMguqu9emCyV,Lối Nhỏ,Đen,2019-10-21,252953,success
4TfH2Syxsx2cAJShY8u6bT,Anh Luôn Là Lý Do,ERIK,2021-01-13,222089,success
249gnXrbfmV8NG6jTEMSwD,Life Goes On,BTS,2020-11-20,207481,success
0f5yQttJS5nNxRAleF4kZO,Hãy Trao Cho Anh,Sơn Tùng M-TP,2019-07-03,245658,success
2dEpaH5nsfnzU61LQ9rJuH,Hoa Nở Không Màu,Hoài Lâm,2020-05-30,328106,success
4yAJOZ8ZBAKfXCI20hsVjf,Lời Đường Mật,Unknown Artist,2021-03-01,222250,success
4TyQKEifYDWTfTSRwpxlYI,Bông Hoa Đẹp Nhất,Quân A.P,2020-09-07,315311,success
1PSmJr2mHzDjYXrKvQPKb0,nàng thơ... trời giấu trời mang đi,AMEE,2020-12-16,262150,success
4Wdwvi2C5MD8zDi9Kg3x4X,Chúng Ta Sau Này,T.R.I,2021-03-01,211200,success
42mIT9wfmgA48DTN8GmCxX,Giá Như,Chillies,2020-12-25,297000,success
2rbDhOo9Fh61Bbu23T2qCk,Always Remember Us This Way,Lady Gaga,2018-10-05,210200,success
0OrwGH9aeguhopTVubv0VZ,tonight,demxntia,2018-06-02,84875,success
2wVDWtLKXunswWecARNILj,SOLO,JENNIE,2018-11-12,169566,success
3yWacnoBnM0lrzLmXAk44d,"Em Không Sai, Chúng Ta Sai",ERIK,2020-05-07,291529,success
4z5dAyLMnkKSHkOkwbR1RX,Trò Chơi,SOOBIN,2020-12-15,196271,success
7wHBNIBO353lf9aVvmUydT,Cảm Ơn Và Xin Lỗi,Chillies,2019-07-25,316285,success
3ndCsZfq8OVwwkz9mmZvUz,Stay,BTS,2020-11-20,204800,success
2OZTkXYCNbZS9TwPRy52Js,Đi Đu Đưa Đi,Bích Phương,2019-08-28,220169,success
3XoflnowYPFRPOh3uFvHcm,Selfish Love,DJ Snake,2021-03-04,168648,success
6BToHhGtbW8eMQFaEv0i2d,Như Ngày Hôm Qua,Sơn Tùng M-TP,2013-01-01,222981,success
6hUpxEKFSjS8metuA1yxlf,Vai Lan Don Dua,SOOBIN,2017-01-27,170666,success
6uxuJ8Fr1AAfSPJUF9N1yr,Bước Qua Mùa Cô Đơn,Vũ.,2022-09-09,278823,success
5nD5PVXUkIpv0WcwfNFrgS,Khi Em Lớn,Orange,2021-04-20,228094,success
3wGx3gYPjECKZazGNuPEX2,Phải Chăng Em Đã Yêu?,Juky San,2021-03-01,190000,success
1w3eUC89GPspKpi62tPwjt,Nàng Thơ,Hoàng Dũng,2020-12-16,254476,success
1xoadYaxtOp9gHDwgmPDuz,Sài Gòn Hôm Nay Mưa,JSOL,2021-05-29,247058,success
7BoobGhD4x5K96Me0hqC8Q,Build a Bitch,Bella Poarch,2021-05-14,122772,success
63qZf6349d3ngku9hrzLac,The Playah (Special Performance),SOOBIN,2021-05-14,449577,success
0ClPIeT6MSgfSgQ9ZrJbAq,Cheating on You,Charlie Puth,2019-10-01,196606,success
27F22WcGDyl4Z2KylVJkXL,Đường Tôi Chở Em Về,buitruonglinh,2020-07-03,266000,success
7dJVE53hGAX9TcKH0abFic,Yêu Thầm,Hoàng Yến Chibi,2021-03-01,252500,success
6iWPQ9xAYH3ZePu2Z209Y6,Chỉ Là Không Cùng Nhau (Live Version),Tăng Phúc,2021-03-31,226000,success
4qJSUFwZFouto5VZUlln75,Thích Quá Rùi Nà,tlinh,2023-07-14,178000,success
4rPrBNnDgdZpS5gosHv0yr,để quên,Ngọt,2021-04-21,170666,success
696w9BHmEY62myVCSDyrYW,Có Em Đời Bỗng Vui,Chillies,2020-02-07,247428,success
6jOP08e9PHDnoF3reZcePE,Qua Khung Cửa Sổ,Chillies,2020-11-11,299090,success
1HDrKXya87GMQfAGPlqNS9,Muốn Nói Với Em,T Team,2021-03-01,233513,success
2QdH0rKlV3d9Y6lWzcnlBH,In the morning,ITZY,2021-04-30,172358,success
1CyYcBdukmFjFibDZaDlHc,To The Moon,hooligan.,2020-07-07,201507,success
79xFFmGKtEyky0I2G9U9Jg,yêu thì yêu không yêu thì yêu,AMEE,2020-06-29,190285,success
2FWBdovgRvBSzA1JESUe0D,Làm Gì Phải Hốt,JustaTee,2020-01-05,189296,success
0MMyJUC3WNnFS1lit5pTjk,"jealousy, jealousy",Olivia Rodrigo,2021-05-21,173160,success
6UelLqGlWMcVH1E5c4H7lY,Watermelon Sugar,Harry Styles,2019-12-13,173991,success
6PLNoijWdc3dWqc1KKjv73,Đâu Cần Một Bài Ca Tình Yêu,Tiên Tiên,2019-04-20,195514,success
4vfhartd7HDWGJbdVIycEu,Muộn Rồi Mà Sao Còn,Sơn Tùng M-TP,2021-04-29,275905,success
1EmMFSLRVkOszCa4ul9z0F,3107 3,W/N,2021-07-31,240000,success
2XjbfQQZlPwOMTmJR2RLfC,Happy For You,Lukas Graham,2021-07-02,226402,success
6B4AdZzwagId7wvWeJEkiq,Độ Tộc 2,Độ Mixi,2021-09-22,201030,success
1mKDbug8bbfDmLe7I4CJpe,Gác Lại Âu Lo,Da LAB,2020-07-25,282628,success
4Iz5EWPCAT8jYNk4IpLoll,Dù Cho Mai Về Sau,buitruonglinh,2020-11-17,233975,success
0e8nrvls4Qqv5Rfa2UhqmO,THATS WHAT I WANT,Lil Nas X,2021-09-17,143901,success
6TD5xfffOnYHliuF1wzL6U,Sài Gòn Đau Lòng Quá,Hứa Kim Tuyền,2021-03-01,308689,success
5uyNAX6MazVAjBjVeOsTvp,3 1 0 7,W/N,2020-05-11,234938,success
2sp32rIevQhpbo0Z4aQzoe,My Universe - Instrumental,Coldplay,2021-09-24,228000,success
6Fbsn9471Xd0vVsMWwhePh,Tháng Mấy Em Nhớ Anh?,Hà Anh Tuấn,2021-03-01,300000,success
2Gazl1MAVX8vmo8E659Vq8,Real Love,My Anh,2021-07-18,243934,success
1Ov37jtRQ2YNAe8HzfczkL,Wildest Dreams (Taylor's Version),Taylor Swift,2021-09-17,220433,success
2m6Ko3CY1qXNNja8AlugNc,Angel Baby,Troye Sivan,2021-09-09,220779,success
7LVrrX8pkzI9fMF88nGabt,Đi Về Nhà,Đen,2020-12-20,200000,success
149BxWeweaCqmsyedkNiiE,Wrecked,Imagine Dragons,2021-09-03,244004,success
0J2otOvMdg62gVMMjwOvSK,Hoa Hải Đường,Jack - J97,2020-09-22,229589,success
5Vv7AuoyX4aFz8zcztSwMB,baby i told u,MONSTAR,2021-08-01,254040,success
2qnnREp8mFVipaEoUlw9ya,Hai Triệu Năm,Đen,2019-06-22,216471,success
4iLqG9SeJSnt0cSPICSjxv,Attention,Charlie Puth,2017-04-20,211475,success
7skGrIrRzO0APhASzAKfNi,Gu - Cukak Remix,Freaky,2021-07-14,177491,success
7bmk1GEufZOrycr3HXZGN2,Sickerrr,Suboi,2021-06-29,225943,success
7DF8lvLdV3htIbuTWpc7lR,Girl Of My Dreams,Juice WRLD,2021-12-10,226149,success
6Vx29sLFwzT8yvRhzP2Fge,Lời Nói Dối Sau Nụ Cười,K-ICM,2021-12-22,306306,success
10IfXtjKQmOiON7tNAHv0y,Yours,Jin,2021-11-07,264840,success
5T6j0rfpCDBzAxC8Fpd0N7,An Thần,Low G,2021-10-21,174286,success
6aeU5IH8DB1qHK5jRFTNUv,Hương,Văn Mai Hương,2021-01-23,210285,success
4KLmT1bU7eyEBe35FzEjbd,Chim Quý Trong Lồng,K-ICM,2021-07-12,343061,success
6iXGivPFpsqKmrINhIbPvx,Buồn Thì Cứ Khóc Đi,Lynk Lee,2019-12-13,222314,success
6MCJdudhQY41K3IhluuNuq,Một Chiều Mưa Bất Ngờ,K-ICM,2020-10-15,250735,success
5Bti0azlFhMattVY76qFr9,Lạ Lùng,Vũ.,2016-12-24,261616,success
2e0b6AaC1Abz5mFyCS3fXY,Tình Là Gì Đây Em Ơi,K-ICM,2021-01-15,250909,success
7aonAWn0J0AJ47ZU9WHCXC,INFERNO,Sub Urban,2021-08-13,133133,success
7JWa8tcjothiOfTVUUbuzL,Không Muốn Một Mình,Vicky Nhung,2021-12-27,210323,success
1r9xUipOqoNwggBpENDsvJ,Enemy,Imagine Dragons,2021-10-28,173381,success
6bXmKNVe9YIjoyDbz04nWg,Freaky Squad,Rhymastic,2021-11-30,196800,success
2axlAOp86SPuqSBlwLw4WM,101520,RAP VIỆT,2021-12-22,193846,success
7oBUoEbCDF748UkHnLusUB,Chuyện Rằng,Thịnh Suy,2020-08-08,272152,success
0SmQ0UWeiHKQtxUej4Rem6,Tháng Năm,SOOBIN,2020-12-15,225358,success
4vGEfBrpiM4zfYzSyPpysX,Phi Hành Gia,Renja,2021-09-25,345342,success
0pQ67Kp2kED4ISy1ieGPEq,Ghé Qua,TaynguyenSound,2017-12-08,237192,success
3LlEZ4J1ORcgP1WmTF9pIX,Nói Dối,Pháo,2021-12-23,199114,success
73mVGNhTlRQBod01zh3M0s,"Tell Ur Mom II - Gii, Hiderway Remix",Winno,2021-11-19,216000,success
6bGMSP3H9YqkmaLnaJTIoF,Hold On,Adele,2021-11-19,366004,success
2o4dDfLK6NVI7TjBm5VoMv,Yêu Một Người Có Lẽ,Lou Hoàng,2016-03-07,253524,success
75NgcOsgURBLTPpRzAsxp0,Tháng 4 Là Lời Nói Dối Của Em - Live Version,Hà Anh Tuấn,2020-11-13,315305,success
3mmLyEhphJAaW7hyEXAD8l,Some,BOL4,2017-09-27,181373,success
7KlTFTpy7dXLzr2NtLkvG6,Not Today,BTS,2017-02-13,231859,success
7jLSThU5Kg1RWt19Leiaxm,Chìm Sâu,RPT MCK,2023-03-02,156303,success
0oSNOJEcBIKNcQzRc5TfyR,Blood Sweat & Tears,BTS,2016-10-10,217078,success
3IA9LkBEVhJDOxOnh1nf8a,Butter (Holiday Remix),BTS,2021-12-03,161894,success
5Msoarj5hk9LguTtiIyqug,Ngày Đầu Tiên,Đức Phúc,2022-02-11,208939,success
5SE57ljOIUJ1ybL9U6CuBH,DNA,BTS,2017-09-18,223122,success
5H7UgZQk2p5x4nmeuDjmE4,Đau Nhất Là Lặng Im,ERIK,2022-02-17,286153,success
3r9FFjLrAIQjoR8pSHVPC9,Outro : Ego,BTS,2020-02-21,196198,success
54UNNgtE3zzERwTuWSQLqd,có hẹn với thanh xuân,MONSTAR,2021-08-01,218026,success
2Nib4r0saYQf2pUV4RFDhl,Interlude : Shadow,BTS,2020-02-21,259821,success
0X5tCYwiVldeDynbhBshTl,Hẹn Kiếp Tương Phùng,K-ICM,2022-01-19,279750,success
2tg8L2ls1k19B2SvRKBnJh,Hẹn Ước Từ Hư Vô - Live,Mỹ Tâm,2022-03-02,247553,success
0bTmdKwQ8xb0Xbvizt2GMy,Một Khi Đã Yêu,K-ICM,2022-02-11,283235,success
0wZq5TnD0ooJ3q4GVDTLjd,Xuân Hy Vọng,K-ICM,2022-01-24,220773,success
0dcnrLo8s1rhjm8euGjI4n,DARARI,TREASURE,2022-02-15,220716,success
4I2ne5vm5LJmrXAfqgjAG4,Tình Ca Tình Ta,kis,2021-06-30,175255,success
0IGUXY4JbK18bu9oD4mPIm,TOMBOY,i-dle,2022-03-14,174386,success
7xNCacksfUkYXsXuSW4vNF,PS5,salem ilese,2022-02-23,152214,success
3CeKc83EsgRPItgvlDHo5B,Head In The Clouds,Hayd,2021-09-17,184559,success
7rXcCpIAoOUCydkVDMcoPV,INVU,TAEYEON,2022-02-14,204973,success
18uwL0vNUanqZH0ro2QcOP,comethru,Jeremy Zucker,2018-09-28,181613,success
40Ct4hvauHT2EDpik4eVuz,Xuân Xuân Ơi Xuân Đã Về,Bích Phương,2017-01-16,219480,success
4Ut6UU8Yyihz1jCZWSCQpu,Skit: Circle Room Talk,BTS,2013-06-12,131906,success
7k3ohP9ZiGfhL6yD8oIPfk,chẳng giống giáng sinh,Lu,2021-12-05,192000,success
5b1PngLlxc7hj3fJXrE2Zm,Glitch Mode,NCT DREAM,2022-03-28,207053,success
37GNTP4wB0QSkUwcTWLHKg,Fashion Tán Gái,Low G,2021-12-28,225822,success
0Sx4EKzhdNxFzquGRANPD3,Không Bằng - Rin Music Remix,Na,2021-11-21,250913,success
5Ss7wCp22FOAbfeg75KllJ,Chạy Về Nơi Phía Anh,Khắc Việt,2022-02-14,180632,success
7rjtRM1AgmmraeTTX8tofW,THERE'S NO ONE AT ALL,Sơn Tùng M-TP,2022-04-28,172250,success
6Hs2xIgB8nzyGFDvVA8lFa,Có Em,Madihu,2022-04-22,218512,success
1IthE5GNiRzFN5CVaCa445,Born Singer,BTS,2022-06-10,238628,success
04Mm3BineGdy0oNv8NivQT,Don't Break My Heart,Binz,2022-03-14,237600,success
1MiJk3dXC5jzhvLFP0dUM7,Thức Giấc,Da LAB,2021-07-14,269021,success
2QyOYFAxW2khNYee4yeT6r,Thiêu Thân,B Ray,2022-06-18,198788,success
5ACySwUCY89mWH3u38WD9m,"Tệ Thật, Anh Nhớ Em",Thanh Hưng,2022-04-03,344357,success
4AgFXIVT7hVhBZ5DEOaLu3,tiny love,Thịnh Suy,2021-12-05,158400,success
7M30L99pePlQ3wh8IxVUsD,With You - Instrumental,Jimin,2022-04-24,201487,success
45Mswno1F7FoZkcmQkp7fi,Thích Em Hơi Nhiều,Wren Evans,2021-06-18,171741,success
4IaxDf2FixiQXq0mW7key9,ZOOM,Jessi,2022-04-13,174840,success
7kgzRBNkBRArtTPkYjWLYT,bao tiền một mớ bình yên?,14 Casper,2023-03-03,300000,success
0FOBJ5PbwOe5XBY9y0bnhi,BTBT,B.I,2022-05-13,219549,success
0x4cMbCLC6L7aJQs3EiPaZ,Look Here,BTS,2014-08-20,218887,success
5Fx8zxEEaPMkwzM00JFr3N,"Tự Sự - Original Soundtrack from ""Qua Bển Làm Chi""",Orange,2022-05-20,257000,success
3NPWH2UbMjch2vnS7qMFGM,Past Lives,11:11 Music Group,2021-05-27,134582,success
41aMYNen9G7uUbqLfV65cF,Tay To,Rapital,2021-06-21,165000,success
1J12HjUuXfJnaUdubTEzSR,Nghe Như Tình Yêu,HIEUTHUHAI,2021-07-09,193049,success
7hzVxbVA6Y5t9YDzpSgdRS,Chạy Về Khóc Với Anh,ERIK,2022-01-26,223658,success
3DyHgXBOxAsKyy0diFTSOS,Not About Love,Khoi Vu,2021-09-20,202066,success
2oEi9mqbQFJSuS2Wny7bfp,Say You Do,Tiên Tiên,2015-08-01,220343,success
2c0QMztYu6PCfFrGLqHXIV,Răng Khôn,Phí Phương Anh,2021-04-22,231585,success
73fFRs03s0gtjggfMW213L,Ngã Tư Không Đèn,TRANG,2022-06-18,218250,success
0xzI1KAr0Yd9tv8jlIk3sn,Bad Decisions,benny blanco,2022-08-05,172714,success
2isSdmQfVv32j2haL6hk9x,Intro : Persona,BTS,2019-04-12,171023,success
5iZHnufFUgATzrpGgH1K0W,Ánh Sao Và Bầu Trời,T.R.I,2021-09-10,260571,success
1Wwh6gmMeolwzbRzfZMY5b,Ready For Love,BLACKPINK,2022-09-15,184677,success
5mG5cQE6SEYxnGCX3I09IC,Vì Mẹ Anh Bắt Chia Tay,Miu Lê,2022-06-13,261999,success
3CqtQwaoQTdgDWLHyv7Twr,đứa nào làm em buồn?,Phuc Du,2022-08-08,252539,success
04bm7NsIhRfTlLGDoKMEw8,Có Không Giữ Mất Đừng Tìm,Trúc Nhân,2022-05-12,215908,success
5KYv3kORBKUmVEoqbRRWxt,Từng Là Của Nhau,Bảo Anh,2022-08-30,269473,success
3DLtPObflLQBodZN8qGODT,2AM,JustaTee,2022-05-10,258281,success
3pgwxYRPbYIC6C1J2FPge8,Diễn viên tồi,Đen,2022-09-13,349793,success
05X3a0YGmS1rbH50aL8lGF,Một Ngàn Nỗi Đau,Văn Mai Hương,2022-06-23,321904,success
6hLEsk1t37XKNwtTQ3iI1b,Cơn Đau,Wren Evans,2022-06-30,219058,success
5BTzf3doGTigDIYUFtbkI9,Sinh Ra Đã Là Thứ Đối Lập Nhau,Emcee L (Da LAB),2020-12-29,234168,success
5i17rzCuZfYVzoP441PXGu,1 Cọng Tóc Mai,Tóc Tiên,2022-06-30,197052,success
3j9BMKKE8DpDSBXVI0IdfA,Nhường Lại Em,Vũ.,2022-09-09,214333,success
39TAKt2hL8sdhVTFCNfm2Y,Ai Đưa Em Về,TIA,2019-07-22,233249,success
7lZ07tAiDnmUE7cKw0jfSZ,Người Ta Thành Đôi Hết Rồi,The Sheep,2019-08-29,164571,success
2pm7K14nHj2fLrpU8j9bit,10 Ngàn Năm,PC,2019-12-21,240000,success
4inMQ83GNpQ2OHDredH5hW,24h,Lyly,2020-10-28,257000,success
5p8ThxM2OhJ0igfxkz0Z1q,Wild Flower,RM,2022-12-02,273499,success
5J90ah0ppUSev1uahqQiN6,Anh Đánh Rơi Người Yêu Này,Andiez,2019-07-15,217744,success
3wUp8eCTshIrJcYbjWaoyP,ThichThich,Phương Ly,2022-07-24,241935,success
08MFgEQeVLF37EyZ7jcwLc,Pano,Zack Tabudlo,2021-12-06,254400,success
5jQI2r1RdgtuT8S3iG8zFC,Lavender Haze,Taylor Swift,2022-10-21,202395,success
5AmBIWCnsLscPSYsfCApBy,Closer,RM,2022-12-02,196507,success
0L8LOav65XwLjCLS11gNPD,Typa Girl,BLACKPINK,2022-09-16,179172,success
2pYFHEy0xp48Le5Bfw5vcX,Có Chơi Có Chịu,Karik,2022-09-25,223857,success
1xwAWUI6Dj0WGC3KiUPN0O,Vigilante Shit,Taylor Swift,2022-10-21,164801,success
0ibp5h8QATkvC6P5cO5TUV,PHONG,VSTRA,2022-05-20,212000,success
7MObIQOs5ESkbcihA9dcsz,Có Khi,Madihu,2022-10-13,259333,success
28ncfVOBRp3HGweSZ6Wb8C,Đưa Nhau Đi Trốn - Chill Version,Đen,2015-09-11,241958,success
6TBJkXHPhu3EsMk1bshwuI,ONLY,LEEHI,2021-09-09,240906,success
0HH3DAz5feqJmDA50yQ52M,906090,Tóc Tiên,2022-10-19,208767,success
3hxfMsWQOcS2o68G62SpuU,Chưa Quên Người Yêu Cũ,Hà Nhi,2022-08-03,302465,success
67Cxa088HT5J5OJ0SWB6Ip,Buông,Bùi Anh Tuấn,2016-09-15,233240,success
2klsSb2iTfgDh95Ak9uWY2,Gái Độc Thân,tlinh,2021-06-30,185175,success
7h2zqUH4bYyknNUxsYnS5V,Như Anh Đã Thấy Em,PhucXp,2022-05-20,302000,success
3a2Oftcs10wtzw6AmxuTMU,Rồi Ta Sẽ Ngắm Pháo Hoa Cùng Nhau,Olew,2023-01-02,278732,success
5hkAuvgkOrd4KpDOlCNsvW,Waiting For You,MONO,2022-08-18,265600,success
27fqy8VruqYZlKiK1qfwEd,ghệ iu dấu của em ơi,tlinh,2023-02-10,205996,success
5wxYxygyHpbgv0EXZuqb9V,on the street,j-hope,2023-03-03,214701,success
1dUmmBh2nw8XzEI3au0uFs,Chết Trong Em,Thịnh Suy,2022-11-17,256663,success
5ECHJ1llWBNYLVCYrllD3x,Chạy Khỏi Thế Giới Này,Da LAB,2022-06-30,255429,success
7bFFUPBiF15n8m8RziqS4o,dự báo thời tiết hôm nay mưa,GREY D,2022-11-22,281493,success
7kpNUrBDYDoX6QKGzrBD1R,Thôi Em Đừng Đi,RPT MCK,2023-03-02,173397,success
1izPmgSW7FV6XFdEOiTvOY,Em Không Hiểu,Changg,2021-06-28,237419,success
2X2mIfNW5ZtLmVgpm9rgUX,Show Me Love,RPT MCK,2023-03-02,154917,success
7HpIBZAsjJq5nW9S8ti7Fi,Cheri Cheri Lady,Maléna,2022-11-01,143227,success
38rjRVqEHSlDRrDWDvjkqW,Bước Qua Nhau,Vũ.,2022-09-09,257647,success
6A1IbMKwjvXibcrU1sdqKH,Em Là,MONO,2022-08-18,197333,success
0V0dOlfZ3tuZwHnL2eZ9Al,Ngày Xuân Long Phụng Sum Vầy,Bích Phương,2017-01-16,230269,success
3xlhYIhZ7heAvohmw3uyfd,00,RPT MCK,2023-03-02,33874,success
4z623zW86trE9SxAtIf0Gm,Hôn Anh,MIN,2017-07-13,234146,success
37vIqMH3XV6ZbObcKE9GXC,Cô Đơn,Hngle,2022-12-30,224649,success
1dS4l6xmdgEhCZTAhdOm4N,Serendipity - Full Length Edition,BTS,2018-08-24,276707,success
0hiQvlWSSTr7n1kc1X2Lus,Bật Nhạc Lên,HIEUTHUHAI,2020-06-12,200000,success
4EaQ0ouIydfeAgQUz284EF,"People, Pt. 2",Agust D,2023-04-07,213995,success
69CrOS7vEHIrhC2ILyEi0s,FLOWER,JISOO,2023-03-31,173134,success
4bjN59DRXFRxBE1g5ne6B1,Haegeum,Agust D,2023-04-21,168926,success
34o6gteNy2T5rieA0xYAgo,Don't ever say love me,Colde,2023-05-04,214920,success
6HGOxrNik4iPurqStawTFQ,MAKING MY WAY,Sơn Tùng M-TP,2023-05-05,258006,success
2LhXE2daNpLVv9LYXvYm8F,Là Anh,Phạm Lịch,2023-03-10,212395,success
7gv3UYPh05ZDP7Io5BIsn7,Life Goes On,Agust D,2023-04-21,197638,success
65aTHDZWUdh6WIafu9MtNF,ngủ một mình (tình rất tình),HIEUTHUHAI,2022-12-15,192000,success
28bxbqNcAuNxYDZYet6eZ7,Chỉ Một Đêm Nữa Thôi,RPT MCK,2023-03-02,141760,success
70hEVaGwwat644nPWkhKNW,yêu anh đi mẹ anh bán bánh mì,Phuc Du,2023-02-13,252892,success
78lw4wahFNotXb0mOEtPkM,BADBYE,WEAN,2023-06-09,202966,success
2g68ePl7VMltuOiuSTAz7I,Để Anh Một Mình,RAP VIỆT,2023-07-21,192000,success
27Z9T0mSWHYWSj9SNOGvyt,Thằng Điên,JustaTee,2022-07-11,234000,success
0DtarPcErIh4skfFtxzomo,Ngày Em Đẹp Nhất,Tama,2023-04-07,303024,success
7IezwtVIJIPC36LpKMR9d7,Violet,Connor Price,2023-01-27,122880,success
7gRFDGEzF9UkBV233yv2dc,Shut Down,BLACKPINK,2022-09-15,175889,success
6IPNp9PfaEqrzotY47TIWy,SG,DJ Snake,2021-10-22,225600,success
6AQbmUe0Qwf5PZnt4HmTXv,Boy's a liar Pt. 2,PinkPantheress,2023-02-03,131013,success
4TMdpMJNQdcawl8JjZEwLk,Nụ hôn Bisou,Lãng,2022-10-28,156825,success
6HpkHTTwfVmSoopeloHqOp,Anh Là Ai?,RAP VIỆT,2023-08-09,223783,success
5IAESfJjmOYu7cHyX557kz,Take Two,BTS,2023-06-09,229953,success
2QUU1AtY5fndKDNbr17EFk,người điên,tlinh,2023-08-16,147475,success
6IUEwlNgVnT5CYeBuq6DTH,Anh Là Ai?,RAP VIỆT,2023-07-16,223783,success
486dVHo58R4EhBQjcYF2NX,Khi Cơn Mơ Dần Phai,RAP VIỆT,2023-09-03,195840,success
7AD5F85waSb3yZxZxEXhJM,Có Ai Thương Em Như Anh,Tóc Tiên,2018-01-01,231497,success
0gzpqwLf1jhNjnSJEyweAX,Tình cờ yêu em,Kuun Đức Nam,2023-06-10,258471,success
3ukrFH17Zl6iEZ2QJ1Zwiy,Don't Côi,RPT Orijinn,2022-11-20,148880,success
0Qs29ApstkrU5T8S5Hxazw,Ngõ Chạm,BigDaddy,2023-08-03,232173,success
0x5BqH8iC2Y2lTMxAkNAna,Từ Chối Hiểu,RAP VIỆT,2023-08-20,204800,success
56v8WEnGzLByGsDAXDiv4d,ETA,NewJeans,2023-07-21,151373,success
1mFpMoeZfkIqtqW2AfQ8ba,THE GIRLS - BLACKPINK THE GAME OST,BLACKPINK,2023-08-25,162000,success
74ewFAgDzRkhZ7EX2eLtfZ,Winter Bear,V,2019-08-10,174824,success
62SFLTN7txImu8pQwBMP6A,Bật Tình Yêu Lên,Tăng Duy Tân,2023-02-14,203826,success
1UHkDovEFqHzHCPyNe0BTy,Scenery,V,2019-01-30,294252,success
1CbdvkjFxRkMNu3M2Cq1Hc,DIVE,TEMPEST,2023-09-20,178306,success
0BOFCIDygXWLtAD08nJDFV,Nhạc Anh,Andree Right Hand,2020-12-18,168600,success
5cvW3PYJeQjRTnj9vHP5Va,Cà Phê,MIN,2022-03-22,190526,success
4kjA6oaloTf6ndyntyhZx8,"Cậu Ấm, Cô Chén",RAP VIỆT,2023-07-09,201600,success
3J3nv18iIrOhca1ZWNeuyW,Đã Lỡ Yêu Em Nhiều,JustaTee,2022-07-11,261105,success
7eDrdQ7PK9Xm1CZCKWsgmH,Anh Nhớ Ra,Vũ.,2022-09-09,276500,success
4exlWP8cokkWVCvyP3kg7c,nếu lúc đó,tlinh,2023-08-16,263752,success
0fGJiHH6xSUJU1MAVjxq5m,Bạn Đời,Karik,2024-07-11,306477,success
6gcuJpHu0Ey30D5WR76y98,You & Me,JENNIE,2023-10-06,179164,success
3CyGK8BeJ5iCunpzvHyINs,Anh Luôn Như Vậy,B Ray,2023-10-05,212732,success
2doGmsaPLdot51o80juiYU,Đánh Đổi (ft. RPT MCK),Obito,2023-10-10,226993,success
3ZbZtdEw9U0uZW4tZItIwq,Chịu Cách Mình Nói Thua,RHYDER,2023-11-22,181558,success
6KgZf5gZgF1KLNxq1qZgHP,Anh Là Ngoại Lệ Của Em,Phương Ly,2023-10-05,188108,success
0SLhB9JLM4Ksz1XdwK3aQD,Hà Nội (ft. VSTRA),Obito,2023-10-10,165555,success
5KfJvZ0PZzRdwFRaTUDAA7,Somebody,Jung Kook,2023-11-03,168599,success
0Vz146N2GxkVJw4kSGXrNi,You & Me (Coachella ver.),JENNIE,2023-10-06,179864,success
1ZgiJ8fiSEwd07OpB9ZuRz,Cắt Đôi Nỗi Sầu,Tăng Duy Tân,2023-09-27,182000,success
3XCp5o1FUpAH0aj2Hmj5yz,Call Me,Wren Evans,2023-12-17,214736,success
6VXVYATpQXEIoZ97NnWCmn,Vì Anh Đâu Có Biết,Madihu,2022-08-04,241919,success
0vkExWiBJSrfWnlMC7x48b,Không Yêu Xin Đừng Nói - Piano Version,UMIE,2022-01-22,244218,success
2UtFCtiSoc30GJ4MUcHDKr,Tell the kids i love them (ft. Shiki),Obito,2023-10-10,224175,success
3bNNvJA7hsGw0wSpGkfOBm,Too Sad to Dance,Jung Kook,2023-11-03,175911,success
7fNHfgOxPLcg4mQLhCnOHB,XTC (Xích Thêm Chút) - Remix,Rapital,2021-06-21,243750,success
2OBZtEg8DXhICWYd6yvicf,Từ A Đến Z,RAP VIỆT,2023-08-27,197601,success
0KnWLhf5GqPEC4m7sHhxrY,Cơn Mưa Rào,Văn Mai Hương,2023-10-24,225000,success
6jcLKVmEKAQIXIVHJZ8vzS,tình yêu chậm trễ,MONSTAR,2021-08-01,245333,success
6TOI8hhlfebwsTYRCVpRMn,Xuất Phát Điểm,Obito,2023-10-10,189111,success
0tfMfqHC3Pl6DG8kcIjXq9,Make Me Feel,Binz,2023-11-02,216000,success
6MgCMS8q3NA89TnVuPLvIN,Baby Gọi Cho Anh,RAP VIỆT,2023-08-09,178252,success
0X28PqBpbQhWdi4usYw0w5,Tò Te Tí,Wren Evans,2023-12-17,195000,success
1khMN4Adfi3LrZvxOq4YM5,Buồn Hay Vui,VSOUL,2023-12-25,291750,success
43qX7PiMfluhGyrJrjcP9p,I Need U,BTS,2017-01-06,214506,success
4qYfRfSxsmhJ1WMaywtLyI,Từng Quen,Wren Evans,2023-12-17,174545,success
36OyVzUmUFb1MTTzy3YXbh,"Sau Lời Từ Khước (Theme Song From ""MAI"")",Phan Mạnh Quỳnh,2024-02-14,250122,success
4PCh6DAkUYKnEmvjV4ouOs,Nâng Chén Tiêu Sầu,Bích Phương,2024-03-08,185277,success
3OVMe3H6iAxbLF8iD2UYrw,Chúng Ta Của Tương Lai,Sơn Tùng M-TP,2024-03-08,249871,success
0OIed6UFpfT2nW4BffD7Js,pho real,Low G,2024-02-28,166800,success
0dBKcPEAsdxWJsqNDNHcPz,Dân Chơi Sao Phải Khóc,Andree Right Hand,2024-01-05,210944,success
2ddbldKhKrYvOBbYa87cbj,Dành Hết Xuân Thì Để Chờ Nhau,Vũ.,2024-03-14,288195,success
1K0HQ30Wc11okzlcnFA7Ub,Không Thể Say,HIEUTHUHAI,2023-10-16,228413,success
4jWmhzf53Q0ZvZMuGdiR9x,shhhhhhh..,WEAN,2023-10-07,230675,success
5J3m0taZ0W1E9HTE0MwcSv,Simp Gái 808,Low G,2023-10-18,161948,success
7Ebm9NxzNhUX2FxzBl1kwm,02 Mơ Làm Ma,Ngọt,2024-02-23,177119,success
3UX7FjJDl6RodnWekzFwEB,Exit Sign,HIEUTHUHAI,2023-10-16,201589,success
21x7Ld7I7X7HQtDgS8al5Z,Quyền Anh,Wren Evans,2023-12-17,179008,success
5f4u0kPnU21qNe6fXgAUiV,Yêu Nắm,BigDaddy,2024-02-13,227076,success
2rGCYAabfA63PIzhQm7hVq,Internet Love,VSTRA,2021-02-14,219082,success
6eOD2p1cGmxLiYA0UR03O1,Như Hoa Mùa Xuân,Phùng Khánh Linh,2023-01-01,295634,success
7ESH2ntyD5Bb1XckoJU554,Một Năm Mới Bình An,Sơn Tùng M-TP,2017-04-01,247196,success
02H58MSfVESkKyx4diDgu7,LOST!,RM,2024-05-24,233013,success
4fj4Jn4nw8fGX8xdbCntJf,Sau Cơn Mưa,CoolKid,2023-07-28,154756,success
1LJyhnPdYGRLerwJd8CmL1,Những Lời Hứa Bỏ Quên,Vũ.,2024-09-27,236262,success
2xOhv7XudrBDtkID1jwsFE,Từng Là,Vũ Cát Tường,2024-03-01,252500,success
11sirgYaEutV40tkvgpHN6,NEURON,j-hope,2024-03-29,273290,success
4oGgxjxVOI69h9uOpHOzwn,Để Ý,Wren Evans,2024-06-13,159164,success
5WIKVELHZYJ4vl3x3xlbZD,Ổ Quỷ,MR LANH,2024-02-05,178924,success
4tqXSj46umlymdIxqY8zso,giá như,SOOBIN,2024-06-25,223200,success
1SS0WlKhJewviwEDZ6dWj0,SPOT!,ZICO,2024-04-26,167706,success
3K7RddI2L8Wiv7uIbrhfLc,Rồi Em Sẽ Gặp Một Chàng Trai Khác,The Masked Singer,2023-11-12,303968,success
25h0TqC9H3BcMA7KjK5nHK,vaicaunoicokhiennguoithaydoi,GREY D,2022-06-20,225862,success
5C1O3fpMsiisJpHiB1uuDf,ĐỢI (Prod. RIO),52Hz,2023-12-15,197000,success
3A9A7mfVDVm3rrS9SMGhg5,Hư không,Kha,2023-12-14,354782,success
2wZAvkgiOE5tyrnqhB69KA,Âm Thầm Bên Em,Sơn Tùng M-TP,2017-04-01,293112,success
6kCU6i8iRrAAmJJ8Sj4JYC,Nắng có mang em về,Shartnuss,2023-10-21,254304,success
2SykQzXuFSeprST1uDjj1m,trời giấu trời mang đi,AMEE,2020-06-20,253500,success
0MJ5wKsPEeihONNfugHGy7,Tip Toe,HYBS,2023-06-20,224725,success
6xKs4CnVadRzdNZ48vhT27,Ngày Đầu Sau Chia Tay,Đức Phúc,2024-06-20,276016,success
0UaaFmF3xUwMjnuAHBq7qL,Love You With All My Heart,Crush,2024-03-24,244186,success
6o5y1iNvg3ORGfHtBEB8U4,? (Interlude),RM,2024-05-24,113160,success
0tGmDUHDoT8pxYhgAT3yNG,bé ơi từ từ,Wren Evans,2023-12-17,200727,success
5AaHvf9iO6RydAIissh0kz,Simple Love,Obito,2022-11-29,213760,success
45PPoUgqs3JrhkZGEzSUHT,3107 4,W/N,2022-07-31,213913,success
2nRMW95dnOILirpjbksLTs,Never Let Go,Jung Kook,2024-06-07,166812,success
6vvPecFTmWxDfEJ6cYT1wa,Rockstar,LISA,2024-06-27,138213,success
2ZqTbIID9vFPTXaGyzbb4q,Neva Play,Megan Thee Stallion,2024-09-06,157173,success
5XfGQZA0ioQAWUjlyJRcHc,1000 Ánh Mắt,Shiki,2024-06-27,152000,success
0BX2eDMZJrGzApf4ZGXrFi,NGÁO NGƠ,"ANH TRAI ""SAY HI""",2024-08-29,252428,success
31VNCmwspR7nVJ6kruUuJt,Đừng Làm Trái Tim Anh Đau,Sơn Tùng M-TP,2024-06-08,279208,success
5oFEvbM7lGnx8jfAkuhVyo,MỘNG YU,AMEE,2024-08-02,202629,success
3Alwi53Ahc2GwHgvel42b2,Ngày Đẹp Trời Để Nói Chia Tay,Lou Hoàng,2024-06-13,220223,success
26zqmmkqUK6mCc87XDzPym,CHÂN THÀNH,"ANH TRAI ""SAY HI""",2024-08-26,258000,success
5PGh9MyKry8slG5AfvD1eD,Hà Nội,Obito,2023-10-10,165555,success
07d8eaOuAWdC0DANq3tdPd,QUAY ĐI QUAY LẠI,"ANH TRAI ""SAY HI""",2024-08-31,210491,success
4CUvVaAYuXtvYURLFz7EIL,Chuyện Đôi Ta,Emcee L (Da LAB),2021-12-01,208048,success
4WZf4gJ2MvBec6XPdUiqcq,ANH BIẾT RỒI,"ANH TRAI ""SAY HI""",2024-08-31,259615,success
3COYA2vgfcUhDyRlVpZy5p,PHÓNG ZÌN ZÌN,tlinh,2024-09-18,202999,success
7Cjsw965r7mVK888ZqP6Wo,Mình Anh Thôi,Negav,2024-09-04,212519,success
7pqx5vF7DzkVtEdsXQ9iua,ĐẦU ĐỘI SỪNG,"ANH TRAI ""SAY HI""",2024-08-06,213818,success
7kKu4NWeBh01I6aTIEP9bg,TRÓI EM LẠI,"ANH TRAI ""SAY HI""",2024-08-31,264615,success
0H4ugk6rhnXmTl47ayy9O5,Daechwita,Agust D,2020-05-22,225668,success
62bOmKYxYg7dhrC6gH9vFn,Bye Bye Bye,*NSYNC,2000-03-21,200400,success
3nw5vYaH4qVx8joq3qhtNx,Okeokeoke,Low G,2020-11-09,139276,success
2nR51wakN5K3AJENqGaNg9,Bài Này Chill Phết,Đen,2019-01-01,276000,success
5cn5oHiXJTLiuthgbgfkMh,Vet Mua,Vũ Cát Tường,2014-01-01,210067,success
0SLzsfxED15vyUccX4bCqo,HOP ON DA SHOW,tlinh,2024-09-18,175876,success
50zAEIE4B1QqhPjRMK2Xmh,Running Wild,Jin,2024-11-19,151646,success
4nXrVH5xwN1w6TpmP7uu8n,Exit Sign,HIEUTHUHAI,2023-10-16,201589,success
2GE2p2dFpxp7OIz2QOFBzW,"KIM PHÚT, KIM GIỜ","ANH TRAI ""SAY HI""",2024-08-26,295058,success
3uT8QfoX0BE8ZJa4h98LDW,Wrong Times,Puppy,2023-05-17,211200,success
7134tEHq45eL6am9oVazZU,White Christmas,V,2024-12-06,173033,success
0e6fZkLArSmDIHnZcIua7t,Không Yêu Em Thì Yêu Ai?,Vũ.,2024-09-27,232647,success
0s7RyyUlQfd8mnnboHe18n,Hẹn Gặp Em Dưới Ánh Trăng,MANBO,2020-09-25,222000,success
7gSQxwCpEMjg8wb6Y3oqe7,HÀO QUANG,"ANH TRAI ""SAY HI""",2024-08-06,245454,success
3Nn9QjxOEj1pleW9xTG6cq,TÌNH ĐẦU QUÁ CHÉN,"ANH TRAI ""SAY HI""",2024-09-18,316000,success
4eeflgjzTF8xN8U2E0dech,NGỰA Ô,Dangrangto,2024-10-02,215415,success
0669gFIK8dYK9GGQ0K0QNF,Tràn Bộ Nhớ,Dương Domic,2024-11-23,172500,success
4hdOYl6xm8ry6hZzn9pBqw,QUA TỪNG KHUNG HÌNH,RAP VIỆT,2024-11-18,240000,success
2a5hng9yXtbjtTVVm9UviC,Mo,Vũ Cát Tường,2016-01-01,262191,success
5YiNxgEQQTuFi5dKLxxjWm,CATCH ME IF YOU CAN,"ANH TRAI ""SAY HI""",2024-08-06,256000,success
50aQbgfdydBXABx2gATQHn,dance all night,ROSÉ,2024-12-06,214950,success
3y4q6bBdbXsTIaPiwiiUfy,3am,ROSÉ,2024-12-06,154050,success
67siqMtQTGPpJZI4Dz8OpM,not the same,ROSÉ,2024-12-06,184006,success
52oyR8Wjhdzg7zucr8keYl,Đường Một Chiều,Huỳnh Tú,2021-03-01,286998,success
4QkTMKgtkI6P9v9NRzSswS,CHỜ MỘT NGƯỜI,RAP VIỆT,2024-12-09,259010,success
5LQpQ6SDeaz6SIkR0lvsoC,đưa em về nhàa,GREY D,2023-04-24,240000,success
1pwyiEOvhXLvlpzTZcgfhe,CHÀNG KHỜ THUỶ CUNG,"ANH TRAI ""SAY HI""",2024-08-31,309473,success
0oL2jCTf9P9a7flY5mCpYu,Trở Về,Wxrdie,2024-11-12,194000,success
0JBBsuv6YHi37NqzCNfr0d,SỰ NGHIỆP CHƯỚNG,Pháo,2025-03-21,200314,success
2Pwou3Q2Cf59RxdX2V6MgV,Có Đôi Điều,Shiki,2024-06-27,174000,success
6cc5PzJUddXskJGHJINw9F,DANCING IN THE DARK,SOOBIN,2024-06-25,227458,success
41DlPJXKTCypXdf2eSqa03,Bình Yên,Vũ.,2024-09-27,195974,success
0oSc7X1uRQGuEqNRtXEeQL,Dù Cho Tận Thế,ERIK,2025-02-06,233263,success
226ljdOTLM2clGpm4mZvAm,Love is,Dangrangto,2023-06-27,266758,success
7fCeYpR02Q8JVuD88hJZVT,Bầu Trời Mới,Da LAB,2024-10-05,262495,success
72NMPuJCRsOUoXQJdzVfdo,Track 06,Tyronee,2024-12-05,165161,success
7mblTCdc14ylJ1JW71MODb,Giờ Thì,buitruonglinh,2024-12-12,234166,success
2oVLEoBVDvYrGmzrU7dEm5,TRÀN BỘ NHỚ,"ANH TRAI ""SAY HI""",2024-08-31,210000,success
5JoQSuMrHdu7BcgIY9hDcX,Ánh Mắt Biết Cười,Quang Hùng MasterD,2025-01-26,167796,success
6a1uj8onBHUi6TKSREPxHY,Ghệ Mới,B Ray,2025-02-14,226238,success
265hQASPY3HFmUH38zZrSK,MOIEM,Dangrangto,2024-11-06,191834,success
5ca1aUHYwTDNO5E6unithq,Tiến Hay Lùi (Nụ Hôn Bạc Tỷ Original Soundtrack),Bùi Công Nam,2025-01-21,186666,success
7KNmIjcmGJIBrhP2s5Vioe,Born Again,LISA,2025-02-28,231174,success
79bSb2Ilugozn6VygdplEZ,1 Phút,Andiez,2017-08-07,375989,success
4HxGH28DitgAuuKpEVrLzN,two years,ROSÉ,2024-12-06,167748,success
44sYmL97Lv8mEbzgANFkPD,thật quá đáng.. để yêu,NICKY,2024-10-09,186000,success
354swDEk1Zdo9y57fEqmRg,ĐOÁ HOA,TeuYungBoy,2025-03-08,158987,success
1XZE0InCx3SdCnLpVsPpZl,跳楼机,LBI利比,2025-01-23,201642,success
5WkuMbkHX7yR7nnBKCn7tV,vạn vật như muốn ta bên nhau,RIO,2025-04-11,185625,success
4gaxEUZE4z9pJAVTSFwgQI,một đời,14 Casper,2023-03-03,328240,success
3ET3xHCLMGd57u06A9RjJ0,Nói Dối,Ronboogz,2022-12-12,206139,success
4OXAneZHFJyQV1RuzCzmH3,Buồn Hay Vui,VSOUL,2023-12-25,291750,success
2uZmeuNAxSm7XfVIwLkhCx,nhắn nhủ,Ronboogz,2023-12-12,241190,success
1o6cYDMHvKOfizi4d9Lqxr,id 072019,W/N,2023-07-31,271704,success
3P3rcI48wwVEgxF5vPM6pG,Buông Đôi Tay Nhau Ra,Sơn Tùng M-TP,2017-04-01,227492,success
0OB5hTu7ELKeVoD6JVRo6m,Thiên Mệnh,Quân A.P,2025-06-07,253565,success
37uug3gaq86yvFTjV6WkaV,Think About U,Kay Chau Anh,2024-11-11,172015,success
43zzuEWDotRcKlSFzrlJqs,Thêm Bao Nhiêu Lâu,Đạt G,2023-02-24,302000,success
7q1qYSyRkGT4ZaCc2ZQihP,Em Còn Nhớ Anh Không - Remastered,Hoàng Tôn,2021-04-26,251786,success
3cZH38witMhkLvATILgEe5,EASIER,"EM XINH ""SAY HI""",2025-06-09,198000,success
2qrpmvkxE0oz78ym1LEvXd,Kho Báu,(S)TRONG,2025-08-14,217674,success
4UAnQaQTSMjKjHkqjKwEYx,Permission to Dance - Live,BTS,2025-07-18,279286,success
08Hvl1OJalM7dG6mf6jpx6,Love Game,Low G,2025-10-21,199442,success
7k9aYmnQ1nrp3RMTxNtUQV,EM CHỈ LÀ,"EM XINH ""SAY HI""",2025-06-30,314026,success
34FhBswjcDbFzGx8zcPqoj,GÃ SĂN CÁ,"EM XINH ""SAY HI""",2025-06-30,232615,success
3qKeW2XJFZU5CvOQKStQW6,NGƯỜI ĐẦU TIÊN,"EM XINH ""SAY HI""",2025-08-18,232131,success
1ApIGNgp1azc0qB61x4GzG,Không Buông,Hngle,2025-08-25,174866,success
1uiqiUzPn2EJpvHDy84PEZ,KHÔNG ĐAU NỮA RỒI,"EM XINH ""SAY HI""",2025-06-23,291268,success
7C0kNQRFtNhs7Ibx1Q4sLy,HỀ,"EM XINH ""SAY HI""",2025-06-23,266011,success
11OxuU5y7ebAJyKaY8dOl0,Lý Do Nào Để Quay Lại Với Nhau,PAR SG,2022-05-20,116142,success
1WbTOu4D2oHK9fg2qR6msd,Ngày Này Năm Ấy,Việt Anh,2025-07-12,239090,success
5rSAUmbOg4giDrM29vUyHe,Nơi Này Có Anh,Sơn Tùng M-TP,2017-04-01,260117,success
3y66li7DIrH7HLKIZzxR5H,Lễ Đường,Kai Đinh,2025-03-09,249301,success
0SNgVYcHY0UPil9YGmwU5k,CỨ ĐỔ TẠI CƠN MƯA,"EM XINH ""SAY HI""",2025-08-11,254762,success
7bn8ckDTI4EQIKZ6jRL4K0,Chúng Ta Không Thuộc Về Nhau,Sơn Tùng M-TP,2017-04-01,233009,success
7tFwBnuaGXqiiONukPRaCo,Miên Man,Minh Huy,2022-06-24,197998,success
0QIBqBajZLLcWfL6mpVsN3,Chuyện Chúng Ta Sau Này,Hải Đăng Doo,2023-03-25,245778,success
2kt7udEZmN2kj1Jsl118zY,0 AI NGHĨ,Wxrdie,2023-03-16,190502,success
51bYFYWODfYOZU0rwvjiCc,Cho Mình Em,Binz,2021-04-01,206400,success
3T7XHOdRcyhKU3QCB6kZG3,chẳng phải tình đầu sao đau đến thế,MIN,2025-10-22,283333,success
1DVYafsLmcQySKkJnY4RCs,Phép Màu,MAYDAYs,2025-02-21,266666,success
2daxUR0gVJr2dOmOtYvW8R,Anh Đã Không Biết Cách Yêu Em,Quang Đăng Trần,2025-07-05,245750,success
7dlgEjrK3lHbP786dshKDV,CHỜ ANH VỀ,"ANH TRAI ""SAY HI""",2025-12-08,214158,success
29Tj2R8sZZ3fzlXZVe1OyY,Pin Dự Phòng,Dương Domic,2024-11-23,226415,success
6gmvd9Lld9MiNR9r6I9eFE,Panorama,Richie D. ICY,2025-10-10,205232,success
5zXCoF69UxPNLrpar8Rk7e,Còn Gì Đẹp Hơn - Mưa Đỏ Original Soundtrack,Nguyễn Hùng,2025-07-27,281976,success
4BdB08vuS9r4HOoY7GkAxT,Nếu Ngày Ấy,SOOBIN,2019-07-22,292757,success
3rIQPhzwnHiF3PzfFVnXp5,Nắng Ấm Trong Tim,Duongg,2025-10-24,248341,success
3yWuTOYDztXjZxdE2cIRUa,Opalite,Taylor Swift,2025-10-03,235355,success
1fFvYVg1v3rpUSqKNCUh7b,Người Bình Thường,Vũ Cát Tường,2023-12-04,284600,success
2ix8KB1Xm7rRGzkh3i8P1d,NGƯỜI YÊU CHƯA SINH RA,"ANH TRAI ""SAY HI""",2025-09-29,234374,success
7uulTURh3qtUEUnMNtgcA6,Feel At Home,B Ray,2025-07-08,163754,success
6KIhgRkprgyJNERRMu7Quh,Có Em Chờ,MIN,2020-06-30,234000,success
5U30iZBlmxkpHqzb1OSnBS,Yêu 5,Rhymastic,2017-01-01,240000,success
5wYQC7AuxV8ROALWcbVNxc,Giữ Anh Cho Ngày Hôm Qua,Hoàng Dũng,2025-07-09,290634,success
527UV7H9SbnmTVkxBVg56X,Chắc Ai Đó Sẽ Về,Sơn Tùng M-TP,2017-04-01,262164,success
6Qwl74olNi1rl65FNxG5We,Và Thế Giới Đã Mất Đi Một Người Cô Đơn,marzuz,2024-05-18,201176,success
6GM4ZOBDcDroldUxI8GZ2B,Ai Ngoài Anh,VSTRA,2025-12-20,199000,success
0t8g66pWghsU8MphjUQIdg,Cảm Ơn Người Đã Thức Cùng Tôi - Original Soundtrack,Phùng Khánh Linh,2026-02-14,293500,success
5DB1UwivnS4gmcZ27TiYnE,Người Đầu Tiên,Juky San,2025-10-31,215901,success
6GUKRhIsWxA7VuZW8MKQLG,Không Thời Gian,Dương Domic,2025-09-20,217731,success
66LE366537RxmOur0DcGFH,Vừa Tìm Thấy Đã Đánh Mất,Wren Evans,2026-01-05,262704,success
4D1eaEIisnWCVPMnYuMh7q,漫步香港1999,白浩贤BlueC,2024-04-15,221332,success
43BJVWcBzHRIDaQCg7abnX,Champion,BLACKPINK,2026-02-26,172992,success
6s3w7SUVtmm68Bw5KrKMh0,One More Night,BTS,2026-03-20,167589,success
66v7AvDs5gZfmkJgFMMtHL,A Little Dream Of Me,Công Dương,2026-02-28,139000,success
3VkV6L37ub0rtuYQoawAqz,Tình Mình Lạ Kì,Lil Zpoet,2021-07-11,300750,success
5tmA5oQDF0ULqRI12LKCDw,Chiều Hôm Ấy,JayKii,2025-09-25,306914,success
4SqE2XLtd1AfppGm2xlkf4,Nắng Ấm Xa Dần,Sơn Tùng M-TP,2017-04-01,191922,success
3W77mLoXjQEkNjxvYRifjG,tâm trí lang thang,Ánh Sáng AZA,2025-05-15,237931,success
15yC0BCinDyknKpjk0VLku,Tết Nhà Mình,Hoà Minzy,2021-01-26,235232,success
2HEd2fkMbbIclpv8pYvWW0,để dành cho em,Dangrangto,2026-02-26,293549,success
0NyrI1tMvqcK3vU5z9DMdI,She Neva Knows,JustaTee,2012-01-21,293000,success
0a32EBPjqAe47cYDPE5Ia5,Em,Binz,2026-05-24,296983,success
6BnPsHZv1jPbPAsQsm0s5b,Nếu Như Ta Chẳng Còn,RPT MCK,2026-06-17,317972,success
2KslE17cAJNHTsI2MI0jb2,Standing Next to You,Jung Kook,2023-11-03,206019,success
11T61UpoNbbcewOMl1kcWN,Dạo Bước HongKong 1999,NHONHO,2026-03-17,209672,success
0GXZXSDFSbJjqdGifjSaig,Sớm Như Vậy,buitruonglinh,2026-04-09,220893,success
6mKMGpkgP2cH5gmqILWe7b,vết thương,Fishy,2023-06-29,261617,success
0hB27T4dy9qBUcZabsrLOj,Dạo Gần Đây Anh Thấy Anh Không Bằng Ai Hết,HIEUTHUHAI,2026-04-22,203500,success
1UhQ0VwKq2PGnLiAZOJYV1,Em,Binz,2025-10-25,208289,success
0pavLg3wbL6PVXAgXoWv4S,Một Nửa Sự Thật,24k.Right,2024-12-11,230036,success
4nyoalDFgUaZOzIKqj3aS5,Ngàn Năm Ánh Sáng,Đặng Vĩnh Thịnh,2025-07-30,214438,success
22GCbN9OyrCa1tC1jZnX8O,Gội Đầu,Thắng,2026-02-13,264785,success
6IxPiUQI4Cd0mL0pBIOjAg,Hết Yêu,HIEUTHUHAI,2026-04-22,240500,success
71luUs5K7N1fdf7ecMKg04,Cho Con (Lullaby pt.2),B Ray,2026-05-23,137074,success
4wD6v7xAl1Hhfl2rli4q0n,Vacheron Louie V,HIEUTHUHAI,2026-04-22,169558,success
6ag0c7tBr3PIqPb00C2rK4,NGƯỜI NHƯ ANH XỨNG ĐÁNG CÔ ĐƠN - KHÔNG ĐAU NỮA RỒI,VCT,2026-02-16,354440,success
1r9gNSD1WUFscqTSA2Rcet,Hẹn Lần Sau,MAYDAYs,2025-12-18,219403,success
1VyXprVXZYNGWWZf1u4JfN,Blue Lips,CORTIS,2026-05-04,141880,success
0KA8tBqZ81mBe2po59GK5j,Trạng Thái Mộng Mơ,Đỗ Hoàng Long,2026-02-05,295384,success
5YPU2SdqR2pOsfFs5AW25q,Kém Duyên,Rum,2024-07-20,224744,success
2w7jOvl0kpplNxisgfnCdT,Nếu Biết Đó Là Lần Cuối,Đức Trường,2022-08-19,240000,success
5UUNrCgGtC6JOrATM3y3ZT,Sắp Nổi Tiếng 2,HIEUTHUHAI,2026-04-22,204967,success
4TmcmTzr88j02kCDh19VNt,SECRET,"TINH HÀ ""SAY HI""",2026-08-08,280560,success
7aBUKC55ymgBw7M5gdppte,MRT,"TINH HÀ ""SAY HI""",2026-08-08,331194,success
73RcFjiDtStfP3GCW44vJu,Ngày Rời Chuyến Bay,Minh Huy,2026-03-14,229385,success
1IWEzoYndBj6ntPQ1nYiFP,LAVIEM,"TINH HÀ ""SAY HI""",2026-09-05,270620,success
6CTdPSNvUYw7UjerVIkUia,xương rồng (intro),Dangrangto,2026-06-17,245040,success
4VjLWbQhf8KUPMeuBO5H55,MVP (MƯA VỘI PHÓNG),"TINH HÀ ""SAY HI""",2026-07-25,221800,success
0CY9y1F7RcRSV3raHljdxu,THẾ GIỚI CỦA ANH,"TINH HÀ ""SAY HI""",2026-07-25,257595,success
4HjBeRYorM50d1rCrl853a,50 CUỘC GỌI NHỠ,"TINH HÀ ""SAY HI""",2026-07-11,240000,success
6Zoi4ue74UdUeYmHXItXnf,Vùng An Toàn,B Ray,2025-07-08,265954,success
0eAuGrXyGFYwur9ARUe7LJ,Earrings,Malcolm Todd,2024-04-05,151500,success
5jCSifehmtV2KDWLoXgA8F,MOVE ON,Anh Trai Vượt Ngàn Chông Gai,2026-07-04,220645,success
50xuQI5QlXggFKpq66IBON,Sandwich & Story,MONO,2026-07-09,235658,success
3bmqUlen7AJeTh3EKCEPHe,CÔ ĐƠN ANH CŨNG VUI,"TINH HÀ ""SAY HI""",2026-07-11,350421,success
5tdz7T4hTxA1ipJMBe24uX,"ex's hate me, Pt.2",AMEE,2020-06-20,216500,success
20jbSiX29FDX4oQxBXyUEi,hate that i made you love me,Ariana Grande,2026-05-29,197949,success
6Q2oEdOhRjZ1DTv2a7j0lN,Ghé Qua,PC,2018-03-17,237192,success
7Ldcvhcl4Xj4eOTSWpZus5,ACAI,CORTIS,2026-05-04,173947,success
6LakfNLAPklxBWkexiRfD0,ĐỢI,52Hz,2024-01-31,199278,success
3H6nzsPNMttEvUl3ai3xN8,Vùng Ký Ức,Chillies,2021-05-05,296500,success
6E3P4uOfKHYXJLK6Q3s0Tj,Cơn Mưa Cuối,JustaTee,2016-11-03,324101,success
65st6HfPZyxq1RNTvqSIos,Thu Đợi,Wren Evans,2026-01-05,310833,success
