spotify_track_id,title,artist,release_date,market,year,quarter,rank_stratum,sampled
6Im9k8u9iIzKMrmV7BWtlF,34+35,Ariana Grande,2020-10-30,KR,2021,2021-Q1,1-10,True
4SFknyjLcyTLJFPKD2m96o,How You Like That,BLACKPINK,2020-10-02,KR,2021,2021-Q1,1-10,True
3aQem4jVGdhtg116TmJnHz,What’s Next,Drake,2021-03-05,KR,2021,2021-Q1,1-10,True
5QO79kh1waicV47BqGRL3g,Save Your Tears,The Weeknd,2020-03-20,KR,2021,2021-Q1,1-10,True
2Zr0bYRHwWXi7eM2wuE6Aj,VVS,MIRANI,2020-11-21,KR,2021,2021-Q1,1-10,True
2dHoVW9AxJVSRebPRyV2aA,Gone,ROSÉ,2021-03-12,KR,2021,2021-Q1,1-10,True
5KawlOMHjWeUjQtnuRs22c,Boy With Luv,BTS,2019-04-12,KR,2021,2021-Q1,1-10,True
0n2moJpAEWHwaPYYjkzMDl,Blue & Grey,BTS,2020-11-20,KR,2021,2021-Q1,1-10,True
6F2r4HgpJnvKDmkN6JEN6J,As I Am,Justin Bieber,2021-03-19,KR,2021,2021-Q1,1-10,True
3eZYOQO4UzKrUDYDghtnFw,test drive,Ariana Grande,2021-02-19,KR,2021,2021-Q1,1-10,True
0CnpSTdL9l5vQM4YnzXtyo,Panorama,IZ*ONE,2020-12-07,KR,2021,2021-Q1,11-20,True
2dkFOWqyiVFS3xsQUEdBJG,친구,BTS,2020-02-01,KR,2021,2021-Q1,11-20,True
3apeXzypBMnUfYcZYNX6DH,I CAN'T STOP ME,TWICE,2020-10-26,KR,2021,2021-Q1,11-20,True
0ono6UCNVZ1XqOm6j78Blu,Filter,BTS,2020-02-21,KR,2021,2021-Q1,11-20,True
3J8EOeKLTLXORtWPpOU5bE,Calling My Phone,Lil Tjay,2021-04-02,KR,2021,2021-Q1,11-20,True
6kH1sKkvgN4Yikake52glq,We Ride,Brave Girls,2020-08-14,KR,2021,2021-Q1,11-20,True
1t2qYCAjUAoGfeFeoBlK51,Black Mamba,aespa,2020-11-17,KR,2021,2021-Q1,11-20,True
5zFglKYiknIxks8geR8rcL,Beautiful Mistakes,Maroon 5,2021-06-11,KR,2021,2021-Q1,11-20,True
6YvqWjhGD8mB5QXcbcUKtx,Love Story (Taylor’s Version),Taylor Swift,2021-04-09,KR,2021,2021-Q1,11-20,True
6tDDoYIxWvMLTdKpjFkc1B,telepatía,Kali Uchis,2020-12-04,KR,2021,2021-Q1,11-20,True
7K31QxS2DmTBxdYldd8yqf,Tomorrow,lIlBOI,2020-12-05,KR,2021,2021-Q1,21-50,True
6FdShjf7nA2cqEnpv1tIia,Make A Wish (Birthday Song),NCT U,2020-10-12,KR,2021,2021-Q1,21-50,True
02MWAaffLxlfxAUY7c5dvx,Heat Waves,Glass Animals,2020-08-06,KR,2021,2021-Q1,21-50,True
4vTgx6h4seHvkuFh84JXYP,My Time,BTS,2020-02-21,KR,2021,2021-Q1,21-50,True
0SJ7vFES0Lj6pnumh3DhCe,People,Agust D,2020-05-22,KR,2021,2021-Q1,21-50,True
44WLOqH7QayQOQdeUHeKUK,We are Bulletproof : the Eternal,BTS,2020-02-21,KR,2021,2021-Q1,21-50,True
22ryCgQttpV7oCrn7llGRu,Magic Shop,BTS,2018-05-18,KR,2021,2021-Q1,21-50,True
1Q6lzzQHM5dvtTCwcfeKDy,PARANOIA,KANGDANIEL,2021-02-16,KR,2021,2021-Q1,21-50,True
39EXZNMxb4RBHlRjnRaOKp,Sweet Night,V,2020-03-13,KR,2021,2021-Q1,21-50,True
7FdUvDkaE24o3FPIWTvzv2,Follow You,Imagine Dragons,2021-03-12,KR,2021,2021-Q1,21-50,True
6ocbgoVGwYJhOv1GgI9NsF,7 rings,Ariana Grande,2019-02-08,KR,2021,2021-Q1,51+,True
09IStsImFySgyp0pIQdqAc,The Middle,Zedd,2018-01-23,KR,2021,2021-Q1,51+,True
2M7a2Us8CEU1HZHj70byGX,Hi spring Bye,IU,2021-03-25,KR,2021,2021-Q1,51+,True
6f3Slt0GbA2bPZlz0aIFXN,The Business,Tiësto,2020-09-16,KR,2021,2021-Q1,51+,True
3Z8FwOEN59mRMxDCtb8N0A,Be Kind,Marshmello,2020-05-01,KR,2021,2021-Q1,51+,True
5uHrWZqndnheP1qtYr6xGC,Moonlight,Agust D,2020-05-22,KR,2021,2021-Q1,51+,True
6SvC0ocJPoolWLaEV8UE58,What Type of X,Jessi,2021-03-18,KR,2021,2021-Q1,51+,True
6Qs4SXO9dwPj5GKvVOv8Ki,Dancing With A Stranger,Sam Smith,2019-01-11,KR,2021,2021-Q1,51+,True
0EQMrxdeiBhry9JCxskko3,I'm Fine,BTS,2018-08-24,KR,2021,2021-Q1,51+,True
0rNLaGUleZ91DXMxmZNq5v,Fireworks (I'm The One),ATEEZ,2021-03-01,KR,2021,2021-Q1,51+,True
6B8MM3PVQtUbZLay7tP7er,Hot Sauce,NCT DREAM,2021-05-10,KR,2021,2021-Q2,1-10,True
46wDG6evLn2iPoQ0F8CUWk,My sea,IU,2021-03-25,KR,2021,2021-Q2,1-10,True
5qNh5WtzMbfpSj2jLlBkoD,Your Power,Billie Eilish,2021-04-29,KR,2021,2021-Q2,1-10,True
4iJyoBOLtHqaGxP12qzhQI,Peaches,Justin Bieber,2021-03-19,KR,2021,2021-Q2,1-10,True
2pn8dNVSpYnAtlKFC8Q0DJ,On The Ground,ROSÉ,2021-03-12,KR,2021,2021-Q2,1-10,True
2zrhoHlFKxFTRF5aMyxMoQ,Next Level,aespa,2021-05-17,KR,2021,2021-Q2,1-10,True
7MAibcTli4IisCtbHKrGMh,Leave The Door Open,Bruno Mars,2021-03-05,KR,2021,2021-Q2,1-10,True
5xrtzzzikpG3BLbo4q1Yul,LILAC,IU,2021-03-25,KR,2021,2021-Q2,1-10,True
3UHPGOkUcE4hE7sqBF4Snt,Film out,BTS,2021-04-01,KR,2021,2021-Q2,1-10,True
1e0Wxoraz9IzFhREDqgJAe,Butter (Instrumental),BTS,2021-05-21,KR,2021,2021-Q2,1-10,True
0z3ZZ2JKusRpapstADTxVf,Dive Into You,NCT DREAM,2021-05-10,KR,2021,2021-Q2,11-20,True
2dHoVW9AxJVSRebPRyV2aA,Gone,ROSÉ,2021-03-12,KR,2021,2021-Q2,11-20,True
5KawlOMHjWeUjQtnuRs22c,Boy With Luv,BTS,2019-04-12,KR,2021,2021-Q2,11-20,True
1IJxbEXfgiKuRx6oXMX87e,Ah puh,IU,2021-03-25,KR,2021,2021-Q2,11-20,True
3VT8hOC5vuDXBsHrR53WFh,Astronaut In The Ocean,Masked Wolf,2019-06-07,KR,2021,2021-Q2,11-20,True
6HU7h9RYOaPRFeh0R3UeAr,deja vu,Olivia Rodrigo,2021-05-21,KR,2021,2021-Q2,11-20,True
2M7a2Us8CEU1HZHj70byGX,Hi spring Bye,IU,2021-03-25,KR,2021,2021-Q2,11-20,True
5zFglKYiknIxks8geR8rcL,Beautiful Mistakes,Maroon 5,2021-06-11,KR,2021,2021-Q2,11-20,True
6F2r4HgpJnvKDmkN6JEN6J,As I Am,Justin Bieber,2021-03-19,KR,2021,2021-Q2,11-20,True
6kH1sKkvgN4Yikake52glq,We Ride,Brave Girls,2020-08-14,KR,2021,2021-Q2,11-20,True
2MJz8BxxMsERULatmBikDH,At My Worst,Pink Sweat$,2021-02-12,KR,2021,2021-Q2,21-50,True
03qu1u4hDyepQQi2lNxCka,Traffic light,LEE MU JIN,2021-05-14,KR,2021,2021-Q2,21-50,True
42fR3oINF3KfXCDtheoNiY,Don't fight the feeling,EXO,2021-06-07,KR,2021,2021-Q2,21-50,True
0BBUGRUURDjwcXmDS3kQkN,Atlantis,SHINee,2021-04-12,KR,2021,2021-Q2,21-50,True
4rOODw637hsmsq0uzT0DN3,Advice,TAEMIN,2021-05-18,KR,2021,2021-Q2,21-50,True
1wcr8DjnN59Awev8nnKpQ4,Drunk-Dazed,ENHYPEN,2021-04-26,KR,2021,2021-Q2,21-50,True
18vXApRmJSgQ6wG2ll9AOg,RAPSTAR,Polo G,2021-06-11,KR,2021,2021-Q2,21-50,True
34eF4BoV8FPk0uhAAoqU7h,SUN GOES DOWN,Lil Nas X,2021-05-21,KR,2021,2021-Q2,21-50,True
3vG5ilGpaYA2MhVtyTORF1,My Youth,NCT DREAM,2021-05-10,KR,2021,2021-Q2,21-50,True
1EHUQesfVKwbthtNcpBi9g,WITHOUT YOU,The Kid LAROI,2021-04-30,KR,2021,2021-Q2,21-50,True
4JJcP0Rv9AgyPD6ZGaC8EE,durag activity,Baby Keem,2021-04-30,KR,2021,2021-Q2,51+,True
5hnbE5BF2e8BCk9OMR1UVC,Mikrokosmos,BTS,2019-04-12,KR,2021,2021-Q2,51+,True
2dkFOWqyiVFS3xsQUEdBJG,친구,BTS,2020-02-01,KR,2021,2021-Q2,51+,True
6JdS5rJvJaRA7B1tcm7kxZ,Dionysus,BTS,2019-04-12,KR,2021,2021-Q2,51+,True
1Zsy7gMUcHDhxC0bbyZmC2,GAMBLER,MONSTA X,2021-06-01,KR,2021,2021-Q2,51+,True
0CyydmXI4QhgUWrZsPOTXA,Why Can't You Love Me?,WENDY,2021-04-05,KR,2021,2021-Q2,51+,True
2lwOE4xj0tw2Bpjc6wmzUP,Be There For You,JOY,2021-05-31,KR,2021,2021-Q2,51+,True
5W8jRrZ6tWrTrqnKRtIQBf,p r i d e . i s . t h e . d e v i l,J. Cole,2021-05-14,KR,2021,2021-Q2,51+,True
6mzkkz2p0Nyyp43Eedv4mS,사이렌,HOMIES,2020-05-15,KR,2021,2021-Q2,51+,True
0tgBtQ0ISnMQOKorrN9HLX,Last Train Home,John Mayer,2021-07-16,KR,2021,2021-Q2,51+,True
3JR0ducCexKbeK47g6AHm5,Butter,BTS,2021-08-27,KR,2021,2021-Q3,1-10,True
4ZtFanR9U6ndgddUvNcjcG,good 4 u,Olivia Rodrigo,2021-05-21,KR,2021,2021-Q3,1-10,True
3iPbmpKBMflYd7UjdYftoj,Alcohol-Free,TWICE,2021-06-09,KR,2021,2021-Q3,1-10,True
5nujrmhLynf4yMoMtj8AQF,Levitating,Dua Lipa,2020-03-27,KR,2021,2021-Q3,1-10,True
0RbW8kWozrVSIGb4V13o0o,Hurricane,Kanye West,2021-08-29,KR,2021,2021-Q3,1-10,True
40uMIn2zJLAQhNXghRjBed,Motley Crew,Post Malone,2021-07-09,KR,2021,2021-Q3,1-10,True
4t2FIqZJORKZGSKg30SShr,NAKKA,AKMU,2021-07-26,KR,2021,2021-Q3,1-10,True
50nfwKoDiSYg8zOCREWAm5,Shivers,Ed Sheeran,2021-10-25,KR,2021,2021-Q3,1-10,True
46HNZY1i7O6jwTA7Slo2PI,My Universe,Coldplay,2021-10-15,KR,2021,2021-Q3,1-10,True
6cqH1q7g5GeRVQVMK1Vc7f,Weekend,TAEYEON,2021-07-06,KR,2021,2021-Q3,1-10,True
6txVOdSbg928oeGhlVUrdK,Lemonade,NCT 127,2021-09-17,KR,2021,2021-Q3,11-20,True
40iJIUlhi6renaREYGeIDS,Fair Trade,Drake,2021-09-03,KR,2021,2021-Q3,11-20,True
59c0HrzmHfyQs6LgDw5cHe,LOCO,ITZY,2021-09-24,KR,2021,2021-Q3,11-20,True
4Cgct9Vlype9cYZFW2wSnk,"Hey kid, Close your eyes",AKMU,2021-07-26,KR,2021,2021-Q3,11-20,True
2gbMPBrBVj3CuNTLp2dHYs,Off The Grid,Kanye West,2021-08-29,KR,2021,2021-Q3,11-20,True
2sXf2JdbB2GlNju00kw9WE,Skate,Bruno Mars,2021-07-30,KR,2021,2021-Q3,11-20,True
7MAibcTli4IisCtbHKrGMh,Leave The Door Open,Bruno Mars,2021-03-05,KR,2021,2021-Q3,11-20,True
5BXr7hYZQOeRttkeWYTq5S,ASAP,STAYC,2021-04-08,KR,2021,2021-Q3,11-20,True
3Vi5XqYrmQgOYBajMWSvCi,Need To Know,Doja Cat,2021-06-25,KR,2021,2021-Q3,11-20,True
03qu1u4hDyepQQi2lNxCka,Traffic light,LEE MU JIN,2021-05-14,KR,2021,2021-Q3,11-20,True
2VJOpzv5sBpstCX9venJr5,Rollin',Brave Girls,2017-03-07,KR,2021,2021-Q3,21-50,True
02MWAaffLxlfxAUY7c5dvx,Heat Waves,Glass Animals,2020-08-06,KR,2021,2021-Q3,21-50,True
5zFglKYiknIxks8geR8rcL,Beautiful Mistakes,Maroon 5,2021-06-11,KR,2021,2021-Q3,21-50,True
0k1WUmIRnG3xU6fvvDVfRG,Way 2 Sexy,Drake,2021-09-03,KR,2021,2021-Q3,21-50,True
6B8MM3PVQtUbZLay7tP7er,Hot Sauce,NCT DREAM,2021-05-10,KR,2021,2021-Q3,21-50,True
2FymmKBuog0loCuNXMwQID,Ready to love,SEVENTEEN,2021-06-18,KR,2021,2021-Q3,21-50,True
1c3WMOE7Q0dCFN6bjT8KWo,EVEREST,AKMU,2021-07-26,KR,2021,2021-Q3,21-50,True
44V6EzbUSYgyfsNiP0FrlA,Visiting Hours,Ed Sheeran,2021-08-19,KR,2021,2021-Q3,21-50,True
5g6GKZXBoEnPmBl6G261CG,Go Back,Yerin Baek,2021-09-10,KR,2021,2021-Q3,21-50,True
1e0Wxoraz9IzFhREDqgJAe,Butter (Instrumental),BTS,2021-05-21,KR,2021,2021-Q3,21-50,True
2ygvZOXrIeVL4xZmAWJT2C,my future,Billie Eilish,2020-07-30,KR,2021,2021-Q3,51+,True
2TJ1FOCmCBkKm418MjVw5D,Donda,Kanye West,2021-08-29,KR,2021,2021-Q3,51+,True
34D6FJysnQioVingDKufuf,N 2 Deep,Drake,2021-09-03,KR,2021,2021-Q3,51+,True
0DHh3p0g7qmNNfNdRNwL6N,Try Again,DallasK,2021-07-30,KR,2021,2021-Q3,51+,True
3hB5DgAiMAQ4DzYbsMq1IT,Love Yourself,Justin Bieber,2015-11-13,KR,2021,2021-Q3,51+,True
2kJwzbxV2ppxnQoYw4GLBZ,If The World Was Ending,JP Saxe,2019-10-17,KR,2021,2021-Q3,51+,True
4ZB2yAZyPHI6SHdFPPT9sa,In The Dark,Swae Lee,2021-08-20,KR,2021,2021-Q3,51+,True
42m3eP1JJhtzffal9B136J,7am On Bridle Path,Drake,2021-09-03,KR,2021,2021-Q3,51+,True
5u1n1kITHCxxp8twBcZxWy,Holy,Justin Bieber,2020-09-18,KR,2021,2021-Q3,51+,True
39382sUtIOwIXftX0i76do,H.S.K.T.,LEEHI,2021-09-09,KR,2021,2021-Q3,51+,True
7n2FZQsaLb7ZRfRPfEeIvr,ELEVEN,IVE,2021-12-01,KR,2021,2021-Q4,1-10,True
46HNZY1i7O6jwTA7Slo2PI,My Universe,Coldplay,2021-10-15,KR,2021,2021-Q4,1-10,True
5eXBXreN3d1zdj6Sa8dS0u,Permission to Dance,BTS,2021-07-23,KR,2021,2021-Q4,1-10,True
4MokmgyM83qhJ6IAaChom5,Counting Stars,BE'O,2021-12-12,KR,2021,2021-Q4,1-10,True
2eLe81VDUQ5f0xFfc9cMWz,"MERRY-GO-ROUND (Feat. Zion.T, Wonstein) (Prod. Slom)",sokodomo,2021-11-13,KR,2021,2021-Q4,1-10,True
2g0LdZQce9xlcHb1mBJyuz,strawberry moon,IU,2021-10-19,KR,2021,2021-Q4,1-10,True
7sMBvZCSUl99bJLXZaLa0b,Smokin Out The Window,Bruno Mars,2021-11-11,KR,2021,2021-Q4,1-10,True
5g2Ik0WJG9rqu97nCLcQhV,Limousine (Feat. MINO) (Prod. GRAY),BE'O,2021-11-20,KR,2021,2021-Q4,1-10,True
3dbLT62Cvs46Ju7a8gpr36,Savage,aespa,2021-10-05,KR,2021,2021-Q4,1-10,True
00Blm7zeNqgYLPtW6zg8cj,One Right Now,Post Malone,2021-11-05,KR,2021,2021-Q4,1-10,True
6hHrPwQYGp9kPL7xLZviBS,Universe (Let's Play Ball),NCT U,2021-12-10,KR,2021,2021-Q4,11-20,True
4XI5Kdm1zdSFxdIGd9xUVT,"gganbu (Feat. YUMDDA, ASH ISLAND) (Prod. TOIL)",KOONTA,2021-11-20,KR,2021,2021-Q4,11-20,True
4t3Vgfjl9Sb6ZR5q5kGOUL,Without You (Feat. ASH ISLAND) (Prod. GRAY),BE'O,2021-12-04,KR,2021,2021-Q4,11-20,True
4fouWK6XVHhzl78KzQ1UjL,abcdefu,GAYLE,2021-08-13,KR,2021,2021-Q4,11-20,True
2J0TRU2EDG29qlmxdGa4xa,SCIENTIST,TWICE,2021-11-12,KR,2021,2021-Q4,11-20,True
2bZIDMpzVooosmPHn0tHnd,STEREOTYPE,STAYC,2021-09-06,KR,2021,2021-Q4,11-20,True
7hU3IHwjX150XLoTVmjD0q,MONEY,LISA,2021-09-10,KR,2021,2021-Q4,11-20,True
5UJTNrW72ZMubW2wKBf8g2,TROUBLE (Prod. Slom),Don Mills,2021-11-06,KR,2021,2021-Q4,11-20,True
3DarAbFujv6eYNliUTyqtz,Kiss Me More,Doja Cat,2021-06-25,KR,2021,2021-Q4,11-20,True
03qu1u4hDyepQQi2lNxCka,Traffic light,LEE MU JIN,2021-05-14,KR,2021,2021-Q4,11-20,True
6cqH1q7g5GeRVQVMK1Vc7f,Weekend,TAEYEON,2021-07-06,KR,2021,2021-Q4,21-50,True
7MAibcTli4IisCtbHKrGMh,Leave The Door Open,Bruno Mars,2021-03-05,KR,2021,2021-Q4,21-50,True
02MWAaffLxlfxAUY7c5dvx,Heat Waves,Glass Animals,2020-08-06,KR,2021,2021-Q4,21-50,True
5enxwA8aAbwZbf5qCHORXi,All Too Well (10 Minute Version) (Taylor's Version) (From The Vault),Taylor Swift,2021-11-12,KR,2021,2021-Q4,21-50,True
0eu4C55hL6x29mmeAjytzC,Life Goes On,Oliver Tree,2021-05-28,KR,2021,2021-Q4,21-50,True
7gXMkqirKU23zgdlSAb00a,Suddenly,BE'O,2021-05-02,KR,2021,2021-Q4,21-50,True
1t2qYCAjUAoGfeFeoBlK51,Black Mamba,aespa,2020-11-17,KR,2021,2021-Q4,21-50,True
1jRYyE9MEg7nxUgWEtsqFp,HAPPEN,Heize,2021-05-21,KR,2021,2021-Q4,21-50,True
7xapw9Oy21WpfEcib2ErSA,Mistletoe,Justin Bieber,2011-01-01,KR,2021,2021-Q4,21-50,True
37BZB0z9T8Xu7U3e65qxFy,Save Your Tears,The Weeknd,2021-04-23,KR,2021,2021-Q4,21-50,True
0hUH6MXHQn9coBKHMXWpD8,OUT OF MY SIGHT,Leellamarz,2021-12-14,KR,2021,2021-Q4,51+,True
79IikGOqOg2Rnnz0Fo5Qao,Dreaming,NCT DREAM,2021-12-14,KR,2021,2021-Q4,51+,True
1nahzW3kfMuwReTka28tH5,Hold On,Justin Bieber,2021-03-19,KR,2021,2021-Q4,51+,True
4HBZA5flZLE435QTztThqH,Stuck with U,Ariana Grande,2020-05-08,KR,2021,2021-Q4,51+,True
1OQ3PoRZRtE7RH0NIh3p1O,Drawer,10CM,2021-12-07,KR,2021,2021-Q4,51+,True
6lzc0Al0zfZOIFsFvBS1ki,State Of Grace (Taylor's Version),Taylor Swift,2021-11-12,KR,2021,2021-Q4,51+,True
6LXNnUjcOBVyov7bH0NNnM,A Long Day (Feat. Zion.T) (Prod. Fisherman),Basick,2021-12-04,KR,2021,2021-Q4,51+,True
3wKCldl6riuEKxXlvuxFJ2,Pretty Savage - JP Ver.,BLACKPINK,2021-08-03,KR,2021,2021-Q4,51+,True
4aS8OY1JsRSBKGfnAkIOZH,You can't sit with us,SUNMI,2021-08-06,KR,2021,2021-Q4,51+,True
4KDNRh9Oor80z3XIxdWlui,Bubbly,Young Thug,2021-10-15,KR,2021,2021-Q4,51+,True
2y4hHM6c48Qzk0bqh33XfB,Winter Sleep,IU,2021-12-29,KR,2022,2022-Q1,1-10,True
4MokmgyM83qhJ6IAaChom5,Counting Stars,BE'O,2021-12-12,KR,2022,2022-Q1,1-10,True
3AVXwaOGCEL8cmBecfcsFJ,Light Switch,Charlie Puth,2022-01-19,KR,2022,2022-Q1,1-10,True
6rVCUwfnuYTAsX4P9fIdIu,Dreams Come True,aespa,2021-12-20,KR,2022,2022-Q1,1-10,True
02SbQgZbzMoylPoGr32ugF,Drama,IU,2021-12-29,KR,2022,2022-Q1,1-10,True
3gFcGnU4kTdMYLXDjH1TK8,RUN2U,STAYC,2022-02-21,KR,2022,2022-Q1,1-10,True
559f8rcNNZW07wz5Rfxnfh,Can't Control Myself,TAEYEON,2022-01-17,KR,2022,2022-Q1,1-10,True
5PjdY0CKGZdEuoNab3yDmX,Stay,The Kid LAROI,2021-07-23,KR,2022,2022-Q1,1-10,True
46HNZY1i7O6jwTA7Slo2PI,My Universe,Coldplay,2021-10-15,KR,2022,2022-Q1,1-10,True
7CAdT0HdiQNlt1C7xk2hep,Stay Alive (Prod. SUGA of BTS),Jung Kook,2022-02-11,KR,2022,2022-Q1,1-10,True
02MWAaffLxlfxAUY7c5dvx,Heat Waves,Glass Animals,2020-08-06,KR,2022,2022-Q1,11-20,True
1GFS1xMbcAWXf5W0tSuZev,"Meeting is easy, parting is hard (Feat. Leellamarz) (Prod. TOIL)",Basick,2021-11-20,KR,2022,2022-Q1,11-20,True
2bgTY4UwhfBYhGT4HUYStN,Butter,BTS,2021-06-04,KR,2022,2022-Q1,11-20,True
5eXBXreN3d1zdj6Sa8dS0u,Permission to Dance,BTS,2021-07-23,KR,2022,2022-Q1,11-20,True
5Z9KJZvQzH6PFmb8SNkxuk,INDUSTRY BABY,Lil Nas X,2021-09-17,KR,2022,2022-Q1,11-20,True
50nfwKoDiSYg8zOCREWAm5,Shivers,Ed Sheeran,2021-10-25,KR,2022,2022-Q1,11-20,True
3KyKxJ4P3pVCgaZwaq2rUC,Gasoline,The Weeknd,2022-01-06,KR,2022,2022-Q1,11-20,True
3dbLT62Cvs46Ju7a8gpr36,Savage,aespa,2021-10-05,KR,2022,2022-Q1,11-20,True
1HhNoOuqm1a5MXYEgAFl8o,Enemy,Imagine Dragons,2021-09-03,KR,2022,2022-Q1,11-20,True
5elW2CKSoqjYoJ32AGDxf1,Polaroid Love,ENHYPEN,2022-01-10,KR,2022,2022-Q1,11-20,True
6N1K5OVVCopBjGViHs2IvP,The Joker And The Queen,Ed Sheeran,2022-02-11,KR,2022,2022-Q1,21-50,True
7h5MKRZUiYDshjH5UgAbNp,Rainbow Halo,Red Velvet,2022-03-21,KR,2022,2022-Q1,21-50,True
00Blm7zeNqgYLPtW6zg8cj,One Right Now,Post Malone,2021-11-05,KR,2022,2022-Q1,21-50,True
56Tn22SAFIGYpyHrf7TV0X,Love Letter,IU,2021-12-29,KR,2022,2022-Q1,21-50,True
0hQNbQKW2dDATH1ngj4TI6,WA DA DA,Kep1er,2022-01-03,KR,2022,2022-Q1,21-50,True
4QDpsNBlllaLGj8zbF2EE0,Charmer,Stray Kids,2022-03-18,KR,2022,2022-Q1,21-50,True
1t8sqIScEIP0B4bQzBuI2P,MY BAG,i-dle,2022-03-14,KR,2022,2022-Q1,21-50,True
1OQ3PoRZRtE7RH0NIh3p1O,Drawer,10CM,2021-12-07,KR,2022,2022-Q1,21-50,True
2xo84jGkxFPrZmmBtS3Pkd,Lonely St.,Stray Kids,2022-03-18,KR,2022,2022-Q1,21-50,True
7uoFMmxln0GPXQ0AcCBXRq,Snowman,Sia,2018-11-01,KR,2022,2022-Q1,21-50,True
2FKtn8qQx84O85wWABOwpd,GENTLEMAN,C JAMM,2022-03-03,KR,2022,2022-Q1,51+,True
6f5ExP43esnvdKPddwKXJH,Better Days (NEIKED x Mae Muller x Polo G),NEIKED,2021-09-24,KR,2022,2022-Q1,51+,True
0u7b8p0mxUUNT7xeuYUtlP,Tiny Riot,Sam Ryder,2021-03-26,KR,2022,2022-Q1,51+,True
4Sav8RLaXMBpTZX6xNPj0K,Try Again,JAEHYUN,2017-11-24,KR,2022,2022-Q1,51+,True
3jHg6QE70y2FTdnsxSrCbv,GingaMingaYo (the strange world),Billlie,2022-02-23,KR,2022,2022-Q1,51+,True
3LEgGAl9zLcQWGTp7ptqtQ,Don’t Wake Me Up,Jonas Blue,2022-01-07,KR,2022,2022-Q1,51+,True
5nfb7IPrj9awskmLFSykWr,Timeless,SG Wannabe,2004-01-19,KR,2022,2022-Q1,51+,True
37rnSr2ZCkzqmoUqGQtn4q,Christmas Tree - Inst.,V,2021-12-24,KR,2022,2022-Q1,51+,True
08xMOoUaMWWlNStVUdBTBC,Because,ASH ISLAND,2022-01-25,KR,2022,2022-Q1,51+,True
2MJz8BxxMsERULatmBikDH,At My Worst,Pink Sweat$,2021-02-12,KR,2022,2022-Q1,51+,True
6xGruZOHLs39ZbVccQTuPZ,Glimpse of Us,Joji,2022-06-10,KR,2022,2022-Q2,1-10,True
3AVXwaOGCEL8cmBecfcsFJ,Light Switch,Charlie Puth,2022-01-19,KR,2022,2022-Q2,1-10,True
5oH4DQAuu1J1800RzUsBWa,That That (prod. & feat. SUGA of BTS),PSY,2022-04-29,KR,2022,2022-Q2,1-10,True
4Dvkj6JhhA12EX05fT7y2e,As It Was,Harry Styles,2022-05-20,KR,2022,2022-Q2,1-10,True
1m2PksrrMpIev63uPxT1V0,O.O,NMIXX,2022-02-22,KR,2022,2022-Q2,1-10,True
1qEmFfgcLObUfQm0j1W2CK,Late Night Talking,Harry Styles,2022-05-20,KR,2022,2022-Q2,1-10,True
7n2FZQsaLb7ZRfRPfEeIvr,ELEVEN,IVE,2021-12-01,KR,2022,2022-Q2,1-10,True
5quFr5s5PXYfUX5jV2EBZ1,GANADARA (Feat. IU),Jay Park,2022-03-11,KR,2022,2022-Q2,1-10,True
2gzhQaCTeNgxpeB2TPllyY,With you,Jimin,2022-04-24,KR,2022,2022-Q2,1-10,True
0CatzXH85XWyBqqdB6qPMB,Beatbox,NCT DREAM,2022-05-30,KR,2022,2022-Q2,1-10,True
02MWAaffLxlfxAUY7c5dvx,Heat Waves,Glass Animals,2020-08-06,KR,2022,2022-Q2,11-20,True
3oiMjDZ1bShIpFfOQf55IW,LOVE me,BE'O,2022-04-12,KR,2022,2022-Q2,11-20,True
2jidjmWNeRmKgLjXhW52Gz,"Our Blues, Our Life",Lim Young Woong,2022-05-02,KR,2022,2022-Q2,11-20,True
0ono6UCNVZ1XqOm6j78Blu,Filter,BTS,2020-02-21,KR,2022,2022-Q2,11-20,True
4fouWK6XVHhzl78KzQ1UjL,abcdefu,GAYLE,2021-08-13,KR,2022,2022-Q2,11-20,True
2SLwbpExuoBDZBpjfefCtV,Out of Time,The Weeknd,2022-01-06,KR,2022,2022-Q2,11-20,True
7BDHDiidJ8WV349p3HTxTV,MANIAC,Stray Kids,2022-03-18,KR,2022,2022-Q2,11-20,True
32vE1nuG8T9c8bhmZdRY6d,Cooped Up,Post Malone,2022-06-03,KR,2022,2022-Q2,11-20,True
186NCtNk1tUYS7c2DxgJ7O,Christmas Tree,V,2021-12-24,KR,2022,2022-Q2,11-20,True
2FeBslNBMdR9V58uv6hd2t,N95,Kendrick Lamar,2022-05-13,KR,2022,2022-Q2,11-20,True
2g0LdZQce9xlcHb1mBJyuz,strawberry moon,IU,2021-10-19,KR,2022,2022-Q2,21-50,True
00Blm7zeNqgYLPtW6zg8cj,One Right Now,Post Malone,2021-11-05,KR,2022,2022-Q2,21-50,True
5OiD0uUNxZkSyG3opReDlx,Don′t do That,Leellamarz,2022-05-20,KR,2022,2022-Q2,21-50,True
0UnOf7i44YK0ULpkEGHe4R,Dear my X,KyoungSeo,2022-04-24,KR,2022,2022-Q2,21-50,True
5zyZM1EiSqrniyqtprwxpv,Falling Back,Drake,2022-06-16,KR,2022,2022-Q2,21-50,True
2DB4DdfCFMw1iaR6JaR03a,Bam Bam,Camila Cabello,2022-04-07,KR,2022,2022-Q2,21-50,True
1HhNoOuqm1a5MXYEgAFl8o,Enemy,Imagine Dragons,2021-09-03,KR,2022,2022-Q2,21-50,True
3rmo8F54jFF8OgYsqTxm5d,Bad Habits,Ed Sheeran,2021-10-25,KR,2022,2022-Q2,21-50,True
51Zw1cKDgkad0CXv23HCMU,Daylight,Harry Styles,2022-05-20,KR,2022,2022-Q2,21-50,True
1IvOxLYTstsq5Z6pN3l3zm,Loving You,Lim Young Woong,2022-05-02,KR,2022,2022-Q2,21-50,True
0RGUIOZtmOXTWOy5EjvQbP,Paris in the Rain,Lauv,2017-11-17,KR,2022,2022-Q2,51+,True
7BpqydHSxMviDR0DNTne6J,Yours,Conan Gray,2022-05-19,KR,2022,2022-Q2,51+,True
1XlSkQeITGEv8r6HIZfpfX,I hate you,WOODZ,2022-05-04,KR,2022,2022-Q2,51+,True
4ShxDU7CHNQVi2wwgSdqfF,Loving You Girl,Peder Elias,2021-05-14,KR,2022,2022-Q2,51+,True
13sAZcJP2b6D6Qjck3Ixc3,니가 왜 거기서 나와 (Narr. 고은아),YOUNGTAK,2018-10-21,KR,2022,2022-Q2,51+,True
6kYGOFNUMxpab09L5Ukoke,Rich Spirit,Kendrick Lamar,2022-05-13,KR,2022,2022-Q2,51+,True
6SpPr7K4YQ2wp8jU6uOTmQ,Queendom,Red Velvet,2021-08-16,KR,2022,2022-Q2,51+,True
44QDTpkTR3eLLfXEKTjyul,Free,Xydo,2022-03-20,KR,2022,2022-Q2,51+,True
4h4QlmocP3IuwYEj2j14p8,Sunroof,Nicky Youre,2021-12-03,KR,2022,2022-Q2,51+,True
4T9hw59r85ZkesNoYWQIJg,Arcade,NCT DREAM,2022-03-28,KR,2022,2022-Q2,51+,True
5zwwW9Oq7ubSxoCGyW1nbY,Pink Venom,BLACKPINK,2022-09-15,KR,2022,2022-Q3,1-10,True
2gYj9lubBorOPIVWsTXugG,After LIKE,IVE,2022-08-22,KR,2022,2022-Q3,1-10,True
5expoVGQPvXuwBBFuNGqBd,Hurt,NewJeans,2022-08-01,KR,2022,2022-Q3,1-10,True
396FqjKmViUZ92Wmm4rx3i,Illusion,aespa,2022-07-08,KR,2022,2022-Q3,1-10,True
1nX1b7kRg5a6XKAq7uQOpr,SNEAKERS,ITZY,2022-07-15,KR,2022,2022-Q3,1-10,True
1oen3GpTcA486fTHaT7neg,FOREVER 1,Girls' Generation,2022-08-05,KR,2022,2022-Q3,1-10,True
7GARzfC1mwhDuk4t9WOACq,MORE,j-hope,2022-07-15,KR,2022,2022-Q3,1-10,True
5mdWIwsJAzR97ShGkt8gcR,New thing (Prod. ZICO) (Feat. Homies),ZICO,2022-09-06,KR,2022,2022-Q3,1-10,True
2DwUdMJ5uxv20EhAildreg,Cookie,NewJeans,2022-08-01,KR,2022,2022-Q3,1-10,True
0HsRZwZzHoZ5AM5W2ZYI5c,Beyond Love (Feat. 10CM),BIG Naughty,2022-04-20,KR,2022,2022-Q3,1-10,True
0CB3B5ir8I2KbB3dkGVtWF,At That Moment,WSG WANNBE (Gaya-G),2022-07-09,KR,2022,2022-Q3,11-20,True
0O6u0VJ46W86TxN9wgyqDj,I Like You (A Happier Song),Post Malone,2022-06-03,KR,2022,2022-Q3,11-20,True
2QWEMqQMJR1KDf6hDjJOs6,Arson,j-hope,2022-07-15,KR,2022,2022-Q3,11-20,True
6C734SmqoIYuRWo2qSCnpC,DICE,NMIXX,2022-09-19,KR,2022,2022-Q3,11-20,True
69xohKu8C1fsflYAiSNbwM,Run BTS,BTS,2022-06-10,KR,2022,2022-Q3,11-20,True
50xSycnGMDy0Wg5jJcOv3S,Rainbow,Lim Young Woong,2022-05-02,KR,2022,2022-Q3,11-20,True
2lsRp40mCRkhqULWdMbOzn,I Love You,Lim Young Woong,2022-05-02,KR,2022,2022-Q3,11-20,True
2mgzUVvDpb1zMSB4glLQ6T,Life's Too Short - English Version,aespa,2022-06-24,KR,2022,2022-Q3,11-20,True
0bYVPJvXr8ACmw313cVvhB,Tally,BLACKPINK,2022-09-16,KR,2022,2022-Q3,11-20,True
7AdGloF1UHKe1vAZPbqIXH,The Happiest Girl,BLACKPINK,2022-09-15,KR,2022,2022-Q3,11-20,True
00I41xsW6SunZDJ5fB8KAd,Safety Zone,j-hope,2022-07-15,KR,2022,2022-Q3,21-50,True
0Puudh380z6cOCgMaTNm7h,Future,j-hope,2022-07-15,KR,2022,2022-Q3,21-50,True
4saklk6nie3yiGePpBwUoc,Dynamite,BTS,2020-11-20,KR,2022,2022-Q3,21-50,True
3TSLqZssCoCdDlMhCJ08XW,Still Life,BIGBANG,2022-04-05,KR,2022,2022-Q3,21-50,True
1XIIvx9S19CZVc7eow7EX7,STOP,j-hope,2022-07-15,KR,2022,2022-Q3,21-50,True
775S83AMYbQc8SYteOktTL,Gradation,10CM,2022-07-03,KR,2022,2022-Q3,21-50,True
3oiMjDZ1bShIpFfOQf55IW,LOVE me,BE'O,2022-04-12,KR,2022,2022-Q3,21-50,True
5PjdY0CKGZdEuoNab3yDmX,Stay,The Kid LAROI,2021-07-23,KR,2022,2022-Q3,21-50,True
1WKLxJpDqkQ9x1qEDNutoX,2 Baddies,NCT 127,2022-09-16,KR,2022,2022-Q3,21-50,True
4FKmrrI6y8REWoCyV5tAhY,Just 10 centimeters,10CM,2022-09-25,KR,2022,2022-Q3,21-50,True
1oFAF1hdPOickyHgbuRjyX,Save Your Tears (Remix),The Weeknd,2020-03-20,KR,2022,2022-Q3,51+,True
19Hg1UCZaCdpHB37L7x63X,EVERYTHING,The Black Skirts,2017-05-30,KR,2022,2022-Q3,51+,True
0Hj4YtlD0Q5O0srdZxJUtl,Gold Dust,NCT 127,2022-09-16,KR,2022,2022-Q3,51+,True
1w2hClDL1xH4FPZIipZ1FJ,I Guess I Loved You,Yoon Do Hyun,2005-01-01,KR,2022,2022-Q3,51+,True
3scRk3rUGIwpCg9kMNrtEQ,Amor,Baek A,2018-10-11,KR,2022,2022-Q3,51+,True
2mqTtvbKxH7SoEQ2oGAnsA,CHURCH GIRL,Beyoncé,2022-07-29,KR,2022,2022-Q3,51+,True
5pyoxDZ1PX0KxBxiRVxA4U,BREAK MY SOUL,Beyoncé,2022-07-29,KR,2022,2022-Q3,51+,True
7IuuFQShxmy7zMZ3vZvMFj,Day & Night,Lee Young Ji,2021-10-29,KR,2022,2022-Q3,51+,True
3WBRfkOozHEsG0hbrBzwlm,Everything Goes On,Porter Robinson,2022-07-14,KR,2022,2022-Q3,51+,True
5zFglKYiknIxks8geR8rcL,Beautiful Mistakes,Maroon 5,2021-06-11,KR,2022,2022-Q3,51+,True
0Q5VnK2DYzRyfqQRJuUtvi,LOVE DIVE,IVE,2022-04-05,KR,2022,2022-Q4,1-10,True
5Odq8ohlgIbQKMZivbWkEo,Left and Right (Feat. Jung Kook of BTS),Charlie Puth,2022-10-06,KR,2022,2022-Q4,1-10,True
2pIUpMhHL6L9Z5lnKxJJr9,Attention,NewJeans,2022-08-01,KR,2022,2022-Q4,1-10,True
0V3wPSX9ygBnCm8psDIegu,Anti-Hero,Taylor Swift,2022-10-21,KR,2022,2022-Q4,1-10,True
5aucVLKiumD89mxVCB4zvS,Rush Hour (Feat. j-hope of BTS),Crush,2022-09-22,KR,2022,2022-Q4,1-10,True
27bIik73QCu8Xzt3xpG1bI,Candy,NCT DREAM,2022-12-16,KR,2022,2022-Q4,1-10,True
6RBziRcDeiho3iTPdtEeg9,Event Horizon,Younha,2022-03-30,KR,2022,2022-Q4,1-10,True
3r8RuvgbX9s7ammBn07D3W,Ditto,NewJeans,2022-12-19,KR,2022,2022-Q4,1-10,True
0h7QMc9ZRzA9QJrbEHytn2,The Astronaut,Jin,2022-10-28,KR,2022,2022-Q4,1-10,True
1RDvyOk4WtPCtoqciJwVn8,Dreamers [Music from the FIFA World Cup Qatar 2022 Official Soundtrack],Jung Kook,2022-11-20,KR,2022,2022-Q4,1-10,True
1oen3GpTcA486fTHaT7neg,FOREVER 1,Girls' Generation,2022-08-05,KR,2022,2022-Q4,11-20,True
3khEEPRyBeOUabbmOPJzAG,KICK BACK,Kenshi Yonezu,2022-10-12,KR,2022,2022-Q4,11-20,True
20JkEhlKCrKtzORT5qDdWE,"EYE (Feat. BIG Naughty, JUSTHIS) (Prod. R.Tee)",DON MALIK,2022-12-17,KR,2022,2022-Q4,11-20,True
5expoVGQPvXuwBBFuNGqBd,Hurt,NewJeans,2022-08-01,KR,2022,2022-Q4,11-20,True
07trPhWMgiagFnSOlmpzl0,Complex (Feat. ZICO),BE'O,2022-09-29,KR,2022,2022-Q4,11-20,True
35ytd9cmG15jXG0RKWC9p4,Graduation,NCT DREAM,2022-12-16,KR,2022,2022-Q4,11-20,True
3wEr5lmE7oaC3qhCbJTY8B,Hectic,RM,2022-12-02,KR,2022,2022-Q4,11-20,True
4FKmrrI6y8REWoCyV5tAhY,Just 10 centimeters,10CM,2022-09-25,KR,2022,2022-Q4,11-20,True
3XKI5295qhFbwNesz3ollU,Forg_tful,RM,2022-12-02,KR,2022,2022-Q4,11-20,True
6C734SmqoIYuRWo2qSCnpC,DICE,NMIXX,2022-09-19,KR,2022,2022-Q4,11-20,True
2KLwPaRDOB87XOYAT2fgxh,Pussy & Millions,Drake,2022-11-04,KR,2022,2022-Q4,21-50,True
0HYAsQwJIO6FLqpyTeD3l6,死ぬのがいいわ,Fujii Kaze,2020-05-20,KR,2022,2022-Q4,21-50,True
1sZBzYhrQG40zcSuKkI93c,Good Parts (when the quality is bad but I am),LE SSERAFIM,2022-10-17,KR,2022,2022-Q4,21-50,True
2RLdkXSaiQjRbey5pvP8Kt,If We Ever Meet Again,Lim Young Woong,2022-05-02,KR,2022,2022-Q4,21-50,True
1dfsPqH09vnzUWEOsN98Ex,28 Reasons,SEULGI,2022-10-04,KR,2022,2022-Q4,21-50,True
2FRnf9qhLbvw8fu4IBXx78,Last Christmas,Wham!,1984-11-29,KR,2022,2022-Q4,21-50,True
0o9zmvc5f3EFApU52PPIyW,Shinunoga E-Wa,Fujii Kaze,2020-05-20,KR,2022,2022-Q4,21-50,True
3rWDp9tBPQR9z6U5YyRSK4,Midnight Rain,Taylor Swift,2022-10-21,KR,2022,2022-Q4,21-50,True
0O6u0VJ46W86TxN9wgyqDj,I Like You (A Happier Song),Post Malone,2022-06-03,KR,2022,2022-Q4,21-50,True
10qiH1RJkexhTUuN562FsP,Braindead,Sion,2022-09-13,KR,2022,2022-Q4,21-50,True
078fJxqEUz0LvbHSM6AoXJ,SUPER BOARD,Stray Kids,2022-10-07,KR,2022,2022-Q4,51+,True
77khP2fIVhSW23NwxrRluh,A Holly Jolly Christmas - Single Version,Burl Ives,1965-10-01,KR,2022,2022-Q4,51+,True
3gFcGnU4kTdMYLXDjH1TK8,RUN2U,STAYC,2022-02-21,KR,2022,2022-Q4,51+,True
5k1A6F2kRnr6XkYKpVt7V0,Boys Like You,ITZY,2022-10-21,KR,2022,2022-Q4,51+,True
6MCjmGYlw6mQVWRFVgBRvB,夜に駆ける,YOASOBI,2021-01-06,KR,2022,2022-Q4,51+,True
53qayme5jMFwTb3fF84uv6,Celebrate,Red Velvet,2022-11-28,KR,2022,2022-Q4,51+,True
2O3MQ6H3gjrIWDcpeTrikT,"Santa, Can’t You Hear Me",Kelly Clarkson,2021-10-15,KR,2022,2022-Q4,51+,True
1qEmFfgcLObUfQm0j1W2CK,Late Night Talking,Harry Styles,2022-05-20,KR,2022,2022-Q4,51+,True
2ZL7WZcjuYKi1KUDtp4kCC,Spin Bout U,Drake,2022-11-04,KR,2022,2022-Q4,51+,True
0wavGRldH0AWyu2zvTz8zb,Sweet Nothing,Taylor Swift,2022-10-21,KR,2022,2022-Q4,51+,True
2pIUpMhHL6L9Z5lnKxJJr9,Attention,NewJeans,2022-08-01,KR,2023,2023-Q1,1-10,True
5Hfnps0jaWFpYg55WOPexG,Alone,Jimin,2023-03-24,KR,2023,2023-Q1,1-10,True
0a4MMyCrzT0En247IhqZbD,Hype Boy,NewJeans,2022-08-01,KR,2023,2023-Q1,1-10,True
7foeH2Emgq8A3LWk3q6dat,Kitsch,IVE,2023-04-10,KR,2023,2023-Q1,1-10,True
3r8RuvgbX9s7ammBn07D3W,Ditto,NewJeans,2022-12-19,KR,2023,2023-Q1,1-10,True
3OdIiWnYRHPYtC313Z0Bwy,Face-off,Jimin,2023-03-24,KR,2023,2023-Q1,1-10,True
4fsQ0K37TOXa3hEQfjEic1,ANTIFRAGILE,LE SSERAFIM,2022-10-17,KR,2023,2023-Q1,1-10,True
0rhI6gvOeCKA502RdJAbfs,Sugar Rush Ride,TOMORROW X TOGETHER,2023-01-27,KR,2023,2023-Q1,1-10,True
7eBpUuPnDTfbeP1P4P93CS,Fighting (Feat. Lee Young Ji),BSS,2023-02-06,KR,2023,2023-Q1,1-10,True
2RUcwyW74Sv4VracHFrKdh,Promise,Jimin,2018-12-31,KR,2023,2023-Q1,1-10,True
0Q5VnK2DYzRyfqQRJuUtvi,LOVE DIVE,IVE,2022-04-05,KR,2023,2023-Q1,11-20,True
6dgUya35uo964z7GZXM07g,Nonsense,Sabrina Carpenter,2022-07-15,KR,2023,2023-Q1,11-20,True
6NnCWIWV740gP7DQ8kqdIE,Nxde,i-dle,2022-10-17,KR,2023,2023-Q1,11-20,True
296nXCOv97WJNRWzIBQnoj,FEARLESS,LE SSERAFIM,2022-05-02,KR,2023,2023-Q1,11-20,True
3XfngyuVjltVRHSsLjrCRO,MY WAY (Prod. R.Tee),저스디스 (JUSTHIS),2022-12-03,KR,2023,2023-Q1,11-20,True
2qg2jy3v50RwfV5FAqG3a2,Interlude : Dive,Jimin,2023-03-24,KR,2023,2023-Q1,11-20,True
3nqQXoyQOWXiESFLlDF1hG,Unholy,Sam Smith,2022-09-22,KR,2023,2023-Q1,11-20,True
2RLdkXSaiQjRbey5pvP8Kt,If We Ever Meet Again,Lim Young Woong,2022-05-02,KR,2023,2023-Q1,11-20,True
6zjk7Qbwb9DZ4ykUUoqknh,第ゼロ感,10-FEET,2022-12-14,KR,2023,2023-Q1,11-20,True
6auT8cRBu3BgPRBrdVBY15,London Boy,Lim Young Woong,2022-11-15,KR,2023,2023-Q1,11-20,True
6C734SmqoIYuRWo2qSCnpC,DICE,NMIXX,2022-09-19,KR,2023,2023-Q1,21-50,True
7F0MuIk5glqtowCUjbn9es,Impurities,LE SSERAFIM,2022-10-17,KR,2023,2023-Q1,21-50,True
04TshWXkhV1qkqHzf31Hn6,Lemon,Kenshi Yonezu,2020-08-05,KR,2023,2023-Q1,21-50,True
5YSkDxmHvzSDWTu4MaEtfa,Smoke Sprite,So!YoON!,2023-03-14,KR,2023,2023-Q1,21-50,True
0S2GNnqAHC96zqB8ZIcxg4,Fxxxnds (Feat. Kim Min Seok of MeloMance),BIG Naughty,2023-01-29,KR,2023,2023-Q1,21-50,True
4JK1kDUdH9RTBQrrSO1QfR,ベテルギウス,Yuuri,2022-01-12,KR,2023,2023-Q1,21-50,True
1F6qqwgyBjcIMzen8RrOXQ,Beautiful Liar,MONSTA X,2023-01-09,KR,2023,2023-Q1,21-50,True
10SRMwb9EuVS1K9rYsBfHQ,Yet To Come,BTS,2022-06-10,KR,2023,2023-Q1,21-50,True
396FqjKmViUZ92Wmm4rx3i,Illusion,aespa,2022-07-08,KR,2023,2023-Q1,21-50,True
7n2FZQsaLb7ZRfRPfEeIvr,ELEVEN,IVE,2021-12-01,KR,2023,2023-Q1,21-50,True
4FKmrrI6y8REWoCyV5tAhY,Just 10 centimeters,10CM,2022-09-25,KR,2023,2023-Q1,51+,True
06KyNuuMOX1ROXRhj787tj,We Don't Talk Anymore,Charlie Puth,2016-01-29,KR,2023,2023-Q1,51+,True
4eFTh1opLS5wANDmZK9ghC,Cherry Blossom Ending,Busker Busker,2012-03-29,KR,2023,2023-Q1,51+,True
1jIMjbzcGCcCQn5iMu9CUc,That's Hilarious,Charlie Puth,2022-04-08,KR,2023,2023-Q1,51+,True
38DlSDrx9tgc5Gfq6y3aBa,MOONLIGHT SUNRISE,TWICE,2023-01-20,KR,2023,2023-Q1,51+,True
54ipXppHLA8U4yqpOFTUhr,Bones,Imagine Dragons,2022-07-01,KR,2023,2023-Q1,51+,True
5mHdCZtVyb4DcJw8799hZp,Escapism.,RAYE,2023-02-03,KR,2023,2023-Q1,51+,True
7w05lsU2VLSeiT8Nukrv5M,Friends,BTS,2020-02-21,KR,2023,2023-Q1,51+,True
0Hy3JNYKAJu4ttcyQHzzYA,Big world,Yerin Baek,2023-01-01,KR,2023,2023-Q1,51+,True
3DO8WRX72c1Z5hduVL1Nd5,선을 그어 주던가,1415,2017-04-21,KR,2023,2023-Q1,51+,True
3Ua0m0YmEjrMi9XErKcNiR,Like Crazy,Jimin,2023-03-24,KR,2023,2023-Q2,1-10,True
5Hfnps0jaWFpYg55WOPexG,Alone,Jimin,2023-03-24,KR,2023,2023-Q2,1-10,True
0a4MMyCrzT0En247IhqZbD,Hype Boy,NewJeans,2022-08-01,KR,2023,2023-Q2,1-10,True
7foeH2Emgq8A3LWk3q6dat,Kitsch,IVE,2023-04-10,KR,2023,2023-Q2,1-10,True
4QhnNyKDsAkXPwHkSnuc89,"Eve, Psyche & The Bluebeard’s wife",LE SSERAFIM,2023-05-01,KR,2023,2023-Q2,1-10,True
3r8RuvgbX9s7ammBn07D3W,Ditto,NewJeans,2022-12-19,KR,2023,2023-Q2,1-10,True
4uOBL4DDWWVx4RhYKlPbPC,Queencard,i-dle,2023-05-15,KR,2023,2023-Q2,1-10,True
0u8rZGtXJrLtiSe34FPjGG,Like Crazy (English Version),Jimin,2023-03-24,KR,2023,2023-Q2,1-10,True
7FbrGaHYVDmfr7KoLIZnQ7,Cupid - Twin Ver.,FIFTY FIFTY,2023-02-24,KR,2023,2023-Q2,1-10,True
2yjeXq5ahx6UUg2rHaUe6X,Angel Pt. 2,JVKE,2023-05-18,KR,2023,2023-Q2,1-10,True
0N8Xztr4pBHJ7V0moJWhbO,愛を伝えたいだとか,Aimyon,2017-09-12,KR,2023,2023-Q2,11-20,True
28a0aMV1OKoyNiCJuNsWrY,That’s Not How This Works,Charlie Puth,2023-03-31,KR,2023,2023-Q2,11-20,True
3gmn76fCtpDazGMnN0QMHX,NIGHT DANCER,imase,2022-11-09,KR,2023,2023-Q2,11-20,True
6auT8cRBu3BgPRBrdVBY15,London Boy,Lim Young Woong,2022-11-15,KR,2023,2023-Q2,11-20,True
5HrIcZOo1DysX53qDRlRnt,Shoong!,TAEYANG,2023-04-25,KR,2023,2023-Q2,11-20,True
6R5fYCySNHrqo4Og6O1ppn,Steal The Show,Lauv,2023-06-02,KR,2023,2023-Q2,11-20,True
4IJsVXbSeGPUrgwpVoHmlg,The Planet,BTS,2023-05-12,KR,2023,2023-Q2,11-20,True
5Odq8ohlgIbQKMZivbWkEo,Left and Right (Feat. Jung Kook of BTS),Charlie Puth,2022-10-06,KR,2023,2023-Q2,11-20,True
2YXswOX5aKv6OHRKUcAMLQ,All Eyes On Me,JISOO,2023-03-31,KR,2023,2023-Q2,11-20,True
4WUpMUjdoi47LY7gBQBXe3,Grain of Sand,Lim Young Woong,2023-06-05,KR,2023,2023-Q2,11-20,True
0Q5VnK2DYzRyfqQRJuUtvi,LOVE DIVE,IVE,2022-04-05,KR,2023,2023-Q2,21-50,True
1E14FuM0BRaHAJSJ9YxMVu,A Psalm of Life,Lim Young Woong,2022-05-02,KR,2023,2023-Q2,21-50,True
4F0ft3ZDmIN7xz4HxYW7y0,keep our love alive,Akame,2023-04-10,KR,2023,2023-Q2,21-50,True
2RUcwyW74Sv4VracHFrKdh,Promise,Jimin,2018-12-31,KR,2023,2023-Q2,21-50,True
4kSDi21MeOoSvpZs6MveI9,Teddy Bear,STAYC,2023-02-14,KR,2023,2023-Q2,21-50,True
7mpdNiaQvygj2rHoxkzMfa,Bite Me,ENHYPEN,2023-05-22,KR,2023,2023-Q2,21-50,True
3l6LBCOL9nPsSY29TUY2VE,Lilith,Halsey,2023-06-05,KR,2023,2023-Q2,21-50,True
4K8jDTlNhZWEdnzZVGRMtN,FEARLESS (2023 Ver.),LE SSERAFIM,2023-05-01,KR,2023,2023-Q2,21-50,True
6D90VTeGEWYX5AkAtjHZh1,Like Crazy (Deep House Remix),Jimin,2023-03-26,KR,2023,2023-Q2,21-50,True
2RLdkXSaiQjRbey5pvP8Kt,If We Ever Meet Again,Lim Young Woong,2022-05-02,KR,2023,2023-Q2,21-50,True
3T03rPwlL8NVk1yIaxeD8U,Off My Face,Justin Bieber,2021-03-19,KR,2023,2023-Q2,51+,True
3bUD1FmJClHcD0U7rIN0TR,"Romance Symphony (Feat. CHANGMO, Jay Park)",BIG Naughty,2022-06-09,KR,2023,2023-Q2,51+,True
7tOsgOjrzBVQqyaMDBlZV8,Oort Cloud,Younha,2021-11-16,KR,2023,2023-Q2,51+,True
6iirdwpyu2Ohg3iVdu4vXl,Kiss,NCT DOJAEJUNG,2023-04-17,KR,2023,2023-Q2,51+,True
1sZBzYhrQG40zcSuKkI93c,Good Parts (when the quality is bad but I am),LE SSERAFIM,2022-10-17,KR,2023,2023-Q2,51+,True
7fcZk7OXeFWD7DWybltVVf,Be Who You Are (Real Magic),Jon Batiste,2023-05-31,KR,2023,2023-Q2,51+,True
5aucVLKiumD89mxVCB4zvS,Rush Hour (Feat. j-hope of BTS),Crush,2022-09-22,KR,2023,2023-Q2,51+,True
6WY4wvlmgccWapnIg14Vy0,Merry Christmas Mr. Lawrence,Ryuichi Sakamoto,1996-01-01,KR,2023,2023-Q2,51+,True
0CrcwVLUe8wzLUIXgjXVZJ,Kill Bill,SZA,2023-04-14,KR,2023,2023-Q2,51+,True
36jIu8oPR1Z4cguMuHxUXA,TATTOO,OFFICIAL HIGE DANDISM,2023-04-21,KR,2023,2023-Q2,51+,True
5Odq8ohlgIbQKMZivbWkEo,Left and Right (Feat. Jung Kook of BTS),Charlie Puth,2022-10-06,KR,2023,2023-Q3,1-10,True
3OdIiWnYRHPYtC313Z0Bwy,Face-off,Jimin,2023-03-24,KR,2023,2023-Q3,1-10,True
02wk5BttM0QL38ERjLPQJB,Cool With You,NewJeans,2023-07-21,KR,2023,2023-Q3,1-10,True
2qg2jy3v50RwfV5FAqG3a2,Interlude : Dive,Jimin,2023-03-24,KR,2023,2023-Q3,1-10,True
5h1BN75CEh8wdSwE1xrbSe,Slow Dancing,V,2023-09-08,KR,2023,2023-Q3,1-10,True
59hBR0BCtJsfIbV9VzCVAp,Set Me Free Pt.2,Jimin,2023-03-17,KR,2023,2023-Q3,1-10,True
0eFMbKCRw8KByXyWBw8WO7,Still With You,Jung Kook,2020-06-05,KR,2023,2023-Q3,1-10,True
5Hfnps0jaWFpYg55WOPexG,Alone,Jimin,2023-03-24,KR,2023,2023-Q3,1-10,True
1wUnuiXMMvhudmzvcCtlZP,Get Up,NewJeans,2023-07-21,KR,2023,2023-Q3,1-10,True
0u8rZGtXJrLtiSe34FPjGG,Like Crazy (English Version),Jimin,2023-03-24,KR,2023,2023-Q3,1-10,True
0a4MMyCrzT0En247IhqZbD,Hype Boy,NewJeans,2022-08-01,KR,2023,2023-Q3,11-20,True
7jzOZuWgZ5gaMet9V5Ix1d,Fast Forward,JEON SOMI,2023-08-07,KR,2023,2023-Q3,11-20,True
65FftemJ1DbbZ45DUfHJXE,OMG,NewJeans,2023-01-02,KR,2023,2023-Q3,11-20,True
186NCtNk1tUYS7c2DxgJ7O,Christmas Tree,V,2021-12-24,KR,2023,2023-Q3,11-20,True
41JPN7pZMTp1sumBOHOzHd,People Pt.2,Agust D,2023-04-21,KR,2023,2023-Q3,11-20,True
2fiI6e0WxyZB3QnmRxYGPg,Vancouver 2,BIG Naughty,2023-09-19,KR,2023,2023-Q3,11-20,True
4WUpMUjdoi47LY7gBQBXe3,Grain of Sand,Lim Young Woong,2023-06-05,KR,2023,2023-Q3,11-20,True
1ULdASrNy5rurl1TZfFaMP,Spicy,aespa,2023-05-08,KR,2023,2023-Q3,11-20,True
7ovUcF5uHTBRzUpB6ZOmvt,アイドル,YOASOBI,2023-04-12,KR,2023,2023-Q3,11-20,True
6auT8cRBu3BgPRBrdVBY15,London Boy,Lim Young Woong,2022-11-15,KR,2023,2023-Q3,11-20,True
3jxFmvoG55Cwv0JJBzRPce,Either Way,IVE,2023-09-25,KR,2023,2023-Q3,21-50,True
6ePyl2ns4b7MVYhjsj32ZK,Intro: Singularity,BTS,2018-05-18,KR,2023,2023-Q3,21-50,True
3gmn76fCtpDazGMnN0QMHX,NIGHT DANCER,imase,2022-11-09,KR,2023,2023-Q3,21-50,True
748MqeDRJ401KBqwCn5zHB,Seven,Jung Kook,2023-08-25,KR,2023,2023-Q3,21-50,True
3AOf6YEpxQ894FmrwI9k96,Super,SEVENTEEN,2023-04-24,KR,2023,2023-Q3,21-50,True
5mg3VB3Qh7jcR5kAAC4DSV,Cupid,FIFTY FIFTY,2023-02-24,KR,2023,2023-Q3,21-50,True
1zAYWqTX6qyRCKe9KuCUx0,Seven,Jung Kook,2023-07-17,KR,2023,2023-Q3,21-50,True
2pIUpMhHL6L9Z5lnKxJJr9,Attention,NewJeans,2022-08-01,KR,2023,2023-Q3,21-50,True
11s5p72subU7SHJPzyR2Lq,Memories,RIIZE,2023-08-21,KR,2023,2023-Q3,21-50,True
3Dah48XTdzVtbIl4dUn6l4,Get A Guitar,RIIZE,2023-09-04,KR,2023,2023-Q3,21-50,True
5BqwC9kOBbqYkzdOKeXFFk,for lovers who hesitate,JANNABI,2019-03-13,KR,2023,2023-Q3,51+,True
3ISOK4T54v6O1g1AB8FiEK,INVITATION (Feat. Gaeko),JUNNY,2023-07-06,KR,2023,2023-Q3,51+,True
2lsRp40mCRkhqULWdMbOzn,I Love You,Lim Young Woong,2022-05-02,KR,2023,2023-Q3,51+,True
0Y9C5yhzY7Pa1AqjUFrizq,I don’t know a single thing (Feat. meenoi),Leellamarz,2023-09-13,KR,2023,2023-Q3,51+,True
0HsRZwZzHoZ5AM5W2ZYI5c,Beyond Love (Feat. 10CM),BIG Naughty,2022-04-20,KR,2023,2023-Q3,51+,True
3uXTRQ41tZ7xwGJ1NnKnUC,I remember,ASH ISLAND,2023-06-29,KR,2023,2023-Q3,51+,True
7kaFsQygyiCqRboWCXztxZ,Do It Like That,TOMORROW X TOGETHER,2023-07-07,KR,2023,2023-Q3,51+,True
12usPU2WnqgCHAW1EK2dfd,青のすみか,Tatsuya Kitani,2023-07-07,KR,2023,2023-Q3,51+,True
5PyDJG7SQRgWXefgexqIge,Agora Hills,Doja Cat,2023-09-20,KR,2023,2023-Q3,51+,True
3VQH9MYoFvxmXmWECnqdRg,Just One Day,Beenzino,2023-07-03,KR,2023,2023-Q3,51+,True
0k0GtcnyQLMiXrdEDbLXmJ,Please Don't Change,Jung Kook,2023-11-03,KR,2023,2023-Q4,1-10,True
5ydjxBSUIDn26MFzU3asP4,Rainy Days,V,2023-08-11,KR,2023,2023-Q4,1-10,True
5ONOlTiqymhzwcFjqcIT6E,Hate You,Jung Kook,2023-11-03,KR,2023,2023-Q4,1-10,True
0rKWJnmo6Q0ovoPOLoLm0t,TOO MUCH,The Kid LAROI,2023-10-19,KR,2023,2023-Q4,1-10,True
2tA3NP12r4niSRhb9Y6AoY,Polaroid,Lim Young Woong,2022-11-15,KR,2023,2023-Q4,1-10,True
2HRgqmZQC0MC7GeNuDIXHN,Seven,Jung Kook,2023-11-03,KR,2023,2023-Q4,1-10,True
3k6q0O9JnO2GhvD6C8fs20,Closer Than This,Jimin,2023-12-22,KR,2023,2023-Q4,1-10,True
210JJAa9nJOgNa0YNrsT5g,GODS,League of Legends,2023-10-04,KR,2023,2023-Q4,1-10,True
6auT8cRBu3BgPRBrdVBY15,London Boy,Lim Young Woong,2022-11-15,KR,2023,2023-Q4,1-10,True
5sdQOyqq2IDhvmx2lHOpwd,Super Shy,NewJeans,2023-07-07,KR,2023,2023-Q4,1-10,True
2jidjmWNeRmKgLjXhW52Gz,"Our Blues, Our Life",Lim Young Woong,2022-05-02,KR,2023,2023-Q4,11-20,True
56y1jOTK0XSvJzVv9vHQBK,Paint The Town Red,Doja Cat,2023-09-20,KR,2023,2023-Q4,11-20,True
01qFKNWq73UfEslI0GvumE,3D,Jung Kook,2023-10-02,KR,2023,2023-Q4,11-20,True
7pgbDdy7ax962o9d2xJceV,Slow Dancing (Piano Ver.),V,2023-09-08,KR,2023,2023-Q4,11-20,True
3OdIiWnYRHPYtC313Z0Bwy,Face-off,Jimin,2023-03-24,KR,2023,2023-Q4,11-20,True
2qg2jy3v50RwfV5FAqG3a2,Interlude : Dive,Jimin,2023-03-24,KR,2023,2023-Q4,11-20,True
4HAOgAnILvXCbSODMoRnmD,For Us,V,2023-09-08,KR,2023,2023-Q4,11-20,True
06Qo2fYR2KS1F7bL338iVT,Closer to You,Jung Kook,2023-11-03,KR,2023,2023-Q4,11-20,True
7aqsfFKqJFNa2umM4tTLdA,Baddie,IVE,2023-10-13,KR,2023,2023-Q4,11-20,True
1vvcEHQdaUTvWt0EIUYcFK,Angel Pt. 1,Kodak Black,2023-05-17,KR,2023,2023-Q4,11-20,True
1IvOxLYTstsq5Z6pN3l3zm,Loving You,Lim Young Woong,2022-05-02,KR,2023,2023-Q4,21-50,True
61AZsmFB3VoJdmraMk5ZSn,VIBE,TAEYANG,2023-01-13,KR,2023,2023-Q4,21-50,True
4Cr43xPo7bwyCcL1g3yVCu,A bientot,Lim Young Woong,2022-05-02,KR,2023,2023-Q4,21-50,True
79f5CcWzdkkDVD4XAIQgKr,LALALALA,Stray Kids,2023-11-10,KR,2023,2023-Q4,21-50,True
2UU11hvjN1JIn4iihEodNT,Blue,V,2023-09-08,KR,2023,2023-Q4,21-50,True
7uoFMmxln0GPXQ0AcCBXRq,Snowman,Sia,2018-11-01,KR,2023,2023-Q4,21-50,True
3nAp4IvdMPPWEH9uuXFFV5,Underneath the Tree,Kelly Clarkson,2013-10-25,KR,2023,2023-Q4,21-50,True
365znJ27Fb3faGsctmQYWR,Father,Lim Young Woong,2022-05-02,KR,2023,2023-Q4,21-50,True
4QhnNyKDsAkXPwHkSnuc89,"Eve, Psyche & The Bluebeard’s wife",LE SSERAFIM,2023-05-01,KR,2023,2023-Q4,21-50,True
2cEwQnP4284g37N6D7ETND,Talk Saxy,RIIZE,2023-10-27,KR,2023,2023-Q4,21-50,True
0hqj5JBnFt1BHEz2UCFwrl,"How can I love the heartbreak, you're the one I love",AKMU,2019-09-25,KR,2023,2023-Q4,51+,True
31jZYFQEtq0ud5y9fDN4cw,Slow Dancing (Cautious Clay Remix),V,2023-10-23,KR,2023,2023-Q4,51+,True
253P6uwLnelVQ6MdwXMIJk,Chili,HWASA,2023-10-04,KR,2023,2023-Q4,51+,True
5odlY52u43F5BjByhxg7wg,golden hour,JVKE,2022-09-23,KR,2023,2023-Q4,51+,True
5r3VFyq4KrdCeRNUDtGfJq,and you (Feat. ZICO),meenoi,2023-11-09,KR,2023,2023-Q4,51+,True
3TPvrMAd1hbPRXuHCRX0Pl,AEAO,Dynamicduo,2014-07-16,KR,2023,2023-Q4,51+,True
5nTemr4PG8L9jQoqxsZu6w,Knock Knock (Who's There?),Red Velvet,2023-11-13,KR,2023,2023-Q4,51+,True
1FTFDCKkVNGf0UCccm23LA,Home Alone,NCT 127,2023-12-22,KR,2023,2023-Q4,51+,True
7dTv6c4yQ4gBVFSC3fX0RH,One-Way,BIG Naughty,2023-11-23,KR,2023,2023-Q4,51+,True
7CAdT0HdiQNlt1C7xk2hep,Stay Alive (Prod. SUGA of BTS),Jung Kook,2022-02-11,KR,2023,2023-Q4,51+,True
3lwK3WyKAI5bUuGY1OgGbZ,Smart,LE SSERAFIM,2024-03-22,KR,2024,2024-Q1,1-10,True
59hBR0BCtJsfIbV9VzCVAp,Set Me Free Pt.2,Jimin,2023-03-17,KR,2024,2024-Q1,1-10,True
0aZG8KWrpRnsGL0loUkfSj,plot twist,TWS,2024-01-22,KR,2024,2024-Q1,1-10,True
6auT8cRBu3BgPRBrdVBY15,London Boy,Lim Young Woong,2022-11-15,KR,2024,2024-Q1,1-10,True
21ewxM3YvcdTj7cC0XwznO,Do or Die,Lim Young Woong,2023-10-09,KR,2024,2024-Q1,1-10,True
3k6q0O9JnO2GhvD6C8fs20,Closer Than This,Jimin,2023-12-22,KR,2024,2024-Q1,1-10,True
0paWX66K9n7sYR9AkKkyzB,Standing Next to You - Sped Up - Remix,Beat Record,2024-02-28,KR,2024,2024-Q1,1-10,True
0djkJ3iAARXRCbfbwwVc3o,Love wins all,IU,2024-01-24,KR,2024,2024-Q1,1-10,True
7M7d0e8Ue3Z7QieuZe72J9,Love 119,RIIZE,2024-01-05,KR,2024,2024-Q1,1-10,True
1aKvZDoLGkNMxoRYgkckZG,Magnetic,ILLIT,2024-03-25,KR,2024,2024-Q1,1-10,True
74X2u8JMVooG2QbjRxXwR8,Perfect Night,LE SSERAFIM,2023-10-27,KR,2024,2024-Q1,11-20,True
5XWlyfo0kZ8LF7VSyfS4Ew,Drama,aespa,2023-11-10,KR,2024,2024-Q1,11-20,True
0cGpKQ8RxxLOFqhktEURIj,wherever u r,UMI,2023-12-30,KR,2024,2024-Q1,11-20,True
5Hfnps0jaWFpYg55WOPexG,Alone,Jimin,2023-03-24,KR,2024,2024-Q1,11-20,True
2tA3NP12r4niSRhb9Y6AoY,Polaroid,Lim Young Woong,2022-11-15,KR,2024,2024-Q1,11-20,True
2RLdkXSaiQjRbey5pvP8Kt,If We Ever Meet Again,Lim Young Woong,2022-05-02,KR,2024,2024-Q1,11-20,True
2GquhrcHbl2zOnF5javAFp,Swan Song,LE SSERAFIM,2024-02-19,KR,2024,2024-Q1,11-20,True
7gaA3wERFkFkgivjwbSvkG,"yes, and?",Ariana Grande,2024-01-12,KR,2024,2024-Q1,11-20,True
2gyCwrOcC6JBoaJ8JGJ7T8,To. X,TAEYEON,2023-11-27,KR,2024,2024-Q1,11-20,True
3m5PgWSClkZ44vdFmPiqpq,"Yes or No (Feat. HUH YUNJIN of LE SSERAFIM, Crush)",GroovyRoom,2024-01-17,KR,2024,2024-Q1,11-20,True
2cEwQnP4284g37N6D7ETND,Talk Saxy,RIIZE,2023-10-27,KR,2024,2024-Q1,21-50,True
6G3myAs4HemIdtLYhhjGLP,FRI(END)S (Instrumental),V,2024-03-15,KR,2024,2024-Q1,21-50,True
65FftemJ1DbbZ45DUfHJXE,OMG,NewJeans,2023-01-02,KR,2024,2024-Q1,21-50,True
1c6kkrWnpy68eYDfBdxNtF,Shopper,IU,2024-02-20,KR,2024,2024-Q1,21-50,True
5qI5EUqfDJpQ7w6sMECK7U,Super Lady,i-dle,2024-01-29,KR,2024,2024-Q1,21-50,True
0kdqcbwei4MDWFEX5f33yG,Bling-Bang-Bang-Born,Creepy Nuts,2024-01-07,KR,2024,2024-Q1,21-50,True
2RoYgkPzUY0vY7lhUuyus1,DASH,NMIXX,2024-01-15,KR,2024,2024-Q1,21-50,True
6rdkCkjk6D12xRpdMXy0I2,New Jeans,NewJeans,2023-07-07,KR,2024,2024-Q1,21-50,True
0a4MMyCrzT0En247IhqZbD,Hype Boy,NewJeans,2022-08-01,KR,2024,2024-Q1,21-50,True
43u5DDtK4vQ1coWXb4S5a8,HERO,Lim Young Woong,2020-11-04,KR,2024,2024-Q1,21-50,True
0o3ua5ufFK7nfRzbDUNoGA,don't wanna break up again,Ariana Grande,2024-03-08,KR,2024,2024-Q1,51+,True
05STjz8kmPBUebu3uu5sO0,Nest,Lim Young Woong,2022-05-02,KR,2024,2024-Q1,51+,True
7KUb5GsTcXfpG0phkbL2mR,Let off steam,Leellamarz,2024-02-19,KR,2024,2024-Q1,51+,True
70t7Q6AYG6ZgTYmJWcnkUM,I AM,IVE,2023-04-10,KR,2024,2024-Q1,51+,True
7uRWaWF70gvKmLhpY3FuaJ,WISH - Korean Ver.,NCT WISH,2024-02-28,KR,2024,2024-Q1,51+,True
5b5cPscqVEMChvDqscVw26,Training Season,Dua Lipa,2024-05-03,KR,2024,2024-Q1,51+,True
6dgUya35uo964z7GZXM07g,Nonsense,Sabrina Carpenter,2022-07-15,KR,2024,2024-Q1,51+,True
7FbrGaHYVDmfr7KoLIZnQ7,Cupid - Twin Ver.,FIFTY FIFTY,2023-02-24,KR,2024,2024-Q1,51+,True
0LdpgzRupg6P511GEACdm2,The Power of Love,DAY6,2024-03-18,KR,2024,2024-Q1,51+,True
3AOf6YEpxQ894FmrwI9k96,Super,SEVENTEEN,2023-04-24,KR,2024,2024-Q1,51+,True
0u8rZGtXJrLtiSe34FPjGG,Like Crazy (English Version),Jimin,2023-03-24,KR,2024,2024-Q2,1-10,True
59hBR0BCtJsfIbV9VzCVAp,Set Me Free Pt.2,Jimin,2023-03-17,KR,2024,2024-Q2,1-10,True
4sgMbwl9lXGyHcHmtFYGMm,Supernova,aespa,2024-05-27,KR,2024,2024-Q2,1-10,True
0vaxYDAuAO1nPolC6bQp7V,Midas Touch,KISS OF LIFE,2024-04-03,KR,2024,2024-Q2,1-10,True
2O4Bb2WCkjlTPO827OnBMI,EASY,LE SSERAFIM,2024-02-19,KR,2024,2024-Q2,1-10,True
1aKvZDoLGkNMxoRYgkckZG,Magnetic,ILLIT,2024-03-25,KR,2024,2024-Q2,1-10,True
2vNPGH1x5ZwxTjlvzLCyc2,Fate,i-dle,2024-01-29,KR,2024,2024-Q2,1-10,True
1AtFSBJibfaqfiOByQCwZ5,Small girl,Lee Young Ji,2024-06-21,KR,2024,2024-Q2,1-10,True
5ocSQW5sIUIOFojwXEz9Ki,Supernatural,NewJeans,2024-06-21,KR,2024,2024-Q2,1-10,True
58Q3FZFs1YXPpliWQB5kXB,Right Now,NewJeans,2024-06-21,KR,2024,2024-Q2,1-10,True
0PBTlQ84CBJF0tBnKGmQa6,FRI(END)S,V,2024-03-15,KR,2024,2024-Q2,11-20,True
3vnaEaDxMKdBhqA1t0uAwl,Warmth,Lim Young Woong,2024-05-06,KR,2024,2024-Q2,11-20,True
2tA3NP12r4niSRhb9Y6AoY,Polaroid,Lim Young Woong,2022-11-15,KR,2024,2024-Q2,11-20,True
0aZG8KWrpRnsGL0loUkfSj,plot twist,TWS,2024-01-22,KR,2024,2024-Q2,11-20,True
4WUpMUjdoi47LY7gBQBXe3,Grain of Sand,Lim Young Woong,2023-06-05,KR,2024,2024-Q2,11-20,True
2N0SPREDYqILVEFSsWF5N5,Love Me Again,V,2023-08-11,KR,2024,2024-Q2,11-20,True
6auT8cRBu3BgPRBrdVBY15,London Boy,Lim Young Woong,2022-11-15,KR,2024,2024-Q2,11-20,True
3lc6BSosCqVoNddw1izHXj,Siren,RIIZE,2024-04-03,KR,2024,2024-Q2,11-20,True
2HRqTpkrJO5ggZyyK6NPWz,Espresso,Sabrina Carpenter,2024-08-23,KR,2024,2024-Q2,11-20,True
2J194R0KIKbK7bTHfUHPDB,Boom Boom Bass,RIIZE,2024-06-17,KR,2024,2024-Q2,11-20,True
2jaapqz7L9MpMf7vpkqU9I,Smoothie,NCT DREAM,2024-03-25,KR,2024,2024-Q2,21-50,True
5IZXB5IKAD2qlvTPJYDCFB,I Had Some Help (Feat. Morgan Wallen),Post Malone,2024-08-15,KR,2024,2024-Q2,21-50,True
6QqrxJe1iQxwLY6he6FLFo,Midnight Fiction,ILLIT,2024-03-25,KR,2024,2024-Q2,21-50,True
1Y5D7m2QtyBdvwvY3gAVNQ,Little Light,DOYOUNG,2024-04-22,KR,2024,2024-Q2,21-50,True
5XWlyfo0kZ8LF7VSyfS4Ew,Drama,aespa,2023-11-10,KR,2024,2024-Q2,21-50,True
0djkJ3iAARXRCbfbwwVc3o,Love wins all,IU,2024-01-24,KR,2024,2024-Q2,21-50,True
2gkVEnpahpE3bQuvGuCpAV,Yes or No,Jung Kook,2023-11-03,KR,2024,2024-Q2,21-50,True
7JxPQzxhJSsBBNu1D76ig2,JEALOUSYVALHALLA,YANGHONGWON,2024-05-24,KR,2024,2024-Q2,21-50,True
0a4MMyCrzT0En247IhqZbD,Hype Boy,NewJeans,2022-08-01,KR,2024,2024-Q2,21-50,True
3xkHsmpQCBMytMJNiDf3Ii,Beautiful Things,Benson Boone,2024-04-05,KR,2024,2024-Q2,21-50,True
0kdqcbwei4MDWFEX5f33yG,Bling-Bang-Bang-Born,Creepy Nuts,2024-01-07,KR,2024,2024-Q2,51+,True
3ZVFcD8Wlw9T9klGqmJf9F,Florida!!!,Taylor Swift,2024-04-18,KR,2024,2024-Q2,51+,True
5IY8i6WnkqvmRnIrF4lqDx,Taxi Blurr (Feat. NATTY of KISS OF LIFE),Jay Park,2024-05-28,KR,2024,2024-Q2,51+,True
3x6unDluyCL4v5AeGrAVGA,Balloon in Love,SUNMI,2024-06-13,KR,2024,2024-Q2,51+,True
7CyPwkp0oE8Ro9Dd5CUDjW,One Of The Girls,The Weeknd,2023-06-23,KR,2024,2024-Q2,51+,True
6jgUrLEivd4DaiYb1izJLF,Right Now (Instrumental),NewJeans,2024-06-21,KR,2024,2024-Q2,51+,True
2ftb45L7iXYwp0WoTEuslG,"Right People, Wrong Place",RM,2024-05-24,KR,2024,2024-Q2,51+,True
5VBjyOQzqlPNgdRPMM6prF,seasons,wave to earth,2020-08-04,KR,2024,2024-Q2,51+,True
7iabz12vAuVQYyekFIWJxD,BAND4BAND,Central Cee,2024-05-23,KR,2024,2024-Q2,51+,True
3ybJERCKs3Jf3aT7xU1Vs4,Live My Life,aespa,2024-05-27,KR,2024,2024-Q2,51+,True
01qFKNWq73UfEslI0GvumE,3D,Jung Kook,2023-10-02,KR,2024,2024-Q3,1-10,True
0u8rZGtXJrLtiSe34FPjGG,Like Crazy (English Version),Jimin,2023-03-24,KR,2024,2024-Q3,1-10,True
2HRgqmZQC0MC7GeNuDIXHN,Seven,Jung Kook,2023-11-03,KR,2024,2024-Q3,1-10,True
5ocSQW5sIUIOFojwXEz9Ki,Supernatural,NewJeans,2024-06-21,KR,2024,2024-Q3,1-10,True
45zLrK0668WQ5JFMyiYmCS,Interlude : Showtime,Jimin,2024-07-19,KR,2024,2024-Q3,1-10,True
4sgMbwl9lXGyHcHmtFYGMm,Supernova,aespa,2024-05-27,KR,2024,2024-Q3,1-10,True
3LWVXp636uLT356Rj08Jaz,Be Mine,Jimin,2024-07-19,KR,2024,2024-Q3,1-10,True
4gxEY3Mh5FZZDAJAKPNrCS,CRAZY,LE SSERAFIM,2024-09-02,KR,2024,2024-Q3,1-10,True
1AtFSBJibfaqfiOByQCwZ5,Small girl,Lee Young Ji,2024-06-21,KR,2024,2024-Q3,1-10,True
3d2bsbugow8JiNvuaRupFH,Slow Dance,Jimin,2024-07-19,KR,2024,2024-Q3,1-10,True
0T6J3Ipbe06lm7p3grH2bg,Melt Down,DAY6,2024-09-02,KR,2024,2024-Q3,11-20,True
19D8LNpWwIPpi6hs9BG7dq,Bubble Gum,NewJeans,2024-05-24,KR,2024,2024-Q3,11-20,True
2PlsVMcOn6ujc2UEYs2Yat,Home,Lim Young Woong,2024-05-06,KR,2024,2024-Q3,11-20,True
6oNLSQX8bcAdbCElZYju3v,Supersonic,fromis_9,2024-08-12,KR,2024,2024-Q3,11-20,True
6i8MbzVn4nzyjUcSoVcz7B,Armageddon,aespa,2024-05-27,KR,2024,2024-Q3,11-20,True
5LlUJ3HHI2dS0xowdMDXC5,MEOW,MEOVV,2024-09-06,KR,2024,2024-Q3,11-20,True
3Ua0m0YmEjrMi9XErKcNiR,Like Crazy,Jimin,2023-03-24,KR,2024,2024-Q3,11-20,True
3vnaEaDxMKdBhqA1t0uAwl,Warmth,Lim Young Woong,2024-05-06,KR,2024,2024-Q3,11-20,True
1YXot2MLAG9sttepCtBRM7,踊り子,Vaundy,2023-11-15,KR,2024,2024-Q3,11-20,True
7ov3TDp5D00Rnu5R1viX4w,New Woman,LISA,2024-08-15,KR,2024,2024-Q3,11-20,True
65FftemJ1DbbZ45DUfHJXE,OMG,NewJeans,2023-01-02,KR,2024,2024-Q3,21-50,True
74X2u8JMVooG2QbjRxXwR8,Perfect Night,LE SSERAFIM,2023-10-27,KR,2024,2024-Q3,21-50,True
0GqAWZe1A5ecKadZrHk6XH,Chk Chk Boom,Stray Kids,2024-07-19,KR,2024,2024-Q3,21-50,True
78ZYPq0f3afyzdYdpTOG9C,Walk,NCT 127,2024-07-15,KR,2024,2024-Q3,21-50,True
0UvCh63URrLFcPkKt99hHd,Don't Look Back in Anger - Remastered,Oasis,1995-10-02,KR,2024,2024-Q3,21-50,True
5XWlyfo0kZ8LF7VSyfS4Ew,Drama,aespa,2023-11-10,KR,2024,2024-Q3,21-50,True
1njlnn8ZKHI77Pe9szIONR,SHEESH,BABYMONSTER,2024-04-01,KR,2024,2024-Q3,21-50,True
1OhIn0L6iofnk5bjalWfHq,Sudden Shower,ECLIPSE,2024-04-08,KR,2024,2024-Q3,21-50,True
2cZOYofOX4d6g0OXxkaIjA,ALL RED,Playboi Carti,2024-09-13,KR,2024,2024-Q3,21-50,True
7vjfnsnDXZGK4PSq54ISjc,1-800-hot-n-fun,LE SSERAFIM,2024-08-30,KR,2024,2024-Q3,21-50,True
4mqfe9XrgEOSsofvq5MyjR,Heavenly fate,LEECHANGSUB,2024-02-21,KR,2024,2024-Q3,51+,True
3LUi9n9mMOR1eK3kle7oCe,Combo,RIIZE,2024-09-03,KR,2024,2024-Q3,51+,True
3lboRjzlrZ8tFxR0y59Yny,I Know,KEY,2024-09-23,KR,2024,2024-Q3,51+,True
5juCu4WFTFRZ2XilopAMTy,Bam Yang Gang,BIBI,2024-02-13,KR,2024,2024-Q3,51+,True
0vaxYDAuAO1nPolC6bQp7V,Midas Touch,KISS OF LIFE,2024-04-03,KR,2024,2024-Q3,51+,True
7bUezNEU1BnjkbYrG0KP2Y,Deja vu,TAEMIN,2024-08-19,KR,2024,2024-Q3,51+,True
3vkCueOmm7xQDoJ17W1Pm3,My Love Mine All Mine,Mitski,2023-09-15,KR,2024,2024-Q3,51+,True
3BhyxulZ13uWZS6LqiYiCj,Cheeky Icy Thang,STAYC,2024-07-01,KR,2024,2024-Q3,51+,True
2RUcwyW74Sv4VracHFrKdh,Promise,Jimin,2018-12-31,KR,2024,2024-Q3,51+,True
210JJAa9nJOgNa0YNrsT5g,GODS,League of Legends,2023-10-04,KR,2024,2024-Q3,51+,True
1k68vKHNQXU5CHqcM7Yp7N,HAPPY,DAY6,2024-03-18,KR,2024,2024-Q4,1-10,True
7Cnpb1vBbC46RgVyyKLH7p,Whiplash,aespa,2024-10-21,KR,2024,2024-Q4,1-10,True
5doooVlMVRZztQbySqARMI,HOME SWEET HOME,G-DRAGON,2025-02-25,KR,2024,2024-Q4,1-10,True
1kPhV0KQui1phEpjnWIqUN,Smeraldo Garden Marching Band,Jimin,2024-06-28,KR,2024,2024-Q4,1-10,True
2SR0alFA2oWYXSoePGTj0V,I’ll Be There,Jin,2024-11-19,KR,2024,2024-Q4,1-10,True
21LtZQQMQYwVIxc9O9Ygq8,Cherish (My Love),ILLIT,2024-10-28,KR,2024,2024-Q4,1-10,True
4XsJiRJQAK8TWcZCn0Dxlh,POWER,G-DRAGON,2024-10-31,KR,2024,2024-Q4,1-10,True
1lcBt7LoEikqYmhUoa2cez,number one girl,ROSÉ,2024-12-06,KR,2024,2024-Q4,1-10,True
7G7mSV4BebkoHWwKTDvXu9,Winter Ahead,V,2024-11-29,KR,2024,2024-Q4,1-10,True
5sjnkOfTLCLNfkkchI2re2,UP - KARINA Solo,aespa,2024-10-09,KR,2024,2024-Q4,1-10,True
0FIDCNYYjNvPVimz5icugS,Timeless,The Weeknd,2025-01-31,KR,2024,2024-Q4,11-20,True
0bYg9bo50gSsH3LtXe2SQn,All I Want for Christmas Is You,Mariah Carey,1994-10-28,KR,2024,2024-Q4,11-20,True
1aKvZDoLGkNMxoRYgkckZG,Magnetic,ILLIT,2024-03-25,KR,2024,2024-Q4,11-20,True
6oNLSQX8bcAdbCElZYju3v,Supersonic,fromis_9,2024-08-12,KR,2024,2024-Q4,11-20,True
5ocSQW5sIUIOFojwXEz9Ki,Supernatural,NewJeans,2024-06-21,KR,2024,2024-Q4,11-20,True
45zLrK0668WQ5JFMyiYmCS,Interlude : Showtime,Jimin,2024-07-19,KR,2024,2024-Q4,11-20,True
2plbrEY59IikOBgBGLjaoe,Die With A Smile,Lady Gaga,2024-08-16,KR,2024,2024-Q4,11-20,True
3d2bsbugow8JiNvuaRupFH,Slow Dance,Jimin,2024-07-19,KR,2024,2024-Q4,11-20,True
0lizgQ7Qw35od7CYaoMBZb,Santa Tell Me,Ariana Grande,2014-11-24,KR,2024,2024-Q4,11-20,True
7gMfVc4zfNIxuMyMGglOHa,Rebirth (Intro),Jimin,2024-07-19,KR,2024,2024-Q4,11-20,True
3yDRcs0Y4pPzkvMbUfeF9H,Moonlit Floor,LISA,2024-10-03,KR,2024,2024-Q4,21-50,True
0hqj5JBnFt1BHEz2UCFwrl,"How can I love the heartbreak, you're the one I love",AKMU,2019-09-25,KR,2024,2024-Q4,21-50,True
4EwNWRBWdZ6bgvxRHlZ8OO,CROOKED,G-DRAGON,2013-09-05,KR,2024,2024-Q4,21-50,True
1ySWoGgrduSzvtJ3PUzO41,Who (Shibuyakei Remix),Jimin,2024-07-23,KR,2024,2024-Q4,21-50,True
2isRbZIIU4PqPrECffn7QO,Who (Beautiful Mind Remix),Jimin,2024-07-23,KR,2024,2024-Q4,21-50,True
6je5cTal6PyeITNrOzkCoS,Welcome to the Show,DAY6,2024-03-18,KR,2024,2024-Q4,21-50,True
5LlUJ3HHI2dS0xowdMDXC5,MEOW,MEOVV,2024-09-06,KR,2024,2024-Q4,21-50,True
3TQHPUEVdvdq8ejwEcHUlL,If I have you only (My love X Nerd Connection),Nerd Connection,2023-08-15,KR,2024,2024-Q4,21-50,True
5jxuw4S5IDEY6CjjAHvRAt,Falling,Jin,2024-11-19,KR,2024,2024-Q4,21-50,True
1YmY0HUm05BUpcHibc1bhB,Another Level,Jin,2024-11-19,KR,2024,2024-Q4,21-50,True
1zJUr9Oo5zEjvJrdlg67jQ,Steady,NCT WISH,2024-09-24,KR,2024,2024-Q4,51+,True
6pqyZNnLKyJKtrlf42FQoq,Nice Guy,BOYNEXTDOOR,2024-09-09,KR,2024,2024-Q4,51+,True
12usPU2WnqgCHAW1EK2dfd,青のすみか,Tatsuya Kitani,2023-07-07,KR,2024,2024-Q4,51+,True
49txvOVNLAHwG9bMtdKP6a,"Flights, Not Feelings",aespa,2024-10-21,KR,2024,2024-Q4,51+,True
3X76Lal4GwBFqriHz1FbLU,SOS,FIFTY FIFTY,2024-09-20,KR,2024,2024-Q4,51+,True
30tYWTkLIQtZWnRIOqcHnJ,나무,"Car, the garden",2019-04-16,KR,2024,2024-Q4,51+,True
5a3tLTGA0HIDtrvnszXXBN,call it the end,ROSÉ,2024-12-06,KR,2024,2024-Q4,51+,True
2pn8dNVSpYnAtlKFC8Q0DJ,On The Ground,ROSÉ,2021-03-12,KR,2024,2024-Q4,51+,True
0FVPOqIivjXR49CyJZAw7g,IF YOU - KR Ver.,BIGBANG,2016-02-03,KR,2024,2024-Q4,51+,True
294hRgOqnGW2BemqP8D35X,Klaxon,i-dle,2024-07-08,KR,2024,2024-Q4,51+,True
0GOqhXyouUxqPEw9ypTOLm,TOO BAD,G-DRAGON,2025-02-25,KR,2025,2025-Q1,1-10,True
7G7mSV4BebkoHWwKTDvXu9,Winter Ahead,V,2024-11-29,KR,2025,2025-Q1,1-10,True
68UrZQUuO3O6eUiD226xHg,The Chase,Hearts2Hearts,2025-02-24,KR,2025,2025-Q1,1-10,True
1kPhV0KQui1phEpjnWIqUN,Smeraldo Garden Marching Band,Jimin,2024-06-28,KR,2025,2025-Q1,1-10,True
3d2bsbugow8JiNvuaRupFH,Slow Dance,Jimin,2024-07-19,KR,2025,2025-Q1,1-10,True
2P6YMsU9jt22CXfizfudi3,Love Hangover,JENNIE,2025-01-31,KR,2025,2025-Q1,1-10,True
406IpEtZPvbxApWTGM3twY,HOT,LE SSERAFIM,2025-03-14,KR,2025,2025-Q1,1-10,True
1z5ebC9238uGoBgzYyvGpQ,toxic till the end,ROSÉ,2024-12-06,KR,2025,2025-Q1,1-10,True
7GOIrZTegzVty8mhNhRuA0,"IF I SAY, I LOVE YOU",BOYNEXTDOOR,2025-01-06,KR,2025,2025-Q1,1-10,True
7Cnpb1vBbC46RgVyyKLH7p,Whiplash,aespa,2024-10-21,KR,2025,2025-Q1,1-10,True
3vIkVVbhpMvsOJ1BKWT0nT,TAKE ME,G-DRAGON,2025-02-25,KR,2025,2025-Q1,11-20,True
4XsJiRJQAK8TWcZCn0Dxlh,POWER,G-DRAGON,2024-10-31,KR,2025,2025-Q1,11-20,True
04mHr76sMR8RSqVIgWl785,ATTITUDE,IVE,2025-02-03,KR,2025,2025-Q1,11-20,True
4xeugB5MqWh0jwvXZPxahq,Drowning,WOODZ,2023-04-26,KR,2025,2025-Q1,11-20,True
1Px44tw80Q4rcCl8FxDGOi,Who (Instrumental),Jimin,2024-07-23,KR,2025,2025-Q1,11-20,True
2isRbZIIU4PqPrECffn7QO,Who (Beautiful Mind Remix),Jimin,2024-07-23,KR,2025,2025-Q1,11-20,True
10zywlg5b0gQOC3q1A7ADx,earthquake,JISOO,2025-02-14,KR,2025,2025-Q1,11-20,True
10I5rhhFoWZDIN3kEc6Dbo,Who (Acoustic Remix),Jimin,2024-07-23,KR,2025,2025-Q1,11-20,True
7KZNgri6Jxw88FAfATw6i9,Who (Funky Remix),Jimin,2024-07-23,KR,2025,2025-Q1,11-20,True
1MUZitHRpmng5NevrvNx4T,DRIP,BABYMONSTER,2024-11-01,KR,2025,2025-Q1,11-20,True
4gxEY3Mh5FZZDAJAKPNrCS,CRAZY,LE SSERAFIM,2024-09-02,KR,2025,2025-Q1,21-50,True
6SaSFVlIQC1L6Fh1QKLeFi,start a war,JENNIE,2025-03-07,KR,2025,2025-Q1,21-50,True
4WUpMUjdoi47LY7gBQBXe3,Grain of Sand,Lim Young Woong,2023-06-05,KR,2025,2025-Q1,21-50,True
6iu311jZAJFLPgoIWgrA72,BANG BANG BANG - KR Ver.,BIGBANG,2016-02-03,KR,2025,2025-Q1,21-50,True
4C2KCXzqC0kwNyTilyRLUx,IBELONGIIU,G-DRAGON,2025-02-25,KR,2025,2025-Q1,21-50,True
5yfhzEct1ulyU6g5oVRraj,KNOW ABOUT ME,NMIXX,2025-03-17,KR,2025,2025-Q1,21-50,True
2DbDefRFJ5YOfXCKOeCJJh,Igloo,KISS OF LIFE,2024-10-15,KR,2025,2025-Q1,21-50,True
3TSLqZssCoCdDlMhCJ08XW,Still Life,BIGBANG,2022-04-05,KR,2025,2025-Q1,21-50,True
1k68vKHNQXU5CHqcM7Yp7N,HAPPY,DAY6,2024-03-18,KR,2025,2025-Q1,21-50,True
4EwNWRBWdZ6bgvxRHlZ8OO,CROOKED,G-DRAGON,2013-09-05,KR,2025,2025-Q1,21-50,True
7KXjTSCq5nL1LoYtL7XAwS,HUMBLE.,Kendrick Lamar,2017-04-14,KR,2025,2025-Q1,51+,True
20QI1DhCFz7pN8rATkNguv,To Reach You,10CM,2025-03-06,KR,2025,2025-Q1,51+,True
0PBTlQ84CBJF0tBnKGmQa6,FRI(END)S,V,2024-03-15,KR,2025,2025-Q1,51+,True
6cwSbxCqAwBNbCqaLMZgbT,LOSER - KR Ver.,BIGBANG,2016-02-03,KR,2025,2025-Q1,51+,True
0VdwOoAKPe9aGahkpllfkH,A Letter,BUMJIN,2021-12-24,KR,2025,2025-Q1,51+,True
6koKhrBBcExADvWuOgceNZ,Open Arms,SZA,2022-12-08,KR,2025,2025-Q1,51+,True
0hqj5JBnFt1BHEz2UCFwrl,"How can I love the heartbreak, you're the one I love",AKMU,2019-09-25,KR,2025,2025-Q1,51+,True
6fbS9Lbyv6L4tz7tcmBGKh,보나마나 (BONAMANA),G-DRAGON,2025-02-25,KR,2025,2025-Q1,51+,True
4zUob9iYFS9TgAR0hgo5pR,Seoul City,JENNIE,2025-03-05,KR,2025,2025-Q1,51+,True
3uA8SjMyDtwtt0jLPMQbVD,D (Half Moon),DEAN,2016-03-25,KR,2025,2025-Q1,51+,True
5EoV2HmAlkqN1XvsIjOBZZ,STYLE,Hearts2Hearts,2025-06-18,KR,2025,2025-Q2,1-10,True
3iJxBDym1SeqNqJqnvreHK,Never Ending Story,IU,2025-05-27,KR,2025,2025-Q2,1-10,True
0AQEShePVSsxMTM6a8ik6t,FAMOUS,ALLDAY PROJECT,2025-06-21,KR,2025,2025-Q2,1-10,True
3d2bsbugow8JiNvuaRupFH,Slow Dance,Jimin,2024-07-19,KR,2025,2025-Q2,1-10,True
68UrZQUuO3O6eUiD226xHg,The Chase,Hearts2Hearts,2025-02-24,KR,2025,2025-Q2,1-10,True
4p0uVFAXKUISu8yp9gNtWE,Billyeoon Goyangi (Do the Dance),ILLIT,2025-06-16,KR,2025,2025-Q2,1-10,True
0fK7ie6XwGxQTIkpFoWkd1,like JENNIE,JENNIE,2025-03-07,KR,2025,2025-Q2,1-10,True
4xeugB5MqWh0jwvXZPxahq,Drowning,WOODZ,2023-04-26,KR,2025,2025-Q2,1-10,True
2kpmBZqu52h6uCZXFTIXJK,Lemon Drop,ATEEZ,2025-06-13,KR,2025,2025-Q2,1-10,True
0wrppxeWurW1uRnxI6Ut9v,HANDS UP,MEOVV,2025-04-28,KR,2025,2025-Q2,1-10,True
4WrkJNGb4zUwARc0FD3iNf,Loser,Jin,2025-05-16,KR,2025,2025-Q2,11-20,True
5Fhr3wqeieN5WDkAsqL1JJ,MONA LISA,j-hope,2025-03-21,KR,2025,2025-Q2,11-20,True
0GOqhXyouUxqPEw9ypTOLm,TOO BAD,G-DRAGON,2025-02-25,KR,2025,2025-Q2,11-20,True
6Wobsw9uZ0D0xkfOjxXSq9,Messy (From F1® The Movie),ROSÉ,2025-05-08,KR,2025,2025-Q2,11-20,True
2NOMOpss7BmEXTL9f1koqn,WICKED,ALLDAY PROJECT,2025-06-23,KR,2025,2025-Q2,11-20,True
4WUpMUjdoi47LY7gBQBXe3,Grain of Sand,Lim Young Woong,2023-06-05,KR,2025,2025-Q2,11-20,True
1klePVubVctBqhlKJvibil,I Feel Good,BOYNEXTDOOR,2025-05-13,KR,2025,2025-Q2,11-20,True
0qkYuCno3SoU8vxkCdx0iJ,THUNDER,SEVENTEEN,2025-05-26,KR,2025,2025-Q2,11-20,True
7GOIrZTegzVty8mhNhRuA0,"IF I SAY, I LOVE YOU",BOYNEXTDOOR,2025-01-06,KR,2025,2025-Q2,11-20,True
2GMKQPMXdOGXsQkDYBN6wF,시작의 아이 ハジマリのコ (Starting With You),MAKTUB,2025-01-01,KR,2025,2025-Q2,11-20,True
60DwXD4XZgBGMRwViDqBm6,When the Day Comes,TOMORROW X TOGETHER,2025-05-11,KR,2025,2025-Q2,21-50,True
4EIFwndJvGpgFjsEbNuYif,ExtraL,JENNIE,2025-03-07,KR,2025,2025-Q2,21-50,True
4EwNWRBWdZ6bgvxRHlZ8OO,CROOKED,G-DRAGON,2013-09-05,KR,2025,2025-Q2,21-50,True
6oNLSQX8bcAdbCElZYju3v,Supersonic,fromis_9,2024-08-12,KR,2025,2025-Q2,21-50,True
5RdKO1lsHG9jhbG03LL7cv,With the Clouds,Jin,2025-05-16,KR,2025,2025-Q2,21-50,True
6auT8cRBu3BgPRBrdVBY15,London Boy,Lim Young Woong,2022-11-15,KR,2025,2025-Q2,21-50,True
1XDSuZ5ZSExGZYC7IuiU5l,Maybe Tomorrow,DAY6,2025-05-07,KR,2025,2025-Q2,21-50,True
1z5ebC9238uGoBgzYyvGpQ,toxic till the end,ROSÉ,2024-12-06,KR,2025,2025-Q2,21-50,True
1k68vKHNQXU5CHqcM7Yp7N,HAPPY,DAY6,2024-03-18,KR,2025,2025-Q2,21-50,True
1MUZitHRpmng5NevrvNx4T,DRIP,BABYMONSTER,2024-11-01,KR,2025,2025-Q2,21-50,True
0warEAGkdMG9x2grXqKhlY,The End of the Day,RIIZE,2025-05-19,KR,2025,2025-Q2,51+,True
09PyC1qMkM0JVtqHHFnjKm,My Life,YUMDDA,2025-06-12,KR,2025,2025-Q2,51+,True
5Kbpcd3hOqu4ZRAJNAjIcg,What Would Have Been? (Feat. Lena Park),PSY,2012-07-15,KR,2025,2025-Q2,51+,True
2LHNTC9QZxsL3nWpt8iaSR,Abracadabra,Lady Gaga,2025-03-07,KR,2025,2025-Q2,51+,True
4bjNOhOMvqFPflwHIaS7Fw,1:05,The Black Skirts,2017-05-30,KR,2025,2025-Q2,51+,True
5BqwC9kOBbqYkzdOKeXFFk,for lovers who hesitate,JANNABI,2019-03-13,KR,2025,2025-Q2,51+,True
5cRKj1kynNFqiliT2ndZ3y,Akuma no Ko,Ai Higuchi,2022-01-10,KR,2025,2025-Q2,51+,True
2pIUpMhHL6L9Z5lnKxJJr9,Attention,NewJeans,2022-08-01,KR,2025,2025-Q2,51+,True
0IjaSeBp6SHXTELm4C9ifk,FOREVER,D.O.,2025-04-27,KR,2025,2025-Q2,51+,True
7EW7Yivb93qKAtp5qEm5of,Dark Thoughts,Lil Tecca,2025-03-14,KR,2025,2025-Q2,51+,True
02BcXEH1zJYbXSabPtNlKf,Lose My Mind,Don Toliver,2025-04-30,KR,2025,2025-Q3,1-10,True
6OWWZtNQORY1McaZmOrwhc,GO!,CORTIS,2025-09-08,KR,2025,2025-Q3,1-10,True
59hVbgr8rfYkDbHfr8RcGI,IRIS OUT,Kenshi Yonezu,2025-09-15,KR,2025,2025-Q3,1-10,True
02sy7FAs8dkDNYsHp4Ul3f,Soda Pop,Saja Boys,2025-06-20,KR,2025,2025-Q3,1-10,True
2c6xH9usslUoHnOzsRhpcP,XOXZ,IVE,2025-08-25,KR,2025,2025-Q3,1-10,True
1sUjTLLCJzcxC15GUBrOlg,Rich Man,aespa,2025-09-05,KR,2025,2025-Q3,1-10,True
3Z4BxvgOJ8KupcDIV3OV2f,In Your Fantasy,ATEEZ,2025-07-11,KR,2025,2025-Q3,1-10,True
1I37Zz2g3hk9eWxaNkj031,Your Idol,Saja Boys,2025-06-20,KR,2025,2025-Q3,1-10,True
7JQH2lBMZ10ztDnpoeq6Ki,yours,데이먼스 이어 Damons year,2019-04-10,KR,2025,2025-Q3,1-10,True
5H1sKFMzDeMtXwND3V6hRY,JUMP,BLACKPINK,2025-07-11,KR,2025,2025-Q3,1-10,True
4nKnOIDXFjRSMG4vkXDwzY,Rendezvous,AHOF,2025-07-01,KR,2025,2025-Q3,11-20,True
0MHStU0muAIEMbwdnebYu2,Takedown,HUNTR/X,2025-06-20,KR,2025,2025-Q3,11-20,True
7G7mSV4BebkoHWwKTDvXu9,Winter Ahead,V,2024-11-29,KR,2025,2025-Q3,11-20,True
7t4Z19BqZ23ExgdiOP0nf6,LIKE YOU BETTER,fromis_9,2025-06-25,KR,2025,2025-Q3,11-20,True
3Ua0m0YmEjrMi9XErKcNiR,Like Crazy,Jimin,2023-03-24,KR,2025,2025-Q3,11-20,True
1kPhV0KQui1phEpjnWIqUN,Smeraldo Garden Marching Band,Jimin,2024-06-28,KR,2025,2025-Q3,11-20,True
7Cnpb1vBbC46RgVyyKLH7p,Whiplash,aespa,2024-10-21,KR,2025,2025-Q3,11-20,True
4ecdsGz3Hg6TKPwQ0ZOdJz,FaSHioN,CORTIS,2025-09-08,KR,2025,2025-Q3,11-20,True
5EoV2HmAlkqN1XvsIjOBZZ,STYLE,Hearts2Hearts,2025-06-18,KR,2025,2025-Q3,11-20,True
3k6q0O9JnO2GhvD6C8fs20,Closer Than This,Jimin,2023-12-22,KR,2025,2025-Q3,11-20,True
4H6s1mTZcjHAMU36ZF3Xoz,Nothing Without Your Love,Jin,2025-05-16,KR,2025,2025-Q3,21-50,True
18AMT576rBlQFMzUTS7WBa,THIS IS FOR,TWICE,2025-07-11,KR,2025,2025-Q3,21-50,True
4LJJxB4a47mreJAfKwbGEM,body,DAYOUNG,2025-09-09,KR,2025,2025-Q3,21-50,True
20QI1DhCFz7pN8rATkNguv,To Reach You,10CM,2025-03-06,KR,2025,2025-Q3,21-50,True
2aSfmbpproCPOe2j01WT2a,Eternal Moment,Lim Young Woong,2025-08-29,KR,2025,2025-Q3,21-50,True
6hcT29EF7UYuwu76eqlys9,Girls Will Be Girls,ITZY,2025-06-09,KR,2025,2025-Q3,21-50,True
5PCOOngROV9jWsUViSy4Ed,Killin' It Girl,j-hope,2025-06-13,KR,2025,2025-Q3,21-50,True
3d2bsbugow8JiNvuaRupFH,Slow Dance,Jimin,2024-07-19,KR,2025,2025-Q3,21-50,True
5doooVlMVRZztQbySqARMI,HOME SWEET HOME,G-DRAGON,2025-02-25,KR,2025,2025-Q3,21-50,True
1z5ebC9238uGoBgzYyvGpQ,toxic till the end,ROSÉ,2024-12-06,KR,2025,2025-Q3,21-50,True
2J194R0KIKbK7bTHfUHPDB,Boom Boom Bass,RIIZE,2024-06-17,KR,2025,2025-Q3,51+,True
6jl91VgNuRjpwO0MJQw29F,Vivid LaLa Love,LEE CHANHYUK,2025-07-14,KR,2025,2025-Q3,51+,True
5Xf2cIARIa9gwWf6m4DvME,Home Sweet Home,"Car, the garden",2017-12-12,KR,2025,2025-Q3,51+,True
0VdikQbDdOqxdWQyYsLmne,butterflies,JVKE,2025-07-10,KR,2025,2025-Q3,51+,True
3y1Aq9UzyzhMGuVaS8i2oA,"question mark (Feat. CHOIZA Of Dynamicduo, Zion.T)",Primary,2012-10-31,KR,2025,2025-Q3,51+,True
3cnCdBXTlyBCKYrlHpXbIP,Island,PLAVE,2025-02-03,KR,2025,2025-Q3,51+,True
630sXRhIcfwr2e4RdNtjKN,Rewrite The Stars,Zac Efron,2017-11-17,KR,2025,2025-Q3,51+,True
34HSEUn4YGAFBW9OHGIkU7,Boat,george,2017-11-17,KR,2025,2025-Q3,51+,True
7H9e5GKSY1PQTW1edqvHb9,Episode,KANGDANIEL,2025-06-16,KR,2025,2025-Q3,51+,True
0eFMbKCRw8KByXyWBw8WO7,Still With You,Jung Kook,2020-06-05,KR,2025,2025-Q3,51+,True
0M4O6UEu4F9SxImTsBuX9n,DUET,ZICO,2025-12-18,KR,2025,2025-Q4,1-10,True
6jYiHr12NVKLzn0X7K8aSK,FOCUS,Hearts2Hearts,2025-10-20,KR,2025,2025-Q4,1-10,True
59hVbgr8rfYkDbHfr8RcGI,IRIS OUT,Kenshi Yonezu,2025-09-15,KR,2025,2025-Q4,1-10,True
0bYg9bo50gSsH3LtXe2SQn,All I Want for Christmas Is You,Mariah Carey,1994-10-28,KR,2025,2025-Q4,1-10,True
3cLXrotzCjYCkN73PewALM,Good Goodbye,HWASA,2025-10-15,KR,2025,2025-Q4,1-10,True
2N9miXnewVmUrgl6JSK1FI,SPAGHETTI,LE SSERAFIM,2025-10-24,KR,2025,2025-Q4,1-10,True
3khEEPRyBeOUabbmOPJzAG,KICK BACK,Kenshi Yonezu,2022-10-12,KR,2025,2025-Q4,1-10,True
1k0JAiH11gHL9dc5dfQjQr,NOT CUTE ANYMORE,ILLIT,2025-11-24,KR,2025,2025-Q4,1-10,True
7FyKqLLICVzwBiAUtbVYUW,ONE MORE TIME,ALLDAY PROJECT,2025-11-17,KR,2025,2025-Q4,1-10,True
6OWWZtNQORY1McaZmOrwhc,GO!,CORTIS,2025-09-08,KR,2025,2025-Q4,1-10,True
06o2o3TpyR8eGU2ANK21Lp,Endangered Love,LEE CHANHYUK,2025-07-14,KR,2025,2025-Q4,11-20,True
2FRnf9qhLbvw8fu4IBXx78,Last Christmas,Wham!,1984-11-29,KR,2025,2025-Q4,11-20,True
4p0uVFAXKUISu8yp9gNtWE,Billyeoon Goyangi (Do the Dance),ILLIT,2025-06-16,KR,2025,2025-Q4,11-20,True
0p5xMhVvw441Z10hNWsk5Q,BURNING UP,MEOVV,2025-10-14,KR,2025,2025-Q4,11-20,True
3k6q0O9JnO2GhvD6C8fs20,Closer Than This,Jimin,2023-12-22,KR,2025,2025-Q4,11-20,True
5iFbKoNv7Jc5Arpbf8D90B,LOOK AT ME,ALLDAY PROJECT,2025-12-08,KR,2025,2025-Q4,11-20,True
1kPhV0KQui1phEpjnWIqUN,Smeraldo Garden Marching Band,Jimin,2024-06-28,KR,2025,2025-Q4,11-20,True
4xeugB5MqWh0jwvXZPxahq,Drowning,WOODZ,2023-04-26,KR,2025,2025-Q4,11-20,True
5EoV2HmAlkqN1XvsIjOBZZ,STYLE,Hearts2Hearts,2025-06-18,KR,2025,2025-Q4,11-20,True
7gMfVc4zfNIxuMyMGglOHa,Rebirth (Intro),Jimin,2024-07-19,KR,2025,2025-Q4,11-20,True
3vJIaiTIHxHhYafTSPNiH4,Zoo,Disney,2025-11-21,KR,2025,2025-Q4,21-50,True
2GMKQPMXdOGXsQkDYBN6wF,시작의 아이 ハジマリのコ (Starting With You),MAKTUB,2025-01-01,KR,2025,2025-Q4,21-50,True
1nEhhkEidrTOtc46fCvRFp,Fame,RIIZE,2025-11-24,KR,2025,2025-Q4,21-50,True
4CRhJHHbH9Awx7z7xRAdPP,Unread Message,Lim Young Woong,2025-08-29,KR,2025,2025-Q4,21-50,True
15HNdxGKNCIO9pgaY4n7FU,Pretender,OFFICIAL HIGE DANDISM,2019-08-31,KR,2025,2025-Q4,21-50,True
7hYI4QprQ3hMqp56ul6uEv,Melody for You,Lim Young Woong,2025-08-29,KR,2025,2025-Q4,21-50,True
3Ua0m0YmEjrMi9XErKcNiR,Like Crazy,Jimin,2023-03-24,KR,2025,2025-Q4,21-50,True
4WFfPxJv1KRekG6mxn837K,EYES CLOSED,JISOO,2025-10-10,KR,2025,2025-Q4,21-50,True
4ecdsGz3Hg6TKPwQ0ZOdJz,FaSHioN,CORTIS,2025-09-08,KR,2025,2025-Q4,21-50,True
1aKvZDoLGkNMxoRYgkckZG,Magnetic,ILLIT,2024-03-25,KR,2025,2025-Q4,21-50,True
7csMuPqdOPaFKby0AoRYL5,가시,BUZZ,2005-03-03,KR,2025,2025-Q4,51+,True
2OQ6a4CfUeYskpTTgyawyJ,You Make It Feel Like Christmas,Gwen Stefani,2017-10-06,KR,2025,2025-Q4,51+,True
0QzuaeCEEOV40Pn7IvKEny,double take,Dhruv,2022-01-21,KR,2025,2025-Q4,51+,True
6VedlO2MtaEjAITax6vQyg,Toki Yo Tomare,ILLIT,2025-08-31,KR,2025,2025-Q4,51+,True
0eFMbKCRw8KByXyWBw8WO7,Still With You,Jung Kook,2020-06-05,KR,2025,2025-Q4,51+,True
6je5cTal6PyeITNrOzkCoS,Welcome to the Show,DAY6,2024-03-18,KR,2025,2025-Q4,51+,True
11gZL0HigsqfzjTHOpdFjE,MENTE MÁ,Nakama,2025-05-16,KR,2025,2025-Q4,51+,True
6Yj8kVuVR3UPxx9r5eFEoV,Miniskirt,AOA,2014-01-16,KR,2025,2025-Q4,51+,True
5APxbxUDWyUChpgjJ0YQzE,Dash,PLAVE,2025-02-03,KR,2025,2025-Q4,51+,True
4JK1kDUdH9RTBQrrSO1QfR,ベテルギウス,Yuuri,2022-01-12,KR,2025,2025-Q4,51+,True
2rKkfc4VZ74FQDc1FF1Zo6,Body to Body,BTS,2026-03-20,KR,2026,2026-Q1,1-10,True
7hlEhmg5h9XuFtaGfgvqjF,Love Love Love,Epik High,2007-01-24,KR,2026,2026-Q1,1-10,True
2IFND3phjzIG1RcPnHh2hP,Like Animals,BTS,2026-03-20,KR,2026,2026-Q1,1-10,True
5tg21NdePCn5m8F9BXOEeJ,Aliens,BTS,2026-03-20,KR,2026,2026-Q1,1-10,True
0KmrKOdScRDVYwWS8hkkdv,FYA,BTS,2026-03-20,KR,2026,2026-Q1,1-10,True
3WvM2dIR9iIxMGNMP7WsNw,Landing in Love,HANRORO,2023-08-29,KR,2026,2026-Q1,1-10,True
4qdBPJta3BVPXCS0wJZ6yO,Let Me Love My Youth,HANRORO,2022-03-14,KR,2026,2026-Q1,1-10,True
68lbSrXDORS51pmyjZv712,SWIM,BTS,2026-03-20,KR,2026,2026-Q1,1-10,True
3VxmXJ4FdtbWI27p3Gx4Wh,Mono,i-dle,2026-01-27,KR,2026,2026-Q1,1-10,True
3bmpXHVie1GTy37OkXJ7Vc,2.0,BTS,2026-03-20,KR,2026,2026-Q1,1-10,True
3VegC0PZiHjGxb80DER8XU,Merry Go Round,BTS,2026-03-20,KR,2026,2026-Q1,11-20,True
7FyKqLLICVzwBiAUtbVYUW,ONE MORE TIME,ALLDAY PROJECT,2025-11-17,KR,2026,2026-Q1,11-20,True
3LWVXp636uLT356Rj08Jaz,Be Mine,Jimin,2024-07-19,KR,2026,2026-Q1,11-20,True
5H1sKFMzDeMtXwND3V6hRY,JUMP,BLACKPINK,2025-07-11,KR,2026,2026-Q1,11-20,True
06o2o3TpyR8eGU2ANK21Lp,Endangered Love,LEE CHANHYUK,2025-07-14,KR,2026,2026-Q1,11-20,True
3cLXrotzCjYCkN73PewALM,Good Goodbye,HWASA,2025-10-15,KR,2026,2026-Q1,11-20,True
4B4Q7zfd0aHcuhQBfCRnH5,NORMAL,BTS,2026-03-20,KR,2026,2026-Q1,11-20,True
5xqM1HOndjxfH7NmyD8SVS,Really Like You,BABYMONSTER,2024-11-01,KR,2026,2026-Q1,11-20,True
3b4YlIUpzYs3CZ6s9GVmzT,너,SYSTEM SEOUL,2025-05-16,KR,2026,2026-Q1,11-20,True
3g8mimqqxsAEtkktm1TYEk,"Love over hip hop, money over love",noahjooda,2022-03-13,KR,2026,2026-Q1,11-20,True
68UrZQUuO3O6eUiD226xHg,The Chase,Hearts2Hearts,2025-02-24,KR,2026,2026-Q1,21-50,True
3vJIaiTIHxHhYafTSPNiH4,Zoo,Disney,2025-11-21,KR,2026,2026-Q1,21-50,True
40UVUuyy5RfpO0awclCttA,FAMOUS,ALLDAY PROJECT,2025-06-23,KR,2026,2026-Q1,21-50,True
65X2koe1LhDgQmRkNdJFv9,AIZO,King Gnu,2026-01-09,KR,2026,2026-Q1,21-50,True
5u77QBJa2fUREcFTM7PwME,MDLZ (With. PENOMECO),Marv,2026-03-20,KR,2026,2026-Q1,21-50,True
6w9SgpKIzB54R2xHml1UPP,Love Language,Kim Min Seok (MeloMance),2026-01-16,KR,2026,2026-Q1,21-50,True
0dt0DccOIWLtzX45F6uZ1I,MAMA (Feat. UNEDUCATED KID) (Prod. by Lil Moshpit),Lil Moshpit,2026-03-20,KR,2026,2026-Q1,21-50,True
1aKvZDoLGkNMxoRYgkckZG,Magnetic,ILLIT,2024-03-25,KR,2026,2026-Q1,21-50,True
15HNdxGKNCIO9pgaY4n7FU,Pretender,OFFICIAL HIGE DANDISM,2019-08-31,KR,2026,2026-Q1,21-50,True
0XqgE9UN4MCo5ooIwUYm7l,MONTAGEM HIKARI,BellyJay,2026-01-14,KR,2026,2026-Q1,21-50,True
7gMfVc4zfNIxuMyMGglOHa,Rebirth (Intro),Jimin,2024-07-19,KR,2026,2026-Q1,51+,True
27zrFrtUtWl2urlvjOn5xc,Say Yes,Loco,2016-08-29,KR,2026,2026-Q1,51+,True
0NsmpxrKw7ZWGKjnWVJtm5,Big Girls Don't Cry,ENHYPEN,2026-01-16,KR,2026,2026-Q1,51+,True
6Yj8kVuVR3UPxx9r5eFEoV,Miniskirt,AOA,2014-01-16,KR,2026,2026-Q1,51+,True
0VGeaj4sDq9UnwzSxiVgkZ,STAY on FIRE,Sik-K,2026-02-25,KR,2026,2026-Q1,51+,True
6oNLSQX8bcAdbCElZYju3v,Supersonic,fromis_9,2024-08-12,KR,2026,2026-Q1,51+,True
0hqngwyh8WnPuYlLYHRQqp,DrunKen Confession,Kim Min Seok (MeloMance),2021-12-19,KR,2026,2026-Q1,51+,True
6dOtVTDdiauQNBQEDOtlAB,BIRDS OF A FEATHER,Billie Eilish,2024-05-17,KR,2026,2026-Q1,51+,True
4wJ5Qq0jBN4ajy7ouZIV1c,APT.,ROSÉ,2024-12-06,KR,2026,2026-Q1,51+,True
44hqFxUWsADWewEJELnncj,No Doubt,ENHYPEN,2024-11-11,KR,2026,2026-Q1,51+,True
4qdBPJta3BVPXCS0wJZ6yO,Let Me Love My Youth,HANRORO,2022-03-14,KR,2026,2026-Q2,1-10,True
3WvM2dIR9iIxMGNMP7WsNw,Landing in Love,HANRORO,2023-08-29,KR,2026,2026-Q2,1-10,True
0WA27lZzPKFJKAbiDRmQDc,RUDE!,Hearts2Hearts,2026-02-20,KR,2026,2026-Q2,1-10,True
2rKkfc4VZ74FQDc1FF1Zo6,Body to Body,BTS,2026-03-20,KR,2026,2026-Q2,1-10,True
5dxiriLgC9mu2FbSNqudld,Paradise of Rumors,AKMU,2026-04-07,KR,2026,2026-Q2,1-10,True
3m08yeqLjXsqblRU3KXPAp,"TICK TOCK (Feat. ZICO) (Prod. by ZICO, Crush)",HAON,2026-03-06,KR,2026,2026-Q2,1-10,True
1D5L58KLBbceOynTP4DQnY,It's Me,ILLIT,2026-04-30,KR,2026,2026-Q2,1-10,True
3sOAwRg5esaxDcWnUigWPv,0+0,HANRORO,2025-08-04,KR,2026,2026-Q2,1-10,True
27xkOIER6uDLKALIelHylZ,Don’t Say You Love Me,Jin,2025-05-16,KR,2026,2026-Q2,1-10,True
1Sjs93mMgi9bX06FFU9Mcv,Heavy Serenade,NMIXX,2026-05-11,KR,2026,2026-Q2,1-10,True
06o2o3TpyR8eGU2ANK21Lp,Endangered Love,LEE CHANHYUK,2025-07-14,KR,2026,2026-Q2,11-20,True
0KmrKOdScRDVYwWS8hkkdv,FYA,BTS,2026-03-20,KR,2026,2026-Q2,11-20,True
2SMq0lOqCTHayWa9juoI0d,We Are,Woo,2017-09-04,KR,2026,2026-Q2,11-20,True
24rDDbSlFY9OHrlJb48CRh,404 (New Era),KiiiKiii,2026-01-26,KR,2026,2026-Q2,11-20,True
15HNdxGKNCIO9pgaY4n7FU,Pretender,OFFICIAL HIGE DANDISM,2019-08-31,KR,2026,2026-Q2,11-20,True
4xeugB5MqWh0jwvXZPxahq,Drowning,WOODZ,2023-04-26,KR,2026,2026-Q2,11-20,True
6uvw8GFIqdqaJ4Nr3kN8Rs,Come Over,BTS,2026-06-12,KR,2026,2026-Q2,11-20,True
6QFCMUUq1T2Vf5sFUXcuQ7,Beauty And A Beat,Justin Bieber,2012-01-01,KR,2026,2026-Q2,11-20,True
41d2WjuL0ikRKVjxmL7ZFz,BOOMPALA,LE SSERAFIM,2026-05-22,KR,2026,2026-Q2,11-20,True
0b61A7v9agI08BG21jJPQ9,they don’t know ’bout us,BTS,2026-03-20,KR,2026,2026-Q2,11-20,True
2aSfmbpproCPOe2j01WT2a,Eternal Moment,Lim Young Woong,2025-08-29,KR,2026,2026-Q2,21-50,True
01qFKNWq73UfEslI0GvumE,3D,Jung Kook,2023-10-02,KR,2026,2026-Q2,21-50,True
63JNA2B4qHmoedZCthpo0e,"ON to the next (Prod. by Crush, ZICO)",HAON,2026-03-27,KR,2026,2026-Q2,21-50,True
0FOReGSXypVBP1q3CLEbfN,SSAK (Feat. Loco) (Prod. By GRAY),OXYNOVA,2026-03-06,KR,2026,2026-Q2,21-50,True
6epn3r7S14KUqlReYr77hA,Baby,Justin Bieber,2010-01-01,KR,2026,2026-Q2,21-50,True
2CO0qu8M2UrT2IxRdYbGOg,"R.I.L + King′s gambit (Feat. ZICO, Gaeko, Sik-K, VINXEN) (Prod. by ZICO, Crush)",HAON,2026-04-03,KR,2026,2026-Q2,21-50,True
1OO2hWJmimNmsN2glZ9kyM,Blossom Parade,PLAVE,2026-04-13,KR,2026,2026-Q2,21-50,True
4c9CHyzibRaogeupFGzsFW,L[ ]VE,CHOIJUNSEONG (Jun S),2026-03-17,KR,2026,2026-Q2,21-50,True
5bB7348yF6DXMmK1WQlBui,Money Checks (Prod. by Hukky Shibaseki),NOWIMYOUNG,2026-03-06,KR,2026,2026-Q2,21-50,True
1XpVhaI4HzWrhRWIpdfyJB,Please,BTS,2026-03-20,KR,2026,2026-Q2,21-50,True
4bjNOhOMvqFPflwHIaS7Fw,1:05,The Black Skirts,2017-05-30,KR,2026,2026-Q2,51+,True
0F6XPZ5gxXC1zaiaDhrV73,ADIOS!,BOYNEXTDOOR,2026-06-08,KR,2026,2026-Q2,51+,True
3FZPp9lBUvhsxFxKJi3VkB,GO,BLACKPINK,2026-02-26,KR,2026,2026-Q2,51+,True
4oE7MyJhqSD3BaHRpNs8Nl,JANE DOE,Kenshi Yonezu,2025-09-22,KR,2026,2026-Q2,51+,True
3KQ3fLAkMYyCWQLCi60zeE,Sunshine Bless You,AKMU,2026-04-07,KR,2026,2026-Q2,51+,True
599L9ptR3PXQq6Dzn9uLP0,Naughty Talk + VANCOUVER FLOW,ksmartboi,2026-04-17,KR,2026,2026-Q2,51+,True
5ocSQW5sIUIOFojwXEz9Ki,Supernatural,NewJeans,2024-06-21,KR,2026,2026-Q2,51+,True
7GRZqYKsoE1Ls98sr2o8xQ,Lovey Dovey (Solo Ver.),BIG Naughty,2026-05-25,KR,2026,2026-Q2,51+,True
0QzuaeCEEOV40Pn7IvKEny,double take,Dhruv,2022-01-21,KR,2026,2026-Q2,51+,True
0yamqkAFAmpdLNVcmJLSo8,Never Ending Story,BOOHWAL,2002-09-01,KR,2026,2026-Q2,51+,True
0RiRZpuVRbi7oqRdSMwhQY,Sunflower - Spider-Man: Into the Spider-Verse,Post Malone,2019-09-06,KR,2026,2026-Q3,1-10,True
6vjt2smGK75oc9r2OGFfgp,LEMONADE,aespa,2026-05-29,KR,2026,2026-Q3,1-10,True
55UDXtbNJBAdTdUdbRu8T3,BAD,ATEEZ,2026-06-26,KR,2026,2026-Q3,1-10,True
0USn5f2VZGbHjHkbjcijzU,Pop Off Pop Off,KiiiKiii,2026-08-10,KR,2026,2026-Q3,1-10,True
2HRgqmZQC0MC7GeNuDIXHN,Seven,Jung Kook,2023-11-03,KR,2026,2026-Q3,1-10,True
1D5L58KLBbceOynTP4DQnY,It's Me,ILLIT,2026-04-30,KR,2026,2026-Q3,1-10,True
3sOAwRg5esaxDcWnUigWPv,0+0,HANRORO,2025-08-04,KR,2026,2026-Q3,1-10,True
0cbgFMxCXMzs80R2vxwApT,Dear my crazy soulmate,IU,2026-09-10,KR,2026,2026-Q3,1-10,True
776vLcNy6mHNmPisdejR0I,Nostalgia,BIG Naughty,2026-08-31,KR,2026,2026-Q3,1-10,True
6uosenLUNFZtOIih5T0qfV,LOVE ATTACK,RESCENE,2024-08-27,KR,2026,2026-Q3,1-10,True
4qdBPJta3BVPXCS0wJZ6yO,Let Me Love My Youth,HANRORO,2022-03-14,KR,2026,2026-Q3,11-20,True
5dxiriLgC9mu2FbSNqudld,Paradise of Rumors,AKMU,2026-04-07,KR,2026,2026-Q3,11-20,True
02KRPJcx4TJFLCXt9qwEUE,Unknown Planet,IU,2026-09-10,KR,2026,2026-Q3,11-20,True
6BAnU4WVN9ArEfSi01JwhQ,I’m gonna TOESA,SOYEON,2026-09-07,KR,2026,2026-Q3,11-20,True
27xkOIER6uDLKALIelHylZ,Don’t Say You Love Me,Jin,2025-05-16,KR,2026,2026-Q3,11-20,True
3caqaSvtldUKLY5Fd5msk2,Surfin' Boy,Red Velvet,2026-08-03,KR,2026,2026-Q3,11-20,True
1ET5lou3teBMA3a5cYeYzN,Baby Flower,tripleS,2026-06-01,KR,2026,2026-Q3,11-20,True
0KgetoSLg8qfJWIwoAQxBf,Bansanka,TAEYEON,2026-06-29,KR,2026,2026-Q3,11-20,True
70RQYCjVacuJgeYAmU2sXd,Vitamin ME,fromis_9,2026-07-21,KR,2026,2026-Q3,11-20,True
24rDDbSlFY9OHrlJb48CRh,404 (New Era),KiiiKiii,2026-01-26,KR,2026,2026-Q3,11-20,True
75MJ2d8AmBWgf2yeZACwpa,Guitarist,D.O.,2026-09-08,KR,2026,2026-Q3,21-50,True
4ecdsGz3Hg6TKPwQ0ZOdJz,FaSHioN,CORTIS,2025-09-08,KR,2026,2026-Q3,21-50,True
4iZIvaus7v4wSjFvdF83NA,FLYING HIGH WITH U,VINXEN,2021-03-09,KR,2026,2026-Q3,21-50,True
6uvw8GFIqdqaJ4Nr3kN8Rs,Come Over,BTS,2026-06-12,KR,2026,2026-Q3,21-50,True
6g02YqJTLBjqJ7sGvW1wDB,Brainwash,HEEDAE,2026-07-18,KR,2026,2026-Q3,21-50,True
7JQH2lBMZ10ztDnpoeq6Ki,yours,데이먼스 이어 Damons year,2019-04-10,KR,2026,2026-Q3,21-50,True
1OLAjffdDJibTrUGAwApVk,ICONIC HEART,Hearts2Hearts,2026-08-09,KR,2026,2026-Q3,21-50,True
2L1dsjU3R3U4SX27qIiPrq,Skibidi,Girls' Generation-HRS,2026-08-31,KR,2026,2026-Q3,21-50,True
1my8zFESgULmuj3D2tzK1R,Candy Pink Magic Hole Flip Phone,KiiiKiii,2026-08-10,KR,2026,2026-Q3,21-50,True
15HNdxGKNCIO9pgaY4n7FU,Pretender,OFFICIAL HIGE DANDISM,2019-08-31,KR,2026,2026-Q3,21-50,True
55pCe0UgAeaeWKKSQqdiWh,My whole world,"Car, the garden",2021-01-28,KR,2026,2026-Q3,51+,True
3CQw6HqsBu12wUj89vUQ5M,TIME CAPSULE,DAVICHI,2025-10-16,KR,2026,2026-Q3,51+,True
2cCC4S226r1tws0d2vDDdO,사랑은 봄비처럼...이별은 겨울비처럼,Lim Hyun Jung,2003-03-25,KR,2026,2026-Q3,51+,True
0eu4C55hL6x29mmeAjytzC,Life Goes On,Oliver Tree,2021-05-28,KR,2026,2026-Q3,51+,True
0HsRZwZzHoZ5AM5W2ZYI5c,Beyond Love (Feat. 10CM),BIG Naughty,2022-04-20,KR,2026,2026-Q3,51+,True
3hBAYbAECEix9raaTq8S3H,ヒロイン,back number,2015-12-09,KR,2026,2026-Q3,51+,True
7ijWcf4FsoxoyPK4B9WGp6,LAST DANCE,BIGBANG,2016-12-13,KR,2026,2026-Q3,51+,True
1BxfuPKGuaTgP7aM0Bbdwr,Cruel Summer,Taylor Swift,2019-08-23,KR,2026,2026-Q3,51+,True
5H1sKFMzDeMtXwND3V6hRY,JUMP,BLACKPINK,2025-07-11,KR,2026,2026-Q3,51+,True
3TPPESvMtVS5zt7FAX2M9n,SWEET SOUR,KiiiKiii,2026-08-10,KR,2026,2026-Q3,51+,True
7MAibcTli4IisCtbHKrGMh,Leave The Door Open,Bruno Mars,2021-03-05,US,2021,2021-Q1,1-10,True
5QO79kh1waicV47BqGRL3g,Save Your Tears,The Weeknd,2020-03-20,US,2021,2021-Q1,1-10,True
42lqBjPYlmL1EXpMDXvhSN,Somebody’s Problem,Morgan Wallen,2021-01-08,US,2021,2021-Q1,1-10,True
6F2r4HgpJnvKDmkN6JEN6J,As I Am,Justin Bieber,2021-03-19,US,2021,2021-Q1,1-10,True
3aQem4jVGdhtg116TmJnHz,What’s Next,Drake,2021-03-05,US,2021,2021-Q1,1-10,True
3cBsEDNhFI9E82vPj3kvi3,Wasted On You,Morgan Wallen,2021-01-08,US,2021,2021-Q1,1-10,True
65OVbaJR5O1RmwOQx0875b,Wants and Needs,Drake,2021-03-05,US,2021,2021-Q1,1-10,True
1M4OcYkxAtu3ErzSgDEfoi,Up,Cardi B,2021-02-04,US,2021,2021-Q1,1-10,True
7FGdjbZ32vMybPuP0IuE7d,Back In Blood,Pooh Shiesty,2021-02-05,US,2021,2021-Q1,1-10,True
43CIWpJaJHRcI4mUSjqgc2,Bad Boy,Juice WRLD,2021-01-15,US,2021,2021-Q1,1-10,True
4MzXwWMhyBbmu6hOcLVD49,DÁKITI,Bad Bunny,2020-11-27,US,2021,2021-Q1,11-20,True
2QjOHCTQ1Jl3zawyYOpxh6,Sweater Weather,The Neighbourhood,2013-04-22,US,2021,2021-Q1,11-20,True
02MWAaffLxlfxAUY7c5dvx,Heat Waves,Glass Animals,2020-08-06,US,2021,2021-Q1,11-20,True
1tkg4EHVoqnhR6iFEXb60y,What You Know Bout Love,Pop Smoke,2020-07-03,US,2021,2021-Q1,11-20,True
4obHzpwGrjoTuZh2DItEMZ,7 Summers,Morgan Wallen,2021-01-08,US,2021,2021-Q1,11-20,True
3FAJ6O0NOHQV8Mc5Ri6ENp,Heartbreak Anniversary,GIVĒON,2020-03-27,US,2021,2021-Q1,11-20,True
0A1hoCfMLkiAgvhWkkucJa,Body,Megan Thee Stallion,2020-11-20,US,2021,2021-Q1,11-20,True
3Uo7WG0vmLQ07WB4BDwy7D,willow,Taylor Swift,2020-12-10,US,2021,2021-Q1,11-20,True
0uRrG2jRR5tuifsYIJHEao,Sand In My Boots,Morgan Wallen,2021-01-08,US,2021,2021-Q1,11-20,True
0PvFJmanyNQMseIFrU708S,For The Night,Pop Smoke,2020-07-03,US,2021,2021-Q1,11-20,True
5uEYRdEIh9Bo4fpjDd4Na9,Goosebumps - Remix,Travis Scott,2021-01-15,US,2021,2021-Q1,21-50,True
6toQdWWc4noiOk3Eo5mVDS,Beat Box 3,SpotemGottem,2021-02-26,US,2021,2021-Q1,21-50,True
01FvQEvHETjWqcDpQDJdTb,Your Bartender,Morgan Wallen,2021-01-08,US,2021,2021-Q1,21-50,True
6u3CPnFMKANYgfdiifFOiJ,Gravity,Brent Faiyaz,2021-01-29,US,2021,2021-Q1,21-50,True
0oaY19dUwZimIgzn3ZZLZO,2 Much,Justin Bieber,2021-03-19,US,2021,2021-Q1,21-50,True
5UMMPHPp6vRP6ghPpSUOzp,CLOUDS,NF,2021-02-18,US,2021,2021-Q1,21-50,True
2MbdDtCv5LUVjYy9RuGTgC,WHATS POPPIN,Jack Harlow,2020-06-24,US,2021,2021-Q1,21-50,True
21jGcNKet2qwijlDFuPiPb,Circles,Post Malone,2019-09-06,US,2021,2021-Q1,21-50,True
30KctD1WsHKTIYczXjip5a,Tequila Shots,Kid Cudi,2020-12-11,US,2021,2021-Q1,21-50,True
7eX3um6NpOQKWJMGCi97XD,Real As It Gets,Lil Baby,2021-03-04,US,2021,2021-Q1,21-50,True
3wkKkFAtYSTRwqOydW6T0I,Please Don't Go,Mike Posner,2010-01-01,US,2021,2021-Q1,51+,True
0WSa1sucoNRcEeULlZVQXj,Can You Feel My Heart,Bring Me The Horizon,2013-04-01,US,2021,2021-Q1,51+,True
7E2C5rBLpCKwQlhJPVFBRS,You’re Mines Still,Yung Bleu,2020-10-15,US,2021,2021-Q1,51+,True
4R2kfaDFhslZEMJqAFNpdd,cardigan,Taylor Swift,2020-07-24,US,2021,2021-Q1,51+,True
0AUvWawuP0ibk4SQ3sIZjk,Daisy,Ashnikko,2020-07-09,US,2021,2021-Q1,51+,True
6Gg1gjgKi2AK4e0qzsR7sd,Bandit,Juice WRLD,2019-10-04,US,2021,2021-Q1,51+,True
0GzuHFG4Ql6DoyxFRnIk3F,Hawái - Remix,Maluma,2020-11-05,US,2021,2021-Q1,51+,True
7eBqSVxrzQZtK2mmgRG6lC,Murder On My Mind,YNW Melly,2018-08-03,US,2021,2021-Q1,51+,True
3nS9a01VvXHQriLqJYwRqG,DOLLAZ ON MY HEAD,Gunna,2020-05-22,US,2021,2021-Q1,51+,True
7dH9TPjTWQ60wOJkmYay8a,Blastoff,Internet Money,2020-08-28,US,2021,2021-Q1,51+,True
6tDDoYIxWvMLTdKpjFkc1B,telepatía,Kali Uchis,2020-12-04,US,2021,2021-Q2,1-10,True
3VT8hOC5vuDXBsHrR53WFh,Astronaut In The Ocean,Masked Wolf,2019-06-07,US,2021,2021-Q2,1-10,True
65OVbaJR5O1RmwOQx0875b,Wants and Needs,Drake,2021-03-05,US,2021,2021-Q2,1-10,True
4iJyoBOLtHqaGxP12qzhQI,Peaches,Justin Bieber,2021-03-19,US,2021,2021-Q2,1-10,True
2JPLbjOn0wPCngEot2STUS,Yonaguni,Bad Bunny,2021-06-04,US,2021,2021-Q2,1-10,True
2TOzTqQXNmR2zDJXihjZ2e,enough for you,Olivia Rodrigo,2021-05-21,US,2021,2021-Q2,1-10,True
4wcBRRpIfesgcyUtis7PEg,"1 step forward, 3 steps back",Olivia Rodrigo,2021-05-21,US,2021,2021-Q2,1-10,True
5R691ipUYRDYW6ehapjoj6,9 5 . s o u t h,J. Cole,2021-05-14,US,2021,2021-Q2,1-10,True
3DarAbFujv6eYNliUTyqtz,Kiss Me More,Doja Cat,2021-06-25,US,2021,2021-Q2,1-10,True
08LwMWf5Tcfsd752EPzFV0,i n t e r l u d e,J. Cole,2021-05-14,US,2021,2021-Q2,1-10,True
77sMIMlNaSURUAXq5coCxE,Fearless (Taylor’s Version),Taylor Swift,2021-04-09,US,2021,2021-Q2,11-20,True
4eNOLmx8r2IJAVKvBBL1jv,Headshot,Lil Tjay,2021-04-02,US,2021,2021-Q2,11-20,True
3YJJjQPAbDT7mGpX3WtQ9A,Good Days,SZA,2020-12-25,US,2021,2021-Q2,11-20,True
5zNW5ARjYhJQJz1AChP33n,Thot Shit,Megan Thee Stallion,2021-06-11,US,2021,2021-Q2,11-20,True
2etHQJxIbV0soyPhelVs9Y,Best Friend,Saweetie,2021-01-07,US,2021,2021-Q2,11-20,True
2xdwCJLfKCkat14mlgR26M,Lost Cause,Billie Eilish,2021-06-02,US,2021,2021-Q2,11-20,True
5pcjystBtalYeqaiXCcgEY,You All Over Me,Taylor Swift,2021-03-26,US,2021,2021-Q2,11-20,True
02MWAaffLxlfxAUY7c5dvx,Heat Waves,Glass Animals,2020-08-06,US,2021,2021-Q2,11-20,True
6YvqWjhGD8mB5QXcbcUKtx,Love Story (Taylor’s Version),Taylor Swift,2021-04-09,US,2021,2021-Q2,11-20,True
3aQem4jVGdhtg116TmJnHz,What’s Next,Drake,2021-03-05,US,2021,2021-Q2,11-20,True
0cu0rhnlCnJ7JIeHRiLpj3,Ball If I Want To,DaBaby,2021-06-18,US,2021,2021-Q2,21-50,True
35mvY5S1H3J2QZyna3TFe0,positions,Ariana Grande,2020-10-30,US,2021,2021-Q2,21-50,True
1EJIcDYXwSqipW5dFe4uJz,EVERY CHANCE I GET,DJ Khaled,2021-04-30,US,2021,2021-Q2,21-50,True
03ERnTvSV5fy8WAyvA4uNP,Big Gangsta,Kevin Gates,2021-03-26,US,2021,2021-Q2,21-50,True
4TIqzdAssasqx3DAe6cG9J,Ramen & OJ,Joyner Lucas,2021-04-30,US,2021,2021-Q2,21-50,True
4qu63nuBpdn0qHUHuObEj1,Leave Before You Love Me,Marshmello,2021-05-21,US,2021,2021-Q2,21-50,True
6vFsBXYczYsP0H3lgunZOm,Cloud 9,Beach Bunny,2020-02-14,US,2021,2021-Q2,21-50,True
5pRTz4O2qOkr5nawemy6Wb,Tombstone,Rod Wave,2021-03-26,US,2021,2021-Q2,21-50,True
550erGcdD9n6PnwxrvYqZT,Hey Stephen (Taylor’s Version),Taylor Swift,2021-04-09,US,2021,2021-Q2,21-50,True
2Ox2c1WEJDeQCHTXPE3YKM,Shottas (Lala),Moneybagg Yo,2021-04-23,US,2021,2021-Q2,21-50,True
1yOL7ZiXGx5ULeLoktAUAg,Bubblegum Bitch,MARINA,2012-04-27,US,2021,2021-Q2,51+,True
6vQnpXl0KvwTfLpIhoOLHc,Boom,Polo G,2021-06-11,US,2021,2021-Q2,51+,True
0hxRyDVC61KlZGS6m2Min4,3 O'Clock Things,AJR,2021-03-26,US,2021,2021-Q2,51+,True
6AGOKlMZWLCaEJGnaROtF9,Put Your Records On,Ritt Momney,2020-04-24,US,2021,2021-Q2,51+,True
0I1eFRytp4XRhLCjT6tZm7,I Can't Handle Change,Roar,2010-03-14,US,2021,2021-Q2,51+,True
2NnJpRXIlx35Vij3bPZO0h,DAYWALKER!,mgk,2021-03-12,US,2021,2021-Q2,51+,True
3krZxyBsWEHfEfJegYaWTd,Come Through,H.E.R.,2021-04-23,US,2021,2021-Q2,51+,True
3wkKkFAtYSTRwqOydW6T0I,Please Don't Go,Mike Posner,2010-01-01,US,2021,2021-Q2,51+,True
1edgaGx2x2AQeWtL2OPEMW,Never Take It,Twenty One Pilots,2021-05-21,US,2021,2021-Q2,51+,True
2eAZfqOm4EnOF9VvN50Tyc,The Way Life Goes,Lil Uzi Vert,2017-08-25,US,2021,2021-Q2,51+,True
6HU7h9RYOaPRFeh0R3UeAr,deja vu,Olivia Rodrigo,2021-05-21,US,2021,2021-Q3,1-10,True
6jy9yJfgCsMHdu2Oz4BGKX,Papi’s Home,Drake,2021-09-03,US,2021,2021-Q3,1-10,True
0k1WUmIRnG3xU6fvvDVfRG,Way 2 Sexy,Drake,2021-09-03,US,2021,2021-Q3,1-10,True
3DarAbFujv6eYNliUTyqtz,Kiss Me More,Doja Cat,2021-06-25,US,2021,2021-Q3,1-10,True
5nujrmhLynf4yMoMtj8AQF,Levitating,Dua Lipa,2020-03-27,US,2021,2021-Q3,1-10,True
5B0kgjHULYJhAQkK5XsMoC,WUSYANAME,"Tyler, The Creator",2021-06-25,US,2021,2021-Q3,1-10,True
18vXApRmJSgQ6wG2ll9AOg,RAPSTAR,Polo G,2021-06-11,US,2021,2021-Q3,1-10,True
5PjdY0CKGZdEuoNab3yDmX,Stay,The Kid LAROI,2021-07-23,US,2021,2021-Q3,1-10,True
4ZtFanR9U6ndgddUvNcjcG,good 4 u,Olivia Rodrigo,2021-05-21,US,2021,2021-Q3,1-10,True
3Vi5XqYrmQgOYBajMWSvCi,Need To Know,Doja Cat,2021-06-25,US,2021,2021-Q3,1-10,True
3yaYgjEFkRw3PVjW9mV1TO,Over The Top,Smiley,2021-07-23,US,2021,2021-Q3,11-20,True
3SYLoL8KHxdQPYIkfwmUjN,Remote Control,Kanye West,2021-08-29,US,2021,2021-Q3,11-20,True
3JJL91ilRV6fXhKqu0FGXs,HOT WIND BLOWS,"Tyler, The Creator",2021-06-25,US,2021,2021-Q3,11-20,True
4zbr7Cp3UB00FurUovPU03,Matt Hardy 999,Trippie Redd,2021-08-20,US,2021,2021-Q3,11-20,True
1JXBNvlDEl2epKSJ9EOgKX,Not Sober,The Kid LAROI,2021-07-23,US,2021,2021-Q3,11-20,True
2sXf2JdbB2GlNju00kw9WE,Skate,Bruno Mars,2021-07-30,US,2021,2021-Q3,11-20,True
73uxnSsFMeJ15POpd3zgrV,Believe What I Say,Kanye West,2021-08-29,US,2021,2021-Q3,11-20,True
50ceCGZ3oD3U5caQV5bP6f,You Only Live Twice,Drake,2021-09-03,US,2021,2021-Q3,11-20,True
7zQirOExB0VR8yWUOqYeio,DOLLA SIGN SLIME,Lil Nas X,2021-09-17,US,2021,2021-Q3,11-20,True
1PDP7mLiAMwhfmgIwzhOm2,Yebba’s Heartbreak,Drake,2021-09-03,US,2021,2021-Q3,11-20,True
6DZz58CbF0AKw5PCKqNKcM,Come to Life,Kanye West,2021-08-29,US,2021,2021-Q3,21-50,True
48WidxP9CqyYtk97pwGZ3c,Wasting Time ( feat. Drake ),Brent Faiyaz,2021-07-01,US,2021,2021-Q3,21-50,True
4vsJWPwWPS27gRM4oLjBNO,DONT WANT IT,Lil Nas X,2021-09-17,US,2021,2021-Q3,21-50,True
4wONXG4GqWSscEyZlx300W,justified,Kacey Musgraves,2021-09-10,US,2021,2021-Q3,21-50,True
3JR2RztQcOjUQGQSybxDIO,ONE OF ME,Lil Nas X,2021-09-17,US,2021,2021-Q3,21-50,True
34eF4BoV8FPk0uhAAoqU7h,SUN GOES DOWN,Lil Nas X,2021-05-21,US,2021,2021-Q3,21-50,True
2BITQ360Knh6qNAOqR7Dyq,Miss The Rage,Trippie Redd,2021-05-07,US,2021,2021-Q3,21-50,True
3FAJ6O0NOHQV8Mc5Ri6ENp,Heartbreak Anniversary,GIVĒON,2020-03-27,US,2021,2021-Q3,21-50,True
1058fW9H3fZA6QjYCdOBad,Don't Go Yet,Camila Cabello,2021-07-23,US,2021,2021-Q3,21-50,True
08XWh5c0BMyD1nKVxxl91z,Fountains,Drake,2021-09-03,US,2021,2021-Q3,21-50,True
19n8izXThARSuQAXrOKNbO,Avalon,$uicideboy$,2021-08-13,US,2021,2021-Q3,51+,True
0G2zPzWqVjR68iNPmx2TBe,Volando - Remix,Mora,2021-07-08,US,2021,2021-Q3,51+,True
4saklk6nie3yiGePpBwUoc,Dynamite,BTS,2020-11-20,US,2021,2021-Q3,51+,True
3MmvQKMKdN3UhVS3eGzJIW,Brush Em,Pop Smoke,2021-07-16,US,2021,2021-Q3,51+,True
1ZIKpMTRPqhwAoVXWY3tXI,Chasing After You,Ryan Hurd,2021-02-12,US,2021,2021-Q3,51+,True
0nqhKXDjsyBMvbeWmgijD0,Wockesha,Moneybagg Yo,2021-04-23,US,2021,2021-Q3,51+,True
7hxHWCCAIIxFLCzvDgnQHX,Lemonade,Internet Money,2020-08-28,US,2021,2021-Q3,51+,True
4LYNt6hWctTuZWYiwafuD6,Danny Phantom,Trippie Redd,2021-08-20,US,2021,2021-Q3,51+,True
7fBv7CLKzipRk6EC6TWHOB,The Hills,The Weeknd,2015-08-28,US,2021,2021-Q3,51+,True
72dummgz1gSqm8faekYYQh,Jesus Lord pt 2,Kanye West,2021-08-29,US,2021,2021-Q3,51+,True
4OAuvHryIVv4kMDNSLuPt6,Red (Taylor's Version),Taylor Swift,2021-11-12,US,2021,2021-Q4,1-10,True
6lzc0Al0zfZOIFsFvBS1ki,State Of Grace (Taylor's Version),Taylor Swift,2021-11-12,US,2021,2021-Q4,1-10,True
4KDNRh9Oor80z3XIxdWlui,Bubbly,Young Thug,2021-10-15,US,2021,2021-Q4,1-10,True
7qM1BWAsZMTYh4BcYLb0uQ,Already Dead,Juice WRLD,2021-11-12,US,2021,2021-Q4,1-10,True
40iJIUlhi6renaREYGeIDS,Fair Trade,Drake,2021-09-03,US,2021,2021-Q4,1-10,True
5enxwA8aAbwZbf5qCHORXi,All Too Well (10 Minute Version) (Taylor's Version) (From The Vault),Taylor Swift,2021-11-12,US,2021,2021-Q4,1-10,True
2BcMwX1MPV6ZHP4tUT9uq6,Knife Talk,Drake,2021-09-03,US,2021,2021-Q4,1-10,True
3QFInJAm9eyaho5vBzxInN,family ties,Baby Keem,2021-09-10,US,2021,2021-Q4,1-10,True
08F16baYbciTva9P4BvpiI,MAFIA,Travis Scott,2021-11-05,US,2021,2021-Q4,1-10,True
46IZ0fSY2mpAiktS3KOqds,Easy On Me,Adele,2021-11-19,US,2021,2021-Q4,1-10,True
3S7HNKPakdwNEBFIVTL6dZ,Treacherous (Taylor's Version),Taylor Swift,2021-11-12,US,2021,2021-Q4,11-20,True
4IQkfUsrwXol38VV3U7t7T,Run,Taylor Swift,2021-11-12,US,2021,2021-Q4,11-20,True
3yII7UwgLF6K5zW3xad3MP,22 (Taylor's Version),Taylor Swift,2021-11-12,US,2021,2021-Q4,11-20,True
5R4Yrc2j4jw1itr4hKcN26,Feline,Juice WRLD,2021-12-10,US,2021,2021-Q4,11-20,True
08SB2OtZkaliju77WYEKxk,No Love,Summer Walker,2021-11-05,US,2021,2021-Q4,11-20,True
496vIKS2INz840xZaKncvR,All Night Parking,Adele,2021-11-19,US,2021,2021-Q4,11-20,True
4RVwu0g32PAqgUiJoXsdF8,Happier Than Ever,Billie Eilish,2021-07-30,US,2021,2021-Q4,11-20,True
4XvcHTUfIlWfyJTRG0aqlo,2055,Sleepy Hallow,2021-06-02,US,2021,2021-Q4,11-20,True
4CkgMiMqZ5JzW9iYXSTMTL,I Bet You Think About Me,Taylor Swift,2021-11-12,US,2021,2021-Q4,11-20,True
6Uj1ctrBOjOas8xZXGqKk4,Woman,Doja Cat,2021-06-25,US,2021,2021-Q4,11-20,True
73qMN9bXy7MSPwwGfH3wQr,Sad Beautiful Tragic (Taylor's Version),Taylor Swift,2021-11-12,US,2021,2021-Q4,21-50,True
6pYNq0ZwpPVazKzsqpf0G8,The Very First Night (Taylor's Version) (From The Vault),Taylor Swift,2021-11-12,US,2021,2021-Q4,21-50,True
6G2xXQRSZlEzYsUEb3uvuR,Está Dañada,Ivan Cornejo,2021-08-20,US,2021,2021-Q4,21-50,True
7xapw9Oy21WpfEcib2ErSA,Mistletoe,Justin Bieber,2011-01-01,US,2021,2021-Q4,21-50,True
2pXpURmn6zC5ZYDMms6fwa,It's Beginning to Look a Lot Like Christmas,Perry Como,1999-08-23,US,2021,2021-Q4,21-50,True
6tjituizSxwSmBB5vtgHZE,Holly Jolly Christmas,Michael Bublé,2011-10-24,US,2021,2021-Q4,21-50,True
5xlS0QkVrSH7ssEbBgBzbM,Little Saint Nick - 1991 Remix,The Beach Boys,1964-11-09,US,2021,2021-Q4,21-50,True
3PIDciSFdrQxSQSihim3hN,Christmas (Baby Please Come Home),Mariah Carey,1994-10-28,US,2021,2021-Q4,21-50,True
05GsNucq8Bngd9fnd4fRa0,Begin Again (Taylor's Version),Taylor Swift,2021-11-12,US,2021,2021-Q4,21-50,True
0v36cov6Z6aEV5ZgIlqZMk,Rockstar In His Prime,Juice WRLD,2021-12-10,US,2021,2021-Q4,21-50,True
7H0ya83CMmgFcOhw0UB6ow,Space Song,Beach House,2015-08-28,US,2021,2021-Q4,51+,True
0H1zX27yxoDrsrQA1hk5Uq,O Come All Ye Faithful,Nat King Cole,2018-09-21,US,2021,2021-Q4,51+,True
1OjmlSFuzYflWjSMTCyTJv,Like It's Christmas,Jonas Brothers,2019-11-08,US,2021,2021-Q4,51+,True
1Qi2wh8fFgDV7tl4Sj3f2K,Have Yourself A Merry Little Christmas,Sam Smith,2014-12-05,US,2021,2021-Q4,51+,True
0jNFDcGAXPs5ahngmD5R6n,XSCAPE,Don Toliver,2021-10-08,US,2021,2021-Q4,51+,True
1VLtjHwRWOVJiE5Py7JxoQ,Martin & Gina,Polo G,2020-05-15,US,2021,2021-Q4,51+,True
22mPEYsHFBwVwjmkwx2cHT,Until The Plug Comes Back Around,Juice WRLD,2021-12-10,US,2021,2021-Q4,51+,True
42ZrMq4BKsWDrrbMnMRYaK,Jail,Kanye West,2021-08-29,US,2021,2021-Q4,51+,True
61Emqg95O9zo1GNOcyxq4Y,For Tonight,GIVĒON,2021-09-24,US,2021,2021-Q4,51+,True
161DnLWsx1i3u1JT05lzqU,Talking to the Moon,Bruno Mars,2010-05-11,US,2021,2021-Q4,51+,True
6HJIZUOiZDE814XMhRGSZN,Soy El Unico,Yahritza Y Su Esencia,2022-03-25,US,2022,2022-Q1,1-10,True
42Xba467wgGvYrR2EE6s0i,Cigarettes,Juice WRLD,2022-02-02,US,2022,2022-Q1,1-10,True
5PjdY0CKGZdEuoNab3yDmX,Stay,The Kid LAROI,2021-07-23,US,2022,2022-Q1,1-10,True
4SqWKzw0CbA05TGszDgMlc,I Love You So,The Walters,2014-11-28,US,2022,2022-Q1,1-10,True
2Ghp894n1laIf2w98VeAOJ,How Do I Make You Love Me?,The Weeknd,2022-01-06,US,2022,2022-Q1,1-10,True
2SLwbpExuoBDZBpjfefCtV,Out of Time,The Weeknd,2022-01-06,US,2022,2022-Q1,1-10,True
6Uj1ctrBOjOas8xZXGqKk4,Woman,Doja Cat,2021-06-25,US,2022,2022-Q1,1-10,True
5Z9KJZvQzH6PFmb8SNkxuk,INDUSTRY BABY,Lil Nas X,2021-09-17,US,2022,2022-Q1,1-10,True
3XOalgusokruzA5ZBA2Qcb,pushin P,Gunna,2022-01-07,US,2022,2022-Q1,1-10,True
02MWAaffLxlfxAUY7c5dvx,Heat Waves,Glass Animals,2020-08-06,US,2022,2022-Q1,1-10,True
7FlQk2gJ6TBrHHiidvdR2O,MAMIII,Becky G,2022-05-13,US,2022,2022-Q1,11-20,True
50nfwKoDiSYg8zOCREWAm5,Shivers,Ed Sheeran,2021-10-25,US,2022,2022-Q1,11-20,True
3Vi5XqYrmQgOYBajMWSvCi,Need To Know,Doja Cat,2021-06-25,US,2022,2022-Q1,11-20,True
6LtHYDgYHRCHoKK3snfr2w,I'm Tired,Labrinth,2022-02-28,US,2022,2022-Q1,11-20,True
3AVXwaOGCEL8cmBecfcsFJ,Light Switch,Charlie Puth,2022-01-19,US,2022,2022-Q1,11-20,True
3DarAbFujv6eYNliUTyqtz,Kiss Me More,Doja Cat,2021-06-25,US,2022,2022-Q1,11-20,True
6JIC3hbC28JZKZ8AlAqX8h,Cold Heart - PNAU Remix,Elton John,2021-10-22,US,2022,2022-Q1,11-20,True
0IuVhCflrQPMGRrOyoY5RW,she's all i wanna be,Tate McRae,2022-02-04,US,2022,2022-Q1,11-20,True
6krYS8KtmNAYyb5uTZiYW4,Dawn FM,The Weeknd,2022-01-06,US,2022,2022-Q1,11-20,True
3XoYqtiWHhsk59frZupImG,What Else Can I Do?,Diane Guerrero,2021-11-19,US,2022,2022-Q1,11-20,True
7lcI4X8RZxK4zIknJcwpBq,Bussin,Nicki Minaj,2022-02-11,US,2022,2022-Q1,21-50,True
79nEEoEPY2w8EXj9hjn5oc,Ginseng Strip 2002,Yung Lean,2013-08-16,US,2022,2022-Q1,21-50,True
00Blm7zeNqgYLPtW6zg8cj,One Right Now,Post Malone,2021-11-05,US,2022,2022-Q1,21-50,True
4XvcHTUfIlWfyJTRG0aqlo,2055,Sleepy Hallow,2021-06-02,US,2022,2022-Q1,21-50,True
0N0h5lXc4HOiLgGb9EZi8m,Rocking A Cardigan in Atlanta,lil Shordie Scott,2022-01-29,US,2022,2022-Q1,21-50,True
3t4KHjd8uQpJJ2fa0fRIpR,High,The Chainsmokers,2022-01-28,US,2022,2022-Q1,21-50,True
18vXApRmJSgQ6wG2ll9AOg,RAPSTAR,Polo G,2021-06-11,US,2022,2022-Q1,21-50,True
0sTlGEld0h8kIPZaKDYUf4,Notion,The Rare Occasions,2021-12-02,US,2022,2022-Q1,21-50,True
2QjOHCTQ1Jl3zawyYOpxh6,Sweater Weather,The Neighbourhood,2013-04-22,US,2022,2022-Q1,21-50,True
7Fege3yv4dvehB3NdRBGwI,Banking On Me,Gunna,2022-02-14,US,2022,2022-Q1,21-50,True
0syVTyo71ordJjSd8cuElB,private island,Gunna,2022-01-07,US,2022,2022-Q1,51+,True
09gysnJpfQ3ublBmJDfcEC,SAD GIRLZ LUV MONEY Remix,Amaarae,2021-09-16,US,2022,2022-Q1,51+,True
5x8NgG7Ya18m9wafOvvWYk,Lost and Found Freestyle 2019,A$AP Rocky,2022-03-25,US,2022,2022-Q1,51+,True
2lUDBd7JrgAMltcp6dcd7D,25 million,Roddy Ricch,2021-12-17,US,2022,2022-Q1,51+,True
4tqcoej1zPvwePZCzuAjJd,Wet Dreamz,J. Cole,2014-12-09,US,2022,2022-Q1,51+,True
5lAnYvAIkSDNXqfo7DyFUm,Ain't Shit,Doja Cat,2021-06-25,US,2022,2022-Q1,51+,True
6HU7h9RYOaPRFeh0R3UeAr,deja vu,Olivia Rodrigo,2021-05-21,US,2022,2022-Q1,51+,True
3Kkjo3cT83cw09VJyrLNwX,Oh My God,Adele,2021-11-19,US,2022,2022-Q1,51+,True
0KCSJzsQVxkloxoT7dyrqV,The Rumbling (TV Size),SiM,2022-01-10,US,2022,2022-Q1,51+,True
7iXF2W9vKmDoGAhlHdpyIa,Forgot About Dre,Dr. Dre,1999-11-16,US,2022,2022-Q1,51+,True
02MWAaffLxlfxAUY7c5dvx,Heat Waves,Glass Animals,2020-08-06,US,2022,2022-Q2,1-10,True
0O6u0VJ46W86TxN9wgyqDj,I Like You (A Happier Song),Post Malone,2022-06-03,US,2022,2022-Q2,1-10,True
4xIhSUJantE6BMl3u8dtCJ,Father Time,Kendrick Lamar,2022-05-13,US,2022,2022-Q2,1-10,True
1IHWl5LamUGEuP4ozKQSXZ,Tití Me Preguntó,Bad Bunny,2022-05-06,US,2022,2022-Q2,1-10,True
62Yo3FDddWY8ydu6PW2wyz,Nail Tech,Jack Harlow,2022-02-18,US,2022,2022-Q2,1-10,True
6ws54n2IzyrIxxyzlG2bVJ,Right On,Lil Baby,2022-04-08,US,2022,2022-Q2,1-10,True
5CzixCxDkRXX9mScCmah8O,Un Ratito,Bad Bunny,2022-05-06,US,2022,2022-Q2,1-10,True
3FSwpQ9dBZBeBV6UdYHI2R,712PM,Future,2022-04-29,US,2022,2022-Q2,1-10,True
6Sq7ltF9Qa7SNFBsV5Cogx,Me Porto Bonito,Bad Bunny,2022-05-06,US,2022,2022-Q2,1-10,True
1HvTxgCj0mTzQlEo0zLvFb,In My Head,Lil Tjay,2022-04-01,US,2022,2022-Q2,1-10,True
3Qu3Zh4WTKhP9GEXo0aDnb,Thought You Should Know,Morgan Wallen,2023-03-03,US,2022,2022-Q2,11-20,True
2tzgSUZOUKopYbRqQOVT8X,MASSAGING ME,Future,2022-04-29,US,2022,2022-Q2,11-20,True
2PljnVsnl2PRwCvfhbdQup,Plan B,Megan Thee Stallion,2022-04-22,US,2022,2022-Q2,11-20,True
59CfNbkERJ3NoTXDvoURjj,Boyfriend,Dove Cameron,2022-02-11,US,2022,2022-Q2,11-20,True
0y60itmpH0aPKsFiGxmtnh,Wait a Minute!,WILLOW,2015-01-11,US,2022,2022-Q2,11-20,True
2DB4DdfCFMw1iaR6JaR03a,Bam Bam,Camila Cabello,2022-04-07,US,2022,2022-Q2,11-20,True
7IaeavdRzXYQWfu2Wt5GlU,Currents,Drake,2022-06-16,US,2022,2022-Q2,11-20,True
5Eax0qFko2dh7Rl2lYs3bx,Efecto,Bad Bunny,2022-05-06,US,2022,2022-Q2,11-20,True
7sT7kZEYd1MrmzLLIRVZas,Calling My Name,Drake,2022-06-17,US,2022,2022-Q2,11-20,True
1797zYiX4cKosMH836X9Gt,La Corriente,Bad Bunny,2022-05-06,US,2022,2022-Q2,11-20,True
3XOalgusokruzA5ZBA2Qcb,pushin P,Gunna,2022-01-07,US,2022,2022-Q2,21-50,True
00Blm7zeNqgYLPtW6zg8cj,One Right Now,Post Malone,2021-11-05,US,2022,2022-Q2,21-50,True
3cBsEDNhFI9E82vPj3kvi3,Wasted On You,Morgan Wallen,2021-01-08,US,2022,2022-Q2,21-50,True
1BzXvBpIFWJgu0P8P6xmP4,Stick,Dreamville,2022-03-31,US,2022,2022-Q2,21-50,True
19Fg3WrTfo35Ji3PtfZE6J,Auntie Diaries,Kendrick Lamar,2022-05-13,US,2022,2022-Q2,21-50,True
7zvfDihYiJ8RQ1nRcpKBF5,Mr. Morale,Kendrick Lamar,2022-05-13,US,2022,2022-Q2,21-50,True
3GbQcjKWT7eVpUfzqwUjxv,Late To Da Party,Lil Nas X,2022-06-24,US,2022,2022-Q2,21-50,True
0fv2KH6hac06J86hBUTcSf,NEW MAGIC WAND,"Tyler, The Creator",2019-05-17,US,2022,2022-Q2,21-50,True
5PPUw4Xo3Hz6rl4GpBfd3c,Savior - Interlude,Kendrick Lamar,2022-05-13,US,2022,2022-Q2,21-50,True
6f5ExP43esnvdKPddwKXJH,Better Days (NEIKED x Mae Muller x Polo G),NEIKED,2021-09-24,US,2022,2022-Q2,21-50,True
3w1WjD2zJqjBjDz5fwqQPJ,Tyler Herro,Jack Harlow,2020-12-11,US,2022,2022-Q2,51+,True
0W6I02J9xcqK8MtSeosEXb,Get Into It (Yuh),Doja Cat,2021-06-25,US,2022,2022-Q2,51+,True
7FIWs0pqAYbP91WWM0vlTQ,Godzilla,Eminem,2020-01-17,US,2022,2022-Q2,51+,True
4HiC3ulkTgbEcYYsSuR6PO,Danger Zone,Kenny Loggins,1997-01-01,US,2022,2022-Q2,51+,True
0De9jFjJ4eRLl7Yww2eBw1,Flower Shops,ERNEST,2022-03-11,US,2022,2022-Q2,51+,True
5gVCfYmQRPy1QJifP8f5gg,Fall In Love,Bailey Zimmerman,2022-02-11,US,2022,2022-Q2,51+,True
0LQtEJt7x0s6knb6RKdRYc,Chicken Fried,Zac Brown Band,2008-11-17,US,2022,2022-Q2,51+,True
7MAibcTli4IisCtbHKrGMh,Leave The Door Open,Bruno Mars,2021-03-05,US,2022,2022-Q2,51+,True
3rmo8F54jFF8OgYsqTxm5d,Bad Habits,Ed Sheeran,2021-10-25,US,2022,2022-Q2,51+,True
7KXjTSCq5nL1LoYtL7XAwS,HUMBLE.,Kendrick Lamar,2017-04-14,US,2022,2022-Q2,51+,True
0O6u0VJ46W86TxN9wgyqDj,I Like You (A Happier Song),Post Malone,2022-06-03,US,2022,2022-Q3,1-10,True
5Eax0qFko2dh7Rl2lYs3bx,Efecto,Bad Bunny,2022-05-06,US,2022,2022-Q3,1-10,True
2yjlYDiNiQkdxVqTlaSrlX,Super Freaky Girl,Nicki Minaj,2022-08-26,US,2022,2022-Q3,1-10,True
0hquQWY3xvYqN4qtiquniF,Vegas (From the Original Motion Picture Soundtrack ELVIS),Doja Cat,2022-05-06,US,2022,2022-Q3,1-10,True
5zwwW9Oq7ubSxoCGyW1nbY,Pink Venom,BLACKPINK,2022-09-15,US,2022,2022-Q3,1-10,True
1xK59OXxi2TAAAbmZK0kBL,Romantic Homicide,d4vd,2022-07-20,US,2022,2022-Q3,1-10,True
7Ddk8FhoYKdsVoX9AOCPMm,STAYING ALIVE,DJ Khaled,2022-08-26,US,2022,2022-Q3,1-10,True
4fYte8ZvTK14NEhAOZocBi,I Ain't Worried,OneRepublic,2023-02-15,US,2022,2022-Q3,1-10,True
1Hohk6AufHZOrrhMXZppax,ALIEN SUPERSTAR,Beyoncé,2022-07-29,US,2022,2022-Q3,1-10,True
1IHWl5LamUGEuP4ozKQSXZ,Tití Me Preguntó,Bad Bunny,2022-05-06,US,2022,2022-Q3,1-10,True
02MWAaffLxlfxAUY7c5dvx,Heat Waves,Glass Animals,2020-08-06,US,2022,2022-Q3,11-20,True
3k3NWokhRRkEPhCzPmV8TW,Ojitos Lindos,Bad Bunny,2022-05-06,US,2022,2022-Q3,11-20,True
2mqTtvbKxH7SoEQ2oGAnsA,CHURCH GIRL,Beyoncé,2022-07-29,US,2022,2022-Q3,11-20,True
0314PeD1sQNonfVWix3B2K,ENERGY,Beyoncé,2022-07-29,US,2022,2022-Q3,11-20,True
3uJFmluXzYedoJcvhpC1AW,Hot Shit,Cardi B,2022-07-01,US,2022,2022-Q3,11-20,True
1qEmFfgcLObUfQm0j1W2CK,Late Night Talking,Harry Styles,2022-05-20,US,2022,2022-Q3,11-20,True
5odlY52u43F5BjByhxg7wg,golden hour,JVKE,2022-09-23,US,2022,2022-Q3,11-20,True
3HyR1j49TY5ACP2lseF1jx,SUMMER RENAISSANCE,Beyoncé,2022-07-29,US,2022,2022-Q3,11-20,True
0oO1AbL92F6329z13C2qQH,Talk,Yeat,2022-09-09,US,2022,2022-Q3,11-20,True
1MpCaOeUWhox2Fgigbe1cL,I'M THAT GIRL,Beyoncé,2022-07-29,US,2022,2022-Q3,11-20,True
5ie5OPdaP9fivYaKcjwKF1,Alone,Rod Wave,2022-08-12,US,2022,2022-Q3,21-50,True
6pr7X9UZCDn8CruopaNVha,BIG TIME,DJ Khaled,2022-08-26,US,2022,2022-Q3,21-50,True
00imgaPlYRrMGn9o83hfmk,LOOSE CHANGE,Brent Faiyaz,2022-07-08,US,2022,2022-Q3,21-50,True
58ge6dfP91o9oXMzq3XkIS,505,Arctic Monkeys,2007-04-24,US,2022,2022-Q3,21-50,True
0wXThIDxO3YRJCpPgnmbkw,Where It Ends,Bailey Zimmerman,2023-01-11,US,2022,2022-Q3,21-50,True
6ufcuVInt0ocHrUimDjGlb,PLASTIC OFF THE SOFA,Beyoncé,2022-07-29,US,2022,2022-Q3,21-50,True
27ZZdyTSQWI7Cug2d2PkqV,BILLIE EILISH.,Armani White,2022-05-19,US,2022,2022-Q3,21-50,True
1dm6z1fWB0cErMszU25dy2,Después de la Playa,Bad Bunny,2022-05-06,US,2022,2022-Q3,21-50,True
7wdwIaXUuzlu1grzWMFRJm,Mary On A Cross,Ghost,2022-09-12,US,2022,2022-Q3,21-50,True
3XgGQ1wjo5khvq2UImjyNF,ALL MINE,Brent Faiyaz,2022-07-08,US,2022,2022-Q3,21-50,True
3Osd3Yf8K73aj4ySn6LrvK,No Church In The Wild,JAŸ-Z,2011-08-08,US,2022,2022-Q3,51+,True
6AqwH2Y9FJwhUE2dCSkw1u,5 Foot 9,Tyler Hubbard,2022-05-20,US,2022,2022-Q3,51+,True
0WtM2NBVQNNJLh6scP13H8,Calm Down,Rema,2022-08-25,US,2022,2022-Q3,51+,True
3wGT3OycqbsHFjIKMZ8EEq,"No Matter Which Direction I'm Going In, I Never Chase These Hoes",$uicideboy$,2022-07-29,US,2022,2022-Q3,51+,True
3SeeaIXnrCfT88vHVCRWHl,Last Night Lonely,Jon Pardi,2022-02-17,US,2022,2022-Q3,51+,True
4pi1G1x8tl9VfdD9bL3maT,Big Energy,Latto,2022-03-25,US,2022,2022-Q3,51+,True
6f5ExP43esnvdKPddwKXJH,Better Days (NEIKED x Mae Muller x Polo G),NEIKED,2021-09-24,US,2022,2022-Q3,51+,True
44XjoNvtwevktFKjvVe1vH,Andrea,Bad Bunny,2022-05-06,US,2022,2022-Q3,51+,True
0fv2KH6hac06J86hBUTcSf,NEW MAGIC WAND,"Tyler, The Creator",2019-05-17,US,2022,2022-Q3,51+,True
1mMLMZYXkMueg65jRRWG1l,When It Rains It Pours,Luke Combs,2017-06-02,US,2022,2022-Q3,51+,True
6eT2V7nKXyMf47TwPbtgAD,Seek & Destroy,SZA,2022-12-09,US,2022,2022-Q4,1-10,True
3eX0NZfLtGzoLUxPNvRfqm,Maroon,Taylor Swift,2022-10-21,US,2022,2022-Q4,1-10,True
3nqQXoyQOWXiESFLlDF1hG,Unholy,Sam Smith,2022-09-22,US,2022,2022-Q4,1-10,True
7l2nxyx7IkBX5orhkALg0V,Privileged Rappers,Drake,2022-11-04,US,2022,2022-Q4,1-10,True
4fYte8ZvTK14NEhAOZocBi,I Ain't Worried,OneRepublic,2023-02-15,US,2022,2022-Q4,1-10,True
77khP2fIVhSW23NwxrRluh,A Holly Jolly Christmas - Single Version,Burl Ives,1965-10-01,US,2022,2022-Q4,1-10,True
0wshkEEcJUQU33RSRBb5dv,BackOutsideBoyz,Drake,2022-11-04,US,2022,2022-Q4,1-10,True
2CSRrnOEELmhpq8iaAi9cd,Blind,SZA,2022-12-09,US,2022,2022-Q4,1-10,True
1rv46mRwDqMEhOBZ7vODg3,It's Beginning to Look a Lot like Christmas,Michael Bublé,2011-10-24,US,2022,2022-Q4,1-10,True
0vjeOZ3Ft5jvAi9SBFJm1j,Superhero (Heroes & Villains) [with Future & Chris Brown],Metro Boomin,2022-12-02,US,2022,2022-Q4,1-10,True
4Flfb4fGscN9kXPOduQLrv,Treacherous Twins,Drake,2022-11-04,US,2022,2022-Q4,11-20,True
410TZrK18uRjtsTunG14cl,Middle of the Ocean,Drake,2022-11-04,US,2022,2022-Q4,11-20,True
3pUa0ZxdSeaJXm0EIydD3F,"Would've, Could've, Should've",Taylor Swift,2022-10-21,US,2022,2022-Q4,11-20,True
5BYl3SodS3rGmafWXRWmB7,The Great War,Taylor Swift,2022-10-21,US,2022,2022-Q4,11-20,True
0sSRLXxknVTQDStgU1NqpY,Hours In Silence,Drake,2022-11-04,US,2022,2022-Q4,11-20,True
3EaJDYHA0KnX88JvDhL9oa,Dark Red,Steve Lacy,2017-02-20,US,2022,2022-Q4,11-20,True
6xGruZOHLs39ZbVccQTuPZ,Glimpse of Us,Joji,2022-06-10,US,2022,2022-Q4,11-20,True
5Eax0qFko2dh7Rl2lYs3bx,Efecto,Bad Bunny,2022-05-06,US,2022,2022-Q4,11-20,True
7fUYUcWy853HS8YJn0b3Sr,Sleigh Ride,The Ronettes,2020-12-04,US,2022,2022-Q4,11-20,True
1eIXYZWEfJO3Na2LCCnIJE,Love Language,SZA,2022-12-09,US,2022,2022-Q4,11-20,True
6koKhrBBcExADvWuOgceNZ,Open Arms,SZA,2022-12-08,US,2022,2022-Q4,21-50,True
02MWAaffLxlfxAUY7c5dvx,Heat Waves,Glass Animals,2020-08-06,US,2022,2022-Q4,21-50,True
4fnNBPN9W6AoOYSQS3FJxT,Notice Me,SZA,2022-12-09,US,2022,2022-Q4,21-50,True
26hOm7dTtBi0TdpDGl141t,Die For You,Joji,2022-11-04,US,2022,2022-Q4,21-50,True
1TE8AAk9koG0UJco6ZAUfx,Rock and A Hard Place,Bailey Zimmerman,2023-01-11,US,2022,2022-Q4,21-50,True
6RJBrG3VHz2hPITjv88chh,Glitch,Taylor Swift,2022-10-21,US,2022,2022-Q4,21-50,True
1Py8c3dkLF0YczcAyBFBEM,Never Hating,Lil Baby,2022-10-14,US,2022,2022-Q4,21-50,True
200x8ONbPfFzByUr3fVz46,She Had Me At Heads Carolina,Cole Swindell,2022-04-08,US,2022,2022-Q4,21-50,True
0rHToGels2lt8Y0mCYoF90,Deck The Hall,Nat King Cole,2018-09-21,US,2022,2022-Q4,21-50,True
5Y35SjAfXjjG0sFQ3KOxmm,Nobody Gets Me,SZA,2022-12-09,US,2022,2022-Q4,21-50,True
0rKtyWc8bvkriBthvHKY8d,SLOW DANCING IN THE DARK,Joji,2018-10-26,US,2022,2022-Q4,51+,True
4XvcHTUfIlWfyJTRG0aqlo,2055,Sleepy Hallow,2021-06-02,US,2022,2022-Q4,51+,True
59CfNbkERJ3NoTXDvoURjj,Boyfriend,Dove Cameron,2022-02-11,US,2022,2022-Q4,51+,True
1sUdq3kWa9dJXHu3eYOUll,"Spooky, Scary Skeletons - Undead Tombstone Remix",Andrew Gold,2019-10-18,US,2022,2022-Q4,51+,True
4xqrdfXkTW4T0RauPLv3WA,Heather,Conan Gray,2020-03-20,US,2022,2022-Q4,51+,True
7faDzZnZYqTyYThx2sbHVQ,Mistletoe And Holly - Remastered 1999,Frank Sinatra,1957-09-01,US,2022,2022-Q4,51+,True
5Z9KJZvQzH6PFmb8SNkxuk,INDUSTRY BABY,Lil Nas X,2021-09-17,US,2022,2022-Q4,51+,True
30VrBsh1STRBoIrhQOAwzK,Disturbia,Rihanna,2007-03-31,US,2022,2022-Q4,51+,True
0FqBNLXlTNimxmVRdDMj6b,1AM FREESTYLE,Joji,2022-11-04,US,2022,2022-Q4,51+,True
5TxRUOsGeWeRl3xOML59Ai,ARE WE STILL FRIENDS?,"Tyler, The Creator",2019-05-17,US,2022,2022-Q4,51+,True
1rXq0uoV4KTgRN64jXzIxo,One Thing At A Time,Morgan Wallen,2023-03-03,US,2023,2023-Q1,1-10,True
4P9Q0GojKVXpRTJCaL3kyy,All Of The Girls You Loved Before,Taylor Swift,2019-08-23,US,2023,2023-Q1,1-10,True
03fs6oV5JAlbytRYf3371S,Everything I Love,Morgan Wallen,2023-03-03,US,2023,2023-Q1,1-10,True
7K3BhSpAxZBznislvUMVtn,Last Night,Morgan Wallen,2023-03-03,US,2023,2023-Q1,1-10,True
2dHHgzDwk4BJdRwy9uXhTO,Creepin',Metro Boomin,2022-12-02,US,2023,2023-Q1,1-10,True
1xK59OXxi2TAAAbmZK0kBL,Romantic Homicide,d4vd,2022-07-20,US,2023,2023-Q1,1-10,True
3qQbCzHBycnDpGskqOWY0E,Ella Baila Sola,Eslabon Armado,2023-04-28,US,2023,2023-Q1,1-10,True
0DWdj2oZMBFSzRsi2Cvfzf,TQG,KAROL G,2023-02-24,US,2023,2023-Q1,1-10,True
7DSAEUvxU8FajXtRloy8M0,Flowers,Miley Cyrus,2023-08-18,US,2023,2023-Q1,1-10,True
0V3wPSX9ygBnCm8psDIegu,Anti-Hero,Taylor Swift,2022-10-21,US,2023,2023-Q1,1-10,True
04CqLjewJiSAqM210vZAmT,River,Miley Cyrus,2023-03-10,US,2023,2023-Q1,11-20,True
3WMj8moIAXJhHsyLaqIIHI,Something in the Orange,Zach Bryan,2022-04-22,US,2023,2023-Q1,11-20,True
2Jw3VjB1xy5KHBqEeAC6VK,Eat Your Young,Hozier,2023-03-17,US,2023,2023-Q1,11-20,True
0IKeDy5bT9G0bA7ZixRT4A,Bebe Dame,Fuerza Regida,2022-12-28,US,2023,2023-Q1,11-20,True
42TtHTxWk782ZBiqyOi2d1,Dawns,Zach Bryan,2023-01-27,US,2023,2023-Q1,11-20,True
1Y3LN4zO1Edc2EluIoSPJN,Until I Found You,Stephen Sanchez,2022-04-22,US,2023,2023-Q1,11-20,True
73zawW1ttszLRgT9By826D,Man Made A Bar,Morgan Wallen,2023-03-03,US,2023,2023-Q1,11-20,True
2wSTnntOPRi7aQneobFtU4,Shirt,SZA,2022-12-09,US,2023,2023-Q1,11-20,True
12cZWGf5ZgLcKubEW9mx5q,HOPE,NF,2023-02-16,US,2023,2023-Q1,11-20,True
1BAU6v0fuAV914qMUEESR1,Born With A Beer In My Hand,Morgan Wallen,2023-03-03,US,2023,2023-Q1,11-20,True
0QHEIqNKsMoOY5urbzN48u,Made You Look,Meghan Trainor,2022-10-21,US,2023,2023-Q1,21-50,True
6HMtHNpW6YPi1hrw9tgF8P,About Damn Time,Lizzo,2022-07-15,US,2023,2023-Q1,21-50,True
1vcJdUJDM2NVXBsGncmLyh,Keith Whitley,Morgan Wallen,2023-03-03,US,2023,2023-Q1,21-50,True
02MWAaffLxlfxAUY7c5dvx,Heat Waves,Glass Animals,2020-08-06,US,2023,2023-Q1,21-50,True
2mpoNBkngUEwnaKoBhZ0vl,PRC,Peso Pluma,2023-01-23,US,2023,2023-Q1,21-50,True
52ChYmfu792MW2Ezv0whpk,5 Leaf Clover,Luke Combs,2023-03-24,US,2023,2023-Q1,21-50,True
1IHWl5LamUGEuP4ozKQSXZ,Tití Me Preguntó,Bad Bunny,2022-05-06,US,2023,2023-Q1,21-50,True
3Ga7Uele3zN57vQ4F0HPTW,Tennessee Fan,Morgan Wallen,2022-12-02,US,2023,2023-Q1,21-50,True
1N8TTK1Uoy7UvQNUazfUt5,SPIT IN MY FACE!,ThxSoMch,2022-12-20,US,2023,2023-Q1,21-50,True
5NzfnUyVaNrxa2VtoyBWlR,Tennessee Numbers,Morgan Wallen,2023-03-03,US,2023,2023-Q1,21-50,True
0IdkFyYIDMhJqz0NL5zCk9,PAINTING PICTURES,mxmy,2023-03-08,US,2023,2023-Q1,51+,True
6koKhrBBcExADvWuOgceNZ,Open Arms,SZA,2022-12-08,US,2023,2023-Q1,51+,True
474uVhyGgK5MtY9gMcDgGl,It's Called: Freefall,Rainbow Kitten Surprise,2018-04-06,US,2023,2023-Q1,51+,True
5ht9obvnnWeW4eoRtPAoQD,Fact,Ghostluvme,2023-02-07,US,2023,2023-Q1,51+,True
2ENexcMEMsYk0rVJigVD3i,Only Girl (In The World),Rihanna,2010-01-01,US,2023,2023-Q1,51+,True
6JIC3hbC28JZKZ8AlAqX8h,Cold Heart - PNAU Remix,Elton John,2021-10-22,US,2023,2023-Q1,51+,True
789CxjEOtO76BVD1A9yJQH,Stay,Rihanna,2012-01-01,US,2023,2023-Q1,51+,True
4RvWPyQ5RL0ao9LPZeSouE,Everybody Wants To Rule The World,Tears For Fears,1985-02-25,US,2023,2023-Q1,51+,True
1TUuhV75FeOF6UObRsABo2,Don't Think Jesus,Morgan Wallen,2022-04-15,US,2023,2023-Q1,51+,True
6BePGk3eCan4FqaW2X8Qy3,10:35,Tiësto,2022-11-03,US,2023,2023-Q1,51+,True
7mXuWTczZNxG5EDcjFEuJR,LADY GAGA,Peso Pluma,2023-06-29,US,2023,2023-Q2,1-10,True
4i6cwNY6oIUU2XZxPIw82Y,Karma,Taylor Swift,2023-05-26,US,2023,2023-Q2,1-10,True
741UUVE2kuITl0c6zuqqbO,Barbie World,Nicki Minaj,2023-06-23,US,2023,2023-Q2,1-10,True
5AqiaZwhmC6dIbgWrD5SzV,"Peso Pluma: Bzrp Music Sessions, Vol. 55",Bizarrap,2023-06-01,US,2023,2023-Q2,1-10,True
2yzshFeBIwH8tWIqHEFLeD,un x100to,Grupo Frontera,2023-08-25,US,2023,2023-Q2,1-10,True
368eeEO3Y2uZUQ6S5oIjcu,TQM,Fuerza Regida,2023-05-19,US,2023,2023-Q2,1-10,True
7qLr3HMApUbyDkUvgIvHnB,Oh U Went,Young Thug,2023-06-23,US,2023,2023-Q2,1-10,True
7DSAEUvxU8FajXtRloy8M0,Flowers,Miley Cyrus,2023-08-18,US,2023,2023-Q2,1-10,True
3xYJScVfxByb61dYHTwiby,Hits Different,Taylor Swift,2023-05-26,US,2023,2023-Q2,1-10,True
0WoVfPjxsf9MTvPt9ptqeE,SLUT ME OUT,NLE Choppa,2023-04-14,US,2023,2023-Q2,1-10,True
0vjeOZ3Ft5jvAi9SBFJm1j,Superhero (Heroes & Villains) [with Future & Chris Brown],Metro Boomin,2022-12-02,US,2023,2023-Q2,11-20,True
3kf0WdFOalKWBkCCLJo4mA,El Gordo Trae El Mando,Chino Pacas,2023-01-27,US,2023,2023-Q2,11-20,True
0AAMnNeIc6CdnfNU85GwCH,Self Love (Spider-Man: Across the Spider-Verse) (Metro Boomin & Coi Leray),Metro Boomin,2023-06-02,US,2023,2023-Q2,11-20,True
4FyesJzVpA39hbYvcseO2d,Just Wanna Rock,Lil Uzi Vert,2022-10-17,US,2023,2023-Q2,11-20,True
1odExI7RdWc4BT515LTAwj,Daylight,David Kushner,2023-04-14,US,2023,2023-Q2,11-20,True
1bDbXMyjaUIooNwFE9wn0N,Rich Flex,Drake,2022-11-04,US,2023,2023-Q2,11-20,True
3RA55zrRkyPK8Fd86hrMy8,LUNA,Peso Pluma,2023-06-29,US,2023,2023-Q2,11-20,True
0CrcwVLUe8wzLUIXgjXVZJ,Kill Bill,SZA,2023-04-14,US,2023,2023-Q2,11-20,True
6unndO70DvZfnXYcYQMyQJ,Never Felt So Alone,Labrinth,2023-04-28,US,2023,2023-Q2,11-20,True
0Ymjv0OJeIIPXr6s9wi3iW,MATHEMATICAL DISRESPECT,Lil Mabu,2023-05-05,US,2023,2023-Q2,11-20,True
52ChYmfu792MW2Ezv0whpk,5 Leaf Clover,Luke Combs,2023-03-24,US,2023,2023-Q2,21-50,True
2L9N0zZnd37dwF0clgxMGI,ceilings,Lizzy McAlpine,2022-04-08,US,2023,2023-Q2,21-50,True
4muwDurKeVOB1WBjTVRWlD,War Bout It,Lil Durk,2023-05-26,US,2023,2023-Q2,21-50,True
4P9Q0GojKVXpRTJCaL3kyy,All Of The Girls You Loved Before,Taylor Swift,2019-08-23,US,2023,2023-Q2,21-50,True
3B0swL7Qil9bB7eKzBREBK,VVS,Peso Pluma,2023-06-29,US,2023,2023-Q2,21-50,True
5wG3HvLhF6Y5KTGlK0IW3J,Trance,Metro Boomin,2022-12-02,US,2023,2023-Q2,21-50,True
3ZEno9fORwMA1HPecdLi0R,HAPPY,NF,2023-04-07,US,2023,2023-Q2,21-50,True
1xK59OXxi2TAAAbmZK0kBL,Romantic Homicide,d4vd,2022-07-20,US,2023,2023-Q2,21-50,True
1haJsMtoBhHfvuM7XWuT3W,El Azul,Junior H,2023-02-10,US,2023,2023-Q2,21-50,True
3F5CgOj3wFlRv51JsHbxhe,Jimmy Cooks,Drake,2022-06-17,US,2023,2023-Q2,21-50,True
58k32my5lKofeZRtIvBDg9,HONEST,Baby Keem,2019-07-19,US,2023,2023-Q2,51+,True
3eX0NZfLtGzoLUxPNvRfqm,Maroon,Taylor Swift,2022-10-21,US,2023,2023-Q2,51+,True
3v3gyQkwRQGwDUZ7V2q2lF,WHAT A DAY,"Tyler, The Creator",2023-03-31,US,2023,2023-Q2,51+,True
6DLbBlGIOjjEj0dNN25zhZ,Tennessee Orange,Megan Moroney,2023-05-05,US,2023,2023-Q2,51+,True
1h0rVgfuKa6V9DkVSLAc4Q,back at it,Gunna,2023-06-16,US,2023,2023-Q2,51+,True
7kOletJ0Q5H4MWe7cfeZXP,Alone,Kim Petras,2023-04-21,US,2023,2023-Q2,51+,True
40iJIUlhi6renaREYGeIDS,Fair Trade,Drake,2021-09-03,US,2023,2023-Q2,51+,True
3X6qK1LdMkSOhklwRa2ZfG,Danger (Spider) (Offset & JID),Offset,2023-06-02,US,2023,2023-Q2,51+,True
30bqVoKjX479ab90a8Pafp,Star Shopping,Lil Peep,2015-01-01,US,2023,2023-Q2,51+,True
2dSKFFNoNXKo3hPnlwUdPe,They Don't Love It,Jack Harlow,2023-04-28,US,2023,2023-Q2,51+,True
6wsqVwoiVH2kde4k4KKAFU,I KNOW ?,Travis Scott,2023-07-28,US,2023,2023-Q3,1-10,True
4daEMLSZCgZ2Mt7gNm2SRa,Flooded The Face,Lil Uzi Vert,2023-06-30,US,2023,2023-Q3,1-10,True
4kjI1gwQZRKNDkw1nI475M,MY EYES,Travis Scott,2023-07-28,US,2023,2023-Q3,1-10,True
6wf7Yu7cxBSPrRlWeSeK0Q,"What Was I Made For? [From The Motion Picture ""Barbie""]",Billie Eilish,2023-07-13,US,2023,2023-Q3,1-10,True
67nepsnrcZkowTxMWigSbb,MELTDOWN,Travis Scott,2023-07-28,US,2023,2023-Q3,1-10,True
78Du4CMFgnhdlG33gblkiP,Rich Men North of Richmond,Oliver Anthony Music,2023-08-11,US,2023,2023-Q3,1-10,True
0lodMO0qK83vfPiiD7FMEt,TOPIA TWINS,Travis Scott,2023-07-28,US,2023,2023-Q3,1-10,True
34sOdxWu9FljH84UXdRwu1,all-american bitch,Olivia Rodrigo,2023-09-08,US,2023,2023-Q3,1-10,True
1kuGVB7EU95pJObxwvfwKS,vampire,Olivia Rodrigo,2023-09-08,US,2023,2023-Q3,1-10,True
0hL9gOw6XBWsygEUcVjxEc,HYAENA,Travis Scott,2023-07-28,US,2023,2023-Q3,1-10,True
7C1BLYzAvR0KdBpov3GpUZ,El Dorado,Zach Bryan,2023-08-25,US,2023,2023-Q3,11-20,True
4e3ZNTAV6PCrdYMUrUlMpQ,Electric Touch,Taylor Swift,2023-07-07,US,2023,2023-Q3,11-20,True
4iZ4pt7kvcaH6Yo8UoZ4s2,Snooze,SZA,2022-12-09,US,2023,2023-Q3,11-20,True
6dTA6y0C2ReQklntzZl8l3,The Story Of Us (Taylor's Version),Taylor Swift,2023-07-07,US,2023,2023-Q3,11-20,True
6T7FXSuXykeGktMLGp8WgE,All My Life,Lil Durk,2023-05-26,US,2023,2023-Q3,11-20,True
7eOuUmpnHBlg5zsm8Cs7c3,Summertime's Close,Zach Bryan,2023-08-25,US,2023,2023-Q3,11-20,True
0zo975x58DlXbZllWvfYhg,When Emma Falls in Love (Taylor’s Version) (From The Vault),Taylor Swift,2023-07-07,US,2023,2023-Q3,11-20,True
2yzshFeBIwH8tWIqHEFLeD,un x100to,Grupo Frontera,2023-08-25,US,2023,2023-Q3,11-20,True
22VHOlVYBqytsrAqV8yXBK,Dial Drunk,Noah Kahan,2023-07-18,US,2023,2023-Q3,11-20,True
0bkV1iQHSxBaksUqgEkcbc,SKITZO,Travis Scott,2023-07-28,US,2023,2023-Q3,11-20,True
3a36nM6fPVA8K1vqq6d03o,x2,Lil Uzi Vert,2023-06-30,US,2023,2023-Q3,21-50,True
02wk5BttM0QL38ERjLPQJB,Cool With You,NewJeans,2023-07-21,US,2023,2023-Q3,21-50,True
3hUxzQpSfdDqwM3ZTFQY0K,august,Taylor Swift,2020-07-24,US,2023,2023-Q3,21-50,True
12nBPF4Rh4XLFJV0YLN7uj,Innocent (Taylor's Version),Taylor Swift,2023-07-07,US,2023,2023-Q3,21-50,True
0gWrMbx6pbdH3n3nsLjE55,Mourning,Post Malone,2023-05-19,US,2023,2023-Q3,21-50,True
7sliFe6W30tPBPh6dvZsIH,Area Codes,Kaliii,2023-03-17,US,2023,2023-Q3,21-50,True
3BHFResGQiUvbYToUdaDQz,Enough Is Enough,Post Malone,2023-07-28,US,2023,2023-Q3,21-50,True
0V3wPSX9ygBnCm8psDIegu,Anti-Hero,Taylor Swift,2022-10-21,US,2023,2023-Q3,21-50,True
4YQImHflXSiIMXntcwPkx8,Bongos,Cardi B,2023-09-08,US,2023,2023-Q3,21-50,True
6rdkCkjk6D12xRpdMXy0I2,New Jeans,NewJeans,2023-07-07,US,2023,2023-Q3,21-50,True
0fCwTrRNfoNk962ati8n2K,All Your'n,Tyler Childers,2019-08-02,US,2023,2023-Q3,51+,True
0FA4wrjDJvJTTU8AepZTup,Watch This - ARIZONATEARS Pluggnb Remix,Lil Uzi Vert,2023-02-05,US,2023,2023-Q3,51+,True
4qtxILwBcAHEHbG7R0xF4r,Hold My Breath,Post Malone,2023-07-28,US,2023,2023-Q3,51+,True
6kQF79mjbOkvuRvg0J2XZv,Died and Came Back,Lil Uzi Vert,2023-06-30,US,2023,2023-Q3,51+,True
7rzNKooM3JrKVT40fR22HI,Not Even Ghosts Are This Empty,$uicideboy$,2023-08-11,US,2023,2023-Q3,51+,True
6WzRpISELf3YglGAh7TXcG,Popular,The Weeknd,2023-06-02,US,2023,2023-Q3,51+,True
6HU7h9RYOaPRFeh0R3UeAr,deja vu,Olivia Rodrigo,2021-05-21,US,2023,2023-Q3,51+,True
4obHzpwGrjoTuZh2DItEMZ,7 Summers,Morgan Wallen,2021-01-08,US,2023,2023-Q3,51+,True
0JXXNGljqupsJaZsgSbMZV,Sure Thing,Miguel,2010-11-30,US,2023,2023-Q3,51+,True
3fqwjXwUGN6vbzIwvyFMhx,Tennessee Whiskey,Chris Stapleton,2015-05-04,US,2023,2023-Q3,51+,True
4ZT0wGKwlJRjpMUuwZVy3p,Daylight,Drake,2023-10-06,US,2023,2023-Q4,1-10,True
2nibvvDdAQkVraYP00z2RS,Calling For You,Drake,2023-10-06,US,2023,2023-Q4,1-10,True
1kuGVB7EU95pJObxwvfwKS,vampire,Olivia Rodrigo,2023-09-08,US,2023,2023-Q4,1-10,True
4rXLjWdF2ZZpXCVTfWcshS,fukumean,Gunna,2023-06-16,US,2023,2023-Q4,1-10,True
1Iq8oo9XkmmvCQiGOfORiz,Is It Over Now? (Taylor's Version) (From The Vault),Taylor Swift,2023-10-26,US,2023,2023-Q4,1-10,True
7fUYUcWy853HS8YJn0b3Sr,Sleigh Ride,The Ronettes,2020-12-04,US,2023,2023-Q4,1-10,True
3nNmRE0DxHC6ZaKkrpUumS,FINA,Bad Bunny,2023-10-13,US,2023,2023-Q4,1-10,True
56y1jOTK0XSvJzVv9vHQBK,Paint The Town Red,Doja Cat,2023-09-20,US,2023,2023-Q4,1-10,True
5KD6AEm19QnMbfWpfoOHMl,Now That We Don't Talk (Taylor's Version) (From The Vault),Taylor Swift,2023-10-26,US,2023,2023-Q4,1-10,True
1hR8BSuEqPCCZfv93zzzz9,Welcome To New York (Taylor's Version),Taylor Swift,2023-10-26,US,2023,2023-Q4,1-10,True
4OMJGnvZfDvsePyCwRGO7X,Houdini,Dua Lipa,2023-11-09,US,2023,2023-Q4,11-20,True
2ve0kuaWUCt4Zx8x4bf1MR,Wonderland (Taylor's Version),Taylor Swift,2023-10-26,US,2023,2023-Q4,11-20,True
2ByBBvpR9b7IynvRmnG7kG,Clean (Taylor's Version),Taylor Swift,2023-10-26,US,2023,2023-Q4,11-20,True
4PS1e8f2LvuTFgUs1Cn3ON,The Christmas Song (Merry Christmas To You),Nat King Cole,2018-09-21,US,2023,2023-Q4,11-20,True
1ODFVLQszq0hCOdZtqV5wq,MR. OCTOBER,Bad Bunny,2023-10-13,US,2023,2023-Q4,11-20,True
7mXuWTczZNxG5EDcjFEuJR,LADY GAGA,Peso Pluma,2023-06-29,US,2023,2023-Q4,11-20,True
3pv7Q5v2dpdefwdWIvE7yH,Shake It Off (Taylor's Version),Taylor Swift,2023-10-26,US,2023,2023-Q4,11-20,True
75W3SngKzTuoQ94uLf3y82,How You Get The Girl (Taylor's Version),Taylor Swift,2023-10-26,US,2023,2023-Q4,11-20,True
4so0Wek9Ig1p6CRCHuINwW,White Christmas,Bing Crosby,1942-01-01,US,2023,2023-Q4,11-20,True
1yeB8MUNeLo9Ek1UEpsyz6,Rich Baby Daddy,Drake,2023-10-06,US,2023,2023-Q4,11-20,True
6uIIdjYTxxpWOyWuVXrKQO,Que Onda,Calle 24,2023-08-30,US,2023,2023-Q4,21-50,True
01ppKlDRCmPpusO3yNrSRY,TELEFONO NUEVO,Bad Bunny,2023-10-13,US,2023,2023-Q4,21-50,True
4UwqOWDpdeIDVQDuKT6iza,You Are In Love (Taylor's Version),Taylor Swift,2023-10-26,US,2023,2023-Q4,21-50,True
1a73gcEg6h6Re6hHXoVltJ,FTCU,Nicki Minaj,2023-12-08,US,2023,2023-Q4,21-50,True
17cia5k4BpGVlyEfqrFH50,Can’t Catch Me Now - from The Hunger Games: The Ballad of Songbirds & Snakes,Olivia Rodrigo,2023-11-17,US,2023,2023-Q4,21-50,True
6dBUzqjtbnIa1TwYbyw5CM,Lovers Rock,TV Girl,2014-06-05,US,2023,2023-Q4,21-50,True
0xxZY5C9xxij3D1HkzbnfC,Monster Mash,"Bobby ""Boris"" Pickett & The Crypt-Kickers",1962-01-01,US,2023,2023-Q4,21-50,True
1SV1fxF65n9NhRHp3KlBuu,Wonderful Christmastime - Edited Version / Remastered 2011,Paul McCartney,1980-05-16,US,2023,2023-Q4,21-50,True
0PAcdVzhPO4gq1Iym9ESnK,Thinkin’ Bout Me,Morgan Wallen,2023-03-03,US,2023,2023-Q4,21-50,True
5W4kiM2cUYBJXKRudNyxjW,You Proof,Morgan Wallen,2023-03-03,US,2023,2023-Q4,21-50,True
5CscrLqFBgPfZR8fGtikov,making the bed,Olivia Rodrigo,2023-09-08,US,2023,2023-Q4,51+,True
3kfhS2L56Wj8fBcu7xE47H,Turks & Caicos,Rod Wave,2023-09-15,US,2023,2023-Q4,51+,True
38R5sydMbsBzSPGPMfmtpb,MR. TAKE YA B*TCH (FEAT. CHRISEANROCK),Lil Mabu,2023-10-17,US,2023,2023-Q4,51+,True
0hvN2v6fAcB6xWyW7UaooA,(There's No Place Like) Home for the Holidays - 1959 Version,Perry Como,1991-08-26,US,2023,2023-Q4,51+,True
0Ie5uiv54KgCr7P4sYDTHl,Baby It's Cold Outside (duet with Michael Bublé),Idina Menzel,2014-10-10,US,2023,2023-Q4,51+,True
4HeViKsdSOLkOvwfcRVkK8,Mamaw's House,Thomas Rhett,2023-09-29,US,2023,2023-Q4,51+,True
7fveJ3pk1eSfxBdVkzdXZ0,Cowgirls,Morgan Wallen,2023-03-03,US,2023,2023-Q4,51+,True
1SjsVdSXpwm1kTdYEHoPIT,Sun to Me,Zach Bryan,2022-05-20,US,2023,2023-Q4,51+,True
5P8Xvy5tzhmfyfA6GplQ8h,I Want a Hippopotamus for Christmas (Hippo the Hero),Gayla Peevey,1953-11-11,US,2023,2023-Q4,51+,True
41onDks2UPbyjer5fMeUWf,Christmas In Hollis,Run–D.M.C.,1988-09-16,US,2023,2023-Q4,51+,True
7gaA3wERFkFkgivjwbSvkG,"yes, and?",Ariana Grande,2024-01-12,US,2024,2024-Q1,1-10,True
4iZ4pt7kvcaH6Yo8UoZ4s2,Snooze,SZA,2022-12-09,US,2024,2024-Q1,1-10,True
3RwWW7KeVhHGayYJgUL5eZ,eternal sunshine,Ariana Grande,2024-03-08,US,2024,2024-Q1,1-10,True
5tEaVciE2GnR28aN6W9cLS,FUK SUMN,¥$,2024-02-09,US,2024,2024-Q1,1-10,True
28drn6tQo95MRvO0jQEo5C,Type Shit,Future,2024-03-22,US,2024,2024-Q1,1-10,True
2tudvzsrR56uom6smgOcSf,Like That,Future,2024-03-22,US,2024,2024-Q1,1-10,True
5PyDJG7SQRgWXefgexqIge,Agora Hills,Doja Cat,2023-09-20,US,2024,2024-Q1,1-10,True
0Lmbke3KNVFXtoH2mMSHCw,the boy is mine,Ariana Grande,2024-03-08,US,2024,2024-Q1,1-10,True
79AHPJd8upvNxyK2qQcY8J,HISS,Megan Thee Stallion,2024-01-26,US,2024,2024-Q1,1-10,True
3w0w2T288dec0mgeZZqoNN,CARNIVAL,¥$,2024-02-09,US,2024,2024-Q1,1-10,True
7KA4W4McWYRpgf0fWsJZWB,See You Again,"Tyler, The Creator",2017-07-21,US,2024,2024-Q1,11-20,True
347AQK5Lyhn6RvB8tBGYxt,STARS,¥$,2024-02-09,US,2024,2024-Q1,11-20,True
6rjuKpPydT2SxN15TZpV7r,500lbs,Lil Tecca,2023-09-22,US,2024,2024-Q1,11-20,True
42VsgItocQwOQC3XWZ8JNA,FE!N,Travis Scott,2023-07-28,US,2024,2024-Q1,11-20,True
1udwFobQ1JoOdWPQrp2b6u,Surround Sound,JID,2022-10-31,US,2024,2024-Q1,11-20,True
1yeB8MUNeLo9Ek1UEpsyz6,Rich Baby Daddy,Drake,2023-10-06,US,2024,2024-Q1,11-20,True
7aqfrAY2p9BUSiupwk3svU,First Person Shooter,Drake,2023-10-06,US,2024,2024-Q1,11-20,True
6tNgRQ0K2NYZ0Rb9l9DzL8,obsessed,Olivia Rodrigo,2024-03-22,US,2024,2024-Q1,11-20,True
2YSzYUF3jWqb9YP9VXmpjE,IDGAF,Drake,2023-10-06,US,2024,2024-Q1,11-20,True
04CyMEHliadfQWMUJb1w99,BURN,¥$,2024-02-09,US,2024,2024-Q1,11-20,True
7pBcryEKcUEaWHwAu1wUyP,Magic Don Juan (Princess Diana),Future,2024-03-22,US,2024,2024-Q1,21-50,True
7CyPwkp0oE8Ro9Dd5CUDjW,One Of The Girls,The Weeknd,2023-06-23,US,2024,2024-Q1,21-50,True
003vvx7Niy0yvhvHt4a68B,Mr. Brightside,The Killers,2004-01-01,US,2024,2024-Q1,21-50,True
5W4kiM2cUYBJXKRudNyxjW,You Proof,Morgan Wallen,2023-03-03,US,2024,2024-Q1,21-50,True
17cia5k4BpGVlyEfqrFH50,Can’t Catch Me Now - from The Hunger Games: The Ballad of Songbirds & Snakes,Olivia Rodrigo,2023-11-17,US,2024,2024-Q1,21-50,True
4q7y1JFDBJSBSLqXVgcI51,Runnin Outta Time,Future,2024-03-22,US,2024,2024-Q1,21-50,True
2y4ZR0BUAVePljHSsZyIgj,PAID,¥$,2024-02-09,US,2024,2024-Q1,21-50,True
2K7sv1mno9PvbXVBpqvSKn,sneaky,21 Savage,2024-01-12,US,2024,2024-Q1,21-50,True
3xKsf9qdS1CyvXSMEid6g8,Pink + White,Frank Ocean,2016-08-20,US,2024,2024-Q1,21-50,True
7hVb3OyFkgxDgpTdrOX6dT,KEYS TO MY LIFE,¥$,2024-02-09,US,2024,2024-Q1,21-50,True
0caJ2wkqp4UmXBwdR2JvB5,Dial Drunk,Noah Kahan,2023-06-09,US,2024,2024-Q1,51+,True
086myS9r57YsLbJpU0TgK9,Why'd You Only Call Me When You're High?,Arctic Monkeys,2013-09-09,US,2024,2024-Q1,51+,True
4yreExU3eRNTe2iJz6X6k3,american dream,21 Savage,2024-01-12,US,2024,2024-Q1,51+,True
72qABvaqn3TP6drO2tByA6,Ain't No Love,Future,2024-03-22,US,2024,2024-Q1,51+,True
6XjDF6nds4DE2BBbagZol6,Gata Only,FloyyMenor,2024-02-02,US,2024,2024-Q1,51+,True
5TXDeTFVRVY7Cvt0Dw4vWW,Revenge,XXXTENTACION,2017-08-25,US,2024,2024-Q1,51+,True
6FBzhcfgGacfXF3AmtfEaX,C U Girl,Steve Lacy,2015-02-15,US,2024,2024-Q1,51+,True
43SoxERu5UlXAgt4Es1VQU,Porch Light,Josh Meloy,2022-11-18,US,2024,2024-Q1,51+,True
0JmnkIqdlnUzPaf8sqBRs3,Moonlight,Kali Uchis,2023-03-03,US,2024,2024-Q1,51+,True
3CWq0pAKKTWb0K4yiglDc4,You’re Losing Me (From The Vault),Taylor Swift,2023-11-29,US,2024,2024-Q1,51+,True
77DRzu7ERs0TX3roZcre7Q,euphoria,Kendrick Lamar,2024-04-30,US,2024,2024-Q2,1-10,True
3xkHsmpQCBMytMJNiDf3Ii,Beautiful Things,Benson Boone,2024-04-05,US,2024,2024-Q2,1-10,True
3NMrVbIVWT3fPXBj0rNDKG,The Tortured Poets Department,Taylor Swift,2024-04-18,US,2024,2024-Q2,1-10,True
5ZLL6wYXeqg0k35ZkDRfhZ,Pour Me A Drink (Feat. Blake Shelton),Post Malone,2024-06-21,US,2024,2024-Q2,1-10,True
2XXwLdtuAcE0HSCu61ijAb,My Boy Only Breaks His Favorite Toys,Taylor Swift,2024-04-18,US,2024,2024-Q2,1-10,True
2tHwzyyOLoWSFqYNjeVMzj,Please Please Please,Sabrina Carpenter,2024-08-23,US,2024,2024-Q2,1-10,True
5IZXB5IKAD2qlvTPJYDCFB,I Had Some Help (Feat. Morgan Wallen),Post Malone,2024-08-15,US,2024,2024-Q2,1-10,True
19XpFsce28aByvCC4g89tJ,Too Sweet,Hozier,2024-08-19,US,2024,2024-Q2,1-10,True
6zuPQl2RVqQ4y5nAH61CFC,II MOST WANTED,Beyoncé,2024-03-27,US,2024,2024-Q2,1-10,True
3Vevii7qKqrmW8CcyzBHDl,"So Long, London",Taylor Swift,2024-04-18,US,2024,2024-Q2,1-10,True
3eh51r6rFWAlGQRlHx9QnQ,Push Ups,Drake,2024-04-19,US,2024,2024-Q2,11-20,True
4xdBrk0nFZaP54vvZj0yx7,HOT TO GO!,Chappell Roan,2023-09-22,US,2024,2024-Q2,11-20,True
6fPan2saHdFaIHuTSatORv,L’AMOUR DE MA VIE,Billie Eilish,2024-05-17,US,2024,2024-Q2,11-20,True
6Y4rniIxibegzsg8cdWAWV,BODYGUARD,Beyoncé,2024-03-29,US,2024,2024-Q2,11-20,True
1yfKakY4rvI17lk20ekuRA,Crocodile Tearz,J. Cole,2024-04-05,US,2024,2024-Q2,11-20,True
6TGd66r0nlPaYm3KIoI7ET,THE GREATEST,Billie Eilish,2024-05-17,US,2024,2024-Q2,11-20,True
57wp7VFnV8X0pSVnYArGeJ,Whatever She Wants,Bryson Tiller,2024-02-13,US,2024,2024-Q2,11-20,True
2prqm9sPLj10B4Wg0wE5x9,BLUE,Billie Eilish,2024-05-17,US,2024,2024-Q2,11-20,True
7iabz12vAuVQYyekFIWJxD,BAND4BAND,Central Cee,2024-05-23,US,2024,2024-Q2,11-20,True
2UDARQiksl207HcSduDpov,LEVII'S JEANS,Beyoncé,2024-03-29,US,2024,2024-Q2,11-20,True
0W0iAC1VGlB82PI6elxFYf,Guilty as Sin?,Taylor Swift,2024-04-18,US,2024,2024-Q2,21-50,True
76OC0zMt7wqgys9BpPfLag,SMOKE HOUR ★ WILLIE NELSON,Beyoncé,2024-03-27,US,2024,2024-Q2,21-50,True
27a8HLPwti6tmgQ6FR8aVI,DAUGHTER,Beyoncé,2024-03-27,US,2024,2024-Q2,21-50,True
0K9tfzrxJyCQIf7oAlPwaK,YA YA,Beyoncé,2024-03-29,US,2024,2024-Q2,21-50,True
3NtCIBBz5pEAVGeHL4h5mS,TYRANT,Beyoncé,2024-03-27,US,2024,2024-Q2,21-50,True
5Bedn0svl0ZD7RGmJkmKKw,How Did It End?,Taylor Swift,2024-04-19,US,2024,2024-Q2,21-50,True
1ACA277B6f46DYCgZW8di3,if u think i'm pretty,Artemas,2024-02-09,US,2024,2024-Q2,21-50,True
3evCfqmaP5ZFbWMeFI0E21,ALLIIGATOR TEARS,Beyoncé,2024-03-27,US,2024,2024-Q2,21-50,True
1FhgmMvNlh3nJ1Ldc2eE6H,High Road,Koe Wetzel,2024-07-19,US,2024,2024-Q2,21-50,True
5wbg8kepMFoMzHOEuxiI0q,Close To You,Gracie Abrams,2024-06-20,US,2024,2024-Q2,21-50,True
1QvDl9tBq6PsMVE7Bf2ZOV,smoke & a light,Ole 60,2023-08-29,US,2024,2024-Q2,51+,True
0JcD5qI9SxWqdEWmRjUX9X,Mental Clarity Is a Luxury I Can't Afford,$uicideboy$,2024-06-14,US,2024,2024-Q2,51+,True
5rb9QrpfcKFHM1EUbSIurX,Yeah!,USHER,2004-03-23,US,2024,2024-Q2,51+,True
2o1pb13quMReXZqE7jWsgq,intro (end of the world),Ariana Grande,2024-03-08,US,2024,2024-Q2,51+,True
56y1jOTK0XSvJzVv9vHQBK,Paint The Town Red,Doja Cat,2023-09-20,US,2024,2024-Q2,51+,True
7yNf9YjeO5JXUE3JEBgnYc,Babydoll,Dominic Fike,2018-10-16,US,2024,2024-Q2,51+,True
6LAicOLiCrHw0bmaLBDbC8,whatsapp (wassam),Gunna,2024-05-10,US,2024,2024-Q2,51+,True
3cmdqMDc0Fj4TgPeyDOYTM,Us Vs. Them,$uicideboy$,2024-03-29,US,2024,2024-Q2,51+,True
0Lmbke3KNVFXtoH2mMSHCw,the boy is mine,Ariana Grande,2024-03-08,US,2024,2024-Q2,51+,True
7b6sWLSnbZhSIeqNGrJ4py,These Walls,Dua Lipa,2024-05-03,US,2024,2024-Q2,51+,True
4xdBrk0nFZaP54vvZj0yx7,HOT TO GO!,Chappell Roan,2023-09-22,US,2024,2024-Q3,1-10,True
5IZXB5IKAD2qlvTPJYDCFB,I Had Some Help (Feat. Morgan Wallen),Post Malone,2024-08-15,US,2024,2024-Q3,1-10,True
0IsIY8pfu1yaGkPUD7pkDx,Guess featuring billie eilish,Charli xcx,2024-10-11,US,2024,2024-Q3,1-10,True
5iJKGpnFfvbjZJeAtwXfCj,28,Zach Bryan,2024-07-04,US,2024,2024-Q3,1-10,True
2HRqTpkrJO5ggZyyK6NPWz,Espresso,Sabrina Carpenter,2024-08-23,US,2024,2024-Q3,1-10,True
2tHwzyyOLoWSFqYNjeVMzj,Please Please Please,Sabrina Carpenter,2024-08-23,US,2024,2024-Q3,1-10,True
19XpFsce28aByvCC4g89tJ,Too Sweet,Hozier,2024-08-19,US,2024,2024-Q3,1-10,True
102YUQbYmwdBXS7jwamI90,Good Graces,Sabrina Carpenter,2024-08-23,US,2024,2024-Q3,1-10,True
7Fzl7QaTu47WyP9R5S5mh5,Lies Lies Lies,Morgan Wallen,2024-07-05,US,2024,2024-Q3,1-10,True
1UHS8Rf6h5Ar3CDWRd3wjF,Bed Chem,Sabrina Carpenter,2024-08-23,US,2024,2024-Q3,1-10,True
7fveJ3pk1eSfxBdVkzdXZ0,Cowgirls,Morgan Wallen,2023-03-03,US,2024,2024-Q3,11-20,True
5VhvD0AKRprEaFtPNKGBQR,Dumb & Poetic,Sabrina Carpenter,2024-08-23,US,2024,2024-Q3,11-20,True
4KULAymBBJcPRpk1yO4dOG,I Remember Everything,Zach Bryan,2023-08-25,US,2024,2024-Q3,11-20,True
6StwwqB84sJeLr7tZDTxEX,Guy For That (Feat. Luke Combs),Post Malone,2024-08-15,US,2024,2024-Q3,11-20,True
24XihnoVPWXlKJ4BgXqjVM,It's ok I'm ok,Tate McRae,2024-09-12,US,2024,2024-Q3,11-20,True
2CIXO1jQbrV1hlfI7FUKld,Wrong Ones (Feat. Tim McGraw),Post Malone,2024-08-15,US,2024,2024-Q3,11-20,True
6GG4yyk3UATdBfTHVgI8PB,Ain't No Love In Oklahoma (From Twisters: The Album),Luke Combs,2024-05-16,US,2024,2024-Q3,11-20,True
0OA00aPt3BV10qeMIs3meW,Big Dawgs,Hanumankind,2024-07-09,US,2024,2024-Q3,11-20,True
7I3RalBqE7ZE0RSxgGlGlm,Habits,Eminem,2024-07-12,US,2024,2024-Q3,11-20,True
4ZJ4vzLQekI0WntDbanNC7,Pink Skies,Zach Bryan,2024-05-24,US,2024,2024-Q3,11-20,True
09LrGvT9KsACH66RHYMDyR,Don’t Smile,Sabrina Carpenter,2024-08-23,US,2024,2024-Q3,21-50,True
0lJNSfWnwJMIh94Dv9jQUt,What Don't Belong To Me,Post Malone,2024-08-15,US,2024,2024-Q3,21-50,True
59151GHN7yr5g9B3bqlGdR,Trouble,Eminem,2024-07-12,US,2024,2024-Q3,21-50,True
3XbIhTYl6a0uXPyO43eiXa,Oak Island,Zach Bryan,2024-07-04,US,2024,2024-Q3,21-50,True
21LCotDEwR7R8qOnqPVzi9,Evil,Eminem,2024-07-12,US,2024,2024-Q3,21-50,True
6me7F0aaZjwDo6RJ5MrfBD,Evergreen,Richy Mitch & The Coal Miners,2017-05-17,US,2024,2024-Q3,21-50,True
3uC4r2daXertBxxc8BpbbN,Lithonia,Childish Gambino,2024-07-19,US,2024,2024-Q3,21-50,True
5b3XJ1pjrHO5JtY2PcTjnI,Mamushi,Megan Thee Stallion,2024-06-28,US,2024,2024-Q3,21-50,True
1vj47xD8v9wIhQrmQY2Dkv,Better Days,Zach Bryan,2024-07-04,US,2024,2024-Q3,21-50,True
4q5YezDOIPcoLr8R81x9qy,I Can Do It With a Broken Heart,Taylor Swift,2024-04-18,US,2024,2024-Q3,21-50,True
5lKFO0PrOC9jmOlPEdjHsL,DOS DÍAS,Tito Double P,2024-08-22,US,2024,2024-Q3,51+,True
0DM63CJEklNPKu6kHGyuEl,Yours,Post Malone,2024-08-15,US,2024,2024-Q3,51+,True
2aPTvyE09vUCRwVvj0I8WK,Sundress,A$AP Rocky,2018-11-20,US,2024,2024-Q3,51+,True
6IPwKM3fUUzlElbvKw2sKl,we fell in love in october,girl in red,2018-11-21,US,2024,2024-Q3,51+,True
3hRV0jL3vUpRrcy398teAU,The Night We Met,Lord Huron,2015-04-06,US,2024,2024-Q3,51+,True
5giwUhMFuodJcRhA8tlLSQ,Nobody's Soldier,Hozier,2024-08-19,US,2024,2024-Q3,51+,True
69phA1R4gmQsBFRQ3INW8C,ONE CALL,Rich Amiri,2023-11-17,US,2024,2024-Q3,51+,True
4xhsWYTOGcal8zt0J161CU,Lovin On Me,Jack Harlow,2023-11-10,US,2024,2024-Q3,51+,True
0HEytGQM3bG1vKxER7IgVK,Spotless,Zach Bryan,2023-08-25,US,2024,2024-Q3,51+,True
11bJ1ws3dathgY9uzADUhL,In The Night,Childish Gambino,2024-07-19,US,2024,2024-Q3,51+,True
7ne4VBA60CxGM75vw0EYad,That’s So True,Gracie Abrams,2024-10-18,US,2024,2024-Q4,1-10,True
3nAp4IvdMPPWEH9uuXFFV5,Underneath the Tree,Kelly Clarkson,2013-10-25,US,2024,2024-Q4,1-10,True
2EjXfH91m7f8HiJN1yQg97,Rockin' Around The Christmas Tree,Brenda Lee,1964-10-19,US,2024,2024-Q4,1-10,True
5S8VwnB4sLi6W0lYTWYylu,hey now,Kendrick Lamar,2024-11-22,US,2024,2024-Q4,1-10,True
1QoyuMHNBe7lg3YW4Qtll4,St. Chroma,"Tyler, The Creator",2024-10-28,US,2024,2024-Q4,1-10,True
1UHS8Rf6h5Ar3CDWRd3wjF,Bed Chem,Sabrina Carpenter,2024-08-23,US,2024,2024-Q4,1-10,True
5RePVWy39tLpHH0WwXgBsK,Rah Tah Tah,"Tyler, The Creator",2024-10-28,US,2024,2024-Q4,1-10,True
0FIDCNYYjNvPVimz5icugS,Timeless,The Weeknd,2025-01-31,US,2024,2024-Q4,1-10,True
7hR22TOX3RorxJPcsz5Wbo,Love Somebody,Morgan Wallen,2024-10-18,US,2024,2024-Q4,1-10,True
2FRnf9qhLbvw8fu4IBXx78,Last Christmas,Wham!,1984-11-29,US,2024,2024-Q4,1-10,True
4BSR9I4ExlCJdXJo2GpBD5,Take Your Mask Off,"Tyler, The Creator",2024-10-28,US,2024,2024-Q4,11-20,True
3QiAAp20rPC3dcAtKtMaqQ,Blue Christmas,Elvis Presley,1957-10-15,US,2024,2024-Q4,11-20,True
0wgOhYnqZKjOHr6bmdz0aN,gloria,Kendrick Lamar,2024-11-22,US,2024,2024-Q4,11-20,True
2pnPe4pJtq7689i5ydzvJJ,Run Rudolph Run - Single Version,Chuck Berry,1986-01-01,US,2024,2024-Q4,11-20,True
4xdBrk0nFZaP54vvZj0yx7,HOT TO GO!,Chappell Roan,2023-09-22,US,2024,2024-Q4,11-20,True
3aZptNYC6Z1YoumeqZcDcQ,gnx,Kendrick Lamar,2024-11-22,US,2024,2024-Q4,11-20,True
102YUQbYmwdBXS7jwamI90,Good Graces,Sabrina Carpenter,2024-08-23,US,2024,2024-Q4,11-20,True
3qCeq0rWK67SoBDgFd2sId,Feliz Navidad,José Feliciano,2001-01-01,US,2024,2024-Q4,11-20,True
2Uts1QFB4u2YNIMiqcb4de,peekaboo,Kendrick Lamar,2024-11-22,US,2024,2024-Q4,11-20,True
1SGvjfc85yzqKXsfKcCxn2,heart pt. 6,Kendrick Lamar,2024-11-22,US,2024,2024-Q4,11-20,True
0pvZCv4JOS5WBu7JITYef6,I Hope You Find Your Way Home,"Tyler, The Creator",2024-10-28,US,2024,2024-Q4,21-50,True
3siwsiaEoU4Kuuc9WKMUy5,No One Noticed,The Marías,2024-05-31,US,2024,2024-Q4,21-50,True
1XBYiRV30ykHw5f4wm6qEn,NIGHTS LIKE THIS,The Kid LAROI,2023-11-10,US,2024,2024-Q4,21-50,True
04vLj9QUXoKdRlsp3gkURo,Mele Kalikimaka (Merry Christmas),Bing Crosby,1945-01-01,US,2024,2024-Q4,21-50,True
4ZJ4vzLQekI0WntDbanNC7,Pink Skies,Zach Bryan,2024-05-24,US,2024,2024-Q4,21-50,True
4nVBt6MZDDP6tRVdQTgxJg,Story of My Life,One Direction,2013-11-25,US,2024,2024-Q4,21-50,True
6thXB4RmajS4oZPNiBAKy0,Ghostbusters,Ray Parker Jr.,1993-10-12,US,2024,2024-Q4,21-50,True
5QMrH5nszZZR3nefIj6Mar,Defying Gravity,Cynthia Erivo,2024-11-22,US,2024,2024-Q4,21-50,True
51rfRCiUSvxXlCSCfIztBy,"I Love You, I'm Sorry",Gracie Abrams,2024-06-21,US,2024,2024-Q4,21-50,True
3QIoEi8Enr9uHffwInGIsC,Please Come Home for Christmas - Eagles 2013 Remaster,Eagles,1978-11-27,US,2024,2024-Q4,21-50,True
7EBy2V93Ykyvfc5CMApTGc,Barbarian,Juice WRLD,2024-11-30,US,2024,2024-Q4,51+,True
0OWhKvvsHptt6vnnNUSM9a,Oklahoma Smokeshow,Zach Bryan,2022-07-15,US,2024,2024-Q4,51+,True
1WIZiOuNO3woKfdlSK2gNn,Transportin',Kodak Black,2017-08-18,US,2024,2024-Q4,51+,True
1aXV8GrmQLvgoFtBPERP7E,Jealous,Eyedress,2019-12-06,US,2024,2024-Q4,51+,True
0hz5PNF2wejwUKCMpesQWt,Merry Christmas,Ed Sheeran,2024-09-27,US,2024,2024-Q4,51+,True
1g7pFO1WtclKCuIQiS8sNM,Crybaby,SZA,2024-12-20,US,2024,2024-Q4,51+,True
2OzhQlSqBEmt7hmkYxfT6m,Fortnight,Taylor Swift,2024-04-18,US,2024,2024-Q4,51+,True
4YLizxRQsTqqnvzzYq2VaE,Mr Chow,Lil Uzi Vert,2024-11-01,US,2024,2024-Q4,51+,True
5xDrO9DEDJGUQGfyoHvgDJ,Last Christmas,Ariana Grande,2013-01-01,US,2024,2024-Q4,51+,True
1G391cbiT3v3Cywg8T7DM1,Scar Tissue,Red Hot Chili Peppers,1999-06-08,US,2024,2024-Q4,51+,True
2plbrEY59IikOBgBGLjaoe,Die With A Smile,Lady Gaga,2024-08-16,US,2025,2025-Q1,1-10,True
5xHgo5JN0wfsV41HnRaos5,The Giver,Chappell Roan,2025-03-13,US,2025,2025-Q1,1-10,True
0FIDCNYYjNvPVimz5icugS,Timeless,The Weeknd,2025-01-31,US,2025,2025-Q1,1-10,True
7EW7Yivb93qKAtp5qEm5of,Dark Thoughts,Lil Tecca,2025-03-14,US,2025,2025-Q1,1-10,True
3MJ6lFNV12FSHAOzTzkwxz,Smile,Morgan Wallen,2024-12-31,US,2025,2025-Q1,1-10,True
3AWDeHLc88XogCaCnZQLVI,Cry For Me,The Weeknd,2025-01-31,US,2025,2025-Q1,1-10,True
3tFed7YsjGnIfxeLEQwx3R,Sticky,"Tyler, The Creator",2024-10-28,US,2025,2025-Q1,1-10,True
0aB0v4027ukVziUGwVGYpG,tv off,Kendrick Lamar,2024-11-22,US,2025,2025-Q1,1-10,True
7AeM1BGYM7emrqmQn1PuWv,I'm The Problem,Morgan Wallen,2025-05-16,US,2025,2025-Q1,1-10,True
21IYMdzTrzSe191Cy5eMap,Sailor Song,Gigi Perez,2025-04-25,US,2025,2025-Q1,1-10,True
00iLTetTLAeImmBlh6jOJh,K POP,Playboi Carti,2025-03-14,US,2025,2025-Q1,11-20,True
2lTm559tuIvatlT1u0JYG2,BAILE INoLVIDABLE,Bad Bunny,2025-01-05,US,2025,2025-Q1,11-20,True
4u43I0LP2Xf85OAS85eG0R,CN TOWER,PARTYNEXTDOOR,2025-02-14,US,2025,2025-Q1,11-20,True
0NUqi0ps17YpLUC3kgsZq0,DIE TRYING,PARTYNEXTDOOR,2025-02-14,US,2025,2025-Q1,11-20,True
3aSWXU6owkZeVhh94XxEWO,30 For 30,SZA,2024-12-20,US,2025,2025-Q1,11-20,True
5nk6BxN9bM5rLNkA3pMOzn,Tweaker,Ball Brothers,2025-01-03,US,2025,2025-Q1,11-20,True
0rNgWFQJtfttOYIHfDOHCg,BACKD00R,Playboi Carti,2025-03-14,US,2025,2025-Q1,11-20,True
5Nz7hI3cCOHmMR4vSLJ1An,GIMME A HUG,Drake,2025-02-14,US,2025,2025-Q1,11-20,True
5WEF0icHWmAZBBMglBd599,WELTiTA,Bad Bunny,2025-01-05,US,2025,2025-Q1,11-20,True
6jbYpRPTEFl1HFKHk1IC0m,Like Him,"Tyler, The Creator",2024-10-28,US,2025,2025-Q1,11-20,True
0stJVUUSrbEwyFHOp2dRu0,Open Hearts,The Weeknd,2025-01-30,US,2025,2025-Q1,21-50,True
79x7xtoCLpf6l32Zz6mWo4,BOKeTE,Bad Bunny,2025-01-05,US,2025,2025-Q1,21-50,True
2Uts1QFB4u2YNIMiqcb4de,peekaboo,Kendrick Lamar,2024-11-22,US,2025,2025-Q1,21-50,True
0DA8aZZvG73AijDYT00ki1,bloodonmyhands,Tate McRae,2025-02-21,US,2025,2025-Q1,21-50,True
3FjK86616FbluOfTxNK2gY,A N X I E T Y,Sleepy Hallow,2023-09-15,US,2025,2025-Q1,21-50,True
7xAvtuHf8nGi5OtXVPYgb3,CRANK,Playboi Carti,2025-03-14,US,2025,2025-Q1,21-50,True
1pzN8bCzy017iK3vWzkk6Z,WAKE UP F1LTHY,Playboi Carti,2025-03-14,US,2025,2025-Q1,21-50,True
3siwsiaEoU4Kuuc9WKMUy5,No One Noticed,The Marías,2024-05-31,US,2025,2025-Q1,21-50,True
21aDVa64pWR8SYQ7wBRMkd,CHARGE DEM HOES A FEE,Playboi Carti,2025-03-14,US,2025,2025-Q1,21-50,True
63Pi2NAx5yCgeLhCTOrEou,Headlock,Imogen Heap,2005-01-01,US,2025,2025-Q1,21-50,True
1DpC4L3JjsGRW7y6eTHaMj,Ojos Tristes,Selena Gomez,2025-03-19,US,2025,2025-Q1,51+,True
5RKQ5NdjSh2QzD4MaunT91,Don't Stop Believin' (2022 Remaster),Journey,1981-07-17,US,2025,2025-Q1,51+,True
6jp9WjJtKF0Fgks0Y9Kkni,Like I do,Tate McRae,2025-02-21,US,2025,2025-Q1,51+,True
5TXDeTFVRVY7Cvt0Dw4vWW,Revenge,XXXTENTACION,2017-08-25,US,2025,2025-Q1,51+,True
6LxSe8YmdPxy095Ux6znaQ,Headlines,Drake,2011-11-15,US,2025,2025-Q1,51+,True
7zFXmv6vqI4qOt4yGf3jYZ,Get You,Daniel Caesar,2017-08-25,US,2025,2025-Q1,51+,True
53WWD2BBC6Jcip8wy5CniE,cLOUDs,J. Cole,2025-02-21,US,2025,2025-Q1,51+,True
4GqhG9rDuRUoNyDSMJ0Brq,SPIDER-MAN SUPERMAN,PARTYNEXTDOOR,2025-02-14,US,2025,2025-Q1,51+,True
0OpC8hRrbsh24taKOsQBEX,Real Man,beabadoobee,2024-08-09,US,2025,2025-Q1,51+,True
5IoPnNiYAOvHHJpz13wzRL,Vanish Into You,Lady Gaga,2025-03-07,US,2025,2025-Q1,51+,True
04emojnbYkrRmv5qtJcgVP,What I Want,Morgan Wallen,2025-05-16,US,2025,2025-Q2,1-10,True
1lfO0bqThTLimzHsvk3LrN,OWA OWA,Lil Tecca,2025-06-13,US,2025,2025-Q2,1-10,True
3LPLRNr58Z9Pn0clnEtkXb,Anxiety,Doechii,2025-03-14,US,2025,2025-Q2,1-10,True
0TFTAtCYhp2tQ9KcJIZb55,undressed,sombr,2025-08-22,US,2025,2025-Q2,1-10,True
2jNyiavSywmA472t2m6ZBz,What Was That,Lorde,2025-04-24,US,2025,2025-Q2,1-10,True
7EW7Yivb93qKAtp5qEm5of,Dark Thoughts,Lil Tecca,2025-03-14,US,2025,2025-Q2,1-10,True
1BDLD4c07q0bmq2VCRsXoE,I Ain't Comin' Back,Morgan Wallen,2025-05-16,US,2025,2025-Q2,1-10,True
5z0LSDpPpGwc2ZyJHpsE3J,Just In Case,Morgan Wallen,2025-05-16,US,2025,2025-Q2,1-10,True
7AeM1BGYM7emrqmQn1PuWv,I'm The Problem,Morgan Wallen,2025-05-16,US,2025,2025-Q2,1-10,True
7qjZnBKE73H4Oxkopwulqe,back to friends,sombr,2025-08-22,US,2025,2025-Q2,1-10,True
6wZOZ0votPhc8qdg4UFPtH,dandelion,Ariana Grande,2025-03-28,US,2025,2025-Q2,11-20,True
6TUf119oQrkteMSKTE1SOf,"Skoal, Chevy, and Browning",Morgan Wallen,2025-05-16,US,2025,2025-Q2,11-20,True
0GnNHCDj2WOJl70UUcvAEP,Falling Apart,Morgan Wallen,2025-05-16,US,2025,2025-Q2,11-20,True
68qeaZhtMZ6abrJCYt6nQn,RATHER LIE,Playboi Carti,2025-03-14,US,2025,2025-Q2,11-20,True
3siwsiaEoU4Kuuc9WKMUy5,No One Noticed,The Marías,2024-05-31,US,2025,2025-Q2,11-20,True
21IYMdzTrzSe191Cy5eMap,Sailor Song,Gigi Perez,2025-04-25,US,2025,2025-Q2,11-20,True
0YsIYFRoxkmEvbKCwTp0Tg,20 Cigarettes,Morgan Wallen,2025-05-16,US,2025,2025-Q2,11-20,True
7hR22TOX3RorxJPcsz5Wbo,Love Somebody,Morgan Wallen,2024-10-18,US,2025,2025-Q2,11-20,True
2qPQcfUgizNDOIv1orkTAd,Bloodline,Alex Warren,2025-07-18,US,2025,2025-Q2,11-20,True
6393yGahSJ9slVdOwSxOVR,Pink Pony Club,Chappell Roan,2023-09-21,US,2025,2025-Q2,11-20,True
4Km9FSF9iaQiTLnFPdbPom,6 Months Later,Megan Moroney,2025-06-20,US,2025,2025-Q2,21-50,True
6jbYpRPTEFl1HFKHk1IC0m,Like Him,"Tyler, The Creator",2024-10-28,US,2025,2025-Q2,21-50,True
4KULAymBBJcPRpk1yO4dOG,I Remember Everything,Zach Bryan,2023-08-25,US,2025,2025-Q2,21-50,True
7igCS2ZsfV7bvxuhF4XgiQ,I'm A Little Crazy,Morgan Wallen,2025-03-21,US,2025,2025-Q2,21-50,True
4HWDNZ1i6gyzu9tUbNhC2C,Revelation,Morgan Wallen,2025-05-16,US,2025,2025-Q2,21-50,True
5xHgo5JN0wfsV41HnRaos5,The Giver,Chappell Roan,2025-03-13,US,2025,2025-Q2,21-50,True
2JPctdUgvkQSpnUdfROxvY,Te Quería Ver,Alemán,2025-05-09,US,2025,2025-Q2,21-50,True
3t6gUcGYLrUuqwpXjOFWQc,I Never Lie,Zach Top,2024-04-05,US,2025,2025-Q2,21-50,True
0nj9Bq5sHDiTxSHunhgkFb,squabble up,Kendrick Lamar,2024-11-22,US,2025,2025-Q2,21-50,True
4IixOTCzviJgIigKleiVbo,Even In Arcadia,Sleep Token,2025-05-09,US,2025,2025-Q2,21-50,True
5RKQ5NdjSh2QzD4MaunT91,Don't Stop Believin' (2022 Remaster),Journey,1981-07-17,US,2025,2025-Q2,51+,True
3MJ6lFNV12FSHAOzTzkwxz,Smile,Morgan Wallen,2024-12-31,US,2025,2025-Q2,51+,True
7y9iMe8SOB6z3NoHE2OfXl,Bad At Love,Halsey,2017-06-02,US,2025,2025-Q2,51+,True
7zFXmv6vqI4qOt4yGf3jYZ,Get You,Daniel Caesar,2017-08-25,US,2025,2025-Q2,51+,True
0T1tCsZ2qPRf6fwphjlNPM,Sober,Hudson Westbrook,2025-04-25,US,2025,2025-Q2,51+,True
3anaHXs7z8NwLUatPxqJlE,Amen,Shaboozey,2025-04-24,US,2025,2025-Q2,51+,True
5uhxL7UwvTMV6FSCTpKcjc,Leavin's The Least I Could Do,Morgan Wallen,2025-05-16,US,2025,2025-Q2,51+,True
7aURTqVzpZxkJfboCvGc69,LiveLeak,Ken Carson,2025-04-11,US,2025,2025-Q2,51+,True
2ZWlPOoWh0626oTaHrnl2a,Ivy,Frank Ocean,2016-08-20,US,2025,2025-Q2,51+,True
56BtPjjWiRc0ch7DH8DNu9,Trap Jump,Ken Carson,2025-04-11,US,2025,2025-Q2,51+,True
1qbmS6ep2hbBRaEZFpn7BX,Man I Need,Olivia Dean,2025-08-15,US,2025,2025-Q3,1-10,True
4sLvxpKLvagQ4lZHUpymza,Big Poe,"Tyler, The Creator",2025-07-21,US,2025,2025-Q3,1-10,True
01p5urrGw5fuFCcfT7PBgc,GO BABY,Justin Bieber,2025-07-11,US,2025,2025-Q3,1-10,True
72PVbRKkUimweUPV0nKAPs,ALL I CAN TAKE,Justin Bieber,2025-07-11,US,2025,2025-Q3,1-10,True
2SsY5k7UWFqgye3PUMG3Oq,The Subway,Chappell Roan,2025-08-01,US,2025,2025-Q3,1-10,True
1qyw5wSUkEvH8DtaCdx7Lg,Go Go Juice,Sabrina Carpenter,2025-08-29,US,2025,2025-Q3,1-10,True
3RXUgPNIbUgFxsDWuBQEt6,How It’s Done,HUNTR/X,2025-06-20,US,2025,2025-Q3,1-10,True
02sy7FAs8dkDNYsHp4Ul3f,Soda Pop,Saja Boys,2025-06-20,US,2025,2025-Q3,1-10,True
6xV7Be6XEvkSnighmh2Tzj,Sugar On My Tongue,"Tyler, The Creator",2025-07-21,US,2025,2025-Q3,1-10,True
0je57Uq5eTk1wrPzn9sWbl,When Did You Get Hot?,Sabrina Carpenter,2025-08-29,US,2025,2025-Q3,1-10,True
0LutvoC2HqCfnaRSjrhtzo,WALKING AWAY,Justin Bieber,2025-07-11,US,2025,2025-Q3,11-20,True
0M7mWKqwTIaVjYyxfZmtTa,"Courtesy Of The Red, White And Blue (The Angry American)",Toby Keith,2002-01-01,US,2025,2025-Q3,11-20,True
3WgFhZfyk5nb6v7hkwPmD4,Mommanem,"Tyler, The Creator",2025-07-21,US,2025,2025-Q3,11-20,True
21IVPfi81m6ywNgOvqTj1i,Don’t Worry I’ll Make You Worry,Sabrina Carpenter,2025-08-29,US,2025,2025-Q3,11-20,True
1j8TmNa6vaFAEAws43kP0Q,THINGS YOU DO,Justin Bieber,2025-07-11,US,2025,2025-Q3,11-20,True
5FMyXeZ0reYloRTiCkPprT,Which One,Drake,2025-07-25,US,2025,2025-Q3,11-20,True
7AeM1BGYM7emrqmQn1PuWv,I'm The Problem,Morgan Wallen,2025-05-16,US,2025,2025-Q3,11-20,True
6wkYQMrFfb0huLB5Qn19Iv,We Almost Broke Up Again Last Night,Sabrina Carpenter,2025-08-29,US,2025,2025-Q3,11-20,True
4gfrYDtaRmp6HPvN80V2ob,I Got Better,Morgan Wallen,2025-05-16,US,2025,2025-Q3,11-20,True
1PdUyYYw9sGU0yhLrpeHKt,Never Getting Laid,Sabrina Carpenter,2025-08-29,US,2025,2025-Q3,11-20,True
003vvx7Niy0yvhvHt4a68B,Mr. Brightside,The Killers,2004-01-01,US,2025,2025-Q3,21-50,True
0LQtEJt7x0s6knb6RKdRYc,Chicken Fried,Zac Brown Band,2008-11-17,US,2025,2025-Q3,21-50,True
3t6gUcGYLrUuqwpXjOFWQc,I Never Lie,Zach Top,2024-04-05,US,2025,2025-Q3,21-50,True
1lfO0bqThTLimzHsvk3LrN,OWA OWA,Lil Tecca,2025-06-13,US,2025,2025-Q3,21-50,True
2BkTPMr1v6Fr6JJwc4V7R5,Strategy,TWICE,2024-12-06,US,2025,2025-Q3,21-50,True
7D0RhFcb3CrfPuTJ0obrod,Sparks,Coldplay,2000-07-10,US,2025,2025-Q3,21-50,True
4Km9FSF9iaQiTLnFPdbPom,6 Months Later,Megan Moroney,2025-06-20,US,2025,2025-Q3,21-50,True
3AD73lKeY2c9JhsHRqWkOw,KICK OUT,Travis Scott,2025-07-11,US,2025,2025-Q3,21-50,True
5cfsQZEFf1IpQr8F9vI9le,BUTTERFLIES,Justin Bieber,2025-07-11,US,2025,2025-Q3,21-50,True
1Y373MqadDRtclJNdnUXVc,Paranoid - 2012 - Remaster,Black Sabbath,1970-09-18,US,2025,2025-Q3,21-50,True
0qRR9d89hIS0MHRkQ0ejxX,Rich Girl,Daryl Hall & John Oates,1976-08-01,US,2025,2025-Q3,51+,True
3cZajhyr8LmtPfHZ9296tj,No Broke Boys,Disco Lines,2025-06-06,US,2025,2025-Q3,51+,True
2J051fjLklkoPbzOoTAACZ,"Sally, When The Wine Runs Out",ROLE MODEL,2025-02-14,US,2025,2025-Q3,51+,True
3tFed7YsjGnIfxeLEQwx3R,Sticky,"Tyler, The Creator",2024-10-28,US,2025,2025-Q3,51+,True
5dUCixiCL0CcIUdlgUl1ct,Oneida,Tyler Childers,2025-07-25,US,2025,2025-Q3,51+,True
42T2QQv3xgBlpQxaSP7lnK,One Last Breath,Creed,2001-01-01,US,2025,2025-Q3,51+,True
63Pi2NAx5yCgeLhCTOrEou,Headlock,Imogen Heap,2005-01-01,US,2025,2025-Q3,51+,True
1Iw5iLfAwDvS6frI82gMoV,End Of Summer,Tame Impala,2025-07-25,US,2025,2025-Q3,51+,True
4eLDmhsJW3JoZTXCAozHor,Loco,Neton Vega,2025-02-14,US,2025,2025-Q3,51+,True
7Ar4G7Ci11gpt6sfH9Cgz5,Listen to the Music,The Doobie Brothers,1972-01-01,US,2025,2025-Q3,51+,True
7fUYUcWy853HS8YJn0b3Sr,Sleigh Ride,The Ronettes,2020-12-04,US,2025,2025-Q4,1-10,True
2x3mwb96B6TquRqMtbxUE1,Actually Romantic,Taylor Swift,2025-10-03,US,2025,2025-Q4,1-10,True
5eXgqtg3T8Av0m1FUaGHex,The Life of a Showgirl,Taylor Swift,2025-10-03,US,2025,2025-Q4,1-10,True
3RXUgPNIbUgFxsDWuBQEt6,How It’s Done,HUNTR/X,2025-06-20,US,2025,2025-Q4,1-10,True
1jgTiNob5cVyXeJ3WgX5bL,Elizabeth Taylor,Taylor Swift,2025-10-03,US,2025,2025-Q4,1-10,True
1qbmS6ep2hbBRaEZFpn7BX,Man I Need,Olivia Dean,2025-08-15,US,2025,2025-Q4,1-10,True
7qjZnBKE73H4Oxkopwulqe,back to friends,sombr,2025-08-22,US,2025,2025-Q4,1-10,True
5ylJtmaWPJ33cW3En7WOu0,Wood,Taylor Swift,2025-10-03,US,2025,2025-Q4,1-10,True
2RkZ5LkEzeHGRsmDqKwmaJ,Ordinary,Alex Warren,2024-09-26,US,2025,2025-Q4,1-10,True
03bTIHJElXZ0O0jqOQvAbY,Father Figure,Taylor Swift,2025-10-03,US,2025,2025-Q4,1-10,True
3QIoEi8Enr9uHffwInGIsC,Please Come Home for Christmas - Eagles 2013 Remaster,Eagles,1978-11-27,US,2025,2025-Q4,11-20,True
62V2ZHslgQV98gH4AuVXnr,Ruin The Friendship,Taylor Swift,2025-10-03,US,2025,2025-Q4,11-20,True
0MHStU0muAIEMbwdnebYu2,Takedown,HUNTR/X,2025-06-20,US,2025,2025-Q4,11-20,True
6thXB4RmajS4oZPNiBAKy0,Ghostbusters,Ray Parker Jr.,1993-10-12,US,2025,2025-Q4,11-20,True
47ohYW8e7dxCYn9qbUMBCI,Christmas (Baby Please Come Home),Darlene Love,2020-12-04,US,2025,2025-Q4,11-20,True
3XsaSIPWvM61RIFfeb0BBR,White Christmas - 1947 Version,Bing Crosby,1945-01-01,US,2025,2025-Q4,11-20,True
4qmFC3Jz5aQ0erlk2OSi2X,Honey,Taylor Swift,2025-10-03,US,2025,2025-Q4,11-20,True
0xxZY5C9xxij3D1HkzbnfC,Monster Mash,"Bobby ""Boris"" Pickett & The Crypt-Kickers",1962-01-01,US,2025,2025-Q4,11-20,True
7scFxt9VhL4FJwuPSfRlfN,Choosin' Texas,Ella Langley,2026-04-10,US,2025,2025-Q4,11-20,True
2OZVskV28xxJjjhQqKTLSg,PIXELATED KISSES,Joji,2025-10-14,US,2025,2025-Q4,11-20,True
003vvx7Niy0yvhvHt4a68B,Mr. Brightside,The Killers,2004-01-01,US,2025,2025-Q4,21-50,True
0InIeZW4P6VO7dUGRM4AKH,Sienna,The Marías,2024-05-31,US,2025,2025-Q4,21-50,True
5o0hD6Bs6RdyZxfYBoEEc8,No Good Deed,Cynthia Erivo,2025-11-21,US,2025,2025-Q4,21-50,True
42VUCXerQ5qTr4Qp6PhKo4,Tears,Sabrina Carpenter,2025-08-29,US,2025,2025-Q4,21-50,True
1Wf14bTyb6UeKojy8ykPYm,Happy Holiday / The Holiday Season,Andy Williams,1963-01-01,US,2025,2025-Q4,21-50,True
77khP2fIVhSW23NwxrRluh,A Holly Jolly Christmas - Single Version,Burl Ives,1965-10-01,US,2025,2025-Q4,21-50,True
48axmFD7PUPnTOdSFMYrvj,WHO I WAS,NF,2025-11-13,US,2025,2025-Q4,21-50,True
5z0LSDpPpGwc2ZyJHpsE3J,Just In Case,Morgan Wallen,2025-05-16,US,2025,2025-Q4,21-50,True
1SV1fxF65n9NhRHp3KlBuu,Wonderful Christmastime - Edited Version / Remastered 2011,Paul McCartney,1980-05-16,US,2025,2025-Q4,21-50,True
4Yg2w0P29BBBMixyeNjDtj,Do They Know It's Christmas? - 1984 Version,Band Aid,1984-11-25,US,2025,2025-Q4,21-50,True
0rKtyWc8bvkriBthvHKY8d,SLOW DANCING IN THE DARK,Joji,2018-10-26,US,2025,2025-Q4,51+,True
4RvWPyQ5RL0ao9LPZeSouE,Everybody Wants To Rule The World,Tears For Fears,1985-02-25,US,2025,2025-Q4,51+,True
57Z6TJCTMACXxdrcwZ3Zvf,Phantom,EsDeeKid,2025-06-20,US,2025,2025-Q4,51+,True
2Nig1jX8uBu3LdSSUrm7Fp,GIVE ME A REASON,NF,2025-11-14,US,2025,2025-Q4,51+,True
4rMNgxEwGWoPHIUcvB5BrB,It Will Rain,Bruno Mars,2011-09-27,US,2025,2025-Q4,51+,True
7fveJ3pk1eSfxBdVkzdXZ0,Cowgirls,Morgan Wallen,2023-03-03,US,2025,2025-Q4,51+,True
5UWwZ5lm5PKu6eKsHAGxOk,Everlong,Foo Fighters,1997-05-20,US,2025,2025-Q4,51+,True
3EMfeKtNK4q4k3sVjwg5Yy,My Man on Willpower,Sabrina Carpenter,2025-08-29,US,2025,2025-Q4,51+,True
0O4vuJynWVVdyvoHvZtnk3,Christmas Canon,Trans-Siberian Orchestra,1998-09-15,US,2025,2025-Q4,51+,True
5T0mnzMsyHtmWB7Kou51Ph,Gorgeous,Doja Cat,2025-09-26,US,2025,2025-Q4,51+,True
7qjZnBKE73H4Oxkopwulqe,back to friends,sombr,2025-08-22,US,2026,2026-Q1,1-10,True
53iuhJlwXhSER5J2IYYv1W,The Fate of Ophelia,Taylor Swift,2025-10-03,US,2026,2026-Q1,1-10,True
6sGIMrtIzQjdzNndVxe397,So Easy (To Fall In Love),Olivia Dean,2025-09-26,US,2026,2026-Q1,1-10,True
59D4DOkspUbWyMmbAPQkxZ,VOY A LLeVARTE PA PR,Bad Bunny,2025-01-05,US,2026,2026-Q1,1-10,True
2lTm559tuIvatlT1u0JYG2,BAILE INoLVIDABLE,Bad Bunny,2025-01-05,US,2026,2026-Q1,1-10,True
2rKkfc4VZ74FQDc1FF1Zo6,Body to Body,BTS,2026-03-20,US,2026,2026-Q1,1-10,True
7scFxt9VhL4FJwuPSfRlfN,Choosin' Texas,Ella Langley,2026-04-10,US,2026,2026-Q1,1-10,True
7N3d1hsZZpmmnovfAtnVFU,Porch Light,Noah Kahan,2026-04-24,US,2026,2026-Q1,1-10,True
3xClevycpBON8bkyxFbAna,Taste Back,Harry Styles,2026-03-06,US,2026,2026-Q1,1-10,True
0FlcmZ13DGRmscCroro9GO,Body,Don Toliver,2026-01-30,US,2026,2026-Q1,1-10,True
2gYTC8DsplN3RNdpdBcCOQ,Die On This Hill,SIENNA SPIRO,2025-10-10,US,2026,2026-Q1,11-20,True
3THVfoVD5kdCxPviVaCPi7,Internet Girl,KATSEYE,2026-01-02,US,2026,2026-Q1,11-20,True
67Ar9BnEeB5FU5vQBYhbGe,Be By You,Luke Combs,2026-03-20,US,2026,2026-Q1,11-20,True
5ViLKrbyL3HD6wsq3AB9eI,White Keys,Dominic Fike,2025-11-14,US,2026,2026-Q1,11-20,True
1CPZ5BxNNd0n0nF4Orb9JS,Golden,HUNTR/X,2025-06-20,US,2026,2026-Q1,11-20,True
57ENogEkvFsU7Wmt3lvQMG,Two Six,J. Cole,2026-02-06,US,2026,2026-Q1,11-20,True
4Z5KKoBGxpJo8YbDcGQXd5,Secondhand,Don Toliver,2026-01-30,US,2026,2026-Q1,11-20,True
2A22iI0x4EYAVXNpKPhNEM,weren't for the wind,Ella Langley,2024-11-01,US,2026,2026-Q1,11-20,True
7s7v5EoNLD6TwDu4Nw51Oy,Are You Listening Yet?,Harry Styles,2026-03-06,US,2026,2026-Q1,11-20,True
1sVBT215CDmVJvfy1E2OCU,God Was Showing Off,Bruno Mars,2026-02-27,US,2026,2026-Q1,11-20,True
6DH13QYXK7lKkYHSU88N48,Who Knows,Daniel Caesar,2025-10-24,US,2026,2026-Q1,21-50,True
75FEaRjZTKLhTrFGsfMUXR,Running Up That Hill (A Deal With God),Kate Bush,1985-01-01,US,2026,2026-Q1,21-50,True
03tqyYWC9Um2ZqU0ZN849H,No Hands,Waka Flocka Flame,2010-10-01,US,2026,2026-Q1,21-50,True
4jyyma8YdFC4S4llusSFRu,butterflies.,Brent Faiyaz,2026-02-13,US,2026,2026-Q1,21-50,True
0InIeZW4P6VO7dUGRM4AKH,Sienna,The Marías,2024-05-31,US,2026,2026-Q1,21-50,True
7AeM1BGYM7emrqmQn1PuWv,I'm The Problem,Morgan Wallen,2025-05-16,US,2026,2026-Q1,21-50,True
1XpVhaI4HzWrhRWIpdfyJB,Please,BTS,2026-03-20,US,2026,2026-Q1,21-50,True
13HD3tYTiz8oSRxWzXEq7g,Be Her,Ella Langley,2026-04-10,US,2026,2026-Q1,21-50,True
7eqoqGkKwgOaWNNHx90uEZ,Nights,Frank Ocean,2016-08-20,US,2026,2026-Q1,21-50,True
3QuRLv8zkIYH31O5VgEpmo,Carla's Song,Harry Styles,2026-03-06,US,2026,2026-Q1,21-50,True
4ThbwJaIWVxXZ1qJaHQBCz,Travelin' Soldier,Cody Johnson,2025-11-07,US,2026,2026-Q1,51+,True
3kUHIvjJ8p9UzeaeeqHkfg,The Fall-Off is Inevitable,J. Cole,2026-02-06,US,2026,2026-Q1,51+,True
2hnMS47jN0etwvFPzYk11f,Santeria,Sublime,1996-07-30,US,2026,2026-Q1,51+,True
58q2HKrzhC3ozto2nDdN4z,I Like It,Cardi B,2018-04-06,US,2026,2026-Q1,51+,True
1LzNfuep1bnAUR9skqdHCK,Fade Into You,Mazzy Star,1993-10-05,US,2026,2026-Q1,51+,True
0EqH5Wz93cJtfUGv3vtQPY,29 Intro,J. Cole,2026-02-06,US,2026,2026-Q1,51+,True
2wAJTrFhCnQyNSD3oUgTZO,Work Out,J. Cole,2011-09-27,US,2026,2026-Q1,51+,True
3pAVk6Ydn0dcGpG8gDyxSJ,Hell At Night,BigXthaPlug,2025-08-22,US,2026,2026-Q1,51+,True
41v5ExDEEEvJsWAPo91aoj,Slicked Back,Zach Bryan,2026-01-09,US,2026,2026-Q1,51+,True
0iKo4pNNjHHdKUcFARlfCa,EL CLúB,Bad Bunny,2025-01-05,US,2026,2026-Q1,51+,True
55wlsNYqcfiQsHuX8l0jmF,Make Them Cry,Drake,2026-05-15,US,2026,2026-Q2,1-10,True
6sGIMrtIzQjdzNndVxe397,So Easy (To Fall In Love),Olivia Dean,2025-09-26,US,2026,2026-Q2,1-10,True
55pBIZO1cqoldeqpp5WR7H,the cure,Olivia Rodrigo,2026-06-12,US,2026,2026-Q2,1-10,True
7J1uxwnxfQLu4APicE5Rnj,Billie Jean,Michael Jackson,1982-11-30,US,2026,2026-Q2,1-10,True
4kX7xkopoXZCfE1D6fNwl2,honeybee,Olivia Rodrigo,2026-06-11,US,2026,2026-Q2,1-10,True
6QFCMUUq1T2Vf5sFUXcuQ7,Beauty And A Beat,Justin Bieber,2012-01-01,US,2026,2026-Q2,1-10,True
3B4cjvGlPvyBLNG3AzEgkZ,E85,Don Toliver,2026-01-30,US,2026,2026-Q2,1-10,True
4Ilw2lD6z4WBqh65vUUZUf,my way,Olivia Rodrigo,2026-06-12,US,2026,2026-Q2,1-10,True
13HD3tYTiz8oSRxWzXEq7g,Be Her,Ella Langley,2026-04-10,US,2026,2026-Q2,1-10,True
514joG57v4yKTsfQmz7stz,Janice STFU,Drake,2026-05-15,US,2026,2026-Q2,1-10,True
61rwYQu9An4QWrcCUyFUyq,I Can't Love You Anymore,Ella Langley,2026-04-10,US,2026,2026-Q2,11-20,True
3cLCA9LSb6UiOeNvTZoaav,Plot Twist,Drake,2026-05-15,US,2026,2026-Q2,11-20,True
5ViLKrbyL3HD6wsq3AB9eI,White Keys,Dominic Fike,2025-11-14,US,2026,2026-Q2,11-20,True
53qkszfgztIvkFyF31GfdQ,Dreams - 2001 Remaster,Fleetwood Mac,1977-01-01,US,2026,2026-Q2,11-20,True
46eu3SBuFCXWsPT39Yg3tJ,Don't Stop 'Til You Get Enough - Single Version,Michael Jackson,1979-08-10,US,2026,2026-Q2,11-20,True
6f68Ac5tt5BQOpwr0BV9oN,I Just Might,Bruno Mars,2026-02-27,US,2026,2026-Q2,11-20,True
4rECUI03C2RMqr5GYvqjlJ,Haircut,Noah Kahan,2026-04-24,US,2026,2026-Q2,11-20,True
3EnTGnmNu1TDEcpbbTajuo,23,Noah Kahan,2026-04-24,US,2026,2026-Q2,11-20,True
2SaWT781xr3hHLdbVt5DB7,Freakin’ Out,Dexter and The Moonrocks,2026-03-11,US,2026,2026-Q2,11-20,True
4KmkJjHTNlr1jFY56Lyz4E,PINKY UP,KATSEYE,2026-04-09,US,2026,2026-Q2,11-20,True
0AcgKF7kbSoCkh3n7vlHwK,Dirty Diana - 2012 Remaster,Michael Jackson,1987-08-31,US,2026,2026-Q2,21-50,True
0eu4C55hL6x29mmeAjytzC,Life Goes On,Oliver Tree,2021-05-28,US,2026,2026-Q2,21-50,True
6J5kc12BW5HuP3d7C3vvx8,EoO,Bad Bunny,2025-01-05,US,2026,2026-Q2,21-50,True
4KULAymBBJcPRpk1yO4dOG,I Remember Everything,Zach Bryan,2023-08-25,US,2026,2026-Q2,21-50,True
2009X8GyWTqyxIdzAEYW6N,The One That Got Away,Katy Perry,2010-01-01,US,2026,2026-Q2,21-50,True
70LcF31zb1H0PyJoS1Sx1r,Creep,Radiohead,1993-02-22,US,2026,2026-Q2,21-50,True
4bWZz15GR1EE8E8x23rDWV,PUNCH DRUNK,Kanye West,2026-03-28,US,2026,2026-Q2,21-50,True
6Qyc6fS4DsZjB2mRW9DsQs,Iris,The Goo Goo Dolls,1998-01-01,US,2026,2026-Q2,21-50,True
1rIKgCH4H52lrvDcz50hS8,Lush Life,Zara Larsson,2017-03-17,US,2026,2026-Q2,21-50,True
58ge6dfP91o9oXMzq3XkIS,505,Arctic Monkeys,2007-04-24,US,2026,2026-Q2,21-50,True
0gEyKnHvgkrkBM6fbeHdwK,Linger,The Cranberries,1993-03-01,US,2026,2026-Q2,51+,True
0EsJdOSOrBfTo816lWRW4Q,Outside Tweaking,Drake,2026-05-15,US,2026,2026-Q2,51+,True
5T7ywazdGIydr6JCW6t02j,Smooth Criminal - 2012 Remaster,Michael Jackson,1987-08-31,US,2026,2026-Q2,51+,True
2XHzzp1j4IfTNp1FTn7YFg,Love Me,Lil Wayne,2013-01-01,US,2026,2026-Q2,51+,True
4ZJ4vzLQekI0WntDbanNC7,Pink Skies,Zach Bryan,2024-05-24,US,2026,2026-Q2,51+,True
5PjdY0CKGZdEuoNab3yDmX,Stay,The Kid LAROI,2021-07-23,US,2026,2026-Q2,51+,True
5r5cp9IpziiIsR6b93vcnQ,Walking On A Dream,Empire Of The Sun,2008-10-03,US,2026,2026-Q2,51+,True
33KU9huHP1Lv1UWWVkuTYd,Impostor Syndrome,Sidney Gish,2017-12-31,US,2026,2026-Q2,51+,True
0IjdXwCEhZR7JIwq6Za8j5,Jane!,The Long Faces,2018-07-03,US,2026,2026-Q2,51+,True
7fveJ3pk1eSfxBdVkzdXZ0,Cowgirls,Morgan Wallen,2023-03-03,US,2026,2026-Q2,51+,True
22NHkFYbgxB2Zirj29Gbp8,oh yeah?,Steve Lacy,2026-07-17,US,2026,2026-Q3,1-10,True
3fRCAPMMZ8l8P9YKI6OCzD,drop dead,Olivia Rodrigo,2026-06-11,US,2026,2026-Q3,1-10,True
2A22iI0x4EYAVXNpKPhNEM,weren't for the wind,Ella Langley,2024-11-01,US,2026,2026-Q3,1-10,True
5DZOKNtaoVEssXu9ltcMjx,oh well,Ariana Grande,2026-07-31,US,2026,2026-Q3,1-10,True
003vvx7Niy0yvhvHt4a68B,Mr. Brightside,The Killers,2004-01-01,US,2026,2026-Q3,1-10,True
36idurZmYRjJ56KQ8JD9bN,Boston,STELLA LEFTY,2026-03-27,US,2026,2026-Q3,1-10,True
3xwMjQriBVW0OGEvNKo9c0,Been By Now,Morgan Wallen,2026-07-24,US,2026,2026-Q3,1-10,True
49j6SvuvWfbEKZKzsHCdLJ,stupid song,Olivia Rodrigo,2026-06-11,US,2026,2026-Q3,1-10,True
3d1oTMjtfVySbAYQp3v4MU,like i do,Ariana Grande,2026-07-31,US,2026,2026-Q3,1-10,True
7bxaFZ1O3cHkgLKMsdC3xR,Loser,Tame Impala,2025-10-17,US,2026,2026-Q3,1-10,True
6De8sirPzVyAoBDlQpcutY,misery.,pupsies,2026-03-18,US,2026,2026-Q3,11-20,True
55srcWA7TioKV0LZVNXltY,never get over me,Ariana Grande,2026-07-31,US,2026,2026-Q3,11-20,True
02HyFYmpzt02VJ8k0CqxKj,Ain't In LA,ADÉLA,2026-07-23,US,2026,2026-Q3,11-20,True
53qkszfgztIvkFyF31GfdQ,Dreams - 2001 Remaster,Fleetwood Mac,1977-01-01,US,2026,2026-Q3,11-20,True
6QhsCYcFdfyMbPWCiViI8K,freak,Ariana Grande,2026-07-31,US,2026,2026-Q3,11-20,True
5fdhThPDe6jQQDqCyWrdAn,Jolene,Dolly Parton,1974-01-01,US,2026,2026-Q3,11-20,True
0LQtEJt7x0s6knb6RKdRYc,Chicken Fried,Zac Brown Band,2008-11-17,US,2026,2026-Q3,11-20,True
5qqabIl2vWzo9ApSC317sa,Wonderwall - Remastered,Oasis,1995-10-02,US,2026,2026-Q3,11-20,True
4gfrYDtaRmp6HPvN80V2ob,I Got Better,Morgan Wallen,2025-05-16,US,2026,2026-Q3,11-20,True
1VOSSXuWRcBj2rpfxNdX9v,Broken Window Serenade,Whiskey Myers,2011-04-26,US,2026,2026-Q3,11-20,True
6J5kc12BW5HuP3d7C3vvx8,EoO,Bad Bunny,2025-01-05,US,2026,2026-Q3,21-50,True
79RJg6MqIJlBuedcMqB9F0,My Body Isn't Ready,sombr,2026-06-25,US,2026,2026-Q3,21-50,True
05ZACkzW8YbRq3eFgIfSNB,Springsteen,Eric Church,2011-01-01,US,2026,2026-Q3,21-50,True
5BZsQlgw21vDOAjoqkNgKb,DAISIES,Justin Bieber,2025-07-11,US,2026,2026-Q3,21-50,True
0dOg1ySSI7NkpAe89Zo0b9,Born in the U.S.A.,Bruce Springsteen,1984-06-04,US,2026,2026-Q3,21-50,True
7AeM1BGYM7emrqmQn1PuWv,I'm The Problem,Morgan Wallen,2025-05-16,US,2026,2026-Q3,21-50,True
1qRV1dKLOfH1s00b9J2LUQ,Midnight Sun,Zara Larsson,2025-09-25,US,2026,2026-Q3,21-50,True
1KGi9sZVMeszgZOWivFpxs,No Scrubs,TLC,1999-02-23,US,2026,2026-Q3,21-50,True
7yq4Qj7cqayVTp3FF9CWbm,Riptide,Vance Joy,2014-09-08,US,2026,2026-Q3,21-50,True
3iEUDvanZwQhLCIqUmCR7N,The Spins,Mac Miller,2010-08-13,US,2026,2026-Q3,21-50,True
4sIFi8LpJWPvI5xviWFyA6,D>E>A>T>H>M>E>T>A>L,Panchiko,2000-12-05,US,2026,2026-Q3,51+,True
0COqiPhxzoWICwFCS4eZcp,Bring Me To Life,Evanescence,2003-03-04,US,2026,2026-Q3,51+,True
5Ctzx0mMiUPAu9JqbAOY9n,Be Like a Woman,Chris Rainbow,1979-01-01,US,2026,2026-Q3,51+,True
2FZcjBYK4dTt48q94pJbJD,Bass Persuades,Miley Cyrus,2026-09-03,US,2026,2026-Q3,51+,True
3eZcmEO0X0nsfV8E3NZelo,Take Me Back (Leave Me There),Cody Johnson,2026-06-26,US,2026,2026-Q3,51+,True
5ihS6UUlyQAfmp48eSkxuQ,Landslide,Fleetwood Mac,1975-07-11,US,2026,2026-Q3,51+,True
6DoUDG1GJrJf6eGQLUBBnm,Ahí,KAROL G,2026-08-07,US,2026,2026-Q3,51+,True
7ujApz6iFP3PmKIDGcaGbe,Great Expectation,SIENNA SPIRO,2026-07-02,US,2026,2026-Q3,51+,True
0GONea6G2XdnHWjNZd6zt3,Summer Of '69,Bryan Adams,1984-11-05,US,2026,2026-Q3,51+,True
3hxIUxnT27p5WcmjGUXNwx,Shut up My Moms Calling,Hotel Ugly,2020-02-10,US,2026,2026-Q3,51+,True
5wANPM4fQCJwkGd4rN57mH,drivers license,Olivia Rodrigo,2021-05-21,VN,2021,2021-Q1,1-10,True
2z9iLlNBt1aLZUCFgXby97,CÓ CHẮC YÊU LÀ ĐÂY,Sơn Tùng M-TP,2020-07-06,VN,2021,2021-Q1,1-10,True
0d6dbFvKczX1Us3J7TsMMv,Lỡ Say Bye Là Bye,Changg,2021-01-22,VN,2021,2021-Q1,1-10,True
2pn8dNVSpYnAtlKFC8Q0DJ,On The Ground,ROSÉ,2021-03-12,VN,2021,2021-Q1,1-10,True
6IAqflHsPVm4EpYghXauX7,Sinh Ra Đã Là Thứ Đối Lập Nhau,Emcee L (Da LAB),2018-03-01,VN,2021,2021-Q1,1-10,True
50cmxP6KlnQA9IG3q5ckKD,Mascara,Chillies,2021-05-05,VN,2021,2021-Q1,1-10,True
1J3SmWwlYAG68LGKr86MVH,Chúng Ta Của Hiện Tại,Sơn Tùng M-TP,2020-12-20,VN,2021,2021-Q1,1-10,True
5Ojsg9xR0wlTpDIW1qLYz2,Đom Đóm,Jack - J97,2020-12-26,VN,2021,2021-Q1,1-10,True
2MJz8BxxMsERULatmBikDH,At My Worst,Pink Sweat$,2021-02-12,VN,2021,2021-Q1,1-10,True
1fh5Sf3fFESFOS8D82RQiI,từ thích thích thành thương thương,AMEE,2020-12-16,VN,2021,2021-Q1,1-10,True
3pyHABNUu0QxeyH1x8p7yf,Gặp Nhưng Không Ở Lại,Hiền Hồ,2020-11-26,VN,2021,2021-Q1,11-20,True
014DA3BdnmD3kI5pBogH7c,Cứ Chill Thôi,Chillies,2020-07-11,VN,2021,2021-Q1,11-20,True
5QO79kh1waicV47BqGRL3g,Save Your Tears,The Weeknd,2020-03-20,VN,2021,2021-Q1,11-20,True
6B1Io9VDzMAmwFjrplDJw8,từ chối nhẹ nhàng thôi,Bích Phương,2021-03-01,VN,2021,2021-Q1,11-20,True
1pQHqk6qWM5xbNeobMCGBZ,Dân Chơi Xóm,RAP VIỆT,2020-11-16,VN,2021,2021-Q1,11-20,True
1nahzW3kfMuwReTka28tH5,Hold On,Justin Bieber,2021-03-19,VN,2021,2021-Q1,11-20,True
4saklk6nie3yiGePpBwUoc,Dynamite,BTS,2020-11-20,VN,2021,2021-Q1,11-20,True
25edeHHueINMguqu9emCyV,Lối Nhỏ,Đen,2019-10-21,VN,2021,2021-Q1,11-20,True
4TfH2Syxsx2cAJShY8u6bT,Anh Luôn Là Lý Do,ERIK,2021-01-13,VN,2021,2021-Q1,11-20,True
249gnXrbfmV8NG6jTEMSwD,Life Goes On,BTS,2020-11-20,VN,2021,2021-Q1,11-20,True
5zFglKYiknIxks8geR8rcL,Beautiful Mistakes,Maroon 5,2021-06-11,VN,2021,2021-Q1,21-50,True
6YvqWjhGD8mB5QXcbcUKtx,Love Story (Taylor’s Version),Taylor Swift,2021-04-09,VN,2021,2021-Q1,21-50,True
0f5yQttJS5nNxRAleF4kZO,Hãy Trao Cho Anh,Sơn Tùng M-TP,2019-07-03,VN,2021,2021-Q1,21-50,True
2dEpaH5nsfnzU61LQ9rJuH,Hoa Nở Không Màu,Hoài Lâm,2020-05-30,VN,2021,2021-Q1,21-50,True
4yAJOZ8ZBAKfXCI20hsVjf,Lời Đường Mật,Unknown Artist,2021-03-01,VN,2021,2021-Q1,21-50,True
4TyQKEifYDWTfTSRwpxlYI,Bông Hoa Đẹp Nhất,Quân A.P,2020-09-07,VN,2021,2021-Q1,21-50,True
1PSmJr2mHzDjYXrKvQPKb0,nàng thơ... trời giấu trời mang đi,AMEE,2020-12-16,VN,2021,2021-Q1,21-50,True
4Wdwvi2C5MD8zDi9Kg3x4X,Chúng Ta Sau Này,T.R.I,2021-03-01,VN,2021,2021-Q1,21-50,True
42mIT9wfmgA48DTN8GmCxX,Giá Như,Chillies,2020-12-25,VN,2021,2021-Q1,21-50,True
2rbDhOo9Fh61Bbu23T2qCk,Always Remember Us This Way,Lady Gaga,2018-10-05,VN,2021,2021-Q1,21-50,True
0OrwGH9aeguhopTVubv0VZ,tonight,demxntia,2018-06-02,VN,2021,2021-Q1,51+,True
2wVDWtLKXunswWecARNILj,SOLO,JENNIE,2018-11-12,VN,2021,2021-Q1,51+,True
3yWacnoBnM0lrzLmXAk44d,"Em Không Sai, Chúng Ta Sai",ERIK,2020-05-07,VN,2021,2021-Q1,51+,True
4z5dAyLMnkKSHkOkwbR1RX,Trò Chơi,SOOBIN,2020-12-15,VN,2021,2021-Q1,51+,True
7wHBNIBO353lf9aVvmUydT,Cảm Ơn Và Xin Lỗi,Chillies,2019-07-25,VN,2021,2021-Q1,51+,True
3ndCsZfq8OVwwkz9mmZvUz,Stay,BTS,2020-11-20,VN,2021,2021-Q1,51+,True
2OZTkXYCNbZS9TwPRy52Js,Đi Đu Đưa Đi,Bích Phương,2019-08-28,VN,2021,2021-Q1,51+,True
3XoflnowYPFRPOh3uFvHcm,Selfish Love,DJ Snake,2021-03-04,VN,2021,2021-Q1,51+,True
6BToHhGtbW8eMQFaEv0i2d,Như Ngày Hôm Qua,Sơn Tùng M-TP,2013-01-01,VN,2021,2021-Q1,51+,True
6hUpxEKFSjS8metuA1yxlf,Vai Lan Don Dua,SOOBIN,2017-01-27,VN,2021,2021-Q1,51+,True
6uxuJ8Fr1AAfSPJUF9N1yr,Bước Qua Mùa Cô Đơn,Vũ.,2022-09-09,VN,2021,2021-Q2,1-10,True
3DarAbFujv6eYNliUTyqtz,Kiss Me More,Doja Cat,2021-06-25,VN,2021,2021-Q2,1-10,True
5nD5PVXUkIpv0WcwfNFrgS,Khi Em Lớn,Orange,2021-04-20,VN,2021,2021-Q2,1-10,True
3wGx3gYPjECKZazGNuPEX2,Phải Chăng Em Đã Yêu?,Juky San,2021-03-01,VN,2021,2021-Q2,1-10,True
1w3eUC89GPspKpi62tPwjt,Nàng Thơ,Hoàng Dũng,2020-12-16,VN,2021,2021-Q2,1-10,True
1xoadYaxtOp9gHDwgmPDuz,Sài Gòn Hôm Nay Mưa,JSOL,2021-05-29,VN,2021,2021-Q2,1-10,True
7BoobGhD4x5K96Me0hqC8Q,Build a Bitch,Bella Poarch,2021-05-14,VN,2021,2021-Q2,1-10,True
63qZf6349d3ngku9hrzLac,The Playah (Special Performance),SOOBIN,2021-05-14,VN,2021,2021-Q2,1-10,True
2dHoVW9AxJVSRebPRyV2aA,Gone,ROSÉ,2021-03-12,VN,2021,2021-Q2,1-10,True
014DA3BdnmD3kI5pBogH7c,Cứ Chill Thôi,Chillies,2020-07-11,VN,2021,2021-Q2,1-10,True
0ClPIeT6MSgfSgQ9ZrJbAq,Cheating on You,Charlie Puth,2019-10-01,VN,2021,2021-Q2,11-20,True
0d6dbFvKczX1Us3J7TsMMv,Lỡ Say Bye Là Bye,Changg,2021-01-22,VN,2021,2021-Q2,11-20,True
37BZB0z9T8Xu7U3e65qxFy,Save Your Tears,The Weeknd,2021-04-23,VN,2021,2021-Q2,11-20,True
27F22WcGDyl4Z2KylVJkXL,Đường Tôi Chở Em Về,buitruonglinh,2020-07-03,VN,2021,2021-Q2,11-20,True
249gnXrbfmV8NG6jTEMSwD,Life Goes On,BTS,2020-11-20,VN,2021,2021-Q2,11-20,True
5qNh5WtzMbfpSj2jLlBkoD,Your Power,Billie Eilish,2021-04-29,VN,2021,2021-Q2,11-20,True
7dJVE53hGAX9TcKH0abFic,Yêu Thầm,Hoàng Yến Chibi,2021-03-01,VN,2021,2021-Q2,11-20,True
6IAqflHsPVm4EpYghXauX7,Sinh Ra Đã Là Thứ Đối Lập Nhau,Emcee L (Da LAB),2018-03-01,VN,2021,2021-Q2,11-20,True
4ZtFanR9U6ndgddUvNcjcG,good 4 u,Olivia Rodrigo,2021-05-21,VN,2021,2021-Q2,11-20,True
1e0Wxoraz9IzFhREDqgJAe,Butter (Instrumental),BTS,2021-05-21,VN,2021,2021-Q2,11-20,True
6iWPQ9xAYH3ZePu2Z209Y6,Chỉ Là Không Cùng Nhau (Live Version),Tăng Phúc,2021-03-31,VN,2021,2021-Q2,21-50,True
4qJSUFwZFouto5VZUlln75,Thích Quá Rùi Nà,tlinh,2023-07-14,VN,2021,2021-Q2,21-50,True
4rPrBNnDgdZpS5gosHv0yr,để quên,Ngọt,2021-04-21,VN,2021,2021-Q2,21-50,True
6HU7h9RYOaPRFeh0R3UeAr,deja vu,Olivia Rodrigo,2021-05-21,VN,2021,2021-Q2,21-50,True
696w9BHmEY62myVCSDyrYW,Có Em Đời Bỗng Vui,Chillies,2020-02-07,VN,2021,2021-Q2,21-50,True
6jOP08e9PHDnoF3reZcePE,Qua Khung Cửa Sổ,Chillies,2020-11-11,VN,2021,2021-Q2,21-50,True
1HDrKXya87GMQfAGPlqNS9,Muốn Nói Với Em,T Team,2021-03-01,VN,2021,2021-Q2,21-50,True
2rbDhOo9Fh61Bbu23T2qCk,Always Remember Us This Way,Lady Gaga,2018-10-05,VN,2021,2021-Q2,21-50,True
2QdH0rKlV3d9Y6lWzcnlBH,In the morning,ITZY,2021-04-30,VN,2021,2021-Q2,21-50,True
1CyYcBdukmFjFibDZaDlHc,To The Moon,hooligan.,2020-07-07,VN,2021,2021-Q2,21-50,True
79xFFmGKtEyky0I2G9U9Jg,yêu thì yêu không yêu thì yêu,AMEE,2020-06-29,VN,2021,2021-Q2,51+,True
2FWBdovgRvBSzA1JESUe0D,Làm Gì Phải Hốt,JustaTee,2020-01-05,VN,2021,2021-Q2,51+,True
0MMyJUC3WNnFS1lit5pTjk,"jealousy, jealousy",Olivia Rodrigo,2021-05-21,VN,2021,2021-Q2,51+,True
6Im9k8u9iIzKMrmV7BWtlF,34+35,Ariana Grande,2020-10-30,VN,2021,2021-Q2,51+,True
0f5yQttJS5nNxRAleF4kZO,Hãy Trao Cho Anh,Sơn Tùng M-TP,2019-07-03,VN,2021,2021-Q2,51+,True
6UelLqGlWMcVH1E5c4H7lY,Watermelon Sugar,Harry Styles,2019-12-13,VN,2021,2021-Q2,51+,True
0ono6UCNVZ1XqOm6j78Blu,Filter,BTS,2020-02-21,VN,2021,2021-Q2,51+,True
6PLNoijWdc3dWqc1KKjv73,Đâu Cần Một Bài Ca Tình Yêu,Tiên Tiên,2019-04-20,VN,2021,2021-Q2,51+,True
4yAJOZ8ZBAKfXCI20hsVjf,Lời Đường Mật,Unknown Artist,2021-03-01,VN,2021,2021-Q2,51+,True
42fR3oINF3KfXCDtheoNiY,Don't fight the feeling,EXO,2021-06-07,VN,2021,2021-Q2,51+,True
3JR0ducCexKbeK47g6AHm5,Butter,BTS,2021-08-27,VN,2021,2021-Q3,1-10,True
5PjdY0CKGZdEuoNab3yDmX,Stay,The Kid LAROI,2021-07-23,VN,2021,2021-Q3,1-10,True
0QzuaeCEEOV40Pn7IvKEny,double take,Dhruv,2022-01-21,VN,2021,2021-Q3,1-10,True
63qZf6349d3ngku9hrzLac,The Playah (Special Performance),SOOBIN,2021-05-14,VN,2021,2021-Q3,1-10,True
46HNZY1i7O6jwTA7Slo2PI,My Universe,Coldplay,2021-10-15,VN,2021,2021-Q3,1-10,True
3rmo8F54jFF8OgYsqTxm5d,Bad Habits,Ed Sheeran,2021-10-25,VN,2021,2021-Q3,1-10,True
4vfhartd7HDWGJbdVIycEu,Muộn Rồi Mà Sao Còn,Sơn Tùng M-TP,2021-04-29,VN,2021,2021-Q3,1-10,True
1EmMFSLRVkOszCa4ul9z0F,3107 3,W/N,2021-07-31,VN,2021,2021-Q3,1-10,True
7BoobGhD4x5K96Me0hqC8Q,Build a Bitch,Bella Poarch,2021-05-14,VN,2021,2021-Q3,1-10,True
2XjbfQQZlPwOMTmJR2RLfC,Happy For You,Lukas Graham,2021-07-02,VN,2021,2021-Q3,1-10,True
014DA3BdnmD3kI5pBogH7c,Cứ Chill Thôi,Chillies,2020-07-11,VN,2021,2021-Q3,11-20,True
6B4AdZzwagId7wvWeJEkiq,Độ Tộc 2,Độ Mixi,2021-09-22,VN,2021,2021-Q3,11-20,True
5nD5PVXUkIpv0WcwfNFrgS,Khi Em Lớn,Orange,2021-04-20,VN,2021,2021-Q3,11-20,True
0ClPIeT6MSgfSgQ9ZrJbAq,Cheating on You,Charlie Puth,2019-10-01,VN,2021,2021-Q3,11-20,True
2MJz8BxxMsERULatmBikDH,At My Worst,Pink Sweat$,2021-02-12,VN,2021,2021-Q3,11-20,True
1mKDbug8bbfDmLe7I4CJpe,Gác Lại Âu Lo,Da LAB,2020-07-25,VN,2021,2021-Q3,11-20,True
4Iz5EWPCAT8jYNk4IpLoll,Dù Cho Mai Về Sau,buitruonglinh,2020-11-17,VN,2021,2021-Q3,11-20,True
0e8nrvls4Qqv5Rfa2UhqmO,THATS WHAT I WANT,Lil Nas X,2021-09-17,VN,2021,2021-Q3,11-20,True
6TD5xfffOnYHliuF1wzL6U,Sài Gòn Đau Lòng Quá,Hứa Kim Tuyền,2021-03-01,VN,2021,2021-Q3,11-20,True
5uyNAX6MazVAjBjVeOsTvp,3 1 0 7,W/N,2020-05-11,VN,2021,2021-Q3,11-20,True
2sp32rIevQhpbo0Z4aQzoe,My Universe - Instrumental,Coldplay,2021-09-24,VN,2021,2021-Q3,21-50,True
6Fbsn9471Xd0vVsMWwhePh,Tháng Mấy Em Nhớ Anh?,Hà Anh Tuấn,2021-03-01,VN,2021,2021-Q3,21-50,True
6Uj1ctrBOjOas8xZXGqKk4,Woman,Doja Cat,2021-06-25,VN,2021,2021-Q3,21-50,True
2Gazl1MAVX8vmo8E659Vq8,Real Love,My Anh,2021-07-18,VN,2021,2021-Q3,21-50,True
6HU7h9RYOaPRFeh0R3UeAr,deja vu,Olivia Rodrigo,2021-05-21,VN,2021,2021-Q3,21-50,True
1Ov37jtRQ2YNAe8HzfczkL,Wildest Dreams (Taylor's Version),Taylor Swift,2021-09-17,VN,2021,2021-Q3,21-50,True
2m6Ko3CY1qXNNja8AlugNc,Angel Baby,Troye Sivan,2021-09-09,VN,2021,2021-Q3,21-50,True
7LVrrX8pkzI9fMF88nGabt,Đi Về Nhà,Đen,2020-12-20,VN,2021,2021-Q3,21-50,True
1CyYcBdukmFjFibDZaDlHc,To The Moon,hooligan.,2020-07-07,VN,2021,2021-Q3,21-50,True
50cmxP6KlnQA9IG3q5ckKD,Mascara,Chillies,2021-05-05,VN,2021,2021-Q3,21-50,True
149BxWeweaCqmsyedkNiiE,Wrecked,Imagine Dragons,2021-09-03,VN,2021,2021-Q3,51+,True
0J2otOvMdg62gVMMjwOvSK,Hoa Hải Đường,Jack - J97,2020-09-22,VN,2021,2021-Q3,51+,True
5Vv7AuoyX4aFz8zcztSwMB,baby i told u,MONSTAR,2021-08-01,VN,2021,2021-Q3,51+,True
2qnnREp8mFVipaEoUlw9ya,Hai Triệu Năm,Đen,2019-06-22,VN,2021,2021-Q3,51+,True
4iLqG9SeJSnt0cSPICSjxv,Attention,Charlie Puth,2017-04-20,VN,2021,2021-Q3,51+,True
7skGrIrRzO0APhASzAKfNi,Gu - Cukak Remix,Freaky,2021-07-14,VN,2021,2021-Q3,51+,True
5zFglKYiknIxks8geR8rcL,Beautiful Mistakes,Maroon 5,2021-06-11,VN,2021,2021-Q3,51+,True
39EXZNMxb4RBHlRjnRaOKp,Sweet Night,V,2020-03-13,VN,2021,2021-Q3,51+,True
0RbW8kWozrVSIGb4V13o0o,Hurricane,Kanye West,2021-08-29,VN,2021,2021-Q3,51+,True
7bmk1GEufZOrycr3HXZGN2,Sickerrr,Suboi,2021-06-29,VN,2021,2021-Q3,51+,True
46IZ0fSY2mpAiktS3KOqds,Easy On Me,Adele,2021-11-19,VN,2021,2021-Q4,1-10,True
7DF8lvLdV3htIbuTWpc7lR,Girl Of My Dreams,Juice WRLD,2021-12-10,VN,2021,2021-Q4,1-10,True
46HNZY1i7O6jwTA7Slo2PI,My Universe,Coldplay,2021-10-15,VN,2021,2021-Q4,1-10,True
6Vx29sLFwzT8yvRhzP2Fge,Lời Nói Dối Sau Nụ Cười,K-ICM,2021-12-22,VN,2021,2021-Q4,1-10,True
10IfXtjKQmOiON7tNAHv0y,Yours,Jin,2021-11-07,VN,2021,2021-Q4,1-10,True
4fouWK6XVHhzl78KzQ1UjL,abcdefu,GAYLE,2021-08-13,VN,2021,2021-Q4,1-10,True
5T6j0rfpCDBzAxC8Fpd0N7,An Thần,Low G,2021-10-21,VN,2021,2021-Q4,1-10,True
6aeU5IH8DB1qHK5jRFTNUv,Hương,Văn Mai Hương,2021-01-23,VN,2021,2021-Q4,1-10,True
4KLmT1bU7eyEBe35FzEjbd,Chim Quý Trong Lồng,K-ICM,2021-07-12,VN,2021,2021-Q4,1-10,True
4saklk6nie3yiGePpBwUoc,Dynamite,BTS,2020-11-20,VN,2021,2021-Q4,1-10,True
0QzuaeCEEOV40Pn7IvKEny,double take,Dhruv,2022-01-21,VN,2021,2021-Q4,11-20,True
1CyYcBdukmFjFibDZaDlHc,To The Moon,hooligan.,2020-07-07,VN,2021,2021-Q4,11-20,True
3Kkjo3cT83cw09VJyrLNwX,Oh My God,Adele,2021-11-19,VN,2021,2021-Q4,11-20,True
249gnXrbfmV8NG6jTEMSwD,Life Goes On,BTS,2020-11-20,VN,2021,2021-Q4,11-20,True
1w3eUC89GPspKpi62tPwjt,Nàng Thơ,Hoàng Dũng,2020-12-16,VN,2021,2021-Q4,11-20,True
5enxwA8aAbwZbf5qCHORXi,All Too Well (10 Minute Version) (Taylor's Version) (From The Vault),Taylor Swift,2021-11-12,VN,2021,2021-Q4,11-20,True
6iXGivPFpsqKmrINhIbPvx,Buồn Thì Cứ Khóc Đi,Lynk Lee,2019-12-13,VN,2021,2021-Q4,11-20,True
6MCJdudhQY41K3IhluuNuq,Một Chiều Mưa Bất Ngờ,K-ICM,2020-10-15,VN,2021,2021-Q4,11-20,True
5Bti0azlFhMattVY76qFr9,Lạ Lùng,Vũ.,2016-12-24,VN,2021,2021-Q4,11-20,True
1EmMFSLRVkOszCa4ul9z0F,3107 3,W/N,2021-07-31,VN,2021,2021-Q4,11-20,True
2e0b6AaC1Abz5mFyCS3fXY,Tình Là Gì Đây Em Ơi,K-ICM,2021-01-15,VN,2021,2021-Q4,21-50,True
7aonAWn0J0AJ47ZU9WHCXC,INFERNO,Sub Urban,2021-08-13,VN,2021,2021-Q4,21-50,True
7JWa8tcjothiOfTVUUbuzL,Không Muốn Một Mình,Vicky Nhung,2021-12-27,VN,2021,2021-Q4,21-50,True
1r9xUipOqoNwggBpENDsvJ,Enemy,Imagine Dragons,2021-10-28,VN,2021,2021-Q4,21-50,True
6bXmKNVe9YIjoyDbz04nWg,Freaky Squad,Rhymastic,2021-11-30,VN,2021,2021-Q4,21-50,True
0bYg9bo50gSsH3LtXe2SQn,All I Want for Christmas Is You,Mariah Carey,1994-10-28,VN,2021,2021-Q4,21-50,True
2axlAOp86SPuqSBlwLw4WM,101520,RAP VIỆT,2021-12-22,VN,2021,2021-Q4,21-50,True
7oBUoEbCDF748UkHnLusUB,Chuyện Rằng,Thịnh Suy,2020-08-08,VN,2021,2021-Q4,21-50,True
0SmQ0UWeiHKQtxUej4Rem6,Tháng Năm,SOOBIN,2020-12-15,VN,2021,2021-Q4,21-50,True
4vGEfBrpiM4zfYzSyPpysX,Phi Hành Gia,Renja,2021-09-25,VN,2021,2021-Q4,21-50,True
0pQ67Kp2kED4ISy1ieGPEq,Ghé Qua,TaynguyenSound,2017-12-08,VN,2021,2021-Q4,51+,True
3LlEZ4J1ORcgP1WmTF9pIX,Nói Dối,Pháo,2021-12-23,VN,2021,2021-Q4,51+,True
6Fbsn9471Xd0vVsMWwhePh,Tháng Mấy Em Nhớ Anh?,Hà Anh Tuấn,2021-03-01,VN,2021,2021-Q4,51+,True
3hB5DgAiMAQ4DzYbsMq1IT,Love Yourself,Justin Bieber,2015-11-13,VN,2021,2021-Q4,51+,True
73mVGNhTlRQBod01zh3M0s,"Tell Ur Mom II - Gii, Hiderway Remix",Winno,2021-11-19,VN,2021,2021-Q4,51+,True
6bGMSP3H9YqkmaLnaJTIoF,Hold On,Adele,2021-11-19,VN,2021,2021-Q4,51+,True
2o4dDfLK6NVI7TjBm5VoMv,Yêu Một Người Có Lẽ,Lou Hoàng,2016-03-07,VN,2021,2021-Q4,51+,True
696w9BHmEY62myVCSDyrYW,Có Em Đời Bỗng Vui,Chillies,2020-02-07,VN,2021,2021-Q4,51+,True
75NgcOsgURBLTPpRzAsxp0,Tháng 4 Là Lời Nói Dối Của Em - Live Version,Hà Anh Tuấn,2020-11-13,VN,2021,2021-Q4,51+,True
3mmLyEhphJAaW7hyEXAD8l,Some,BOL4,2017-09-27,VN,2021,2021-Q4,51+,True
7KlTFTpy7dXLzr2NtLkvG6,Not Today,BTS,2017-02-13,VN,2022,2022-Q1,1-10,True
7jLSThU5Kg1RWt19Leiaxm,Chìm Sâu,RPT MCK,2023-03-02,VN,2022,2022-Q1,1-10,True
0oSNOJEcBIKNcQzRc5TfyR,Blood Sweat & Tears,BTS,2016-10-10,VN,2022,2022-Q1,1-10,True
3IA9LkBEVhJDOxOnh1nf8a,Butter (Holiday Remix),BTS,2021-12-03,VN,2022,2022-Q1,1-10,True
7CAdT0HdiQNlt1C7xk2hep,Stay Alive (Prod. SUGA of BTS),Jung Kook,2022-02-11,VN,2022,2022-Q1,1-10,True
5Msoarj5hk9LguTtiIyqug,Ngày Đầu Tiên,Đức Phúc,2022-02-11,VN,2022,2022-Q1,1-10,True
1J3SmWwlYAG68LGKr86MVH,Chúng Ta Của Hiện Tại,Sơn Tùng M-TP,2020-12-20,VN,2022,2022-Q1,1-10,True
5SE57ljOIUJ1ybL9U6CuBH,DNA,BTS,2017-09-18,VN,2022,2022-Q1,1-10,True
5H7UgZQk2p5x4nmeuDjmE4,Đau Nhất Là Lặng Im,ERIK,2022-02-17,VN,2022,2022-Q1,1-10,True
3r9FFjLrAIQjoR8pSHVPC9,Outro : Ego,BTS,2020-02-21,VN,2022,2022-Q1,1-10,True
54UNNgtE3zzERwTuWSQLqd,có hẹn với thanh xuân,MONSTAR,2021-08-01,VN,2022,2022-Q1,11-20,True
2Nib4r0saYQf2pUV4RFDhl,Interlude : Shadow,BTS,2020-02-21,VN,2022,2022-Q1,11-20,True
0X5tCYwiVldeDynbhBshTl,Hẹn Kiếp Tương Phùng,K-ICM,2022-01-19,VN,2022,2022-Q1,11-20,True
249gnXrbfmV8NG6jTEMSwD,Life Goes On,BTS,2020-11-20,VN,2022,2022-Q1,11-20,True
5T6j0rfpCDBzAxC8Fpd0N7,An Thần,Low G,2021-10-21,VN,2022,2022-Q1,11-20,True
2tg8L2ls1k19B2SvRKBnJh,Hẹn Ước Từ Hư Vô - Live,Mỹ Tâm,2022-03-02,VN,2022,2022-Q1,11-20,True
0bTmdKwQ8xb0Xbvizt2GMy,Một Khi Đã Yêu,K-ICM,2022-02-11,VN,2022,2022-Q1,11-20,True
3AVXwaOGCEL8cmBecfcsFJ,Light Switch,Charlie Puth,2022-01-19,VN,2022,2022-Q1,11-20,True
0wZq5TnD0ooJ3q4GVDTLjd,Xuân Hy Vọng,K-ICM,2022-01-24,VN,2022,2022-Q1,11-20,True
0dcnrLo8s1rhjm8euGjI4n,DARARI,TREASURE,2022-02-15,VN,2022,2022-Q1,11-20,True
4I2ne5vm5LJmrXAfqgjAG4,Tình Ca Tình Ta,kis,2021-06-30,VN,2022,2022-Q1,21-50,True
1xoadYaxtOp9gHDwgmPDuz,Sài Gòn Hôm Nay Mưa,JSOL,2021-05-29,VN,2022,2022-Q1,21-50,True
1EmMFSLRVkOszCa4ul9z0F,3107 3,W/N,2021-07-31,VN,2022,2022-Q1,21-50,True
4Iz5EWPCAT8jYNk4IpLoll,Dù Cho Mai Về Sau,buitruonglinh,2020-11-17,VN,2022,2022-Q1,21-50,True
0IGUXY4JbK18bu9oD4mPIm,TOMBOY,i-dle,2022-03-14,VN,2022,2022-Q1,21-50,True
7xNCacksfUkYXsXuSW4vNF,PS5,salem ilese,2022-02-23,VN,2022,2022-Q1,21-50,True
3CeKc83EsgRPItgvlDHo5B,Head In The Clouds,Hayd,2021-09-17,VN,2022,2022-Q1,21-50,True
7rXcCpIAoOUCydkVDMcoPV,INVU,TAEYEON,2022-02-14,VN,2022,2022-Q1,21-50,True
5nD5PVXUkIpv0WcwfNFrgS,Khi Em Lớn,Orange,2021-04-20,VN,2022,2022-Q1,21-50,True
1CyYcBdukmFjFibDZaDlHc,To The Moon,hooligan.,2020-07-07,VN,2022,2022-Q1,21-50,True
18uwL0vNUanqZH0ro2QcOP,comethru,Jeremy Zucker,2018-09-28,VN,2022,2022-Q1,51+,True
40Ct4hvauHT2EDpik4eVuz,Xuân Xuân Ơi Xuân Đã Về,Bích Phương,2017-01-16,VN,2022,2022-Q1,51+,True
50cmxP6KlnQA9IG3q5ckKD,Mascara,Chillies,2021-05-05,VN,2022,2022-Q1,51+,True
2XjbfQQZlPwOMTmJR2RLfC,Happy For You,Lukas Graham,2021-07-02,VN,2022,2022-Q1,51+,True
4Ut6UU8Yyihz1jCZWSCQpu,Skit: Circle Room Talk,BTS,2013-06-12,VN,2022,2022-Q1,51+,True
7k3ohP9ZiGfhL6yD8oIPfk,chẳng giống giáng sinh,Lu,2021-12-05,VN,2022,2022-Q1,51+,True
5b1PngLlxc7hj3fJXrE2Zm,Glitch Mode,NCT DREAM,2022-03-28,VN,2022,2022-Q1,51+,True
37GNTP4wB0QSkUwcTWLHKg,Fashion Tán Gái,Low G,2021-12-28,VN,2022,2022-Q1,51+,True
0Sx4EKzhdNxFzquGRANPD3,Không Bằng - Rin Music Remix,Na,2021-11-21,VN,2022,2022-Q1,51+,True
5Ss7wCp22FOAbfeg75KllJ,Chạy Về Nơi Phía Anh,Khắc Việt,2022-02-14,VN,2022,2022-Q1,51+,True
7rjtRM1AgmmraeTTX8tofW,THERE'S NO ONE AT ALL,Sơn Tùng M-TP,2022-04-28,VN,2022,2022-Q2,1-10,True
2m6Ko3CY1qXNNja8AlugNc,Angel Baby,Troye Sivan,2021-09-09,VN,2022,2022-Q2,1-10,True
5eXBXreN3d1zdj6Sa8dS0u,Permission to Dance,BTS,2021-07-23,VN,2022,2022-Q2,1-10,True
69xohKu8C1fsflYAiSNbwM,Run BTS,BTS,2022-06-10,VN,2022,2022-Q2,1-10,True
3TSLqZssCoCdDlMhCJ08XW,Still Life,BIGBANG,2022-04-05,VN,2022,2022-Q2,1-10,True
6Hs2xIgB8nzyGFDvVA8lFa,Có Em,Madihu,2022-04-22,VN,2022,2022-Q2,1-10,True
4vfhartd7HDWGJbdVIycEu,Muộn Rồi Mà Sao Còn,Sơn Tùng M-TP,2021-04-29,VN,2022,2022-Q2,1-10,True
2gzhQaCTeNgxpeB2TPllyY,With you,Jimin,2022-04-24,VN,2022,2022-Q2,1-10,True
1IthE5GNiRzFN5CVaCa445,Born Singer,BTS,2022-06-10,VN,2022,2022-Q2,1-10,True
46HNZY1i7O6jwTA7Slo2PI,My Universe,Coldplay,2021-10-15,VN,2022,2022-Q2,1-10,True
04Mm3BineGdy0oNv8NivQT,Don't Break My Heart,Binz,2022-03-14,VN,2022,2022-Q2,11-20,True
1MiJk3dXC5jzhvLFP0dUM7,Thức Giấc,Da LAB,2021-07-14,VN,2022,2022-Q2,11-20,True
3CeKc83EsgRPItgvlDHo5B,Head In The Clouds,Hayd,2021-09-17,VN,2022,2022-Q2,11-20,True
0O6u0VJ46W86TxN9wgyqDj,I Like You (A Happier Song),Post Malone,2022-06-03,VN,2022,2022-Q2,11-20,True
2QyOYFAxW2khNYee4yeT6r,Thiêu Thân,B Ray,2022-06-18,VN,2022,2022-Q2,11-20,True
5ACySwUCY89mWH3u38WD9m,"Tệ Thật, Anh Nhớ Em",Thanh Hưng,2022-04-03,VN,2022,2022-Q2,11-20,True
0QzuaeCEEOV40Pn7IvKEny,double take,Dhruv,2022-01-21,VN,2022,2022-Q2,11-20,True
4AgFXIVT7hVhBZ5DEOaLu3,tiny love,Thịnh Suy,2021-12-05,VN,2022,2022-Q2,11-20,True
54UNNgtE3zzERwTuWSQLqd,có hẹn với thanh xuân,MONSTAR,2021-08-01,VN,2022,2022-Q2,11-20,True
5H7UgZQk2p5x4nmeuDjmE4,Đau Nhất Là Lặng Im,ERIK,2022-02-17,VN,2022,2022-Q2,11-20,True
7M30L99pePlQ3wh8IxVUsD,With You - Instrumental,Jimin,2022-04-24,VN,2022,2022-Q2,21-50,True
45Mswno1F7FoZkcmQkp7fi,Thích Em Hơi Nhiều,Wren Evans,2021-06-18,VN,2022,2022-Q2,21-50,True
4IaxDf2FixiQXq0mW7key9,ZOOM,Jessi,2022-04-13,VN,2022,2022-Q2,21-50,True
7oBUoEbCDF748UkHnLusUB,Chuyện Rằng,Thịnh Suy,2020-08-08,VN,2022,2022-Q2,21-50,True
5uyNAX6MazVAjBjVeOsTvp,3 1 0 7,W/N,2020-05-11,VN,2022,2022-Q2,21-50,True
7kgzRBNkBRArtTPkYjWLYT,bao tiền một mớ bình yên?,14 Casper,2023-03-03,VN,2022,2022-Q2,21-50,True
0FOBJ5PbwOe5XBY9y0bnhi,BTBT,B.I,2022-05-13,VN,2022,2022-Q2,21-50,True
1mKDbug8bbfDmLe7I4CJpe,Gác Lại Âu Lo,Da LAB,2020-07-25,VN,2022,2022-Q2,21-50,True
0x4cMbCLC6L7aJQs3EiPaZ,Look Here,BTS,2014-08-20,VN,2022,2022-Q2,21-50,True
0ClPIeT6MSgfSgQ9ZrJbAq,Cheating on You,Charlie Puth,2019-10-01,VN,2022,2022-Q2,21-50,True
5Fx8zxEEaPMkwzM00JFr3N,"Tự Sự - Original Soundtrack from ""Qua Bển Làm Chi""",Orange,2022-05-20,VN,2022,2022-Q2,51+,True
3NPWH2UbMjch2vnS7qMFGM,Past Lives,11:11 Music Group,2021-05-27,VN,2022,2022-Q2,51+,True
41aMYNen9G7uUbqLfV65cF,Tay To,Rapital,2021-06-21,VN,2022,2022-Q2,51+,True
6Fbsn9471Xd0vVsMWwhePh,Tháng Mấy Em Nhớ Anh?,Hà Anh Tuấn,2021-03-01,VN,2022,2022-Q2,51+,True
1J12HjUuXfJnaUdubTEzSR,Nghe Như Tình Yêu,HIEUTHUHAI,2021-07-09,VN,2022,2022-Q2,51+,True
7hzVxbVA6Y5t9YDzpSgdRS,Chạy Về Khóc Với Anh,ERIK,2022-01-26,VN,2022,2022-Q2,51+,True
4Dvkj6JhhA12EX05fT7y2e,As It Was,Harry Styles,2022-05-20,VN,2022,2022-Q2,51+,True
3DyHgXBOxAsKyy0diFTSOS,Not About Love,Khoi Vu,2021-09-20,VN,2022,2022-Q2,51+,True
2oEi9mqbQFJSuS2Wny7bfp,Say You Do,Tiên Tiên,2015-08-01,VN,2022,2022-Q2,51+,True
2c0QMztYu6PCfFrGLqHXIV,Răng Khôn,Phí Phương Anh,2021-04-22,VN,2022,2022-Q2,51+,True
73fFRs03s0gtjggfMW213L,Ngã Tư Không Đèn,TRANG,2022-06-18,VN,2022,2022-Q3,1-10,True
7GARzfC1mwhDuk4t9WOACq,MORE,j-hope,2022-07-15,VN,2022,2022-Q3,1-10,True
0xzI1KAr0Yd9tv8jlIk3sn,Bad Decisions,benny blanco,2022-08-05,VN,2022,2022-Q3,1-10,True
2isSdmQfVv32j2haL6hk9x,Intro : Persona,BTS,2019-04-12,VN,2022,2022-Q3,1-10,True
69xohKu8C1fsflYAiSNbwM,Run BTS,BTS,2022-06-10,VN,2022,2022-Q3,1-10,True
5iZHnufFUgATzrpGgH1K0W,Ánh Sao Và Bầu Trời,T.R.I,2021-09-10,VN,2022,2022-Q3,1-10,True
1Wwh6gmMeolwzbRzfZMY5b,Ready For Love,BLACKPINK,2022-09-15,VN,2022,2022-Q3,1-10,True
5mG5cQE6SEYxnGCX3I09IC,Vì Mẹ Anh Bắt Chia Tay,Miu Lê,2022-06-13,VN,2022,2022-Q3,1-10,True
5aucVLKiumD89mxVCB4zvS,Rush Hour (Feat. j-hope of BTS),Crush,2022-09-22,VN,2022,2022-Q3,1-10,True
3CqtQwaoQTdgDWLHyv7Twr,đứa nào làm em buồn?,Phuc Du,2022-08-08,VN,2022,2022-Q3,1-10,True
2gYj9lubBorOPIVWsTXugG,After LIKE,IVE,2022-08-22,VN,2022,2022-Q3,11-20,True
54UNNgtE3zzERwTuWSQLqd,có hẹn với thanh xuân,MONSTAR,2021-08-01,VN,2022,2022-Q3,11-20,True
04bm7NsIhRfTlLGDoKMEw8,Có Không Giữ Mất Đừng Tìm,Trúc Nhân,2022-05-12,VN,2022,2022-Q3,11-20,True
5KYv3kORBKUmVEoqbRRWxt,Từng Là Của Nhau,Bảo Anh,2022-08-30,VN,2022,2022-Q3,11-20,True
3DLtPObflLQBodZN8qGODT,2AM,JustaTee,2022-05-10,VN,2022,2022-Q3,11-20,True
2pIUpMhHL6L9Z5lnKxJJr9,Attention,NewJeans,2022-08-01,VN,2022,2022-Q3,11-20,True
3pgwxYRPbYIC6C1J2FPge8,Diễn viên tồi,Đen,2022-09-13,VN,2022,2022-Q3,11-20,True
05X3a0YGmS1rbH50aL8lGF,Một Ngàn Nỗi Đau,Văn Mai Hương,2022-06-23,VN,2022,2022-Q3,11-20,True
6hLEsk1t37XKNwtTQ3iI1b,Cơn Đau,Wren Evans,2022-06-30,VN,2022,2022-Q3,11-20,True
1xoadYaxtOp9gHDwgmPDuz,Sài Gòn Hôm Nay Mưa,JSOL,2021-05-29,VN,2022,2022-Q3,11-20,True
00I41xsW6SunZDJ5fB8KAd,Safety Zone,j-hope,2022-07-15,VN,2022,2022-Q3,21-50,True
0O6u0VJ46W86TxN9wgyqDj,I Like You (A Happier Song),Post Malone,2022-06-03,VN,2022,2022-Q3,21-50,True
45Mswno1F7FoZkcmQkp7fi,Thích Em Hơi Nhiều,Wren Evans,2021-06-18,VN,2022,2022-Q3,21-50,True
1J3SmWwlYAG68LGKr86MVH,Chúng Ta Của Hiện Tại,Sơn Tùng M-TP,2020-12-20,VN,2022,2022-Q3,21-50,True
5BTzf3doGTigDIYUFtbkI9,Sinh Ra Đã Là Thứ Đối Lập Nhau,Emcee L (Da LAB),2020-12-29,VN,2022,2022-Q3,21-50,True
6uxuJ8Fr1AAfSPJUF9N1yr,Bước Qua Mùa Cô Đơn,Vũ.,2022-09-09,VN,2022,2022-Q3,21-50,True
7kgzRBNkBRArtTPkYjWLYT,bao tiền một mớ bình yên?,14 Casper,2023-03-03,VN,2022,2022-Q3,21-50,True
2m6Ko3CY1qXNNja8AlugNc,Angel Baby,Troye Sivan,2021-09-09,VN,2022,2022-Q3,21-50,True
5Msoarj5hk9LguTtiIyqug,Ngày Đầu Tiên,Đức Phúc,2022-02-11,VN,2022,2022-Q3,21-50,True
1EmMFSLRVkOszCa4ul9z0F,3107 3,W/N,2021-07-31,VN,2022,2022-Q3,21-50,True
2Gazl1MAVX8vmo8E659Vq8,Real Love,My Anh,2021-07-18,VN,2022,2022-Q3,51+,True
5wANPM4fQCJwkGd4rN57mH,drivers license,Olivia Rodrigo,2021-05-21,VN,2022,2022-Q3,51+,True
5i17rzCuZfYVzoP441PXGu,1 Cọng Tóc Mai,Tóc Tiên,2022-06-30,VN,2022,2022-Q3,51+,True
0ClPIeT6MSgfSgQ9ZrJbAq,Cheating on You,Charlie Puth,2019-10-01,VN,2022,2022-Q3,51+,True
3j9BMKKE8DpDSBXVI0IdfA,Nhường Lại Em,Vũ.,2022-09-09,VN,2022,2022-Q3,51+,True
39TAKt2hL8sdhVTFCNfm2Y,Ai Đưa Em Về,TIA,2019-07-22,VN,2022,2022-Q3,51+,True
7lZ07tAiDnmUE7cKw0jfSZ,Người Ta Thành Đôi Hết Rồi,The Sheep,2019-08-29,VN,2022,2022-Q3,51+,True
2pm7K14nHj2fLrpU8j9bit,10 Ngàn Năm,PC,2019-12-21,VN,2022,2022-Q3,51+,True
4inMQ83GNpQ2OHDredH5hW,24h,Lyly,2020-10-28,VN,2022,2022-Q3,51+,True
0Q5VnK2DYzRyfqQRJuUtvi,LOVE DIVE,IVE,2022-04-05,VN,2022,2022-Q3,51+,True
3wEr5lmE7oaC3qhCbJTY8B,Hectic,RM,2022-12-02,VN,2022,2022-Q4,1-10,True
2gzhQaCTeNgxpeB2TPllyY,With you,Jimin,2022-04-24,VN,2022,2022-Q4,1-10,True
10SRMwb9EuVS1K9rYsBfHQ,Yet To Come,BTS,2022-06-10,VN,2022,2022-Q4,1-10,True
5p8ThxM2OhJ0igfxkz0Z1q,Wild Flower,RM,2022-12-02,VN,2022,2022-Q4,1-10,True
7jLSThU5Kg1RWt19Leiaxm,Chìm Sâu,RPT MCK,2023-03-02,VN,2022,2022-Q4,1-10,True
5Odq8ohlgIbQKMZivbWkEo,Left and Right (Feat. Jung Kook of BTS),Charlie Puth,2022-10-06,VN,2022,2022-Q4,1-10,True
186NCtNk1tUYS7c2DxgJ7O,Christmas Tree,V,2021-12-24,VN,2022,2022-Q4,1-10,True
5aucVLKiumD89mxVCB4zvS,Rush Hour (Feat. j-hope of BTS),Crush,2022-09-22,VN,2022,2022-Q4,1-10,True
5KawlOMHjWeUjQtnuRs22c,Boy With Luv,BTS,2019-04-12,VN,2022,2022-Q4,1-10,True
3r8RuvgbX9s7ammBn07D3W,Ditto,NewJeans,2022-12-19,VN,2022,2022-Q4,1-10,True
5J90ah0ppUSev1uahqQiN6,Anh Đánh Rơi Người Yêu Này,Andiez,2019-07-15,VN,2022,2022-Q4,11-20,True
3wUp8eCTshIrJcYbjWaoyP,ThichThich,Phương Ly,2022-07-24,VN,2022,2022-Q4,11-20,True
08MFgEQeVLF37EyZ7jcwLc,Pano,Zack Tabudlo,2021-12-06,VN,2022,2022-Q4,11-20,True
3rWDp9tBPQR9z6U5YyRSK4,Midnight Rain,Taylor Swift,2022-10-21,VN,2022,2022-Q4,11-20,True
5jQI2r1RdgtuT8S3iG8zFC,Lavender Haze,Taylor Swift,2022-10-21,VN,2022,2022-Q4,11-20,True
5AmBIWCnsLscPSYsfCApBy,Closer,RM,2022-12-02,VN,2022,2022-Q4,11-20,True
0L8LOav65XwLjCLS11gNPD,Typa Girl,BLACKPINK,2022-09-16,VN,2022,2022-Q4,11-20,True
5BTzf3doGTigDIYUFtbkI9,Sinh Ra Đã Là Thứ Đối Lập Nhau,Emcee L (Da LAB),2020-12-29,VN,2022,2022-Q4,11-20,True
2pYFHEy0xp48Le5Bfw5vcX,Có Chơi Có Chịu,Karik,2022-09-25,VN,2022,2022-Q4,11-20,True
0ono6UCNVZ1XqOm6j78Blu,Filter,BTS,2020-02-21,VN,2022,2022-Q4,11-20,True
4AgFXIVT7hVhBZ5DEOaLu3,tiny love,Thịnh Suy,2021-12-05,VN,2022,2022-Q4,21-50,True
1xwAWUI6Dj0WGC3KiUPN0O,Vigilante Shit,Taylor Swift,2022-10-21,VN,2022,2022-Q4,21-50,True
0QHEIqNKsMoOY5urbzN48u,Made You Look,Meghan Trainor,2022-10-21,VN,2022,2022-Q4,21-50,True
0ibp5h8QATkvC6P5cO5TUV,PHONG,VSTRA,2022-05-20,VN,2022,2022-Q4,21-50,True
5Msoarj5hk9LguTtiIyqug,Ngày Đầu Tiên,Đức Phúc,2022-02-11,VN,2022,2022-Q4,21-50,True
54UNNgtE3zzERwTuWSQLqd,có hẹn với thanh xuân,MONSTAR,2021-08-01,VN,2022,2022-Q4,21-50,True
7CAdT0HdiQNlt1C7xk2hep,Stay Alive (Prod. SUGA of BTS),Jung Kook,2022-02-11,VN,2022,2022-Q4,21-50,True
0QzuaeCEEOV40Pn7IvKEny,double take,Dhruv,2022-01-21,VN,2022,2022-Q4,21-50,True
7MObIQOs5ESkbcihA9dcsz,Có Khi,Madihu,2022-10-13,VN,2022,2022-Q4,21-50,True
1EmMFSLRVkOszCa4ul9z0F,3107 3,W/N,2021-07-31,VN,2022,2022-Q4,21-50,True
28ncfVOBRp3HGweSZ6Wb8C,Đưa Nhau Đi Trốn - Chill Version,Đen,2015-09-11,VN,2022,2022-Q4,51+,True
6TBJkXHPhu3EsMk1bshwuI,ONLY,LEEHI,2021-09-09,VN,2022,2022-Q4,51+,True
5expoVGQPvXuwBBFuNGqBd,Hurt,NewJeans,2022-08-01,VN,2022,2022-Q4,51+,True
0HH3DAz5feqJmDA50yQ52M,906090,Tóc Tiên,2022-10-19,VN,2022,2022-Q4,51+,True
3hxfMsWQOcS2o68G62SpuU,Chưa Quên Người Yêu Cũ,Hà Nhi,2022-08-03,VN,2022,2022-Q4,51+,True
35mvY5S1H3J2QZyna3TFe0,positions,Ariana Grande,2020-10-30,VN,2022,2022-Q4,51+,True
67Cxa088HT5J5OJ0SWB6Ip,Buông,Bùi Anh Tuấn,2016-09-15,VN,2022,2022-Q4,51+,True
2klsSb2iTfgDh95Ak9uWY2,Gái Độc Thân,tlinh,2021-06-30,VN,2022,2022-Q4,51+,True
7h2zqUH4bYyknNUxsYnS5V,Như Anh Đã Thấy Em,PhucXp,2022-05-20,VN,2022,2022-Q4,51+,True
0OrwGH9aeguhopTVubv0VZ,tonight,demxntia,2018-06-02,VN,2022,2022-Q4,51+,True
4AgFXIVT7hVhBZ5DEOaLu3,tiny love,Thịnh Suy,2021-12-05,VN,2023,2023-Q1,1-10,True
3a2Oftcs10wtzw6AmxuTMU,Rồi Ta Sẽ Ngắm Pháo Hoa Cùng Nhau,Olew,2023-01-02,VN,2023,2023-Q1,1-10,True
1RDvyOk4WtPCtoqciJwVn8,Dreamers [Music from the FIFA World Cup Qatar 2022 Official Soundtrack],Jung Kook,2022-11-20,VN,2023,2023-Q1,1-10,True
65FftemJ1DbbZ45DUfHJXE,OMG,NewJeans,2023-01-02,VN,2023,2023-Q1,1-10,True
7jLSThU5Kg1RWt19Leiaxm,Chìm Sâu,RPT MCK,2023-03-02,VN,2023,2023-Q1,1-10,True
5hkAuvgkOrd4KpDOlCNsvW,Waiting For You,MONO,2022-08-18,VN,2023,2023-Q1,1-10,True
27fqy8VruqYZlKiK1qfwEd,ghệ iu dấu của em ơi,tlinh,2023-02-10,VN,2023,2023-Q1,1-10,True
5wxYxygyHpbgv0EXZuqb9V,on the street,j-hope,2023-03-03,VN,2023,2023-Q1,1-10,True
5Odq8ohlgIbQKMZivbWkEo,Left and Right (Feat. Jung Kook of BTS),Charlie Puth,2022-10-06,VN,2023,2023-Q1,1-10,True
46HNZY1i7O6jwTA7Slo2PI,My Universe,Coldplay,2021-10-15,VN,2023,2023-Q1,1-10,True
1dUmmBh2nw8XzEI3au0uFs,Chết Trong Em,Thịnh Suy,2022-11-17,VN,2023,2023-Q1,11-20,True
2QWEMqQMJR1KDf6hDjJOs6,Arson,j-hope,2022-07-15,VN,2023,2023-Q1,11-20,True
5ECHJ1llWBNYLVCYrllD3x,Chạy Khỏi Thế Giới Này,Da LAB,2022-06-30,VN,2023,2023-Q1,11-20,True
7kgzRBNkBRArtTPkYjWLYT,bao tiền một mớ bình yên?,14 Casper,2023-03-03,VN,2023,2023-Q1,11-20,True
7bFFUPBiF15n8m8RziqS4o,dự báo thời tiết hôm nay mưa,GREY D,2022-11-22,VN,2023,2023-Q1,11-20,True
6Hs2xIgB8nzyGFDvVA8lFa,Có Em,Madihu,2022-04-22,VN,2023,2023-Q1,11-20,True
5iZHnufFUgATzrpGgH1K0W,Ánh Sao Và Bầu Trời,T.R.I,2021-09-10,VN,2023,2023-Q1,11-20,True
5odlY52u43F5BjByhxg7wg,golden hour,JVKE,2022-09-23,VN,2023,2023-Q1,11-20,True
2RUcwyW74Sv4VracHFrKdh,Promise,Jimin,2018-12-31,VN,2023,2023-Q1,11-20,True
7kpNUrBDYDoX6QKGzrBD1R,Thôi Em Đừng Đi,RPT MCK,2023-03-02,VN,2023,2023-Q1,11-20,True
05X3a0YGmS1rbH50aL8lGF,Một Ngàn Nỗi Đau,Văn Mai Hương,2022-06-23,VN,2023,2023-Q1,21-50,True
0a4MMyCrzT0En247IhqZbD,Hype Boy,NewJeans,2022-08-01,VN,2023,2023-Q1,21-50,True
45Mswno1F7FoZkcmQkp7fi,Thích Em Hơi Nhiều,Wren Evans,2021-06-18,VN,2023,2023-Q1,21-50,True
1izPmgSW7FV6XFdEOiTvOY,Em Không Hiểu,Changg,2021-06-28,VN,2023,2023-Q1,21-50,True
2X2mIfNW5ZtLmVgpm9rgUX,Show Me Love,RPT MCK,2023-03-02,VN,2023,2023-Q1,21-50,True
7HpIBZAsjJq5nW9S8ti7Fi,Cheri Cheri Lady,Maléna,2022-11-01,VN,2023,2023-Q1,21-50,True
54UNNgtE3zzERwTuWSQLqd,có hẹn với thanh xuân,MONSTAR,2021-08-01,VN,2023,2023-Q1,21-50,True
38rjRVqEHSlDRrDWDvjkqW,Bước Qua Nhau,Vũ.,2022-09-09,VN,2023,2023-Q1,21-50,True
6A1IbMKwjvXibcrU1sdqKH,Em Là,MONO,2022-08-18,VN,2023,2023-Q1,21-50,True
1Y3LN4zO1Edc2EluIoSPJN,Until I Found You,Stephen Sanchez,2022-04-22,VN,2023,2023-Q1,21-50,True
0L8LOav65XwLjCLS11gNPD,Typa Girl,BLACKPINK,2022-09-16,VN,2023,2023-Q1,51+,True
4fsQ0K37TOXa3hEQfjEic1,ANTIFRAGILE,LE SSERAFIM,2022-10-17,VN,2023,2023-Q1,51+,True
0V0dOlfZ3tuZwHnL2eZ9Al,Ngày Xuân Long Phụng Sum Vầy,Bích Phương,2017-01-16,VN,2023,2023-Q1,51+,True
3xlhYIhZ7heAvohmw3uyfd,00,RPT MCK,2023-03-02,VN,2023,2023-Q1,51+,True
4z623zW86trE9SxAtIf0Gm,Hôn Anh,MIN,2017-07-13,VN,2023,2023-Q1,51+,True
2klsSb2iTfgDh95Ak9uWY2,Gái Độc Thân,tlinh,2021-06-30,VN,2023,2023-Q1,51+,True
41aMYNen9G7uUbqLfV65cF,Tay To,Rapital,2021-06-21,VN,2023,2023-Q1,51+,True
37vIqMH3XV6ZbObcKE9GXC,Cô Đơn,Hngle,2022-12-30,VN,2023,2023-Q1,51+,True
1dS4l6xmdgEhCZTAhdOm4N,Serendipity - Full Length Edition,BTS,2018-08-24,VN,2023,2023-Q1,51+,True
0hiQvlWSSTr7n1kc1X2Lus,Bật Nhạc Lên,HIEUTHUHAI,2020-06-12,VN,2023,2023-Q1,51+,True
7FbrGaHYVDmfr7KoLIZnQ7,Cupid - Twin Ver.,FIFTY FIFTY,2023-02-24,VN,2023,2023-Q2,1-10,True
4EaQ0ouIydfeAgQUz284EF,"People, Pt. 2",Agust D,2023-04-07,VN,2023,2023-Q2,1-10,True
69CrOS7vEHIrhC2ILyEi0s,FLOWER,JISOO,2023-03-31,VN,2023,2023-Q2,1-10,True
4bjN59DRXFRxBE1g5ne6B1,Haegeum,Agust D,2023-04-21,VN,2023,2023-Q2,1-10,True
2yjeXq5ahx6UUg2rHaUe6X,Angel Pt. 2,JVKE,2023-05-18,VN,2023,2023-Q2,1-10,True
34o6gteNy2T5rieA0xYAgo,Don't ever say love me,Colde,2023-05-04,VN,2023,2023-Q2,1-10,True
7kpNUrBDYDoX6QKGzrBD1R,Thôi Em Đừng Đi,RPT MCK,2023-03-02,VN,2023,2023-Q2,1-10,True
6HGOxrNik4iPurqStawTFQ,MAKING MY WAY,Sơn Tùng M-TP,2023-05-05,VN,2023,2023-Q2,1-10,True
3l6LBCOL9nPsSY29TUY2VE,Lilith,Halsey,2023-06-05,VN,2023,2023-Q2,1-10,True
0u8rZGtXJrLtiSe34FPjGG,Like Crazy (English Version),Jimin,2023-03-24,VN,2023,2023-Q2,1-10,True
186NCtNk1tUYS7c2DxgJ7O,Christmas Tree,V,2021-12-24,VN,2023,2023-Q2,11-20,True
1J3SmWwlYAG68LGKr86MVH,Chúng Ta Của Hiện Tại,Sơn Tùng M-TP,2020-12-20,VN,2023,2023-Q2,11-20,True
4vfhartd7HDWGJbdVIycEu,Muộn Rồi Mà Sao Còn,Sơn Tùng M-TP,2021-04-29,VN,2023,2023-Q2,11-20,True
3a2Oftcs10wtzw6AmxuTMU,Rồi Ta Sẽ Ngắm Pháo Hoa Cùng Nhau,Olew,2023-01-02,VN,2023,2023-Q2,11-20,True
2LhXE2daNpLVv9LYXvYm8F,Là Anh,Phạm Lịch,2023-03-10,VN,2023,2023-Q2,11-20,True
5wxYxygyHpbgv0EXZuqb9V,on the street,j-hope,2023-03-03,VN,2023,2023-Q2,11-20,True
7gv3UYPh05ZDP7Io5BIsn7,Life Goes On,Agust D,2023-04-21,VN,2023,2023-Q2,11-20,True
65aTHDZWUdh6WIafu9MtNF,ngủ một mình (tình rất tình),HIEUTHUHAI,2022-12-15,VN,2023,2023-Q2,11-20,True
5iZHnufFUgATzrpGgH1K0W,Ánh Sao Và Bầu Trời,T.R.I,2021-09-10,VN,2023,2023-Q2,11-20,True
28bxbqNcAuNxYDZYet6eZ7,Chỉ Một Đêm Nữa Thôi,RPT MCK,2023-03-02,VN,2023,2023-Q2,11-20,True
70hEVaGwwat644nPWkhKNW,yêu anh đi mẹ anh bán bánh mì,Phuc Du,2023-02-13,VN,2023,2023-Q2,21-50,True
45Mswno1F7FoZkcmQkp7fi,Thích Em Hơi Nhiều,Wren Evans,2021-06-18,VN,2023,2023-Q2,21-50,True
4AgFXIVT7hVhBZ5DEOaLu3,tiny love,Thịnh Suy,2021-12-05,VN,2023,2023-Q2,21-50,True
7hU3IHwjX150XLoTVmjD0q,MONEY,LISA,2021-09-10,VN,2023,2023-Q2,21-50,True
5hkAuvgkOrd4KpDOlCNsvW,Waiting For You,MONO,2022-08-18,VN,2023,2023-Q2,21-50,True
78lw4wahFNotXb0mOEtPkM,BADBYE,WEAN,2023-06-09,VN,2023,2023-Q2,21-50,True
1xoadYaxtOp9gHDwgmPDuz,Sài Gòn Hôm Nay Mưa,JSOL,2021-05-29,VN,2023,2023-Q2,21-50,True
2g68ePl7VMltuOiuSTAz7I,Để Anh Một Mình,RAP VIỆT,2023-07-21,VN,2023,2023-Q2,21-50,True
27Z9T0mSWHYWSj9SNOGvyt,Thằng Điên,JustaTee,2022-07-11,VN,2023,2023-Q2,21-50,True
1dUmmBh2nw8XzEI3au0uFs,Chết Trong Em,Thịnh Suy,2022-11-17,VN,2023,2023-Q2,21-50,True
0DtarPcErIh4skfFtxzomo,Ngày Em Đẹp Nhất,Tama,2023-04-07,VN,2023,2023-Q2,51+,True
6TBJkXHPhu3EsMk1bshwuI,ONLY,LEEHI,2021-09-09,VN,2023,2023-Q2,51+,True
4P9Q0GojKVXpRTJCaL3kyy,All Of The Girls You Loved Before,Taylor Swift,2019-08-23,VN,2023,2023-Q2,51+,True
7IezwtVIJIPC36LpKMR9d7,Violet,Connor Price,2023-01-27,VN,2023,2023-Q2,51+,True
5T6j0rfpCDBzAxC8Fpd0N7,An Thần,Low G,2021-10-21,VN,2023,2023-Q2,51+,True
7gRFDGEzF9UkBV233yv2dc,Shut Down,BLACKPINK,2022-09-15,VN,2023,2023-Q2,51+,True
6IPNp9PfaEqrzotY47TIWy,SG,DJ Snake,2021-10-22,VN,2023,2023-Q2,51+,True
38rjRVqEHSlDRrDWDvjkqW,Bước Qua Nhau,Vũ.,2022-09-09,VN,2023,2023-Q2,51+,True
6D90VTeGEWYX5AkAtjHZh1,Like Crazy (Deep House Remix),Jimin,2023-03-26,VN,2023,2023-Q2,51+,True
6AQbmUe0Qwf5PZnt4HmTXv,Boy's a liar Pt. 2,PinkPantheress,2023-02-03,VN,2023,2023-Q2,51+,True
7GARzfC1mwhDuk4t9WOACq,MORE,j-hope,2022-07-15,VN,2023,2023-Q3,1-10,True
4TMdpMJNQdcawl8JjZEwLk,Nụ hôn Bisou,Lãng,2022-10-28,VN,2023,2023-Q3,1-10,True
6HpkHTTwfVmSoopeloHqOp,Anh Là Ai?,RAP VIỆT,2023-08-09,VN,2023,2023-Q3,1-10,True
5IAESfJjmOYu7cHyX557kz,Take Two,BTS,2023-06-09,VN,2023,2023-Q3,1-10,True
2QUU1AtY5fndKDNbr17EFk,người điên,tlinh,2023-08-16,VN,2023,2023-Q3,1-10,True
2UU11hvjN1JIn4iihEodNT,Blue,V,2023-09-08,VN,2023,2023-Q3,1-10,True
7jLSThU5Kg1RWt19Leiaxm,Chìm Sâu,RPT MCK,2023-03-02,VN,2023,2023-Q3,1-10,True
6IUEwlNgVnT5CYeBuq6DTH,Anh Là Ai?,RAP VIỆT,2023-07-16,VN,2023,2023-Q3,1-10,True
486dVHo58R4EhBQjcYF2NX,Khi Cơn Mơ Dần Phai,RAP VIỆT,2023-09-03,VN,2023,2023-Q3,1-10,True
0eFMbKCRw8KByXyWBw8WO7,Still With You,Jung Kook,2020-06-05,VN,2023,2023-Q3,1-10,True
02wk5BttM0QL38ERjLPQJB,Cool With You,NewJeans,2023-07-21,VN,2023,2023-Q3,11-20,True
7AD5F85waSb3yZxZxEXhJM,Có Ai Thương Em Như Anh,Tóc Tiên,2018-01-01,VN,2023,2023-Q3,11-20,True
5sdQOyqq2IDhvmx2lHOpwd,Super Shy,NewJeans,2023-07-07,VN,2023,2023-Q3,11-20,True
0gzpqwLf1jhNjnSJEyweAX,Tình cờ yêu em,Kuun Đức Nam,2023-06-10,VN,2023,2023-Q3,11-20,True
28bxbqNcAuNxYDZYet6eZ7,Chỉ Một Đêm Nữa Thôi,RPT MCK,2023-03-02,VN,2023,2023-Q3,11-20,True
1kuGVB7EU95pJObxwvfwKS,vampire,Olivia Rodrigo,2023-09-08,VN,2023,2023-Q3,11-20,True
3ukrFH17Zl6iEZ2QJ1Zwiy,Don't Côi,RPT Orijinn,2022-11-20,VN,2023,2023-Q3,11-20,True
1RDvyOk4WtPCtoqciJwVn8,Dreamers [Music from the FIFA World Cup Qatar 2022 Official Soundtrack],Jung Kook,2022-11-20,VN,2023,2023-Q3,11-20,True
7kgzRBNkBRArtTPkYjWLYT,bao tiền một mớ bình yên?,14 Casper,2023-03-03,VN,2023,2023-Q3,11-20,True
6Hs2xIgB8nzyGFDvVA8lFa,Có Em,Madihu,2022-04-22,VN,2023,2023-Q3,11-20,True
0Qs29ApstkrU5T8S5Hxazw,Ngõ Chạm,BigDaddy,2023-08-03,VN,2023,2023-Q3,21-50,True
0x5BqH8iC2Y2lTMxAkNAna,Từ Chối Hiểu,RAP VIỆT,2023-08-20,VN,2023,2023-Q3,21-50,True
56v8WEnGzLByGsDAXDiv4d,ETA,NewJeans,2023-07-21,VN,2023,2023-Q3,21-50,True
5T6j0rfpCDBzAxC8Fpd0N7,An Thần,Low G,2021-10-21,VN,2023,2023-Q3,21-50,True
1mFpMoeZfkIqtqW2AfQ8ba,THE GIRLS - BLACKPINK THE GAME OST,BLACKPINK,2023-08-25,VN,2023,2023-Q3,21-50,True
74ewFAgDzRkhZ7EX2eLtfZ,Winter Bear,V,2019-08-10,VN,2023,2023-Q3,21-50,True
4bjN59DRXFRxBE1g5ne6B1,Haegeum,Agust D,2023-04-21,VN,2023,2023-Q3,21-50,True
62SFLTN7txImu8pQwBMP6A,Bật Tình Yêu Lên,Tăng Duy Tân,2023-02-14,VN,2023,2023-Q3,21-50,True
1UHkDovEFqHzHCPyNe0BTy,Scenery,V,2019-01-30,VN,2023,2023-Q3,21-50,True
7gRFDGEzF9UkBV233yv2dc,Shut Down,BLACKPINK,2022-09-15,VN,2023,2023-Q3,21-50,True
1CbdvkjFxRkMNu3M2Cq1Hc,DIVE,TEMPEST,2023-09-20,VN,2023,2023-Q3,51+,True
0BOFCIDygXWLtAD08nJDFV,Nhạc Anh,Andree Right Hand,2020-12-18,VN,2023,2023-Q3,51+,True
5cvW3PYJeQjRTnj9vHP5Va,Cà Phê,MIN,2022-03-22,VN,2023,2023-Q3,51+,True
2wVDWtLKXunswWecARNILj,SOLO,JENNIE,2018-11-12,VN,2023,2023-Q3,51+,True
4kjA6oaloTf6ndyntyhZx8,"Cậu Ấm, Cô Chén",RAP VIỆT,2023-07-09,VN,2023,2023-Q3,51+,True
5PjdY0CKGZdEuoNab3yDmX,Stay,The Kid LAROI,2021-07-23,VN,2023,2023-Q3,51+,True
5wxYxygyHpbgv0EXZuqb9V,on the street,j-hope,2023-03-03,VN,2023,2023-Q3,51+,True
3J3nv18iIrOhca1ZWNeuyW,Đã Lỡ Yêu Em Nhiều,JustaTee,2022-07-11,VN,2023,2023-Q3,51+,True
0DtarPcErIh4skfFtxzomo,Ngày Em Đẹp Nhất,Tama,2023-04-07,VN,2023,2023-Q3,51+,True
7eDrdQ7PK9Xm1CZCKWsgmH,Anh Nhớ Ra,Vũ.,2022-09-09,VN,2023,2023-Q3,51+,True
2N0SPREDYqILVEFSsWF5N5,Love Me Again,V,2023-08-11,VN,2023,2023-Q4,1-10,True
4exlWP8cokkWVCvyP3kg7c,nếu lúc đó,tlinh,2023-08-16,VN,2023,2023-Q4,1-10,True
0fGJiHH6xSUJU1MAVjxq5m,Bạn Đời,Karik,2024-07-11,VN,2023,2023-Q4,1-10,True
6gcuJpHu0Ey30D5WR76y98,You & Me,JENNIE,2023-10-06,VN,2023,2023-Q4,1-10,True
3CyGK8BeJ5iCunpzvHyINs,Anh Luôn Như Vậy,B Ray,2023-10-05,VN,2023,2023-Q4,1-10,True
2doGmsaPLdot51o80juiYU,Đánh Đổi (ft. RPT MCK),Obito,2023-10-10,VN,2023,2023-Q4,1-10,True
3ZbZtdEw9U0uZW4tZItIwq,Chịu Cách Mình Nói Thua,RHYDER,2023-11-22,VN,2023,2023-Q4,1-10,True
0rKWJnmo6Q0ovoPOLoLm0t,TOO MUCH,The Kid LAROI,2023-10-19,VN,2023,2023-Q4,1-10,True
6KgZf5gZgF1KLNxq1qZgHP,Anh Là Ngoại Lệ Của Em,Phương Ly,2023-10-05,VN,2023,2023-Q4,1-10,True
2HRgqmZQC0MC7GeNuDIXHN,Seven,Jung Kook,2023-11-03,VN,2023,2023-Q4,1-10,True
0SLhB9JLM4Ksz1XdwK3aQD,Hà Nội (ft. VSTRA),Obito,2023-10-10,VN,2023,2023-Q4,11-20,True
5ydjxBSUIDn26MFzU3asP4,Rainy Days,V,2023-08-11,VN,2023,2023-Q4,11-20,True
5KfJvZ0PZzRdwFRaTUDAA7,Somebody,Jung Kook,2023-11-03,VN,2023,2023-Q4,11-20,True
0Vz146N2GxkVJw4kSGXrNi,You & Me (Coachella ver.),JENNIE,2023-10-06,VN,2023,2023-Q4,11-20,True
28bxbqNcAuNxYDZYet6eZ7,Chỉ Một Đêm Nữa Thôi,RPT MCK,2023-03-02,VN,2023,2023-Q4,11-20,True
1ZgiJ8fiSEwd07OpB9ZuRz,Cắt Đôi Nỗi Sầu,Tăng Duy Tân,2023-09-27,VN,2023,2023-Q4,11-20,True
3XCp5o1FUpAH0aj2Hmj5yz,Call Me,Wren Evans,2023-12-17,VN,2023,2023-Q4,11-20,True
0gzpqwLf1jhNjnSJEyweAX,Tình cờ yêu em,Kuun Đức Nam,2023-06-10,VN,2023,2023-Q4,11-20,True
6VXVYATpQXEIoZ97NnWCmn,Vì Anh Đâu Có Biết,Madihu,2022-08-04,VN,2023,2023-Q4,11-20,True
5ONOlTiqymhzwcFjqcIT6E,Hate You,Jung Kook,2023-11-03,VN,2023,2023-Q4,11-20,True
45Mswno1F7FoZkcmQkp7fi,Thích Em Hơi Nhiều,Wren Evans,2021-06-18,VN,2023,2023-Q4,21-50,True
0vkExWiBJSrfWnlMC7x48b,Không Yêu Xin Đừng Nói - Piano Version,UMIE,2022-01-22,VN,2023,2023-Q4,21-50,True
486dVHo58R4EhBQjcYF2NX,Khi Cơn Mơ Dần Phai,RAP VIỆT,2023-09-03,VN,2023,2023-Q4,21-50,True
210JJAa9nJOgNa0YNrsT5g,GODS,League of Legends,2023-10-04,VN,2023,2023-Q4,21-50,True
2UtFCtiSoc30GJ4MUcHDKr,Tell the kids i love them (ft. Shiki),Obito,2023-10-10,VN,2023,2023-Q4,21-50,True
7AD5F85waSb3yZxZxEXhJM,Có Ai Thương Em Như Anh,Tóc Tiên,2018-01-01,VN,2023,2023-Q4,21-50,True
5T6j0rfpCDBzAxC8Fpd0N7,An Thần,Low G,2021-10-21,VN,2023,2023-Q4,21-50,True
3bNNvJA7hsGw0wSpGkfOBm,Too Sad to Dance,Jung Kook,2023-11-03,VN,2023,2023-Q4,21-50,True
5uyNAX6MazVAjBjVeOsTvp,3 1 0 7,W/N,2020-05-11,VN,2023,2023-Q4,21-50,True
1xoadYaxtOp9gHDwgmPDuz,Sài Gòn Hôm Nay Mưa,JSOL,2021-05-29,VN,2023,2023-Q4,21-50,True
7fNHfgOxPLcg4mQLhCnOHB,XTC (Xích Thêm Chút) - Remix,Rapital,2021-06-21,VN,2023,2023-Q4,51+,True
2OBZtEg8DXhICWYd6yvicf,Từ A Đến Z,RAP VIỆT,2023-08-27,VN,2023,2023-Q4,51+,True
0KnWLhf5GqPEC4m7sHhxrY,Cơn Mưa Rào,Văn Mai Hương,2023-10-24,VN,2023,2023-Q4,51+,True
6jcLKVmEKAQIXIVHJZ8vzS,tình yêu chậm trễ,MONSTAR,2021-08-01,VN,2023,2023-Q4,51+,True
0bYg9bo50gSsH3LtXe2SQn,All I Want for Christmas Is You,Mariah Carey,1994-10-28,VN,2023,2023-Q4,51+,True
6TOI8hhlfebwsTYRCVpRMn,Xuất Phát Điểm,Obito,2023-10-10,VN,2023,2023-Q4,51+,True
0tfMfqHC3Pl6DG8kcIjXq9,Make Me Feel,Binz,2023-11-02,VN,2023,2023-Q4,51+,True
6MgCMS8q3NA89TnVuPLvIN,Baby Gọi Cho Anh,RAP VIỆT,2023-08-09,VN,2023,2023-Q4,51+,True
59hBR0BCtJsfIbV9VzCVAp,Set Me Free Pt.2,Jimin,2023-03-17,VN,2023,2023-Q4,51+,True
4I2ne5vm5LJmrXAfqgjAG4,Tình Ca Tình Ta,kis,2021-06-30,VN,2023,2023-Q4,51+,True
0X28PqBpbQhWdi4usYw0w5,Tò Te Tí,Wren Evans,2023-12-17,VN,2024,2024-Q1,1-10,True
0cGpKQ8RxxLOFqhktEURIj,wherever u r,UMI,2023-12-30,VN,2024,2024-Q1,1-10,True
1khMN4Adfi3LrZvxOq4YM5,Buồn Hay Vui,VSOUL,2023-12-25,VN,2024,2024-Q1,1-10,True
4saklk6nie3yiGePpBwUoc,Dynamite,BTS,2020-11-20,VN,2024,2024-Q1,1-10,True
43qX7PiMfluhGyrJrjcP9p,I Need U,BTS,2017-01-06,VN,2024,2024-Q1,1-10,True
4qYfRfSxsmhJ1WMaywtLyI,Từng Quen,Wren Evans,2023-12-17,VN,2024,2024-Q1,1-10,True
36OyVzUmUFb1MTTzy3YXbh,"Sau Lời Từ Khước (Theme Song From ""MAI"")",Phan Mạnh Quỳnh,2024-02-14,VN,2024,2024-Q1,1-10,True
4PCh6DAkUYKnEmvjV4ouOs,Nâng Chén Tiêu Sầu,Bích Phương,2024-03-08,VN,2024,2024-Q1,1-10,True
0paWX66K9n7sYR9AkKkyzB,Standing Next to You - Sped Up - Remix,Beat Record,2024-02-28,VN,2024,2024-Q1,1-10,True
3OVMe3H6iAxbLF8iD2UYrw,Chúng Ta Của Tương Lai,Sơn Tùng M-TP,2024-03-08,VN,2024,2024-Q1,1-10,True
0OIed6UFpfT2nW4BffD7Js,pho real,Low G,2024-02-28,VN,2024,2024-Q1,11-20,True
0dBKcPEAsdxWJsqNDNHcPz,Dân Chơi Sao Phải Khóc,Andree Right Hand,2024-01-05,VN,2024,2024-Q1,11-20,True
3XCp5o1FUpAH0aj2Hmj5yz,Call Me,Wren Evans,2023-12-17,VN,2024,2024-Q1,11-20,True
2ddbldKhKrYvOBbYa87cbj,Dành Hết Xuân Thì Để Chờ Nhau,Vũ.,2024-03-14,VN,2024,2024-Q1,11-20,True
1K0HQ30Wc11okzlcnFA7Ub,Không Thể Say,HIEUTHUHAI,2023-10-16,VN,2024,2024-Q1,11-20,True
4jWmhzf53Q0ZvZMuGdiR9x,shhhhhhh..,WEAN,2023-10-07,VN,2024,2024-Q1,11-20,True
6KgZf5gZgF1KLNxq1qZgHP,Anh Là Ngoại Lệ Của Em,Phương Ly,2023-10-05,VN,2024,2024-Q1,11-20,True
5J3m0taZ0W1E9HTE0MwcSv,Simp Gái 808,Low G,2023-10-18,VN,2024,2024-Q1,11-20,True
4exlWP8cokkWVCvyP3kg7c,nếu lúc đó,tlinh,2023-08-16,VN,2024,2024-Q1,11-20,True
0fGJiHH6xSUJU1MAVjxq5m,Bạn Đời,Karik,2024-07-11,VN,2024,2024-Q1,11-20,True
7Ebm9NxzNhUX2FxzBl1kwm,02 Mơ Làm Ma,Ngọt,2024-02-23,VN,2024,2024-Q1,21-50,True
7gaA3wERFkFkgivjwbSvkG,"yes, and?",Ariana Grande,2024-01-12,VN,2024,2024-Q1,21-50,True
1aKvZDoLGkNMxoRYgkckZG,Magnetic,ILLIT,2024-03-25,VN,2024,2024-Q1,21-50,True
3UX7FjJDl6RodnWekzFwEB,Exit Sign,HIEUTHUHAI,2023-10-16,VN,2024,2024-Q1,21-50,True
6VXVYATpQXEIoZ97NnWCmn,Vì Anh Đâu Có Biết,Madihu,2022-08-04,VN,2024,2024-Q1,21-50,True
5T6j0rfpCDBzAxC8Fpd0N7,An Thần,Low G,2021-10-21,VN,2024,2024-Q1,21-50,True
21x7Ld7I7X7HQtDgS8al5Z,Quyền Anh,Wren Evans,2023-12-17,VN,2024,2024-Q1,21-50,True
5f4u0kPnU21qNe6fXgAUiV,Yêu Nắm,BigDaddy,2024-02-13,VN,2024,2024-Q1,21-50,True
5ECHJ1llWBNYLVCYrllD3x,Chạy Khỏi Thế Giới Này,Da LAB,2022-06-30,VN,2024,2024-Q1,21-50,True
3ukrFH17Zl6iEZ2QJ1Zwiy,Don't Côi,RPT Orijinn,2022-11-20,VN,2024,2024-Q1,21-50,True
1J12HjUuXfJnaUdubTEzSR,Nghe Như Tình Yêu,HIEUTHUHAI,2021-07-09,VN,2024,2024-Q1,51+,True
65aTHDZWUdh6WIafu9MtNF,ngủ một mình (tình rất tình),HIEUTHUHAI,2022-12-15,VN,2024,2024-Q1,51+,True
2rGCYAabfA63PIzhQm7hVq,Internet Love,VSTRA,2021-02-14,VN,2024,2024-Q1,51+,True
7eDrdQ7PK9Xm1CZCKWsgmH,Anh Nhớ Ra,Vũ.,2022-09-09,VN,2024,2024-Q1,51+,True
2FWBdovgRvBSzA1JESUe0D,Làm Gì Phải Hốt,JustaTee,2020-01-05,VN,2024,2024-Q1,51+,True
5PyDJG7SQRgWXefgexqIge,Agora Hills,Doja Cat,2023-09-20,VN,2024,2024-Q1,51+,True
1izPmgSW7FV6XFdEOiTvOY,Em Không Hiểu,Changg,2021-06-28,VN,2024,2024-Q1,51+,True
6eOD2p1cGmxLiYA0UR03O1,Như Hoa Mùa Xuân,Phùng Khánh Linh,2023-01-01,VN,2024,2024-Q1,51+,True
0Qs29ApstkrU5T8S5Hxazw,Ngõ Chạm,BigDaddy,2023-08-03,VN,2024,2024-Q1,51+,True
7ESH2ntyD5Bb1XckoJU554,Một Năm Mới Bình An,Sơn Tùng M-TP,2017-04-01,VN,2024,2024-Q1,51+,True
02H58MSfVESkKyx4diDgu7,LOST!,RM,2024-05-24,VN,2024,2024-Q2,1-10,True
4fj4Jn4nw8fGX8xdbCntJf,Sau Cơn Mưa,CoolKid,2023-07-28,VN,2024,2024-Q2,1-10,True
3Ua0m0YmEjrMi9XErKcNiR,Like Crazy,Jimin,2023-03-24,VN,2024,2024-Q2,1-10,True
0PBTlQ84CBJF0tBnKGmQa6,FRI(END)S,V,2024-03-15,VN,2024,2024-Q2,1-10,True
2N0SPREDYqILVEFSsWF5N5,Love Me Again,V,2023-08-11,VN,2024,2024-Q2,1-10,True
1LJyhnPdYGRLerwJd8CmL1,Những Lời Hứa Bỏ Quên,Vũ.,2024-09-27,VN,2024,2024-Q2,1-10,True
2xOhv7XudrBDtkID1jwsFE,Từng Là,Vũ Cát Tường,2024-03-01,VN,2024,2024-Q2,1-10,True
11sirgYaEutV40tkvgpHN6,NEURON,j-hope,2024-03-29,VN,2024,2024-Q2,1-10,True
4oGgxjxVOI69h9uOpHOzwn,Để Ý,Wren Evans,2024-06-13,VN,2024,2024-Q2,1-10,True
3ZbZtdEw9U0uZW4tZItIwq,Chịu Cách Mình Nói Thua,RHYDER,2023-11-22,VN,2024,2024-Q2,1-10,True
1K0HQ30Wc11okzlcnFA7Ub,Không Thể Say,HIEUTHUHAI,2023-10-16,VN,2024,2024-Q2,11-20,True
5WIKVELHZYJ4vl3x3xlbZD,Ổ Quỷ,MR LANH,2024-02-05,VN,2024,2024-Q2,11-20,True
4tqXSj46umlymdIxqY8zso,giá như,SOOBIN,2024-06-25,VN,2024,2024-Q2,11-20,True
1SS0WlKhJewviwEDZ6dWj0,SPOT!,ZICO,2024-04-26,VN,2024,2024-Q2,11-20,True
3K7RddI2L8Wiv7uIbrhfLc,Rồi Em Sẽ Gặp Một Chàng Trai Khác,The Masked Singer,2023-11-12,VN,2024,2024-Q2,11-20,True
2o1pb13quMReXZqE7jWsgq,intro (end of the world),Ariana Grande,2024-03-08,VN,2024,2024-Q2,11-20,True
4exlWP8cokkWVCvyP3kg7c,nếu lúc đó,tlinh,2023-08-16,VN,2024,2024-Q2,11-20,True
25h0TqC9H3BcMA7KjK5nHK,vaicaunoicokhiennguoithaydoi,GREY D,2022-06-20,VN,2024,2024-Q2,11-20,True
6VXVYATpQXEIoZ97NnWCmn,Vì Anh Đâu Có Biết,Madihu,2022-08-04,VN,2024,2024-Q2,11-20,True
5C1O3fpMsiisJpHiB1uuDf,ĐỢI (Prod. RIO),52Hz,2023-12-15,VN,2024,2024-Q2,11-20,True
3A9A7mfVDVm3rrS9SMGhg5,Hư không,Kha,2023-12-14,VN,2024,2024-Q2,21-50,True
2wZAvkgiOE5tyrnqhB69KA,Âm Thầm Bên Em,Sơn Tùng M-TP,2017-04-01,VN,2024,2024-Q2,21-50,True
2pm7K14nHj2fLrpU8j9bit,10 Ngàn Năm,PC,2019-12-21,VN,2024,2024-Q2,21-50,True
4jWmhzf53Q0ZvZMuGdiR9x,shhhhhhh..,WEAN,2023-10-07,VN,2024,2024-Q2,21-50,True
1njlnn8ZKHI77Pe9szIONR,SHEESH,BABYMONSTER,2024-04-01,VN,2024,2024-Q2,21-50,True
2ddbldKhKrYvOBbYa87cbj,Dành Hết Xuân Thì Để Chờ Nhau,Vũ.,2024-03-14,VN,2024,2024-Q2,21-50,True
6kCU6i8iRrAAmJJ8Sj4JYC,Nắng có mang em về,Shartnuss,2023-10-21,VN,2024,2024-Q2,21-50,True
5BTzf3doGTigDIYUFtbkI9,Sinh Ra Đã Là Thứ Đối Lập Nhau,Emcee L (Da LAB),2020-12-29,VN,2024,2024-Q2,21-50,True
7kgzRBNkBRArtTPkYjWLYT,bao tiền một mớ bình yên?,14 Casper,2023-03-03,VN,2024,2024-Q2,21-50,True
1xoadYaxtOp9gHDwgmPDuz,Sài Gòn Hôm Nay Mưa,JSOL,2021-05-29,VN,2024,2024-Q2,21-50,True
7fNHfgOxPLcg4mQLhCnOHB,XTC (Xích Thêm Chút) - Remix,Rapital,2021-06-21,VN,2024,2024-Q2,51+,True
2SykQzXuFSeprST1uDjj1m,trời giấu trời mang đi,AMEE,2020-06-20,VN,2024,2024-Q2,51+,True
0MJ5wKsPEeihONNfugHGy7,Tip Toe,HYBS,2023-06-20,VN,2024,2024-Q2,51+,True
6xKs4CnVadRzdNZ48vhT27,Ngày Đầu Sau Chia Tay,Đức Phúc,2024-06-20,VN,2024,2024-Q2,51+,True
0UaaFmF3xUwMjnuAHBq7qL,Love You With All My Heart,Crush,2024-03-24,VN,2024,2024-Q2,51+,True
6o5y1iNvg3ORGfHtBEB8U4,? (Interlude),RM,2024-05-24,VN,2024,2024-Q2,51+,True
0tGmDUHDoT8pxYhgAT3yNG,bé ơi từ từ,Wren Evans,2023-12-17,VN,2024,2024-Q2,51+,True
6dgUya35uo964z7GZXM07g,Nonsense,Sabrina Carpenter,2022-07-15,VN,2024,2024-Q2,51+,True
5AaHvf9iO6RydAIissh0kz,Simple Love,Obito,2022-11-29,VN,2024,2024-Q2,51+,True
45PPoUgqs3JrhkZGEzSUHT,3107 4,W/N,2022-07-31,VN,2024,2024-Q2,51+,True
2nRMW95dnOILirpjbksLTs,Never Let Go,Jung Kook,2024-06-07,VN,2024,2024-Q3,1-10,True
6vvPecFTmWxDfEJ6cYT1wa,Rockstar,LISA,2024-06-27,VN,2024,2024-Q3,1-10,True
2ZqTbIID9vFPTXaGyzbb4q,Neva Play,Megan Thee Stallion,2024-09-06,VN,2024,2024-Q3,1-10,True
5XfGQZA0ioQAWUjlyJRcHc,1000 Ánh Mắt,Shiki,2024-06-27,VN,2024,2024-Q3,1-10,True
0BX2eDMZJrGzApf4ZGXrFi,NGÁO NGƠ,"ANH TRAI ""SAY HI""",2024-08-29,VN,2024,2024-Q3,1-10,True
31VNCmwspR7nVJ6kruUuJt,Đừng Làm Trái Tim Anh Đau,Sơn Tùng M-TP,2024-06-08,VN,2024,2024-Q3,1-10,True
3k6q0O9JnO2GhvD6C8fs20,Closer Than This,Jimin,2023-12-22,VN,2024,2024-Q3,1-10,True
5oFEvbM7lGnx8jfAkuhVyo,MỘNG YU,AMEE,2024-08-02,VN,2024,2024-Q3,1-10,True
2plbrEY59IikOBgBGLjaoe,Die With A Smile,Lady Gaga,2024-08-16,VN,2024,2024-Q3,1-10,True
3Alwi53Ahc2GwHgvel42b2,Ngày Đẹp Trời Để Nói Chia Tay,Lou Hoàng,2024-06-13,VN,2024,2024-Q3,1-10,True
25h0TqC9H3BcMA7KjK5nHK,vaicaunoicokhiennguoithaydoi,GREY D,2022-06-20,VN,2024,2024-Q3,11-20,True
3OVMe3H6iAxbLF8iD2UYrw,Chúng Ta Của Tương Lai,Sơn Tùng M-TP,2024-03-08,VN,2024,2024-Q3,11-20,True
26zqmmkqUK6mCc87XDzPym,CHÂN THÀNH,"ANH TRAI ""SAY HI""",2024-08-26,VN,2024,2024-Q3,11-20,True
5PGh9MyKry8slG5AfvD1eD,Hà Nội,Obito,2023-10-10,VN,2024,2024-Q3,11-20,True
07d8eaOuAWdC0DANq3tdPd,QUAY ĐI QUAY LẠI,"ANH TRAI ""SAY HI""",2024-08-31,VN,2024,2024-Q3,11-20,True
2xOhv7XudrBDtkID1jwsFE,Từng Là,Vũ Cát Tường,2024-03-01,VN,2024,2024-Q3,11-20,True
4CUvVaAYuXtvYURLFz7EIL,Chuyện Đôi Ta,Emcee L (Da LAB),2021-12-01,VN,2024,2024-Q3,11-20,True
4WZf4gJ2MvBec6XPdUiqcq,ANH BIẾT RỒI,"ANH TRAI ""SAY HI""",2024-08-31,VN,2024,2024-Q3,11-20,True
3COYA2vgfcUhDyRlVpZy5p,PHÓNG ZÌN ZÌN,tlinh,2024-09-18,VN,2024,2024-Q3,11-20,True
7Cjsw965r7mVK888ZqP6Wo,Mình Anh Thôi,Negav,2024-09-04,VN,2024,2024-Q3,11-20,True
6VXVYATpQXEIoZ97NnWCmn,Vì Anh Đâu Có Biết,Madihu,2022-08-04,VN,2024,2024-Q3,21-50,True
5ECHJ1llWBNYLVCYrllD3x,Chạy Khỏi Thế Giới Này,Da LAB,2022-06-30,VN,2024,2024-Q3,21-50,True
5J3m0taZ0W1E9HTE0MwcSv,Simp Gái 808,Low G,2023-10-18,VN,2024,2024-Q3,21-50,True
7pqx5vF7DzkVtEdsXQ9iua,ĐẦU ĐỘI SỪNG,"ANH TRAI ""SAY HI""",2024-08-06,VN,2024,2024-Q3,21-50,True
5ydjxBSUIDn26MFzU3asP4,Rainy Days,V,2023-08-11,VN,2024,2024-Q3,21-50,True
7kKu4NWeBh01I6aTIEP9bg,TRÓI EM LẠI,"ANH TRAI ""SAY HI""",2024-08-31,VN,2024,2024-Q3,21-50,True
1LJyhnPdYGRLerwJd8CmL1,Những Lời Hứa Bỏ Quên,Vũ.,2024-09-27,VN,2024,2024-Q3,21-50,True
3A9A7mfVDVm3rrS9SMGhg5,Hư không,Kha,2023-12-14,VN,2024,2024-Q3,21-50,True
2HRqTpkrJO5ggZyyK6NPWz,Espresso,Sabrina Carpenter,2024-08-23,VN,2024,2024-Q3,21-50,True
1J12HjUuXfJnaUdubTEzSR,Nghe Như Tình Yêu,HIEUTHUHAI,2021-07-09,VN,2024,2024-Q3,21-50,True
0H4ugk6rhnXmTl47ayy9O5,Daechwita,Agust D,2020-05-22,VN,2024,2024-Q3,51+,True
62bOmKYxYg7dhrC6gH9vFn,Bye Bye Bye,*NSYNC,2000-03-21,VN,2024,2024-Q3,51+,True
3nw5vYaH4qVx8joq3qhtNx,Okeokeoke,Low G,2020-11-09,VN,2024,2024-Q3,51+,True
7AD5F85waSb3yZxZxEXhJM,Có Ai Thương Em Như Anh,Tóc Tiên,2018-01-01,VN,2024,2024-Q3,51+,True
4iLqG9SeJSnt0cSPICSjxv,Attention,Charlie Puth,2017-04-20,VN,2024,2024-Q3,51+,True
7h2zqUH4bYyknNUxsYnS5V,Như Anh Đã Thấy Em,PhucXp,2022-05-20,VN,2024,2024-Q3,51+,True
5uyNAX6MazVAjBjVeOsTvp,3 1 0 7,W/N,2020-05-11,VN,2024,2024-Q3,51+,True
2nR51wakN5K3AJENqGaNg9,Bài Này Chill Phết,Đen,2019-01-01,VN,2024,2024-Q3,51+,True
5ocSQW5sIUIOFojwXEz9Ki,Supernatural,NewJeans,2024-06-21,VN,2024,2024-Q3,51+,True
5cn5oHiXJTLiuthgbgfkMh,Vet Mua,Vũ Cát Tường,2014-01-01,VN,2024,2024-Q3,51+,True
0SLzsfxED15vyUccX4bCqo,HOP ON DA SHOW,tlinh,2024-09-18,VN,2024,2024-Q4,1-10,True
50zAEIE4B1QqhPjRMK2Xmh,Running Wild,Jin,2024-11-19,VN,2024,2024-Q4,1-10,True
4nXrVH5xwN1w6TpmP7uu8n,Exit Sign,HIEUTHUHAI,2023-10-16,VN,2024,2024-Q4,1-10,True
1K0HQ30Wc11okzlcnFA7Ub,Không Thể Say,HIEUTHUHAI,2023-10-16,VN,2024,2024-Q4,1-10,True
2plbrEY59IikOBgBGLjaoe,Die With A Smile,Lady Gaga,2024-08-16,VN,2024,2024-Q4,1-10,True
2GE2p2dFpxp7OIz2QOFBzW,"KIM PHÚT, KIM GIỜ","ANH TRAI ""SAY HI""",2024-08-26,VN,2024,2024-Q4,1-10,True
3uT8QfoX0BE8ZJa4h98LDW,Wrong Times,Puppy,2023-05-17,VN,2024,2024-Q4,1-10,True
1z5ebC9238uGoBgzYyvGpQ,toxic till the end,ROSÉ,2024-12-06,VN,2024,2024-Q4,1-10,True
7134tEHq45eL6am9oVazZU,White Christmas,V,2024-12-06,VN,2024,2024-Q4,1-10,True
4wJ5Qq0jBN4ajy7ouZIV1c,APT.,ROSÉ,2024-12-06,VN,2024,2024-Q4,1-10,True
5oFEvbM7lGnx8jfAkuhVyo,MỘNG YU,AMEE,2024-08-02,VN,2024,2024-Q4,11-20,True
0e6fZkLArSmDIHnZcIua7t,Không Yêu Em Thì Yêu Ai?,Vũ.,2024-09-27,VN,2024,2024-Q4,11-20,True
3ZbZtdEw9U0uZW4tZItIwq,Chịu Cách Mình Nói Thua,RHYDER,2023-11-22,VN,2024,2024-Q4,11-20,True
0BX2eDMZJrGzApf4ZGXrFi,NGÁO NGƠ,"ANH TRAI ""SAY HI""",2024-08-29,VN,2024,2024-Q4,11-20,True
4fj4Jn4nw8fGX8xdbCntJf,Sau Cơn Mưa,CoolKid,2023-07-28,VN,2024,2024-Q4,11-20,True
0s7RyyUlQfd8mnnboHe18n,Hẹn Gặp Em Dưới Ánh Trăng,MANBO,2020-09-25,VN,2024,2024-Q4,11-20,True
7gSQxwCpEMjg8wb6Y3oqe7,HÀO QUANG,"ANH TRAI ""SAY HI""",2024-08-06,VN,2024,2024-Q4,11-20,True
3Nn9QjxOEj1pleW9xTG6cq,TÌNH ĐẦU QUÁ CHÉN,"ANH TRAI ""SAY HI""",2024-09-18,VN,2024,2024-Q4,11-20,True
31VNCmwspR7nVJ6kruUuJt,Đừng Làm Trái Tim Anh Đau,Sơn Tùng M-TP,2024-06-08,VN,2024,2024-Q4,11-20,True
4eeflgjzTF8xN8U2E0dech,NGỰA Ô,Dangrangto,2024-10-02,VN,2024,2024-Q4,11-20,True
0669gFIK8dYK9GGQ0K0QNF,Tràn Bộ Nhớ,Dương Domic,2024-11-23,VN,2024,2024-Q4,21-50,True
1LJyhnPdYGRLerwJd8CmL1,Những Lời Hứa Bỏ Quên,Vũ.,2024-09-27,VN,2024,2024-Q4,21-50,True
4hdOYl6xm8ry6hZzn9pBqw,QUA TỪNG KHUNG HÌNH,RAP VIỆT,2024-11-18,VN,2024,2024-Q4,21-50,True
2a5hng9yXtbjtTVVm9UviC,Mo,Vũ Cát Tường,2016-01-01,VN,2024,2024-Q4,21-50,True
5YiNxgEQQTuFi5dKLxxjWm,CATCH ME IF YOU CAN,"ANH TRAI ""SAY HI""",2024-08-06,VN,2024,2024-Q4,21-50,True
7Cjsw965r7mVK888ZqP6Wo,Mình Anh Thôi,Negav,2024-09-04,VN,2024,2024-Q4,21-50,True
50aQbgfdydBXABx2gATQHn,dance all night,ROSÉ,2024-12-06,VN,2024,2024-Q4,21-50,True
3y4q6bBdbXsTIaPiwiiUfy,3am,ROSÉ,2024-12-06,VN,2024,2024-Q4,21-50,True
67siqMtQTGPpJZI4Dz8OpM,not the same,ROSÉ,2024-12-06,VN,2024,2024-Q4,21-50,True
2SR0alFA2oWYXSoePGTj0V,I’ll Be There,Jin,2024-11-19,VN,2024,2024-Q4,21-50,True
0QzuaeCEEOV40Pn7IvKEny,double take,Dhruv,2022-01-21,VN,2024,2024-Q4,51+,True
52oyR8Wjhdzg7zucr8keYl,Đường Một Chiều,Huỳnh Tú,2021-03-01,VN,2024,2024-Q4,51+,True
0bYg9bo50gSsH3LtXe2SQn,All I Want for Christmas Is You,Mariah Carey,1994-10-28,VN,2024,2024-Q4,51+,True
4QkTMKgtkI6P9v9NRzSswS,CHỜ MỘT NGƯỜI,RAP VIỆT,2024-12-09,VN,2024,2024-Q4,51+,True
5LQpQ6SDeaz6SIkR0lvsoC,đưa em về nhàa,GREY D,2023-04-24,VN,2024,2024-Q4,51+,True
2o4dDfLK6NVI7TjBm5VoMv,Yêu Một Người Có Lẽ,Lou Hoàng,2016-03-07,VN,2024,2024-Q4,51+,True
4XsJiRJQAK8TWcZCn0Dxlh,POWER,G-DRAGON,2024-10-31,VN,2024,2024-Q4,51+,True
3K7RddI2L8Wiv7uIbrhfLc,Rồi Em Sẽ Gặp Một Chàng Trai Khác,The Masked Singer,2023-11-12,VN,2024,2024-Q4,51+,True
1pwyiEOvhXLvlpzTZcgfhe,CHÀNG KHỜ THUỶ CUNG,"ANH TRAI ""SAY HI""",2024-08-31,VN,2024,2024-Q4,51+,True
0oL2jCTf9P9a7flY5mCpYu,Trở Về,Wxrdie,2024-11-12,VN,2024,2024-Q4,51+,True
0669gFIK8dYK9GGQ0K0QNF,Tràn Bộ Nhớ,Dương Domic,2024-11-23,VN,2025,2025-Q1,1-10,True
0JBBsuv6YHi37NqzCNfr0d,SỰ NGHIỆP CHƯỚNG,Pháo,2025-03-21,VN,2025,2025-Q1,1-10,True
2Pwou3Q2Cf59RxdX2V6MgV,Có Đôi Điều,Shiki,2024-06-27,VN,2025,2025-Q1,1-10,True
1lcBt7LoEikqYmhUoa2cez,number one girl,ROSÉ,2024-12-06,VN,2025,2025-Q1,1-10,True
1K0HQ30Wc11okzlcnFA7Ub,Không Thể Say,HIEUTHUHAI,2023-10-16,VN,2025,2025-Q1,1-10,True
4eeflgjzTF8xN8U2E0dech,NGỰA Ô,Dangrangto,2024-10-02,VN,2025,2025-Q1,1-10,True
6cc5PzJUddXskJGHJINw9F,DANCING IN THE DARK,SOOBIN,2024-06-25,VN,2025,2025-Q1,1-10,True
5Fhr3wqeieN5WDkAsqL1JJ,MONA LISA,j-hope,2025-03-21,VN,2025,2025-Q1,1-10,True
41DlPJXKTCypXdf2eSqa03,Bình Yên,Vũ.,2024-09-27,VN,2025,2025-Q1,1-10,True
0oSc7X1uRQGuEqNRtXEeQL,Dù Cho Tận Thế,ERIK,2025-02-06,VN,2025,2025-Q1,1-10,True
226ljdOTLM2clGpm4mZvAm,Love is,Dangrangto,2023-06-27,VN,2025,2025-Q1,11-20,True
2plbrEY59IikOBgBGLjaoe,Die With A Smile,Lady Gaga,2024-08-16,VN,2025,2025-Q1,11-20,True
3ZbZtdEw9U0uZW4tZItIwq,Chịu Cách Mình Nói Thua,RHYDER,2023-11-22,VN,2025,2025-Q1,11-20,True
7fCeYpR02Q8JVuD88hJZVT,Bầu Trời Mới,Da LAB,2024-10-05,VN,2025,2025-Q1,11-20,True
7LVrrX8pkzI9fMF88nGabt,Đi Về Nhà,Đen,2020-12-20,VN,2025,2025-Q1,11-20,True
72NMPuJCRsOUoXQJdzVfdo,Track 06,Tyronee,2024-12-05,VN,2025,2025-Q1,11-20,True
4EIFwndJvGpgFjsEbNuYif,ExtraL,JENNIE,2025-03-07,VN,2025,2025-Q1,11-20,True
4fj4Jn4nw8fGX8xdbCntJf,Sau Cơn Mưa,CoolKid,2023-07-28,VN,2025,2025-Q1,11-20,True
31VNCmwspR7nVJ6kruUuJt,Đừng Làm Trái Tim Anh Đau,Sơn Tùng M-TP,2024-06-08,VN,2025,2025-Q1,11-20,True
7mblTCdc14ylJ1JW71MODb,Giờ Thì,buitruonglinh,2024-12-12,VN,2025,2025-Q1,11-20,True
2oVLEoBVDvYrGmzrU7dEm5,TRÀN BỘ NHỚ,"ANH TRAI ""SAY HI""",2024-08-31,VN,2025,2025-Q1,21-50,True
5JoQSuMrHdu7BcgIY9hDcX,Ánh Mắt Biết Cười,Quang Hùng MasterD,2025-01-26,VN,2025,2025-Q1,21-50,True
6a1uj8onBHUi6TKSREPxHY,Ghệ Mới,B Ray,2025-02-14,VN,2025,2025-Q1,21-50,True
265hQASPY3HFmUH38zZrSK,MOIEM,Dangrangto,2024-11-06,VN,2025,2025-Q1,21-50,True
5ca1aUHYwTDNO5E6unithq,Tiến Hay Lùi (Nụ Hôn Bạc Tỷ Original Soundtrack),Bùi Công Nam,2025-01-21,VN,2025,2025-Q1,21-50,True
10zywlg5b0gQOC3q1A7ADx,earthquake,JISOO,2025-02-14,VN,2025,2025-Q1,21-50,True
2a5hng9yXtbjtTVVm9UviC,Mo,Vũ Cát Tường,2016-01-01,VN,2025,2025-Q1,21-50,True
7KNmIjcmGJIBrhP2s5Vioe,Born Again,LISA,2025-02-28,VN,2025,2025-Q1,21-50,True
0e6fZkLArSmDIHnZcIua7t,Không Yêu Em Thì Yêu Ai?,Vũ.,2024-09-27,VN,2025,2025-Q1,21-50,True
4exlWP8cokkWVCvyP3kg7c,nếu lúc đó,tlinh,2023-08-16,VN,2025,2025-Q1,21-50,True
0QzuaeCEEOV40Pn7IvKEny,double take,Dhruv,2022-01-21,VN,2025,2025-Q1,51+,True
79bSb2Ilugozn6VygdplEZ,1 Phút,Andiez,2017-08-07,VN,2025,2025-Q1,51+,True
2nR51wakN5K3AJENqGaNg9,Bài Này Chill Phết,Đen,2019-01-01,VN,2025,2025-Q1,51+,True
6xKs4CnVadRzdNZ48vhT27,Ngày Đầu Sau Chia Tay,Đức Phúc,2024-06-20,VN,2025,2025-Q1,51+,True
4HxGH28DitgAuuKpEVrLzN,two years,ROSÉ,2024-12-06,VN,2025,2025-Q1,51+,True
44sYmL97Lv8mEbzgANFkPD,thật quá đáng.. để yêu,NICKY,2024-10-09,VN,2025,2025-Q1,51+,True
0fGJiHH6xSUJU1MAVjxq5m,Bạn Đời,Karik,2024-07-11,VN,2025,2025-Q1,51+,True
3K7RddI2L8Wiv7uIbrhfLc,Rồi Em Sẽ Gặp Một Chàng Trai Khác,The Masked Singer,2023-11-12,VN,2025,2025-Q1,51+,True
354swDEk1Zdo9y57fEqmRg,ĐOÁ HOA,TeuYungBoy,2025-03-08,VN,2025,2025-Q1,51+,True
5J90ah0ppUSev1uahqQiN6,Anh Đánh Rơi Người Yêu Này,Andiez,2019-07-15,VN,2025,2025-Q1,51+,True
0JBBsuv6YHi37NqzCNfr0d,SỰ NGHIỆP CHƯỚNG,Pháo,2025-03-21,VN,2025,2025-Q2,1-10,True
6Wobsw9uZ0D0xkfOjxXSq9,Messy (From F1® The Movie),ROSÉ,2025-05-08,VN,2025,2025-Q2,1-10,True
5PCOOngROV9jWsUViSy4Ed,Killin' It Girl,j-hope,2025-06-13,VN,2025,2025-Q2,1-10,True
0oSc7X1uRQGuEqNRtXEeQL,Dù Cho Tận Thế,ERIK,2025-02-06,VN,2025,2025-Q2,1-10,True
354swDEk1Zdo9y57fEqmRg,ĐOÁ HOA,TeuYungBoy,2025-03-08,VN,2025,2025-Q2,1-10,True
226ljdOTLM2clGpm4mZvAm,Love is,Dangrangto,2023-06-27,VN,2025,2025-Q2,1-10,True
3uT8QfoX0BE8ZJa4h98LDW,Wrong Times,Puppy,2023-05-17,VN,2025,2025-Q2,1-10,True
1XZE0InCx3SdCnLpVsPpZl,跳楼机,LBI利比,2025-01-23,VN,2025,2025-Q2,1-10,True
6cc5PzJUddXskJGHJINw9F,DANCING IN THE DARK,SOOBIN,2024-06-25,VN,2025,2025-Q2,1-10,True
5WkuMbkHX7yR7nnBKCn7tV,vạn vật như muốn ta bên nhau,RIO,2025-04-11,VN,2025,2025-Q2,1-10,True
0669gFIK8dYK9GGQ0K0QNF,Tràn Bộ Nhớ,Dương Domic,2024-11-23,VN,2025,2025-Q2,11-20,True
1K0HQ30Wc11okzlcnFA7Ub,Không Thể Say,HIEUTHUHAI,2023-10-16,VN,2025,2025-Q2,11-20,True
31VNCmwspR7nVJ6kruUuJt,Đừng Làm Trái Tim Anh Đau,Sơn Tùng M-TP,2024-06-08,VN,2025,2025-Q2,11-20,True
4tqXSj46umlymdIxqY8zso,giá như,SOOBIN,2024-06-25,VN,2025,2025-Q2,11-20,True
4gaxEUZE4z9pJAVTSFwgQI,một đời,14 Casper,2023-03-03,VN,2025,2025-Q2,11-20,True
4eeflgjzTF8xN8U2E0dech,NGỰA Ô,Dangrangto,2024-10-02,VN,2025,2025-Q2,11-20,True
3ZbZtdEw9U0uZW4tZItIwq,Chịu Cách Mình Nói Thua,RHYDER,2023-11-22,VN,2025,2025-Q2,11-20,True
41DlPJXKTCypXdf2eSqa03,Bình Yên,Vũ.,2024-09-27,VN,2025,2025-Q2,11-20,True
1z5ebC9238uGoBgzYyvGpQ,toxic till the end,ROSÉ,2024-12-06,VN,2025,2025-Q2,11-20,True
5Fhr3wqeieN5WDkAsqL1JJ,MONA LISA,j-hope,2025-03-21,VN,2025,2025-Q2,11-20,True
7mblTCdc14ylJ1JW71MODb,Giờ Thì,buitruonglinh,2024-12-12,VN,2025,2025-Q2,21-50,True
2xOhv7XudrBDtkID1jwsFE,Từng Là,Vũ Cát Tường,2024-03-01,VN,2025,2025-Q2,21-50,True
5PGh9MyKry8slG5AfvD1eD,Hà Nội,Obito,2023-10-10,VN,2025,2025-Q2,21-50,True
6hUpxEKFSjS8metuA1yxlf,Vai Lan Don Dua,SOOBIN,2017-01-27,VN,2025,2025-Q2,21-50,True
3ET3xHCLMGd57u06A9RjJ0,Nói Dối,Ronboogz,2022-12-12,VN,2025,2025-Q2,21-50,True
6kCU6i8iRrAAmJJ8Sj4JYC,Nắng có mang em về,Shartnuss,2023-10-21,VN,2025,2025-Q2,21-50,True
4OXAneZHFJyQV1RuzCzmH3,Buồn Hay Vui,VSOUL,2023-12-25,VN,2025,2025-Q2,21-50,True
2uZmeuNAxSm7XfVIwLkhCx,nhắn nhủ,Ronboogz,2023-12-12,VN,2025,2025-Q2,21-50,True
1o6cYDMHvKOfizi4d9Lqxr,id 072019,W/N,2023-07-31,VN,2025,2025-Q2,21-50,True
3P3rcI48wwVEgxF5vPM6pG,Buông Đôi Tay Nhau Ra,Sơn Tùng M-TP,2017-04-01,VN,2025,2025-Q2,21-50,True
0OB5hTu7ELKeVoD6JVRo6m,Thiên Mệnh,Quân A.P,2025-06-07,VN,2025,2025-Q2,51+,True
37uug3gaq86yvFTjV6WkaV,Think About U,Kay Chau Anh,2024-11-11,VN,2025,2025-Q2,51+,True
43zzuEWDotRcKlSFzrlJqs,Thêm Bao Nhiêu Lâu,Đạt G,2023-02-24,VN,2025,2025-Q2,51+,True
4vfhartd7HDWGJbdVIycEu,Muộn Rồi Mà Sao Còn,Sơn Tùng M-TP,2021-04-29,VN,2025,2025-Q2,51+,True
7q1qYSyRkGT4ZaCc2ZQihP,Em Còn Nhớ Anh Không - Remastered,Hoàng Tôn,2021-04-26,VN,2025,2025-Q2,51+,True
3ukrFH17Zl6iEZ2QJ1Zwiy,Don't Côi,RPT Orijinn,2022-11-20,VN,2025,2025-Q2,51+,True
2dHoVW9AxJVSRebPRyV2aA,Gone,ROSÉ,2021-03-12,VN,2025,2025-Q2,51+,True
3cZH38witMhkLvATILgEe5,EASIER,"EM XINH ""SAY HI""",2025-06-09,VN,2025,2025-Q2,51+,True
5oFEvbM7lGnx8jfAkuhVyo,MỘNG YU,AMEE,2024-08-02,VN,2025,2025-Q2,51+,True
6Hs2xIgB8nzyGFDvVA8lFa,Có Em,Madihu,2022-04-22,VN,2025,2025-Q2,51+,True
2qrpmvkxE0oz78ym1LEvXd,Kho Báu,(S)TRONG,2025-08-14,VN,2025,2025-Q3,1-10,True
4UAnQaQTSMjKjHkqjKwEYx,Permission to Dance - Live,BTS,2025-07-18,VN,2025,2025-Q3,1-10,True
08Hvl1OJalM7dG6mf6jpx6,Love Game,Low G,2025-10-21,VN,2025,2025-Q3,1-10,True
7k9aYmnQ1nrp3RMTxNtUQV,EM CHỈ LÀ,"EM XINH ""SAY HI""",2025-06-30,VN,2025,2025-Q3,1-10,True
3ET3xHCLMGd57u06A9RjJ0,Nói Dối,Ronboogz,2022-12-12,VN,2025,2025-Q3,1-10,True
34FhBswjcDbFzGx8zcPqoj,GÃ SĂN CÁ,"EM XINH ""SAY HI""",2025-06-30,VN,2025,2025-Q3,1-10,True
3qKeW2XJFZU5CvOQKStQW6,NGƯỜI ĐẦU TIÊN,"EM XINH ""SAY HI""",2025-08-18,VN,2025,2025-Q3,1-10,True
1ApIGNgp1azc0qB61x4GzG,Không Buông,Hngle,2025-08-25,VN,2025,2025-Q3,1-10,True
6cc5PzJUddXskJGHJINw9F,DANCING IN THE DARK,SOOBIN,2024-06-25,VN,2025,2025-Q3,1-10,True
1uiqiUzPn2EJpvHDy84PEZ,KHÔNG ĐAU NỮA RỒI,"EM XINH ""SAY HI""",2025-06-23,VN,2025,2025-Q3,1-10,True
6kCU6i8iRrAAmJJ8Sj4JYC,Nắng có mang em về,Shartnuss,2023-10-21,VN,2025,2025-Q3,11-20,True
7C0kNQRFtNhs7Ibx1Q4sLy,HỀ,"EM XINH ""SAY HI""",2025-06-23,VN,2025,2025-Q3,11-20,True
11OxuU5y7ebAJyKaY8dOl0,Lý Do Nào Để Quay Lại Với Nhau,PAR SG,2022-05-20,VN,2025,2025-Q3,11-20,True
7fCeYpR02Q8JVuD88hJZVT,Bầu Trời Mới,Da LAB,2024-10-05,VN,2025,2025-Q3,11-20,True
31VNCmwspR7nVJ6kruUuJt,Đừng Làm Trái Tim Anh Đau,Sơn Tùng M-TP,2024-06-08,VN,2025,2025-Q3,11-20,True
4tqXSj46umlymdIxqY8zso,giá như,SOOBIN,2024-06-25,VN,2025,2025-Q3,11-20,True
1WbTOu4D2oHK9fg2qR6msd,Ngày Này Năm Ấy,Việt Anh,2025-07-12,VN,2025,2025-Q3,11-20,True
1K0HQ30Wc11okzlcnFA7Ub,Không Thể Say,HIEUTHUHAI,2023-10-16,VN,2025,2025-Q3,11-20,True
7gSQxwCpEMjg8wb6Y3oqe7,HÀO QUANG,"ANH TRAI ""SAY HI""",2024-08-06,VN,2025,2025-Q3,11-20,True
2wZAvkgiOE5tyrnqhB69KA,Âm Thầm Bên Em,Sơn Tùng M-TP,2017-04-01,VN,2025,2025-Q3,11-20,True
5rSAUmbOg4giDrM29vUyHe,Nơi Này Có Anh,Sơn Tùng M-TP,2017-04-01,VN,2025,2025-Q3,21-50,True
3y66li7DIrH7HLKIZzxR5H,Lễ Đường,Kai Đinh,2025-03-09,VN,2025,2025-Q3,21-50,True
41DlPJXKTCypXdf2eSqa03,Bình Yên,Vũ.,2024-09-27,VN,2025,2025-Q3,21-50,True
5XfGQZA0ioQAWUjlyJRcHc,1000 Ánh Mắt,Shiki,2024-06-27,VN,2025,2025-Q3,21-50,True
5PGh9MyKry8slG5AfvD1eD,Hà Nội,Obito,2023-10-10,VN,2025,2025-Q3,21-50,True
6Hs2xIgB8nzyGFDvVA8lFa,Có Em,Madihu,2022-04-22,VN,2025,2025-Q3,21-50,True
0SmQ0UWeiHKQtxUej4Rem6,Tháng Năm,SOOBIN,2020-12-15,VN,2025,2025-Q3,21-50,True
226ljdOTLM2clGpm4mZvAm,Love is,Dangrangto,2023-06-27,VN,2025,2025-Q3,21-50,True
1EmMFSLRVkOszCa4ul9z0F,3107 3,W/N,2021-07-31,VN,2025,2025-Q3,21-50,True
0SNgVYcHY0UPil9YGmwU5k,CỨ ĐỔ TẠI CƠN MƯA,"EM XINH ""SAY HI""",2025-08-11,VN,2025,2025-Q3,21-50,True
7bn8ckDTI4EQIKZ6jRL4K0,Chúng Ta Không Thuộc Về Nhau,Sơn Tùng M-TP,2017-04-01,VN,2025,2025-Q3,51+,True
7tFwBnuaGXqiiONukPRaCo,Miên Man,Minh Huy,2022-06-24,VN,2025,2025-Q3,51+,True
50cmxP6KlnQA9IG3q5ckKD,Mascara,Chillies,2021-05-05,VN,2025,2025-Q3,51+,True
6Wobsw9uZ0D0xkfOjxXSq9,Messy (From F1® The Movie),ROSÉ,2025-05-08,VN,2025,2025-Q3,51+,True
0QIBqBajZLLcWfL6mpVsN3,Chuyện Chúng Ta Sau Này,Hải Đăng Doo,2023-03-25,VN,2025,2025-Q3,51+,True
3ukrFH17Zl6iEZ2QJ1Zwiy,Don't Côi,RPT Orijinn,2022-11-20,VN,2025,2025-Q3,51+,True
6hUpxEKFSjS8metuA1yxlf,Vai Lan Don Dua,SOOBIN,2017-01-27,VN,2025,2025-Q3,51+,True
2kt7udEZmN2kj1Jsl118zY,0 AI NGHĨ,Wxrdie,2023-03-16,VN,2025,2025-Q3,51+,True
7jLSThU5Kg1RWt19Leiaxm,Chìm Sâu,RPT MCK,2023-03-02,VN,2025,2025-Q3,51+,True
51bYFYWODfYOZU0rwvjiCc,Cho Mình Em,Binz,2021-04-01,VN,2025,2025-Q3,51+,True
1ApIGNgp1azc0qB61x4GzG,Không Buông,Hngle,2025-08-25,VN,2025,2025-Q4,1-10,True
53iuhJlwXhSER5J2IYYv1W,The Fate of Ophelia,Taylor Swift,2025-10-03,VN,2025,2025-Q4,1-10,True
3T7XHOdRcyhKU3QCB6kZG3,chẳng phải tình đầu sao đau đến thế,MIN,2025-10-22,VN,2025,2025-Q4,1-10,True
1DVYafsLmcQySKkJnY4RCs,Phép Màu,MAYDAYs,2025-02-21,VN,2025,2025-Q4,1-10,True
5WkuMbkHX7yR7nnBKCn7tV,vạn vật như muốn ta bên nhau,RIO,2025-04-11,VN,2025,2025-Q4,1-10,True
2daxUR0gVJr2dOmOtYvW8R,Anh Đã Không Biết Cách Yêu Em,Quang Đăng Trần,2025-07-05,VN,2025,2025-Q4,1-10,True
7dlgEjrK3lHbP786dshKDV,CHỜ ANH VỀ,"ANH TRAI ""SAY HI""",2025-12-08,VN,2025,2025-Q4,1-10,True
4nXrVH5xwN1w6TpmP7uu8n,Exit Sign,HIEUTHUHAI,2023-10-16,VN,2025,2025-Q4,1-10,True
27xkOIER6uDLKALIelHylZ,Don’t Say You Love Me,Jin,2025-05-16,VN,2025,2025-Q4,1-10,True
2a5hng9yXtbjtTVVm9UviC,Mo,Vũ Cát Tường,2016-01-01,VN,2025,2025-Q4,1-10,True
08Hvl1OJalM7dG6mf6jpx6,Love Game,Low G,2025-10-21,VN,2025,2025-Q4,11-20,True
11OxuU5y7ebAJyKaY8dOl0,Lý Do Nào Để Quay Lại Với Nhau,PAR SG,2022-05-20,VN,2025,2025-Q4,11-20,True
29Tj2R8sZZ3fzlXZVe1OyY,Pin Dự Phòng,Dương Domic,2024-11-23,VN,2025,2025-Q4,11-20,True
6gmvd9Lld9MiNR9r6I9eFE,Panorama,Richie D. ICY,2025-10-10,VN,2025,2025-Q4,11-20,True
4WFfPxJv1KRekG6mxn837K,EYES CLOSED,JISOO,2025-10-10,VN,2025,2025-Q4,11-20,True
6cc5PzJUddXskJGHJINw9F,DANCING IN THE DARK,SOOBIN,2024-06-25,VN,2025,2025-Q4,11-20,True
41DlPJXKTCypXdf2eSqa03,Bình Yên,Vũ.,2024-09-27,VN,2025,2025-Q4,11-20,True
5zXCoF69UxPNLrpar8Rk7e,Còn Gì Đẹp Hơn - Mưa Đỏ Original Soundtrack,Nguyễn Hùng,2025-07-27,VN,2025,2025-Q4,11-20,True
1K0HQ30Wc11okzlcnFA7Ub,Không Thể Say,HIEUTHUHAI,2023-10-16,VN,2025,2025-Q4,11-20,True
4BdB08vuS9r4HOoY7GkAxT,Nếu Ngày Ấy,SOOBIN,2019-07-22,VN,2025,2025-Q4,11-20,True
6VXVYATpQXEIoZ97NnWCmn,Vì Anh Đâu Có Biết,Madihu,2022-08-04,VN,2025,2025-Q4,21-50,True
3rIQPhzwnHiF3PzfFVnXp5,Nắng Ấm Trong Tim,Duongg,2025-10-24,VN,2025,2025-Q4,21-50,True
3yWuTOYDztXjZxdE2cIRUa,Opalite,Taylor Swift,2025-10-03,VN,2025,2025-Q4,21-50,True
7mblTCdc14ylJ1JW71MODb,Giờ Thì,buitruonglinh,2024-12-12,VN,2025,2025-Q4,21-50,True
5cn5oHiXJTLiuthgbgfkMh,Vet Mua,Vũ Cát Tường,2014-01-01,VN,2025,2025-Q4,21-50,True
6uxuJ8Fr1AAfSPJUF9N1yr,Bước Qua Mùa Cô Đơn,Vũ.,2022-09-09,VN,2025,2025-Q4,21-50,True
1fFvYVg1v3rpUSqKNCUh7b,Người Bình Thường,Vũ Cát Tường,2023-12-04,VN,2025,2025-Q4,21-50,True
2ix8KB1Xm7rRGzkh3i8P1d,NGƯỜI YÊU CHƯA SINH RA,"ANH TRAI ""SAY HI""",2025-09-29,VN,2025,2025-Q4,21-50,True
27F22WcGDyl4Z2KylVJkXL,Đường Tôi Chở Em Về,buitruonglinh,2020-07-03,VN,2025,2025-Q4,21-50,True
1WbTOu4D2oHK9fg2qR6msd,Ngày Này Năm Ấy,Việt Anh,2025-07-12,VN,2025,2025-Q4,21-50,True
3ZbZtdEw9U0uZW4tZItIwq,Chịu Cách Mình Nói Thua,RHYDER,2023-11-22,VN,2025,2025-Q4,51+,True
7uulTURh3qtUEUnMNtgcA6,Feel At Home,B Ray,2025-07-08,VN,2025,2025-Q4,51+,True
51bYFYWODfYOZU0rwvjiCc,Cho Mình Em,Binz,2021-04-01,VN,2025,2025-Q4,51+,True
6KIhgRkprgyJNERRMu7Quh,Có Em Chờ,MIN,2020-06-30,VN,2025,2025-Q4,51+,True
0SmQ0UWeiHKQtxUej4Rem6,Tháng Năm,SOOBIN,2020-12-15,VN,2025,2025-Q4,51+,True
5U30iZBlmxkpHqzb1OSnBS,Yêu 5,Rhymastic,2017-01-01,VN,2025,2025-Q4,51+,True
5wYQC7AuxV8ROALWcbVNxc,Giữ Anh Cho Ngày Hôm Qua,Hoàng Dũng,2025-07-09,VN,2025,2025-Q4,51+,True
2kt7udEZmN2kj1Jsl118zY,0 AI NGHĨ,Wxrdie,2023-03-16,VN,2025,2025-Q4,51+,True
7jLSThU5Kg1RWt19Leiaxm,Chìm Sâu,RPT MCK,2023-03-02,VN,2025,2025-Q4,51+,True
527UV7H9SbnmTVkxBVg56X,Chắc Ai Đó Sẽ Về,Sơn Tùng M-TP,2017-04-01,VN,2025,2025-Q4,51+,True
0KmrKOdScRDVYwWS8hkkdv,FYA,BTS,2026-03-20,VN,2026,2026-Q1,1-10,True
6Qwl74olNi1rl65FNxG5We,Và Thế Giới Đã Mất Đi Một Người Cô Đơn,marzuz,2024-05-18,VN,2026,2026-Q1,1-10,True
6GM4ZOBDcDroldUxI8GZ2B,Ai Ngoài Anh,VSTRA,2025-12-20,VN,2026,2026-Q1,1-10,True
0t8g66pWghsU8MphjUQIdg,Cảm Ơn Người Đã Thức Cùng Tôi - Original Soundtrack,Phùng Khánh Linh,2026-02-14,VN,2026,2026-Q1,1-10,True
41DlPJXKTCypXdf2eSqa03,Bình Yên,Vũ.,2024-09-27,VN,2026,2026-Q1,1-10,True
2HRgqmZQC0MC7GeNuDIXHN,Seven,Jung Kook,2023-11-03,VN,2026,2026-Q1,1-10,True
5DB1UwivnS4gmcZ27TiYnE,Người Đầu Tiên,Juky San,2025-10-31,VN,2026,2026-Q1,1-10,True
1K0HQ30Wc11okzlcnFA7Ub,Không Thể Say,HIEUTHUHAI,2023-10-16,VN,2026,2026-Q1,1-10,True
7ESH2ntyD5Bb1XckoJU554,Một Năm Mới Bình An,Sơn Tùng M-TP,2017-04-01,VN,2026,2026-Q1,1-10,True
6GUKRhIsWxA7VuZW8MKQLG,Không Thời Gian,Dương Domic,2025-09-20,VN,2026,2026-Q1,1-10,True
66LE366537RxmOur0DcGFH,Vừa Tìm Thấy Đã Đánh Mất,Wren Evans,2026-01-05,VN,2026,2026-Q1,11-20,True
3FZPp9lBUvhsxFxKJi3VkB,GO,BLACKPINK,2026-02-26,VN,2026,2026-Q1,11-20,True
4D1eaEIisnWCVPMnYuMh7q,漫步香港1999,白浩贤BlueC,2024-04-15,VN,2026,2026-Q1,11-20,True
3bmpXHVie1GTy37OkXJ7Vc,2.0,BTS,2026-03-20,VN,2026,2026-Q1,11-20,True
29Tj2R8sZZ3fzlXZVe1OyY,Pin Dự Phòng,Dương Domic,2024-11-23,VN,2026,2026-Q1,11-20,True
2IFND3phjzIG1RcPnHh2hP,Like Animals,BTS,2026-03-20,VN,2026,2026-Q1,11-20,True
7LVrrX8pkzI9fMF88nGabt,Đi Về Nhà,Đen,2020-12-20,VN,2026,2026-Q1,11-20,True
5WkuMbkHX7yR7nnBKCn7tV,vạn vật như muốn ta bên nhau,RIO,2025-04-11,VN,2026,2026-Q1,11-20,True
2a5hng9yXtbjtTVVm9UviC,Mo,Vũ Cát Tường,2016-01-01,VN,2026,2026-Q1,11-20,True
01qFKNWq73UfEslI0GvumE,3D,Jung Kook,2023-10-02,VN,2026,2026-Q1,11-20,True
43BJVWcBzHRIDaQCg7abnX,Champion,BLACKPINK,2026-02-26,VN,2026,2026-Q1,21-50,True
6VXVYATpQXEIoZ97NnWCmn,Vì Anh Đâu Có Biết,Madihu,2022-08-04,VN,2026,2026-Q1,21-50,True
3qKeW2XJFZU5CvOQKStQW6,NGƯỜI ĐẦU TIÊN,"EM XINH ""SAY HI""",2025-08-18,VN,2026,2026-Q1,21-50,True
6s3w7SUVtmm68Bw5KrKMh0,One More Night,BTS,2026-03-20,VN,2026,2026-Q1,21-50,True
3P3rcI48wwVEgxF5vPM6pG,Buông Đôi Tay Nhau Ra,Sơn Tùng M-TP,2017-04-01,VN,2026,2026-Q1,21-50,True
66v7AvDs5gZfmkJgFMMtHL,A Little Dream Of Me,Công Dương,2026-02-28,VN,2026,2026-Q1,21-50,True
27Z9T0mSWHYWSj9SNOGvyt,Thằng Điên,JustaTee,2022-07-11,VN,2026,2026-Q1,21-50,True
3A9A7mfVDVm3rrS9SMGhg5,Hư không,Kha,2023-12-14,VN,2026,2026-Q1,21-50,True
0fGJiHH6xSUJU1MAVjxq5m,Bạn Đời,Karik,2024-07-11,VN,2026,2026-Q1,21-50,True
3VkV6L37ub0rtuYQoawAqz,Tình Mình Lạ Kì,Lil Zpoet,2021-07-11,VN,2026,2026-Q1,21-50,True
5LQpQ6SDeaz6SIkR0lvsoC,đưa em về nhàa,GREY D,2023-04-24,VN,2026,2026-Q1,51+,True
7kgzRBNkBRArtTPkYjWLYT,bao tiền một mớ bình yên?,14 Casper,2023-03-03,VN,2026,2026-Q1,51+,True
0fK7ie6XwGxQTIkpFoWkd1,like JENNIE,JENNIE,2025-03-07,VN,2026,2026-Q1,51+,True
5tmA5oQDF0ULqRI12LKCDw,Chiều Hôm Ấy,JayKii,2025-09-25,VN,2026,2026-Q1,51+,True
5PGh9MyKry8slG5AfvD1eD,Hà Nội,Obito,2023-10-10,VN,2026,2026-Q1,51+,True
4SqE2XLtd1AfppGm2xlkf4,Nắng Ấm Xa Dần,Sơn Tùng M-TP,2017-04-01,VN,2026,2026-Q1,51+,True
3W77mLoXjQEkNjxvYRifjG,tâm trí lang thang,Ánh Sáng AZA,2025-05-15,VN,2026,2026-Q1,51+,True
15yC0BCinDyknKpjk0VLku,Tết Nhà Mình,Hoà Minzy,2021-01-26,VN,2026,2026-Q1,51+,True
2HEd2fkMbbIclpv8pYvWW0,để dành cho em,Dangrangto,2026-02-26,VN,2026,2026-Q1,51+,True
2o4dDfLK6NVI7TjBm5VoMv,Yêu Một Người Có Lẽ,Lou Hoàng,2016-03-07,VN,2026,2026-Q1,51+,True
6GM4ZOBDcDroldUxI8GZ2B,Ai Ngoài Anh,VSTRA,2025-12-20,VN,2026,2026-Q2,1-10,True
5KYv3kORBKUmVEoqbRRWxt,Từng Là Của Nhau,Bảo Anh,2022-08-30,VN,2026,2026-Q2,1-10,True
0NyrI1tMvqcK3vU5z9DMdI,She Neva Knows,JustaTee,2012-01-21,VN,2026,2026-Q2,1-10,True
4nXrVH5xwN1w6TpmP7uu8n,Exit Sign,HIEUTHUHAI,2023-10-16,VN,2026,2026-Q2,1-10,True
6Qwl74olNi1rl65FNxG5We,Và Thế Giới Đã Mất Đi Một Người Cô Đơn,marzuz,2024-05-18,VN,2026,2026-Q2,1-10,True
68lbSrXDORS51pmyjZv712,SWIM,BTS,2026-03-20,VN,2026,2026-Q2,1-10,True
0a32EBPjqAe47cYDPE5Ia5,Em,Binz,2026-05-24,VN,2026,2026-Q2,1-10,True
6BnPsHZv1jPbPAsQsm0s5b,Nếu Như Ta Chẳng Còn,RPT MCK,2026-06-17,VN,2026,2026-Q2,1-10,True
2KslE17cAJNHTsI2MI0jb2,Standing Next to You,Jung Kook,2023-11-03,VN,2026,2026-Q2,1-10,True
11T61UpoNbbcewOMl1kcWN,Dạo Bước HongKong 1999,NHONHO,2026-03-17,VN,2026,2026-Q2,1-10,True
2a5hng9yXtbjtTVVm9UviC,Mo,Vũ Cát Tường,2016-01-01,VN,2026,2026-Q2,11-20,True
5DB1UwivnS4gmcZ27TiYnE,Người Đầu Tiên,Juky San,2025-10-31,VN,2026,2026-Q2,11-20,True
0GXZXSDFSbJjqdGifjSaig,Sớm Như Vậy,buitruonglinh,2026-04-09,VN,2026,2026-Q2,11-20,True
6mKMGpkgP2cH5gmqILWe7b,vết thương,Fishy,2023-06-29,VN,2026,2026-Q2,11-20,True
3T7XHOdRcyhKU3QCB6kZG3,chẳng phải tình đầu sao đau đến thế,MIN,2025-10-22,VN,2026,2026-Q2,11-20,True
2o4dDfLK6NVI7TjBm5VoMv,Yêu Một Người Có Lẽ,Lou Hoàng,2016-03-07,VN,2026,2026-Q2,11-20,True
41DlPJXKTCypXdf2eSqa03,Bình Yên,Vũ.,2024-09-27,VN,2026,2026-Q2,11-20,True
0hB27T4dy9qBUcZabsrLOj,Dạo Gần Đây Anh Thấy Anh Không Bằng Ai Hết,HIEUTHUHAI,2026-04-22,VN,2026,2026-Q2,11-20,True
6kCU6i8iRrAAmJJ8Sj4JYC,Nắng có mang em về,Shartnuss,2023-10-21,VN,2026,2026-Q2,11-20,True
1UhQ0VwKq2PGnLiAZOJYV1,Em,Binz,2025-10-25,VN,2026,2026-Q2,11-20,True
01qFKNWq73UfEslI0GvumE,3D,Jung Kook,2023-10-02,VN,2026,2026-Q2,21-50,True
0pavLg3wbL6PVXAgXoWv4S,Một Nửa Sự Thật,24k.Right,2024-12-11,VN,2026,2026-Q2,21-50,True
4nyoalDFgUaZOzIKqj3aS5,Ngàn Năm Ánh Sáng,Đặng Vĩnh Thịnh,2025-07-30,VN,2026,2026-Q2,21-50,True
22GCbN9OyrCa1tC1jZnX8O,Gội Đầu,Thắng,2026-02-13,VN,2026,2026-Q2,21-50,True
6IxPiUQI4Cd0mL0pBIOjAg,Hết Yêu,HIEUTHUHAI,2026-04-22,VN,2026,2026-Q2,21-50,True
71luUs5K7N1fdf7ecMKg04,Cho Con (Lullaby pt.2),B Ray,2026-05-23,VN,2026,2026-Q2,21-50,True
4wD6v7xAl1Hhfl2rli4q0n,Vacheron Louie V,HIEUTHUHAI,2026-04-22,VN,2026,2026-Q2,21-50,True
3P3rcI48wwVEgxF5vPM6pG,Buông Đôi Tay Nhau Ra,Sơn Tùng M-TP,2017-04-01,VN,2026,2026-Q2,21-50,True
6ag0c7tBr3PIqPb00C2rK4,NGƯỜI NHƯ ANH XỨNG ĐÁNG CÔ ĐƠN - KHÔNG ĐAU NỮA RỒI,VCT,2026-02-16,VN,2026,2026-Q2,21-50,True
1r9gNSD1WUFscqTSA2Rcet,Hẹn Lần Sau,MAYDAYs,2025-12-18,VN,2026,2026-Q2,21-50,True
1VyXprVXZYNGWWZf1u4JfN,Blue Lips,CORTIS,2026-05-04,VN,2026,2026-Q2,51+,True
0KA8tBqZ81mBe2po59GK5j,Trạng Thái Mộng Mơ,Đỗ Hoàng Long,2026-02-05,VN,2026,2026-Q2,51+,True
5YPU2SdqR2pOsfFs5AW25q,Kém Duyên,Rum,2024-07-20,VN,2026,2026-Q2,51+,True
2w7jOvl0kpplNxisgfnCdT,Nếu Biết Đó Là Lần Cuối,Đức Trường,2022-08-19,VN,2026,2026-Q2,51+,True
4wJ5Qq0jBN4ajy7ouZIV1c,APT.,ROSÉ,2024-12-06,VN,2026,2026-Q2,51+,True
5UUNrCgGtC6JOrATM3y3ZT,Sắp Nổi Tiếng 2,HIEUTHUHAI,2026-04-22,VN,2026,2026-Q2,51+,True
5uyNAX6MazVAjBjVeOsTvp,3 1 0 7,W/N,2020-05-11,VN,2026,2026-Q2,51+,True
3VegC0PZiHjGxb80DER8XU,Merry Go Round,BTS,2026-03-20,VN,2026,2026-Q2,51+,True
0OB5hTu7ELKeVoD6JVRo6m,Thiên Mệnh,Quân A.P,2025-06-07,VN,2026,2026-Q2,51+,True
7G7mSV4BebkoHWwKTDvXu9,Winter Ahead,V,2024-11-29,VN,2026,2026-Q2,51+,True
0a32EBPjqAe47cYDPE5Ia5,Em,Binz,2026-05-24,VN,2026,2026-Q3,1-10,True
1ApIGNgp1azc0qB61x4GzG,Không Buông,Hngle,2025-08-25,VN,2026,2026-Q3,1-10,True
4TmcmTzr88j02kCDh19VNt,SECRET,"TINH HÀ ""SAY HI""",2026-08-08,VN,2026,2026-Q3,1-10,True
7bFFUPBiF15n8m8RziqS4o,dự báo thời tiết hôm nay mưa,GREY D,2022-11-22,VN,2026,2026-Q3,1-10,True
6Qwl74olNi1rl65FNxG5We,Và Thế Giới Đã Mất Đi Một Người Cô Đơn,marzuz,2024-05-18,VN,2026,2026-Q3,1-10,True
7aBUKC55ymgBw7M5gdppte,MRT,"TINH HÀ ""SAY HI""",2026-08-08,VN,2026,2026-Q3,1-10,True
68lbSrXDORS51pmyjZv712,SWIM,BTS,2026-03-20,VN,2026,2026-Q3,1-10,True
73RcFjiDtStfP3GCW44vJu,Ngày Rời Chuyến Bay,Minh Huy,2026-03-14,VN,2026,2026-Q3,1-10,True
1IWEzoYndBj6ntPQ1nYiFP,LAVIEM,"TINH HÀ ""SAY HI""",2026-09-05,VN,2026,2026-Q3,1-10,True
6CTdPSNvUYw7UjerVIkUia,xương rồng (intro),Dangrangto,2026-06-17,VN,2026,2026-Q3,1-10,True
2wZAvkgiOE5tyrnqhB69KA,Âm Thầm Bên Em,Sơn Tùng M-TP,2017-04-01,VN,2026,2026-Q3,11-20,True
4VjLWbQhf8KUPMeuBO5H55,MVP (MƯA VỘI PHÓNG),"TINH HÀ ""SAY HI""",2026-07-25,VN,2026,2026-Q3,11-20,True
0CY9y1F7RcRSV3raHljdxu,THẾ GIỚI CỦA ANH,"TINH HÀ ""SAY HI""",2026-07-25,VN,2026,2026-Q3,11-20,True
6iXGivPFpsqKmrINhIbPvx,Buồn Thì Cứ Khóc Đi,Lynk Lee,2019-12-13,VN,2026,2026-Q3,11-20,True
4B4Q7zfd0aHcuhQBfCRnH5,NORMAL,BTS,2026-03-20,VN,2026,2026-Q3,11-20,True
3J3nv18iIrOhca1ZWNeuyW,Đã Lỡ Yêu Em Nhiều,JustaTee,2022-07-11,VN,2026,2026-Q3,11-20,True
4HjBeRYorM50d1rCrl853a,50 CUỘC GỌI NHỠ,"TINH HÀ ""SAY HI""",2026-07-11,VN,2026,2026-Q3,11-20,True
0NyrI1tMvqcK3vU5z9DMdI,She Neva Knows,JustaTee,2012-01-21,VN,2026,2026-Q3,11-20,True
6Zoi4ue74UdUeYmHXItXnf,Vùng An Toàn,B Ray,2025-07-08,VN,2026,2026-Q3,11-20,True
2KslE17cAJNHTsI2MI0jb2,Standing Next to You,Jung Kook,2023-11-03,VN,2026,2026-Q3,11-20,True
0eAuGrXyGFYwur9ARUe7LJ,Earrings,Malcolm Todd,2024-04-05,VN,2026,2026-Q3,21-50,True
1MiJk3dXC5jzhvLFP0dUM7,Thức Giấc,Da LAB,2021-07-14,VN,2026,2026-Q3,21-50,True
4exlWP8cokkWVCvyP3kg7c,nếu lúc đó,tlinh,2023-08-16,VN,2026,2026-Q3,21-50,True
27Z9T0mSWHYWSj9SNOGvyt,Thằng Điên,JustaTee,2022-07-11,VN,2026,2026-Q3,21-50,True
5jCSifehmtV2KDWLoXgA8F,MOVE ON,Anh Trai Vượt Ngàn Chông Gai,2026-07-04,VN,2026,2026-Q3,21-50,True
6kCU6i8iRrAAmJJ8Sj4JYC,Nắng có mang em về,Shartnuss,2023-10-21,VN,2026,2026-Q3,21-50,True
50xuQI5QlXggFKpq66IBON,Sandwich & Story,MONO,2026-07-09,VN,2026,2026-Q3,21-50,True
3bmqUlen7AJeTh3EKCEPHe,CÔ ĐƠN ANH CŨNG VUI,"TINH HÀ ""SAY HI""",2026-07-11,VN,2026,2026-Q3,21-50,True
5tdz7T4hTxA1ipJMBe24uX,"ex's hate me, Pt.2",AMEE,2020-06-20,VN,2026,2026-Q3,21-50,True
20jbSiX29FDX4oQxBXyUEi,hate that i made you love me,Ariana Grande,2026-05-29,VN,2026,2026-Q3,21-50,True
0RiRZpuVRbi7oqRdSMwhQY,Sunflower - Spider-Man: Into the Spider-Verse,Post Malone,2019-09-06,VN,2026,2026-Q3,51+,True
6Q2oEdOhRjZ1DTv2a7j0lN,Ghé Qua,PC,2018-03-17,VN,2026,2026-Q3,51+,True
4eeflgjzTF8xN8U2E0dech,NGỰA Ô,Dangrangto,2024-10-02,VN,2026,2026-Q3,51+,True
7AD5F85waSb3yZxZxEXhJM,Có Ai Thương Em Như Anh,Tóc Tiên,2018-01-01,VN,2026,2026-Q3,51+,True
5PGh9MyKry8slG5AfvD1eD,Hà Nội,Obito,2023-10-10,VN,2026,2026-Q3,51+,True
7Ldcvhcl4Xj4eOTSWpZus5,ACAI,CORTIS,2026-05-04,VN,2026,2026-Q3,51+,True
6LakfNLAPklxBWkexiRfD0,ĐỢI,52Hz,2024-01-31,VN,2026,2026-Q3,51+,True
3H6nzsPNMttEvUl3ai3xN8,Vùng Ký Ức,Chillies,2021-05-05,VN,2026,2026-Q3,51+,True
6E3P4uOfKHYXJLK6Q3s0Tj,Cơn Mưa Cuối,JustaTee,2016-11-03,VN,2026,2026-Q3,51+,True
65st6HfPZyxq1RNTvqSIos,Thu Đợi,Wren Evans,2026-01-05,VN,2026,2026-Q3,51+,True
