spotify_track_id,spotify_artist,spotify_title,spotify_duration_sec,match_status,selected_candidate_number,youtube_video_id,youtube_url,youtube_title,youtube_channel,youtube_duration_sec,duration_diff_sec,audio_note
6Im9k8u9iIzKMrmV7BWtlF,Ariana Grande,34+35,173.7,automatic,1,cnyCcF20pRo,https://www.youtube.com/watch?v=cnyCcF20pRo,Ariana Grande - 34+35 (official lyric video),Ariana Grande,175.0,+1.3,✅ Auto-accepted confident match
4SFknyjLcyTLJFPKD2m96o,BLACKPINK,How You Like That,183.0,automatic,1,ioNng23DkIM,https://www.youtube.com/watch?v=ioNng23DkIM,BLACKPINK - 'How You Like That' M/V,BLACKPINK,184.0,+1.0,✅ Auto-accepted confident match
3aQem4jVGdhtg116TmJnHz,Drake,What’s Next,178.2,automatic,1,3jo8E95fDqA,https://www.youtube.com/watch?v=3jo8E95fDqA,Drake - What’s Next (Official Lyric Video),Drake,179.0,+0.8,✅ Auto-accepted confident match
5QO79kh1waicV47BqGRL3g,The Weeknd,Save Your Tears,215.6,automatic,1,XXYlFuWEuKI,https://www.youtube.com/watch?v=XXYlFuWEuKI,The Weeknd - Save Your Tears (Official Music Video),The Weeknd,249.0,+33.4,✅ Auto-accepted confident match
2Zr0bYRHwWXi7eM2wuE6Aj,MIRANI,VVS,335.3,automatic,1,hq9hcJIzB6w,https://www.youtube.com/watch?v=hq9hcJIzB6w,VVS (Feat. JUSTHIS) (Prod. GroovyRoom),MIRANI,336.0,+0.7,✅ Auto-accepted confident match
2dHoVW9AxJVSRebPRyV2aA,ROSÉ,Gone,207.2,user_or_pattern_selected (ambiguous),1,K9_VFxzCuQ0,https://www.youtube.com/watch?v=K9_VFxzCuQ0,ROSÉ - 'Gone' M/V,BLACKPINK,221,+13.8s,Lệch nhẹ (<=15s)
5KawlOMHjWeUjQtnuRs22c,BTS,Boy With Luv,229.8,automatic,1,XsX3ATc3FbA,https://www.youtube.com/watch?v=XsX3ATc3FbA,BTS (방탄소년단) '작은 것들을 위한 시 (Boy With Luv) (feat. Halsey)' Official MV,HYBE LABELS,253.0,+23.2,✅ Auto-accepted confident match
0n2moJpAEWHwaPYYjkzMDl,BTS,Blue & Grey,254.9,automatic,1,amnspvOH-EE,https://www.youtube.com/watch?v=amnspvOH-EE,Blue & Grey,BANGTANTV,255.0,+0.1,✅ Auto-accepted confident match
6F2r4HgpJnvKDmkN6JEN6J,Justin Bieber,As I Am,174.4,automatic,1,33Uh-uNb5Oc,https://www.youtube.com/watch?v=33Uh-uNb5Oc,Justin Bieber - As I Am (Visualizer) ft. Khalid,Justin Bieber,175.0,+0.6,✅ Auto-accepted confident match
3eZYOQO4UzKrUDYDghtnFw,Ariana Grande,test drive,122.2,automatic,1,1zNYZd94ui8,https://www.youtube.com/watch?v=1zNYZd94ui8,Ariana Grande - test drive (official audio),Ariana Grande,123.0,+0.8,✅ Auto-accepted confident match
0CnpSTdL9l5vQM4YnzXtyo,IZ*ONE,Panorama,222.9,automatic,1,G8GaQdW2wHc,https://www.youtube.com/watch?v=G8GaQdW2wHc,IZ*ONE (아이즈원) 'Panorama' MV,STONE MUSIC,232.0,+9.1,✅ Auto-accepted confident match
2dkFOWqyiVFS3xsQUEdBJG,BTS,친구,199.3,automatic,1,h7mZX8INIYI,https://www.youtube.com/watch?v=h7mZX8INIYI,Friends,BANGTANTV,200.0,+0.7,✅ Auto-accepted confident match
3apeXzypBMnUfYcZYNX6DH,TWICE,I CAN'T STOP ME,205.5,automatic,1,CM4CkVFmTds,https://www.youtube.com/watch?v=CM4CkVFmTds,"TWICE ""I CAN'T STOP ME"" M/V",JYP Entertainment,221.0,+15.5,✅ Auto-accepted confident match
0ono6UCNVZ1XqOm6j78Blu,BTS,Filter,180.2,automatic,1,dNUnnb8F-Cw,https://www.youtube.com/watch?v=dNUnnb8F-Cw,Filter,BANGTANTV,181.0,+0.8,✅ Auto-accepted confident match
3J8EOeKLTLXORtWPpOU5bE,Lil Tjay,Calling My Phone,205.5,automatic,1,zzd4ydafGR0,https://www.youtube.com/watch?v=zzd4ydafGR0,Lil Tjay - Calling My Phone (feat. 6LACK) [Official Video],Lil Tjay,202.0,-3.5,✅ Auto-accepted confident match
6kH1sKkvgN4Yikake52glq,Brave Girls,We Ride,189.9,automatic,1,4HjcypoChfQ,https://www.youtube.com/watch?v=4HjcypoChfQ,[MV] Brave Girls(브레이브걸스) _ We Ride(운전만해),1theK (원더케이),207.0,+17.1,✅ Auto-accepted confident match
1t2qYCAjUAoGfeFeoBlK51,aespa,Black Mamba,174.9,user_or_pattern_selected (ambiguous),3,1YUGlb71FE8,https://www.youtube.com/watch?v=1YUGlb71FE8,aespa 'Black Mamba' Lyrics (에스파 Black Mamba 가사) (Color Coded Lyrics),Jaeguchi,176,+1.1s,★ GỢI Ý TỐT NHẤT CHO AUDIO | Khớp thời lượng chuẩn (<=2.5s)
5zFglKYiknIxks8geR8rcL,Maroon 5,Beautiful Mistakes,227.4,automatic,1,BSzSn-PRdtI,https://www.youtube.com/watch?v=BSzSn-PRdtI,Maroon 5 - Beautiful Mistakes ft. Megan Thee Stallion (Official Music Video),Maroon 5,229.0,+1.6,✅ Auto-accepted confident match
6YvqWjhGD8mB5QXcbcUKtx,Taylor Swift,Love Story (Taylor’s Version),235.8,automatic,1,aXzVF3XeS8M,https://www.youtube.com/watch?v=aXzVF3XeS8M,Taylor Swift - Love Story (Taylor’s Version) [Official Lyric Video],Taylor Swift,241.0,+5.2,✅ Auto-accepted confident match
6tDDoYIxWvMLTdKpjFkc1B,Kali Uchis,telepatía,160.2,automatic,1,Dwzk-XZxZ4k,https://www.youtube.com/watch?v=Dwzk-XZxZ4k,Kali Uchis – telepatía [Official Audio],KALI UCHIS,161.0,+0.8,✅ Auto-accepted confident match
7K31QxS2DmTBxdYldd8yqf,lIlBOI,Tomorrow,276.2,automatic,1,O0U7RQL1rOk,https://www.youtube.com/watch?v=O0U7RQL1rOk,"Tomorrow (Feat. GIRIBOY, BIG Naughty)",lIlBOI - Topic,277.0,+0.8,✅ Auto-accepted confident match
6FdShjf7nA2cqEnpv1tIia,NCT U,Make A Wish (Birthday Song),229.4,automatic,1,tyrVtwE8Gv0,https://www.youtube.com/watch?v=tyrVtwE8Gv0,NCT U 엔시티 유 'Make A Wish (Birthday Song)' MV,SMTOWN,249.0,+19.6,✅ Auto-accepted confident match
02MWAaffLxlfxAUY7c5dvx,Glass Animals,Heat Waves,238.8,automatic,1,KT7F15T9VBI,https://www.youtube.com/watch?v=KT7F15T9VBI,Glass Animals - Heat Waves (Lyrics),Glass Animals,239.0,+0.2,✅ Auto-accepted confident match
4vTgx6h4seHvkuFh84JXYP,BTS,My Time,234.5,user_or_pattern_selected (ambiguous),1,VTh7DIOfd1w,https://www.youtube.com/watch?v=VTh7DIOfd1w,"Jungkook (BTS) ""My Time (시차)"" Lyrics",Jaeguchi,234,-0.5s,★ GỢI Ý TỐT NHẤT CHO AUDIO | Khớp thời lượng chuẩn (<=2.5s)
0SJ7vFES0Lj6pnumh3DhCe,Agust D,People,197.0,automatic,1,sHbl6mt6X80,https://www.youtube.com/watch?v=sHbl6mt6X80,사람,Agust D - Topic,198.0,+1.0,✅ Auto-accepted confident match
44WLOqH7QayQOQdeUHeKUK,BTS,We are Bulletproof : the Eternal,261.5,automatic,1,7UWBYJjuIL0,https://www.youtube.com/watch?v=7UWBYJjuIL0,[2020 FESTA] BTS (방탄소년단) 'We are Bulletproof : the Eternal' MV #2020BTSFESTA,BANGTANTV,273.0,+11.5,✅ Auto-accepted confident match
22ryCgQttpV7oCrn7llGRu,BTS,Magic Shop,275.7,automatic,1,38k5zr1e0HI,https://www.youtube.com/watch?v=38k5zr1e0HI,Magic Shop,BANGTANTV,276.0,+0.3,✅ Auto-accepted confident match
1Q6lzzQHM5dvtTCwcfeKDy,KANGDANIEL,PARANOIA,195.3,automatic,1,zLrWIgkvoB0,https://www.youtube.com/watch?v=zLrWIgkvoB0,강다니엘(KANGDANIEL) - PARANOIA M/V,강다니엘 KANGDANIEL,199.0,+3.7,✅ Auto-accepted confident match
39EXZNMxb4RBHlRjnRaOKp,V,Sweet Night,214.3,automatic,1,_pC6o6H3CmY,https://www.youtube.com/watch?v=_pC6o6H3CmY,Sweet Night,V - Topic,215.0,+0.7,✅ Auto-accepted confident match
7FdUvDkaE24o3FPIWTvzv2,Imagine Dragons,Follow You,175.6,automatic,1,1DoI5WTjd3w,https://www.youtube.com/watch?v=1DoI5WTjd3w,Imagine Dragons - Follow You (Lyric Video),ImagineDragons,177.0,+1.4,✅ Auto-accepted confident match
6ocbgoVGwYJhOv1GgI9NsF,Ariana Grande,7 rings,178.6,automatic,1,QYh6mYIJG2Y,https://www.youtube.com/watch?v=QYh6mYIJG2Y,Ariana Grande - 7 rings (Official Video),Ariana Grande,185.0,+6.4,✅ Auto-accepted confident match
09IStsImFySgyp0pIQdqAc,Zedd,The Middle,184.7,automatic,1,Lj6Y6JCu-l4,https://www.youtube.com/watch?v=Lj6Y6JCu-l4,"Zedd, Maren Morris, Grey - The Middle (Lyric Video)",Zedd,185.0,+0.3,✅ Auto-accepted confident match
2M7a2Us8CEU1HZHj70byGX,IU,Hi spring Bye,324.3,automatic,1,PLDH-rcYd8c,https://www.youtube.com/watch?v=PLDH-rcYd8c,Hi spring Bye (봄 안녕 봄),이지금 [IU Official],325.0,+0.7,✅ Auto-accepted confident match
6f3Slt0GbA2bPZlz0aIFXN,Tiësto,The Business,164.0,automatic,1,wJS9eb6_o00,https://www.youtube.com/watch?v=wJS9eb6_o00,Tiësto - The Business (Official Audio),Spinnin' Records,170.0,+6.0,✅ Auto-accepted confident match
3Z8FwOEN59mRMxDCtb8N0A,Marshmello,Be Kind,172.8,automatic,1,flEc35foIg0,https://www.youtube.com/watch?v=flEc35foIg0,Marshmello & Halsey - Be Kind (Marshmello Lyric Video),Marshmello,174.0,+1.2,✅ Auto-accepted confident match
5uHrWZqndnheP1qtYr6xGC,Agust D,Moonlight,163.0,automatic,1,YZ0Exxdj7YQ,https://www.youtube.com/watch?v=YZ0Exxdj7YQ,저 달,Agust D - Topic,164.0,+1.0,✅ Auto-accepted confident match
6SvC0ocJPoolWLaEV8UE58,Jessi,What Type of X,198.2,automatic,1,OEu1OWf8ezU,https://www.youtube.com/watch?v=OEu1OWf8ezU,Jessi (제시) - '어떤X (What Type of X)' MV,Jessi,202.0,+3.8,✅ Auto-accepted confident match
6Qs4SXO9dwPj5GKvVOv8Ki,Sam Smith,Dancing With A Stranger,171.0,automatic,1,av5JD1dfj_c,https://www.youtube.com/watch?v=av5JD1dfj_c,"Sam Smith, Normani - Dancing With A Stranger (Official Music Video)",SAM SMITH,196.0,+25.0,✅ Auto-accepted confident match
0EQMrxdeiBhry9JCxskko3,BTS,I'm Fine,240.3,automatic,1,dyXhcS04MVY,https://www.youtube.com/watch?v=dyXhcS04MVY,I'm Fine,BANGTANTV,241.0,+0.7,✅ Auto-accepted confident match
0rNLaGUleZ91DXMxmZNq5v,ATEEZ,Fireworks (I'm The One),209.6,automatic,1,xtcVwuauVV0,https://www.youtube.com/watch?v=xtcVwuauVV0,ATEEZ(에이티즈) - ‘Fireworks (I'm The One)’ Official MV,KQ ENTERTAINMENT,235.0,+25.4,✅ Auto-accepted confident match
6B8MM3PVQtUbZLay7tP7er,NCT DREAM,Hot Sauce,195.8,automatic,1,xlSHPP4H-GU,https://www.youtube.com/watch?v=xlSHPP4H-GU,맛 Hot Sauce,NCT DREAM,196.0,+0.2,✅ Auto-accepted confident match
46wDG6evLn2iPoQ0F8CUWk,IU,My sea,316.5,automatic,1,TqIAndOnd74,https://www.youtube.com/watch?v=TqIAndOnd74,My sea (아이와 나의 바다),이지금 [IU Official],317.0,+0.5,✅ Auto-accepted confident match
5qNh5WtzMbfpSj2jLlBkoD,Billie Eilish,Your Power,245.9,automatic,1,BPp4doFEkYE,https://www.youtube.com/watch?v=BPp4doFEkYE,Billie Eilish - Your Power (Official Lyric Video),Billie Eilish,246.0,+0.1,✅ Auto-accepted confident match
4iJyoBOLtHqaGxP12qzhQI,Justin Bieber,Peaches,198.1,automatic,1,tQ0yjYUFKAE,https://www.youtube.com/watch?v=tQ0yjYUFKAE,"Justin Bieber - Peaches ft. Daniel Caesar, Giveon",Justin Bieber,198.0,-0.1,✅ Auto-accepted confident match
2pn8dNVSpYnAtlKFC8Q0DJ,ROSÉ,On The Ground,168.1,user_or_pattern_selected (ambiguous),4,vndXd9bf7GQ,https://www.youtube.com/watch?v=vndXd9bf7GQ,ROSÉ - On The Ground (Lyrics),Lost Panda,171,+2.9s,★ GỢI Ý TỐT NHẤT CHO AUDIO | Thời lượng rất sát (<=6s)
2zrhoHlFKxFTRF5aMyxMoQ,aespa,Next Level,221.6,automatic,1,4TWR90KJl84,https://www.youtube.com/watch?v=4TWR90KJl84,aespa 에스파 'Next Level' MV,SMTOWN,236.0,+14.4,✅ Auto-accepted confident match
7MAibcTli4IisCtbHKrGMh,Bruno Mars,Leave The Door Open,242.1,automatic,1,adLGHcj_fmA,https://www.youtube.com/watch?v=adLGHcj_fmA,"Bruno Mars, Anderson .Paak, Silk Sonic - Leave the Door Open [Official Video]",Bruno Mars,249.0,+6.9,✅ Auto-accepted confident match
5xrtzzzikpG3BLbo4q1Yul,IU,LILAC,214.3,user_or_pattern_selected (ambiguous),2,Df_4SNsQVH4,https://www.youtube.com/watch?v=Df_4SNsQVH4,IU LILAC Lyrics (아이유 라일락 가사)  (Color Coded Lyrics),Jaeguchi,217,+2.7s,★ GỢI Ý TỐT NHẤT CHO AUDIO | Thời lượng rất sát (<=6s)
3UHPGOkUcE4hE7sqBF4Snt,BTS,Film out,214.6,automatic,1,zFT3f9biz68,https://www.youtube.com/watch?v=zFT3f9biz68,BTS (방탄소년단) 'Film out' Official MV,HYBE LABELS,229.0,+14.4,✅ Auto-accepted confident match
1e0Wxoraz9IzFhREDqgJAe,BTS,Butter (Instrumental),162.1,automatic,1,kQd3acEp1HY,https://www.youtube.com/watch?v=kQd3acEp1HY,Butter (Instrumental),BANGTANTV,163.0,+0.9,✅ Auto-accepted confident match
0z3ZZ2JKusRpapstADTxVf,NCT DREAM,Dive Into You,192.8,automatic,1,hlrP9GXTx84,https://www.youtube.com/watch?v=hlrP9GXTx84,고래 Dive Into You,NCT DREAM,193.0,+0.2,✅ Auto-accepted confident match
1IJxbEXfgiKuRx6oXMX87e,IU,Ah puh,200.3,automatic,1,7n9D8ZeOQv0,https://www.youtube.com/watch?v=7n9D8ZeOQv0,Ah puh (어푸 (Ah puh)),이지금 [IU Official],201.0,+0.7,✅ Auto-accepted confident match
3VT8hOC5vuDXBsHrR53WFh,Masked Wolf,Astronaut In The Ocean,132.8,automatic,1,YRNyamyBOIQ,https://www.youtube.com/watch?v=YRNyamyBOIQ,Masked Wolf - Astronaut in the Ocean,Masked Wolf,133.0,+0.2,✅ Auto-accepted confident match
6HU7h9RYOaPRFeh0R3UeAr,Olivia Rodrigo,deja vu,215.5,automatic,1,fWgboQNNfB8,https://www.youtube.com/watch?v=fWgboQNNfB8,Olivia Rodrigo - deja vu (Lyric Video),Olivia Rodrigo,217.0,+1.5,✅ Auto-accepted confident match
2MJz8BxxMsERULatmBikDH,Pink Sweat$,At My Worst,170.3,automatic,1,VXzAJd8UJl8,https://www.youtube.com/watch?v=VXzAJd8UJl8,Pink Sweat$ - At My Worst [Official Audio],Pink Sweats,170.0,-0.3,✅ Auto-accepted confident match
03qu1u4hDyepQQi2lNxCka,LEE MU JIN,Traffic light,231.6,automatic,1,SK6Sm2Ki9tI,https://www.youtube.com/watch?v=SK6Sm2Ki9tI,[MV] Lee Mujin(이무진) _ Traffic light(신호등),1theK (원더케이),232.0,+0.4,✅ Auto-accepted confident match
42fR3oINF3KfXCDtheoNiY,EXO,Don't fight the feeling,176.5,user_or_pattern_selected (ambiguous),3,j5Ael-MSqaQ,https://www.youtube.com/watch?v=j5Ael-MSqaQ,EXO Don't fight the feeling lyrics (엑소 Don't fight the feeling 가사) (Color Coded Lyrics),Jaeguchi,177,+0.5s,★ GỢI Ý TỐT NHẤT CHO AUDIO | Khớp thời lượng chuẩn (<=2.5s)
0BBUGRUURDjwcXmDS3kQkN,SHINee,Atlantis,178.2,automatic,1,PSYRbJjIT6U,https://www.youtube.com/watch?v=PSYRbJjIT6U,SHINee 샤이니 'Atlantis' MV,SMTOWN,187.0,+8.8,✅ Auto-accepted confident match
4rOODw637hsmsq0uzT0DN3,TAEMIN,Advice,191.6,automatic,1,sQg4VCB3bYw,https://www.youtube.com/watch?v=sQg4VCB3bYw,TAEMIN 태민 'Advice' MV,SMTOWN,204.0,+12.4,✅ Auto-accepted confident match
1wcr8DjnN59Awev8nnKpQ4,ENHYPEN,Drunk-Dazed,193.3,user_or_pattern_selected (ambiguous),2,7F_iz7ucNmM,https://www.youtube.com/watch?v=7F_iz7ucNmM,[BE ORIGINAL] ENHYPEN 'Drunk-Dazed' (4K),STUDIO CHOOM [스튜디오 춤],203,+9.7s,CẢNH BÁO: Khác bản (Remix/Live/Dance) | Lệch nhẹ (<=15s)
18vXApRmJSgQ6wG2ll9AOg,Polo G,RAPSTAR,165.9,automatic,1,w2IhccXakkE,https://www.youtube.com/watch?v=w2IhccXakkE,Polo G - RAPSTAR (Official Video),Polo G,169.0,+3.1,✅ Auto-accepted confident match
34eF4BoV8FPk0uhAAoqU7h,Lil Nas X,SUN GOES DOWN,168.3,automatic,1,U3BVFY9wnTw,https://www.youtube.com/watch?v=U3BVFY9wnTw,Lil Nas X - SUN GOES DOWN (Official Video),Lil Nas X,173.0,+4.7,✅ Auto-accepted confident match
3vG5ilGpaYA2MhVtyTORF1,NCT DREAM,My Youth,236.1,automatic,1,U3m82WG_5pI,https://www.youtube.com/watch?v=U3m82WG_5pI,우리의 계절 My Youth,NCT DREAM,237.0,+0.9,✅ Auto-accepted confident match
1EHUQesfVKwbthtNcpBi9g,The Kid LAROI,WITHOUT YOU,161.4,automatic,1,SJOKlqJho8U,https://www.youtube.com/watch?v=SJOKlqJho8U,The Kid LAROI - WITHOUT YOU (Official Video),The Kid LAROI.,183.0,+21.6,✅ Auto-accepted confident match
4JJcP0Rv9AgyPD6ZGaC8EE,Baby Keem,durag activity,225.0,automatic,1,YbgT-H39cnQ,https://www.youtube.com/watch?v=YbgT-H39cnQ,"Baby Keem, Travis Scott - durag activity (Official Video)",Baby Keem,230.0,+5.0,✅ Auto-accepted confident match
5hnbE5BF2e8BCk9OMR1UVC,BTS,Mikrokosmos,224.2,automatic,1,Fw7C6IsDYgI,https://www.youtube.com/watch?v=Fw7C6IsDYgI,소우주 (Mikrokosmos),BANGTANTV,225.0,+0.8,✅ Auto-accepted confident match
6JdS5rJvJaRA7B1tcm7kxZ,BTS,Dionysus,249.2,user_or_pattern_selected (ambiguous),3,YmimK6HxqK4,https://www.youtube.com/watch?v=YmimK6HxqK4,BTS - Dionysus (방탄소년단 - Dionysus) [Color Coded Lyrics/Han/Rom/Eng/가사],Lemoring,259,+9.8s,★ GỢI Ý TỐT NHẤT CHO AUDIO | Lệch nhẹ (<=15s)
1Zsy7gMUcHDhxC0bbyZmC2,MONSTA X,GAMBLER,213.0,user_or_pattern_selected (ambiguous),2,98ELkm6rSy4,https://www.youtube.com/watch?v=98ELkm6rSy4,MONSTA X 몬스타엑스 'GAMBLER' Performance Video,STARSHIP and MONSTA X,223,+10.0s,CẢNH BÁO: Khác bản (Remix/Live/Dance) | Lệch nhẹ (<=15s)
0CyydmXI4QhgUWrZsPOTXA,WENDY,Why Can't You Love Me?,169.0,automatic,1,VM5Q071Rxl8,https://www.youtube.com/watch?v=VM5Q071Rxl8,Why Can't You Love Me?,웬디 WENDY,169.0,+0.0,✅ Auto-accepted confident match
2lwOE4xj0tw2Bpjc6wmzUP,JOY,Be There For You,236.6,automatic,1,urwLVpkj4rk,https://www.youtube.com/watch?v=urwLVpkj4rk,그럴때마다 Be There For You,JOY - Topic,237.0,+0.4,✅ Auto-accepted confident match
5W8jRrZ6tWrTrqnKRtIQBf,J. Cole,p r i d e . i s . t h e . d e v i l,218.2,automatic,1,ZLX-GY0dJgc,https://www.youtube.com/watch?v=ZLX-GY0dJgc,J. Cole - p r i d e . i s . t h e . d e v i l  feat. Lil' Baby (Official Audio),J. Cole,219.0,+0.8,✅ Auto-accepted confident match
6mzkkz2p0Nyyp43Eedv4mS,HOMIES,사이렌,200.1,user_or_pattern_selected (no_confident_match),5,fqtqfsstYm4,https://www.youtube.com/watch?v=fqtqfsstYm4,호미들 - 사이렌 가사ㅣLyricㅣsmay,승메이 smay,195,-5.1s,★ GỢI Ý TỐT NHẤT CHO AUDIO | Thời lượng rất sát (<=6s)
0tgBtQ0ISnMQOKorrN9HLX,John Mayer,Last Train Home,187.3,automatic,1,66Ne5dVDfLM,https://www.youtube.com/watch?v=66Ne5dVDfLM,John Mayer - Last Train Home (Official Music Video),John Mayer,182.0,-5.3,✅ Auto-accepted confident match
3JR0ducCexKbeK47g6AHm5,BTS,Butter,164.5,automatic,1,WMweEpGlu_U,https://www.youtube.com/watch?v=WMweEpGlu_U,BTS (방탄소년단) 'Butter' Official MV,HYBE LABELS,183.0,+18.5,✅ Auto-accepted confident match
4ZtFanR9U6ndgddUvNcjcG,Olivia Rodrigo,good 4 u,178.1,automatic,1,o6Tf-xcVB_o,https://www.youtube.com/watch?v=o6Tf-xcVB_o,Olivia Rodrigo - good 4 u (Lyric Video),Olivia Rodrigo,179.0,+0.9,✅ Auto-accepted confident match
3iPbmpKBMflYd7UjdYftoj,TWICE,Alcohol-Free,210.6,automatic,1,XA2YEHn-A8Q,https://www.youtube.com/watch?v=XA2YEHn-A8Q,"TWICE ""Alcohol-Free"" M/V",JYP Entertainment,214.0,+3.4,✅ Auto-accepted confident match
5nujrmhLynf4yMoMtj8AQF,Dua Lipa,Levitating,203.1,automatic,1,TUVcZfQe-Kw,https://www.youtube.com/watch?v=TUVcZfQe-Kw,Dua Lipa - Levitating Featuring DaBaby (Official Music Video),Dua Lipa,231.0,+27.9,✅ Auto-accepted confident match
0RbW8kWozrVSIGb4V13o0o,Kanye West,Hurricane,243.2,automatic,1,bPjZmQAvk_8,https://www.youtube.com/watch?v=bPjZmQAvk_8,Kanye West - Hurricane (Audio),Kanye West,244.0,+0.8,✅ Auto-accepted confident match
40uMIn2zJLAQhNXghRjBed,Post Malone,Motley Crew,184.2,automatic,1,lCiV4wACZ8w,https://www.youtube.com/watch?v=lCiV4wACZ8w,Post Malone - Motley Crew (Official Video),Post Malone,183.0,-1.2,✅ Auto-accepted confident match
4t2FIqZJORKZGSKg30SShr,AKMU,NAKKA,212.8,automatic,1,EtiPbWzUY9o,https://www.youtube.com/watch?v=EtiPbWzUY9o,AKMU - '낙하 (NAKKA) (with IU)' OFFICIAL VIDEO,AKMU,232.0,+19.2,✅ Auto-accepted confident match
50nfwKoDiSYg8zOCREWAm5,Ed Sheeran,Shivers,207.9,automatic,1,z2_Lrg6rRks,https://www.youtube.com/watch?v=z2_Lrg6rRks,Ed Sheeran - Shivers [Official Lyric Video],Ed Sheeran,209.0,+1.1,✅ Auto-accepted confident match
46HNZY1i7O6jwTA7Slo2PI,Coldplay,My Universe,226.2,automatic,1,bZYPI4mYwhw,https://www.youtube.com/watch?v=bZYPI4mYwhw,Coldplay X BTS - My Universe (Official Lyric Video),Coldplay,229.0,+2.8,✅ Auto-accepted confident match
6cqH1q7g5GeRVQVMK1Vc7f,TAEYEON,Weekend,233.4,automatic,1,RmuL-BPFi2Q,https://www.youtube.com/watch?v=RmuL-BPFi2Q,TAEYEON 태연 'Weekend' MV,SMTOWN,247.0,+13.6,✅ Auto-accepted confident match
6txVOdSbg928oeGhlVUrdK,NCT 127,Lemonade,190.1,user_or_pattern_selected (ambiguous),4,eeHH4rsJTI8,https://www.youtube.com/watch?v=eeHH4rsJTI8,NCT 127 Lemonade Lyrics (엔씨티 127 Lemonade 가사)  (Color Coded Lyrics),Jaeguchi,191,+0.9s,★ GỢI Ý TỐT NHẤT CHO AUDIO | Khớp thời lượng chuẩn (<=2.5s)
40iJIUlhi6renaREYGeIDS,Drake,Fair Trade,291.2,automatic,1,THVbtGqEO1o,https://www.youtube.com/watch?v=THVbtGqEO1o,Drake - Fair Trade (Audio) ft. Travis Scott,Drake,292.0,+0.8,✅ Auto-accepted confident match
59c0HrzmHfyQs6LgDw5cHe,ITZY,LOCO,191.5,automatic,1,MjCZfZfucEc,https://www.youtube.com/watch?v=MjCZfZfucEc,ITZY “LOCO” M/V @ITZY,JYP Entertainment,233.0,+41.5,✅ Auto-accepted confident match
4Cgct9Vlype9cYZFW2wSnk,AKMU,"Hey kid, Close your eyes",233.4,automatic,1,gMXXVS6Hil4,https://www.youtube.com/watch?v=gMXXVS6Hil4,"AKMU - '전쟁터 (Hey kid, Close your eyes) (with Lee Sun Hee)' OFFICIAL VIDEO",AKMU,237.0,+3.6,✅ Auto-accepted confident match
2gbMPBrBVj3CuNTLp2dHYs,Kanye West,Off The Grid,339.2,automatic,1,EbDMNjT-QpI,https://www.youtube.com/watch?v=EbDMNjT-QpI,Kanye West - Off The Grid (Audio),Kanye West,340.0,+0.8,✅ Auto-accepted confident match
2sXf2JdbB2GlNju00kw9WE,Bruno Mars,Skate,203.1,automatic,1,CEw-7cMnBDY,https://www.youtube.com/watch?v=CEw-7cMnBDY,"Bruno Mars, Anderson .Paak, Silk Sonic - Skate [Official Music Video]",Bruno Mars,204.0,+0.9,✅ Auto-accepted confident match
5BXr7hYZQOeRttkeWYTq5S,STAYC,ASAP,194.1,automatic,1,NsY-9MCOIAQ,https://www.youtube.com/watch?v=NsY-9MCOIAQ,STAYC(스테이씨) 'ASAP' MV,STAYC,196.0,+1.9,✅ Auto-accepted confident match
3Vi5XqYrmQgOYBajMWSvCi,Doja Cat,Need To Know,210.6,automatic,1,dI3xkL7qUAc,https://www.youtube.com/watch?v=dI3xkL7qUAc,Doja Cat - Need to Know (Official Video),Doja Cat,220.0,+9.4,✅ Auto-accepted confident match
2VJOpzv5sBpstCX9venJr5,Brave Girls,Rollin',197.7,user_or_pattern_selected (ambiguous),1,-Axm4IYHVYk,https://www.youtube.com/watch?v=-Axm4IYHVYk,[MV] 브레이브걸스 (Brave Girls) - 롤린 (Rollin') Dance ver.,Brave Entertainment,198.0,+0.3,✅ Đã cập nhật metadata cho video bạn tự thay thế (Lệch 0.3s)
0k1WUmIRnG3xU6fvvDVfRG,Drake,Way 2 Sexy,257.6,user_or_pattern_selected (no_confident_match),1,Qr2PWFDB4ZU,https://www.youtube.com/watch?v=Qr2PWFDB4ZU,"Drake - Way 2 Sexy (Audio) ft. Future, Young Thug",Drake,258.0,+0.4,✅ Đã cập nhật metadata cho video bạn tự thay thế (Lệch 0.4s)
2FymmKBuog0loCuNXMwQID,SEVENTEEN,Ready to love,186.8,automatic,1,yCvSR4lSqTg,https://www.youtube.com/watch?v=yCvSR4lSqTg,SEVENTEEN (세븐틴) 'Ready to love' Official MV,HYBE LABELS and SEVENTEEN,190.0,+3.2,✅ Auto-accepted confident match
1c3WMOE7Q0dCFN6bjT8KWo,AKMU,EVEREST,195.9,automatic,1,HlYMu0356WQ,https://www.youtube.com/watch?v=HlYMu0356WQ,AKMU - 'EVEREST (with Sam Kim)' OFFICIAL VIDEO,AKMU,200.0,+4.1,✅ Auto-accepted confident match
44V6EzbUSYgyfsNiP0FrlA,Ed Sheeran,Visiting Hours,215.5,automatic,1,pVqX2u6YWqI,https://www.youtube.com/watch?v=pVqX2u6YWqI,Ed Sheeran - Visiting Hours [Official Lyric Video],Ed Sheeran,219.0,+3.5,✅ Auto-accepted confident match
5g6GKZXBoEnPmBl6G261CG,Yerin Baek,Go Back,243.3,automatic,1,QGgKZlTsriM,https://www.youtube.com/watch?v=QGgKZlTsriM,백예린 (Yerin Baek) '돌아가자' Lyric Video,Yerin Baek,248.0,+4.7,✅ Auto-accepted confident match
2ygvZOXrIeVL4xZmAWJT2C,Billie Eilish,my future,208.2,automatic,1,HfbRVxO7LEE,https://www.youtube.com/watch?v=HfbRVxO7LEE,Billie Eilish - my future (Official Lyric Video),Billie Eilish,211.0,+2.8,✅ Auto-accepted confident match
2TJ1FOCmCBkKm418MjVw5D,Kanye West,Donda,128.3,automatic,1,ofIluxP1nEU,https://www.youtube.com/watch?v=ofIluxP1nEU,Kanye West - Donda (Audio),Kanye West,129.0,+0.7,✅ Auto-accepted confident match
34D6FJysnQioVingDKufuf,Drake,N 2 Deep,273.6,automatic,1,Oh-Al70frOc,https://www.youtube.com/watch?v=Oh-Al70frOc,Drake - N 2 Deep (Audio) ft. Future,Drake,274.0,+0.4,✅ Auto-accepted confident match
0DHh3p0g7qmNNfNdRNwL6N,DallasK,Try Again,189.1,automatic,1,w3GCKPeyO2k,https://www.youtube.com/watch?v=w3GCKPeyO2k,DallasK - Try Again (Lyric Video) ft. Lauv,DallasK,196.0,+6.9,✅ Auto-accepted confident match
3hB5DgAiMAQ4DzYbsMq1IT,Justin Bieber,Love Yourself,233.7,user_or_pattern_selected (ambiguous),2,eu6bAOVuxss,https://www.youtube.com/watch?v=eu6bAOVuxss,Justin Bieber - Love Yourself (Lyrics),Lost Panda,235,+1.3s,★ GỢI Ý TỐT NHẤT CHO AUDIO | Khớp thời lượng chuẩn (<=2.5s)
2kJwzbxV2ppxnQoYw4GLBZ,JP Saxe,If The World Was Ending,208.7,automatic,1,RAov563V8vI,https://www.youtube.com/watch?v=RAov563V8vI,JP Saxe - If The World Was Ending (Lyric Video) ft. Julia Michaels,JP Saxe,211.0,+2.3,✅ Auto-accepted confident match
4ZB2yAZyPHI6SHdFPPT9sa,Swae Lee,In The Dark,161.2,automatic,1,SmqeO5mj0ec,https://www.youtube.com/watch?v=SmqeO5mj0ec,In The Dark - Swae Lee feat. Jhené Aiko | Marvel Studios' Shang-Chi and the Legend of the Ten Rings,Marvel Entertainment,162.0,+0.8,✅ Auto-accepted confident match
42m3eP1JJhtzffal9B136J,Drake,7am On Bridle Path,239.6,automatic,1,L6W1_fUurpA,https://www.youtube.com/watch?v=L6W1_fUurpA,Drake - 7am On Bridle Path (Audio),Drake,240.0,+0.4,✅ Auto-accepted confident match
5u1n1kITHCxxp8twBcZxWy,Justin Bieber,Holy,212.1,user_or_pattern_selected (no_confident_match),1,qaq0nNXy0ak,https://www.youtube.com/watch?v=qaq0nNXy0ak,Justin Bieber - Holy ft. Chance the Rapper (Lyric Video),Justin Bieber,213,+0.9s,★ GỢI Ý TỐT NHẤT CHO AUDIO | Khớp thời lượng chuẩn (<=2.5s)
39382sUtIOwIXftX0i76do,LEEHI,H.S.K.T.,204.5,user_or_pattern_selected (ambiguous),1,ww9hZfgC2d8,https://www.youtube.com/watch?v=ww9hZfgC2d8,이하이 (LeeHi) - '머리어깨무릎발 (H.S.K.T.) (Feat. 원슈타인)' Official MV (ENG/CHN),AOMGOFFICIAL,214,+9.5s,Lệch nhẹ (<=15s)
7n2FZQsaLb7ZRfRPfEeIvr,IVE,ELEVEN,178.5,automatic,1,e91HyUPLaMM,https://www.youtube.com/watch?v=e91HyUPLaMM,ELEVEN,IVE,179.0,+0.5,✅ Auto-accepted confident match
5eXBXreN3d1zdj6Sa8dS0u,BTS,Permission to Dance,187.6,user_or_pattern_selected (no_confident_match),1,LCpjdohpuEE,https://www.youtube.com/watch?v=LCpjdohpuEE,Permission to Dance,HYBE LABELS,188.0,+0.4,✅ Đã cập nhật metadata cho video bạn tự thay thế (Lệch 0.4s)
4MokmgyM83qhJ6IAaChom5,BE'O,Counting Stars,151.3,automatic,1,mLCsbacHxA8,https://www.youtube.com/watch?v=mLCsbacHxA8,BE'O (비오) - Counting Stars (Feat. Beenzino) Official MV,STONE MUSIC,167.0,+15.7,✅ Auto-accepted confident match
2eLe81VDUQ5f0xFfc9cMWz,sokodomo,"MERRY-GO-ROUND (Feat. Zion.T, Wonstein) (Prod. Slom)",249.8,automatic,1,3laLavGghc0,https://www.youtube.com/watch?v=3laLavGghc0,"MERRY-GO-ROUND (Feat. Zion.T, Wonstein) (Prod. Slom)",sokodomo,250.0,+0.2,✅ Auto-accepted confident match
2g0LdZQce9xlcHb1mBJyuz,IU,strawberry moon,205.3,automatic,1,sqgxcCjD04s,https://www.youtube.com/watch?v=sqgxcCjD04s,[MV] IU(아이유) _ strawberry moon,1theK (원더케이),220.0,+14.7,✅ Auto-accepted confident match
7sMBvZCSUl99bJLXZaLa0b,Bruno Mars,Smokin Out The Window,197.4,automatic,1,GG7fLOmlhYg,https://www.youtube.com/watch?v=GG7fLOmlhYg,"Bruno Mars, Anderson .Paak, Silk Sonic - Smokin Out The Window [Official Music Video]",Bruno Mars,201.0,+3.6,✅ Auto-accepted confident match
5g2Ik0WJG9rqu97nCLcQhV,BE'O,Limousine (Feat. MINO) (Prod. GRAY),220.7,user_or_pattern_selected (no_confident_match),2,3eKFF4cCBaY,https://www.youtube.com/watch?v=3eKFF4cCBaY,Limousine (Feat. MINO) (Prod. GRAY),BE'O_OFFICIAL,221,+0.3s,★ GỢI Ý TỐT NHẤT CHO AUDIO | Khớp thời lượng chuẩn (<=2.5s)
3dbLT62Cvs46Ju7a8gpr36,aespa,Savage,238.1,automatic,1,WPdWvnAAurg,https://www.youtube.com/watch?v=WPdWvnAAurg,aespa 에스파 'Savage' MV,SMTOWN,259.0,+20.9,✅ Auto-accepted confident match
00Blm7zeNqgYLPtW6zg8cj,Post Malone,One Right Now,193.5,automatic,1,OCogbzIvYg0,https://www.youtube.com/watch?v=OCogbzIvYg0,"Post Malone, The Weeknd - One Right Now (Official Audio)",Post Malone,194.0,+0.5,✅ Auto-accepted confident match
6hHrPwQYGp9kPL7xLZviBS,NCT U,Universe (Let's Play Ball),231.5,automatic,1,SCK8yBLqQJc,https://www.youtube.com/watch?v=SCK8yBLqQJc,NCT U 엔시티 유 'Universe (Let's Play Ball)' MV,SMTOWN,259.0,+27.5,✅ Auto-accepted confident match
4XI5Kdm1zdSFxdIGd9xUVT,KOONTA,"gganbu (Feat. YUMDDA, ASH ISLAND) (Prod. TOIL)",246.6,automatic,1,3oXKbxq1ceM,https://www.youtube.com/watch?v=3oXKbxq1ceM,"gganbu (Feat. YUMDDA, ASH ISLAND) (Prod. TOIL)",KOONTA - Topic,247.0,+0.4,✅ Auto-accepted confident match
4t3Vgfjl9Sb6ZR5q5kGOUL,BE'O,Without You (Feat. ASH ISLAND) (Prod. GRAY),227.8,automatic,1,K0VzPBVdiZU,https://www.youtube.com/watch?v=K0VzPBVdiZU,Without You (Feat. ASH ISLAND) (Prod. GRAY),Release - Topic,228.0,+0.2,✅ Auto-accepted confident match
4fouWK6XVHhzl78KzQ1UjL,GAYLE,abcdefu,168.6,automatic,1,NaFd8ucHLuo,https://www.youtube.com/watch?v=NaFd8ucHLuo,GAYLE - abcdefu (Official Music Video),GAYLE,178.0,+9.4,✅ Auto-accepted confident match
2J0TRU2EDG29qlmxdGa4xa,TWICE,SCIENTIST,194.6,automatic,1,vPwaXytZcgI,https://www.youtube.com/watch?v=vPwaXytZcgI,TWICE “SCIENTIST” M/V,JYP Entertainment,201.0,+6.4,✅ Auto-accepted confident match
2bZIDMpzVooosmPHn0tHnd,STAYC,STEREOTYPE,191.7,automatic,1,Xmxcnf2v_gs,https://www.youtube.com/watch?v=Xmxcnf2v_gs,STAYC(스테이씨) '색안경 (STEREOTYPE)' MV,STAYC,192.0,+0.3,✅ Auto-accepted confident match
7hU3IHwjX150XLoTVmjD0q,LISA,MONEY,168.2,user_or_pattern_selected (ambiguous),1,dNCWe_6HAM8,https://www.youtube.com/watch?v=dNCWe_6HAM8,LISA - 'MONEY' EXCLUSIVE PERFORMANCE VIDEO,BLACKPINK,171,+2.8s,CẢNH BÁO: Khác bản (Remix/Live/Dance) | Thời lượng rất sát (<=6s)
5UJTNrW72ZMubW2wKBf8g2,Don Mills,TROUBLE (Prod. Slom),285.0,user_or_pattern_selected (no_confident_match),1,gXdr_rW6w1E,https://www.youtube.com/watch?v=gXdr_rW6w1E,TROUBLE (Prod. Slom),던밀스의 디디알,286,+1.0s,★ GỢI Ý TỐT NHẤT CHO AUDIO | Khớp thời lượng chuẩn (<=2.5s)
3DarAbFujv6eYNliUTyqtz,Doja Cat,Kiss Me More,208.7,user_or_pattern_selected (ambiguous),2,Ab6E2BsuLJ0,https://www.youtube.com/watch?v=Ab6E2BsuLJ0,Doja Cat - Kiss Me More (Lyrics) ft. SZA,7clouds,209,+0.3s,★ GỢI Ý TỐT NHẤT CHO AUDIO | Khớp thời lượng chuẩn (<=2.5s)
5enxwA8aAbwZbf5qCHORXi,Taylor Swift,All Too Well (10 Minute Version) (Taylor's Version) (From The Vault),613.0,automatic,1,sRxrwjOtIag,https://www.youtube.com/watch?v=sRxrwjOtIag,All Too Well (10 Minute Version) (Taylor's Version) (From The Vault) (Lyric Video),Taylor Swift,613.0,+0.0,✅ Auto-accepted confident match
0eu4C55hL6x29mmeAjytzC,Oliver Tree,Life Goes On,161.8,user_or_pattern_selected (ambiguous),2,OT216Rrg0jY,https://www.youtube.com/watch?v=OT216Rrg0jY,Oliver Tree - Life Goes On,LatinHype,162,+0.2s,★ GỢI Ý TỐT NHẤT CHO AUDIO | Khớp thời lượng chuẩn (<=2.5s)
7gXMkqirKU23zgdlSAb00a,BE'O,Suddenly,156.9,user_or_pattern_selected (ambiguous),1,h4ty0hLmdEg,https://www.youtube.com/watch?v=h4ty0hLmdEg,[ENG/HAN] BE’O (비오) - Suddenly (문득),Kelly in the soup,157,+0.1s,★ GỢI Ý TỐT NHẤT CHO AUDIO | Khớp thời lượng chuẩn (<=2.5s)
1jRYyE9MEg7nxUgWEtsqFp,Heize,HAPPEN,193.6,automatic,1,AJPLgrfBiBo,https://www.youtube.com/watch?v=AJPLgrfBiBo,Heize - 'HAPPEN' MV (with SONG JOONG KI),Heize official,230.0,+36.4,✅ Auto-accepted confident match
7xapw9Oy21WpfEcib2ErSA,Justin Bieber,Mistletoe,182.9,automatic,1,LUjn3RpkcKY,https://www.youtube.com/watch?v=LUjn3RpkcKY,Justin Bieber - Mistletoe (Official Music Video),Justin Bieber,184.0,+1.1,✅ Auto-accepted confident match
37BZB0z9T8Xu7U3e65qxFy,The Weeknd,Save Your Tears,191.0,user_or_pattern_selected (ambiguous),3,LIIDh-qI9oI,https://www.youtube.com/watch?v=LIIDh-qI9oI,The Weeknd & Ariana Grande - Save Your Tears (Remix) (Official Video),The Weeknd,206,+15.0s,CẢNH BÁO: Khác bản (Remix/Live/Dance) | Lệch nhẹ (<=15s)
0hUH6MXHQn9coBKHMXWpD8,Leellamarz,OUT OF MY SIGHT,206.7,automatic,1,zcm6b9661no,https://www.youtube.com/watch?v=zcm6b9661no,OUT OF MY SIGHT,LEELLAMARZ,207.0,+0.3,✅ Auto-accepted confident match
79IikGOqOg2Rnnz0Fo5Qao,NCT DREAM,Dreaming,190.5,automatic,1,bvJ_cNsCqE4,https://www.youtube.com/watch?v=bvJ_cNsCqE4,Dreaming,NCT DREAM,191.0,+0.5,✅ Auto-accepted confident match
1nahzW3kfMuwReTka28tH5,Justin Bieber,Hold On,170.8,automatic,1,HKMP2Woaf2E,https://www.youtube.com/watch?v=HKMP2Woaf2E,Justin Bieber - Hold On (Lyric Video),Justin Bieber,171.0,+0.2,✅ Auto-accepted confident match
4HBZA5flZLE435QTztThqH,Ariana Grande,Stuck with U,228.5,automatic,1,pE49WK-oNjU,https://www.youtube.com/watch?v=pE49WK-oNjU,Ariana Grande & Justin Bieber - Stuck with U,Ariana Grande,258.0,+29.5,✅ Auto-accepted confident match
1OQ3PoRZRtE7RH0NIh3p1O,10CM,Drawer,237.3,user_or_pattern_selected (ambiguous),2,QQpyivsdFtM,https://www.youtube.com/watch?v=QQpyivsdFtM,[Lyrics Video] 10CM - Drawer(서랍),SUPER SOUND Bugs!,238,+0.7s,★ GỢI Ý TỐT NHẤT CHO AUDIO | Khớp thời lượng chuẩn (<=2.5s)
6lzc0Al0zfZOIFsFvBS1ki,Taylor Swift,State Of Grace (Taylor's Version),295.4,automatic,1,-mrC5tRkxrY,https://www.youtube.com/watch?v=-mrC5tRkxrY,Taylor Swift - State Of Grace (Taylor's Version) (Lyric Video),Taylor Swift,300.0,+4.6,✅ Auto-accepted confident match
6LXNnUjcOBVyov7bH0NNnM,Basick,A Long Day (Feat. Zion.T) (Prod. Fisherman),324.2,automatic,1,oEksY9bHTgI,https://www.youtube.com/watch?v=oEksY9bHTgI,A Long Day (Feat. Zion.T) (Prod. Fisherman),BASICK - Topic,325.0,+0.8,✅ Auto-accepted confident match
3wKCldl6riuEKxXlvuxFJ2,BLACKPINK,Pretty Savage - JP Ver.,199.1,automatic,1,AkUiAW_rlHM,https://www.youtube.com/watch?v=AkUiAW_rlHM,Pretty Savage (Japan Version),BLACKPINK,200.0,+0.9,✅ Auto-accepted confident match
4aS8OY1JsRSBKGfnAkIOZH,SUNMI,You can't sit with us,197.4,user_or_pattern_selected (ambiguous),2,0izg-ezAd-c,https://www.youtube.com/watch?v=0izg-ezAd-c,[BE ORIGINAL] SUNMI (선미) 'You can't sit with us' (4K),STUDIO CHOOM [스튜디오 춤],208,+10.6s,CẢNH BÁO: Khác bản (Remix/Live/Dance) | Lệch nhẹ (<=15s)
4KDNRh9Oor80z3XIxdWlui,Young Thug,Bubbly,165.1,automatic,1,uCDE-S1AjuQ,https://www.youtube.com/watch?v=uCDE-S1AjuQ,Young Thug - Bubbly (with Drake & Travis Scott) [Official Audio],Young Thug,166.0,+0.9,✅ Auto-accepted confident match
2y4hHM6c48Qzk0bqh33XfB,IU,Winter Sleep,262.1,user_or_pattern_selected (ambiguous),3,m7LtUwSniTo,https://www.youtube.com/watch?v=m7LtUwSniTo,IU (아이유) - Winter Sleep (겨울잠) 「Audio」,Night,263,+0.9s,★ GỢI Ý TỐT NHẤT CHO AUDIO | Khớp thời lượng chuẩn (<=2.5s)
3AVXwaOGCEL8cmBecfcsFJ,Charlie Puth,Light Switch,187.7,automatic,1,WFsAon_TWPQ,https://www.youtube.com/watch?v=WFsAon_TWPQ,Charlie Puth - Light Switch [Official Music Video],Charlie Puth,205.0,+17.3,✅ Auto-accepted confident match
6rVCUwfnuYTAsX4P9fIdIu,aespa,Dreams Come True,204.9,automatic,1,H69tJmsgd9I,https://www.youtube.com/watch?v=H69tJmsgd9I,[STATION] aespa 에스파 'Dreams Come True' MV,SMTOWN,221.0,+16.1,✅ Auto-accepted confident match
02SbQgZbzMoylPoGr32ugF,IU,Drama,128.1,automatic,1,AkugjXUj5sM,https://www.youtube.com/watch?v=AkugjXUj5sM,Drama (드라마),이지금 [IU Official],129.0,+0.9,✅ Auto-accepted confident match
3gFcGnU4kTdMYLXDjH1TK8,STAYC,RUN2U,213.4,automatic,1,grG41kS4MUA,https://www.youtube.com/watch?v=grG41kS4MUA,STAYC(스테이씨) 'RUN2U' MV,STAYC,216.0,+2.6,✅ Auto-accepted confident match
559f8rcNNZW07wz5Rfxnfh,TAEYEON,Can't Control Myself,181.6,automatic,1,RccDIpx4ZMM,https://www.youtube.com/watch?v=RccDIpx4ZMM,TAEYEON 태연 'Can't Control Myself' MV,SMTOWN,206.0,+24.4,✅ Auto-accepted confident match
5PjdY0CKGZdEuoNab3yDmX,The Kid LAROI,Stay,141.8,automatic,1,kTJczUoc26U,https://www.youtube.com/watch?v=kTJczUoc26U,"The Kid LAROI, Justin Bieber - STAY (Official Video)",The Kid LAROI.,158.0,+16.2,✅ Auto-accepted confident match
7CAdT0HdiQNlt1C7xk2hep,Jung Kook,Stay Alive (Prod. SUGA of BTS),210.9,user_or_pattern_selected (ambiguous),3,yov0Nb9Blv8,https://www.youtube.com/watch?v=yov0Nb9Blv8,Jungkook - Stay Alive (Prod. SUGA of BTS) [7 FATES: CHAKHO OST] (Audio),Rubik Music,211,+0.1s,★ GỢI Ý TỐT NHẤT CHO AUDIO | Khớp thời lượng chuẩn (<=2.5s)
1GFS1xMbcAWXf5W0tSuZev,Basick,"Meeting is easy, parting is hard (Feat. Leellamarz) (Prod. TOIL)",231.4,automatic,1,BxfGh2xy7a4,https://www.youtube.com/watch?v=BxfGh2xy7a4,"Meeting is easy, parting is hard (Feat. Leellamarz) (Prod. TOIL)",BASICK - Topic,232.0,+0.6,✅ Auto-accepted confident match
2bgTY4UwhfBYhGT4HUYStN,BTS,Butter,164.4,automatic,1,WMweEpGlu_U,https://www.youtube.com/watch?v=WMweEpGlu_U,BTS (방탄소년단) 'Butter' Official MV,HYBE LABELS,183.0,+18.6,✅ Auto-accepted confident match
5Z9KJZvQzH6PFmb8SNkxuk,Lil Nas X,INDUSTRY BABY,212.4,automatic,1,UTHLKHL_whs,https://www.youtube.com/watch?v=UTHLKHL_whs,"Lil Nas X, Jack Harlow - INDUSTRY BABY (Official Video)",Lil Nas X,236.0,+23.6,✅ Auto-accepted confident match
3KyKxJ4P3pVCgaZwaq2rUC,The Weeknd,Gasoline,212.2,automatic,1,AWZF4Em0cwU,https://www.youtube.com/watch?v=AWZF4Em0cwU,The Weeknd - Gasoline (Official Lyric Video),The Weeknd,213.0,+0.8,✅ Auto-accepted confident match
1HhNoOuqm1a5MXYEgAFl8o,Imagine Dragons,Enemy,173.4,automatic,1,IOrbP1OqNsg,https://www.youtube.com/watch?v=IOrbP1OqNsg,Enemy (from the series Arcane League of Legends),ImagineDragons,174.0,+0.6,✅ Auto-accepted confident match
5elW2CKSoqjYoJ32AGDxf1,ENHYPEN,Polaroid Love,184.6,user_or_pattern_selected (ambiguous),2,NU5mFeTcJSo,https://www.youtube.com/watch?v=NU5mFeTcJSo,"ENHYPEN 엔하이픈 "" Polaroid Love "" Lyrics (ColorCoded/ENG/HAN/ROM/가사) [OFFICIAL]",Puno Autopop,187,+2.4s,★ GỢI Ý TỐT NHẤT CHO AUDIO | Khớp thời lượng chuẩn (<=2.5s)
6N1K5OVVCopBjGViHs2IvP,Ed Sheeran,The Joker And The Queen,185.4,automatic,1,wyE9x5HETkY,https://www.youtube.com/watch?v=wyE9x5HETkY,Ed Sheeran - The Joker And The Queen (feat. Taylor Swift) [Official Lyric Video],Ed Sheeran,185.0,-0.4,✅ Auto-accepted confident match
7h5MKRZUiYDshjH5UgAbNp,Red Velvet,Rainbow Halo,208.6,automatic,1,IrZrtKED0ek,https://www.youtube.com/watch?v=IrZrtKED0ek,Rainbow Halo,RED VELVET - Topic,209.0,+0.4,✅ Auto-accepted confident match
56Tn22SAFIGYpyHrf7TV0X,IU,Love Letter,238.3,automatic,1,4x7BrWTUmZo,https://www.youtube.com/watch?v=4x7BrWTUmZo,Love Letter (러브레터),이지금 [IU Official],239.0,+0.7,✅ Auto-accepted confident match
0hQNbQKW2dDATH1ngj4TI6,Kep1er,WA DA DA,183.7,automatic,1,n0j5NPptyM0,https://www.youtube.com/watch?v=n0j5NPptyM0,Kep1er 케플러 | ‘WA DA DA’ M/V,Kep1er,198.0,+14.3,✅ Auto-accepted confident match
4QDpsNBlllaLGj8zbF2EE0,Stray Kids,Charmer,188.6,automatic,1,BCZE-44jp_I,https://www.youtube.com/watch?v=BCZE-44jp_I,Charmer,Stray Kids,189.0,+0.4,✅ Auto-accepted confident match
1t8sqIScEIP0B4bQzBuI2P,i-dle,MY BAG,160.5,user_or_pattern_selected (no_confident_match),3,zFZE2d0MOYE,https://www.youtube.com/watch?v=zFZE2d0MOYE,(G)I-DLE 'MY BAG' Lyrics ((여자)아이들 MY BAG 가사) (Color Coded Lyrics),Jaeguchi,161,+0.5s,★ GỢI Ý TỐT NHẤT CHO AUDIO | Khớp thời lượng chuẩn (<=2.5s)
2xo84jGkxFPrZmmBtS3Pkd,Stray Kids,Lonely St.,164.9,user_or_pattern_selected (no_confident_match),2,fiiuiLbR3kQ,https://www.youtube.com/watch?v=fiiuiLbR3kQ,Stray Kids 'LONELY ST.' (Color Coded Lyrics) | ShadowByYoongi,ShadowByYoongi,168,+3.1s,★ GỢI Ý TỐT NHẤT CHO AUDIO | Thời lượng rất sát (<=6s)
7uoFMmxln0GPXQ0AcCBXRq,Sia,Snowman,165.9,automatic,1,gset79KMmt0,https://www.youtube.com/watch?v=gset79KMmt0,Sia - Snowman [Official Video],Sia,173.0,+7.1,✅ Auto-accepted confident match
2FKtn8qQx84O85wWABOwpd,C JAMM,GENTLEMAN,171.9,automatic,1,4SuU_4EtDDo,https://www.youtube.com/watch?v=4SuU_4EtDDo,GENTLEMAN (젠틀맨),C JAMM,172.0,+0.1,✅ Auto-accepted confident match
6f5ExP43esnvdKPddwKXJH,NEIKED,Better Days (NEIKED x Mae Muller x Polo G),160.7,user_or_pattern_selected (no_confident_match),5,JaT6wdSMcto,https://www.youtube.com/watch?v=JaT6wdSMcto,"NEIKED, Mae Muller, Polo G - Better Days (Lyric Video)",Mae Muller,166,+5.3s,Thời lượng rất sát (<=6s)
0u7b8p0mxUUNT7xeuYUtlP,Sam Ryder,Tiny Riot,205.0,automatic,1,lXvYbi16Y2A,https://www.youtube.com/watch?v=lXvYbi16Y2A,Sam Ryder - Tiny Riot (Official Lyric Video),Sam Ryder,206.0,+1.0,✅ Auto-accepted confident match
4Sav8RLaXMBpTZX6xNPj0K,JAEHYUN,Try Again,178.2,automatic,1,4LPmBiFkoBk,https://www.youtube.com/watch?v=4LPmBiFkoBk,[STATION] 디어 (d.ear) X 재현 'Try Again' MV,SMTOWN,179.0,+0.8,✅ Auto-accepted confident match
3jHg6QE70y2FTdnsxSrCbv,Billlie,GingaMingaYo (the strange world),215.8,user_or_pattern_selected (ambiguous),1,tC4Pmtp-NwE,https://www.youtube.com/watch?v=tC4Pmtp-NwE,Billlie | 'GingaMingaYo (the strange world)' one-shot performance video,Billlie,222,+6.2s,CẢNH BÁO: Khác bản (Remix/Live/Dance) | Lệch nhẹ (<=15s)
3LEgGAl9zLcQWGTp7ptqtQ,Jonas Blue,Don’t Wake Me Up,188.9,automatic,1,1dn-WBYAbF4,https://www.youtube.com/watch?v=1dn-WBYAbF4,"Jonas Blue, Why Don't We - Don’t Wake Me Up (Lyric Video)",Jonas Blue,189.0,+0.1,✅ Auto-accepted confident match
5nfb7IPrj9awskmLFSykWr,SG Wannabe,Timeless,237.9,user_or_pattern_selected (no_confident_match),4,j_Wobf3NBJ4,https://www.youtube.com/watch?v=j_Wobf3NBJ4,[AUDIO] SG 워너비 - Timeless,양재성,235,-2.9s,Thời lượng rất sát (<=6s)
37rnSr2ZCkzqmoUqGQtn4q,V,Christmas Tree - Inst.,209.9,automatic,1,SYw-coTxMzE,https://www.youtube.com/watch?v=SYw-coTxMzE,Christmas Tree (Inst.),V - Topic,210.0,+0.1,✅ Auto-accepted confident match
08xMOoUaMWWlNStVUdBTBC,ASH ISLAND,Because,196.3,automatic,1,qlFiAtpk-iw,https://www.youtube.com/watch?v=qlFiAtpk-iw,Because,ASH ISLAND,197.0,+0.7,✅ Auto-accepted confident match
6xGruZOHLs39ZbVccQTuPZ,Joji,Glimpse of Us,233.5,automatic,1,NgsWGfUlwJI,https://www.youtube.com/watch?v=NgsWGfUlwJI,Joji - Glimpse of Us (Official Video),Joji,235.0,+1.5,✅ Auto-accepted confident match
5oH4DQAuu1J1800RzUsBWa,PSY,That That (prod. & feat. SUGA of BTS),174.6,user_or_pattern_selected (ambiguous),4,uOdA5_R2x_E,https://www.youtube.com/watch?v=uOdA5_R2x_E,PSY (feat. BTS SUGA) That That Lyrics (싸이 슈가 That That 가사) (Color Coded Lyrics),Jaeguchi,174,-0.6s,★ GỢI Ý TỐT NHẤT CHO AUDIO | Khớp thời lượng chuẩn (<=2.5s)
4Dvkj6JhhA12EX05fT7y2e,Harry Styles,As It Was,167.3,automatic,1,H5v3kku4y6Q,https://www.youtube.com/watch?v=H5v3kku4y6Q,Harry Styles - As It Was (Official Video),Harry Styles,166.0,-1.3,✅ Auto-accepted confident match
1m2PksrrMpIev63uPxT1V0,NMIXX,O.O,172.9,automatic,1,3GWscde8rM8,https://www.youtube.com/watch?v=3GWscde8rM8,"NMIXX ""O.O"" M/V",JYP Entertainment,214.0,+41.1,✅ Auto-accepted confident match
1qEmFfgcLObUfQm0j1W2CK,Harry Styles,Late Night Talking,178.0,automatic,1,4VaqA-5aQTM,https://www.youtube.com/watch?v=4VaqA-5aQTM,Harry Styles - Late Night Talking (Official Video),Harry Styles,196.0,+18.0,✅ Auto-accepted confident match
5quFr5s5PXYfUX5jV2EBZ1,Jay Park,GANADARA (Feat. IU),203.7,automatic,1,v224EdAkZr8,https://www.youtube.com/watch?v=v224EdAkZr8,박재범 (Jay Park) - ‘GANADARA (Feat. 아이유 IU)’ Official Audio,JAY PARK,204.0,+0.3,✅ Auto-accepted confident match
2gzhQaCTeNgxpeB2TPllyY,Jimin,With you,201.9,user_or_pattern_selected (no_confident_match),1,Z9b0Hj-BfaM,https://www.youtube.com/watch?v=Z9b0Hj-BfaM,[MV] 지민(Jimin) X 하성운(Ha Sung-Woon) - With you | 우리들의 블루스(Our Blues) OST Part 4,냠냠엔터테인먼트 YAMYAM ENTERTAINMENT,204,+2.1s,Khớp thời lượng chuẩn (<=2.5s)
0CatzXH85XWyBqqdB6qPMB,NCT DREAM,Beatbox,205.1,automatic,1,bagFQCTHXy8,https://www.youtube.com/watch?v=bagFQCTHXy8,NCT DREAM 엔시티 드림 'Beatbox' MV,SMTOWN,237.0,+31.9,✅ Auto-accepted confident match
3oiMjDZ1bShIpFfOQf55IW,BE'O,LOVE me,173.4,automatic,1,ulYfmWSjG9M,https://www.youtube.com/watch?v=ulYfmWSjG9M,BE'O (비오) - 'LOVE me' MV,BPM Entertainment,181.0,+7.6,✅ Auto-accepted confident match
2jidjmWNeRmKgLjXhW52Gz,Lim Young Woong,"Our Blues, Our Life",207.4,automatic,1,s1KBeKted_k,https://www.youtube.com/watch?v=s1KBeKted_k,[OFFICIAL Lyric] 임영웅(Lim Young-Woong) - 우리들의 블루스(Our Blues Our Life) | 우리들의 블루스(Our Blues) OST,냠냠엔터테인먼트 YAMYAM ENTERTAINMENT,208.0,+0.6,✅ Auto-accepted confident match
2SLwbpExuoBDZBpjfefCtV,The Weeknd,Out of Time,214.2,automatic,1,xBa3YUgQeL4,https://www.youtube.com/watch?v=xBa3YUgQeL4,The Weeknd - Out Of Time (Official Lyric Video),The Weeknd,215.0,+0.8,✅ Auto-accepted confident match
7BDHDiidJ8WV349p3HTxTV,Stray Kids,MANIAC,182.8,automatic,1,OvioeS1ZZ7o,https://www.youtube.com/watch?v=OvioeS1ZZ7o,"Stray Kids ""MANIAC"" M/V",JYP Entertainment,203.0,+20.2,✅ Auto-accepted confident match
32vE1nuG8T9c8bhmZdRY6d,Post Malone,Cooped Up,185.9,automatic,1,LUBUchYczsA,https://www.youtube.com/watch?v=LUBUchYczsA,Post Malone - Cooped Up (Official Audio) ft. Roddy Ricch,Post Malone,186.0,+0.1,✅ Auto-accepted confident match
186NCtNk1tUYS7c2DxgJ7O,V,Christmas Tree,209.9,user_or_pattern_selected (ambiguous),2,CMbxzOQc0GI,https://www.youtube.com/watch?v=CMbxzOQc0GI,[Lyrics Video] V - Christmas Tree,SUPER SOUND Bugs!,211,+1.1s,★ GỢI Ý TỐT NHẤT CHO AUDIO | Khớp thời lượng chuẩn (<=2.5s)
2FeBslNBMdR9V58uv6hd2t,Kendrick Lamar,N95,195.9,automatic,1,XEV4x7xEprw,https://www.youtube.com/watch?v=XEV4x7xEprw,Kendrick Lamar - N95 (Official Audio),Kendrick Lamar,196.0,+0.1,✅ Auto-accepted confident match
5OiD0uUNxZkSyG3opReDlx,Leellamarz,Don′t do That,135.1,automatic,1,Bfn3BMV3LOQ,https://www.youtube.com/watch?v=Bfn3BMV3LOQ,Don′t do That,LEELLAMARZ,136.0,+0.9,✅ Auto-accepted confident match
0UnOf7i44YK0ULpkEGHe4R,KyoungSeo,Dear my X,187.7,automatic,1,S1JB_T6Fths,https://www.youtube.com/watch?v=S1JB_T6Fths,[MV] KyoungSeo(경서) _ Dear my X(나의 X에게),1theK (원더케이),225.0,+37.3,✅ Auto-accepted confident match
5zyZM1EiSqrniyqtprwxpv,Drake,Falling Back,266.2,automatic,1,fCtmgdpjpcw,https://www.youtube.com/watch?v=fCtmgdpjpcw,Drake - Falling Back (Audio),Drake,267.0,+0.8,✅ Auto-accepted confident match
2DB4DdfCFMw1iaR6JaR03a,Camila Cabello,Bam Bam,206.1,automatic,1,nWr4r-3bHBc,https://www.youtube.com/watch?v=nWr4r-3bHBc,Camila Cabello - Bam Bam (Official Audio) ft. Ed Sheeran,Camila Cabello,208.0,+1.9,✅ Auto-accepted confident match
3rmo8F54jFF8OgYsqTxm5d,Ed Sheeran,Bad Habits,230.7,automatic,1,HeOpRzcqKrE,https://www.youtube.com/watch?v=HeOpRzcqKrE,Ed Sheeran - Bad Habits [Official Lyric Video],Ed Sheeran,232.0,+1.3,✅ Auto-accepted confident match
51Zw1cKDgkad0CXv23HCMU,Harry Styles,Daylight,164.5,automatic,1,-UJCMfuFtSQ,https://www.youtube.com/watch?v=-UJCMfuFtSQ,Harry Styles - Daylight (Official Video),Harry Styles,167.0,+2.5,✅ Auto-accepted confident match
1IvOxLYTstsq5Z6pN3l3zm,Lim Young Woong,Loving You,212.3,user_or_pattern_selected (ambiguous),1,e0GJ_KPvdDc,https://www.youtube.com/watch?v=e0GJ_KPvdDc,Loving You,임영웅,213,+0.7s,Khớp thời lượng chuẩn (<=2.5s)
0RGUIOZtmOXTWOy5EjvQbP,Lauv,Paris in the Rain,204.7,automatic,1,kOCkne-Bku4,https://www.youtube.com/watch?v=kOCkne-Bku4,Lauv - Paris in the Rain [Official Video],Lauv,217.0,+12.3,✅ Auto-accepted confident match
7BpqydHSxMviDR0DNTne6J,Conan Gray,Yours,205.0,automatic,1,W5vz8kMxx4A,https://www.youtube.com/watch?v=W5vz8kMxx4A,Conan Gray - Yours (Official Lyric Video),Conan Gray,206.0,+1.0,✅ Auto-accepted confident match
1XlSkQeITGEv8r6HIZfpfX,WOODZ,I hate you,190.0,automatic,1,7iSzJ6fh6vE,https://www.youtube.com/watch?v=7iSzJ6fh6vE,WOODZ - I hate you ( Audio ),WOODZ,191.0,+1.0,✅ Auto-accepted confident match
4ShxDU7CHNQVi2wwgSdqfF,Peder Elias,Loving You Girl,171.8,automatic,1,uZbB9DssRlA,https://www.youtube.com/watch?v=uZbB9DssRlA,Peder Elias - Loving You Girl (Lyric Video) ft. Hkeem,Peder Elias,173.0,+1.2,✅ Auto-accepted confident match
13sAZcJP2b6D6Qjck3Ixc3,YOUNGTAK,니가 왜 거기서 나와 (Narr. 고은아),190.8,user_or_pattern_selected (ambiguous),2,vFWRbhxDI0I,https://www.youtube.com/watch?v=vFWRbhxDI0I,[가사 Lyrics] 영탁 - 니가 왜 거기서 나와 (Narr. 고은아),RushSTAR,192,+1.2s,★ GỢI Ý TỐT NHẤT CHO AUDIO | Khớp thời lượng chuẩn (<=2.5s)
6kYGOFNUMxpab09L5Ukoke,Kendrick Lamar,Rich Spirit,202.3,automatic,1,hl3-ZPg-JAA,https://www.youtube.com/watch?v=hl3-ZPg-JAA,Kendrick Lamar - Rich Spirit (Official Audio),Kendrick Lamar,203.0,+0.7,✅ Auto-accepted confident match
6SpPr7K4YQ2wp8jU6uOTmQ,Red Velvet,Queendom,181.8,automatic,1,c9RzZpV460k,https://www.youtube.com/watch?v=c9RzZpV460k,Red Velvet 레드벨벳 'Queendom' MV,SMTOWN,190.0,+8.2,✅ Auto-accepted confident match
44QDTpkTR3eLLfXEKTjyul,Xydo,Free,226.2,automatic,1,aY382UdxfnQ,https://www.youtube.com/watch?v=aY382UdxfnQ,Free,Xydo,227.0,+0.8,✅ Auto-accepted confident match
4h4QlmocP3IuwYEj2j14p8,Nicky Youre,Sunroof,163.0,automatic,1,G5xSLbYMr-I,https://www.youtube.com/watch?v=G5xSLbYMr-I,"Nicky Youre, dazy - Sunroof (Official Music Video)",Nicky Youre,175.0,+12.0,✅ Auto-accepted confident match
4T9hw59r85ZkesNoYWQIJg,NCT DREAM,Arcade,207.7,user_or_pattern_selected (no_confident_match),1,btXvIm6H3U8,https://www.youtube.com/watch?v=btXvIm6H3U8,NCT DREAM 'Arcade' (Official Audio) | Glitch Mode - The 2nd Album,NCT DREAM,208,+0.3s,★ GỢI Ý TỐT NHẤT CHO AUDIO | Khớp thời lượng chuẩn (<=2.5s)
5zwwW9Oq7ubSxoCGyW1nbY,BLACKPINK,Pink Venom,187.0,automatic,1,gQlMMD8auMs,https://www.youtube.com/watch?v=gQlMMD8auMs,BLACKPINK - ‘Pink Venom’ M/V,BLACKPINK,194.0,+7.0,✅ Auto-accepted confident match
2gYj9lubBorOPIVWsTXugG,IVE,After LIKE,177.0,automatic,1,CVxTT38_J4c,https://www.youtube.com/watch?v=CVxTT38_J4c,After LIKE,IVE,177.0,+0.0,✅ Auto-accepted confident match
5expoVGQPvXuwBBFuNGqBd,NewJeans,Hurt,177.9,automatic,1,tVIXY14aJms,https://www.youtube.com/watch?v=tVIXY14aJms,NewJeans (뉴진스) 'Hurt' Official MV,HYBE LABELS,182.0,+4.1,✅ Auto-accepted confident match
396FqjKmViUZ92Wmm4rx3i,aespa,Illusion,195.1,automatic,1,BpCvYeK5hcE,https://www.youtube.com/watch?v=BpCvYeK5hcE,aespa 에스파 '도깨비불 (Illusion)' Lyric Video,aespa,209.0,+13.9,✅ Auto-accepted confident match
1nX1b7kRg5a6XKAq7uQOpr,ITZY,SNEAKERS,179.5,automatic,1,Hbb5GPxXF1w,https://www.youtube.com/watch?v=Hbb5GPxXF1w,ITZY “SNEAKERS” M/V @ITZY,JYP Entertainment,185.0,+5.5,✅ Auto-accepted confident match
1oen3GpTcA486fTHaT7neg,Girls' Generation,FOREVER 1,202.5,automatic,1,Qpf26PtBXgo,https://www.youtube.com/watch?v=Qpf26PtBXgo,Girls' Generation 소녀시대 'FOREVER 1' MV,SMTOWN,214.0,+11.5,✅ Auto-accepted confident match
7GARzfC1mwhDuk4t9WOACq,j-hope,MORE,180.0,automatic,1,pKdBFeewZYE,https://www.youtube.com/watch?v=pKdBFeewZYE,j-hope 'MORE' Official MV,HYBE LABELS,208.0,+28.0,✅ Auto-accepted confident match
5mdWIwsJAzR97ShGkt8gcR,ZICO,New thing (Prod. ZICO) (Feat. Homies),147.4,automatic,1,C_cpDd0WYTk,https://www.youtube.com/watch?v=C_cpDd0WYTk,New thing (Prod. by ZICO) (Feat. Homies),ZICO,148.0,+0.6,✅ Auto-accepted confident match
2DwUdMJ5uxv20EhAildreg,NewJeans,Cookie,235.6,automatic,1,VOmIplFAGeg,https://www.youtube.com/watch?v=VOmIplFAGeg,NewJeans (뉴진스) 'Cookie' Official MV,HYBE LABELS,239.0,+3.4,✅ Auto-accepted confident match
0HsRZwZzHoZ5AM5W2ZYI5c,BIG Naughty,Beyond Love (Feat. 10CM),188.7,user_or_pattern_selected (ambiguous),2,OlXr5YD-MWA,https://www.youtube.com/watch?v=OlXr5YD-MWA,Beyond Love (Feat. 10CM) (정이라고 하자 (Feat. 10CM)),BIG Naughty (서동현),189,+0.3s,Khớp thời lượng chuẩn (<=2.5s)
0CB3B5ir8I2KbB3dkGVtWF,WSG WANNBE (Gaya-G),At That Moment,222.9,user_or_pattern_selected (no_confident_match),2,BkKQvid_46Q,https://www.youtube.com/watch?v=BkKQvid_46Q,WSG Wannabe (가야G) – At That Moment (그때 그 순간 그대로 (그그그)) [Color_Coded_Rom|Eng Lyrics],ElyDha Subs,225,+2.1s,★ GỢI Ý TỐT NHẤT CHO AUDIO | Khớp thời lượng chuẩn (<=2.5s)
0O6u0VJ46W86TxN9wgyqDj,Post Malone,I Like You (A Happier Song),192.8,automatic,1,_a0T5qwxANg,https://www.youtube.com/watch?v=_a0T5qwxANg,Post Malone - I Like You (A Happier Song) (Audio) ft. Doja Cat,Post Malone,193.0,+0.2,✅ Auto-accepted confident match
2QWEMqQMJR1KDf6hDjJOs6,j-hope,Arson,159.8,automatic,1,QmpTkkaKYSU,https://www.youtube.com/watch?v=QmpTkkaKYSU,j-hope '방화 (Arson)' Official MV,HYBE LABELS,179.0,+19.2,✅ Auto-accepted confident match
6C734SmqoIYuRWo2qSCnpC,NMIXX,DICE,165.7,automatic,1,p1bjnyDqI9k,https://www.youtube.com/watch?v=p1bjnyDqI9k,"NMIXX ""DICE"" M/V",JYP Entertainment,199.0,+33.3,✅ Auto-accepted confident match
69xohKu8C1fsflYAiSNbwM,BTS,Run BTS,204.9,automatic,1,a4YwJCZRh5M,https://www.youtube.com/watch?v=a4YwJCZRh5M,달려라 방탄,BANGTANTV,205.0,+0.1,✅ Auto-accepted confident match
50xSycnGMDy0Wg5jJcOv3S,Lim Young Woong,Rainbow,196.4,user_or_pattern_selected (ambiguous),1,jP2J0qnFtV4,https://www.youtube.com/watch?v=jP2J0qnFtV4,[4K] 임영웅 (Lim Young Woong) - 무지개 (Rainbow) MV,임영웅,209,+12.6s,Lệch nhẹ (<=15s)
2lsRp40mCRkhqULWdMbOzn,Lim Young Woong,I Love You,239.0,user_or_pattern_selected (ambiguous),1,CbhiBN5wpCc,https://www.youtube.com/watch?v=CbhiBN5wpCc,임영웅 (Lim Young Woong) - 사랑해 진짜 (I Love You) MV,임영웅,239,+0.0s,Khớp thời lượng chuẩn (<=2.5s)
2mgzUVvDpb1zMSB4glLQ6T,aespa,Life's Too Short - English Version,178.1,automatic,1,8_qkTGOcBHU,https://www.youtube.com/watch?v=8_qkTGOcBHU,Life's Too Short (English Version),aespa,179.0,+0.9,✅ Auto-accepted confident match
0bYVPJvXr8ACmw313cVvhB,BLACKPINK,Tally,184.2,automatic,1,VQo4hyWfBQ4,https://www.youtube.com/watch?v=VQo4hyWfBQ4,BLACKPINK - ‘Tally’ (Official Audio),BLACKPINK,185.0,+0.8,✅ Auto-accepted confident match
7AdGloF1UHKe1vAZPbqIXH,BLACKPINK,The Happiest Girl,222.0,automatic,1,kVXazE8wR1Q,https://www.youtube.com/watch?v=kVXazE8wR1Q,BLACKPINK - ‘The Happiest Girl’ (Official Audio),BLACKPINK,223.0,+1.0,✅ Auto-accepted confident match
00I41xsW6SunZDJ5fB8KAd,j-hope,Safety Zone,165.3,automatic,1,VQ-qkm8KGD0,https://www.youtube.com/watch?v=VQ-qkm8KGD0,j-hope 'Safety Zone' Visualizer,BANGTANTV,167.0,+1.7,✅ Auto-accepted confident match
0Puudh380z6cOCgMaTNm7h,j-hope,Future,139.3,automatic,1,Fh2PTrTaxv0,https://www.youtube.com/watch?v=Fh2PTrTaxv0,j-hope 'Future' Visualizer,BANGTANTV,138.0,-1.3,✅ Auto-accepted confident match
4saklk6nie3yiGePpBwUoc,BTS,Dynamite,199.1,automatic,1,gdZLi9oWNZg,https://www.youtube.com/watch?v=gdZLi9oWNZg,BTS (방탄소년단) 'Dynamite' Official MV,HYBE LABELS,224.0,+24.9,✅ Auto-accepted confident match
3TSLqZssCoCdDlMhCJ08XW,BIGBANG,Still Life,188.4,automatic,1,eN5mG_yMDiM,https://www.youtube.com/watch?v=eN5mG_yMDiM,BIGBANG - '봄여름가을겨울 (Still Life)' M/V,BIGBANG,194.0,+5.6,✅ Auto-accepted confident match
1XIIvx9S19CZVc7eow7EX7,j-hope,STOP,122.2,automatic,1,WjqHuhf0wYg,https://www.youtube.com/watch?v=WjqHuhf0wYg,STOP (Lollapalooza ver.),j-hope - Topic,136.0,+13.8,✅ Auto-accepted confident match
775S83AMYbQc8SYteOktTL,10CM,Gradation,201.3,automatic,1,VQZXXciZb_c,https://www.youtube.com/watch?v=VQZXXciZb_c,[MV] 10CM _ Gradation(그라데이션),1theK (원더케이),218.0,+16.7,✅ Auto-accepted confident match
1WKLxJpDqkQ9x1qEDNutoX,NCT 127,2 Baddies,230.3,automatic,1,FRilMXZqNhA,https://www.youtube.com/watch?v=FRilMXZqNhA,NCT 127 엔시티 127 '질주 (2 Baddies)' MV,SMTOWN,245.0,+14.7,✅ Auto-accepted confident match
4FKmrrI6y8REWoCyV5tAhY,10CM,Just 10 centimeters,195.5,automatic,1,wBHZA9-POt0,https://www.youtube.com/watch?v=wBHZA9-POt0,"[MV] 10CM,BIG Naughty(서동현) _ Just 10 centimeters(딱 10CM만)",1theK (원더케이),240.0,+44.5,✅ Auto-accepted confident match
1oFAF1hdPOickyHgbuRjyX,The Weeknd,Save Your Tears (Remix),191.0,automatic,1,LIIDh-qI9oI,https://www.youtube.com/watch?v=LIIDh-qI9oI,The Weeknd & Ariana Grande - Save Your Tears (Remix) (Official Video),The Weeknd,206.0,+15.0,✅ Auto-accepted confident match
19Hg1UCZaCdpHB37L7x63X,The Black Skirts,EVERYTHING,293.0,user_or_pattern_selected (ambiguous),1,Aq_gsctWHtQ,https://www.youtube.com/watch?v=Aq_gsctWHtQ,[MV] 검정치마(The Black Skirts) - 'EVERYTHING',SEOUL MUSIC / 서울뮤직,304,+11.0s,★ GỢI Ý TỐT NHẤT CHO AUDIO | Lệch nhẹ (<=15s)
0Hj4YtlD0Q5O0srdZxJUtl,NCT 127,Gold Dust,249.6,automatic,1,k7LYjZDdIWs,https://www.youtube.com/watch?v=k7LYjZDdIWs,NCT 127 '윤슬 (Gold Dust)' (Official Audio) | 질주 (2 Baddies) - The 4th Album,NCT 127,250.0,+0.4,✅ Auto-accepted confident match
1w2hClDL1xH4FPZIipZ1FJ,Yoon Do Hyun,I Guess I Loved You,238.9,user_or_pattern_selected (ambiguous),1,8BKWEW4NJTg,https://www.youtube.com/watch?v=8BKWEW4NJTg,Yoon Do Hyun - I Guess I Loved you (Easy Lyrics),Pmusic,239,+0.1s,★ GỢI Ý TỐT NHẤT CHO AUDIO | Khớp thời lượng chuẩn (<=2.5s)
3scRk3rUGIwpCg9kMNrtEQ,Baek A,Amor,188.9,user_or_pattern_selected (ambiguous),3,5lQrf60gxNI,https://www.youtube.com/watch?v=5lQrf60gxNI,백아(白兒) '첫사랑(Amor)' Lyrics Video / (Art. 반지수),백아,189,+0.1s,Khớp thời lượng chuẩn (<=2.5s)
2mqTtvbKxH7SoEQ2oGAnsA,Beyoncé,CHURCH GIRL,224.5,automatic,1,_sZirWKsOBg,https://www.youtube.com/watch?v=_sZirWKsOBg,Beyoncé - CHURCH GIRL (Official Lyric Video),Beyoncé,232.0,+7.5,✅ Auto-accepted confident match
5pyoxDZ1PX0KxBxiRVxA4U,Beyoncé,BREAK MY SOUL,278.3,automatic,1,yjki-9Pthh0,https://www.youtube.com/watch?v=yjki-9Pthh0,Beyoncé - BREAK MY SOUL (Official Lyric Video),Beyoncé,287.0,+8.7,✅ Auto-accepted confident match
7IuuFQShxmy7zMZ3vZvMFj,Lee Young Ji,Day & Night,215.6,user_or_pattern_selected (no_confident_match),1,g3rD2V4meGs,https://www.youtube.com/watch?v=g3rD2V4meGs,[MV] 이영지 - 낮 밤 (feat. 박재범),이영지,224,+8.4s,Lệch nhẹ (<=15s)
3WBRfkOozHEsG0hbrBzwlm,Porter Robinson,Everything Goes On,202.8,user_or_pattern_selected (no_confident_match),1,izHyKdrSKvo,https://www.youtube.com/watch?v=izHyKdrSKvo,Porter Robinson - Everything Goes On (Official Lyric Video) | Star Guardian 2022,Porter Robinson,203,+0.2s,★ GỢI Ý TỐT NHẤT CHO AUDIO | Khớp thời lượng chuẩn (<=2.5s)
0Q5VnK2DYzRyfqQRJuUtvi,IVE,LOVE DIVE,177.2,automatic,1,l-jZOXa7gQY,https://www.youtube.com/watch?v=l-jZOXa7gQY,LOVE DIVE,IVE,178.0,+0.8,✅ Auto-accepted confident match
5Odq8ohlgIbQKMZivbWkEo,Charlie Puth,Left and Right (Feat. Jung Kook of BTS),154.5,automatic,1,a7GITgqwDVg,https://www.youtube.com/watch?v=a7GITgqwDVg,Charlie Puth - Left And Right (feat. Jung Kook of BTS) [Official Video],Charlie Puth,160.0,+5.5,✅ Auto-accepted confident match
2pIUpMhHL6L9Z5lnKxJJr9,NewJeans,Attention,180.1,user_or_pattern_selected (ambiguous),2,x8RIixqumUc,https://www.youtube.com/watch?v=x8RIixqumUc,NewJeans (뉴진스) 'Attention' Official MV (Performance ver.),HYBE LABELS,178,-2.1s,CẢNH BÁO: Khác bản (Remix/Live/Dance) | Khớp thời lượng chuẩn (<=2.5s)
0V3wPSX9ygBnCm8psDIegu,Taylor Swift,Anti-Hero,200.7,automatic,1,XqN2qFvY64U,https://www.youtube.com/watch?v=XqN2qFvY64U,Taylor Swift - Anti-Hero (Official Lyric Video),Taylor Swift,204.0,+3.3,✅ Auto-accepted confident match
5aucVLKiumD89mxVCB4zvS,Crush,Rush Hour (Feat. j-hope of BTS),177.3,automatic,1,PS0qkO5qty0,https://www.youtube.com/watch?v=PS0qkO5qty0,Crush (크러쉬) - 'Rush Hour (Feat. j-hope of BTS)' MV,Crush,183.0,+5.7,✅ Auto-accepted confident match
27bIik73QCu8Xzt3xpG1bI,NCT DREAM,Candy,217.1,automatic,1,zuoSn3ObMz4,https://www.youtube.com/watch?v=zuoSn3ObMz4,NCT DREAM 엔시티 드림 'Candy' MV,SMTOWN,231.0,+13.9,✅ Auto-accepted confident match
6RBziRcDeiho3iTPdtEeg9,Younha,Event Horizon,300.8,automatic,1,BBdC1rl5sKY,https://www.youtube.com/watch?v=BBdC1rl5sKY,윤하(YOUNHA) - 사건의 지평선 M/V,YOUNHA OFFICIAL,328.0,+27.2,✅ Auto-accepted confident match
3r8RuvgbX9s7ammBn07D3W,NewJeans,Ditto,185.5,user_or_pattern_selected (ambiguous),2,Km71Rr9K-Bw,https://www.youtube.com/watch?v=Km71Rr9K-Bw,NewJeans (뉴진스) 'Ditto' Performance Video,NewJeans,190,+4.5s,CẢNH BÁO: Khác bản (Remix/Live/Dance) | Thời lượng rất sát (<=6s)
0h7QMc9ZRzA9QJrbEHytn2,Jin,The Astronaut,282.5,automatic,1,yAU7Fw8Sif0,https://www.youtube.com/watch?v=yAU7Fw8Sif0,진 (Jin) 'The Astronaut' Lyric Video,HYBE LABELS,296.0,+13.5,✅ Auto-accepted confident match
1RDvyOk4WtPCtoqciJwVn8,Jung Kook,Dreamers [Music from the FIFA World Cup Qatar 2022 Official Soundtrack],201.4,automatic,1,Ma4cBtRiOeA,https://www.youtube.com/watch?v=Ma4cBtRiOeA,Jung Kook (정국) 'Dreamers [Music from the FIFA World Cup Qatar 2022 Official Soundtrack]' Audio,JXS_BP Official,200.0,-1.4,✅ Auto-accepted confident match
3khEEPRyBeOUabbmOPJzAG,Kenshi Yonezu,KICK BACK,193.5,user_or_pattern_selected (no_confident_match),4,S09qwKoSHbM,https://www.youtube.com/watch?v=S09qwKoSHbM,「米津玄師 - KICK BACK」チェンソーマン OP Full,Matawamata,194,+0.5s,★ GỢI Ý TỐT NHẤT CHO AUDIO | Khớp thời lượng chuẩn (<=2.5s)
20JkEhlKCrKtzORT5qDdWE,DON MALIK,"EYE (Feat. BIG Naughty, JUSTHIS) (Prod. R.Tee)",234.8,automatic,1,8vnfNZD_E44,https://www.youtube.com/watch?v=8vnfNZD_E44,"EYE (Feat. BIG Naughty, JUSTHIS) (Prod. R.Tee)",DON MALIK,235.0,+0.2,✅ Auto-accepted confident match
07trPhWMgiagFnSOlmpzl0,BE'O,Complex (Feat. ZICO),195.1,automatic,1,viy213MhJeI,https://www.youtube.com/watch?v=viy213MhJeI,[MV] BE'O(비오) _ Complex(자격지심) (Feat. ZICO),1theK (원더케이),213.0,+17.9,✅ Auto-accepted confident match
35ytd9cmG15jXG0RKWC9p4,NCT DREAM,Graduation,237.1,user_or_pattern_selected (ambiguous),1,Sa_NeCgekzs,https://www.youtube.com/watch?v=Sa_NeCgekzs,NCT DREAM 엔시티 드림 'Graduation' Special Video,NCT DREAM,246,+8.9s,Lệch nhẹ (<=15s)
3wEr5lmE7oaC3qhCbJTY8B,RM,Hectic,226.2,automatic,1,lYv70OCSB8M,https://www.youtube.com/watch?v=lYv70OCSB8M,RM (알엠) 'Hectic (with Colde)' Official Audio,JXS_BP Official,227.0,+0.8,✅ Auto-accepted confident match
3XKI5295qhFbwNesz3ollU,RM,Forg_tful,162.3,user_or_pattern_selected (ambiguous),2,cmJbVPTFtYg,https://www.youtube.com/watch?v=cmJbVPTFtYg,건망증 (with 김사월),RM - Topic,163,+0.7s,Khớp thời lượng chuẩn (<=2.5s)
2KLwPaRDOB87XOYAT2fgxh,Drake,Pussy & Millions,242.0,user_or_pattern_selected (no_confident_match),1,8LpAtRIakkk,https://www.youtube.com/watch?v=8LpAtRIakkk,"Drake, 21 Savage - Pussy & Millions (Audio) ft. Travis Scott",Drake,243.0,+1.0,✅ Đã cập nhật metadata cho video bạn tự thay thế (Lệch 1.0s)
0HYAsQwJIO6FLqpyTeD3l6,Fujii Kaze,死ぬのがいいわ,185.6,user_or_pattern_selected (ambiguous),1,dawrQnvwMTY,https://www.youtube.com/watch?v=dawrQnvwMTY,藤井 風 - 死ぬのがいいわ（Not a MV）,Fujii Kaze,192,+6.4s,Lệch nhẹ (<=15s)
1sZBzYhrQG40zcSuKkI93c,LE SSERAFIM,Good Parts (when the quality is bad but I am),156.4,automatic,1,c_5PAWfIlGs,https://www.youtube.com/watch?v=c_5PAWfIlGs,Good Parts (when the quality is bad but I am),LE SSERAFIM,157.0,+0.6,✅ Auto-accepted confident match
2RLdkXSaiQjRbey5pvP8Kt,Lim Young Woong,If We Ever Meet Again,274.4,user_or_pattern_selected (ambiguous),2,sHqFqWDviBg,https://www.youtube.com/watch?v=sHqFqWDviBg,임영웅 - 다시 만날 수 있을까 MV,임영웅,275,+0.6s,Khớp thời lượng chuẩn (<=2.5s)
1dfsPqH09vnzUWEOsN98Ex,SEULGI,28 Reasons,189.4,automatic,1,G_BYjnopO6U,https://www.youtube.com/watch?v=G_BYjnopO6U,SEULGI 슬기 '28 Reasons' MV,SMTOWN,227.0,+37.6,✅ Auto-accepted confident match
2FRnf9qhLbvw8fu4IBXx78,Wham!,Last Christmas,263.0,automatic,1,E8gmARGvPlI,https://www.youtube.com/watch?v=E8gmARGvPlI,Wham! - Last Christmas (Official Video),WHAM!,279.0,+16.0,✅ Auto-accepted confident match
0o9zmvc5f3EFApU52PPIyW,Fujii Kaze,Shinunoga E-Wa,185.6,automatic,1,dawrQnvwMTY,https://www.youtube.com/watch?v=dawrQnvwMTY,Fujii Kaze - Shinunoga E-Wa (Not a MV),Fujii Kaze,192.0,+6.4,✅ Auto-accepted confident match
3rWDp9tBPQR9z6U5YyRSK4,Taylor Swift,Midnight Rain,174.8,automatic,1,Odh9ddPUkEY,https://www.youtube.com/watch?v=Odh9ddPUkEY,Taylor Swift - Midnight Rain (Official Lyric Video),Taylor Swift,180.0,+5.2,✅ Auto-accepted confident match
10qiH1RJkexhTUuN562FsP,Sion,Braindead,163.9,automatic,1,kyaCJaa4Axg,https://www.youtube.com/watch?v=kyaCJaa4Axg,Braindead (Braindead),Sion,164.0,+0.1,✅ Auto-accepted confident match
078fJxqEUz0LvbHSM6AoXJ,Stray Kids,SUPER BOARD,186.0,user_or_pattern_selected (no_confident_match),1,8ziUcTYwARI,https://www.youtube.com/watch?v=8ziUcTYwARI,"Stray Kids ""SUPER BOARD"" Video",Stray Kids,193,+7.0s,Lệch nhẹ (<=15s)
77khP2fIVhSW23NwxrRluh,Burl Ives,A Holly Jolly Christmas - Single Version,135.5,user_or_pattern_selected (no_confident_match),3,7Ux2h2H313U,https://www.youtube.com/watch?v=7Ux2h2H313U,A Holly Jolly Christmas,Burl Ives - Topic,133,-2.5s,★ GỢI Ý TỐT NHẤT CHO AUDIO | Khớp thời lượng chuẩn (<=2.5s)
5k1A6F2kRnr6XkYKpVt7V0,ITZY,Boys Like You,223.4,automatic,1,McrbabO6zN4,https://www.youtube.com/watch?v=McrbabO6zN4,ITZY - Boys Like You (Audio Clip),ITZY,224.0,+0.6,✅ Auto-accepted confident match
6MCjmGYlw6mQVWRFVgBRvB,YOASOBI,夜に駆ける,258.8,automatic,1,by4SYYWlhEs,https://www.youtube.com/watch?v=by4SYYWlhEs,夜に駆ける,YOASOBI,262.0,+3.2,✅ Auto-accepted confident match
53qayme5jMFwTb3fF84uv6,Red Velvet,Celebrate,164.7,user_or_pattern_selected (ambiguous),1,nvuO06HkSag,https://www.youtube.com/watch?v=nvuO06HkSag,Celebrate,Red Velvet,165.0,+0.3,✅ Đã cập nhật metadata cho video bạn tự thay thế (Lệch 0.3s)
2O3MQ6H3gjrIWDcpeTrikT,Kelly Clarkson,"Santa, Can’t You Hear Me",242.6,automatic,1,G7461Gf60ug,https://www.youtube.com/watch?v=G7461Gf60ug,"Kelly Clarkson & Ariana Grande - Santa, Can't You Hear Me (Official Audio)",Kelly Clarkson,243.0,+0.4,✅ Auto-accepted confident match
2ZL7WZcjuYKi1KUDtp4kCC,Drake,Spin Bout U,214.6,automatic,1,jALeORvCJG8,https://www.youtube.com/watch?v=jALeORvCJG8,"Drake, 21 Savage - Spin Bout U (Audio)",Drake,215.0,+0.4,✅ Auto-accepted confident match
0wavGRldH0AWyu2zvTz8zb,Taylor Swift,Sweet Nothing,188.5,automatic,1,rn0brgg2BpI,https://www.youtube.com/watch?v=rn0brgg2BpI,Taylor Swift - Sweet Nothing (Official Lyric Video),Taylor Swift,193.0,+4.5,✅ Auto-accepted confident match
5Hfnps0jaWFpYg55WOPexG,Jimin,Alone,211.2,user_or_pattern_selected (ambiguous),1,7q9UDPZuTi0,https://www.youtube.com/watch?v=7q9UDPZuTi0,Alone,Jimin - Topic,211.0,-0.2,✅ Đã cập nhật metadata cho video bạn tự thay thế (Lệch 0.2s)
0a4MMyCrzT0En247IhqZbD,NewJeans,Hype Boy,179.0,automatic,1,Rrf8uQFvICE,https://www.youtube.com/watch?v=Rrf8uQFvICE,NewJeans (뉴진스) 'Hype Boy' Official MV (MINJI ver.),HYBE LABELS,177.0,-2.0,✅ Auto-accepted confident match
7foeH2Emgq8A3LWk3q6dat,IVE,Kitsch,195.4,user_or_pattern_selected (ambiguous),1,pG6iaOMV46I,https://www.youtube.com/watch?v=pG6iaOMV46I,IVE 아이브 'Kitsch' MV,STARSHIP and IVE,202,+6.6s,Lệch nhẹ (<=15s)
3OdIiWnYRHPYtC313Z0Bwy,Jimin,Face-off,229.6,user_or_pattern_selected (ambiguous),1,TLT_MqzRHfY,https://www.youtube.com/watch?v=TLT_MqzRHfY,Face-off,Jimin - Topic,230.0,+0.4,✅ Đã cập nhật metadata cho video bạn tự thay thế (Lệch 0.4s)
4fsQ0K37TOXa3hEQfjEic1,LE SSERAFIM,ANTIFRAGILE,184.4,user_or_pattern_selected (ambiguous),3,dzwuR99Ry98,https://www.youtube.com/watch?v=dzwuR99Ry98,LE SSERAFIM (르세라핌) ‘ANTIFRAGILE’ Special Performance Video,LE SSERAFIM,195,+10.6s,CẢNH BÁO: Khác bản (Remix/Live/Dance) | Lệch nhẹ (<=15s)
0rhI6gvOeCKA502RdJAbfs,TOMORROW X TOGETHER,Sugar Rush Ride,186.6,automatic,1,P9tKTxbgdkk,https://www.youtube.com/watch?v=P9tKTxbgdkk,TXT (투모로우바이투게더) 'Sugar Rush Ride' Official MV,HYBE LABELS,213.0,+26.4,✅ Auto-accepted confident match
7eBpUuPnDTfbeP1P4P93CS,BSS,Fighting (Feat. Lee Young Ji),204.5,user_or_pattern_selected (ambiguous),1,mBXBOLG06Wc,https://www.youtube.com/watch?v=mBXBOLG06Wc,부석순 (SEVENTEEN) '파이팅 해야지 (Feat. 이영지)' Official MV,HYBE LABELS and SEVENTEEN,210,+5.5s,Thời lượng rất sát (<=6s)
2RUcwyW74Sv4VracHFrKdh,Jimin,Promise,151.0,automatic,1,PwhgRnjhB84,https://www.youtube.com/watch?v=PwhgRnjhB84,약속,Jimin - Topic,152.0,+1.0,✅ Auto-accepted confident match
6dgUya35uo964z7GZXM07g,Sabrina Carpenter,Nonsense,163.6,automatic,1,ECVA6FvhdEE,https://www.youtube.com/watch?v=ECVA6FvhdEE,Sabrina Carpenter - Nonsense (Official Audio),Sabrina Carpenter,164.0,+0.4,✅ Auto-accepted confident match
6NnCWIWV740gP7DQ8kqdIE,i-dle,Nxde,178.5,automatic,1,fCO7f0SmrDc,https://www.youtube.com/watch?v=fCO7f0SmrDc,(G)I-DLE - 'Nxde' Official Music Video,i-dle (아이들),184.0,+5.5,✅ Auto-accepted confident match
296nXCOv97WJNRWzIBQnoj,LE SSERAFIM,FEARLESS,168.4,automatic,1,4vbDFu0PUew,https://www.youtube.com/watch?v=4vbDFu0PUew,LE SSERAFIM FEARLESS OFFICIAL M/V,HYBE LABELS and LE SSERAFIM,183.0,+14.6,✅ Auto-accepted confident match
3XfngyuVjltVRHSsLjrCRO,저스디스 (JUSTHIS),MY WAY (Prod. R.Tee),377.4,user_or_pattern_selected (no_confident_match),3,R8R-wc4lqc8,https://www.youtube.com/watch?v=R8R-wc4lqc8,MY WAY (Prod. R.Tee),THISISJUSTHIS,378,+0.6s,Khớp thời lượng chuẩn (<=2.5s)
2qg2jy3v50RwfV5FAqG3a2,Jimin,Interlude : Dive,131.0,automatic,1,PUIRGc_53IY,https://www.youtube.com/watch?v=PUIRGc_53IY,Interlude : Dive,Jimin - Topic,131.0,+0.0,✅ Auto-accepted confident match
3nqQXoyQOWXiESFLlDF1hG,Sam Smith,Unholy,156.9,user_or_pattern_selected (ambiguous),4,QMGGaNynpLI,https://www.youtube.com/watch?v=QMGGaNynpLI,Sam Smith - Unholy (ft. Kim Petras) (Official Audio),Nightly,158,+1.1s,★ GỢI Ý TỐT NHẤT CHO AUDIO | Khớp thời lượng chuẩn (<=2.5s)
6zjk7Qbwb9DZ4ykUUoqknh,10-FEET,第ゼロ感,286.0,user_or_pattern_selected (no_confident_match),5,v6ddeotX7K0,https://www.youtube.com/watch?v=v6ddeotX7K0,10-FEET - 第ゼロ感 (映画『THE FIRST SLAM DUNK』エンディング主題歌) Audio Movie,10-FEET,285,-1.0s,★ GỢI Ý TỐT NHẤT CHO AUDIO | Khớp thời lượng chuẩn (<=2.5s)
6auT8cRBu3BgPRBrdVBY15,Lim Young Woong,London Boy,244.5,user_or_pattern_selected (ambiguous),1,TMfvkhkALbU,https://www.youtube.com/watch?v=TMfvkhkALbU,[4K] 임영웅 (Lim Young Woong) - 'LONDON BOY' MV,임영웅,260,+15.5s,★ GỢI Ý TỐT NHẤT CHO AUDIO | Lệch thời lượng lớn (+15.5s)
7F0MuIk5glqtowCUjbn9es,LE SSERAFIM,Impurities,196.4,automatic,1,Ccz123Jlflc,https://www.youtube.com/watch?v=Ccz123Jlflc,LE SSERAFIM (르세라핌) 'Impurities' OFFICIAL M/V,HYBE LABELS and LE SSERAFIM,223.0,+26.6,✅ Auto-accepted confident match
04TshWXkhV1qkqHzf31Hn6,Kenshi Yonezu,Lemon,255.8,user_or_pattern_selected (no_confident_match),1,SX_ViT4Ra7k,https://www.youtube.com/watch?v=SX_ViT4Ra7k,米津玄師  Kenshi Yonezu  - Lemon,Kenshi Yonezu  米津玄師,275,+19.2s,Lệch thời lượng lớn (+19.2s)
5YSkDxmHvzSDWTu4MaEtfa,So!YoON!,Smoke Sprite,242.2,user_or_pattern_selected (ambiguous),1,7xTQJbkwSfs,https://www.youtube.com/watch?v=7xTQJbkwSfs,So!YoON! (황소윤) 'Smoke Sprite' (feat. RM of BTS) Official MV,새소년 SE SO NEON,243,+0.8s,Khớp thời lượng chuẩn (<=2.5s)
0S2GNnqAHC96zqB8ZIcxg4,BIG Naughty,Fxxxnds (Feat. Kim Min Seok of MeloMance),209.4,automatic,1,syrirec77aQ,https://www.youtube.com/watch?v=syrirec77aQ,Fxxxnds (Feat. Kim Min Seok of MeloMance) (친구로 지내다 보면 (Feat. 김민석 of...,BIG Naughty (서동현),210.0,+0.6,✅ Auto-accepted confident match
4JK1kDUdH9RTBQrrSO1QfR,Yuuri,ベテルギウス,230.6,user_or_pattern_selected (no_confident_match),3,3Bf4_AbDj3Q,https://www.youtube.com/watch?v=3Bf4_AbDj3Q,Yuuri 「ベテルギウス」 (Betelgeuse) Lyrics [Kan_Rom_Eng],Kei Takahashi,237,+6.4s,★ GỢI Ý TỐT NHẤT CHO AUDIO | Lệch nhẹ (<=15s)
1F6qqwgyBjcIMzen8RrOXQ,MONSTA X,Beautiful Liar,183.1,automatic,1,3sP0x_GFIMo,https://www.youtube.com/watch?v=3sP0x_GFIMo,Beautiful Liar,MONSTA X,184.0,+0.9,✅ Auto-accepted confident match
10SRMwb9EuVS1K9rYsBfHQ,BTS,Yet To Come,193.6,user_or_pattern_selected (ambiguous),3,3yZGKBU-kGU,https://www.youtube.com/watch?v=3yZGKBU-kGU,BTS Yet To Come Lyrics (Color Coded Lyrics),Jaeguchi,195,+1.4s,★ GỢI Ý TỐT NHẤT CHO AUDIO | Khớp thời lượng chuẩn (<=2.5s)
06KyNuuMOX1ROXRhj787tj,Charlie Puth,We Don't Talk Anymore,217.7,automatic,1,Pvcc5yEPpTc,https://www.youtube.com/watch?v=Pvcc5yEPpTc,Charlie Puth - We Don't Talk Anymore (feat. Selena Gomez) (Audio),CharliePuthVEVO,218.0,+0.3,✅ Auto-accepted confident match
4eFTh1opLS5wANDmZK9ghC,Busker Busker,Cherry Blossom Ending,260.5,automatic,1,tXV7dfvSefo,https://www.youtube.com/watch?v=tXV7dfvSefo,버스커 버스커 (Busker Busker) - 벚꽃 엔딩,STONE MUSIC,296.0,+35.5,✅ Auto-accepted confident match
1jIMjbzcGCcCQn5iMu9CUc,Charlie Puth,That's Hilarious,144.9,automatic,1,Nq3x1AkwgpY,https://www.youtube.com/watch?v=Nq3x1AkwgpY,Charlie Puth - That's Hilarious [Official Video],Charlie Puth,146.0,+1.1,✅ Auto-accepted confident match
38DlSDrx9tgc5Gfq6y3aBa,TWICE,MOONLIGHT SUNRISE,180.3,user_or_pattern_selected (ambiguous),2,-38PwJvhDN0,https://www.youtube.com/watch?v=-38PwJvhDN0,"TWICE ""MOONLIGHT SUNRISE"" Choreography Video (Moving Ver.)",TWICE,189,+8.7s,CẢNH BÁO: Khác bản (Remix/Live/Dance) | Lệch nhẹ (<=15s)
54ipXppHLA8U4yqpOFTUhr,Imagine Dragons,Bones,165.3,automatic,1,mb-Cnwi9BqA,https://www.youtube.com/watch?v=mb-Cnwi9BqA,Imagine Dragons - Bones (Official Audio),ImagineDragons,166.0,+0.7,✅ Auto-accepted confident match
5mHdCZtVyb4DcJw8799hZp,RAYE,Escapism.,272.4,automatic,1,Dll6VJ2C7wo,https://www.youtube.com/watch?v=Dll6VJ2C7wo,"RAYE, 070 Shake - Escapism. (Official Music Video)",RAYE,274.0,+1.6,✅ Auto-accepted confident match
7w05lsU2VLSeiT8Nukrv5M,BTS,Friends,199.3,automatic,1,h7mZX8INIYI,https://www.youtube.com/watch?v=h7mZX8INIYI,Friends,BANGTANTV,200.0,+0.7,✅ Auto-accepted confident match
0Hy3JNYKAJu4ttcyQHzzYA,Yerin Baek,Big world,234.4,automatic,1,6Kb0_IkO3P4,https://www.youtube.com/watch?v=6Kb0_IkO3P4,백예린 (Yerin Baek) - 'Big world' M/V,Yerin Baek,236.0,+1.6,✅ Auto-accepted confident match
3DO8WRX72c1Z5hduVL1Nd5,1415,선을 그어 주던가,160.0,automatic,1,wlvcZ4StPRM,https://www.youtube.com/watch?v=wlvcZ4StPRM,[1415] 선을 그어 주던가 MV,1415 Official,161.0,+1.0,✅ Auto-accepted confident match
3Ua0m0YmEjrMi9XErKcNiR,Jimin,Like Crazy,212.2,automatic,1,nOI67IDlNMQ,https://www.youtube.com/watch?v=nOI67IDlNMQ,지민 (Jimin) 'Like Crazy' Official MV,HYBE LABELS,225.0,+12.8,✅ Auto-accepted confident match
4QhnNyKDsAkXPwHkSnuc89,LE SSERAFIM,"Eve, Psyche & The Bluebeard’s wife",185.5,automatic,1,dZs_cLHfnNA,https://www.youtube.com/watch?v=dZs_cLHfnNA,"LE SSERAFIM (르세라핌) 'Eve, Psyche & The Bluebeard's wife' OFFICIAL M/V",HYBE LABELS and LE SSERAFIM,228.0,+42.5,✅ Auto-accepted confident match
4uOBL4DDWWVx4RhYKlPbPC,i-dle,Queencard,161.2,user_or_pattern_selected (ambiguous),3,AKg_9dn_VmA,https://www.youtube.com/watch?v=AKg_9dn_VmA,(여자)아이들((G)I-DLE) - '퀸카 (Queencard)' M/V (Performance Ver.),i-dle (아이들),165,+3.8s,CẢNH BÁO: Khác bản (Remix/Live/Dance) | Thời lượng rất sát (<=6s)
0u8rZGtXJrLtiSe34FPjGG,Jimin,Like Crazy (English Version),212.3,automatic,1,i2hE4R2Tmig,https://www.youtube.com/watch?v=i2hE4R2Tmig,Like Crazy (English Version),Jimin - Topic,213.0,+0.7,✅ Auto-accepted confident match
7FbrGaHYVDmfr7KoLIZnQ7,FIFTY FIFTY,Cupid - Twin Ver.,174.3,user_or_pattern_selected (ambiguous),1,6uvUTu716rU,https://www.youtube.com/watch?v=6uvUTu716rU,FIFTY FIFTY (피프티피프티) - 'Cupid' (TwinVer.) Official Lyric Video,FIFTY FIFTY Official,180,+5.7s,Thời lượng rất sát (<=6s)
2yjeXq5ahx6UUg2rHaUe6X,JVKE,Angel Pt. 2,176.5,user_or_pattern_selected (no_confident_match),1,V3UVnMBKnpI,https://www.youtube.com/watch?v=V3UVnMBKnpI,"Angel Pt. 2 - JVKE, Jimin of BTS, Charlie Puth, Muni Long (FAST X Official Lyric Video)",JVKE,177,+0.5s,★ GỢI Ý TỐT NHẤT CHO AUDIO | Khớp thời lượng chuẩn (<=2.5s)
0N8Xztr4pBHJ7V0moJWhbO,Aimyon,愛を伝えたいだとか,235.2,user_or_pattern_selected (ambiguous),5,ltwazF77Owg,https://www.youtube.com/watch?v=ltwazF77Owg,[직키픽🔥🔥] 사랑을 전하고 싶다든가: あいみょん(aimyon) - 愛を伝えたいだとか (Ai wo Tsutaetaidatoka) (2017) [가사해석/번역],직키(Zickii),237,+1.8s,★ GỢI Ý TỐT NHẤT CHO AUDIO | Khớp thời lượng chuẩn (<=2.5s)
28a0aMV1OKoyNiCJuNsWrY,Charlie Puth,That’s Not How This Works,165.6,automatic,1,Y1BTILJ1Fdc,https://www.youtube.com/watch?v=Y1BTILJ1Fdc,Charlie Puth - That's Not How This Works (feat. Dan + Shay & Sabrina Carpenter) [Sabrina's Version],Charlie Puth,167.0,+1.4,✅ Auto-accepted confident match
3gmn76fCtpDazGMnN0QMHX,imase,NIGHT DANCER,210.6,automatic,1,QbHBfxAOucI,https://www.youtube.com/watch?v=QbHBfxAOucI,【imase】NIGHT DANCER（Official Audio）,imase,211.0,+0.4,✅ Auto-accepted confident match
5HrIcZOo1DysX53qDRlRnt,TAEYANG,Shoong!,205.1,user_or_pattern_selected (ambiguous),1,NFnAuiklEug,https://www.youtube.com/watch?v=NFnAuiklEug,TAEYANG - ‘Shoong! (feat. LISA of BLACKPINK)’ PERFORMANCE VIDEO,THEBLACKLABEL and TAEYANG,210,+4.9s,CẢNH BÁO: Khác bản (Remix/Live/Dance) | Thời lượng rất sát (<=6s)
6R5fYCySNHrqo4Og6O1ppn,Lauv,Steal The Show,191.8,automatic,1,q7BmlOUk-II,https://www.youtube.com/watch?v=q7BmlOUk-II,"Lauv - Steal The Show (From ""Elemental""/Official Audio)",DisneyMusicVEVO,198.0,+6.2,✅ Auto-accepted confident match
4IJsVXbSeGPUrgwpVoHmlg,BTS,The Planet,178.2,automatic,1,3Rh57WwV8H0,https://www.youtube.com/watch?v=3Rh57WwV8H0,The Planet,BANGTANTV,179.0,+0.8,✅ Auto-accepted confident match
2YXswOX5aKv6OHRKUcAMLQ,JISOO,All Eyes On Me,163.5,automatic,1,LWmuSd7GJzE,https://www.youtube.com/watch?v=LWmuSd7GJzE,Jisoo (All Eyes On Me) M/V,JISOO,162.0,-1.5,✅ Auto-accepted confident match
4WUpMUjdoi47LY7gBQBXe3,Lim Young Woong,Grain of Sand,220.3,user_or_pattern_selected (ambiguous),1,xuexbvO29Gk,https://www.youtube.com/watch?v=xuexbvO29Gk,임영웅 '모래 알갱이' Official M/V,임영웅,232,+11.7s,Lệch nhẹ (<=15s)
1E14FuM0BRaHAJSJ9YxMVu,Lim Young Woong,A Psalm of Life,233.4,user_or_pattern_selected (ambiguous),1,TAlHfvvxk20,https://www.youtube.com/watch?v=TAlHfvvxk20,A Psalm of Life,임영웅,234,+0.6s,Khớp thời lượng chuẩn (<=2.5s)
4F0ft3ZDmIN7xz4HxYW7y0,Akame,keep our love alive,75.8,user_or_pattern_selected (no_confident_match),1,dUX3wQbKBoc,https://www.youtube.com/watch?v=dUX3wQbKBoc,AKAME GA KILL {AMV} - Fall In Love 2018,Tomas Turbano pinto,181,+105.2s,✅ Tự động chọn bổ sung (bị bỏ sót ở vùng dòng 2..783)
4kSDi21MeOoSvpZs6MveI9,STAYC,Teddy Bear,189.8,automatic,1,SxHmoifp0oQ,https://www.youtube.com/watch?v=SxHmoifp0oQ,STAYC(스테이씨) 'Teddy Bear' MV,STAYC,204.0,+14.2,✅ Auto-accepted confident match
7mpdNiaQvygj2rHoxkzMfa,ENHYPEN,Bite Me,157.5,automatic,1,wXFLzODIdUI,https://www.youtube.com/watch?v=wXFLzODIdUI,ENHYPEN (엔하이픈) 'Bite Me' Official MV,HYBE LABELS,189.0,+31.5,✅ Auto-accepted confident match
3l6LBCOL9nPsSY29TUY2VE,Halsey,Lilith,180.9,automatic,1,iteLMHeNDec,https://www.youtube.com/watch?v=iteLMHeNDec,Halsey - Lilith (Lyric Video),Halsey,168.0,-12.9,✅ Auto-accepted confident match
4K8jDTlNhZWEdnzZVGRMtN,LE SSERAFIM,FEARLESS (2023 Ver.),168.4,automatic,1,82gb0tGRCvk,https://www.youtube.com/watch?v=82gb0tGRCvk,FEARLESS (2023 Ver.),LE SSERAFIM,169.0,+0.6,✅ Auto-accepted confident match
6D90VTeGEWYX5AkAtjHZh1,Jimin,Like Crazy (Deep House Remix),180.7,automatic,1,W_sfwQfue3s,https://www.youtube.com/watch?v=W_sfwQfue3s,Like Crazy (Deep House Remix),Jimin - Topic,181.0,+0.3,✅ Auto-accepted confident match
3T03rPwlL8NVk1yIaxeD8U,Justin Bieber,Off My Face,156.5,automatic,1,AeZxDcjXbzE,https://www.youtube.com/watch?v=AeZxDcjXbzE,Justin Bieber - Off My Face (Visualizer),Justin Bieber,157.0,+0.5,✅ Auto-accepted confident match
3bUD1FmJClHcD0U7rIN0TR,BIG Naughty,"Romance Symphony (Feat. CHANGMO, Jay Park)",240.8,user_or_pattern_selected (ambiguous),2,RGmKcAvdh_Y,https://www.youtube.com/watch?v=RGmKcAvdh_Y,"BIG Naughty (서동현)- Romance Symphony (낭만교향곡) ft. Changmo, Jay Park [Color Coded Lyrics (HAN/ROM/ENG)]",Halcyon KLyrics,243,+2.2s,★ GỢI Ý TỐT NHẤT CHO AUDIO | Khớp thời lượng chuẩn (<=2.5s)
7tOsgOjrzBVQqyaMDBlZV8,Younha,Oort Cloud,206.6,automatic,1,58IEh6YkuzQ,https://www.youtube.com/watch?v=58IEh6YkuzQ,Oort Cloud (오르트구름),YOUNHA OFFICIAL,207.0,+0.4,✅ Auto-accepted confident match
6iirdwpyu2Ohg3iVdu4vXl,NCT DOJAEJUNG,Kiss,180.9,automatic,1,tr1_25EwdQc,https://www.youtube.com/watch?v=tr1_25EwdQc,Kiss,NCT DOJAEJUNG - Topic,181.0,+0.1,✅ Auto-accepted confident match
7fcZk7OXeFWD7DWybltVVf,Jon Batiste,Be Who You Are (Real Magic),189.7,user_or_pattern_selected (no_confident_match),3,DnXOELz-q0M,https://www.youtube.com/watch?v=DnXOELz-q0M,"Jon Batiste - Be Who You Are (Visualizer) ft. JID, NewJeans, Camilo",Jon Batiste,215,+25.3s,Lệch thời lượng lớn (+25.3s)
6WY4wvlmgccWapnIg14Vy0,Ryuichi Sakamoto,Merry Christmas Mr. Lawrence,286.6,automatic,1,1OZDaRhHHyM,https://www.youtube.com/watch?v=1OZDaRhHHyM,Merry Christmas Mr. Lawrence,Ryuichi Sakamoto,289.0,+2.4,✅ Auto-accepted confident match
0CrcwVLUe8wzLUIXgjXVZJ,SZA,Kill Bill,175.8,automatic,1,SQnc1QibapQ,https://www.youtube.com/watch?v=SQnc1QibapQ,SZA - Kill Bill (Official Audio),SZA,156.0,-19.8,✅ Auto-accepted confident match
36jIu8oPR1Z4cguMuHxUXA,OFFICIAL HIGE DANDISM,TATTOO,288.1,automatic,1,oLrp9uTa9gw,https://www.youtube.com/watch?v=oLrp9uTa9gw,OFFICIAL HIGE DANDISM - TATTOO [Official Video],OFFICIAL HIGE DANDISM,297.0,+8.9,✅ Auto-accepted confident match
02wk5BttM0QL38ERjLPQJB,NewJeans,Cool With You,147.9,user_or_pattern_selected (ambiguous),1,kKsivrgoyDw,https://www.youtube.com/watch?v=kKsivrgoyDw,NewJeans (뉴진스) 'Cool With You' Official MV (Performance ver.),HYBE LABELS,148,+0.1s,CẢNH BÁO: Khác bản (Remix/Live/Dance) | Khớp thời lượng chuẩn (<=2.5s)
5h1BN75CEh8wdSwE1xrbSe,V,Slow Dancing,187.0,automatic,1,eI0iTRS0Ha8,https://www.youtube.com/watch?v=eI0iTRS0Ha8,V 'Slow Dancing' Official MV,HYBE LABELS,191.0,+4.0,✅ Auto-accepted confident match
59hBR0BCtJsfIbV9VzCVAp,Jimin,Set Me Free Pt.2,200.9,automatic,1,UaywgAqcLxI,https://www.youtube.com/watch?v=UaywgAqcLxI,지민 (Jimin) 'Set Me Free Pt.2' Official MV,HYBE LABELS,225.0,+24.1,✅ Auto-accepted confident match
0eFMbKCRw8KByXyWBw8WO7,Jung Kook,Still With You,239.9,automatic,1,BksBNbTIoPE,https://www.youtube.com/watch?v=BksBNbTIoPE,Still With You,Jung Kook - Topic,240.0,+0.1,✅ Auto-accepted confident match
1wUnuiXMMvhudmzvcCtlZP,NewJeans,Get Up,36.2,automatic,1,SXM1q0CTfew,https://www.youtube.com/watch?v=SXM1q0CTfew,Get Up,NewJeans,37.0,+0.8,✅ Auto-accepted confident match
7jzOZuWgZ5gaMet9V5Ix1d,JEON SOMI,Fast Forward,160.6,user_or_pattern_selected (ambiguous),2,DUo9LKTCy9U,https://www.youtube.com/watch?v=DUo9LKTCy9U,[BE ORIGINAL] JEON SOMI(전소미) 'Fast Forward' (4K),STUDIO CHOOM [스튜디오 춤],171,+10.4s,CẢNH BÁO: Khác bản (Remix/Live/Dance) | Lệch nhẹ (<=15s)
65FftemJ1DbbZ45DUfHJXE,NewJeans,OMG,212.3,user_or_pattern_selected (ambiguous),1,sVTy_wmn5SU,https://www.youtube.com/watch?v=sVTy_wmn5SU,NewJeans (뉴진스) 'OMG' Official MV (Performance ver.1),HYBE LABELS,220,+7.7s,CẢNH BÁO: Khác bản (Remix/Live/Dance) | Lệch nhẹ (<=15s)
41JPN7pZMTp1sumBOHOzHd,Agust D,People Pt.2,214.0,user_or_pattern_selected (ambiguous),3,h0f2CJw08Nw,https://www.youtube.com/watch?v=h0f2CJw08Nw,Agust D 'People Pt.2 (Feat. IU)' Lyrics (Agust D 아이유 사람 Pt.2 가사) (Color Coded Lyrics),Jaeguchi,214,+0.0s,★ GỢI Ý TỐT NHẤT CHO AUDIO | Khớp thời lượng chuẩn (<=2.5s)
2fiI6e0WxyZB3QnmRxYGPg,BIG Naughty,Vancouver 2,202.2,automatic,1,xmX5lqVBH1s,https://www.youtube.com/watch?v=xmX5lqVBH1s,Vancouver 2 (Vancouver 2),BIG Naughty (서동현),203.0,+0.8,✅ Auto-accepted confident match
1ULdASrNy5rurl1TZfFaMP,aespa,Spicy,197.0,automatic,1,Os_heh8vPfs,https://www.youtube.com/watch?v=Os_heh8vPfs,aespa 에스파 'Spicy' MV,SMTOWN,205.0,+8.0,✅ Auto-accepted confident match
7ovUcF5uHTBRzUpB6ZOmvt,YOASOBI,アイドル,213.2,user_or_pattern_selected (no_confident_match),1,ZRtdQ81jPUQ,https://www.youtube.com/watch?v=ZRtdQ81jPUQ,YOASOBI「アイドル」 Official Music Video,YOASOBI and Echoes,226,+12.8s,Lệch nhẹ (<=15s)
3jxFmvoG55Cwv0JJBzRPce,IVE,Either Way,166.9,user_or_pattern_selected (ambiguous),4,dAwy8e8o4vk,https://www.youtube.com/watch?v=dAwy8e8o4vk,03. IVE - Either Way,IVE,167,+0.1s,Khớp thời lượng chuẩn (<=2.5s)
6ePyl2ns4b7MVYhjsj32ZK,BTS,Intro: Singularity,197.0,user_or_pattern_selected (no_confident_match),2,uyWm8DUK06M,https://www.youtube.com/watch?v=uyWm8DUK06M,Singularity,BANGTANTV,197,+0.0s,★ GỢI Ý TỐT NHẤT CHO AUDIO | Khớp thời lượng chuẩn (<=2.5s)
748MqeDRJ401KBqwCn5zHB,Jung Kook,Seven,162.5,user_or_pattern_selected (ambiguous),1,Vs64cZbeY88,https://www.youtube.com/watch?v=Vs64cZbeY88,Seven (feat. Latto) - Clean Ver.,HYBE LABELS,184.0,+21.5,✅ Đã cập nhật metadata cho video bạn tự thay thế (Lệch 21.5s)
3AOf6YEpxQ894FmrwI9k96,SEVENTEEN,Super,200.4,user_or_pattern_selected (ambiguous),1,-GQg25oP0S4,https://www.youtube.com/watch?v=-GQg25oP0S4,SEVENTEEN (세븐틴) '손오공' Official MV,HYBE LABELS and SEVENTEEN,213.0,+12.6,✅ Đã cập nhật metadata cho video bạn tự thay thế (Lệch 12.6s)
5mg3VB3Qh7jcR5kAAC4DSV,FIFTY FIFTY,Cupid,174.3,automatic,1,6uvUTu716rU,https://www.youtube.com/watch?v=6uvUTu716rU,FIFTY FIFTY (피프티피프티) - 'Cupid' (TwinVer.) Official Lyric Video,FIFTY FIFTY Official,180.0,+5.7,✅ Auto-accepted confident match
1zAYWqTX6qyRCKe9KuCUx0,Jung Kook,Seven,189.6,automatic,1,QU9c0053UAU,https://www.youtube.com/watch?v=QU9c0053UAU,정국 (Jung Kook) 'Seven (feat. Latto)' Official MV,HYBE LABELS,227.0,+37.4,✅ Auto-accepted confident match
11s5p72subU7SHJPzyR2Lq,RIIZE,Memories,178.0,automatic,1,GGr0gwee9bY,https://www.youtube.com/watch?v=GGr0gwee9bY,RIIZE (라이즈) 'Memories' Official Audio,JXS_BP Official,178.0,+0.0,✅ Auto-accepted confident match
3Dah48XTdzVtbIl4dUn6l4,RIIZE,Get A Guitar,160.4,automatic,1,iUw3LPM7OBU,https://www.youtube.com/watch?v=iUw3LPM7OBU,RIIZE 라이즈 'Get A Guitar' MV,SMTOWN,174.0,+13.6,✅ Auto-accepted confident match
5BqwC9kOBbqYkzdOKeXFFk,JANNABI,for lovers who hesitate,265.0,automatic,1,GdoNGNe5CSg,https://www.youtube.com/watch?v=GdoNGNe5CSg,[MV] JANNABI(잔나비) _ for lovers who hesitate(주저하는 연인들을 위해),1theK (원더케이),279.0,+14.0,✅ Auto-accepted confident match
3ISOK4T54v6O1g1AB8FiEK,JUNNY,INVITATION (Feat. Gaeko),191.4,automatic,1,Ov4XVKcgJbg,https://www.youtube.com/watch?v=Ov4XVKcgJbg,JUNNY - INVITATION (Feat.Gaeko) (Lyric Video),JUNNY,192.0,+0.6,✅ Auto-accepted confident match
0Y9C5yhzY7Pa1AqjUFrizq,Leellamarz,I don’t know a single thing (Feat. meenoi),214.1,user_or_pattern_selected (ambiguous),1,Y5T4ylm8GGA,https://www.youtube.com/watch?v=Y5T4ylm8GGA,Leellamarz - I don't know a single thing 한 개도 몰라 (feat. meenoi) [Official Audio] (ENG/JPN/CHN),Ambition Musik,215,+0.9s,Khớp thời lượng chuẩn (<=2.5s)
3uXTRQ41tZ7xwGJ1NnKnUC,ASH ISLAND,I remember,211.8,automatic,1,TYoxtnr-_0Q,https://www.youtube.com/watch?v=TYoxtnr-_0Q,I remember,ASH ISLAND,212.0,+0.2,✅ Auto-accepted confident match
7kaFsQygyiCqRboWCXztxZ,TOMORROW X TOGETHER,Do It Like That,145.1,user_or_pattern_selected (no_confident_match),1,C0EYKxF1oTI,https://www.youtube.com/watch?v=C0EYKxF1oTI,"TXT (투모로우바이투게더), Jonas Brothers 'Do It Like That' Official MV",HYBE LABELS,157,+11.9s,Lệch nhẹ (<=15s)
12usPU2WnqgCHAW1EK2dfd,Tatsuya Kitani,青のすみか,196.5,user_or_pattern_selected (no_confident_match),1,zuoVd2QNxJo,https://www.youtube.com/watch?v=zuoVd2QNxJo,Where Our Blue Is / Tatsuya Kitani,キタニタツヤ / Tatsuya Kitani,201,+4.5s,Thời lượng rất sát (<=6s)
5PyDJG7SQRgWXefgexqIge,Doja Cat,Agora Hills,265.4,automatic,1,YHH4giJHWB8,https://www.youtube.com/watch?v=YHH4giJHWB8,Agora Hills,Doja Cat,266.0,+0.6,✅ Auto-accepted confident match
3VQH9MYoFvxmXmWECnqdRg,Beenzino,Just One Day,134.5,automatic,1,mJ2Cc3dEvK4,https://www.youtube.com/watch?v=mJ2Cc3dEvK4,Just One Day,Beenzino,135.0,+0.5,✅ Auto-accepted confident match
0k0GtcnyQLMiXrdEDbLXmJ,Jung Kook,Please Don't Change,146.7,automatic,1,Shz9iLeE6i4,https://www.youtube.com/watch?v=Shz9iLeE6i4,Please Don't Change (feat. DJ Snake),Jung Kook - Topic,147.0,+0.3,✅ Auto-accepted confident match
5ydjxBSUIDn26MFzU3asP4,V,Rainy Days,179.6,automatic,1,GP0P6xJCERc,https://www.youtube.com/watch?v=GP0P6xJCERc,V (뷔) 'Rainy Days' Official Audio,JXS_BP Official,180.0,+0.4,✅ Auto-accepted confident match
5ONOlTiqymhzwcFjqcIT6E,Jung Kook,Hate You,154.2,automatic,1,vOPjdUaZsX4,https://www.youtube.com/watch?v=vOPjdUaZsX4,Jung Kook (정국) 'Hate You' Official Audio,JXS_BP Official,155.0,+0.8,✅ Auto-accepted confident match
0rKWJnmo6Q0ovoPOLoLm0t,The Kid LAROI,TOO MUCH,203.9,automatic,1,83Lv790h79k,https://www.youtube.com/watch?v=83Lv790h79k,"The Kid LAROI, Jung Kook, Central Cee - TOO MUCH (Official Video)",The Kid LAROI.,204.0,+0.1,✅ Auto-accepted confident match
2tA3NP12r4niSRhb9Y6AoY,Lim Young Woong,Polaroid,206.4,user_or_pattern_selected (ambiguous),4,PVDxs6GUXSI,https://www.youtube.com/watch?v=PVDxs6GUXSI,'임영웅 (Lim Young Woong) - 폴라로이드 (Polaroid)' 가사 Official Lyrics Video,임영웅,209,+2.6s,★ GỢI Ý TỐT NHẤT CHO AUDIO | Thời lượng rất sát (<=6s)
2HRgqmZQC0MC7GeNuDIXHN,Jung Kook,Seven,183.6,automatic,1,QU9c0053UAU,https://www.youtube.com/watch?v=QU9c0053UAU,정국 (Jung Kook) 'Seven (feat. Latto)' Official MV,HYBE LABELS,227.0,+43.4,✅ Auto-accepted confident match
3k6q0O9JnO2GhvD6C8fs20,Jimin,Closer Than This,223.3,automatic,1,l5rQxLUq5rs,https://www.youtube.com/watch?v=l5rQxLUq5rs,Jimin (지민) 'Closer Than This' Official Audio,JXS_BP Official,224.0,+0.7,✅ Auto-accepted confident match
210JJAa9nJOgNa0YNrsT5g,League of Legends,GODS,220.9,user_or_pattern_selected (ambiguous),5,DpGI9A1Bv0Q,https://www.youtube.com/watch?v=DpGI9A1Bv0Q,League of Legends - GODS (Lyrics) ft. NewJeans,7clouds,220,-0.9s,★ GỢI Ý TỐT NHẤT CHO AUDIO | Khớp thời lượng chuẩn (<=2.5s)
5sdQOyqq2IDhvmx2lHOpwd,NewJeans,Super Shy,154.7,automatic,1,n7ePZLn9_lQ,https://www.youtube.com/watch?v=n7ePZLn9_lQ,Super Shy,NewJeans,155.0,+0.3,✅ Auto-accepted confident match
56y1jOTK0XSvJzVv9vHQBK,Doja Cat,Paint The Town Red,230.5,user_or_pattern_selected (ambiguous),2,EiAMmYbr3vA,https://www.youtube.com/watch?v=EiAMmYbr3vA,Doja Cat - Paint The Town Red (Lyrics),7clouds,232,+1.5s,★ GỢI Ý TỐT NHẤT CHO AUDIO | Khớp thời lượng chuẩn (<=2.5s)
01qFKNWq73UfEslI0GvumE,Jung Kook,3D,201.8,automatic,1,mHNCM-YALSA,https://www.youtube.com/watch?v=mHNCM-YALSA,정국 (Jung Kook) '3D (feat. Jack Harlow)' Official MV,HYBE LABELS,231.0,+29.2,✅ Auto-accepted confident match
7pgbDdy7ax962o9d2xJceV,V,Slow Dancing (Piano Ver.),188.1,automatic,1,Tp59ejH_1AM,https://www.youtube.com/watch?v=Tp59ejH_1AM,Slow Dancing (Piano Ver.),V - Topic,189.0,+0.9,✅ Auto-accepted confident match
4HAOgAnILvXCbSODMoRnmD,V,For Us,171.2,automatic,1,LHtzWOLBdPc,https://www.youtube.com/watch?v=LHtzWOLBdPc,V 'For Us' Official MV,HYBE LABELS,176.0,+4.8,✅ Auto-accepted confident match
06Qo2fYR2KS1F7bL338iVT,Jung Kook,Closer to You,171.0,automatic,1,SZzbWTXSGB8,https://www.youtube.com/watch?v=SZzbWTXSGB8,Closer to You (feat. Major Lazer),Jung Kook - Topic,171.0,+0.0,✅ Auto-accepted confident match
7aqsfFKqJFNa2umM4tTLdA,IVE,Baddie,154.4,user_or_pattern_selected (ambiguous),2,Da4P2uT4mVc,https://www.youtube.com/watch?v=Da4P2uT4mVc,IVE 아이브 'Baddie' MV,STARSHIP and IVE,169,+14.6s,Lệch nhẹ (<=15s)
1vvcEHQdaUTvWt0EIUYcFK,Kodak Black,Angel Pt. 1,175.8,user_or_pattern_selected (no_confident_match),1,jp0kTw1TCy0,https://www.youtube.com/watch?v=jp0kTw1TCy0,"FAST X | Angel Pt. 1 (Official Video) - NLE Choppa, Kodak Black, Jimin of BTS, JVKE, & Muni Long",NLE CHOPPA,180,+4.2s,Thời lượng rất sát (<=6s)
61AZsmFB3VoJdmraMk5ZSn,TAEYANG,VIBE,175.8,automatic,1,aqDAz4xQfNY,https://www.youtube.com/watch?v=aqDAz4xQfNY,TAEYANG (태양) 'VIBE (feat. Jimin of BTS)' Official Audio,JXS_BP Official,176.0,+0.2,✅ Auto-accepted confident match
4Cr43xPo7bwyCcL1g3yVCu,Lim Young Woong,A bientot,256.4,user_or_pattern_selected (ambiguous),4,FHMsuxfkzrw,https://www.youtube.com/watch?v=FHMsuxfkzrw,[Lyric Video] 임영웅 (Lim Young Woong) - A bientot,Dreamus Music,258,+1.6s,★ GỢI Ý TỐT NHẤT CHO AUDIO | Khớp thời lượng chuẩn (<=2.5s)
79f5CcWzdkkDVD4XAIQgKr,Stray Kids,LALALALA,182.2,automatic,1,dBDkYofMUs4,https://www.youtube.com/watch?v=dBDkYofMUs4,"Stray Kids ""락 (樂) (LALALALA)"" M/V",JYP Entertainment,200.0,+17.8,✅ Auto-accepted confident match
2UU11hvjN1JIn4iihEodNT,V,Blue,149.9,automatic,1,sIh9_cNCwPc,https://www.youtube.com/watch?v=sIh9_cNCwPc,V 'Blue' Official MV,HYBE LABELS,155.0,+5.1,✅ Auto-accepted confident match
3nAp4IvdMPPWEH9uuXFFV5,Kelly Clarkson,Underneath the Tree,229.6,automatic,1,YfF10ow4YEo,https://www.youtube.com/watch?v=YfF10ow4YEo,Kelly Clarkson - Underneath the Tree (Official Audio),Kelly Clarkson,231.0,+1.4,✅ Auto-accepted confident match
365znJ27Fb3faGsctmQYWR,Lim Young Woong,Father,238.1,user_or_pattern_selected (ambiguous),1,An7ZnTEz40s,https://www.youtube.com/watch?v=An7ZnTEz40s,Lim Young Woong -  Father MV,임영웅,239,+0.9s,✅ Tự động chọn bổ sung (bị bỏ sót ở vùng dòng 2..783)
2cEwQnP4284g37N6D7ETND,RIIZE,Talk Saxy,190.9,automatic,1,9IQLt23f13Q,https://www.youtube.com/watch?v=9IQLt23f13Q,RIIZE 'Talk Saxy' (Official Audio),RIIZE,191.0,+0.1,✅ Auto-accepted confident match
0hqj5JBnFt1BHEz2UCFwrl,AKMU,"How can I love the heartbreak, you're the one I love",290.1,automatic,1,m3DZsBw5bnE,https://www.youtube.com/watch?v=m3DZsBw5bnE,"AKMU - '어떻게 이별까지 사랑하겠어, 널 사랑하는 거지(How can I love the heartbreak, you`re the one I love)' M/V",AKMU,296.0,+5.9,✅ Auto-accepted confident match
31jZYFQEtq0ud5y9fDN4cw,V,Slow Dancing (Cautious Clay Remix),171.9,automatic,1,JRrx_Y0RMys,https://www.youtube.com/watch?v=JRrx_Y0RMys,Slow Dancing (Cautious Clay Remix),V - Topic,172.0,+0.1,✅ Auto-accepted confident match
253P6uwLnelVQ6MdwXMIJk,HWASA,Chili,135.4,automatic,1,uFrQ9foq8Wo,https://www.youtube.com/watch?v=uFrQ9foq8Wo,HWASA (화사) 'Chili' Official Audio,JXS_BP Official,136.0,+0.6,✅ Auto-accepted confident match
5odlY52u43F5BjByhxg7wg,JVKE,golden hour,209.3,automatic,1,UsR08cY8k0A,https://www.youtube.com/watch?v=UsR08cY8k0A,JVKE - golden hour (Official Lyric Video),JVKE,217.0,+7.7,✅ Auto-accepted confident match
5r3VFyq4KrdCeRNUDtGfJq,meenoi,and you (Feat. ZICO),204.2,user_or_pattern_selected (ambiguous),1,dpvJZaPCz8Q,https://www.youtube.com/watch?v=dpvJZaPCz8Q,and you (Feat. ZICO) (어떨것같애 (Feat. ZICO)),MEENOI,205,+0.8s,Khớp thời lượng chuẩn (<=2.5s)
3TPvrMAd1hbPRXuHCRX0Pl,Dynamicduo,AEAO,316.9,user_or_pattern_selected (no_confident_match),1,DYz-LjtiVOc,https://www.youtube.com/watch?v=DYz-LjtiVOc,"[MV] Dynamic Duo, DJ Premier(다이나믹듀오, 디제이 프리미어) _ AEAO",1theK (원더케이),318,+1.1s,Khớp thời lượng chuẩn (<=2.5s)
5nTemr4PG8L9jQoqxsZu6w,Red Velvet,Knock Knock (Who's There?),201.3,user_or_pattern_selected (ambiguous),1,0yk7AWzFZUI,https://www.youtube.com/watch?v=0yk7AWzFZUI,Knock Knock (Who's There?),Red Velvet,201.0,-0.3,✅ Đã cập nhật metadata cho video bạn tự thay thế (Lệch 0.3s)
1FTFDCKkVNGf0UCccm23LA,NCT 127,Home Alone,225.5,automatic,1,d0YyJ1RhpQI,https://www.youtube.com/watch?v=d0YyJ1RhpQI,나 홀로 집에 Home Alone,NCT 127,226.0,+0.5,✅ Auto-accepted confident match
7dTv6c4yQ4gBVFSC3fX0RH,BIG Naughty,One-Way,167.9,automatic,1,VF9f1sWjlRQ,https://www.youtube.com/watch?v=VF9f1sWjlRQ,One-Way (직항),BIG Naughty (서동현),168.0,+0.1,✅ Auto-accepted confident match
3lwK3WyKAI5bUuGY1OgGbZ,LE SSERAFIM,Smart,166.4,automatic,1,KNexS61fjus,https://www.youtube.com/watch?v=KNexS61fjus,LE SSERAFIM (르세라핌) 'Smart' OFFICIAL MV,HYBE LABELS and LE SSERAFIM,194.0,+27.6,✅ Auto-accepted confident match
0aZG8KWrpRnsGL0loUkfSj,TWS,plot twist,152.4,user_or_pattern_selected (ambiguous),2,o6iWznl5ICo,https://www.youtube.com/watch?v=o6iWznl5ICo,TWS plot twist Lyrics (Color Coded Lyrics),Chaereve,154,+1.6s,★ GỢI Ý TỐT NHẤT CHO AUDIO | Khớp thời lượng chuẩn (<=2.5s)
21ewxM3YvcdTj7cC0XwznO,Lim Young Woong,Do or Die,205.4,user_or_pattern_selected (ambiguous),4,IMdQHUC5wxc,https://www.youtube.com/watch?v=IMdQHUC5wxc,Lim Young Woong (임영웅) - Do or Die [가사],Music Time | 뮤직 타임,207,+1.6s,★ GỢI Ý TỐT NHẤT CHO AUDIO | Khớp thời lượng chuẩn (<=2.5s)
0paWX66K9n7sYR9AkKkyzB,Beat Record,Standing Next to You - Sped Up - Remix,211.1,user_or_pattern_selected (no_confident_match),1,VkrfPBDegBE,https://www.youtube.com/watch?v=VkrfPBDegBE,jung kook - standing next to you (sped up + reverb),c l o v d h y,177.0,-34.1,✅ Đã cập nhật metadata cho video bạn tự thay thế (Lệch 34.1s)
0djkJ3iAARXRCbfbwwVc3o,IU,Love wins all,271.1,automatic,1,JleoAppaxi0,https://www.youtube.com/watch?v=JleoAppaxi0,IU 'Love wins all' MV,이지금 [IU Official],323.0,+51.9,✅ Auto-accepted confident match
7M7d0e8Ue3Z7QieuZe72J9,RIIZE,Love 119,173.5,user_or_pattern_selected (ambiguous),2,kmD6JcAV_Rc,https://www.youtube.com/watch?v=kmD6JcAV_Rc,RIIZE 라이즈 'Love 119' Performance Video,RIIZE,180,+6.5s,CẢNH BÁO: Khác bản (Remix/Live/Dance) | Lệch nhẹ (<=15s)
1aKvZDoLGkNMxoRYgkckZG,ILLIT,Magnetic,160.7,automatic,1,Vk5-c_v4gMU,https://www.youtube.com/watch?v=Vk5-c_v4gMU,ILLIT (아일릿) ‘Magnetic’ Official MV,HYBE LABELS,189.0,+28.3,✅ Auto-accepted confident match
74X2u8JMVooG2QbjRxXwR8,LE SSERAFIM,Perfect Night,159.1,automatic,1,hLvWy2b857I,https://www.youtube.com/watch?v=hLvWy2b857I,LE SSERAFIM (르세라핌) 'Perfect Night' OFFICIAL M/V with OVERWATCH 2,HYBE LABELS and LE SSERAFIM,183.0,+23.9,✅ Auto-accepted confident match
5XWlyfo0kZ8LF7VSyfS4Ew,aespa,Drama,215.0,automatic,1,D8VEhcPeSlc,https://www.youtube.com/watch?v=D8VEhcPeSlc,aespa 에스파 'Drama' MV,SMTOWN,228.0,+13.0,✅ Auto-accepted confident match
0cGpKQ8RxxLOFqhktEURIj,UMI,wherever u r,153.0,automatic,1,LEdNCS8luWE,https://www.youtube.com/watch?v=LEdNCS8luWE,"UMI, V - wherever u r (ft. V of BTS) official lyric video",UMI,157.0,+4.0,✅ Auto-accepted confident match
2GquhrcHbl2zOnF5javAFp,LE SSERAFIM,Swan Song,157.2,automatic,1,eNxb2wt11sM,https://www.youtube.com/watch?v=eNxb2wt11sM,Swan Song,LE SSERAFIM,158.0,+0.8,✅ Auto-accepted confident match
7gaA3wERFkFkgivjwbSvkG,Ariana Grande,"yes, and?",215.0,automatic,1,RSSUa2qW4tc,https://www.youtube.com/watch?v=RSSUa2qW4tc,"Ariana Grande - yes, and? (official audio)",Ariana Grande,216.0,+1.0,✅ Auto-accepted confident match
2gyCwrOcC6JBoaJ8JGJ7T8,TAEYEON,To. X,170.4,automatic,1,IMOzHknkS3g,https://www.youtube.com/watch?v=IMOzHknkS3g,TAEYEON (태연) 'To. X' Official Audio,JXS_BP Official,171.0,+0.6,✅ Auto-accepted confident match
3m5PgWSClkZ44vdFmPiqpq,GroovyRoom,"Yes or No (Feat. HUH YUNJIN of LE SSERAFIM, Crush)",179.1,automatic,1,oMev5BGf3hc,https://www.youtube.com/watch?v=oMev5BGf3hc,"GroovyRoom (그루비룸) 'Yes or No (feat. HUH YUNJIN of LE SSERAFIM, Crush)' Official Audio",JXS_BP Official,180.0,+0.9,✅ Auto-accepted confident match
6G3myAs4HemIdtLYhhjGLP,V,FRI(END)S (Instrumental),148.4,automatic,1,asQ5_dTMxUk,https://www.youtube.com/watch?v=asQ5_dTMxUk,FRI (END) S - Instrumental,V - Topic,149.0,+0.6,✅ Auto-accepted confident match
1c6kkrWnpy68eYDfBdxNtF,IU,Shopper,215.7,automatic,1,DXK8z6SYlJY,https://www.youtube.com/watch?v=DXK8z6SYlJY,IU (아이유) 'Shopper' Official Audio,JXS_BP Official,216.0,+0.3,✅ Auto-accepted confident match
5qI5EUqfDJpQ7w6sMECK7U,i-dle,Super Lady,152.2,automatic,1,6f3RzjXPQwA,https://www.youtube.com/watch?v=6f3RzjXPQwA,(여자)아이들((G)I-DLE) - 'Super Lady' Official Music Video,i-dle (아이들),161.0,+8.8,✅ Auto-accepted confident match
0kdqcbwei4MDWFEX5f33yG,Creepy Nuts,Bling-Bang-Bang-Born,168.1,user_or_pattern_selected (ambiguous),1,mLW35YMzELE,https://www.youtube.com/watch?v=mLW35YMzELE,Creepy Nuts「Bling-Bang-Bang-Born」×TV Anime「マッシュル-MASHLE-」　Collaboration Music Video,Creepy Nuts,173,+4.9s,Thời lượng rất sát (<=6s)
2RoYgkPzUY0vY7lhUuyus1,NMIXX,DASH,167.0,user_or_pattern_selected (ambiguous),4,JM88m7SY8FE,https://www.youtube.com/watch?v=JM88m7SY8FE,NMIXX “DASH” Performance Video,NMIXX,175,+8.0s,CẢNH BÁO: Khác bản (Remix/Live/Dance) | Lệch nhẹ (<=15s)
6rdkCkjk6D12xRpdMXy0I2,NewJeans,New Jeans,109.0,user_or_pattern_selected (ambiguous),2,G8GEpK7YDl4,https://www.youtube.com/watch?v=G8GEpK7YDl4,NewJeans 'New Jeans (ft. The Powerpuff Girls)' Lyrics (뉴진스 New Jeans 가사) (Color Coded Lyrics),Jaeguchi,110,+1.0s,★ GỢI Ý TỐT NHẤT CHO AUDIO | Khớp thời lượng chuẩn (<=2.5s)
43u5DDtK4vQ1coWXb4S5a8,Lim Young Woong,HERO,216.6,user_or_pattern_selected (ambiguous),1,4jXLHKMRA-E,https://www.youtube.com/watch?v=4jXLHKMRA-E,LIM YOUNG WOONG (임영웅) - 'HERO' M/V,임영웅,218,+1.4s,★ GỢI Ý TỐT NHẤT CHO AUDIO | Khớp thời lượng chuẩn (<=2.5s)
0o3ua5ufFK7nfRzbDUNoGA,Ariana Grande,don't wanna break up again,174.0,automatic,1,_ZSuyl3BZHY,https://www.youtube.com/watch?v=_ZSuyl3BZHY,Ariana Grande - don't wanna break up again (lyric visualizer),Ariana Grande,175.0,+1.0,✅ Auto-accepted confident match
05STjz8kmPBUebu3uu5sO0,Lim Young Woong,Nest,172.3,user_or_pattern_selected (ambiguous),1,Mm5RLVwpnyA,https://www.youtube.com/watch?v=Mm5RLVwpnyA,Nest,임영웅,173,+0.7s,Khớp thời lượng chuẩn (<=2.5s)
7KUb5GsTcXfpG0phkbL2mR,Leellamarz,Let off steam,219.4,automatic,1,O1cdzWUpS4k,https://www.youtube.com/watch?v=O1cdzWUpS4k,Let off steam,LEELLAMARZ,220.0,+0.6,✅ Auto-accepted confident match
70t7Q6AYG6ZgTYmJWcnkUM,IVE,I AM,183.9,user_or_pattern_selected (ambiguous),1,6ZUIwj3FgUY,https://www.youtube.com/watch?v=6ZUIwj3FgUY,IVE 아이브 'I AM' MV,STARSHIP and IVE,185,+1.1s,Khớp thời lượng chuẩn (<=2.5s)
7uRWaWF70gvKmLhpY3FuaJ,NCT WISH,WISH - Korean Ver.,185.5,automatic,1,TwLq9nPKHYs,https://www.youtube.com/watch?v=TwLq9nPKHYs,WISH (Korean Ver.),NCT WISH,186.0,+0.5,✅ Auto-accepted confident match
5b5cPscqVEMChvDqscVw26,Dua Lipa,Training Season,209.5,automatic,1,3W9zTpRFlzw,https://www.youtube.com/watch?v=3W9zTpRFlzw,Dua Lipa - Training Season (Lyric Video),Dua Lipa,211.0,+1.5,✅ Auto-accepted confident match
0LdpgzRupg6P511GEACdm2,DAY6,The Power of Love,202.5,automatic,1,dRF_NIsIoUs,https://www.youtube.com/watch?v=dRF_NIsIoUs,DAY6 - The Power of Love (Official Audio),DAY6,203.0,+0.5,✅ Auto-accepted confident match
4sgMbwl9lXGyHcHmtFYGMm,aespa,Supernova,178.9,automatic,1,phuiiNCxRMg,https://www.youtube.com/watch?v=phuiiNCxRMg,aespa 에스파 'Supernova' MV,SMTOWN,194.0,+15.1,✅ Auto-accepted confident match
0vaxYDAuAO1nPolC6bQp7V,KISS OF LIFE,Midas Touch,162.9,automatic,1,N0zQoNSJl-0,https://www.youtube.com/watch?v=N0zQoNSJl-0,Midas Touch (Midas Touch),KISS OF LIFE - Topic,163.0,+0.1,✅ Auto-accepted confident match
2O4Bb2WCkjlTPO827OnBMI,LE SSERAFIM,EASY,164.5,automatic,1,bNKXxwOQYB8,https://www.youtube.com/watch?v=bNKXxwOQYB8,LE SSERAFIM (르세라핌) 'EASY' OFFICIAL MV,HYBE LABELS and LE SSERAFIM,190.0,+25.5,✅ Auto-accepted confident match
2vNPGH1x5ZwxTjlvzLCyc2,i-dle,Fate,161.5,user_or_pattern_selected (ambiguous),3,3xxkXuOFoGg,https://www.youtube.com/watch?v=3xxkXuOFoGg,(G)I-DLE Fate Lyrics (Color Coded Lyrics),Chaereve,162,+0.5s,★ GỢI Ý TỐT NHẤT CHO AUDIO | Khớp thời lượng chuẩn (<=2.5s)
1AtFSBJibfaqfiOByQCwZ5,Lee Young Ji,Small girl,189.7,user_or_pattern_selected (no_confident_match),2,huv-oHWdi-k,https://www.youtube.com/watch?v=huv-oHWdi-k,Lee Young ji 'Small girl (feat. D.O.)' Easy Lyrics,3vrblu,190,+0.3s,★ GỢI Ý TỐT NHẤT CHO AUDIO | Khớp thời lượng chuẩn (<=2.5s)
5ocSQW5sIUIOFojwXEz9Ki,NewJeans,Supernatural,191.0,user_or_pattern_selected (ambiguous),1,ZncbtRo7RXs,https://www.youtube.com/watch?v=ZncbtRo7RXs,NewJeans (뉴진스) ‘Supernatural’ Official MV (Part.1),HYBE LABELS,191,+0.0s,★ GỢI Ý TỐT NHẤT CHO AUDIO | Khớp thời lượng chuẩn (<=2.5s)
58Q3FZFs1YXPpliWQB5kXB,NewJeans,Right Now,160.4,automatic,1,m6pTbEz4w3o,https://www.youtube.com/watch?v=m6pTbEz4w3o,NewJeans (뉴진스) 'Right Now' Official MV,HYBE LABELS,175.0,+14.6,✅ Auto-accepted confident match
0PBTlQ84CBJF0tBnKGmQa6,V,FRI(END)S,148.1,automatic,1,DUtvMP8jUsQ,https://www.youtube.com/watch?v=DUtvMP8jUsQ,V (뷔) 'FRI(END)S' Official Audio,JXS_BP Official,149.0,+0.9,✅ Auto-accepted confident match
3vnaEaDxMKdBhqA1t0uAwl,Lim Young Woong,Warmth,235.1,user_or_pattern_selected (ambiguous),1,2WGc-5VdoGw,https://www.youtube.com/watch?v=2WGc-5VdoGw,Lim Young Woong 'Warmth' Official M/V,임영웅,247,+11.9s,Lệch nhẹ (<=15s)
2N0SPREDYqILVEFSsWF5N5,V,Love Me Again,182.3,automatic,1,HYzyRHAHJl8,https://www.youtube.com/watch?v=HYzyRHAHJl8,V 'Love Me Again' Official MV,HYBE LABELS,198.0,+15.7,✅ Auto-accepted confident match
3lc6BSosCqVoNddw1izHXj,RIIZE,Siren,148.0,user_or_pattern_selected (ambiguous),3,p6kGxTicn4M,https://www.youtube.com/watch?v=p6kGxTicn4M,RIIZE ‘SIREN’ Lyrics (라이즈 SIREN 가사) (Color Coded Lyrics),Jaehypen,149,+1.0s,★ GỢI Ý TỐT NHẤT CHO AUDIO | Khớp thời lượng chuẩn (<=2.5s)
2HRqTpkrJO5ggZyyK6NPWz,Sabrina Carpenter,Espresso,175.5,automatic,1,51zjlMhdSTE,https://www.youtube.com/watch?v=51zjlMhdSTE,Sabrina Carpenter - Espresso (Official Audio),Sabrina Carpenter,176.0,+0.5,✅ Auto-accepted confident match
2J194R0KIKbK7bTHfUHPDB,RIIZE,Boom Boom Bass,152.9,automatic,1,78lNnCitcBM,https://www.youtube.com/watch?v=78lNnCitcBM,RIIZE 라이즈 'Boom Boom Bass' MV,SMTOWN,177.0,+24.1,✅ Auto-accepted confident match
2jaapqz7L9MpMf7vpkqU9I,NCT DREAM,Smoothie,188.1,automatic,1,qQOj-oKhItw,https://www.youtube.com/watch?v=qQOj-oKhItw,NCT DREAM 엔시티 드림 'Smoothie' MV,SMTOWN,213.0,+24.9,✅ Auto-accepted confident match
5IZXB5IKAD2qlvTPJYDCFB,Post Malone,I Had Some Help (Feat. Morgan Wallen),178.2,automatic,1,4QIZE708gJ4,https://www.youtube.com/watch?v=4QIZE708gJ4,Post Malone - I Had Some Help (feat. Morgan Wallen) (Official Video),Post Malone,202.0,+23.8,✅ Auto-accepted confident match
6QqrxJe1iQxwLY6he6FLFo,ILLIT,Midnight Fiction,168.1,automatic,1,Sr7dWdf4Z3U,https://www.youtube.com/watch?v=Sr7dWdf4Z3U,Midnight Fiction,ILLIT,169.0,+0.9,✅ Auto-accepted confident match
1Y5D7m2QtyBdvwvY3gAVNQ,DOYOUNG,Little Light,224.9,automatic,1,UZjGcAjd8Ok,https://www.youtube.com/watch?v=UZjGcAjd8Ok,DOYOUNG 도영 '반딧불 (Little Light)' MV,SMTOWN,272.0,+47.1,✅ Auto-accepted confident match
2gkVEnpahpE3bQuvGuCpAV,Jung Kook,Yes or No,147.6,automatic,1,uOFIcm-L0po,https://www.youtube.com/watch?v=uOFIcm-L0po,Yes or No,Jung Kook - Topic,148.0,+0.4,✅ Auto-accepted confident match
7JxPQzxhJSsBBNu1D76ig2,YANGHONGWON,JEALOUSYVALHALLA,148.2,automatic,1,GOdzldGqTzU,https://www.youtube.com/watch?v=GOdzldGqTzU,JEALOUSYVALHALLA (JEALOUSYVALHALLA),Young B - Topic,149.0,+0.8,✅ Auto-accepted confident match
3xkHsmpQCBMytMJNiDf3Ii,Benson Boone,Beautiful Things,180.3,automatic,1,Oa_RSwwpPaA,https://www.youtube.com/watch?v=Oa_RSwwpPaA,Benson Boone - Beautiful Things (Official Music Video),Benson Boone,193.0,+12.7,✅ Auto-accepted confident match
3ZVFcD8Wlw9T9klGqmJf9F,Taylor Swift,Florida!!!,215.5,automatic,1,uEssK8o3jKg,https://www.youtube.com/watch?v=uEssK8o3jKg,Taylor Swift - Florida!!! (feat. Florence + The Machine) (Official Lyric Video),Taylor Swift,220.0,+4.5,✅ Auto-accepted confident match
5IY8i6WnkqvmRnIrF4lqDx,Jay Park,Taxi Blurr (Feat. NATTY of KISS OF LIFE),230.5,automatic,1,CxHffEd3wII,https://www.youtube.com/watch?v=CxHffEd3wII,박재범 (Jay Park) - ‘Taxi Blurr (Feat. NATTY of KISS OF LIFE)’ Official Music Video,JAY PARK,253.0,+22.5,✅ Auto-accepted confident match
3x6unDluyCL4v5AeGrAVGA,SUNMI,Balloon in Love,194.1,automatic,1,hvliMeV5kSs,https://www.youtube.com/watch?v=hvliMeV5kSs,선미(SUNMI) 'Balloon in Love' Lyric Video,SUNMI,195.0,+0.9,✅ Auto-accepted confident match
7CyPwkp0oE8Ro9Dd5CUDjW,The Weeknd,One Of The Girls,244.7,automatic,1,f1r0XZLNlGQ,https://www.youtube.com/watch?v=f1r0XZLNlGQ,"The Weeknd, JENNIE & Lily Rose Depp - One Of The Girls (Official Audio)",The Weeknd,245.0,+0.3,✅ Auto-accepted confident match
6jgUrLEivd4DaiYb1izJLF,NewJeans,Right Now (Instrumental),160.4,automatic,1,ck6MiZYXF6Q,https://www.youtube.com/watch?v=ck6MiZYXF6Q,Right Now (Instrumental),NewJeans,161.0,+0.6,✅ Auto-accepted confident match
2ftb45L7iXYwp0WoTEuslG,RM,"Right People, Wrong Place",117.0,automatic,1,uARrDKH_M8s,https://www.youtube.com/watch?v=uARrDKH_M8s,"Right People, Wrong Place",RM - Topic,117.0,+0.0,✅ Auto-accepted confident match
5VBjyOQzqlPNgdRPMM6prF,wave to earth,seasons,256.0,user_or_pattern_selected (ambiguous),1,CnVVjLOGVoY,https://www.youtube.com/watch?v=CnVVjLOGVoY,wave to earth - seasons,danielions music,257,+1.0s,Khớp thời lượng chuẩn (<=2.5s)
7iabz12vAuVQYyekFIWJxD,Central Cee,BAND4BAND,140.7,automatic,1,pDddlvCfTiw,https://www.youtube.com/watch?v=pDddlvCfTiw,CENTRAL CEE FT. LIL BABY - BAND4BAND (MUSIC VIDEO),Central Cee,152.0,+11.3,✅ Auto-accepted confident match
3ybJERCKs3Jf3aT7xU1Vs4,aespa,Live My Life,159.1,automatic,1,arhYgNf1pxo,https://www.youtube.com/watch?v=arhYgNf1pxo,aespa 'Live My Life' (Official Audio),aespa,160.0,+0.9,✅ Auto-accepted confident match
45zLrK0668WQ5JFMyiYmCS,Jimin,Interlude : Showtime,78.5,automatic,1,1kn-cJ6fw0o,https://www.youtube.com/watch?v=1kn-cJ6fw0o,Interlude : Showtime,Jimin - Topic,79.0,+0.5,✅ Auto-accepted confident match
3LWVXp636uLT356Rj08Jaz,Jimin,Be Mine,207.3,automatic,1,9CSnV-gsmv8,https://www.youtube.com/watch?v=9CSnV-gsmv8,Be Mine,Jimin - Topic,208.0,+0.7,✅ Auto-accepted confident match
4gxEY3Mh5FZZDAJAKPNrCS,LE SSERAFIM,CRAZY,164.6,automatic,1,n6B5gQXlB-0,https://www.youtube.com/watch?v=n6B5gQXlB-0,LE SSERAFIM (르세라핌) 'CRAZY' OFFICIAL MV,HYBE LABELS and LE SSERAFIM,170.0,+5.4,✅ Auto-accepted confident match
3d2bsbugow8JiNvuaRupFH,Jimin,Slow Dance,188.4,automatic,1,w3HZ3ior4_s,https://www.youtube.com/watch?v=w3HZ3ior4_s,Slow Dance (feat. Sofia Carson),Jimin - Topic,189.0,+0.6,✅ Auto-accepted confident match
0T6J3Ipbe06lm7p3grH2bg,DAY6,Melt Down,165.6,automatic,1,yss4rIrHl6o,https://www.youtube.com/watch?v=yss4rIrHl6o,"DAY6(데이식스) ""녹아내려요 (Melt Down)"" M/V",JYP Entertainment,184.0,+18.4,✅ Auto-accepted confident match
19D8LNpWwIPpi6hs9BG7dq,NewJeans,Bubble Gum,200.3,automatic,1,ft70sAYrFyY,https://www.youtube.com/watch?v=ft70sAYrFyY,NewJeans (뉴진스) 'Bubble Gum' Official MV,HYBE LABELS,221.0,+20.7,✅ Auto-accepted confident match
2PlsVMcOn6ujc2UEYs2Yat,Lim Young Woong,Home,235.3,user_or_pattern_selected (no_confident_match),3,r9yPek7FhSQ,https://www.youtube.com/watch?v=r9yPek7FhSQ,Lim Young Woong [Home] SPECIAL MUSIC ANIMATION,임영웅,237,+1.7s,Khớp thời lượng chuẩn (<=2.5s)
6oNLSQX8bcAdbCElZYju3v,fromis_9,Supersonic,174.1,automatic,1,0LiQp7y8Wwc,https://www.youtube.com/watch?v=0LiQp7y8Wwc,fromis_9 (프로미스나인) 'Supersonic' Official MV,HYBE LABELS,182.0,+7.9,✅ Auto-accepted confident match
6i8MbzVn4nzyjUcSoVcz7B,aespa,Armageddon,196.5,automatic,1,nFYwcndNuOY,https://www.youtube.com/watch?v=nFYwcndNuOY,aespa 에스파 'Armageddon' MV,SMTOWN,213.0,+16.5,✅ Auto-accepted confident match
5LlUJ3HHI2dS0xowdMDXC5,MEOVV,MEOW,172.1,user_or_pattern_selected (ambiguous),2,58YVuBt9mpc,https://www.youtube.com/watch?v=58YVuBt9mpc,‘MEOW’ OFFICIAL CHOREOGRAPHY VIDEO,MEOVV,177,+4.9s,CẢNH BÁO: Khác bản (Remix/Live/Dance) | Thời lượng rất sát (<=6s)
1YXot2MLAG9sttepCtBRM7,Vaundy,踊り子,229.3,user_or_pattern_selected (ambiguous),4,lEL1YHJzcI4,https://www.youtube.com/watch?v=lEL1YHJzcI4,【歌詞付き】踊り子 - Vaundy,Music Channel,228,-1.3s,Khớp thời lượng chuẩn (<=2.5s)
7ov3TDp5D00Rnu5R1viX4w,LISA,New Woman,179.8,automatic,1,UxXY_hR_wzo,https://www.youtube.com/watch?v=UxXY_hR_wzo,LISA - NEW WOMAN feat. Rosalía (Official Music Video),LLOUD Official,192.0,+12.2,✅ Auto-accepted confident match
0GqAWZe1A5ecKadZrHk6XH,Stray Kids,Chk Chk Boom,148.1,user_or_pattern_selected (ambiguous),2,T17AR8cVmto,https://www.youtube.com/watch?v=T17AR8cVmto,"Stray Kids ""Chk Chk Boom"" Performance Video",Stray Kids,151,+2.9s,CẢNH BÁO: Khác bản (Remix/Live/Dance) | Thời lượng rất sát (<=6s)
78ZYPq0f3afyzdYdpTOG9C,NCT 127,Walk,191.8,automatic,1,ozbuKLEUuaM,https://www.youtube.com/watch?v=ozbuKLEUuaM,NCT 127 엔시티 127 '삐그덕 (Walk)' Movement,NCT 127,213.0,+21.2,✅ Auto-accepted confident match
0UvCh63URrLFcPkKt99hHd,Oasis,Don't Look Back in Anger - Remastered,289.6,automatic,1,oplra1FJxWI,https://www.youtube.com/watch?v=oplra1FJxWI,Don't Look Back In Anger (Remastered),Oasis,290.0,+0.4,✅ Auto-accepted confident match
1njlnn8ZKHI77Pe9szIONR,BABYMONSTER,SHEESH,170.4,automatic,1,2wA_b6YHjqQ,https://www.youtube.com/watch?v=2wA_b6YHjqQ,BABYMONSTER - ‘SHEESH’ M/V,BABYMONSTER,186.0,+15.6,✅ Auto-accepted confident match
1OhIn0L6iofnk5bjalWfHq,ECLIPSE,Sudden Shower,233.0,automatic,1,fBB4MaBybyg,https://www.youtube.com/watch?v=fBB4MaBybyg,[선재 업고 튀어 (Lovely Runner) OST Part 1] 이클립스 (ECLIPSE) - 소나기 (Sudden Shower) MV,STONE MUSIC,233.0,+0.0,✅ Auto-accepted confident match
2cZOYofOX4d6g0OXxkaIjA,Playboi Carti,ALL RED,148.1,automatic,1,0age3DSgqQk,https://www.youtube.com/watch?v=0age3DSgqQk,Playboi Carti - ALL RED (Official Audio),Playboi Carti,149.0,+0.9,✅ Auto-accepted confident match
7vjfnsnDXZGK4PSq54ISjc,LE SSERAFIM,1-800-hot-n-fun,173.4,automatic,1,rGD5U8u1Dk0,https://www.youtube.com/watch?v=rGD5U8u1Dk0,1-800-hot-n-fun,LE SSERAFIM,174.0,+0.6,✅ Auto-accepted confident match
4mqfe9XrgEOSsofvq5MyjR,LEECHANGSUB,Heavenly fate,271.2,user_or_pattern_selected (ambiguous),1,ZwoIaHCh_JQ,https://www.youtube.com/watch?v=ZwoIaHCh_JQ,Lee Changsub – Heavenly Fate (천상연) [A Not So Fairy Tale OST] [Rom|Eng Lyric],ElyDha Subs,272,+0.8s,★ GỢI Ý TỐT NHẤT CHO AUDIO | Khớp thời lượng chuẩn (<=2.5s)
3LUi9n9mMOR1eK3kle7oCe,RIIZE,Combo,219.6,user_or_pattern_selected (no_confident_match),1,QflsDwyl2O4,https://www.youtube.com/watch?v=QflsDwyl2O4,RIIZE 라이즈 'Combo' Special Video,SMTOWN,221,+1.4s,Khớp thời lượng chuẩn (<=2.5s)
3lboRjzlrZ8tFxR0y59Yny,KEY,I Know,205.2,automatic,1,NQyZhh8602k,https://www.youtube.com/watch?v=NQyZhh8602k,I Know,KEY - Topic,206.0,+0.8,✅ Auto-accepted confident match
5juCu4WFTFRZ2XilopAMTy,BIBI,Bam Yang Gang,146.2,automatic,1,smdmEhkIRVc,https://www.youtube.com/watch?v=smdmEhkIRVc,비비 (BIBI) - 밤양갱(Bam Yang Gang) Official M/V,BIBI,154.0,+7.8,✅ Auto-accepted confident match
7bUezNEU1BnjkbYrG0KP2Y,TAEMIN,Deja vu,193.4,automatic,1,04mXKTe6rL0,https://www.youtube.com/watch?v=04mXKTe6rL0,Deja Vu,태민 (TAEMIN),194.0,+0.6,✅ Auto-accepted confident match
3vkCueOmm7xQDoJ17W1Pm3,Mitski,My Love Mine All Mine,137.8,automatic,1,CwGbMYLjIpQ,https://www.youtube.com/watch?v=CwGbMYLjIpQ,Mitski - My Love Mine All Mine (Official Lyric Video),Mitski,139.0,+1.2,✅ Auto-accepted confident match
3BhyxulZ13uWZS6LqiYiCj,STAYC,Cheeky Icy Thang,150.8,automatic,1,s-UXxaQdUew,https://www.youtube.com/watch?v=s-UXxaQdUew,STAYC(스테이씨) 'Cheeky Icy Thang' MV,STAYC,171.0,+20.2,✅ Auto-accepted confident match
1k68vKHNQXU5CHqcM7Yp7N,DAY6,HAPPY,189.9,automatic,1,2dFwndi4ung,https://www.youtube.com/watch?v=2dFwndi4ung,"DAY6 ""HAPPY"" Lyric Video",DAY6,195.0,+5.1,✅ Auto-accepted confident match
7Cnpb1vBbC46RgVyyKLH7p,aespa,Whiplash,183.2,automatic,1,jWQx2f-CErU,https://www.youtube.com/watch?v=jWQx2f-CErU,aespa 에스파 'Whiplash' MV,SMTOWN,191.0,+7.8,✅ Auto-accepted confident match
5doooVlMVRZztQbySqARMI,G-DRAGON,HOME SWEET HOME,211.3,automatic,1,fLi0EJfi_vg,https://www.youtube.com/watch?v=fLi0EJfi_vg,G-DRAGON - HOME SWEET HOME (Official Audio) (feat. TAEYANG & DAESUNG),OfficialGDRAGON,212.0,+0.7,✅ Auto-accepted confident match
1kPhV0KQui1phEpjnWIqUN,Jimin,Smeraldo Garden Marching Band,182.8,automatic,1,QszN3iNbLrs,https://www.youtube.com/watch?v=QszN3iNbLrs,Jimin (지민) 'Smeraldo Garden Marching Band (feat. Loco)' Official Audio,JXS_BP Official,183.0,+0.2,✅ Auto-accepted confident match
2SR0alFA2oWYXSoePGTj0V,Jin,I’ll Be There,181.7,automatic,1,WxXcgnIfV0U,https://www.youtube.com/watch?v=WxXcgnIfV0U,진 (Jin) ‘I'll Be There’ Lyric Video,BANGTANTV,183.0,+1.3,✅ Auto-accepted confident match
21LtZQQMQYwVIxc9O9Ygq8,ILLIT,Cherish (My Love),176.9,automatic,1,tbDGl7jEazA,https://www.youtube.com/watch?v=tbDGl7jEazA,ILLIT (아일릿) ‘Cherish (My Love)’ Official MV,HYBE LABELS,215.0,+38.1,✅ Auto-accepted confident match
4XsJiRJQAK8TWcZCn0Dxlh,G-DRAGON,POWER,143.2,automatic,1,NMjhjrBIrG8,https://www.youtube.com/watch?v=NMjhjrBIrG8,G-DRAGON - POWER (Official Video),OfficialGDRAGON,167.0,+23.8,✅ Auto-accepted confident match
1lcBt7LoEikqYmhUoa2cez,ROSÉ,number one girl,216.4,automatic,1,pZ1NdE69VTs,https://www.youtube.com/watch?v=pZ1NdE69VTs,ROSÉ - number one girl (official music video),ROSÉ,218.0,+1.6,✅ Auto-accepted confident match
7G7mSV4BebkoHWwKTDvXu9,V,Winter Ahead,234.9,automatic,1,dCZj7X8MooE,https://www.youtube.com/watch?v=dCZj7X8MooE,V 'Winter Ahead (with PARK HYO SHIN)' Official MV (Cinematic Still ver.),HYBE LABELS,248.0,+13.1,✅ Auto-accepted confident match
5sjnkOfTLCLNfkkchI2re2,aespa,UP - KARINA Solo,166.6,automatic,1,U1_0Vc-9mNw,https://www.youtube.com/watch?v=U1_0Vc-9mNw,UP (KARINA Solo),aespa,167.0,+0.4,✅ Auto-accepted confident match
0FIDCNYYjNvPVimz5icugS,The Weeknd,Timeless,256.0,automatic,1,16jA-6hiSUo,https://www.youtube.com/watch?v=16jA-6hiSUo,"The Weeknd, Playboi Carti - Timeless (Official Lyric Video)",The Weeknd,257.0,+1.0,✅ Auto-accepted confident match
0bYg9bo50gSsH3LtXe2SQn,Mariah Carey,All I Want for Christmas Is You,241.6,automatic,1,yXQViqx6GMY,https://www.youtube.com/watch?v=yXQViqx6GMY,Mariah Carey - All I Want For Christmas Is You (Official Video),Mariah Carey,235.0,-6.6,✅ Auto-accepted confident match
2plbrEY59IikOBgBGLjaoe,Lady Gaga,Die With A Smile,251.7,automatic,1,kPa7bsKwL-c,https://www.youtube.com/watch?v=kPa7bsKwL-c,"Lady Gaga, Bruno Mars - Die With A Smile (Official Music Video)",Lady Gaga,253.0,+1.3,✅ Auto-accepted confident match
0lizgQ7Qw35od7CYaoMBZb,Ariana Grande,Santa Tell Me,204.1,automatic,1,jnXxxKZ57Tw,https://www.youtube.com/watch?v=jnXxxKZ57Tw,Ariana Grande - Santa Tell Me (Audio),Ariana Grande,204.0,-0.1,✅ Auto-accepted confident match
7gMfVc4zfNIxuMyMGglOHa,Jimin,Rebirth (Intro),144.6,automatic,1,acWdVkYOzBs,https://www.youtube.com/watch?v=acWdVkYOzBs,Rebirth (Intro),Jimin - Topic,145.0,+0.4,✅ Auto-accepted confident match
3yDRcs0Y4pPzkvMbUfeF9H,LISA,Moonlit Floor,155.8,automatic,1,iYWGRGiYdHU,https://www.youtube.com/watch?v=iYWGRGiYdHU,LISA - MOONLIT FLOOR (Official Audio),LLOUD Official,156.0,+0.2,✅ Auto-accepted confident match
4EwNWRBWdZ6bgvxRHlZ8OO,G-DRAGON,CROOKED,224.8,user_or_pattern_selected (ambiguous),1,RKhsHGfrFmY,https://www.youtube.com/watch?v=RKhsHGfrFmY,G-DRAGON - 삐딱하게(CROOKED) M/V,BIGBANG,226,+1.2s,★ GỢI Ý TỐT NHẤT CHO AUDIO | Khớp thời lượng chuẩn (<=2.5s)
1ySWoGgrduSzvtJ3PUzO41,Jimin,Who (Shibuyakei Remix),166.8,automatic,1,WIsK0BtX14c,https://www.youtube.com/watch?v=WIsK0BtX14c,Who (Shibuyakei Remix),Jimin - Topic,167.0,+0.2,✅ Auto-accepted confident match
2isRbZIIU4PqPrECffn7QO,Jimin,Who (Beautiful Mind Remix),178.0,automatic,1,jtmk6tp126s,https://www.youtube.com/watch?v=jtmk6tp126s,Who (Beautiful Mind Remix),Jimin - Topic,178.0,+0.0,✅ Auto-accepted confident match
6je5cTal6PyeITNrOzkCoS,DAY6,Welcome to the Show,217.1,automatic,1,RowlrvmyFEk,https://www.youtube.com/watch?v=RowlrvmyFEk,"DAY6(데이식스) ""Welcome to the Show"" M/V",JYP Entertainment,236.0,+18.9,✅ Auto-accepted confident match
3TQHPUEVdvdq8ejwEcHUlL,Nerd Connection,If I have you only (My love X Nerd Connection),250.6,automatic,1,IMWT6937uUs,https://www.youtube.com/watch?v=IMWT6937uUs,If I have you only (My love X Nerd Connection) (그대만 있다면 (여름날 우리 X...,NERD CONNECTION,251.0,+0.4,✅ Auto-accepted confident match
5jxuw4S5IDEY6CjjAHvRAt,Jin,Falling,178.8,user_or_pattern_selected (ambiguous),3,RDtjsZx_d40,https://www.youtube.com/watch?v=RDtjsZx_d40,네게 닿을 때까지,Jin - Topic,179,+0.2s,Khớp thời lượng chuẩn (<=2.5s)
1YmY0HUm05BUpcHibc1bhB,Jin,Another Level,162.8,automatic,1,PIYkh9v4L6I,https://www.youtube.com/watch?v=PIYkh9v4L6I,Another Level,Jin - Topic,163.0,+0.2,✅ Auto-accepted confident match
1zJUr9Oo5zEjvJrdlg67jQ,NCT WISH,Steady,179.7,user_or_pattern_selected (ambiguous),5,az8-GZCPalE,https://www.youtube.com/watch?v=az8-GZCPalE,NCT WISH Steady Lyrics (엔시티 위시 Steady 가사) (Color Coded Lyrics),Junhaerim,180,+0.3s,★ GỢI Ý TỐT NHẤT CHO AUDIO | Khớp thời lượng chuẩn (<=2.5s)
6pqyZNnLKyJKtrlf42FQoq,BOYNEXTDOOR,Nice Guy,164.9,automatic,1,HJlc_tFkB3M,https://www.youtube.com/watch?v=HJlc_tFkB3M,BOYNEXTDOOR (보이넥스트도어) 'Nice Guy' Official MV,HYBE LABELS and BOYNEXTDOOR,194.0,+29.1,✅ Auto-accepted confident match
49txvOVNLAHwG9bMtdKP6a,aespa,"Flights, Not Feelings",181.7,automatic,1,xBlMiqSGFps,https://www.youtube.com/watch?v=xBlMiqSGFps,"aespa 에스파 'Flights, Not Feelings' (Official Audio)",aespa,182.0,+0.3,✅ Auto-accepted confident match
3X76Lal4GwBFqriHz1FbLU,FIFTY FIFTY,SOS,187.5,automatic,1,KzYZPJOYxLM,https://www.youtube.com/watch?v=KzYZPJOYxLM,SOS (ENG Version),FIFTY FIFTY Official,188.0,+0.5,✅ Auto-accepted confident match
30tYWTkLIQtZWnRIOqcHnJ,"Car, the garden",나무,232.6,automatic,1,aM2OzkMRPb0,https://www.youtube.com/watch?v=aM2OzkMRPb0,"[Official Audio] 카더가든 (Car, the garden) - 나무 (Tree)","카더가든 (Car, the garden)",233.0,+0.4,✅ Auto-accepted confident match
5a3tLTGA0HIDtrvnszXXBN,ROSÉ,call it the end,141.1,automatic,1,nOo3a2tT1LQ,https://www.youtube.com/watch?v=nOo3a2tT1LQ,ROSÉ - call it the end (official audio),ROSÉ,142.0,+0.9,✅ Auto-accepted confident match
0FVPOqIivjXR49CyJZAw7g,BIGBANG,IF YOU - KR Ver.,265.1,user_or_pattern_selected (no_confident_match),4,h9hdorPqukU,https://www.youtube.com/watch?v=h9hdorPqukU,IF YOU,BIGBANG,265,-0.1s,★ GỢI Ý TỐT NHẤT CHO AUDIO | Khớp thời lượng chuẩn (<=2.5s)
294hRgOqnGW2BemqP8D35X,i-dle,Klaxon,175.1,automatic,1,rTKqSmX9XhQ,https://www.youtube.com/watch?v=rTKqSmX9XhQ,(여자)아이들((G)I-DLE) - '클락션 (Klaxon)' Official Music Video,i-dle (아이들),187.0,+11.9,✅ Auto-accepted confident match
0GOqhXyouUxqPEw9ypTOLm,G-DRAGON,TOO BAD,153.7,automatic,1,o9DhvbqYzns,https://www.youtube.com/watch?v=o9DhvbqYzns,G-DRAGON - TOO BAD (feat. Anderson .Paak) (Official Video),OfficialGDRAGON,160.0,+6.3,✅ Auto-accepted confident match
68UrZQUuO3O6eUiD226xHg,Hearts2Hearts,The Chase,178.9,automatic,1,kxUA2wwYiME,https://www.youtube.com/watch?v=kxUA2wwYiME,Hearts2Hearts 하츠투하츠 'The Chase' MV,SMTOWN,194.0,+15.1,✅ Auto-accepted confident match
2P6YMsU9jt22CXfizfudi3,JENNIE,Love Hangover,180.1,automatic,1,HfTsVbtZ8Bk,https://www.youtube.com/watch?v=HfTsVbtZ8Bk,JENNIE - Love Hangover (Just JENNIE - Official Audio),JENNIE,170.0,-10.1,✅ Auto-accepted confident match
406IpEtZPvbxApWTGM3twY,LE SSERAFIM,HOT,143.8,automatic,1,r9AEGPB6qIU,https://www.youtube.com/watch?v=r9AEGPB6qIU,LE SSERAFIM (르세라핌) 'HOT' OFFICIAL MV,HYBE LABELS and LE SSERAFIM,169.0,+25.2,✅ Auto-accepted confident match
1z5ebC9238uGoBgzYyvGpQ,ROSÉ,toxic till the end,156.7,user_or_pattern_selected (ambiguous),2,UeOo_j57d48,https://www.youtube.com/watch?v=UeOo_j57d48,ROSÉ - Toxic Till The End | Lyrics,Sunset Sounds,157,+0.3s,★ GỢI Ý TỐT NHẤT CHO AUDIO | Khớp thời lượng chuẩn (<=2.5s)
7GOIrZTegzVty8mhNhRuA0,BOYNEXTDOOR,"IF I SAY, I LOVE YOU",161.7,user_or_pattern_selected (ambiguous),3,q39IApbYEzg,https://www.youtube.com/watch?v=q39IApbYEzg,"BOYNEXTDOOR (보이넥스트도어) 'IF I SAY, I LOVE YOU (오늘만 I LOVE YOU)' (Color Coded Lyrics)",Jaeguchi,162,+0.3s,★ GỢI Ý TỐT NHẤT CHO AUDIO | Khớp thời lượng chuẩn (<=2.5s)
3vIkVVbhpMvsOJ1BKWT0nT,G-DRAGON,TAKE ME,219.0,automatic,1,IgIqM68qvF0,https://www.youtube.com/watch?v=IgIqM68qvF0,G-DRAGON - TAKE ME (Official Audio),OfficialGDRAGON,219.0,+0.0,✅ Auto-accepted confident match
04mHr76sMR8RSqVIgWl785,IVE,ATTITUDE,194.7,user_or_pattern_selected (ambiguous),1,38xYeot-ciM,https://www.youtube.com/watch?v=38xYeot-ciM,IVE 아이브 'ATTITUDE' MV,STARSHIP and IVE,206,+11.3s,Lệch nhẹ (<=15s)
4xeugB5MqWh0jwvXZPxahq,WOODZ,Drowning,245.0,automatic,1,NbKH4iZqq1Y,https://www.youtube.com/watch?v=NbKH4iZqq1Y,Drowning (Drowning),WOODZ,245.0,+0.0,✅ Auto-accepted confident match
1Px44tw80Q4rcCl8FxDGOi,Jimin,Who (Instrumental),170.9,automatic,1,kLdpeIzEEXQ,https://www.youtube.com/watch?v=kLdpeIzEEXQ,Who (Instrumental),Jimin - Topic,171.0,+0.1,✅ Auto-accepted confident match
10zywlg5b0gQOC3q1A7ADx,JISOO,earthquake,190.8,user_or_pattern_selected (ambiguous),2,Z33suvklkx0,https://www.youtube.com/watch?v=Z33suvklkx0,JISOO - ‘earthquake’ DANCE PERFORMANCE VIDEO,JISOO,197,+6.2s,CẢNH BÁO: Khác bản (Remix/Live/Dance) | Lệch nhẹ (<=15s)
10I5rhhFoWZDIN3kEc6Dbo,Jimin,Who (Acoustic Remix),184.1,automatic,1,fZhXt26gmiA,https://www.youtube.com/watch?v=fZhXt26gmiA,Jimin (지민) 'Who (Acoustic Remix)' Official Audio,JXS_BP Official,185.0,+0.9,✅ Auto-accepted confident match
7KZNgri6Jxw88FAfATw6i9,Jimin,Who (Funky Remix),188.5,automatic,1,EKm5L963L7E,https://www.youtube.com/watch?v=EKm5L963L7E,Who (Funky Remix),Jimin - Topic,189.0,+0.5,✅ Auto-accepted confident match
1MUZitHRpmng5NevrvNx4T,BABYMONSTER,DRIP,180.8,automatic,1,Zp-Jhuhq0bQ,https://www.youtube.com/watch?v=Zp-Jhuhq0bQ,BABYMONSTER - 'DRIP' M/V,BABYMONSTER,187.0,+6.2,✅ Auto-accepted confident match
6SaSFVlIQC1L6Fh1QKLeFi,JENNIE,start a war,165.1,automatic,1,n-KlygYrXV8,https://www.youtube.com/watch?v=n-KlygYrXV8,JENNIE - start a war (Official Lyric Video),JENNIE,166.0,+0.9,✅ Auto-accepted confident match
6iu311jZAJFLPgoIWgrA72,BIGBANG,BANG BANG BANG - KR Ver.,221.2,user_or_pattern_selected (no_confident_match),3,2ips2mM7Zqw,https://www.youtube.com/watch?v=2ips2mM7Zqw,BIGBANG - 뱅뱅뱅 (BANG BANG BANG) M/V,BIGBANG,230.0,+8.8,✅ Đã cập nhật metadata cho video bạn tự thay thế (Lệch 8.8s)
4C2KCXzqC0kwNyTilyRLUx,G-DRAGON,IBELONGIIU,193.1,automatic,1,OjoKYCQXDTg,https://www.youtube.com/watch?v=OjoKYCQXDTg,G-DRAGON - IBELONGIIU (Official Audio),OfficialGDRAGON,194.0,+0.9,✅ Auto-accepted confident match
5yfhzEct1ulyU6g5oVRraj,NMIXX,KNOW ABOUT ME,165.8,automatic,1,aFrQIJ5cbRc,https://www.youtube.com/watch?v=aFrQIJ5cbRc,NMIXX(엔믹스) “KNOW ABOUT ME” M/V,JYP Entertainment,174.0,+8.2,✅ Auto-accepted confident match
2DbDefRFJ5YOfXCKOeCJJh,KISS OF LIFE,Igloo,131.8,automatic,1,toF4ee3n-vo,https://www.youtube.com/watch?v=toF4ee3n-vo,[Take#B | 4K]  KISS OF LIFE (키스오브라이프) - Igloo,GENIE MUSIC,146.0,+14.2,✅ Auto-accepted confident match
7KXjTSCq5nL1LoYtL7XAwS,Kendrick Lamar,HUMBLE.,177.0,automatic,1,ov4WobPqoSA,https://www.youtube.com/watch?v=ov4WobPqoSA,HUMBLE.,Kendrick Lamar,177.0,+0.0,✅ Auto-accepted confident match
20QI1DhCFz7pN8rATkNguv,10CM,To Reach You,158.7,automatic,1,Ry1RrIVyl1M,https://www.youtube.com/watch?v=Ry1RrIVyl1M,[MV] 10CM _ To Reach You(너에게 닿기를),1theK (원더케이),159.0,+0.3,✅ Auto-accepted confident match
6cwSbxCqAwBNbCqaLMZgbT,BIGBANG,LOSER - KR Ver.,220.5,user_or_pattern_selected (no_confident_match),1,1CTced9CMMk,https://www.youtube.com/watch?v=1CTced9CMMk,BIGBANG - LOSER M/V,BIGBANG,227,+6.5s,Lệch nhẹ (<=15s)
0VdwOoAKPe9aGahkpllfkH,BUMJIN,A Letter,215.8,automatic,1,LP0lRsckX1A,https://www.youtube.com/watch?v=LP0lRsckX1A,인사,BUMJIN - Topic,216.0,+0.2,✅ Auto-accepted confident match
6koKhrBBcExADvWuOgceNZ,SZA,Open Arms,239.6,automatic,1,JLd09jmEAYA,https://www.youtube.com/watch?v=JLd09jmEAYA,SZA - Open Arms (Official Audio) ft. Travis Scott,SZA,242.0,+2.4,✅ Auto-accepted confident match
6fbS9Lbyv6L4tz7tcmBGKh,G-DRAGON,보나마나 (BONAMANA),195.5,user_or_pattern_selected (ambiguous),1,B-tJtuZO5Is,https://www.youtube.com/watch?v=B-tJtuZO5Is,G DRAGON - 보나마나 BONAMANA (Official Audio),OfficialGDRAGON,196,+0.5s,Khớp thời lượng chuẩn (<=2.5s)
4zUob9iYFS9TgAR0hgo5pR,JENNIE,Seoul City,164.4,automatic,1,nJw2_S2fPj8,https://www.youtube.com/watch?v=nJw2_S2fPj8,JENNIE - Seoul City (Official Lyric Video),JENNIE,165.0,+0.6,✅ Auto-accepted confident match
3uA8SjMyDtwtt0jLPMQbVD,DEAN,D (Half Moon),229.4,user_or_pattern_selected (ambiguous),1,eelfrHtmk68,https://www.youtube.com/watch?v=eelfrHtmk68,DEAN - D (Half Moon) ft. Gaeko,DEANTRBL,232,+2.6s,Thời lượng rất sát (<=6s)
5EoV2HmAlkqN1XvsIjOBZZ,Hearts2Hearts,STYLE,209.7,automatic,1,n7kFRxFIPrI,https://www.youtube.com/watch?v=n7kFRxFIPrI,Hearts2Hearts 하츠투하츠 'STYLE' MV,SMTOWN,224.0,+14.3,✅ Auto-accepted confident match
3iJxBDym1SeqNqJqnvreHK,IU,Never Ending Story,224.0,user_or_pattern_selected (ambiguous),2,2icSeGXXnzw,https://www.youtube.com/watch?v=2icSeGXXnzw,IU 'Never Ending Story' Lyrics (아이유 Never Ending Story 가사) [Color Coded Han_Rom_Eng],ShadowByYoongi,225,+1.0s,★ GỢI Ý TỐT NHẤT CHO AUDIO | Khớp thời lượng chuẩn (<=2.5s)
0AQEShePVSsxMTM6a8ik6t,ALLDAY PROJECT,FAMOUS,188.8,user_or_pattern_selected (ambiguous),1,VjvzYjU1mY0,https://www.youtube.com/watch?v=VjvzYjU1mY0,ALLDAY PROJECT - ‘FAMOUS’ M/V,THEBLACKLABEL and ALLDAY PROJECT,189,+0.2s,★ GỢI Ý TỐT NHẤT CHO AUDIO | Khớp thời lượng chuẩn (<=2.5s)
4p0uVFAXKUISu8yp9gNtWE,ILLIT,Billyeoon Goyangi (Do the Dance),188.6,user_or_pattern_selected (no_confident_match),1,negtrQu5mTA,https://www.youtube.com/watch?v=negtrQu5mTA,ILLIT (아일릿) '빌려온 고양이 (Do the Dance)' Official MV,HYBE LABELS,202,+13.4s,Lệch nhẹ (<=15s)
0fK7ie6XwGxQTIkpFoWkd1,JENNIE,like JENNIE,123.5,automatic,1,aS7al94FVbk,https://www.youtube.com/watch?v=aS7al94FVbk,JENNIE - like JENNIE (Official Lyric Video),JENNIE,125.0,+1.5,✅ Auto-accepted confident match
2kpmBZqu52h6uCZXFTIXJK,ATEEZ,Lemon Drop,179.4,automatic,1,H4H99b1CjPU,https://www.youtube.com/watch?v=H4H99b1CjPU,ATEEZ(에이티즈) - 'Lemon Drop' Official MV,KQ ENTERTAINMENT,223.0,+43.6,✅ Auto-accepted confident match
0wrppxeWurW1uRnxI6Ut9v,MEOVV,HANDS UP,192.5,user_or_pattern_selected (ambiguous),1,sL0pCS6K9bc,https://www.youtube.com/watch?v=sL0pCS6K9bc,MEOVV(미야오) - ‘HANDS UP’ M/V,THEBLACKLABEL and MEOVV,205,+12.5s,Lệch nhẹ (<=15s)
4WrkJNGb4zUwARc0FD3iNf,Jin,Loser,155.6,user_or_pattern_selected (no_confident_match),2,MTjiawwYPhI,https://www.youtube.com/watch?v=MTjiawwYPhI,Loser (feat. YENA(최예나)),Jin - Topic,156,+0.4s,★ GỢI Ý TỐT NHẤT CHO AUDIO | Khớp thời lượng chuẩn (<=2.5s)
5Fhr3wqeieN5WDkAsqL1JJ,j-hope,MONA LISA,137.2,automatic,1,ECqGCH1TfLY,https://www.youtube.com/watch?v=ECqGCH1TfLY,j-hope ‘MONA LISA’ Official MV,HYBE LABELS,165.0,+27.8,✅ Auto-accepted confident match
6Wobsw9uZ0D0xkfOjxXSq9,ROSÉ,Messy (From F1® The Movie),179.1,automatic,1,ia2Ph61bYzc,https://www.youtube.com/watch?v=ia2Ph61bYzc,ROSÉ - Messy (From F1® The Movie) [Official Music Video],ROSÉ,185.0,+5.9,✅ Auto-accepted confident match
2NOMOpss7BmEXTL9f1koqn,ALLDAY PROJECT,WICKED,157.2,user_or_pattern_selected (no_confident_match),1,mhKCRnUKp5U,https://www.youtube.com/watch?v=mhKCRnUKp5U,ALLDAY PROJECT - ‘WICKED’ PERFORMANCE VIDEO (VER. A - MOVIE SET),THEBLACKLABEL and ALLDAY PROJECT,166,+8.8s,CẢNH BÁO: Khác bản (Remix/Live/Dance) | Lệch nhẹ (<=15s)
1klePVubVctBqhlKJvibil,BOYNEXTDOOR,I Feel Good,155.0,user_or_pattern_selected (ambiguous),4,8isM6xQHlec,https://www.youtube.com/watch?v=8isM6xQHlec,BOYNEXTDOOR (보이넥스트도어) 'I feel good' (Color Coded Lyrics),Jaeguchi,154,-1.0s,★ GỢI Ý TỐT NHẤT CHO AUDIO | Khớp thời lượng chuẩn (<=2.5s)
0qkYuCno3SoU8vxkCdx0iJ,SEVENTEEN,THUNDER,164.0,automatic,1,pS57UX6s-xw,https://www.youtube.com/watch?v=pS57UX6s-xw,SEVENTEEN (세븐틴) 'THUNDER' Official MV,HYBE LABELS and SEVENTEEN,186.0,+22.0,✅ Auto-accepted confident match
2GMKQPMXdOGXsQkDYBN6wF,MAKTUB,시작의 아이 ハジマリのコ (Starting With You),256.6,automatic,1,dAcDmbKXw_0,https://www.youtube.com/watch?v=dAcDmbKXw_0,"박다혜,마크툽 (MAKTUB) – 시작의 아이 ❍ ハジマリのコ Starting With You : ♡",마크툽 MAKTUB Official,257.0,+0.4,✅ Auto-accepted confident match
60DwXD4XZgBGMRwViDqBm6,TOMORROW X TOGETHER,When the Day Comes,221.3,automatic,1,FtEgUrOTkXM,https://www.youtube.com/watch?v=FtEgUrOTkXM,[언젠가는 슬기로울 전공의생활 OST Part 9] 투모로우바이투게더 (TOMORROW X TOGETHER) - 그날이 오면 (When the Day Comes) MV,STONE MUSIC,246.0,+24.7,✅ Auto-accepted confident match
4EIFwndJvGpgFjsEbNuYif,JENNIE,ExtraL,167.8,automatic,1,oFDBWsnWt3c,https://www.youtube.com/watch?v=oFDBWsnWt3c,"JENNIE, Doechii - ExtraL (Official Lyric Video)",JENNIE,168.0,+0.2,✅ Auto-accepted confident match
5RdKO1lsHG9jhbG03LL7cv,Jin,With the Clouds,188.9,automatic,1,dpn4v93wQZY,https://www.youtube.com/watch?v=dpn4v93wQZY,구름과 떠나는 여행,Jin - Topic,189.0,+0.1,✅ Auto-accepted confident match
1XDSuZ5ZSExGZYC7IuiU5l,DAY6,Maybe Tomorrow,224.2,automatic,1,LbQCFWB_8S0,https://www.youtube.com/watch?v=LbQCFWB_8S0,"DAY6(데이식스) ""Maybe Tomorrow"" Lyric Video",DAY6,229.0,+4.8,✅ Auto-accepted confident match
0warEAGkdMG9x2grXqKhlY,RIIZE,The End of the Day,223.0,automatic,1,XBL44lrLvT8,https://www.youtube.com/watch?v=XBL44lrLvT8,RIIZE 라이즈 '모든 하루의 끝 (The End of the Day)' MV | ODYSSEY - The 1st Album,RIIZE,253.0,+30.0,✅ Auto-accepted confident match
09PyC1qMkM0JVtqHHFnjKm,YUMDDA,My Life,175.0,user_or_pattern_selected (no_confident_match),1,Wx_Vm-gSs5U,https://www.youtube.com/watch?v=Wx_Vm-gSs5U,염따 - 갓생 (Lyric Video),염따,175,+0.0s,Khớp thời lượng chuẩn (<=2.5s)
5Kbpcd3hOqu4ZRAJNAjIcg,PSY,What Would Have Been? (Feat. Lena Park),244.0,user_or_pattern_selected (no_confident_match),1,iT267zwmFBw,https://www.youtube.com/watch?v=iT267zwmFBw,어땠을까 (What Would Have Been) ft. 박정현,officialpsy,245,+1.0s,★ GỢI Ý TỐT NHẤT CHO AUDIO | Khớp thời lượng chuẩn (<=2.5s)
2LHNTC9QZxsL3nWpt8iaSR,Lady Gaga,Abracadabra,223.4,automatic,1,H0y5RwcCJ0Q,https://www.youtube.com/watch?v=H0y5RwcCJ0Q,Lady Gaga - Abracadabra (Rehearsal Video),Lady Gaga,245.0,+21.6,✅ Auto-accepted confident match
4bjNOhOMvqFPflwHIaS7Fw,The Black Skirts,1:05,240.0,automatic,1,-_r_Y5nuHlo,https://www.youtube.com/watch?v=-_r_Y5nuHlo,1:05,The Black Skirts,240.0,+0.0,✅ Auto-accepted confident match
5cRKj1kynNFqiliT2ndZ3y,Ai Higuchi,Akuma no Ko,227.7,user_or_pattern_selected (no_confident_match),1,WPl10ZrhCtk,https://www.youtube.com/watch?v=WPl10ZrhCtk,ヒグチアイ / 悪魔の子 (アニメスペシャルVer.) | Ai Higuchi “Akuma no Ko” Anime Special Ver.,Ai Higuchi,230,+2.3s,★ GỢI Ý TỐT NHẤT CHO AUDIO | Khớp thời lượng chuẩn (<=2.5s)
0IjaSeBp6SHXTELm4C9ifk,D.O.,FOREVER,243.6,automatic,1,nq_SJPKO_G0,https://www.youtube.com/watch?v=nq_SJPKO_G0,[언젠가는 슬기로울 전공의생활 (Resident Playbook) OST Part 6] 도경수 (D.O.) - 영원해 (FOREVER) MV,STONE MUSIC,247.0,+3.4,✅ Auto-accepted confident match
7EW7Yivb93qKAtp5qEm5of,Lil Tecca,Dark Thoughts,137.0,automatic,1,Csst0G-QfkU,https://www.youtube.com/watch?v=Csst0G-QfkU,Lil Tecca - Dark Thoughts (Official Audio),Lil Tecca,137.0,+0.0,✅ Auto-accepted confident match
02BcXEH1zJYbXSabPtNlKf,Don Toliver,Lose My Mind,209.1,automatic,1,WWEs82u37Mw,https://www.youtube.com/watch?v=WWEs82u37Mw,Don Toliver - Lose My Mind (feat. Doja Cat) [From F1® The Movie] [Official Music Video],Don Toliver,210.0,+0.9,✅ Auto-accepted confident match
6OWWZtNQORY1McaZmOrwhc,CORTIS,GO!,170.9,automatic,1,WXS-o57VJ5w,https://www.youtube.com/watch?v=WXS-o57VJ5w,CORTIS (코르티스) 'GO!' Official MV,HYBE LABELS and CORTIS,187.0,+16.1,✅ Auto-accepted confident match
59hVbgr8rfYkDbHfr8RcGI,Kenshi Yonezu,IRIS OUT,151.6,user_or_pattern_selected (ambiguous),1,LmZD-TU96q4,https://www.youtube.com/watch?v=LmZD-TU96q4,Kenshi Yonezu - IRIS OUT,Kenshi Yonezu  米津玄師,154,+2.4s,★ GỢI Ý TỐT NHẤT CHO AUDIO | Khớp thời lượng chuẩn (<=2.5s)
02sy7FAs8dkDNYsHp4Ul3f,Saja Boys,Soda Pop,150.7,user_or_pattern_selected (ambiguous),2,_uu_izpVSEc,https://www.youtube.com/watch?v=_uu_izpVSEc,Saja Boys - Soda Pop (Lyrics) | K-Pop Demon Hunters Soundtrack,7clouds,151,+0.3s,★ GỢI Ý TỐT NHẤT CHO AUDIO | Khớp thời lượng chuẩn (<=2.5s)
2c6xH9usslUoHnOzsRhpcP,IVE,XOXZ,154.0,user_or_pattern_selected (ambiguous),1,B1ShLiq3EVc,https://www.youtube.com/watch?v=B1ShLiq3EVc,IVE 아이브 ‘XOXZ’ MV,STARSHIP and IVE,158,+4.0s,Thời lượng rất sát (<=6s)
1sUjTLLCJzcxC15GUBrOlg,aespa,Rich Man,197.6,automatic,1,5oQVTnq-UKk,https://www.youtube.com/watch?v=5oQVTnq-UKk,aespa 에스파 'Rich Man' MV,SMTOWN,210.0,+12.4,✅ Auto-accepted confident match
3Z4BxvgOJ8KupcDIV3OV2f,ATEEZ,In Your Fantasy,192.7,automatic,1,JOF2ZTqvzwY,https://www.youtube.com/watch?v=JOF2ZTqvzwY,ATEEZ(에이티즈) - 'In Your Fantasy' Official MV,KQ ENTERTAINMENT,222.0,+29.3,✅ Auto-accepted confident match
1I37Zz2g3hk9eWxaNkj031,Saja Boys,Your Idol,191.5,user_or_pattern_selected (ambiguous),3,fGyTN5UjnL4,https://www.youtube.com/watch?v=fGyTN5UjnL4,‘Your Idol’ Lyric Video | KPop Demon Hunters | Netflix,Netflix,206,+14.5s,Lệch nhẹ (<=15s)
7JQH2lBMZ10ztDnpoeq6Ki,데이먼스 이어 Damons year,yours,165.2,user_or_pattern_selected (ambiguous),1,DGXPro9x0yo,https://www.youtube.com/watch?v=DGXPro9x0yo,데이먼스 이어(Damons year) - yours [가사/Lyrics],웅키,166,+0.8s,★ GỢI Ý TỐT NHẤT CHO AUDIO | Khớp thời lượng chuẩn (<=2.5s)
5H1sKFMzDeMtXwND3V6hRY,BLACKPINK,JUMP,164.7,automatic,1,RUKqwwyAiEU,https://www.youtube.com/watch?v=RUKqwwyAiEU,BLACKPINK - ‘뛰어(JUMP)’ (Official Audio),BLACKPINK,165.0,+0.3,✅ Auto-accepted confident match
4nKnOIDXFjRSMG4vkXDwzY,AHOF,Rendezvous,220.0,automatic,1,D2-G60fuW_4,https://www.youtube.com/watch?v=D2-G60fuW_4,AHOF(아홉) ‘그곳에서 다시 만나기로 해 (Rendezvous)’ Official MV,AHOF,228.0,+8.0,✅ Auto-accepted confident match
0MHStU0muAIEMbwdnebYu2,HUNTR/X,Takedown,182.0,user_or_pattern_selected (ambiguous),1,l8Dr7vzMSVE,https://www.youtube.com/watch?v=l8Dr7vzMSVE,"“Takedown” Official Lyric Video feat. Jeongyeon, Jihyo and Chaeyoung from TWICE | KPop Demon Hunters",Sony Pictures Animation,188,+6.0s,Thời lượng rất sát (<=6s)
7t4Z19BqZ23ExgdiOP0nf6,fromis_9,LIKE YOU BETTER,185.0,automatic,1,r1QapH1SIAI,https://www.youtube.com/watch?v=r1QapH1SIAI,fromis_9 (프로미스나인) 'LIKE YOU BETTER' MV,fromis_9,208.0,+23.0,✅ Auto-accepted confident match
4ecdsGz3Hg6TKPwQ0ZOdJz,CORTIS,FaSHioN,174.7,automatic,1,42wfEs7oIP8,https://www.youtube.com/watch?v=42wfEs7oIP8,CORTIS (코르티스) 'FaSHioN' Official MV,HYBE LABELS and CORTIS,180.0,+5.3,✅ Auto-accepted confident match
4H6s1mTZcjHAMU36ZF3Xoz,Jin,Nothing Without Your Love,176.1,automatic,1,7ue9yqfApQA,https://www.youtube.com/watch?v=7ue9yqfApQA,Nothing Without Your Love,Jin - Topic,177.0,+0.9,✅ Auto-accepted confident match
18AMT576rBlQFMzUTS7WBa,TWICE,THIS IS FOR,131.1,automatic,1,eHHQaoEW30Q,https://www.youtube.com/watch?v=eHHQaoEW30Q,"TWICE ""THIS IS FOR"" M/V",JYP Entertainment,134.0,+2.9,✅ Auto-accepted confident match
4LJJxB4a47mreJAfKwbGEM,DAYOUNG,body,168.0,user_or_pattern_selected (ambiguous),2,jI70BF157c0,https://www.youtube.com/watch?v=jI70BF157c0,DAYOUNG (다영) 'body' (Color Coded Lyrics),Jaeguchi,168,+0.0s,★ GỢI Ý TỐT NHẤT CHO AUDIO | Khớp thời lượng chuẩn (<=2.5s)
2aSfmbpproCPOe2j01WT2a,Lim Young Woong,Eternal Moment,208.0,user_or_pattern_selected (no_confident_match),1,sFK89gemgKM,https://www.youtube.com/watch?v=sFK89gemgKM,임영웅 '순간을 영원처럼' Official M/V,임영웅,216,+8.0s,Lệch nhẹ (<=15s)
6hcT29EF7UYuwu76eqlys9,ITZY,Girls Will Be Girls,168.0,automatic,1,1KhOhW_O8-k,https://www.youtube.com/watch?v=1KhOhW_O8-k,"ITZY ""Girls Will Be Girls"" M/V",JYP Entertainment,174.0,+6.0,✅ Auto-accepted confident match
5PCOOngROV9jWsUViSy4Ed,j-hope,Killin' It Girl,148.7,automatic,1,q9leDzlNEaY,https://www.youtube.com/watch?v=q9leDzlNEaY,j-hope ‘Killin' It Girl (feat. GloRilla)’ Official MV,HYBE LABELS,169.0,+20.3,✅ Auto-accepted confident match
6jl91VgNuRjpwO0MJQw29F,LEE CHANHYUK,Vivid LaLa Love,240.1,automatic,1,nrc7IPGzhh0,https://www.youtube.com/watch?v=nrc7IPGzhh0,Vivid LaLa Love,LEE CHANHYUK - Topic,241.0,+0.9,✅ Auto-accepted confident match
5Xf2cIARIa9gwWf6m4DvME,"Car, the garden",Home Sweet Home,205.9,automatic,1,MV9kclfajk8,https://www.youtube.com/watch?v=MV9kclfajk8,"[Official Audio] 카더가든 (Car, the garden) - Home Sweet Home","카더가든 (Car, the garden)",206.0,+0.1,✅ Auto-accepted confident match
0VdikQbDdOqxdWQyYsLmne,JVKE,butterflies,164.5,automatic,1,-6kmU2b3EQY,https://www.youtube.com/watch?v=-6kmU2b3EQY,"JVKE (feat. TAEHYUN of TXT,  KIM CHAEWON of LE SSERAFIM) – butterflies (official lyric video)",JVKE,165.0,+0.5,✅ Auto-accepted confident match
3y1Aq9UzyzhMGuVaS8i2oA,Primary,"question mark (Feat. CHOIZA Of Dynamicduo, Zion.T)",194.1,automatic,1,4Uh-Pf02qeQ,https://www.youtube.com/watch?v=4Uh-Pf02qeQ,"question mark (Feat. CHOIZA Of Dynamicduo, Zion.T)",Primary - Topic,195.0,+0.9,✅ Auto-accepted confident match
3cnCdBXTlyBCKYrlHpXbIP,PLAVE,Island,256.1,user_or_pattern_selected (no_confident_match),1,4deMcO_LtrQ,https://www.youtube.com/watch?v=4deMcO_LtrQ,PLAVE 'Island' Special Video,PLAVE 플레이브,264,+7.9s,"✅ Tự động chọn theo pattern của bạn (Kênh Chính thức / Topic / Label, lệch +7.9ss)"
630sXRhIcfwr2e4RdNtjKN,Zac Efron,Rewrite The Stars,217.4,user_or_pattern_selected (ambiguous),3,gdjR2lvIfJ4,https://www.youtube.com/watch?v=gdjR2lvIfJ4,The Greatest Showman Cast - Rewrite The Stars (Official Audio),Atlantic Records,217,-0.4s,"✅ Tự động chọn theo pattern của bạn (Kênh Chính thức / Topic / Label, lệch -0.4ss)"
34HSEUn4YGAFBW9OHGIkU7,george,Boat,192.0,user_or_pattern_selected (ambiguous),2,OWL1RNX7p90,https://www.youtube.com/watch?v=OWL1RNX7p90,[Lyrics | 가사] 죠지 (George) - 보트 (Boat),SOULGEUL,193,+1.0s,"✅ Tự động chọn theo pattern của bạn (Audio / Lyrics khớp sát thời lượng, lệch +1.0ss)"
7H9e5GKSY1PQTW1edqvHb9,KANGDANIEL,Episode,162.0,user_or_pattern_selected (ambiguous),3,xarSyADqmv0,https://www.youtube.com/watch?v=xarSyADqmv0,강다니엘(KANGDANIEL) - Episode Performance Video,KANGDANIEL OFFICIAL,161,-1.0s,"✅ Tự động chọn theo pattern của bạn (Kênh Chính thức / Topic / Label, lệch -1.0ss)"
0M4O6UEu4F9SxImTsBuX9n,ZICO,DUET,146.0,user_or_pattern_selected (ambiguous),5,UGktZGH_OXI,https://www.youtube.com/watch?v=UGktZGH_OXI,"ZICO, Lilas - DUET (Lyrics)",7clouds K-pop,146,+0.0s,"✅ Tự động chọn theo pattern của bạn (Audio / Lyrics khớp sát thời lượng, lệch +0.0ss)"
6jYiHr12NVKLzn0X7K8aSK,Hearts2Hearts,FOCUS,177.1,automatic,1,Ur7aK4FvK-U,https://www.youtube.com/watch?v=Ur7aK4FvK-U,Hearts2Hearts 하츠투하츠 'FOCUS' MV,SMTOWN and Hearts2Hearts,190.0,+12.9,✅ Auto-accepted confident match
3cLXrotzCjYCkN73PewALM,HWASA,Good Goodbye,223.0,automatic,1,Qe8fa4b5xNU,https://www.youtube.com/watch?v=Qe8fa4b5xNU,화사 (HWASA) - 'Good Goodbye' MV,HWASA,226.0,+3.0,✅ Auto-accepted confident match
2N9miXnewVmUrgl6JSK1FI,LE SSERAFIM,SPAGHETTI,172.3,automatic,1,TvVtYaqCni8,https://www.youtube.com/watch?v=TvVtYaqCni8,LE SSERAFIM (르세라핌) 'SPAGHETTI (feat. j-hope of BTS)' OFFICIAL MV,HYBE LABELS and LE SSERAFIM,199.0,+26.7,✅ Auto-accepted confident match
1k0JAiH11gHL9dc5dfQjQr,ILLIT,NOT CUTE ANYMORE,132.0,automatic,1,x_RYZsOfpKY,https://www.youtube.com/watch?v=x_RYZsOfpKY,ILLIT (아일릿) 'NOT CUTE ANYMORE’ Official MV,HYBE LABELS,147.0,+15.0,✅ Auto-accepted confident match
7FyKqLLICVzwBiAUtbVYUW,ALLDAY PROJECT,ONE MORE TIME,195.3,user_or_pattern_selected (ambiguous),1,OgEwJ8a1OoY,https://www.youtube.com/watch?v=OgEwJ8a1OoY,ALLDAY PROJECT - ‘ONE MORE TIME’ M/V,THEBLACKLABEL and ALLDAY PROJECT,203,+7.7s,"✅ Tự động chọn theo pattern của bạn (Kênh Chính thức / Topic / Label, lệch +7.7ss)"
06o2o3TpyR8eGU2ANK21Lp,LEE CHANHYUK,Endangered Love,220.2,user_or_pattern_selected (no_confident_match),1,19oT04OuBhg,https://www.youtube.com/watch?v=19oT04OuBhg,이찬혁 (LEE CHANHYUK) - '멸종위기사랑' M/V,AKMU,230,+9.8s,"✅ Tự động chọn theo pattern của bạn (Candidate tốt nhất trong nhóm, lệch +9.8ss)"
0p5xMhVvw441Z10hNWsk5Q,MEOVV,BURNING UP,169.5,user_or_pattern_selected (ambiguous),1,hlULtigNNao,https://www.youtube.com/watch?v=hlULtigNNao,MEOVV(미야오) - ‘BURNING UP’ M/V,THEBLACKLABEL and MEOVV,176,+6.5s,"✅ Tự động chọn theo pattern của bạn (Kênh Chính thức / Topic / Label, lệch +6.5ss)"
5iFbKoNv7Jc5Arpbf8D90B,ALLDAY PROJECT,LOOK AT ME,159.7,user_or_pattern_selected (ambiguous),1,9nOrPNxjvck,https://www.youtube.com/watch?v=9nOrPNxjvck,ALLDAY PROJECT - ‘LOOK AT ME’ M/V,THEBLACKLABEL and ALLDAY PROJECT,168,+8.3s,"✅ Tự động chọn theo pattern của bạn (Kênh Chính thức / Topic / Label, lệch +8.3ss)"
3vJIaiTIHxHhYafTSPNiH4,Disney,Zoo,190.8,user_or_pattern_selected (no_confident_match),1,Xry6B0I3pT8,https://www.youtube.com/watch?v=Xry6B0I3pT8,"Shakira - Zoo (From ""Zootopia 2"") Lyric Video",DisneyMusicVEVO,193,+2.2s,"✅ Tự động chọn theo pattern của bạn (Kênh Chính thức / Topic / Label, lệch +2.2ss)"
1nEhhkEidrTOtc46fCvRFp,RIIZE,Fame,176.8,user_or_pattern_selected (ambiguous),3,F3C87lOmZBM,https://www.youtube.com/watch?v=F3C87lOmZBM,RIIZE(라이즈) _ Fame | 1theKILLPO | 원더킬포 | 퍼포먼스 | Performance | 4K,1theK Originals - 원더케이 오리지널,188,+11.2s,"✅ Tự động chọn theo pattern của bạn (Kênh Chính thức / Topic / Label, lệch +11.2ss)"
4CRhJHHbH9Awx7z7xRAdPP,Lim Young Woong,Unread Message,235.0,user_or_pattern_selected (ambiguous),1,z3421azlj3I,https://www.youtube.com/watch?v=z3421azlj3I,Unread Message (답장을 보낸지),임영웅,235,+0.0s,"✅ Tự động chọn theo pattern của bạn (Kênh Chính thức / Topic / Label, lệch +0.0ss)"
15HNdxGKNCIO9pgaY4n7FU,OFFICIAL HIGE DANDISM,Pretender,326.8,user_or_pattern_selected (no_confident_match),1,TQ8WlA2GXbk,https://www.youtube.com/watch?v=TQ8WlA2GXbk,Official髭男dism - Pretender［Official Video］,OFFICIAL HIGE DANDISM,336,+9.2s,"✅ Tự động chọn theo pattern của bạn (Kênh Chính thức / Topic / Label, lệch +9.2ss)"
7hYI4QprQ3hMqp56ul6uEv,Lim Young Woong,Melody for You,236.0,user_or_pattern_selected (no_confident_match),1,yEHkBifsHPY,https://www.youtube.com/watch?v=yEHkBifsHPY,임영웅 '그댈 위한 멜로디' Official M/V,임영웅,261,+25.0s,"✅ Tự động chọn theo pattern của bạn (MV Chính thức, lệch +25.0ss)"
4WFfPxJv1KRekG6mxn837K,JISOO,EYES CLOSED,181.4,automatic,1,TN4LP7j5cbo,https://www.youtube.com/watch?v=TN4LP7j5cbo,JISOO X ZAYN - EYES CLOSED (OFFICIAL LYRIC VIDEO),JISOO,181.0,-0.4,✅ Auto-accepted confident match
7csMuPqdOPaFKby0AoRYL5,BUZZ,가시,241.5,user_or_pattern_selected (ambiguous),1,1-Lm2LUR8Ss,https://www.youtube.com/watch?v=1-Lm2LUR8Ss,버즈(Buzz) - 가시 [가사/Lyrics],웅키,242,+0.5s,"✅ Tự động chọn theo pattern của bạn (Audio / Lyrics khớp sát thời lượng, lệch +0.5ss)"
2OQ6a4CfUeYskpTTgyawyJ,Gwen Stefani,You Make It Feel Like Christmas,156.8,automatic,1,uA4STm4hx7Q,https://www.youtube.com/watch?v=uA4STm4hx7Q,Gwen Stefani - You Make It Feel Like Christmas (Audio) ft. Blake Shelton,Gwen Stefani,155.0,-1.8,✅ Auto-accepted confident match
0QzuaeCEEOV40Pn7IvKEny,Dhruv,double take,171.7,automatic,1,uQiF1yOnzDg,https://www.youtube.com/watch?v=uQiF1yOnzDg,Dhruv - double take (Official Audio),Dhruv,173.0,+1.3,✅ Auto-accepted confident match
6VedlO2MtaEjAITax6vQyg,ILLIT,Toki Yo Tomare,188.1,automatic,1,HeqsjDF7Lw0,https://www.youtube.com/watch?v=HeqsjDF7Lw0,ILLIT (아일릿) '時よ止まれ (Toki Yo Tomare)' Official MV,HYBE LABELS,210.0,+21.9,✅ Auto-accepted confident match
11gZL0HigsqfzjTHOpdFjE,Nakama,MENTE MÁ,75.3,automatic,1,PDqBDTGBwkY,https://www.youtube.com/watch?v=PDqBDTGBwkY,MENTE MÁ - NAKAMA (Official Lyric Video),Nakama,76.0,+0.7,✅ Auto-accepted confident match
6Yj8kVuVR3UPxx9r5eFEoV,AOA,Miniskirt,179.8,automatic,1,q6f-LLM1H6U,https://www.youtube.com/watch?v=q6f-LLM1H6U,AOA - 짧은 치마 (Miniskirt) M/V,AOA,222.0,+42.2,✅ Auto-accepted confident match
5APxbxUDWyUChpgjJ0YQzE,PLAVE,Dash,174.5,user_or_pattern_selected (ambiguous),2,GoS7xYkWiwc,https://www.youtube.com/watch?v=GoS7xYkWiwc,PLAVE 'Dash' M/V (Performance Ver.),PLAVE 플레이브,187,+12.5s,"✅ Tự động chọn theo pattern của bạn (Kênh Chính thức / Topic / Label, lệch +12.5ss)"
2rKkfc4VZ74FQDc1FF1Zo6,BTS,Body to Body,189.7,automatic,1,RBaSiVjtKR4,https://www.youtube.com/watch?v=RBaSiVjtKR4,Body to Body,BANGTANTV,190.0,+0.3,✅ Auto-accepted confident match
7hlEhmg5h9XuFtaGfgvqjF,Epik High,Love Love Love,231.1,automatic,1,qdr0fZbuffY,https://www.youtube.com/watch?v=qdr0fZbuffY,에픽하이(Epik High) - Love Love Love,STONE MUSIC,231.0,-0.1,✅ Auto-accepted confident match
2IFND3phjzIG1RcPnHh2hP,BTS,Like Animals,189.7,user_or_pattern_selected (ambiguous),2,iPxnYZVtjiY,https://www.youtube.com/watch?v=iPxnYZVtjiY,BTS (방탄소년단) 'Like Animals' MV,Jimin,192,+2.3s,"✅ Tự động chọn theo pattern của bạn (Audio / Lyrics khớp sát thời lượng, lệch +2.3ss)"
5tg21NdePCn5m8F9BXOEeJ,BTS,Aliens,167.8,automatic,1,EC9_h_elSAY,https://www.youtube.com/watch?v=EC9_h_elSAY,Aliens,BANGTANTV,168.0,+0.2,✅ Auto-accepted confident match
0KmrKOdScRDVYwWS8hkkdv,BTS,FYA,180.5,automatic,1,QWDayFgPDjQ,https://www.youtube.com/watch?v=QWDayFgPDjQ,FYA,BANGTANTV,181.0,+0.5,✅ Auto-accepted confident match
3WvM2dIR9iIxMGNMP7WsNw,HANRORO,Landing in Love,165.0,automatic,1,h0KIWaUEIgQ,https://www.youtube.com/watch?v=h0KIWaUEIgQ,[MV] 한로로 (HANRORO) - 사랑하게 될 거야 (Landing in Love),한로로 HANRORO,167.0,+2.0,✅ Auto-accepted confident match
4qdBPJta3BVPXCS0wJZ6yO,HANRORO,Let Me Love My Youth,248.4,automatic,1,pNi9PjmbUrI,https://www.youtube.com/watch?v=pNi9PjmbUrI,[MV] 한로로 (HANRORO) - 입춘 (Let Me Love My Youth),한로로 HANRORO,249.0,+0.6,✅ Auto-accepted confident match
68lbSrXDORS51pmyjZv712,BTS,SWIM,159.0,user_or_pattern_selected (ambiguous),2,h-Y97xErGL8,https://www.youtube.com/watch?v=h-Y97xErGL8,BTS (방탄소년단) 'SWIM' Official Performance Video,HYBE LABELS,172,+13.0s,"✅ Tự động chọn theo pattern của bạn (Kênh Chính thức / Topic / Label, lệch +13.0ss)"
3VxmXJ4FdtbWI27p3Gx4Wh,i-dle,Mono,170.7,automatic,1,DYgE3SGPEqk,https://www.youtube.com/watch?v=DYgE3SGPEqk,i-dle (아이들) 'Mono (Feat. skaiwater)' Official Music Video,i-dle (아이들),181.0,+10.3,✅ Auto-accepted confident match
3bmpXHVie1GTy37OkXJ7Vc,BTS,2.0,169.9,user_or_pattern_selected (ambiguous),3,vj3a_4hwn0w,https://www.youtube.com/watch?v=vj3a_4hwn0w,BTS '2.0' Lyrics (방탄소년단 2.0 가사) [Color Coded Han_Rom_Eng] | ShadowByYoongi,ShadowByYoongi,176,+6.1s,"✅ Tự động chọn theo pattern của bạn (Candidate tốt nhất trong nhóm, lệch +6.1ss)"
3VegC0PZiHjGxb80DER8XU,BTS,Merry Go Round,229.9,automatic,1,Iy0SpSLW8wo,https://www.youtube.com/watch?v=Iy0SpSLW8wo,Merry Go Round,BANGTANTV,230.0,+0.1,✅ Auto-accepted confident match
4B4Q7zfd0aHcuhQBfCRnH5,BTS,NORMAL,181.6,automatic,1,GEk4jHwfFTA,https://www.youtube.com/watch?v=GEk4jHwfFTA,BTS (방탄소년단) ‘NORMAL’ Official MV,HYBE LABELS,207.0,+25.4,✅ Auto-accepted confident match
5xqM1HOndjxfH7NmyD8SVS,BABYMONSTER,Really Like You,197.7,automatic,1,XShaIZs7J7M,https://www.youtube.com/watch?v=XShaIZs7J7M,BABYMONSTER - ‘Really Like You’ M/V,BABYMONSTER,226.0,+28.3,✅ Auto-accepted confident match
3b4YlIUpzYs3CZ6s9GVmzT,SYSTEM SEOUL,너,193.6,user_or_pattern_selected (ambiguous),2,mZ4vjIC3tmw,https://www.youtube.com/watch?v=mZ4vjIC3tmw,ycs - 너 (Official Audio),SYSTEM SEOUL,194,+0.4s,"✅ Tự động chọn theo pattern của bạn (Kênh Chính thức / Topic / Label, lệch +0.4ss)"
3g8mimqqxsAEtkktm1TYEk,noahjooda,"Love over hip hop, money over love",234.4,user_or_pattern_selected (no_confident_match),1,NOlIxr8ygcI,https://www.youtube.com/watch?v=NOlIxr8ygcI,"Love over hip hop, money over love (feat. Basick)",노아주다,235,+0.6s,"✅ Tự động chọn theo pattern của bạn (Audio / Lyrics khớp sát thời lượng, lệch +0.6ss)"
40UVUuyy5RfpO0awclCttA,ALLDAY PROJECT,FAMOUS,180.4,user_or_pattern_selected (ambiguous),1,VjvzYjU1mY0,https://www.youtube.com/watch?v=VjvzYjU1mY0,ALLDAY PROJECT - ‘FAMOUS’ M/V,THEBLACKLABEL and ALLDAY PROJECT,189,+8.6s,"✅ Tự động chọn theo pattern của bạn (Kênh Chính thức / Topic / Label, lệch +8.6ss)"
65X2koe1LhDgQmRkNdJFv9,King Gnu,AIZO,215.9,user_or_pattern_selected (no_confident_match),2,0fxU_XmgvaM,https://www.youtube.com/watch?v=0fxU_XmgvaM,"Jujutsu Kaisen Season 3 - Opening FULL ""AIZO"" by King Gnu (Lyrics)",Jamong,216,+0.1s,"✅ Tự động chọn theo pattern của bạn (Audio / Lyrics khớp sát thời lượng, lệch +0.1ss)"
5u77QBJa2fUREcFTM7PwME,Marv,MDLZ (With. PENOMECO),207.0,user_or_pattern_selected (ambiguous),2,AunQMOX8SoY,https://www.youtube.com/watch?v=AunQMOX8SoY,Marv - 물들이자 (with PENOMECO) [Performance Video],Marv 마브,207,+0.0s,"✅ Tự động chọn theo pattern của bạn (Kênh Chính thức / Topic / Label, lệch +0.0ss)"
6w9SgpKIzB54R2xHml1UPP,Kim Min Seok (MeloMance),Love Language,185.5,user_or_pattern_selected (ambiguous),1,zHRalE_8n1A,https://www.youtube.com/watch?v=zHRalE_8n1A,KIM MIN SEOK (김민석 (멜로망스)) - Love Language (사랑의 언어) | Can This Love Be Translated? OST MV (ENG),ClsQ,186,+0.5s,"✅ Tự động chọn theo pattern của bạn (Audio / Lyrics khớp sát thời lượng, lệch +0.5ss)"
0dt0DccOIWLtzX45F6uZ1I,Lil Moshpit,MAMA (Feat. UNEDUCATED KID) (Prod. by Lil Moshpit),234.0,automatic,1,3bir8-8s8jA,https://www.youtube.com/watch?v=3bir8-8s8jA,MAMA (Prod. by Lil Moshpit),Lil Moshpit,234.0,+0.0,✅ Auto-accepted confident match
0XqgE9UN4MCo5ooIwUYm7l,BellyJay,MONTAGEM HIKARI,90.0,user_or_pattern_selected (ambiguous),1,YO-6FsfdXbo,https://www.youtube.com/watch?v=YO-6FsfdXbo,BellyJay - MONTAGEM HIKARI,TheGoodVibe,90,+0.0s,"✅ Tự động chọn theo pattern của bạn (Audio / Lyrics khớp sát thời lượng, lệch +0.0ss)"
27zrFrtUtWl2urlvjOn5xc,Loco,Say Yes,218.9,automatic,1,t3j1ToIlg0Y,https://www.youtube.com/watch?v=t3j1ToIlg0Y,Say Yes,Loco,219.0,+0.1,✅ Auto-accepted confident match
0NsmpxrKw7ZWGKjnWVJtm5,ENHYPEN,Big Girls Don't Cry,118.7,automatic,1,01R62JW9X6Y,https://www.youtube.com/watch?v=01R62JW9X6Y,ENHYPEN (엔하이픈) 'Big Girls Don't Cry' MV,ENHYPEN,125.0,+6.3,✅ Auto-accepted confident match
0VGeaj4sDq9UnwzSxiVgkZ,Sik-K,STAY on FIRE,183.0,automatic,1,849QAMVWkvM,https://www.youtube.com/watch?v=849QAMVWkvM,STAY on FIRE (feat. DEAN),Sik K,183.0,+0.0,✅ Auto-accepted confident match
0hqngwyh8WnPuYlLYHRQqp,Kim Min Seok (MeloMance),DrunKen Confession,228.0,user_or_pattern_selected (no_confident_match),5,zFl56wl3uuw,https://www.youtube.com/watch?v=zFl56wl3uuw,김민석(멜로망스) - 취중고백 [가사/Lyrics],웅키,229,+1.0s,"✅ Tự động chọn theo pattern của bạn (Audio / Lyrics khớp sát thời lượng, lệch +1.0ss)"
6dOtVTDdiauQNBQEDOtlAB,Billie Eilish,BIRDS OF A FEATHER,210.4,automatic,1,d5gf9dXbPi0,https://www.youtube.com/watch?v=d5gf9dXbPi0,Billie Eilish - BIRDS OF A FEATHER (Official Lyric Video),Billie Eilish,212.0,+1.6,✅ Auto-accepted confident match
4wJ5Qq0jBN4ajy7ouZIV1c,ROSÉ,APT.,169.9,automatic,1,ekr2nIex040,https://www.youtube.com/watch?v=ekr2nIex040,ROSÉ & Bruno Mars - APT. (Official Music Video),ROSÉ and Bruno Mars,174.0,+4.1,✅ Auto-accepted confident match
44hqFxUWsADWewEJELnncj,ENHYPEN,No Doubt,167.2,automatic,1,rDolt3jJRsM,https://www.youtube.com/watch?v=rDolt3jJRsM,ENHYPEN (엔하이픈) 'No Doubt' Official MV,HYBE LABELS,185.0,+17.8,✅ Auto-accepted confident match
0WA27lZzPKFJKAbiDRmQDc,Hearts2Hearts,RUDE!,200.0,automatic,1,F7sGJVUrkjQ,https://www.youtube.com/watch?v=F7sGJVUrkjQ,Hearts2Hearts 하츠투하츠 'RUDE!' MV,SMTOWN and Hearts2Hearts,216.0,+16.0,✅ Auto-accepted confident match
5dxiriLgC9mu2FbSNqudld,AKMU,Paradise of Rumors,218.5,automatic,1,D54StAZFUrc,https://www.youtube.com/watch?v=D54StAZFUrc,AKMU - 'Paradise of Rumors' M/V,AKMU,218.0,-0.5,✅ Auto-accepted confident match
3m08yeqLjXsqblRU3KXPAp,HAON,"TICK TOCK (Feat. ZICO) (Prod. by ZICO, Crush)",230.0,automatic,1,HLTQoCRBfxc,https://www.youtube.com/watch?v=HLTQoCRBfxc,"TICK TOCK (Prod. by ZICO, Crush)",HAON - Topic,230.0,+0.0,✅ Auto-accepted confident match
1D5L58KLBbceOynTP4DQnY,ILLIT,It's Me,138.3,automatic,1,bMhDJ0S0OBA,https://www.youtube.com/watch?v=bMhDJ0S0OBA,ILLIT (아일릿) ‘It’s Me’ Official MV,HYBE LABELS and ILLIT,147.0,+8.7,✅ Auto-accepted confident match
3sOAwRg5esaxDcWnUigWPv,HANRORO,0+0,192.0,automatic,1,_Ngk-DCHfD0,https://www.youtube.com/watch?v=_Ngk-DCHfD0,[MV] 한로로 (HANRORO) - 0+0,한로로 HANRORO,193.0,+1.0,✅ Auto-accepted confident match
27xkOIER6uDLKALIelHylZ,Jin,Don’t Say You Love Me,180.7,automatic,1,iD_3rMPrggQ,https://www.youtube.com/watch?v=iD_3rMPrggQ,진 (Jin) 'Don't Say You Love Me' Lyric Video,BANGTANTV,179.0,-1.7,✅ Auto-accepted confident match
1Sjs93mMgi9bX06FFU9Mcv,NMIXX,Heavy Serenade,180.0,automatic,1,6Ycn9qZK09I,https://www.youtube.com/watch?v=6Ycn9qZK09I,NMIXX(엔믹스) “Heavy Serenade” M/V,JYP Entertainment and NMIXX,212.0,+32.0,✅ Auto-accepted confident match
2SMq0lOqCTHayWa9juoI0d,Woo,We Are,196.0,automatic,1,RsHq6Q-7NsU,https://www.youtube.com/watch?v=RsHq6Q-7NsU,우원재 (Woo Won Jae) - 시차 (We Are) (Feat. 로꼬 & GRAY) (Official Audio),STONE MUSIC,196.0,+0.0,✅ Auto-accepted confident match
24rDDbSlFY9OHrlJb48CRh,KiiiKiii,404 (New Era),179.6,automatic,1,3_l-UI4prVY,https://www.youtube.com/watch?v=3_l-UI4prVY,404 (New Era),KiiiKiii,180.0,+0.4,✅ Auto-accepted confident match
6uvw8GFIqdqaJ4Nr3kN8Rs,BTS,Come Over,178.6,automatic,1,Jc7A_1py3Bk,https://www.youtube.com/watch?v=Jc7A_1py3Bk,BTS 방탄소년단 'Come Over' Official Audio,JXS_BP Official,179.0,+0.4,✅ Auto-accepted confident match
6QFCMUUq1T2Vf5sFUXcuQ7,Justin Bieber,Beauty And A Beat,228.0,automatic,1,Lf9OgcXV5cE,https://www.youtube.com/watch?v=Lf9OgcXV5cE,Justin Bieber - Beauty And A Beat ft. Nicki Minaj (Official Audio) ft. Nicki Minaj,Justin Bieber,229.0,+1.0,✅ Auto-accepted confident match
41d2WjuL0ikRKVjxmL7ZFz,LE SSERAFIM,BOOMPALA,176.5,automatic,1,V1Lr-_AxeR8,https://www.youtube.com/watch?v=V1Lr-_AxeR8,LE SSERAFIM (르세라핌) 'BOOMPALA' OFFICIAL MV,HYBE LABELS and 2 more,209.0,+32.5,✅ Auto-accepted confident match
0b61A7v9agI08BG21jJPQ9,BTS,they don’t know ’bout us,164.2,automatic,1,Dt2P9jRa7w0,https://www.youtube.com/watch?v=Dt2P9jRa7w0,they don't know 'bout us,BANGTANTV,165.0,+0.8,✅ Auto-accepted confident match
63JNA2B4qHmoedZCthpo0e,HAON,"ON to the next (Prod. by Crush, ZICO)",274.0,automatic,1,wYERwcjPczc,https://www.youtube.com/watch?v=wYERwcjPczc,"ON to the next (Prod. by Crush, ZICO)",HAON - Topic,274.0,+0.0,✅ Auto-accepted confident match
0FOReGSXypVBP1q3CLEbfN,OXYNOVA,SSAK (Feat. Loco) (Prod. By GRAY),270.3,automatic,1,bjjs-14horc,https://www.youtube.com/watch?v=bjjs-14horc,SSAK (Prod. By GRAY),OXYNOVA,271.0,+0.7,✅ Auto-accepted confident match
6epn3r7S14KUqlReYr77hA,Justin Bieber,Baby,214.2,automatic,1,kffacxfA7G4,https://www.youtube.com/watch?v=kffacxfA7G4,Justin Bieber - Baby ft. Ludacris,Justin Bieber,220.0,+5.8,✅ Auto-accepted confident match
2CO0qu8M2UrT2IxRdYbGOg,HAON,"R.I.L + King′s gambit (Feat. ZICO, Gaeko, Sik-K, VINXEN) (Prod. by ZICO, Crush)",326.0,automatic,1,eMouvDpiEVU,https://www.youtube.com/watch?v=eMouvDpiEVU,"R.I.L + King′s gambit (Prod. by ZICO, Crush)",HAON - Topic,326.0,+0.0,✅ Auto-accepted confident match
1OO2hWJmimNmsN2glZ9kyM,PLAVE,Blossom Parade,170.0,user_or_pattern_selected (ambiguous),2,Ofuw0t7mtQw,https://www.youtube.com/watch?v=Ofuw0t7mtQw,PLAVE '꽃송이들의 퍼레이드' Official Audio,PLAVE 플레이브,170,+0.0s,"✅ Tự động chọn theo pattern của bạn (Kênh Chính thức / Topic / Label, lệch +0.0ss)"
4c9CHyzibRaogeupFGzsFW,CHOIJUNSEONG (Jun S),L[ ]VE,180.0,user_or_pattern_selected (ambiguous),1,4L2qXBTWPbU,https://www.youtube.com/watch?v=4L2qXBTWPbU,[MV] CHOIJUNSEONG(최준성) (Jun S) - L[ ]VE(가짜사랑),SUPER SOUND Bugs!,180,+0.0s,"✅ Tự động chọn theo pattern của bạn (Kênh Chính thức / Topic / Label, lệch +0.0ss)"
5bB7348yF6DXMmK1WQlBui,NOWIMYOUNG,Money Checks (Prod. by Hukky Shibaseki),269.1,automatic,1,TCPU7L7Qymg,https://www.youtube.com/watch?v=TCPU7L7Qymg,Money Checks (Prod. by Hukky Shibaseki),NOWIMYOUNG(나우아임영),270.0,+0.9,✅ Auto-accepted confident match
1XpVhaI4HzWrhRWIpdfyJB,BTS,Please,172.8,automatic,1,3N1k6ir55-Y,https://www.youtube.com/watch?v=3N1k6ir55-Y,Please,BANGTANTV,173.0,+0.2,✅ Auto-accepted confident match
0F6XPZ5gxXC1zaiaDhrV73,BOYNEXTDOOR,ADIOS!,166.8,user_or_pattern_selected (ambiguous),3,IlxcMmuk574,https://www.youtube.com/watch?v=IlxcMmuk574,BOYNEXTDOOR 'ADIOS!' Lyrics (보이넥스트도어 ADIOS! 가사) [Color Coded Han_Rom_Eng] | ShadowByYoongi,ShadowByYoongi,173,+6.2s,"✅ Tự động chọn theo pattern của bạn (Candidate tốt nhất trong nhóm, lệch +6.2ss)"
3FZPp9lBUvhsxFxKJi3VkB,BLACKPINK,GO,195.4,automatic,1,k7JitOG5wVo,https://www.youtube.com/watch?v=k7JitOG5wVo,BLACKPINK - ‘GO’ (Official Audio),BLACKPINK,196.0,+0.6,✅ Auto-accepted confident match
4oE7MyJhqSD3BaHRpNs8Nl,Kenshi Yonezu,JANE DOE,235.9,user_or_pattern_selected (ambiguous),3,E8N8CAihLT0,https://www.youtube.com/watch?v=E8N8CAihLT0,"Kenshi Yonezu, Hikaru Utada “JANE DOE” ×  ""Chainsaw Man – The Movie: Reze Arc"" Special Video",Kenshi Yonezu  米津玄師,237,+1.1s,"✅ Tự động chọn theo pattern của bạn (Kênh Chính thức / Topic / Label, lệch +1.1ss)"
3KQ3fLAkMYyCWQLCi60zeE,AKMU,Sunshine Bless You,231.2,automatic,1,sAJh3t_meGw,https://www.youtube.com/watch?v=sAJh3t_meGw,Sunshine Bless You,AKMU,232.0,+0.8,✅ Auto-accepted confident match
599L9ptR3PXQq6Dzn9uLP0,ksmartboi,Naughty Talk + VANCOUVER FLOW,222.0,user_or_pattern_selected (ambiguous),1,qJzRsQ_6i6k,https://www.youtube.com/watch?v=qJzRsQ_6i6k,"Naughty Talk + VANCOUVER FLOW (Feat. GGM Kimbo, Rich Iggy) (Official Lyric Video)",김상민그는감히전설이라고할수있다 and 2 more,222,+0.0s,"✅ Tự động chọn theo pattern của bạn (Audio / Lyrics khớp sát thời lượng, lệch +0.0ss)"
7GRZqYKsoE1Ls98sr2o8xQ,BIG Naughty,Lovey Dovey (Solo Ver.),218.0,automatic,1,OwOIKHkUUUI,https://www.youtube.com/watch?v=OwOIKHkUUUI,Lovey Dovey (Solo Ver.),BIG Naughty (서동현),218.0,+0.0,✅ Auto-accepted confident match
0yamqkAFAmpdLNVcmJLSo8,BOOHWAL,Never Ending Story,253.9,user_or_pattern_selected (ambiguous),3,VWqcR2cSBnk,https://www.youtube.com/watch?v=VWqcR2cSBnk,부활 - Never Ending Story [가사/Lyrics],웅키,254,+0.1s,"✅ Tự động chọn theo pattern của bạn (Audio / Lyrics khớp sát thời lượng, lệch +0.1ss)"
0RiRZpuVRbi7oqRdSMwhQY,Post Malone,Sunflower - Spider-Man: Into the Spider-Verse,157.6,automatic,1,ApXoWvfEYVU,https://www.youtube.com/watch?v=ApXoWvfEYVU,"Post Malone, Swae Lee - Sunflower (Spider-Man: Into the Spider-Verse)",Post Malone,162.0,+4.4,✅ Auto-accepted confident match
6vjt2smGK75oc9r2OGFfgp,aespa,LEMONADE,187.0,automatic,1,83C3TZ4Zm_o,https://www.youtube.com/watch?v=83C3TZ4Zm_o,aespa 에스파 'LEMONADE' MV,SMTOWN and aespa,192.0,+5.0,✅ Auto-accepted confident match
55UDXtbNJBAdTdUdbRu8T3,ATEEZ,BAD,156.0,user_or_pattern_selected (ambiguous),5,xmkIT3bS1u8,https://www.youtube.com/watch?v=xmkIT3bS1u8,ATEEZ - BAD | ATINY'S VOYAGE: TINY MYSTERY,ateezpunch,157,+1.0s,"✅ Tự động chọn theo pattern của bạn (Kênh Chính thức / Topic / Label, lệch +1.0ss)"
0USn5f2VZGbHjHkbjcijzU,KiiiKiii,Pop Off Pop Off,141.3,automatic,1,e1IH2q8QNLM,https://www.youtube.com/watch?v=e1IH2q8QNLM,Pop Off Pop Off,KiiiKiii,142.0,+0.7,✅ Auto-accepted confident match
0cbgFMxCXMzs80R2vxwApT,IU,Dear my crazy soulmate,156.0,user_or_pattern_selected (ambiguous),4,I29POr6gxaU,https://www.youtube.com/watch?v=I29POr6gxaU,(LYRICS) IU (아이유) - Dear My Crazy Soulmate Lyrics | English - Korean (한글) - Indonesian Translate,Hello Rona Channel,157,+1.0s,"✅ Tự động chọn theo pattern của bạn (Audio / Lyrics khớp sát thời lượng, lệch +1.0ss)"
776vLcNy6mHNmPisdejR0I,BIG Naughty,Nostalgia,195.0,automatic,1,EIc13cn7tWo,https://www.youtube.com/watch?v=EIc13cn7tWo,Nostalgia,BIG Naughty (서동현),195.0,+0.0,✅ Auto-accepted confident match
6uosenLUNFZtOIih5T0qfV,RESCENE,LOVE ATTACK,181.6,automatic,1,9XttLI0oH0I,https://www.youtube.com/watch?v=9XttLI0oH0I,RESCENE (리센느) ‘LOVE ATTACK’ Official MV,RESCENE,198.0,+16.4,✅ Auto-accepted confident match
02KRPJcx4TJFLCXt9qwEUE,IU,Unknown Planet,225.0,user_or_pattern_selected (ambiguous),3,uTxsfhBnTyw,https://www.youtube.com/watch?v=uTxsfhBnTyw,IU (아이유) 'Unknown Planet' (Color Coded Lyrics),Jaeguchi,225,+0.0s,"✅ Tự động chọn theo pattern của bạn (Audio / Lyrics khớp sát thời lượng, lệch +0.0ss)"
6BAnU4WVN9ArEfSi01JwhQ,SOYEON,I’m gonna TOESA,211.6,user_or_pattern_selected (ambiguous),3,NTBaHHbyWC0,https://www.youtube.com/watch?v=NTBaHHbyWC0,[MV] SOYEON - I'm gonna TOESA（日本語字幕）,ONCE 0724B,212,+0.4s,"✅ Tự động chọn theo pattern của bạn (Audio / Lyrics khớp sát thời lượng, lệch +0.4ss)"
3caqaSvtldUKLY5Fd5msk2,Red Velvet,Surfin' Boy,168.5,automatic,1,NZP153MUpHY,https://www.youtube.com/watch?v=NZP153MUpHY,Red Velvet 레드벨벳 'Surfin' Boy' MV,SMTOWN and Red Velvet,173.0,+4.5,✅ Auto-accepted confident match
1ET5lou3teBMA3a5cYeYzN,tripleS,Baby Flower,188.0,automatic,1,6q8UMVXhXsE,https://www.youtube.com/watch?v=6q8UMVXhXsE,tripleS 'Baby Flower' Official MV,tripleS official and Full HAUS,191.0,+3.0,✅ Auto-accepted confident match
0KgetoSLg8qfJWIwoAQxBf,TAEYEON,Bansanka,219.0,user_or_pattern_selected (ambiguous),1,VVO05mYGFY8,https://www.youtube.com/watch?v=VVO05mYGFY8,[MV] 태연 (TAEYEON)_ 만찬가 (晩餐歌 / BANSANKA) : J-POP REMAKE Vol.1,1theK (원더케이) and 동네친구 강나미 [Kangnami],222,+3.0s,"✅ Tự động chọn theo pattern của bạn (Kênh Chính thức / Topic / Label, lệch +3.0ss)"
70RQYCjVacuJgeYAmU2sXd,fromis_9,Vitamin ME,190.0,automatic,1,sLk8zWUuYTA,https://www.youtube.com/watch?v=sLk8zWUuYTA,fromis_9 (프로미스나인) 'Vitamin ME' MV,fromis_9,213.0,+23.0,✅ Auto-accepted confident match
75MJ2d8AmBWgf2yeZACwpa,D.O.,Guitarist,163.0,user_or_pattern_selected (ambiguous),1,V3b1JrAl_1Q,https://www.youtube.com/watch?v=V3b1JrAl_1Q,도경수(D.O.) l 'Guitarist' MV,도경수(DOH KYUNG SOO),164,+1.0s,"✅ Tự động chọn theo pattern của bạn (Audio / Lyrics khớp sát thời lượng, lệch +1.0ss)"
4iZIvaus7v4wSjFvdF83NA,VINXEN,FLYING HIGH WITH U,207.2,automatic,1,rGwK6uNIEEk,https://www.youtube.com/watch?v=rGwK6uNIEEk,[MV] 빈첸(VINXEN) _ FLYING HIGH WITH U,1theK (원더케이),216.0,+8.8,✅ Auto-accepted confident match
6g02YqJTLBjqJ7sGvW1wDB,HEEDAE,Brainwash,154.2,automatic,1,VNLUaTxDs_4,https://www.youtube.com/watch?v=VNLUaTxDs_4,Brainwash,HEEDAE - Topic,155.0,+0.8,✅ Auto-accepted confident match
1OLAjffdDJibTrUGAwApVk,Hearts2Hearts,ICONIC HEART,189.0,automatic,1,chl0R8C4NJ8,https://www.youtube.com/watch?v=chl0R8C4NJ8,Hearts2Hearts 하츠투하츠 'ICONIC HEART' MV,SMTOWN and Hearts2Hearts,233.0,+44.0,✅ Auto-accepted confident match
2L1dsjU3R3U4SX27qIiPrq,Girls' Generation-HRS,Skibidi,166.0,automatic,1,E0iZOkj7Fgk,https://www.youtube.com/watch?v=E0iZOkj7Fgk,Girls' Generation-HRS 소녀시대-효리수 'Skibidi' Official Audio,JXS_BP Official,167.0,+1.0,✅ Auto-accepted confident match
1my8zFESgULmuj3D2tzK1R,KiiiKiii,Candy Pink Magic Hole Flip Phone,166.1,automatic,1,Ta42YSMVePU,https://www.youtube.com/watch?v=Ta42YSMVePU,Candy Pink Magic Hole Flip Phone (나 어떡해),KiiiKiii,167.0,+0.9,✅ Auto-accepted confident match
55pCe0UgAeaeWKKSQqdiWh,"Car, the garden",My whole world,205.8,automatic,1,ZurHW2kBqrw,https://www.youtube.com/watch?v=ZurHW2kBqrw,"[Official Audio] 카더가든 (Car, the garden) - 그대 작은 나의 세상이 되어","카더가든 (Car, the garden)",207.0,+1.2,✅ Auto-accepted confident match
3CQw6HqsBu12wUj89vUQ5M,DAVICHI,TIME CAPSULE,252.0,automatic,1,qE35JN1ogeI,https://www.youtube.com/watch?v=qE35JN1ogeI,다비치 (DAVICHI) '타임캡슐' Official Music Video,DAVICHI,263.0,+11.0,✅ Auto-accepted confident match
2cCC4S226r1tws0d2vDDdO,Lim Hyun Jung,사랑은 봄비처럼...이별은 겨울비처럼,280.8,automatic,1,EW80513-7A0,https://www.youtube.com/watch?v=EW80513-7A0,사랑은 봄비처럼... 이별은 겨울비처럼…,임현정 - Topic,282.0,+1.2,✅ Auto-accepted confident match
3hBAYbAECEix9raaTq8S3H,back number,ヒロイン,269.8,automatic,1,VPZK72W4Xxw,https://www.youtube.com/watch?v=VPZK72W4Xxw,back number - ヒロイン (full),back number,274.0,+4.2,✅ Auto-accepted confident match
7ijWcf4FsoxoyPK4B9WGp6,BIGBANG,LAST DANCE,279.7,automatic,1,--zku6TB5NY,https://www.youtube.com/watch?v=--zku6TB5NY,BIGBANG - ‘LAST DANCE’ M/V,BIGBANG,297.0,+17.3,✅ Auto-accepted confident match
1BxfuPKGuaTgP7aM0Bbdwr,Taylor Swift,Cruel Summer,178.4,automatic,1,ic8j13piAhQ,https://www.youtube.com/watch?v=ic8j13piAhQ,Taylor Swift - Cruel Summer (Official Audio),Taylor Swift,180.0,+1.6,✅ Auto-accepted confident match
3TPPESvMtVS5zt7FAX2M9n,KiiiKiii,SWEET SOUR,177.4,automatic,1,oM1s0HSJZ34,https://www.youtube.com/watch?v=oM1s0HSJZ34,SWEET SOUR,KiiiKiii,178.0,+0.6,✅ Auto-accepted confident match
42lqBjPYlmL1EXpMDXvhSN,Morgan Wallen,Somebody’s Problem,161.8,automatic,1,961Gk3mD9Zc,https://www.youtube.com/watch?v=961Gk3mD9Zc,Morgan Wallen - Somebody’s Problem (Official Lyric Video),Morgan Wallen,162.0,+0.2,✅ Auto-accepted confident match
3cBsEDNhFI9E82vPj3kvi3,Morgan Wallen,Wasted On You,178.5,automatic,1,OqaznqwGkrs,https://www.youtube.com/watch?v=OqaznqwGkrs,Morgan Wallen - Wasted On You (Official Lyric Video),Morgan Wallen,173.0,-5.5,✅ Auto-accepted confident match
65OVbaJR5O1RmwOQx0875b,Drake,Wants and Needs,193.0,automatic,1,U6k5dIhB6AM,https://www.youtube.com/watch?v=U6k5dIhB6AM,Wants and Needs,Drake,193.0,+0.0,✅ Auto-accepted confident match
1M4OcYkxAtu3ErzSgDEfoi,Cardi B,Up,156.9,automatic,1,N2LPTvuIQ5U,https://www.youtube.com/watch?v=N2LPTvuIQ5U,Cardi B - Up [Official Audio],Cardi B,158.0,+1.1,✅ Auto-accepted confident match
7FGdjbZ32vMybPuP0IuE7d,Pooh Shiesty,Back In Blood,184.5,automatic,1,RnGLMCOFjFQ,https://www.youtube.com/watch?v=RnGLMCOFjFQ,Pooh Shiesty - Back In Blood (feat. Lil Durk) [Official Audio],Pooh Shiesty,185.0,+0.5,✅ Auto-accepted confident match
43CIWpJaJHRcI4mUSjqgc2,Juice WRLD,Bad Boy,157.4,automatic,1,sP9t8WGDwfg,https://www.youtube.com/watch?v=sP9t8WGDwfg,Juice WRLD ft. Young Thug - Bad Boy (Official Audio),Juice WRLD,158.0,+0.6,✅ Auto-accepted confident match
4MzXwWMhyBbmu6hOcLVD49,Bad Bunny,DÁKITI,205.1,user_or_pattern_selected (ambiguous),3,rSPnrtPpnbk,https://www.youtube.com/watch?v=rSPnrtPpnbk,"Bad Bunny, Jhay Cortez - DÁKITI (Audio)",Luis Fernando Flores,211,+5.9s,"✅ Tự động chọn theo pattern của bạn (Candidate tốt nhất trong nhóm, lệch +5.9ss)"
2QjOHCTQ1Jl3zawyYOpxh6,The Neighbourhood,Sweater Weather,240.4,automatic,1,GCdwKhTtNNw,https://www.youtube.com/watch?v=GCdwKhTtNNw,The Neighbourhood - Sweater Weather (Official Video),The Neighbourhood,253.0,+12.6,✅ Auto-accepted confident match
1tkg4EHVoqnhR6iFEXb60y,Pop Smoke,What You Know Bout Love,160.0,automatic,1,uuodbSVO3z0,https://www.youtube.com/watch?v=uuodbSVO3z0,POP SMOKE - WHAT YOU KNOW BOUT LOVE (Official Video),POP SMOKE,169.0,+9.0,✅ Auto-accepted confident match
4obHzpwGrjoTuZh2DItEMZ,Morgan Wallen,7 Summers,210.5,automatic,1,Db_mZ_2gtLg,https://www.youtube.com/watch?v=Db_mZ_2gtLg,Morgan Wallen - 7 Summers (Lyric Video),Morgan Wallen,211.0,+0.5,✅ Auto-accepted confident match
3FAJ6O0NOHQV8Mc5Ri6ENp,GIVĒON,Heartbreak Anniversary,198.4,automatic,1,nja_0BaQcNg,https://www.youtube.com/watch?v=nja_0BaQcNg,GIVĒON - Heartbreak Anniversary (Official Audio),GIVĒON,199.0,+0.6,✅ Auto-accepted confident match
0A1hoCfMLkiAgvhWkkucJa,Megan Thee Stallion,Body,171.1,automatic,1,7PBYGu4Az8s,https://www.youtube.com/watch?v=7PBYGu4Az8s,Megan Thee Stallion - Body [Official Video],Megan Thee Stallion,174.0,+2.9,✅ Auto-accepted confident match
3Uo7WG0vmLQ07WB4BDwy7D,Taylor Swift,willow,214.7,automatic,1,7EvwIw4gIyk,https://www.youtube.com/watch?v=7EvwIw4gIyk,Taylor Swift - willow (Official Lyric Video),Taylor Swift,221.0,+6.3,✅ Auto-accepted confident match
0uRrG2jRR5tuifsYIJHEao,Morgan Wallen,Sand In My Boots,202.1,automatic,1,7pnlOJl1m78,https://www.youtube.com/watch?v=7pnlOJl1m78,Morgan Wallen - Sand In My Boots (Official Lyric Video),Morgan Wallen,200.0,-2.1,✅ Auto-accepted confident match
0PvFJmanyNQMseIFrU708S,Pop Smoke,For The Night,190.5,automatic,1,Q9pjm4cNsfc,https://www.youtube.com/watch?v=Q9pjm4cNsfc,"Pop Smoke - For The Night (Visualizer) (Official) ft. Lil Baby, DaBaby",POP SMOKE,192.0,+1.5,✅ Auto-accepted confident match
5uEYRdEIh9Bo4fpjDd4Na9,Travis Scott,Goosebumps - Remix,162.8,automatic,1,XULMZ907ios,https://www.youtube.com/watch?v=XULMZ907ios,"Travis Scott, HVME - Goosebumps (Remix - Official Audio)",Travis Scott,165.0,+2.2,✅ Auto-accepted confident match
6toQdWWc4noiOk3Eo5mVDS,SpotemGottem,Beat Box 3,200.4,automatic,1,3Oh6MehLLaw,https://www.youtube.com/watch?v=3Oh6MehLLaw,SPOTEMGOTTEM ft. DaBaby - Beat Box 3 (Official Audio),SPOTEM GOTTEM,201.0,+0.6,✅ Auto-accepted confident match
01FvQEvHETjWqcDpQDJdTb,Morgan Wallen,Your Bartender,185.1,automatic,1,ytvUarkM6rw,https://www.youtube.com/watch?v=ytvUarkM6rw,Morgan Wallen - Your Bartender (Official Lyric Video),Morgan Wallen,186.0,+0.9,✅ Auto-accepted confident match
6u3CPnFMKANYgfdiifFOiJ,Brent Faiyaz,Gravity,214.7,automatic,1,3MtoSSfnhMc,https://www.youtube.com/watch?v=3MtoSSfnhMc,"Brent Faiyaz - GRAVITY FEAT. TYLER, THE CREATOR [Official Audio]",Brent Faiyaz,215.0,+0.3,✅ Auto-accepted confident match
0oaY19dUwZimIgzn3ZZLZO,Justin Bieber,2 Much,152.8,automatic,1,JKPp3Kshb7c,https://www.youtube.com/watch?v=JKPp3Kshb7c,Justin Bieber - 2 Much (Visualizer),Justin Bieber,153.0,+0.2,✅ Auto-accepted confident match
5UMMPHPp6vRP6ghPpSUOzp,NF,CLOUDS,243.8,user_or_pattern_selected (ambiguous),2,pvTcdKo5ejQ,https://www.youtube.com/watch?v=pvTcdKo5ejQ,NF - Clouds (Lyrics),Unique Sound,244,+0.2s,"✅ Tự động chọn theo pattern của bạn (Audio / Lyrics khớp sát thời lượng, lệch +0.2ss)"
2MbdDtCv5LUVjYy9RuGTgC,Jack Harlow,WHATS POPPIN,227.5,automatic,1,HIwAI05Y1fU,https://www.youtube.com/watch?v=HIwAI05Y1fU,"Jack Harlow - WHATS POPPIN feat. Dababy, Tory Lanez, & Lil Wayne [Official Video]",Jack Harlow,228.0,+0.5,✅ Auto-accepted confident match
21jGcNKet2qwijlDFuPiPb,Post Malone,Circles,215.3,automatic,1,wXhTHyIgQ_U,https://www.youtube.com/watch?v=wXhTHyIgQ_U,Post Malone - Circles,Post Malone,227.0,+11.7,✅ Auto-accepted confident match
30KctD1WsHKTIYczXjip5a,Kid Cudi,Tequila Shots,193.3,automatic,1,lZcRSy0sk5w,https://www.youtube.com/watch?v=lZcRSy0sk5w,Kid Cudi - Tequila Shots (Official Visualizer),Kid Cudi,195.0,+1.7,✅ Auto-accepted confident match
7eX3um6NpOQKWJMGCi97XD,Lil Baby,Real As It Gets,192.8,automatic,1,N4KOrbFl-Co,https://www.youtube.com/watch?v=N4KOrbFl-Co,Real As It Gets,Lil Baby Official ,193.0,+0.2,✅ Auto-accepted confident match
3wkKkFAtYSTRwqOydW6T0I,Mike Posner,Please Don't Go,196.8,automatic,1,HpixdTlYlKU,https://www.youtube.com/watch?v=HpixdTlYlKU,Mike Posner - Please Don't Go (Official Video),Mike Posner,196.0,-0.8,✅ Auto-accepted confident match
0WSa1sucoNRcEeULlZVQXj,Bring Me The Horizon,Can You Feel My Heart,227.3,automatic,1,QJJYpsA5tv8,https://www.youtube.com/watch?v=QJJYpsA5tv8,Bring Me The Horizon - Can You Feel My Heart,Bring Me The Horizon,229.0,+1.7,✅ Auto-accepted confident match
7E2C5rBLpCKwQlhJPVFBRS,Yung Bleu,You’re Mines Still,226.2,automatic,1,_bptrMV3zHE,https://www.youtube.com/watch?v=_bptrMV3zHE,Yung Bleu - You're Mines Still (feat. Drake) [Official Video],Yung Bleu,258.0,+31.8,✅ Auto-accepted confident match
4R2kfaDFhslZEMJqAFNpdd,Taylor Swift,cardigan,239.6,automatic,1,zLSUp53y-HQ,https://www.youtube.com/watch?v=zLSUp53y-HQ,Taylor Swift - cardigan (Official Lyric Video),Taylor Swift,241.0,+1.4,✅ Auto-accepted confident match
0AUvWawuP0ibk4SQ3sIZjk,Ashnikko,Daisy,146.5,automatic,1,viOphn9jZtA,https://www.youtube.com/watch?v=viOphn9jZtA,Ashnikko - Daisy (Official Audio),Ashnikko,146.0,-0.5,✅ Auto-accepted confident match
6Gg1gjgKi2AK4e0qzsR7sd,Juice WRLD,Bandit,189.3,user_or_pattern_selected (ambiguous),1,Sw5fNI400E4,https://www.youtube.com/watch?v=Sw5fNI400E4,Juice WRLD - Bandit ft. NBA Youngboy (Official Music Video),Lyrical Lemonade,191,+1.7s,"✅ Tự động chọn theo pattern của bạn (Audio / Lyrics khớp sát thời lượng, lệch +1.7ss)"
0GzuHFG4Ql6DoyxFRnIk3F,Maluma,Hawái - Remix,200.0,automatic,1,91vECNhvmMY,https://www.youtube.com/watch?v=91vECNhvmMY,"Maluma, The Weeknd - Hawái (Remix - Official Video)",Maluma,224.0,+24.0,✅ Auto-accepted confident match
7eBqSVxrzQZtK2mmgRG6lC,YNW Melly,Murder On My Mind,268.4,automatic,1,hqDinxaPUK4,https://www.youtube.com/watch?v=hqDinxaPUK4,YNW Melly - Murder On My Mind [Official Video],YNW Melly,297.0,+28.6,✅ Auto-accepted confident match
3nS9a01VvXHQriLqJYwRqG,Gunna,DOLLAZ ON MY HEAD,197.8,automatic,1,lxZllACzsrU,https://www.youtube.com/watch?v=lxZllACzsrU,Gunna - DOLLAZ ON MY HEAD (feat. Young Thug) [Official Audio],Gunna,198.0,+0.2,✅ Auto-accepted confident match
7dH9TPjTWQ60wOJkmYay8a,Internet Money,Blastoff,174.7,automatic,1,MxqzJnK92Gs,https://www.youtube.com/watch?v=MxqzJnK92Gs,Blastoff (feat. Juice WRLD),Internet Money - Topic,175.0,+0.3,✅ Auto-accepted confident match
2JPLbjOn0wPCngEot2STUS,Bad Bunny,Yonaguni,206.7,automatic,1,doLMt10ytHY,https://www.youtube.com/watch?v=doLMt10ytHY,Bad Bunny - Yonaguni  (Official Video),Bad Bunny,211.0,+4.3,✅ Auto-accepted confident match
2TOzTqQXNmR2zDJXihjZ2e,Olivia Rodrigo,enough for you,202.8,automatic,1,AqRXiQkyxvI,https://www.youtube.com/watch?v=AqRXiQkyxvI,Olivia Rodrigo - enough for you (Lyric Video),Olivia Rodrigo,204.0,+1.2,✅ Auto-accepted confident match
4wcBRRpIfesgcyUtis7PEg,Olivia Rodrigo,"1 step forward, 3 steps back",163.6,automatic,1,w-HfMiue7-k,https://www.youtube.com/watch?v=w-HfMiue7-k,"Olivia Rodrigo - 1 step forward, 3 steps back (Lyric Video)",Olivia Rodrigo,165.0,+1.4,✅ Auto-accepted confident match
5R691ipUYRDYW6ehapjoj6,J. Cole,9 5 . s o u t h,196.9,automatic,1,g3mVwt0B6G4,https://www.youtube.com/watch?v=g3mVwt0B6G4,J. Cole - 9 5 . s o u t h (Official Audio),J. Cole,197.0,+0.1,✅ Auto-accepted confident match
08LwMWf5Tcfsd752EPzFV0,J. Cole,i n t e r l u d e,133.0,automatic,1,XK60CAyxqfE,https://www.youtube.com/watch?v=XK60CAyxqfE,J. Cole - i n t e r l u d e (Official Audio),J. Cole,132.0,-1.0,✅ Auto-accepted confident match
77sMIMlNaSURUAXq5coCxE,Taylor Swift,Fearless (Taylor’s Version),241.6,automatic,1,7lLigiVgJsE,https://www.youtube.com/watch?v=7lLigiVgJsE,Taylor Swift - Fearless (Taylor's Version) (Lyric Video),Taylor Swift,245.0,+3.4,✅ Auto-accepted confident match
4eNOLmx8r2IJAVKvBBL1jv,Lil Tjay,Headshot,144.3,automatic,1,aT_nFiTkxy8,https://www.youtube.com/watch?v=aT_nFiTkxy8,Lil Tjay - Headshot (feat. Polo G & Fivio Foreign) (Official Audio),Lil Tjay,145.0,+0.7,✅ Auto-accepted confident match
3YJJjQPAbDT7mGpX3WtQ9A,SZA,Good Days,279.2,automatic,1,0BdlKkvjEgA,https://www.youtube.com/watch?v=0BdlKkvjEgA,SZA - Good Days (Audio),SZA,281.0,+1.8,✅ Auto-accepted confident match
5zNW5ARjYhJQJz1AChP33n,Megan Thee Stallion,Thot Shit,184.6,user_or_pattern_selected (no_confident_match),1,K4KlIFJxlNU,https://www.youtube.com/watch?v=K4KlIFJxlNU,Megan Thee Stallion - Thot Shit [Official Audio],Megan Thee Stallion,185,+0.4s,"✅ Tự động chọn theo pattern của bạn (Kênh Chính thức / Topic / Label, lệch +0.4ss)"
2etHQJxIbV0soyPhelVs9Y,Saweetie,Best Friend,155.9,user_or_pattern_selected (ambiguous),4,5cIlW_bPDJw,https://www.youtube.com/watch?v=5cIlW_bPDJw,Saweetie feat. Doja Cat - Best Friend | Lyrics,Dark City Sounds,156,+0.1s,"✅ Tự động chọn theo pattern của bạn (Audio / Lyrics khớp sát thời lượng, lệch +0.1ss)"
2xdwCJLfKCkat14mlgR26M,Billie Eilish,Lost Cause,212.5,automatic,1,OybFOQyFd4o,https://www.youtube.com/watch?v=OybFOQyFd4o,Billie Eilish - Lost Cause (Official Lyric Video),Billie Eilish,213.0,+0.5,✅ Auto-accepted confident match
5pcjystBtalYeqaiXCcgEY,Taylor Swift,You All Over Me,220.8,automatic,1,XKaMUm7YwZc,https://www.youtube.com/watch?v=XKaMUm7YwZc,Taylor Swift ft. Maren Morris - You All Over Me (From The Vault) (Official Lyric Video),Taylor Swift,223.0,+2.2,✅ Auto-accepted confident match
0cu0rhnlCnJ7JIeHRiLpj3,DaBaby,Ball If I Want To,112.5,automatic,1,yizGboceUvY,https://www.youtube.com/watch?v=yizGboceUvY,Ball If I Want To,DaBaby,113.0,+0.5,✅ Auto-accepted confident match
35mvY5S1H3J2QZyna3TFe0,Ariana Grande,positions,172.3,automatic,1,tcYodQoapMg,https://www.youtube.com/watch?v=tcYodQoapMg,Ariana Grande - positions (official video),Ariana Grande,178.0,+5.7,✅ Auto-accepted confident match
1EJIcDYXwSqipW5dFe4uJz,DJ Khaled,EVERY CHANCE I GET,236.5,automatic,1,EiorfqhiJAY,https://www.youtube.com/watch?v=EiorfqhiJAY,"DJ Khaled - EVERY CHANCE I GET (Official Audio) ft. Lil Baby, Lil Durk",DJ Khaled,239.0,+2.5,✅ Auto-accepted confident match
03ERnTvSV5fy8WAyvA4uNP,Kevin Gates,Big Gangsta,243.5,automatic,1,B4lvu3kN9WY,https://www.youtube.com/watch?v=B4lvu3kN9WY,Kevin Gates - big gangsta (official music vidoe),Kevin Gates,244.0,+0.5,✅ Auto-accepted confident match
4TIqzdAssasqx3DAe6cG9J,Joyner Lucas,Ramen & OJ,218.4,automatic,1,eFEjDCMNqYs,https://www.youtube.com/watch?v=eFEjDCMNqYs,Joyner Lucas & Lil Baby - Ramen & OJ,Joyner Lucas,219.0,+0.6,✅ Auto-accepted confident match
4qu63nuBpdn0qHUHuObEj1,Marshmello,Leave Before You Love Me,155.0,automatic,1,hmUyEDG7Jy0,https://www.youtube.com/watch?v=hmUyEDG7Jy0,Marshmello x Jonas Brothers - Leave Before You Love Me (Official Music Video),Marshmello,165.0,+10.0,✅ Auto-accepted confident match
6vFsBXYczYsP0H3lgunZOm,Beach Bunny,Cloud 9,147.3,automatic,1,FzE3rmm-yO0,https://www.youtube.com/watch?v=FzE3rmm-yO0,Beach Bunny - Cloud 9 (feat. Tegan and Sara) [Official Lyric Video],Beach Bunny,155.0,+7.7,✅ Auto-accepted confident match
5pRTz4O2qOkr5nawemy6Wb,Rod Wave,Tombstone,160.1,automatic,1,wo9AlOrQ3iE,https://www.youtube.com/watch?v=wo9AlOrQ3iE,Rod Wave - Tombstone (Official Video),RodWave,174.0,+13.9,✅ Auto-accepted confident match
550erGcdD9n6PnwxrvYqZT,Taylor Swift,Hey Stephen (Taylor’s Version),254.3,automatic,1,tMhiHrL7rPE,https://www.youtube.com/watch?v=tMhiHrL7rPE,Taylor Swift - Hey Stephen (Taylor's Version) (Lyric Video),Taylor Swift,257.0,+2.7,✅ Auto-accepted confident match
2Ox2c1WEJDeQCHTXPE3YKM,Moneybagg Yo,Shottas (Lala),122.7,automatic,1,5U3WqcrLgVY,https://www.youtube.com/watch?v=5U3WqcrLgVY,Moneybagg Yo - Shottas (Lala) (Official Audio),MoneyBagg Yo,124.0,+1.3,✅ Auto-accepted confident match
1yOL7ZiXGx5ULeLoktAUAg,MARINA,Bubblegum Bitch,154.7,user_or_pattern_selected (ambiguous),2,n3M4GrEEQTI,https://www.youtube.com/watch?v=n3M4GrEEQTI,Marina and The Diamonds - Bubblegum Bitch [Official Audio],Music Lover,155,+0.3s,"✅ Tự động chọn theo pattern của bạn (Audio / Lyrics khớp sát thời lượng, lệch +0.3ss)"
6vQnpXl0KvwTfLpIhoOLHc,Polo G,Boom,126.6,automatic,1,-vnStM-iV7M,https://www.youtube.com/watch?v=-vnStM-iV7M,Polo G - Boom (Official Audio),Polo G,129.0,+2.4,✅ Auto-accepted confident match
0hxRyDVC61KlZGS6m2Min4,AJR,3 O'Clock Things,228.4,automatic,1,4OgyPJmTtuo,https://www.youtube.com/watch?v=4OgyPJmTtuo,AJR - 3 O’Clock Things (Official Audio),AJR,229.0,+0.6,✅ Auto-accepted confident match
6AGOKlMZWLCaEJGnaROtF9,Ritt Momney,Put Your Records On,210.5,automatic,1,qmZ0mV-rHTw,https://www.youtube.com/watch?v=qmZ0mV-rHTw,Ritt Momney - Put Your Records On (Official Audio),Ritt Momney,211.0,+0.5,✅ Auto-accepted confident match
0I1eFRytp4XRhLCjT6tZm7,Roar,I Can't Handle Change,198.2,user_or_pattern_selected (ambiguous),1,f1V0cQFyC7E,https://www.youtube.com/watch?v=f1V0cQFyC7E,Roar - I Can’t Handle Change,MarsMusic,199,+0.8s,"✅ Tự động chọn theo pattern của bạn (Audio / Lyrics khớp sát thời lượng, lệch +0.8ss)"
2NnJpRXIlx35Vij3bPZO0h,mgk,DAYWALKER!,137.7,automatic,1,AGJMkMCL4h4,https://www.youtube.com/watch?v=AGJMkMCL4h4,DAYWALKER!,mgk,138.0,+0.3,✅ Auto-accepted confident match
3krZxyBsWEHfEfJegYaWTd,H.E.R.,Come Through,214.1,automatic,1,0T3fZiE7Feg,https://www.youtube.com/watch?v=0T3fZiE7Feg,H.E.R. - Come Through (Visualizer) ft. Chris Brown,H.E.R.,215.0,+0.9,✅ Auto-accepted confident match
1edgaGx2x2AQeWtL2OPEMW,Twenty One Pilots,Never Take It,212.7,automatic,1,h3qm1wwkZ48,https://www.youtube.com/watch?v=h3qm1wwkZ48,Twenty One Pilots - Never Take It (Lyric Video),twenty one pilots,213.0,+0.3,✅ Auto-accepted confident match
2eAZfqOm4EnOF9VvN50Tyc,Lil Uzi Vert,The Way Life Goes,221.7,automatic,1,Vi2XaiKhgiU,https://www.youtube.com/watch?v=Vi2XaiKhgiU,Lil Uzi Vert - The Way Life Goes [Official Visualizer],LIL UZI VERT,222.0,+0.3,✅ Auto-accepted confident match
6jy9yJfgCsMHdu2Oz4BGKX,Drake,Papi’s Home,178.6,automatic,1,RJDZBozre1g,https://www.youtube.com/watch?v=RJDZBozre1g,Drake - Papi’s Home (Audio),Drake,179.0,+0.4,✅ Auto-accepted confident match
5B0kgjHULYJhAQkK5XsMoC,"Tyler, The Creator",WUSYANAME,121.6,automatic,1,NJea386275c,https://www.youtube.com/watch?v=NJea386275c,"Tyler, The Creator - WUSYANAME (Official Video)","Tyler, The Creator",121.0,-0.6,✅ Auto-accepted confident match
3yaYgjEFkRw3PVjW9mV1TO,Smiley,Over The Top,153.4,automatic,1,sfUenkTjvxw,https://www.youtube.com/watch?v=sfUenkTjvxw,Smiley - Over The Top (feat. Drake) [Official Lyric Video],Smiley,154.0,+0.6,✅ Auto-accepted confident match
3SYLoL8KHxdQPYIkfwmUjN,Kanye West,Remote Control,198.6,automatic,1,0Rtek05tOKU,https://www.youtube.com/watch?v=0Rtek05tOKU,Kanye West - Remote Control (Audio),Kanye West,199.0,+0.4,✅ Auto-accepted confident match
3JJL91ilRV6fXhKqu0FGXs,"Tyler, The Creator",HOT WIND BLOWS,155.3,automatic,1,fwGs72ihIeI,https://www.youtube.com/watch?v=fwGs72ihIeI,HOT WIND BLOWS (Audio),"Tyler, The Creator",156.0,+0.7,✅ Auto-accepted confident match
4zbr7Cp3UB00FurUovPU03,Trippie Redd,Matt Hardy 999,188.0,automatic,1,pU-4JhxWTak,https://www.youtube.com/watch?v=pU-4JhxWTak,Trippie Redd – Matt Hardy 999 Ft. Juice WRLD (Official Lyric Video),Trippie Redd,185.0,-3.0,✅ Auto-accepted confident match
1JXBNvlDEl2epKSJ9EOgKX,The Kid LAROI,Not Sober,216.0,automatic,1,cFD9KnwQgQY,https://www.youtube.com/watch?v=cFD9KnwQgQY,The Kid LAROI - Not Sober (feat. Polo G and Stunna Gambino) (Official Video),The Kid LAROI.,229.0,+13.0,✅ Auto-accepted confident match
73uxnSsFMeJ15POpd3zgrV,Kanye West,Believe What I Say,242.4,automatic,1,Qp-O4eIUgf0,https://www.youtube.com/watch?v=Qp-O4eIUgf0,Kanye West - Believe What I Say (Audio),Kanye West,243.0,+0.6,✅ Auto-accepted confident match
50ceCGZ3oD3U5caQV5bP6f,Drake,You Only Live Twice,213.1,automatic,1,x6Nr6EX3AwY,https://www.youtube.com/watch?v=x6Nr6EX3AwY,"Drake - You Only Live Twice (Audio) ft. Lil Wayne, Rick Ross",Drake,214.0,+0.9,✅ Auto-accepted confident match
7zQirOExB0VR8yWUOqYeio,Lil Nas X,DOLLA SIGN SLIME,145.1,automatic,1,wuh6YqcQgmM,https://www.youtube.com/watch?v=wuh6YqcQgmM,Lil Nas X - DOLLA SIGN SLIME ft. Megan Thee Stallion,Lil Nas X,146.0,+0.9,✅ Auto-accepted confident match
1PDP7mLiAMwhfmgIwzhOm2,Drake,Yebba’s Heartbreak,133.8,automatic,1,5WK7-Cvpjgk,https://www.youtube.com/watch?v=5WK7-Cvpjgk,Yebba’s Heartbreak,Drake,134.0,+0.2,✅ Auto-accepted confident match
6DZz58CbF0AKw5PCKqNKcM,Kanye West,Come to Life,310.4,automatic,1,7SsrVGHJvaA,https://www.youtube.com/watch?v=7SsrVGHJvaA,Kanye West - Come to Life (Official Video),Kanye West,308.0,-2.4,✅ Auto-accepted confident match
48WidxP9CqyYtk97pwGZ3c,Brent Faiyaz,Wasting Time ( feat. Drake ),301.3,automatic,1,KJViHi-dSxY,https://www.youtube.com/watch?v=KJViHi-dSxY,Brent Faiyaz Ft Drake - Wasting Time [Official Audio],Brent Faiyaz,300.0,-1.3,✅ Auto-accepted confident match
4vsJWPwWPS27gRM4oLjBNO,Lil Nas X,DONT WANT IT,130.9,automatic,1,ROEhuRhrhvE,https://www.youtube.com/watch?v=ROEhuRhrhvE,Lil Nas X - DONT WANT IT,Lil Nas X,132.0,+1.1,✅ Auto-accepted confident match
4wONXG4GqWSscEyZlx300W,Kacey Musgraves,justified,180.8,user_or_pattern_selected (ambiguous),2,0pcN97R5ogs,https://www.youtube.com/watch?v=0pcN97R5ogs,KACEY MUSGRAVES - justified (official lyric video),★ 𝑲𝒂𝒄𝒆𝒚 𝑴𝒖𝒔𝒈𝒓𝒂𝒗𝒆𝒔 ★,193,+12.2s,"✅ Tự động chọn theo pattern của bạn (Candidate tốt nhất trong nhóm, lệch +12.2ss)"
3JR2RztQcOjUQGQSybxDIO,Lil Nas X,ONE OF ME,161.7,automatic,1,BrScfc9hKAs,https://www.youtube.com/watch?v=BrScfc9hKAs,ONE OF ME,Lil Nas X,162.0,+0.3,✅ Auto-accepted confident match
2BITQ360Knh6qNAOqR7Dyq,Trippie Redd,Miss The Rage,236.9,automatic,1,e9u0HmXLPmA,https://www.youtube.com/watch?v=e9u0HmXLPmA,Trippie Redd – Miss The Rage ft. Playboi Carti (Official Visualizer),Trippie Redd,238.0,+1.1,✅ Auto-accepted confident match
1058fW9H3fZA6QjYCdOBad,Camila Cabello,Don't Go Yet,164.8,automatic,1,0Kx3sobEBFE,https://www.youtube.com/watch?v=0Kx3sobEBFE,Camila Cabello - Don't Go Yet (Official Video),Camila Cabello,183.0,+18.2,✅ Auto-accepted confident match
08XWh5c0BMyD1nKVxxl91z,Drake,Fountains,192.4,automatic,1,pwtWYFUwenE,https://www.youtube.com/watch?v=pwtWYFUwenE,Drake - Fountains (Audio) ft. Tems,Drake,193.0,+0.6,✅ Auto-accepted confident match
19n8izXThARSuQAXrOKNbO,$uicideboy$,Avalon,140.9,automatic,1,wFmAafUTJn0,https://www.youtube.com/watch?v=wFmAafUTJn0,$UICIDEBOY$ - AVALON (Official Lyric Video),$uicideboy$,141.0,+0.1,✅ Auto-accepted confident match
0G2zPzWqVjR68iNPmx2TBe,Mora,Volando - Remix,273.5,automatic,1,P982oehprfY,https://www.youtube.com/watch?v=P982oehprfY,Mora x Bad Bunny x Sech - Volando Remix (Video Oficial),Mora,274.0,+0.5,✅ Auto-accepted confident match
3MmvQKMKdN3UhVS3eGzJIW,Pop Smoke,Brush Em,150.4,automatic,1,poFHxwsx_bE,https://www.youtube.com/watch?v=poFHxwsx_bE,Pop Smoke - Brush Em feat. Rah Swish (Official Lyric Video),POP SMOKE,151.0,+0.6,✅ Auto-accepted confident match
1ZIKpMTRPqhwAoVXWY3tXI,Ryan Hurd,Chasing After You,208.0,automatic,1,yKXw_MMm0UA,https://www.youtube.com/watch?v=yKXw_MMm0UA,"Ryan Hurd, Maren Morris - Chasing After You (Official Video)",Ryan Hurd,217.0,+9.0,✅ Auto-accepted confident match
0nqhKXDjsyBMvbeWmgijD0,Moneybagg Yo,Wockesha,180.9,automatic,1,AAhcBx5Bl-Y,https://www.youtube.com/watch?v=AAhcBx5Bl-Y,Moneybagg Yo - Wockesha (Official Audio),MoneyBagg Yo,183.0,+2.1,✅ Auto-accepted confident match
7hxHWCCAIIxFLCzvDgnQHX,Internet Money,Lemonade,195.4,automatic,1,0S_-StFLKqU,https://www.youtube.com/watch?v=0S_-StFLKqU,"Internet Money – Lemonade Ft. Don Toliver, Gunna & NAV (Official Lyric Video)",Internet Money,196.0,+0.6,✅ Auto-accepted confident match
4LYNt6hWctTuZWYiwafuD6,Trippie Redd,Danny Phantom,136.4,automatic,1,RC-7bOjdiRw,https://www.youtube.com/watch?v=RC-7bOjdiRw,Trippie Redd – Danny Phantom ft. XXXtentacion (Official Lyric Video),Trippie Redd,137.0,+0.6,✅ Auto-accepted confident match
7fBv7CLKzipRk6EC6TWHOB,The Weeknd,The Hills,242.3,automatic,1,G5XpJP7f_SE,https://www.youtube.com/watch?v=G5XpJP7f_SE,The Hills,The Weeknd,243.0,+0.7,✅ Auto-accepted confident match
72dummgz1gSqm8faekYYQh,Kanye West,Jesus Lord pt 2,690.7,automatic,1,HWzLbfkoztE,https://www.youtube.com/watch?v=HWzLbfkoztE,Kanye West - Jesus Lord pt 2 (Audio),Kanye West,691.0,+0.3,✅ Auto-accepted confident match
4OAuvHryIVv4kMDNSLuPt6,Taylor Swift,Red (Taylor's Version),223.1,automatic,1,R_rUYuFtNO4,https://www.youtube.com/watch?v=R_rUYuFtNO4,Taylor Swift - Red (Taylor's Version) (Lyric Video),Taylor Swift,221.0,-2.1,✅ Auto-accepted confident match
7qM1BWAsZMTYh4BcYLb0uQ,Juice WRLD,Already Dead,231.0,automatic,1,EAfckg0ORS4,https://www.youtube.com/watch?v=EAfckg0ORS4,Juice WRLD - Already Dead (Official Audio),Juice WRLD,232.0,+1.0,✅ Auto-accepted confident match
2BcMwX1MPV6ZHP4tUT9uq6,Drake,Knife Talk,243.0,automatic,1,XqpQpt_cmhE,https://www.youtube.com/watch?v=XqpQpt_cmhE,"Drake - Knife Talk (Official Video) ft. 21 Savage, Project Pat",Drake,245.0,+2.0,✅ Auto-accepted confident match
3QFInJAm9eyaho5vBzxInN,Baby Keem,family ties,252.3,automatic,1,v6HBZC9pZHQ,https://www.youtube.com/watch?v=v6HBZC9pZHQ,"Baby Keem, Kendrick Lamar - family ties (Official Video)",Baby Keem,260.0,+7.7,✅ Auto-accepted confident match
08F16baYbciTva9P4BvpiI,Travis Scott,MAFIA,240.0,automatic,1,89hJPNSNlFM,https://www.youtube.com/watch?v=89hJPNSNlFM,Travis Scott - MAFIA (Official Audio),Travis Scott,242.0,+2.0,✅ Auto-accepted confident match
46IZ0fSY2mpAiktS3KOqds,Adele,Easy On Me,224.7,automatic,1,X-yIEMduRXk,https://www.youtube.com/watch?v=X-yIEMduRXk,Adele - Easy On Me (Official Lyric Video),Adele,226.0,+1.3,✅ Auto-accepted confident match
3S7HNKPakdwNEBFIVTL6dZ,Taylor Swift,Treacherous (Taylor's Version),242.7,automatic,1,u1D1AgDfreg,https://www.youtube.com/watch?v=u1D1AgDfreg,Taylor Swift - Treacherous (Taylor's Version) (Lyric Video),Taylor Swift,241.0,-1.7,✅ Auto-accepted confident match
4IQkfUsrwXol38VV3U7t7T,Taylor Swift,Run,240.2,user_or_pattern_selected (ambiguous),1,flv8AEWrRMI,https://www.youtube.com/watch?v=flv8AEWrRMI,Taylor Swift - Run (Taylor's Version) (From The Vault) (Lyric Video) ft. Ed Sheeran,Taylor Swift,241,+0.8s,"✅ Tự động chọn theo pattern của bạn (Kênh Chính thức / Topic / Label, lệch +0.8ss)"
3yII7UwgLF6K5zW3xad3MP,Taylor Swift,22 (Taylor's Version),231.0,automatic,1,9boiT64sm0Q,https://www.youtube.com/watch?v=9boiT64sm0Q,Taylor Swift - 22 (Taylor's Version) (Lyric Video),Taylor Swift,232.0,+1.0,✅ Auto-accepted confident match
5R4Yrc2j4jw1itr4hKcN26,Juice WRLD,Feline,212.2,automatic,1,DP_Qlt9CSiY,https://www.youtube.com/watch?v=DP_Qlt9CSiY,Juice WRLD - Feline (with Polo G & Trippie Redd) [Official Audio],Juice WRLD,213.0,+0.8,✅ Auto-accepted confident match
08SB2OtZkaliju77WYEKxk,Summer Walker,No Love,231.5,automatic,1,IhSPyR72CqM,https://www.youtube.com/watch?v=IhSPyR72CqM,Summer Walker - No Love (ft. SZA) [Lyric Video],Summer Walker,232.0,+0.5,✅ Auto-accepted confident match
496vIKS2INz840xZaKncvR,Adele,All Night Parking,161.8,user_or_pattern_selected (ambiguous),1,vjtbafmOjcY,https://www.youtube.com/watch?v=vjtbafmOjcY,Adele - All Night Parking (with Erroll Garner) Interlude (Official Lyric Video),Adele,163,+1.2s,"✅ Tự động chọn theo pattern của bạn (Kênh Chính thức / Topic / Label, lệch +1.2ss)"
4RVwu0g32PAqgUiJoXsdF8,Billie Eilish,Happier Than Ever,298.9,automatic,1,5GJWxDKyk3A,https://www.youtube.com/watch?v=5GJWxDKyk3A,Billie Eilish - Happier Than Ever (Official Music Video),Billie Eilish,316.0,+17.1,✅ Auto-accepted confident match
4XvcHTUfIlWfyJTRG0aqlo,Sleepy Hallow,2055,124.0,automatic,1,y1xZ_kAhjMc,https://www.youtube.com/watch?v=y1xZ_kAhjMc,Sleepy Hallow - 2055 (Official Video),Sleepy Hallow,123.0,-1.0,✅ Auto-accepted confident match
4CkgMiMqZ5JzW9iYXSTMTL,Taylor Swift,I Bet You Think About Me,285.1,user_or_pattern_selected (ambiguous),2,AccGdO5XeZY,https://www.youtube.com/watch?v=AccGdO5XeZY,I Bet You Think About Me (Taylor's Version) (From The Vault) (Lyric Video),Taylor Swift,289,+3.9s,"✅ Tự động chọn theo pattern của bạn (Kênh Chính thức / Topic / Label, lệch +3.9ss)"
6Uj1ctrBOjOas8xZXGqKk4,Doja Cat,Woman,172.6,automatic,1,2V_uAAAH-_Q,https://www.youtube.com/watch?v=2V_uAAAH-_Q,Doja Cat - Woman (Official Visualizer),Doja Cat,174.0,+1.4,✅ Auto-accepted confident match
73qMN9bXy7MSPwwGfH3wQr,Taylor Swift,Sad Beautiful Tragic (Taylor's Version),284.8,automatic,1,jQfB4Gahi3I,https://www.youtube.com/watch?v=jQfB4Gahi3I,Taylor Swift - Sad Beautiful Tragic (Taylor's Version) (Lyric Video),Taylor Swift,286.0,+1.2,✅ Auto-accepted confident match
6pYNq0ZwpPVazKzsqpf0G8,Taylor Swift,The Very First Night (Taylor's Version) (From The Vault),200.3,automatic,1,rVuyi-dPMIc,https://www.youtube.com/watch?v=rVuyi-dPMIc,Taylor Swift - The Very First Night (Taylor's Version) (From The Vault) (Lyric Video),Taylor Swift,203.0,+2.7,✅ Auto-accepted confident match
6G2xXQRSZlEzYsUEb3uvuR,Ivan Cornejo,Está Dañada,214.1,automatic,1,rBLLbgD0FsM,https://www.youtube.com/watch?v=rBLLbgD0FsM,Ivan Cornejo - Está Dañada (Video Oficial),Manzana Records,217.0,+2.9,✅ Auto-accepted confident match
2pXpURmn6zC5ZYDMms6fwa,Perry Como,It's Beginning to Look a Lot Like Christmas,155.9,automatic,1,KmddeUJJEuU,https://www.youtube.com/watch?v=KmddeUJJEuU,It's Beginning to Look a Lot Like Christmas (Official Audio),Perry Como,157.0,+1.1,✅ Auto-accepted confident match
6tjituizSxwSmBB5vtgHZE,Michael Bublé,Holly Jolly Christmas,119.8,automatic,1,Dkq3LD-4pmM,https://www.youtube.com/watch?v=Dkq3LD-4pmM,Michael Bublé - Holly Jolly Christmas [Official HD],Michael Bublé,122.0,+2.2,✅ Auto-accepted confident match
5xlS0QkVrSH7ssEbBgBzbM,The Beach Boys,Little Saint Nick - 1991 Remix,118.8,automatic,1,AbgxDgVmMF0,https://www.youtube.com/watch?v=AbgxDgVmMF0,The Beach Boys - Little Saint Nick (1991 Remix/Lyric Video),The Beach Boys,128.0,+9.2,✅ Auto-accepted confident match
3PIDciSFdrQxSQSihim3hN,Mariah Carey,Christmas (Baby Please Come Home),155.5,automatic,1,ah-U9ECRZog,https://www.youtube.com/watch?v=ah-U9ECRZog,Mariah Carey - Christmas (Baby Please Come Home) (Official Audio),Mariah Carey,155.0,-0.5,✅ Auto-accepted confident match
05GsNucq8Bngd9fnd4fRa0,Taylor Swift,Begin Again (Taylor's Version),238.9,automatic,1,dXNZaHuKWNA,https://www.youtube.com/watch?v=dXNZaHuKWNA,Taylor Swift - Begin Again (Taylor's Version) (Lyric Video),Taylor Swift,239.0,+0.1,✅ Auto-accepted confident match
0v36cov6Z6aEV5ZgIlqZMk,Juice WRLD,Rockstar In His Prime,180.8,automatic,1,iT6MEoRywDY,https://www.youtube.com/watch?v=iT6MEoRywDY,Juice WRLD - Rockstar In His Prime (Official Audio),Juice WRLD,181.0,+0.2,✅ Auto-accepted confident match
7H0ya83CMmgFcOhw0UB6ow,Beach House,Space Song,320.5,user_or_pattern_selected (ambiguous),1,RBtlPT23PTM,https://www.youtube.com/watch?v=RBtlPT23PTM,Beach House - Space Song,Sub Pop,321,+0.5s,"✅ Tự động chọn theo pattern của bạn (Audio / Lyrics khớp sát thời lượng, lệch +0.5ss)"
0H1zX27yxoDrsrQA1hk5Uq,Nat King Cole,O Come All Ye Faithful,141.1,automatic,1,9UwpVfZ_LPY,https://www.youtube.com/watch?v=9UwpVfZ_LPY,Nat King Cole - O Come All Ye Faithful (Official Music Video),Nat King Cole,163.0,+21.9,✅ Auto-accepted confident match
1OjmlSFuzYflWjSMTCyTJv,Jonas Brothers,Like It's Christmas,200.9,automatic,1,d_Bb8wRx_T4,https://www.youtube.com/watch?v=d_Bb8wRx_T4,Jonas Brothers - Like It's Christmas (Official Audio),Jonas Brothers,202.0,+1.1,✅ Auto-accepted confident match
1Qi2wh8fFgDV7tl4Sj3f2K,Sam Smith,Have Yourself A Merry Little Christmas,171.0,automatic,1,rnEqv8WcVq8,https://www.youtube.com/watch?v=rnEqv8WcVq8,Sam Smith - Have Yourself A Merry Little Christmas (Official Music Video),SAM SMITH,167.0,-4.0,✅ Auto-accepted confident match
0jNFDcGAXPs5ahngmD5R6n,Don Toliver,XSCAPE,156.2,automatic,1,pNDB4iy0viM,https://www.youtube.com/watch?v=pNDB4iy0viM,Don Toliver - XSCAPE [Official Audio],Don Toliver,157.0,+0.8,✅ Auto-accepted confident match
1VLtjHwRWOVJiE5Py7JxoQ,Polo G,Martin & Gina,132.8,automatic,1,qjI6Gru3Tho,https://www.youtube.com/watch?v=qjI6Gru3Tho,Polo G - Martin & Gina (Official Audio),Polo G,134.0,+1.2,✅ Auto-accepted confident match
22mPEYsHFBwVwjmkwx2cHT,Juice WRLD,Until The Plug Comes Back Around,173.7,automatic,1,xaCvFsCM3GU,https://www.youtube.com/watch?v=xaCvFsCM3GU,Juice WRLD - Until The Plug Comes Back Around (Official Audio),Juice WRLD,174.0,+0.3,✅ Auto-accepted confident match
42ZrMq4BKsWDrrbMnMRYaK,Kanye West,Jail,297.0,automatic,1,IviYsgJXG5k,https://www.youtube.com/watch?v=IviYsgJXG5k,Kanye West - Jail (Audio),Kanye West,297.0,+0.0,✅ Auto-accepted confident match
61Emqg95O9zo1GNOcyxq4Y,GIVĒON,For Tonight,193.8,automatic,1,Sqp0EFjmHI0,https://www.youtube.com/watch?v=Sqp0EFjmHI0,GIVĒON - For Tonight (Official Audio),GIVĒON,196.0,+2.2,✅ Auto-accepted confident match
161DnLWsx1i3u1JT05lzqU,Bruno Mars,Talking to the Moon,217.9,automatic,1,fXw0jcYbqdo,https://www.youtube.com/watch?v=fXw0jcYbqdo,Bruno Mars - Talking To The Moon (Official Lyric Video),Bruno Mars,215.0,-2.9,✅ Auto-accepted confident match
6HJIZUOiZDE814XMhRGSZN,Yahritza Y Su Esencia,Soy El Unico,214.0,automatic,1,4M__yS9pREA,https://www.youtube.com/watch?v=4M__yS9pREA,Yahritza Y Su Esencia - Soy El Unico (Official Video),Yahritza Y Su Esencia,217.0,+3.0,✅ Auto-accepted confident match
42Xba467wgGvYrR2EE6s0i,Juice WRLD,Cigarettes,227.5,automatic,1,Sis_JJZoAfQ,https://www.youtube.com/watch?v=Sis_JJZoAfQ,Juice WRLD - Cigarettes (Official Visualizer),Juice WRLD,228.0,+0.5,✅ Auto-accepted confident match
4SqWKzw0CbA05TGszDgMlc,The Walters,I Love You So,160.2,automatic,1,HZX7MB_m13M,https://www.youtube.com/watch?v=HZX7MB_m13M,The Walters - I Love You So [Official Video],The Walters,172.0,+11.8,✅ Auto-accepted confident match
2Ghp894n1laIf2w98VeAOJ,The Weeknd,How Do I Make You Love Me?,214.2,automatic,1,VLMo0rthnoo,https://www.youtube.com/watch?v=VLMo0rthnoo,The Weeknd - How Do I Make You Love Me? (Official Music Video),The Weeknd,214.0,-0.2,✅ Auto-accepted confident match
3XOalgusokruzA5ZBA2Qcb,Gunna,pushin P,136.3,automatic,1,9g08kucPQtE,https://www.youtube.com/watch?v=9g08kucPQtE,Gunna & Future - pushin P (feat. Young Thug) [Official Audio],Gunna,137.0,+0.7,✅ Auto-accepted confident match
7FlQk2gJ6TBrHHiidvdR2O,Becky G,MAMIII,226.1,automatic,1,vb8wloc4Xpw,https://www.youtube.com/watch?v=vb8wloc4Xpw,"Becky G, KAROL G - MAMIII (Audio)",Becky G,228.0,+1.9,✅ Auto-accepted confident match
6LtHYDgYHRCHoKK3snfr2w,Labrinth,I'm Tired,187.9,automatic,1,ZFe55-p7XJc,https://www.youtube.com/watch?v=ZFe55-p7XJc,Labrinth & Zendaya - I'm Tired (From “Euphoria” An HBO Original Series – Lyric Video),Labrinth,189.0,+1.1,✅ Auto-accepted confident match
6JIC3hbC28JZKZ8AlAqX8h,Elton John,Cold Heart - PNAU Remix,202.7,user_or_pattern_selected (ambiguous),2,oGZ1PVwJyPQ,https://www.youtube.com/watch?v=oGZ1PVwJyPQ,Elton John & Dua Lipa - Cold Heart (PNAU Remix),LatinHype,203,+0.3s,"✅ Tự động chọn theo pattern của bạn (Audio / Lyrics khớp sát thời lượng, lệch +0.3ss)"
0IuVhCflrQPMGRrOyoY5RW,Tate McRae,she's all i wanna be,206.8,automatic,1,uS_y_65CcpA,https://www.youtube.com/watch?v=uS_y_65CcpA,Tate McRae - she's all i wanna be (Official Video),Tate McRae,223.0,+16.2,✅ Auto-accepted confident match
6krYS8KtmNAYyb5uTZiYW4,The Weeknd,Dawn FM,96.2,user_or_pattern_selected (no_confident_match),5,_Tn_I4GVwxg,https://www.youtube.com/watch?v=_Tn_I4GVwxg,Dawn FM,The Weeknd,97.0,+0.8,✅ Đã tự động tìm & thay thế Audio/MV chuẩn do 5 candidate gốc bị lỗi/lệch (Lệch 0.8s)
3XoYqtiWHhsk59frZupImG,Diane Guerrero,What Else Can I Do?,179.4,automatic,1,l8OuOaPpSRI,https://www.youtube.com/watch?v=l8OuOaPpSRI,What Else Can I Do?,Diane Guerrero - Topic,180.0,+0.6,✅ Auto-accepted confident match
7lcI4X8RZxK4zIknJcwpBq,Nicki Minaj,Bussin,136.8,automatic,1,O-M1ITkiptg,https://www.youtube.com/watch?v=O-M1ITkiptg,"Nicki Minaj, Lil Baby - Bussin (Official Audio)",Nicki Minaj,137.0,+0.2,✅ Auto-accepted confident match
79nEEoEPY2w8EXj9hjn5oc,Yung Lean,Ginseng Strip 2002,154.0,user_or_pattern_selected (ambiguous),1,vrQWhFysPKY,https://www.youtube.com/watch?v=vrQWhFysPKY,Yung Lean ♦ Ginseng Strip 2002 ♦,Yung Lean,159,+5.0s,"✅ Tự động chọn theo pattern của bạn (Kênh Chính thức / Topic / Label, lệch +5.0ss)"
0N0h5lXc4HOiLgGb9EZi8m,lil Shordie Scott,Rocking A Cardigan in Atlanta,96.8,user_or_pattern_selected (no_confident_match),3,OBB4-idPM5A,https://www.youtube.com/watch?v=OBB4-idPM5A,ROCKING A CARDIGAN IN ATLANTA,Shordie Scott,97,+0.2s,"✅ Tự động chọn theo pattern của bạn (Audio / Lyrics khớp sát thời lượng, lệch +0.2ss)"
3t4KHjd8uQpJJ2fa0fRIpR,The Chainsmokers,High,175.2,automatic,1,OfjWhEV9NpE,https://www.youtube.com/watch?v=OfjWhEV9NpE,The Chainsmokers - High (Official Lyric Video),The Chainsmokers,177.0,+1.8,✅ Auto-accepted confident match
0sTlGEld0h8kIPZaKDYUf4,The Rare Occasions,Notion,195.1,automatic,1,PD1EXJScA6k,https://www.youtube.com/watch?v=PD1EXJScA6k,"The Rare Occasions | ""Notion"" Official Music Video",The Rare Occasions,196.0,+0.9,✅ Auto-accepted confident match
7Fege3yv4dvehB3NdRBGwI,Gunna,Banking On Me,200.0,automatic,1,R9ibxWKS1fs,https://www.youtube.com/watch?v=R9ibxWKS1fs,Gunna - Banking On Me [Official Lyric Video],Gunna,201.0,+1.0,✅ Auto-accepted confident match
0syVTyo71ordJjSd8cuElB,Gunna,private island,132.2,automatic,1,SBuPnHVxtNM,https://www.youtube.com/watch?v=SBuPnHVxtNM,Gunna - private island [Official Audio],Gunna,133.0,+0.8,✅ Auto-accepted confident match
09gysnJpfQ3ublBmJDfcEC,Amaarae,SAD GIRLZ LUV MONEY Remix,204.8,automatic,1,9ni1BbREPHs,https://www.youtube.com/watch?v=9ni1BbREPHs,Amaarae - SAD GIRLZ LUV MONEY Remix ft Kali Uchis (Lyric Video),Amaarae,205.0,+0.2,✅ Auto-accepted confident match
5x8NgG7Ya18m9wafOvvWYk,A$AP Rocky,Lost and Found Freestyle 2019,174.9,user_or_pattern_selected (ambiguous),1,IzcXT-vmt4s,https://www.youtube.com/watch?v=IzcXT-vmt4s,"Nigo - Lost and Found Freestyle 2019 (with A$AP Rocky & Tyler, The Creator) (Official Audio)",Nigo,175,+0.1s,"✅ Tự động chọn theo pattern của bạn (Kênh Chính thức / Topic / Label, lệch +0.1ss)"
2lUDBd7JrgAMltcp6dcd7D,Roddy Ricch,25 million,204.6,automatic,1,jfNNoN5g37U,https://www.youtube.com/watch?v=jfNNoN5g37U,Roddy Ricch - 25 million [Official Music Video],Roddy Ricch,204.0,-0.6,✅ Auto-accepted confident match
4tqcoej1zPvwePZCzuAjJd,J. Cole,Wet Dreamz,239.3,automatic,1,lTgvsJY4aYE,https://www.youtube.com/watch?v=lTgvsJY4aYE,Wet Dreamz,J. Cole,240.0,+0.7,✅ Auto-accepted confident match
5lAnYvAIkSDNXqfo7DyFUm,Doja Cat,Ain't Shit,174.3,automatic,1,Ix4L9am2Kwk,https://www.youtube.com/watch?v=Ix4L9am2Kwk,Doja Cat - Ain't Shit (Visualizer),Doja Cat,175.0,+0.7,✅ Auto-accepted confident match
3Kkjo3cT83cw09VJyrLNwX,Adele,Oh My God,225.1,automatic,1,PfwIpoVMvNs,https://www.youtube.com/watch?v=PfwIpoVMvNs,Adele - Oh My God (Official Lyric Video),Adele,226.0,+0.9,✅ Auto-accepted confident match
0KCSJzsQVxkloxoT7dyrqV,SiM,The Rumbling (TV Size),90.3,user_or_pattern_selected (ambiguous),1,KHCIO7a3jSI,https://www.youtube.com/watch?v=KHCIO7a3jSI,The Rumbling (TV Size),SiM Official YouTube Channel,91,+0.7s,"✅ Tự động chọn theo pattern của bạn (Kênh Chính thức / Topic / Label, lệch +0.7ss)"
7iXF2W9vKmDoGAhlHdpyIa,Dr. Dre,Forgot About Dre,222.3,automatic,1,asIx3aiNxnw,https://www.youtube.com/watch?v=asIx3aiNxnw,Dr. Dre - Forgot About Dre  (feat. Eminem),90s HipHop - Topic,223.0,+0.7,✅ Auto-accepted confident match
4xIhSUJantE6BMl3u8dtCJ,Kendrick Lamar,Father Time,222.5,automatic,1,toEW7_-pvOY,https://www.youtube.com/watch?v=toEW7_-pvOY,Kendrick Lamar - Father Time ft. Sampha (Official Audio),Kendrick Lamar,223.0,+0.5,✅ Auto-accepted confident match
1IHWl5LamUGEuP4ozKQSXZ,Bad Bunny,Tití Me Preguntó,243.7,user_or_pattern_selected (ambiguous),2,qBUKfQRbzuk,https://www.youtube.com/watch?v=qBUKfQRbzuk,Bad Bunny - Tití Me Preguntó (La Letra / Lyrics),BagOnly,244,+0.3s,"✅ Tự động chọn theo pattern của bạn (Audio / Lyrics khớp sát thời lượng, lệch +0.3ss)"
62Yo3FDddWY8ydu6PW2wyz,Jack Harlow,Nail Tech,206.4,automatic,1,e2AeKIzfQus,https://www.youtube.com/watch?v=e2AeKIzfQus,Jack Harlow - Nail Tech [Official Video],Jack Harlow,209.0,+2.6,✅ Auto-accepted confident match
6ws54n2IzyrIxxyzlG2bVJ,Lil Baby,Right On,214.0,automatic,1,3aMrcOJvyl4,https://www.youtube.com/watch?v=3aMrcOJvyl4,Right On,Lil Baby Official ,214.0,+0.0,✅ Auto-accepted confident match
5CzixCxDkRXX9mScCmah8O,Bad Bunny,Un Ratito,176.9,user_or_pattern_selected (ambiguous),1,tGhyQ7KanMU,https://www.youtube.com/watch?v=tGhyQ7KanMU,Bad Bunny - Un Ratito (360° Visualizer) | Un Verano Sin Ti,Bad Bunny,178,+1.1s,"✅ Tự động chọn theo pattern của bạn (Kênh Chính thức / Topic / Label, lệch +1.1ss)"
3FSwpQ9dBZBeBV6UdYHI2R,Future,712PM,173.2,automatic,1,mPdlRs6Bf_8,https://www.youtube.com/watch?v=mPdlRs6Bf_8,Future - 712PM (Official Audio),Future,175.0,+1.8,✅ Auto-accepted confident match
6Sq7ltF9Qa7SNFBsV5Cogx,Bad Bunny,Me Porto Bonito,178.6,user_or_pattern_selected (ambiguous),4,xn21hH7kyx8,https://www.youtube.com/watch?v=xn21hH7kyx8,Bad Bunny (ft. Chencho Corleone) - Me Porto Bonito  (360° Visualizer) | Un Verano Sin Ti,Bad Bunny,179,+0.4s,"✅ Tự động chọn theo pattern của bạn (Kênh Chính thức / Topic / Label, lệch +0.4ss)"
1HvTxgCj0mTzQlEo0zLvFb,Lil Tjay,In My Head,135.3,automatic,1,11umi-cGMj8,https://www.youtube.com/watch?v=11umi-cGMj8,In My Head,Lil Tjay,136.0,+0.7,✅ Auto-accepted confident match
3Qu3Zh4WTKhP9GEXo0aDnb,Morgan Wallen,Thought You Should Know,215.6,automatic,1,X4r_eTtS4Lo,https://www.youtube.com/watch?v=X4r_eTtS4Lo,Morgan Wallen - Thought You Should Know (Lyric Video),Morgan Wallen,215.0,-0.6,✅ Auto-accepted confident match
2tzgSUZOUKopYbRqQOVT8X,Future,MASSAGING ME,106.1,automatic,1,Y0HKttPZOus,https://www.youtube.com/watch?v=Y0HKttPZOus,Future - MASSAGING ME (Official Audio),Future,108.0,+1.9,✅ Auto-accepted confident match
2PljnVsnl2PRwCvfhbdQup,Megan Thee Stallion,Plan B,163.8,automatic,1,uY10ROc5eFQ,https://www.youtube.com/watch?v=uY10ROc5eFQ,Megan Thee Stallion - Plan B [Official Audio],Megan Thee Stallion,164.0,+0.2,✅ Auto-accepted confident match
59CfNbkERJ3NoTXDvoURjj,Dove Cameron,Boyfriend,153.0,automatic,1,ZGHRfLAn2wI,https://www.youtube.com/watch?v=ZGHRfLAn2wI,Dove Cameron - Boyfriend (Official Audio),Dove Cameron,155.0,+2.0,✅ Auto-accepted confident match
0y60itmpH0aPKsFiGxmtnh,WILLOW,Wait a Minute!,196.5,user_or_pattern_selected (ambiguous),2,1Xfdjqa5dfY,https://www.youtube.com/watch?v=1Xfdjqa5dfY,Wait a Minute!,willowsmith,197,+0.5s,"✅ Tự động chọn theo pattern của bạn (Kênh Chính thức / Topic / Label, lệch +0.5ss)"
7IaeavdRzXYQWfu2Wt5GlU,Drake,Currents,157.4,automatic,1,1puG2H1QOBA,https://www.youtube.com/watch?v=1puG2H1QOBA,Drake - Currents,Drake,158.0,+0.6,✅ Auto-accepted confident match
5Eax0qFko2dh7Rl2lYs3bx,Bad Bunny,Efecto,213.1,user_or_pattern_selected (ambiguous),1,Nk8C9FdCdJQ,https://www.youtube.com/watch?v=Nk8C9FdCdJQ,Bad Bunny - Efecto (360° Visualizer) | Un Verano Sin Ti,Bad Bunny,214,+0.9s,"✅ Tự động chọn theo pattern của bạn (Kênh Chính thức / Topic / Label, lệch +0.9ss)"
7sT7kZEYd1MrmzLLIRVZas,Drake,Calling My Name,130.0,automatic,1,fhumS5MsRyE,https://www.youtube.com/watch?v=fhumS5MsRyE,Drake - Calling My Name (Audio),Drake,131.0,+1.0,✅ Auto-accepted confident match
1797zYiX4cKosMH836X9Gt,Bad Bunny,La Corriente,198.4,user_or_pattern_selected (ambiguous),1,A95yW-LVnbY,https://www.youtube.com/watch?v=A95yW-LVnbY,Bad Bunny (ft. Tony Dize) - La Corriente (360° Visualizer) | Un Verano Sin Ti,Bad Bunny,199,+0.6s,"✅ Tự động chọn theo pattern của bạn (Kênh Chính thức / Topic / Label, lệch +0.6ss)"
1BzXvBpIFWJgu0P8P6xmP4,Dreamville,Stick,309.3,user_or_pattern_selected (ambiguous),2,r4Wsi4qkfYY,https://www.youtube.com/watch?v=r4Wsi4qkfYY,"Dreamville - Stick (with JID feat. Kenny Mason, Sheck Wes & J. Cole [Official Audio]",Dreamville,310,+0.7s,"✅ Tự động chọn theo pattern của bạn (Kênh Chính thức / Topic / Label, lệch +0.7ss)"
19Fg3WrTfo35Ji3PtfZE6J,Kendrick Lamar,Auntie Diaries,281.1,automatic,1,-vrhf1P9zwc,https://www.youtube.com/watch?v=-vrhf1P9zwc,Kendrick Lamar - Auntie Diaries (Official Audio),Kendrick Lamar,282.0,+0.9,✅ Auto-accepted confident match
7zvfDihYiJ8RQ1nRcpKBF5,Kendrick Lamar,Mr. Morale,210.8,automatic,1,SdwEIPD1bEw,https://www.youtube.com/watch?v=SdwEIPD1bEw,Kendrick Lamar - Mr. Morale ft. Tanna Leone (Official Audio),Kendrick Lamar,211.0,+0.2,✅ Auto-accepted confident match
3GbQcjKWT7eVpUfzqwUjxv,Lil Nas X,Late To Da Party,180.7,automatic,1,yyN_7Y-qRFM,https://www.youtube.com/watch?v=yyN_7Y-qRFM,"Lil Nas X, Youngboy Never Broke Again - Late To Da Party (F*CK BET) (Official Video)",Lil Nas X,206.0,+25.3,✅ Auto-accepted confident match
0fv2KH6hac06J86hBUTcSf,"Tyler, The Creator",NEW MAGIC WAND,195.3,user_or_pattern_selected (ambiguous),2,mdCyzJT59nw,https://www.youtube.com/watch?v=mdCyzJT59nw,"Tyler, The Creator - NEW MAGIC WAND (feat. Santigold & Jessy Wilson)",theuppermostinlife,196,+0.7s,"✅ Tự động chọn theo pattern của bạn (Audio / Lyrics khớp sát thời lượng, lệch +0.7ss)"
5PPUw4Xo3Hz6rl4GpBfd3c,Kendrick Lamar,Savior - Interlude,153.0,automatic,1,ROUFkWceDRM,https://www.youtube.com/watch?v=ROUFkWceDRM,Kendrick Lamar - Savior (Interlude) (Official Audio),Kendrick Lamar,153.0,+0.0,✅ Auto-accepted confident match
3w1WjD2zJqjBjDz5fwqQPJ,Jack Harlow,Tyler Herro,156.6,automatic,1,np9Ub1LilKU,https://www.youtube.com/watch?v=np9Ub1LilKU,Jack Harlow - Tyler Herro [Official Video],Jack Harlow,180.0,+23.4,✅ Auto-accepted confident match
0W6I02J9xcqK8MtSeosEXb,Doja Cat,Get Into It (Yuh),138.3,automatic,1,zln8SZO6yYY,https://www.youtube.com/watch?v=zln8SZO6yYY,Doja Cat - Get Into It (Yuh) (Visualizer),Doja Cat,139.0,+0.7,✅ Auto-accepted confident match
7FIWs0pqAYbP91WWM0vlTQ,Eminem,Godzilla,210.8,automatic,1,9XvXF1LrWgA,https://www.youtube.com/watch?v=9XvXF1LrWgA,Godzilla (feat. Juice WRLD) [Official Audio],EminemMusic,211.0,+0.2,✅ Auto-accepted confident match
4HiC3ulkTgbEcYYsSuR6PO,Kenny Loggins,Danger Zone,215.1,automatic,1,yK0P1Bk8Cx4,https://www.youtube.com/watch?v=yK0P1Bk8Cx4,Kenny Loggins - Danger Zone (Official Audio - Top Gun),Kenny Loggins,213.0,-2.1,✅ Auto-accepted confident match
0De9jFjJ4eRLl7Yww2eBw1,ERNEST,Flower Shops,214.4,automatic,1,YtftmHnSgkQ,https://www.youtube.com/watch?v=YtftmHnSgkQ,ERNEST - Flower Shops (feat. Morgan Wallen) (Lyric Video),ERNEST,215.0,+0.6,✅ Auto-accepted confident match
5gVCfYmQRPy1QJifP8f5gg,Bailey Zimmerman,Fall In Love,232.1,automatic,1,DXEFzC8xpLY,https://www.youtube.com/watch?v=DXEFzC8xpLY,Bailey Zimmerman - Fall In Love (Official Lyric Video),Bailey Zimmerman,233.0,+0.9,✅ Auto-accepted confident match
0LQtEJt7x0s6knb6RKdRYc,Zac Brown Band,Chicken Fried,238.1,user_or_pattern_selected (ambiguous),2,QxnNYm_cYwE,https://www.youtube.com/watch?v=QxnNYm_cYwE,Zac Brown Band - Chicken Fried (Lyrics),Liquid Bop,239,+0.9s,"✅ Tự động chọn theo pattern của bạn (Audio / Lyrics khớp sát thời lượng, lệch +0.9ss)"
2yjlYDiNiQkdxVqTlaSrlX,Nicki Minaj,Super Freaky Girl,171.0,user_or_pattern_selected (no_confident_match),1,j5uAR9w7LBg,https://www.youtube.com/watch?v=j5uAR9w7LBg,Nicki Minaj - Super Freaky Girl (Official Music Video),Nicki Minaj,172.0,+1.0,✅ Đã tự động tìm & thay thế Audio/MV chuẩn do 5 candidate gốc bị lỗi/lệch (Lệch 1.0s)
0hquQWY3xvYqN4qtiquniF,Doja Cat,Vegas (From the Original Motion Picture Soundtrack ELVIS),182.9,automatic,1,QZp2biJul1c,https://www.youtube.com/watch?v=QZp2biJul1c,Doja Cat - Vegas (From the Original Motion Picture Soundtrack ELVIS) (Official Video),Doja Cat,203.0,+20.1,✅ Auto-accepted confident match
1xK59OXxi2TAAAbmZK0kBL,d4vd,Romantic Homicide,132.6,automatic,1,FpO31FVxxb4,https://www.youtube.com/watch?v=FpO31FVxxb4,d4vd - Romantic Homicide (Official Audio),d4vd,133.0,+0.4,✅ Auto-accepted confident match
7Ddk8FhoYKdsVoX9AOCPMm,DJ Khaled,STAYING ALIVE,178.2,user_or_pattern_selected (ambiguous),2,NKGuIWNmqGU,https://www.youtube.com/watch?v=NKGuIWNmqGU,"DJ Khaled - STAYING ALIVE (Official Audio) ft. Drake, Lil Baby",DJ Khaled,180,+1.8s,"✅ Tự động chọn theo pattern của bạn (Kênh Chính thức / Topic / Label, lệch +1.8ss)"
4fYte8ZvTK14NEhAOZocBi,OneRepublic,I Ain't Worried,148.1,automatic,1,W97Sv-SHnDU,https://www.youtube.com/watch?v=W97Sv-SHnDU,OneRepublic - I Ain’t Worried (From “Top Gun: Maverick”) [Lyric Video],OneRepublic,147.0,-1.1,✅ Auto-accepted confident match
1Hohk6AufHZOrrhMXZppax,Beyoncé,ALIEN SUPERSTAR,215.5,automatic,1,e_aT9pAGQo8,https://www.youtube.com/watch?v=e_aT9pAGQo8,Beyoncé - ALIEN SUPERSTAR (Official Lyric Video),Beyoncé,221.0,+5.5,✅ Auto-accepted confident match
3k3NWokhRRkEPhCzPmV8TW,Bad Bunny,Ojitos Lindos,258.3,user_or_pattern_selected (ambiguous),4,10EX-_h4pYc,https://www.youtube.com/watch?v=10EX-_h4pYc,Bad Bunny (ft. Bomba Estéreo) - Ojitos Lindos (360° Visualizer) | Un Verano Sin Ti,Bad Bunny,259,+0.7s,"✅ Tự động chọn theo pattern của bạn (Kênh Chính thức / Topic / Label, lệch +0.7ss)"
0314PeD1sQNonfVWix3B2K,Beyoncé,ENERGY,116.7,automatic,1,O9rk6ldyFkA,https://www.youtube.com/watch?v=O9rk6ldyFkA,Beyoncé - ENERGY (Official Lyric Video),Beyoncé,128.0,+11.3,✅ Auto-accepted confident match
3uJFmluXzYedoJcvhpC1AW,Cardi B,Hot Shit,211.6,automatic,1,c14MVsSeVho,https://www.youtube.com/watch?v=c14MVsSeVho,Cardi B - Hot Shit feat. Kanye West & Lil Durk [Official Audio],Cardi B,212.0,+0.4,✅ Auto-accepted confident match
3HyR1j49TY5ACP2lseF1jx,Beyoncé,SUMMER RENAISSANCE,274.0,automatic,1,QDXcMqgO7oQ,https://www.youtube.com/watch?v=QDXcMqgO7oQ,Beyoncé - SUMMER RENAISSANCE (Official Lyric Video),Beyoncé,282.0,+8.0,✅ Auto-accepted confident match
0oO1AbL92F6329z13C2qQH,Yeat,Talk,174.9,automatic,1,7Qe6qcNuyYY,https://www.youtube.com/watch?v=7Qe6qcNuyYY,Talk [Official Audio],Yeat,175.0,+0.1,✅ Auto-accepted confident match
1MpCaOeUWhox2Fgigbe1cL,Beyoncé,I'M THAT GIRL,208.0,automatic,1,b2xLsCo8zmQ,https://www.youtube.com/watch?v=b2xLsCo8zmQ,Beyoncé - I'M THAT GIRL (Official Lyric Video),Beyoncé,215.0,+7.0,✅ Auto-accepted confident match
5ie5OPdaP9fivYaKcjwKF1,Rod Wave,Alone,191.2,automatic,1,w5Ft8tuWRMQ,https://www.youtube.com/watch?v=w5Ft8tuWRMQ,Rod Wave - Alone (Official Video),RodWave,190.0,-1.2,✅ Auto-accepted confident match
6pr7X9UZCDn8CruopaNVha,DJ Khaled,BIG TIME,173.8,automatic,1,eYIVC0l4JDc,https://www.youtube.com/watch?v=eYIVC0l4JDc,"DJ Khaled - BIG TIME (Official Audio) ft. Future, Lil Baby",DJ Khaled,175.0,+1.2,✅ Auto-accepted confident match
00imgaPlYRrMGn9o83hfmk,Brent Faiyaz,LOOSE CHANGE,226.0,automatic,1,WywS6n6TI9U,https://www.youtube.com/watch?v=WywS6n6TI9U,Brent Faiyaz - LOOSE CHANGE [Official Audio],Brent Faiyaz,227.0,+1.0,✅ Auto-accepted confident match
58ge6dfP91o9oXMzq3XkIS,Arctic Monkeys,505,253.6,user_or_pattern_selected (ambiguous),1,CKI8iQTgZKU,https://www.youtube.com/watch?v=CKI8iQTgZKU,Arctic Monkeys - 505,Pizza Music,252,-1.6s,"✅ Tự động chọn theo pattern của bạn (Audio / Lyrics khớp sát thời lượng, lệch -1.6ss)"
0wXThIDxO3YRJCpPgnmbkw,Bailey Zimmerman,Where It Ends,179.3,automatic,1,C7PHEPmdT1w,https://www.youtube.com/watch?v=C7PHEPmdT1w,Bailey Zimmerman - Where It Ends (Lyric Video),Bailey Zimmerman,181.0,+1.7,✅ Auto-accepted confident match
6ufcuVInt0ocHrUimDjGlb,Beyoncé,PLASTIC OFF THE SOFA,254.3,automatic,1,M-ruSdKbQUM,https://www.youtube.com/watch?v=M-ruSdKbQUM,Beyoncé - PLASTIC OFF THE SOFA (Official Lyric Video),Beyoncé,269.0,+14.7,✅ Auto-accepted confident match
27ZZdyTSQWI7Cug2d2PkqV,Armani White,BILLIE EILISH.,99.3,automatic,1,4vYOwhll1fs,https://www.youtube.com/watch?v=4vYOwhll1fs,Armani White - BILLIE EILISH.,Armani White,102.0,+2.7,✅ Auto-accepted confident match
1dm6z1fWB0cErMszU25dy2,Bad Bunny,Después de la Playa,230.4,user_or_pattern_selected (ambiguous),1,a5rlgE6dcBY,https://www.youtube.com/watch?v=a5rlgE6dcBY,Bad Bunny - Después de la Playa (360° Visualizer) | Un Verano Sin Ti,Bad Bunny,231,+0.6s,"✅ Tự động chọn theo pattern của bạn (Kênh Chính thức / Topic / Label, lệch +0.6ss)"
7wdwIaXUuzlu1grzWMFRJm,Ghost,Mary On A Cross,244.8,automatic,1,k5mX3NkA7jM,https://www.youtube.com/watch?v=k5mX3NkA7jM,Ghost - Mary On A Cross (Official Audio),Ghost,245.0,+0.2,✅ Auto-accepted confident match
3XgGQ1wjo5khvq2UImjyNF,Brent Faiyaz,ALL MINE,216.1,automatic,1,sqgerBkCCWM,https://www.youtube.com/watch?v=sqgerBkCCWM,Brent Faiyaz - ALL MINE [Official Audio],Brent Faiyaz,217.0,+0.9,✅ Auto-accepted confident match
3Osd3Yf8K73aj4ySn6LrvK,JAŸ-Z,No Church In The Wild,272.5,automatic,1,Vf0DX7PrMDI,https://www.youtube.com/watch?v=Vf0DX7PrMDI,No Church In The Wild,JAŸ-Z,273.0,+0.5,✅ Auto-accepted confident match
6AqwH2Y9FJwhUE2dCSkw1u,Tyler Hubbard,5 Foot 9,189.8,automatic,1,RK9rT1ck90E,https://www.youtube.com/watch?v=RK9rT1ck90E,Tyler Hubbard - 5 Foot 9 (Unofficial Video),Tyler Hubbard,190.0,+0.2,✅ Auto-accepted confident match
0WtM2NBVQNNJLh6scP13H8,Rema,Calm Down,239.3,automatic,1,CQLsdm1ZYAw,https://www.youtube.com/watch?v=CQLsdm1ZYAw,Rema - Calm Down (Official Music Video),Rema,220.0,-19.3,✅ Auto-accepted confident match
3wGT3OycqbsHFjIKMZ8EEq,$uicideboy$,"No Matter Which Direction I'm Going In, I Never Chase These Hoes",154.9,automatic,1,vmaP6EXMt8g,https://www.youtube.com/watch?v=vmaP6EXMt8g,"$UICIDEBOY$ - NO MATTER WHICH DIRECTION I'M GOING IN, I NEVER CHASE THESE HOES (Lyric Video)",$uicideboy$,155.0,+0.1,✅ Auto-accepted confident match
3SeeaIXnrCfT88vHVCRWHl,Jon Pardi,Last Night Lonely,182.0,automatic,1,gtsIM0_TCcU,https://www.youtube.com/watch?v=gtsIM0_TCcU,Jon Pardi - Last Night Lonely (Official Audio),Jon Pardi,183.0,+1.0,✅ Auto-accepted confident match
4pi1G1x8tl9VfdD9bL3maT,Latto,Big Energy,172.5,automatic,1,IpHPBIdrak4,https://www.youtube.com/watch?v=IpHPBIdrak4,Latto - Big Energy (Official Lyric Video),Latto,174.0,+1.5,✅ Auto-accepted confident match
44XjoNvtwevktFKjvVe1vH,Bad Bunny,Andrea,339.6,user_or_pattern_selected (ambiguous),1,gjvTQTGogUM,https://www.youtube.com/watch?v=gjvTQTGogUM,Bad Bunny (ft. Buscabulla) - Andrea (360° Visualizer) | Un Verano Sin Ti,Bad Bunny,340,+0.4s,"✅ Tự động chọn theo pattern của bạn (Kênh Chính thức / Topic / Label, lệch +0.4ss)"
1mMLMZYXkMueg65jRRWG1l,Luke Combs,When It Rains It Pours,242.7,automatic,1,eXQNv_jkOQc,https://www.youtube.com/watch?v=eXQNv_jkOQc,Luke Combs - When It Rains It Pours (Lyric Video),Luke Combs,243.0,+0.3,✅ Auto-accepted confident match
6eT2V7nKXyMf47TwPbtgAD,SZA,Seek & Destroy,203.7,automatic,1,MjQUIq7Rjcc,https://www.youtube.com/watch?v=MjQUIq7Rjcc,SZA - Seek & Destroy (Lyric Video),SZA,205.0,+1.3,✅ Auto-accepted confident match
3eX0NZfLtGzoLUxPNvRfqm,Taylor Swift,Maroon,218.3,automatic,1,lvHZjvIyqsk,https://www.youtube.com/watch?v=lvHZjvIyqsk,Taylor Swift - Maroon (Official Lyric Video),Taylor Swift,223.0,+4.7,✅ Auto-accepted confident match
7l2nxyx7IkBX5orhkALg0V,Drake,Privileged Rappers,160.8,automatic,1,lF3K70KR5Xk,https://www.youtube.com/watch?v=lF3K70KR5Xk,"Drake, 21 Savage - Privileged Rappers (Audio)",Drake,161.0,+0.2,✅ Auto-accepted confident match
0wshkEEcJUQU33RSRBb5dv,Drake,BackOutsideBoyz,153.0,automatic,1,dAnxeopvrN0,https://www.youtube.com/watch?v=dAnxeopvrN0,BackOutsideBoyz,Drake,153.0,+0.0,✅ Auto-accepted confident match
2CSRrnOEELmhpq8iaAi9cd,SZA,Blind,150.7,automatic,1,8UEM0dKbzAA,https://www.youtube.com/watch?v=8UEM0dKbzAA,SZA - Blind (Lyric Video),SZA,151.0,+0.3,✅ Auto-accepted confident match
1rv46mRwDqMEhOBZ7vODg3,Michael Bublé,It's Beginning to Look a Lot like Christmas,207.2,automatic,1,0bhsXykXxfg,https://www.youtube.com/watch?v=0bhsXykXxfg,Michael Bublé - It's Beginning to Look a Lot Like Christmas (Official Music Video),Michael Bublé,208.0,+0.8,✅ Auto-accepted confident match
0vjeOZ3Ft5jvAi9SBFJm1j,Metro Boomin,Superhero (Heroes & Villains) [with Future & Chris Brown],182.7,automatic,1,QkaWdvv-jKg,https://www.youtube.com/watch?v=QkaWdvv-jKg,"Metro Boomin, Future, Chris Brown - Superhero (Heroes & Villains) (Visualizer)",Metro Boomin,183.0,+0.3,✅ Auto-accepted confident match
4Flfb4fGscN9kXPOduQLrv,Drake,Treacherous Twins,180.1,automatic,1,jCtsnNpCDo0,https://www.youtube.com/watch?v=jCtsnNpCDo0,"Drake, 21 Savage - Treacherous Twins (Audio)",Drake,181.0,+0.9,✅ Auto-accepted confident match
410TZrK18uRjtsTunG14cl,Drake,Middle of the Ocean,356.4,automatic,1,IEueorPNpT0,https://www.youtube.com/watch?v=IEueorPNpT0,Drake - Middle of the Ocean (Audio),Drake,357.0,+0.6,✅ Auto-accepted confident match
3pUa0ZxdSeaJXm0EIydD3F,Taylor Swift,"Would've, Could've, Should've",260.4,automatic,1,B-MfwP_RmHY,https://www.youtube.com/watch?v=B-MfwP_RmHY,"Taylor Swift - Would've, Could've, Should've (Official Lyric Video)",Taylor Swift,264.0,+3.6,✅ Auto-accepted confident match
5BYl3SodS3rGmafWXRWmB7,Taylor Swift,The Great War,240.4,automatic,1,iFX6_9h7th0,https://www.youtube.com/watch?v=iFX6_9h7th0,Taylor Swift - The Great War (Official Lyric Video),Taylor Swift,244.0,+3.6,✅ Auto-accepted confident match
0sSRLXxknVTQDStgU1NqpY,Drake,Hours In Silence,399.2,automatic,1,6hfbHSItskQ,https://www.youtube.com/watch?v=6hfbHSItskQ,"Drake, 21 Savage - Hours In Silence (Audio)",Drake,400.0,+0.8,✅ Auto-accepted confident match
3EaJDYHA0KnX88JvDhL9oa,Steve Lacy,Dark Red,173.1,user_or_pattern_selected (ambiguous),1,5da3D9ZfMQo,https://www.youtube.com/watch?v=5da3D9ZfMQo,Steve Lacy - Dark Red (Lyrics),R&BHype,175,+1.9s,"✅ Tự động chọn theo pattern của bạn (Audio / Lyrics khớp sát thời lượng, lệch +1.9ss)"
7fUYUcWy853HS8YJn0b3Sr,The Ronettes,Sleigh Ride,181.3,automatic,1,XZTzai1H9DM,https://www.youtube.com/watch?v=XZTzai1H9DM,The Ronettes - Sleigh Ride (Official Audio),The Ronettes,183.0,+1.7,✅ Auto-accepted confident match
1eIXYZWEfJO3Na2LCCnIJE,SZA,Love Language,183.9,automatic,1,mnjg0CK3Ltw,https://www.youtube.com/watch?v=mnjg0CK3Ltw,SZA - Love Language (Lyric Video),SZA,184.0,+0.1,✅ Auto-accepted confident match
4fnNBPN9W6AoOYSQS3FJxT,SZA,Notice Me,160.9,automatic,1,pPyaKVgVnFI,https://www.youtube.com/watch?v=pPyaKVgVnFI,SZA - Notice Me (Lyric Video),SZA,161.0,+0.1,✅ Auto-accepted confident match
26hOm7dTtBi0TdpDGl141t,Joji,Die For You,211.7,automatic,1,kIEWJ1ljEro,https://www.youtube.com/watch?v=kIEWJ1ljEro,Joji - Die For You,Joji,212.0,+0.3,✅ Auto-accepted confident match
1TE8AAk9koG0UJco6ZAUfx,Bailey Zimmerman,Rock and A Hard Place,207.5,automatic,1,0XfOGBp52kc,https://www.youtube.com/watch?v=0XfOGBp52kc,Bailey Zimmerman - Rock and A Hard Place (Lyric Video),Bailey Zimmerman,207.0,-0.5,✅ Auto-accepted confident match
6RJBrG3VHz2hPITjv88chh,Taylor Swift,Glitch,148.8,automatic,1,Y2a73EvnZ4s,https://www.youtube.com/watch?v=Y2a73EvnZ4s,Taylor Swift - Glitch (Official Lyric Video),Taylor Swift,152.0,+3.2,✅ Auto-accepted confident match
1Py8c3dkLF0YczcAyBFBEM,Lil Baby,Never Hating,160.8,automatic,1,3e3ngjzc3cw,https://www.youtube.com/watch?v=3e3ngjzc3cw,Lil Baby - Never Hating (Lyric Video) ft. Young Thug,Lil Baby Official ,161.0,+0.2,✅ Auto-accepted confident match
200x8ONbPfFzByUr3fVz46,Cole Swindell,She Had Me At Heads Carolina,206.1,automatic,1,pW98g-Fb-EU,https://www.youtube.com/watch?v=pW98g-Fb-EU,Cole Swindell - She Had Me At Heads Carolina (Official Music Video),Cole Swindell,207.0,+0.9,✅ Auto-accepted confident match
0rHToGels2lt8Y0mCYoF90,Nat King Cole,Deck The Hall,68.8,user_or_pattern_selected (ambiguous),1,kORRidv-p0Y,https://www.youtube.com/watch?v=kORRidv-p0Y,Nat King Cole - Deck The Halls (Lyric Video),Nat King Cole,69,+0.2s,"✅ Tự động chọn theo pattern của bạn (Kênh Chính thức / Topic / Label, lệch +0.2ss)"
5Y35SjAfXjjG0sFQ3KOxmm,SZA,Nobody Gets Me,180.9,automatic,1,Oxf8ULSB8yU,https://www.youtube.com/watch?v=Oxf8ULSB8yU,SZA - Nobody Gets Me (Lyric Video),SZA,181.0,+0.1,✅ Auto-accepted confident match
0rKtyWc8bvkriBthvHKY8d,Joji,SLOW DANCING IN THE DARK,209.3,automatic,1,LUXu4aTnK7E,https://www.youtube.com/watch?v=LUXu4aTnK7E,SLOW DANCING IN THE DARK,Joji,210.0,+0.7,✅ Auto-accepted confident match
1sUdq3kWa9dJXHu3eYOUll,Andrew Gold,"Spooky, Scary Skeletons - Undead Tombstone Remix",125.6,automatic,1,Qbwt0ks5Cvc,https://www.youtube.com/watch?v=Qbwt0ks5Cvc,"Andrew Gold - Spooky, Scary Skeletons (Undead Tombstone Remix)",Andrew Gold,126.0,+0.4,✅ Auto-accepted confident match
4xqrdfXkTW4T0RauPLv3WA,Conan Gray,Heather,198.0,automatic,1,GPUg7n8-M6o,https://www.youtube.com/watch?v=GPUg7n8-M6o,Conan Gray - Heather (Official Lyric Video),Conan Gray,199.0,+1.0,✅ Auto-accepted confident match
7faDzZnZYqTyYThx2sbHVQ,Frank Sinatra,Mistletoe And Holly - Remastered 1999,136.4,user_or_pattern_selected (ambiguous),3,XMA2wx9gUOY,https://www.youtube.com/watch?v=XMA2wx9gUOY,Mistletoe and Holly (Remastered),Frank Sinatra,141,+4.6s,"✅ Tự động chọn theo pattern của bạn (Kênh Chính thức / Topic / Label, lệch +4.6ss)"
30VrBsh1STRBoIrhQOAwzK,Rihanna,Disturbia,238.6,automatic,1,E1mU6h4Xdxc,https://www.youtube.com/watch?v=E1mU6h4Xdxc,Rihanna - Disturbia,Rihanna,262.0,+23.4,✅ Auto-accepted confident match
0FqBNLXlTNimxmVRdDMj6b,Joji,1AM FREESTYLE,113.1,automatic,1,QTxMAycHnos,https://www.youtube.com/watch?v=QTxMAycHnos,Joji - 1AM FREESTYLE,Joji,114.0,+0.9,✅ Auto-accepted confident match
5TxRUOsGeWeRl3xOML59Ai,"Tyler, The Creator",ARE WE STILL FRIENDS?,265.5,user_or_pattern_selected (ambiguous),1,VMFJwSR1MQQ,https://www.youtube.com/watch?v=VMFJwSR1MQQ,"Tyler, The Creator - ARE WE STILL FRIENDS?",Minimal Sounds,266,+0.5s,"✅ Tự động chọn theo pattern của bạn (Audio / Lyrics khớp sát thời lượng, lệch +0.5ss)"
1rXq0uoV4KTgRN64jXzIxo,Morgan Wallen,One Thing At A Time,206.9,automatic,1,aKA4wH3Mg7Y,https://www.youtube.com/watch?v=aKA4wH3Mg7Y,Morgan Wallen - One Thing At A Time (Lyric Video),Morgan Wallen,207.0,+0.1,✅ Auto-accepted confident match
4P9Q0GojKVXpRTJCaL3kyy,Taylor Swift,All Of The Girls You Loved Before,221.4,automatic,1,SpLJl9Au3fw,https://www.youtube.com/watch?v=SpLJl9Au3fw,All Of The Girls You Loved Before,Taylor Swift,222.0,+0.6,✅ Auto-accepted confident match
03fs6oV5JAlbytRYf3371S,Morgan Wallen,Everything I Love,187.0,automatic,1,MEv4Hzf8Hhw,https://www.youtube.com/watch?v=MEv4Hzf8Hhw,Morgan Wallen - Everything I Love (Lyric Video),Morgan Wallen,188.0,+1.0,✅ Auto-accepted confident match
7K3BhSpAxZBznislvUMVtn,Morgan Wallen,Last Night,163.9,automatic,1,TyjgBxIVmEc,https://www.youtube.com/watch?v=TyjgBxIVmEc,Morgan Wallen - Last Night (Lyric Video),Morgan Wallen,162.0,-1.9,✅ Auto-accepted confident match
2dHHgzDwk4BJdRwy9uXhTO,Metro Boomin,Creepin',221.5,automatic,1,61ymOWwOwuk,https://www.youtube.com/watch?v=61ymOWwOwuk,"Metro Boomin, The Weeknd, 21 Savage - Creepin' (Visualizer)",Metro Boomin,222.0,+0.5,✅ Auto-accepted confident match
3qQbCzHBycnDpGskqOWY0E,Eslabon Armado,Ella Baila Sola,165.7,automatic,1,OAdErROwTEE,https://www.youtube.com/watch?v=OAdErROwTEE,Ella Baila Sola,Eslabon Armado,158.0,-7.7,✅ Auto-accepted confident match
0DWdj2oZMBFSzRsi2Cvfzf,KAROL G,TQG,197.9,automatic,1,jZGpkLElSu8,https://www.youtube.com/watch?v=jZGpkLElSu8,"KAROL G, Shakira - TQG (Official Video)",KAROL G,217.0,+19.1,✅ Auto-accepted confident match
7DSAEUvxU8FajXtRloy8M0,Miley Cyrus,Flowers,200.6,user_or_pattern_selected (ambiguous),1,G7KNmW9a75Y,https://www.youtube.com/watch?v=G7KNmW9a75Y,Miley Cyrus - Flowers (Official Video),MILEY,202,+1.4s,"✅ Tự động chọn theo pattern của bạn (Kênh Chính thức / Topic / Label, lệch +1.4ss)"
04CqLjewJiSAqM210vZAmT,Miley Cyrus,River,163.0,user_or_pattern_selected (ambiguous),3,6GzyQiv6zJQ,https://www.youtube.com/watch?v=6GzyQiv6zJQ,Miley Cyrus - River (Official Lyric Video),MILEY,163,+0.0s,"✅ Tự động chọn theo pattern của bạn (Kênh Chính thức / Topic / Label, lệch +0.0ss)"
3WMj8moIAXJhHsyLaqIIHI,Zach Bryan,Something in the Orange,228.0,automatic,1,Lw7Q19mtly0,https://www.youtube.com/watch?v=Lw7Q19mtly0,Zach Bryan - Something in the Orange (Z&E's Version),Zach Bryan,255.0,+27.0,✅ Auto-accepted confident match
2Jw3VjB1xy5KHBqEeAC6VK,Hozier,Eat Your Young,242.3,automatic,1,MuEy1HG5jUE,https://www.youtube.com/watch?v=MuEy1HG5jUE,Hozier - Eat Your Young (Bekon's Choral Version - Official Audio),Hozier,221.0,-21.3,✅ Auto-accepted confident match
0IKeDy5bT9G0bA7ZixRT4A,Fuerza Regida,Bebe Dame,271.9,automatic,1,Oie--p6YqJo,https://www.youtube.com/watch?v=Oie--p6YqJo,Fuerza Regida x Grupo Frontera - Bebe Dame,FUERZA REGIDA,270.0,-1.9,✅ Auto-accepted confident match
42TtHTxWk782ZBiqyOi2d1,Zach Bryan,Dawns,290.9,automatic,1,dc3Gp4nEq_s,https://www.youtube.com/watch?v=dc3Gp4nEq_s,Zach Bryan (feat. Maggie Rogers) - Dawns,Zach Bryan,294.0,+3.1,✅ Auto-accepted confident match
1Y3LN4zO1Edc2EluIoSPJN,Stephen Sanchez,Until I Found You,176.4,automatic,1,GxldQ9eX2wo,https://www.youtube.com/watch?v=GxldQ9eX2wo,Stephen Sanchez - Until I Found You (Official Video),Stephen Sanchez,176.0,-0.4,✅ Auto-accepted confident match
73zawW1ttszLRgT9By826D,Morgan Wallen,Man Made A Bar,191.2,automatic,1,sS8jpNdABgw,https://www.youtube.com/watch?v=sS8jpNdABgw,Morgan Wallen - Man Made A Bar (Lyric Video) ft. Eric Church,Morgan Wallen,190.0,-1.2,✅ Auto-accepted confident match
2wSTnntOPRi7aQneobFtU4,SZA,Shirt,181.8,automatic,1,dhWQX1rBm-8,https://www.youtube.com/watch?v=dhWQX1rBm-8,SZA - Shirt (Lyric Video),SZA,183.0,+1.2,✅ Auto-accepted confident match
12cZWGf5ZgLcKubEW9mx5q,NF,HOPE,264.5,user_or_pattern_selected (ambiguous),3,YUdkYx9WH9k,https://www.youtube.com/watch?v=YUdkYx9WH9k,LYRICS VIDEO | NF - HOPE,PrisemTV,267,+2.5s,"✅ Tự động chọn theo pattern của bạn (Audio / Lyrics khớp sát thời lượng, lệch +2.5ss)"
1BAU6v0fuAV914qMUEESR1,Morgan Wallen,Born With A Beer In My Hand,188.5,automatic,1,kEDD09hJQvM,https://www.youtube.com/watch?v=kEDD09hJQvM,Morgan Wallen - Born With A Beer In My Hand (Lyric Video),Morgan Wallen,189.0,+0.5,✅ Auto-accepted confident match
0QHEIqNKsMoOY5urbzN48u,Meghan Trainor,Made You Look,134.3,automatic,1,2HKitdFks0o,https://www.youtube.com/watch?v=2HKitdFks0o,Meghan Trainor - Made You Look (Official Lyric Video),Meghan Trainor,136.0,+1.7,✅ Auto-accepted confident match
6HMtHNpW6YPi1hrw9tgF8P,Lizzo,About Damn Time,191.9,user_or_pattern_selected (ambiguous),3,tRQe3HjZEzw,https://www.youtube.com/watch?v=tRQe3HjZEzw,About Damn Time,Lizzo Music,192,+0.1s,"✅ Tự động chọn theo pattern của bạn (Kênh Chính thức / Topic / Label, lệch +0.1ss)"
1vcJdUJDM2NVXBsGncmLyh,Morgan Wallen,Keith Whitley,187.5,automatic,1,woAVLTCYNFE,https://www.youtube.com/watch?v=woAVLTCYNFE,Morgan Wallen - Keith Whitley (Lyric Video),Morgan Wallen,188.0,+0.5,✅ Auto-accepted confident match
2mpoNBkngUEwnaKoBhZ0vl,Peso Pluma,PRC,184.1,automatic,1,kJflWOiAc6I,https://www.youtube.com/watch?v=kJflWOiAc6I,"Peso Pluma, Natanael Cano - PRC (Video Oficial)",Peso Pluma,185.0,+0.9,✅ Auto-accepted confident match
52ChYmfu792MW2Ezv0whpk,Luke Combs,5 Leaf Clover,210.8,automatic,1,8bxs6O3ipLw,https://www.youtube.com/watch?v=8bxs6O3ipLw,Luke Combs - 5 Leaf Clover (Official Lyric Video),Luke Combs,213.0,+2.2,✅ Auto-accepted confident match
3Ga7Uele3zN57vQ4F0HPTW,Morgan Wallen,Tennessee Fan,198.3,automatic,1,wRMNGgRQwv4,https://www.youtube.com/watch?v=wRMNGgRQwv4,Morgan Wallen - Tennessee Fan (Lyric Video),Morgan Wallen,199.0,+0.7,✅ Auto-accepted confident match
1N8TTK1Uoy7UvQNUazfUt5,ThxSoMch,SPIT IN MY FACE!,147.9,automatic,1,ZtCOsQqrBrs,https://www.youtube.com/watch?v=ZtCOsQqrBrs,ThxSoMch - SPIT IN MY FACE! (Official Audio),ThxSoMch,148.0,+0.1,✅ Auto-accepted confident match
5NzfnUyVaNrxa2VtoyBWlR,Morgan Wallen,Tennessee Numbers,225.1,automatic,1,OhrZzxwcyis,https://www.youtube.com/watch?v=OhrZzxwcyis,Morgan Wallen - Tennessee Numbers (Lyric Video),Morgan Wallen,226.0,+0.9,✅ Auto-accepted confident match
0IdkFyYIDMhJqz0NL5zCk9,mxmy,PAINTING PICTURES,121.9,user_or_pattern_selected (no_confident_match),4,Z5h8pcnHtAE,https://www.youtube.com/watch?v=Z5h8pcnHtAE,How to Paint a Still Life With a Painting Knife in Oil - Orange Fruit,Fine Art-Tips,405,+283.1s,"✅ Tự động chọn theo pattern của bạn (Candidate tốt nhất trong nhóm, lệch +283.1ss)"
474uVhyGgK5MtY9gMcDgGl,Rainbow Kitten Surprise,It's Called: Freefall,152.3,automatic,1,U2WDdccgaDY,https://www.youtube.com/watch?v=U2WDdccgaDY,Rainbow Kitten Surprise - It's Called: Freefall [Official Video],Rainbow Kitten Surprise,155.0,+2.7,✅ Auto-accepted confident match
5ht9obvnnWeW4eoRtPAoQD,Ghostluvme,Fact,174.4,automatic,1,6ooQrY4Gof0,https://www.youtube.com/watch?v=6ooQrY4Gof0,Fact,ghostluvme - topic,175.0,+0.6,✅ Auto-accepted confident match
2ENexcMEMsYk0rVJigVD3i,Rihanna,Only Girl (In The World),235.5,automatic,1,pa14VNsdSYM,https://www.youtube.com/watch?v=pa14VNsdSYM,Rihanna - Only Girl (In The World),Rihanna,252.0,+16.5,✅ Auto-accepted confident match
789CxjEOtO76BVD1A9yJQH,Rihanna,Stay,240.7,automatic,1,JF8BRvqGCNs,https://www.youtube.com/watch?v=JF8BRvqGCNs,Rihanna - Stay ft. Mikky Ekko,Rihanna,248.0,+7.3,✅ Auto-accepted confident match
4RvWPyQ5RL0ao9LPZeSouE,Tears For Fears,Everybody Wants To Rule The World,251.5,automatic,1,znDgBy2mHbc,https://www.youtube.com/watch?v=znDgBy2mHbc,Tears For Fears - Everybody Wants To Rule The World (Official Archive Video),Tears For Fears,252.0,+0.5,✅ Auto-accepted confident match
1TUuhV75FeOF6UObRsABo2,Morgan Wallen,Don't Think Jesus,227.0,automatic,1,qN9IK7e9tEQ,https://www.youtube.com/watch?v=qN9IK7e9tEQ,Morgan Wallen - Don't Think Jesus (Lyric Video),Morgan Wallen,224.0,-3.0,✅ Auto-accepted confident match
6BePGk3eCan4FqaW2X8Qy3,Tiësto,10:35,172.3,automatic,1,EXIWlRrkjKE,https://www.youtube.com/watch?v=EXIWlRrkjKE,Tiësto - 10:35 (feat. Tate McRae) (Official Music Video),Tiësto,182.0,+9.7,✅ Auto-accepted confident match
7mXuWTczZNxG5EDcjFEuJR,Peso Pluma,LADY GAGA,212.9,user_or_pattern_selected (ambiguous),2,S_ppaN7zmdg,https://www.youtube.com/watch?v=S_ppaN7zmdg,"LADY GAGA (Visualizer) - Peso Pluma, Gabito Ballesteros, Junior H",Peso Pluma,213,+0.1s,"✅ Tự động chọn theo pattern của bạn (Kênh Chính thức / Topic / Label, lệch +0.1ss)"
4i6cwNY6oIUU2XZxPIw82Y,Taylor Swift,Karma,201.5,automatic,1,rg18Kf4en2o,https://www.youtube.com/watch?v=rg18Kf4en2o,Taylor Swift - Karma (Lyric Video),Taylor Swift,210.0,+8.5,✅ Auto-accepted confident match
741UUVE2kuITl0c6zuqqbO,Nicki Minaj,Barbie World,109.8,automatic,1,FahpcPq-07E,https://www.youtube.com/watch?v=FahpcPq-07E,Barbie World (with Aqua),Nicki Minaj,110.0,+0.2,✅ Auto-accepted confident match
5AqiaZwhmC6dIbgWrD5SzV,Bizarrap,"Peso Pluma: Bzrp Music Sessions, Vol. 55",188.4,automatic,1,v5_SYkFpFiY,https://www.youtube.com/watch?v=v5_SYkFpFiY,PESO PLUMA || BZRP Music Sessions #55/66,Bizarrap,193.0,+4.6,✅ Auto-accepted confident match
2yzshFeBIwH8tWIqHEFLeD,Grupo Frontera,un x100to,194.6,automatic,1,3inw26U-os4,https://www.youtube.com/watch?v=3inw26U-os4,Grupo Frontera x Bad Bunny - UN X100TO (Video Oficial),Grupo Frontera,195.0,+0.4,✅ Auto-accepted confident match
368eeEO3Y2uZUQ6S5oIjcu,Fuerza Regida,TQM,159.0,automatic,1,DzTNN5Zzpok,https://www.youtube.com/watch?v=DzTNN5Zzpok,Fuerza Regida - TQM [Official Video],FUERZA REGIDA,170.0,+11.0,✅ Auto-accepted confident match
7qLr3HMApUbyDkUvgIvHnB,Young Thug,Oh U Went,185.3,automatic,1,LeU_Z7ThICk,https://www.youtube.com/watch?v=LeU_Z7ThICk,Young Thug - Oh U Went (feat. Drake) [Official Lyric Video],Young Thug,185.0,-0.3,✅ Auto-accepted confident match
3xYJScVfxByb61dYHTwiby,Taylor Swift,Hits Different,234.5,automatic,1,mIikuqyja9Y,https://www.youtube.com/watch?v=mIikuqyja9Y,Hits Different,Taylor Swift,235.0,+0.5,✅ Auto-accepted confident match
0WoVfPjxsf9MTvPt9ptqeE,NLE Choppa,SLUT ME OUT,123.7,automatic,1,iss7pgQbQmo,https://www.youtube.com/watch?v=iss7pgQbQmo,NLE Choppa - Slut Me Out (Official Music Video),NLE CHOPPA,145.0,+21.3,✅ Auto-accepted confident match
3kf0WdFOalKWBkCCLJo4mA,Chino Pacas,El Gordo Trae El Mando,112.1,automatic,1,1HTzcaEC9Ks,https://www.youtube.com/watch?v=1HTzcaEC9Ks,Chino Pacas - El Gordo Trae El Mando [Video Visualizador Oficial],Chino Pacas,113.0,+0.9,✅ Auto-accepted confident match
0AAMnNeIc6CdnfNU85GwCH,Metro Boomin,Self Love (Spider-Man: Across the Spider-Verse) (Metro Boomin & Coi Leray),189.5,user_or_pattern_selected (no_confident_match),1,-WOonkg_ZCo,https://www.youtube.com/watch?v=-WOonkg_ZCo,"Metro Boomin, Coi Leray - Self Love (Spider-Man: Across the Spider-Verse)",Metro Boomin,190,+0.5s,"✅ Tự động chọn theo pattern của bạn (Kênh Chính thức / Topic / Label, lệch +0.5ss)"
4FyesJzVpA39hbYvcseO2d,Lil Uzi Vert,Just Wanna Rock,123.9,automatic,1,hqunRm_dSHw,https://www.youtube.com/watch?v=hqunRm_dSHw,Lil Uzi Vert - Just Wanna Rock [Official Visualizer],LIL UZI VERT,124.0,+0.1,✅ Auto-accepted confident match
1odExI7RdWc4BT515LTAwj,David Kushner,Daylight,213.0,automatic,1,MoN9ql6Yymw,https://www.youtube.com/watch?v=MoN9ql6Yymw,David Kushner - Daylight (Official Music Video),David Kushner,230.0,+17.0,✅ Auto-accepted confident match
1bDbXMyjaUIooNwFE9wn0N,Drake,Rich Flex,239.4,automatic,1,I4DjHHVHWAE,https://www.youtube.com/watch?v=I4DjHHVHWAE,"Drake, 21 Savage - Rich Flex (Audio)",Drake,240.0,+0.6,✅ Auto-accepted confident match
3RA55zrRkyPK8Fd86hrMy8,Peso Pluma,LUNA,163.6,user_or_pattern_selected (ambiguous),1,LExSwglVFIw,https://www.youtube.com/watch?v=LExSwglVFIw,"LUNA (Lyric Video) - Peso Pluma, Junior H",Peso Pluma,163,-0.6s,"✅ Tự động chọn theo pattern của bạn (Kênh Chính thức / Topic / Label, lệch -0.6ss)"
6unndO70DvZfnXYcYQMyQJ,Labrinth,Never Felt So Alone,160.2,automatic,1,lVCNgOi4kFg,https://www.youtube.com/watch?v=lVCNgOi4kFg,Labrinth - Never Felt So Alone (Official Audio),Labrinth,161.0,+0.8,✅ Auto-accepted confident match
0Ymjv0OJeIIPXr6s9wi3iW,Lil Mabu,MATHEMATICAL DISRESPECT,88.3,automatic,1,S0d1n4PsXTc,https://www.youtube.com/watch?v=S0d1n4PsXTc,MATHEMATICAL DISRESPECT,Lil Mabu,89.0,+0.7,✅ Auto-accepted confident match
2L9N0zZnd37dwF0clgxMGI,Lizzy McAlpine,ceilings,182.9,automatic,1,SOxmA-nKfbU,https://www.youtube.com/watch?v=SOxmA-nKfbU,Lizzy McAlpine - ceilings (Official Audio),Lizzy McAlpine,183.0,+0.1,✅ Auto-accepted confident match
4muwDurKeVOB1WBjTVRWlD,Lil Durk,War Bout It,160.2,automatic,1,tMXF8YtyyMc,https://www.youtube.com/watch?v=tMXF8YtyyMc,Lil Durk - War Bout It,Lil Durk,161.0,+0.8,✅ Auto-accepted confident match
3B0swL7Qil9bB7eKzBREBK,Peso Pluma,VVS,162.7,user_or_pattern_selected (ambiguous),2,lW0mEjdwVo8,https://www.youtube.com/watch?v=lW0mEjdwVo8,"VVS (Lyric Video) - Peso Pluma, Peso Pluma, Edgardo Nuñez, Los Dareyes De La Sierra",Peso Pluma,166,+3.3s,"✅ Tự động chọn theo pattern của bạn (Kênh Chính thức / Topic / Label, lệch +3.3ss)"
5wG3HvLhF6Y5KTGlK0IW3J,Metro Boomin,Trance,194.8,automatic,1,TxUdlC0057s,https://www.youtube.com/watch?v=TxUdlC0057s,"Metro Boomin, Travis Scott, Young Thug - Trance (Visualizer)",Metro Boomin,195.0,+0.2,✅ Auto-accepted confident match
3ZEno9fORwMA1HPecdLi0R,NF,HAPPY,242.7,user_or_pattern_selected (ambiguous),2,WZJh2VJMwkQ,https://www.youtube.com/watch?v=WZJh2VJMwkQ,NF - HAPPY (Lyrics),Unique Sound,244,+1.3s,"✅ Tự động chọn theo pattern của bạn (Audio / Lyrics khớp sát thời lượng, lệch +1.3ss)"
1haJsMtoBhHfvuM7XWuT3W,Junior H,El Azul,187.2,automatic,1,4RXnYfHUDJw,https://www.youtube.com/watch?v=4RXnYfHUDJw,El Azul,Junior H,188.0,+0.8,✅ Auto-accepted confident match
3F5CgOj3wFlRv51JsHbxhe,Drake,Jimmy Cooks,218.4,automatic,1,V7UgPHjN9qE,https://www.youtube.com/watch?v=V7UgPHjN9qE,Drake - Jimmy Cooks (Audio) ft. 21 Savage,Drake,219.0,+0.6,✅ Auto-accepted confident match
58k32my5lKofeZRtIvBDg9,Baby Keem,HONEST,172.7,automatic,1,-r4Xcns47YA,https://www.youtube.com/watch?v=-r4Xcns47YA,Baby Keem - Honest (Official Video),Baby Keem,187.0,+14.3,✅ Auto-accepted confident match
3v3gyQkwRQGwDUZ7V2q2lF,"Tyler, The Creator",WHAT A DAY,216.9,automatic,1,J3olMh9iv0k,https://www.youtube.com/watch?v=J3olMh9iv0k,WHAT A DAY,"Tyler, The Creator",217.0,+0.1,✅ Auto-accepted confident match
6DLbBlGIOjjEj0dNN25zhZ,Megan Moroney,Tennessee Orange,223.1,automatic,1,iopo-N8_euk,https://www.youtube.com/watch?v=iopo-N8_euk,Megan Moroney - Tennessee Orange (Official Audio),Megan Moroney,225.0,+1.9,✅ Auto-accepted confident match
1h0rVgfuKa6V9DkVSLAc4Q,Gunna,back at it,186.2,automatic,1,LWbUJuLSAeA,https://www.youtube.com/watch?v=LWbUJuLSAeA,Gunna - back at it [Official Visualizer],Gunna,187.0,+0.8,✅ Auto-accepted confident match
7kOletJ0Q5H4MWe7cfeZXP,Kim Petras,Alone,185.1,automatic,1,c_5AbgHmFqk,https://www.youtube.com/watch?v=c_5AbgHmFqk,Kim Petras & Nicki Minaj - Alone (Official Music Video),Kim Petras,189.0,+3.9,✅ Auto-accepted confident match
3X6qK1LdMkSOhklwRa2ZfG,Offset,Danger (Spider) (Offset & JID),205.3,user_or_pattern_selected (no_confident_match),1,GizQn9rdiho,https://www.youtube.com/watch?v=GizQn9rdiho,"Offset, JID - Danger (Spider) (Visualizer)",Metro Boomin,206,+0.7s,"✅ Tự động chọn theo pattern của bạn (Audio / Lyrics khớp sát thời lượng, lệch +0.7ss)"
30bqVoKjX479ab90a8Pafp,Lil Peep,Star Shopping,142.0,automatic,1,m8QQR-wQA0I,https://www.youtube.com/watch?v=m8QQR-wQA0I,Lil Peep - Star Shopping (Official Audio),Lil Peep,143.0,+1.0,✅ Auto-accepted confident match
2dSKFFNoNXKo3hPnlwUdPe,Jack Harlow,They Don't Love It,113.3,automatic,1,5Z_uRnyxH5o,https://www.youtube.com/watch?v=5Z_uRnyxH5o,Jack Harlow - They Don't Love It [Official Lyric Video],Jack Harlow,114.0,+0.7,✅ Auto-accepted confident match
6wsqVwoiVH2kde4k4KKAFU,Travis Scott,I KNOW ?,211.6,automatic,1,fmdLsdmYzTo,https://www.youtube.com/watch?v=fmdLsdmYzTo,Travis Scott - I KNOW ? (Official Audio),Travis Scott,214.0,+2.4,✅ Auto-accepted confident match
4daEMLSZCgZ2Mt7gNm2SRa,Lil Uzi Vert,Flooded The Face,192.7,automatic,1,_yBh_I5BLRM,https://www.youtube.com/watch?v=_yBh_I5BLRM,Lil Uzi Vert - Flooded The Face [Official Audio],LIL UZI VERT,193.0,+0.3,✅ Auto-accepted confident match
4kjI1gwQZRKNDkw1nI475M,Travis Scott,MY EYES,251.2,automatic,1,pildU9lK6vM,https://www.youtube.com/watch?v=pildU9lK6vM,Travis Scott - MY EYES (Official Audio),Travis Scott,253.0,+1.8,✅ Auto-accepted confident match
6wf7Yu7cxBSPrRlWeSeK0Q,Billie Eilish,"What Was I Made For? [From The Motion Picture ""Barbie""]",222.4,automatic,1,ML0zd8UAuq8,https://www.youtube.com/watch?v=ML0zd8UAuq8,"Billie Eilish - What Was I Made For? (From The Motion Picture ""Barbie"") [The Barbie Montage]",Billie Eilish,218.0,-4.4,✅ Auto-accepted confident match
67nepsnrcZkowTxMWigSbb,Travis Scott,MELTDOWN,246.1,automatic,1,LuKm4L9ryB0,https://www.youtube.com/watch?v=LuKm4L9ryB0,Travis Scott - MELTDOWN (Official Audio) ft. Drake,Travis Scott,248.0,+1.9,✅ Auto-accepted confident match
78Du4CMFgnhdlG33gblkiP,Oliver Anthony Music,Rich Men North of Richmond,187.2,user_or_pattern_selected (no_confident_match),5,GHCDFb6aKTo,https://www.youtube.com/watch?v=GHCDFb6aKTo,Oliver Anthony - Rich Men North of Richmond (Lyrics),Prestige Vibes,187,-0.2s,"✅ Tự động chọn theo pattern của bạn (Audio / Lyrics khớp sát thời lượng, lệch -0.2ss)"
0lodMO0qK83vfPiiD7FMEt,Travis Scott,TOPIA TWINS,223.2,automatic,1,J4nvbKBuEBU,https://www.youtube.com/watch?v=J4nvbKBuEBU,"Travis Scott - TOPIA TWINS (Official Audio) ft. Rob49, 21 Savage",Travis Scott,225.0,+1.8,✅ Auto-accepted confident match
34sOdxWu9FljH84UXdRwu1,Olivia Rodrigo,all-american bitch,165.8,automatic,1,n2BnbpjpRdo,https://www.youtube.com/watch?v=n2BnbpjpRdo,Olivia Rodrigo - all-american bitch (Official Lyric Video),Olivia Rodrigo,166.0,+0.2,✅ Auto-accepted confident match
1kuGVB7EU95pJObxwvfwKS,Olivia Rodrigo,vampire,219.7,automatic,1,Fqey8LxQxFU,https://www.youtube.com/watch?v=Fqey8LxQxFU,Olivia Rodrigo - vampire (Official Lyric Video),Olivia Rodrigo,220.0,+0.3,✅ Auto-accepted confident match
0hL9gOw6XBWsygEUcVjxEc,Travis Scott,HYAENA,222.1,automatic,1,N20q-391r48,https://www.youtube.com/watch?v=N20q-391r48,Travis Scott - HYAENA (Official Audio),Travis Scott,224.0,+1.9,✅ Auto-accepted confident match
7C1BLYzAvR0KdBpov3GpUZ,Zach Bryan,El Dorado,182.9,automatic,1,PAfvSfmU37w,https://www.youtube.com/watch?v=PAfvSfmU37w,Zach Bryan - El Dorado,Zach Bryan,183.0,+0.1,✅ Auto-accepted confident match
4e3ZNTAV6PCrdYMUrUlMpQ,Taylor Swift,Electric Touch,266.5,user_or_pattern_selected (no_confident_match),1,hMPK2vNXr-E,https://www.youtube.com/watch?v=hMPK2vNXr-E,Electric Touch (Taylor’s Version) (From The Vault) (Lyric Video),Taylor Swift,271,+4.5s,"✅ Tự động chọn theo pattern của bạn (Kênh Chính thức / Topic / Label, lệch +4.5ss)"
4iZ4pt7kvcaH6Yo8UoZ4s2,SZA,Snooze,201.8,automatic,1,Sv5yCzPCkv8,https://www.youtube.com/watch?v=Sv5yCzPCkv8,SZA - Snooze (Audio),SZA,204.0,+2.2,✅ Auto-accepted confident match
6dTA6y0C2ReQklntzZl8l3,Taylor Swift,The Story Of Us (Taylor's Version),267.7,automatic,1,pRhWAXg4xek,https://www.youtube.com/watch?v=pRhWAXg4xek,Taylor Swift - The Story Of Us (Taylor's Version) (Lyric Video),Taylor Swift,272.0,+4.3,✅ Auto-accepted confident match
6T7FXSuXykeGktMLGp8WgE,Lil Durk,All My Life,223.9,automatic,1,6CQ8GkIIDOk,https://www.youtube.com/watch?v=6CQ8GkIIDOk,All My Life,Lil Durk,224.0,+0.1,✅ Auto-accepted confident match
7eOuUmpnHBlg5zsm8Cs7c3,Zach Bryan,Summertime's Close,186.2,automatic,1,rX-8_rIe_F0,https://www.youtube.com/watch?v=rX-8_rIe_F0,Zach Bryan - Summertime's Close,Zach Bryan,187.0,+0.8,✅ Auto-accepted confident match
0zo975x58DlXbZllWvfYhg,Taylor Swift,When Emma Falls in Love (Taylor’s Version) (From The Vault),252.4,automatic,1,IYqgVYjN3Go,https://www.youtube.com/watch?v=IYqgVYjN3Go,Taylor Swift - When Emma Falls in Love (Taylor’s Version) (Lyric Video),Taylor Swift,257.0,+4.6,✅ Auto-accepted confident match
22VHOlVYBqytsrAqV8yXBK,Noah Kahan,Dial Drunk,213.8,user_or_pattern_selected (ambiguous),1,m9Kev73C2cc,https://www.youtube.com/watch?v=m9Kev73C2cc,Noah Kahan - Dial Drunk (Official Lyric Video),Noah Kahan,225,+11.2s,"✅ Tự động chọn theo pattern của bạn (Kênh Chính thức / Topic / Label, lệch +11.2ss)"
0bkV1iQHSxBaksUqgEkcbc,Travis Scott,SKITZO,366.6,automatic,1,Zk-4WvSPpac,https://www.youtube.com/watch?v=Zk-4WvSPpac,Travis Scott - SKITZO (Official Audio) ft. Young Thug,Travis Scott,369.0,+2.4,✅ Auto-accepted confident match
3a36nM6fPVA8K1vqq6d03o,Lil Uzi Vert,x2,234.3,automatic,1,ZrIUMxLmVAM,https://www.youtube.com/watch?v=ZrIUMxLmVAM,Lil Uzi Vert - x2 [Official Audio],LIL UZI VERT,235.0,+0.7,✅ Auto-accepted confident match
3hUxzQpSfdDqwM3ZTFQY0K,Taylor Swift,august,261.9,automatic,1,nn_0zPAfyo8,https://www.youtube.com/watch?v=nn_0zPAfyo8,Taylor Swift – august (Official Lyric Video),Taylor Swift,264.0,+2.1,✅ Auto-accepted confident match
12nBPF4Rh4XLFJV0YLN7uj,Taylor Swift,Innocent (Taylor's Version),301.2,automatic,1,vO6JqQpJboY,https://www.youtube.com/watch?v=vO6JqQpJboY,Taylor Swift - Innocent (Taylor's Version) (Lyric Video),Taylor Swift,305.0,+3.8,✅ Auto-accepted confident match
0gWrMbx6pbdH3n3nsLjE55,Post Malone,Mourning,147.8,automatic,1,U2Ww0iPEet4,https://www.youtube.com/watch?v=U2Ww0iPEet4,Post Malone - Mourning (Official Visualizer),Post Malone,148.0,+0.2,✅ Auto-accepted confident match
7sliFe6W30tPBPh6dvZsIH,Kaliii,Area Codes,139.3,automatic,1,mpK5PcoRMYw,https://www.youtube.com/watch?v=mpK5PcoRMYw,Kaliii - Area Codes (Official Audio),Kaliii,139.0,-0.3,✅ Auto-accepted confident match
3BHFResGQiUvbYToUdaDQz,Post Malone,Enough Is Enough,165.2,automatic,1,cuAeITCVKiU,https://www.youtube.com/watch?v=cuAeITCVKiU,Post Malone - Enough Is Enough (Official Audio),Post Malone,166.0,+0.8,✅ Auto-accepted confident match
4YQImHflXSiIMXntcwPkx8,Cardi B,Bongos,175.1,automatic,1,1IVeyoNiguk,https://www.youtube.com/watch?v=1IVeyoNiguk,Cardi B - Bongos (feat. Megan Thee Stallion) [Official Audio],Cardi B,176.0,+0.9,✅ Auto-accepted confident match
0fCwTrRNfoNk962ati8n2K,Tyler Childers,All Your'n,218.3,automatic,1,NfbEuyMAstg,https://www.youtube.com/watch?v=NfbEuyMAstg,Tyler Childers - All Your'n (Lyric Video),Tyler Childers,220.0,+1.7,✅ Auto-accepted confident match
0FA4wrjDJvJTTU8AepZTup,Lil Uzi Vert,Watch This - ARIZONATEARS Pluggnb Remix,163.1,user_or_pattern_selected (no_confident_match),1,qiFbmEi2pm0,https://www.youtube.com/watch?v=qiFbmEi2pm0,Lil Uzi Vert - Watch This (Pluggnb Remix) (Prod. 🌊ARIZONATEARS🌊),ARIZONATEARS,165,+1.9s,"✅ Tự động chọn theo pattern của bạn (Kênh Chính thức / Topic / Label, lệch +1.9ss)"
4qtxILwBcAHEHbG7R0xF4r,Post Malone,Hold My Breath,208.9,automatic,1,5aNssrGxEaU,https://www.youtube.com/watch?v=5aNssrGxEaU,Post Malone - Hold My Breath (Official Audio),Post Malone,210.0,+1.1,✅ Auto-accepted confident match
6kQF79mjbOkvuRvg0J2XZv,Lil Uzi Vert,Died and Came Back,180.6,automatic,1,pr-aXv92UnQ,https://www.youtube.com/watch?v=pr-aXv92UnQ,Lil Uzi Vert - Died and Came Back [Official Audio],LIL UZI VERT,181.0,+0.4,✅ Auto-accepted confident match
7rzNKooM3JrKVT40fR22HI,$uicideboy$,Not Even Ghosts Are This Empty,180.8,automatic,1,sxkmlZkp6ag,https://www.youtube.com/watch?v=sxkmlZkp6ag,$UICIDEBOY$ - NOT EVEN GHOSTS ARE THIS EMPTY,$uicideboy$,160.0,-20.8,✅ Auto-accepted confident match
6WzRpISELf3YglGAh7TXcG,The Weeknd,Popular,215.5,automatic,1,K6WCcBP4lSs,https://www.youtube.com/watch?v=K6WCcBP4lSs,"The Weeknd, Playboi Carti, Madonna - Popular (Official Audio)",The Weeknd,216.0,+0.5,✅ Auto-accepted confident match
0JXXNGljqupsJaZsgSbMZV,Miguel,Sure Thing,195.4,automatic,1,q4GJVOMjCC4,https://www.youtube.com/watch?v=q4GJVOMjCC4,Miguel - Sure Thing (Official Video),Miguel,202.0,+6.6,✅ Auto-accepted confident match
3fqwjXwUGN6vbzIwvyFMhx,Chris Stapleton,Tennessee Whiskey,293.3,automatic,1,4zAThXFOy2c,https://www.youtube.com/watch?v=4zAThXFOy2c,Chris Stapleton - Tennessee Whiskey (Official Audio),Chris Stapleton,294.0,+0.7,✅ Auto-accepted confident match
4ZT0wGKwlJRjpMUuwZVy3p,Drake,Daylight,164.1,automatic,1,UklHtii5u3s,https://www.youtube.com/watch?v=UklHtii5u3s,Drake - Daylight (Audio),Drake,165.0,+0.9,✅ Auto-accepted confident match
2nibvvDdAQkVraYP00z2RS,Drake,Calling For You,285.6,automatic,1,Z06HSkhGuK4,https://www.youtube.com/watch?v=Z06HSkhGuK4,Drake - Calling For You (Audio) ft. 21 Savage,Drake,286.0,+0.4,✅ Auto-accepted confident match
4rXLjWdF2ZZpXCVTfWcshS,Gunna,fukumean,125.0,automatic,1,JkivGEynAtA,https://www.youtube.com/watch?v=JkivGEynAtA,Gunna - fukumean [Official Lyric Video],Gunna,125.0,+0.0,✅ Auto-accepted confident match
1Iq8oo9XkmmvCQiGOfORiz,Taylor Swift,Is It Over Now? (Taylor's Version) (From The Vault),229.5,automatic,1,tNxUxm3-658,https://www.youtube.com/watch?v=tNxUxm3-658,Taylor Swift - Is It Over Now? (Taylor's Version) (From The Vault) (Lyric Video),Taylor Swift,235.0,+5.5,✅ Auto-accepted confident match
3nNmRE0DxHC6ZaKkrpUumS,Bad Bunny,FINA,216.3,user_or_pattern_selected (ambiguous),1,xYixQwmhUxk,https://www.youtube.com/watch?v=xYixQwmhUxk,BAD BUNNY ft. YOUNG MIKO - FINA (Visualizer) | nadie sabe lo que va a pasar mañana,Bad Bunny,217,+0.7s,"✅ Tự động chọn theo pattern của bạn (Kênh Chính thức / Topic / Label, lệch +0.7ss)"
5KD6AEm19QnMbfWpfoOHMl,Taylor Swift,Now That We Don't Talk (Taylor's Version) (From The Vault),146.4,automatic,1,yF4ulRTCn44,https://www.youtube.com/watch?v=yF4ulRTCn44,Taylor Swift - Now That We Don't Talk (Taylor's Version) (From The Vault) (Lyric Video),Taylor Swift,152.0,+5.6,✅ Auto-accepted confident match
1hR8BSuEqPCCZfv93zzzz9,Taylor Swift,Welcome To New York (Taylor's Version),212.6,automatic,1,FsGdznlfE2U,https://www.youtube.com/watch?v=FsGdznlfE2U,Taylor Swift - Welcome To New York (Taylor's Version) (Lyric Video),Taylor Swift,218.0,+5.4,✅ Auto-accepted confident match
4OMJGnvZfDvsePyCwRGO7X,Dua Lipa,Houdini,185.9,automatic,1,suAR1PYFNYA,https://www.youtube.com/watch?v=suAR1PYFNYA,Dua Lipa - Houdini (Official Music Video),Dua Lipa,189.0,+3.1,✅ Auto-accepted confident match
2ve0kuaWUCt4Zx8x4bf1MR,Taylor Swift,Wonderland (Taylor's Version),245.6,automatic,1,JhICcmiIE80,https://www.youtube.com/watch?v=JhICcmiIE80,Taylor Swift - Wonderland (Taylor's Version) (Lyric Video),Taylor Swift,251.0,+5.4,✅ Auto-accepted confident match
2ByBBvpR9b7IynvRmnG7kG,Taylor Swift,Clean (Taylor's Version),271.0,automatic,1,AppsjTInqiw,https://www.youtube.com/watch?v=AppsjTInqiw,Taylor Swift - Clean (Taylor's Version) (Lyric Video),Taylor Swift,277.0,+6.0,✅ Auto-accepted confident match
4PS1e8f2LvuTFgUs1Cn3ON,Nat King Cole,The Christmas Song (Merry Christmas To You),192.2,automatic,1,e4IeOjpe2p8,https://www.youtube.com/watch?v=e4IeOjpe2p8,Nat King Cole - The Christmas Song (Merry Christmas To You) (Lyric Video),Nat King Cole,194.0,+1.8,✅ Auto-accepted confident match
1ODFVLQszq0hCOdZtqV5wq,Bad Bunny,MR. OCTOBER,189.3,user_or_pattern_selected (ambiguous),3,Q5GswxdmfPI,https://www.youtube.com/watch?v=Q5GswxdmfPI,BAD BUNNY - MR. OCTOBER (Visualizer) | nadie sabe lo que va a pasar mañana,Bad Bunny,190,+0.7s,"✅ Tự động chọn theo pattern của bạn (Kênh Chính thức / Topic / Label, lệch +0.7ss)"
3pv7Q5v2dpdefwdWIvE7yH,Taylor Swift,Shake It Off (Taylor's Version),219.2,automatic,1,mvVBuG4IOW4,https://www.youtube.com/watch?v=mvVBuG4IOW4,Taylor Swift - Shake It Off (Taylor's Version) (Lyric Video),Taylor Swift,225.0,+5.8,✅ Auto-accepted confident match
75W3SngKzTuoQ94uLf3y82,Taylor Swift,How You Get The Girl (Taylor's Version),247.5,automatic,1,rnwD7veCoFQ,https://www.youtube.com/watch?v=rnwD7veCoFQ,Taylor Swift - How You Get The Girl (Taylor's Version) (Lyric Video),Taylor Swift,253.0,+5.5,✅ Auto-accepted confident match
4so0Wek9Ig1p6CRCHuINwW,Bing Crosby,White Christmas,177.5,automatic,1,v5ryZdpEHqM,https://www.youtube.com/watch?v=v5ryZdpEHqM,White Christmas (Official Video),Bing Crosby,204.0,+26.5,✅ Auto-accepted confident match
1yeB8MUNeLo9Ek1UEpsyz6,Drake,Rich Baby Daddy,319.2,automatic,1,F7o0upORtCw,https://www.youtube.com/watch?v=F7o0upORtCw,"Drake - Rich Baby Daddy (Audio) ft. Sexyy Red, SZA",Drake,320.0,+0.8,✅ Auto-accepted confident match
6uIIdjYTxxpWOyWuVXrKQO,Calle 24,Que Onda,191.5,user_or_pattern_selected (ambiguous),4,cu37cCI0Liw,https://www.youtube.com/watch?v=cu37cCI0Liw,Que Onda - Calle 24 x Chino Pacas x Fuerza Regida (Letra/Lyrics),YoungKingz,192,+0.5s,"✅ Tự động chọn theo pattern của bạn (Audio / Lyrics khớp sát thời lượng, lệch +0.5ss)"
01ppKlDRCmPpusO3yNrSRY,Bad Bunny,TELEFONO NUEVO,354.8,user_or_pattern_selected (no_confident_match),1,1DXmmZ7Hngw,https://www.youtube.com/watch?v=1DXmmZ7Hngw,BAD BUNNY ft. LUAR LA L - TELEFONO NUEVO (Visualizer) | nadie sabe lo que va a pasar mañana,Bad Bunny,355,+0.2s,"✅ Tự động chọn theo pattern của bạn (Kênh Chính thức / Topic / Label, lệch +0.2ss)"
4UwqOWDpdeIDVQDuKT6iza,Taylor Swift,You Are In Love (Taylor's Version),267.4,automatic,1,M7ySK0keirY,https://www.youtube.com/watch?v=M7ySK0keirY,Taylor Swift - You Are In Love (Taylor's Version) (Lyric Video),Taylor Swift,273.0,+5.6,✅ Auto-accepted confident match
1a73gcEg6h6Re6hHXoVltJ,Nicki Minaj,FTCU,172.1,automatic,1,zE53Otfrr0k,https://www.youtube.com/watch?v=zE53Otfrr0k,Nicki Minaj - FTCU (Official Audio),Nicki Minaj,173.0,+0.9,✅ Auto-accepted confident match
17cia5k4BpGVlyEfqrFH50,Olivia Rodrigo,Can’t Catch Me Now - from The Hunger Games: The Ballad of Songbirds & Snakes,205.5,automatic,1,UjvcgfYB6T0,https://www.youtube.com/watch?v=UjvcgfYB6T0,Can’t Catch Me Now (Lyric Video from The Hunger Games: The Ballad of Songbirds & Snakes),Olivia Rodrigo,205.0,-0.5,✅ Auto-accepted confident match
6dBUzqjtbnIa1TwYbyw5CM,TV Girl,Lovers Rock,213.9,user_or_pattern_selected (ambiguous),2,w6C4zvCwaHo,https://www.youtube.com/watch?v=w6C4zvCwaHo,TV Girl - Lovers Rock,annafryl,214,+0.1s,"✅ Tự động chọn theo pattern của bạn (Audio / Lyrics khớp sát thời lượng, lệch +0.1ss)"
0xxZY5C9xxij3D1HkzbnfC,"Bobby ""Boris"" Pickett & The Crypt-Kickers",Monster Mash,192.0,user_or_pattern_selected (no_confident_match),2,tsPdVsIXqzU,https://www.youtube.com/watch?v=tsPdVsIXqzU,"Bobby ""Boris"" Pickett, The Crypt-Kickers - Monster Mash (Lyric Video)","BobbyPickettVEVO and Bobby ""Boris"" Pickett",195,+3.0s,"✅ Tự động chọn theo pattern của bạn (Kênh Chính thức / Topic / Label, lệch +3.0ss)"
1SV1fxF65n9NhRHp3KlBuu,Paul McCartney,Wonderful Christmastime - Edited Version / Remastered 2011,227.7,automatic,1,2TfWo3GsIII,https://www.youtube.com/watch?v=2TfWo3GsIII,Wonderful Christmastime (Edited Version / Remastered 2011),PAUL McCARTNEY,228.0,+0.3,✅ Auto-accepted confident match
0PAcdVzhPO4gq1Iym9ESnK,Morgan Wallen,Thinkin’ Bout Me,177.4,automatic,1,5DCdL1zdpdM,https://www.youtube.com/watch?v=5DCdL1zdpdM,Morgan Wallen - Thinkin' Bout Me (Lyric Video),Morgan Wallen,175.0,-2.4,✅ Auto-accepted confident match
5W4kiM2cUYBJXKRudNyxjW,Morgan Wallen,You Proof,157.5,automatic,1,oSBh6a0QJg8,https://www.youtube.com/watch?v=oSBh6a0QJg8,Morgan Wallen - You Proof (Lyric Video),Morgan Wallen,158.0,+0.5,✅ Auto-accepted confident match
5CscrLqFBgPfZR8fGtikov,Olivia Rodrigo,making the bed,198.9,automatic,1,OuuBnf2aGCc,https://www.youtube.com/watch?v=OuuBnf2aGCc,Olivia Rodrigo - making the bed (Official Lyric Video),Olivia Rodrigo,199.0,+0.1,✅ Auto-accepted confident match
3kfhS2L56Wj8fBcu7xE47H,Rod Wave,Turks & Caicos,203.3,automatic,1,ltxOOGKZLs0,https://www.youtube.com/watch?v=ltxOOGKZLs0,Rod Wave - Turks & Caicos Ft. 21 Savage (Official Audio),RodWave,204.0,+0.7,✅ Auto-accepted confident match
38R5sydMbsBzSPGPMfmtpb,Lil Mabu,MR. TAKE YA B*TCH (FEAT. CHRISEANROCK),108.8,automatic,1,b_rpj_nMWBI,https://www.youtube.com/watch?v=b_rpj_nMWBI,Lil Mabu x ChriseanRock - MR. TAKE YA B*TCH (Official Music Video),Lil Mabu,109.0,+0.2,✅ Auto-accepted confident match
0hvN2v6fAcB6xWyW7UaooA,Perry Como,(There's No Place Like) Home for the Holidays - 1959 Version,175.9,automatic,1,Ha4qcLzD2jU,https://www.youtube.com/watch?v=Ha4qcLzD2jU,(There's No Place Like) Home for the Holidays (1959 Version),Perry Como,176.0,+0.1,✅ Auto-accepted confident match
0Ie5uiv54KgCr7P4sYDTHl,Idina Menzel,Baby It's Cold Outside (duet with Michael Bublé),166.1,user_or_pattern_selected (ambiguous),2,TuvShrzC_wM,https://www.youtube.com/watch?v=TuvShrzC_wM,Idina Menzel - Baby It's Cold Outside (with Michael Bublé) | Lyrics,Sunset Sounds,167,+0.9s,"✅ Tự động chọn theo pattern của bạn (Audio / Lyrics khớp sát thời lượng, lệch +0.9ss)"
4HeViKsdSOLkOvwfcRVkK8,Thomas Rhett,Mamaw's House,187.3,automatic,1,OLbtjbEcQEg,https://www.youtube.com/watch?v=OLbtjbEcQEg,Thomas Rhett - Mamaw's House (Lyric Video) ft. Morgan Wallen,Thomas Rhett,192.0,+4.7,✅ Auto-accepted confident match
7fveJ3pk1eSfxBdVkzdXZ0,Morgan Wallen,Cowgirls,181.6,automatic,1,UpYu9FgcxKo,https://www.youtube.com/watch?v=UpYu9FgcxKo,Morgan Wallen - Cowgirls (Lyric Video) ft. ERNEST,Morgan Wallen,182.0,+0.4,✅ Auto-accepted confident match
1SjsVdSXpwm1kTdYEHoPIT,Zach Bryan,Sun to Me,163.0,automatic,1,-s5-VXG7Qio,https://www.youtube.com/watch?v=-s5-VXG7Qio,Zach Bryan - Sun to Me,Zach Bryan,164.0,+1.0,✅ Auto-accepted confident match
5P8Xvy5tzhmfyfA6GplQ8h,Gayla Peevey,I Want a Hippopotamus for Christmas (Hippo the Hero),155.5,automatic,1,LWJvtX0r_wU,https://www.youtube.com/watch?v=LWJvtX0r_wU,I Want A Hippopotamus For Christmas (Hippo The Hero),Gayla Peevey - Topic,158.0,+2.5,✅ Auto-accepted confident match
41onDks2UPbyjer5fMeUWf,Run–D.M.C.,Christmas In Hollis,178.6,automatic,1,C0b8FqocXcU,https://www.youtube.com/watch?v=C0b8FqocXcU,Christmas In Hollis,Run DMC,180.0,+1.4,✅ Auto-accepted confident match
3RwWW7KeVhHGayYJgUL5eZ,Ariana Grande,eternal sunshine,210.2,automatic,1,dS_HLHozs1E,https://www.youtube.com/watch?v=dS_HLHozs1E,Ariana Grande - eternal sunshine (lyric visualizer),Ariana Grande,211.0,+0.8,✅ Auto-accepted confident match
5tEaVciE2GnR28aN6W9cLS,¥$,FUK SUMN,209.6,automatic,1,xd2SEKy6HIM,https://www.youtube.com/watch?v=xd2SEKy6HIM,FUK SUMN,¥$ - Topic,210.0,+0.4,✅ Auto-accepted confident match
28drn6tQo95MRvO0jQEo5C,Future,Type Shit,228.3,automatic,1,XcK8JdVlcXY,https://www.youtube.com/watch?v=XcK8JdVlcXY,"Future, Metro Boomin, Travis Scott, Playboi Carti - Type Shit (Official Audio)",Future,230.0,+1.7,✅ Auto-accepted confident match
2tudvzsrR56uom6smgOcSf,Future,Like That,267.7,automatic,1,N9bKBAA22Go,https://www.youtube.com/watch?v=N9bKBAA22Go,"Future, Metro Boomin, Kendrick Lamar - Like That (Official Audio)",Future,270.0,+2.3,✅ Auto-accepted confident match
0Lmbke3KNVFXtoH2mMSHCw,Ariana Grande,the boy is mine,173.6,automatic,1,ZqCWXdZFc58,https://www.youtube.com/watch?v=ZqCWXdZFc58,Ariana Grande - the boy is mine (lyric visualizer),Ariana Grande,174.0,+0.4,✅ Auto-accepted confident match
79AHPJd8upvNxyK2qQcY8J,Megan Thee Stallion,HISS,192.8,automatic,1,lQpVjx0vRFY,https://www.youtube.com/watch?v=lQpVjx0vRFY,Megan Thee Stallion - HISS [Official Audio],Megan Thee Stallion,193.0,+0.2,✅ Auto-accepted confident match
3w0w2T288dec0mgeZZqoNN,¥$,CARNIVAL,264.3,user_or_pattern_selected (no_confident_match),3,pEskP0ulPlA,https://www.youtube.com/watch?v=pEskP0ulPlA,"¥$, Ye, Ty Dolla $ign - CARNIVAL ft. Playboi Carti & Rich The Kid",Kanye West,262,-2.3s,"✅ Tự động chọn theo pattern của bạn (Audio / Lyrics khớp sát thời lượng, lệch -2.3ss)"
7KA4W4McWYRpgf0fWsJZWB,"Tyler, The Creator",See You Again,180.4,automatic,1,TGgcC5xg9YI,https://www.youtube.com/watch?v=TGgcC5xg9YI,SEE YOU AGAIN featuring Kali Uchis,"Tyler, The Creator",203.0,+22.6,✅ Auto-accepted confident match
347AQK5Lyhn6RvB8tBGYxt,¥$,STARS,115.2,user_or_pattern_selected (no_confident_match),5,rvj-qvLiWrY,https://www.youtube.com/watch?v=rvj-qvLiWrY,Kanye West & Ty Dolla $ign - STARS (Audio),RapXtreme,116.0,+0.8,✅ Đã tự động tìm & thay thế Audio/MV chuẩn do 5 candidate gốc bị lỗi/lệch (Lệch 0.8s)
6rjuKpPydT2SxN15TZpV7r,Lil Tecca,500lbs,144.4,automatic,1,coqEyxNcJmA,https://www.youtube.com/watch?v=coqEyxNcJmA,Lil Tecca - 500lbs (Official Audio),Lil Tecca,148.0,+3.6,✅ Auto-accepted confident match
42VsgItocQwOQC3XWZ8JNA,Travis Scott,FE!N,191.7,automatic,1,U-l4ya3ejko,https://www.youtube.com/watch?v=U-l4ya3ejko,Travis Scott - FE!N (Official Audio) ft. Playboi Carti,Travis Scott,194.0,+2.3,✅ Auto-accepted confident match
1udwFobQ1JoOdWPQrp2b6u,JID,Surround Sound,229.9,automatic,1,Wi8ahP6ADFU,https://www.youtube.com/watch?v=Wi8ahP6ADFU,Surround Sound,JID,230.0,+0.1,✅ Auto-accepted confident match
7aqfrAY2p9BUSiupwk3svU,Drake,First Person Shooter,247.4,automatic,1,sRs2o36a1Us,https://www.youtube.com/watch?v=sRs2o36a1Us,Drake - First Person Shooter (Audio) ft. J. Cole,Drake,248.0,+0.6,✅ Auto-accepted confident match
6tNgRQ0K2NYZ0Rb9l9DzL8,Olivia Rodrigo,obsessed,170.5,automatic,1,CxFa6r8uRNw,https://www.youtube.com/watch?v=CxFa6r8uRNw,Olivia Rodrigo - obsessed (Official Lyric Video),Olivia Rodrigo,171.0,+0.5,✅ Auto-accepted confident match
2YSzYUF3jWqb9YP9VXmpjE,Drake,IDGAF,260.1,automatic,1,fCRCLsJQWUQ,https://www.youtube.com/watch?v=fCRCLsJQWUQ,Drake - IDGAF (Audio) ft. Yeat,Drake,261.0,+0.9,✅ Auto-accepted confident match
04CyMEHliadfQWMUJb1w99,¥$,BURN,111.5,user_or_pattern_selected (no_confident_match),5,XA4lNmf-KCk,https://www.youtube.com/watch?v=XA4lNmf-KCk,BURN - Kanye West & Ty Dolla $ign (lyrics),Plug Hub,112.0,+0.5,✅ Đã tự động tìm & thay thế Audio/MV chuẩn do 5 candidate gốc bị lỗi/lệch (Lệch 0.5s)
7pBcryEKcUEaWHwAu1wUyP,Future,Magic Don Juan (Princess Diana),220.7,automatic,1,MfTFbkKHPGI,https://www.youtube.com/watch?v=MfTFbkKHPGI,"Future, Metro Boomin - Magic Don Juan (Princess Diana) (Official Audio)",Future,223.0,+2.3,✅ Auto-accepted confident match
003vvx7Niy0yvhvHt4a68B,The Killers,Mr. Brightside,223.0,automatic,1,gGdGFtwCNBE,https://www.youtube.com/watch?v=gGdGFtwCNBE,The Killers - Mr. Brightside (Official Music Video),TheKillersMusic,228.0,+5.0,✅ Auto-accepted confident match
4q7y1JFDBJSBSLqXVgcI51,Future,Runnin Outta Time,205.5,automatic,1,Vv5UuKSBhZg,https://www.youtube.com/watch?v=Vv5UuKSBhZg,"Future, Metro Boomin - Runnin Outta Time (Official Audio)",Future,208.0,+2.5,✅ Auto-accepted confident match
2y4ZR0BUAVePljHSsZyIgj,¥$,PAID,195.1,user_or_pattern_selected (no_confident_match),1,GErG9femMQk,https://www.youtube.com/watch?v=GErG9femMQk,Lil Baby x 42 Dugg - We Paid (Official Video),Lil Baby Official,175,-20.1s,"✅ Tự động chọn theo pattern của bạn (MV Chính thức, lệch -20.1ss)"
2K7sv1mno9PvbXVBpqvSKn,21 Savage,sneaky,201.7,automatic,1,XlhYUaLVQXc,https://www.youtube.com/watch?v=XlhYUaLVQXc,21 Savage - sneaky (Official Audio),21 Savage,204.0,+2.3,✅ Auto-accepted confident match
3xKsf9qdS1CyvXSMEid6g8,Frank Ocean,Pink + White,184.5,user_or_pattern_selected (ambiguous),1,uzS3WG6__G4,https://www.youtube.com/watch?v=uzS3WG6__G4,Frank Ocean - Pink + White,Blonded,185,+0.5s,"✅ Tự động chọn theo pattern của bạn (Audio / Lyrics khớp sát thời lượng, lệch +0.5ss)"
7hVb3OyFkgxDgpTdrOX6dT,¥$,KEYS TO MY LIFE,174.1,automatic,1,kX3ivxNp9PY,https://www.youtube.com/watch?v=kX3ivxNp9PY,KEYS TO MY LIFE,¥$ - Topic,175.0,+0.9,✅ Auto-accepted confident match
0caJ2wkqp4UmXBwdR2JvB5,Noah Kahan,Dial Drunk,213.8,user_or_pattern_selected (ambiguous),1,m9Kev73C2cc,https://www.youtube.com/watch?v=m9Kev73C2cc,Noah Kahan - Dial Drunk (Official Lyric Video),Noah Kahan,225,+11.2s,"✅ Tự động chọn theo pattern của bạn (Kênh Chính thức / Topic / Label, lệch +11.2ss)"
086myS9r57YsLbJpU0TgK9,Arctic Monkeys,Why'd You Only Call Me When You're High?,161.1,user_or_pattern_selected (ambiguous),2,3oK22ll4cxw,https://www.youtube.com/watch?v=3oK22ll4cxw,Arctic Monkeys - Why'd You Only Call Me When You're High?,Rodrigo Lima,162,+0.9s,"✅ Tự động chọn theo pattern của bạn (Audio / Lyrics khớp sát thời lượng, lệch +0.9ss)"
4yreExU3eRNTe2iJz6X6k3,21 Savage,american dream,63.4,automatic,1,xH3nqcOA2DA,https://www.youtube.com/watch?v=xH3nqcOA2DA,21 Savage - american dream (Official Audio),21 Savage,65.0,+1.6,✅ Auto-accepted confident match
72qABvaqn3TP6drO2tByA6,Future,Ain't No Love,182.8,automatic,1,Dat993XlIf0,https://www.youtube.com/watch?v=Dat993XlIf0,"Future, Metro Boomin - Ain't No Love (Official Audio)",Future,185.0,+2.2,✅ Auto-accepted confident match
6XjDF6nds4DE2BBbagZol6,FloyyMenor,Gata Only,222.0,automatic,1,-r687V8yqKY,https://www.youtube.com/watch?v=-r687V8yqKY,"FloyyMenor, Cris MJ - Gata Only (Video Oficial)",FloyyMenor,216.0,-6.0,✅ Auto-accepted confident match
5TXDeTFVRVY7Cvt0Dw4vWW,XXXTENTACION,Revenge,120.0,automatic,1,CD_tD26E7k0,https://www.youtube.com/watch?v=CD_tD26E7k0,XXXTENTACION - Revenge (Audio),XXXTENTACION,121.0,+1.0,✅ Auto-accepted confident match
6FBzhcfgGacfXF3AmtfEaX,Steve Lacy,C U Girl,129.7,automatic,1,t0fn0Q0DB0E,https://www.youtube.com/watch?v=t0fn0Q0DB0E,C U Girl,Steve Lacy,130.0,+0.3,✅ Auto-accepted confident match
43SoxERu5UlXAgt4Es1VQU,Josh Meloy,Porch Light,184.9,automatic,1,aXQ6OOeYG-w,https://www.youtube.com/watch?v=aXQ6OOeYG-w,Porch Light - Josh Meloy,Josh Meloy,182.0,-2.9,✅ Auto-accepted confident match
0JmnkIqdlnUzPaf8sqBRs3,Kali Uchis,Moonlight,187.7,automatic,1,8F7Q-4PZCjA,https://www.youtube.com/watch?v=8F7Q-4PZCjA,Kali Uchis - Moonlight (Official Lyric Video),KALI UCHIS,188.0,+0.3,✅ Auto-accepted confident match
3CWq0pAKKTWb0K4yiglDc4,Taylor Swift,You’re Losing Me (From The Vault),277.8,automatic,1,pQq9eP5OFhw,https://www.youtube.com/watch?v=pQq9eP5OFhw,Taylor Swift - You're Losing Me (From The Vault),Taylor Swift,279.0,+1.2,✅ Auto-accepted confident match
77DRzu7ERs0TX3roZcre7Q,Kendrick Lamar,euphoria,383.6,automatic,1,NPqDIwWMtxg,https://www.youtube.com/watch?v=NPqDIwWMtxg,euphoria,Kendrick Lamar,384.0,+0.4,✅ Auto-accepted confident match
3NMrVbIVWT3fPXBj0rNDKG,Taylor Swift,The Tortured Poets Department,293.0,automatic,1,RQMz4JDbtmI,https://www.youtube.com/watch?v=RQMz4JDbtmI,Taylor Swift - The Tortured Poets Department (Official Lyric Video),Taylor Swift,298.0,+5.0,✅ Auto-accepted confident match
5ZLL6wYXeqg0k35ZkDRfhZ,Post Malone,Pour Me A Drink (Feat. Blake Shelton),195.1,automatic,1,QL4-aYxCVAI,https://www.youtube.com/watch?v=QL4-aYxCVAI,Post Malone - Pour Me A Drink (Lyric Video) ft. Blake Shelton,Post Malone,196.0,+0.9,✅ Auto-accepted confident match
2XXwLdtuAcE0HSCu61ijAb,Taylor Swift,My Boy Only Breaks His Favorite Toys,203.8,automatic,1,wRKXAAV6jh4,https://www.youtube.com/watch?v=wRKXAAV6jh4,Taylor Swift - My Boy Only Breaks His Favorite Toys (Official Lyric Video),Taylor Swift,209.0,+5.2,✅ Auto-accepted confident match
2tHwzyyOLoWSFqYNjeVMzj,Sabrina Carpenter,Please Please Please,186.4,automatic,1,Yl_thbk40A0,https://www.youtube.com/watch?v=Yl_thbk40A0,Sabrina Carpenter - Please Please Please (Lyric Video),Sabrina Carpenter,187.0,+0.6,✅ Auto-accepted confident match
19XpFsce28aByvCC4g89tJ,Hozier,Too Sweet,251.4,automatic,1,aezstCBHOPQ,https://www.youtube.com/watch?v=aezstCBHOPQ,Hozier - Too Sweet (Official Lyric Video),Hozier,252.0,+0.6,✅ Auto-accepted confident match
6zuPQl2RVqQ4y5nAH61CFC,Beyoncé,II MOST WANTED,208.5,automatic,1,SyXfJi2KZ-A,https://www.youtube.com/watch?v=SyXfJi2KZ-A,"Beyoncé, Miley Cyrus - II MOST WANTED (Official Lyric Video)",Beyoncé,218.0,+9.5,✅ Auto-accepted confident match
3Vevii7qKqrmW8CcyzBHDl,Taylor Swift,"So Long, London",263.0,automatic,1,CCUr2pNJft4,https://www.youtube.com/watch?v=CCUr2pNJft4,"Taylor Swift - So Long, London (Official Lyric Video)",Taylor Swift,268.0,+5.0,✅ Auto-accepted confident match
3eh51r6rFWAlGQRlHx9QnQ,Drake,Push Ups,232.8,automatic,1,HKH9p19PRLA,https://www.youtube.com/watch?v=HKH9p19PRLA,Push Ups,Drake,233.0,+0.2,✅ Auto-accepted confident match
4xdBrk0nFZaP54vvZj0yx7,Chappell Roan,HOT TO GO!,184.8,automatic,1,xaPNR-_Cfn0,https://www.youtube.com/watch?v=xaPNR-_Cfn0,Chappell Roan - HOT TO GO! (Official Music Video),Chappell Roan,212.0,+27.2,✅ Auto-accepted confident match
6fPan2saHdFaIHuTSatORv,Billie Eilish,L’AMOUR DE MA VIE,334.0,automatic,1,am5FI9DkO80,https://www.youtube.com/watch?v=am5FI9DkO80,Billie Eilish - L’AMOUR DE MA VIE (Official Lyric Video),Billie Eilish,335.0,+1.0,✅ Auto-accepted confident match
6Y4rniIxibegzsg8cdWAWV,Beyoncé,BODYGUARD,240.3,automatic,1,7HV_Rv858YM,https://www.youtube.com/watch?v=7HV_Rv858YM,Beyoncé - BODYGUARD (Official Lyric Video),Beyoncé,251.0,+10.7,✅ Auto-accepted confident match
1yfKakY4rvI17lk20ekuRA,J. Cole,Crocodile Tearz,229.2,automatic,1,C3QfwT7CqoI,https://www.youtube.com/watch?v=C3QfwT7CqoI,J. Cole - Crocodile Tearz (Official Audio),J. Cole,230.0,+0.8,✅ Auto-accepted confident match
6TGd66r0nlPaYm3KIoI7ET,Billie Eilish,THE GREATEST,293.8,automatic,1,WkdQhfDRBKs,https://www.youtube.com/watch?v=WkdQhfDRBKs,Billie Eilish - THE GREATEST (Official Lyric Video),Billie Eilish,294.0,+0.2,✅ Auto-accepted confident match
57wp7VFnV8X0pSVnYArGeJ,Bryson Tiller,Whatever She Wants,161.3,automatic,1,-I8DrXXGd9E,https://www.youtube.com/watch?v=-I8DrXXGd9E,Bryson Tiller - Whatever She Wants (Official Video),Bryson Tiller,166.0,+4.7,✅ Auto-accepted confident match
2prqm9sPLj10B4Wg0wE5x9,Billie Eilish,BLUE,343.1,automatic,1,_IjWFq1c5M4,https://www.youtube.com/watch?v=_IjWFq1c5M4,Billie Eilish - BLUE (Official Lyric Video),Billie Eilish,344.0,+0.9,✅ Auto-accepted confident match
2UDARQiksl207HcSduDpov,Beyoncé,LEVII'S JEANS,257.7,automatic,1,esnhbIbQHgM,https://www.youtube.com/watch?v=esnhbIbQHgM,Beyoncé & Post Malone - LEVII'S JEANS (Official Lyric Video),Beyoncé,269.0,+11.3,✅ Auto-accepted confident match
0W0iAC1VGlB82PI6elxFYf,Taylor Swift,Guilty as Sin?,254.4,automatic,1,OOYlWF6V8t8,https://www.youtube.com/watch?v=OOYlWF6V8t8,Taylor Swift - Guilty as Sin (Official Lyric Video),Taylor Swift,259.0,+4.6,✅ Auto-accepted confident match
76OC0zMt7wqgys9BpPfLag,Beyoncé,SMOKE HOUR ★ WILLIE NELSON,50.7,automatic,1,b2fJB9oz5-o,https://www.youtube.com/watch?v=b2fJB9oz5-o,SMOKE HOUR ★ WILLIE NELSON,Beyoncé,51.0,+0.3,✅ Auto-accepted confident match
27a8HLPwti6tmgQ6FR8aVI,Beyoncé,DAUGHTER,203.9,automatic,1,cjeC0zNqigo,https://www.youtube.com/watch?v=cjeC0zNqigo,Beyoncé - DAUGHTER (Official Lyric Video),Beyoncé,213.0,+9.1,✅ Auto-accepted confident match
0K9tfzrxJyCQIf7oAlPwaK,Beyoncé,YA YA,274.8,automatic,1,Ma8X2iMdv8U,https://www.youtube.com/watch?v=Ma8X2iMdv8U,Beyoncé - YA YA (Official Lyric Video),Beyoncé,286.0,+11.2,✅ Auto-accepted confident match
3NtCIBBz5pEAVGeHL4h5mS,Beyoncé,TYRANT,250.7,automatic,1,bgtuQptR1U4,https://www.youtube.com/watch?v=bgtuQptR1U4,"Beyoncé, Dolly Parton - TYRANT (Official Lyric Video)",Beyoncé,261.0,+10.3,✅ Auto-accepted confident match
5Bedn0svl0ZD7RGmJkmKKw,Taylor Swift,How Did It End?,238.7,automatic,1,O3wlMR0y4a4,https://www.youtube.com/watch?v=O3wlMR0y4a4,Taylor Swift - How Did It End? (Official Lyric Video),Taylor Swift,243.0,+4.3,✅ Auto-accepted confident match
1ACA277B6f46DYCgZW8di3,Artemas,if u think i'm pretty,128.2,automatic,1,x3tXq9xx7oI,https://www.youtube.com/watch?v=x3tXq9xx7oI,Artemas - if u think i'm pretty (lyric video),Artemas,114.0,-14.2,✅ Auto-accepted confident match
3evCfqmaP5ZFbWMeFI0E21,Beyoncé,ALLIIGATOR TEARS,179.4,automatic,1,OuSCmrRPcFI,https://www.youtube.com/watch?v=OuSCmrRPcFI,Beyoncé - ALLIIGATOR TEARS (Official Lyric Video),Beyoncé,188.0,+8.6,✅ Auto-accepted confident match
1FhgmMvNlh3nJ1Ldc2eE6H,Koe Wetzel,High Road,179.4,automatic,1,U35fIPYNhBI,https://www.youtube.com/watch?v=U35fIPYNhBI,Koe Wetzel - High Road (Official Audio),Koe Wetzel,180.0,+0.6,✅ Auto-accepted confident match
5wbg8kepMFoMzHOEuxiI0q,Gracie Abrams,Close To You,226.0,automatic,1,PmJuMNGp5YE,https://www.youtube.com/watch?v=PmJuMNGp5YE,Gracie Abrams - Close To You (Official Visual),Gracie Abrams,223.0,-3.0,✅ Auto-accepted confident match
1QvDl9tBq6PsMVE7Bf2ZOV,Ole 60,smoke & a light,189.0,automatic,1,Cjnk0zrquj4,https://www.youtube.com/watch?v=Cjnk0zrquj4,Ole 60 - smoke & a light (Lyric Video),Ole 60 ,190.0,+1.0,✅ Auto-accepted confident match
0JcD5qI9SxWqdEWmRjUX9X,$uicideboy$,Mental Clarity Is a Luxury I Can't Afford,145.8,automatic,1,ZwGn7CDhiGs,https://www.youtube.com/watch?v=ZwGn7CDhiGs,$UICIDEBOY$- MENTAL CLARITY IS A LUXURY I CAN'T AFFORD (Lyric Video),$uicideboy$,146.0,+0.2,✅ Auto-accepted confident match
5rb9QrpfcKFHM1EUbSIurX,USHER,Yeah!,250.4,automatic,1,GxBSyx85Kp8,https://www.youtube.com/watch?v=GxBSyx85Kp8,"Usher - Yeah! (Official Video) ft. Lil Jon, Ludacris",Usher,253.0,+2.6,✅ Auto-accepted confident match
2o1pb13quMReXZqE7jWsgq,Ariana Grande,intro (end of the world),92.4,automatic,1,p7jATa6Soag,https://www.youtube.com/watch?v=p7jATa6Soag,Ariana Grande - intro (end of the world) (lyric visualizer),Ariana Grande,93.0,+0.6,✅ Auto-accepted confident match
7yNf9YjeO5JXUE3JEBgnYc,Dominic Fike,Babydoll,98.0,automatic,1,nb8CnIo_-_A,https://www.youtube.com/watch?v=nb8CnIo_-_A,"Dominic Fike ""Babydoll"" (Official Audio)",Dominic Fike,100.0,+2.0,✅ Auto-accepted confident match
6LAicOLiCrHw0bmaLBDbC8,Gunna,whatsapp (wassam),148.2,automatic,1,fim9FNvs1jg,https://www.youtube.com/watch?v=fim9FNvs1jg,Gunna - whatsapp (wassam) [Official Lyric Video],Gunna,149.0,+0.8,✅ Auto-accepted confident match
3cmdqMDc0Fj4TgPeyDOYTM,$uicideboy$,Us Vs. Them,184.6,automatic,1,KdFyJp6ixfw,https://www.youtube.com/watch?v=KdFyJp6ixfw,$UICIDEBOY$ - US VS. THEM (Lyric Video),$uicideboy$,186.0,+1.4,✅ Auto-accepted confident match
7b6sWLSnbZhSIeqNGrJ4py,Dua Lipa,These Walls,217.8,automatic,1,vjx5kv05x3A,https://www.youtube.com/watch?v=vjx5kv05x3A,Dua Lipa - These Walls feat Pierre de Maere (Lyric Video),Dua Lipa,218.0,+0.2,✅ Auto-accepted confident match
0IsIY8pfu1yaGkPUD7pkDx,Charli xcx,Guess featuring billie eilish,143.3,automatic,1,NfHhsB5V6Tc,https://www.youtube.com/watch?v=NfHhsB5V6Tc,Charli xcx - Guess (official lyric video),Charli xcx,148.0,+4.7,✅ Auto-accepted confident match
5iJKGpnFfvbjZJeAtwXfCj,Zach Bryan,28,233.3,automatic,1,wJO0IoWY4t4,https://www.youtube.com/watch?v=wJO0IoWY4t4,Zach Bryan - 28,Zach Bryan,234.0,+0.7,✅ Auto-accepted confident match
102YUQbYmwdBXS7jwamI90,Sabrina Carpenter,Good Graces,185.3,automatic,1,alYCYZvB3yo,https://www.youtube.com/watch?v=alYCYZvB3yo,Sabrina Carpenter - Good Graces (Official Lyric Video),Sabrina Carpenter,187.0,+1.7,✅ Auto-accepted confident match
7Fzl7QaTu47WyP9R5S5mh5,Morgan Wallen,Lies Lies Lies,198.1,automatic,1,Qxo2ToDM-uE,https://www.youtube.com/watch?v=Qxo2ToDM-uE,Morgan Wallen - Lies Lies Lies (Lyric Video),Morgan Wallen,196.0,-2.1,✅ Auto-accepted confident match
1UHS8Rf6h5Ar3CDWRd3wjF,Sabrina Carpenter,Bed Chem,171.9,automatic,1,x8VkB8ap_FQ,https://www.youtube.com/watch?v=x8VkB8ap_FQ,Sabrina Carpenter - Bed Chem (Official Lyric Video),Sabrina Carpenter,172.0,+0.1,✅ Auto-accepted confident match
5VhvD0AKRprEaFtPNKGBQR,Sabrina Carpenter,Dumb & Poetic,133.5,automatic,1,moMdJBDCblE,https://www.youtube.com/watch?v=moMdJBDCblE,Sabrina Carpenter - Dumb & Poetic (Official Lyric Video),Sabrina Carpenter,134.0,+0.5,✅ Auto-accepted confident match
4KULAymBBJcPRpk1yO4dOG,Zach Bryan,I Remember Everything,227.2,automatic,1,ZVVvJjwzl6c,https://www.youtube.com/watch?v=ZVVvJjwzl6c,Zach Bryan - I Remember Everything (feat. Kacey Musgraves),Zach Bryan,228.0,+0.8,✅ Auto-accepted confident match
6StwwqB84sJeLr7tZDTxEX,Post Malone,Guy For That (Feat. Luke Combs),164.0,automatic,1,Z-5r8jlCPkc,https://www.youtube.com/watch?v=Z-5r8jlCPkc,Post Malone - Guy For That (Lyric Video) ft. Luke Combs,Post Malone,165.0,+1.0,✅ Auto-accepted confident match
24XihnoVPWXlKJ4BgXqjVM,Tate McRae,It's ok I'm ok,156.5,automatic,1,FLV8ELpkE-Y,https://www.youtube.com/watch?v=FLV8ELpkE-Y,Tate McRae - It's ok I'm ok (Lyric Video),Tate McRae,157.0,+0.5,✅ Auto-accepted confident match
2CIXO1jQbrV1hlfI7FUKld,Post Malone,Wrong Ones (Feat. Tim McGraw),195.8,automatic,1,6ZdGmsakOVM,https://www.youtube.com/watch?v=6ZdGmsakOVM,Wrong Ones,Post Malone,196.0,+0.2,✅ Auto-accepted confident match
6GG4yyk3UATdBfTHVgI8PB,Luke Combs,Ain't No Love In Oklahoma (From Twisters: The Album),210.9,automatic,1,J6YlaeACE4E,https://www.youtube.com/watch?v=J6YlaeACE4E,Luke Combs – Ain’t No Love In Oklahoma (From Twisters: The Album) [Official Music Video],Luke Combs,209.0,-1.9,✅ Auto-accepted confident match
0OA00aPt3BV10qeMIs3meW,Hanumankind,Big Dawgs,190.7,automatic,1,Dygu1vz2HEw,https://www.youtube.com/watch?v=Dygu1vz2HEw,Hanumankind x A$AP Rocky – Big Dawgs | Ft. Kalmi (Official Audio),Hanumankind,237.0,+46.3,✅ Auto-accepted confident match
7I3RalBqE7ZE0RSxgGlGlm,Eminem,Habits,298.4,automatic,1,BgqD-Bn5Quk,https://www.youtube.com/watch?v=BgqD-Bn5Quk,Eminem - Habits (feat. White Gold) [Official Audio],EminemMusic,299.0,+0.6,✅ Auto-accepted confident match
4ZJ4vzLQekI0WntDbanNC7,Zach Bryan,Pink Skies,194.9,automatic,1,fs49xFmmHCo,https://www.youtube.com/watch?v=fs49xFmmHCo,Zach Bryan - Pink Skies,Zach Bryan,195.0,+0.1,✅ Auto-accepted confident match
09LrGvT9KsACH66RHYMDyR,Sabrina Carpenter,Don’t Smile,206.3,automatic,1,Ju9X2HMMid4,https://www.youtube.com/watch?v=Ju9X2HMMid4,Sabrina Carpenter - Don't Smile (Official Lyric Video),Sabrina Carpenter,210.0,+3.7,✅ Auto-accepted confident match
0lJNSfWnwJMIh94Dv9jQUt,Post Malone,What Don't Belong To Me,207.2,automatic,1,qvfssW5U_Ig,https://www.youtube.com/watch?v=qvfssW5U_Ig,Post Malone - What Don't Belong To Me (Lyric Video),Post Malone,208.0,+0.8,✅ Auto-accepted confident match
59151GHN7yr5g9B3bqlGdR,Eminem,Trouble,41.5,automatic,1,nL5W5Xi5jq8,https://www.youtube.com/watch?v=nL5W5Xi5jq8,Eminem - Trouble [Official Audio],EminemMusic,42.0,+0.5,✅ Auto-accepted confident match
3XbIhTYl6a0uXPyO43eiXa,Zach Bryan,Oak Island,239.4,automatic,1,osNrPrgcKFc,https://www.youtube.com/watch?v=osNrPrgcKFc,Zach Bryan - Oak Island,Zach Bryan,240.0,+0.6,✅ Auto-accepted confident match
21LCotDEwR7R8qOnqPVzi9,Eminem,Evil,230.4,automatic,1,AuQ36zwFA3s,https://www.youtube.com/watch?v=AuQ36zwFA3s,Eminem - Evil [Official Audio],EminemMusic,231.0,+0.6,✅ Auto-accepted confident match
6me7F0aaZjwDo6RJ5MrfBD,Richy Mitch & The Coal Miners,Evergreen,87.0,user_or_pattern_selected (ambiguous),2,f568OZG22dY,https://www.youtube.com/watch?v=f568OZG22dY,Richy Mitch & The Coal Miners - Evergreen (Lyrics),InvertOG,83,-4.0s,"✅ Tự động chọn theo pattern của bạn (Audio / Lyrics khớp sát thời lượng, lệch -4.0ss)"
3uC4r2daXertBxxc8BpbbN,Childish Gambino,Lithonia,179.0,user_or_pattern_selected (ambiguous),1,co-bx0mBsLc,https://www.youtube.com/watch?v=co-bx0mBsLc,Childish Gambino - Lithonia (Official Audio),Donald Glover,181,+2.0s,"✅ Tự động chọn theo pattern của bạn (Audio / Lyrics khớp sát thời lượng, lệch +2.0ss)"
5b3XJ1pjrHO5JtY2PcTjnI,Megan Thee Stallion,Mamushi,157.0,automatic,1,mPeWgGMSb0s,https://www.youtube.com/watch?v=mPeWgGMSb0s,Megan Thee Stallion - Mamushi (feat. Yuki Chiba) [Official Audio],Megan Thee Stallion,158.0,+1.0,✅ Auto-accepted confident match
1vj47xD8v9wIhQrmQY2Dkv,Zach Bryan,Better Days,212.5,automatic,1,gLMns1UUoCw,https://www.youtube.com/watch?v=gLMns1UUoCw,Zach Bryan - Better Days (feat. John Mayer),Zach Bryan,213.0,+0.5,✅ Auto-accepted confident match
4q5YezDOIPcoLr8R81x9qy,Taylor Swift,I Can Do It With a Broken Heart,218.0,automatic,1,i8_w_m6HLJ0,https://www.youtube.com/watch?v=i8_w_m6HLJ0,Taylor Swift - I Can Do It With a Broken Heart (Official Lyric Video),Taylor Swift,223.0,+5.0,✅ Auto-accepted confident match
5lKFO0PrOC9jmOlPEdjHsL,Tito Double P,DOS DÍAS,153.9,user_or_pattern_selected (no_confident_match),2,nne3lXKc1OU,https://www.youtube.com/watch?v=nne3lXKc1OU,"Dos días (Lyric Video) - Tito Double P, Peso Pluma",Tito Double P,154,+0.1s,"✅ Tự động chọn theo pattern của bạn (Kênh Chính thức / Topic / Label, lệch +0.1ss)"
0DM63CJEklNPKu6kHGyuEl,Post Malone,Yours,199.4,automatic,1,hrAeuPqYnRQ,https://www.youtube.com/watch?v=hrAeuPqYnRQ,Post Malone - Yours (Lyric Video),Post Malone,200.0,+0.6,✅ Auto-accepted confident match
2aPTvyE09vUCRwVvj0I8WK,A$AP Rocky,Sundress,158.2,user_or_pattern_selected (ambiguous),2,xre-oQn1DhY,https://www.youtube.com/watch?v=xre-oQn1DhY,Sundress,ASAPROCKYUPTOWN,159,+0.8s,"✅ Tự động chọn theo pattern của bạn (Audio / Lyrics khớp sát thời lượng, lệch +0.8ss)"
6IPwKM3fUUzlElbvKw2sKl,girl in red,we fell in love in october,184.2,automatic,1,iggmiF7DNoM,https://www.youtube.com/watch?v=iggmiF7DNoM,girl in red - we fell in love in october,girl in red,188.0,+3.8,✅ Auto-accepted confident match
3hRV0jL3vUpRrcy398teAU,Lord Huron,The Night We Met,208.2,automatic,1,KtlgYxa6BMU,https://www.youtube.com/watch?v=KtlgYxa6BMU,Lord Huron - The Night We Met (Official Audio),Lord Huron,209.0,+0.8,✅ Auto-accepted confident match
5giwUhMFuodJcRhA8tlLSQ,Hozier,Nobody's Soldier,237.2,automatic,1,pxosHw2MXrs,https://www.youtube.com/watch?v=pxosHw2MXrs,Hozier - Nobody's Soldier (Official Audio),Hozier,238.0,+0.8,✅ Auto-accepted confident match
69phA1R4gmQsBFRQ3INW8C,Rich Amiri,ONE CALL,121.4,automatic,1,l3sBEoSEvOA,https://www.youtube.com/watch?v=l3sBEoSEvOA,Rich Amiri - One Call (Official Audio),Rich Amiri,122.0,+0.6,✅ Auto-accepted confident match
4xhsWYTOGcal8zt0J161CU,Jack Harlow,Lovin On Me,138.4,automatic,1,Iq8h3GEe22o,https://www.youtube.com/watch?v=Iq8h3GEe22o,Jack Harlow - Lovin On Me [Official Music Video],Jack Harlow,140.0,+1.6,✅ Auto-accepted confident match
0HEytGQM3bG1vKxER7IgVK,Zach Bryan,Spotless,169.5,automatic,1,vhAEk-j-FGo,https://www.youtube.com/watch?v=vhAEk-j-FGo,Zach Bryan - Spotless (feat. The Lumineers),Zach Bryan,170.0,+0.5,✅ Auto-accepted confident match
11bJ1ws3dathgY9uzADUhL,Childish Gambino,In The Night,230.0,user_or_pattern_selected (ambiguous),1,OS6ggNu-cFA,https://www.youtube.com/watch?v=OS6ggNu-cFA,Childish Gambino - In the Night ft. Jorja Smith & Amaarae (Audio),Donald Glover,231,+1.0s,"✅ Tự động chọn theo pattern của bạn (Audio / Lyrics khớp sát thời lượng, lệch +1.0ss)"
7ne4VBA60CxGM75vw0EYad,Gracie Abrams,That’s So True,166.3,automatic,1,BDHM8cyJQa8,https://www.youtube.com/watch?v=BDHM8cyJQa8,Gracie Abrams - That’s So True (Official Lyric Video),Gracie Abrams,167.0,+0.7,✅ Auto-accepted confident match
2EjXfH91m7f8HiJN1yQg97,Brenda Lee,Rockin' Around The Christmas Tree,126.3,automatic,1,TFsZy9t-qDc,https://www.youtube.com/watch?v=TFsZy9t-qDc,Brenda Lee - Rockin' Around The Christmas Tree (Official Music Video),Brenda Lee,129.0,+2.7,✅ Auto-accepted confident match
5S8VwnB4sLi6W0lYTWYylu,Kendrick Lamar,hey now,217.5,automatic,1,9PumlOWjXMM,https://www.youtube.com/watch?v=9PumlOWjXMM,Kendrick Lamar - hey now (Official Audio),Kendrick Lamar,218.0,+0.5,✅ Auto-accepted confident match
1QoyuMHNBe7lg3YW4Qtll4,"Tyler, The Creator",St. Chroma,197.0,automatic,1,33b53NUGF_Q,https://www.youtube.com/watch?v=33b53NUGF_Q,St. Chroma,"Tyler, The Creator",198.0,+1.0,✅ Auto-accepted confident match
5RePVWy39tLpHH0WwXgBsK,"Tyler, The Creator",Rah Tah Tah,165.4,automatic,1,R_clisSImS4,https://www.youtube.com/watch?v=R_clisSImS4,Rah Tah Tah,"Tyler, The Creator",166.0,+0.6,✅ Auto-accepted confident match
7hR22TOX3RorxJPcsz5Wbo,Morgan Wallen,Love Somebody,204.8,automatic,1,zxMo0CZZzyg,https://www.youtube.com/watch?v=zxMo0CZZzyg,Morgan Wallen - Love Somebody (Lyric Video),Morgan Wallen,205.0,+0.2,✅ Auto-accepted confident match
4BSR9I4ExlCJdXJo2GpBD5,"Tyler, The Creator",Take Your Mask Off,253.9,automatic,1,JPOjiXoPmOk,https://www.youtube.com/watch?v=JPOjiXoPmOk,Take Your Mask Off,"Tyler, The Creator",254.0,+0.1,✅ Auto-accepted confident match
3QiAAp20rPC3dcAtKtMaqQ,Elvis Presley,Blue Christmas,130.2,automatic,1,B6WnnZRSKYs,https://www.youtube.com/watch?v=B6WnnZRSKYs,Elvis Presley - Blue Christmas (Official Audio),Elvis Presley,131.0,+0.8,✅ Auto-accepted confident match
0wgOhYnqZKjOHr6bmdz0aN,Kendrick Lamar,gloria,287.5,automatic,1,G5YwhjCywvw,https://www.youtube.com/watch?v=G5YwhjCywvw,Kendrick Lamar - gloria (Official Audio),Kendrick Lamar,288.0,+0.5,✅ Auto-accepted confident match
2pnPe4pJtq7689i5ydzvJJ,Chuck Berry,Run Rudolph Run - Single Version,165.7,user_or_pattern_selected (no_confident_match),2,SqVtqbzTdVs,https://www.youtube.com/watch?v=SqVtqbzTdVs,Chuck Berry - Run Rudolph Run (Official Lyric Video),Chuck Berry,165,-0.7s,"✅ Tự động chọn theo pattern của bạn (Kênh Chính thức / Topic / Label, lệch -0.7ss)"
3aZptNYC6Z1YoumeqZcDcQ,Kendrick Lamar,gnx,193.5,automatic,1,8sfLudpdZPU,https://www.youtube.com/watch?v=8sfLudpdZPU,Kendrick Lamar - gnx (Official Audio),Kendrick Lamar,194.0,+0.5,✅ Auto-accepted confident match
3qCeq0rWK67SoBDgFd2sId,José Feliciano,Feliz Navidad,182.3,automatic,1,N8NcQzMQN_U,https://www.youtube.com/watch?v=N8NcQzMQN_U,José Feliciano - Feliz Navidad (Official Audio),José Feliciano,184.0,+1.7,✅ Auto-accepted confident match
2Uts1QFB4u2YNIMiqcb4de,Kendrick Lamar,peekaboo,155.9,automatic,1,cbHkzwa0QmM,https://www.youtube.com/watch?v=cbHkzwa0QmM,Kendrick Lamar - peekaboo (Official Audio),Kendrick Lamar,156.0,+0.1,✅ Auto-accepted confident match
1SGvjfc85yzqKXsfKcCxn2,Kendrick Lamar,heart pt. 6,292.5,automatic,1,m-PO1_fzxVM,https://www.youtube.com/watch?v=m-PO1_fzxVM,Kendrick Lamar - heart pt. 6 (Official Audio),Kendrick Lamar,293.0,+0.5,✅ Auto-accepted confident match
0pvZCv4JOS5WBu7JITYef6,"Tyler, The Creator",I Hope You Find Your Way Home,269.7,automatic,1,AUA3_lX6g-s,https://www.youtube.com/watch?v=AUA3_lX6g-s,I Hope You Find Your Way Home,"Tyler, The Creator",270.0,+0.3,✅ Auto-accepted confident match
3siwsiaEoU4Kuuc9WKMUy5,The Marías,No One Noticed,236.9,automatic,1,Qn8F_u0vBNI,https://www.youtube.com/watch?v=Qn8F_u0vBNI,The Marías - No One Noticed (Visualizer),The Marías,236.0,-0.9,✅ Auto-accepted confident match
1XBYiRV30ykHw5f4wm6qEn,The Kid LAROI,NIGHTS LIKE THIS,87.0,automatic,1,dFr4NU9C0HE,https://www.youtube.com/watch?v=dFr4NU9C0HE,The Kid LAROI - NIGHTS LIKE THIS (Official Audio),The Kid LAROI.,88.0,+1.0,✅ Auto-accepted confident match
04vLj9QUXoKdRlsp3gkURo,Bing Crosby,Mele Kalikimaka (Merry Christmas),175.3,user_or_pattern_selected (no_confident_match),1,FezVApPddqU,https://www.youtube.com/watch?v=FezVApPddqU,"Bing Crosby, The Andrews Sisters - Mele Kalikimaka",Bing Crosby,181,+5.7s,"✅ Tự động chọn theo pattern của bạn (Kênh Chính thức / Topic / Label, lệch +5.7ss)"
4nVBt6MZDDP6tRVdQTgxJg,One Direction,Story of My Life,245.5,automatic,1,R2h6KIpBums,https://www.youtube.com/watch?v=R2h6KIpBums,One Direction - Story of My Life (One Direction: The TV Special),One Direction,246.0,+0.5,✅ Auto-accepted confident match
6thXB4RmajS4oZPNiBAKy0,Ray Parker Jr.,Ghostbusters,239.1,automatic,1,TaV1r341wYk,https://www.youtube.com/watch?v=TaV1r341wYk,Ghostbusters,Ray Parker Jr. - Topic,246.0,+6.9,✅ Auto-accepted confident match
5QMrH5nszZZR3nefIj6Mar,Cynthia Erivo,Defying Gravity,459.8,automatic,1,qeqj5GnoFUY,https://www.youtube.com/watch?v=qeqj5GnoFUY,Defying Gravity (From Wicked The Soundtrack),Republic Records,460.0,+0.2,✅ Auto-accepted confident match
51rfRCiUSvxXlCSCfIztBy,Gracie Abrams,"I Love You, I'm Sorry",157.1,automatic,1,ZWGt1jMIjBY,https://www.youtube.com/watch?v=ZWGt1jMIjBY,"I Love You, I'm Sorry",Gracie Abrams,158.0,+0.9,✅ Auto-accepted confident match
3QIoEi8Enr9uHffwInGIsC,Eagles,Please Come Home for Christmas - Eagles 2013 Remaster,177.4,user_or_pattern_selected (no_confident_match),2,7Rv3wfwIVBc,https://www.youtube.com/watch?v=7Rv3wfwIVBc,Eagles - Please Come Home For Christmas (Official Audio),Eagles,178,+0.6s,"✅ Tự động chọn theo pattern của bạn (Kênh Chính thức / Topic / Label, lệch +0.6ss)"
7EBy2V93Ykyvfc5CMApTGc,Juice WRLD,Barbarian,150.9,automatic,1,GzmbBLfIKcw,https://www.youtube.com/watch?v=GzmbBLfIKcw,Juice WRLD - Barbarian (Official Audio),Juice WRLD,151.0,+0.1,✅ Auto-accepted confident match
0OWhKvvsHptt6vnnNUSM9a,Zach Bryan,Oklahoma Smokeshow,211.7,automatic,1,FJqd58_WgGo,https://www.youtube.com/watch?v=FJqd58_WgGo,Zach Bryan - Oklahoma Smokeshow,Zach Bryan,213.0,+1.3,✅ Auto-accepted confident match
1WIZiOuNO3woKfdlSK2gNn,Kodak Black,Transportin',169.3,automatic,1,Ns167_llTiA,https://www.youtube.com/watch?v=Ns167_llTiA,Kodak Black - Transportin’ [Official Music Video],Kodak Black,172.0,+2.7,✅ Auto-accepted confident match
1aXV8GrmQLvgoFtBPERP7E,Eyedress,Jealous,122.3,automatic,1,d0Jyvteqzrw,https://www.youtube.com/watch?v=d0Jyvteqzrw,EYEDRESS - JEALOUS (OFFICIAL VIDEO),EYEDRESS,123.0,+0.7,✅ Auto-accepted confident match
0hz5PNF2wejwUKCMpesQWt,Ed Sheeran,Merry Christmas,208.5,automatic,1,Q_yuO8UNGmY,https://www.youtube.com/watch?v=Q_yuO8UNGmY,Ed Sheeran & Elton John - Merry Christmas [Official Video],Ed Sheeran,210.0,+1.5,✅ Auto-accepted confident match
1g7pFO1WtclKCuIQiS8sNM,SZA,Crybaby,241.9,automatic,1,xuZDP6uSD-Q,https://www.youtube.com/watch?v=xuZDP6uSD-Q,SZA - Crybaby (Official Audio),SZA,243.0,+1.1,✅ Auto-accepted confident match
2OzhQlSqBEmt7hmkYxfT6m,Taylor Swift,Fortnight,229.0,automatic,1,HzsQHfBA3MY,https://www.youtube.com/watch?v=HzsQHfBA3MY,Taylor Swift - Fortnight (feat Post Malone) (Official Lyric Video),Taylor Swift,234.0,+5.0,✅ Auto-accepted confident match
4YLizxRQsTqqnvzzYq2VaE,Lil Uzi Vert,Mr Chow,177.3,automatic,1,uVmzKBJM3mQ,https://www.youtube.com/watch?v=uVmzKBJM3mQ,Lil Uzi Vert - Mr Chow [Official Audio],LIL UZI VERT,178.0,+0.7,✅ Auto-accepted confident match
5xDrO9DEDJGUQGfyoHvgDJ,Ariana Grande,Last Christmas,203.7,automatic,1,ReK9MVrOq0w,https://www.youtube.com/watch?v=ReK9MVrOq0w,Ariana Grande - Last Christmas (Audio),Ariana Grande,205.0,+1.3,✅ Auto-accepted confident match
1G391cbiT3v3Cywg8T7DM1,Red Hot Chili Peppers,Scar Tissue,215.9,automatic,1,mzJj5-lubeM,https://www.youtube.com/watch?v=mzJj5-lubeM,Red Hot Chili Peppers - Scar Tissue [Official Music Video] [HD UPGRADE],Red Hot Chili Peppers,221.0,+5.1,✅ Auto-accepted confident match
5xHgo5JN0wfsV41HnRaos5,Chappell Roan,The Giver,202.8,automatic,1,DubtPdXXjew,https://www.youtube.com/watch?v=DubtPdXXjew,Chappell Roan - The Giver (Official Lyric Video),Chappell Roan,203.0,+0.2,✅ Auto-accepted confident match
3MJ6lFNV12FSHAOzTzkwxz,Morgan Wallen,Smile,224.1,automatic,1,o4HsZ4fbmAE,https://www.youtube.com/watch?v=o4HsZ4fbmAE,Morgan Wallen - Smile (Lyric Video),Morgan Wallen,225.0,+0.9,✅ Auto-accepted confident match
3AWDeHLc88XogCaCnZQLVI,The Weeknd,Cry For Me,224.1,automatic,1,bn8gP5N8hqM,https://www.youtube.com/watch?v=bn8gP5N8hqM,The Weeknd - Cry For Me (Official Music Video),The Weeknd,246.0,+21.9,✅ Auto-accepted confident match
3tFed7YsjGnIfxeLEQwx3R,"Tyler, The Creator",Sticky,255.9,user_or_pattern_selected (ambiguous),2,jHTa6Uj9q8Q,https://www.youtube.com/watch?v=jHTa6Uj9q8Q,"Tyler, The Creator - Sticky (Lyrics)",FutureHype,257,+1.1s,"✅ Tự động chọn theo pattern của bạn (Audio / Lyrics khớp sát thời lượng, lệch +1.1ss)"
0aB0v4027ukVziUGwVGYpG,Kendrick Lamar,tv off,220.7,automatic,1,U8F5G5wR1mk,https://www.youtube.com/watch?v=U8F5G5wR1mk,Kendrick Lamar - tv off (Official Audio),Kendrick Lamar,221.0,+0.3,✅ Auto-accepted confident match
7AeM1BGYM7emrqmQn1PuWv,Morgan Wallen,I'm The Problem,177.8,automatic,1,YT57RMxA-Eo,https://www.youtube.com/watch?v=YT57RMxA-Eo,Morgan Wallen - I'm The Problem (Official Audio),Morgan Wallen,178.0,+0.2,✅ Auto-accepted confident match
21IYMdzTrzSe191Cy5eMap,Gigi Perez,Sailor Song,212.0,automatic,1,1lrFsXkT_rM,https://www.youtube.com/watch?v=1lrFsXkT_rM,Gigi Perez - Sailor Song (Official Music Video),Gigi Perez,216.0,+4.0,✅ Auto-accepted confident match
00iLTetTLAeImmBlh6jOJh,Playboi Carti,K POP,113.0,automatic,1,d14JwYJBotw,https://www.youtube.com/watch?v=d14JwYJBotw,Playboi Carti - K POP (Official Audio),Playboi Carti,114.0,+1.0,✅ Auto-accepted confident match
2lTm559tuIvatlT1u0JYG2,Bad Bunny,BAILE INoLVIDABLE,367.7,user_or_pattern_selected (ambiguous),3,2Y4zvxK0wYM,https://www.youtube.com/watch?v=2Y4zvxK0wYM,BAD BUNNY - BAILE INoLVIDABLE (Visualizer) | DeBÍ TiRAR MáS FOToS,Bad Bunny,368,+0.3s,"✅ Tự động chọn theo pattern của bạn (Kênh Chính thức / Topic / Label, lệch +0.3ss)"
4u43I0LP2Xf85OAS85eG0R,PARTYNEXTDOOR,CN TOWER,241.9,automatic,1,0gI8phQgRss,https://www.youtube.com/watch?v=0gI8phQgRss,"PARTYNEXTDOOR, Drake - CN TOWER",PARTYNEXTDOOR,242.0,+0.1,✅ Auto-accepted confident match
0NUqi0ps17YpLUC3kgsZq0,PARTYNEXTDOOR,DIE TRYING,195.4,automatic,1,b5bR2NqDpqI,https://www.youtube.com/watch?v=b5bR2NqDpqI,"PARTYNEXTDOOR, Drake, Yebba - DIE TRYING",PARTYNEXTDOOR,196.0,+0.6,✅ Auto-accepted confident match
3aSWXU6owkZeVhh94XxEWO,SZA,30 For 30,278.3,automatic,1,NEnephbahLA,https://www.youtube.com/watch?v=NEnephbahLA,SZA - 30 For 30 feat. Kendrick Lamar (Official Audio),SZA,279.0,+0.7,✅ Auto-accepted confident match
5nk6BxN9bM5rLNkA3pMOzn,Ball Brothers,Tweaker,189.5,user_or_pattern_selected (no_confident_match),1,2Mk7VTUwbck,https://www.youtube.com/watch?v=2Mk7VTUwbck,GELO - Tweaker (Official Video),GELO,201,+11.5s,"✅ Tự động chọn theo pattern của bạn (Kênh Chính thức / Topic / Label, lệch +11.5ss)"
0rNgWFQJtfttOYIHfDOHCg,Playboi Carti,BACKD00R,190.1,automatic,1,4LgZZVGvEyE,https://www.youtube.com/watch?v=4LgZZVGvEyE,Playboi Carti - BACKD00R [feat. Kendrick Lamar & Jhene Aiko] (Official Audio),Playboi Carti,190.0,-0.1,✅ Auto-accepted confident match
5Nz7hI3cCOHmMR4vSLJ1An,Drake,GIMME A HUG,193.1,automatic,1,lBe5KKGQoGE,https://www.youtube.com/watch?v=lBe5KKGQoGE,GIMME A HUG,Drake,194.0,+0.9,✅ Auto-accepted confident match
5WEF0icHWmAZBBMglBd599,Bad Bunny,WELTiTA,187.5,user_or_pattern_selected (ambiguous),2,hitCWMxsMi4,https://www.youtube.com/watch?v=hitCWMxsMi4,BAD BUNNY ft. Chuwi - WELTiTA (Visualizer) | DeBÍ TiRAR MáS FOToS,Bad Bunny,189,+1.5s,"✅ Tự động chọn theo pattern của bạn (Kênh Chính thức / Topic / Label, lệch +1.5ss)"
6jbYpRPTEFl1HFKHk1IC0m,"Tyler, The Creator",Like Him,278.0,automatic,1,Z0CQf3JDKAY,https://www.youtube.com/watch?v=Z0CQf3JDKAY,Like Him,"Tyler, The Creator",280.0,+2.0,✅ Auto-accepted confident match
0stJVUUSrbEwyFHOp2dRu0,The Weeknd,Open Hearts,234.9,automatic,1,ll6sBa3Dafs,https://www.youtube.com/watch?v=ll6sBa3Dafs,The Weeknd - Open Hearts (Audio),The Weeknd,236.0,+1.1,✅ Auto-accepted confident match
79x7xtoCLpf6l32Zz6mWo4,Bad Bunny,BOKeTE,216.0,user_or_pattern_selected (ambiguous),2,snvw6iG-GaY,https://www.youtube.com/watch?v=snvw6iG-GaY,BAD BUNNY - BOKeTE (Visualizer) | DeBÍ TiRAR MáS FOToS,Bad Bunny,218,+2.0s,"✅ Tự động chọn theo pattern của bạn (Kênh Chính thức / Topic / Label, lệch +2.0ss)"
0DA8aZZvG73AijDYT00ki1,Tate McRae,bloodonmyhands,162.4,automatic,1,VTbpK2ciY5s,https://www.youtube.com/watch?v=VTbpK2ciY5s,Tate McRae - bloodonmyhands ft. Flo Milli (Lyric Video) ft. Flo Milli,Tate McRae,163.0,+0.6,✅ Auto-accepted confident match
3FjK86616FbluOfTxNK2gY,Sleepy Hallow,A N X I E T Y,148.9,automatic,1,kt9aDuuYJIk,https://www.youtube.com/watch?v=kt9aDuuYJIk,Sleepy Hallow - A N X I E T Y (Lyric Video) feat. Doechii,Sleepy Hallow,149.0,+0.1,✅ Auto-accepted confident match
7xAvtuHf8nGi5OtXVPYgb3,Playboi Carti,CRANK,147.7,automatic,1,wQZvS109Q00,https://www.youtube.com/watch?v=wQZvS109Q00,Playboi Carti - CRANK (Official Audio),Playboi Carti,148.0,+0.3,✅ Auto-accepted confident match
1pzN8bCzy017iK3vWzkk6Z,Playboi Carti,WAKE UP F1LTHY,169.3,automatic,1,rSMUVaPzlDQ,https://www.youtube.com/watch?v=rSMUVaPzlDQ,Playboi Carti - WAKE UP F1LTHY [with Travis Scott] (Official Audio),Playboi Carti,170.0,+0.7,✅ Auto-accepted confident match
21aDVa64pWR8SYQ7wBRMkd,Playboi Carti,CHARGE DEM HOES A FEE,225.0,automatic,1,Q_ad3KnUDvM,https://www.youtube.com/watch?v=Q_ad3KnUDvM,Playboi Carti - CHARGE DEM HOES A FEE (Official Audio),Playboi Carti,226.0,+1.0,✅ Auto-accepted confident match
63Pi2NAx5yCgeLhCTOrEou,Imogen Heap,Headlock,215.3,automatic,1,roPiy2JydwA,https://www.youtube.com/watch?v=roPiy2JydwA,Imogen Heap - Headlock (Official Video),Imogen Heap,215.0,-0.3,✅ Auto-accepted confident match
1DpC4L3JjsGRW7y6eTHaMj,Selena Gomez,Ojos Tristes,201.9,automatic,1,Ch6xdV_ZjdU,https://www.youtube.com/watch?v=Ch6xdV_ZjdU,"Selena Gomez, benny blanco - Ojos Tristes (with The Marías) (Official Lyric Video)",Selena Gomez,203.0,+1.1,✅ Auto-accepted confident match
5RKQ5NdjSh2QzD4MaunT91,Journey,Don't Stop Believin' (2022 Remaster),249.6,user_or_pattern_selected (ambiguous),1,1k8craCGpgs,https://www.youtube.com/watch?v=1k8craCGpgs,Journey - Don't Stop Believin' (Official Audio),journey,251,+1.4s,"✅ Tự động chọn theo pattern của bạn (Kênh Chính thức / Topic / Label, lệch +1.4ss)"
6jp9WjJtKF0Fgks0Y9Kkni,Tate McRae,Like I do,182.1,automatic,1,xLneXAxwHNc,https://www.youtube.com/watch?v=xLneXAxwHNc,Tate McRae - Like I do (Lyric Video),Tate McRae,184.0,+1.9,✅ Auto-accepted confident match
6LxSe8YmdPxy095Ux6znaQ,Drake,Headlines,236.0,automatic,1,Sn3SUnL44w4,https://www.youtube.com/watch?v=Sn3SUnL44w4,Headlines,Drake,236.0,+0.0,✅ Auto-accepted confident match
7zFXmv6vqI4qOt4yGf3jYZ,Daniel Caesar,Get You,278.2,automatic,1,uQFVqltOXRg,https://www.youtube.com/watch?v=uQFVqltOXRg,Daniel Caesar - Get You ft. Kali Uchis [Official Video],Daniel Caesar,271.0,-7.2,✅ Auto-accepted confident match
53WWD2BBC6Jcip8wy5CniE,J. Cole,cLOUDs,242.1,automatic,1,eUsQzDa7qyU,https://www.youtube.com/watch?v=eUsQzDa7qyU,cLOUDs,J. Cole,243.0,+0.9,✅ Auto-accepted confident match
4GqhG9rDuRUoNyDSMJ0Brq,PARTYNEXTDOOR,SPIDER-MAN SUPERMAN,203.9,automatic,1,i-DK2XUsKuw,https://www.youtube.com/watch?v=i-DK2XUsKuw,"PARTYNEXTDOOR, Drake - SPIDER-MAN SUPERMAN",PARTYNEXTDOOR,204.0,+0.1,✅ Auto-accepted confident match
0OpC8hRrbsh24taKOsQBEX,beabadoobee,Real Man,160.6,user_or_pattern_selected (ambiguous),2,KUYK5KEU6qg,https://www.youtube.com/watch?v=KUYK5KEU6qg,beabadoobee - Real Man,TheGoodVibe,161,+0.4s,"✅ Tự động chọn theo pattern của bạn (Audio / Lyrics khớp sát thời lượng, lệch +0.4ss)"
5IoPnNiYAOvHHJpz13wzRL,Lady Gaga,Vanish Into You,244.9,automatic,1,tQHLIRCcfio,https://www.youtube.com/watch?v=tQHLIRCcfio,Lady Gaga - Vanish Into You (Official Audio),Lady Gaga,246.0,+1.1,✅ Auto-accepted confident match
04emojnbYkrRmv5qtJcgVP,Morgan Wallen,What I Want,184.5,automatic,1,hNrwlzBeFN8,https://www.youtube.com/watch?v=hNrwlzBeFN8,Morgan Wallen - What I Want (feat. Tate McRae) (Lyric Video),Morgan Wallen,184.0,-0.5,✅ Auto-accepted confident match
1lfO0bqThTLimzHsvk3LrN,Lil Tecca,OWA OWA,132.4,automatic,1,wTy5dra6CzM,https://www.youtube.com/watch?v=wTy5dra6CzM,Lil Tecca - OWA OWA (Official Audio),Lil Tecca,133.0,+0.6,✅ Auto-accepted confident match
3LPLRNr58Z9Pn0clnEtkXb,Doechii,Anxiety,249.3,automatic,1,egemoVK0IKY,https://www.youtube.com/watch?v=egemoVK0IKY,Doechii - Anxiety (Visualizer),Doechii,250.0,+0.7,✅ Auto-accepted confident match
0TFTAtCYhp2tQ9KcJIZb55,sombr,undressed,182.1,automatic,1,CtRn6eqVnvY,https://www.youtube.com/watch?v=CtRn6eqVnvY,sombr - undressed (official lyric video),sombr,183.0,+0.9,✅ Auto-accepted confident match
2jNyiavSywmA472t2m6ZBz,Lorde,What Was That,209.3,automatic,1,1UpoZpMBM9Y,https://www.youtube.com/watch?v=1UpoZpMBM9Y,Lorde - What Was That,Lorde,209.0,-0.3,✅ Auto-accepted confident match
1BDLD4c07q0bmq2VCRsXoE,Morgan Wallen,I Ain't Comin' Back,175.3,automatic,1,6oJkXrNYBA4,https://www.youtube.com/watch?v=6oJkXrNYBA4,"Morgan Wallen, Post Malone - I Ain't Comin' Back (Official Audio)",Morgan Wallen,176.0,+0.7,✅ Auto-accepted confident match
5z0LSDpPpGwc2ZyJHpsE3J,Morgan Wallen,Just In Case,166.2,automatic,1,cLnl73R9gMc,https://www.youtube.com/watch?v=cLnl73R9gMc,Morgan Wallen - Just In Case (Official Audio),Morgan Wallen,167.0,+0.8,✅ Auto-accepted confident match
7qjZnBKE73H4Oxkopwulqe,sombr,back to friends,199.0,automatic,1,fOQ_-gZsnYQ,https://www.youtube.com/watch?v=fOQ_-gZsnYQ,sombr - back to friends (official audio),sombr,200.0,+1.0,✅ Auto-accepted confident match
6wZOZ0votPhc8qdg4UFPtH,Ariana Grande,dandelion,204.8,automatic,1,qN4nWpW1UMA,https://www.youtube.com/watch?v=qN4nWpW1UMA,Ariana Grande - dandelion (lyric visualizer),Ariana Grande,205.0,+0.2,✅ Auto-accepted confident match
6TUf119oQrkteMSKTE1SOf,Morgan Wallen,"Skoal, Chevy, and Browning",222.5,automatic,1,EgbfJqJI2x0,https://www.youtube.com/watch?v=EgbfJqJI2x0,"Morgan Wallen - Skoal, Chevy and Browning (Lyric Video)",Morgan Wallen,217.0,-5.5,✅ Auto-accepted confident match
0GnNHCDj2WOJl70UUcvAEP,Morgan Wallen,Falling Apart,198.9,automatic,1,qVZUcxFN2E8,https://www.youtube.com/watch?v=qVZUcxFN2E8,Morgan Wallen - Falling Apart (Lyric Video),Morgan Wallen,196.0,-2.9,✅ Auto-accepted confident match
68qeaZhtMZ6abrJCYt6nQn,Playboi Carti,RATHER LIE,209.7,automatic,1,fYD7YsSRHOY,https://www.youtube.com/watch?v=fYD7YsSRHOY,Playboi Carti & The Weeknd - RATHER LIE (Official Audio),Playboi Carti,210.0,+0.3,✅ Auto-accepted confident match
0YsIYFRoxkmEvbKCwTp0Tg,Morgan Wallen,20 Cigarettes,160.9,automatic,1,IV3ESXbcvag,https://www.youtube.com/watch?v=IV3ESXbcvag,Morgan Wallen - 20 Cigarettes (Lyric Video),Morgan Wallen,160.0,-0.9,✅ Auto-accepted confident match
2qPQcfUgizNDOIv1orkTAd,Alex Warren,Bloodline,182.0,automatic,1,UBtfcphWKBY,https://www.youtube.com/watch?v=UBtfcphWKBY,Alex Warren - Bloodline (with Jelly Roll) [Official Video],Alex Warren,216.0,+34.0,✅ Auto-accepted confident match
6393yGahSJ9slVdOwSxOVR,Chappell Roan,Pink Pony Club,258.0,automatic,1,GR3Liudev18,https://www.youtube.com/watch?v=GR3Liudev18,Chappell Roan - Pink Pony Club (Official Music Video),Chappell Roan,281.0,+23.0,✅ Auto-accepted confident match
4Km9FSF9iaQiTLnFPdbPom,Megan Moroney,6 Months Later,182.9,automatic,1,4Utfp-qvNO8,https://www.youtube.com/watch?v=4Utfp-qvNO8,Megan Moroney - 6 Months Later (Official Lyric Video),Megan Moroney,185.0,+2.1,✅ Auto-accepted confident match
7igCS2ZsfV7bvxuhF4XgiQ,Morgan Wallen,I'm A Little Crazy,199.1,automatic,1,Yb4XgSJyeig,https://www.youtube.com/watch?v=Yb4XgSJyeig,Morgan Wallen - I'm A Little Crazy (Official Audio),Morgan Wallen,200.0,+0.9,✅ Auto-accepted confident match
4HWDNZ1i6gyzu9tUbNhC2C,Morgan Wallen,Revelation,209.5,automatic,1,qatdvWJDSHk,https://www.youtube.com/watch?v=qatdvWJDSHk,Morgan Wallen - Revelation (Lyric Video),Morgan Wallen,203.0,-6.5,✅ Auto-accepted confident match
2JPctdUgvkQSpnUdfROxvY,Alemán,Te Quería Ver,176.1,automatic,1,Fu3u83byc5A,https://www.youtube.com/watch?v=Fu3u83byc5A,"Alemán, Neton Vega - Te Quería Ver (Video Oficial)",Alemán,179.0,+2.9,✅ Auto-accepted confident match
3t6gUcGYLrUuqwpXjOFWQc,Zach Top,I Never Lie,224.9,automatic,1,P6LeMSLYhko,https://www.youtube.com/watch?v=P6LeMSLYhko,Zach Top - I Never Lie (Official Audio),Zach Top,225.0,+0.1,✅ Auto-accepted confident match
0nj9Bq5sHDiTxSHunhgkFb,Kendrick Lamar,squabble up,158.0,automatic,1,NYH6Oa4PXlY,https://www.youtube.com/watch?v=NYH6Oa4PXlY,Kendrick Lamar - squabble up (Official Audio),Kendrick Lamar,159.0,+1.0,✅ Auto-accepted confident match
4IixOTCzviJgIigKleiVbo,Sleep Token,Even In Arcadia,268.4,automatic,1,qRL24yVx6Vw,https://www.youtube.com/watch?v=qRL24yVx6Vw,Sleep Token - Even In Arcadia,Sleep Token,269.0,+0.6,✅ Auto-accepted confident match
7y9iMe8SOB6z3NoHE2OfXl,Halsey,Bad At Love,181.3,automatic,1,xdYFuCp3m9k,https://www.youtube.com/watch?v=xdYFuCp3m9k,Halsey - Bad At Love (Official Music Video),Halsey,184.0,+2.7,✅ Auto-accepted confident match
0T1tCsZ2qPRf6fwphjlNPM,Hudson Westbrook,Sober,210.3,automatic,1,hRyxZfz8gPE,https://www.youtube.com/watch?v=hRyxZfz8gPE,Hudson Westbrook - Sober (Official Music Video),Hudson Westbrook,213.0,+2.7,✅ Auto-accepted confident match
3anaHXs7z8NwLUatPxqJlE,Shaboozey,Amen,197.4,automatic,1,BDXaaR-IgBU,https://www.youtube.com/watch?v=BDXaaR-IgBU,Shaboozey - Amen (Official Lyric Video) ft. Jelly Roll,Shaboozey,198.0,+0.6,✅ Auto-accepted confident match
5uhxL7UwvTMV6FSCTpKcjc,Morgan Wallen,Leavin's The Least I Could Do,187.5,automatic,1,2cS0qCwBuHk,https://www.youtube.com/watch?v=2cS0qCwBuHk,Morgan Wallen - Leavin's The Least I Could Do (Lyric Video),Morgan Wallen,186.0,-1.5,✅ Auto-accepted confident match
7aURTqVzpZxkJfboCvGc69,Ken Carson,LiveLeak,190.5,automatic,1,RKN4NTPGJxY,https://www.youtube.com/watch?v=RKN4NTPGJxY,Ken Carson - LiveLeak (Audio),Ken Carson,191.0,+0.5,✅ Auto-accepted confident match
2ZWlPOoWh0626oTaHrnl2a,Frank Ocean,Ivy,249.2,user_or_pattern_selected (ambiguous),1,AE005nZeF-A,https://www.youtube.com/watch?v=AE005nZeF-A,Frank Ocean - Ivy,Blonded,250,+0.8s,"✅ Tự động chọn theo pattern của bạn (Audio / Lyrics khớp sát thời lượng, lệch +0.8ss)"
56BtPjjWiRc0ch7DH8DNu9,Ken Carson,Trap Jump,150.4,automatic,1,gn5MDOd-6H4,https://www.youtube.com/watch?v=gn5MDOd-6H4,Ken Carson - Trap Jump (Audio),Ken Carson,151.0,+0.6,✅ Auto-accepted confident match
1qbmS6ep2hbBRaEZFpn7BX,Olivia Dean,Man I Need,184.0,automatic,1,JGKgbmz_gcU,https://www.youtube.com/watch?v=JGKgbmz_gcU,Olivia Dean - Man I Need (Lyric Video),Olivia Dean,187.0,+3.0,✅ Auto-accepted confident match
4sLvxpKLvagQ4lZHUpymza,"Tyler, The Creator",Big Poe,182.4,user_or_pattern_selected (ambiguous),1,LmRd4x8D8cY,https://www.youtube.com/watch?v=LmRd4x8D8cY,"Tyler, The Creator - Big Poe",Tuneverse,183,+0.6s,"✅ Tự động chọn theo pattern của bạn (Audio / Lyrics khớp sát thời lượng, lệch +0.6ss)"
01p5urrGw5fuFCcfT7PBgc,Justin Bieber,GO BABY,194.8,automatic,1,cfhRITCzKGE,https://www.youtube.com/watch?v=cfhRITCzKGE,Justin Bieber - GO BABY (Audio),Justin Bieber,195.0,+0.2,✅ Auto-accepted confident match
72PVbRKkUimweUPV0nKAPs,Justin Bieber,ALL I CAN TAKE,247.5,automatic,1,ogVL5Hdh8Po,https://www.youtube.com/watch?v=ogVL5Hdh8Po,Justin Bieber - ALL I CAN TAKE (Audio),Justin Bieber,248.0,+0.5,✅ Auto-accepted confident match
2SsY5k7UWFqgye3PUMG3Oq,Chappell Roan,The Subway,252.3,automatic,1,woLfAvD5iXI,https://www.youtube.com/watch?v=woLfAvD5iXI,Chappell Roan - The Subway (Official Music Video),Chappell Roan,272.0,+19.7,✅ Auto-accepted confident match
1qyw5wSUkEvH8DtaCdx7Lg,Sabrina Carpenter,Go Go Juice,193.3,automatic,1,uCNr2iCgSPs,https://www.youtube.com/watch?v=uCNr2iCgSPs,Sabrina Carpenter - Go Go Juice (Official Lyric Video),Sabrina Carpenter,194.0,+0.7,✅ Auto-accepted confident match
3RXUgPNIbUgFxsDWuBQEt6,HUNTR/X,How It’s Done,176.1,user_or_pattern_selected (no_confident_match),1,QGsevnbItdU,https://www.youtube.com/watch?v=QGsevnbItdU,"""How It's Done"" Official Lyric Video | KPop Demon Hunters | Sony Animation",Sony Pictures Animation,184,+7.9s,"✅ Tự động chọn theo pattern của bạn (Kênh Chính thức / Topic / Label, lệch +7.9ss)"
6xV7Be6XEvkSnighmh2Tzj,"Tyler, The Creator",Sugar On My Tongue,153.3,automatic,1,ljHdccyQbT4,https://www.youtube.com/watch?v=ljHdccyQbT4,SUGAR ON MY TONGUE (Official Video),"Tyler, The Creator",164.0,+10.7,✅ Auto-accepted confident match
0je57Uq5eTk1wrPzn9sWbl,Sabrina Carpenter,When Did You Get Hot?,145.4,automatic,1,bnhV-OBnGCE,https://www.youtube.com/watch?v=bnhV-OBnGCE,Sabrina Carpenter - When Did You Get Hot? (Official Lyric Video),Sabrina Carpenter,146.0,+0.6,✅ Auto-accepted confident match
0LutvoC2HqCfnaRSjrhtzo,Justin Bieber,WALKING AWAY,244.0,automatic,1,sbF2O_LOyyQ,https://www.youtube.com/watch?v=sbF2O_LOyyQ,Justin Bieber - WALKING AWAY (Audio),Justin Bieber,244.0,+0.0,✅ Auto-accepted confident match
0M7mWKqwTIaVjYyxfZmtTa,Toby Keith,"Courtesy Of The Red, White And Blue (The Angry American)",195.5,automatic,1,ruNrdmjcNTc,https://www.youtube.com/watch?v=ruNrdmjcNTc,"Toby Keith - Courtesy Of The Red, White And Blue (The Angry American) (Official Music Video)",Toby Keith,200.0,+4.5,✅ Auto-accepted confident match
3WgFhZfyk5nb6v7hkwPmD4,"Tyler, The Creator",Mommanem,75.4,user_or_pattern_selected (ambiguous),1,67v_tF21db0,https://www.youtube.com/watch?v=67v_tF21db0,"Tyler, The Creator - Mommanem (Lyrics)",Strain Music,76,+0.6s,"✅ Tự động chọn theo pattern của bạn (Audio / Lyrics khớp sát thời lượng, lệch +0.6ss)"
21IVPfi81m6ywNgOvqTj1i,Sabrina Carpenter,Don’t Worry I’ll Make You Worry,222.3,automatic,1,soKG9DDv3_A,https://www.youtube.com/watch?v=soKG9DDv3_A,Sabrina Carpenter - Don't Worry I'll Make You Worry (Official Lyric Video),Sabrina Carpenter,223.0,+0.7,✅ Auto-accepted confident match
1j8TmNa6vaFAEAws43kP0Q,Justin Bieber,THINGS YOU DO,108.4,automatic,1,-VsIU-7cPeQ,https://www.youtube.com/watch?v=-VsIU-7cPeQ,Justin Bieber - THINGS YOU DO (Audio),Justin Bieber,109.0,+0.6,✅ Auto-accepted confident match
5FMyXeZ0reYloRTiCkPprT,Drake,Which One,169.1,automatic,1,9-dEHfSCZUQ,https://www.youtube.com/watch?v=9-dEHfSCZUQ,Which One,Drake,170.0,+0.9,✅ Auto-accepted confident match
6wkYQMrFfb0huLB5Qn19Iv,Sabrina Carpenter,We Almost Broke Up Again Last Night,203.4,automatic,1,v-iMcsxhp-g,https://www.youtube.com/watch?v=v-iMcsxhp-g,Sabrina Carpenter - We Almost Broke Up Again Last Night (Official Lyric Video),Sabrina Carpenter,204.0,+0.6,✅ Auto-accepted confident match
4gfrYDtaRmp6HPvN80V2ob,Morgan Wallen,I Got Better,205.0,automatic,1,lHDSh5kuqVI,https://www.youtube.com/watch?v=lHDSh5kuqVI,Morgan Wallen - I Got Better (Lyric Video),Morgan Wallen,206.0,+1.0,✅ Auto-accepted confident match
1PdUyYYw9sGU0yhLrpeHKt,Sabrina Carpenter,Never Getting Laid,208.2,automatic,1,mljWcXuCoH4,https://www.youtube.com/watch?v=mljWcXuCoH4,Sabrina Carpenter - Never Getting Laid (Official Lyric Video),Sabrina Carpenter,209.0,+0.8,✅ Auto-accepted confident match
2BkTPMr1v6Fr6JJwc4V7R5,TWICE,Strategy,166.8,user_or_pattern_selected (ambiguous),3,h5CwaVjF_78,https://www.youtube.com/watch?v=h5CwaVjF_78,"TWICE ""Strategy"" Choreography Video (Moving ver.)",TWICE,177,+10.2s,"✅ Tự động chọn theo pattern của bạn (Kênh Chính thức / Topic / Label, lệch +10.2ss)"
7D0RhFcb3CrfPuTJ0obrod,Coldplay,Sparks,227.1,user_or_pattern_selected (ambiguous),1,Ar48yzjn1PE,https://www.youtube.com/watch?v=Ar48yzjn1PE,Coldplay - Sparks,Somber Sounds,228,+0.9s,"✅ Tự động chọn theo pattern của bạn (Audio / Lyrics khớp sát thời lượng, lệch +0.9ss)"
3AD73lKeY2c9JhsHRqWkOw,Travis Scott,KICK OUT,170.5,automatic,1,lqRo0r36nRw,https://www.youtube.com/watch?v=lqRo0r36nRw,Travis Scott - KICK OUT (Official Audio),Travis Scott,173.0,+2.5,✅ Auto-accepted confident match
5cfsQZEFf1IpQr8F9vI9le,Justin Bieber,BUTTERFLIES,193.5,automatic,1,ncX3ue51GFg,https://www.youtube.com/watch?v=ncX3ue51GFg,Justin Bieber - BUTTERFLIES (Audio),Justin Bieber,194.0,+0.5,✅ Auto-accepted confident match
1Y373MqadDRtclJNdnUXVc,Black Sabbath,Paranoid - 2012 - Remaster,168.4,automatic,1,WfmXJuurKH8,https://www.youtube.com/watch?v=WfmXJuurKH8,Paranoid (2012 Remaster),Black Sabbath,167.0,-1.4,✅ Auto-accepted confident match
0qRR9d89hIS0MHRkQ0ejxX,Daryl Hall & John Oates,Rich Girl,142.8,automatic,1,AmHE65RAkSY,https://www.youtube.com/watch?v=AmHE65RAkSY,Daryl Hall & John Oates - Rich Girl (Official Audio),Daryl Hall & John Oates,145.0,+2.2,✅ Auto-accepted confident match
3cZajhyr8LmtPfHZ9296tj,Disco Lines,No Broke Boys,164.0,automatic,1,nS-fOh1CfhQ,https://www.youtube.com/watch?v=nS-fOh1CfhQ,Disco Lines & Tinashe - No Broke Boys (Official Audio),Disco Lines,164.0,+0.0,✅ Auto-accepted confident match
2J051fjLklkoPbzOoTAACZ,ROLE MODEL,"Sally, When The Wine Runs Out",218.7,automatic,1,WBEfPsp_TAA,https://www.youtube.com/watch?v=WBEfPsp_TAA,"ROLE MODEL - Sally, When The Wine Runs Out (Lyric Video)",ROLE MODEL,217.0,-1.7,✅ Auto-accepted confident match
5dUCixiCL0CcIUdlgUl1ct,Tyler Childers,Oneida,278.2,automatic,1,3828dlfLtDc,https://www.youtube.com/watch?v=3828dlfLtDc,Tyler Childers - Oneida (Audio),Tyler Childers,280.0,+1.8,✅ Auto-accepted confident match
42T2QQv3xgBlpQxaSP7lnK,Creed,One Last Breath,238.2,automatic,1,hwR6teRhmlc,https://www.youtube.com/watch?v=hwR6teRhmlc,Creed - One Last Breath (Official Audio),Creed,240.0,+1.8,✅ Auto-accepted confident match
1Iw5iLfAwDvS6frI82gMoV,Tame Impala,End Of Summer,432.6,user_or_pattern_selected (ambiguous),3,mWCE6IGafeI,https://www.youtube.com/watch?v=mWCE6IGafeI,Tame Impala - End Of Summer (Lyrics),Memories Shadow,432,-0.6s,"✅ Tự động chọn theo pattern của bạn (Kênh Chính thức / Topic / Label, lệch -0.6ss)"
4eLDmhsJW3JoZTXCAozHor,Neton Vega,Loco,186.5,automatic,1,HDl0r2xJ7uE,https://www.youtube.com/watch?v=HDl0r2xJ7uE,Neton Vega - Loco (Video Lyric),Neton Vega,186.0,-0.5,✅ Auto-accepted confident match
7Ar4G7Ci11gpt6sfH9Cgz5,The Doobie Brothers,Listen to the Music,227.3,user_or_pattern_selected (ambiguous),1,DkytJLoxGmQ,https://www.youtube.com/watch?v=DkytJLoxGmQ,Doobie Brothers - Listen To The Music • TopPop,TopPop,228,+0.7s,"✅ Tự động chọn theo pattern của bạn (Kênh Chính thức / Topic / Label, lệch +0.7ss)"
2x3mwb96B6TquRqMtbxUE1,Taylor Swift,Actually Romantic,163.7,automatic,1,FnEg1RgmqO4,https://www.youtube.com/watch?v=FnEg1RgmqO4,Taylor Swift - Actually Romantic (Lyric Video),Taylor Swift,169.0,+5.3,✅ Auto-accepted confident match
5eXgqtg3T8Av0m1FUaGHex,Taylor Swift,The Life of a Showgirl,241.8,automatic,1,OU6362Nggg0,https://www.youtube.com/watch?v=OU6362Nggg0,Taylor Swift - The Life of a Showgirl (Feat. Sabrina Carpenter) (Lyric Video),Taylor Swift,246.0,+4.2,✅ Auto-accepted confident match
1jgTiNob5cVyXeJ3WgX5bL,Taylor Swift,Elizabeth Taylor,208.3,automatic,1,7X5iDKPrZH0,https://www.youtube.com/watch?v=7X5iDKPrZH0,Taylor Swift - Elizabeth Taylor (Lyric Video),Taylor Swift,212.0,+3.7,✅ Auto-accepted confident match
5ylJtmaWPJ33cW3En7WOu0,Taylor Swift,Wood,150.5,automatic,1,6m50keINEOI,https://www.youtube.com/watch?v=6m50keINEOI,Taylor Swift - Wood (Lyric Video),Taylor Swift,155.0,+4.5,✅ Auto-accepted confident match
2RkZ5LkEzeHGRsmDqKwmaJ,Alex Warren,Ordinary,187.0,automatic,1,A8dH4cKGa6s,https://www.youtube.com/watch?v=A8dH4cKGa6s,Alex Warren - Ordinary (Official Lyric Video),Alex Warren,187.0,+0.0,✅ Auto-accepted confident match
03bTIHJElXZ0O0jqOQvAbY,Taylor Swift,Father Figure,212.8,automatic,1,98SmlWOKuME,https://www.youtube.com/watch?v=98SmlWOKuME,Taylor Swift - Father Figure (Lyric Video),Taylor Swift,216.0,+3.2,✅ Auto-accepted confident match
62V2ZHslgQV98gH4AuVXnr,Taylor Swift,Ruin The Friendship,220.6,automatic,1,WQCPl5rTMDQ,https://www.youtube.com/watch?v=WQCPl5rTMDQ,Taylor Swift - Ruin The Friendship (Lyric Video),Taylor Swift,225.0,+4.4,✅ Auto-accepted confident match
47ohYW8e7dxCYn9qbUMBCI,Darlene Love,Christmas (Baby Please Come Home),166.5,automatic,1,4EvZOXEoJ84,https://www.youtube.com/watch?v=4EvZOXEoJ84,Darlene Love - Christmas (Baby Please Come Home) (Official Audio),Darlene Love,165.0,-1.5,✅ Auto-accepted confident match
3XsaSIPWvM61RIFfeb0BBR,Bing Crosby,White Christmas - 1947 Version,183.6,automatic,1,Us4x4zYnErU,https://www.youtube.com/watch?v=Us4x4zYnErU,White Christmas (1947 Version),Bing Crosby,181.0,-2.6,✅ Auto-accepted confident match
4qmFC3Jz5aQ0erlk2OSi2X,Taylor Swift,Honey,181.5,automatic,1,4-EzK5UB40U,https://www.youtube.com/watch?v=4-EzK5UB40U,Taylor Swift - Honey (Lyric Video),Taylor Swift,186.0,+4.5,✅ Auto-accepted confident match
7scFxt9VhL4FJwuPSfRlfN,Ella Langley,Choosin' Texas,231.7,automatic,1,hLOheGDwD_0,https://www.youtube.com/watch?v=hLOheGDwD_0,Ella Langley - Choosin' Texas (Official Lyric Video),Ella Langley,232.0,+0.3,✅ Auto-accepted confident match
2OZVskV28xxJjjhQqKTLSg,Joji,PIXELATED KISSES,110.4,automatic,1,SblNBrgLdvo,https://www.youtube.com/watch?v=SblNBrgLdvo,Joji - PIXELATED KISSES (Visualizer),Joji,109.0,-1.4,✅ Auto-accepted confident match
0InIeZW4P6VO7dUGRM4AKH,The Marías,Sienna,224.8,automatic,1,EiS7cKfuf6w,https://www.youtube.com/watch?v=EiS7cKfuf6w,The Marías - Sienna (Visualizer),The Marías,225.0,+0.2,✅ Auto-accepted confident match
5o0hD6Bs6RdyZxfYBoEEc8,Cynthia Erivo,No Good Deed,230.2,user_or_pattern_selected (ambiguous),2,6vgUsEa5FMs,https://www.youtube.com/watch?v=6vgUsEa5FMs,Wicked: For Good The Soundtrack - No Good Deed (Official Lyric Video),Republic Records,231,+0.8s,"✅ Tự động chọn theo pattern của bạn (Kênh Chính thức / Topic / Label, lệch +0.8ss)"
42VUCXerQ5qTr4Qp6PhKo4,Sabrina Carpenter,Tears,160.2,user_or_pattern_selected (ambiguous),2,Vgoic6l5YTU,https://www.youtube.com/watch?v=Vgoic6l5YTU,Sabrina Carpenter - Tears (Lyrics),Rap Samurai,161,+0.8s,"✅ Tự động chọn theo pattern của bạn (Audio / Lyrics khớp sát thời lượng, lệch +0.8ss)"
1Wf14bTyb6UeKojy8ykPYm,Andy Williams,Happy Holiday / The Holiday Season,157.0,automatic,1,oZ5cmrz-mrU,https://www.youtube.com/watch?v=oZ5cmrz-mrU,Andy Williams - Happy Holiday / The Holiday Season (Official Audio),Andy Williams,159.0,+2.0,✅ Auto-accepted confident match
48axmFD7PUPnTOdSFMYrvj,NF,WHO I WAS,181.0,user_or_pattern_selected (ambiguous),1,J7nwTWxdJbw,https://www.youtube.com/watch?v=J7nwTWxdJbw,"NF, mgk - WHO I WAS (Audio)",NFrealmusic and mgk,181,+0.0s,"✅ Tự động chọn theo pattern của bạn (Audio / Lyrics khớp sát thời lượng, lệch +0.0ss)"
4Yg2w0P29BBBMixyeNjDtj,Band Aid,Do They Know It's Christmas? - 1984 Version,222.5,user_or_pattern_selected (ambiguous),4,_hvOXJ8VD9o,https://www.youtube.com/watch?v=_hvOXJ8VD9o,Do They Know It's Christmas？ 1984 Version · Band Aid,Stern Radio Rochlitz - Juwel 2 Musik-Radio,223,+0.5s,"✅ Tự động chọn theo pattern của bạn (Audio / Lyrics khớp sát thời lượng, lệch +0.5ss)"
57Z6TJCTMACXxdrcwZ3Zvf,EsDeeKid,Phantom,109.8,automatic,1,hmdzniMJOZs,https://www.youtube.com/watch?v=hmdzniMJOZs,EsDeeKid & Rico Ace - Phantom,EsDeeKid,111.0,+1.2,✅ Auto-accepted confident match
2Nig1jX8uBu3LdSSUrm7Fp,NF,GIVE ME A REASON,182.7,user_or_pattern_selected (ambiguous),1,ljh8Uo2tLQ0,https://www.youtube.com/watch?v=ljh8Uo2tLQ0,NF - GIVE ME A REASON (Audio),NFrealmusic,183,+0.3s,"✅ Tự động chọn theo pattern của bạn (Audio / Lyrics khớp sát thời lượng, lệch +0.3ss)"
4rMNgxEwGWoPHIUcvB5BrB,Bruno Mars,It Will Rain,257.8,automatic,1,W-w3WfgpcGg,https://www.youtube.com/watch?v=W-w3WfgpcGg,Bruno Mars - It Will Rain (Official Music Video),Bruno Mars,267.0,+9.2,✅ Auto-accepted confident match
5UWwZ5lm5PKu6eKsHAGxOk,Foo Fighters,Everlong,250.5,automatic,1,hq0rZ3IiyWw,https://www.youtube.com/watch?v=hq0rZ3IiyWw,Foo Fighters - Everlong,Foo Fighters,251.0,+0.5,✅ Auto-accepted confident match
3EMfeKtNK4q4k3sVjwg5Yy,Sabrina Carpenter,My Man on Willpower,197.8,automatic,1,KbzNB2sRnVQ,https://www.youtube.com/watch?v=KbzNB2sRnVQ,Sabrina Carpenter - My Man on Willpower (Official Lyric Video),Sabrina Carpenter,198.0,+0.2,✅ Auto-accepted confident match
0O4vuJynWVVdyvoHvZtnk3,Trans-Siberian Orchestra,Christmas Canon,258.0,automatic,1,Cm-WAIyBO1A,https://www.youtube.com/watch?v=Cm-WAIyBO1A,Trans-Siberian Orchestra - Christmas Canon (Official Audio),Trans-Siberian Orchestra,256.0,-2.0,✅ Auto-accepted confident match
5T0mnzMsyHtmWB7Kou51Ph,Doja Cat,Gorgeous,266.0,automatic,1,nBJRaflBDBg,https://www.youtube.com/watch?v=nBJRaflBDBg,Doja Cat - Gorgeous (Official Video),Doja Cat,267.0,+1.0,✅ Auto-accepted confident match
53iuhJlwXhSER5J2IYYv1W,Taylor Swift,The Fate of Ophelia,226.1,automatic,1,rbmdfEQODOw,https://www.youtube.com/watch?v=rbmdfEQODOw,Taylor Swift - The Fate of Ophelia (Lyric Video),Taylor Swift,230.0,+3.9,✅ Auto-accepted confident match
6sGIMrtIzQjdzNndVxe397,Olivia Dean,So Easy (To Fall In Love),169.0,automatic,1,FX1_FXlKxXY,https://www.youtube.com/watch?v=FX1_FXlKxXY,Olivia Dean - So Easy (To Fall In Love) (Lyric Video),Olivia Dean,169.0,+0.0,✅ Auto-accepted confident match
59D4DOkspUbWyMmbAPQkxZ,Bad Bunny,VOY A LLeVARTE PA PR,156.4,user_or_pattern_selected (ambiguous),1,X2MGCIDOMZ4,https://www.youtube.com/watch?v=X2MGCIDOMZ4,BAD BUNNY - VOY A LLeVARTE PA PR (Visualizer) | DeBÍ TiRAR MáS FOToS,Bad Bunny,159,+2.6s,"✅ Tự động chọn theo pattern của bạn (Kênh Chính thức / Topic / Label, lệch +2.6ss)"
7N3d1hsZZpmmnovfAtnVFU,Noah Kahan,Porch Light,262.7,automatic,1,hQSO9vFXnBU,https://www.youtube.com/watch?v=hQSO9vFXnBU,Noah Kahan - Porch Light (Official Lyric Video),Noah Kahan,263.0,+0.3,✅ Auto-accepted confident match
3xClevycpBON8bkyxFbAna,Harry Styles,Taste Back,221.7,automatic,1,PHHue4WIxXw,https://www.youtube.com/watch?v=PHHue4WIxXw,Harry Styles - Taste Back (Official Lyric Video),Harry Styles,222.0,+0.3,✅ Auto-accepted confident match
0FlcmZ13DGRmscCroro9GO,Don Toliver,Body,155.8,automatic,1,Y92toVGxfqs,https://www.youtube.com/watch?v=Y92toVGxfqs,Don Toliver - Body [Official Visualizer],Don Toliver,156.0,+0.2,✅ Auto-accepted confident match
2gYTC8DsplN3RNdpdBcCOQ,SIENNA SPIRO,Die On This Hill,217.0,automatic,1,pxC9NhXv_1M,https://www.youtube.com/watch?v=pxC9NhXv_1M,SIENNA SPIRO - Die On This Hill (NYC Visualizer),SIENNA SPIRO,214.0,-3.0,✅ Auto-accepted confident match
3THVfoVD5kdCxPviVaCPi7,KATSEYE,Internet Girl,163.8,automatic,1,5q9EjSUovc4,https://www.youtube.com/watch?v=5q9EjSUovc4,“Internet Girl” Visualizer | KATSEYE,KATSEYE,166.0,+2.2,✅ Auto-accepted confident match
67Ar9BnEeB5FU5vQBYhbGe,Luke Combs,Be By You,197.7,automatic,1,x10Eo-yoLTA,https://www.youtube.com/watch?v=x10Eo-yoLTA,Luke Combs - Be By You (Official Lyric Video),Luke Combs,199.0,+1.3,✅ Auto-accepted confident match
5ViLKrbyL3HD6wsq3AB9eI,Dominic Fike,White Keys,144.1,automatic,1,Cz200209hOs,https://www.youtube.com/watch?v=Cz200209hOs,white keys,Dominic Fike,145.0,+0.9,✅ Auto-accepted confident match
1CPZ5BxNNd0n0nF4Orb9JS,HUNTR/X,Golden,194.6,user_or_pattern_selected (no_confident_match),1,yebNIHKAC4A,https://www.youtube.com/watch?v=yebNIHKAC4A,“Golden” Official Lyric Video | KPop Demon Hunters | Sony Animation,Sony Pictures Animation,199,+4.4s,"✅ Tự động chọn theo pattern của bạn (Kênh Chính thức / Topic / Label, lệch +4.4ss)"
57ENogEkvFsU7Wmt3lvQMG,J. Cole,Two Six,196.1,automatic,1,ygNeTdJetdA,https://www.youtube.com/watch?v=ygNeTdJetdA,J. Cole - Two Six (Official Audio),J. Cole,197.0,+0.9,✅ Auto-accepted confident match
4Z5KKoBGxpJo8YbDcGQXd5,Don Toliver,Secondhand,226.7,automatic,1,iHLsnHMVXck,https://www.youtube.com/watch?v=iHLsnHMVXck,Secondhand (feat. Rema),Don Toliver,227.0,+0.3,✅ Auto-accepted confident match
2A22iI0x4EYAVXNpKPhNEM,Ella Langley,weren't for the wind,193.7,automatic,1,sV_8fFSGUyI,https://www.youtube.com/watch?v=sV_8fFSGUyI,Ella Langley - weren't for the wind (Official Visualizer),Ella Langley,194.0,+0.3,✅ Auto-accepted confident match
7s7v5EoNLD6TwDu4Nw51Oy,Harry Styles,Are You Listening Yet?,192.4,automatic,1,BSiX4JFVIuc,https://www.youtube.com/watch?v=BSiX4JFVIuc,Harry Styles - Are You Listening Yet? (Official Lyric Video),Harry Styles,193.0,+0.6,✅ Auto-accepted confident match
1sVBT215CDmVJvfy1E2OCU,Bruno Mars,God Was Showing Off,211.1,automatic,1,iXh6Cjp1wvY,https://www.youtube.com/watch?v=iXh6Cjp1wvY,Bruno Mars - God Was Showing Off [Official Audio],Bruno Mars,212.0,+0.9,✅ Auto-accepted confident match
6DH13QYXK7lKkYHSU88N48,Daniel Caesar,Who Knows,226.3,automatic,1,glscfhJyZHo,https://www.youtube.com/watch?v=glscfhJyZHo,Daniel Caesar - Who Knows (Official Lyric Video),Daniel Caesar,227.0,+0.7,✅ Auto-accepted confident match
75FEaRjZTKLhTrFGsfMUXR,Kate Bush,Running Up That Hill (A Deal With God),298.9,automatic,1,wp43OdtAAkM,https://www.youtube.com/watch?v=wp43OdtAAkM,Kate Bush - Running Up That Hill - Official Music Video,KateBushMusic,296.0,-2.9,✅ Auto-accepted confident match
03tqyYWC9Um2ZqU0ZN849H,Waka Flocka Flame,No Hands,263.8,user_or_pattern_selected (ambiguous),2,DeX3Tss3AqE,https://www.youtube.com/watch?v=DeX3Tss3AqE,Waka Flocka Flame - No Hands (feat. Roscoe Dash and Wale) | Lyrics,Dark City Sounds,263,-0.8s,"✅ Tự động chọn theo pattern của bạn (Audio / Lyrics khớp sát thời lượng, lệch -0.8ss)"
4jyyma8YdFC4S4llusSFRu,Brent Faiyaz,butterflies.,248.3,automatic,1,ndrlynZUP-g,https://www.youtube.com/watch?v=ndrlynZUP-g,Brent Faiyaz - butterflies. [Official Visualizer],Brent Faiyaz,249.0,+0.7,✅ Auto-accepted confident match
13HD3tYTiz8oSRxWzXEq7g,Ella Langley,Be Her,217.2,automatic,1,Dg47eNL_Usw,https://www.youtube.com/watch?v=Dg47eNL_Usw,Ella Langley - Be Her (Official Video),Ella Langley,218.0,+0.8,✅ Auto-accepted confident match
7eqoqGkKwgOaWNNHx90uEZ,Frank Ocean,Nights,307.2,user_or_pattern_selected (ambiguous),1,r4l9bFqgMaQ,https://www.youtube.com/watch?v=r4l9bFqgMaQ,Frank Ocean - Nights,Blonded,308,+0.8s,"✅ Tự động chọn theo pattern của bạn (Audio / Lyrics khớp sát thời lượng, lệch +0.8ss)"
3QuRLv8zkIYH31O5VgEpmo,Harry Styles,Carla's Song,253.7,automatic,1,JmpxAej67qc,https://www.youtube.com/watch?v=JmpxAej67qc,Harry Styles - Carla's Song (Official Lyric Video),Harry Styles,255.0,+1.3,✅ Auto-accepted confident match
4ThbwJaIWVxXZ1qJaHQBCz,Cody Johnson,Travelin' Soldier,255.5,automatic,1,pV10xYc45ds,https://www.youtube.com/watch?v=pV10xYc45ds,Cody Johnson - Travelin' Soldier (Studio Visualizer),Cody Johnson,258.0,+2.5,✅ Auto-accepted confident match
3kUHIvjJ8p9UzeaeeqHkfg,J. Cole,The Fall-Off is Inevitable,176.3,automatic,1,wceWDLBkoAk,https://www.youtube.com/watch?v=wceWDLBkoAk,J. Cole - The Fall-Off is Inevitable (Official Audio),J. Cole,177.0,+0.7,✅ Auto-accepted confident match
2hnMS47jN0etwvFPzYk11f,Sublime,Santeria,182.7,automatic,1,AEYN5w4T_aM,https://www.youtube.com/watch?v=AEYN5w4T_aM,Sublime - Santeria (Official Music Video),Sublime,196.0,+13.3,✅ Auto-accepted confident match
58q2HKrzhC3ozto2nDdN4z,Cardi B,I Like It,253.4,automatic,1,U4fErC9skHE,https://www.youtube.com/watch?v=U4fErC9skHE,"Cardi B, Bad Bunny & J Balvin - I Like It [Official Audio]",Cardi B,254.0,+0.6,✅ Auto-accepted confident match
1LzNfuep1bnAUR9skqdHCK,Mazzy Star,Fade Into You,295.6,automatic,1,ImKY6TZEyrI,https://www.youtube.com/watch?v=ImKY6TZEyrI,Mazzy Star - Fade Into You (Official Music Video),Mazzy Star,262.0,-33.6,✅ Auto-accepted confident match
0EqH5Wz93cJtfUGv3vtQPY,J. Cole,29 Intro,57.7,automatic,1,uuUIkr8Rb0E,https://www.youtube.com/watch?v=uuUIkr8Rb0E,J. Cole - 29 Intro (Official Audio),J. Cole,58.0,+0.3,✅ Auto-accepted confident match
2wAJTrFhCnQyNSD3oUgTZO,J. Cole,Work Out,235.3,automatic,1,W5hSdGt2M8w,https://www.youtube.com/watch?v=W5hSdGt2M8w,J. Cole – Work Out (Official Music Video),J. Cole,245.0,+9.7,✅ Auto-accepted confident match
3pAVk6Ydn0dcGpG8gDyxSJ,BigXthaPlug,Hell At Night,179.2,automatic,1,bh0vMfbncgo,https://www.youtube.com/watch?v=bh0vMfbncgo,BigXthaPlug - Hell At Night feat. Ella Langley (Official Lyric Video),BigXthaPlug,180.0,+0.8,✅ Auto-accepted confident match
41v5ExDEEEvJsWAPo91aoj,Zach Bryan,Slicked Back,231.2,automatic,1,S3MdV0847AA,https://www.youtube.com/watch?v=S3MdV0847AA,Zach Bryan - Slicked Back,Zach Bryan,232.0,+0.8,✅ Auto-accepted confident match
0iKo4pNNjHHdKUcFARlfCa,Bad Bunny,EL CLúB,222.6,user_or_pattern_selected (ambiguous),3,xDWLZ8ML52k,https://www.youtube.com/watch?v=xDWLZ8ML52k,BAD BUNNY - EL CLúB (Visualizer) | DeBÍ TiRAR MáS FOToS,Bad Bunny,222,-0.6s,"✅ Tự động chọn theo pattern của bạn (Kênh Chính thức / Topic / Label, lệch -0.6ss)"
55wlsNYqcfiQsHuX8l0jmF,Drake,Make Them Cry,307.7,automatic,1,uxNuuys19XE,https://www.youtube.com/watch?v=uxNuuys19XE,Make Them Cry,Drake,308.0,+0.3,✅ Auto-accepted confident match
55pBIZO1cqoldeqpp5WR7H,Olivia Rodrigo,the cure,297.1,automatic,1,UbbrZTfjkdk,https://www.youtube.com/watch?v=UbbrZTfjkdk,Olivia Rodrigo - the cure (Lyric Video),Olivia Rodrigo,297.0,-0.1,✅ Auto-accepted confident match
7J1uxwnxfQLu4APicE5Rnj,Michael Jackson,Billie Jean,293.8,automatic,1,Zi_XLOBDo_Y,https://www.youtube.com/watch?v=Zi_XLOBDo_Y,Michael Jackson - Billie Jean (Official Video),Michael Jackson,296.0,+2.2,✅ Auto-accepted confident match
4kX7xkopoXZCfE1D6fNwl2,Olivia Rodrigo,honeybee,223.0,automatic,1,60rlboK94mE,https://www.youtube.com/watch?v=60rlboK94mE,Olivia Rodrigo - honeybee (Lyric Video),Olivia Rodrigo,225.0,+2.0,✅ Auto-accepted confident match
3B4cjvGlPvyBLNG3AzEgkZ,Don Toliver,E85,153.2,automatic,1,7GwLnsVUwHY,https://www.youtube.com/watch?v=7GwLnsVUwHY,Don Toliver - E85 [Official Visualizer],Don Toliver,154.0,+0.8,✅ Auto-accepted confident match
4Ilw2lD6z4WBqh65vUUZUf,Olivia Rodrigo,my way,180.7,automatic,1,aSWBaZi7UYc,https://www.youtube.com/watch?v=aSWBaZi7UYc,Olivia Rodrigo - my way (Lyric Video),Olivia Rodrigo,181.0,+0.3,✅ Auto-accepted confident match
514joG57v4yKTsfQmz7stz,Drake,Janice STFU,237.3,automatic,1,SD4yRDY9mek,https://www.youtube.com/watch?v=SD4yRDY9mek,Drake - Janice STFU,Drake,237.0,-0.3,✅ Auto-accepted confident match
61rwYQu9An4QWrcCUyFUyq,Ella Langley,I Can't Love You Anymore,228.8,automatic,1,A3G_7XgK2B4,https://www.youtube.com/watch?v=A3G_7XgK2B4,Ella Langley & Morgan Wallen - I Can’t Love You Anymore (Official Lyric Video),Ella Langley,229.0,+0.2,✅ Auto-accepted confident match
3cLCA9LSb6UiOeNvTZoaav,Drake,Plot Twist,195.7,automatic,1,QW29Ly55Kvs,https://www.youtube.com/watch?v=QW29Ly55Kvs,Drake - Plot Twist,Drake,196.0,+0.3,✅ Auto-accepted confident match
53qkszfgztIvkFyF31GfdQ,Fleetwood Mac,Dreams - 2001 Remaster,258.8,user_or_pattern_selected (ambiguous),1,5oWyMakvQew,https://www.youtube.com/watch?v=5oWyMakvQew,Dreams (2004 Remaster),Fleetwood Mac,258,-0.8s,"✅ Tự động chọn theo pattern của bạn (Kênh Chính thức / Topic / Label, lệch -0.8ss)"
46eu3SBuFCXWsPT39Yg3tJ,Michael Jackson,Don't Stop 'Til You Get Enough - Single Version,364.4,user_or_pattern_selected (ambiguous),4,DkjwyAk2GRw,https://www.youtube.com/watch?v=DkjwyAk2GRw,Don't Stop 'Til You Get Enough,Michael Jackson,365,+0.6s,"✅ Tự động chọn theo pattern của bạn (Kênh Chính thức / Topic / Label, lệch +0.6ss)"
6f68Ac5tt5BQOpwr0BV9oN,Bruno Mars,I Just Might,213.0,automatic,1,mrV8kK5t0V8,https://www.youtube.com/watch?v=mrV8kK5t0V8,Bruno Mars - I Just Might [Official Music Video],Bruno Mars,213.0,+0.0,✅ Auto-accepted confident match
4rECUI03C2RMqr5GYvqjlJ,Noah Kahan,Haircut,289.5,automatic,1,-F9r_QF9a1c,https://www.youtube.com/watch?v=-F9r_QF9a1c,Noah Kahan - Haircut (Official Lyric Video),Noah Kahan,290.0,+0.5,✅ Auto-accepted confident match
3EnTGnmNu1TDEcpbbTajuo,Noah Kahan,23,281.4,automatic,1,lb1vTKizJkc,https://www.youtube.com/watch?v=lb1vTKizJkc,Noah Kahan - 23 (Official Lyric Video),Noah Kahan,282.0,+0.6,✅ Auto-accepted confident match
2SaWT781xr3hHLdbVt5DB7,Dexter and The Moonrocks,Freakin’ Out,217.9,automatic,1,Sf73y9GrJ4I,https://www.youtube.com/watch?v=Sf73y9GrJ4I,Dexter and The Moonrocks - Freakin’ Out (Official Music Video),Dexter and The Moonrocks,226.0,+8.1,✅ Auto-accepted confident match
4KmkJjHTNlr1jFY56Lyz4E,KATSEYE,PINKY UP,131.4,user_or_pattern_selected (ambiguous),2,8g7VclWsiaM,https://www.youtube.com/watch?v=8g7VclWsiaM,"""PINKY UP"" MV (Choreography Ver.) | KATSEYE",KATSEYE,142,+10.6s,"✅ Tự động chọn theo pattern của bạn (Kênh Chính thức / Topic / Label, lệch +10.6ss)"
0AcgKF7kbSoCkh3n7vlHwK,Michael Jackson,Dirty Diana - 2012 Remaster,280.8,user_or_pattern_selected (ambiguous),3,8vJ1Ka6wwJk,https://www.youtube.com/watch?v=8vJ1Ka6wwJk,Michael Jackson-Dirty Diana (Remaster 2012),Michael Jackson Song,281,+0.2s,"✅ Tự động chọn theo pattern của bạn (Kênh Chính thức / Topic / Label, lệch +0.2ss)"
6J5kc12BW5HuP3d7C3vvx8,Bad Bunny,EoO,204.8,user_or_pattern_selected (ambiguous),1,myDIeOjqQos,https://www.youtube.com/watch?v=myDIeOjqQos,BAD BUNNY - EoO (Visualizer) | DeBÍ TiRAR MáS FOToS,Bad Bunny,206,+1.2s,"✅ Tự động chọn theo pattern của bạn (Kênh Chính thức / Topic / Label, lệch +1.2ss)"
2009X8GyWTqyxIdzAEYW6N,Katy Perry,The One That Got Away,227.3,user_or_pattern_selected (ambiguous),2,8iytVJ3o2eA,https://www.youtube.com/watch?v=8iytVJ3o2eA,The One That Got Away - Katy Perry (Lyrics),Pizza Music,228,+0.7s,"✅ Tự động chọn theo pattern của bạn (Audio / Lyrics khớp sát thời lượng, lệch +0.7ss)"
70LcF31zb1H0PyJoS1Sx1r,Radiohead,Creep,238.6,automatic,1,XFkzRNyygfk,https://www.youtube.com/watch?v=XFkzRNyygfk,Radiohead - Creep,Radiohead,237.0,-1.6,✅ Auto-accepted confident match
4bWZz15GR1EE8E8x23rDWV,Kanye West,PUNCH DRUNK,108.3,automatic,1,H8bOPB65z3Q,https://www.youtube.com/watch?v=H8bOPB65z3Q,YE - PUNCH DRUNK,Kanye West,109.0,+0.7,✅ Auto-accepted confident match
6Qyc6fS4DsZjB2mRW9DsQs,The Goo Goo Dolls,Iris,289.5,user_or_pattern_selected (no_confident_match),2,xK4ZqrLys_k,https://www.youtube.com/watch?v=xK4ZqrLys_k,Goo Goo Dolls - Iris,LatinHype,290,+0.5s,"✅ Tự động chọn theo pattern của bạn (Audio / Lyrics khớp sát thời lượng, lệch +0.5ss)"
1rIKgCH4H52lrvDcz50hS8,Zara Larsson,Lush Life,200.6,automatic,1,tD4HCZe-tew,https://www.youtube.com/watch?v=tD4HCZe-tew,Zara Larsson - Lush Life (Official Video),Zara Larsson,202.0,+1.4,✅ Auto-accepted confident match
0gEyKnHvgkrkBM6fbeHdwK,The Cranberries,Linger,274.7,automatic,1,G6Kspj3OO0s,https://www.youtube.com/watch?v=G6Kspj3OO0s,The Cranberries - Linger (4K Official Music Video),TheCranberriesTV,275.0,+0.3,✅ Auto-accepted confident match
0EsJdOSOrBfTo816lWRW4Q,Drake,Outside Tweaking,190.6,automatic,1,zzsB6K2YHfk,https://www.youtube.com/watch?v=zzsB6K2YHfk,Outside Tweaking,Drake,191.0,+0.4,✅ Auto-accepted confident match
5T7ywazdGIydr6JCW6t02j,Michael Jackson,Smooth Criminal - 2012 Remaster,257.8,user_or_pattern_selected (ambiguous),5,mWGNEHGhkn4,https://www.youtube.com/watch?v=mWGNEHGhkn4,Smooth Criminal (Remastered Radio Edit),Michael Jackson,258,+0.2s,"✅ Tự động chọn theo pattern của bạn (Kênh Chính thức / Topic / Label, lệch +0.2ss)"
2XHzzp1j4IfTNp1FTn7YFg,Lil Wayne,Love Me,255.1,automatic,1,X_uoq5xCaFc,https://www.youtube.com/watch?v=X_uoq5xCaFc,Love Me,Lil Wayne,254.0,-1.1,✅ Auto-accepted confident match
5r5cp9IpziiIsR6b93vcnQ,Empire Of The Sun,Walking On A Dream,198.4,automatic,1,eimgRedLkkU,https://www.youtube.com/watch?v=eimgRedLkkU,Empire Of The Sun - Walking On A Dream (Official Music Video),Empire Of The Sun,200.0,+1.6,✅ Auto-accepted confident match
33KU9huHP1Lv1UWWVkuTYd,Sidney Gish,Impostor Syndrome,294.3,automatic,1,GwSSrwryxN0,https://www.youtube.com/watch?v=GwSSrwryxN0,Impostor Syndrome,Sidney Gish,295.0,+0.7,✅ Auto-accepted confident match
0IjdXwCEhZR7JIwq6Za8j5,The Long Faces,Jane!,187.0,user_or_pattern_selected (ambiguous),1,fyvJ2wCTpas,https://www.youtube.com/watch?v=fyvJ2wCTpas,The Long Faces - Jane! (Lyrics),BangersOnly,188,+1.0s,"✅ Tự động chọn theo pattern của bạn (Audio / Lyrics khớp sát thời lượng, lệch +1.0ss)"
22NHkFYbgxB2Zirj29Gbp8,Steve Lacy,oh yeah?,170.6,automatic,1,yGHEis32s2Y,https://www.youtube.com/watch?v=yGHEis32s2Y,Steve Lacy - oh yeah? (Visualizer),Steve Lacy,170.0,-0.6,✅ Auto-accepted confident match
3fRCAPMMZ8l8P9YKI6OCzD,Olivia Rodrigo,drop dead,225.0,automatic,1,t_OyQhiqXgA,https://www.youtube.com/watch?v=t_OyQhiqXgA,Olivia Rodrigo - drop dead (Lyric Video),Olivia Rodrigo,225.0,+0.0,✅ Auto-accepted confident match
5DZOKNtaoVEssXu9ltcMjx,Ariana Grande,oh well,196.2,automatic,1,_lKbPBS5HEQ,https://www.youtube.com/watch?v=_lKbPBS5HEQ,Ariana Grande - oh well (official visualizer),Ariana Grande,197.0,+0.8,✅ Auto-accepted confident match
36idurZmYRjJ56KQ8JD9bN,STELLA LEFTY,Boston,170.9,automatic,1,v2ttAph6PhM,https://www.youtube.com/watch?v=v2ttAph6PhM,Stella Lefty - Boston (Lyric Video),Stella Lefty,171.0,+0.1,✅ Auto-accepted confident match
3xwMjQriBVW0OGEvNKo9c0,Morgan Wallen,Been By Now,213.8,automatic,1,6q5F7UUiXK0,https://www.youtube.com/watch?v=6q5F7UUiXK0,Morgan Wallen - Been By Now (Lyric Video),Morgan Wallen,215.0,+1.2,✅ Auto-accepted confident match
49j6SvuvWfbEKZKzsHCdLJ,Olivia Rodrigo,stupid song,209.7,automatic,1,ngyaXb9BohU,https://www.youtube.com/watch?v=ngyaXb9BohU,Olivia Rodrigo - stupid song (Lyric Video),Olivia Rodrigo,209.0,-0.7,✅ Auto-accepted confident match
3d1oTMjtfVySbAYQp3v4MU,Ariana Grande,like i do,167.3,automatic,1,4U4jJKH7VLc,https://www.youtube.com/watch?v=4U4jJKH7VLc,Ariana Grande - like i do (official visualizer),Ariana Grande,167.0,-0.3,✅ Auto-accepted confident match
7bxaFZ1O3cHkgLKMsdC3xR,Tame Impala,Loser,223.1,automatic,1,s3a4OQR-10M,https://www.youtube.com/watch?v=s3a4OQR-10M,Tame Impala - Loser (Official Video),Tame Impala,268.0,+44.9,✅ Auto-accepted confident match
6De8sirPzVyAoBDlQpcutY,pupsies,misery.,166.4,automatic,1,MzYO6_ld3LA,https://www.youtube.com/watch?v=MzYO6_ld3LA,pupsies ‘misery.’ (Official Lyric Video),pupsies,164.0,-2.4,✅ Auto-accepted confident match
55srcWA7TioKV0LZVNXltY,Ariana Grande,never get over me,228.9,automatic,1,BeoL2D-37I4,https://www.youtube.com/watch?v=BeoL2D-37I4,Ariana Grande - never get over me (official visualizer),Ariana Grande,229.0,+0.1,✅ Auto-accepted confident match
02HyFYmpzt02VJ8k0CqxKj,ADÉLA,Ain't In LA,184.9,automatic,1,K0CLc_zOWYc,https://www.youtube.com/watch?v=K0CLc_zOWYc,Ain't In LA,ADÉLA,185.0,+0.1,✅ Auto-accepted confident match
6QhsCYcFdfyMbPWCiViI8K,Ariana Grande,freak,199.8,automatic,1,yCpXjLibQZw,https://www.youtube.com/watch?v=yCpXjLibQZw,Ariana Grande - freak (official visualizer),Ariana Grande,200.0,+0.2,✅ Auto-accepted confident match
5fdhThPDe6jQQDqCyWrdAn,Dolly Parton,Jolene,161.5,automatic,1,Ixrje2rXLMA,https://www.youtube.com/watch?v=Ixrje2rXLMA,Dolly Parton - Jolene (Official Audio),Dolly Parton,164.0,+2.5,✅ Auto-accepted confident match
5qqabIl2vWzo9ApSC317sa,Oasis,Wonderwall - Remastered,258.8,automatic,1,FVdjZYfDuLE,https://www.youtube.com/watch?v=FVdjZYfDuLE,Wonderwall (Remastered),Oasis,259.0,+0.2,✅ Auto-accepted confident match
1VOSSXuWRcBj2rpfxNdX9v,Whiskey Myers,Broken Window Serenade,346.3,automatic,1,XOeSwMKYQH4,https://www.youtube.com/watch?v=XOeSwMKYQH4,"Whiskey Myers ""Broken Window Serenade""",Whiskey Myers,333.0,-13.3,✅ Auto-accepted confident match
79RJg6MqIJlBuedcMqB9F0,sombr,My Body Isn't Ready,217.4,automatic,1,WjnsaO-q3BE,https://www.youtube.com/watch?v=WjnsaO-q3BE,sombr - My Body Isn't Ready (lyric video),sombr,218.0,+0.6,✅ Auto-accepted confident match
05ZACkzW8YbRq3eFgIfSNB,Eric Church,Springsteen,263.4,automatic,1,l2gGXlW6wSY,https://www.youtube.com/watch?v=l2gGXlW6wSY,Eric Church - Springsteen (Official Music Video),Eric Church,292.0,+28.6,✅ Auto-accepted confident match
5BZsQlgw21vDOAjoqkNgKb,Justin Bieber,DAISIES,176.5,automatic,1,msGuqelopMA,https://www.youtube.com/watch?v=msGuqelopMA,Justin Bieber - DAISIES (Audio),Justin Bieber,177.0,+0.5,✅ Auto-accepted confident match
0dOg1ySSI7NkpAe89Zo0b9,Bruce Springsteen,Born in the U.S.A.,279.8,automatic,1,EPhWR4d3FJQ,https://www.youtube.com/watch?v=EPhWR4d3FJQ,Bruce Springsteen - Born in the U.S.A. (Official Video),Bruce Springsteen,284.0,+4.2,✅ Auto-accepted confident match
1qRV1dKLOfH1s00b9J2LUQ,Zara Larsson,Midnight Sun,189.9,automatic,1,uvY8fdgezLQ,https://www.youtube.com/watch?v=uvY8fdgezLQ,Zara Larsson - Midnight Sun (Official Music Video),Zara Larsson,188.0,-1.9,✅ Auto-accepted confident match
1KGi9sZVMeszgZOWivFpxs,TLC,No Scrubs,214.4,automatic,1,18SwG-kep7s,https://www.youtube.com/watch?v=18SwG-kep7s,No Scrubs,TLC,215.0,+0.6,✅ Auto-accepted confident match
7yq4Qj7cqayVTp3FF9CWbm,Vance Joy,Riptide,204.3,user_or_pattern_selected (ambiguous),1,uJ_1HMAGb4k,https://www.youtube.com/watch?v=uJ_1HMAGb4k,Vance Joy - 'Riptide' Official Video,Mushroom,205,+0.7s,"✅ Tự động chọn theo pattern của bạn (Audio / Lyrics khớp sát thời lượng, lệch +0.7ss)"
3iEUDvanZwQhLCIqUmCR7N,Mac Miller,The Spins,195.9,user_or_pattern_selected (ambiguous),1,mkGT1c98soU,https://www.youtube.com/watch?v=mkGT1c98soU,Mac Miller - The Spins,Reast Easy Mac,197,+1.1s,"✅ Tự động chọn theo pattern của bạn (Audio / Lyrics khớp sát thời lượng, lệch +1.1ss)"
4sIFi8LpJWPvI5xviWFyA6,Panchiko,D>E>A>T>H>M>E>T>A>L,261.8,user_or_pattern_selected (no_confident_match),1,xlX7NwTq9Zo,https://www.youtube.com/watch?v=xlX7NwTq9Zo,DᐳEᐳAᐳTᐳHᐳMᐳEᐳTᐳAᐳL,Panchiko,262,+0.2s,"✅ Tự động chọn theo pattern của bạn (Kênh Chính thức / Topic / Label, lệch +0.2ss)"
0COqiPhxzoWICwFCS4eZcp,Evanescence,Bring Me To Life,235.9,automatic,1,3YxaaGgTQYM,https://www.youtube.com/watch?v=3YxaaGgTQYM,Evanescence - Bring Me To Life (Official HD Music Video) ft. Paul McCoy,Evanescence,254.0,+18.1,✅ Auto-accepted confident match
5Ctzx0mMiUPAu9JqbAOY9n,Chris Rainbow,Be Like a Woman,255.9,user_or_pattern_selected (ambiguous),3,VV8v5tCB_ME,https://www.youtube.com/watch?v=VV8v5tCB_ME,Chris Rainbow - Be Like a Woman (HQ),KRM,256,+0.1s,"✅ Tự động chọn theo pattern của bạn (Audio / Lyrics khớp sát thời lượng, lệch +0.1ss)"
2FZcjBYK4dTt48q94pJbJD,Miley Cyrus,Bass Persuades,202.5,user_or_pattern_selected (ambiguous),2,GAtI5ENY65g,https://www.youtube.com/watch?v=GAtI5ENY65g,Miley Cyrus - Bass Persuades (Lyrics),BagOnly,203,+0.5s,"✅ Tự động chọn theo pattern của bạn (Audio / Lyrics khớp sát thời lượng, lệch +0.5ss)"
3eZcmEO0X0nsfV8E3NZelo,Cody Johnson,Take Me Back (Leave Me There),178.6,automatic,1,Q0yHma6LkMs,https://www.youtube.com/watch?v=Q0yHma6LkMs,Cody Johnson - Take Me Back (Leave Me There) [Audio],Cody Johnson,179.0,+0.4,✅ Auto-accepted confident match
5ihS6UUlyQAfmp48eSkxuQ,Fleetwood Mac,Landslide,199.5,automatic,1,nbW5fX5rfi8,https://www.youtube.com/watch?v=nbW5fX5rfi8,Landslide (2004 Remaster),Fleetwood Mac,198.0,-1.5,✅ Auto-accepted confident match
6DoUDG1GJrJf6eGQLUBBnm,KAROL G,Ahí,176.6,automatic,1,pq7iByc9CYs,https://www.youtube.com/watch?v=pq7iByc9CYs,"KAROL G, Drake - Ahí (Visualizer)",KAROL G,177.0,+0.4,✅ Auto-accepted confident match
7ujApz6iFP3PmKIDGcaGbe,SIENNA SPIRO,Great Expectation,174.0,automatic,1,B452TVVco2Q,https://www.youtube.com/watch?v=B452TVVco2Q,SIENNA SPIRO - Great Expectation (Official Music Video),SIENNA SPIRO,173.0,-1.0,✅ Auto-accepted confident match
0GONea6G2XdnHWjNZd6zt3,Bryan Adams,Summer Of '69,216.1,automatic,1,9f06QZCVUHg,https://www.youtube.com/watch?v=9f06QZCVUHg,Bryan Adams - Summer Of 69 (Official Music Video),Bryan Adams,208.0,-8.1,✅ Auto-accepted confident match
3hxIUxnT27p5WcmjGUXNwx,Hotel Ugly,Shut up My Moms Calling,164.6,user_or_pattern_selected (ambiguous),2,J4ANQfaf_gc,https://www.youtube.com/watch?v=J4ANQfaf_gc,Hotel Ugly - Shut Up My Moms Calling (Lyrics),Lost Panda,166,+1.4s,"✅ Tự động chọn theo pattern của bạn (Audio / Lyrics khớp sát thời lượng, lệch +1.4ss)"
5wANPM4fQCJwkGd4rN57mH,Olivia Rodrigo,drivers license,242.0,automatic,1,2PRvp-mP_q0,https://www.youtube.com/watch?v=2PRvp-mP_q0,Olivia Rodrigo - drivers license (Lyric Video),Olivia Rodrigo,243.0,+1.0,✅ Auto-accepted confident match
2z9iLlNBt1aLZUCFgXby97,Sơn Tùng M-TP,CÓ CHẮC YÊU LÀ ĐÂY,202.1,automatic,1,6t-MjBazs3o,https://www.youtube.com/watch?v=6t-MjBazs3o,SƠN TÙNG M-TP | CÓ CHẮC YÊU LÀ ĐÂY | OFFICIAL MUSIC VIDEO,Sơn Tùng M-TP Official,216.0,+13.9,✅ Auto-accepted confident match
0d6dbFvKczX1Us3J7TsMMv,Changg,Lỡ Say Bye Là Bye,214.9,user_or_pattern_selected (no_confident_match),5,bqUped2yw5E,https://www.youtube.com/watch?v=bqUped2yw5E,「Lyrics」Lỡ Say Bye Là Bye - Lemese x Changg x 1 9 6 7,1 9 6 7,216,+1.1s,"✅ Tự động chọn theo pattern của bạn (Kênh Chính thức / Topic / Label, lệch +1.1ss)"
6IAqflHsPVm4EpYghXauX7,Emcee L (Da LAB),Sinh Ra Đã Là Thứ Đối Lập Nhau,234.2,automatic,1,redFrGBZoJY,https://www.youtube.com/watch?v=redFrGBZoJY,Sinh Ra Đã Là Thứ Đối Lập Nhau - Emcee L (Da LAB) ft. Badbies (Official MV),Da LAB Official and Emcee L Official,248.0,+13.8,✅ Auto-accepted confident match
50cmxP6KlnQA9IG3q5ckKD,Chillies,Mascara,293.2,user_or_pattern_selected (ambiguous),1,ntEoGvhoVac,https://www.youtube.com/watch?v=ntEoGvhoVac,Mascara - Chillies x BLAZE  [OFFICIAL MUSIC VIDEO],Chillies,300,+6.8s,"✅ Tự động chọn theo pattern của bạn (Kênh Chính thức / Topic / Label, lệch +6.8ss)"
1J3SmWwlYAG68LGKr86MVH,Sơn Tùng M-TP,Chúng Ta Của Hiện Tại,301.5,user_or_pattern_selected (no_confident_match),2,Z8pMSslQpKM,https://www.youtube.com/watch?v=Z8pMSslQpKM,CHÚNG TA CỦA HIỆN TẠI | SƠN TÙNG M-TP | AUDIO,NTM,303,+1.5s,"✅ Tự động chọn theo pattern của bạn (Audio / Lyrics khớp sát thời lượng, lệch +1.5ss)"
5Ojsg9xR0wlTpDIW1qLYz2,Jack - J97,Đom Đóm,324.9,user_or_pattern_selected (no_confident_match),2,DCOfrrA36sk,https://www.youtube.com/watch?v=DCOfrrA36sk,Đom Đóm - Jack [Lyrics video],Xí Củn,328,+3.1s,"✅ Tự động chọn theo pattern của bạn (Audio / Lyrics khớp sát thời lượng, lệch +3.1ss)"
1fh5Sf3fFESFOS8D82RQiI,AMEE,từ thích thích thành thương thương,204.2,user_or_pattern_selected (no_confident_match),2,t9suPxglykA,https://www.youtube.com/watch?v=t9suPxglykA,từ thích thích thành thương thương - AMEE & Hoàng Dũng | official lyric video,ST.319 Entertainment,202,-2.2s,"✅ Tự động chọn theo pattern của bạn (Kênh Chính thức / Topic / Label, lệch -2.2ss)"
3pyHABNUu0QxeyH1x8p7yf,Hiền Hồ,Gặp Nhưng Không Ở Lại,276.8,automatic,1,dZ0ryALfs3Y,https://www.youtube.com/watch?v=dZ0ryALfs3Y,Gặp Nhưng Không Ở Lại - Hiền Hồ Ft. Vương Anh Tú | Official Lyrics Video,Hiền Hồ Official,282.0,+5.2,✅ Auto-accepted confident match
014DA3BdnmD3kI5pBogH7c,Chillies,Cứ Chill Thôi,270.0,automatic,1,LZN4I3K8SC0,https://www.youtube.com/watch?v=LZN4I3K8SC0,Cứ Chill Thôi - Chillies (Official Music Video) ft. Suni Hạ Linh & Rhymastic,Chillies,281.0,+11.0,✅ Auto-accepted confident match
6B1Io9VDzMAmwFjrplDJw8,Bích Phương,từ chối nhẹ nhàng thôi,246.8,automatic,1,h23OBd1VZsg,https://www.youtube.com/watch?v=h23OBd1VZsg,Bích Phương - từ chối nhẹ nhàng thôi (liu riu version),BÍCH PHƯƠNG,230.0,-16.8,✅ Auto-accepted confident match
1pQHqk6qWM5xbNeobMCGBZ,RAP VIỆT,Dân Chơi Xóm,153.4,automatic,1,C53HeQnpV68,https://www.youtube.com/watch?v=C53HeQnpV68,"Dân Chơi Xóm (feat. Justatee, RPT MCK)",RAP VIỆT - Topic,154.0,+0.6,✅ Auto-accepted confident match
25edeHHueINMguqu9emCyV,Đen,Lối Nhỏ,253.0,automatic,1,KKc_RMln5UY,https://www.youtube.com/watch?v=KKc_RMln5UY,Đen - Lối Nhỏ ft. Phương Anh Đào (M/V),Đen Vâu Official,297.0,+44.0,✅ Auto-accepted confident match
4TfH2Syxsx2cAJShY8u6bT,ERIK,Anh Luôn Là Lý Do,222.1,automatic,1,1PQU1n6nMq8,https://www.youtube.com/watch?v=1PQU1n6nMq8,"ERIK - ""Anh Luôn Là Lý Do"" (Official MV)",ERIK Official,254.0,+31.9,✅ Auto-accepted confident match
249gnXrbfmV8NG6jTEMSwD,BTS,Life Goes On,207.5,automatic,1,-5q5mZbe3V8,https://www.youtube.com/watch?v=-5q5mZbe3V8,BTS (방탄소년단) 'Life Goes On' Official MV,HYBE LABELS,231.0,+23.5,✅ Auto-accepted confident match
0f5yQttJS5nNxRAleF4kZO,Sơn Tùng M-TP,Hãy Trao Cho Anh,245.7,automatic,1,knW7-x7Y7RE,https://www.youtube.com/watch?v=knW7-x7Y7RE,SƠN TÙNG M-TP | HÃY TRAO CHO ANH ft. Snoop Dogg | Official MV,Sơn Tùng M-TP Official,263.0,+17.3,✅ Auto-accepted confident match
2dEpaH5nsfnzU61LQ9rJuH,Hoài Lâm,Hoa Nở Không Màu,328.1,automatic,1,ZsdMeb0c53E,https://www.youtube.com/watch?v=ZsdMeb0c53E,Hoa Nở Không Màu,Hoài Lâm,329.0,+0.9,✅ Auto-accepted confident match
4yAJOZ8ZBAKfXCI20hsVjf,Unknown Artist,Lời Đường Mật,222.2,user_or_pattern_selected (no_confident_match),5,uHi33Jbes1k,https://www.youtube.com/watch?v=uHi33Jbes1k,LYLY x HIEUTHUHAI x NICK - LỜI ĐƯỜNG MẬT [Audio],NICK Mix,219.0,-3.2,✅ Đã tự động tìm & thay thế Audio/MV chuẩn do 5 candidate gốc bị lỗi/lệch (Lệch 3.2s)
4TyQKEifYDWTfTSRwpxlYI,Quân A.P,Bông Hoa Đẹp Nhất,315.3,automatic,1,e2Xx7WcvEns,https://www.youtube.com/watch?v=e2Xx7WcvEns,QUÂN A.P - BÔNG HOA ĐẸP NHẤT [OFFICIAL LYRICS VIDEO],Quân A.P Official,316.0,+0.7,✅ Auto-accepted confident match
1PSmJr2mHzDjYXrKvQPKb0,AMEE,nàng thơ... trời giấu trời mang đi,262.1,automatic,1,QHDkHZPHzC0,https://www.youtube.com/watch?v=QHDkHZPHzC0,Trời Giấu Trời Mang Đi,AMEE,259.0,-3.1,✅ Auto-accepted confident match
4Wdwvi2C5MD8zDi9Kg3x4X,T.R.I,Chúng Ta Sau Này,211.2,automatic,1,3_r2HxQDtUI,https://www.youtube.com/watch?v=3_r2HxQDtUI,T.R.I - Chúng Ta Sau Này... #CTSN (Official M/V Lyrics),T.R.I,215.0,+3.8,✅ Auto-accepted confident match
42mIT9wfmgA48DTN8GmCxX,Chillies,Giá Như,297.0,automatic,1,TDLGo7nQmEA,https://www.youtube.com/watch?v=TDLGo7nQmEA,Giá Như - Chillies (Official Music Video),Chillies,310.0,+13.0,✅ Auto-accepted confident match
2rbDhOo9Fh61Bbu23T2qCk,Lady Gaga,Always Remember Us This Way,210.2,automatic,1,5vheNbQlsyU,https://www.youtube.com/watch?v=5vheNbQlsyU,Lady Gaga - Always Remember Us This Way (from A Star Is Born) (Official Music Video),Lady Gaga,242.0,+31.8,✅ Auto-accepted confident match
0OrwGH9aeguhopTVubv0VZ,demxntia,tonight,84.9,automatic,1,hjgdRt6yUa4,https://www.youtube.com/watch?v=hjgdRt6yUa4,demxntia - tonight [OFFICIAL MUSIC VIDEO],demxntia,85.0,+0.1,✅ Auto-accepted confident match
2wVDWtLKXunswWecARNILj,JENNIE,SOLO,169.6,user_or_pattern_selected (ambiguous),1,b73BI9eUkjM,https://www.youtube.com/watch?v=b73BI9eUkjM,JENNIE - 'SOLO' M/V,BLACKPINK,177,+7.4s,"✅ Tự động chọn theo pattern của bạn (Kênh Chính thức / Topic / Label, lệch +7.4ss)"
3yWacnoBnM0lrzLmXAk44d,ERIK,"Em Không Sai, Chúng Ta Sai",291.5,automatic,1,vsxGKRrxgHk,https://www.youtube.com/watch?v=vsxGKRrxgHk,"ERIK - 'Em Không Sai, Chúng Ta Sai' (Official Lyric Video)",VMAS LABEL,292.0,+0.5,✅ Auto-accepted confident match
4z5dAyLMnkKSHkOkwbR1RX,SOOBIN,Trò Chơi,196.3,automatic,1,rV5XsWEemFo,https://www.youtube.com/watch?v=rV5XsWEemFo,SOOBIN - Trò Chơi (Official Audio),SOOBIN Official,197.0,+0.7,✅ Auto-accepted confident match
7wHBNIBO353lf9aVvmUydT,Chillies,Cảm Ơn Và Xin Lỗi,316.3,automatic,1,DQDu60-C-ns,https://www.youtube.com/watch?v=DQDu60-C-ns,[OST Thưa Mẹ Con Đi / Goodbye Mother] Cảm Ơn Và Xin Lỗi - Chillies,Chillies,317.0,+0.7,✅ Auto-accepted confident match
3ndCsZfq8OVwwkz9mmZvUz,BTS,Stay,204.8,automatic,1,evBAiaYal1o,https://www.youtube.com/watch?v=evBAiaYal1o,Stay,BANGTANTV,205.0,+0.2,✅ Auto-accepted confident match
2OZTkXYCNbZS9TwPRy52Js,Bích Phương,Đi Đu Đưa Đi,220.2,automatic,1,ZF3b1nK-TjM,https://www.youtube.com/watch?v=ZF3b1nK-TjM,BÍCH PHƯƠNG - Đi Đu Đưa Đi (Official M/V),BÍCH PHƯƠNG,224.0,+3.8,✅ Auto-accepted confident match
3XoflnowYPFRPOh3uFvHcm,DJ Snake,Selfish Love,168.6,automatic,1,ZFHGKyi7JgE,https://www.youtube.com/watch?v=ZFHGKyi7JgE,"DJ Snake, Selena Gomez - Selfish Love (Behind The Scenes)",DJ Snake,165.0,-3.6,✅ Auto-accepted confident match
6BToHhGtbW8eMQFaEv0i2d,Sơn Tùng M-TP,Như Ngày Hôm Qua,223.0,automatic,1,YtkgtlfKaxM,https://www.youtube.com/watch?v=YtkgtlfKaxM,Như Ngày Hôm Qua,Sơn Tùng M-TP Official,223.0,+0.0,✅ Auto-accepted confident match
6hUpxEKFSjS8metuA1yxlf,SOOBIN,Vai Lan Don Dua,170.7,user_or_pattern_selected (no_confident_match),4,vKiVbBE-qO8,https://www.youtube.com/watch?v=vKiVbBE-qO8,Vài Lần Đón Đưa -  Soobin Hoàng Sơn ft Touliver (Lyrics on Screen),AEY Music,171,+0.3s,"✅ Tự động chọn theo pattern của bạn (Candidate tốt nhất trong nhóm, lệch +0.3ss)"
6uxuJ8Fr1AAfSPJUF9N1yr,Vũ.,Bước Qua Mùa Cô Đơn,278.8,automatic,1,n6Pnzi6r9NU,https://www.youtube.com/watch?v=n6Pnzi6r9NU,BƯỚC QUA MÙA CÔ ĐƠN (Walking Through the Lonely Season) / Vũ. (Official MV),Vũ Official,343.0,+64.2,✅ Auto-accepted confident match
5nD5PVXUkIpv0WcwfNFrgS,Orange,Khi Em Lớn,228.1,automatic,1,1Lh1E9voEsc,https://www.youtube.com/watch?v=1Lh1E9voEsc,Orange x Hoàng Dũng - ‘Khi Em Lớn’ Official MV,Orange Singer Official,236.0,+7.9,✅ Auto-accepted confident match
3wGx3gYPjECKZazGNuPEX2,Juky San,Phải Chăng Em Đã Yêu?,190.0,automatic,1,O81_4VAson4,https://www.youtube.com/watch?v=O81_4VAson4,JUKY SAN X REDT | PHẢI CHĂNG EM ĐÃ YÊU  | OFFICIAL MUSIC VIDEO,Juky San,215.0,+25.0,✅ Auto-accepted confident match
1w3eUC89GPspKpi62tPwjt,Hoàng Dũng,Nàng Thơ,254.5,automatic,1,0SJAzTGh1SE,https://www.youtube.com/watch?v=0SJAzTGh1SE,Nàng Thơ,Hoàng Dũng,255.0,+0.5,✅ Auto-accepted confident match
1xoadYaxtOp9gHDwgmPDuz,JSOL,Sài Gòn Hôm Nay Mưa,247.1,user_or_pattern_selected (no_confident_match),2,a5CyXOKws9Y,https://www.youtube.com/watch?v=a5CyXOKws9Y,SÀI GÒN HÔM NAY MƯA -  JSOL ft. HOÀNG DUYÊN | STAGE PERFORMANCE AT FAN MEETING 2024,JSOL,251,+3.9s,"✅ Tự động chọn theo pattern của bạn (Kênh Chính thức / Topic / Label, lệch +3.9ss)"
7BoobGhD4x5K96Me0hqC8Q,Bella Poarch,Build a Bitch,122.8,user_or_pattern_selected (no_confident_match),2,o4evZ9foxBk,https://www.youtube.com/watch?v=o4evZ9foxBk,Bella Poarch - Build A B*tch (Official Lyric Video),Bella Poarch,123,+0.2s,"✅ Tự động chọn theo pattern của bạn (Kênh Chính thức / Topic / Label, lệch +0.2ss)"
63qZf6349d3ngku9hrzLac,SOOBIN,The Playah (Special Performance),449.6,automatic,1,d44UTUSTYKU,https://www.youtube.com/watch?v=d44UTUSTYKU,SOOBIN X SLIMV - THE PLAYAH (Special Performance / Official Music Video),SOOBIN Official,507.0,+57.4,✅ Auto-accepted confident match
0ClPIeT6MSgfSgQ9ZrJbAq,Charlie Puth,Cheating on You,196.6,automatic,1,fOoSbUoayQE,https://www.youtube.com/watch?v=fOoSbUoayQE,Charlie Puth - Cheating on You [Official Video],Charlie Puth,202.0,+5.4,✅ Auto-accepted confident match
27F22WcGDyl4Z2KylVJkXL,buitruonglinh,Đường Tôi Chở Em Về,266.0,user_or_pattern_selected (no_confident_match),1,OuNo8Tkb3lI,https://www.youtube.com/watch?v=OuNo8Tkb3lI,Đường Tôi Chở Em Về / buitruonglinh | Lyrics Video |,buitruonglinh,266,+0.0s,"✅ Tự động chọn theo pattern của bạn (Kênh Chính thức / Topic / Label, lệch +0.0ss)"
7dJVE53hGAX9TcKH0abFic,Hoàng Yến Chibi,Yêu Thầm,252.5,user_or_pattern_selected (no_confident_match),3,2hJhVB2KJWw,https://www.youtube.com/watch?v=2hJhVB2KJWw,Yêu Thầm (Official Lyric Video) - Hoàng Yến Chibi x Tlinh x TDK x Lyly,Hoàng Yến Chibi Official,254,+1.5s,"✅ Tự động chọn theo pattern của bạn (Kênh Chính thức / Topic / Label, lệch +1.5ss)"
6iWPQ9xAYH3ZePu2Z209Y6,Tăng Phúc,Chỉ Là Không Cùng Nhau (Live Version),226.0,user_or_pattern_selected (no_confident_match),1,UqKVL56IJB8,https://www.youtube.com/watch?v=UqKVL56IJB8,TĂNG PHÚC ft TRƯƠNG THẢO NHI| CHỈ LÀ KHÔNG CÙNG NHAU (Nhạc Hoa Lời Việt) | Mây In The Nest 28.3.2021,TĂNG PHÚC OFFICIAL,233,+7.0s,"✅ Tự động chọn theo pattern của bạn (Kênh Chính thức / Topic / Label, lệch +7.0ss)"
4qJSUFwZFouto5VZUlln75,tlinh,Thích Quá Rùi Nà,178.0,automatic,1,p40OWOxAeSw,https://www.youtube.com/watch?v=p40OWOxAeSw,tlinh - Thích Quá Rùi Nà (ft. Trung Trần) | OFFICIAL LYRICS VIDEO,tlinh,178.0,+0.0,✅ Auto-accepted confident match
4rPrBNnDgdZpS5gosHv0yr,Ngọt,để quên,170.7,automatic,1,W08NL1mchhs,https://www.youtube.com/watch?v=W08NL1mchhs,Ngọt - để quên,Ngọt,171.0,+0.3,✅ Auto-accepted confident match
696w9BHmEY62myVCSDyrYW,Chillies,Có Em Đời Bỗng Vui,247.4,automatic,1,AE3eD-XV4vg,https://www.youtube.com/watch?v=AE3eD-XV4vg,Có Em Đời Bỗng Vui - Chillies (Official Video),Chillies,252.0,+4.6,✅ Auto-accepted confident match
6jOP08e9PHDnoF3reZcePE,Chillies,Qua Khung Cửa Sổ,299.1,automatic,1,OmmbiyE-d4Q,https://www.youtube.com/watch?v=OmmbiyE-d4Q,Qua Khung Cửa Sổ - Chillies [Official Music Video],Chillies,314.0,+14.9,✅ Auto-accepted confident match
1HDrKXya87GMQfAGPlqNS9,T Team,Muốn Nói Với Em,233.5,user_or_pattern_selected (no_confident_match),3,gXwPxTUTOA4,https://www.youtube.com/watch?v=gXwPxTUTOA4,"MUỐN NÓI VỚI EM - DT Tập Rap ft Mai Xuân Thứ  [Official MV] KIỀU MINH TUẤN , LÊ CHI, BLACKBI",T Team,245,+11.5s,"✅ Tự động chọn theo pattern của bạn (Kênh Chính thức / Topic / Label, lệch +11.5ss)"
2QdH0rKlV3d9Y6lWzcnlBH,ITZY,In the morning,172.4,user_or_pattern_selected (no_confident_match),1,_ysomCGaZLw,https://www.youtube.com/watch?v=_ysomCGaZLw,"ITZY ""마.피.아. In the morning"" M/V @ITZY",JYP Entertainment,185,+12.6s,"✅ Tự động chọn theo pattern của bạn (Kênh Chính thức / Topic / Label, lệch +12.6ss)"
1CyYcBdukmFjFibDZaDlHc,hooligan.,To The Moon,201.5,automatic,1,nmKTlmByng0,https://www.youtube.com/watch?v=nmKTlmByng0,hooligan. - To The Moon (Official Lyric Video),hooligan.official,206.0,+4.5,✅ Auto-accepted confident match
79xFFmGKtEyky0I2G9U9Jg,AMEE,yêu thì yêu không yêu thì yêu,190.3,user_or_pattern_selected (ambiguous),5,54IsuFlIQwA,https://www.youtube.com/watch?v=54IsuFlIQwA,yêu thì yêu không yêu thì yêu,AMEE,191.0,+0.7,✅ Đã tự động tìm & thay thế Audio/MV chuẩn do 5 candidate gốc bị lỗi/lệch (Lệch 0.7s)
2FWBdovgRvBSzA1JESUe0D,JustaTee,Làm Gì Phải Hốt,189.3,user_or_pattern_selected (ambiguous),2,8dJfisqsAow,https://www.youtube.com/watch?v=8dJfisqsAow,Làm gì phải Hốt - JustaTee x Hoàng Thùy Linh x Đen (Shrimp Mix),DZUS Records,182,-7.3s,"✅ Tự động chọn theo pattern của bạn (Kênh Chính thức / Topic / Label, lệch -7.3ss)"
0MMyJUC3WNnFS1lit5pTjk,Olivia Rodrigo,"jealousy, jealousy",173.2,automatic,1,Z-9gQjUZMm0,https://www.youtube.com/watch?v=Z-9gQjUZMm0,"Olivia Rodrigo - jealousy, jealousy (Lyric Video)",Olivia Rodrigo,174.0,+0.8,✅ Auto-accepted confident match
6UelLqGlWMcVH1E5c4H7lY,Harry Styles,Watermelon Sugar,174.0,automatic,1,7-x3uD5z1bQ,https://www.youtube.com/watch?v=7-x3uD5z1bQ,Harry Styles - Watermelon Sugar (Official Audio),Harry Styles,174.0,+0.0,✅ Auto-accepted confident match
6PLNoijWdc3dWqc1KKjv73,Tiên Tiên,Đâu Cần Một Bài Ca Tình Yêu,195.5,user_or_pattern_selected (no_confident_match),1,qusmHT5vNuw,https://www.youtube.com/watch?v=qusmHT5vNuw,OFFICIAL MV - ĐÂU CẦN MỘT BÀI CA TÌNH YÊU - TIÊN TIÊN x TRANG,Tiên Tiên,204,+8.5s,"✅ Tự động chọn theo pattern của bạn (Kênh Chính thức / Topic / Label, lệch +8.5ss)"
4vfhartd7HDWGJbdVIycEu,Sơn Tùng M-TP,Muộn Rồi Mà Sao Còn,275.9,automatic,1,xypzmu5mMPY,https://www.youtube.com/watch?v=xypzmu5mMPY,SƠN TÙNG M-TP | MUỘN RỒI MÀ SAO CÒN | OFFICIAL MUSIC VIDEO,Sơn Tùng M-TP Official,289.0,+13.1,✅ Auto-accepted confident match
1EmMFSLRVkOszCa4ul9z0F,W/N,3107 3,240.0,automatic,1,kfw7MYah2n0,https://www.youtube.com/watch?v=kfw7MYah2n0,"W/n - 3107 3 ( Official Video ) ft. 267, Nâu, Duongg,",W/n,235.0,-5.0,✅ Auto-accepted confident match
2XjbfQQZlPwOMTmJR2RLfC,Lukas Graham,Happy For You,226.4,automatic,1,Sfqt2KtSj-Q,https://www.youtube.com/watch?v=Sfqt2KtSj-Q,Lukas Graham - Happy For You (Official Video With Lyrics),Lukas Graham,238.0,+11.6,✅ Auto-accepted confident match
6B4AdZzwagId7wvWeJEkiq,Độ Mixi,Độ Tộc 2,201.0,automatic,1,VSfDxphKpzc,https://www.youtube.com/watch?v=VSfDxphKpzc,ĐỘ TỘC 2,Release - Topic,202.0,+1.0,✅ Auto-accepted confident match
1mKDbug8bbfDmLe7I4CJpe,Da LAB,Gác Lại Âu Lo,282.6,automatic,1,ECxVfrwwTp0,https://www.youtube.com/watch?v=ECxVfrwwTp0,Gác lại âu lo - Da LAB ft. Miu Lê (Official MV),Da LAB Official,307.0,+24.4,✅ Auto-accepted confident match
4Iz5EWPCAT8jYNk4IpLoll,buitruonglinh,Dù Cho Mai Về Sau,234.0,automatic,1,B5uoHay4abs,https://www.youtube.com/watch?v=B5uoHay4abs,Dù cho mai về sau,buitruonglinh,234.0,+0.0,✅ Auto-accepted confident match
0e8nrvls4Qqv5Rfa2UhqmO,Lil Nas X,THATS WHAT I WANT,143.9,automatic,1,QDYDRA5JPLE,https://www.youtube.com/watch?v=QDYDRA5JPLE,Lil Nas X - THATS WHAT I WANT (Official Video),Lil Nas X,162.0,+18.1,✅ Auto-accepted confident match
6TD5xfffOnYHliuF1wzL6U,Hứa Kim Tuyền,Sài Gòn Đau Lòng Quá,308.7,automatic,1,K3Xd87lpF9w,https://www.youtube.com/watch?v=K3Xd87lpF9w,Sài Gòn Đau Lòng Quá,Hứa Kim Tuyền,309.0,+0.3,✅ Auto-accepted confident match
5uyNAX6MazVAjBjVeOsTvp,W/N,3 1 0 7,234.9,automatic,1,V5GS5ANG96M,https://www.youtube.com/watch?v=V5GS5ANG96M,"W/n - 3 1 0 7 ( Official Video ) ft. Nâu, Duongg",W/n,233.0,-1.9,✅ Auto-accepted confident match
2sp32rIevQhpbo0Z4aQzoe,Coldplay,My Universe - Instrumental,228.0,automatic,1,_tx86dX1MJ8,https://www.youtube.com/watch?v=_tx86dX1MJ8,Coldplay X BTS - My Universe (INSTRUMENTAL),Coldplay,228.0,+0.0,✅ Auto-accepted confident match
6Fbsn9471Xd0vVsMWwhePh,Hà Anh Tuấn,Tháng Mấy Em Nhớ Anh?,300.0,automatic,1,RHaLpXUSUYk,https://www.youtube.com/watch?v=RHaLpXUSUYk,Tháng Mấy Em Nhớ Anh?,Hà Anh Tuấn,300.0,+0.0,✅ Auto-accepted confident match
2Gazl1MAVX8vmo8E659Vq8,My Anh,Real Love,243.9,user_or_pattern_selected (no_confident_match),2,htheCvaLiJ8,https://www.youtube.com/watch?v=htheCvaLiJ8,MỸ ANH x KHẮC HƯNG  - REAL LOVE | LYRICS VIDEO,Mỹ Anh,244,+0.1s,"✅ Tự động chọn theo pattern của bạn (Kênh Chính thức / Topic / Label, lệch +0.1ss)"
1Ov37jtRQ2YNAe8HzfczkL,Taylor Swift,Wildest Dreams (Taylor's Version),220.4,automatic,1,CUr_UwUUXzU,https://www.youtube.com/watch?v=CUr_UwUUXzU,Taylor Swift - Wildest Dreams (Taylor’s Version) (Official Audio),Taylor Swift,221.0,+0.6,✅ Auto-accepted confident match
2m6Ko3CY1qXNNja8AlugNc,Troye Sivan,Angel Baby,220.8,automatic,1,IR-6KE8C4VQ,https://www.youtube.com/watch?v=IR-6KE8C4VQ,Troye Sivan - Angel Baby (Official Video),Troye Sivan,221.0,+0.2,✅ Auto-accepted confident match
7LVrrX8pkzI9fMF88nGabt,Đen,Đi Về Nhà,200.0,automatic,1,vTJdVE_gjI0,https://www.youtube.com/watch?v=vTJdVE_gjI0,Đen x JustaTee - Đi Về Nhà (M/V),Đen Vâu Official,206.0,+6.0,✅ Auto-accepted confident match
149BxWeweaCqmsyedkNiiE,Imagine Dragons,Wrecked,244.0,automatic,1,4mJayYlfcWo,https://www.youtube.com/watch?v=4mJayYlfcWo,Imagine Dragons - Wrecked (Lyric Video),ImagineDragons,243.0,-1.0,✅ Auto-accepted confident match
0J2otOvMdg62gVMMjwOvSK,Jack - J97,Hoa Hải Đường,229.6,user_or_pattern_selected (no_confident_match),5,6CH18rlrLY8,https://www.youtube.com/watch?v=6CH18rlrLY8,Hoa Hải Đường - Jack - J97 / Audio Lyrics Video,KProx Official,232.0,+2.4,✅ Đã tự động tìm & thay thế Audio/MV chuẩn do 5 candidate gốc bị lỗi/lệch (Lệch 2.4s)
5Vv7AuoyX4aFz8zcztSwMB,MONSTAR,baby i told u,254.0,automatic,1,DDAx3GSapj8,https://www.youtube.com/watch?v=DDAx3GSapj8,baby i told u,MONSTAR - Topic,255.0,+1.0,✅ Auto-accepted confident match
2qnnREp8mFVipaEoUlw9ya,Đen,Hai Triệu Năm,216.5,automatic,1,LSMDNL4n0kM,https://www.youtube.com/watch?v=LSMDNL4n0kM,Đen - hai triệu năm ft. Biên (m/v),Đen Vâu Official,218.0,+1.5,✅ Auto-accepted confident match
4iLqG9SeJSnt0cSPICSjxv,Charlie Puth,Attention,211.5,automatic,1,nfs8NYg7yQM,https://www.youtube.com/watch?v=nfs8NYg7yQM,Charlie Puth - Attention [Official Video],Charlie Puth,232.0,+20.5,✅ Auto-accepted confident match
7skGrIrRzO0APhASzAKfNi,Freaky,Gu - Cukak Remix,177.5,user_or_pattern_selected (no_confident_match),1,VI47bTJaMe4,https://www.youtube.com/watch?v=VI47bTJaMe4,Gu - Freaky ft. Seachains「Cukak Remix」/ Audio Lyrics,Cukak,173,-4.5s,"✅ Tự động chọn theo pattern của bạn (Kênh Chính thức / Topic / Label, lệch -4.5ss)"
7bmk1GEufZOrycr3HXZGN2,Suboi,Sickerrr,225.9,automatic,1,IiCY63rMns8,https://www.youtube.com/watch?v=IiCY63rMns8,Suboi - SICKERRR (Official Audio),Suboi,226.0,+0.1,✅ Auto-accepted confident match
7DF8lvLdV3htIbuTWpc7lR,Juice WRLD,Girl Of My Dreams,226.1,automatic,1,MvGdQ03mHrc,https://www.youtube.com/watch?v=MvGdQ03mHrc,Juice WRLD - Girl Of My Dreams (with Suga from BTS) [Official Audio],Juice WRLD,227.0,+0.9,✅ Auto-accepted confident match
6Vx29sLFwzT8yvRhzP2Fge,K-ICM,Lời Nói Dối Sau Nụ Cười,306.3,automatic,1,5_3AXdQPKu0,https://www.youtube.com/watch?v=5_3AXdQPKu0,LỜI NÓI DỐI SAU NỤ CƯỜI | ICM | OFFICIAL MUSIC VIDEO,ICM Entertainment,369.0,+62.7,✅ Auto-accepted confident match
10IfXtjKQmOiON7tNAHv0y,Jin,Yours,264.8,automatic,1,o0RjCnJWLC4,https://www.youtube.com/watch?v=o0RjCnJWLC4,Yours,Jin - Topic,265.0,+0.2,✅ Auto-accepted confident match
5T6j0rfpCDBzAxC8Fpd0N7,Low G,An Thần,174.3,automatic,1,wKiSIO6Tffo,https://www.youtube.com/watch?v=wKiSIO6Tffo,An Thần,Low G,175.0,+0.7,✅ Auto-accepted confident match
6aeU5IH8DB1qHK5jRFTNUv,Văn Mai Hương,Hương,210.3,automatic,1,VGP9rtItrEg,https://www.youtube.com/watch?v=VGP9rtItrEg,VĂN MAI HƯƠNG - HƯƠNG ft. NEGAV (Album 'hương') | Official Audio,VĂN MAI HƯƠNG OFFICIAL,211.0,+0.7,✅ Auto-accepted confident match
4KLmT1bU7eyEBe35FzEjbd,K-ICM,Chim Quý Trong Lồng,343.1,automatic,1,encbrlR-aMs,https://www.youtube.com/watch?v=encbrlR-aMs,Chim Quý Trong Lồng,ICM Entertainment,342.0,-1.1,✅ Auto-accepted confident match
6iXGivPFpsqKmrINhIbPvx,Lynk Lee,Buồn Thì Cứ Khóc Đi,222.3,automatic,1,X-GCJwz4PnY,https://www.youtube.com/watch?v=X-GCJwz4PnY,Buồn Thì Cứ Khóc Đi - Lynk Lee | Official MV,Lynk Lee,235.0,+12.7,✅ Auto-accepted confident match
6MCJdudhQY41K3IhluuNuq,K-ICM,Một Chiều Mưa Bất Ngờ,250.7,user_or_pattern_selected (no_confident_match),1,WZiYNLTb_n0,https://www.youtube.com/watch?v=WZiYNLTb_n0,MỘT CHIỀU MƯA BẤT NGỜ - ICM x RYO | OFFICIAL MUSIC VIDEO,ICM Entertainment,257,+6.3s,"✅ Tự động chọn theo pattern của bạn (Kênh Chính thức / Topic / Label, lệch +6.3ss)"
5Bti0azlFhMattVY76qFr9,Vũ.,Lạ Lùng,261.6,automatic,1,F5tS5m86bOI,https://www.youtube.com/watch?v=F5tS5m86bOI,LẠ LÙNG (Strange) / Vũ. (Original),Vũ Official,262.0,+0.4,✅ Auto-accepted confident match
2e0b6AaC1Abz5mFyCS3fXY,K-ICM,Tình Là Gì Đây Em Ơi,250.9,automatic,1,Yzx1d_J_UwY,https://www.youtube.com/watch?v=Yzx1d_J_UwY,TÌNH LÀ GÌ ĐÂY EM ƠI - ICM | OFFICIAL MUSIC VIDEO,ICM Entertainment,258.0,+7.1,✅ Auto-accepted confident match
7aonAWn0J0AJ47ZU9WHCXC,Sub Urban,INFERNO,133.1,user_or_pattern_selected (ambiguous),4,c1sOsg3vtA8,https://www.youtube.com/watch?v=c1sOsg3vtA8,Bella Poarch - Inferno (Official Lyric Video),Bella Poarch,134,+0.9s,"✅ Tự động chọn theo pattern của bạn (Kênh Chính thức / Topic / Label, lệch +0.9ss)"
7JWa8tcjothiOfTVUUbuzL,Vicky Nhung,Không Muốn Một Mình,210.3,automatic,1,bmfuO57FQWo,https://www.youtube.com/watch?v=bmfuO57FQWo,VICKY NHUNG - KHÔNG MUỐN MỘT MÌNH (OFFICIAL MV) | PROD. KICM | cameo VŨ THỊNH x FANNY,Vicky Nhung,224.0,+13.7,✅ Auto-accepted confident match
1r9xUipOqoNwggBpENDsvJ,Imagine Dragons,Enemy,173.4,automatic,1,IOrbP1OqNsg,https://www.youtube.com/watch?v=IOrbP1OqNsg,Enemy (from the series Arcane League of Legends),ImagineDragons,174.0,+0.6,✅ Auto-accepted confident match
6bXmKNVe9YIjoyDbz04nWg,Rhymastic,Freaky Squad,196.8,user_or_pattern_selected (no_confident_match),1,N4a9Db9_ijc,https://www.youtube.com/watch?v=N4a9Db9_ijc,SPACESPEAKERS - FREAKY SQUAD (OFFICIAL MUSIC VIDEO),SpaceSpeakers Label,204,+7.2s,"✅ Tự động chọn theo pattern của bạn (Kênh Chính thức / Topic / Label, lệch +7.2ss)"
2axlAOp86SPuqSBlwLw4WM,RAP VIỆT,101520,193.8,automatic,1,QDXszKiPfQw,https://www.youtube.com/watch?v=QDXszKiPfQw,"101520 (feat. Sol7, prettyXIX)",RAP VIỆT - Topic,194.0,+0.2,✅ Auto-accepted confident match
7oBUoEbCDF748UkHnLusUB,Thịnh Suy,Chuyện Rằng,272.2,automatic,1,akgNYX8i9Xs,https://www.youtube.com/watch?v=akgNYX8i9Xs,Thịnh Suy - CHUYỆN RẰNG (Official Music Video),Thịnh Suy,277.0,+4.8,✅ Auto-accepted confident match
0SmQ0UWeiHKQtxUej4Rem6,SOOBIN,Tháng Năm,225.4,automatic,1,FJ8T7tJ9hRE,https://www.youtube.com/watch?v=FJ8T7tJ9hRE,SOOBIN - Tháng Năm (Official Audio),SOOBIN Official,226.0,+0.6,✅ Auto-accepted confident match
4vGEfBrpiM4zfYzSyPpysX,Renja,Phi Hành Gia,345.3,automatic,1,7GKlN5Kp9pU,https://www.youtube.com/watch?v=7GKlN5Kp9pU,Phi Hành Gia (feat. Sugar Cane & Kain),Renja - Topic,346.0,+0.7,✅ Auto-accepted confident match
0pQ67Kp2kED4ISy1ieGPEq,TaynguyenSound,Ghé Qua,237.2,user_or_pattern_selected (no_confident_match),2,W2FRMzCuPzY,https://www.youtube.com/watch?v=W2FRMzCuPzY,Ghé Qua - Dick x Tofu x PC [Official Audio],TaynguyenSound Official and 2 more,237,-0.2s,"✅ Tự động chọn theo pattern của bạn (Kênh Chính thức / Topic / Label, lệch -0.2ss)"
3LlEZ4J1ORcgP1WmTF9pIX,Pháo,Nói Dối,199.1,user_or_pattern_selected (no_confident_match),1,3SP-LAn6Yyw,https://www.youtube.com/watch?v=3SP-LAn6Yyw,"Pháo Northside - NÓI DỐI ft. @HIEUTHUHAIOFFICIAL ,Tùng Sax,Megazetz (Official Audio)",Pháo Northside,197,-2.1s,"✅ Tự động chọn theo pattern của bạn (Kênh Chính thức / Topic / Label, lệch -2.1ss)"
73mVGNhTlRQBod01zh3M0s,Winno,"Tell Ur Mom II - Gii, Hiderway Remix",216.0,user_or_pattern_selected (no_confident_match),1,oJKKcbPOSEA,https://www.youtube.com/watch?v=oJKKcbPOSEA,Winno - Tell Ur Mom II ft. Heily (Official Lyric Video),HUSTLANG Winno Official,220,+4.0s,"✅ Tự động chọn theo pattern của bạn (Kênh Chính thức / Topic / Label, lệch +4.0ss)"
6bGMSP3H9YqkmaLnaJTIoF,Adele,Hold On,366.0,automatic,1,yoHS2T32Z5o,https://www.youtube.com/watch?v=yoHS2T32Z5o,Adele - Hold On (Official Lyric Video),Adele,367.0,+1.0,✅ Auto-accepted confident match
2o4dDfLK6NVI7TjBm5VoMv,Lou Hoàng,Yêu Một Người Có Lẽ,253.5,user_or_pattern_selected (no_confident_match),3,QVNkxMJd7u4,https://www.youtube.com/watch?v=QVNkxMJd7u4,Yêu Một Người Có Lẽ - Lou Hoàng - Miu Lê (Lyric Video)| Miu Lê Official,Miu Lê Official,253,-0.5s,"✅ Tự động chọn theo pattern của bạn (Kênh Chính thức / Topic / Label, lệch -0.5ss)"
75NgcOsgURBLTPpRzAsxp0,Hà Anh Tuấn,Tháng 4 Là Lời Nói Dối Của Em - Live Version,315.3,user_or_pattern_selected (no_confident_match),1,ib0UEUcHKUE,https://www.youtube.com/watch?v=ib0UEUcHKUE,Hà Anh Tuấn | Tháng Tư Là Lời Nói Dối Của Em (The Veston Concert),Louis Trancy,313,-2.3s,"✅ Tự động chọn theo pattern của bạn (Candidate tốt nhất trong nhóm, lệch -2.3ss)"
3mmLyEhphJAaW7hyEXAD8l,BOL4,Some,181.4,automatic,1,hZmoMyFXDoI,https://www.youtube.com/watch?v=hZmoMyFXDoI,[MV] BOL4(볼빨간사춘기) _ Some(썸 탈꺼야),1theK (원더케이),187.0,+5.6,✅ Auto-accepted confident match
7KlTFTpy7dXLzr2NtLkvG6,BTS,Not Today,231.9,user_or_pattern_selected (ambiguous),3,xomrqgZ9X_Y,https://www.youtube.com/watch?v=xomrqgZ9X_Y,BTS (방탄소년단) 'Not Today' Lyrics [Color Coded Han_Rom_Eng],• m i n a m o c h i •,232,+0.1s,"✅ Tự động chọn theo pattern của bạn (Audio / Lyrics khớp sát thời lượng, lệch +0.1ss)"
7jLSThU5Kg1RWt19Leiaxm,RPT MCK,Chìm Sâu,156.3,user_or_pattern_selected (ambiguous),1,Yw9Ra2UiVLw,https://www.youtube.com/watch?v=Yw9Ra2UiVLw,Chìm Sâu - RPT MCK (feat. Trung Trần) | Official Lyrics Video,MCK // Nger,159,+2.7s,"✅ Tự động chọn theo pattern của bạn (Kênh Chính thức / Topic / Label, lệch +2.7ss)"
0oSNOJEcBIKNcQzRc5TfyR,BTS,Blood Sweat & Tears,217.1,user_or_pattern_selected (ambiguous),4,enuVmdqz8Aw,https://www.youtube.com/watch?v=enuVmdqz8Aw,BTS (방탄소년단) - 피 땀 눈물 (Blood Sweat & Tears) [AUDIO],KMusic360,217,-0.1s,"✅ Tự động chọn theo pattern của bạn (Audio / Lyrics khớp sát thời lượng, lệch -0.1ss)"
3IA9LkBEVhJDOxOnh1nf8a,BTS,Butter (Holiday Remix),161.9,user_or_pattern_selected (ambiguous),2,yE1kpjX-hd8,https://www.youtube.com/watch?v=yE1kpjX-hd8,BTS (방탄소년단) - Butter (Holiday Remix) (Audio),BTS SoundCloud,162,+0.1s,"✅ Tự động chọn theo pattern của bạn (Kênh Chính thức / Topic / Label, lệch +0.1ss)"
5Msoarj5hk9LguTtiIyqug,Đức Phúc,Ngày Đầu Tiên,208.9,automatic,1,R6aQJWWWTy4,https://www.youtube.com/watch?v=R6aQJWWWTy4,Ngày Đầu Tiên,ĐỨC PHÚC OFFICIAL,209.0,+0.1,✅ Auto-accepted confident match
5SE57ljOIUJ1ybL9U6CuBH,BTS,DNA,223.1,automatic,1,SxAvr92fRg4,https://www.youtube.com/watch?v=SxAvr92fRg4,DNA,BANGTANTV,224.0,+0.9,✅ Auto-accepted confident match
5H7UgZQk2p5x4nmeuDjmE4,ERIK,Đau Nhất Là Lặng Im,286.2,automatic,1,D80QnP0iRBo,https://www.youtube.com/watch?v=D80QnP0iRBo,ERIK - Đau Nhất Là Lặng Im (Official Music Video),ERIK Official,306.0,+19.8,✅ Auto-accepted confident match
3r9FFjLrAIQjoR8pSHVPC9,BTS,Outro : Ego,196.2,user_or_pattern_selected (ambiguous),5,-yi8cxXwIqg,https://www.youtube.com/watch?v=-yi8cxXwIqg,J-hope - Outro : Ego (Audio),Playlist Bts,194,-2.2s,"✅ Tự động chọn theo pattern của bạn (Kênh Chính thức / Topic / Label, lệch -2.2ss)"
54UNNgtE3zzERwTuWSQLqd,MONSTAR,có hẹn với thanh xuân,218.0,automatic,1,HXzRlUL1cF0,https://www.youtube.com/watch?v=HXzRlUL1cF0,có hẹn với thanh xuân,MONSTAR - Topic,219.0,+1.0,✅ Auto-accepted confident match
2Nib4r0saYQf2pUV4RFDhl,BTS,Interlude : Shadow,259.8,user_or_pattern_selected (ambiguous),3,7O7BrjT2wqk,https://www.youtube.com/watch?v=7O7BrjT2wqk,SUGA - Interlude : Shadow (Audio),Playlist Bts,260,+0.2s,"✅ Tự động chọn theo pattern của bạn (Kênh Chính thức / Topic / Label, lệch +0.2ss)"
0X5tCYwiVldeDynbhBshTl,K-ICM,Hẹn Kiếp Tương Phùng,279.8,user_or_pattern_selected (no_confident_match),1,88lVxdqfho0,https://www.youtube.com/watch?v=88lVxdqfho0,HẸN KIẾP TƯƠNG PHÙNG | ICM ft. Long Nón Lá (Live Performance),ICM Entertainment,284,+4.2s,"✅ Tự động chọn theo pattern của bạn (Candidate tốt nhất trong nhóm, lệch +4.2ss)"
2tg8L2ls1k19B2SvRKBnJh,Mỹ Tâm,Hẹn Ước Từ Hư Vô - Live,247.6,user_or_pattern_selected (no_confident_match),2,dL9bMyUr3jU,https://www.youtube.com/watch?v=dL9bMyUr3jU,MỸ TÂM | Hẹn Ước Từ Hư Vô (Lễ Trao giải Làn Sóng Xanh 2022),Làn Sóng Xanh,257,+9.4s,"✅ Tự động chọn theo pattern của bạn (Kênh Chính thức / Topic / Label, lệch +9.4ss)"
0bTmdKwQ8xb0Xbvizt2GMy,K-ICM,Một Khi Đã Yêu,283.2,automatic,1,bWPHS5d-7P8,https://www.youtube.com/watch?v=bWPHS5d-7P8,MỘT KHI ĐÃ YÊU | ICM FT. RYO | OFFICIAL M/V,ICM Entertainment,280.0,-3.2,✅ Auto-accepted confident match
0wZq5TnD0ooJ3q4GVDTLjd,K-ICM,Xuân Hy Vọng,220.8,user_or_pattern_selected (ambiguous),3,G8O-bcX5G34,https://www.youtube.com/watch?v=G8O-bcX5G34,XUÂN HY VỌNG | K-ICM FT. RYO | (Music Không Quảng Cáo),SYR Music,220,-0.8s,"✅ Tự động chọn theo pattern của bạn (Audio / Lyrics khớp sát thời lượng, lệch -0.8ss)"
0dcnrLo8s1rhjm8euGjI4n,TREASURE,DARARI,220.7,automatic,1,KbXRZn_pcvg,https://www.youtube.com/watch?v=KbXRZn_pcvg,TREASURE (트레저) '다라리 (DARARI)' M/V,Yangzee official,215.0,-5.7,✅ Auto-accepted confident match
4I2ne5vm5LJmrXAfqgjAG4,kis,Tình Ca Tình Ta,175.3,automatic,1,R0jbjEX0dBY,https://www.youtube.com/watch?v=R0jbjEX0dBY,'tình ca tình ta' - kis (official audio),kis.,175.0,-0.3,✅ Auto-accepted confident match
0IGUXY4JbK18bu9oD4mPIm,i-dle,TOMBOY,174.4,automatic,1,Jh4QFaPmdss,https://www.youtube.com/watch?v=Jh4QFaPmdss,(G)I-DLE - 'TOMBOY' Official Music Video,i-dle (아이들),198.0,+23.6,✅ Auto-accepted confident match
7xNCacksfUkYXsXuSW4vNF,salem ilese,PS5,152.2,automatic,1,WRVonH0TTS8,https://www.youtube.com/watch?v=WRVonH0TTS8,salem ilese-  PS5 with TOMORROW X TOGETHER feat. Alan Walker (official music video),salem ilese,152.0,-0.2,✅ Auto-accepted confident match
3CeKc83EsgRPItgvlDHo5B,Hayd,Head In The Clouds,184.6,automatic,1,-uFQzcY7YHc,https://www.youtube.com/watch?v=-uFQzcY7YHc,Hayd - Head In The Clouds (Official Video),Hayd,188.0,+3.4,✅ Auto-accepted confident match
7rXcCpIAoOUCydkVDMcoPV,TAEYEON,INVU,205.0,automatic,1,AbZH7XWDW_k,https://www.youtube.com/watch?v=AbZH7XWDW_k,TAEYEON 태연 'INVU' MV,SMTOWN,218.0,+13.0,✅ Auto-accepted confident match
18uwL0vNUanqZH0ro2QcOP,Jeremy Zucker,comethru,181.6,automatic,1,Yp4yF5hb89I,https://www.youtube.com/watch?v=Yp4yF5hb89I,Jeremy Zucker - comethru (Official Audio),Jeremy Zucker,183.0,+1.4,✅ Auto-accepted confident match
40Ct4hvauHT2EDpik4eVuz,Bích Phương,Xuân Xuân Ơi Xuân Đã Về,219.5,user_or_pattern_selected (ambiguous),2,YYI8hPAhKyM,https://www.youtube.com/watch?v=YYI8hPAhKyM,Mùa Xuân Ơi,BÍCH PHƯƠNG,220,+0.5s,"✅ Tự động chọn theo pattern của bạn (Kênh Chính thức / Topic / Label, lệch +0.5ss)"
4Ut6UU8Yyihz1jCZWSCQpu,BTS,Skit: Circle Room Talk,131.9,automatic,1,c34G_SRYo2c,https://www.youtube.com/watch?v=c34G_SRYo2c,Skit : Circle room talk,BANGTANTV,132.0,+0.1,✅ Auto-accepted confident match
7k3ohP9ZiGfhL6yD8oIPfk,Lu,chẳng giống giáng sinh,192.0,automatic,1,7Bh8FOTNWAE,https://www.youtube.com/watch?v=7Bh8FOTNWAE,chẳng giống giáng sinh - Lu ft. Willistic & datfitzx (Official Visualizer),Lu,197.0,+5.0,✅ Auto-accepted confident match
5b1PngLlxc7hj3fJXrE2Zm,NCT DREAM,Glitch Mode,207.1,automatic,1,oZP2h3WIzqk,https://www.youtube.com/watch?v=oZP2h3WIzqk,NCT DREAM 엔시티 드림 '버퍼링 (Glitch Mode)' MV,SMTOWN,225.0,+17.9,✅ Auto-accepted confident match
37GNTP4wB0QSkUwcTWLHKg,Low G,Fashion Tán Gái,225.8,automatic,1,0EdoqHgs37g,https://www.youtube.com/watch?v=0EdoqHgs37g,FASHION TÁN GÁI,Release - Topic,226.0,+0.2,✅ Auto-accepted confident match
0Sx4EKzhdNxFzquGRANPD3,Na,Không Bằng - Rin Music Remix,250.9,user_or_pattern_selected (no_confident_match),1,3D-ZoQE7NQQ,https://www.youtube.com/watch?v=3D-ZoQE7NQQ,Không Bằng ( Rin Music Remix ) - Na | Nhạc Remix Cực Gây Nghiện,Hiel Curtis,241,-9.9s,"✅ Tự động chọn theo pattern của bạn (Candidate tốt nhất trong nhóm, lệch -9.9ss)"
5Ss7wCp22FOAbfeg75KllJ,Khắc Việt,Chạy Về Nơi Phía Anh,180.6,automatic,1,EFq3j9BUeRI,https://www.youtube.com/watch?v=EFq3j9BUeRI,Chạy Về Nơi Phía Anh - Khắc Việt,KHẮC VIỆT,171.0,-9.6,✅ Auto-accepted confident match
7rjtRM1AgmmraeTTX8tofW,Sơn Tùng M-TP,THERE'S NO ONE AT ALL,172.2,automatic,1,SAwtA921GvY,https://www.youtube.com/watch?v=SAwtA921GvY,THERE'S NO ONE AT ALL,Sơn Tùng M-TP Official,173.0,+0.8,✅ Auto-accepted confident match
6Hs2xIgB8nzyGFDvVA8lFa,Madihu,Có Em,218.5,automatic,1,DcCISK3sCYg,https://www.youtube.com/watch?v=DcCISK3sCYg,Madihu - Có em (Feat. Low G) [Official MV],Madihu,226.0,+7.5,✅ Auto-accepted confident match
1IthE5GNiRzFN5CVaCa445,BTS,Born Singer,238.6,automatic,1,TbjUXK2M5n8,https://www.youtube.com/watch?v=TbjUXK2M5n8,Born Singer,BANGTANTV,239.0,+0.4,✅ Auto-accepted confident match
04Mm3BineGdy0oNv8NivQT,Binz,Don't Break My Heart,237.6,automatic,1,x8NfGzO83DQ,https://www.youtube.com/watch?v=x8NfGzO83DQ,BINZ x TOULIVER - DON'T BREAK MY HEART (Official Lyric Video),Binz Da Poet,238.0,+0.4,✅ Auto-accepted confident match
1MiJk3dXC5jzhvLFP0dUM7,Da LAB,Thức Giấc,269.0,automatic,1,R3trO4a49go,https://www.youtube.com/watch?v=R3trO4a49go,Thức Giấc - Da LAB (Official Music Video),Da LAB Official,318.0,+49.0,✅ Auto-accepted confident match
2QyOYFAxW2khNYee4yeT6r,B Ray,Thiêu Thân,198.8,automatic,1,cfbNtHNCMBo,https://www.youtube.com/watch?v=cfbNtHNCMBo,B RAY x SOFIA & CHÂU ĐĂNG KHOA | THIÊU THÂN | OFFICIAL MV,EvB Records,242.0,+43.2,✅ Auto-accepted confident match
5ACySwUCY89mWH3u38WD9m,Thanh Hưng,"Tệ Thật, Anh Nhớ Em",344.4,user_or_pattern_selected (no_confident_match),1,PKqP8NkOMHo,https://www.youtube.com/watch?v=PKqP8NkOMHo,"Tệ Thật, Anh Nhớ Em | Thanh Hưng | Official Lyric Video",Thanh Hưng Official,339,-5.4s,"✅ Tự động chọn theo pattern của bạn (Kênh Chính thức / Topic / Label, lệch -5.4ss)"
4AgFXIVT7hVhBZ5DEOaLu3,Thịnh Suy,tiny love,158.4,automatic,1,Z7tiB0xMrZg,https://www.youtube.com/watch?v=Z7tiB0xMrZg,Thịnh Suy - tiny love,Thịnh Suy,168.0,+9.6,✅ Auto-accepted confident match
7M30L99pePlQ3wh8IxVUsD,Jimin,With You - Instrumental,201.5,user_or_pattern_selected (no_confident_match),1,b0HsXVdPDvY,https://www.youtube.com/watch?v=b0HsXVdPDvY,With you (Inst.),Jimin - Topic,202,+0.5s,"✅ Tự động chọn theo pattern của bạn (Kênh Chính thức / Topic / Label, lệch +0.5ss)"
45Mswno1F7FoZkcmQkp7fi,Wren Evans,Thích Em Hơi Nhiều,171.7,automatic,1,6gO6qikDmuM,https://www.youtube.com/watch?v=6gO6qikDmuM,THÍCH EM HƠI NHIỀU,Wren Evans Official,172.0,+0.3,✅ Auto-accepted confident match
4IaxDf2FixiQXq0mW7key9,Jessi,ZOOM,174.8,automatic,1,6j928wBZ_Bo,https://www.youtube.com/watch?v=6j928wBZ_Bo,Jessi (제시) - 'ZOOM' MV,Jessi,183.0,+8.2,✅ Auto-accepted confident match
7kgzRBNkBRArtTPkYjWLYT,14 Casper,bao tiền một mớ bình yên?,300.0,user_or_pattern_selected (no_confident_match),1,vVhKA9Av6vA,https://www.youtube.com/watch?v=vVhKA9Av6vA,'bao tiền một mớ bình yên?' - 14 Casper & Bon Nghiêm (Official) (Track 09 - Album 'SỐ KHÔNG'),14 Casper and Bon Nghiêm Official,300,+0.0s,"✅ Tự động chọn theo pattern của bạn (Kênh Chính thức / Topic / Label, lệch +0.0ss)"
0FOBJ5PbwOe5XBY9y0bnhi,B.I,BTBT,219.5,user_or_pattern_selected (ambiguous),5,QdUb1scg-fE,https://www.youtube.com/watch?v=QdUb1scg-fE,B.I X Soulja Boy - BTBT (Lyrics) ft. DeVita,Dawn of Music,221,+1.5s,"✅ Tự động chọn theo pattern của bạn (Audio / Lyrics khớp sát thời lượng, lệch +1.5ss)"
0x4cMbCLC6L7aJQs3EiPaZ,BTS,Look Here,218.9,user_or_pattern_selected (ambiguous),1,2c-4g9GDrjk,https://www.youtube.com/watch?v=2c-4g9GDrjk,BTS - Look Here (방탄소년단 - 여기 봐) [Color Coded Lyrics/Han/Rom/Eng/가사],Lemoring,219,+0.1s,"✅ Tự động chọn theo pattern của bạn (Audio / Lyrics khớp sát thời lượng, lệch +0.1ss)"
5Fx8zxEEaPMkwzM00JFr3N,Orange,"Tự Sự - Original Soundtrack from ""Qua Bển Làm Chi""",257.0,user_or_pattern_selected (no_confident_match),1,C4QhZvTqhnI,https://www.youtube.com/watch?v=C4QhZvTqhnI,Orange - Tự Sự ft. Thuận Nguyễn (Prod. by Châu Văn) l Qua Bển Làm Chi OST,Orange Singer Official,261,+4.0s,"✅ Tự động chọn theo pattern của bạn (Kênh Chính thức / Topic / Label, lệch +4.0ss)"
3NPWH2UbMjch2vnS7qMFGM,11:11 Music Group,Past Lives,134.6,automatic,1,QcUwYwLx2Xw,https://www.youtube.com/watch?v=QcUwYwLx2Xw,Past Lives,Martin Arteta - Topic,135.0,+0.4,✅ Auto-accepted confident match
41aMYNen9G7uUbqLfV65cF,Rapital,Tay To,165.0,automatic,1,IDNotlBgP00,https://www.youtube.com/watch?v=IDNotlBgP00,TAY TO,Release - Topic,165.0,+0.0,✅ Auto-accepted confident match
1J12HjUuXfJnaUdubTEzSR,HIEUTHUHAI,Nghe Như Tình Yêu,193.0,automatic,1,llf_L0i9OdA,https://www.youtube.com/watch?v=llf_L0i9OdA,HIEUTHUHAI - Nghe Như Tình Yêu (prod. by Kewtiie)  [Official Lyric Video],HIEUTHUHAI,194.0,+1.0,✅ Auto-accepted confident match
7hzVxbVA6Y5t9YDzpSgdRS,ERIK,Chạy Về Khóc Với Anh,223.7,user_or_pattern_selected (no_confident_match),1,EBpp2VTSI2Q,https://www.youtube.com/watch?v=EBpp2VTSI2Q,ERIK - yêu đương khó quá thì CHẠY VỀ KHÓC VỚI ANH | Official Music Video,ERIK Official,226,+2.3s,"✅ Tự động chọn theo pattern của bạn (Kênh Chính thức / Topic / Label, lệch +2.3ss)"
3DyHgXBOxAsKyy0diFTSOS,Khoi Vu,Not About Love,202.1,automatic,1,T5SpBJDIwjM,https://www.youtube.com/watch?v=T5SpBJDIwjM,Hông về tình iu (Not About Love) - Khoi Vu (Official Lyrics Video),Khoi Vu Official,197.0,-5.1,✅ Auto-accepted confident match
2oEi9mqbQFJSuS2Wny7bfp,Tiên Tiên,Say You Do,220.3,automatic,1,NJgXWBqSgPE,https://www.youtube.com/watch?v=NJgXWBqSgPE,OFFICIAL MV - SAY YOU DO - TIÊN TIÊN,Tiên Tiên,257.0,+36.7,✅ Auto-accepted confident match
2c0QMztYu6PCfFrGLqHXIV,Phí Phương Anh,Răng Khôn,231.6,automatic,1,Orv_t0KgEB8,https://www.youtube.com/watch?v=Orv_t0KgEB8,PHÍ PHƯƠNG ANH ft. RIN9 | Răng Khôn | Official Music Video,PHÍ PHƯƠNG ANH Official,265.0,+33.4,✅ Auto-accepted confident match
73fFRs03s0gtjggfMW213L,TRANG,Ngã Tư Không Đèn,218.2,automatic,1,gq5rusq-u2s,https://www.youtube.com/watch?v=gq5rusq-u2s,TRANG x KHOA VŨ - 'Ngã Tư Không Đèn' (OFFICIAL MUSIC VIDEO),Nhạc của Trang,222.0,+3.8,✅ Auto-accepted confident match
0xzI1KAr0Yd9tv8jlIk3sn,benny blanco,Bad Decisions,172.7,automatic,1,NhtmmcVyRMg,https://www.youtube.com/watch?v=NhtmmcVyRMg,"benny blanco, BTS & Snoop Dogg - Bad Decisions (Official Visualizer)",benny blanco,173.0,+0.3,✅ Auto-accepted confident match
2isSdmQfVv32j2haL6hk9x,BTS,Intro : Persona,171.0,automatic,1,FSR3SlPLZmQ,https://www.youtube.com/watch?v=FSR3SlPLZmQ,Intro : Persona,Music Nation Entertainment,172.0,+1.0,✅ Auto-accepted confident match
5iZHnufFUgATzrpGgH1K0W,T.R.I,Ánh Sao Và Bầu Trời,260.6,automatic,1,Q1Ge8RTgPD8,https://www.youtube.com/watch?v=Q1Ge8RTgPD8,Ánh sao và bầu trời,Release - Topic,248.0,-12.6,✅ Auto-accepted confident match
1Wwh6gmMeolwzbRzfZMY5b,BLACKPINK,Ready For Love,184.7,automatic,1,-Wduzor_Y1Q,https://www.youtube.com/watch?v=-Wduzor_Y1Q,BLACKPINK - ‘Ready For Love’ (Official Audio),BLACKPINK,185.0,+0.3,✅ Auto-accepted confident match
5mG5cQE6SEYxnGCX3I09IC,Miu Lê,Vì Mẹ Anh Bắt Chia Tay,262.0,user_or_pattern_selected (no_confident_match),1,S7ElVoYZN0g,https://www.youtube.com/watch?v=S7ElVoYZN0g,VÌ MẸ ANH BẮT CHIA TAY | MIU LÊ x KARIK x CHÂU ĐĂNG KHOA | Official MV,Miu Lê Official,270,+8.0s,"✅ Tự động chọn theo pattern của bạn (Kênh Chính thức / Topic / Label, lệch +8.0ss)"
3CqtQwaoQTdgDWLHyv7Twr,Phuc Du,đứa nào làm em buồn?,252.5,user_or_pattern_selected (no_confident_match),2,XSO42WZfdN8,https://www.youtube.com/watch?v=XSO42WZfdN8,Lyric Video | đứa nào làm em buồn? - Phúc Du ft. Hoàng Dũng,PHÚC DU,258,+5.5s,"✅ Tự động chọn theo pattern của bạn (Kênh Chính thức / Topic / Label, lệch +5.5ss)"
04bm7NsIhRfTlLGDoKMEw8,Trúc Nhân,Có Không Giữ Mất Đừng Tìm,215.9,automatic,1,e-1JJNmb-3o,https://www.youtube.com/watch?v=e-1JJNmb-3o,CÓ KHÔNG GIỮ MẤT ĐỪNG TÌM (Lyric Video) | TRÚC NHÂN,Trúc Nhân,224.0,+8.1,✅ Auto-accepted confident match
5KYv3kORBKUmVEoqbRRWxt,Bảo Anh,Từng Là Của Nhau,269.5,automatic,1,yIuM9aFTBFs,https://www.youtube.com/watch?v=yIuM9aFTBFs,Bảo Anh - Từng Là Của Nhau (Official Lyric Video),Bảo Anh,260.0,-9.5,✅ Auto-accepted confident match
3DLtPObflLQBodZN8qGODT,JustaTee,2AM,258.3,automatic,1,XGrvLJG8tuM,https://www.youtube.com/watch?v=XGrvLJG8tuM,2AM - JustaTee  feat Big Daddy Official Audio,JustaTeeMusic,268.0,+9.7,✅ Auto-accepted confident match
3pgwxYRPbYIC6C1J2FPge8,Đen,Diễn viên tồi,349.8,automatic,1,7ICKkagL3xA,https://www.youtube.com/watch?v=7ICKkagL3xA,"Đen - Diễn viên tồi ft. Thành Bùi, Cadillac (M/V)",Đen Vâu Official,372.0,+22.2,✅ Auto-accepted confident match
05X3a0YGmS1rbH50aL8lGF,Văn Mai Hương,Một Ngàn Nỗi Đau,321.9,automatic,1,5YKR3ueeI9o,https://www.youtube.com/watch?v=5YKR3ueeI9o,VĂN MAI HƯƠNG - MỘT NGÀN NỖI ĐAU (Official Lyrics Video),VĂN MAI HƯƠNG OFFICIAL,322.0,+0.1,✅ Auto-accepted confident match
6hLEsk1t37XKNwtTQ3iI1b,Wren Evans,Cơn Đau,219.1,automatic,1,SGtYOC15s0w,https://www.youtube.com/watch?v=SGtYOC15s0w,WREN EVANS - CƠN ĐAU (OFFICIAL MUSIC VIDEO),Wren Evans Official,260.0,+40.9,✅ Auto-accepted confident match
5BTzf3doGTigDIYUFtbkI9,Emcee L (Da LAB),Sinh Ra Đã Là Thứ Đối Lập Nhau,234.2,automatic,1,redFrGBZoJY,https://www.youtube.com/watch?v=redFrGBZoJY,Sinh Ra Đã Là Thứ Đối Lập Nhau - Emcee L (Da LAB) ft. Badbies (Official MV),Da LAB Official and Emcee L Official,248.0,+13.8,✅ Auto-accepted confident match
5i17rzCuZfYVzoP441PXGu,Tóc Tiên,1 Cọng Tóc Mai,197.1,automatic,1,cIoJHVXIwlM,https://www.youtube.com/watch?v=cIoJHVXIwlM,1 Cọng Tóc Mai (feat. Touliver),Tóc Tiên,203.0,+5.9,✅ Auto-accepted confident match
3j9BMKKE8DpDSBXVI0IdfA,Vũ.,Nhường Lại Em,214.3,automatic,1,mMljgrcqdB4,https://www.youtube.com/watch?v=mMljgrcqdB4,NHƯỜNG LẠI EM - Vũ. (Feat. Phúc Du) / Official Audio,Vũ Official,215.0,+0.7,✅ Auto-accepted confident match
39TAKt2hL8sdhVTFCNfm2Y,TIA,Ai Đưa Em Về,233.2,automatic,1,apqe_u3VJQ4,https://www.youtube.com/watch?v=apqe_u3VJQ4,TIA - Ai Đưa Em Về | Official M/V | Ft. Lê Thiện Hiếu (Low Cortisol Song),TIA,264.0,+30.8,✅ Auto-accepted confident match
7lZ07tAiDnmUE7cKw0jfSZ,The Sheep,Người Ta Thành Đôi Hết Rồi,164.6,user_or_pattern_selected (no_confident_match),1,rR1_UqABjyE,https://www.youtube.com/watch?v=rR1_UqABjyE,THE SHEEP x T.R.I (ArtSpace) | Người Ta Thành Đôi Hết Rồi | ORIGINAL,THE SHEEP ORIGINAL,182,+17.4s,"✅ Tự động chọn theo pattern của bạn (MV Chính thức, lệch +17.4ss)"
2pm7K14nHj2fLrpU8j9bit,PC,10 Ngàn Năm,240.0,automatic,1,2-zSSzg8i3Y,https://www.youtube.com/watch?v=2-zSSzg8i3Y,PC - 10 Ngàn Năm ( Prod. Duckie ) [Official Audio],PC FeelingSoundz,240.0,+0.0,✅ Auto-accepted confident match
4inMQ83GNpQ2OHDredH5hW,Lyly,24h,257.0,automatic,1,IpniN1Wq68Y,https://www.youtube.com/watch?v=IpniN1Wq68Y,24H | OFFICIAL MUSIC VIDEO |  LYLY ft MAGAZINE,LyLy Official ,259.0,+2.0,✅ Auto-accepted confident match
5p8ThxM2OhJ0igfxkz0Z1q,RM,Wild Flower,273.5,automatic,1,u18be_kRmC0,https://www.youtube.com/watch?v=u18be_kRmC0,RM 'Wild Flower (with youjeen)' Official MV,HYBE LABELS,289.0,+15.5,✅ Auto-accepted confident match
5J90ah0ppUSev1uahqQiN6,Andiez,Anh Đánh Rơi Người Yêu Này,217.7,automatic,1,I3RICWXA_3U,https://www.youtube.com/watch?v=I3RICWXA_3U,Anh Đánh Rơi Người Yêu Này - Andiez ft. AMEE | OST #TTVKOBE,Andiez Official,218.0,+0.3,✅ Auto-accepted confident match
3wUp8eCTshIrJcYbjWaoyP,Phương Ly,ThichThich,241.9,automatic,1,_grKDCKz8mw,https://www.youtube.com/watch?v=_grKDCKz8mw,THICHTHICH (ngốc nghếch version) - PHƯƠNG LY,Phuong Ly Official,203.0,-38.9,✅ Auto-accepted confident match
08MFgEQeVLF37EyZ7jcwLc,Zack Tabudlo,Pano,254.4,automatic,1,R3h6v2zOV9Q,https://www.youtube.com/watch?v=R3h6v2zOV9Q,Zack Tabudlo - Pano (Official Vietnamese Lyric Video),Zack Tabudlo,264.0,+9.6,✅ Auto-accepted confident match
5jQI2r1RdgtuT8S3iG8zFC,Taylor Swift,Lavender Haze,202.4,automatic,1,mkR_Qwix4Ho,https://www.youtube.com/watch?v=mkR_Qwix4Ho,Taylor Swift - Lavender Haze (Official Lyric Video),Taylor Swift,207.0,+4.6,✅ Auto-accepted confident match
5AmBIWCnsLscPSYsfCApBy,RM,Closer,196.5,automatic,1,mJcjXjYWI6E,https://www.youtube.com/watch?v=mJcjXjYWI6E,"Closer (with Paul Blanco, Mahalia)",RM - Topic,197.0,+0.5,✅ Auto-accepted confident match
0L8LOav65XwLjCLS11gNPD,BLACKPINK,Typa Girl,179.2,automatic,1,UhxW9Njqqu0,https://www.youtube.com/watch?v=UhxW9Njqqu0,BLACKPINK - ‘Typa Girl’ (Official Audio),BLACKPINK,180.0,+0.8,✅ Auto-accepted confident match
2pYFHEy0xp48Le5Bfw5vcX,Karik,Có Chơi Có Chịu,223.9,user_or_pattern_selected (ambiguous),2,IV9UkVDS71E,https://www.youtube.com/watch?v=IV9UkVDS71E,KARIK - CÓ CHƠI CÓ CHỊU (FT. ONLYC) | Official Visualizer,KARIK,222,-1.9s,"✅ Tự động chọn theo pattern của bạn (Kênh Chính thức / Topic / Label, lệch -1.9ss)"
1xwAWUI6Dj0WGC3KiUPN0O,Taylor Swift,Vigilante Shit,164.8,automatic,1,Uoey4W_3bos,https://www.youtube.com/watch?v=Uoey4W_3bos,Taylor Swift - Vigilante Shit (Official Lyric Video),Taylor Swift,170.0,+5.2,✅ Auto-accepted confident match
0ibp5h8QATkvC6P5cO5TUV,VSTRA,PHONG,212.0,automatic,1,50GgtdTIHJk,https://www.youtube.com/watch?v=50GgtdTIHJk,VSTRA - PHONG (ft. TGSN & Tyronee) | Official Lyric Video (Explicit),VSTRA,212.0,+0.0,✅ Auto-accepted confident match
7MObIQOs5ESkbcihA9dcsz,Madihu,Có Khi,259.3,automatic,1,bcvIN_KA1RI,https://www.youtube.com/watch?v=bcvIN_KA1RI,Madihu - Có Khi (Solo Version),Madihu,260.0,+0.7,✅ Auto-accepted confident match
28ncfVOBRp3HGweSZ6Wb8C,Đen,Đưa Nhau Đi Trốn - Chill Version,242.0,user_or_pattern_selected (ambiguous),1,GQJURR080sM,https://www.youtube.com/watch?v=GQJURR080sM,Đen - Đưa Nhau Đi Trốn ft. Linh Cáo (Chill Version),Đen Vâu Official,242,+0.0s,"✅ Tự động chọn theo pattern của bạn (Kênh Chính thức / Topic / Label, lệch +0.0ss)"
6TBJkXHPhu3EsMk1bshwuI,LEEHI,ONLY,240.9,user_or_pattern_selected (ambiguous),2,KlxdWb2bcSA,https://www.youtube.com/watch?v=KlxdWb2bcSA,LeeHi - ONLY (Lyrics),Cakes & Eclairs,240,-0.9s,"✅ Tự động chọn theo pattern của bạn (Audio / Lyrics khớp sát thời lượng, lệch -0.9ss)"
0HH3DAz5feqJmDA50yQ52M,Tóc Tiên,906090,208.8,automatic,1,aj6K3gv43fs,https://www.youtube.com/watch?v=aj6K3gv43fs,906090,Tóc Tiên,209.0,+0.2,✅ Auto-accepted confident match
3hxfMsWQOcS2o68G62SpuU,Hà Nhi,Chưa Quên Người Yêu Cũ,302.5,user_or_pattern_selected (no_confident_match),2,8Q4_O4A2Ux4,https://www.youtube.com/watch?v=8Q4_O4A2Ux4,CHƯA QUÊN NGƯỜI YÊU CŨ | HÀ NHI X HỨA KIM TUYỀN | OFFICIAL MUSIC VIDEO,Hà Nhi Official,303,+0.5s,"✅ Tự động chọn theo pattern của bạn (Kênh Chính thức / Topic / Label, lệch +0.5ss)"
67Cxa088HT5J5OJ0SWB6Ip,Bùi Anh Tuấn,Buông,233.2,user_or_pattern_selected (no_confident_match),1,6ynkwAe7oyU,https://www.youtube.com/watch?v=6ynkwAe7oyU,Buông ‣ Bùi Anh Tuấn [Lyric Video][#D],A-Ielts,230,-3.2s,"✅ Tự động chọn theo pattern của bạn (Audio / Lyrics khớp sát thời lượng, lệch -3.2ss)"
2klsSb2iTfgDh95Ak9uWY2,tlinh,Gái Độc Thân,185.2,user_or_pattern_selected (ambiguous),5,AXqTWnvRjGo,https://www.youtube.com/watch?v=AXqTWnvRjGo,Gái độc thân - tlinh (Audio),Vịt.,184.0,-1.2,✅ Đã tự động tìm & thay thế Audio/MV chuẩn do 5 candidate gốc bị lỗi/lệch (Lệch 1.2s)
7h2zqUH4bYyknNUxsYnS5V,PhucXp,Như Anh Đã Thấy Em,302.0,user_or_pattern_selected (no_confident_match),5,oHgwp8M_7xA,https://www.youtube.com/watch?v=oHgwp8M_7xA,Nhu Anh Da Thay Em (CTTDE 2) - PhucXp | Lyrics Video,PHUCXP,302.0,+0.0,✅ Đã tự động tìm & thay thế Audio/MV chuẩn do 5 candidate gốc bị lỗi/lệch (Lệch 0.0s)
3a2Oftcs10wtzw6AmxuTMU,Olew,Rồi Ta Sẽ Ngắm Pháo Hoa Cùng Nhau,278.7,user_or_pattern_selected (ambiguous),1,sQlQpKpQOpc,https://www.youtube.com/watch?v=sQlQpKpQOpc,RỒI TA SẼ NGẮM PHÁO HOA CÙNG NHAU - OLEW (MV OFFICIAL),Olew Ơi,283,+4.3s,"✅ Tự động chọn theo pattern của bạn (Kênh Chính thức / Topic / Label, lệch +4.3ss)"
5hkAuvgkOrd4KpDOlCNsvW,MONO,Waiting For You,265.6,automatic,1,CHw1b_1LVBA,https://www.youtube.com/watch?v=CHw1b_1LVBA,MONO - Waiting For You (Album 22 - Track No.10),Mono Official,266.0,+0.4,✅ Auto-accepted confident match
27fqy8VruqYZlKiK1qfwEd,tlinh,ghệ iu dấu của em ơi,206.0,automatic,1,qeirSHIiErc,https://www.youtube.com/watch?v=qeirSHIiErc,"tlinh - ghệ iu dấu của em ơi (feat. 2pillz, wokeup) | OFFICIAL MUSIC VIDEO",tlinh,206.0,+0.0,✅ Auto-accepted confident match
5wxYxygyHpbgv0EXZuqb9V,j-hope,on the street,214.7,automatic,1,H0G1ta9qZfs,https://www.youtube.com/watch?v=H0G1ta9qZfs,on the street (with J. Cole),j-hope - Topic,215.0,+0.3,✅ Auto-accepted confident match
1dUmmBh2nw8XzEI3au0uFs,Thịnh Suy,Chết Trong Em,256.7,automatic,1,KJ8pMCWxBDo,https://www.youtube.com/watch?v=KJ8pMCWxBDo,Thịnh Suy - Chết Trong Em (Official Music Video),Thịnh Suy,267.0,+10.3,✅ Auto-accepted confident match
5ECHJ1llWBNYLVCYrllD3x,Da LAB,Chạy Khỏi Thế Giới Này,255.4,automatic,1,hYYMF3VtOjE,https://www.youtube.com/watch?v=hYYMF3VtOjE,Chạy Khỏi Thế Giới Này - Da LAB ft. Phương Ly (Official Music Video),Da LAB Official,284.0,+28.6,✅ Auto-accepted confident match
7bFFUPBiF15n8m8RziqS4o,GREY D,dự báo thời tiết hôm nay mưa,281.5,automatic,1,i7ZyZHIY2Jw,https://www.youtube.com/watch?v=i7ZyZHIY2Jw,dự báo thời tiết hôm nay mưa,GREY D,282.0,+0.5,✅ Auto-accepted confident match
7kpNUrBDYDoX6QKGzrBD1R,RPT MCK,Thôi Em Đừng Đi,173.4,user_or_pattern_selected (no_confident_match),1,6fzH7a3XQW0,https://www.youtube.com/watch?v=6fzH7a3XQW0,"07. Thôi Em Đừng Đi - RPT MCK ( ft. Trung Trần ) | "" 99% "" the album",MCK // Nger,174,+0.6s,"✅ Tự động chọn theo pattern của bạn (Kênh Chính thức / Topic / Label, lệch +0.6ss)"
1izPmgSW7FV6XFdEOiTvOY,Changg,Em Không Hiểu,237.4,automatic,1,RaKifsK2cOc,https://www.youtube.com/watch?v=RaKifsK2cOc,Changg | Em Không Hiểu | Official Video (ft Minh Huy),Fillinus Entertainment,254.0,+16.6,✅ Auto-accepted confident match
2X2mIfNW5ZtLmVgpm9rgUX,RPT MCK,Show Me Love,154.9,user_or_pattern_selected (ambiguous),1,IVr1d084nLg,https://www.youtube.com/watch?v=IVr1d084nLg,"10. Show Me Love - RPT MCK | "" 99% "" the album",MCK // Nger,155,+0.1s,"✅ Tự động chọn theo pattern của bạn (Kênh Chính thức / Topic / Label, lệch +0.1ss)"
7HpIBZAsjJq5nW9S8ti7Fi,Maléna,Cheri Cheri Lady,143.2,automatic,1,yxSs48QS_7E,https://www.youtube.com/watch?v=yxSs48QS_7E,Maléna - Cheri Cheri Lady (by Modern Talking),Maléna,141.0,-2.2,✅ Auto-accepted confident match
38rjRVqEHSlDRrDWDvjkqW,Vũ.,Bước Qua Nhau,257.6,user_or_pattern_selected (ambiguous),2,Vdm6i1m4tDE,https://www.youtube.com/watch?v=Vdm6i1m4tDE,Bước Qua Nhau (Walking Past Each Other) / Vũ. (Live Session on Cát Linh - Hà Đông),Vũ Official,303,+45.4s,"✅ Tự động chọn theo pattern của bạn (Candidate tốt nhất trong nhóm, lệch +45.4ss)"
6A1IbMKwjvXibcrU1sdqKH,MONO,Em Là,197.3,automatic,1,sRUoOA21ZFI,https://www.youtube.com/watch?v=sRUoOA21ZFI,MONO - Em Là (Album 22 - Track No.03),Mono Official,198.0,+0.7,✅ Auto-accepted confident match
0V0dOlfZ3tuZwHnL2eZ9Al,Bích Phương,Ngày Xuân Long Phụng Sum Vầy,230.3,automatic,1,jzEvgbipfKk,https://www.youtube.com/watch?v=jzEvgbipfKk,BÍCH PHƯƠNG - Ngày Xuân Long Phụng Sum Vầy (Official Audio),BÍCH PHƯƠNG,234.0,+3.7,✅ Auto-accepted confident match
3xlhYIhZ7heAvohmw3uyfd,RPT MCK,00,33.9,user_or_pattern_selected (no_confident_match),3,sYSvC8tOgKE,https://www.youtube.com/watch?v=sYSvC8tOgKE,"01. 00 (Intro) - RPT MCK | ""99%"" the album",MCK // Nger,34,+0.1s,"✅ Tự động chọn theo pattern của bạn (Kênh Chính thức / Topic / Label, lệch +0.1ss)"
4z623zW86trE9SxAtIf0Gm,MIN,Hôn Anh,234.1,automatic,1,7c39lfT6Sr0,https://www.youtube.com/watch?v=7c39lfT6Sr0,MIN - HÔN ANH | OFFICIAL MUSIC VIDEO (민),MIN OFFICIAL,250.0,+15.9,✅ Auto-accepted confident match
37vIqMH3XV6ZbObcKE9GXC,Hngle,Cô Đơn,224.6,user_or_pattern_selected (no_confident_match),1,rYfqinlgszc,https://www.youtube.com/watch?v=rYfqinlgszc,Cô Đơn - Hngle x @eneohiiiii  x Ari (prod.DQ x NemTran),HNGLE / hưng lê,231,+6.4s,"✅ Tự động chọn theo pattern của bạn (Kênh Chính thức / Topic / Label, lệch +6.4ss)"
1dS4l6xmdgEhCZTAhdOm4N,BTS,Serendipity - Full Length Edition,276.7,automatic,1,gSsCZJM6OG0,https://www.youtube.com/watch?v=gSsCZJM6OG0,Serendipity (Full Length Edition),BANGTANTV,277.0,+0.3,✅ Auto-accepted confident match
0hiQvlWSSTr7n1kc1X2Lus,HIEUTHUHAI,Bật Nhạc Lên,200.0,user_or_pattern_selected (ambiguous),1,O2ZfBvJAt94,https://www.youtube.com/watch?v=O2ZfBvJAt94,HIEUTHUHAI - Bật Nhạc Lên ft. Harmonie (prod. by NEMYA),GERDNANG,200,+0.0s,"✅ Tự động chọn theo pattern của bạn (Kênh Chính thức / Topic / Label, lệch +0.0ss)"
4EaQ0ouIydfeAgQUz284EF,Agust D,"People, Pt. 2",214.0,user_or_pattern_selected (ambiguous),2,h0f2CJw08Nw,https://www.youtube.com/watch?v=h0f2CJw08Nw,Agust D 'People Pt.2 (Feat. IU)' Lyrics (Agust D 아이유 사람 Pt.2 가사) (Color Coded Lyrics),Jaeguchi,214,+0.0s,"✅ Tự động chọn theo pattern của bạn (Audio / Lyrics khớp sát thời lượng, lệch +0.0ss)"
69CrOS7vEHIrhC2ILyEi0s,JISOO,FLOWER,173.1,user_or_pattern_selected (ambiguous),2,4XZz3WXRw0A,https://www.youtube.com/watch?v=4XZz3WXRw0A,JISOO - ‘꽃(FLOWER)’ DANCE PERFORMANCE VIDEO,BLACKPINK,181,+7.9s,"✅ Tự động chọn theo pattern của bạn (Kênh Chính thức / Topic / Label, lệch +7.9ss)"
4bjN59DRXFRxBE1g5ne6B1,Agust D,Haegeum,168.9,user_or_pattern_selected (no_confident_match),5,FdfP-oBi3rI,https://www.youtube.com/watch?v=FdfP-oBi3rI,Agust D / SUGA - 해금 (Haegeum) [Audio],BLISIT_OFFICIAL,169.0,+0.1,✅ Đã tự động tìm & thay thế Audio/MV chuẩn do 5 candidate gốc bị lỗi/lệch (Lệch 0.1s)
34o6gteNy2T5rieA0xYAgo,Colde,Don't ever say love me,214.9,user_or_pattern_selected (ambiguous),1,1fHEnbSP48U,https://www.youtube.com/watch?v=1fHEnbSP48U,Colde 콜드 - 다시는 사랑한다 말하지 마 Don’t ever say love me (Feat. RM of BTS),콜드 Colde,230,+15.1s,"✅ Tự động chọn theo pattern của bạn (Kênh Chính thức / Topic / Label, lệch +15.1ss)"
6HGOxrNik4iPurqStawTFQ,Sơn Tùng M-TP,MAKING MY WAY,258.0,user_or_pattern_selected (no_confident_match),1,niPkap1ozUA,https://www.youtube.com/watch?v=niPkap1ozUA,SON TUNG M-TP | MAKING MY WAY | OFFICIAL VISUALIZER,Sơn Tùng M-TP Official,258,+0.0s,"✅ Tự động chọn theo pattern của bạn (Kênh Chính thức / Topic / Label, lệch +0.0ss)"
2LhXE2daNpLVv9LYXvYm8F,Phạm Lịch,Là Anh,212.4,automatic,1,Yd5FT7RaAM4,https://www.youtube.com/watch?v=Yd5FT7RaAM4,Là Anh - Phạm Lịch [ Official Lyrics Video],PHẠM LỊCH ,212.0,-0.4,✅ Auto-accepted confident match
7gv3UYPh05ZDP7Io5BIsn7,Agust D,Life Goes On,197.6,automatic,1,mzWnW1V9EMc,https://www.youtube.com/watch?v=mzWnW1V9EMc,Life Goes On,Agust D - Topic,198.0,+0.4,✅ Auto-accepted confident match
65aTHDZWUdh6WIafu9MtNF,HIEUTHUHAI,ngủ một mình (tình rất tình),192.0,automatic,1,1OJQdxT6WHE,https://www.youtube.com/watch?v=1OJQdxT6WHE,hieuthuhai - ngủ một mình (tình rất tình) ft. negav (prod. by kewtiie),HIEUTHUHAI,206.0,+14.0,✅ Auto-accepted confident match
28bxbqNcAuNxYDZYet6eZ7,RPT MCK,Chỉ Một Đêm Nữa Thôi,141.8,user_or_pattern_selected (no_confident_match),1,5WkwBKu1le0,https://www.youtube.com/watch?v=5WkwBKu1le0,"06. Chỉ Một Đêm Nữa Thôi - RPT MCK ( ft. tlinh ) | "" 99% "" the album",MCK // Nger,142,+0.2s,"✅ Tự động chọn theo pattern của bạn (Kênh Chính thức / Topic / Label, lệch +0.2ss)"
70hEVaGwwat644nPWkhKNW,Phuc Du,yêu anh đi mẹ anh bán bánh mì,252.9,user_or_pattern_selected (ambiguous),1,-7sISWuTdj0,https://www.youtube.com/watch?v=-7sISWuTdj0,PHÚC DU - yêu anh đi mẹ anh bán bánh mì (MV OFFICIAL),PHÚC DU,264,+11.1s,"✅ Tự động chọn theo pattern của bạn (Kênh Chính thức / Topic / Label, lệch +11.1ss)"
78lw4wahFNotXb0mOEtPkM,WEAN,BADBYE,203.0,automatic,1,yhWCh5IVE04,https://www.youtube.com/watch?v=yhWCh5IVE04,WEAN - badbye (Official Lyrics Video),WEAN,213.0,+10.0,✅ Auto-accepted confident match
2g68ePl7VMltuOiuSTAz7I,RAP VIỆT,Để Anh Một Mình,192.0,automatic,1,TC5c2ulmulQ,https://www.youtube.com/watch?v=TC5c2ulmulQ,Để Anh Một Mình (feat. Quang Anh Rhyder),RAP VIỆT - Topic,192.0,+0.0,✅ Auto-accepted confident match
27Z9T0mSWHYWSj9SNOGvyt,JustaTee,Thằng Điên,234.0,user_or_pattern_selected (no_confident_match),5,O6Fg4opdarA,https://www.youtube.com/watch?v=O6Fg4opdarA,Thằng Điên - Justatee x Phương Ly - Audio,Timo Music,236.0,+2.0,✅ Đã tự động tìm & thay thế Audio/MV chuẩn do 5 candidate gốc bị lỗi/lệch (Lệch 2.0s)
0DtarPcErIh4skfFtxzomo,Tama,Ngày Em Đẹp Nhất,303.0,automatic,1,9vl4NdT2bnA,https://www.youtube.com/watch?v=9vl4NdT2bnA,NGÀY EM ĐẸP NHẤT - TAMA (Official Music Video),TAMA,307.0,+4.0,✅ Auto-accepted confident match
7IezwtVIJIPC36LpKMR9d7,Connor Price,Violet,122.9,automatic,1,GcvSJudQbVs,https://www.youtube.com/watch?v=GcvSJudQbVs,Connor Price - Violet (feat. Killa) [Official Audio],Connor Price,124.0,+1.1,✅ Auto-accepted confident match
7gRFDGEzF9UkBV233yv2dc,BLACKPINK,Shut Down,175.9,automatic,1,POe9SOEKotk,https://www.youtube.com/watch?v=POe9SOEKotk,BLACKPINK - ‘Shut Down’ M/V,BLACKPINK,181.0,+5.1,✅ Auto-accepted confident match
6IPNp9PfaEqrzotY47TIWy,DJ Snake,SG,225.6,automatic,1,tJXPfNDVF4I,https://www.youtube.com/watch?v=tJXPfNDVF4I,"DJ Snake, Ozuna, Megan Thee Stallion, LISA of BLACKPINK - SG (Official Music Video)",DJ Snake,242.0,+16.4,✅ Auto-accepted confident match
6AQbmUe0Qwf5PZnt4HmTXv,PinkPantheress,Boy's a liar Pt. 2,131.0,automatic,1,oftolPu9qp4,https://www.youtube.com/watch?v=oftolPu9qp4,"PinkPantheress, Ice Spice - Boy’s a liar Pt. 2 (Official Video)",Pinkpantheress,136.0,+5.0,✅ Auto-accepted confident match
4TMdpMJNQdcawl8JjZEwLk,Lãng,Nụ hôn Bisou,156.8,automatic,1,cjR-BWQzxNs,https://www.youtube.com/watch?v=cjR-BWQzxNs,Nụ hôn Bisou,Lãng,157.0,+0.2,✅ Auto-accepted confident match
6HpkHTTwfVmSoopeloHqOp,RAP VIỆT,Anh Là Ai?,223.8,automatic,1,V_5w-dt3bko,https://www.youtube.com/watch?v=V_5w-dt3bko,"Anh Là Ai? (feat. DT Tập Rap, Dick, Umie)",RAP VIỆT - Topic,224.0,+0.2,✅ Auto-accepted confident match
5IAESfJjmOYu7cHyX557kz,BTS,Take Two,230.0,automatic,1,lwAHfOhOONw,https://www.youtube.com/watch?v=lwAHfOhOONw,Take Two,BANGTANTV,230.0,+0.0,✅ Auto-accepted confident match
2QUU1AtY5fndKDNbr17EFk,tlinh,người điên,147.5,user_or_pattern_selected (no_confident_match),1,doN4GrGoVpA,https://www.youtube.com/watch?v=doN4GrGoVpA,tlinh - người điên | OFFICIAL VISUALIZER,tlinh,148,+0.5s,"✅ Tự động chọn theo pattern của bạn (Kênh Chính thức / Topic / Label, lệch +0.5ss)"
6IUEwlNgVnT5CYeBuq6DTH,RAP VIỆT,Anh Là Ai?,223.8,automatic,1,V_5w-dt3bko,https://www.youtube.com/watch?v=V_5w-dt3bko,"Anh Là Ai? (feat. DT Tập Rap, Dick, Umie)",RAP VIỆT - Topic,224.0,+0.2,✅ Auto-accepted confident match
486dVHo58R4EhBQjcYF2NX,RAP VIỆT,Khi Cơn Mơ Dần Phai,195.8,automatic,1,DtzQMT9WgRM,https://www.youtube.com/watch?v=DtzQMT9WgRM,"Khi Cơn Mơ Dần Phai (feat. Tez, Myra Trần)",RAP VIỆT - Topic,196.0,+0.2,✅ Auto-accepted confident match
7AD5F85waSb3yZxZxEXhJM,Tóc Tiên,Có Ai Thương Em Như Anh,231.5,automatic,1,neCmEbI2VWg,https://www.youtube.com/watch?v=neCmEbI2VWg,Tóc Tiên - CÓ AI THƯƠNG EM NHƯ ANH (#CATENA) ft. Touliver (Official MV),Tóc Tiên,270.0,+38.5,✅ Auto-accepted confident match
0gzpqwLf1jhNjnSJEyweAX,Kuun Đức Nam,Tình cờ yêu em,258.5,automatic,1,qFQ30NwYxDw,https://www.youtube.com/watch?v=qFQ30NwYxDw,TÌNH CỜ YÊU EM (thu Hà Nội version) | Kuun Đức Nam,Kuun Đức Nam,220.0,-38.5,✅ Auto-accepted confident match
3ukrFH17Zl6iEZ2QJ1Zwiy,RPT Orijinn,Don't Côi,148.9,user_or_pattern_selected (no_confident_match),1,1dlTWaiBZDw,https://www.youtube.com/watch?v=1dlTWaiBZDw,Don't Côi - RPT Orijinn x Ronboogz (Visualizer),RPT ORIJINN,147,-1.9s,"✅ Tự động chọn theo pattern của bạn (Kênh Chính thức / Topic / Label, lệch -1.9ss)"
0Qs29ApstkrU5T8S5Hxazw,BigDaddy,Ngõ Chạm,232.2,user_or_pattern_selected (no_confident_match),1,lkzhGTwzDjc,https://www.youtube.com/watch?v=lkzhGTwzDjc,NGÕ CHẠM - BIGDADDY x EMILY | OFFICIAL MUSIC VIDEO,BIGDADDY x EMILY,240,+7.8s,"✅ Tự động chọn theo pattern của bạn (Kênh Chính thức / Topic / Label, lệch +7.8ss)"
0x5BqH8iC2Y2lTMxAkNAna,RAP VIỆT,Từ Chối Hiểu,204.8,automatic,1,vFVoBA_jUms,https://www.youtube.com/watch?v=vFVoBA_jUms,Từ Chối Hiểu (feat. Quang Anh Rhyder),RAP VIỆT - Topic,205.0,+0.2,✅ Auto-accepted confident match
56v8WEnGzLByGsDAXDiv4d,NewJeans,ETA,151.4,user_or_pattern_selected (ambiguous),2,s4Ow55AbdCg,https://www.youtube.com/watch?v=s4Ow55AbdCg,NewJeans (뉴진스) 'ETA' Official MV (Performance ver.),HYBE LABELS,156,+4.6s,"✅ Tự động chọn theo pattern của bạn (Kênh Chính thức / Topic / Label, lệch +4.6ss)"
1mFpMoeZfkIqtqW2AfQ8ba,BLACKPINK,THE GIRLS - BLACKPINK THE GAME OST,162.0,user_or_pattern_selected (no_confident_match),1,cSqOY5nktfg,https://www.youtube.com/watch?v=cSqOY5nktfg,BLACKPINK THE GAME - ‘THE GIRLS’ MV,BLACKPINK,164,+2.0s,"✅ Tự động chọn theo pattern của bạn (Kênh Chính thức / Topic / Label, lệch +2.0ss)"
74ewFAgDzRkhZ7EX2eLtfZ,V,Winter Bear,174.8,automatic,1,1iK-ttRjV-E,https://www.youtube.com/watch?v=1iK-ttRjV-E,Winter Bear,V - Topic,175.0,+0.2,✅ Auto-accepted confident match
62SFLTN7txImu8pQwBMP6A,Tăng Duy Tân,Bật Tình Yêu Lên,203.8,automatic,1,KUx2Pod0KJ4,https://www.youtube.com/watch?v=KUx2Pod0KJ4,"TĂNG DUY TÂN x HÒA MINZY | ""BẬT TÌNH YÊU LÊN"" | MAKING MV",Tăng Duy Tân,213.0,+9.2,✅ Auto-accepted confident match
1UHkDovEFqHzHCPyNe0BTy,V,Scenery,294.3,automatic,1,xe2r_KG2XdA,https://www.youtube.com/watch?v=xe2r_KG2XdA,풍경,V - Topic,295.0,+0.7,✅ Auto-accepted confident match
1CbdvkjFxRkMNu3M2Cq1Hc,TEMPEST,DIVE,178.3,automatic,1,v7NTFIATXhc,https://www.youtube.com/watch?v=v7NTFIATXhc,TEMPEST (템페스트) 'DIVE' Official Audio,JXS_BP Official,179.0,+0.7,✅ Auto-accepted confident match
0BOFCIDygXWLtAD08nJDFV,Andree Right Hand,Nhạc Anh,168.6,user_or_pattern_selected (ambiguous),2,EzTVHzjK5gA,https://www.youtube.com/watch?v=EzTVHzjK5gA,Andree Right Hand - NHẠC ANH ft. Wxrdie [Live on Stage],Andree Right Hand,163,-5.6s,"✅ Tự động chọn theo pattern của bạn (Candidate tốt nhất trong nhóm, lệch -5.6ss)"
5cvW3PYJeQjRTnj9vHP5Va,MIN,Cà Phê,190.5,automatic,1,KikgDv-G9K0,https://www.youtube.com/watch?v=KikgDv-G9K0,MIN - CÀ PHÊ (OFFICIAL AUDIO),MIN OFFICIAL,191.0,+0.5,✅ Auto-accepted confident match
4kjA6oaloTf6ndyntyhZx8,RAP VIỆT,"Cậu Ấm, Cô Chén",201.6,automatic,1,BaezutYEiuY,https://www.youtube.com/watch?v=BaezutYEiuY,"Cậu Ấm, Cô Chén (feat. Quang Anh Rhyder, dubbie)",RAP VIỆT - Topic,202.0,+0.4,✅ Auto-accepted confident match
3J3nv18iIrOhca1ZWNeuyW,JustaTee,Đã Lỡ Yêu Em Nhiều,261.1,automatic,1,KhTCatAKVpk,https://www.youtube.com/watch?v=KhTCatAKVpk,JustaTee - Đã Lỡ Yêu Em Nhiều (Official MV),JustaTeeMusic,267.0,+5.9,✅ Auto-accepted confident match
7eDrdQ7PK9Xm1CZCKWsgmH,Vũ.,Anh Nhớ Ra,276.5,automatic,1,11XkLOIsLHI,https://www.youtube.com/watch?v=11XkLOIsLHI,ANH NHỚ RA (Reminisce) - Vũ. (Feat. Trang) / Official Audio,Vũ Official,277.0,+0.5,✅ Auto-accepted confident match
4exlWP8cokkWVCvyP3kg7c,tlinh,nếu lúc đó,263.8,automatic,1,fyMgBQioTLo,https://www.youtube.com/watch?v=fyMgBQioTLo,tlinh - nếu lúc đó (ft. 2pillz) | OFFICIAL MUSIC VIDEO,tlinh,325.0,+61.2,✅ Auto-accepted confident match
0fGJiHH6xSUJU1MAVjxq5m,Karik,Bạn Đời,306.5,automatic,1,h7cOOfpdEfk,https://www.youtube.com/watch?v=h7cOOfpdEfk,KARIK - BẠN ĐỜI (FT. GDUCKY) | OFFICIAL MUSIC VIDEO,KARIK,318.0,+11.5,✅ Auto-accepted confident match
6gcuJpHu0Ey30D5WR76y98,JENNIE,You & Me,179.2,automatic,1,3yILnlnIqyU,https://www.youtube.com/watch?v=3yILnlnIqyU,JENNIE - You & Me (Coachella ver.) (Official Audio),BLACKPINK,180.0,+0.8,✅ Auto-accepted confident match
3CyGK8BeJ5iCunpzvHyINs,B Ray,Anh Luôn Như Vậy,212.7,automatic,1,-fOpQGLxCTE,https://www.youtube.com/watch?v=-fOpQGLxCTE,B RAY - ANH LUÔN NHƯ VẬY (feat. cậu bảo) | OFFICIAL MV,EvB Records,215.0,+2.3,✅ Auto-accepted confident match
2doGmsaPLdot51o80juiYU,Obito,Đánh Đổi (ft. RPT MCK),227.0,automatic,1,vPz8ftK_4bk,https://www.youtube.com/watch?v=vPz8ftK_4bk,Obito - Đánh Đổi ft. MCK,Obito Official,227.0,+0.0,✅ Auto-accepted confident match
3ZbZtdEw9U0uZW4tZItIwq,RHYDER,Chịu Cách Mình Nói Thua,181.6,automatic,1,dm5-tn1Rug0,https://www.youtube.com/watch?v=dm5-tn1Rug0,RHYDER - CHỊU CÁCH MÌNH NÓI THUA | ft. BAN x COOLKID | OFFICIAL MUSIC VIDEO,RHYDER OFFICIAL,193.0,+11.4,✅ Auto-accepted confident match
6KgZf5gZgF1KLNxq1qZgHP,Phương Ly,Anh Là Ngoại Lệ Của Em,188.1,user_or_pattern_selected (ambiguous),2,OLPTtUjHE64,https://www.youtube.com/watch?v=OLPTtUjHE64,Kara Lyrics | Anh Là Ngoại Lệ Của Em - Phương Ly | Lyrics Video,Vietsub Mỗi Ngày,186,-2.1s,"✅ Tự động chọn theo pattern của bạn (Audio / Lyrics khớp sát thời lượng, lệch -2.1ss)"
0SLhB9JLM4Ksz1XdwK3aQD,Obito,Hà Nội (ft. VSTRA),165.6,automatic,1,OerAX-zKyvg,https://www.youtube.com/watch?v=OerAX-zKyvg,Obito - Hà Nội ft. VSTRA,Obito Official,166.0,+0.4,✅ Auto-accepted confident match
5KfJvZ0PZzRdwFRaTUDAA7,Jung Kook,Somebody,168.6,automatic,1,ONxOGXC_YNk,https://www.youtube.com/watch?v=ONxOGXC_YNk,Somebody,Jung Kook - Topic,169.0,+0.4,✅ Auto-accepted confident match
0Vz146N2GxkVJw4kSGXrNi,JENNIE,You & Me (Coachella ver.),179.9,automatic,1,3yILnlnIqyU,https://www.youtube.com/watch?v=3yILnlnIqyU,JENNIE - You & Me (Coachella ver.) (Official Audio),BLACKPINK,180.0,+0.1,✅ Auto-accepted confident match
1ZgiJ8fiSEwd07OpB9ZuRz,Tăng Duy Tân,Cắt Đôi Nỗi Sầu,182.0,automatic,1,GpmOn4RyzZI,https://www.youtube.com/watch?v=GpmOn4RyzZI,TĂNG DUY TÂN - CẮT ĐÔI NỖI SẦU (ft DRUM7) | OFFICIAL MUSIC VIDEO,Tăng Duy Tân,204.0,+22.0,✅ Auto-accepted confident match
3XCp5o1FUpAH0aj2Hmj5yz,Wren Evans,Call Me,214.7,automatic,1,WPb2j3GU8Kc,https://www.youtube.com/watch?v=WPb2j3GU8Kc,Call Me,Wren Evans Official,215.0,+0.3,✅ Auto-accepted confident match
6VXVYATpQXEIoZ97NnWCmn,Madihu,Vì Anh Đâu Có Biết,241.9,automatic,1,02ODKglDVQs,https://www.youtube.com/watch?v=02ODKglDVQs,Vì Anh Đâu Có Biết - Madihu (Feat. Vũ.) | Official MV,Madihu,261.0,+19.1,✅ Auto-accepted confident match
0vkExWiBJSrfWnlMC7x48b,UMIE,Không Yêu Xin Đừng Nói - Piano Version,244.2,user_or_pattern_selected (no_confident_match),1,Nbtwh25Uxik,https://www.youtube.com/watch?v=Nbtwh25Uxik,(Piano Ver.) Không Yêu Xin Đừng Nói - UMIE (Prod. ToneRx),UMIE Official,245,+0.8s,"✅ Tự động chọn theo pattern của bạn (Kênh Chính thức / Topic / Label, lệch +0.8ss)"
2UtFCtiSoc30GJ4MUcHDKr,Obito,Tell the kids i love them (ft. Shiki),224.2,automatic,1,CKD0MxAn3TA,https://www.youtube.com/watch?v=CKD0MxAn3TA,Obito - Tell The Kids I Love Them ft. SHIKI,Obito Official,225.0,+0.8,✅ Auto-accepted confident match
3bNNvJA7hsGw0wSpGkfOBm,Jung Kook,Too Sad to Dance,175.9,automatic,1,uQ9A0xF7lAM,https://www.youtube.com/watch?v=uQ9A0xF7lAM,Too Sad to Dance,Jung Kook - Topic,176.0,+0.1,✅ Auto-accepted confident match
7fNHfgOxPLcg4mQLhCnOHB,Rapital,XTC (Xích Thêm Chút) - Remix,243.8,user_or_pattern_selected (no_confident_match),1,PNhYz6RmIr4,https://www.youtube.com/watch?v=PNhYz6RmIr4,Xích Thêm Chút - XTC Remix | RPT Groovie ft TLinh x RPT MCK (Prod. by fat_benn & RPT LT)| RAPITALOVE,Rapital Official,245,+1.2s,"✅ Tự động chọn theo pattern của bạn (Kênh Chính thức / Topic / Label, lệch +1.2ss)"
2OBZtEg8DXhICWYd6yvicf,RAP VIỆT,Từ A Đến Z,197.6,user_or_pattern_selected (no_confident_match),5,pKvmjDL7uk4,https://www.youtube.com/watch?v=pKvmjDL7uk4,"Đây Là Rap Việt (feat. Binz, Justatee, Rhymastic, Suboi, Wowy, Karik)",RAP VIỆT - Topic,181,-16.6s,"✅ Tự động chọn theo pattern của bạn (MV Chính thức, lệch -16.6ss)"
0KnWLhf5GqPEC4m7sHhxrY,Văn Mai Hương,Cơn Mưa Rào,225.0,automatic,1,rjkfdiShK-k,https://www.youtube.com/watch?v=rjkfdiShK-k,VĂN MAI HƯƠNG - CƠN MƯA RÀO ft. NEGAV (prod. by HỨA KIM TUYỀN) | Album 'Minh Tinh',VĂN MAI HƯƠNG OFFICIAL,228.0,+3.0,✅ Auto-accepted confident match
6jcLKVmEKAQIXIVHJZ8vzS,MONSTAR,tình yêu chậm trễ,245.3,automatic,1,QXWAReyqf98,https://www.youtube.com/watch?v=QXWAReyqf98,tình yêu chậm trễ,MONSTAR - Topic,246.0,+0.7,✅ Auto-accepted confident match
6TOI8hhlfebwsTYRCVpRMn,Obito,Xuất Phát Điểm,189.1,automatic,1,aF1tJEPWjIM,https://www.youtube.com/watch?v=aF1tJEPWjIM,Obito - Xuất Phát Điểm,Obito Official,190.0,+0.9,✅ Auto-accepted confident match
0tfMfqHC3Pl6DG8kcIjXq9,Binz,Make Me Feel,216.0,automatic,1,w8jNJd0SXXE,https://www.youtube.com/watch?v=w8jNJd0SXXE,BINZ - MAKE ME FEEL (ft. TOULIVER) | OFFICIAL MV,Binz Da Poet,217.0,+1.0,✅ Auto-accepted confident match
6MgCMS8q3NA89TnVuPLvIN,RAP VIỆT,Baby Gọi Cho Anh,178.3,automatic,1,L9U-jPboRYw,https://www.youtube.com/watch?v=L9U-jPboRYw,"Baby Gọi Cho Anh (feat. Captain, Umie)",RAP VIỆT - Topic,179.0,+0.7,✅ Auto-accepted confident match
0X28PqBpbQhWdi4usYw0w5,Wren Evans,Tò Te Tí,195.0,user_or_pattern_selected (no_confident_match),1,aCqmdPaTVSg,https://www.youtube.com/watch?v=aCqmdPaTVSg,WREN EVANS - Tò Te Tí | LOI CHOI The First Album (ft. itsnk),Wren Evans Official,195,+0.0s,"✅ Tự động chọn theo pattern của bạn (Kênh Chính thức / Topic / Label, lệch +0.0ss)"
1khMN4Adfi3LrZvxOq4YM5,VSOUL,Buồn Hay Vui,291.8,user_or_pattern_selected (no_confident_match),1,JV0dEgbX5yk,https://www.youtube.com/watch?v=JV0dEgbX5yk,BUỒN HAY VUI - VSOUL x MCK x Obito x Ronboogz x Boyzed (Official Audio),VSOUL,292,+0.2s,"✅ Tự động chọn theo pattern của bạn (Kênh Chính thức / Topic / Label, lệch +0.2ss)"
43qX7PiMfluhGyrJrjcP9p,BTS,I Need U,214.5,automatic,1,jip9EXrrf0o,https://www.youtube.com/watch?v=jip9EXrrf0o,I NEED U,BANGTANTV,211.0,-3.5,✅ Auto-accepted confident match
4qYfRfSxsmhJ1WMaywtLyI,Wren Evans,Từng Quen,174.5,automatic,1,zepHPnUDROE,https://www.youtube.com/watch?v=zepHPnUDROE,WREN EVANS - TỪNG QUEN | OFFICIAL AUDIO,Wren Evans Official,175.0,+0.5,✅ Auto-accepted confident match
36OyVzUmUFb1MTTzy3YXbh,Phan Mạnh Quỳnh,"Sau Lời Từ Khước (Theme Song From ""MAI"")",250.1,user_or_pattern_selected (no_confident_match),1,mzqvF_rIOx8,https://www.youtube.com/watch?v=mzqvF_rIOx8,Sau Lời Từ Khước (OST MAI) | CineLove (The Album) | Phan Mạnh Quỳnh,Phan Mạnh Quỳnh Official,251,+0.9s,"✅ Tự động chọn theo pattern của bạn (Kênh Chính thức / Topic / Label, lệch +0.9ss)"
4PCh6DAkUYKnEmvjV4ouOs,Bích Phương,Nâng Chén Tiêu Sầu,185.3,user_or_pattern_selected (ambiguous),2,v5AvPgaQFc0,https://www.youtube.com/watch?v=v5AvPgaQFc0,[HOT TIKTOK CHALLENGE - PHỐ ĐI BỘ] BÍCH PHƯƠNG - Nâng Chén Tiêu Sầu Dance by B-Wild Vietnam,B-Wild Official,197,+11.7s,"✅ Tự động chọn theo pattern của bạn (Kênh Chính thức / Topic / Label, lệch +11.7ss)"
3OVMe3H6iAxbLF8iD2UYrw,Sơn Tùng M-TP,Chúng Ta Của Tương Lai,249.9,automatic,1,zoEtcR5EW08,https://www.youtube.com/watch?v=zoEtcR5EW08,SƠN TÙNG M-TP | CHÚNG TA CỦA TƯƠNG LAI | OFFICIAL MUSIC VIDEO,Sơn Tùng M-TP Official,277.0,+27.1,✅ Auto-accepted confident match
0OIed6UFpfT2nW4BffD7Js,Low G,pho real,166.8,user_or_pattern_selected (no_confident_match),2,oJx0MUpXMUM,https://www.youtube.com/watch?v=oJx0MUpXMUM,"​bbno$, Low G & Anh Phan - pho real (Lyrics)",BagOnly,167,+0.2s,"✅ Tự động chọn theo pattern của bạn (Audio / Lyrics khớp sát thời lượng, lệch +0.2ss)"
0dBKcPEAsdxWJsqNDNHcPz,Andree Right Hand,Dân Chơi Sao Phải Khóc,210.9,automatic,1,zDNOhR-Ms-I,https://www.youtube.com/watch?v=zDNOhR-Ms-I,"Andree Right Hand - Dân Chơi Sao Phải Khóc ft. RHYDER, WOKEUP | Official MV",Andree Right Hand and RHYDER OFFICIAL,239.0,+28.1,✅ Auto-accepted confident match
2ddbldKhKrYvOBbYa87cbj,Vũ.,Dành Hết Xuân Thì Để Chờ Nhau,288.2,automatic,1,UGoDp5l2eIM,https://www.youtube.com/watch?v=UGoDp5l2eIM,Dành Hết Xuân Thì Để Chờ Nhau - Vũ. feat. Hà Anh Tuấn (Lyric Video),Warner Music Vietnam,287.0,-1.2,✅ Auto-accepted confident match
1K0HQ30Wc11okzlcnFA7Ub,HIEUTHUHAI,Không Thể Say,228.4,automatic,1,d6pgocXnK8U,https://www.youtube.com/watch?v=d6pgocXnK8U,HIEUTHUHAI - Không Thể Say (prod. by Kewtiie) [Official Lyric Video],HIEUTHUHAI,228.0,-0.4,✅ Auto-accepted confident match
4jWmhzf53Q0ZvZMuGdiR9x,WEAN,shhhhhhh..,230.7,automatic,1,Pys2iOT9rpw,https://www.youtube.com/watch?v=Pys2iOT9rpw,WEAN – shhhhhhh.. feat tlinh (Official Lyrics Video),WEAN,238.0,+7.3,✅ Auto-accepted confident match
5J3m0taZ0W1E9HTE0MwcSv,Low G,Simp Gái 808,161.9,automatic,1,lDu412aW0QY,https://www.youtube.com/watch?v=lDu412aW0QY,Simp Gái 808,Low G,162.0,+0.1,✅ Auto-accepted confident match
7Ebm9NxzNhUX2FxzBl1kwm,Ngọt,02 Mơ Làm Ma,177.1,automatic,1,FBM70NaZuVI,https://www.youtube.com/watch?v=FBM70NaZuVI,Ngọt - 02 Mơ Làm Ma  (ft. Thỏ Trauma),Ngọt,178.0,+0.9,✅ Auto-accepted confident match
3UX7FjJDl6RodnWekzFwEB,HIEUTHUHAI,Exit Sign,201.6,automatic,1,sJt_i0hOugA,https://www.youtube.com/watch?v=sJt_i0hOugA,HIEUTHUHAI - Exit Sign (prod. by Kewtiie) ft. marzuz [Official Lyric Video],HIEUTHUHAI,202.0,+0.4,✅ Auto-accepted confident match
21x7Ld7I7X7HQtDgS8al5Z,Wren Evans,Quyền Anh,179.0,user_or_pattern_selected (no_confident_match),1,_1g1MwoRjug,https://www.youtube.com/watch?v=_1g1MwoRjug,WREN EVANS - Quyền Anh | LOI CHOI The First Album (ft. itsnk),Wren Evans Official,179,+0.0s,"✅ Tự động chọn theo pattern của bạn (Kênh Chính thức / Topic / Label, lệch +0.0ss)"
5f4u0kPnU21qNe6fXgAUiV,BigDaddy,Yêu Nắm,227.1,automatic,1,9WLb1qf2kK4,https://www.youtube.com/watch?v=9WLb1qf2kK4,BIGDADDY x EMILY - YÊU NẮM (Official Music Video),BIGDADDY x EMILY,258.0,+30.9,✅ Auto-accepted confident match
2rGCYAabfA63PIzhQm7hVq,VSTRA,Internet Love,219.1,automatic,1,SCUo9vYSu6g,https://www.youtube.com/watch?v=SCUo9vYSu6g,VSTRA - Internet Love (ft. Tyronee) | Official M/V,VSTRA,220.0,+0.9,✅ Auto-accepted confident match
6eOD2p1cGmxLiYA0UR03O1,Phùng Khánh Linh,Như Hoa Mùa Xuân,295.6,user_or_pattern_selected (no_confident_match),1,_E4oBmtUulw,https://www.youtube.com/watch?v=_E4oBmtUulw,Như Hoa Mùa Xuân - Phùng Khánh Linh & Wren Evans | Gala Nhạc Việt 2023,Gala Nhạc Việt,300,+4.4s,"✅ Tự động chọn theo pattern của bạn (Kênh Chính thức / Topic / Label, lệch +4.4ss)"
7ESH2ntyD5Bb1XckoJU554,Sơn Tùng M-TP,Một Năm Mới Bình An,247.2,user_or_pattern_selected (ambiguous),1,Thf6-faRGI4,https://www.youtube.com/watch?v=Thf6-faRGI4,VIRAL CLIP - MỘT NĂM MỚI BÌNH AN | SƠN TÙNG M-TP,Sơn Tùng M-TP Official,253,+5.8s,"✅ Tự động chọn theo pattern của bạn (Kênh Chính thức / Topic / Label, lệch +5.8ss)"
02H58MSfVESkKyx4diDgu7,RM,LOST!,233.0,automatic,1,zGTAKiqEGxo,https://www.youtube.com/watch?v=zGTAKiqEGxo,RM (알엠) 'LOST!' Official Audio,JXS_BP Official,234.0,+1.0,✅ Auto-accepted confident match
4fj4Jn4nw8fGX8xdbCntJf,CoolKid,Sau Cơn Mưa,154.8,automatic,1,iFoLKvdqXk8,https://www.youtube.com/watch?v=iFoLKvdqXk8,COOLKID - SAU CƠN MƯA (ft. RHYDER),COOLKID OFFICIAL,154.0,-0.8,✅ Auto-accepted confident match
1LJyhnPdYGRLerwJd8CmL1,Vũ.,Những Lời Hứa Bỏ Quên,236.3,automatic,1,XmC2wvVsVDk,https://www.youtube.com/watch?v=XmC2wvVsVDk,"Những Lời Hứa Bỏ Quên / Vũ. ft. Dear Jane (từ Album ""Bảo Tàng Của Nuối Tiếc"")",Vũ Official,237.0,+0.7,✅ Auto-accepted confident match
2xOhv7XudrBDtkID1jwsFE,Vũ Cát Tường,Từng Là,252.5,user_or_pattern_selected (no_confident_match),3,SXQS-SjI3jU,https://www.youtube.com/watch?v=SXQS-SjI3jU,Từng Là - Vũ Cát Tường | Live at Soul of The Forest,Soul of The Forest,253,+0.5s,"✅ Tự động chọn theo pattern của bạn (Candidate tốt nhất trong nhóm, lệch +0.5ss)"
11sirgYaEutV40tkvgpHN6,j-hope,NEURON,273.3,automatic,1,K7ogo6nGHMo,https://www.youtube.com/watch?v=K7ogo6nGHMo,"j-hope 'NEURON (with Gaeko, yoonmirae)' Visualizer",BANGTANTV,284.0,+10.7,✅ Auto-accepted confident match
4oGgxjxVOI69h9uOpHOzwn,Wren Evans,Để Ý,159.2,automatic,1,2ymP0o_Ze9Q,https://www.youtube.com/watch?v=2ymP0o_Ze9Q,WREN EVANS | ĐỂ Ý - OFFICIAL AUDIO,Wren Evans Official,160.0,+0.8,✅ Auto-accepted confident match
5WIKVELHZYJ4vl3x3xlbZD,MR LANH,Ổ Quỷ,178.9,user_or_pattern_selected (no_confident_match),1,-ReMY4gX93M,https://www.youtube.com/watch?v=-ReMY4gX93M,The Demon Moon has awakened and is chasing and eating everything!? bqThanh & Oc Co Thoat,bqThanh,806,+627.1s,"✅ Tự động chọn theo pattern của bạn (Candidate tốt nhất trong nhóm, lệch +627.1ss)"
4tqXSj46umlymdIxqY8zso,SOOBIN,giá như,223.2,user_or_pattern_selected (ambiguous),5,TC4ZCJsyoiM,https://www.youtube.com/watch?v=TC4ZCJsyoiM,Giá Như - Soobin Hoàng Sơn | Lyrics Video Nhạc Trẻ Hay Nhất 2024,Nhật Hưng,224,+0.8s,"✅ Tự động chọn theo pattern của bạn (Audio / Lyrics khớp sát thời lượng, lệch +0.8ss)"
1SS0WlKhJewviwEDZ6dWj0,ZICO,SPOT!,167.7,automatic,1,aQEpCqSDavc,https://www.youtube.com/watch?v=aQEpCqSDavc,ZICO (지코) 'SPOT! (feat. JENNIE)' Official Audio,JXS_BP Official,168.0,+0.3,✅ Auto-accepted confident match
3K7RddI2L8Wiv7uIbrhfLc,The Masked Singer,Rồi Em Sẽ Gặp Một Chàng Trai Khác,304.0,automatic,1,4pwOPfscweI,https://www.youtube.com/watch?v=4pwOPfscweI,Rồi Em Sẽ Gặp Một Chàng Trai Khác (feat. HippoHappy),The Masked Singer - Topic,304.0,+0.0,✅ Auto-accepted confident match
25h0TqC9H3BcMA7KjK5nHK,GREY D,vaicaunoicokhiennguoithaydoi,225.9,automatic,1,2iidlwQ-NfU,https://www.youtube.com/watch?v=2iidlwQ-NfU,GREY D x tlinh - vaicaunoicokhiennguoithaydoi | Official Music Video,ST.319 Entertainment,236.0,+10.1,✅ Auto-accepted confident match
5C1O3fpMsiisJpHiB1uuDf,52Hz,ĐỢI (Prod. RIO),197.0,automatic,1,cizoIav3geY,https://www.youtube.com/watch?v=cizoIav3geY,ĐỢI - 52Hz (prod. RIO) | Official Lyric Video,52Hz,197.0,+0.0,✅ Auto-accepted confident match
3A9A7mfVDVm3rrS9SMGhg5,Kha,Hư không,354.8,user_or_pattern_selected (no_confident_match),2,MlXo79SjhBo,https://www.youtube.com/watch?v=MlXo79SjhBo,Kha - Hư không (Việt Nam Lyrics | Subtitles) Hãy cho tôi lần nữa được tan biến,Subtify,356,+1.2s,"✅ Tự động chọn theo pattern của bạn (Audio / Lyrics khớp sát thời lượng, lệch +1.2ss)"
2wZAvkgiOE5tyrnqhB69KA,Sơn Tùng M-TP,Âm Thầm Bên Em,293.1,user_or_pattern_selected (ambiguous),5,V53jTfwV67I,https://www.youtube.com/watch?v=V53jTfwV67I,Âm Thầm Bên Em - Sơn Tùng M-TP (Lyric Video by EnjoyLife),EnjoyLife,294,+0.9s,"✅ Tự động chọn theo pattern của bạn (Kênh Chính thức / Topic / Label, lệch +0.9ss)"
6kCU6i8iRrAAmJJ8Sj4JYC,Shartnuss,Nắng có mang em về,254.3,automatic,1,fQWItghG5dM,https://www.youtube.com/watch?v=fQWItghG5dM,"3. Nắng có mang em về - Shartnuss ft Tr.D & Phankeo | EP ""Luv""",Shartnuss Official,252.0,-2.3,✅ Auto-accepted confident match
2SykQzXuFSeprST1uDjj1m,AMEE,trời giấu trời mang đi,253.5,user_or_pattern_selected (ambiguous),2,QHDkHZPHzC0,https://www.youtube.com/watch?v=QHDkHZPHzC0,Trời Giấu Trời Mang Đi,AMEE,259,+5.5s,"✅ Tự động chọn theo pattern của bạn (Kênh Chính thức / Topic / Label, lệch +5.5ss)"
0MJ5wKsPEeihONNfugHGy7,HYBS,Tip Toe,224.7,automatic,1,wtUaW2HEsCY,https://www.youtube.com/watch?v=wtUaW2HEsCY,HYBS - Tip Toe | Official Audio,HYBS,230.0,+5.3,✅ Auto-accepted confident match
6xKs4CnVadRzdNZ48vhT27,Đức Phúc,Ngày Đầu Sau Chia Tay,276.0,automatic,1,ZnRgYm4t_14,https://www.youtube.com/watch?v=ZnRgYm4t_14,Đức Phúc - Ngày Đầu Sau Chia Tay (feat. Thùy Tiên & Khắc Hưng) (Official Music Video),ĐỨC PHÚC OFFICIAL,334.0,+58.0,✅ Auto-accepted confident match
0UaaFmF3xUwMjnuAHBq7qL,Crush,Love You With All My Heart,244.2,user_or_pattern_selected (ambiguous),1,Z4qVfCi_lUI,https://www.youtube.com/watch?v=Z4qVfCi_lUI,[MV] Crush - Love You With All My Heart(미안해 미워해 사랑해),SUPER SOUND Bugs!,245,+0.8s,"✅ Tự động chọn theo pattern của bạn (Kênh Chính thức / Topic / Label, lệch +0.8ss)"
6o5y1iNvg3ORGfHtBEB8U4,RM,? (Interlude),113.2,automatic,1,eC1txOJS_pc,https://www.youtube.com/watch?v=eC1txOJS_pc,? (Interlude),RM - Topic,114.0,+0.8,✅ Auto-accepted confident match
0tGmDUHDoT8pxYhgAT3yNG,Wren Evans,bé ơi từ từ,200.7,user_or_pattern_selected (no_confident_match),1,onM02bB0mYw,https://www.youtube.com/watch?v=onM02bB0mYw,WREN EVANS - bé ơi từ từ | LOI CHOI The First Album (ft. itsnk),Wren Evans Official,201,+0.3s,"✅ Tự động chọn theo pattern của bạn (Kênh Chính thức / Topic / Label, lệch +0.3ss)"
5AaHvf9iO6RydAIissh0kz,Obito,Simple Love,213.8,user_or_pattern_selected (no_confident_match),2,VYyeswLG7Cc,https://www.youtube.com/watch?v=VYyeswLG7Cc,Simple Love / Obito x Seachains x Davis x Lena | Lyrics Video | ATeen Music,teen,208,-5.8s,"✅ Tự động chọn theo pattern của bạn (Kênh Chính thức / Topic / Label, lệch -5.8ss)"
45PPoUgqs3JrhkZGEzSUHT,W/N,3107 4,213.9,user_or_pattern_selected (no_confident_match),1,cbHIMNxT7Zc,https://www.youtube.com/watch?v=cbHIMNxT7Zc,W/n - 3107 4 x Erik ft Nâu (Official Music Video),W/n,214,+0.1s,"✅ Tự động chọn theo pattern của bạn (Kênh Chính thức / Topic / Label, lệch +0.1ss)"
2nRMW95dnOILirpjbksLTs,Jung Kook,Never Let Go,166.8,automatic,1,J_n4Ysi5iUM,https://www.youtube.com/watch?v=J_n4Ysi5iUM,정국 (Jung Kook) 'Never Let Go' Lyric Video,BANGTANTV,167.0,+0.2,✅ Auto-accepted confident match
6vvPecFTmWxDfEJ6cYT1wa,LISA,Rockstar,138.2,automatic,1,hbcGx4MGUMg,https://www.youtube.com/watch?v=hbcGx4MGUMg,LISA - ROCKSTAR (Official Music Video),LLOUD Official,168.0,+29.8,✅ Auto-accepted confident match
2ZqTbIID9vFPTXaGyzbb4q,Megan Thee Stallion,Neva Play,157.2,automatic,1,TpYTyAaTRts,https://www.youtube.com/watch?v=TpYTyAaTRts,Megan Thee Stallion - Neva Play (feat. RM) [Official Video],Megan Thee Stallion,160.0,+2.8,✅ Auto-accepted confident match
5XfGQZA0ioQAWUjlyJRcHc,Shiki,1000 Ánh Mắt,152.0,automatic,1,GKxkw0FQBm0,https://www.youtube.com/watch?v=GKxkw0FQBm0,Shiki - 1000 Ánh Mắt ft. Obito (Official Music Video),Shiki,152.0,+0.0,✅ Auto-accepted confident match
0BX2eDMZJrGzApf4ZGXrFi,"ANH TRAI ""SAY HI""",NGÁO NGƠ,252.4,automatic,1,WECF30njTEo,https://www.youtube.com/watch?v=WECF30njTEo,"NGÁO NGƠ (feat.HIEUTHUHAI, ERIK, ANH TÚ ATUS, JSOL, ORANGE)","ANH TRAI ""SAY HI"" - Topic",253.0,+0.6,✅ Auto-accepted confident match
31VNCmwspR7nVJ6kruUuJt,Sơn Tùng M-TP,Đừng Làm Trái Tim Anh Đau,279.2,automatic,1,abPmZCZZrFA,https://www.youtube.com/watch?v=abPmZCZZrFA,SƠN TÙNG M-TP | ĐỪNG LÀM TRÁI TIM ANH ĐAU | OFFICIAL MUSIC VIDEO,Sơn Tùng M-TP Official,326.0,+46.8,✅ Auto-accepted confident match
5oFEvbM7lGnx8jfAkuhVyo,AMEE,MỘNG YU,202.6,automatic,1,jEKTZQHuI1Y,https://www.youtube.com/watch?v=jEKTZQHuI1Y,MỘNG YU - AMEE ft. MCK | ‘MỘNGMEE’ mini album,ST.319 Entertainment,203.0,+0.4,✅ Auto-accepted confident match
3Alwi53Ahc2GwHgvel42b2,Lou Hoàng,Ngày Đẹp Trời Để Nói Chia Tay,220.2,automatic,1,0xAW6MAT_Wo,https://www.youtube.com/watch?v=0xAW6MAT_Wo,LOU HOÀNG - NGÀY ĐẸP TRỜI ĐỂ NÓI CHIA TAY (Official Music Video),Lou Hoàng OFFICIAL,231.0,+10.8,✅ Auto-accepted confident match
26zqmmkqUK6mCc87XDzPym,"ANH TRAI ""SAY HI""",CHÂN THÀNH,258.0,user_or_pattern_selected (no_confident_match),3,rqQHjzAs9LA,https://www.youtube.com/watch?v=rqQHjzAs9LA,"Quang Hùng MasterD - 'Chân Thành' (ft. Rhyder, Wean, Ali Hoàng Dương, Captain) - Official Audio",Quang Hùng MasterD,255,-3.0s,"✅ Tự động chọn theo pattern của bạn (Kênh Chính thức / Topic / Label, lệch -3.0ss)"
5PGh9MyKry8slG5AfvD1eD,Obito,Hà Nội,165.6,automatic,1,OerAX-zKyvg,https://www.youtube.com/watch?v=OerAX-zKyvg,Obito - Hà Nội ft. VSTRA,Obito Official,166.0,+0.4,✅ Auto-accepted confident match
07d8eaOuAWdC0DANq3tdPd,"ANH TRAI ""SAY HI""",QUAY ĐI QUAY LẠI,210.5,automatic,1,ic9wT11Ddf4,https://www.youtube.com/watch?v=ic9wT11Ddf4,QUAY ĐI QUAY LẠI (Feat. HIEUTHUHAI),"ANH TRAI ""SAY HI"" - Topic",211.0,+0.5,✅ Auto-accepted confident match
4CUvVaAYuXtvYURLFz7EIL,Emcee L (Da LAB),Chuyện Đôi Ta,208.0,automatic,1,6eONmnFB9sw,https://www.youtube.com/watch?v=6eONmnFB9sw,Chuyện Đôi Ta - Emcee L (Da LAB) ft Muộii (Official MV),Da LAB Official and Emcee L Official,226.0,+18.0,✅ Auto-accepted confident match
4WZf4gJ2MvBec6XPdUiqcq,"ANH TRAI ""SAY HI""",ANH BIẾT RỒI,259.6,automatic,1,swfRLNf1MZQ,https://www.youtube.com/watch?v=swfRLNf1MZQ,ANH BIẾT RỒI (Feat. RHYDER),"ANH TRAI ""SAY HI"" - Topic",260.0,+0.4,✅ Auto-accepted confident match
3COYA2vgfcUhDyRlVpZy5p,tlinh,PHÓNG ZÌN ZÌN,203.0,user_or_pattern_selected (no_confident_match),1,dfeGNIfSyGk,https://www.youtube.com/watch?v=dfeGNIfSyGk,PHÓNG ZÌN ZÌN | Low G x tlinh | OFFICIAL AUDIO,Nhà Hóa Học Đống Đa,203,+0.0s,"✅ Tự động chọn theo pattern của bạn (Kênh Chính thức / Topic / Label, lệch +0.0ss)"
7Cjsw965r7mVK888ZqP6Wo,Negav,Mình Anh Thôi,212.5,automatic,1,8E9CUCVIHWI,https://www.youtube.com/watch?v=8E9CUCVIHWI,NEGAV - MÌNH ANH THÔI I OFFICIAL MUSIC VIDEO,Negav,230.0,+17.5,✅ Auto-accepted confident match
7pqx5vF7DzkVtEdsXQ9iua,"ANH TRAI ""SAY HI""",ĐẦU ĐỘI SỪNG,213.8,user_or_pattern_selected (no_confident_match),4,hN1gAFnKKiA,https://www.youtube.com/watch?v=hN1gAFnKKiA,ANH TRAI SAY HI  - ĐẦU ĐỘI SỪNG (TEAM HIEUTHUHAI) | Color Coded Lyrics,ATLAS’T BOY SAY HI,211,-2.8s,"✅ Tự động chọn theo pattern của bạn (Audio / Lyrics khớp sát thời lượng, lệch -2.8ss)"
7kKu4NWeBh01I6aTIEP9bg,"ANH TRAI ""SAY HI""",TRÓI EM LẠI,264.6,user_or_pattern_selected (no_confident_match),3,IagewL4Btag,https://www.youtube.com/watch?v=IagewL4Btag,Quang Hùng MasterD - 'Trói Em Lại' - Official Audio,Quang Hùng MasterD,263,-1.6s,"✅ Tự động chọn theo pattern của bạn (Kênh Chính thức / Topic / Label, lệch -1.6ss)"
0H4ugk6rhnXmTl47ayy9O5,Agust D,Daechwita,225.7,user_or_pattern_selected (ambiguous),5,65XIZDJ24_s,https://www.youtube.com/watch?v=65XIZDJ24_s,대취타 (Daechwita),Agust D - Topic,226.0,+0.3,✅ Đã tự động tìm & thay thế Audio/MV chuẩn do 5 candidate gốc bị lỗi/lệch (Lệch 0.3s)
62bOmKYxYg7dhrC6gH9vFn,*NSYNC,Bye Bye Bye,200.4,automatic,1,C27NShgTQE4,https://www.youtube.com/watch?v=C27NShgTQE4,*NSYNC - Bye Bye Bye (Official Audio),*NSYNC,203.0,+2.6,✅ Auto-accepted confident match
3nw5vYaH4qVx8joq3qhtNx,Low G,Okeokeoke,139.3,user_or_pattern_selected (no_confident_match),1,TaZTsgc_bg8,https://www.youtube.com/watch?v=TaZTsgc_bg8,okeokeoke | Low G | Nhà Hóa Học Đống Đa,Nhà Hóa Học Đống Đa,140,+0.7s,"✅ Tự động chọn theo pattern của bạn (Kênh Chính thức / Topic / Label, lệch +0.7ss)"
2nR51wakN5K3AJENqGaNg9,Đen,Bài Này Chill Phết,276.0,automatic,1,ddaEtFOsFeM,https://www.youtube.com/watch?v=ddaEtFOsFeM,Đen ft. MIN - Bài Này Chill Phết (M/V),Đen Vâu Official,274.0,-2.0,✅ Auto-accepted confident match
5cn5oHiXJTLiuthgbgfkMh,Vũ Cát Tường,Vet Mua,210.1,user_or_pattern_selected (no_confident_match),3,_EHYFIdPJEg,https://www.youtube.com/watch?v=_EHYFIdPJEg,[Aegisub] Vết Mưa - Vũ Cát Tường [Lyric Kara Eff],Vương Hùng,211,+0.9s,"✅ Tự động chọn theo pattern của bạn (Candidate tốt nhất trong nhóm, lệch +0.9ss)"
0SLzsfxED15vyUccX4bCqo,tlinh,HOP ON DA SHOW,175.9,user_or_pattern_selected (no_confident_match),2,JZ5E_VDqRJo,https://www.youtube.com/watch?v=JZ5E_VDqRJo,HOP ON DA SHOW | Low G x tlinh | OFFICIAL AUDIO,Nhà Hóa Học Đống Đa,176,+0.1s,"✅ Tự động chọn theo pattern của bạn (Kênh Chính thức / Topic / Label, lệch +0.1ss)"
50zAEIE4B1QqhPjRMK2Xmh,Jin,Running Wild,151.6,user_or_pattern_selected (ambiguous),3,btmOzwvCWmw,https://www.youtube.com/watch?v=btmOzwvCWmw,Jin 'Running Wild' Lyrics (진 Running Wild 가사) [Color Coded_Eng] | ShadowByYoongi,ShadowByYoongi,154,+2.4s,"✅ Tự động chọn theo pattern của bạn (Audio / Lyrics khớp sát thời lượng, lệch +2.4ss)"
4nXrVH5xwN1w6TpmP7uu8n,HIEUTHUHAI,Exit Sign,201.6,automatic,1,sJt_i0hOugA,https://www.youtube.com/watch?v=sJt_i0hOugA,HIEUTHUHAI - Exit Sign (prod. by Kewtiie) ft. marzuz [Official Lyric Video],HIEUTHUHAI,202.0,+0.4,✅ Auto-accepted confident match
2GE2p2dFpxp7OIz2QOFBzW,"ANH TRAI ""SAY HI""","KIM PHÚT, KIM GIỜ",295.1,user_or_pattern_selected (no_confident_match),5,yoh-oXuR1-g,https://www.youtube.com/watch?v=yoh-oXuR1-g,"KIM PHÚT, KIM GIỜ (Feat. HURRYKNG, HIEUTHUHAI, NEGAV, PHÁP KIỀU, ISAAC)","ANH TRAI ""SAY HI"" - Topic",296.0,+0.9,✅ Đã tự động tìm & thay thế Audio/MV chuẩn do 5 candidate gốc bị lỗi/lệch (Lệch 0.9s)
3uT8QfoX0BE8ZJa4h98LDW,Puppy,Wrong Times,211.2,user_or_pattern_selected (ambiguous),2,O3pj32O5WN4,https://www.youtube.com/watch?v=O3pj32O5WN4,puppy & @Dangrangto  - Wrong Times ( ft. FOWLEX Snowz ) [OFFICIAL LYRICS VIDEO],Ocean Waves,214,+2.8s,"✅ Tự động chọn theo pattern của bạn (Audio / Lyrics khớp sát thời lượng, lệch +2.8ss)"
7134tEHq45eL6am9oVazZU,V,White Christmas,173.0,user_or_pattern_selected (no_confident_match),2,C4oI7GXdDsM,https://www.youtube.com/watch?v=C4oI7GXdDsM,"V, Bing Crosby - Bing Crosby x V (of BTS) “White Christmas” (Official Lyric Video)",Bing Crosby,174,+1.0s,"✅ Tự động chọn theo pattern của bạn (Kênh Chính thức / Topic / Label, lệch +1.0ss)"
0e6fZkLArSmDIHnZcIua7t,Vũ.,Không Yêu Em Thì Yêu Ai?,232.6,automatic,1,o-2yt0ZZZ6o,https://www.youtube.com/watch?v=o-2yt0ZZZ6o,"Không Yêu Em Thì Yêu Ai? / Vũ. ft. Low G (từ Album ""Bảo Tàng Của Nuối Tiếc"")",Vũ Official,233.0,+0.4,✅ Auto-accepted confident match
0s7RyyUlQfd8mnnboHe18n,MANBO,Hẹn Gặp Em Dưới Ánh Trăng,222.0,user_or_pattern_selected (no_confident_match),5,M1XfGX1ldKY,https://www.youtube.com/watch?v=M1XfGX1ldKY,"HURRYKNG, HIEUTHUHAI, MANBO | Hẹn Gặp Em Dưới Ánh Trăng | Official Lyric Video",GERDNANG,227,+5.0s,"✅ Tự động chọn theo pattern của bạn (Kênh Chính thức / Topic / Label, lệch +5.0ss)"
7gSQxwCpEMjg8wb6Y3oqe7,"ANH TRAI ""SAY HI""",HÀO QUANG,245.5,user_or_pattern_selected (no_confident_match),2,EKgvDwdoLYs,https://www.youtube.com/watch?v=EKgvDwdoLYs,"RHYDER, Dương Domic, Pháp Kiều - HÀO QUANG I OFFICIAL LYRICS VIDEO",RHYDER OFFICIAL,243,-2.5s,"✅ Tự động chọn theo pattern của bạn (Kênh Chính thức / Topic / Label, lệch -2.5ss)"
3Nn9QjxOEj1pleW9xTG6cq,"ANH TRAI ""SAY HI""",TÌNH ĐẦU QUÁ CHÉN,316.0,automatic,1,vBAoF6cUKTI,https://www.youtube.com/watch?v=vBAoF6cUKTI,"TÌNH ĐẦU QUÁ CHÉN (Feat. Quang Hùng MasterD, Negav, Pháp Kiều, Erik)","ANH TRAI ""SAY HI"" - Topic",316.0,+0.0,✅ Auto-accepted confident match
4eeflgjzTF8xN8U2E0dech,Dangrangto,NGỰA Ô,215.4,user_or_pattern_selected (no_confident_match),2,tC9zi2bnnRA,https://www.youtube.com/watch?v=tC9zi2bnnRA,"NGỰA Ô - TeuYungBoy, Dangrangto(Prod. DONAL)-Lyrics",tobi buồn ngủ,221,+5.6s,"✅ Tự động chọn theo pattern của bạn (Candidate tốt nhất trong nhóm, lệch +5.6ss)"
0669gFIK8dYK9GGQ0K0QNF,Dương Domic,Tràn Bộ Nhớ,172.5,user_or_pattern_selected (no_confident_match),3,x14bn23DMVE,https://www.youtube.com/watch?v=x14bn23DMVE,Dương Domic - Tràn Bộ Nhớ | EP 'Dữ Liệu Quý',Dương Domic,173,+0.5s,"✅ Tự động chọn theo pattern của bạn (Kênh Chính thức / Topic / Label, lệch +0.5ss)"
4hdOYl6xm8ry6hZzn9pBqw,RAP VIỆT,QUA TỪNG KHUNG HÌNH,240.0,automatic,1,kZhcFFNZAzQ,https://www.youtube.com/watch?v=kZhcFFNZAzQ,"QUA TỪNG KHUNG HÌNH (Feat. Robber, Ngắn)",RAP VIỆT - Topic,240.0,+0.0,✅ Auto-accepted confident match
2a5hng9yXtbjtTVVm9UviC,Vũ Cát Tường,Mo,262.2,user_or_pattern_selected (no_confident_match),4,chrnabsFoFs,https://www.youtube.com/watch?v=chrnabsFoFs,Mo,Vu Cat Tuong,263,+0.8s,"✅ Tự động chọn theo pattern của bạn (Audio / Lyrics khớp sát thời lượng, lệch +0.8ss)"
5YiNxgEQQTuFi5dKLxxjWm,"ANH TRAI ""SAY HI""",CATCH ME IF YOU CAN,256.0,user_or_pattern_selected (no_confident_match),3,CzXWhBjtRnU,https://www.youtube.com/watch?v=CzXWhBjtRnU,"Quang Hùng MasterD - 'Catch Me If You Can' (ft. Negav, Nicky, Công Dương) - Official Audio",Quang Hùng MasterD,257,+1.0s,"✅ Tự động chọn theo pattern của bạn (Kênh Chính thức / Topic / Label, lệch +1.0ss)"
50aQbgfdydBXABx2gATQHn,ROSÉ,dance all night,214.9,automatic,1,h7HP9aiIFfc,https://www.youtube.com/watch?v=h7HP9aiIFfc,ROSÉ - dance all night (official audio),ROSÉ,215.0,+0.1,✅ Auto-accepted confident match
3y4q6bBdbXsTIaPiwiiUfy,ROSÉ,3am,154.1,automatic,1,OzdJFXyO8ts,https://www.youtube.com/watch?v=OzdJFXyO8ts,ROSÉ - 3am (official audio),ROSÉ,155.0,+0.9,✅ Auto-accepted confident match
67siqMtQTGPpJZI4Dz8OpM,ROSÉ,not the same,184.0,automatic,1,IKqVcaVrMGs,https://www.youtube.com/watch?v=IKqVcaVrMGs,ROSÉ - not the same (official audio),ROSÉ,185.0,+1.0,✅ Auto-accepted confident match
52oyR8Wjhdzg7zucr8keYl,Huỳnh Tú,Đường Một Chiều,287.0,automatic,1,W6hxiDmMGSE,https://www.youtube.com/watch?v=W6hxiDmMGSE,Đường Một Chiều - Huỳnh Tú ft. Magazine || Official Music Video,Huỳnh Tú,290.0,+3.0,✅ Auto-accepted confident match
4QkTMKgtkI6P9v9NRzSswS,RAP VIỆT,CHỜ MỘT NGƯỜI,259.0,automatic,1,vTjA-C0bwDA,https://www.youtube.com/watch?v=vTjA-C0bwDA,CHỜ MỘT NGƯỜI (Feat. Gill),RAP VIỆT - Topic,260.0,+1.0,✅ Auto-accepted confident match
5LQpQ6SDeaz6SIkR0lvsoC,GREY D,đưa em về nhàa,240.0,automatic,1,YM5nx2s8cz0,https://www.youtube.com/watch?v=YM5nx2s8cz0,đưa em về nhàa,GREY D,240.0,+0.0,✅ Auto-accepted confident match
1pwyiEOvhXLvlpzTZcgfhe,"ANH TRAI ""SAY HI""",CHÀNG KHỜ THUỶ CUNG,309.5,user_or_pattern_selected (ambiguous),5,ERpxBe5vdHg,https://www.youtube.com/watch?v=ERpxBe5vdHg,[MV LYRICS] CHÀNG KHỜ THUỶ CUNG - Negav ft. GREY D | Anh Trai Say Hi,Vie Channel - MUSIC,329,+19.5s,"✅ Tự động chọn theo pattern của bạn (MV Chính thức, lệch +19.5ss)"
0oL2jCTf9P9a7flY5mCpYu,Wxrdie,Trở Về,194.0,automatic,1,lV0OOyDUPII,https://www.youtube.com/watch?v=lV0OOyDUPII,Wxrdie - TRỞ VỀ (ft. JustaTee) [prod. by Phongkhin],Wxrdie,194.0,+0.0,✅ Auto-accepted confident match
0JBBsuv6YHi37NqzCNfr0d,Pháo,SỰ NGHIỆP CHƯỚNG,200.3,user_or_pattern_selected (ambiguous),3,86dN5R-4gBw,https://www.youtube.com/watch?v=86dN5R-4gBw,Pháo | SỰ NGHIỆP CHƯỚNG,Doãn Chí Hành,201,+0.7s,"✅ Tự động chọn theo pattern của bạn (Audio / Lyrics khớp sát thời lượng, lệch +0.7ss)"
2Pwou3Q2Cf59RxdX2V6MgV,Shiki,Có Đôi Điều,174.0,automatic,1,xPXgebIDE6M,https://www.youtube.com/watch?v=xPXgebIDE6M,Shiki - Có Đôi Điều ('Lặng' EP),Shiki,174.0,+0.0,✅ Auto-accepted confident match
6cc5PzJUddXskJGHJINw9F,SOOBIN,DANCING IN THE DARK,227.5,user_or_pattern_selected (no_confident_match),2,ys-1LqlUNCk,https://www.youtube.com/watch?v=ys-1LqlUNCk,SOOBIN - DANCING IN THE DARK | 'BẬT NÓ LÊN' Album (Official Visualizer),SOOBIN Official,226,-1.5s,"✅ Tự động chọn theo pattern của bạn (Kênh Chính thức / Topic / Label, lệch -1.5ss)"
41DlPJXKTCypXdf2eSqa03,Vũ.,Bình Yên,196.0,automatic,1,5PWkbxuf7jc,https://www.youtube.com/watch?v=5PWkbxuf7jc,"bình yên / Vũ. ft. Binz (từ Album ""Bảo Tàng Của Nuối Tiếc"")",Vũ Official,196.0,+0.0,✅ Auto-accepted confident match
0oSc7X1uRQGuEqNRtXEeQL,ERIK,Dù Cho Tận Thế,233.3,automatic,1,laEtGCLWA7o,https://www.youtube.com/watch?v=laEtGCLWA7o,ERIK - 'Dù cho tận thế (vẫn yêu em)' | Official Lyrics Video | OST BỘ TỨ BÁO THỦ,ERIK Official,234.0,+0.7,✅ Auto-accepted confident match
226ljdOTLM2clGpm4mZvAm,Dangrangto,Love is,266.8,automatic,1,h52PcEuzUUA,https://www.youtube.com/watch?v=h52PcEuzUUA,Dangrangto - Love is (Official MV),Dangrangto,270.0,+3.2,✅ Auto-accepted confident match
7fCeYpR02Q8JVuD88hJZVT,Da LAB,Bầu Trời Mới,262.5,automatic,1,Z1D26z9l8y8,https://www.youtube.com/watch?v=Z1D26z9l8y8,Bầu Trời Mới - Da LAB  ft. Minh Tốc & Lam (Official MV),Da LAB Official,291.0,+28.5,✅ Auto-accepted confident match
72NMPuJCRsOUoXQJdzVfdo,Tyronee,Track 06,165.2,automatic,1,KRbDEfYY9U4,https://www.youtube.com/watch?v=KRbDEfYY9U4,Tyronee - Track 06 (Official Visualizer),Tyronee,166.0,+0.8,✅ Auto-accepted confident match
7mblTCdc14ylJ1JW71MODb,buitruonglinh,Giờ Thì,234.2,user_or_pattern_selected (no_confident_match),1,69ZDBWoj5YM,https://www.youtube.com/watch?v=69ZDBWoj5YM,Giờ Thì (Official MV) / buitruonglinh,buitruonglinh,238,+3.8s,"✅ Tự động chọn theo pattern của bạn (Kênh Chính thức / Topic / Label, lệch +3.8ss)"
2oVLEoBVDvYrGmzrU7dEm5,"ANH TRAI ""SAY HI""",TRÀN BỘ NHỚ,210.0,user_or_pattern_selected (no_confident_match),3,qRuSS93OEfw,https://www.youtube.com/watch?v=qRuSS93OEfw,Tràn Bộ Nhớ - Dương Domic | Lyrics Video,Dương Domic,209,-1.0s,"✅ Tự động chọn theo pattern của bạn (Kênh Chính thức / Topic / Label, lệch -1.0ss)"
5JoQSuMrHdu7BcgIY9hDcX,Quang Hùng MasterD,Ánh Mắt Biết Cười,167.8,automatic,1,eUR8nHYyZIA,https://www.youtube.com/watch?v=eUR8nHYyZIA,Quang Hùng MasterD - 'Ánh Mắt Biết Cười' ft. Tăng Duy Tân (Prod. by Drum7) - Official Visualizer,Quang Hùng MasterD,171.0,+3.2,✅ Auto-accepted confident match
6a1uj8onBHUi6TKSREPxHY,B Ray,Ghệ Mới,226.2,automatic,1,ArFyxygoLHs,https://www.youtube.com/watch?v=ArFyxygoLHs,B RAY x YOUNG H x Hipz - GHỆ MỚI (Official Lyrics Video),EvB Records,226.0,-0.2,✅ Auto-accepted confident match
265hQASPY3HFmUH38zZrSK,Dangrangto,MOIEM,191.8,automatic,1,u86aLT05YYY,https://www.youtube.com/watch?v=u86aLT05YYY,Dangrangto - MOIEM (Prod. DONAL) (Official Audio Visualizer),Dangrangto and DONAL,192.0,+0.2,✅ Auto-accepted confident match
5ca1aUHYwTDNO5E6unithq,Bùi Công Nam,Tiến Hay Lùi (Nụ Hôn Bạc Tỷ Original Soundtrack),186.7,user_or_pattern_selected (ambiguous),2,raqxGPDzQN4,https://www.youtube.com/watch?v=raqxGPDzQN4,TIẾN HAY LÙI (OST NỤ HÔN BẠC TỶ) | BÙI CÔNG NAM | LÀN SÓNG XANH 2025,Làn Sóng Xanh,187,+0.3s,"✅ Tự động chọn theo pattern của bạn (Kênh Chính thức / Topic / Label, lệch +0.3ss)"
7KNmIjcmGJIBrhP2s5Vioe,LISA,Born Again,231.2,user_or_pattern_selected (ambiguous),4,zcmCAo_kHmU,https://www.youtube.com/watch?v=zcmCAo_kHmU,LISA - Born Again feat. Doja Cat & RAYE (Lyric Video),LLOUD Official,232,+0.8s,"✅ Tự động chọn theo pattern của bạn (Kênh Chính thức / Topic / Label, lệch +0.8ss)"
79bSb2Ilugozn6VygdplEZ,Andiez,1 Phút,376.0,automatic,1,dLQe4qEfVJw,https://www.youtube.com/watch?v=dLQe4qEfVJw,1 Phút - Andiez,Andiez Official,376.0,+0.0,✅ Auto-accepted confident match
4HxGH28DitgAuuKpEVrLzN,ROSÉ,two years,167.7,automatic,1,lktucPDH5IY,https://www.youtube.com/watch?v=lktucPDH5IY,ROSÉ - two years (official audio),ROSÉ,168.0,+0.3,✅ Auto-accepted confident match
44sYmL97Lv8mEbzgANFkPD,NICKY,thật quá đáng.. để yêu,186.0,user_or_pattern_selected (ambiguous),2,GofFUeDg_KU,https://www.youtube.com/watch?v=GofFUeDg_KU,thật quá đáng.. để yêu - NICKY x AMEE,NICKY,186,+0.0s,"✅ Tự động chọn theo pattern của bạn (Kênh Chính thức / Topic / Label, lệch +0.0ss)"
354swDEk1Zdo9y57fEqmRg,TeuYungBoy,ĐOÁ HOA,159.0,user_or_pattern_selected (no_confident_match),1,P5bzF31Xvg4,https://www.youtube.com/watch?v=P5bzF31Xvg4,Đóa Hoa - BigWind ft TeuYungBoy (prod. DONAL) | Official MV,WORKAHOLIC$ and 3 more,170,+11.0s,"✅ Tự động chọn theo pattern của bạn (Candidate tốt nhất trong nhóm, lệch +11.0ss)"
1XZE0InCx3SdCnLpVsPpZl,LBI利比,跳楼机,201.6,automatic,1,mC1Ket54DW8,https://www.youtube.com/watch?v=mC1Ket54DW8,Jumping Machine (跳楼机) (1.1x),LBI - Topic,184.0,-17.6,✅ Auto-accepted confident match
5WkuMbkHX7yR7nnBKCn7tV,RIO,vạn vật như muốn ta bên nhau,185.6,user_or_pattern_selected (ambiguous),2,IuFUrsvXD6E,https://www.youtube.com/watch?v=IuFUrsvXD6E,Vạn Vật Như Muốn Ta Bên Nhau - RIO | Lyrics Video,Rất Tình,183,-2.6s,"✅ Tự động chọn theo pattern của bạn (Audio / Lyrics khớp sát thời lượng, lệch -2.6ss)"
4gaxEUZE4z9pJAVTSFwgQI,14 Casper,một đời,328.2,user_or_pattern_selected (no_confident_match),1,JgTZvDbaTtg,https://www.youtube.com/watch?v=JgTZvDbaTtg,'một đời' - 14 Casper & Bon Nghiêm (feat. buitruonglinh) (Track 03 - Album 'SỐ KHÔNG'),14 Casper and Bon Nghiêm Official,329,+0.8s,"✅ Tự động chọn theo pattern của bạn (Kênh Chính thức / Topic / Label, lệch +0.8ss)"
3ET3xHCLMGd57u06A9RjJ0,Ronboogz,Nói Dối,206.1,automatic,1,ri-TFS97Hbw,https://www.youtube.com/watch?v=ri-TFS97Hbw,Nói Dối | Ronboogz (Lyrics Video),Ronboogz,207.0,+0.9,✅ Auto-accepted confident match
4OXAneZHFJyQV1RuzCzmH3,VSOUL,Buồn Hay Vui,291.8,user_or_pattern_selected (no_confident_match),1,JV0dEgbX5yk,https://www.youtube.com/watch?v=JV0dEgbX5yk,BUỒN HAY VUI - VSOUL x MCK x Obito x Ronboogz x Boyzed (Official Audio),VSOUL,292,+0.2s,"✅ Tự động chọn theo pattern của bạn (Kênh Chính thức / Topic / Label, lệch +0.2ss)"
2uZmeuNAxSm7XfVIwLkhCx,Ronboogz,nhắn nhủ,241.2,automatic,1,vfKiaXKO44M,https://www.youtube.com/watch?v=vfKiaXKO44M,Nhắn nhủ | Ronboogz (Lyrics video),Ronboogz,242.0,+0.8,✅ Auto-accepted confident match
1o6cYDMHvKOfizi4d9Lqxr,W/N,id 072019,271.7,user_or_pattern_selected (no_confident_match),1,leJb3VhQCrg,https://www.youtube.com/watch?v=leJb3VhQCrg,W/n - id 072019 | 3107 ft 267,W/n,303,+31.3s,"✅ Tự động chọn theo pattern của bạn (Candidate tốt nhất trong nhóm, lệch +31.3ss)"
3P3rcI48wwVEgxF5vPM6pG,Sơn Tùng M-TP,Buông Đôi Tay Nhau Ra,227.5,automatic,1,odX27UVKw2g,https://www.youtube.com/watch?v=odX27UVKw2g,Buông Đôi Tay Nhau Ra,Sơn Tùng M-TP Official,228.0,+0.5,✅ Auto-accepted confident match
0OB5hTu7ELKeVoD6JVRo6m,Quân A.P,Thiên Mệnh,253.6,automatic,1,KsbTR9WjfxQ,https://www.youtube.com/watch?v=KsbTR9WjfxQ,Thiên Mệnh,Quân A.P Official,254.0,+0.4,✅ Auto-accepted confident match
37uug3gaq86yvFTjV6WkaV,Kay Chau Anh,Think About U,172.0,user_or_pattern_selected (no_confident_match),1,jpmuseO0Qcc,https://www.youtube.com/watch?v=jpmuseO0Qcc,Kay Châu Anh - Think About U (prod. Terra Minor x Peakrozes),Kay Châu Anh,185,+13.0s,"✅ Tự động chọn theo pattern của bạn (Kênh Chính thức / Topic / Label, lệch +13.0ss)"
43zzuEWDotRcKlSFzrlJqs,Đạt G,Thêm Bao Nhiêu Lâu,302.0,user_or_pattern_selected (ambiguous),1,sinhZ1l54K8,https://www.youtube.com/watch?v=sinhZ1l54K8,Thêm Bao Nhiêu Lâu - Đạt G || OFFICIAL MV,DatG Music,312,+10.0s,"✅ Tự động chọn theo pattern của bạn (Kênh Chính thức / Topic / Label, lệch +10.0ss)"
7q1qYSyRkGT4ZaCc2ZQihP,Hoàng Tôn,Em Còn Nhớ Anh Không - Remastered,251.8,user_or_pattern_selected (ambiguous),1,n2x-V0dq7qQ,https://www.youtube.com/watch?v=n2x-V0dq7qQ,Em Còn Nhớ Anh Không? - Hoàng Tôn (Feat. Koo) | Lyrics Video,HOÀNG TÔN,249,-2.8s,"✅ Tự động chọn theo pattern của bạn (Kênh Chính thức / Topic / Label, lệch -2.8ss)"
3cZH38witMhkLvATILgEe5,"EM XINH ""SAY HI""",EASIER,198.0,automatic,1,IWeCYCfzTZg,https://www.youtube.com/watch?v=IWeCYCfzTZg,EASIER (Feat. MAIQUINN; NGÔ LAN HƯƠNG; MUỘII; ĐÀO TỬ A1J; SAABIROSE),"EM XINH ""SAY HI"" - Topic",198.0,+0.0,✅ Auto-accepted confident match
2qrpmvkxE0oz78ym1LEvXd,(S)TRONG,Kho Báu,217.7,user_or_pattern_selected (no_confident_match),2,V1Tzgdh53mA,https://www.youtube.com/watch?v=V1Tzgdh53mA,(S)TRONG Trọng Hiếu x Rhymastic - Kho Báu | Lyrics Video,Trong Hieu Official,218,+0.3s,"✅ Tự động chọn theo pattern của bạn (Kênh Chính thức / Topic / Label, lệch +0.3ss)"
4UAnQaQTSMjKjHkqjKwEYx,BTS,Permission to Dance - Live,279.3,automatic,1,vHhivqJUzCE,https://www.youtube.com/watch?v=vHhivqJUzCE,Permission to Dance - Live,BANGTANTV,280.0,+0.7,✅ Auto-accepted confident match
08Hvl1OJalM7dG6mf6jpx6,Low G,Love Game,199.4,automatic,1,cI5b71ZBAn0,https://www.youtube.com/watch?v=cI5b71ZBAn0,Low G | Love Game (ft. tlinh) | OFFICIAL MUSIC VIDEO,Low G,227.0,+27.6,✅ Auto-accepted confident match
7k9aYmnQ1nrp3RMTxNtUQV,"EM XINH ""SAY HI""",EM CHỈ LÀ,314.0,user_or_pattern_selected (no_confident_match),2,2KBi_5yOw9c,https://www.youtube.com/watch?v=2KBi_5yOw9c,"'EM CHỈ LÀ' - HOÀNG DUYÊN sâu lắng cùng Bích Phương, Muộii, LyHan, Tăng Duy Tân | Em Xinh Say Hi",HOÀNG DUYÊN,336,+22.0s,"✅ Tự động chọn theo pattern của bạn (MV Chính thức, lệch +22.0ss)"
34FhBswjcDbFzGx8zcPqoj,"EM XINH ""SAY HI""",GÃ SĂN CÁ,232.6,user_or_pattern_selected (no_confident_match),5,6858VdGzXwI,https://www.youtube.com/watch?v=6858VdGzXwI,"GÃ SĂN CÁ (Feat. EM XINH ""SAY HI"", Lâm Bảo Ngọc, Quỳnh Anh Shyn, MAIQUINN, Saabirose,...","EM XINH ""SAY HI"" - Topic",233,+0.4s,"✅ Tự động chọn theo pattern của bạn (Kênh Chính thức / Topic / Label, lệch +0.4ss)"
3qKeW2XJFZU5CvOQKStQW6,"EM XINH ""SAY HI""",NGƯỜI ĐẦU TIÊN,232.1,automatic,1,HuQdbV_LhvY,https://www.youtube.com/watch?v=HuQdbV_LhvY,"NGƯỜI ĐẦU TIÊN (Feat. EM XINH ""SAY HI"", Juky San)","EM XINH ""SAY HI"" - Topic",233.0,+0.9,✅ Auto-accepted confident match
1ApIGNgp1azc0qB61x4GzG,Hngle,Không Buông,174.9,automatic,1,9UcQ7ddVjoc,https://www.youtube.com/watch?v=9UcQ7ddVjoc,Hngle - KHÔNG BUÔNG ft. Ari | Official Music Video,HNGLE / hưng lê,205.0,+30.1,✅ Auto-accepted confident match
1uiqiUzPn2EJpvHDy84PEZ,"EM XINH ""SAY HI""",KHÔNG ĐAU NỮA RỒI,291.3,user_or_pattern_selected (no_confident_match),4,GHzruRTCIZQ,https://www.youtube.com/watch?v=GHzruRTCIZQ,ED10,EX - Topic,259,-32.3s,"✅ Tự động chọn theo pattern của bạn (Candidate tốt nhất trong nhóm, lệch -32.3ss)"
7C0kNQRFtNhs7Ibx1Q4sLy,"EM XINH ""SAY HI""",HỀ,266.0,user_or_pattern_selected (no_confident_match),3,ux0Sn5vesJ4,https://www.youtube.com/watch?v=ux0Sn5vesJ4,"[Color Coded Lyrics] HỀ - Pháo, Chi Xê, Phương Mỹ Chi, Phương Ly, WEAN | Em Xinh Say Hi",Vie Channel - MUSIC,297,+31.0s,"✅ Tự động chọn theo pattern của bạn (Candidate tốt nhất trong nhóm, lệch +31.0ss)"
11OxuU5y7ebAJyKaY8dOl0,PAR SG,Lý Do Nào Để Quay Lại Với Nhau,116.1,user_or_pattern_selected (no_confident_match),1,OsY3OK4bdpg,https://www.youtube.com/watch?v=OsY3OK4bdpg,Ly do nao de quay lai voi nhau - PAR SG x New$oulZ,Lê Tấn Đạt,117,+0.9s,"✅ Tự động chọn theo pattern của bạn (Candidate tốt nhất trong nhóm, lệch +0.9ss)"
1WbTOu4D2oHK9fg2qR6msd,Việt Anh,Ngày Này Năm Ấy,239.1,automatic,1,WZLTkMxphZ4,https://www.youtube.com/watch?v=WZLTkMxphZ4,Ngày Này Năm Ấy (Metal Rock),Việt Anh Singer Official,230.0,-9.1,✅ Auto-accepted confident match
5rSAUmbOg4giDrM29vUyHe,Sơn Tùng M-TP,Nơi Này Có Anh,260.1,automatic,1,FN7ALfpGxiI,https://www.youtube.com/watch?v=FN7ALfpGxiI,NƠI NÀY CÓ ANH | OFFICIAL MUSIC VIDEO | SƠN TÙNG M-TP,Sơn Tùng M-TP Official,279.0,+18.9,✅ Auto-accepted confident match
3y66li7DIrH7HLKIZzxR5H,Kai Đinh,Lễ Đường,249.3,automatic,1,xXqDbLK2sWs,https://www.youtube.com/watch?v=xXqDbLK2sWs,Lễ Đường (dreamland Version),Kai Dinh Official,229.0,-20.3,✅ Auto-accepted confident match
0SNgVYcHY0UPil9YGmwU5k,"EM XINH ""SAY HI""",CỨ ĐỔ TẠI CƠN MƯA,254.8,user_or_pattern_selected (ambiguous),5,bHn7-LegKd0,https://www.youtube.com/watch?v=bHn7-LegKd0,"Em Xinh ""Say Hi"" - Cứ Đổ Tại Cơn Mưa (Color Coded Lyrics) | kanji",dizzy.k,251,-3.8s,"✅ Tự động chọn theo pattern của bạn (Audio / Lyrics khớp sát thời lượng, lệch -3.8ss)"
7bn8ckDTI4EQIKZ6jRL4K0,Sơn Tùng M-TP,Chúng Ta Không Thuộc Về Nhau,233.0,automatic,1,qGRU3sRbaYw,https://www.youtube.com/watch?v=qGRU3sRbaYw,Chúng Ta Không Thuộc Về Nhau | Official Music Video | Sơn Tùng M-TP,Sơn Tùng M-TP Official,243.0,+10.0,✅ Auto-accepted confident match
7tFwBnuaGXqiiONukPRaCo,Minh Huy,Miên Man,198.0,automatic,1,7uX_f8YzEiI,https://www.youtube.com/watch?v=7uX_f8YzEiI,Minh Huy - Miên Man (OFFICIAL MV),Minh Huy Official,205.0,+7.0,✅ Auto-accepted confident match
0QIBqBajZLLcWfL6mpVsN3,Hải Đăng Doo,Chuyện Chúng Ta Sau Này,245.8,user_or_pattern_selected (no_confident_match),1,PfiToFCr0IM,https://www.youtube.com/watch?v=PfiToFCr0IM,chuyện chúng ta sau này(Official Visualizer MV) - Hai Dang Doo with Weeza,Hai Dang Doo,246,+0.2s,"✅ Tự động chọn theo pattern của bạn (Kênh Chính thức / Topic / Label, lệch +0.2ss)"
2kt7udEZmN2kj1Jsl118zY,Wxrdie,0 AI NGHĨ,190.5,automatic,1,GtmrOux7rgg,https://www.youtube.com/watch?v=GtmrOux7rgg,Wxrdie - 0 AI NGHĨ [feat. @MachiotOfficial],Wxrdie,187.0,-3.5,✅ Auto-accepted confident match
51bYFYWODfYOZU0rwvjiCc,Binz,Cho Mình Em,206.4,user_or_pattern_selected (ambiguous),1,2OKYsYErfFo,https://www.youtube.com/watch?v=2OKYsYErfFo,BINZ x ĐEN - CHO MÌNH EM (Studio Session),Binz Da Poet,209,+2.6s,"✅ Tự động chọn theo pattern của bạn (Kênh Chính thức / Topic / Label, lệch +2.6ss)"
3T7XHOdRcyhKU3QCB6kZG3,MIN,chẳng phải tình đầu sao đau đến thế,283.3,automatic,1,rLNvDu59ffI,https://www.youtube.com/watch?v=rLNvDu59ffI,"MIN - chẳng phải tình đầu sao đau đến thế feat. Dangrangto, Antransax (Official Audio)",MIN OFFICIAL,284.0,+0.7,✅ Auto-accepted confident match
1DVYafsLmcQySKkJnY4RCs,MAYDAYs,Phép Màu,266.7,automatic,1,HhcTaxixdSI,https://www.youtube.com/watch?v=HhcTaxixdSI,Phép Màu (Đàn Cá Gỗ OST) - MAYDAYs ft. Minh Tốc | Official Lyric Video,MAYDAYs,257.0,-9.7,✅ Auto-accepted confident match
2daxUR0gVJr2dOmOtYvW8R,Quang Đăng Trần,Anh Đã Không Biết Cách Yêu Em,245.8,automatic,1,zloQza64-sM,https://www.youtube.com/watch?v=zloQza64-sM,QUANG ĐĂNG TRẦN - ANH ĐÃ KHÔNG BIẾT CÁCH YÊU EM | Official Lyrics Video,Quang Dang Tran Official ,246.0,+0.2,✅ Auto-accepted confident match
7dlgEjrK3lHbP786dshKDV,"ANH TRAI ""SAY HI""",CHỜ ANH VỀ,214.2,automatic,1,5-0qDNPsqE8,https://www.youtube.com/watch?v=5-0qDNPsqE8,"CHỜ ANH VỀ (Feat. ANH TRAI ""SAY HI"", B Ray, AMEE)","ANH TRAI ""SAY HI"" 2025 - Topic",215.0,+0.8,✅ Auto-accepted confident match
29Tj2R8sZZ3fzlXZVe1OyY,Dương Domic,Pin Dự Phòng,226.4,user_or_pattern_selected (no_confident_match),1,IfMv0pJJtAA,https://www.youtube.com/watch?v=IfMv0pJJtAA,Dương Domic ft. Lou Hoàng - Pin Dự Phòng | EP 'Dữ Liệu Quý',Dương Domic,227,+0.6s,"✅ Tự động chọn theo pattern của bạn (Kênh Chính thức / Topic / Label, lệch +0.6ss)"
6gmvd9Lld9MiNR9r6I9eFE,Richie D. ICY,Panorama,205.2,automatic,1,hYU4b-UnCQA,https://www.youtube.com/watch?v=hYU4b-UnCQA,Richie D. ICY x Obito - Panorama (Official Music Video),Richie D. ICY and Obito Official,222.0,+16.8,✅ Auto-accepted confident match
5zXCoF69UxPNLrpar8Rk7e,Nguyễn Hùng,Còn Gì Đẹp Hơn - Mưa Đỏ Original Soundtrack,282.0,user_or_pattern_selected (no_confident_match),3,sLTsE3udRlE,https://www.youtube.com/watch?v=sLTsE3udRlE,Còn Gì Đẹp Hơn (Mưa Đỏ Original Soundtrack),Nguyễn Hùng,282,+0.0s,"✅ Tự động chọn theo pattern của bạn (Kênh Chính thức / Topic / Label, lệch +0.0ss)"
4BdB08vuS9r4HOoY7GkAxT,SOOBIN,Nếu Ngày Ấy,292.8,automatic,1,xBLe8hb2eTU,https://www.youtube.com/watch?v=xBLe8hb2eTU,Nếu Ngày Ấy,SOOBIN Official,293.0,+0.2,✅ Auto-accepted confident match
3rIQPhzwnHiF3PzfFVnXp5,Duongg,Nắng Ấm Trong Tim,248.3,user_or_pattern_selected (no_confident_match),1,8-P928QI-mg,https://www.youtube.com/watch?v=8-P928QI-mg,"Duongg - Nắng Ấm Trong Tim (prod. by Dadeon) | Official Visualizer | EP ""Những Cơn Đau Ngày Đầu""",Duongg Official,260,+11.7s,"✅ Tự động chọn theo pattern của bạn (Kênh Chính thức / Topic / Label, lệch +11.7ss)"
3yWuTOYDztXjZxdE2cIRUa,Taylor Swift,Opalite,235.4,automatic,1,3PJC6uPIekc,https://www.youtube.com/watch?v=3PJC6uPIekc,Taylor Swift - Opalite (Lyric Video),Taylor Swift,239.0,+3.6,✅ Auto-accepted confident match
1fFvYVg1v3rpUSqKNCUh7b,Vũ Cát Tường,Người Bình Thường,284.6,user_or_pattern_selected (no_confident_match),1,X5KvHXWPYm4,https://www.youtube.com/watch?v=X5KvHXWPYm4,VŨ CÁT TƯỜNG - NGƯỜI BÌNH THƯỜNG | OFFICIAL,Vu Cat Tuong,285,+0.4s,"✅ Tự động chọn theo pattern của bạn (Audio / Lyrics khớp sát thời lượng, lệch +0.4ss)"
2ix8KB1Xm7rRGzkh3i8P1d,"ANH TRAI ""SAY HI""",NGƯỜI YÊU CHƯA SINH RA,234.4,user_or_pattern_selected (no_confident_match),5,LBCQ-V9gMRk,https://www.youtube.com/watch?v=LBCQ-V9gMRk,"NGƯỜI YÊU CHƯA SINH RA - OFFICIAL AUDIO | Anh Trai ""Say Hi"" 2025",Vie Channel - MUSIC,255.0,+20.6,✅ Đã tự động tìm & thay thế Audio/MV chuẩn do 5 candidate gốc bị lỗi/lệch (Lệch 20.6s)
7uulTURh3qtUEUnMNtgcA6,B Ray,Feel At Home,163.8,user_or_pattern_selected (no_confident_match),1,6x1yluqMuc4,https://www.youtube.com/watch?v=6x1yluqMuc4,[CHO BẢO] 07. Feel At Home - B Ray - Prod. Ducnn,EvB Records,164,+0.2s,"✅ Tự động chọn theo pattern của bạn (Kênh Chính thức / Topic / Label, lệch +0.2ss)"
6KIhgRkprgyJNERRMu7Quh,MIN,Có Em Chờ,234.0,automatic,1,_YzngEllRgM,https://www.youtube.com/watch?v=_YzngEllRgM,MIN - Có Em Chờ ft. Mr A (Official MV),MIN OFFICIAL,244.0,+10.0,✅ Auto-accepted confident match
5U30iZBlmxkpHqzb1OSnBS,Rhymastic,Yêu 5,240.0,user_or_pattern_selected (ambiguous),4,y576-ONm5II,https://www.youtube.com/watch?v=y576-ONm5II,Lyrics || YÊU 5 - Rhymastic,Jen Hoang,251,+11.0s,"✅ Tự động chọn theo pattern của bạn (Candidate tốt nhất trong nhóm, lệch +11.0ss)"
5wYQC7AuxV8ROALWcbVNxc,Hoàng Dũng,Giữ Anh Cho Ngày Hôm Qua,290.6,automatic,1,IADhKnmQMtk,https://www.youtube.com/watch?v=IADhKnmQMtk,HOÀNG DŨNG - GIỮ ANH CHO NGÀY HÔM QUA (feat. RHYMASTIC) | OFFICIAL MUSIC VIDEO,Hoàng Dũng,345.0,+54.4,✅ Auto-accepted confident match
527UV7H9SbnmTVkxBVg56X,Sơn Tùng M-TP,Chắc Ai Đó Sẽ Về,262.2,automatic,1,obUwyRm6hac,https://www.youtube.com/watch?v=obUwyRm6hac,Chắc Ai Đó Sẽ Về,Sơn Tùng M-TP Official,263.0,+0.8,✅ Auto-accepted confident match
6Qwl74olNi1rl65FNxG5We,marzuz,Và Thế Giới Đã Mất Đi Một Người Cô Đơn,201.2,automatic,1,SDNEti5YyJU,https://www.youtube.com/watch?v=SDNEti5YyJU,Và Thế Giới Đã Mất Đi Một Người Cô Đơn,marzuz,202.0,+0.8,✅ Auto-accepted confident match
6GM4ZOBDcDroldUxI8GZ2B,VSTRA,Ai Ngoài Anh,199.0,automatic,1,cthtCRmTcgA,https://www.youtube.com/watch?v=cthtCRmTcgA,VSTRA - Ai Ngoài Anh (Official Audio),VSTRA,199.0,+0.0,✅ Auto-accepted confident match
0t8g66pWghsU8MphjUQIdg,Phùng Khánh Linh,Cảm Ơn Người Đã Thức Cùng Tôi - Original Soundtrack,293.5,user_or_pattern_selected (no_confident_match),1,J3IRYx3PzzM,https://www.youtube.com/watch?v=J3IRYx3PzzM,Cảm Ơn Người Đã Thức Cùng Tôi - Phùng Khánh Linh - Official Lyrics Video - Themesong,30 Pictures and Phùng Khánh Linh,294,+0.5s,"✅ Tự động chọn theo pattern của bạn (Kênh Chính thức / Topic / Label, lệch +0.5ss)"
5DB1UwivnS4gmcZ27TiYnE,Juky San,Người Đầu Tiên,215.9,automatic,1,HuQdbV_LhvY,https://www.youtube.com/watch?v=HuQdbV_LhvY,"NGƯỜI ĐẦU TIÊN (Feat. EM XINH ""SAY HI"", Juky San)","EM XINH ""SAY HI"" - Topic",233.0,+17.1,✅ Auto-accepted confident match
6GUKRhIsWxA7VuZW8MKQLG,Dương Domic,Không Thời Gian,217.7,automatic,1,QGa6FL98h-c,https://www.youtube.com/watch?v=QGa6FL98h-c,Không Thời Gian - Dương Domic (Official Visualizer),Dương Domic,218.0,+0.3,✅ Auto-accepted confident match
66LE366537RxmOur0DcGFH,Wren Evans,Vừa Tìm Thấy Đã Đánh Mất,262.7,automatic,1,zqYVY9nKg24,https://www.youtube.com/watch?v=zqYVY9nKg24,Vừa Tìm Thấy Đã Đánh Mất,Wren Evans Official,263.0,+0.3,✅ Auto-accepted confident match
4D1eaEIisnWCVPMnYuMh7q,白浩贤BlueC,漫步香港1999,221.3,user_or_pattern_selected (no_confident_match),3,n8OFt4fqO6Q,https://www.youtube.com/watch?v=n8OFt4fqO6Q,森海 MORI Ep.01 | 布鲁昔 - 漫步香港1999 / Wandering in Hong Kong 1999 (4K),森海 MORI,222,+0.7s,"✅ Tự động chọn theo pattern của bạn (Kênh Chính thức / Topic / Label, lệch +0.7ss)"
43BJVWcBzHRIDaQCg7abnX,BLACKPINK,Champion,173.0,automatic,1,PgOGYHPoPsE,https://www.youtube.com/watch?v=PgOGYHPoPsE,BLACKPINK - ‘Champion’ (Official Audio),BLACKPINK,173.0,+0.0,✅ Auto-accepted confident match
6s3w7SUVtmm68Bw5KrKMh0,BTS,One More Night,167.6,automatic,1,471JvbFq1Mw,https://www.youtube.com/watch?v=471JvbFq1Mw,One More Night,BANGTANTV,168.0,+0.4,✅ Auto-accepted confident match
66v7AvDs5gZfmkJgFMMtHL,Công Dương,A Little Dream Of Me,139.0,user_or_pattern_selected (ambiguous),3,6Lrb6Yf21m8,https://www.youtube.com/watch?v=6Lrb6Yf21m8,A Little Dream of Me - Công Dương ft. Thảo Tâm - MV/Best Cut - Cảm Ơn Người Đã Thức Cùng Tôi OST,30 Pictures,140,+1.0s,"✅ Tự động chọn theo pattern của bạn (Audio / Lyrics khớp sát thời lượng, lệch +1.0ss)"
3VkV6L37ub0rtuYQoawAqz,Lil Zpoet,Tình Mình Lạ Kì,300.8,user_or_pattern_selected (no_confident_match),3,Rf7hLmGaEFc,https://www.youtube.com/watch?v=Rf7hLmGaEFc,[FMV]  LIL Z - Tình Mình Lạ Kì | Can This Love Be Translated?,Yunnie,295,-5.8s,"✅ Tự động chọn theo pattern của bạn (Candidate tốt nhất trong nhóm, lệch -5.8ss)"
5tmA5oQDF0ULqRI12LKCDw,JayKii,Chiều Hôm Ấy,306.9,automatic,1,SA35ldy92s0,https://www.youtube.com/watch?v=SA35ldy92s0,JayKii | CHIỀU HÔM ẤY (Official MV),JayKii OFFICIAL,318.0,+11.1,✅ Auto-accepted confident match
4SqE2XLtd1AfppGm2xlkf4,Sơn Tùng M-TP,Nắng Ấm Xa Dần,191.9,automatic,1,488ceQWoGGw,https://www.youtube.com/watch?v=488ceQWoGGw,Nắng Ấm Xa Dần - Sơn Tùng M-TP,Sơn Tùng M-TP Official,192.0,+0.1,✅ Auto-accepted confident match
3W77mLoXjQEkNjxvYRifjG,Ánh Sáng AZA,tâm trí lang thang,237.9,automatic,1,5vlaJk_p07c,https://www.youtube.com/watch?v=5vlaJk_p07c,tâm trí lang thang - Ánh Sáng AZA ft. Negav (Official Visualizer),Ánh Sáng AZA Official,245.0,+7.1,✅ Auto-accepted confident match
15yC0BCinDyknKpjk0VLku,Hoà Minzy,Tết Nhà Mình,235.2,user_or_pattern_selected (no_confident_match),2,ZYk8QscZTbA,https://www.youtube.com/watch?v=ZYk8QscZTbA,Tết Nhà Mình - Hòa Minzy & Lăng LD | Gala Nhạc Việt 15,Gala Nhạc Việt,235,-0.2s,"✅ Tự động chọn theo pattern của bạn (Kênh Chính thức / Topic / Label, lệch -0.2ss)"
2HEd2fkMbbIclpv8pYvWW0,Dangrangto,để dành cho em,293.5,user_or_pattern_selected (ambiguous),1,QxXYWMIQAcQ,https://www.youtube.com/watch?v=QxXYWMIQAcQ,Dangrangto - 'để dành cho em' (Visualizer),Dangrangto and DONAL,294,+0.5s,"✅ Tự động chọn theo pattern của bạn (Kênh Chính thức / Topic / Label, lệch +0.5ss)"
0NyrI1tMvqcK3vU5z9DMdI,JustaTee,She Neva Knows,293.0,user_or_pattern_selected (ambiguous),1,NU-OIRTiVsM,https://www.youtube.com/watch?v=NU-OIRTiVsM,JustaTee - She Neva Knows ( Original ),Touliver,290,-3.0s,"✅ Tự động chọn theo pattern của bạn (Audio / Lyrics khớp sát thời lượng, lệch -3.0ss)"
0a32EBPjqAe47cYDPE5Ia5,Binz,Em,297.0,user_or_pattern_selected (no_confident_match),2,6uVJqD2hSGQ,https://www.youtube.com/watch?v=6uVJqD2hSGQ,07. Em - Binz (feat. SOOBIN) | Gặp Lại Album,Binz Da Poet,296,-1.0s,"✅ Tự động chọn theo pattern của bạn (Kênh Chính thức / Topic / Label, lệch -1.0ss)"
6BnPsHZv1jPbPAsQsm0s5b,RPT MCK,Nếu Như Ta Chẳng Còn,318.0,user_or_pattern_selected (no_confident_match),1,rYWLIJB214Q,https://www.youtube.com/watch?v=rYWLIJB214Q,Nếu Như Ta Chẳng Còn - MCK (ft. A$AP Ướt Mi),MCK // Nger,315,-3.0s,"✅ Tự động chọn theo pattern của bạn (Kênh Chính thức / Topic / Label, lệch -3.0ss)"
2KslE17cAJNHTsI2MI0jb2,Jung Kook,Standing Next to You,206.0,automatic,1,UNo0TG9LwwI,https://www.youtube.com/watch?v=UNo0TG9LwwI,정국 (Jung Kook) 'Standing Next to You' Official MV,HYBE LABELS,227.0,+21.0,✅ Auto-accepted confident match
11T61UpoNbbcewOMl1kcWN,NHONHO,Dạo Bước HongKong 1999,209.7,user_or_pattern_selected (ambiguous),1,FZZBvg_D-Z0,https://www.youtube.com/watch?v=FZZBvg_D-Z0,Dạo Bước HongKong 1999,NHONHO mơi nhạc,210,+0.3s,"✅ Tự động chọn theo pattern của bạn (Kênh Chính thức / Topic / Label, lệch +0.3ss)"
0GXZXSDFSbJjqdGifjSaig,buitruonglinh,Sớm Như Vậy,220.9,user_or_pattern_selected (no_confident_match),4,aqEjQyNTP8c,https://www.youtube.com/watch?v=aqEjQyNTP8c,Sớm Như Vậy / Buitruonglinh (Lyrics Video),buitruonglinh station and buitruonglinh,219,-1.9s,"✅ Tự động chọn theo pattern của bạn (Kênh Chính thức / Topic / Label, lệch -1.9ss)"
6mKMGpkgP2cH5gmqILWe7b,Fishy,vết thương,261.6,automatic,1,LIKOvbJ-DZg,https://www.youtube.com/watch?v=LIKOvbJ-DZg,fishy - VẾT THƯƠNG - OFFICIAL MUSIC VIDEO,fishy,258.0,-3.6,✅ Auto-accepted confident match
0hB27T4dy9qBUcZabsrLOj,HIEUTHUHAI,Dạo Gần Đây Anh Thấy Anh Không Bằng Ai Hết,203.5,automatic,1,wHwRdqJ3TD4,https://www.youtube.com/watch?v=wHwRdqJ3TD4,HIEUTHUHAI - Dạo Gần Đây Anh Thấy Anh Không Bằng Ai Hết (prod. by Kewtiie) | Official Lyric Video,HIEUTHUHAI,205.0,+1.5,✅ Auto-accepted confident match
1UhQ0VwKq2PGnLiAZOJYV1,Binz,Em,208.3,user_or_pattern_selected (ambiguous),1,CU2PtRKBkuw,https://www.youtube.com/watch?v=CU2PtRKBkuw,Em - Binz,Binz Da Poet,208,-0.3s,"✅ Tự động chọn theo pattern của bạn (Kênh Chính thức / Topic / Label, lệch -0.3ss)"
0pavLg3wbL6PVXAgXoWv4S,24k.Right,Một Nửa Sự Thật,230.0,automatic,1,xnIIoan7ft8,https://www.youtube.com/watch?v=xnIIoan7ft8,"24K.RIGHT - MỘT NỬA SỰ THẬT [feat. NGẮN, HIPZ] | OFFICIAL MUSIC VIDEO",24kRight,260.0,+30.0,✅ Auto-accepted confident match
4nyoalDFgUaZOzIKqj3aS5,Đặng Vĩnh Thịnh,Ngàn Năm Ánh Sáng,214.4,automatic,1,5aU6EXel1Cs,https://www.youtube.com/watch?v=5aU6EXel1Cs,NGÀN NĂM ÁNH SÁNG - ĐẶNG VĨNH THỊNH (Official Lyric Video),Đặng Vĩnh Thịnh,215.0,+0.6,✅ Auto-accepted confident match
22GCbN9OyrCa1tC1jZnX8O,Thắng,Gội Đầu,264.8,automatic,1,d411rY1RrB0,https://www.youtube.com/watch?v=d411rY1RrB0,Gội Đầu (feat. Hà Lê),Thắng,265.0,+0.2,✅ Auto-accepted confident match
6IxPiUQI4Cd0mL0pBIOjAg,HIEUTHUHAI,Hết Yêu,240.5,automatic,1,Cmz5f3Sock4,https://www.youtube.com/watch?v=Cmz5f3Sock4,HIEUTHUHAI - Hết Yêu (prod. by Kewtiie) | Official Lyric Video,HIEUTHUHAI,242.0,+1.5,✅ Auto-accepted confident match
71luUs5K7N1fdf7ecMKg04,B Ray,Cho Con (Lullaby pt.2),137.1,user_or_pattern_selected (no_confident_match),1,ERABWON9Qck,https://www.youtube.com/watch?v=ERABWON9Qck,[UNhiddenGem Mixtape] 3. Cho Con (Lullaby pt.2)  - B Ray,EvB Records,138,+0.9s,"✅ Tự động chọn theo pattern của bạn (Kênh Chính thức / Topic / Label, lệch +0.9ss)"
4wD6v7xAl1Hhfl2rli4q0n,HIEUTHUHAI,Vacheron Louie V,169.6,automatic,1,UUGScGFbPxk,https://www.youtube.com/watch?v=UUGScGFbPxk,HIEUTHUHAI - Vacheron Louie V ft. Hustlang Robber (prod. by Kewtiie) | Official Lyric Video,HIEUTHUHAI,172.0,+2.4,✅ Auto-accepted confident match
6ag0c7tBr3PIqPb00C2rK4,VCT,NGƯỜI NHƯ ANH XỨNG ĐÁNG CÔ ĐƠN - KHÔNG ĐAU NỮA RỒI,354.4,user_or_pattern_selected (no_confident_match),4,w-Ele0UMXr0,https://www.youtube.com/watch?v=w-Ele0UMXr0,"NGƯỜI NHƯ ANH XỨNG ĐÁNG CÔ ĐƠN - Vũ Cát Tường, Ngô Kiến Huy, NEGAV, Jey B, Karik |[Performance]",Vie Channel - MUSIC,334,-20.4s,"✅ Tự động chọn theo pattern của bạn (MV Chính thức, lệch -20.4ss)"
1r9gNSD1WUFscqTSA2Rcet,MAYDAYs,Hẹn Lần Sau,219.4,automatic,1,44D1CzNtbG0,https://www.youtube.com/watch?v=44D1CzNtbG0,Hẹn Lần Sau - MAYDAYs (Official Visualizer),MAYDAYs,220.0,+0.6,✅ Auto-accepted confident match
1VyXprVXZYNGWWZf1u4JfN,CORTIS,Blue Lips,141.9,automatic,1,hOIY3OhvD94,https://www.youtube.com/watch?v=hOIY3OhvD94,CORTIS (코르티스) 'Blue Lips' Official MV,HYBE LABELS and CORTIS,170.0,+28.1,✅ Auto-accepted confident match
0KA8tBqZ81mBe2po59GK5j,Đỗ Hoàng Long,Trạng Thái Mộng Mơ,295.4,automatic,1,mp0c6OMtvGA,https://www.youtube.com/watch?v=mp0c6OMtvGA,Trạng Thái Mộng Mơ,Đỗ Hoàng Long - Topic,296.0,+0.6,✅ Auto-accepted confident match
5YPU2SdqR2pOsfFs5AW25q,Rum,Kém Duyên,224.7,user_or_pattern_selected (no_confident_match),1,cvoyUIIAdrY,https://www.youtube.com/watch?v=cvoyUIIAdrY,KÉM DUYÊN | RUM X NIT X MASEW,Rum,225,+0.3s,"✅ Tự động chọn theo pattern của bạn (Kênh Chính thức / Topic / Label, lệch +0.3ss)"
2w7jOvl0kpplNxisgfnCdT,Đức Trường,Nếu Biết Đó Là Lần Cuối,240.0,automatic,1,HmB5x6wu79E,https://www.youtube.com/watch?v=HmB5x6wu79E,NẾU BIẾT ĐÓ LÀ LẦN CUỐI - ĐỨC TRƯỜNG (OFFICIAL MUSIC VIDEO),Đức Trường,252.0,+12.0,✅ Auto-accepted confident match
5UUNrCgGtC6JOrATM3y3ZT,HIEUTHUHAI,Sắp Nổi Tiếng 2,205.0,automatic,1,LDv_xwt2MMY,https://www.youtube.com/watch?v=LDv_xwt2MMY,HIEUTHUHAI - Sắp Nổi Tiếng 2 (prod. by Kewtiie) | Official Lyric Video,HIEUTHUHAI,205.0,+0.0,✅ Auto-accepted confident match
4TmcmTzr88j02kCDh19VNt,"TINH HÀ ""SAY HI""",SECRET,280.6,user_or_pattern_selected (no_confident_match),4,tP5sWLmk2Iw,https://www.youtube.com/watch?v=tP5sWLmk2Iw,SECRET | TINH HÀ SAY HI | OFFICIAL VISUALIZER,Vie Channel - MUSIC,281,+0.4s,"✅ Tự động chọn theo pattern của bạn (Kênh Chính thức / Topic / Label, lệch +0.4ss)"
7aBUKC55ymgBw7M5gdppte,"TINH HÀ ""SAY HI""",MRT,331.2,user_or_pattern_selected (no_confident_match),2,ZTbziS5_eso,https://www.youtube.com/watch?v=ZTbziS5_eso,MRT | TINH HÀ SAY HI | OFFICIAL VISUALIZER,Vie Channel - MUSIC,332,+0.8s,"✅ Tự động chọn theo pattern của bạn (Kênh Chính thức / Topic / Label, lệch +0.8ss)"
73RcFjiDtStfP3GCW44vJu,Minh Huy,Ngày Rời Chuyến Bay,229.4,automatic,1,sPQXOA6pzOg,https://www.youtube.com/watch?v=sPQXOA6pzOg,Minh Huy - Ngày Rời Chuyến Bay ft Pinny ( Official Music Video ),Minh Huy Official and Pinny Official ,275.0,+45.6,✅ Auto-accepted confident match
1IWEzoYndBj6ntPQ1nYiFP,"TINH HÀ ""SAY HI""",LAVIEM,270.6,user_or_pattern_selected (no_confident_match),2,Jv6oLh4FO-E,https://www.youtube.com/watch?v=Jv6oLh4FO-E,LAVIEM | TINH HÀ SAY HI | OFFICIAL VISUALIZER,Vie Channel - MUSIC,271,+0.4s,"✅ Tự động chọn theo pattern của bạn (Kênh Chính thức / Topic / Label, lệch +0.4ss)"
6CTdPSNvUYw7UjerVIkUia,Dangrangto,xương rồng (intro),245.0,automatic,1,4jjOH2FR6-E,https://www.youtube.com/watch?v=4jjOH2FR6-E,Dangrangto - 'xương rồng (intro)' (Prod. DONAL),Dangrangto,254.0,+9.0,✅ Auto-accepted confident match
4VjLWbQhf8KUPMeuBO5H55,"TINH HÀ ""SAY HI""",MVP (MƯA VỘI PHÓNG),221.8,user_or_pattern_selected (ambiguous),5,_5ccR5Fjf0g,https://www.youtube.com/watch?v=_5ccR5Fjf0g,TINH HÀ SAY HI - MVP (Mưa Vội Phóng) Lyrics (Color Coded Lyrics),chnee,222,+0.2s,"✅ Tự động chọn theo pattern của bạn (Audio / Lyrics khớp sát thời lượng, lệch +0.2ss)"
0CY9y1F7RcRSV3raHljdxu,"TINH HÀ ""SAY HI""",THẾ GIỚI CỦA ANH,257.6,user_or_pattern_selected (no_confident_match),2,w_oVLeAsI2c,https://www.youtube.com/watch?v=w_oVLeAsI2c,THẾ GIỚI CỦA ANH | TINH HÀ SAY HI | OFFICIAL VISUALIZER,Vie Channel - MUSIC,264,+6.4s,"✅ Tự động chọn theo pattern của bạn (Kênh Chính thức / Topic / Label, lệch +6.4ss)"
4HjBeRYorM50d1rCrl853a,"TINH HÀ ""SAY HI""",50 CUỘC GỌI NHỠ,240.0,user_or_pattern_selected (no_confident_match),1,pbAc78KfJNA,https://www.youtube.com/watch?v=pbAc78KfJNA,"Quang Hùng MasterD - ‘50 Cuộc Gọi Nhỡ’ (ft. CoolKid, Cody Nam Võ, Jaysonlei) / TINH HÀ SAY HI",Quang Hùng MasterD,261,+21.0s,"✅ Tự động chọn theo pattern của bạn (MV Chính thức, lệch +21.0ss)"
6Zoi4ue74UdUeYmHXItXnf,B Ray,Vùng An Toàn,266.0,user_or_pattern_selected (no_confident_match),1,_XX248bq6Pw,https://www.youtube.com/watch?v=_XX248bq6Pw,[CHO BẢO] 02. Vùng An Toàn - B Ray (ft. V#) - Prod. Hipz,EvB Records,266,+0.0s,"✅ Tự động chọn theo pattern của bạn (Kênh Chính thức / Topic / Label, lệch +0.0ss)"
0eAuGrXyGFYwur9ARUe7LJ,Malcolm Todd,Earrings,151.5,automatic,1,a4tdS3IB294,https://www.youtube.com/watch?v=a4tdS3IB294,Malcolm Todd - Earrings (Official Visualizer),Malcolm Todd,152.0,+0.5,✅ Auto-accepted confident match
5jCSifehmtV2KDWLoXgA8F,Anh Trai Vượt Ngàn Chông Gai,MOVE ON,220.6,automatic,1,hV0Ik2F39KY,https://www.youtube.com/watch?v=hV0Ik2F39KY,MOVE ON,Anh Trai Vượt Ngàn Chông Gai - Topic,221.0,+0.4,✅ Auto-accepted confident match
50xuQI5QlXggFKpq66IBON,MONO,Sandwich & Story,235.7,automatic,1,xxe5d9QJav4,https://www.youtube.com/watch?v=xxe5d9QJav4,Sandwich & Story - MONO (BEAUTIFUL MELODY Album - Track No. 04),Mono Official,240.0,+4.3,✅ Auto-accepted confident match
3bmqUlen7AJeTh3EKCEPHe,"TINH HÀ ""SAY HI""",CÔ ĐƠN ANH CŨNG VUI,350.4,user_or_pattern_selected (no_confident_match),4,irl_V_crE2g,https://www.youtube.com/watch?v=irl_V_crE2g,CÔ ĐƠN ANH CŨNG VUI | TINH HÀ SAY HI | OFFICIAL VISUALIZER,Vie Channel - MUSIC,350,-0.4s,"✅ Tự động chọn theo pattern của bạn (Kênh Chính thức / Topic / Label, lệch -0.4ss)"
5tdz7T4hTxA1ipJMBe24uX,AMEE,"ex's hate me, Pt.2",216.5,user_or_pattern_selected (no_confident_match),1,86htdJAHF-E,https://www.youtube.com/watch?v=86htdJAHF-E,AMEE x B RAY - Ex’s Hate Me (Part 2) | Lyric Video (from album “dreAMEE”),ST.319 Entertainment,221,+4.5s,"✅ Tự động chọn theo pattern của bạn (Kênh Chính thức / Topic / Label, lệch +4.5ss)"
20jbSiX29FDX4oQxBXyUEi,Ariana Grande,hate that i made you love me,197.9,automatic,1,v1t4MTqdfyI,https://www.youtube.com/watch?v=v1t4MTqdfyI,Ariana Grande - hate that i made you love me (official lyric video),Ariana Grande,199.0,+1.1,✅ Auto-accepted confident match
6Q2oEdOhRjZ1DTv2a7j0lN,PC,Ghé Qua,237.2,user_or_pattern_selected (no_confident_match),3,W2FRMzCuPzY,https://www.youtube.com/watch?v=W2FRMzCuPzY,Ghé Qua - Dick x Tofu x PC [Official Audio],TaynguyenSound Official and 2 more,237,-0.2s,"✅ Tự động chọn theo pattern của bạn (Kênh Chính thức / Topic / Label, lệch -0.2ss)"
7Ldcvhcl4Xj4eOTSWpZus5,CORTIS,ACAI,173.9,automatic,1,nCElUD0jvgo,https://www.youtube.com/watch?v=nCElUD0jvgo,CORTIS (코르티스) 'ACAI' Official MV,HYBE LABELS and CORTIS,191.0,+17.1,✅ Auto-accepted confident match
6LakfNLAPklxBWkexiRfD0,52Hz,ĐỢI,199.3,automatic,1,cizoIav3geY,https://www.youtube.com/watch?v=cizoIav3geY,ĐỢI - 52Hz (prod. RIO) | Official Lyric Video,52Hz,197.0,-2.3,✅ Auto-accepted confident match
3H6nzsPNMttEvUl3ai3xN8,Chillies,Vùng Ký Ức,296.5,automatic,1,T0sHaz4H9MQ,https://www.youtube.com/watch?v=T0sHaz4H9MQ,Vùng Ký Ức - Chillies (Official Music Video),Chillies,329.0,+32.5,✅ Auto-accepted confident match
6E3P4uOfKHYXJLK6Q3s0Tj,JustaTee,Cơn Mưa Cuối,324.1,user_or_pattern_selected (ambiguous),1,-esiEI4HTdk,https://www.youtube.com/watch?v=-esiEI4HTdk,(Lyric Video) Cơn Mưa Cuối - JustaTee x Binz,JustaTeeMusic,329,+4.9s,"✅ Tự động chọn theo pattern của bạn (Kênh Chính thức / Topic / Label, lệch +4.9ss)"
65st6HfPZyxq1RNTvqSIos,Wren Evans,Thu Đợi,310.8,automatic,1,BIbgncfLpl0,https://www.youtube.com/watch?v=BIbgncfLpl0,WREN EVANS - THU ĐỢI | OFFICIAL LYRICS VIDEO (ft. itsnk),Wren Evans Official,312.0,+1.2,✅ Auto-accepted confident match
0k1WUmIRnGevOj4ajyKtYG,Drake,Way 2 Sexy,257.6,automatic,1,Qr2PWFDB4ZU,https://www.youtube.com/watch?v=Qr2PWFDB4ZU,"Drake - Way 2 Sexy (Audio) ft. Future, Young Thug",Drake,258.0,0.4,Auto-accepted confident match
0WvBRw00gR7wXkQWj42n7K,Drake,Pussy & Millions,243.0,automatic,1,8LpAtRIakkk,https://www.youtube.com/watch?v=8LpAtRIakkk,"Drake, 21 Savage - Pussy & Millions (Audio) ft. Travis Scott",Drake,243.0,0.0,Auto-accepted confident match
4C6U5NNG7KHnfRukjoIpZa,Nicki Minaj,Super Freaky Girl,171.0,manual_selected,1,j5uAR9w7LBg,https://www.youtube.com/watch?v=j5uAR9w7LBg,Nicki Minaj - Super Freaky Girl (Official Music Video),Nicki Minaj,230.0,59.0,Manual selected
