spotify_track_id,title,artist,release_date,duration_ms,youtube_video_id,youtube_title,youtube_channel,youtube_duration,title_similarity,title_conflict,identity_evidence,source_evidence,duration_difference_ratio,hard_invalid,status,match_method,is_official
6Im9k8u9iIzKMrmV7BWtlF,34+35,Ariana Grande,2020-10-30,173710,cnyCcF20pRo,Ariana Grande - 34+35 (official lyric video),Ariana Grande,175.0,100.0,False,"[""exact_channel_artist"", ""artist_in_title""]","[""official_lyric_video""]",0.007426170053537505,False,automatic,youtube_search,True
4SFknyjLcyTLJFPKD2m96o,How You Like That,BLACKPINK,2020-10-02,182956,ioNng23DkIM,BLACKPINK - 'How You Like That' M/V,BLACKPINK,184.0,100.0,False,"[""exact_channel_artist"", ""artist_in_title""]","[""music_video""]",0.005706290036948775,False,automatic,youtube_search,True
3aQem4jVGdhtg116TmJnHz,What’s Next,Drake,2021-03-05,178153,3jo8E95fDqA,Drake - What’s Next (Official Lyric Video),Drake,179.0,100.0,False,"[""exact_channel_artist"", ""artist_in_title""]","[""official_lyric_video""]",0.004754340370355817,False,automatic,youtube_search,True
5QO79kh1waicV47BqGRL3g,Save Your Tears,The Weeknd,2020-03-20,215626,XXYlFuWEuKI,The Weeknd - Save Your Tears (Official Music Video),The Weeknd,249.0,100.0,False,"[""exact_channel_artist"", ""artist_in_title""]","[""official_music_video""]",0.15477725320694166,False,automatic,youtube_search,True
2Zr0bYRHwWXi7eM2wuE6Aj,VVS,MIRANI,2020-11-21,335253,hq9hcJIzB6w,VVS (Feat. JUSTHIS) (Prod. GroovyRoom),MIRANI,336.0,100.0,False,"[""exact_channel_artist""]",,0.002228167980599726,False,automatic,youtube_search,True
2dHoVW9AxJVSRebPRyV2aA,Gone,ROSÉ,2021-03-12,207163,K9_VFxzCuQ0,ROSÉ - 'Gone' M/V,BLACKPINK,221,100,False,"[""artist_in_channel"", ""artist_in_title""]","[""music_video""]",0.066602,False,automatic,user_or_pattern_selected (ambiguous),False
5KawlOMHjWeUjQtnuRs22c,Boy With Luv,BTS,2019-04-12,229773,XsX3ATc3FbA,BTS (방탄소년단) '작은 것들을 위한 시 (Boy With Luv) (feat. Halsey)' Official MV,HYBE LABELS,253.0,100.0,False,"[""artist_in_channel"", ""artist_in_title""]","[""official_channel"", ""official_music_video""]",0.1010867247239667,False,automatic,youtube_search,True
0n2moJpAEWHwaPYYjkzMDl,Blue & Grey,BTS,2020-11-20,254950,amnspvOH-EE,Blue & Grey,BANGTANTV,255.0,100.0,False,"[""artist_in_channel""]","[""official_channel""]",0.00019611688566385565,False,automatic,youtube_search,True
6F2r4HgpJnvKDmkN6JEN6J,As I Am,Justin Bieber,2021-03-19,174406,33Uh-uNb5Oc,Justin Bieber - As I Am (Visualizer) ft. Khalid,Justin Bieber,175.0,100.0,False,"[""exact_channel_artist"", ""artist_in_title""]","[""visualizer""]",0.003405846129146933,False,automatic,youtube_search,True
3eZYOQO4UzKrUDYDghtnFw,test drive,Ariana Grande,2021-02-19,122174,1zNYZd94ui8,Ariana Grande - test drive (official audio),Ariana Grande,123.0,100.0,False,"[""exact_channel_artist"", ""artist_in_title""]","[""official_audio""]",0.00676084928053432,False,automatic,youtube_search,True
0CnpSTdL9l5vQM4YnzXtyo,Panorama,IZ*ONE,2020-12-07,222853,G8GaQdW2wHc,IZ*ONE (아이즈원) 'Panorama' MV,STONE MUSIC,232.0,100.0,False,"[""artist_in_channel"", ""artist_in_title""]","[""official_channel"", ""music_video""]",0.04104499378514088,False,automatic,youtube_search,True
2dkFOWqyiVFS3xsQUEdBJG,친구,BTS,2020-02-01,199338,h7mZX8INIYI,Friends,BANGTANTV,200.0,100.0,False,"[""artist_in_channel""]","[""official_channel""]",0.0033209924851257664,False,automatic,youtube_search,True
3apeXzypBMnUfYcZYNX6DH,I CAN'T STOP ME,TWICE,2020-10-26,205493,CM4CkVFmTds,"TWICE ""I CAN'T STOP ME"" M/V",JYP Entertainment,221.0,100.0,False,"[""artist_in_channel"", ""artist_in_title""]","[""official_channel"", ""music_video""]",0.07546242451081059,False,automatic,youtube_search,True
0ono6UCNVZ1XqOm6j78Blu,Filter,BTS,2020-02-21,180220,dNUnnb8F-Cw,Filter,BANGTANTV,181.0,100.0,False,"[""artist_in_channel""]","[""official_channel""]",0.004328043502385972,False,automatic,youtube_search,True
3J8EOeKLTLXORtWPpOU5bE,Calling My Phone,Lil Tjay,2021-04-02,205458,zzd4ydafGR0,Lil Tjay - Calling My Phone (feat. 6LACK) [Official Video],Lil Tjay,202.0,100.0,False,"[""exact_channel_artist"", ""artist_in_title""]","[""official_video""]",0.01683069045741709,False,automatic,youtube_search,True
6kH1sKkvgN4Yikake52glq,We Ride,Brave Girls,2020-08-14,189933,4HjcypoChfQ,[MV] Brave Girls(브레이브걸스) _ We Ride(운전만해),1theK (원더케이),207.0,100.0,False,"[""artist_in_channel"", ""artist_in_title""]","[""official_channel"", ""music_video""]",0.08985800255879704,False,automatic,youtube_search,True
1t2qYCAjUAoGfeFeoBlK51,Black Mamba,aespa,2020-11-17,174933,1YUGlb71FE8,aespa 'Black Mamba' Lyrics (에스파 Black Mamba 가사) (Color Coded Lyrics),Jaeguchi,176,100,False,"[""artist_in_title""]","[""lyrics""]",0.006289,False,automatic,user_or_pattern_selected (ambiguous),False
5zFglKYiknIxks8geR8rcL,Beautiful Mistakes,Maroon 5,2021-06-11,227395,BSzSn-PRdtI,Maroon 5 - Beautiful Mistakes ft. Megan Thee Stallion (Official Music Video),Maroon 5,229.0,100.0,False,"[""exact_channel_artist"", ""artist_in_title""]","[""official_music_video""]",0.007058202686954418,False,automatic,youtube_search,True
6YvqWjhGD8mB5QXcbcUKtx,Love Story (Taylor’s Version),Taylor Swift,2021-04-09,235766,aXzVF3XeS8M,Taylor Swift - Love Story (Taylor’s Version) [Official Lyric Video],Taylor Swift,241.0,100.0,False,"[""exact_channel_artist"", ""artist_in_title""]","[""official_lyric_video""]",0.02219997794423284,False,automatic,youtube_search,True
6tDDoYIxWvMLTdKpjFkc1B,telepatía,Kali Uchis,2020-12-04,160191,Dwzk-XZxZ4k,Kali Uchis – telepatía [Official Audio],KALI UCHIS,161.0,100.0,False,"[""exact_channel_artist"", ""artist_in_title""]","[""official_audio""]",0.005050221298325125,False,automatic,youtube_search,True
7K31QxS2DmTBxdYldd8yqf,Tomorrow,lIlBOI,2020-12-05,276152,O0U7RQL1rOk,"Tomorrow (Feat. GIRIBOY, BIG Naughty)",lIlBOI - Topic,277.0,100.0,False,"[""exact_channel_artist"", ""artist_in_channel""]","[""topic_channel""]",0.0030707726179785046,False,automatic,youtube_search,True
6FdShjf7nA2cqEnpv1tIia,Make A Wish (Birthday Song),NCT U,2020-10-12,229400,tyrVtwE8Gv0,NCT U 엔시티 유 'Make A Wish (Birthday Song)' MV,SMTOWN,249.0,100.0,False,"[""artist_in_channel"", ""artist_in_title""]","[""official_channel"", ""music_video""]",0.08544027898866609,False,automatic,youtube_search,True
02MWAaffLxlfxAUY7c5dvx,Heat Waves,Glass Animals,2020-08-06,238805,KT7F15T9VBI,Glass Animals - Heat Waves (Lyrics),Glass Animals,239.0,100.0,False,"[""exact_channel_artist"", ""artist_in_title""]","[""lyrics""]",0.0008165658172986327,False,automatic,youtube_search,True
4vTgx6h4seHvkuFh84JXYP,My Time,BTS,2020-02-21,234457,VTh7DIOfd1w,"Jungkook (BTS) ""My Time (시차)"" Lyrics",Jaeguchi,234,100,False,"[""artist_in_title""]","[""lyrics""]",0.002132,False,automatic,user_or_pattern_selected (ambiguous),False
0SJ7vFES0Lj6pnumh3DhCe,People,Agust D,2020-05-22,197000,sHbl6mt6X80,사람,Agust D - Topic,198.0,100.0,False,"[""exact_channel_artist"", ""artist_in_channel""]","[""topic_channel""]",0.005076142131979695,False,automatic,youtube_search,True
44WLOqH7QayQOQdeUHeKUK,We are Bulletproof : the Eternal,BTS,2020-02-21,261542,7UWBYJjuIL0,[2020 FESTA] BTS (방탄소년단) 'We are Bulletproof : the Eternal' MV #2020BTSFESTA,BANGTANTV,273.0,100.0,False,"[""artist_in_channel"", ""artist_in_title""]","[""official_channel"", ""music_video""]",0.04380940728448968,False,automatic,youtube_search,True
22ryCgQttpV7oCrn7llGRu,Magic Shop,BTS,2018-05-18,275695,38k5zr1e0HI,Magic Shop,BANGTANTV,276.0,100.0,False,"[""artist_in_channel""]","[""official_channel""]",0.0011062949999093201,False,automatic,youtube_search,True
1Q6lzzQHM5dvtTCwcfeKDy,PARANOIA,KANGDANIEL,2021-02-16,195333,zLrWIgkvoB0,강다니엘(KANGDANIEL) - PARANOIA M/V,강다니엘 KANGDANIEL,199.0,100.0,False,"[""exact_channel_artist"", ""artist_in_title""]","[""music_video""]",0.01877306957861703,False,automatic,youtube_search,True
39EXZNMxb4RBHlRjnRaOKp,Sweet Night,V,2020-03-13,214258,_pC6o6H3CmY,Sweet Night,V - Topic,215.0,100.0,False,"[""exact_channel_artist"", ""artist_in_channel""]","[""topic_channel""]",0.0034631145628167908,False,automatic,youtube_search,True
7FdUvDkaE24o3FPIWTvzv2,Follow You,Imagine Dragons,2021-03-12,175643,1DoI5WTjd3w,Imagine Dragons - Follow You (Lyric Video),ImagineDragons,177.0,100.0,False,"[""exact_channel_artist"", ""artist_in_title""]","[""lyric_video""]",0.007725898555592879,False,automatic,youtube_search,True
6ocbgoVGwYJhOv1GgI9NsF,7 rings,Ariana Grande,2019-02-08,178626,QYh6mYIJG2Y,Ariana Grande - 7 rings (Official Video),Ariana Grande,185.0,100.0,False,"[""exact_channel_artist"", ""artist_in_title""]","[""official_video""]",0.03568349512389014,False,automatic,youtube_search,True
09IStsImFySgyp0pIQdqAc,The Middle,Zedd,2018-01-23,184732,Lj6Y6JCu-l4,"Zedd, Maren Morris, Grey - The Middle (Lyric Video)",Zedd,185.0,100.0,False,"[""exact_channel_artist"", ""artist_in_title""]","[""lyric_video""]",0.0014507502760756122,False,automatic,youtube_search,True
2M7a2Us8CEU1HZHj70byGX,Hi spring Bye,IU,2021-03-25,324280,PLDH-rcYd8c,Hi spring Bye (봄 안녕 봄),이지금 [IU Official],325.0,100.0,False,"[""exact_channel_artist""]","[""official_channel""]",0.002220303441470334,False,automatic,youtube_search,True
6f3Slt0GbA2bPZlz0aIFXN,The Business,Tiësto,2020-09-16,164000,wJS9eb6_o00,Tiësto - The Business (Official Audio),Spinnin' Records,170.0,100.0,False,"[""artist_in_title""]","[""official_channel"", ""official_audio""]",0.036585365853658534,False,automatic,youtube_search,True
3Z8FwOEN59mRMxDCtb8N0A,Be Kind,Marshmello,2020-05-01,172761,flEc35foIg0,Marshmello & Halsey - Be Kind (Marshmello Lyric Video),Marshmello,174.0,100.0,False,"[""exact_channel_artist"", ""artist_in_title""]","[""lyric_video""]",0.007171757514716863,False,automatic,youtube_search,True
5uHrWZqndnheP1qtYr6xGC,Moonlight,Agust D,2020-05-22,163015,YZ0Exxdj7YQ,저 달,Agust D - Topic,164.0,100.0,False,"[""exact_channel_artist"", ""artist_in_channel""]","[""topic_channel""]",0.00604238873723277,False,automatic,youtube_search,True
6SvC0ocJPoolWLaEV8UE58,What Type of X,Jessi,2021-03-18,198173,OEu1OWf8ezU,Jessi (제시) - '어떤X (What Type of X)' MV,Jessi,202.0,100.0,False,"[""exact_channel_artist"", ""artist_in_title""]","[""music_video""]",0.019311409727864038,False,automatic,youtube_search,True
6Qs4SXO9dwPj5GKvVOv8Ki,Dancing With A Stranger,Sam Smith,2019-01-11,171029,av5JD1dfj_c,"Sam Smith, Normani - Dancing With A Stranger (Official Music Video)",SAM SMITH,196.0,100.0,False,"[""exact_channel_artist"", ""artist_in_title""]","[""official_music_video""]",0.1460044787726058,False,automatic,youtube_search,True
0EQMrxdeiBhry9JCxskko3,I'm Fine,BTS,2018-08-24,240339,dyXhcS04MVY,I'm Fine,BANGTANTV,241.0,100.0,False,"[""artist_in_channel""]","[""official_channel""]",0.002750281893492109,False,automatic,youtube_search,True
0rNLaGUleZ91DXMxmZNq5v,Fireworks (I'm The One),ATEEZ,2021-03-01,209574,xtcVwuauVV0,ATEEZ(에이티즈) - ‘Fireworks (I'm The One)’ Official MV,KQ ENTERTAINMENT,235.0,100.0,False,"[""artist_in_title""]","[""official_channel"", ""official_music_video""]",0.12132230143052096,False,automatic,youtube_search,True
6B8MM3PVQtUbZLay7tP7er,Hot Sauce,NCT DREAM,2021-05-10,195813,xlSHPP4H-GU,맛 Hot Sauce,NCT DREAM,196.0,100.0,False,"[""exact_channel_artist""]",,0.0009549927737177818,False,automatic,youtube_search,True
46wDG6evLn2iPoQ0F8CUWk,My sea,IU,2021-03-25,316506,TqIAndOnd74,My sea (아이와 나의 바다),이지금 [IU Official],317.0,100.0,False,"[""exact_channel_artist""]","[""official_channel""]",0.0015607918965201291,False,automatic,youtube_search,True
5qNh5WtzMbfpSj2jLlBkoD,Your Power,Billie Eilish,2021-04-29,245896,BPp4doFEkYE,Billie Eilish - Your Power (Official Lyric Video),Billie Eilish,246.0,100.0,False,"[""exact_channel_artist"", ""artist_in_title""]","[""official_lyric_video""]",0.0004229430328268862,False,automatic,youtube_search,True
4iJyoBOLtHqaGxP12qzhQI,Peaches,Justin Bieber,2021-03-19,198081,tQ0yjYUFKAE,"Justin Bieber - Peaches ft. Daniel Caesar, Giveon",Justin Bieber,198.0,100.0,False,"[""exact_channel_artist"", ""artist_in_title""]",,0.00040892362215457314,False,automatic,youtube_search,True
2pn8dNVSpYnAtlKFC8Q0DJ,On The Ground,ROSÉ,2021-03-12,168085,vndXd9bf7GQ,ROSÉ - On The Ground (Lyrics),Lost Panda,171,100,False,"[""artist_in_title""]","[""lyrics""]",0.017252,False,automatic,user_or_pattern_selected (ambiguous),False
2zrhoHlFKxFTRF5aMyxMoQ,Next Level,aespa,2021-05-17,221573,4TWR90KJl84,aespa 에스파 'Next Level' MV,SMTOWN,236.0,100.0,False,"[""artist_in_channel"", ""artist_in_title""]","[""official_channel"", ""music_video""]",0.06511172390137787,False,automatic,youtube_search,True
7MAibcTli4IisCtbHKrGMh,Leave The Door Open,Bruno Mars,2021-03-05,242096,adLGHcj_fmA,"Bruno Mars, Anderson .Paak, Silk Sonic - Leave the Door Open [Official Video]",Bruno Mars,249.0,100.0,False,"[""exact_channel_artist"", ""artist_in_title""]","[""official_video""]",0.028517612847795915,False,automatic,youtube_search,True
5xrtzzzikpG3BLbo4q1Yul,LILAC,IU,2021-03-25,214253,Df_4SNsQVH4,IU LILAC Lyrics (아이유 라일락 가사)  (Color Coded Lyrics),Jaeguchi,217,100,False,"[""artist_in_title""]","[""lyrics""]",0.012599,False,automatic,user_or_pattern_selected (ambiguous),False
3UHPGOkUcE4hE7sqBF4Snt,Film out,BTS,2021-04-01,214620,zFT3f9biz68,BTS (방탄소년단) 'Film out' Official MV,HYBE LABELS,229.0,100.0,False,"[""artist_in_channel"", ""artist_in_title""]","[""official_channel"", ""official_music_video""]",0.06700214332308266,False,automatic,youtube_search,True
1e0Wxoraz9IzFhREDqgJAe,Butter (Instrumental),BTS,2021-05-21,162146,kQd3acEp1HY,Butter (Instrumental),BANGTANTV,163.0,100.0,False,"[""artist_in_channel""]","[""official_channel""]",0.005266858263540266,False,automatic,youtube_search,True
0z3ZZ2JKusRpapstADTxVf,Dive Into You,NCT DREAM,2021-05-10,192826,hlrP9GXTx84,고래 Dive Into You,NCT DREAM,193.0,100.0,False,"[""exact_channel_artist""]",,0.0009023679379336812,False,automatic,youtube_search,True
1IJxbEXfgiKuRx6oXMX87e,Ah puh,IU,2021-03-25,200293,7n9D8ZeOQv0,Ah puh (어푸 (Ah puh)),이지금 [IU Official],201.0,100.0,False,"[""exact_channel_artist""]","[""official_channel""]",0.003529828800806818,False,automatic,youtube_search,True
3VT8hOC5vuDXBsHrR53WFh,Astronaut In The Ocean,Masked Wolf,2019-06-07,132780,YRNyamyBOIQ,Masked Wolf - Astronaut in the Ocean,Masked Wolf,133.0,100.0,False,"[""exact_channel_artist"", ""artist_in_title""]",,0.0016568760355475222,False,automatic,youtube_search,True
6HU7h9RYOaPRFeh0R3UeAr,deja vu,Olivia Rodrigo,2021-05-21,215506,fWgboQNNfB8,Olivia Rodrigo - deja vu (Lyric Video),Olivia Rodrigo,217.0,100.0,False,"[""exact_channel_artist"", ""artist_in_title""]","[""lyric_video""]",0.0069325216003266734,False,automatic,youtube_search,True
2MJz8BxxMsERULatmBikDH,At My Worst,Pink Sweat$,2021-02-12,170344,VXzAJd8UJl8,Pink Sweat$ - At My Worst [Official Audio],Pink Sweats,170.0,100.0,False,"[""artist_in_channel"", ""artist_in_title""]","[""official_audio""]",0.002019443009439722,False,automatic,youtube_search,True
03qu1u4hDyepQQi2lNxCka,Traffic light,LEE MU JIN,2021-05-14,231586,SK6Sm2Ki9tI,[MV] Lee Mujin(이무진) _ Traffic light(신호등),1theK (원더케이),232.0,100.0,False,"[""artist_in_title""]","[""official_channel"", ""music_video""]",0.0017876728299638148,False,automatic,youtube_search,True
42fR3oINF3KfXCDtheoNiY,Don't fight the feeling,EXO,2021-06-07,176546,j5Ael-MSqaQ,EXO Don't fight the feeling lyrics (엑소 Don't fight the feeling 가사) (Color Coded Lyrics),Jaeguchi,177,100,False,"[""artist_in_title""]","[""lyrics""]",0.002833,False,automatic,user_or_pattern_selected (ambiguous),False
0BBUGRUURDjwcXmDS3kQkN,Atlantis,SHINee,2021-04-12,178213,PSYRbJjIT6U,SHINee 샤이니 'Atlantis' MV,SMTOWN,187.0,100.0,False,"[""artist_in_channel"", ""artist_in_title""]","[""official_channel"", ""music_video""]",0.04930616733908301,False,automatic,youtube_search,True
4rOODw637hsmsq0uzT0DN3,Advice,TAEMIN,2021-05-18,191640,sQg4VCB3bYw,TAEMIN 태민 'Advice' MV,SMTOWN,204.0,100.0,False,"[""artist_in_channel"", ""artist_in_title""]","[""official_channel"", ""music_video""]",0.06449592986850344,False,automatic,youtube_search,True
1wcr8DjnN59Awev8nnKpQ4,Drunk-Dazed,ENHYPEN,2021-04-26,193260,7F_iz7ucNmM,[BE ORIGINAL] ENHYPEN 'Drunk-Dazed' (4K),STUDIO CHOOM [스튜디오 춤],203,75,False,"[""artist_in_title""]",,0.050181,False,automatic,user_or_pattern_selected (ambiguous),False
18vXApRmJSgQ6wG2ll9AOg,RAPSTAR,Polo G,2021-06-11,165925,w2IhccXakkE,Polo G - RAPSTAR (Official Video),Polo G,169.0,100.0,False,"[""exact_channel_artist"", ""artist_in_title""]","[""official_video""]",0.01853246948922706,False,automatic,youtube_search,True
34eF4BoV8FPk0uhAAoqU7h,SUN GOES DOWN,Lil Nas X,2021-05-21,168275,U3BVFY9wnTw,Lil Nas X - SUN GOES DOWN (Official Video),Lil Nas X,173.0,100.0,False,"[""exact_channel_artist"", ""artist_in_title""]","[""official_video""]",0.02807903729015005,False,automatic,youtube_search,True
3vG5ilGpaYA2MhVtyTORF1,My Youth,NCT DREAM,2021-05-10,236093,U3m82WG_5pI,우리의 계절 My Youth,NCT DREAM,237.0,100.0,False,"[""exact_channel_artist""]",,0.003841706446188578,False,automatic,youtube_search,True
1EHUQesfVKwbthtNcpBi9g,WITHOUT YOU,The Kid LAROI,2021-04-30,161384,SJOKlqJho8U,The Kid LAROI - WITHOUT YOU (Official Video),The Kid LAROI.,183.0,100.0,False,"[""exact_channel_artist"", ""artist_in_title""]","[""official_video""]",0.1339414068309126,False,automatic,youtube_search,True
4JJcP0Rv9AgyPD6ZGaC8EE,durag activity,Baby Keem,2021-04-30,225020,YbgT-H39cnQ,"Baby Keem, Travis Scott - durag activity (Official Video)",Baby Keem,230.0,100.0,False,"[""exact_channel_artist"", ""artist_in_title""]","[""official_video""]",0.02213136610079104,False,automatic,youtube_search,True
5hnbE5BF2e8BCk9OMR1UVC,Mikrokosmos,BTS,2019-04-12,224225,Fw7C6IsDYgI,소우주 (Mikrokosmos),BANGTANTV,225.0,100.0,False,"[""artist_in_channel""]","[""official_channel""]",0.0034563496487902776,False,automatic,youtube_search,True
6JdS5rJvJaRA7B1tcm7kxZ,Dionysus,BTS,2019-04-12,249215,YmimK6HxqK4,BTS - Dionysus (방탄소년단 - Dionysus) [Color Coded Lyrics/Han/Rom/Eng/가사],Lemoring,259,100,False,"[""artist_in_title""]","[""lyrics""]",0.039326,False,automatic,user_or_pattern_selected (ambiguous),False
1Zsy7gMUcHDhxC0bbyZmC2,GAMBLER,MONSTA X,2021-06-01,213026,98ELkm6rSy4,MONSTA X 몬스타엑스 'GAMBLER' Performance Video,STARSHIP and MONSTA X,223,43.8,False,"[""artist_in_channel"", ""artist_in_title""]",,0.046948,False,automatic,user_or_pattern_selected (ambiguous),False
0CyydmXI4QhgUWrZsPOTXA,Why Can't You Love Me?,WENDY,2021-04-05,168960,VM5Q071Rxl8,Why Can't You Love Me?,웬디 WENDY,169.0,100.0,False,"[""exact_channel_artist""]",,0.00023674242424242425,False,automatic,youtube_search,True
2lwOE4xj0tw2Bpjc6wmzUP,Be There For You,JOY,2021-05-31,236640,urwLVpkj4rk,그럴때마다 Be There For You,JOY - Topic,237.0,100.0,False,"[""exact_channel_artist"", ""artist_in_channel""]","[""topic_channel""]",0.0015212981744421906,False,automatic,youtube_search,True
5W8jRrZ6tWrTrqnKRtIQBf,p r i d e . i s . t h e . d e v i l,J. Cole,2021-05-14,218210,ZLX-GY0dJgc,J. Cole - p r i d e . i s . t h e . d e v i l  feat. Lil' Baby (Official Audio),J. Cole,219.0,100.0,False,"[""exact_channel_artist"", ""artist_in_title""]","[""official_audio""]",0.003620365702763393,False,automatic,youtube_search,True
6mzkkz2p0Nyyp43Eedv4mS,사이렌,HOMIES,2020-05-15,200142,fqtqfsstYm4,호미들 - 사이렌 가사ㅣLyricㅣsmay,승메이 smay,195,25,False,,,0.025487,False,automatic,user_or_pattern_selected (no_confident_match),False
0tgBtQ0ISnMQOKorrN9HLX,Last Train Home,John Mayer,2021-07-16,187306,66Ne5dVDfLM,John Mayer - Last Train Home (Official Music Video),John Mayer,182.0,100.0,False,"[""exact_channel_artist"", ""artist_in_title""]","[""official_music_video""]",0.02832797667987144,False,automatic,youtube_search,True
3JR0ducCexKbeK47g6AHm5,Butter,BTS,2021-08-27,164457,WMweEpGlu_U,BTS (방탄소년단) 'Butter' Official MV,HYBE LABELS,183.0,100.0,False,"[""artist_in_channel"", ""artist_in_title""]","[""official_channel"", ""official_music_video""]",0.11275287765190901,False,automatic,youtube_search,True
4ZtFanR9U6ndgddUvNcjcG,good 4 u,Olivia Rodrigo,2021-05-21,178146,o6Tf-xcVB_o,Olivia Rodrigo - good 4 u (Lyric Video),Olivia Rodrigo,179.0,100.0,False,"[""exact_channel_artist"", ""artist_in_title""]","[""lyric_video""]",0.0047938207986707535,False,automatic,youtube_search,True
3iPbmpKBMflYd7UjdYftoj,Alcohol-Free,TWICE,2021-06-09,210573,XA2YEHn-A8Q,"TWICE ""Alcohol-Free"" M/V",JYP Entertainment,214.0,100.0,False,"[""artist_in_channel"", ""artist_in_title""]","[""official_channel"", ""music_video""]",0.016274641098336443,False,automatic,youtube_search,True
5nujrmhLynf4yMoMtj8AQF,Levitating,Dua Lipa,2020-03-27,203064,TUVcZfQe-Kw,Dua Lipa - Levitating Featuring DaBaby (Official Music Video),Dua Lipa,231.0,100.0,False,"[""exact_channel_artist"", ""artist_in_title""]","[""official_music_video""]",0.13757239097033447,False,automatic,youtube_search,True
0RbW8kWozrVSIGb4V13o0o,Hurricane,Kanye West,2021-08-29,243187,bPjZmQAvk_8,Kanye West - Hurricane (Audio),Kanye West,244.0,100.0,False,"[""exact_channel_artist"", ""artist_in_title""]",,0.003343106333808962,False,automatic,youtube_search,True
40uMIn2zJLAQhNXghRjBed,Motley Crew,Post Malone,2021-07-09,184213,lCiV4wACZ8w,Post Malone - Motley Crew (Official Video),Post Malone,183.0,100.0,False,"[""exact_channel_artist"", ""artist_in_title""]","[""official_video""]",0.006584768718820061,False,automatic,youtube_search,True
4t2FIqZJORKZGSKg30SShr,NAKKA,AKMU,2021-07-26,212807,EtiPbWzUY9o,AKMU - '낙하 (NAKKA) (with IU)' OFFICIAL VIDEO,AKMU,232.0,100.0,False,"[""exact_channel_artist"", ""artist_in_title""]","[""official_video""]",0.09018970240640581,False,automatic,youtube_search,True
50nfwKoDiSYg8zOCREWAm5,Shivers,Ed Sheeran,2021-10-25,207853,z2_Lrg6rRks,Ed Sheeran - Shivers [Official Lyric Video],Ed Sheeran,209.0,100.0,False,"[""exact_channel_artist"", ""artist_in_title""]","[""official_lyric_video""]",0.005518323045613968,False,automatic,youtube_search,True
46HNZY1i7O6jwTA7Slo2PI,My Universe,Coldplay,2021-10-15,226198,bZYPI4mYwhw,Coldplay X BTS - My Universe (Official Lyric Video),Coldplay,229.0,100.0,False,"[""exact_channel_artist"", ""artist_in_title""]","[""official_lyric_video""]",0.012387377430392841,False,automatic,youtube_search,True
6cqH1q7g5GeRVQVMK1Vc7f,Weekend,TAEYEON,2021-07-06,233413,RmuL-BPFi2Q,TAEYEON 태연 'Weekend' MV,SMTOWN,247.0,100.0,False,"[""artist_in_title""]","[""official_channel"", ""music_video""]",0.05821012540004199,False,automatic,youtube_search,True
6txVOdSbg928oeGhlVUrdK,Lemonade,NCT 127,2021-09-17,190066,eeHH4rsJTI8,NCT 127 Lemonade Lyrics (엔씨티 127 Lemonade 가사)  (Color Coded Lyrics),Jaeguchi,191,100,False,"[""artist_in_title""]","[""lyrics""]",0.004734,False,automatic,user_or_pattern_selected (ambiguous),False
40iJIUlhi6renaREYGeIDS,Fair Trade,Drake,2021-09-03,291175,THVbtGqEO1o,Drake - Fair Trade (Audio) ft. Travis Scott,Drake,292.0,100.0,False,"[""exact_channel_artist"", ""artist_in_title""]",,0.002833347643169915,False,automatic,youtube_search,True
59c0HrzmHfyQs6LgDw5cHe,LOCO,ITZY,2021-09-24,191462,MjCZfZfucEc,ITZY “LOCO” M/V @ITZY,JYP Entertainment,233.0,100.0,False,"[""artist_in_title""]","[""official_channel"", ""music_video""]",0.21695166664925677,False,automatic,youtube_search,True
4Cgct9Vlype9cYZFW2wSnk,"Hey kid, Close your eyes",AKMU,2021-07-26,233416,gMXXVS6Hil4,"AKMU - '전쟁터 (Hey kid, Close your eyes) (with Lee Sun Hee)' OFFICIAL VIDEO",AKMU,237.0,100.0,False,"[""exact_channel_artist"", ""artist_in_title""]","[""official_video""]",0.015354560098707887,False,automatic,youtube_search,True
2gbMPBrBVj3CuNTLp2dHYs,Off The Grid,Kanye West,2021-08-29,339249,EbDMNjT-QpI,Kanye West - Off The Grid (Audio),Kanye West,340.0,100.0,False,"[""exact_channel_artist"", ""artist_in_title""]",,0.0022137132312843957,False,automatic,youtube_search,True
2sXf2JdbB2GlNju00kw9WE,Skate,Bruno Mars,2021-07-30,203122,CEw-7cMnBDY,"Bruno Mars, Anderson .Paak, Silk Sonic - Skate [Official Music Video]",Bruno Mars,204.0,100.0,False,"[""exact_channel_artist"", ""artist_in_title""]","[""official_music_video""]",0.004322525378836364,False,automatic,youtube_search,True
5BXr7hYZQOeRttkeWYTq5S,ASAP,STAYC,2021-04-08,194080,NsY-9MCOIAQ,STAYC(스테이씨) 'ASAP' MV,STAYC,196.0,100.0,False,"[""exact_channel_artist"", ""artist_in_title""]","[""music_video""]",0.00989282769991756,False,automatic,youtube_search,True
3Vi5XqYrmQgOYBajMWSvCi,Need To Know,Doja Cat,2021-06-25,210560,dI3xkL7qUAc,Doja Cat - Need to Know (Official Video),Doja Cat,220.0,100.0,False,"[""exact_channel_artist"", ""artist_in_title""]","[""official_video""]",0.044832826747720364,False,automatic,youtube_search,True
2VJOpzv5sBpstCX9venJr5,Rollin',Brave Girls,2017-03-07,197693,-Axm4IYHVYk,[MV] 브레이브걸스 (Brave Girls) - 롤린 (Rollin') Dance ver.,Brave Entertainment,198,45.6,False,exact_channel_artist | title_verified,official_channel | verified_audio,0.001517,False,automatic,user_or_pattern_selected (ambiguous),True
0k1WUmIRnG3xU6fvvDVfRG,Way 2 Sexy,Drake,2021-09-03,257604,Qr2PWFDB4ZU,"Drake - Way 2 Sexy (Audio) ft. Future, Young Thug",Drake,258,49.2,False,exact_channel_artist | title_verified,official_channel | verified_audio,0.001553,False,automatic,user_or_pattern_selected (no_confident_match),True
2FymmKBuog0loCuNXMwQID,Ready to love,SEVENTEEN,2021-06-18,186760,yCvSR4lSqTg,SEVENTEEN (세븐틴) 'Ready to love' Official MV,HYBE LABELS and SEVENTEEN,190.0,100.0,False,"[""artist_in_channel"", ""artist_in_title""]","[""official_channel"", ""official_music_video""]",0.01734846862283144,False,automatic,youtube_search,True
1c3WMOE7Q0dCFN6bjT8KWo,EVEREST,AKMU,2021-07-26,195882,HlYMu0356WQ,AKMU - 'EVEREST (with Sam Kim)' OFFICIAL VIDEO,AKMU,200.0,100.0,False,"[""exact_channel_artist"", ""artist_in_title""]","[""official_video""]",0.021022860701851113,False,automatic,youtube_search,True
44V6EzbUSYgyfsNiP0FrlA,Visiting Hours,Ed Sheeran,2021-08-19,215506,pVqX2u6YWqI,Ed Sheeran - Visiting Hours [Official Lyric Video],Ed Sheeran,219.0,100.0,False,"[""exact_channel_artist"", ""artist_in_title""]","[""official_lyric_video""]",0.016213005670375768,False,automatic,youtube_search,True
5g6GKZXBoEnPmBl6G261CG,Go Back,Yerin Baek,2021-09-10,243333,QGgKZlTsriM,백예린 (Yerin Baek) '돌아가자' Lyric Video,Yerin Baek,248.0,100.0,False,"[""exact_channel_artist"", ""artist_in_title""]","[""lyric_video""]",0.019179478328052505,False,automatic,youtube_search,True
2ygvZOXrIeVL4xZmAWJT2C,my future,Billie Eilish,2020-07-30,208155,HfbRVxO7LEE,Billie Eilish - my future (Official Lyric Video),Billie Eilish,211.0,100.0,False,"[""exact_channel_artist"", ""artist_in_title""]","[""official_lyric_video""]",0.013667699550815498,False,automatic,youtube_search,True
2TJ1FOCmCBkKm418MjVw5D,Donda,Kanye West,2021-08-29,128313,ofIluxP1nEU,Kanye West - Donda (Audio),Kanye West,129.0,100.0,False,"[""exact_channel_artist"", ""artist_in_title""]",,0.005354095064412803,False,automatic,youtube_search,True
34D6FJysnQioVingDKufuf,N 2 Deep,Drake,2021-09-03,273577,Oh-Al70frOc,Drake - N 2 Deep (Audio) ft. Future,Drake,274.0,100.0,False,"[""exact_channel_artist"", ""artist_in_title""]",,0.0015461826103802586,False,automatic,youtube_search,True
0DHh3p0g7qmNNfNdRNwL6N,Try Again,DallasK,2021-07-30,189076,w3GCKPeyO2k,DallasK - Try Again (Lyric Video) ft. Lauv,DallasK,196.0,100.0,False,"[""exact_channel_artist"", ""artist_in_title""]","[""lyric_video""]",0.03662019505384078,False,automatic,youtube_search,True
3hB5DgAiMAQ4DzYbsMq1IT,Love Yourself,Justin Bieber,2015-11-13,233720,eu6bAOVuxss,Justin Bieber - Love Yourself (Lyrics),Lost Panda,235,100,False,"[""artist_in_title""]","[""lyrics""]",0.005563,False,automatic,user_or_pattern_selected (ambiguous),False
2kJwzbxV2ppxnQoYw4GLBZ,If The World Was Ending,JP Saxe,2019-10-17,208687,RAov563V8vI,JP Saxe - If The World Was Ending (Lyric Video) ft. Julia Michaels,JP Saxe,211.0,100.0,False,"[""exact_channel_artist"", ""artist_in_title""]","[""lyric_video""]",0.011083584506941017,False,automatic,youtube_search,True
4ZB2yAZyPHI6SHdFPPT9sa,In The Dark,Swae Lee,2021-08-20,161164,SmqeO5mj0ec,In The Dark - Swae Lee feat. Jhené Aiko | Marvel Studios' Shang-Chi and the Legend of the Ten Rings,Marvel Entertainment,162.0,100.0,False,"[""artist_in_title""]","[""official_channel""]",0.005187262664118538,False,automatic,youtube_search,True
42m3eP1JJhtzffal9B136J,7am On Bridle Path,Drake,2021-09-03,239635,L6W1_fUurpA,Drake - 7am On Bridle Path (Audio),Drake,240.0,100.0,False,"[""exact_channel_artist"", ""artist_in_title""]",,0.0015231497903060904,False,automatic,youtube_search,True
5u1n1kITHCxxp8twBcZxWy,Holy,Justin Bieber,2020-09-18,212093,qaq0nNXy0ak,Justin Bieber - Holy ft. Chance the Rapper (Lyric Video),Justin Bieber,213,100,False,"[""exact_channel_artist"", ""artist_in_title""]","[""lyric_video""]",0.004243,False,automatic,user_or_pattern_selected (no_confident_match),False
39382sUtIOwIXftX0i76do,H.S.K.T.,LEEHI,2021-09-09,204453,ww9hZfgC2d8,이하이 (LeeHi) - '머리어깨무릎발 (H.S.K.T.) (Feat. 원슈타인)' Official MV (ENG/CHN),AOMGOFFICIAL,214,100,False,"[""artist_in_title""]","[""music_video""]",0.046455,False,automatic,user_or_pattern_selected (ambiguous),False
7n2FZQsaLb7ZRfRPfEeIvr,ELEVEN,IVE,2021-12-01,178453,e91HyUPLaMM,ELEVEN,IVE,179.0,100.0,False,"[""exact_channel_artist""]",,0.0030652328624343663,False,automatic,youtube_search,True
5eXBXreN3d1zdj6Sa8dS0u,Permission to Dance,BTS,2021-07-23,187585,LCpjdohpuEE,Permission to Dance,HYBE LABELS,188,70.4,False,exact_channel_artist | title_verified,official_channel | verified_audio,0.002132,False,automatic,user_or_pattern_selected (no_confident_match),True
4MokmgyM83qhJ6IAaChom5,Counting Stars,BE'O,2021-12-12,151260,mLCsbacHxA8,BE'O (비오) - Counting Stars (Feat. Beenzino) Official MV,STONE MUSIC,167.0,100.0,False,"[""artist_in_title""]","[""official_channel"", ""official_music_video""]",0.10405923575300807,False,automatic,youtube_search,True
2eLe81VDUQ5f0xFfc9cMWz,"MERRY-GO-ROUND (Feat. Zion.T, Wonstein) (Prod. Slom)",sokodomo,2021-11-13,249752,3laLavGghc0,"MERRY-GO-ROUND (Feat. Zion.T, Wonstein) (Prod. Slom)",sokodomo,250.0,100.0,False,"[""exact_channel_artist""]",,0.0009929850411608315,False,automatic,youtube_search,True
2g0LdZQce9xlcHb1mBJyuz,strawberry moon,IU,2021-10-19,205333,sqgxcCjD04s,[MV] IU(아이유) _ strawberry moon,1theK (원더케이),220.0,100.0,False,"[""artist_in_channel"", ""artist_in_title""]","[""official_channel"", ""music_video""]",0.0714303107634915,False,automatic,youtube_search,True
7sMBvZCSUl99bJLXZaLa0b,Smokin Out The Window,Bruno Mars,2021-11-11,197442,GG7fLOmlhYg,"Bruno Mars, Anderson .Paak, Silk Sonic - Smokin Out The Window [Official Music Video]",Bruno Mars,201.0,100.0,False,"[""exact_channel_artist"", ""artist_in_title""]","[""official_music_video""]",0.0180204819643237,False,automatic,youtube_search,True
5g2Ik0WJG9rqu97nCLcQhV,Limousine (Feat. MINO) (Prod. GRAY),BE'O,2021-11-20,220681,3eKFF4cCBaY,Limousine (Feat. MINO) (Prod. GRAY),BE'O_OFFICIAL,221,100,False,,,0.001359,False,automatic,user_or_pattern_selected (no_confident_match),False
3dbLT62Cvs46Ju7a8gpr36,Savage,aespa,2021-10-05,238143,WPdWvnAAurg,aespa 에스파 'Savage' MV,SMTOWN,259.0,100.0,False,"[""artist_in_channel"", ""artist_in_title""]","[""official_channel"", ""music_video""]",0.08758183108468441,False,automatic,youtube_search,True
00Blm7zeNqgYLPtW6zg8cj,One Right Now,Post Malone,2021-11-05,193506,OCogbzIvYg0,"Post Malone, The Weeknd - One Right Now (Official Audio)",Post Malone,194.0,100.0,False,"[""exact_channel_artist"", ""artist_in_title""]","[""official_audio""]",0.0025528924167726066,False,automatic,youtube_search,True
6hHrPwQYGp9kPL7xLZviBS,Universe (Let's Play Ball),NCT U,2021-12-10,231466,SCK8yBLqQJc,NCT U 엔시티 유 'Universe (Let's Play Ball)' MV,SMTOWN,259.0,100.0,False,"[""artist_in_channel"", ""artist_in_title""]","[""official_channel"", ""music_video""]",0.11895483569941158,False,automatic,youtube_search,True
4XI5Kdm1zdSFxdIGd9xUVT,"gganbu (Feat. YUMDDA, ASH ISLAND) (Prod. TOIL)",KOONTA,2021-11-20,246600,3oXKbxq1ceM,"gganbu (Feat. YUMDDA, ASH ISLAND) (Prod. TOIL)",KOONTA - Topic,247.0,100.0,False,"[""exact_channel_artist"", ""artist_in_channel""]","[""topic_channel""]",0.0016220600162206002,False,automatic,youtube_search,True
4t3Vgfjl9Sb6ZR5q5kGOUL,Without You (Feat. ASH ISLAND) (Prod. GRAY),BE'O,2021-12-04,227826,K0VzPBVdiZU,Without You (Feat. ASH ISLAND) (Prod. GRAY),Release - Topic,228.0,100.0,False,,"[""topic_channel""]",0.00076374074951937,False,automatic,youtube_search,True
4fouWK6XVHhzl78KzQ1UjL,abcdefu,GAYLE,2021-08-13,168601,NaFd8ucHLuo,GAYLE - abcdefu (Official Music Video),GAYLE,178.0,100.0,False,"[""exact_channel_artist"", ""artist_in_title""]","[""official_music_video""]",0.05574700031435163,False,automatic,youtube_search,True
2J0TRU2EDG29qlmxdGa4xa,SCIENTIST,TWICE,2021-11-12,194600,vPwaXytZcgI,TWICE “SCIENTIST” M/V,JYP Entertainment,201.0,100.0,False,"[""artist_in_channel"", ""artist_in_title""]","[""official_channel"", ""music_video""]",0.0328879753340185,False,automatic,youtube_search,True
2bZIDMpzVooosmPHn0tHnd,STEREOTYPE,STAYC,2021-09-06,191695,Xmxcnf2v_gs,STAYC(스테이씨) '색안경 (STEREOTYPE)' MV,STAYC,192.0,100.0,False,"[""exact_channel_artist"", ""artist_in_title""]","[""music_video""]",0.001591069146300112,False,automatic,youtube_search,True
7hU3IHwjX150XLoTVmjD0q,MONEY,LISA,2021-09-10,168227,dNCWe_6HAM8,LISA - 'MONEY' EXCLUSIVE PERFORMANCE VIDEO,BLACKPINK,171,26.3,False,"[""artist_in_channel"", ""artist_in_title""]",,0.016647,False,automatic,user_or_pattern_selected (ambiguous),False
5UJTNrW72ZMubW2wKBf8g2,TROUBLE (Prod. Slom),Don Mills,2021-11-06,284977,gXdr_rW6w1E,TROUBLE (Prod. Slom),던밀스의 디디알,286,100,False,,,0.003509,False,automatic,user_or_pattern_selected (no_confident_match),False
3DarAbFujv6eYNliUTyqtz,Kiss Me More,Doja Cat,2021-06-25,208666,Ab6E2BsuLJ0,Doja Cat - Kiss Me More (Lyrics) ft. SZA,7clouds,209,100,False,"[""artist_in_title""]","[""lyrics""]",0.001437,False,automatic,user_or_pattern_selected (ambiguous),False
5enxwA8aAbwZbf5qCHORXi,All Too Well (10 Minute Version) (Taylor's Version) (From The Vault),Taylor Swift,2021-11-12,613026,sRxrwjOtIag,All Too Well (10 Minute Version) (Taylor's Version) (From The Vault) (Lyric Video),Taylor Swift,613.0,100.0,False,"[""exact_channel_artist""]","[""lyric_video""]",4.241255672679462e-05,False,automatic,youtube_search,True
0eu4C55hL6x29mmeAjytzC,Life Goes On,Oliver Tree,2021-05-28,161803,OT216Rrg0jY,Oliver Tree - Life Goes On,LatinHype,162,100,False,"[""artist_in_title""]",,0.001236,False,automatic,user_or_pattern_selected (ambiguous),False
7gXMkqirKU23zgdlSAb00a,Suddenly,BE'O,2021-05-02,156876,h4ty0hLmdEg,[ENG/HAN] BE’O (비오) - Suddenly (문득),Kelly in the soup,157,100,False,"[""artist_in_title""]",,0.000637,False,automatic,user_or_pattern_selected (ambiguous),False
1jRYyE9MEg7nxUgWEtsqFp,HAPPEN,Heize,2021-05-21,193560,AJPLgrfBiBo,Heize - 'HAPPEN' MV (with SONG JOONG KI),Heize official,230.0,100.0,False,"[""exact_channel_artist"", ""artist_in_title""]","[""official_channel"", ""music_video""]",0.18826203761107668,False,automatic,youtube_search,True
7xapw9Oy21WpfEcib2ErSA,Mistletoe,Justin Bieber,2011-01-01,182946,LUjn3RpkcKY,Justin Bieber - Mistletoe (Official Music Video),Justin Bieber,184.0,100.0,False,"[""exact_channel_artist"", ""artist_in_title""]","[""official_music_video""]",0.005761262886316181,False,automatic,youtube_search,True
37BZB0z9T8Xu7U3e65qxFy,Save Your Tears,The Weeknd,2021-04-23,191013,LIIDh-qI9oI,The Weeknd & Ariana Grande - Save Your Tears (Remix) (Official Video),The Weeknd,206,75,False,"[""exact_channel_artist"", ""artist_in_title""]","[""official_video""]",0.078534,False,automatic,user_or_pattern_selected (ambiguous),True
0hUH6MXHQn9coBKHMXWpD8,OUT OF MY SIGHT,Leellamarz,2021-12-14,206680,zcm6b9661no,OUT OF MY SIGHT,LEELLAMARZ,207.0,100.0,False,"[""exact_channel_artist""]",,0.00154828720727695,False,automatic,youtube_search,True
79IikGOqOg2Rnnz0Fo5Qao,Dreaming,NCT DREAM,2021-12-14,190480,bvJ_cNsCqE4,Dreaming,NCT DREAM,191.0,100.0,False,"[""exact_channel_artist""]",,0.0027299454010919783,False,automatic,youtube_search,True
1nahzW3kfMuwReTka28tH5,Hold On,Justin Bieber,2021-03-19,170813,HKMP2Woaf2E,Justin Bieber - Hold On (Lyric Video),Justin Bieber,171.0,100.0,False,"[""exact_channel_artist"", ""artist_in_title""]","[""lyric_video""]",0.001094764450012587,False,automatic,youtube_search,True
4HBZA5flZLE435QTztThqH,Stuck with U,Ariana Grande,2020-05-08,228482,pE49WK-oNjU,Ariana Grande & Justin Bieber - Stuck with U,Ariana Grande,258.0,100.0,False,"[""exact_channel_artist"", ""artist_in_title""]",,0.1291917962902986,False,automatic,youtube_search,True
1OQ3PoRZRtE7RH0NIh3p1O,Drawer,10CM,2021-12-07,237266,QQpyivsdFtM,[Lyrics Video] 10CM - Drawer(서랍),SUPER SOUND Bugs!,238,100,False,"[""artist_in_title""]","[""lyrics""]",0.00295,False,automatic,user_or_pattern_selected (ambiguous),False
6lzc0Al0zfZOIFsFvBS1ki,State Of Grace (Taylor's Version),Taylor Swift,2021-11-12,295413,-mrC5tRkxrY,Taylor Swift - State Of Grace (Taylor's Version) (Lyric Video),Taylor Swift,300.0,100.0,False,"[""exact_channel_artist"", ""artist_in_title""]","[""lyric_video""]",0.015527414162545317,False,automatic,youtube_search,True
6LXNnUjcOBVyov7bH0NNnM,A Long Day (Feat. Zion.T) (Prod. Fisherman),Basick,2021-12-04,324211,oEksY9bHTgI,A Long Day (Feat. Zion.T) (Prod. Fisherman),BASICK - Topic,325.0,100.0,False,"[""exact_channel_artist"", ""artist_in_channel""]","[""topic_channel""]",0.002433600340518983,False,automatic,youtube_search,True
3wKCldl6riuEKxXlvuxFJ2,Pretty Savage - JP Ver.,BLACKPINK,2021-08-03,199120,AkUiAW_rlHM,Pretty Savage (Japan Version),BLACKPINK,200.0,100.0,False,"[""exact_channel_artist""]",,0.0044194455604660505,False,automatic,youtube_search,True
4aS8OY1JsRSBKGfnAkIOZH,You can't sit with us,SUNMI,2021-08-06,197413,0izg-ezAd-c,[BE ORIGINAL] SUNMI (선미) 'You can't sit with us' (4K),STUDIO CHOOM [스튜디오 춤],208,75,False,"[""artist_in_title""]",,0.053698,False,automatic,user_or_pattern_selected (ambiguous),False
4KDNRh9Oor80z3XIxdWlui,Bubbly,Young Thug,2021-10-15,165066,uCDE-S1AjuQ,Young Thug - Bubbly (with Drake & Travis Scott) [Official Audio],Young Thug,166.0,100.0,False,"[""exact_channel_artist"", ""artist_in_title""]","[""official_audio""]",0.005658342723516654,False,automatic,youtube_search,True
2y4hHM6c48Qzk0bqh33XfB,Winter Sleep,IU,2021-12-29,262120,m7LtUwSniTo,IU (아이유) - Winter Sleep (겨울잠) 「Audio」,Night,263,100,False,"[""artist_in_title""]",,0.003434,False,automatic,user_or_pattern_selected (ambiguous),False
3AVXwaOGCEL8cmBecfcsFJ,Light Switch,Charlie Puth,2022-01-19,187703,WFsAon_TWPQ,Charlie Puth - Light Switch [Official Music Video],Charlie Puth,205.0,100.0,False,"[""exact_channel_artist"", ""artist_in_title""]","[""official_music_video""]",0.09215089796114073,False,automatic,youtube_search,True
6rVCUwfnuYTAsX4P9fIdIu,Dreams Come True,aespa,2021-12-20,204933,H69tJmsgd9I,[STATION] aespa 에스파 'Dreams Come True' MV,SMTOWN,221.0,100.0,False,"[""artist_in_channel"", ""artist_in_title""]","[""official_channel"", ""music_video""]",0.07840123357389976,False,automatic,youtube_search,True
02SbQgZbzMoylPoGr32ugF,Drama,IU,2021-12-29,128106,AkugjXUj5sM,Drama (드라마),이지금 [IU Official],129.0,100.0,False,"[""exact_channel_artist""]","[""official_channel""]",0.006978595850311461,False,automatic,youtube_search,True
3gFcGnU4kTdMYLXDjH1TK8,RUN2U,STAYC,2022-02-21,213426,grG41kS4MUA,STAYC(스테이씨) 'RUN2U' MV,STAYC,216.0,100.0,False,"[""exact_channel_artist"", ""artist_in_title""]","[""music_video""]",0.012060386269714092,False,automatic,youtube_search,True
559f8rcNNZW07wz5Rfxnfh,Can't Control Myself,TAEYEON,2022-01-17,181600,RccDIpx4ZMM,TAEYEON 태연 'Can't Control Myself' MV,SMTOWN,206.0,100.0,False,"[""artist_in_title""]","[""official_channel"", ""music_video""]",0.1343612334801762,False,automatic,youtube_search,True
5PjdY0CKGZdEuoNab3yDmX,Stay,The Kid LAROI,2021-07-23,141805,kTJczUoc26U,"The Kid LAROI, Justin Bieber - STAY (Official Video)",The Kid LAROI.,158.0,100.0,False,"[""exact_channel_artist"", ""artist_in_title""]","[""official_video""]",0.11420612813370473,False,automatic,youtube_search,True
7CAdT0HdiQNlt1C7xk2hep,Stay Alive (Prod. SUGA of BTS),Jung Kook,2022-02-11,210928,yov0Nb9Blv8,Jungkook - Stay Alive (Prod. SUGA of BTS) [7 FATES: CHAKHO OST] (Audio),Rubik Music,211,85.7,False,"[""artist_in_title""]",,0.000474,False,automatic,user_or_pattern_selected (ambiguous),False
1GFS1xMbcAWXf5W0tSuZev,"Meeting is easy, parting is hard (Feat. Leellamarz) (Prod. TOIL)",Basick,2021-11-20,231413,BxfGh2xy7a4,"Meeting is easy, parting is hard (Feat. Leellamarz) (Prod. TOIL)",BASICK - Topic,232.0,100.0,False,"[""exact_channel_artist"", ""artist_in_channel""]","[""topic_channel""]",0.002536590424911306,False,automatic,youtube_search,True
2bgTY4UwhfBYhGT4HUYStN,Butter,BTS,2021-06-04,164441,WMweEpGlu_U,BTS (방탄소년단) 'Butter' Official MV,HYBE LABELS,183.0,100.0,False,"[""artist_in_channel"", ""artist_in_title""]","[""official_channel"", ""official_music_video""]",0.11286114776728431,False,automatic,youtube_search,True
5Z9KJZvQzH6PFmb8SNkxuk,INDUSTRY BABY,Lil Nas X,2021-09-17,212352,UTHLKHL_whs,"Lil Nas X, Jack Harlow - INDUSTRY BABY (Official Video)",Lil Nas X,236.0,100.0,False,"[""exact_channel_artist"", ""artist_in_title""]","[""official_video""]",0.11136226642555756,False,automatic,youtube_search,True
3KyKxJ4P3pVCgaZwaq2rUC,Gasoline,The Weeknd,2022-01-06,212165,AWZF4Em0cwU,The Weeknd - Gasoline (Official Lyric Video),The Weeknd,213.0,100.0,False,"[""exact_channel_artist"", ""artist_in_title""]","[""official_lyric_video""]",0.003935616147809488,False,automatic,youtube_search,True
1HhNoOuqm1a5MXYEgAFl8o,Enemy,Imagine Dragons,2021-09-03,173381,IOrbP1OqNsg,Enemy (from the series Arcane League of Legends),ImagineDragons,174.0,100.0,False,"[""exact_channel_artist""]",,0.003570172048840415,False,automatic,youtube_search,True
5elW2CKSoqjYoJ32AGDxf1,Polaroid Love,ENHYPEN,2022-01-10,184601,NU5mFeTcJSo,"ENHYPEN 엔하이픈 "" Polaroid Love "" Lyrics (ColorCoded/ENG/HAN/ROM/가사) [OFFICIAL]",Puno Autopop,187,100,False,"[""artist_in_title""]","[""lyrics""]",0.013001,False,automatic,user_or_pattern_selected (ambiguous),False
6N1K5OVVCopBjGViHs2IvP,The Joker And The Queen,Ed Sheeran,2022-02-11,185422,wyE9x5HETkY,Ed Sheeran - The Joker And The Queen (feat. Taylor Swift) [Official Lyric Video],Ed Sheeran,185.0,100.0,False,"[""exact_channel_artist"", ""artist_in_title""]","[""official_lyric_video""]",0.002275889592389253,False,automatic,youtube_search,True
7h5MKRZUiYDshjH5UgAbNp,Rainbow Halo,Red Velvet,2022-03-21,208560,IrZrtKED0ek,Rainbow Halo,RED VELVET - Topic,209.0,100.0,False,"[""exact_channel_artist"", ""artist_in_channel""]","[""topic_channel""]",0.002109704641350211,False,automatic,youtube_search,True
56Tn22SAFIGYpyHrf7TV0X,Love Letter,IU,2021-12-29,238333,4x7BrWTUmZo,Love Letter (러브레터),이지금 [IU Official],239.0,100.0,False,"[""exact_channel_artist""]","[""official_channel""]",0.002798605312734703,False,automatic,youtube_search,True
0hQNbQKW2dDATH1ngj4TI6,WA DA DA,Kep1er,2022-01-03,183693,n0j5NPptyM0,Kep1er 케플러 | ‘WA DA DA’ M/V,Kep1er,198.0,100.0,False,"[""exact_channel_artist"", ""artist_in_title""]","[""music_video""]",0.07788538485407719,False,automatic,youtube_search,True
4QDpsNBlllaLGj8zbF2EE0,Charmer,Stray Kids,2022-03-18,188573,BCZE-44jp_I,Charmer,Stray Kids,189.0,100.0,False,"[""exact_channel_artist""]",,0.002264375069601693,False,automatic,youtube_search,True
1t8sqIScEIP0B4bQzBuI2P,MY BAG,i-dle,2022-03-14,160520,zFZE2d0MOYE,(G)I-DLE 'MY BAG' Lyrics ((여자)아이들 MY BAG 가사) (Color Coded Lyrics),Jaeguchi,161,52.2,False,"[""artist_in_title""]","[""lyrics""]",0.003115,False,automatic,user_or_pattern_selected (no_confident_match),False
2xo84jGkxFPrZmmBtS3Pkd,Lonely St.,Stray Kids,2022-03-18,164853,fiiuiLbR3kQ,Stray Kids 'LONELY ST.' (Color Coded Lyrics) | ShadowByYoongi,ShadowByYoongi,168,54.5,False,"[""artist_in_title""]","[""lyrics""]",0.018799,False,automatic,user_or_pattern_selected (no_confident_match),False
7uoFMmxln0GPXQ0AcCBXRq,Snowman,Sia,2018-11-01,165900,gset79KMmt0,Sia - Snowman [Official Video],Sia,173.0,100.0,False,"[""exact_channel_artist"", ""artist_in_title""]","[""official_video""]",0.04279686558167571,False,automatic,youtube_search,True
2FKtn8qQx84O85wWABOwpd,GENTLEMAN,C JAMM,2022-03-03,171949,4SuU_4EtDDo,GENTLEMAN (젠틀맨),C JAMM,172.0,100.0,False,"[""exact_channel_artist""]",,0.0002965995731292418,False,automatic,youtube_search,True
6f5ExP43esnvdKPddwKXJH,Better Days (NEIKED x Mae Muller x Polo G),NEIKED,2021-09-24,160656,JaT6wdSMcto,"NEIKED, Mae Muller, Polo G - Better Days (Lyric Video)",Mae Muller,166,43.1,False,"[""artist_in_title""]","[""lyric_video""]",0.032981,False,automatic,user_or_pattern_selected (no_confident_match),False
0u7b8p0mxUUNT7xeuYUtlP,Tiny Riot,Sam Ryder,2021-03-26,204979,lXvYbi16Y2A,Sam Ryder - Tiny Riot (Official Lyric Video),Sam Ryder,206.0,100.0,False,"[""exact_channel_artist"", ""artist_in_title""]","[""official_lyric_video""]",0.004980998053459135,False,automatic,youtube_search,True
4Sav8RLaXMBpTZX6xNPj0K,Try Again,JAEHYUN,2017-11-24,178233,4LPmBiFkoBk,[STATION] 디어 (d.ear) X 재현 'Try Again' MV,SMTOWN,179.0,100.0,False,,"[""official_channel"", ""music_video""]",0.004303355719760089,False,automatic,youtube_search,True
3jHg6QE70y2FTdnsxSrCbv,GingaMingaYo (the strange world),Billlie,2022-02-23,215800,tC4Pmtp-NwE,Billlie | 'GingaMingaYo (the strange world)' one-shot performance video,Billlie,222,69,False,"[""exact_channel_artist"", ""artist_in_title""]",,0.02873,False,automatic,user_or_pattern_selected (ambiguous),False
3LEgGAl9zLcQWGTp7ptqtQ,Don’t Wake Me Up,Jonas Blue,2022-01-07,188894,1dn-WBYAbF4,"Jonas Blue, Why Don't We - Don’t Wake Me Up (Lyric Video)",Jonas Blue,189.0,100.0,False,"[""exact_channel_artist"", ""artist_in_title""]","[""lyric_video""]",0.0005611612862240199,False,automatic,youtube_search,True
5nfb7IPrj9awskmLFSykWr,Timeless,SG Wannabe,2004-01-19,237871,j_Wobf3NBJ4,[AUDIO] SG 워너비 - Timeless,양재성,235,69.599999999999994,False,,,0.01219,False,automatic,user_or_pattern_selected (no_confident_match),False
37rnSr2ZCkzqmoUqGQtn4q,Christmas Tree - Inst.,V,2021-12-24,209946,SYw-coTxMzE,Christmas Tree (Inst.),V - Topic,210.0,100.0,False,"[""exact_channel_artist"", ""artist_in_channel""]","[""topic_channel""]",0.00025720899659912547,False,automatic,youtube_search,True
08xMOoUaMWWlNStVUdBTBC,Because,ASH ISLAND,2022-01-25,196333,qlFiAtpk-iw,Because,ASH ISLAND,197.0,100.0,False,"[""exact_channel_artist""]",,0.0033972892993027154,False,automatic,youtube_search,True
6xGruZOHLs39ZbVccQTuPZ,Glimpse of Us,Joji,2022-06-10,233456,NgsWGfUlwJI,Joji - Glimpse of Us (Official Video),Joji,235.0,100.0,False,"[""exact_channel_artist"", ""artist_in_title""]","[""official_video""]",0.006613665958467549,False,automatic,youtube_search,True
5oH4DQAuu1J1800RzUsBWa,That That (prod. & feat. SUGA of BTS),PSY,2022-04-29,174646,uOdA5_R2x_E,PSY (feat. BTS SUGA) That That Lyrics (싸이 슈가 That That 가사) (Color Coded Lyrics),Jaeguchi,174,100,False,"[""artist_in_title""]","[""lyrics""]",0.003436,False,automatic,user_or_pattern_selected (ambiguous),False
4Dvkj6JhhA12EX05fT7y2e,As It Was,Harry Styles,2022-05-20,167303,H5v3kku4y6Q,Harry Styles - As It Was (Official Video),Harry Styles,166.0,100.0,False,"[""exact_channel_artist"", ""artist_in_title""]","[""official_video""]",0.007788264406495998,False,automatic,youtube_search,True
1m2PksrrMpIev63uPxT1V0,O.O,NMIXX,2022-02-22,172936,3GWscde8rM8,"NMIXX ""O.O"" M/V",JYP Entertainment,214.0,100.0,False,"[""artist_in_title""]","[""official_channel"", ""music_video""]",0.23745200536614702,False,automatic,youtube_search,True
1qEmFfgcLObUfQm0j1W2CK,Late Night Talking,Harry Styles,2022-05-20,177954,4VaqA-5aQTM,Harry Styles - Late Night Talking (Official Video),Harry Styles,196.0,100.0,False,"[""exact_channel_artist"", ""artist_in_title""]","[""official_video""]",0.10140822909291165,False,automatic,youtube_search,True
5quFr5s5PXYfUX5jV2EBZ1,GANADARA (Feat. IU),Jay Park,2022-03-11,203727,v224EdAkZr8,박재범 (Jay Park) - ‘GANADARA (Feat. 아이유 IU)’ Official Audio,JAY PARK,204.0,100.0,False,"[""exact_channel_artist"", ""artist_in_title""]","[""official_audio""]",0.0013400285676419914,False,automatic,youtube_search,True
2gzhQaCTeNgxpeB2TPllyY,With you,Jimin,2022-04-24,201905,Z9b0Hj-BfaM,[MV] 지민(Jimin) X 하성운(Ha Sung-Woon) - With you | 우리들의 블루스(Our Blues) OST Part 4,냠냠엔터테인먼트 YAMYAM ENTERTAINMENT,204,64,False,"[""artist_in_title""]","[""official_channel"", ""music_video""]",0.010401,False,automatic,user_or_pattern_selected (no_confident_match),True
0CatzXH85XWyBqqdB6qPMB,Beatbox,NCT DREAM,2022-05-30,205133,bagFQCTHXy8,NCT DREAM 엔시티 드림 'Beatbox' MV,SMTOWN,237.0,100.0,False,"[""artist_in_channel"", ""artist_in_title""]","[""official_channel"", ""music_video""]",0.1553479937406463,False,automatic,youtube_search,True
3oiMjDZ1bShIpFfOQf55IW,LOVE me,BE'O,2022-04-12,173440,ulYfmWSjG9M,BE'O (비오) - 'LOVE me' MV,BPM Entertainment,181.0,100.0,False,"[""artist_in_title""]","[""official_channel"", ""music_video""]",0.043588560885608855,False,automatic,youtube_search,True
2jidjmWNeRmKgLjXhW52Gz,"Our Blues, Our Life",Lim Young Woong,2022-05-02,207386,s1KBeKted_k,[OFFICIAL Lyric] 임영웅(Lim Young-Woong) - 우리들의 블루스(Our Blues Our Life) | 우리들의 블루스(Our Blues) OST,냠냠엔터테인먼트 YAMYAM ENTERTAINMENT,208.0,100.0,False,"[""artist_in_title""]","[""official_channel"", ""lyrics""]",0.002960662725545601,False,automatic,youtube_search,True
2SLwbpExuoBDZBpjfefCtV,Out of Time,The Weeknd,2022-01-06,214193,xBa3YUgQeL4,The Weeknd - Out Of Time (Official Lyric Video),The Weeknd,215.0,100.0,False,"[""exact_channel_artist"", ""artist_in_title""]","[""official_lyric_video""]",0.0037676301279687013,False,automatic,youtube_search,True
7BDHDiidJ8WV349p3HTxTV,MANIAC,Stray Kids,2022-03-18,182757,OvioeS1ZZ7o,"Stray Kids ""MANIAC"" M/V",JYP Entertainment,203.0,100.0,False,"[""artist_in_title""]","[""official_channel"", ""music_video""]",0.11076456715748234,False,automatic,youtube_search,True
32vE1nuG8T9c8bhmZdRY6d,Cooped Up,Post Malone,2022-06-03,185857,LUBUchYczsA,Post Malone - Cooped Up (Official Audio) ft. Roddy Ricch,Post Malone,186.0,100.0,False,"[""exact_channel_artist"", ""artist_in_title""]","[""official_audio""]",0.0007694087389767402,False,automatic,youtube_search,True
186NCtNk1tUYS7c2DxgJ7O,Christmas Tree,V,2021-12-24,209946,CMbxzOQc0GI,[Lyrics Video] V - Christmas Tree,SUPER SOUND Bugs!,211,100,False,"[""artist_in_title""]","[""lyrics""]",0.005241,False,automatic,user_or_pattern_selected (ambiguous),False
2FeBslNBMdR9V58uv6hd2t,N95,Kendrick Lamar,2022-05-13,195950,XEV4x7xEprw,Kendrick Lamar - N95 (Official Audio),Kendrick Lamar,196.0,100.0,False,"[""exact_channel_artist"", ""artist_in_title""]","[""official_audio""]",0.00025516713447307985,False,automatic,youtube_search,True
5OiD0uUNxZkSyG3opReDlx,Don′t do That,Leellamarz,2022-05-20,135120,Bfn3BMV3LOQ,Don′t do That,LEELLAMARZ,136.0,100.0,False,"[""exact_channel_artist""]",,0.006512729425695678,False,automatic,youtube_search,True
0UnOf7i44YK0ULpkEGHe4R,Dear my X,KyoungSeo,2022-04-24,187733,S1JB_T6Fths,[MV] KyoungSeo(경서) _ Dear my X(나의 X에게),1theK (원더케이),225.0,100.0,False,"[""artist_in_title""]","[""official_channel"", ""music_video""]",0.1985106507646498,False,automatic,youtube_search,True
5zyZM1EiSqrniyqtprwxpv,Falling Back,Drake,2022-06-16,266178,fCtmgdpjpcw,Drake - Falling Back (Audio),Drake,267.0,100.0,False,"[""exact_channel_artist"", ""artist_in_title""]",,0.0030881590514618036,False,automatic,youtube_search,True
2DB4DdfCFMw1iaR6JaR03a,Bam Bam,Camila Cabello,2022-04-07,206070,nWr4r-3bHBc,Camila Cabello - Bam Bam (Official Audio) ft. Ed Sheeran,Camila Cabello,208.0,100.0,False,"[""exact_channel_artist"", ""artist_in_title""]","[""official_audio""]",0.009365749502596206,False,automatic,youtube_search,True
3rmo8F54jFF8OgYsqTxm5d,Bad Habits,Ed Sheeran,2021-10-25,230746,HeOpRzcqKrE,Ed Sheeran - Bad Habits [Official Lyric Video],Ed Sheeran,232.0,100.0,False,"[""exact_channel_artist"", ""artist_in_title""]","[""official_lyric_video""]",0.005434547077739159,False,automatic,youtube_search,True
51Zw1cKDgkad0CXv23HCMU,Daylight,Harry Styles,2022-05-20,164533,-UJCMfuFtSQ,Harry Styles - Daylight (Official Video),Harry Styles,167.0,100.0,False,"[""exact_channel_artist"", ""artist_in_title""]","[""official_video""]",0.01499395258094121,False,automatic,youtube_search,True
1IvOxLYTstsq5Z6pN3l3zm,Loving You,Lim Young Woong,2022-05-02,212293,e0GJ_KPvdDc,Loving You,임영웅,213,100,False,,,0.003297,False,automatic,user_or_pattern_selected (ambiguous),False
0RGUIOZtmOXTWOy5EjvQbP,Paris in the Rain,Lauv,2017-11-17,204712,kOCkne-Bku4,Lauv - Paris in the Rain [Official Video],Lauv,217.0,100.0,False,"[""exact_channel_artist"", ""artist_in_title""]","[""official_video""]",0.060025792332642935,False,automatic,youtube_search,True
7BpqydHSxMviDR0DNTne6J,Yours,Conan Gray,2022-05-19,204967,W5vz8kMxx4A,Conan Gray - Yours (Official Lyric Video),Conan Gray,206.0,100.0,False,"[""exact_channel_artist"", ""artist_in_title""]","[""official_lyric_video""]",0.0050398356808657,False,automatic,youtube_search,True
1XlSkQeITGEv8r6HIZfpfX,I hate you,WOODZ,2022-05-04,190000,7iSzJ6fh6vE,WOODZ - I hate you ( Audio ),WOODZ,191.0,100.0,False,"[""exact_channel_artist"", ""artist_in_title""]",,0.005263157894736842,False,automatic,youtube_search,True
4ShxDU7CHNQVi2wwgSdqfF,Loving You Girl,Peder Elias,2021-05-14,171800,uZbB9DssRlA,Peder Elias - Loving You Girl (Lyric Video) ft. Hkeem,Peder Elias,173.0,100.0,False,"[""exact_channel_artist"", ""artist_in_title""]","[""lyric_video""]",0.006984866123399301,False,automatic,youtube_search,True
13sAZcJP2b6D6Qjck3Ixc3,니가 왜 거기서 나와 (Narr. 고은아),YOUNGTAK,2018-10-21,190840,vFWRbhxDI0I,[가사 Lyrics] 영탁 - 니가 왜 거기서 나와 (Narr. 고은아),RushSTAR,192,93,False,,"[""lyrics""]",0.006289,False,automatic,user_or_pattern_selected (ambiguous),False
6kYGOFNUMxpab09L5Ukoke,Rich Spirit,Kendrick Lamar,2022-05-13,202285,hl3-ZPg-JAA,Kendrick Lamar - Rich Spirit (Official Audio),Kendrick Lamar,203.0,100.0,False,"[""exact_channel_artist"", ""artist_in_title""]","[""official_audio""]",0.0035346170007662455,False,automatic,youtube_search,True
6SpPr7K4YQ2wp8jU6uOTmQ,Queendom,Red Velvet,2021-08-16,181760,c9RzZpV460k,Red Velvet 레드벨벳 'Queendom' MV,SMTOWN,190.0,100.0,False,"[""artist_in_title""]","[""official_channel"", ""music_video""]",0.04533450704225352,False,automatic,youtube_search,True
44QDTpkTR3eLLfXEKTjyul,Free,Xydo,2022-03-20,226160,aY382UdxfnQ,Free,Xydo,227.0,100.0,False,"[""exact_channel_artist""]",,0.003714184648036788,False,automatic,youtube_search,True
4h4QlmocP3IuwYEj2j14p8,Sunroof,Nicky Youre,2021-12-03,163025,G5xSLbYMr-I,"Nicky Youre, dazy - Sunroof (Official Music Video)",Nicky Youre,175.0,100.0,False,"[""exact_channel_artist"", ""artist_in_title""]","[""official_music_video""]",0.07345499156571078,False,automatic,youtube_search,True
4T9hw59r85ZkesNoYWQIJg,Arcade,NCT DREAM,2022-03-28,207720,btXvIm6H3U8,NCT DREAM 'Arcade' (Official Audio) | Glitch Mode - The 2nd Album,NCT DREAM,208,31.6,False,"[""exact_channel_artist"", ""artist_in_title""]","[""official_audio""]",0.001444,False,automatic,user_or_pattern_selected (no_confident_match),True
5zwwW9Oq7ubSxoCGyW1nbY,Pink Venom,BLACKPINK,2022-09-15,186964,gQlMMD8auMs,BLACKPINK - ‘Pink Venom’ M/V,BLACKPINK,194.0,100.0,False,"[""exact_channel_artist"", ""artist_in_title""]","[""music_video""]",0.037632913288119636,False,automatic,youtube_search,True
2gYj9lubBorOPIVWsTXugG,After LIKE,IVE,2022-08-22,176973,CVxTT38_J4c,After LIKE,IVE,177.0,100.0,False,"[""exact_channel_artist""]",,0.000152565645606957,False,automatic,youtube_search,True
5expoVGQPvXuwBBFuNGqBd,Hurt,NewJeans,2022-08-01,177946,tVIXY14aJms,NewJeans (뉴진스) 'Hurt' Official MV,HYBE LABELS,182.0,100.0,False,"[""artist_in_title""]","[""official_channel"", ""official_music_video""]",0.02278219235048835,False,automatic,youtube_search,True
396FqjKmViUZ92Wmm4rx3i,Illusion,aespa,2022-07-08,195053,BpCvYeK5hcE,aespa 에스파 '도깨비불 (Illusion)' Lyric Video,aespa,209.0,100.0,False,"[""exact_channel_artist"", ""artist_in_title""]","[""lyric_video""]",0.07150364259970367,False,automatic,youtube_search,True
1nX1b7kRg5a6XKAq7uQOpr,SNEAKERS,ITZY,2022-07-15,179453,Hbb5GPxXF1w,ITZY “SNEAKERS” M/V @ITZY,JYP Entertainment,185.0,100.0,False,"[""artist_in_title""]","[""official_channel"", ""music_video""]",0.030910600547218493,False,automatic,youtube_search,True
1oen3GpTcA486fTHaT7neg,FOREVER 1,Girls' Generation,2022-08-05,202533,Qpf26PtBXgo,Girls' Generation 소녀시대 'FOREVER 1' MV,SMTOWN,214.0,100.0,False,"[""artist_in_title""]","[""official_channel"", ""music_video""]",0.05661793386756726,False,automatic,youtube_search,True
7GARzfC1mwhDuk4t9WOACq,MORE,j-hope,2022-07-15,180022,pKdBFeewZYE,j-hope 'MORE' Official MV,HYBE LABELS,208.0,100.0,False,"[""artist_in_channel"", ""artist_in_title""]","[""official_channel"", ""official_music_video""]",0.15541433824754752,False,automatic,youtube_search,True
5mdWIwsJAzR97ShGkt8gcR,New thing (Prod. ZICO) (Feat. Homies),ZICO,2022-09-06,147426,C_cpDd0WYTk,New thing (Prod. by ZICO) (Feat. Homies),ZICO,148.0,100.0,False,"[""exact_channel_artist"", ""artist_in_title""]",,0.003893478762226473,False,automatic,youtube_search,True
2DwUdMJ5uxv20EhAildreg,Cookie,NewJeans,2022-08-01,235562,VOmIplFAGeg,NewJeans (뉴진스) 'Cookie' Official MV,HYBE LABELS,239.0,100.0,False,"[""artist_in_title""]","[""official_channel"", ""official_music_video""]",0.014594883724879226,False,automatic,youtube_search,True
0HsRZwZzHoZ5AM5W2ZYI5c,Beyond Love (Feat. 10CM),BIG Naughty,2022-04-20,188706,OlXr5YD-MWA,Beyond Love (Feat. 10CM) (정이라고 하자 (Feat. 10CM)),BIG Naughty (서동현),189,73.3,False,"[""exact_channel_artist""]",,0.00159,False,automatic,user_or_pattern_selected (ambiguous),False
0CB3B5ir8I2KbB3dkGVtWF,At That Moment,WSG WANNBE (Gaya-G),2022-07-09,222933,BkKQvid_46Q,WSG Wannabe (가야G) – At That Moment (그때 그 순간 그대로 (그그그)) [Color_Coded_Rom|Eng Lyrics],ElyDha Subs,225,53.8,False,,"[""lyrics""]",0.009421,False,automatic,user_or_pattern_selected (no_confident_match),False
0O6u0VJ46W86TxN9wgyqDj,I Like You (A Happier Song),Post Malone,2022-06-03,192840,_a0T5qwxANg,Post Malone - I Like You (A Happier Song) (Audio) ft. Doja Cat,Post Malone,193.0,100.0,False,"[""exact_channel_artist"", ""artist_in_title""]",,0.0008297033810412777,False,automatic,youtube_search,True
2QWEMqQMJR1KDf6hDjJOs6,Arson,j-hope,2022-07-15,159761,QmpTkkaKYSU,j-hope '방화 (Arson)' Official MV,HYBE LABELS,179.0,100.0,False,"[""artist_in_channel"", ""artist_in_title""]","[""official_channel"", ""official_music_video""]",0.12042363280149723,False,automatic,youtube_search,True
6C734SmqoIYuRWo2qSCnpC,DICE,NMIXX,2022-09-19,165746,p1bjnyDqI9k,"NMIXX ""DICE"" M/V",JYP Entertainment,199.0,100.0,False,"[""artist_in_title""]","[""official_channel"", ""music_video""]",0.20063229278534625,False,automatic,youtube_search,True
69xohKu8C1fsflYAiSNbwM,Run BTS,BTS,2022-06-10,204939,a4YwJCZRh5M,달려라 방탄,BANGTANTV,205.0,100.0,False,"[""artist_in_channel""]","[""official_channel""]",0.0002976495444986069,False,automatic,youtube_search,True
50xSycnGMDy0Wg5jJcOv3S,Rainbow,Lim Young Woong,2022-05-02,196400,jP2J0qnFtV4,[4K] 임영웅 (Lim Young Woong) - 무지개 (Rainbow) MV,임영웅,209,100,False,"[""artist_in_title""]","[""music_video""]",0.064155,False,automatic,user_or_pattern_selected (ambiguous),False
2lsRp40mCRkhqULWdMbOzn,I Love You,Lim Young Woong,2022-05-02,239026,CbhiBN5wpCc,임영웅 (Lim Young Woong) - 사랑해 진짜 (I Love You) MV,임영웅,239,100,False,"[""artist_in_title""]","[""music_video""]",0.0,False,automatic,user_or_pattern_selected (ambiguous),False
2mgzUVvDpb1zMSB4glLQ6T,Life's Too Short - English Version,aespa,2022-06-24,178133,8_qkTGOcBHU,Life's Too Short (English Version),aespa,179.0,100.0,False,"[""exact_channel_artist""]",,0.0048671498262534175,False,automatic,youtube_search,True
0bYVPJvXr8ACmw313cVvhB,Tally,BLACKPINK,2022-09-16,184248,VQo4hyWfBQ4,BLACKPINK - ‘Tally’ (Official Audio),BLACKPINK,185.0,100.0,False,"[""exact_channel_artist"", ""artist_in_title""]","[""official_audio""]",0.004081455429638314,False,automatic,youtube_search,True
7AdGloF1UHKe1vAZPbqIXH,The Happiest Girl,BLACKPINK,2022-09-15,222025,kVXazE8wR1Q,BLACKPINK - ‘The Happiest Girl’ (Official Audio),BLACKPINK,223.0,100.0,False,"[""exact_channel_artist"", ""artist_in_title""]","[""official_audio""]",0.004391397365161581,False,automatic,youtube_search,True
00I41xsW6SunZDJ5fB8KAd,Safety Zone,j-hope,2022-07-15,165340,VQ-qkm8KGD0,j-hope 'Safety Zone' Visualizer,BANGTANTV,167.0,100.0,False,"[""artist_in_channel"", ""artist_in_title""]","[""official_channel"", ""visualizer""]",0.010039917745252208,False,automatic,youtube_search,True
0Puudh380z6cOCgMaTNm7h,Future,j-hope,2022-07-15,139308,Fh2PTrTaxv0,j-hope 'Future' Visualizer,BANGTANTV,138.0,100.0,False,"[""artist_in_channel"", ""artist_in_title""]","[""official_channel"", ""visualizer""]",0.00938926694805754,False,automatic,youtube_search,True
4saklk6nie3yiGePpBwUoc,Dynamite,BTS,2020-11-20,199053,gdZLi9oWNZg,BTS (방탄소년단) 'Dynamite' Official MV,HYBE LABELS,224.0,100.0,False,"[""artist_in_channel"", ""artist_in_title""]","[""official_channel"", ""official_music_video""]",0.1253284301166021,False,automatic,youtube_search,True
3TSLqZssCoCdDlMhCJ08XW,Still Life,BIGBANG,2022-04-05,188369,eN5mG_yMDiM,BIGBANG - '봄여름가을겨울 (Still Life)' M/V,BIGBANG,194.0,100.0,False,"[""exact_channel_artist"", ""artist_in_title""]","[""music_video""]",0.02989345380609336,False,automatic,youtube_search,True
1XIIvx9S19CZVc7eow7EX7,STOP,j-hope,2022-07-15,122211,WjqHuhf0wYg,STOP (Lollapalooza ver.),j-hope - Topic,136.0,100.0,False,"[""exact_channel_artist"", ""artist_in_channel""]","[""topic_channel""]",0.1128294507041101,False,automatic,youtube_search,True
775S83AMYbQc8SYteOktTL,Gradation,10CM,2022-07-03,201280,VQZXXciZb_c,[MV] 10CM _ Gradation(그라데이션),1theK (원더케이),218.0,100.0,False,"[""artist_in_title""]","[""official_channel"", ""music_video""]",0.08306836248012718,False,automatic,youtube_search,True
1WKLxJpDqkQ9x1qEDNutoX,2 Baddies,NCT 127,2022-09-16,230293,FRilMXZqNhA,NCT 127 엔시티 127 '질주 (2 Baddies)' MV,SMTOWN,245.0,100.0,False,"[""artist_in_title""]","[""official_channel"", ""music_video""]",0.06386212346879844,False,automatic,youtube_search,True
4FKmrrI6y8REWoCyV5tAhY,Just 10 centimeters,10CM,2022-09-25,195506,wBHZA9-POt0,"[MV] 10CM,BIG Naughty(서동현) _ Just 10 centimeters(딱 10CM만)",1theK (원더케이),240.0,100.0,False,"[""artist_in_title""]","[""official_channel"", ""music_video""]",0.22758380816957025,False,automatic,youtube_search,True
1oFAF1hdPOickyHgbuRjyX,Save Your Tears (Remix),The Weeknd,2020-03-20,191013,LIIDh-qI9oI,The Weeknd & Ariana Grande - Save Your Tears (Remix) (Official Video),The Weeknd,206.0,100.0,False,"[""exact_channel_artist"", ""artist_in_title""]","[""official_video""]",0.07846062833419715,False,automatic,youtube_search,True
19Hg1UCZaCdpHB37L7x63X,EVERYTHING,The Black Skirts,2017-05-30,293000,Aq_gsctWHtQ,[MV] 검정치마(The Black Skirts) - 'EVERYTHING',SEOUL MUSIC / 서울뮤직,304,100,False,"[""artist_in_title""]","[""music_video""]",0.037543,False,automatic,user_or_pattern_selected (ambiguous),False
0Hj4YtlD0Q5O0srdZxJUtl,Gold Dust,NCT 127,2022-09-16,249613,k7LYjZDdIWs,NCT 127 '윤슬 (Gold Dust)' (Official Audio) | 질주 (2 Baddies) - The 4th Album,NCT 127,250.0,100.0,False,"[""exact_channel_artist"", ""artist_in_title""]","[""official_audio""]",0.0015504000192297677,False,automatic,youtube_search,True
1w2hClDL1xH4FPZIipZ1FJ,I Guess I Loved You,Yoon Do Hyun,2005-01-01,238880,8BKWEW4NJTg,Yoon Do Hyun - I Guess I Loved you (Easy Lyrics),Pmusic,239,100,False,"[""artist_in_title""]","[""lyrics""]",0.000419,False,automatic,user_or_pattern_selected (ambiguous),False
3scRk3rUGIwpCg9kMNrtEQ,Amor,Baek A,2018-10-11,188942,5lQrf60gxNI,백아(白兒) '첫사랑(Amor)' Lyrics Video / (Art. 반지수),백아,189,100,False,,"[""lyrics""]",0.000529,False,automatic,user_or_pattern_selected (ambiguous),False
2mqTtvbKxH7SoEQ2oGAnsA,CHURCH GIRL,Beyoncé,2022-07-29,224472,_sZirWKsOBg,Beyoncé - CHURCH GIRL (Official Lyric Video),Beyoncé,232.0,100.0,False,"[""exact_channel_artist"", ""artist_in_title""]","[""official_lyric_video""]",0.03353647670979008,False,automatic,youtube_search,True
5pyoxDZ1PX0KxBxiRVxA4U,BREAK MY SOUL,Beyoncé,2022-07-29,278281,yjki-9Pthh0,Beyoncé - BREAK MY SOUL (Official Lyric Video),Beyoncé,287.0,100.0,False,"[""exact_channel_artist"", ""artist_in_title""]","[""official_lyric_video""]",0.03133163960169756,False,automatic,youtube_search,True
7IuuFQShxmy7zMZ3vZvMFj,Day & Night,Lee Young Ji,2021-10-29,215573,g3rD2V4meGs,[MV] 이영지 - 낮 밤 (feat. 박재범),이영지,224,60,False,,"[""music_video""]",0.038961,False,automatic,user_or_pattern_selected (no_confident_match),False
3WBRfkOozHEsG0hbrBzwlm,Everything Goes On,Porter Robinson,2022-07-14,202821,izHyKdrSKvo,Porter Robinson - Everything Goes On (Official Lyric Video) | Star Guardian 2022,Porter Robinson,203,65.5,False,"[""exact_channel_artist"", ""artist_in_title""]","[""official_lyric_video""]",0.000986,False,automatic,user_or_pattern_selected (no_confident_match),True
0Q5VnK2DYzRyfqQRJuUtvi,LOVE DIVE,IVE,2022-04-05,177186,l-jZOXa7gQY,LOVE DIVE,IVE,178.0,100.0,False,"[""exact_channel_artist""]",,0.004594042418701252,False,automatic,youtube_search,True
5Odq8ohlgIbQKMZivbWkEo,Left and Right (Feat. Jung Kook of BTS),Charlie Puth,2022-10-06,154486,a7GITgqwDVg,Charlie Puth - Left And Right (feat. Jung Kook of BTS) [Official Video],Charlie Puth,160.0,100.0,False,"[""exact_channel_artist"", ""artist_in_title""]","[""official_video""]",0.035692554665147654,False,automatic,youtube_search,True
2pIUpMhHL6L9Z5lnKxJJr9,Attention,NewJeans,2022-08-01,180066,x8RIixqumUc,NewJeans (뉴진스) 'Attention' Official MV (Performance ver.),HYBE LABELS,178,52.9,False,"[""artist_in_title""]","[""official_channel"", ""official_music_video""]",0.01166,False,automatic,user_or_pattern_selected (ambiguous),True
0V3wPSX9ygBnCm8psDIegu,Anti-Hero,Taylor Swift,2022-10-21,200690,XqN2qFvY64U,Taylor Swift - Anti-Hero (Official Lyric Video),Taylor Swift,204.0,100.0,False,"[""exact_channel_artist"", ""artist_in_title""]","[""official_lyric_video""]",0.016493098809108576,False,automatic,youtube_search,True
5aucVLKiumD89mxVCB4zvS,Rush Hour (Feat. j-hope of BTS),Crush,2022-09-22,177302,PS0qkO5qty0,Crush (크러쉬) - 'Rush Hour (Feat. j-hope of BTS)' MV,Crush,183.0,100.0,False,"[""exact_channel_artist"", ""artist_in_title""]","[""music_video""]",0.03213725733494264,False,automatic,youtube_search,True
27bIik73QCu8Xzt3xpG1bI,Candy,NCT DREAM,2022-12-16,217066,zuoSn3ObMz4,NCT DREAM 엔시티 드림 'Candy' MV,SMTOWN,231.0,100.0,False,"[""artist_in_channel"", ""artist_in_title""]","[""official_channel"", ""music_video""]",0.06419245759354297,False,automatic,youtube_search,True
6RBziRcDeiho3iTPdtEeg9,Event Horizon,Younha,2022-03-30,300786,BBdC1rl5sKY,윤하(YOUNHA) - 사건의 지평선 M/V,YOUNHA OFFICIAL,328.0,100.0,False,"[""exact_channel_artist"", ""artist_in_title""]","[""official_channel"", ""music_video""]",0.09047628546541395,False,automatic,youtube_search,True
3r8RuvgbX9s7ammBn07D3W,Ditto,NewJeans,2022-12-19,185506,Km71Rr9K-Bw,NewJeans (뉴진스) 'Ditto' Performance Video,NewJeans,190,35.700000000000003,False,"[""exact_channel_artist"", ""artist_in_title""]",,0.024259,False,automatic,user_or_pattern_selected (ambiguous),False
0h7QMc9ZRzA9QJrbEHytn2,The Astronaut,Jin,2022-10-28,282463,yAU7Fw8Sif0,진 (Jin) 'The Astronaut' Lyric Video,HYBE LABELS,296.0,100.0,False,"[""artist_in_channel"", ""artist_in_title""]","[""official_channel"", ""lyric_video""]",0.04792486095524016,False,automatic,youtube_search,True
1RDvyOk4WtPCtoqciJwVn8,Dreamers [Music from the FIFA World Cup Qatar 2022 Official Soundtrack],Jung Kook,2022-11-20,201391,Ma4cBtRiOeA,Jung Kook (정국) 'Dreamers [Music from the FIFA World Cup Qatar 2022 Official Soundtrack]' Audio,JXS_BP Official,200.0,100.0,False,"[""artist_in_title""]","[""official_channel""]",0.006906962078742347,False,automatic,youtube_search,True
3khEEPRyBeOUabbmOPJzAG,KICK BACK,Kenshi Yonezu,2022-10-12,193495,S09qwKoSHbM,「米津玄師 - KICK BACK」チェンソーマン OP Full,Matawamata,194,46.2,False,,,0.002584,False,automatic,user_or_pattern_selected (no_confident_match),False
20JkEhlKCrKtzORT5qDdWE,"EYE (Feat. BIG Naughty, JUSTHIS) (Prod. R.Tee)",DON MALIK,2022-12-17,234839,8vnfNZD_E44,"EYE (Feat. BIG Naughty, JUSTHIS) (Prod. R.Tee)",DON MALIK,235.0,100.0,False,"[""exact_channel_artist""]",,0.0006855760755240825,False,automatic,youtube_search,True
07trPhWMgiagFnSOlmpzl0,Complex (Feat. ZICO),BE'O,2022-09-29,195080,viy213MhJeI,[MV] BE'O(비오) _ Complex(자격지심) (Feat. ZICO),1theK (원더케이),213.0,100.0,False,"[""artist_in_title""]","[""official_channel"", ""music_video""]",0.09185974984621693,False,automatic,youtube_search,True
35ytd9cmG15jXG0RKWC9p4,Graduation,NCT DREAM,2022-12-16,237093,Sa_NeCgekzs,NCT DREAM 엔시티 드림 'Graduation' Special Video,NCT DREAM,246,58.8,False,"[""exact_channel_artist"", ""artist_in_title""]",,0.037537,False,automatic,user_or_pattern_selected (ambiguous),False
3wEr5lmE7oaC3qhCbJTY8B,Hectic,RM,2022-12-02,226189,lYv70OCSB8M,RM (알엠) 'Hectic (with Colde)' Official Audio,JXS_BP Official,227.0,100.0,False,"[""artist_in_title""]","[""official_channel"", ""official_audio""]",0.0035854970842967605,False,automatic,youtube_search,True
3XKI5295qhFbwNesz3ollU,Forg_tful,RM,2022-12-02,162295,cmJbVPTFtYg,건망증 (with 김사월),RM - Topic,163,9.5,True,"[""exact_channel_artist"", ""artist_in_channel""]","[""topic_channel""]",0.004313,False,automatic,user_or_pattern_selected (ambiguous),True
2KLwPaRDOB87XOYAT2fgxh,Pussy & Millions,Drake,2022-11-04,242026,8LpAtRIakkk,"Drake, 21 Savage - Pussy & Millions (Audio) ft. Travis Scott",Drake,243,51.3,False,exact_channel_artist | title_verified,official_channel | verified_audio,0.004132,False,automatic,user_or_pattern_selected (no_confident_match),True
0HYAsQwJIO6FLqpyTeD3l6,死ぬのがいいわ,Fujii Kaze,2020-05-20,185573,dawrQnvwMTY,藤井 風 - 死ぬのがいいわ（Not a MV）,Fujii Kaze,192,56,False,"[""exact_channel_artist""]","[""music_video""]",0.034483,False,automatic,user_or_pattern_selected (ambiguous),False
1sZBzYhrQG40zcSuKkI93c,Good Parts (when the quality is bad but I am),LE SSERAFIM,2022-10-17,156354,c_5PAWfIlGs,Good Parts (when the quality is bad but I am),LE SSERAFIM,157.0,100.0,False,"[""exact_channel_artist""]",,0.004131649973777454,False,automatic,youtube_search,True
2RLdkXSaiQjRbey5pvP8Kt,If We Ever Meet Again,Lim Young Woong,2022-05-02,274386,sHqFqWDviBg,임영웅 - 다시 만날 수 있을까 MV,임영웅,275,84.6,False,,"[""music_video""]",0.002187,False,automatic,user_or_pattern_selected (ambiguous),False
1dfsPqH09vnzUWEOsN98Ex,28 Reasons,SEULGI,2022-10-04,189413,G_BYjnopO6U,SEULGI 슬기 '28 Reasons' MV,SMTOWN,227.0,100.0,False,"[""artist_in_title""]","[""official_channel"", ""music_video""]",0.198439389059885,False,automatic,youtube_search,True
2FRnf9qhLbvw8fu4IBXx78,Last Christmas,Wham!,1984-11-29,262960,E8gmARGvPlI,Wham! - Last Christmas (Official Video),WHAM!,279.0,100.0,False,"[""exact_channel_artist"", ""artist_in_title""]","[""official_video""]",0.060997870398539704,False,automatic,youtube_search,True
0o9zmvc5f3EFApU52PPIyW,Shinunoga E-Wa,Fujii Kaze,2020-05-20,185573,dawrQnvwMTY,Fujii Kaze - Shinunoga E-Wa (Not a MV),Fujii Kaze,192.0,100.0,False,"[""exact_channel_artist"", ""artist_in_title""]","[""music_video""]",0.03463327100386371,False,automatic,youtube_search,True
3rWDp9tBPQR9z6U5YyRSK4,Midnight Rain,Taylor Swift,2022-10-21,174782,Odh9ddPUkEY,Taylor Swift - Midnight Rain (Official Lyric Video),Taylor Swift,180.0,100.0,False,"[""exact_channel_artist"", ""artist_in_title""]","[""official_lyric_video""]",0.029854332826034717,False,automatic,youtube_search,True
10qiH1RJkexhTUuN562FsP,Braindead,Sion,2022-09-13,163862,kyaCJaa4Axg,Braindead (Braindead),Sion,164.0,100.0,False,"[""exact_channel_artist""]",,0.0008421720716212422,False,automatic,youtube_search,True
078fJxqEUz0LvbHSM6AoXJ,SUPER BOARD,Stray Kids,2022-10-07,185960,8ziUcTYwARI,"Stray Kids ""SUPER BOARD"" Video",Stray Kids,193,78.599999999999994,False,"[""exact_channel_artist"", ""artist_in_title""]",,0.037634,False,automatic,user_or_pattern_selected (no_confident_match),False
77khP2fIVhSW23NwxrRluh,A Holly Jolly Christmas - Single Version,Burl Ives,1965-10-01,135533,7Ux2h2H313U,A Holly Jolly Christmas,Burl Ives - Topic,133,75.400000000000006,False,"[""exact_channel_artist"", ""artist_in_channel""]","[""topic_channel""]",0.01845,False,automatic,user_or_pattern_selected (no_confident_match),True
5k1A6F2kRnr6XkYKpVt7V0,Boys Like You,ITZY,2022-10-21,223386,McrbabO6zN4,ITZY - Boys Like You (Audio Clip),ITZY,224.0,100.0,False,"[""exact_channel_artist"", ""artist_in_title""]",,0.002748605552720403,False,automatic,youtube_search,True
6MCjmGYlw6mQVWRFVgBRvB,夜に駆ける,YOASOBI,2021-01-06,258840,by4SYYWlhEs,夜に駆ける,YOASOBI,262.0,100.0,False,"[""exact_channel_artist""]",,0.012208314016380777,False,automatic,youtube_search,True
53qayme5jMFwTb3fF84uv6,Celebrate,Red Velvet,2022-11-28,164693,nvuO06HkSag,Celebrate,Red Velvet,165,50.0,False,exact_channel_artist | title_verified,official_channel | verified_audio,0.001821,False,automatic,user_or_pattern_selected (ambiguous),True
2O3MQ6H3gjrIWDcpeTrikT,"Santa, Can’t You Hear Me",Kelly Clarkson,2021-10-15,242644,G7461Gf60ug,"Kelly Clarkson & Ariana Grande - Santa, Can't You Hear Me (Official Audio)",Kelly Clarkson,243.0,100.0,False,"[""exact_channel_artist"", ""artist_in_title""]","[""official_audio""]",0.0014671700103855855,False,automatic,youtube_search,True
2ZL7WZcjuYKi1KUDtp4kCC,Spin Bout U,Drake,2022-11-04,214588,jALeORvCJG8,"Drake, 21 Savage - Spin Bout U (Audio)",Drake,215.0,100.0,False,"[""exact_channel_artist"", ""artist_in_title""]",,0.0019199582455682518,False,automatic,youtube_search,True
0wavGRldH0AWyu2zvTz8zb,Sweet Nothing,Taylor Swift,2022-10-21,188496,rn0brgg2BpI,Taylor Swift - Sweet Nothing (Official Lyric Video),Taylor Swift,193.0,100.0,False,"[""exact_channel_artist"", ""artist_in_title""]","[""official_lyric_video""]",0.023894406247347424,False,automatic,youtube_search,True
5Hfnps0jaWFpYg55WOPexG,Alone,Jimin,2023-03-24,211250,7q9UDPZuTi0,Alone,Jimin - Topic,211,50.0,False,exact_channel_artist | title_verified,topic_channel | official_audio,0.000947,False,automatic,user_or_pattern_selected (ambiguous),True
0a4MMyCrzT0En247IhqZbD,Hype Boy,NewJeans,2022-08-01,179026,Rrf8uQFvICE,NewJeans (뉴진스) 'Hype Boy' Official MV (MINJI ver.),HYBE LABELS,177.0,100.0,False,"[""artist_in_title""]","[""official_channel"", ""official_music_video""]",0.011316791974350095,False,automatic,youtube_search,True
7foeH2Emgq8A3LWk3q6dat,Kitsch,IVE,2023-04-10,195440,pG6iaOMV46I,IVE 아이브 'Kitsch' MV,STARSHIP and IVE,202,100,False,"[""artist_in_channel"", ""artist_in_title""]","[""music_video""]",0.033777,False,automatic,user_or_pattern_selected (ambiguous),False
3OdIiWnYRHPYtC313Z0Bwy,Face-off,Jimin,2023-03-24,229627,TLT_MqzRHfY,Face-off,Jimin - Topic,230,47.1,False,exact_channel_artist | title_verified,topic_channel | official_audio,0.001742,False,automatic,user_or_pattern_selected (ambiguous),True
4fsQ0K37TOXa3hEQfjEic1,ANTIFRAGILE,LE SSERAFIM,2022-10-17,184444,dzwuR99Ry98,LE SSERAFIM (르세라핌) ‘ANTIFRAGILE’ Special Performance Video,LE SSERAFIM,195,45.8,False,"[""exact_channel_artist"", ""artist_in_title""]",,0.057484,False,automatic,user_or_pattern_selected (ambiguous),False
0rhI6gvOeCKA502RdJAbfs,Sugar Rush Ride,TOMORROW X TOGETHER,2023-01-27,186570,P9tKTxbgdkk,TXT (투모로우바이투게더) 'Sugar Rush Ride' Official MV,HYBE LABELS,213.0,88.23529411764706,False,,"[""official_channel"", ""official_music_video""]",0.14166264672776974,False,automatic,youtube_search,True
7eBpUuPnDTfbeP1P4P93CS,Fighting (Feat. Lee Young Ji),BSS,2023-02-06,204466,mBXBOLG06Wc,부석순 (SEVENTEEN) '파이팅 해야지 (Feat. 이영지)' Official MV,HYBE LABELS and SEVENTEEN,210,29.4,True,,"[""official_channel"", ""official_music_video""]",0.026895,False,automatic,user_or_pattern_selected (ambiguous),True
2RUcwyW74Sv4VracHFrKdh,Promise,Jimin,2018-12-31,151011,PwhgRnjhB84,약속,Jimin - Topic,152.0,100.0,False,"[""exact_channel_artist"", ""artist_in_channel""]","[""topic_channel""]",0.006549191780731205,False,automatic,youtube_search,True
6dgUya35uo964z7GZXM07g,Nonsense,Sabrina Carpenter,2022-07-15,163648,ECVA6FvhdEE,Sabrina Carpenter - Nonsense (Official Audio),Sabrina Carpenter,164.0,100.0,False,"[""exact_channel_artist"", ""artist_in_title""]","[""official_audio""]",0.0021509581540868207,False,automatic,youtube_search,True
6NnCWIWV740gP7DQ8kqdIE,Nxde,i-dle,2022-10-17,178453,fCO7f0SmrDc,(G)I-DLE - 'Nxde' Official Music Video,i-dle (아이들),184.0,100.0,False,"[""exact_channel_artist"", ""artist_in_title""]","[""official_music_video""]",0.031083814785966054,False,automatic,youtube_search,True
296nXCOv97WJNRWzIBQnoj,FEARLESS,LE SSERAFIM,2022-05-02,168437,4vbDFu0PUew,LE SSERAFIM FEARLESS OFFICIAL M/V,HYBE LABELS and LE SSERAFIM,183.0,100.0,False,"[""artist_in_channel"", ""artist_in_title""]","[""official_channel"", ""official_music_video""]",0.08645962585417694,False,automatic,youtube_search,True
3XfngyuVjltVRHSsLjrCRO,MY WAY (Prod. R.Tee),저스디스 (JUSTHIS),2022-12-03,377371,R8R-wc4lqc8,MY WAY (Prod. R.Tee),THISISJUSTHIS,378,100,False,,,0.00159,False,automatic,user_or_pattern_selected (no_confident_match),False
2qg2jy3v50RwfV5FAqG3a2,Interlude : Dive,Jimin,2023-03-24,130996,PUIRGc_53IY,Interlude : Dive,Jimin - Topic,131.0,100.0,False,"[""exact_channel_artist"", ""artist_in_channel""]","[""topic_channel""]",3.053528352010748e-05,False,automatic,youtube_search,True
3nqQXoyQOWXiESFLlDF1hG,Unholy,Sam Smith,2022-09-22,156943,QMGGaNynpLI,Sam Smith - Unholy (ft. Kim Petras) (Official Audio),Nightly,158,100,False,"[""artist_in_title""]","[""lyrics""]",0.007011,False,automatic,user_or_pattern_selected (ambiguous),False
6zjk7Qbwb9DZ4ykUUoqknh,第ゼロ感,10-FEET,2022-12-14,286000,v6ddeotX7K0,10-FEET - 第ゼロ感 (映画『THE FIRST SLAM DUNK』エンディング主題歌) Audio Movie,10-FEET,285,57.1,False,"[""exact_channel_artist"", ""artist_in_title""]",,0.003497,False,automatic,user_or_pattern_selected (no_confident_match),False
6auT8cRBu3BgPRBrdVBY15,London Boy,Lim Young Woong,2022-11-15,244500,TMfvkhkALbU,[4K] 임영웅 (Lim Young Woong) - 'LONDON BOY' MV,임영웅,260,100,False,"[""artist_in_title""]","[""music_video""]",0.063395,False,automatic,user_or_pattern_selected (ambiguous),False
7F0MuIk5glqtowCUjbn9es,Impurities,LE SSERAFIM,2022-10-17,196365,Ccz123Jlflc,LE SSERAFIM (르세라핌) 'Impurities' OFFICIAL M/V,HYBE LABELS and LE SSERAFIM,223.0,100.0,False,"[""artist_in_channel"", ""artist_in_title""]","[""official_channel"", ""official_music_video""]",0.1356402617574415,False,automatic,youtube_search,True
04TshWXkhV1qkqHzf31Hn6,Lemon,Kenshi Yonezu,2020-08-05,255826,SX_ViT4Ra7k,米津玄師  Kenshi Yonezu  - Lemon,Kenshi Yonezu  米津玄師,275,34.5,False,"[""artist_in_channel"", ""artist_in_title""]",,0.075059,False,automatic,user_or_pattern_selected (no_confident_match),False
5YSkDxmHvzSDWTu4MaEtfa,Smoke Sprite,So!YoON!,2023-03-14,242200,7xTQJbkwSfs,So!YoON! (황소윤) 'Smoke Sprite' (feat. RM of BTS) Official MV,새소년 SE SO NEON,243,100,False,"[""artist_in_title""]","[""music_video""]",0.003303,False,automatic,user_or_pattern_selected (ambiguous),False
0S2GNnqAHC96zqB8ZIcxg4,Fxxxnds (Feat. Kim Min Seok of MeloMance),BIG Naughty,2023-01-29,209400,syrirec77aQ,Fxxxnds (Feat. Kim Min Seok of MeloMance) (친구로 지내다 보면 (Feat. 김민석 of...,BIG Naughty (서동현),210.0,88.23529411764706,False,"[""exact_channel_artist""]",,0.0028653295128939827,False,automatic,youtube_search,True
4JK1kDUdH9RTBQrrSO1QfR,ベテルギウス,Yuuri,2022-01-12,230600,3Bf4_AbDj3Q,Yuuri 「ベテルギウス」 (Betelgeuse) Lyrics [Kan_Rom_Eng],Kei Takahashi,237,66.7,False,"[""artist_in_title""]","[""lyrics""]",0.027754,False,automatic,user_or_pattern_selected (no_confident_match),False
1F6qqwgyBjcIMzen8RrOXQ,Beautiful Liar,MONSTA X,2023-01-09,183120,3sP0x_GFIMo,Beautiful Liar,MONSTA X,184.0,100.0,False,"[""exact_channel_artist""]",,0.004805591961555264,False,automatic,youtube_search,True
10SRMwb9EuVS1K9rYsBfHQ,Yet To Come,BTS,2022-06-10,193593,3yZGKBU-kGU,BTS Yet To Come Lyrics (Color Coded Lyrics),Jaeguchi,195,100,False,"[""artist_in_title""]","[""lyrics""]",0.007231,False,automatic,user_or_pattern_selected (ambiguous),False
06KyNuuMOX1ROXRhj787tj,We Don't Talk Anymore,Charlie Puth,2016-01-29,217706,Pvcc5yEPpTc,Charlie Puth - We Don't Talk Anymore (feat. Selena Gomez) (Audio),CharliePuthVEVO,218.0,100.0,False,"[""exact_channel_artist"", ""artist_in_title""]","[""official_channel""]",0.0013504450956794943,False,automatic,youtube_search,True
4eFTh1opLS5wANDmZK9ghC,Cherry Blossom Ending,Busker Busker,2012-03-29,260517,tXV7dfvSefo,버스커 버스커 (Busker Busker) - 벚꽃 엔딩,STONE MUSIC,296.0,100.0,False,"[""artist_in_title""]","[""official_channel""]",0.1362022439994319,False,automatic,youtube_search,True
1jIMjbzcGCcCQn5iMu9CUc,That's Hilarious,Charlie Puth,2022-04-08,144933,Nq3x1AkwgpY,Charlie Puth - That's Hilarious [Official Video],Charlie Puth,146.0,100.0,False,"[""exact_channel_artist"", ""artist_in_title""]","[""official_video""]",0.007362022451753569,False,automatic,youtube_search,True
38DlSDrx9tgc5Gfq6y3aBa,MOONLIGHT SUNRISE,TWICE,2023-01-20,180320,-38PwJvhDN0,"TWICE ""MOONLIGHT SUNRISE"" Choreography Video (Moving Ver.)",TWICE,189,53.1,False,"[""exact_channel_artist"", ""artist_in_title""]",,0.048253,False,automatic,user_or_pattern_selected (ambiguous),False
54ipXppHLA8U4yqpOFTUhr,Bones,Imagine Dragons,2022-07-01,165264,mb-Cnwi9BqA,Imagine Dragons - Bones (Official Audio),ImagineDragons,166.0,100.0,False,"[""exact_channel_artist"", ""artist_in_title""]","[""official_audio""]",0.00445348049181915,False,automatic,youtube_search,True
5mHdCZtVyb4DcJw8799hZp,Escapism.,RAYE,2023-02-03,272373,Dll6VJ2C7wo,"RAYE, 070 Shake - Escapism. (Official Music Video)",RAYE,274.0,100.0,False,"[""exact_channel_artist"", ""artist_in_title""]","[""official_music_video""]",0.005973426147231921,False,automatic,youtube_search,True
7w05lsU2VLSeiT8Nukrv5M,Friends,BTS,2020-02-21,199338,h7mZX8INIYI,Friends,BANGTANTV,200.0,100.0,False,"[""artist_in_channel""]","[""official_channel""]",0.0033209924851257664,False,automatic,youtube_search,True
0Hy3JNYKAJu4ttcyQHzzYA,Big world,Yerin Baek,2023-01-01,234386,6Kb0_IkO3P4,백예린 (Yerin Baek) - 'Big world' M/V,Yerin Baek,236.0,100.0,False,"[""exact_channel_artist"", ""artist_in_title""]","[""music_video""]",0.006886076813461555,False,automatic,youtube_search,True
3DO8WRX72c1Z5hduVL1Nd5,선을 그어 주던가,1415,2017-04-21,160024,wlvcZ4StPRM,[1415] 선을 그어 주던가 MV,1415 Official,161.0,100.0,False,"[""exact_channel_artist"", ""artist_in_title""]","[""official_channel"", ""music_video""]",0.006099085137229416,False,automatic,youtube_search,True
3Ua0m0YmEjrMi9XErKcNiR,Like Crazy,Jimin,2023-03-24,212241,nOI67IDlNMQ,지민 (Jimin) 'Like Crazy' Official MV,HYBE LABELS,225.0,100.0,False,"[""artist_in_channel"", ""artist_in_title""]","[""official_channel"", ""official_music_video""]",0.06011562327731211,False,automatic,youtube_search,True
4QhnNyKDsAkXPwHkSnuc89,"Eve, Psyche & The Bluebeard’s wife",LE SSERAFIM,2023-05-01,185538,dZs_cLHfnNA,"LE SSERAFIM (르세라핌) 'Eve, Psyche & The Bluebeard's wife' OFFICIAL M/V",HYBE LABELS and LE SSERAFIM,228.0,100.0,False,"[""artist_in_channel"", ""artist_in_title""]","[""official_channel"", ""official_music_video""]",0.2288587782556673,False,automatic,youtube_search,True
4uOBL4DDWWVx4RhYKlPbPC,Queencard,i-dle,2023-05-15,161240,AKg_9dn_VmA,(여자)아이들((G)I-DLE) - '퀸카 (Queencard)' M/V (Performance Ver.),i-dle (아이들),165,34.6,False,"[""exact_channel_artist"", ""artist_in_title""]","[""music_video""]",0.023573,False,automatic,user_or_pattern_selected (ambiguous),False
0u8rZGtXJrLtiSe34FPjGG,Like Crazy (English Version),Jimin,2023-03-24,212253,i2hE4R2Tmig,Like Crazy (English Version),Jimin - Topic,213.0,100.0,False,"[""exact_channel_artist"", ""artist_in_channel""]","[""topic_channel""]",0.003519384885019293,False,automatic,youtube_search,True
7FbrGaHYVDmfr7KoLIZnQ7,Cupid - Twin Ver.,FIFTY FIFTY,2023-02-24,174253,6uvUTu716rU,FIFTY FIFTY (피프티피프티) - 'Cupid' (TwinVer.) Official Lyric Video,FIFTY FIFTY Official,180,96.3,True,"[""exact_channel_artist"", ""artist_in_title""]","[""official_channel"", ""official_lyric_video""]",0.032702,False,automatic,user_or_pattern_selected (ambiguous),True
2yjeXq5ahx6UUg2rHaUe6X,Angel Pt. 2,JVKE,2023-05-18,176454,V3UVnMBKnpI,"Angel Pt. 2 - JVKE, Jimin of BTS, Charlie Puth, Muni Long (FAST X Official Lyric Video)",JVKE,177,37.5,False,"[""exact_channel_artist"", ""artist_in_title""]","[""official_lyric_video""]",0.002833,False,automatic,user_or_pattern_selected (no_confident_match),True
0N8Xztr4pBHJ7V0moJWhbO,愛を伝えたいだとか,Aimyon,2017-09-12,235240,ltwazF77Owg,[직키픽🔥🔥] 사랑을 전하고 싶다든가: あいみょん(aimyon) - 愛を伝えたいだとか (Ai wo Tsutaetaidatoka) (2017) [가사해석/번역],직키(Zickii),237,48.6,False,"[""artist_in_title""]",,0.007653,False,automatic,user_or_pattern_selected (ambiguous),False
28a0aMV1OKoyNiCJuNsWrY,That’s Not How This Works,Charlie Puth,2023-03-31,165619,Y1BTILJ1Fdc,Charlie Puth - That's Not How This Works (feat. Dan + Shay & Sabrina Carpenter) [Sabrina's Version],Charlie Puth,167.0,100.0,False,"[""exact_channel_artist"", ""artist_in_title""]",,0.008338415278440276,False,automatic,youtube_search,True
3gmn76fCtpDazGMnN0QMHX,NIGHT DANCER,imase,2022-11-09,210600,QbHBfxAOucI,【imase】NIGHT DANCER（Official Audio）,imase,211.0,80.0,False,"[""exact_channel_artist"", ""artist_in_title""]","[""official_audio""]",0.001899335232668566,False,automatic,youtube_search,True
5HrIcZOo1DysX53qDRlRnt,Shoong!,TAEYANG,2023-04-25,205101,NFnAuiklEug,TAEYANG - ‘Shoong! (feat. LISA of BLACKPINK)’ PERFORMANCE VIDEO,THEBLACKLABEL and TAEYANG,210,22.6,False,"[""artist_in_channel"", ""artist_in_title""]",,0.023891,False,automatic,user_or_pattern_selected (ambiguous),False
6R5fYCySNHrqo4Og6O1ppn,Steal The Show,Lauv,2023-06-02,191779,q7BmlOUk-II,"Lauv - Steal The Show (From ""Elemental""/Official Audio)",DisneyMusicVEVO,198.0,100.0,False,"[""artist_in_title""]","[""official_channel"", ""official_audio""]",0.032438379593177566,False,automatic,youtube_search,True
4IJsVXbSeGPUrgwpVoHmlg,The Planet,BTS,2023-05-12,178156,3Rh57WwV8H0,The Planet,BANGTANTV,179.0,100.0,False,"[""artist_in_channel""]","[""official_channel""]",0.004737421136532028,False,automatic,youtube_search,True
2YXswOX5aKv6OHRKUcAMLQ,All Eyes On Me,JISOO,2023-03-31,163522,LWmuSd7GJzE,Jisoo (All Eyes On Me) M/V,JISOO,162.0,100.0,False,"[""exact_channel_artist"", ""artist_in_title""]","[""music_video""]",0.009307616100585853,False,automatic,youtube_search,True
4WUpMUjdoi47LY7gBQBXe3,Grain of Sand,Lim Young Woong,2023-06-05,220309,xuexbvO29Gk,임영웅 '모래 알갱이' Official M/V,임영웅,232,100,False,,"[""music_video""]",0.053109,False,automatic,user_or_pattern_selected (ambiguous),False
1E14FuM0BRaHAJSJ9YxMVu,A Psalm of Life,Lim Young Woong,2022-05-02,233360,TAlHfvvxk20,A Psalm of Life,임영웅,234,100,False,,,0.002571,False,automatic,user_or_pattern_selected (ambiguous),False
4F0ft3ZDmIN7xz4HxYW7y0,keep our love alive,Akame,2023-04-10,75833,dUX3wQbKBoc,AKAME GA KILL {AMV} - Fall In Love 2018,Tomas Turbano pinto,181,37.5,True,"[""artist_in_title""]",,1.387863,False,automatic,user_or_pattern_selected (no_confident_match),False
4kSDi21MeOoSvpZs6MveI9,Teddy Bear,STAYC,2023-02-14,189773,SxHmoifp0oQ,STAYC(스테이씨) 'Teddy Bear' MV,STAYC,204.0,100.0,False,"[""exact_channel_artist"", ""artist_in_title""]","[""music_video""]",0.07496851501530777,False,automatic,youtube_search,True
7mpdNiaQvygj2rHoxkzMfa,Bite Me,ENHYPEN,2023-05-22,157531,wXFLzODIdUI,ENHYPEN (엔하이픈) 'Bite Me' Official MV,HYBE LABELS,189.0,100.0,False,"[""artist_in_title""]","[""official_channel"", ""official_music_video""]",0.19976385600294544,False,automatic,youtube_search,True
3l6LBCOL9nPsSY29TUY2VE,Lilith,Halsey,2023-06-05,180933,iteLMHeNDec,Halsey - Lilith (Lyric Video),Halsey,168.0,100.0,False,"[""exact_channel_artist"", ""artist_in_title""]","[""lyric_video""]",0.07147949793569995,False,automatic,youtube_search,True
4K8jDTlNhZWEdnzZVGRMtN,FEARLESS (2023 Ver.),LE SSERAFIM,2023-05-01,168437,82gb0tGRCvk,FEARLESS (2023 Ver.),LE SSERAFIM,169.0,100.0,False,"[""exact_channel_artist""]",,0.0033424960074092984,False,automatic,youtube_search,True
6D90VTeGEWYX5AkAtjHZh1,Like Crazy (Deep House Remix),Jimin,2023-03-26,180719,W_sfwQfue3s,Like Crazy (Deep House Remix),Jimin - Topic,181.0,100.0,False,"[""exact_channel_artist"", ""artist_in_channel""]","[""topic_channel""]",0.001554900148849872,False,automatic,youtube_search,True
3T03rPwlL8NVk1yIaxeD8U,Off My Face,Justin Bieber,2021-03-19,156467,AeZxDcjXbzE,Justin Bieber - Off My Face (Visualizer),Justin Bieber,157.0,100.0,False,"[""exact_channel_artist"", ""artist_in_title""]","[""visualizer""]",0.0034064690957198644,False,automatic,youtube_search,True
3bUD1FmJClHcD0U7rIN0TR,"Romance Symphony (Feat. CHANGMO, Jay Park)",BIG Naughty,2022-06-09,240840,RGmKcAvdh_Y,"BIG Naughty (서동현)- Romance Symphony (낭만교향곡) ft. Changmo, Jay Park [Color Coded Lyrics (HAN/ROM/ENG)]",Halcyon KLyrics,243,97.3,False,"[""artist_in_title""]","[""lyrics""]",0.009136,False,automatic,user_or_pattern_selected (ambiguous),False
7tOsgOjrzBVQqyaMDBlZV8,Oort Cloud,Younha,2021-11-16,206626,58IEh6YkuzQ,Oort Cloud (오르트구름),YOUNHA OFFICIAL,207.0,100.0,False,"[""exact_channel_artist""]","[""official_channel""]",0.0018100335872542662,False,automatic,youtube_search,True
6iirdwpyu2Ohg3iVdu4vXl,Kiss,NCT DOJAEJUNG,2023-04-17,180933,tr1_25EwdQc,Kiss,NCT DOJAEJUNG - Topic,181.0,100.0,False,"[""exact_channel_artist"", ""artist_in_channel""]","[""topic_channel""]",0.00037030281927564345,False,automatic,youtube_search,True
7fcZk7OXeFWD7DWybltVVf,Be Who You Are (Real Magic),Jon Batiste,2023-05-31,189713,DnXOELz-q0M,"Jon Batiste - Be Who You Are (Visualizer) ft. JID, NewJeans, Camilo",Jon Batiste,215,71.8,True,"[""exact_channel_artist"", ""artist_in_title""]","[""visualizer""]",0.133368,False,automatic,user_or_pattern_selected (no_confident_match),False
6WY4wvlmgccWapnIg14Vy0,Merry Christmas Mr. Lawrence,Ryuichi Sakamoto,1996-01-01,286626,1OZDaRhHHyM,Merry Christmas Mr. Lawrence,Ryuichi Sakamoto,289.0,100.0,False,"[""exact_channel_artist""]",,0.008282570318114895,False,automatic,youtube_search,True
0CrcwVLUe8wzLUIXgjXVZJ,Kill Bill,SZA,2023-04-14,175836,SQnc1QibapQ,SZA - Kill Bill (Official Audio),SZA,156.0,100.0,False,"[""exact_channel_artist"", ""artist_in_title""]","[""official_audio""]",0.11280966355012625,False,automatic,youtube_search,True
36jIu8oPR1Z4cguMuHxUXA,TATTOO,OFFICIAL HIGE DANDISM,2023-04-21,288099,oLrp9uTa9gw,OFFICIAL HIGE DANDISM - TATTOO [Official Video],OFFICIAL HIGE DANDISM,297.0,100.0,False,"[""exact_channel_artist"", ""artist_in_title""]","[""official_channel"", ""official_video""]",0.03089562962731561,False,automatic,youtube_search,True
02wk5BttM0QL38ERjLPQJB,Cool With You,NewJeans,2023-07-21,147880,kKsivrgoyDw,NewJeans (뉴진스) 'Cool With You' Official MV (Performance ver.),HYBE LABELS,148,61.9,False,"[""artist_in_title""]","[""official_channel"", ""official_music_video""]",0.000676,False,automatic,user_or_pattern_selected (ambiguous),True
5h1BN75CEh8wdSwE1xrbSe,Slow Dancing,V,2023-09-08,187026,eI0iTRS0Ha8,V 'Slow Dancing' Official MV,HYBE LABELS,191.0,100.0,False,"[""artist_in_channel"", ""artist_in_title""]","[""official_channel"", ""official_music_video""]",0.021248382577823403,False,automatic,youtube_search,True
59hBR0BCtJsfIbV9VzCVAp,Set Me Free Pt.2,Jimin,2023-03-17,200929,UaywgAqcLxI,지민 (Jimin) 'Set Me Free Pt.2' Official MV,HYBE LABELS,225.0,100.0,False,"[""artist_in_channel"", ""artist_in_title""]","[""official_channel"", ""official_music_video""]",0.1197985358012034,False,automatic,youtube_search,True
0eFMbKCRw8KByXyWBw8WO7,Still With You,Jung Kook,2020-06-05,239905,BksBNbTIoPE,Still With You,Jung Kook - Topic,240.0,100.0,False,"[""exact_channel_artist"", ""artist_in_channel""]","[""topic_channel""]",0.0003959900794064317,False,automatic,youtube_search,True
1wUnuiXMMvhudmzvcCtlZP,Get Up,NewJeans,2023-07-21,36226,SXM1q0CTfew,Get Up,NewJeans,37.0,100.0,False,"[""exact_channel_artist""]",,0.021365869817258323,False,automatic,youtube_search,True
7jzOZuWgZ5gaMet9V5Ix1d,Fast Forward,JEON SOMI,2023-08-07,160578,DUo9LKTCy9U,[BE ORIGINAL] JEON SOMI(전소미) 'Fast Forward' (4K),STUDIO CHOOM [스튜디오 춤],171,75,False,"[""artist_in_title""]",,0.064757,False,automatic,user_or_pattern_selected (ambiguous),False
65FftemJ1DbbZ45DUfHJXE,OMG,NewJeans,2023-01-02,212253,sVTy_wmn5SU,NewJeans (뉴진스) 'OMG' Official MV (Performance ver.1),HYBE LABELS,220,25,False,"[""artist_in_title""]","[""official_channel"", ""official_music_video""]",0.036269,False,automatic,user_or_pattern_selected (ambiguous),True
41JPN7pZMTp1sumBOHOzHd,People Pt.2,Agust D,2023-04-21,213995,h0f2CJw08Nw,Agust D 'People Pt.2 (Feat. IU)' Lyrics (Agust D 아이유 사람 Pt.2 가사) (Color Coded Lyrics),Jaeguchi,214,100,False,"[""artist_in_title""]","[""lyrics""]",0.0,False,automatic,user_or_pattern_selected (ambiguous),False
2fiI6e0WxyZB3QnmRxYGPg,Vancouver 2,BIG Naughty,2023-09-19,202213,xmX5lqVBH1s,Vancouver 2 (Vancouver 2),BIG Naughty (서동현),203.0,100.0,False,"[""exact_channel_artist""]",,0.0038919357311349915,False,automatic,youtube_search,True
1ULdASrNy5rurl1TZfFaMP,Spicy,aespa,2023-05-08,197040,Os_heh8vPfs,aespa 에스파 'Spicy' MV,SMTOWN,205.0,100.0,False,"[""artist_in_channel"", ""artist_in_title""]","[""official_channel"", ""music_video""]",0.04039788875355258,False,automatic,youtube_search,True
7ovUcF5uHTBRzUpB6ZOmvt,アイドル,YOASOBI,2023-04-12,213233,ZRtdQ81jPUQ,YOASOBI「アイドル」 Official Music Video,YOASOBI and Echoes,226,50,False,"[""artist_in_channel"", ""artist_in_title""]","[""official_music_video""]",0.060038,False,automatic,user_or_pattern_selected (no_confident_match),True
3jxFmvoG55Cwv0JJBzRPce,Either Way,IVE,2023-09-25,166946,dAwy8e8o4vk,03. IVE - Either Way,IVE,167,74.099999999999994,False,"[""exact_channel_artist"", ""artist_in_title""]",,0.000599,False,automatic,user_or_pattern_selected (ambiguous),False
6ePyl2ns4b7MVYhjsj32ZK,Intro: Singularity,BTS,2018-05-18,196998,uyWm8DUK06M,Singularity,BANGTANTV,197,78.599999999999994,False,"[""artist_in_channel""]","[""official_channel""]",0.0,False,automatic,user_or_pattern_selected (no_confident_match),True
748MqeDRJ401KBqwCn5zHB,Seven,Jung Kook,2023-08-25,162480,Vs64cZbeY88,Seven (feat. Latto) - Clean Ver.,HYBE LABELS,184,18.9,False,exact_channel_artist | title_verified,official_channel | verified_audio,0.132308,False,automatic,user_or_pattern_selected (ambiguous),True
3AOf6YEpxQ894FmrwI9k96,Super,SEVENTEEN,2023-04-24,200386,-GQg25oP0S4,SEVENTEEN (세븐틴) '손오공' Official MV,HYBE LABELS and SEVENTEEN,213,34.3,False,exact_channel_artist | title_verified,official_channel | verified_audio,0.062874,False,automatic,user_or_pattern_selected (ambiguous),True
5mg3VB3Qh7jcR5kAAC4DSV,Cupid,FIFTY FIFTY,2023-02-24,174253,6uvUTu716rU,FIFTY FIFTY (피프티피프티) - 'Cupid' (TwinVer.) Official Lyric Video,FIFTY FIFTY Official,180.0,100.0,False,"[""exact_channel_artist"", ""artist_in_title""]","[""official_channel"", ""official_lyric_video""]",0.032980780818694655,False,automatic,youtube_search,True
1zAYWqTX6qyRCKe9KuCUx0,Seven,Jung Kook,2023-07-17,189626,QU9c0053UAU,정국 (Jung Kook) 'Seven (feat. Latto)' Official MV,HYBE LABELS,227.0,100.0,False,"[""artist_in_title""]","[""official_channel"", ""official_music_video""]",0.1970932256125215,False,automatic,youtube_search,True
11s5p72subU7SHJPzyR2Lq,Memories,RIIZE,2023-08-21,178013,GGr0gwee9bY,RIIZE (라이즈) 'Memories' Official Audio,JXS_BP Official,178.0,100.0,False,"[""artist_in_title""]","[""official_channel"", ""official_audio""]",7.302837433221169e-05,False,automatic,youtube_search,True
3Dah48XTdzVtbIl4dUn6l4,Get A Guitar,RIIZE,2023-09-04,160372,iUw3LPM7OBU,RIIZE 라이즈 'Get A Guitar' MV,SMTOWN,174.0,100.0,False,"[""artist_in_title""]","[""official_channel"", ""music_video""]",0.08497742748110643,False,automatic,youtube_search,True
5BqwC9kOBbqYkzdOKeXFFk,for lovers who hesitate,JANNABI,2019-03-13,265000,GdoNGNe5CSg,[MV] JANNABI(잔나비) _ for lovers who hesitate(주저하는 연인들을 위해),1theK (원더케이),279.0,100.0,False,"[""artist_in_title""]","[""official_channel"", ""music_video""]",0.052830188679245285,False,automatic,youtube_search,True
3ISOK4T54v6O1g1AB8FiEK,INVITATION (Feat. Gaeko),JUNNY,2023-07-06,191359,Ov4XVKcgJbg,JUNNY - INVITATION (Feat.Gaeko) (Lyric Video),JUNNY,192.0,100.0,False,"[""exact_channel_artist"", ""artist_in_title""]","[""lyric_video""]",0.0033497248626926353,False,automatic,youtube_search,True
0Y9C5yhzY7Pa1AqjUFrizq,I don’t know a single thing (Feat. meenoi),Leellamarz,2023-09-13,214111,Y5T4ylm8GGA,Leellamarz - I don't know a single thing 한 개도 몰라 (feat. meenoi) [Official Audio] (ENG/JPN/CHN),Ambition Musik,215,87.1,False,"[""artist_in_title""]","[""lyrics""]",0.004204,False,automatic,user_or_pattern_selected (ambiguous),False
3uXTRQ41tZ7xwGJ1NnKnUC,I remember,ASH ISLAND,2023-06-29,211818,TYoxtnr-_0Q,I remember,ASH ISLAND,212.0,100.0,False,"[""exact_channel_artist""]",,0.000859228205346099,False,automatic,youtube_search,True
7kaFsQygyiCqRboWCXztxZ,Do It Like That,TOMORROW X TOGETHER,2023-07-07,145065,C0EYKxF1oTI,"TXT (투모로우바이투게더), Jonas Brothers 'Do It Like That' Official MV",HYBE LABELS,157,61.2,False,,"[""official_channel"", ""official_music_video""]",0.082012,False,automatic,user_or_pattern_selected (no_confident_match),True
12usPU2WnqgCHAW1EK2dfd,青のすみか,Tatsuya Kitani,2023-07-07,196466,zuoVd2QNxJo,Where Our Blue Is / Tatsuya Kitani,キタニタツヤ / Tatsuya Kitani,201,0,True,"[""artist_in_channel"", ""artist_in_title""]",,0.022901,False,automatic,user_or_pattern_selected (no_confident_match),False
5PyDJG7SQRgWXefgexqIge,Agora Hills,Doja Cat,2023-09-20,265360,YHH4giJHWB8,Agora Hills,Doja Cat,266.0,100.0,False,"[""exact_channel_artist""]",,0.002411817907747965,False,automatic,youtube_search,True
3VQH9MYoFvxmXmWECnqdRg,Just One Day,Beenzino,2023-07-03,134466,mJ2Cc3dEvK4,Just One Day,Beenzino,135.0,100.0,False,"[""exact_channel_artist""]",,0.003971264111373879,False,automatic,youtube_search,True
0k0GtcnyQLMiXrdEDbLXmJ,Please Don't Change,Jung Kook,2023-11-03,146684,Shz9iLeE6i4,Please Don't Change (feat. DJ Snake),Jung Kook - Topic,147.0,100.0,False,"[""exact_channel_artist"", ""artist_in_channel""]","[""topic_channel""]",0.0021542908565351368,False,automatic,youtube_search,True
5ydjxBSUIDn26MFzU3asP4,Rainy Days,V,2023-08-11,179560,GP0P6xJCERc,V (뷔) 'Rainy Days' Official Audio,JXS_BP Official,180.0,100.0,False,"[""artist_in_title""]","[""official_channel"", ""official_audio""]",0.002450434395188238,False,automatic,youtube_search,True
5ONOlTiqymhzwcFjqcIT6E,Hate You,Jung Kook,2023-11-03,154236,vOPjdUaZsX4,Jung Kook (정국) 'Hate You' Official Audio,JXS_BP Official,155.0,100.0,False,"[""artist_in_title""]","[""official_channel"", ""official_audio""]",0.0049534479628621075,False,automatic,youtube_search,True
0rKWJnmo6Q0ovoPOLoLm0t,TOO MUCH,The Kid LAROI,2023-10-19,203894,83Lv790h79k,"The Kid LAROI, Jung Kook, Central Cee - TOO MUCH (Official Video)",The Kid LAROI.,204.0,100.0,False,"[""exact_channel_artist"", ""artist_in_title""]","[""official_video""]",0.0005198779758109607,False,automatic,youtube_search,True
2tA3NP12r4niSRhb9Y6AoY,Polaroid,Lim Young Woong,2022-11-15,206400,PVDxs6GUXSI,'임영웅 (Lim Young Woong) - 폴라로이드 (Polaroid)' 가사 Official Lyrics Video,임영웅,209,100,False,"[""artist_in_title""]","[""lyrics""]",0.012597,False,automatic,user_or_pattern_selected (ambiguous),False
2HRgqmZQC0MC7GeNuDIXHN,Seven,Jung Kook,2023-11-03,183550,QU9c0053UAU,정국 (Jung Kook) 'Seven (feat. Latto)' Official MV,HYBE LABELS,227.0,100.0,False,"[""artist_in_title""]","[""official_channel"", ""official_music_video""]",0.23672023971669845,False,automatic,youtube_search,True
3k6q0O9JnO2GhvD6C8fs20,Closer Than This,Jimin,2023-12-22,223302,l5rQxLUq5rs,Jimin (지민) 'Closer Than This' Official Audio,JXS_BP Official,224.0,100.0,False,"[""artist_in_title""]","[""official_channel"", ""official_audio""]",0.0031258116810418176,False,automatic,youtube_search,True
210JJAa9nJOgNa0YNrsT5g,GODS,League of Legends,2023-10-04,220878,DpGI9A1Bv0Q,League of Legends - GODS (Lyrics) ft. NewJeans,7clouds,220,100,False,"[""artist_in_title""]","[""lyrics""]",0.004074,False,automatic,user_or_pattern_selected (ambiguous),False
5sdQOyqq2IDhvmx2lHOpwd,Super Shy,NewJeans,2023-07-07,154666,n7ePZLn9_lQ,Super Shy,NewJeans,155.0,100.0,False,"[""exact_channel_artist""]",,0.00215949206677615,False,automatic,youtube_search,True
56y1jOTK0XSvJzVv9vHQBK,Paint The Town Red,Doja Cat,2023-09-20,230466,EiAMmYbr3vA,Doja Cat - Paint The Town Red (Lyrics),7clouds,232,100,False,"[""artist_in_title""]","[""lyrics""]",0.006508,False,automatic,user_or_pattern_selected (ambiguous),False
01qFKNWq73UfEslI0GvumE,3D,Jung Kook,2023-10-02,201812,mHNCM-YALSA,정국 (Jung Kook) '3D (feat. Jack Harlow)' Official MV,HYBE LABELS,231.0,100.0,False,"[""artist_in_title""]","[""official_channel"", ""official_music_video""]",0.14462965532277566,False,automatic,youtube_search,True
7pgbDdy7ax962o9d2xJceV,Slow Dancing (Piano Ver.),V,2023-09-08,188093,Tp59ejH_1AM,Slow Dancing (Piano Ver.),V - Topic,189.0,100.0,False,"[""exact_channel_artist"", ""artist_in_channel""]","[""topic_channel""]",0.004822082693135842,False,automatic,youtube_search,True
4HAOgAnILvXCbSODMoRnmD,For Us,V,2023-09-08,171160,LHtzWOLBdPc,V 'For Us' Official MV,HYBE LABELS,176.0,100.0,False,"[""artist_in_channel"", ""artist_in_title""]","[""official_channel"", ""official_music_video""]",0.028277634961439587,False,automatic,youtube_search,True
06Qo2fYR2KS1F7bL338iVT,Closer to You,Jung Kook,2023-11-03,170995,SZzbWTXSGB8,Closer to You (feat. Major Lazer),Jung Kook - Topic,171.0,100.0,False,"[""exact_channel_artist"", ""artist_in_channel""]","[""topic_channel""]",2.9240621070791544e-05,False,automatic,youtube_search,True
7aqsfFKqJFNa2umM4tTLdA,Baddie,IVE,2023-10-13,154360,Da4P2uT4mVc,IVE 아이브 'Baddie' MV,STARSHIP and IVE,169,100,False,"[""artist_in_channel"", ""artist_in_title""]","[""music_video""]",0.09456,False,automatic,user_or_pattern_selected (ambiguous),False
1vvcEHQdaUTvWt0EIUYcFK,Angel Pt. 1,Kodak Black,2023-05-17,175802,jp0kTw1TCy0,"FAST X | Angel Pt. 1 (Official Video) - NLE Choppa, Kodak Black, Jimin of BTS, JVKE, & Muni Long",NLE CHOPPA,180,25.6,False,"[""artist_in_title""]","[""music_video""]",0.023891,False,automatic,user_or_pattern_selected (no_confident_match),False
61AZsmFB3VoJdmraMk5ZSn,VIBE,TAEYANG,2023-01-13,175775,aqDAz4xQfNY,TAEYANG (태양) 'VIBE (feat. Jimin of BTS)' Official Audio,JXS_BP Official,176.0,100.0,False,"[""artist_in_title""]","[""official_channel"", ""official_audio""]",0.0012800455127293415,False,automatic,youtube_search,True
4Cr43xPo7bwyCcL1g3yVCu,A bientot,Lim Young Woong,2022-05-02,256372,FHMsuxfkzrw,[Lyric Video] 임영웅 (Lim Young Woong) - A bientot,Dreamus Music,258,100,False,"[""artist_in_title""]","[""lyric_video""]",0.00624,False,automatic,user_or_pattern_selected (ambiguous),False
79f5CcWzdkkDVD4XAIQgKr,LALALALA,Stray Kids,2023-11-10,182224,dBDkYofMUs4,"Stray Kids ""락 (樂) (LALALALA)"" M/V",JYP Entertainment,200.0,100.0,False,"[""artist_in_title""]","[""official_channel"", ""music_video""]",0.09755026780226535,False,automatic,youtube_search,True
2UU11hvjN1JIn4iihEodNT,Blue,V,2023-09-08,149853,sIh9_cNCwPc,V 'Blue' Official MV,HYBE LABELS,155.0,100.0,False,"[""artist_in_channel"", ""artist_in_title""]","[""official_channel"", ""official_music_video""]",0.03434699338685245,False,automatic,youtube_search,True
3nAp4IvdMPPWEH9uuXFFV5,Underneath the Tree,Kelly Clarkson,2013-10-25,229638,YfF10ow4YEo,Kelly Clarkson - Underneath the Tree (Official Audio),Kelly Clarkson,231.0,100.0,False,"[""exact_channel_artist"", ""artist_in_title""]","[""official_audio""]",0.005931074125362527,False,automatic,youtube_search,True
365znJ27Fb3faGsctmQYWR,Father,Lim Young Woong,2022-05-02,238106,An7ZnTEz40s,Lim Young Woong -  Father MV,임영웅,239,100,False,"[""artist_in_title""]","[""music_video""]",0.00378,False,automatic,user_or_pattern_selected (ambiguous),False
2cEwQnP4284g37N6D7ETND,Talk Saxy,RIIZE,2023-10-27,190941,9IQLt23f13Q,RIIZE 'Talk Saxy' (Official Audio),RIIZE,191.0,100.0,False,"[""exact_channel_artist"", ""artist_in_title""]","[""official_audio""]",0.00030899597257791675,False,automatic,youtube_search,True
0hqj5JBnFt1BHEz2UCFwrl,"How can I love the heartbreak, you're the one I love",AKMU,2019-09-25,290095,m3DZsBw5bnE,"AKMU - '어떻게 이별까지 사랑하겠어, 널 사랑하는 거지(How can I love the heartbreak, you`re the one I love)' M/V",AKMU,296.0,100.0,False,"[""exact_channel_artist"", ""artist_in_title""]","[""music_video""]",0.020355400816973748,False,automatic,youtube_search,True
31jZYFQEtq0ud5y9fDN4cw,Slow Dancing (Cautious Clay Remix),V,2023-10-23,171904,JRrx_Y0RMys,Slow Dancing (Cautious Clay Remix),V - Topic,172.0,100.0,False,"[""exact_channel_artist"", ""artist_in_channel""]","[""topic_channel""]",0.0005584512285927029,False,automatic,youtube_search,True
253P6uwLnelVQ6MdwXMIJk,Chili,HWASA,2023-10-04,135428,uFrQ9foq8Wo,HWASA (화사) 'Chili' Official Audio,JXS_BP Official,136.0,100.0,False,"[""artist_in_title""]","[""official_channel"", ""official_audio""]",0.004223646513276428,False,automatic,youtube_search,True
5odlY52u43F5BjByhxg7wg,golden hour,JVKE,2022-09-23,209259,UsR08cY8k0A,JVKE - golden hour (Official Lyric Video),JVKE,217.0,100.0,False,"[""exact_channel_artist"", ""artist_in_title""]","[""official_lyric_video""]",0.03699243521186663,False,automatic,youtube_search,True
5r3VFyq4KrdCeRNUDtGfJq,and you (Feat. ZICO),meenoi,2023-11-09,204240,dpvJZaPCz8Q,and you (Feat. ZICO) (어떨것같애 (Feat. ZICO)),MEENOI,205,70,False,"[""exact_channel_artist""]",,0.003918,False,automatic,user_or_pattern_selected (ambiguous),False
3TPvrMAd1hbPRXuHCRX0Pl,AEAO,Dynamicduo,2014-07-16,316944,DYz-LjtiVOc,"[MV] Dynamic Duo, DJ Premier(다이나믹듀오, 디제이 프리미어) _ AEAO",1theK (원더케이),318,24.2,False,"[""artist_in_title""]","[""official_channel"", ""music_video""]",0.003471,False,automatic,user_or_pattern_selected (no_confident_match),True
5nTemr4PG8L9jQoqxsZu6w,Knock Knock (Who's There?),Red Velvet,2023-11-13,201320,0yk7AWzFZUI,Knock Knock (Who's There?),Red Velvet,201,67.6,False,exact_channel_artist | title_verified,official_channel | verified_audio,0.00149,False,automatic,user_or_pattern_selected (ambiguous),True
1FTFDCKkVNGf0UCccm23LA,Home Alone,NCT 127,2023-12-22,225506,d0YyJ1RhpQI,나 홀로 집에 Home Alone,NCT 127,226.0,100.0,False,"[""exact_channel_artist""]",,0.0021906290741709757,False,automatic,youtube_search,True
7dTv6c4yQ4gBVFSC3fX0RH,One-Way,BIG Naughty,2023-11-23,167853,VF9f1sWjlRQ,One-Way (직항),BIG Naughty (서동현),168.0,100.0,False,"[""exact_channel_artist""]",,0.00087576629550857,False,automatic,youtube_search,True
3lwK3WyKAI5bUuGY1OgGbZ,Smart,LE SSERAFIM,2024-03-22,166384,KNexS61fjus,LE SSERAFIM (르세라핌) 'Smart' OFFICIAL MV,HYBE LABELS and LE SSERAFIM,194.0,100.0,False,"[""artist_in_channel"", ""artist_in_title""]","[""official_channel"", ""official_music_video""]",0.16597749783633042,False,automatic,youtube_search,True
0aZG8KWrpRnsGL0loUkfSj,plot twist,TWS,2024-01-22,152400,o6iWznl5ICo,TWS plot twist Lyrics (Color Coded Lyrics),Chaereve,154,100,False,"[""artist_in_title""]","[""lyrics""]",0.010499,False,automatic,user_or_pattern_selected (ambiguous),False
21ewxM3YvcdTj7cC0XwznO,Do or Die,Lim Young Woong,2023-10-09,205440,IMdQHUC5wxc,Lim Young Woong (임영웅) - Do or Die [가사],Music Time | 뮤직 타임,207,100,False,"[""artist_in_title""]",,0.00779,False,automatic,user_or_pattern_selected (ambiguous),False
0paWX66K9n7sYR9AkKkyzB,Standing Next to You - Sped Up - Remix,Beat Record,2024-02-28,211104,VkrfPBDegBE,jung kook - standing next to you (sped up + reverb),c l o v d h y,177,64.8,False,exact_channel_artist | title_verified,official_channel | verified_audio,0.161535,False,automatic,user_or_pattern_selected (no_confident_match),True
0djkJ3iAARXRCbfbwwVc3o,Love wins all,IU,2024-01-24,271080,JleoAppaxi0,IU 'Love wins all' MV,이지금 [IU Official],323.0,100.0,False,"[""exact_channel_artist"", ""artist_in_title""]","[""official_channel"", ""music_video""]",0.1915301755939206,False,automatic,youtube_search,True
7M7d0e8Ue3Z7QieuZe72J9,Love 119,RIIZE,2024-01-05,173489,kmD6JcAV_Rc,RIIZE 라이즈 'Love 119' Performance Video,RIIZE,180,47.1,False,"[""exact_channel_artist"", ""artist_in_title""]",,0.037464,False,automatic,user_or_pattern_selected (ambiguous),False
1aKvZDoLGkNMxoRYgkckZG,Magnetic,ILLIT,2024-03-25,160688,Vk5-c_v4gMU,ILLIT (아일릿) ‘Magnetic’ Official MV,HYBE LABELS,189.0,100.0,False,"[""artist_in_title""]","[""official_channel"", ""official_music_video""]",0.17619237279697303,False,automatic,youtube_search,True
74X2u8JMVooG2QbjRxXwR8,Perfect Night,LE SSERAFIM,2023-10-27,159080,hLvWy2b857I,LE SSERAFIM (르세라핌) 'Perfect Night' OFFICIAL M/V with OVERWATCH 2,HYBE LABELS and LE SSERAFIM,183.0,100.0,False,"[""artist_in_channel"", ""artist_in_title""]","[""official_channel"", ""official_music_video""]",0.15036459642946945,False,automatic,youtube_search,True
5XWlyfo0kZ8LF7VSyfS4Ew,Drama,aespa,2023-11-10,214973,D8VEhcPeSlc,aespa 에스파 'Drama' MV,SMTOWN,228.0,100.0,False,"[""artist_in_channel"", ""artist_in_title""]","[""official_channel"", ""music_video""]",0.06059830769445465,False,automatic,youtube_search,True
0cGpKQ8RxxLOFqhktEURIj,wherever u r,UMI,2023-12-30,153034,LEdNCS8luWE,"UMI, V - wherever u r (ft. V of BTS) official lyric video",UMI,157.0,100.0,False,"[""exact_channel_artist"", ""artist_in_title""]","[""official_lyric_video""]",0.025915809558660168,False,automatic,youtube_search,True
2GquhrcHbl2zOnF5javAFp,Swan Song,LE SSERAFIM,2024-02-19,157179,eNxb2wt11sM,Swan Song,LE SSERAFIM,158.0,100.0,False,"[""exact_channel_artist""]",,0.005223344085405811,False,automatic,youtube_search,True
7gaA3wERFkFkgivjwbSvkG,"yes, and?",Ariana Grande,2024-01-12,214994,RSSUa2qW4tc,"Ariana Grande - yes, and? (official audio)",Ariana Grande,216.0,100.0,False,"[""exact_channel_artist"", ""artist_in_title""]","[""official_audio""]",0.004679200349777203,False,automatic,youtube_search,True
2gyCwrOcC6JBoaJ8JGJ7T8,To. X,TAEYEON,2023-11-27,170386,IMOzHknkS3g,TAEYEON (태연) 'To. X' Official Audio,JXS_BP Official,171.0,100.0,False,"[""artist_in_title""]","[""official_channel"", ""official_audio""]",0.0036035824539574846,False,automatic,youtube_search,True
3m5PgWSClkZ44vdFmPiqpq,"Yes or No (Feat. HUH YUNJIN of LE SSERAFIM, Crush)",GroovyRoom,2024-01-17,179146,oMev5BGf3hc,"GroovyRoom (그루비룸) 'Yes or No (feat. HUH YUNJIN of LE SSERAFIM, Crush)' Official Audio",JXS_BP Official,180.0,100.0,False,"[""artist_in_title""]","[""official_channel"", ""official_audio""]",0.004767061502908242,False,automatic,youtube_search,True
6G3myAs4HemIdtLYhhjGLP,FRI(END)S (Instrumental),V,2024-03-15,148435,asQ5_dTMxUk,FRI (END) S - Instrumental,V - Topic,149.0,100.0,False,"[""exact_channel_artist"", ""artist_in_channel""]","[""topic_channel""]",0.0038063798969245797,False,automatic,youtube_search,True
1c6kkrWnpy68eYDfBdxNtF,Shopper,IU,2024-02-20,215720,DXK8z6SYlJY,IU (아이유) 'Shopper' Official Audio,JXS_BP Official,216.0,100.0,False,"[""artist_in_title""]","[""official_channel"", ""official_audio""]",0.001297978861487113,False,automatic,youtube_search,True
5qI5EUqfDJpQ7w6sMECK7U,Super Lady,i-dle,2024-01-29,152186,6f3RzjXPQwA,(여자)아이들((G)I-DLE) - 'Super Lady' Official Music Video,i-dle (아이들),161.0,100.0,False,"[""exact_channel_artist"", ""artist_in_title""]","[""official_music_video""]",0.05791597124571248,False,automatic,youtube_search,True
0kdqcbwei4MDWFEX5f33yG,Bling-Bang-Bang-Born,Creepy Nuts,2024-01-07,168135,mLW35YMzELE,Creepy Nuts「Bling-Bang-Bang-Born」×TV Anime「マッシュル-MASHLE-」　Collaboration Music Video,Creepy Nuts,173,45.5,False,"[""exact_channel_artist"", ""artist_in_title""]",,0.029149,False,automatic,user_or_pattern_selected (ambiguous),False
2RoYgkPzUY0vY7lhUuyus1,DASH,NMIXX,2024-01-15,166979,JM88m7SY8FE,NMIXX “DASH” Performance Video,NMIXX,175,30.8,False,"[""exact_channel_artist"", ""artist_in_title""]",,0.047904,False,automatic,user_or_pattern_selected (ambiguous),False
6rdkCkjk6D12xRpdMXy0I2,New Jeans,NewJeans,2023-07-07,108986,G8GEpK7YDl4,NewJeans 'New Jeans (ft. The Powerpuff Girls)' Lyrics (뉴진스 New Jeans 가사) (Color Coded Lyrics),Jaeguchi,110,100,False,"[""artist_in_title""]","[""lyrics""]",0.009174,False,automatic,user_or_pattern_selected (ambiguous),False
43u5DDtK4vQ1coWXb4S5a8,HERO,Lim Young Woong,2020-11-04,216586,4jXLHKMRA-E,LIM YOUNG WOONG (임영웅) - 'HERO' M/V,임영웅,218,100,False,"[""artist_in_title""]","[""music_video""]",0.006464,False,automatic,user_or_pattern_selected (ambiguous),False
0o3ua5ufFK7nfRzbDUNoGA,don't wanna break up again,Ariana Grande,2024-03-08,174006,_ZSuyl3BZHY,Ariana Grande - don't wanna break up again (lyric visualizer),Ariana Grande,175.0,100.0,False,"[""exact_channel_artist"", ""artist_in_title""]","[""visualizer""]",0.005712446697240325,False,automatic,youtube_search,True
05STjz8kmPBUebu3uu5sO0,Nest,Lim Young Woong,2022-05-02,172280,Mm5RLVwpnyA,Nest,임영웅,173,100,False,,,0.004063,False,automatic,user_or_pattern_selected (ambiguous),False
7KUb5GsTcXfpG0phkbL2mR,Let off steam,Leellamarz,2024-02-19,219428,O1cdzWUpS4k,Let off steam,LEELLAMARZ,220.0,100.0,False,"[""exact_channel_artist""]",,0.0026067776218167233,False,automatic,youtube_search,True
70t7Q6AYG6ZgTYmJWcnkUM,I AM,IVE,2023-04-10,183853,6ZUIwj3FgUY,IVE 아이브 'I AM' MV,STARSHIP and IVE,185,100,False,"[""artist_in_channel"", ""artist_in_title""]","[""music_video""]",0.005982,False,automatic,user_or_pattern_selected (ambiguous),False
7uRWaWF70gvKmLhpY3FuaJ,WISH - Korean Ver.,NCT WISH,2024-02-28,185546,TwLq9nPKHYs,WISH (Korean Ver.),NCT WISH,186.0,100.0,False,"[""exact_channel_artist""]",,0.0024468325913789574,False,automatic,youtube_search,True
5b5cPscqVEMChvDqscVw26,Training Season,Dua Lipa,2024-05-03,209487,3W9zTpRFlzw,Dua Lipa - Training Season (Lyric Video),Dua Lipa,211.0,100.0,False,"[""exact_channel_artist"", ""artist_in_title""]","[""lyric_video""]",0.007222405208915112,False,automatic,youtube_search,True
0LdpgzRupg6P511GEACdm2,The Power of Love,DAY6,2024-03-18,202480,dRF_NIsIoUs,DAY6 - The Power of Love (Official Audio),DAY6,203.0,100.0,False,"[""exact_channel_artist"", ""artist_in_title""]","[""official_audio""]",0.002568154879494271,False,automatic,youtube_search,True
4sgMbwl9lXGyHcHmtFYGMm,Supernova,aespa,2024-05-27,178880,phuiiNCxRMg,aespa 에스파 'Supernova' MV,SMTOWN,194.0,100.0,False,"[""artist_in_channel"", ""artist_in_title""]","[""official_channel"", ""music_video""]",0.08452593917710197,False,automatic,youtube_search,True
0vaxYDAuAO1nPolC6bQp7V,Midas Touch,KISS OF LIFE,2024-04-03,162880,N0zQoNSJl-0,Midas Touch (Midas Touch),KISS OF LIFE - Topic,163.0,100.0,False,"[""exact_channel_artist"", ""artist_in_channel""]","[""topic_channel""]",0.0007367387033398821,False,automatic,youtube_search,True
2O4Bb2WCkjlTPO827OnBMI,EASY,LE SSERAFIM,2024-02-19,164545,bNKXxwOQYB8,LE SSERAFIM (르세라핌) 'EASY' OFFICIAL MV,HYBE LABELS and LE SSERAFIM,190.0,100.0,False,"[""artist_in_channel"", ""artist_in_title""]","[""official_channel"", ""official_music_video""]",0.1546993223738187,False,automatic,youtube_search,True
2vNPGH1x5ZwxTjlvzLCyc2,Fate,i-dle,2024-01-29,161546,3xxkXuOFoGg,(G)I-DLE Fate Lyrics (Color Coded Lyrics),Chaereve,162,100,False,"[""artist_in_title""]","[""lyrics""]",0.003096,False,automatic,user_or_pattern_selected (ambiguous),False
1AtFSBJibfaqfiOByQCwZ5,Small girl,Lee Young Ji,2024-06-21,189706,huv-oHWdi-k,Lee Young ji 'Small girl (feat. D.O.)' Easy Lyrics,3vrblu,190,80,False,"[""artist_in_title""]","[""lyrics""]",0.001581,False,automatic,user_or_pattern_selected (no_confident_match),False
5ocSQW5sIUIOFojwXEz9Ki,Supernatural,NewJeans,2024-06-21,191000,ZncbtRo7RXs,NewJeans (뉴진스) ‘Supernatural’ Official MV (Part.1),HYBE LABELS,191,100,False,"[""artist_in_title""]","[""official_channel"", ""official_music_video""]",0.0,False,automatic,user_or_pattern_selected (ambiguous),True
58Q3FZFs1YXPpliWQB5kXB,Right Now,NewJeans,2024-06-21,160413,m6pTbEz4w3o,NewJeans (뉴진스) 'Right Now' Official MV,HYBE LABELS,175.0,100.0,False,"[""artist_in_title""]","[""official_channel"", ""official_music_video""]",0.09093402654398335,False,automatic,youtube_search,True
0PBTlQ84CBJF0tBnKGmQa6,FRI(END)S,V,2024-03-15,148082,DUtvMP8jUsQ,V (뷔) 'FRI(END)S' Official Audio,JXS_BP Official,149.0,100.0,False,"[""artist_in_title""]","[""official_channel"", ""official_audio""]",0.006199267973150012,False,automatic,youtube_search,True
3vnaEaDxMKdBhqA1t0uAwl,Warmth,Lim Young Woong,2024-05-06,235053,2WGc-5VdoGw,Lim Young Woong 'Warmth' Official M/V,임영웅,247,100,False,"[""artist_in_title""]","[""music_video""]",0.050617,False,automatic,user_or_pattern_selected (ambiguous),False
2N0SPREDYqILVEFSsWF5N5,Love Me Again,V,2023-08-11,182293,HYzyRHAHJl8,V 'Love Me Again' Official MV,HYBE LABELS,198.0,100.0,False,"[""artist_in_channel"", ""artist_in_title""]","[""official_channel"", ""official_music_video""]",0.08616348406137372,False,automatic,youtube_search,True
3lc6BSosCqVoNddw1izHXj,Siren,RIIZE,2024-04-03,147961,p6kGxTicn4M,RIIZE ‘SIREN’ Lyrics (라이즈 SIREN 가사) (Color Coded Lyrics),Jaehypen,149,100,False,"[""artist_in_title""]","[""lyrics""]",0.006757,False,automatic,user_or_pattern_selected (ambiguous),False
2HRqTpkrJO5ggZyyK6NPWz,Espresso,Sabrina Carpenter,2024-08-23,175459,51zjlMhdSTE,Sabrina Carpenter - Espresso (Official Audio),Sabrina Carpenter,176.0,100.0,False,"[""exact_channel_artist"", ""artist_in_title""]","[""official_audio""]",0.00308334140739432,False,automatic,youtube_search,True
2J194R0KIKbK7bTHfUHPDB,Boom Boom Bass,RIIZE,2024-06-17,152889,78lNnCitcBM,RIIZE 라이즈 'Boom Boom Bass' MV,SMTOWN,177.0,100.0,False,"[""artist_in_title""]","[""official_channel"", ""music_video""]",0.15770264701842512,False,automatic,youtube_search,True
2jaapqz7L9MpMf7vpkqU9I,Smoothie,NCT DREAM,2024-03-25,188080,qQOj-oKhItw,NCT DREAM 엔시티 드림 'Smoothie' MV,SMTOWN,213.0,100.0,False,"[""artist_in_channel"", ""artist_in_title""]","[""official_channel"", ""music_video""]",0.13249680986814122,False,automatic,youtube_search,True
5IZXB5IKAD2qlvTPJYDCFB,I Had Some Help (Feat. Morgan Wallen),Post Malone,2024-08-15,178205,4QIZE708gJ4,Post Malone - I Had Some Help (feat. Morgan Wallen) (Official Video),Post Malone,202.0,100.0,False,"[""exact_channel_artist"", ""artist_in_title""]","[""official_video""]",0.1335259953424427,False,automatic,youtube_search,True
6QqrxJe1iQxwLY6he6FLFo,Midnight Fiction,ILLIT,2024-03-25,168104,Sr7dWdf4Z3U,Midnight Fiction,ILLIT,169.0,100.0,False,"[""exact_channel_artist""]",,0.005330033788607053,False,automatic,youtube_search,True
1Y5D7m2QtyBdvwvY3gAVNQ,Little Light,DOYOUNG,2024-04-22,224866,UZjGcAjd8Ok,DOYOUNG 도영 '반딧불 (Little Light)' MV,SMTOWN,272.0,100.0,False,"[""artist_in_title""]","[""official_channel"", ""music_video""]",0.2096092784147003,False,automatic,youtube_search,True
2gkVEnpahpE3bQuvGuCpAV,Yes or No,Jung Kook,2023-11-03,147557,uOFIcm-L0po,Yes or No,Jung Kook - Topic,148.0,100.0,False,"[""exact_channel_artist"", ""artist_in_channel""]","[""topic_channel""]",0.0030022296468483365,False,automatic,youtube_search,True
7JxPQzxhJSsBBNu1D76ig2,JEALOUSYVALHALLA,YANGHONGWON,2024-05-24,148200,GOdzldGqTzU,JEALOUSYVALHALLA (JEALOUSYVALHALLA),Young B - Topic,149.0,100.0,False,,"[""topic_channel""]",0.005398110661268556,False,automatic,youtube_search,True
3xkHsmpQCBMytMJNiDf3Ii,Beautiful Things,Benson Boone,2024-04-05,180304,Oa_RSwwpPaA,Benson Boone - Beautiful Things (Official Music Video),Benson Boone,193.0,100.0,False,"[""exact_channel_artist"", ""artist_in_title""]","[""official_music_video""]",0.07041441121661195,False,automatic,youtube_search,True
3ZVFcD8Wlw9T9klGqmJf9F,Florida!!!,Taylor Swift,2024-04-18,215463,uEssK8o3jKg,Taylor Swift - Florida!!! (feat. Florence + The Machine) (Official Lyric Video),Taylor Swift,220.0,100.0,False,"[""exact_channel_artist"", ""artist_in_title""]","[""official_lyric_video""]",0.02105697962063092,False,automatic,youtube_search,True
5IY8i6WnkqvmRnIrF4lqDx,Taxi Blurr (Feat. NATTY of KISS OF LIFE),Jay Park,2024-05-28,230499,CxHffEd3wII,박재범 (Jay Park) - ‘Taxi Blurr (Feat. NATTY of KISS OF LIFE)’ Official Music Video,JAY PARK,253.0,100.0,False,"[""exact_channel_artist"", ""artist_in_title""]","[""official_music_video""]",0.09761864476635473,False,automatic,youtube_search,True
3x6unDluyCL4v5AeGrAVGA,Balloon in Love,SUNMI,2024-06-13,194093,hvliMeV5kSs,선미(SUNMI) 'Balloon in Love' Lyric Video,SUNMI,195.0,100.0,False,"[""exact_channel_artist"", ""artist_in_title""]","[""lyric_video""]",0.004673017574049553,False,automatic,youtube_search,True
7CyPwkp0oE8Ro9Dd5CUDjW,One Of The Girls,The Weeknd,2023-06-23,244684,f1r0XZLNlGQ,"The Weeknd, JENNIE & Lily Rose Depp - One Of The Girls (Official Audio)",The Weeknd,245.0,100.0,False,"[""exact_channel_artist"", ""artist_in_title""]","[""official_audio""]",0.0012914616403197593,False,automatic,youtube_search,True
6jgUrLEivd4DaiYb1izJLF,Right Now (Instrumental),NewJeans,2024-06-21,160413,ck6MiZYXF6Q,Right Now (Instrumental),NewJeans,161.0,100.0,False,"[""exact_channel_artist""]",,0.0036593044204646756,False,automatic,youtube_search,True
2ftb45L7iXYwp0WoTEuslG,"Right People, Wrong Place",RM,2024-05-24,117000,uARrDKH_M8s,"Right People, Wrong Place",RM - Topic,117.0,100.0,False,"[""exact_channel_artist"", ""artist_in_channel""]","[""topic_channel""]",0.0,False,automatic,youtube_search,True
5VBjyOQzqlPNgdRPMM6prF,seasons,wave to earth,2020-08-04,255998,CnVVjLOGVoY,wave to earth - seasons,danielions music,257,100,False,"[""artist_in_title""]",,0.003906,False,automatic,user_or_pattern_selected (ambiguous),False
7iabz12vAuVQYyekFIWJxD,BAND4BAND,Central Cee,2024-05-23,140733,pDddlvCfTiw,CENTRAL CEE FT. LIL BABY - BAND4BAND (MUSIC VIDEO),Central Cee,152.0,100.0,False,"[""exact_channel_artist"", ""artist_in_title""]",,0.0800594032671797,False,automatic,youtube_search,True
3ybJERCKs3Jf3aT7xU1Vs4,Live My Life,aespa,2024-05-27,159133,arhYgNf1pxo,aespa 'Live My Life' (Official Audio),aespa,160.0,100.0,False,"[""exact_channel_artist"", ""artist_in_title""]","[""official_audio""]",0.005448272828388832,False,automatic,youtube_search,True
45zLrK0668WQ5JFMyiYmCS,Interlude : Showtime,Jimin,2024-07-19,78492,1kn-cJ6fw0o,Interlude : Showtime,Jimin - Topic,79.0,100.0,False,"[""exact_channel_artist"", ""artist_in_channel""]","[""topic_channel""]",0.006471997146205982,False,automatic,youtube_search,True
3LWVXp636uLT356Rj08Jaz,Be Mine,Jimin,2024-07-19,207347,9CSnV-gsmv8,Be Mine,Jimin - Topic,208.0,100.0,False,"[""exact_channel_artist"", ""artist_in_channel""]","[""topic_channel""]",0.0031493100937076495,False,automatic,youtube_search,True
4gxEY3Mh5FZZDAJAKPNrCS,CRAZY,LE SSERAFIM,2024-09-02,164554,n6B5gQXlB-0,LE SSERAFIM (르세라핌) 'CRAZY' OFFICIAL MV,HYBE LABELS and LE SSERAFIM,170.0,100.0,False,"[""artist_in_channel"", ""artist_in_title""]","[""official_channel"", ""official_music_video""]",0.03309551879626141,False,automatic,youtube_search,True
3d2bsbugow8JiNvuaRupFH,Slow Dance,Jimin,2024-07-19,188399,w3HZ3ior4_s,Slow Dance (feat. Sofia Carson),Jimin - Topic,189.0,100.0,False,"[""exact_channel_artist"", ""artist_in_channel""]","[""topic_channel""]",0.0031900381636845204,False,automatic,youtube_search,True
0T6J3Ipbe06lm7p3grH2bg,Melt Down,DAY6,2024-09-02,165587,yss4rIrHl6o,"DAY6(데이식스) ""녹아내려요 (Melt Down)"" M/V",JYP Entertainment,184.0,100.0,False,"[""artist_in_title""]","[""official_channel"", ""music_video""]",0.11119834286507999,False,automatic,youtube_search,True
19D8LNpWwIPpi6hs9BG7dq,Bubble Gum,NewJeans,2024-05-24,200266,ft70sAYrFyY,NewJeans (뉴진스) 'Bubble Gum' Official MV,HYBE LABELS,221.0,100.0,False,"[""artist_in_title""]","[""official_channel"", ""official_music_video""]",0.10353230203828907,False,automatic,youtube_search,True
2PlsVMcOn6ujc2UEYs2Yat,Home,Lim Young Woong,2024-05-06,235333,r9yPek7FhSQ,Lim Young Woong [Home] SPECIAL MUSIC ANIMATION,임영웅,237,16.7,False,"[""artist_in_title""]",,0.007225,False,automatic,user_or_pattern_selected (no_confident_match),False
6oNLSQX8bcAdbCElZYju3v,Supersonic,fromis_9,2024-08-12,174146,0LiQp7y8Wwc,fromis_9 (프로미스나인) 'Supersonic' Official MV,HYBE LABELS,182.0,100.0,False,"[""artist_in_title""]","[""official_channel"", ""official_music_video""]",0.04510008843154594,False,automatic,youtube_search,True
6i8MbzVn4nzyjUcSoVcz7B,Armageddon,aespa,2024-05-27,196466,nFYwcndNuOY,aespa 에스파 'Armageddon' MV,SMTOWN,213.0,100.0,False,"[""artist_in_channel"", ""artist_in_title""]","[""official_channel"", ""music_video""]",0.08415705516476134,False,automatic,youtube_search,True
5LlUJ3HHI2dS0xowdMDXC5,MEOW,MEOVV,2024-09-06,172073,58YVuBt9mpc,‘MEOW’ OFFICIAL CHOREOGRAPHY VIDEO,MEOVV,177,22.2,False,"[""exact_channel_artist""]",,0.028472,False,automatic,user_or_pattern_selected (ambiguous),False
1YXot2MLAG9sttepCtBRM7,踊り子,Vaundy,2023-11-15,229328,lEL1YHJzcI4,【歌詞付き】踊り子 - Vaundy,Music Channel,228,54.5,False,"[""artist_in_title""]",,0.005669,False,automatic,user_or_pattern_selected (ambiguous),False
7ov3TDp5D00Rnu5R1viX4w,New Woman,LISA,2024-08-15,179789,UxXY_hR_wzo,LISA - NEW WOMAN feat. Rosalía (Official Music Video),LLOUD Official,192.0,100.0,False,"[""artist_in_channel"", ""artist_in_title""]","[""official_channel"", ""official_music_video""]",0.0679185044691277,False,automatic,youtube_search,True
0GqAWZe1A5ecKadZrHk6XH,Chk Chk Boom,Stray Kids,2024-07-19,148051,T17AR8cVmto,"Stray Kids ""Chk Chk Boom"" Performance Video",Stray Kids,151,57.1,False,"[""exact_channel_artist"", ""artist_in_title""]",,0.019581,False,automatic,user_or_pattern_selected (ambiguous),False
78ZYPq0f3afyzdYdpTOG9C,Walk,NCT 127,2024-07-15,191826,ozbuKLEUuaM,NCT 127 엔시티 127 '삐그덕 (Walk)' Movement,NCT 127,213.0,100.0,False,"[""exact_channel_artist"", ""artist_in_title""]",,0.11038128303775296,False,automatic,youtube_search,True
0UvCh63URrLFcPkKt99hHd,Don't Look Back in Anger - Remastered,Oasis,1995-10-02,289560,oplra1FJxWI,Don't Look Back In Anger (Remastered),Oasis,290.0,100.0,False,"[""exact_channel_artist""]",,0.0015195468987429202,False,automatic,youtube_search,True
1njlnn8ZKHI77Pe9szIONR,SHEESH,BABYMONSTER,2024-04-01,170356,2wA_b6YHjqQ,BABYMONSTER - ‘SHEESH’ M/V,BABYMONSTER,186.0,100.0,False,"[""exact_channel_artist"", ""artist_in_title""]","[""music_video""]",0.09183122402498298,False,automatic,youtube_search,True
1OhIn0L6iofnk5bjalWfHq,Sudden Shower,ECLIPSE,2024-04-08,233031,fBB4MaBybyg,[선재 업고 튀어 (Lovely Runner) OST Part 1] 이클립스 (ECLIPSE) - 소나기 (Sudden Shower) MV,STONE MUSIC,233.0,100.0,False,"[""artist_in_title""]","[""official_channel"", ""music_video""]",0.00013302951109509035,False,automatic,youtube_search,True
2cZOYofOX4d6g0OXxkaIjA,ALL RED,Playboi Carti,2024-09-13,148053,0age3DSgqQk,Playboi Carti - ALL RED (Official Audio),Playboi Carti,149.0,100.0,False,"[""exact_channel_artist"", ""artist_in_title""]","[""official_audio""]",0.006396358060964655,False,automatic,youtube_search,True
7vjfnsnDXZGK4PSq54ISjc,1-800-hot-n-fun,LE SSERAFIM,2024-08-30,173431,rGD5U8u1Dk0,1-800-hot-n-fun,LE SSERAFIM,174.0,100.0,False,"[""exact_channel_artist""]",,0.0032808436784657878,False,automatic,youtube_search,True
4mqfe9XrgEOSsofvq5MyjR,Heavenly fate,LEECHANGSUB,2024-02-21,271173,ZwoIaHCh_JQ,Lee Changsub – Heavenly Fate (천상연) [A Not So Fairy Tale OST] [Rom|Eng Lyric],ElyDha Subs,272,100,False,"[""artist_in_title""]","[""lyrics""]",0.00295,False,automatic,user_or_pattern_selected (ambiguous),False
3LUi9n9mMOR1eK3kle7oCe,Combo,RIIZE,2024-09-03,219551,QflsDwyl2O4,RIIZE 라이즈 'Combo' Special Video,SMTOWN,221,41.7,False,"[""artist_in_title""]","[""official_channel""]",0.006375,False,automatic,user_or_pattern_selected (no_confident_match),True
3lboRjzlrZ8tFxR0y59Yny,I Know,KEY,2024-09-23,205200,NQyZhh8602k,I Know,KEY - Topic,206.0,100.0,False,"[""exact_channel_artist"", ""artist_in_channel""]","[""topic_channel""]",0.003898635477582846,False,automatic,youtube_search,True
5juCu4WFTFRZ2XilopAMTy,Bam Yang Gang,BIBI,2024-02-13,146197,smdmEhkIRVc,비비 (BIBI) - 밤양갱(Bam Yang Gang) Official M/V,BIBI,154.0,100.0,False,"[""exact_channel_artist"", ""artist_in_title""]","[""official_music_video""]",0.05337318823231667,False,automatic,youtube_search,True
7bUezNEU1BnjkbYrG0KP2Y,Deja vu,TAEMIN,2024-08-19,193360,04mXKTe6rL0,Deja Vu,태민 (TAEMIN),194.0,100.0,False,"[""exact_channel_artist""]",,0.0033098882912701694,False,automatic,youtube_search,True
3vkCueOmm7xQDoJ17W1Pm3,My Love Mine All Mine,Mitski,2023-09-15,137773,CwGbMYLjIpQ,Mitski - My Love Mine All Mine (Official Lyric Video),Mitski,139.0,100.0,False,"[""exact_channel_artist"", ""artist_in_title""]","[""official_lyric_video""]",0.008905953996791824,False,automatic,youtube_search,True
3BhyxulZ13uWZS6LqiYiCj,Cheeky Icy Thang,STAYC,2024-07-01,150769,s-UXxaQdUew,STAYC(스테이씨) 'Cheeky Icy Thang' MV,STAYC,171.0,100.0,False,"[""exact_channel_artist"", ""artist_in_title""]","[""music_video""]",0.13418540946746346,False,automatic,youtube_search,True
1k68vKHNQXU5CHqcM7Yp7N,HAPPY,DAY6,2024-03-18,189934,2dFwndi4ung,"DAY6 ""HAPPY"" Lyric Video",DAY6,195.0,100.0,False,"[""exact_channel_artist"", ""artist_in_title""]","[""lyric_video""]",0.02667242305221814,False,automatic,youtube_search,True
7Cnpb1vBbC46RgVyyKLH7p,Whiplash,aespa,2024-10-21,183226,jWQx2f-CErU,aespa 에스파 'Whiplash' MV,SMTOWN,191.0,100.0,False,"[""artist_in_channel"", ""artist_in_title""]","[""official_channel"", ""music_video""]",0.04242847630794756,False,automatic,youtube_search,True
5doooVlMVRZztQbySqARMI,HOME SWEET HOME,G-DRAGON,2025-02-25,211330,fLi0EJfi_vg,G-DRAGON - HOME SWEET HOME (Official Audio) (feat. TAEYANG & DAESUNG),OfficialGDRAGON,212.0,100.0,False,"[""artist_in_channel"", ""artist_in_title""]","[""official_audio""]",0.0031703970094165523,False,automatic,youtube_search,True
1kPhV0KQui1phEpjnWIqUN,Smeraldo Garden Marching Band,Jimin,2024-06-28,182840,QszN3iNbLrs,Jimin (지민) 'Smeraldo Garden Marching Band (feat. Loco)' Official Audio,JXS_BP Official,183.0,100.0,False,"[""artist_in_title""]","[""official_channel"", ""official_audio""]",0.0008750820389411508,False,automatic,youtube_search,True
2SR0alFA2oWYXSoePGTj0V,I’ll Be There,Jin,2024-11-19,181677,WxXcgnIfV0U,진 (Jin) ‘I'll Be There’ Lyric Video,BANGTANTV,183.0,100.0,False,"[""artist_in_channel"", ""artist_in_title""]","[""official_channel"", ""lyric_video""]",0.007282154593041497,False,automatic,youtube_search,True
21LtZQQMQYwVIxc9O9Ygq8,Cherish (My Love),ILLIT,2024-10-28,176854,tbDGl7jEazA,ILLIT (아일릿) ‘Cherish (My Love)’ Official MV,HYBE LABELS,215.0,100.0,False,"[""artist_in_title""]","[""official_channel"", ""official_music_video""]",0.21569203976161128,False,automatic,youtube_search,True
4XsJiRJQAK8TWcZCn0Dxlh,POWER,G-DRAGON,2024-10-31,143242,NMjhjrBIrG8,G-DRAGON - POWER (Official Video),OfficialGDRAGON,167.0,100.0,False,"[""artist_in_channel"", ""artist_in_title""]","[""official_video""]",0.16585917538152217,False,automatic,youtube_search,True
1lcBt7LoEikqYmhUoa2cez,number one girl,ROSÉ,2024-12-06,216442,pZ1NdE69VTs,ROSÉ - number one girl (official music video),ROSÉ,218.0,100.0,False,"[""exact_channel_artist"", ""artist_in_title""]","[""official_music_video""]",0.007198233244933978,False,automatic,youtube_search,True
7G7mSV4BebkoHWwKTDvXu9,Winter Ahead,V,2024-11-29,234895,dCZj7X8MooE,V 'Winter Ahead (with PARK HYO SHIN)' Official MV (Cinematic Still ver.),HYBE LABELS,248.0,100.0,False,"[""artist_in_channel"", ""artist_in_title""]","[""official_channel"", ""official_music_video""]",0.055790885289171754,False,automatic,youtube_search,True
5sjnkOfTLCLNfkkchI2re2,UP - KARINA Solo,aespa,2024-10-09,166640,U1_0Vc-9mNw,UP (KARINA Solo),aespa,167.0,100.0,False,"[""exact_channel_artist""]",,0.0021603456553048487,False,automatic,youtube_search,True
0FIDCNYYjNvPVimz5icugS,Timeless,The Weeknd,2025-01-31,256000,16jA-6hiSUo,"The Weeknd, Playboi Carti - Timeless (Official Lyric Video)",The Weeknd,257.0,100.0,False,"[""exact_channel_artist"", ""artist_in_title""]","[""official_lyric_video""]",0.00390625,False,automatic,youtube_search,True
0bYg9bo50gSsH3LtXe2SQn,All I Want for Christmas Is You,Mariah Carey,1994-10-28,241562,yXQViqx6GMY,Mariah Carey - All I Want For Christmas Is You (Official Video),Mariah Carey,235.0,100.0,False,"[""exact_channel_artist"", ""artist_in_title""]","[""official_video""]",0.02716486864655865,False,automatic,youtube_search,True
2plbrEY59IikOBgBGLjaoe,Die With A Smile,Lady Gaga,2024-08-16,251667,kPa7bsKwL-c,"Lady Gaga, Bruno Mars - Die With A Smile (Official Music Video)",Lady Gaga,253.0,100.0,False,"[""exact_channel_artist"", ""artist_in_title""]","[""official_music_video""]",0.005296681726249369,False,automatic,youtube_search,True
0lizgQ7Qw35od7CYaoMBZb,Santa Tell Me,Ariana Grande,2014-11-24,204093,jnXxxKZ57Tw,Ariana Grande - Santa Tell Me (Audio),Ariana Grande,204.0,100.0,False,"[""exact_channel_artist"", ""artist_in_title""]",,0.00045567461892372595,False,automatic,youtube_search,True
7gMfVc4zfNIxuMyMGglOHa,Rebirth (Intro),Jimin,2024-07-19,144624,acWdVkYOzBs,Rebirth (Intro),Jimin - Topic,145.0,100.0,False,"[""exact_channel_artist"", ""artist_in_channel""]","[""topic_channel""]",0.002599845115610134,False,automatic,youtube_search,True
3yDRcs0Y4pPzkvMbUfeF9H,Moonlit Floor,LISA,2024-10-03,155757,iYWGRGiYdHU,LISA - MOONLIT FLOOR (Official Audio),LLOUD Official,156.0,100.0,False,"[""artist_in_channel"", ""artist_in_title""]","[""official_channel"", ""official_audio""]",0.0015601224985072903,False,automatic,youtube_search,True
4EwNWRBWdZ6bgvxRHlZ8OO,CROOKED,G-DRAGON,2013-09-05,224792,RKhsHGfrFmY,G-DRAGON - 삐딱하게(CROOKED) M/V,BIGBANG,226,100,False,"[""artist_in_title""]","[""music_video""]",0.005338,False,automatic,user_or_pattern_selected (ambiguous),False
1ySWoGgrduSzvtJ3PUzO41,Who (Shibuyakei Remix),Jimin,2024-07-23,166809,WIsK0BtX14c,Who (Shibuyakei Remix),Jimin - Topic,167.0,100.0,False,"[""exact_channel_artist"", ""artist_in_channel""]","[""topic_channel""]",0.0011450221510829752,False,automatic,youtube_search,True
2isRbZIIU4PqPrECffn7QO,Who (Beautiful Mind Remix),Jimin,2024-07-23,177953,jtmk6tp126s,Who (Beautiful Mind Remix),Jimin - Topic,178.0,100.0,False,"[""exact_channel_artist"", ""artist_in_channel""]","[""topic_channel""]",0.0002641146819665867,False,automatic,youtube_search,True
6je5cTal6PyeITNrOzkCoS,Welcome to the Show,DAY6,2024-03-18,217067,RowlrvmyFEk,"DAY6(데이식스) ""Welcome to the Show"" M/V",JYP Entertainment,236.0,100.0,False,"[""artist_in_title""]","[""official_channel"", ""music_video""]",0.08722191765676035,False,automatic,youtube_search,True
3TQHPUEVdvdq8ejwEcHUlL,If I have you only (My love X Nerd Connection),Nerd Connection,2023-08-15,250573,IMWT6937uUs,If I have you only (My love X Nerd Connection) (그대만 있다면 (여름날 우리 X...,NERD CONNECTION,251.0,83.80952380952381,False,"[""exact_channel_artist"", ""artist_in_title""]",,0.0017040942160567979,False,automatic,youtube_search,True
5jxuw4S5IDEY6CjjAHvRAt,Falling,Jin,2024-11-19,178838,RDtjsZx_d40,네게 닿을 때까지,Jin - Topic,179,90,True,"[""exact_channel_artist"", ""artist_in_channel""]","[""topic_channel""]",0.001119,False,automatic,user_or_pattern_selected (ambiguous),True
1YmY0HUm05BUpcHibc1bhB,Another Level,Jin,2024-11-19,162834,PIYkh9v4L6I,Another Level,Jin - Topic,163.0,100.0,False,"[""exact_channel_artist"", ""artist_in_channel""]","[""topic_channel""]",0.0010194431138460026,False,automatic,youtube_search,True
1zJUr9Oo5zEjvJrdlg67jQ,Steady,NCT WISH,2024-09-24,179680,az8-GZCPalE,NCT WISH Steady Lyrics (엔시티 위시 Steady 가사) (Color Coded Lyrics),Junhaerim,180,100,False,"[""artist_in_title""]","[""lyrics""]",0.001669,False,automatic,user_or_pattern_selected (ambiguous),False
6pqyZNnLKyJKtrlf42FQoq,Nice Guy,BOYNEXTDOOR,2024-09-09,164920,HJlc_tFkB3M,BOYNEXTDOOR (보이넥스트도어) 'Nice Guy' Official MV,HYBE LABELS and BOYNEXTDOOR,194.0,100.0,False,"[""artist_in_channel"", ""artist_in_title""]","[""official_channel"", ""official_music_video""]",0.17632791656560756,False,automatic,youtube_search,True
49txvOVNLAHwG9bMtdKP6a,"Flights, Not Feelings",aespa,2024-10-21,181666,xBlMiqSGFps,"aespa 에스파 'Flights, Not Feelings' (Official Audio)",aespa,182.0,100.0,False,"[""exact_channel_artist"", ""artist_in_title""]","[""official_audio""]",0.0018385388570233286,False,automatic,youtube_search,True
3X76Lal4GwBFqriHz1FbLU,SOS,FIFTY FIFTY,2024-09-20,187507,KzYZPJOYxLM,SOS (ENG Version),FIFTY FIFTY Official,188.0,100.0,False,"[""exact_channel_artist""]","[""official_channel""]",0.002629235175220125,False,automatic,youtube_search,True
30tYWTkLIQtZWnRIOqcHnJ,나무,"Car, the garden",2019-04-16,232558,aM2OzkMRPb0,"[Official Audio] 카더가든 (Car, the garden) - 나무 (Tree)","카더가든 (Car, the garden)",233.0,100.0,False,"[""exact_channel_artist"", ""artist_in_title""]","[""official_audio""]",0.0019006011403606843,False,automatic,youtube_search,True
5a3tLTGA0HIDtrvnszXXBN,call it the end,ROSÉ,2024-12-06,141141,nOo3a2tT1LQ,ROSÉ - call it the end (official audio),ROSÉ,142.0,100.0,False,"[""exact_channel_artist"", ""artist_in_title""]","[""official_audio""]",0.006086112469091192,False,automatic,youtube_search,True
0FVPOqIivjXR49CyJZAw7g,IF YOU - KR Ver.,BIGBANG,2016-02-03,265120,h9hdorPqukU,IF YOU,BIGBANG,265,52.2,False,"[""exact_channel_artist""]",,0.000377,False,automatic,user_or_pattern_selected (no_confident_match),False
294hRgOqnGW2BemqP8D35X,Klaxon,i-dle,2024-07-08,175106,rTKqSmX9XhQ,(여자)아이들((G)I-DLE) - '클락션 (Klaxon)' Official Music Video,i-dle (아이들),187.0,100.0,False,"[""exact_channel_artist"", ""artist_in_title""]","[""official_music_video""]",0.06792457140246479,False,automatic,youtube_search,True
0GOqhXyouUxqPEw9ypTOLm,TOO BAD,G-DRAGON,2025-02-25,153664,o9DhvbqYzns,G-DRAGON - TOO BAD (feat. Anderson .Paak) (Official Video),OfficialGDRAGON,160.0,100.0,False,"[""artist_in_channel"", ""artist_in_title""]","[""official_video""]",0.04123281965847563,False,automatic,youtube_search,True
68UrZQUuO3O6eUiD226xHg,The Chase,Hearts2Hearts,2025-02-24,178900,kxUA2wwYiME,Hearts2Hearts 하츠투하츠 'The Chase' MV,SMTOWN,194.0,100.0,False,"[""artist_in_title""]","[""official_channel"", ""music_video""]",0.08440469536053662,False,automatic,youtube_search,True
2P6YMsU9jt22CXfizfudi3,Love Hangover,JENNIE,2025-01-31,180129,HfTsVbtZ8Bk,JENNIE - Love Hangover (Just JENNIE - Official Audio),JENNIE,170.0,100.0,False,"[""exact_channel_artist"", ""artist_in_title""]","[""official_audio""]",0.05623192267763658,False,automatic,youtube_search,True
406IpEtZPvbxApWTGM3twY,HOT,LE SSERAFIM,2025-03-14,143797,r9AEGPB6qIU,LE SSERAFIM (르세라핌) 'HOT' OFFICIAL MV,HYBE LABELS and LE SSERAFIM,169.0,100.0,False,"[""artist_in_channel"", ""artist_in_title""]","[""official_channel"", ""official_music_video""]",0.17526791240429215,False,automatic,youtube_search,True
1z5ebC9238uGoBgzYyvGpQ,toxic till the end,ROSÉ,2024-12-06,156685,UeOo_j57d48,ROSÉ - Toxic Till The End | Lyrics,Sunset Sounds,157,100,False,"[""artist_in_title""]","[""lyrics""]",0.001914,False,automatic,user_or_pattern_selected (ambiguous),False
7GOIrZTegzVty8mhNhRuA0,"IF I SAY, I LOVE YOU",BOYNEXTDOOR,2025-01-06,161693,q39IApbYEzg,"BOYNEXTDOOR (보이넥스트도어) 'IF I SAY, I LOVE YOU (오늘만 I LOVE YOU)' (Color Coded Lyrics)",Jaeguchi,162,100,False,"[""artist_in_title""]","[""lyrics""]",0.001855,False,automatic,user_or_pattern_selected (ambiguous),False
3vIkVVbhpMvsOJ1BKWT0nT,TAKE ME,G-DRAGON,2025-02-25,219004,IgIqM68qvF0,G-DRAGON - TAKE ME (Official Audio),OfficialGDRAGON,219.0,100.0,False,"[""artist_in_channel"", ""artist_in_title""]","[""official_audio""]",1.8264506584354624e-05,False,automatic,youtube_search,True
04mHr76sMR8RSqVIgWl785,ATTITUDE,IVE,2025-02-03,194733,38xYeot-ciM,IVE 아이브 'ATTITUDE' MV,STARSHIP and IVE,206,100,False,"[""artist_in_channel"", ""artist_in_title""]","[""music_video""]",0.058038,False,automatic,user_or_pattern_selected (ambiguous),False
4xeugB5MqWh0jwvXZPxahq,Drowning,WOODZ,2023-04-26,244986,NbKH4iZqq1Y,Drowning (Drowning),WOODZ,245.0,100.0,False,"[""exact_channel_artist""]",,5.714612263557917e-05,False,automatic,youtube_search,True
1Px44tw80Q4rcCl8FxDGOi,Who (Instrumental),Jimin,2024-07-23,170887,kLdpeIzEEXQ,Who (Instrumental),Jimin - Topic,171.0,100.0,False,"[""exact_channel_artist"", ""artist_in_channel""]","[""topic_channel""]",0.0006612556835803777,False,automatic,youtube_search,True
10zywlg5b0gQOC3q1A7ADx,earthquake,JISOO,2025-02-14,190806,Z33suvklkx0,JISOO - ‘earthquake’ DANCE PERFORMANCE VIDEO,JISOO,197,45.5,False,"[""exact_channel_artist"", ""artist_in_title""]",,0.032495,False,automatic,user_or_pattern_selected (ambiguous),False
10I5rhhFoWZDIN3kEc6Dbo,Who (Acoustic Remix),Jimin,2024-07-23,184075,fZhXt26gmiA,Jimin (지민) 'Who (Acoustic Remix)' Official Audio,JXS_BP Official,185.0,100.0,False,"[""artist_in_title""]","[""official_channel"", ""official_audio""]",0.005025125628140704,False,automatic,youtube_search,True
7KZNgri6Jxw88FAfATw6i9,Who (Funky Remix),Jimin,2024-07-23,188498,EKm5L963L7E,Who (Funky Remix),Jimin - Topic,189.0,100.0,False,"[""exact_channel_artist"", ""artist_in_channel""]","[""topic_channel""]",0.0026631582297955416,False,automatic,youtube_search,True
1MUZitHRpmng5NevrvNx4T,DRIP,BABYMONSTER,2024-11-01,180845,Zp-Jhuhq0bQ,BABYMONSTER - 'DRIP' M/V,BABYMONSTER,187.0,100.0,False,"[""exact_channel_artist"", ""artist_in_title""]","[""music_video""]",0.034034670574248665,False,automatic,youtube_search,True
6SaSFVlIQC1L6Fh1QKLeFi,start a war,JENNIE,2025-03-07,165066,n-KlygYrXV8,JENNIE - start a war (Official Lyric Video),JENNIE,166.0,100.0,False,"[""exact_channel_artist"", ""artist_in_title""]","[""official_lyric_video""]",0.005658342723516654,False,automatic,youtube_search,True
6iu311jZAJFLPgoIWgrA72,BANG BANG BANG - KR Ver.,BIGBANG,2016-02-03,221173,2ips2mM7Zqw,BIGBANG - 뱅뱅뱅 (BANG BANG BANG) M/V,BIGBANG,230,74.6,False,exact_channel_artist | title_verified,official_channel | verified_audio,0.039783,False,automatic,user_or_pattern_selected (no_confident_match),True
4C2KCXzqC0kwNyTilyRLUx,IBELONGIIU,G-DRAGON,2025-02-25,193071,OjoKYCQXDTg,G-DRAGON - IBELONGIIU (Official Audio),OfficialGDRAGON,194.0,100.0,False,"[""artist_in_channel"", ""artist_in_title""]","[""official_audio""]",0.004811701394823666,False,automatic,youtube_search,True
5yfhzEct1ulyU6g5oVRraj,KNOW ABOUT ME,NMIXX,2025-03-17,165773,aFrQIJ5cbRc,NMIXX(엔믹스) “KNOW ABOUT ME” M/V,JYP Entertainment,174.0,100.0,False,"[""artist_in_title""]","[""official_channel"", ""music_video""]",0.04962810590385648,False,automatic,youtube_search,True
2DbDefRFJ5YOfXCKOeCJJh,Igloo,KISS OF LIFE,2024-10-15,131786,toF4ee3n-vo,[Take#B | 4K]  KISS OF LIFE (키스오브라이프) - Igloo,GENIE MUSIC,146.0,100.0,False,"[""artist_in_title""]","[""official_channel""]",0.10785667673349218,False,automatic,youtube_search,True
7KXjTSCq5nL1LoYtL7XAwS,HUMBLE.,Kendrick Lamar,2017-04-14,177000,ov4WobPqoSA,HUMBLE.,Kendrick Lamar,177.0,100.0,False,"[""exact_channel_artist""]",,0.0,False,automatic,youtube_search,True
20QI1DhCFz7pN8rATkNguv,To Reach You,10CM,2025-03-06,158680,Ry1RrIVyl1M,[MV] 10CM _ To Reach You(너에게 닿기를),1theK (원더케이),159.0,100.0,False,"[""artist_in_title""]","[""official_channel"", ""music_video""]",0.00201663725737333,False,automatic,youtube_search,True
6cwSbxCqAwBNbCqaLMZgbT,LOSER - KR Ver.,BIGBANG,2016-02-03,220493,1CTced9CMMk,BIGBANG - LOSER M/V,BIGBANG,227,47.6,False,"[""exact_channel_artist"", ""artist_in_title""]","[""music_video""]",0.029478,False,automatic,user_or_pattern_selected (no_confident_match),False
0VdwOoAKPe9aGahkpllfkH,A Letter,BUMJIN,2021-12-24,215760,LP0lRsckX1A,인사,BUMJIN - Topic,216.0,100.0,False,"[""exact_channel_artist"", ""artist_in_channel""]","[""topic_channel""]",0.0011123470522803114,False,automatic,youtube_search,True
6koKhrBBcExADvWuOgceNZ,Open Arms,SZA,2022-12-08,239613,JLd09jmEAYA,SZA - Open Arms (Official Audio) ft. Travis Scott,SZA,242.0,100.0,False,"[""exact_channel_artist"", ""artist_in_title""]","[""official_audio""]",0.0099618968920718,False,automatic,youtube_search,True
6fbS9Lbyv6L4tz7tcmBGKh,보나마나 (BONAMANA),G-DRAGON,2025-02-25,195536,B-tJtuZO5Is,G DRAGON - 보나마나 BONAMANA (Official Audio),OfficialGDRAGON,196,74.3,False,"[""artist_in_channel"", ""artist_in_title""]","[""official_audio""]",0.002558,False,automatic,user_or_pattern_selected (ambiguous),True
4zUob9iYFS9TgAR0hgo5pR,Seoul City,JENNIE,2025-03-05,164398,nJw2_S2fPj8,JENNIE - Seoul City (Official Lyric Video),JENNIE,165.0,100.0,False,"[""exact_channel_artist"", ""artist_in_title""]","[""official_lyric_video""]",0.003661845034611127,False,automatic,youtube_search,True
3uA8SjMyDtwtt0jLPMQbVD,D (Half Moon),DEAN,2016-03-25,229359,eelfrHtmk68,DEAN - D (Half Moon) ft. Gaeko,DEANTRBL,232,100,False,"[""artist_in_title""]",,0.011334,False,automatic,user_or_pattern_selected (ambiguous),False
5EoV2HmAlkqN1XvsIjOBZZ,STYLE,Hearts2Hearts,2025-06-18,209671,n7kFRxFIPrI,Hearts2Hearts 하츠투하츠 'STYLE' MV,SMTOWN,224.0,100.0,False,"[""artist_in_title""]","[""official_channel"", ""music_video""]",0.06834039995993724,False,automatic,youtube_search,True
3iJxBDym1SeqNqJqnvreHK,Never Ending Story,IU,2025-05-27,224026,2icSeGXXnzw,IU 'Never Ending Story' Lyrics (아이유 Never Ending Story 가사) [Color Coded Han_Rom_Eng],ShadowByYoongi,225,100,False,"[""artist_in_title""]","[""lyrics""]",0.004464,False,automatic,user_or_pattern_selected (ambiguous),False
0AQEShePVSsxMTM6a8ik6t,FAMOUS,ALLDAY PROJECT,2025-06-21,188778,VjvzYjU1mY0,ALLDAY PROJECT - ‘FAMOUS’ M/V,THEBLACKLABEL and ALLDAY PROJECT,189,100,False,"[""artist_in_channel"", ""artist_in_title""]","[""music_video""]",0.001059,False,automatic,user_or_pattern_selected (ambiguous),False
4p0uVFAXKUISu8yp9gNtWE,Billyeoon Goyangi (Do the Dance),ILLIT,2025-06-16,188641,negtrQu5mTA,ILLIT (아일릿) '빌려온 고양이 (Do the Dance)' Official MV,HYBE LABELS,202,57.1,True,"[""artist_in_title""]","[""official_channel"", ""official_music_video""]",0.07105,False,automatic,user_or_pattern_selected (no_confident_match),True
0fK7ie6XwGxQTIkpFoWkd1,like JENNIE,JENNIE,2025-03-07,123517,aS7al94FVbk,JENNIE - like JENNIE (Official Lyric Video),JENNIE,125.0,100.0,False,"[""exact_channel_artist"", ""artist_in_title""]","[""official_lyric_video""]",0.012006444457038303,False,automatic,youtube_search,True
2kpmBZqu52h6uCZXFTIXJK,Lemon Drop,ATEEZ,2025-06-13,179395,H4H99b1CjPU,ATEEZ(에이티즈) - 'Lemon Drop' Official MV,KQ ENTERTAINMENT,223.0,100.0,False,"[""artist_in_title""]","[""official_channel"", ""official_music_video""]",0.24306697511078904,False,automatic,youtube_search,True
0wrppxeWurW1uRnxI6Ut9v,HANDS UP,MEOVV,2025-04-28,192467,sL0pCS6K9bc,MEOVV(미야오) - ‘HANDS UP’ M/V,THEBLACKLABEL and MEOVV,205,100,False,"[""artist_in_channel"", ""artist_in_title""]","[""music_video""]",0.064935,False,automatic,user_or_pattern_selected (ambiguous),False
4WrkJNGb4zUwARc0FD3iNf,Loser,Jin,2025-05-16,155638,MTjiawwYPhI,Loser (feat. YENA(최예나)),Jin - Topic,156,50,False,"[""exact_channel_artist"", ""artist_in_channel""]","[""topic_channel""]",0.002571,False,automatic,user_or_pattern_selected (no_confident_match),True
5Fhr3wqeieN5WDkAsqL1JJ,MONA LISA,j-hope,2025-03-21,137191,ECqGCH1TfLY,j-hope ‘MONA LISA’ Official MV,HYBE LABELS,165.0,100.0,False,"[""artist_in_channel"", ""artist_in_title""]","[""official_channel"", ""official_music_video""]",0.20270280120416062,False,automatic,youtube_search,True
6Wobsw9uZ0D0xkfOjxXSq9,Messy (From F1® The Movie),ROSÉ,2025-05-08,179055,ia2Ph61bYzc,ROSÉ - Messy (From F1® The Movie) [Official Music Video],ROSÉ,185.0,100.0,False,"[""exact_channel_artist"", ""artist_in_title""]","[""official_music_video""]",0.03320208874368211,False,automatic,youtube_search,True
2NOMOpss7BmEXTL9f1koqn,WICKED,ALLDAY PROJECT,2025-06-23,157191,mhKCRnUKp5U,ALLDAY PROJECT - ‘WICKED’ PERFORMANCE VIDEO (VER. A - MOVIE SET),THEBLACKLABEL and ALLDAY PROJECT,166,26.1,False,"[""artist_in_channel"", ""artist_in_title""]",,0.05598,False,automatic,user_or_pattern_selected (no_confident_match),False
1klePVubVctBqhlKJvibil,I Feel Good,BOYNEXTDOOR,2025-05-13,155026,8isM6xQHlec,BOYNEXTDOOR (보이넥스트도어) 'I feel good' (Color Coded Lyrics),Jaeguchi,154,100,False,"[""artist_in_title""]","[""lyrics""]",0.006452,False,automatic,user_or_pattern_selected (ambiguous),False
0qkYuCno3SoU8vxkCdx0iJ,THUNDER,SEVENTEEN,2025-05-26,164040,pS57UX6s-xw,SEVENTEEN (세븐틴) 'THUNDER' Official MV,HYBE LABELS and SEVENTEEN,186.0,100.0,False,"[""artist_in_channel"", ""artist_in_title""]","[""official_channel"", ""official_music_video""]",0.13386978785662035,False,automatic,youtube_search,True
2GMKQPMXdOGXsQkDYBN6wF,시작의 아이 ハジマリのコ (Starting With You),MAKTUB,2025-01-01,256626,dAcDmbKXw_0,"박다혜,마크툽 (MAKTUB) – 시작의 아이 ❍ ハジマリのコ Starting With You : ♡",마크툽 MAKTUB Official,257.0,100.0,False,"[""exact_channel_artist"", ""artist_in_title""]","[""official_channel""]",0.0014573737657135287,False,automatic,youtube_search,True
60DwXD4XZgBGMRwViDqBm6,When the Day Comes,TOMORROW X TOGETHER,2025-05-11,221266,FtEgUrOTkXM,[언젠가는 슬기로울 전공의생활 OST Part 9] 투모로우바이투게더 (TOMORROW X TOGETHER) - 그날이 오면 (When the Day Comes) MV,STONE MUSIC,246.0,100.0,False,"[""artist_in_title""]","[""official_channel"", ""music_video""]",0.11178400658031509,False,automatic,youtube_search,True
4EIFwndJvGpgFjsEbNuYif,ExtraL,JENNIE,2025-03-07,167754,oFDBWsnWt3c,"JENNIE, Doechii - ExtraL (Official Lyric Video)",JENNIE,168.0,100.0,False,"[""exact_channel_artist"", ""artist_in_title""]","[""official_lyric_video""]",0.0014664329911656354,False,automatic,youtube_search,True
5RdKO1lsHG9jhbG03LL7cv,With the Clouds,Jin,2025-05-16,188897,dpn4v93wQZY,구름과 떠나는 여행,Jin - Topic,189.0,100.0,False,"[""exact_channel_artist"", ""artist_in_channel""]","[""topic_channel""]",0.0005452707030815736,False,automatic,youtube_search,True
1XDSuZ5ZSExGZYC7IuiU5l,Maybe Tomorrow,DAY6,2025-05-07,224249,LbQCFWB_8S0,"DAY6(데이식스) ""Maybe Tomorrow"" Lyric Video",DAY6,229.0,100.0,False,"[""exact_channel_artist"", ""artist_in_title""]","[""lyric_video""]",0.021186270618821043,False,automatic,youtube_search,True
0warEAGkdMG9x2grXqKhlY,The End of the Day,RIIZE,2025-05-19,222994,XBL44lrLvT8,RIIZE 라이즈 '모든 하루의 끝 (The End of the Day)' MV | ODYSSEY - The 1st Album,RIIZE,253.0,100.0,False,"[""exact_channel_artist"", ""artist_in_title""]","[""music_video""]",0.13455967425132515,False,automatic,youtube_search,True
09PyC1qMkM0JVtqHHFnjKm,My Life,YUMDDA,2025-06-12,175026,Wx_Vm-gSs5U,염따 - 갓생 (Lyric Video),염따,175,16.7,True,,"[""lyric_video""]",0.0,False,automatic,user_or_pattern_selected (no_confident_match),False
5Kbpcd3hOqu4ZRAJNAjIcg,What Would Have Been? (Feat. Lena Park),PSY,2012-07-15,243963,iT267zwmFBw,어땠을까 (What Would Have Been) ft. 박정현,officialpsy,245,100,False,,,0.004098,False,automatic,user_or_pattern_selected (no_confident_match),False
2LHNTC9QZxsL3nWpt8iaSR,Abracadabra,Lady Gaga,2025-03-07,223398,H0y5RwcCJ0Q,Lady Gaga - Abracadabra (Rehearsal Video),Lady Gaga,245.0,100.0,False,"[""exact_channel_artist"", ""artist_in_title""]",,0.09669737419314407,False,automatic,youtube_search,True
4bjNOhOMvqFPflwHIaS7Fw,1:05,The Black Skirts,2017-05-30,240000,-_r_Y5nuHlo,1:05,The Black Skirts,240.0,100.0,False,"[""exact_channel_artist""]",,0.0,False,automatic,youtube_search,True
5cRKj1kynNFqiliT2ndZ3y,Akuma no Ko,Ai Higuchi,2022-01-10,227679,WPl10ZrhCtk,ヒグチアイ / 悪魔の子 (アニメスペシャルVer.) | Ai Higuchi “Akuma no Ko” Anime Special Ver.,Ai Higuchi,230,35.5,False,"[""exact_channel_artist"", ""artist_in_title""]",,0.010101,False,automatic,user_or_pattern_selected (no_confident_match),False
0IjaSeBp6SHXTELm4C9ifk,FOREVER,D.O.,2025-04-27,243636,nq_SJPKO_G0,[언젠가는 슬기로울 전공의생활 (Resident Playbook) OST Part 6] 도경수 (D.O.) - 영원해 (FOREVER) MV,STONE MUSIC,247.0,100.0,False,"[""artist_in_title""]","[""official_channel"", ""music_video""]",0.013807483294751186,False,automatic,youtube_search,True
7EW7Yivb93qKAtp5qEm5of,Dark Thoughts,Lil Tecca,2025-03-14,136991,Csst0G-QfkU,Lil Tecca - Dark Thoughts (Official Audio),Lil Tecca,137.0,100.0,False,"[""exact_channel_artist"", ""artist_in_title""]","[""official_audio""]",6.569774656729275e-05,False,automatic,youtube_search,True
02BcXEH1zJYbXSabPtNlKf,Lose My Mind,Don Toliver,2025-04-30,209051,WWEs82u37Mw,Don Toliver - Lose My Mind (feat. Doja Cat) [From F1® The Movie] [Official Music Video],Don Toliver,210.0,100.0,False,"[""exact_channel_artist"", ""artist_in_title""]","[""official_music_video""]",0.004539562116421351,False,automatic,youtube_search,True
6OWWZtNQORY1McaZmOrwhc,GO!,CORTIS,2025-09-08,170880,WXS-o57VJ5w,CORTIS (코르티스) 'GO!' Official MV,HYBE LABELS and CORTIS,187.0,100.0,False,"[""artist_in_channel"", ""artist_in_title""]","[""official_channel"", ""official_music_video""]",0.09433520599250936,False,automatic,youtube_search,True
59hVbgr8rfYkDbHfr8RcGI,IRIS OUT,Kenshi Yonezu,2025-09-15,151573,LmZD-TU96q4,Kenshi Yonezu - IRIS OUT,Kenshi Yonezu  米津玄師,154,100,False,"[""artist_in_channel"", ""artist_in_title""]",,0.015831,False,automatic,user_or_pattern_selected (ambiguous),False
02sy7FAs8dkDNYsHp4Ul3f,Soda Pop,Saja Boys,2025-06-20,150686,_uu_izpVSEc,Saja Boys - Soda Pop (Lyrics) | K-Pop Demon Hunters Soundtrack,7clouds,151,100,False,"[""artist_in_title""]","[""lyrics""]",0.001991,False,automatic,user_or_pattern_selected (ambiguous),False
2c6xH9usslUoHnOzsRhpcP,XOXZ,IVE,2025-08-25,154000,B1ShLiq3EVc,IVE 아이브 ‘XOXZ’ MV,STARSHIP and IVE,158,100,False,"[""artist_in_channel"", ""artist_in_title""]","[""music_video""]",0.025974,False,automatic,user_or_pattern_selected (ambiguous),False
1sUjTLLCJzcxC15GUBrOlg,Rich Man,aespa,2025-09-05,197578,5oQVTnq-UKk,aespa 에스파 'Rich Man' MV,SMTOWN,210.0,100.0,False,"[""artist_in_channel"", ""artist_in_title""]","[""official_channel"", ""music_video""]",0.06287137231878043,False,automatic,youtube_search,True
3Z4BxvgOJ8KupcDIV3OV2f,In Your Fantasy,ATEEZ,2025-07-11,192697,JOF2ZTqvzwY,ATEEZ(에이티즈) - 'In Your Fantasy' Official MV,KQ ENTERTAINMENT,222.0,100.0,False,"[""artist_in_title""]","[""official_channel"", ""official_music_video""]",0.152067754038724,False,automatic,youtube_search,True
1I37Zz2g3hk9eWxaNkj031,Your Idol,Saja Boys,2025-06-20,191537,fGyTN5UjnL4,‘Your Idol’ Lyric Video | KPop Demon Hunters | Netflix,Netflix,206,40,False,,"[""lyric_video""]",0.075718,False,automatic,user_or_pattern_selected (ambiguous),False
7JQH2lBMZ10ztDnpoeq6Ki,yours,데이먼스 이어 Damons year,2019-04-10,165229,DGXPro9x0yo,데이먼스 이어(Damons year) - yours [가사/Lyrics],웅키,166,100,False,"[""artist_in_title""]","[""lyrics""]",0.004843,False,automatic,user_or_pattern_selected (ambiguous),False
5H1sKFMzDeMtXwND3V6hRY,JUMP,BLACKPINK,2025-07-11,164718,RUKqwwyAiEU,BLACKPINK - ‘뛰어(JUMP)’ (Official Audio),BLACKPINK,165.0,100.0,False,"[""exact_channel_artist"", ""artist_in_title""]","[""official_audio""]",0.001712016901613667,False,automatic,youtube_search,True
4nKnOIDXFjRSMG4vkXDwzY,Rendezvous,AHOF,2025-07-01,220013,D2-G60fuW_4,AHOF(아홉) ‘그곳에서 다시 만나기로 해 (Rendezvous)’ Official MV,AHOF,228.0,100.0,False,"[""exact_channel_artist"", ""artist_in_title""]","[""official_music_video""]",0.036302400312708795,False,automatic,youtube_search,True
0MHStU0muAIEMbwdnebYu2,Takedown,HUNTR/X,2025-06-20,182016,l8Dr7vzMSVE,"“Takedown” Official Lyric Video feat. Jeongyeon, Jihyo and Chaeyoung from TWICE | KPop Demon Hunters",Sony Pictures Animation,188,100,False,,"[""lyric_video""]",0.032967,False,automatic,user_or_pattern_selected (ambiguous),False
7t4Z19BqZ23ExgdiOP0nf6,LIKE YOU BETTER,fromis_9,2025-06-25,185026,r1QapH1SIAI,fromis_9 (프로미스나인) 'LIKE YOU BETTER' MV,fromis_9,208.0,100.0,False,"[""exact_channel_artist"", ""artist_in_title""]","[""music_video""]",0.12416633338017359,False,automatic,youtube_search,True
4ecdsGz3Hg6TKPwQ0ZOdJz,FaSHioN,CORTIS,2025-09-08,174653,42wfEs7oIP8,CORTIS (코르티스) 'FaSHioN' Official MV,HYBE LABELS and CORTIS,180.0,100.0,False,"[""artist_in_channel"", ""artist_in_title""]","[""official_channel"", ""official_music_video""]",0.030614990867606055,False,automatic,youtube_search,True
4H6s1mTZcjHAMU36ZF3Xoz,Nothing Without Your Love,Jin,2025-05-16,176126,7ue9yqfApQA,Nothing Without Your Love,Jin - Topic,177.0,100.0,False,"[""exact_channel_artist"", ""artist_in_channel""]","[""topic_channel""]",0.004962356494782144,False,automatic,youtube_search,True
18AMT576rBlQFMzUTS7WBa,THIS IS FOR,TWICE,2025-07-11,131097,eHHQaoEW30Q,"TWICE ""THIS IS FOR"" M/V",JYP Entertainment,134.0,100.0,False,"[""artist_in_channel"", ""artist_in_title""]","[""official_channel"", ""music_video""]",0.02214390870881866,False,automatic,youtube_search,True
4LJJxB4a47mreJAfKwbGEM,body,DAYOUNG,2025-09-09,168000,jI70BF157c0,DAYOUNG (다영) 'body' (Color Coded Lyrics),Jaeguchi,168,100,False,"[""artist_in_title""]","[""lyrics""]",0.0,False,automatic,user_or_pattern_selected (ambiguous),False
2aSfmbpproCPOe2j01WT2a,Eternal Moment,Lim Young Woong,2025-08-29,208000,sFK89gemgKM,임영웅 '순간을 영원처럼' Official M/V,임영웅,216,9.1,True,,"[""music_video""]",0.038462,False,automatic,user_or_pattern_selected (no_confident_match),False
6hcT29EF7UYuwu76eqlys9,Girls Will Be Girls,ITZY,2025-06-09,168013,1KhOhW_O8-k,"ITZY ""Girls Will Be Girls"" M/V",JYP Entertainment,174.0,100.0,False,"[""artist_in_title""]","[""official_channel"", ""music_video""]",0.035634147357644946,False,automatic,youtube_search,True
5PCOOngROV9jWsUViSy4Ed,Killin' It Girl,j-hope,2025-06-13,148714,q9leDzlNEaY,j-hope ‘Killin' It Girl (feat. GloRilla)’ Official MV,HYBE LABELS,169.0,100.0,False,"[""artist_in_channel"", ""artist_in_title""]","[""official_channel"", ""official_music_video""]",0.13640948397595384,False,automatic,youtube_search,True
6jl91VgNuRjpwO0MJQw29F,Vivid LaLa Love,LEE CHANHYUK,2025-07-14,240081,nrc7IPGzhh0,Vivid LaLa Love,LEE CHANHYUK - Topic,241.0,100.0,False,"[""exact_channel_artist"", ""artist_in_channel""]","[""topic_channel""]",0.0038278747589355257,False,automatic,youtube_search,True
5Xf2cIARIa9gwWf6m4DvME,Home Sweet Home,"Car, the garden",2017-12-12,205938,MV9kclfajk8,"[Official Audio] 카더가든 (Car, the garden) - Home Sweet Home","카더가든 (Car, the garden)",206.0,100.0,False,"[""exact_channel_artist"", ""artist_in_title""]","[""official_audio""]",0.00030106148452446854,False,automatic,youtube_search,True
0VdikQbDdOqxdWQyYsLmne,butterflies,JVKE,2025-07-10,164466,-6kmU2b3EQY,"JVKE (feat. TAEHYUN of TXT,  KIM CHAEWON of LE SSERAFIM) – butterflies (official lyric video)",JVKE,165.0,100.0,False,"[""exact_channel_artist"", ""artist_in_title""]","[""official_lyric_video""]",0.0032468716938455363,False,automatic,youtube_search,True
3y1Aq9UzyzhMGuVaS8i2oA,"question mark (Feat. CHOIZA Of Dynamicduo, Zion.T)",Primary,2012-10-31,194115,4Uh-Pf02qeQ,"question mark (Feat. CHOIZA Of Dynamicduo, Zion.T)",Primary - Topic,195.0,100.0,False,"[""exact_channel_artist"", ""artist_in_channel""]","[""topic_channel""]",0.004559153079360173,False,automatic,youtube_search,True
3cnCdBXTlyBCKYrlHpXbIP,Island,PLAVE,2025-02-03,256120,4deMcO_LtrQ,PLAVE 'Island' Special Video,PLAVE 플레이브,264,46.2,False,"[""exact_channel_artist"", ""artist_in_title""]",,0.030847,False,automatic,user_or_pattern_selected (no_confident_match),False
630sXRhIcfwr2e4RdNtjKN,Rewrite The Stars,Zac Efron,2017-11-17,217440,gdjR2lvIfJ4,The Greatest Showman Cast - Rewrite The Stars (Official Audio),Atlantic Records,217,56.7,False,,"[""official_channel"", ""official_audio""]",0.00184,False,automatic,user_or_pattern_selected (ambiguous),True
34HSEUn4YGAFBW9OHGIkU7,Boat,george,2017-11-17,191994,OWL1RNX7p90,[Lyrics | 가사] 죠지 (George) - 보트 (Boat),SOULGEUL,193,100,False,"[""artist_in_title""]","[""lyrics""]",0.005208,False,automatic,user_or_pattern_selected (ambiguous),False
7H9e5GKSY1PQTW1edqvHb9,Episode,KANGDANIEL,2025-06-16,162026,xarSyADqmv0,강다니엘(KANGDANIEL) - Episode Performance Video,KANGDANIEL OFFICIAL,161,43.8,False,"[""exact_channel_artist"", ""artist_in_title""]","[""official_channel""]",0.006173,False,automatic,user_or_pattern_selected (ambiguous),True
0M4O6UEu4F9SxImTsBuX9n,DUET,ZICO,2025-12-18,146000,UGktZGH_OXI,"ZICO, Lilas - DUET (Lyrics)",7clouds K-pop,146,100,False,"[""artist_in_title""]","[""lyrics""]",0.0,False,automatic,user_or_pattern_selected (ambiguous),False
6jYiHr12NVKLzn0X7K8aSK,FOCUS,Hearts2Hearts,2025-10-20,177052,Ur7aK4FvK-U,Hearts2Hearts 하츠투하츠 'FOCUS' MV,SMTOWN and Hearts2Hearts,190.0,100.0,False,"[""artist_in_channel"", ""artist_in_title""]","[""official_channel"", ""music_video""]",0.07313105754241692,False,automatic,youtube_search,True
3cLXrotzCjYCkN73PewALM,Good Goodbye,HWASA,2025-10-15,223000,Qe8fa4b5xNU,화사 (HWASA) - 'Good Goodbye' MV,HWASA,226.0,100.0,False,"[""exact_channel_artist"", ""artist_in_title""]","[""music_video""]",0.013452914798206279,False,automatic,youtube_search,True
2N9miXnewVmUrgl6JSK1FI,SPAGHETTI,LE SSERAFIM,2025-10-24,172313,TvVtYaqCni8,LE SSERAFIM (르세라핌) 'SPAGHETTI (feat. j-hope of BTS)' OFFICIAL MV,HYBE LABELS and LE SSERAFIM,199.0,100.0,False,"[""artist_in_channel"", ""artist_in_title""]","[""official_channel"", ""official_music_video""]",0.15487514000684802,False,automatic,youtube_search,True
1k0JAiH11gHL9dc5dfQjQr,NOT CUTE ANYMORE,ILLIT,2025-11-24,131997,x_RYZsOfpKY,ILLIT (아일릿) 'NOT CUTE ANYMORE’ Official MV,HYBE LABELS,147.0,100.0,False,"[""artist_in_title""]","[""official_channel"", ""official_music_video""]",0.11366167412895747,False,automatic,youtube_search,True
7FyKqLLICVzwBiAUtbVYUW,ONE MORE TIME,ALLDAY PROJECT,2025-11-17,195259,OgEwJ8a1OoY,ALLDAY PROJECT - ‘ONE MORE TIME’ M/V,THEBLACKLABEL and ALLDAY PROJECT,203,100,False,"[""artist_in_channel"", ""artist_in_title""]","[""music_video""]",0.039427,False,automatic,user_or_pattern_selected (ambiguous),False
06o2o3TpyR8eGU2ANK21Lp,Endangered Love,LEE CHANHYUK,2025-07-14,220202,19oT04OuBhg,이찬혁 (LEE CHANHYUK) - '멸종위기사랑' M/V,AKMU,230,0,True,"[""artist_in_title""]","[""music_video""]",0.044505,False,automatic,user_or_pattern_selected (no_confident_match),False
0p5xMhVvw441Z10hNWsk5Q,BURNING UP,MEOVV,2025-10-14,169546,hlULtigNNao,MEOVV(미야오) - ‘BURNING UP’ M/V,THEBLACKLABEL and MEOVV,176,100,False,"[""artist_in_channel"", ""artist_in_title""]","[""music_video""]",0.038348,False,automatic,user_or_pattern_selected (ambiguous),False
5iFbKoNv7Jc5Arpbf8D90B,LOOK AT ME,ALLDAY PROJECT,2025-12-08,159686,9nOrPNxjvck,ALLDAY PROJECT - ‘LOOK AT ME’ M/V,THEBLACKLABEL and ALLDAY PROJECT,168,100,False,"[""artist_in_channel"", ""artist_in_title""]","[""music_video""]",0.051972,False,automatic,user_or_pattern_selected (ambiguous),False
3vJIaiTIHxHhYafTSPNiH4,Zoo,Disney,2025-11-21,190822,Xry6B0I3pT8,"Shakira - Zoo (From ""Zootopia 2"") Lyric Video",DisneyMusicVEVO,193,42.9,False,"[""artist_in_channel""]","[""official_channel"", ""lyric_video""]",0.01153,False,automatic,user_or_pattern_selected (no_confident_match),True
1nEhhkEidrTOtc46fCvRFp,Fame,RIIZE,2025-11-24,176847,F3C87lOmZBM,RIIZE(라이즈) _ Fame | 1theKILLPO | 원더킬포 | 퍼포먼스 | Performance | 4K,1theK Originals - 원더케이 오리지널,188,19.5,False,"[""artist_in_title""]","[""official_channel""]",0.063348,False,automatic,user_or_pattern_selected (ambiguous),True
4CRhJHHbH9Awx7z7xRAdPP,Unread Message,Lim Young Woong,2025-08-29,235000,z3421azlj3I,Unread Message (답장을 보낸지),임영웅,235,100,False,,,0.0,False,automatic,user_or_pattern_selected (ambiguous),False
15HNdxGKNCIO9pgaY4n7FU,Pretender,OFFICIAL HIGE DANDISM,2019-08-31,326842,TQ8WlA2GXbk,Official髭男dism - Pretender［Official Video］,OFFICIAL HIGE DANDISM,336,54.5,False,"[""exact_channel_artist""]","[""official_channel"", ""official_video""]",0.028152,False,automatic,user_or_pattern_selected (no_confident_match),True
7hYI4QprQ3hMqp56ul6uEv,Melody for You,Lim Young Woong,2025-08-29,236000,yEHkBifsHPY,임영웅 '그댈 위한 멜로디' Official M/V,임영웅,261,100,False,,"[""music_video""]",0.105932,False,automatic,user_or_pattern_selected (no_confident_match),False
4WFfPxJv1KRekG6mxn837K,EYES CLOSED,JISOO,2025-10-10,181375,TN4LP7j5cbo,JISOO X ZAYN - EYES CLOSED (OFFICIAL LYRIC VIDEO),JISOO,181.0,100.0,False,"[""exact_channel_artist"", ""artist_in_title""]","[""official_lyric_video""]",0.002067539627842867,False,automatic,youtube_search,True
7csMuPqdOPaFKby0AoRYL5,가시,BUZZ,2005-03-03,241506,1-Lm2LUR8Ss,버즈(Buzz) - 가시 [가사/Lyrics],웅키,242,100,False,"[""artist_in_title""]","[""lyrics""]",0.00207,False,automatic,user_or_pattern_selected (ambiguous),False
2OQ6a4CfUeYskpTTgyawyJ,You Make It Feel Like Christmas,Gwen Stefani,2017-10-06,156773,uA4STm4hx7Q,Gwen Stefani - You Make It Feel Like Christmas (Audio) ft. Blake Shelton,Gwen Stefani,155.0,100.0,False,"[""exact_channel_artist"", ""artist_in_title""]",,0.01130934535921364,False,automatic,youtube_search,True
0QzuaeCEEOV40Pn7IvKEny,double take,Dhruv,2022-01-21,171743,uQiF1yOnzDg,Dhruv - double take (Official Audio),Dhruv,173.0,100.0,False,"[""exact_channel_artist"", ""artist_in_title""]","[""official_audio""]",0.007319075595511899,False,automatic,youtube_search,True
6VedlO2MtaEjAITax6vQyg,Toki Yo Tomare,ILLIT,2025-08-31,188120,HeqsjDF7Lw0,ILLIT (아일릿) '時よ止まれ (Toki Yo Tomare)' Official MV,HYBE LABELS,210.0,100.0,False,"[""artist_in_title""]","[""official_channel"", ""official_music_video""]",0.1163087391027004,False,automatic,youtube_search,True
11gZL0HigsqfzjTHOpdFjE,MENTE MÁ,Nakama,2025-05-16,75302,PDqBDTGBwkY,MENTE MÁ - NAKAMA (Official Lyric Video),Nakama,76.0,100.0,False,"[""exact_channel_artist"", ""artist_in_title""]","[""official_lyric_video""]",0.009269342115747257,False,automatic,youtube_search,True
6Yj8kVuVR3UPxx9r5eFEoV,Miniskirt,AOA,2014-01-16,179808,q6f-LLM1H6U,AOA - 짧은 치마 (Miniskirt) M/V,AOA,222.0,100.0,False,"[""exact_channel_artist"", ""artist_in_title""]","[""music_video""]",0.23465029364655632,False,automatic,youtube_search,True
5APxbxUDWyUChpgjJ0YQzE,Dash,PLAVE,2025-02-03,174533,GoS7xYkWiwc,PLAVE 'Dash' M/V (Performance Ver.),PLAVE 플레이브,187,33.299999999999997,False,"[""exact_channel_artist"", ""artist_in_title""]","[""music_video""]",0.071633,False,automatic,user_or_pattern_selected (ambiguous),False
2rKkfc4VZ74FQDc1FF1Zo6,Body to Body,BTS,2026-03-20,189725,RBaSiVjtKR4,Body to Body,BANGTANTV,190.0,100.0,False,"[""artist_in_channel""]","[""official_channel""]",0.001449466332850178,False,automatic,youtube_search,True
7hlEhmg5h9XuFtaGfgvqjF,Love Love Love,Epik High,2007-01-24,231093,qdr0fZbuffY,에픽하이(Epik High) - Love Love Love,STONE MUSIC,231.0,100.0,False,"[""artist_in_title""]","[""official_channel""]",0.00040243538315743013,False,automatic,youtube_search,True
2IFND3phjzIG1RcPnHh2hP,Like Animals,BTS,2026-03-20,189746,iPxnYZVtjiY,BTS (방탄소년단) 'Like Animals' MV,Jimin,192,100,False,"[""artist_in_title""]","[""music_video""]",0.012124,False,automatic,user_or_pattern_selected (ambiguous),False
5tg21NdePCn5m8F9BXOEeJ,Aliens,BTS,2026-03-20,167751,EC9_h_elSAY,Aliens,BANGTANTV,168.0,100.0,False,"[""artist_in_channel""]","[""official_channel""]",0.0014843428653182396,False,automatic,youtube_search,True
0KmrKOdScRDVYwWS8hkkdv,FYA,BTS,2026-03-20,180543,QWDayFgPDjQ,FYA,BANGTANTV,181.0,100.0,False,"[""artist_in_channel""]","[""official_channel""]",0.0025312529425123103,False,automatic,youtube_search,True
3WvM2dIR9iIxMGNMP7WsNw,Landing in Love,HANRORO,2023-08-29,165000,h0KIWaUEIgQ,[MV] 한로로 (HANRORO) - 사랑하게 될 거야 (Landing in Love),한로로 HANRORO,167.0,100.0,False,"[""exact_channel_artist"", ""artist_in_title""]","[""music_video""]",0.012121212121212121,False,automatic,youtube_search,True
4qdBPJta3BVPXCS0wJZ6yO,Let Me Love My Youth,HANRORO,2022-03-14,248407,pNi9PjmbUrI,[MV] 한로로 (HANRORO) - 입춘 (Let Me Love My Youth),한로로 HANRORO,249.0,100.0,False,"[""exact_channel_artist"", ""artist_in_title""]","[""music_video""]",0.0023872113104703168,False,automatic,youtube_search,True
68lbSrXDORS51pmyjZv712,SWIM,BTS,2026-03-20,159007,h-Y97xErGL8,BTS (방탄소년단) 'SWIM' Official Performance Video,HYBE LABELS,172,22.9,False,"[""artist_in_channel"", ""artist_in_title""]","[""official_channel"", ""official_live""]",0.081761,False,automatic,user_or_pattern_selected (ambiguous),True
3VxmXJ4FdtbWI27p3Gx4Wh,Mono,i-dle,2026-01-27,170653,DYgE3SGPEqk,i-dle (아이들) 'Mono (Feat. skaiwater)' Official Music Video,i-dle (아이들),181.0,100.0,False,"[""exact_channel_artist"", ""artist_in_title""]","[""official_music_video""]",0.06063180840653255,False,automatic,youtube_search,True
3bmpXHVie1GTy37OkXJ7Vc,2.0,BTS,2026-03-20,169929,vj3a_4hwn0w,BTS '2.0' Lyrics (방탄소년단 2.0 가사) [Color Coded Han_Rom_Eng] | ShadowByYoongi,ShadowByYoongi,176,50,False,"[""artist_in_title""]","[""lyrics""]",0.035903,False,automatic,user_or_pattern_selected (ambiguous),False
3VegC0PZiHjGxb80DER8XU,Merry Go Round,BTS,2026-03-20,229855,Iy0SpSLW8wo,Merry Go Round,BANGTANTV,230.0,100.0,False,"[""artist_in_channel""]","[""official_channel""]",0.0006308324813469361,False,automatic,youtube_search,True
4B4Q7zfd0aHcuhQBfCRnH5,NORMAL,BTS,2026-03-20,181649,GEk4jHwfFTA,BTS (방탄소년단) ‘NORMAL’ Official MV,HYBE LABELS,207.0,100.0,False,"[""artist_in_channel"", ""artist_in_title""]","[""official_channel"", ""official_music_video""]",0.13956036091583218,False,automatic,youtube_search,True
5xqM1HOndjxfH7NmyD8SVS,Really Like You,BABYMONSTER,2024-11-01,197657,XShaIZs7J7M,BABYMONSTER - ‘Really Like You’ M/V,BABYMONSTER,226.0,100.0,False,"[""exact_channel_artist"", ""artist_in_title""]","[""music_video""]",0.14339487091274278,False,automatic,youtube_search,True
3b4YlIUpzYs3CZ6s9GVmzT,너,SYSTEM SEOUL,2025-05-16,193567,mZ4vjIC3tmw,ycs - 너 (Official Audio),SYSTEM SEOUL,194,33.299999999999997,False,"[""exact_channel_artist""]","[""official_audio""]",0.002066,False,automatic,user_or_pattern_selected (ambiguous),True
3g8mimqqxsAEtkktm1TYEk,"Love over hip hop, money over love",noahjooda,2022-03-13,234374,NOlIxr8ygcI,"Love over hip hop, money over love (feat. Basick)",노아주다,235,100,False,,,0.00256,False,automatic,user_or_pattern_selected (no_confident_match),False
40UVUuyy5RfpO0awclCttA,FAMOUS,ALLDAY PROJECT,2025-06-23,180353,VjvzYjU1mY0,ALLDAY PROJECT - ‘FAMOUS’ M/V,THEBLACKLABEL and ALLDAY PROJECT,189,100,False,"[""artist_in_channel"", ""artist_in_title""]","[""music_video""]",0.047672,False,automatic,user_or_pattern_selected (ambiguous),False
65X2koe1LhDgQmRkNdJFv9,AIZO,King Gnu,2026-01-09,215858,0fxU_XmgvaM,"Jujutsu Kaisen Season 3 - Opening FULL ""AIZO"" by King Gnu (Lyrics)",Jamong,216,14,False,"[""artist_in_title""]","[""lyrics""]",0.000463,False,automatic,user_or_pattern_selected (no_confident_match),False
5u77QBJa2fUREcFTM7PwME,MDLZ (With. PENOMECO),Marv,2026-03-20,207000,AunQMOX8SoY,Marv - 물들이자 (with PENOMECO) [Performance Video],Marv 마브,207,51.9,True,"[""exact_channel_artist"", ""artist_in_title""]",,0.0,False,automatic,user_or_pattern_selected (ambiguous),False
6w9SgpKIzB54R2xHml1UPP,Love Language,Kim Min Seok (MeloMance),2026-01-16,185547,zHRalE_8n1A,KIM MIN SEOK (김민석 (멜로망스)) - Love Language (사랑의 언어) | Can This Love Be Translated? OST MV (ENG),ClsQ,186,100,False,,"[""music_video""]",0.002695,False,automatic,user_or_pattern_selected (ambiguous),False
0dt0DccOIWLtzX45F6uZ1I,MAMA (Feat. UNEDUCATED KID) (Prod. by Lil Moshpit),Lil Moshpit,2026-03-20,234000,3bir8-8s8jA,MAMA (Prod. by Lil Moshpit),Lil Moshpit,234.0,100.0,False,"[""exact_channel_artist"", ""artist_in_title""]",,0.0,False,automatic,youtube_search,True
0XqgE9UN4MCo5ooIwUYm7l,MONTAGEM HIKARI,BellyJay,2026-01-14,89985,YO-6FsfdXbo,BellyJay - MONTAGEM HIKARI,TheGoodVibe,90,100,False,"[""artist_in_title""]",,0.0,False,automatic,user_or_pattern_selected (ambiguous),False
27zrFrtUtWl2urlvjOn5xc,Say Yes,Loco,2016-08-29,218897,t3j1ToIlg0Y,Say Yes,Loco,219.0,100.0,False,"[""exact_channel_artist""]",,0.0004705409393459024,False,automatic,youtube_search,True
0NsmpxrKw7ZWGKjnWVJtm5,Big Girls Don't Cry,ENHYPEN,2026-01-16,118713,01R62JW9X6Y,ENHYPEN (엔하이픈) 'Big Girls Don't Cry' MV,ENHYPEN,125.0,100.0,False,"[""exact_channel_artist"", ""artist_in_title""]","[""music_video""]",0.052959659009544024,False,automatic,youtube_search,True
0VGeaj4sDq9UnwzSxiVgkZ,STAY on FIRE,Sik-K,2026-02-25,183000,849QAMVWkvM,STAY on FIRE (feat. DEAN),Sik K,183.0,100.0,False,"[""exact_channel_artist""]",,0.0,False,automatic,youtube_search,True
0hqngwyh8WnPuYlLYHRQqp,DrunKen Confession,Kim Min Seok (MeloMance),2021-12-19,227960,zFl56wl3uuw,김민석(멜로망스) - 취중고백 [가사/Lyrics],웅키,229,66.7,False,,"[""lyrics""]",0.004386,False,automatic,user_or_pattern_selected (no_confident_match),False
6dOtVTDdiauQNBQEDOtlAB,BIRDS OF A FEATHER,Billie Eilish,2024-05-17,210373,d5gf9dXbPi0,Billie Eilish - BIRDS OF A FEATHER (Official Lyric Video),Billie Eilish,212.0,100.0,False,"[""exact_channel_artist"", ""artist_in_title""]","[""official_lyric_video""]",0.007733882199711941,False,automatic,youtube_search,True
4wJ5Qq0jBN4ajy7ouZIV1c,APT.,ROSÉ,2024-12-06,169917,ekr2nIex040,ROSÉ & Bruno Mars - APT. (Official Music Video),ROSÉ and Bruno Mars,174.0,100.0,False,"[""artist_in_channel"", ""artist_in_title""]","[""official_music_video""]",0.02402937904977136,False,automatic,youtube_search,True
44hqFxUWsADWewEJELnncj,No Doubt,ENHYPEN,2024-11-11,167219,rDolt3jJRsM,ENHYPEN (엔하이픈) 'No Doubt' Official MV,HYBE LABELS,185.0,100.0,False,"[""artist_in_title""]","[""official_channel"", ""official_music_video""]",0.1063336104150844,False,automatic,youtube_search,True
0WA27lZzPKFJKAbiDRmQDc,RUDE!,Hearts2Hearts,2026-02-20,200000,F7sGJVUrkjQ,Hearts2Hearts 하츠투하츠 'RUDE!' MV,SMTOWN and Hearts2Hearts,216.0,100.0,False,"[""artist_in_channel"", ""artist_in_title""]","[""official_channel"", ""music_video""]",0.08,False,automatic,youtube_search,True
5dxiriLgC9mu2FbSNqudld,Paradise of Rumors,AKMU,2026-04-07,218480,D54StAZFUrc,AKMU - 'Paradise of Rumors' M/V,AKMU,218.0,100.0,False,"[""exact_channel_artist"", ""artist_in_title""]","[""music_video""]",0.0021969974368363236,False,automatic,youtube_search,True
3m08yeqLjXsqblRU3KXPAp,"TICK TOCK (Feat. ZICO) (Prod. by ZICO, Crush)",HAON,2026-03-06,230000,HLTQoCRBfxc,"TICK TOCK (Prod. by ZICO, Crush)",HAON - Topic,230.0,100.0,False,"[""exact_channel_artist"", ""artist_in_channel""]","[""topic_channel""]",0.0,False,automatic,youtube_search,True
1D5L58KLBbceOynTP4DQnY,It's Me,ILLIT,2026-04-30,138284,bMhDJ0S0OBA,ILLIT (아일릿) ‘It’s Me’ Official MV,HYBE LABELS and ILLIT,147.0,100.0,False,"[""artist_in_channel"", ""artist_in_title""]","[""official_channel"", ""official_music_video""]",0.06302970697983859,False,automatic,youtube_search,True
3sOAwRg5esaxDcWnUigWPv,0+0,HANRORO,2025-08-04,192000,_Ngk-DCHfD0,[MV] 한로로 (HANRORO) - 0+0,한로로 HANRORO,193.0,100.0,False,"[""exact_channel_artist"", ""artist_in_title""]","[""music_video""]",0.005208333333333333,False,automatic,youtube_search,True
27xkOIER6uDLKALIelHylZ,Don’t Say You Love Me,Jin,2025-05-16,180716,iD_3rMPrggQ,진 (Jin) 'Don't Say You Love Me' Lyric Video,BANGTANTV,179.0,100.0,False,"[""artist_in_channel"", ""artist_in_title""]","[""official_channel"", ""lyric_video""]",0.00949556209743465,False,automatic,youtube_search,True
1Sjs93mMgi9bX06FFU9Mcv,Heavy Serenade,NMIXX,2026-05-11,180000,6Ycn9qZK09I,NMIXX(엔믹스) “Heavy Serenade” M/V,JYP Entertainment and NMIXX,212.0,100.0,False,"[""artist_in_channel"", ""artist_in_title""]","[""official_channel"", ""music_video""]",0.17777777777777778,False,automatic,youtube_search,True
2SMq0lOqCTHayWa9juoI0d,We Are,Woo,2017-09-04,196020,RsHq6Q-7NsU,우원재 (Woo Won Jae) - 시차 (We Are) (Feat. 로꼬 & GRAY) (Official Audio),STONE MUSIC,196.0,100.0,False,"[""artist_in_title""]","[""official_channel"", ""official_audio""]",0.00010203040506070809,False,automatic,youtube_search,True
24rDDbSlFY9OHrlJb48CRh,404 (New Era),KiiiKiii,2026-01-26,179586,3_l-UI4prVY,404 (New Era),KiiiKiii,180.0,100.0,False,"[""exact_channel_artist""]",,0.0023053021950486118,False,automatic,youtube_search,True
6uvw8GFIqdqaJ4Nr3kN8Rs,Come Over,BTS,2026-06-12,178603,Jc7A_1py3Bk,BTS 방탄소년단 'Come Over' Official Audio,JXS_BP Official,179.0,100.0,False,"[""artist_in_title""]","[""official_channel"", ""official_audio""]",0.002222807007721035,False,automatic,youtube_search,True
6QFCMUUq1T2Vf5sFUXcuQ7,Beauty And A Beat,Justin Bieber,2012-01-01,227986,Lf9OgcXV5cE,Justin Bieber - Beauty And A Beat ft. Nicki Minaj (Official Audio) ft. Nicki Minaj,Justin Bieber,229.0,100.0,False,"[""exact_channel_artist"", ""artist_in_title""]","[""official_audio""]",0.004447641521847833,False,automatic,youtube_search,True
41d2WjuL0ikRKVjxmL7ZFz,BOOMPALA,LE SSERAFIM,2026-05-22,176546,V1Lr-_AxeR8,LE SSERAFIM (르세라핌) 'BOOMPALA' OFFICIAL MV,HYBE LABELS and 2 more,209.0,100.0,False,"[""artist_in_title""]","[""official_channel"", ""official_music_video""]",0.1838274444054241,False,automatic,youtube_search,True
0b61A7v9agI08BG21jJPQ9,they don’t know ’bout us,BTS,2026-03-20,164241,Dt2P9jRa7w0,they don't know 'bout us,BANGTANTV,165.0,100.0,False,"[""artist_in_channel""]","[""official_channel""]",0.004621257785814748,False,automatic,youtube_search,True
63JNA2B4qHmoedZCthpo0e,"ON to the next (Prod. by Crush, ZICO)",HAON,2026-03-27,274000,wYERwcjPczc,"ON to the next (Prod. by Crush, ZICO)",HAON - Topic,274.0,100.0,False,"[""exact_channel_artist"", ""artist_in_channel""]","[""topic_channel""]",0.0,False,automatic,youtube_search,True
0FOReGSXypVBP1q3CLEbfN,SSAK (Feat. Loco) (Prod. By GRAY),OXYNOVA,2026-03-06,270304,bjjs-14horc,SSAK (Prod. By GRAY),OXYNOVA,271.0,100.0,False,"[""exact_channel_artist""]",,0.002574878655143838,False,automatic,youtube_search,True
6epn3r7S14KUqlReYr77hA,Baby,Justin Bieber,2010-01-01,214240,kffacxfA7G4,Justin Bieber - Baby ft. Ludacris,Justin Bieber,220.0,100.0,False,"[""exact_channel_artist"", ""artist_in_title""]",,0.0268857356235997,False,automatic,youtube_search,True
2CO0qu8M2UrT2IxRdYbGOg,"R.I.L + King′s gambit (Feat. ZICO, Gaeko, Sik-K, VINXEN) (Prod. by ZICO, Crush)",HAON,2026-04-03,326000,eMouvDpiEVU,"R.I.L + King′s gambit (Prod. by ZICO, Crush)",HAON - Topic,326.0,100.0,False,"[""exact_channel_artist"", ""artist_in_channel""]","[""topic_channel""]",0.0,False,automatic,youtube_search,True
1OO2hWJmimNmsN2glZ9kyM,Blossom Parade,PLAVE,2026-04-13,170000,Ofuw0t7mtQw,PLAVE '꽃송이들의 퍼레이드' Official Audio,PLAVE 플레이브,170,80,True,"[""exact_channel_artist"", ""artist_in_title""]","[""official_audio""]",0.0,False,automatic,user_or_pattern_selected (ambiguous),True
4c9CHyzibRaogeupFGzsFW,L[ ]VE,CHOIJUNSEONG (Jun S),2026-03-17,180000,4L2qXBTWPbU,[MV] CHOIJUNSEONG(최준성) (Jun S) - L[ ]VE(가짜사랑),SUPER SOUND Bugs!,180,100,False,,"[""music_video""]",0.0,False,automatic,user_or_pattern_selected (ambiguous),False
5bB7348yF6DXMmK1WQlBui,Money Checks (Prod. by Hukky Shibaseki),NOWIMYOUNG,2026-03-06,269081,TCPU7L7Qymg,Money Checks (Prod. by Hukky Shibaseki),NOWIMYOUNG(나우아임영),270.0,100.0,False,"[""exact_channel_artist""]",,0.0034153284698659513,False,automatic,youtube_search,True
1XpVhaI4HzWrhRWIpdfyJB,Please,BTS,2026-03-20,172796,3N1k6ir55-Y,Please,BANGTANTV,173.0,100.0,False,"[""artist_in_channel""]","[""official_channel""]",0.0011805828838630523,False,automatic,youtube_search,True
0F6XPZ5gxXC1zaiaDhrV73,ADIOS!,BOYNEXTDOOR,2026-06-08,166842,IlxcMmuk574,BOYNEXTDOOR 'ADIOS!' Lyrics (보이넥스트도어 ADIOS! 가사) [Color Coded Han_Rom_Eng] | ShadowByYoongi,ShadowByYoongi,173,55.6,False,"[""artist_in_title""]","[""lyrics""]",0.03717,False,automatic,user_or_pattern_selected (ambiguous),False
3FZPp9lBUvhsxFxKJi3VkB,GO,BLACKPINK,2026-02-26,195402,k7JitOG5wVo,BLACKPINK - ‘GO’ (Official Audio),BLACKPINK,196.0,100.0,False,"[""exact_channel_artist"", ""artist_in_title""]","[""official_audio""]",0.0030603576217234215,False,automatic,youtube_search,True
4oE7MyJhqSD3BaHRpNs8Nl,JANE DOE,Kenshi Yonezu,2025-09-22,235946,E8N8CAihLT0,"Kenshi Yonezu, Hikaru Utada “JANE DOE” ×  ""Chainsaw Man – The Movie: Reze Arc"" Special Video",Kenshi Yonezu  米津玄師,237,25,True,"[""artist_in_channel"", ""artist_in_title""]",,0.004663,False,automatic,user_or_pattern_selected (ambiguous),False
3KQ3fLAkMYyCWQLCi60zeE,Sunshine Bless You,AKMU,2026-04-07,231160,sAJh3t_meGw,Sunshine Bless You,AKMU,232.0,100.0,False,"[""exact_channel_artist""]",,0.0036338466862779026,False,automatic,youtube_search,True
599L9ptR3PXQq6Dzn9uLP0,Naughty Talk + VANCOUVER FLOW,ksmartboi,2026-04-17,222000,qJzRsQ_6i6k,"Naughty Talk + VANCOUVER FLOW (Feat. GGM Kimbo, Rich Iggy) (Official Lyric Video)",김상민그는감히전설이라고할수있다 and 2 more,222,100,False,,"[""lyric_video""]",0.0,False,automatic,user_or_pattern_selected (ambiguous),False
7GRZqYKsoE1Ls98sr2o8xQ,Lovey Dovey (Solo Ver.),BIG Naughty,2026-05-25,218000,OwOIKHkUUUI,Lovey Dovey (Solo Ver.),BIG Naughty (서동현),218.0,100.0,False,"[""exact_channel_artist""]",,0.0,False,automatic,youtube_search,True
0yamqkAFAmpdLNVcmJLSo8,Never Ending Story,BOOHWAL,2002-09-01,253933,VWqcR2cSBnk,부활 - Never Ending Story [가사/Lyrics],웅키,254,100,False,,"[""lyrics""]",0.000394,False,automatic,user_or_pattern_selected (ambiguous),False
0RiRZpuVRbi7oqRdSMwhQY,Sunflower - Spider-Man: Into the Spider-Verse,Post Malone,2019-09-06,157560,ApXoWvfEYVU,"Post Malone, Swae Lee - Sunflower (Spider-Man: Into the Spider-Verse)",Post Malone,162.0,100.0,False,"[""exact_channel_artist"", ""artist_in_title""]",,0.02817974105102818,False,automatic,youtube_search,True
6vjt2smGK75oc9r2OGFfgp,LEMONADE,aespa,2026-05-29,187000,83C3TZ4Zm_o,aespa 에스파 'LEMONADE' MV,SMTOWN and aespa,192.0,100.0,False,"[""artist_in_channel"", ""artist_in_title""]","[""official_channel"", ""music_video""]",0.026737967914438502,False,automatic,youtube_search,True
55UDXtbNJBAdTdUdbRu8T3,BAD,ATEEZ,2026-06-26,156034,xmkIT3bS1u8,ATEEZ - BAD | ATINY'S VOYAGE: TINY MYSTERY,ateezpunch,157,17.600000000000001,False,"[""artist_in_channel"", ""artist_in_title""]",,0.00641,False,automatic,user_or_pattern_selected (ambiguous),False
0USn5f2VZGbHjHkbjcijzU,Pop Off Pop Off,KiiiKiii,2026-08-10,141285,e1IH2q8QNLM,Pop Off Pop Off,KiiiKiii,142.0,100.0,False,"[""exact_channel_artist""]",,0.005060692925646743,False,automatic,youtube_search,True
0cbgFMxCXMzs80R2vxwApT,Dear my crazy soulmate,IU,2026-09-10,156000,I29POr6gxaU,(LYRICS) IU (아이유) - Dear My Crazy Soulmate Lyrics | English - Korean (한글) - Indonesian Translate,Hello Rona Channel,157,55,False,"[""artist_in_title""]","[""lyrics""]",0.00641,False,automatic,user_or_pattern_selected (ambiguous),False
776vLcNy6mHNmPisdejR0I,Nostalgia,BIG Naughty,2026-08-31,195000,EIc13cn7tWo,Nostalgia,BIG Naughty (서동현),195.0,100.0,False,"[""exact_channel_artist""]",,0.0,False,automatic,youtube_search,True
6uosenLUNFZtOIih5T0qfV,LOVE ATTACK,RESCENE,2024-08-27,181560,9XttLI0oH0I,RESCENE (리센느) ‘LOVE ATTACK’ Official MV,RESCENE,198.0,100.0,False,"[""exact_channel_artist"", ""artist_in_title""]","[""official_music_video""]",0.09054857898215465,False,automatic,youtube_search,True
02KRPJcx4TJFLCXt9qwEUE,Unknown Planet,IU,2026-09-10,225000,uTxsfhBnTyw,IU (아이유) 'Unknown Planet' (Color Coded Lyrics),Jaeguchi,225,100,False,"[""artist_in_title""]","[""lyrics""]",0.0,False,automatic,user_or_pattern_selected (ambiguous),False
6BAnU4WVN9ArEfSi01JwhQ,I’m gonna TOESA,SOYEON,2026-09-07,211574,NTBaHHbyWC0,[MV] SOYEON - I'm gonna TOESA（日本語字幕）,ONCE 0724B,212,100,False,"[""artist_in_title""]","[""music_video""]",0.00189,False,automatic,user_or_pattern_selected (ambiguous),False
3caqaSvtldUKLY5Fd5msk2,Surfin' Boy,Red Velvet,2026-08-03,168466,NZP153MUpHY,Red Velvet 레드벨벳 'Surfin' Boy' MV,SMTOWN and Red Velvet,173.0,100.0,False,"[""artist_in_channel"", ""artist_in_title""]","[""official_channel"", ""music_video""]",0.026913442475039472,False,automatic,youtube_search,True
1ET5lou3teBMA3a5cYeYzN,Baby Flower,tripleS,2026-06-01,188000,6q8UMVXhXsE,tripleS 'Baby Flower' Official MV,tripleS official and Full HAUS,191.0,100.0,False,"[""artist_in_channel"", ""artist_in_title""]","[""official_channel"", ""official_music_video""]",0.015957446808510637,False,automatic,youtube_search,True
0KgetoSLg8qfJWIwoAQxBf,Bansanka,TAEYEON,2026-06-29,219000,VVO05mYGFY8,[MV] 태연 (TAEYEON)_ 만찬가 (晩餐歌 / BANSANKA) : J-POP REMAKE Vol.1,1theK (원더케이) and 동네친구 강나미 [Kangnami],222,80,False,"[""artist_in_title""]","[""official_channel"", ""music_video""]",0.013699,False,automatic,user_or_pattern_selected (ambiguous),True
70RQYCjVacuJgeYAmU2sXd,Vitamin ME,fromis_9,2026-07-21,190000,sLk8zWUuYTA,fromis_9 (프로미스나인) 'Vitamin ME' MV,fromis_9,213.0,100.0,False,"[""exact_channel_artist"", ""artist_in_title""]","[""music_video""]",0.12105263157894737,False,automatic,youtube_search,True
75MJ2d8AmBWgf2yeZACwpa,Guitarist,D.O.,2026-09-08,163000,V3b1JrAl_1Q,도경수(D.O.) l 'Guitarist' MV,도경수(DOH KYUNG SOO),164,100,False,"[""artist_in_title""]","[""music_video""]",0.006135,False,automatic,user_or_pattern_selected (ambiguous),False
4iZIvaus7v4wSjFvdF83NA,FLYING HIGH WITH U,VINXEN,2021-03-09,207186,rGwK6uNIEEk,[MV] 빈첸(VINXEN) _ FLYING HIGH WITH U,1theK (원더케이),216.0,100.0,False,"[""artist_in_title""]","[""official_channel"", ""music_video""]",0.04254148446323593,False,automatic,youtube_search,True
6g02YqJTLBjqJ7sGvW1wDB,Brainwash,HEEDAE,2026-07-18,154245,VNLUaTxDs_4,Brainwash,HEEDAE - Topic,155.0,100.0,False,"[""exact_channel_artist"", ""artist_in_channel""]","[""topic_channel""]",0.004894810204544717,False,automatic,youtube_search,True
1OLAjffdDJibTrUGAwApVk,ICONIC HEART,Hearts2Hearts,2026-08-09,189000,chl0R8C4NJ8,Hearts2Hearts 하츠투하츠 'ICONIC HEART' MV,SMTOWN and Hearts2Hearts,233.0,100.0,False,"[""artist_in_channel"", ""artist_in_title""]","[""official_channel"", ""music_video""]",0.2328042328042328,False,automatic,youtube_search,True
2L1dsjU3R3U4SX27qIiPrq,Skibidi,Girls' Generation-HRS,2026-08-31,166000,E0iZOkj7Fgk,Girls' Generation-HRS 소녀시대-효리수 'Skibidi' Official Audio,JXS_BP Official,167.0,100.0,False,"[""artist_in_title""]","[""official_channel"", ""official_audio""]",0.006024096385542169,False,automatic,youtube_search,True
1my8zFESgULmuj3D2tzK1R,Candy Pink Magic Hole Flip Phone,KiiiKiii,2026-08-10,166149,Ta42YSMVePU,Candy Pink Magic Hole Flip Phone (나 어떡해),KiiiKiii,167.0,100.0,False,"[""exact_channel_artist""]",,0.005121908648261501,False,automatic,youtube_search,True
55pCe0UgAeaeWKKSQqdiWh,My whole world,"Car, the garden",2021-01-28,205826,ZurHW2kBqrw,"[Official Audio] 카더가든 (Car, the garden) - 그대 작은 나의 세상이 되어","카더가든 (Car, the garden)",207.0,100.0,False,"[""exact_channel_artist"", ""artist_in_title""]","[""official_audio""]",0.005703846938676357,False,automatic,youtube_search,True
3CQw6HqsBu12wUj89vUQ5M,TIME CAPSULE,DAVICHI,2025-10-16,252000,qE35JN1ogeI,다비치 (DAVICHI) '타임캡슐' Official Music Video,DAVICHI,263.0,100.0,False,"[""exact_channel_artist"", ""artist_in_title""]","[""official_music_video""]",0.04365079365079365,False,automatic,youtube_search,True
2cCC4S226r1tws0d2vDDdO,사랑은 봄비처럼...이별은 겨울비처럼,Lim Hyun Jung,2003-03-25,280790,EW80513-7A0,사랑은 봄비처럼... 이별은 겨울비처럼…,임현정 - Topic,282.0,100.0,False,,"[""topic_channel""]",0.004309270273157876,False,automatic,youtube_search,True
3hBAYbAECEix9raaTq8S3H,ヒロイン,back number,2015-12-09,269786,VPZK72W4Xxw,back number - ヒロイン (full),back number,274.0,100.0,False,"[""exact_channel_artist"", ""artist_in_title""]",,0.015619787535305761,False,automatic,youtube_search,True
7ijWcf4FsoxoyPK4B9WGp6,LAST DANCE,BIGBANG,2016-12-13,279655,--zku6TB5NY,BIGBANG - ‘LAST DANCE’ M/V,BIGBANG,297.0,100.0,False,"[""exact_channel_artist"", ""artist_in_title""]","[""music_video""]",0.06202284958252132,False,automatic,youtube_search,True
1BxfuPKGuaTgP7aM0Bbdwr,Cruel Summer,Taylor Swift,2019-08-23,178426,ic8j13piAhQ,Taylor Swift - Cruel Summer (Official Audio),Taylor Swift,180.0,100.0,False,"[""exact_channel_artist"", ""artist_in_title""]","[""official_audio""]",0.008821584298252496,False,automatic,youtube_search,True
3TPPESvMtVS5zt7FAX2M9n,SWEET SOUR,KiiiKiii,2026-08-10,177396,oM1s0HSJZ34,SWEET SOUR,KiiiKiii,178.0,100.0,False,"[""exact_channel_artist""]",,0.0034048118334122526,False,automatic,youtube_search,True
42lqBjPYlmL1EXpMDXvhSN,Somebody’s Problem,Morgan Wallen,2021-01-08,161773,961Gk3mD9Zc,Morgan Wallen - Somebody’s Problem (Official Lyric Video),Morgan Wallen,162.0,100.0,False,"[""exact_channel_artist"", ""artist_in_title""]","[""official_lyric_video""]",0.0014032007813417568,False,automatic,youtube_search,True
3cBsEDNhFI9E82vPj3kvi3,Wasted On You,Morgan Wallen,2021-01-08,178520,OqaznqwGkrs,Morgan Wallen - Wasted On You (Official Lyric Video),Morgan Wallen,173.0,100.0,False,"[""exact_channel_artist"", ""artist_in_title""]","[""official_lyric_video""]",0.03092090522070356,False,automatic,youtube_search,True
65OVbaJR5O1RmwOQx0875b,Wants and Needs,Drake,2021-03-05,192956,U6k5dIhB6AM,Wants and Needs,Drake,193.0,100.0,False,"[""exact_channel_artist""]",,0.0002280312610128734,False,automatic,youtube_search,True
1M4OcYkxAtu3ErzSgDEfoi,Up,Cardi B,2021-02-04,156946,N2LPTvuIQ5U,Cardi B - Up [Official Audio],Cardi B,158.0,100.0,False,"[""exact_channel_artist"", ""artist_in_title""]","[""official_audio""]",0.006715685649841346,False,automatic,youtube_search,True
7FGdjbZ32vMybPuP0IuE7d,Back In Blood,Pooh Shiesty,2021-02-05,184489,RnGLMCOFjFQ,Pooh Shiesty - Back In Blood (feat. Lil Durk) [Official Audio],Pooh Shiesty,185.0,100.0,False,"[""exact_channel_artist"", ""artist_in_title""]","[""official_audio""]",0.0027698128343695287,False,automatic,youtube_search,True
43CIWpJaJHRcI4mUSjqgc2,Bad Boy,Juice WRLD,2021-01-15,157355,sP9t8WGDwfg,Juice WRLD ft. Young Thug - Bad Boy (Official Audio),Juice WRLD,158.0,100.0,False,"[""exact_channel_artist"", ""artist_in_title""]","[""official_audio""]",0.004099011788630803,False,automatic,youtube_search,True
4MzXwWMhyBbmu6hOcLVD49,DÁKITI,Bad Bunny,2020-11-27,205090,rSPnrtPpnbk,"Bad Bunny, Jhay Cortez - DÁKITI (Audio)",Luis Fernando Flores,211,100,False,"[""artist_in_title""]",,0.028766,False,automatic,user_or_pattern_selected (ambiguous),False
2QjOHCTQ1Jl3zawyYOpxh6,Sweater Weather,The Neighbourhood,2013-04-22,240400,GCdwKhTtNNw,The Neighbourhood - Sweater Weather (Official Video),The Neighbourhood,253.0,100.0,False,"[""exact_channel_artist"", ""artist_in_title""]","[""official_video""]",0.0524126455906822,False,automatic,youtube_search,True
1tkg4EHVoqnhR6iFEXb60y,What You Know Bout Love,Pop Smoke,2020-07-03,160000,uuodbSVO3z0,POP SMOKE - WHAT YOU KNOW BOUT LOVE (Official Video),POP SMOKE,169.0,100.0,False,"[""exact_channel_artist"", ""artist_in_title""]","[""official_video""]",0.05625,False,automatic,youtube_search,True
4obHzpwGrjoTuZh2DItEMZ,7 Summers,Morgan Wallen,2021-01-08,210506,Db_mZ_2gtLg,Morgan Wallen - 7 Summers (Lyric Video),Morgan Wallen,211.0,100.0,False,"[""exact_channel_artist"", ""artist_in_title""]","[""lyric_video""]",0.0023467264591033035,False,automatic,youtube_search,True
3FAJ6O0NOHQV8Mc5Ri6ENp,Heartbreak Anniversary,GIVĒON,2020-03-27,198371,nja_0BaQcNg,GIVĒON - Heartbreak Anniversary (Official Audio),GIVĒON,199.0,100.0,False,"[""exact_channel_artist"", ""artist_in_title""]","[""official_audio""]",0.0031708263808722043,False,automatic,youtube_search,True
0A1hoCfMLkiAgvhWkkucJa,Body,Megan Thee Stallion,2020-11-20,171067,7PBYGu4Az8s,Megan Thee Stallion - Body [Official Video],Megan Thee Stallion,174.0,100.0,False,"[""exact_channel_artist"", ""artist_in_title""]","[""official_video""]",0.01714532902313129,False,automatic,youtube_search,True
3Uo7WG0vmLQ07WB4BDwy7D,willow,Taylor Swift,2020-12-10,214706,7EvwIw4gIyk,Taylor Swift - willow (Official Lyric Video),Taylor Swift,221.0,100.0,False,"[""exact_channel_artist"", ""artist_in_title""]","[""official_lyric_video""]",0.029314504485203022,False,automatic,youtube_search,True
0uRrG2jRR5tuifsYIJHEao,Sand In My Boots,Morgan Wallen,2021-01-08,202133,7pnlOJl1m78,Morgan Wallen - Sand In My Boots (Official Lyric Video),Morgan Wallen,200.0,100.0,False,"[""exact_channel_artist"", ""artist_in_title""]","[""official_lyric_video""]",0.010552458035056127,False,automatic,youtube_search,True
0PvFJmanyNQMseIFrU708S,For The Night,Pop Smoke,2020-07-03,190476,Q9pjm4cNsfc,"Pop Smoke - For The Night (Visualizer) (Official) ft. Lil Baby, DaBaby",POP SMOKE,192.0,100.0,False,"[""exact_channel_artist"", ""artist_in_title""]","[""visualizer""]",0.008001008001008001,False,automatic,youtube_search,True
5uEYRdEIh9Bo4fpjDd4Na9,Goosebumps - Remix,Travis Scott,2021-01-15,162802,XULMZ907ios,"Travis Scott, HVME - Goosebumps (Remix - Official Audio)",Travis Scott,165.0,100.0,False,"[""exact_channel_artist"", ""artist_in_title""]","[""official_audio""]",0.013501062640508103,False,automatic,youtube_search,True
6toQdWWc4noiOk3Eo5mVDS,Beat Box 3,SpotemGottem,2021-02-26,200424,3Oh6MehLLaw,SPOTEMGOTTEM ft. DaBaby - Beat Box 3 (Official Audio),SPOTEM GOTTEM,201.0,100.0,False,"[""exact_channel_artist"", ""artist_in_title""]","[""official_audio""]",0.002873907316489043,False,automatic,youtube_search,True
01FvQEvHETjWqcDpQDJdTb,Your Bartender,Morgan Wallen,2021-01-08,185093,ytvUarkM6rw,Morgan Wallen - Your Bartender (Official Lyric Video),Morgan Wallen,186.0,100.0,False,"[""exact_channel_artist"", ""artist_in_title""]","[""official_lyric_video""]",0.004900239339143025,False,automatic,youtube_search,True
6u3CPnFMKANYgfdiifFOiJ,Gravity,Brent Faiyaz,2021-01-29,214692,3MtoSSfnhMc,"Brent Faiyaz - GRAVITY FEAT. TYLER, THE CREATOR [Official Audio]",Brent Faiyaz,215.0,100.0,False,"[""exact_channel_artist"", ""artist_in_title""]","[""official_audio""]",0.0014346133065042013,False,automatic,youtube_search,True
0oaY19dUwZimIgzn3ZZLZO,2 Much,Justin Bieber,2021-03-19,152796,JKPp3Kshb7c,Justin Bieber - 2 Much (Visualizer),Justin Bieber,153.0,100.0,False,"[""exact_channel_artist"", ""artist_in_title""]","[""visualizer""]",0.0013351134846461949,False,automatic,youtube_search,True
5UMMPHPp6vRP6ghPpSUOzp,CLOUDS,NF,2021-02-18,243750,pvTcdKo5ejQ,NF - Clouds (Lyrics),Unique Sound,244,100,False,"[""artist_in_title""]","[""lyrics""]",0.00082,False,automatic,user_or_pattern_selected (ambiguous),False
2MbdDtCv5LUVjYy9RuGTgC,WHATS POPPIN,Jack Harlow,2020-06-24,227478,HIwAI05Y1fU,"Jack Harlow - WHATS POPPIN feat. Dababy, Tory Lanez, & Lil Wayne [Official Video]",Jack Harlow,228.0,100.0,False,"[""exact_channel_artist"", ""artist_in_title""]","[""official_video""]",0.0022947274022103235,False,automatic,youtube_search,True
21jGcNKet2qwijlDFuPiPb,Circles,Post Malone,2019-09-06,215280,wXhTHyIgQ_U,Post Malone - Circles,Post Malone,227.0,100.0,False,"[""exact_channel_artist"", ""artist_in_title""]",,0.05444072835377183,False,automatic,youtube_search,True
30KctD1WsHKTIYczXjip5a,Tequila Shots,Kid Cudi,2020-12-11,193293,lZcRSy0sk5w,Kid Cudi - Tequila Shots (Official Visualizer),Kid Cudi,195.0,100.0,False,"[""exact_channel_artist"", ""artist_in_title""]","[""visualizer""]",0.00883115270599556,False,automatic,youtube_search,True
7eX3um6NpOQKWJMGCi97XD,Real As It Gets,Lil Baby,2021-03-04,192804,N4KOrbFl-Co,Real As It Gets,Lil Baby Official ,193.0,100.0,False,"[""exact_channel_artist""]","[""official_channel""]",0.0010165764195763573,False,automatic,youtube_search,True
3wkKkFAtYSTRwqOydW6T0I,Please Don't Go,Mike Posner,2010-01-01,196813,HpixdTlYlKU,Mike Posner - Please Don't Go (Official Video),Mike Posner,196.0,100.0,False,"[""exact_channel_artist"", ""artist_in_title""]","[""official_video""]",0.00413082469145839,False,automatic,youtube_search,True
0WSa1sucoNRcEeULlZVQXj,Can You Feel My Heart,Bring Me The Horizon,2013-04-01,227296,QJJYpsA5tv8,Bring Me The Horizon - Can You Feel My Heart,Bring Me The Horizon,229.0,100.0,False,"[""exact_channel_artist"", ""artist_in_title""]",,0.007496832324369984,False,automatic,youtube_search,True
7E2C5rBLpCKwQlhJPVFBRS,You’re Mines Still,Yung Bleu,2020-10-15,226220,_bptrMV3zHE,Yung Bleu - You're Mines Still (feat. Drake) [Official Video],Yung Bleu,258.0,100.0,False,"[""exact_channel_artist"", ""artist_in_title""]","[""official_video""]",0.14048271594023518,False,automatic,youtube_search,True
4R2kfaDFhslZEMJqAFNpdd,cardigan,Taylor Swift,2020-07-24,239560,zLSUp53y-HQ,Taylor Swift - cardigan (Official Lyric Video),Taylor Swift,241.0,100.0,False,"[""exact_channel_artist"", ""artist_in_title""]","[""official_lyric_video""]",0.006011020203706796,False,automatic,youtube_search,True
0AUvWawuP0ibk4SQ3sIZjk,Daisy,Ashnikko,2020-07-09,146523,viOphn9jZtA,Ashnikko - Daisy (Official Audio),Ashnikko,146.0,100.0,False,"[""exact_channel_artist"", ""artist_in_title""]","[""official_audio""]",0.0035694054858281636,False,automatic,youtube_search,True
6Gg1gjgKi2AK4e0qzsR7sd,Bandit,Juice WRLD,2019-10-04,189322,Sw5fNI400E4,Juice WRLD - Bandit ft. NBA Youngboy (Official Music Video),Lyrical Lemonade,191,100,False,"[""artist_in_title""]","[""music_video""]",0.00898,False,automatic,user_or_pattern_selected (ambiguous),False
0GzuHFG4Ql6DoyxFRnIk3F,Hawái - Remix,Maluma,2020-11-05,200027,91vECNhvmMY,"Maluma, The Weeknd - Hawái (Remix - Official Video)",Maluma,224.0,100.0,False,"[""exact_channel_artist"", ""artist_in_title""]","[""official_video""]",0.11984882040924476,False,automatic,youtube_search,True
7eBqSVxrzQZtK2mmgRG6lC,Murder On My Mind,YNW Melly,2018-08-03,268434,hqDinxaPUK4,YNW Melly - Murder On My Mind [Official Video],YNW Melly,297.0,100.0,False,"[""exact_channel_artist"", ""artist_in_title""]","[""official_video""]",0.10641721987527661,False,automatic,youtube_search,True
3nS9a01VvXHQriLqJYwRqG,DOLLAZ ON MY HEAD,Gunna,2020-05-22,197760,lxZllACzsrU,Gunna - DOLLAZ ON MY HEAD (feat. Young Thug) [Official Audio],Gunna,198.0,100.0,False,"[""exact_channel_artist"", ""artist_in_title""]","[""official_audio""]",0.0012135922330097086,False,automatic,youtube_search,True
7dH9TPjTWQ60wOJkmYay8a,Blastoff,Internet Money,2020-08-28,174729,MxqzJnK92Gs,Blastoff (feat. Juice WRLD),Internet Money - Topic,175.0,100.0,False,"[""exact_channel_artist"", ""artist_in_channel""]","[""topic_channel""]",0.0015509732213885503,False,automatic,youtube_search,True
2JPLbjOn0wPCngEot2STUS,Yonaguni,Bad Bunny,2021-06-04,206710,doLMt10ytHY,Bad Bunny - Yonaguni  (Official Video),Bad Bunny,211.0,100.0,False,"[""exact_channel_artist"", ""artist_in_title""]","[""official_video""]",0.020753712931159594,False,automatic,youtube_search,True
2TOzTqQXNmR2zDJXihjZ2e,enough for you,Olivia Rodrigo,2021-05-21,202826,AqRXiQkyxvI,Olivia Rodrigo - enough for you (Lyric Video),Olivia Rodrigo,204.0,100.0,False,"[""exact_channel_artist"", ""artist_in_title""]","[""lyric_video""]",0.005788212556575587,False,automatic,youtube_search,True
4wcBRRpIfesgcyUtis7PEg,"1 step forward, 3 steps back",Olivia Rodrigo,2021-05-21,163586,w-HfMiue7-k,"Olivia Rodrigo - 1 step forward, 3 steps back (Lyric Video)",Olivia Rodrigo,165.0,100.0,False,"[""exact_channel_artist"", ""artist_in_title""]","[""lyric_video""]",0.008643771471886347,False,automatic,youtube_search,True
5R691ipUYRDYW6ehapjoj6,9 5 . s o u t h,J. Cole,2021-05-14,196946,g3mVwt0B6G4,J. Cole - 9 5 . s o u t h (Official Audio),J. Cole,197.0,100.0,False,"[""exact_channel_artist"", ""artist_in_title""]","[""official_audio""]",0.0002741868329389782,False,automatic,youtube_search,True
08LwMWf5Tcfsd752EPzFV0,i n t e r l u d e,J. Cole,2021-05-14,133021,XK60CAyxqfE,J. Cole - i n t e r l u d e (Official Audio),J. Cole,132.0,100.0,False,"[""exact_channel_artist"", ""artist_in_title""]","[""official_audio""]",0.007675479811458341,False,automatic,youtube_search,True
77sMIMlNaSURUAXq5coCxE,Fearless (Taylor’s Version),Taylor Swift,2021-04-09,241591,7lLigiVgJsE,Taylor Swift - Fearless (Taylor's Version) (Lyric Video),Taylor Swift,245.0,100.0,False,"[""exact_channel_artist"", ""artist_in_title""]","[""lyric_video""]",0.014110624981890882,False,automatic,youtube_search,True
4eNOLmx8r2IJAVKvBBL1jv,Headshot,Lil Tjay,2021-04-02,144349,aT_nFiTkxy8,Lil Tjay - Headshot (feat. Polo G & Fivio Foreign) (Official Audio),Lil Tjay,145.0,100.0,False,"[""exact_channel_artist"", ""artist_in_title""]","[""official_audio""]",0.004509903082113489,False,automatic,youtube_search,True
3YJJjQPAbDT7mGpX3WtQ9A,Good Days,SZA,2020-12-25,279203,0BdlKkvjEgA,SZA - Good Days (Audio),SZA,281.0,100.0,False,"[""exact_channel_artist"", ""artist_in_title""]",,0.006436177261705641,False,automatic,youtube_search,True
5zNW5ARjYhJQJz1AChP33n,Thot Shit,Megan Thee Stallion,2021-06-11,184634,K4KlIFJxlNU,Megan Thee Stallion - Thot Shit [Official Audio],Megan Thee Stallion,185,100,False,"[""exact_channel_artist"", ""artist_in_title""]","[""official_audio""]",0.002167,False,automatic,user_or_pattern_selected (no_confident_match),True
2etHQJxIbV0soyPhelVs9Y,Best Friend,Saweetie,2021-01-07,155883,5cIlW_bPDJw,Saweetie feat. Doja Cat - Best Friend | Lyrics,Dark City Sounds,156,100,False,"[""artist_in_title""]","[""lyrics""]",0.000641,False,automatic,user_or_pattern_selected (ambiguous),False
2xdwCJLfKCkat14mlgR26M,Lost Cause,Billie Eilish,2021-06-02,212496,OybFOQyFd4o,Billie Eilish - Lost Cause (Official Lyric Video),Billie Eilish,213.0,100.0,False,"[""exact_channel_artist"", ""artist_in_title""]","[""official_lyric_video""]",0.0023718093517054437,False,automatic,youtube_search,True
5pcjystBtalYeqaiXCcgEY,You All Over Me,Taylor Swift,2021-03-26,220839,XKaMUm7YwZc,Taylor Swift ft. Maren Morris - You All Over Me (From The Vault) (Official Lyric Video),Taylor Swift,223.0,100.0,False,"[""exact_channel_artist"", ""artist_in_title""]","[""official_lyric_video""]",0.009785409280063757,False,automatic,youtube_search,True
0cu0rhnlCnJ7JIeHRiLpj3,Ball If I Want To,DaBaby,2021-06-18,112546,yizGboceUvY,Ball If I Want To,DaBaby,113.0,100.0,False,"[""exact_channel_artist""]",,0.00403390613615766,False,automatic,youtube_search,True
35mvY5S1H3J2QZyna3TFe0,positions,Ariana Grande,2020-10-30,172324,tcYodQoapMg,Ariana Grande - positions (official video),Ariana Grande,178.0,100.0,False,"[""exact_channel_artist"", ""artist_in_title""]","[""official_video""]",0.032937954086488246,False,automatic,youtube_search,True
1EJIcDYXwSqipW5dFe4uJz,EVERY CHANCE I GET,DJ Khaled,2021-04-30,236524,EiorfqhiJAY,"DJ Khaled - EVERY CHANCE I GET (Official Audio) ft. Lil Baby, Lil Durk",DJ Khaled,239.0,100.0,False,"[""exact_channel_artist"", ""artist_in_title""]","[""official_audio""]",0.010468282288478126,False,automatic,youtube_search,True
03ERnTvSV5fy8WAyvA4uNP,Big Gangsta,Kevin Gates,2021-03-26,243462,B4lvu3kN9WY,Kevin Gates - big gangsta (official music vidoe),Kevin Gates,244.0,100.0,False,"[""exact_channel_artist"", ""artist_in_title""]",,0.002209790439575786,False,automatic,youtube_search,True
4TIqzdAssasqx3DAe6cG9J,Ramen & OJ,Joyner Lucas,2021-04-30,218447,eFEjDCMNqYs,Joyner Lucas & Lil Baby - Ramen & OJ,Joyner Lucas,219.0,100.0,False,"[""exact_channel_artist"", ""artist_in_title""]",,0.0025315064981437144,False,automatic,youtube_search,True
4qu63nuBpdn0qHUHuObEj1,Leave Before You Love Me,Marshmello,2021-05-21,154983,hmUyEDG7Jy0,Marshmello x Jonas Brothers - Leave Before You Love Me (Official Music Video),Marshmello,165.0,100.0,False,"[""exact_channel_artist"", ""artist_in_title""]","[""official_music_video""]",0.06463289522076615,False,automatic,youtube_search,True
6vFsBXYczYsP0H3lgunZOm,Cloud 9,Beach Bunny,2020-02-14,147350,FzE3rmm-yO0,Beach Bunny - Cloud 9 (feat. Tegan and Sara) [Official Lyric Video],Beach Bunny,155.0,100.0,False,"[""exact_channel_artist"", ""artist_in_title""]","[""official_lyric_video""]",0.05191720393620631,False,automatic,youtube_search,True
5pRTz4O2qOkr5nawemy6Wb,Tombstone,Rod Wave,2021-03-26,160078,wo9AlOrQ3iE,Rod Wave - Tombstone (Official Video),RodWave,174.0,100.0,False,"[""exact_channel_artist"", ""artist_in_title""]","[""official_video""]",0.08697010207523832,False,automatic,youtube_search,True
550erGcdD9n6PnwxrvYqZT,Hey Stephen (Taylor’s Version),Taylor Swift,2021-04-09,254254,tMhiHrL7rPE,Taylor Swift - Hey Stephen (Taylor's Version) (Lyric Video),Taylor Swift,257.0,100.0,False,"[""exact_channel_artist"", ""artist_in_title""]","[""lyric_video""]",0.010800223398648596,False,automatic,youtube_search,True
2Ox2c1WEJDeQCHTXPE3YKM,Shottas (Lala),Moneybagg Yo,2021-04-23,122728,5U3WqcrLgVY,Moneybagg Yo - Shottas (Lala) (Official Audio),MoneyBagg Yo,124.0,100.0,False,"[""exact_channel_artist"", ""artist_in_title""]","[""official_audio""]",0.010364383025878365,False,automatic,youtube_search,True
1yOL7ZiXGx5ULeLoktAUAg,Bubblegum Bitch,MARINA,2012-04-27,154666,n3M4GrEEQTI,Marina and The Diamonds - Bubblegum Bitch [Official Audio],Music Lover,155,100,False,"[""artist_in_title""]","[""lyrics""]",0.001939,False,automatic,user_or_pattern_selected (ambiguous),False
6vQnpXl0KvwTfLpIhoOLHc,Boom,Polo G,2021-06-11,126625,-vnStM-iV7M,Polo G - Boom (Official Audio),Polo G,129.0,100.0,False,"[""exact_channel_artist"", ""artist_in_title""]","[""official_audio""]",0.018756169792694965,False,automatic,youtube_search,True
0hxRyDVC61KlZGS6m2Min4,3 O'Clock Things,AJR,2021-03-26,228376,4OgyPJmTtuo,AJR - 3 O’Clock Things (Official Audio),AJR,229.0,100.0,False,"[""exact_channel_artist"", ""artist_in_title""]","[""official_audio""]",0.002732336147406032,False,automatic,youtube_search,True
6AGOKlMZWLCaEJGnaROtF9,Put Your Records On,Ritt Momney,2020-04-24,210463,qmZ0mV-rHTw,Ritt Momney - Put Your Records On (Official Audio),Ritt Momney,211.0,100.0,False,"[""exact_channel_artist"", ""artist_in_title""]","[""official_audio""]",0.0025515173688486813,False,automatic,youtube_search,True
0I1eFRytp4XRhLCjT6tZm7,I Can't Handle Change,Roar,2010-03-14,198213,f1V0cQFyC7E,Roar - I Can’t Handle Change,MarsMusic,199,100,False,"[""artist_in_title""]",,0.004036,False,automatic,user_or_pattern_selected (ambiguous),False
2NnJpRXIlx35Vij3bPZO0h,DAYWALKER!,mgk,2021-03-12,137746,AGJMkMCL4h4,DAYWALKER!,mgk,138.0,100.0,False,"[""exact_channel_artist""]",,0.0018439736907060822,False,automatic,youtube_search,True
3krZxyBsWEHfEfJegYaWTd,Come Through,H.E.R.,2021-04-23,214093,0T3fZiE7Feg,H.E.R. - Come Through (Visualizer) ft. Chris Brown,H.E.R.,215.0,100.0,False,"[""exact_channel_artist"", ""artist_in_title""]","[""visualizer""]",0.004236476671353104,False,automatic,youtube_search,True
1edgaGx2x2AQeWtL2OPEMW,Never Take It,Twenty One Pilots,2021-05-21,212706,h3qm1wwkZ48,Twenty One Pilots - Never Take It (Lyric Video),twenty one pilots,213.0,100.0,False,"[""exact_channel_artist"", ""artist_in_title""]","[""lyric_video""]",0.0013821895010013821,False,automatic,youtube_search,True
2eAZfqOm4EnOF9VvN50Tyc,The Way Life Goes,Lil Uzi Vert,2017-08-25,221746,Vi2XaiKhgiU,Lil Uzi Vert - The Way Life Goes [Official Visualizer],LIL UZI VERT,222.0,100.0,False,"[""exact_channel_artist"", ""artist_in_title""]","[""visualizer""]",0.001145454709442335,False,automatic,youtube_search,True
6jy9yJfgCsMHdu2Oz4BGKX,Papi’s Home,Drake,2021-09-03,178623,RJDZBozre1g,Drake - Papi’s Home (Audio),Drake,179.0,100.0,False,"[""exact_channel_artist"", ""artist_in_title""]",,0.002110590461474726,False,automatic,youtube_search,True
5B0kgjHULYJhAQkK5XsMoC,WUSYANAME,"Tyler, The Creator",2021-06-25,121572,NJea386275c,"Tyler, The Creator - WUSYANAME (Official Video)","Tyler, The Creator",121.0,100.0,False,"[""exact_channel_artist"", ""artist_in_title""]","[""official_video""]",0.004705030763662686,False,automatic,youtube_search,True
3yaYgjEFkRw3PVjW9mV1TO,Over The Top,Smiley,2021-07-23,153406,sfUenkTjvxw,Smiley - Over The Top (feat. Drake) [Official Lyric Video],Smiley,154.0,100.0,False,"[""exact_channel_artist"", ""artist_in_title""]","[""official_lyric_video""]",0.0038720780152014913,False,automatic,youtube_search,True
3SYLoL8KHxdQPYIkfwmUjN,Remote Control,Kanye West,2021-08-29,198613,0Rtek05tOKU,Kanye West - Remote Control (Audio),Kanye West,199.0,100.0,False,"[""exact_channel_artist"", ""artist_in_title""]",,0.001948512937219618,False,automatic,youtube_search,True
3JJL91ilRV6fXhKqu0FGXs,HOT WIND BLOWS,"Tyler, The Creator",2021-06-25,155292,fwGs72ihIeI,HOT WIND BLOWS (Audio),"Tyler, The Creator",156.0,100.0,False,"[""exact_channel_artist""]",,0.004559153079360173,False,automatic,youtube_search,True
4zbr7Cp3UB00FurUovPU03,Matt Hardy 999,Trippie Redd,2021-08-20,188025,pU-4JhxWTak,Trippie Redd – Matt Hardy 999 Ft. Juice WRLD (Official Lyric Video),Trippie Redd,185.0,100.0,False,"[""exact_channel_artist"", ""artist_in_title""]","[""official_lyric_video""]",0.016088286132163277,False,automatic,youtube_search,True
1JXBNvlDEl2epKSJ9EOgKX,Not Sober,The Kid LAROI,2021-07-23,216000,cFD9KnwQgQY,The Kid LAROI - Not Sober (feat. Polo G and Stunna Gambino) (Official Video),The Kid LAROI.,229.0,100.0,False,"[""exact_channel_artist"", ""artist_in_title""]","[""official_video""]",0.06018518518518518,False,automatic,youtube_search,True
73uxnSsFMeJ15POpd3zgrV,Believe What I Say,Kanye West,2021-08-29,242400,Qp-O4eIUgf0,Kanye West - Believe What I Say (Audio),Kanye West,243.0,100.0,False,"[""exact_channel_artist"", ""artist_in_title""]",,0.0024752475247524753,False,automatic,youtube_search,True
50ceCGZ3oD3U5caQV5bP6f,You Only Live Twice,Drake,2021-09-03,213103,x6Nr6EX3AwY,"Drake - You Only Live Twice (Audio) ft. Lil Wayne, Rick Ross",Drake,214.0,100.0,False,"[""exact_channel_artist"", ""artist_in_title""]",,0.004209232155342722,False,automatic,youtube_search,True
7zQirOExB0VR8yWUOqYeio,DOLLA SIGN SLIME,Lil Nas X,2021-09-17,145074,wuh6YqcQgmM,Lil Nas X - DOLLA SIGN SLIME ft. Megan Thee Stallion,Lil Nas X,146.0,100.0,False,"[""exact_channel_artist"", ""artist_in_title""]",,0.006382949391345106,False,automatic,youtube_search,True
1PDP7mLiAMwhfmgIwzhOm2,Yebba’s Heartbreak,Drake,2021-09-03,133762,5WK7-Cvpjgk,Yebba’s Heartbreak,Drake,134.0,100.0,False,"[""exact_channel_artist""]",,0.0017792796160344493,False,automatic,youtube_search,True
6DZz58CbF0AKw5PCKqNKcM,Come to Life,Kanye West,2021-08-29,310393,7SsrVGHJvaA,Kanye West - Come to Life (Official Video),Kanye West,308.0,100.0,False,"[""exact_channel_artist"", ""artist_in_title""]","[""official_video""]",0.00770958107947022,False,automatic,youtube_search,True
48WidxP9CqyYtk97pwGZ3c,Wasting Time ( feat. Drake ),Brent Faiyaz,2021-07-01,301304,KJViHi-dSxY,Brent Faiyaz Ft Drake - Wasting Time [Official Audio],Brent Faiyaz,300.0,100.0,False,"[""exact_channel_artist"", ""artist_in_title""]","[""official_audio""]",0.004327854923930648,False,automatic,youtube_search,True
4vsJWPwWPS27gRM4oLjBNO,DONT WANT IT,Lil Nas X,2021-09-17,130926,ROEhuRhrhvE,Lil Nas X - DONT WANT IT,Lil Nas X,132.0,100.0,False,"[""exact_channel_artist"", ""artist_in_title""]",,0.008203107098666422,False,automatic,youtube_search,True
4wONXG4GqWSscEyZlx300W,justified,Kacey Musgraves,2021-09-10,180800,0pcN97R5ogs,KACEY MUSGRAVES - justified (official lyric video),★ 𝑲𝒂𝒄𝒆𝒚 𝑴𝒖𝒔𝒈𝒓𝒂𝒗𝒆𝒔 ★,193,100,False,"[""artist_in_title""]","[""lyric_video""]",0.067478,False,automatic,user_or_pattern_selected (ambiguous),False
3JR2RztQcOjUQGQSybxDIO,ONE OF ME,Lil Nas X,2021-09-17,161666,BrScfc9hKAs,ONE OF ME,Lil Nas X,162.0,100.0,False,"[""exact_channel_artist""]",,0.002065987900981035,False,automatic,youtube_search,True
2BITQ360Knh6qNAOqR7Dyq,Miss The Rage,Trippie Redd,2021-05-07,236883,e9u0HmXLPmA,Trippie Redd – Miss The Rage ft. Playboi Carti (Official Visualizer),Trippie Redd,238.0,100.0,False,"[""exact_channel_artist"", ""artist_in_title""]","[""visualizer""]",0.004715408028435979,False,automatic,youtube_search,True
1058fW9H3fZA6QjYCdOBad,Don't Go Yet,Camila Cabello,2021-07-23,164842,0Kx3sobEBFE,Camila Cabello - Don't Go Yet (Official Video),Camila Cabello,183.0,100.0,False,"[""exact_channel_artist"", ""artist_in_title""]","[""official_video""]",0.11015396561555914,False,automatic,youtube_search,True
08XWh5c0BMyD1nKVxxl91z,Fountains,Drake,2021-09-03,192417,pwtWYFUwenE,Drake - Fountains (Audio) ft. Tems,Drake,193.0,100.0,False,"[""exact_channel_artist"", ""artist_in_title""]",,0.0030298778174485622,False,automatic,youtube_search,True
19n8izXThARSuQAXrOKNbO,Avalon,$uicideboy$,2021-08-13,140858,wFmAafUTJn0,$UICIDEBOY$ - AVALON (Official Lyric Video),$uicideboy$,141.0,100.0,False,"[""exact_channel_artist"", ""artist_in_title""]","[""official_lyric_video""]",0.0010081074557355635,False,automatic,youtube_search,True
0G2zPzWqVjR68iNPmx2TBe,Volando - Remix,Mora,2021-07-08,273474,P982oehprfY,Mora x Bad Bunny x Sech - Volando Remix (Video Oficial),Mora,274.0,100.0,False,"[""exact_channel_artist"", ""artist_in_title""]",,0.0019234003963813744,False,automatic,youtube_search,True
3MmvQKMKdN3UhVS3eGzJIW,Brush Em,Pop Smoke,2021-07-16,150449,poFHxwsx_bE,Pop Smoke - Brush Em feat. Rah Swish (Official Lyric Video),POP SMOKE,151.0,100.0,False,"[""exact_channel_artist"", ""artist_in_title""]","[""official_lyric_video""]",0.003662370637225904,False,automatic,youtube_search,True
1ZIKpMTRPqhwAoVXWY3tXI,Chasing After You,Ryan Hurd,2021-02-12,207973,yKXw_MMm0UA,"Ryan Hurd, Maren Morris - Chasing After You (Official Video)",Ryan Hurd,217.0,100.0,False,"[""exact_channel_artist"", ""artist_in_title""]","[""official_video""]",0.04340467272193987,False,automatic,youtube_search,True
0nqhKXDjsyBMvbeWmgijD0,Wockesha,Moneybagg Yo,2021-04-23,180930,AAhcBx5Bl-Y,Moneybagg Yo - Wockesha (Official Audio),MoneyBagg Yo,183.0,100.0,False,"[""exact_channel_artist"", ""artist_in_title""]","[""official_audio""]",0.011440888741502238,False,automatic,youtube_search,True
7hxHWCCAIIxFLCzvDgnQHX,Lemonade,Internet Money,2020-08-28,195428,0S_-StFLKqU,"Internet Money – Lemonade Ft. Don Toliver, Gunna & NAV (Official Lyric Video)",Internet Money,196.0,100.0,False,"[""exact_channel_artist"", ""artist_in_title""]","[""official_lyric_video""]",0.00292690914300919,False,automatic,youtube_search,True
4LYNt6hWctTuZWYiwafuD6,Danny Phantom,Trippie Redd,2021-08-20,136377,RC-7bOjdiRw,Trippie Redd – Danny Phantom ft. XXXtentacion (Official Lyric Video),Trippie Redd,137.0,100.0,False,"[""exact_channel_artist"", ""artist_in_title""]","[""official_lyric_video""]",0.004568218981206508,False,automatic,youtube_search,True
7fBv7CLKzipRk6EC6TWHOB,The Hills,The Weeknd,2015-08-28,242253,G5XpJP7f_SE,The Hills,The Weeknd,243.0,100.0,False,"[""exact_channel_artist""]",,0.0030835531448526955,False,automatic,youtube_search,True
72dummgz1gSqm8faekYYQh,Jesus Lord pt 2,Kanye West,2021-08-29,690731,HWzLbfkoztE,Kanye West - Jesus Lord pt 2 (Audio),Kanye West,691.0,100.0,False,"[""exact_channel_artist"", ""artist_in_title""]",,0.00038944248918898965,False,automatic,youtube_search,True
4OAuvHryIVv4kMDNSLuPt6,Red (Taylor's Version),Taylor Swift,2021-11-12,223093,R_rUYuFtNO4,Taylor Swift - Red (Taylor's Version) (Lyric Video),Taylor Swift,221.0,100.0,False,"[""exact_channel_artist"", ""artist_in_title""]","[""lyric_video""]",0.009381737660975468,False,automatic,youtube_search,True
7qM1BWAsZMTYh4BcYLb0uQ,Already Dead,Juice WRLD,2021-11-12,231010,EAfckg0ORS4,Juice WRLD - Already Dead (Official Audio),Juice WRLD,232.0,100.0,False,"[""exact_channel_artist"", ""artist_in_title""]","[""official_audio""]",0.0042855287649885285,False,automatic,youtube_search,True
2BcMwX1MPV6ZHP4tUT9uq6,Knife Talk,Drake,2021-09-03,242965,XqpQpt_cmhE,"Drake - Knife Talk (Official Video) ft. 21 Savage, Project Pat",Drake,245.0,100.0,False,"[""exact_channel_artist"", ""artist_in_title""]","[""official_video""]",0.008375691972094746,False,automatic,youtube_search,True
3QFInJAm9eyaho5vBzxInN,family ties,Baby Keem,2021-09-10,252262,v6HBZC9pZHQ,"Baby Keem, Kendrick Lamar - family ties (Official Video)",Baby Keem,260.0,100.0,False,"[""exact_channel_artist"", ""artist_in_title""]","[""official_video""]",0.030674457508463423,False,automatic,youtube_search,True
08F16baYbciTva9P4BvpiI,MAFIA,Travis Scott,2021-11-05,240000,89hJPNSNlFM,Travis Scott - MAFIA (Official Audio),Travis Scott,242.0,100.0,False,"[""exact_channel_artist"", ""artist_in_title""]","[""official_audio""]",0.008333333333333333,False,automatic,youtube_search,True
46IZ0fSY2mpAiktS3KOqds,Easy On Me,Adele,2021-11-19,224694,X-yIEMduRXk,Adele - Easy On Me (Official Lyric Video),Adele,226.0,100.0,False,"[""exact_channel_artist"", ""artist_in_title""]","[""official_lyric_video""]",0.005812349239410042,False,automatic,youtube_search,True
3S7HNKPakdwNEBFIVTL6dZ,Treacherous (Taylor's Version),Taylor Swift,2021-11-12,242720,u1D1AgDfreg,Taylor Swift - Treacherous (Taylor's Version) (Lyric Video),Taylor Swift,241.0,100.0,False,"[""exact_channel_artist"", ""artist_in_title""]","[""lyric_video""]",0.007086354647330257,False,automatic,youtube_search,True
4IQkfUsrwXol38VV3U7t7T,Run,Taylor Swift,2021-11-12,240226,flv8AEWrRMI,Taylor Swift - Run (Taylor's Version) (From The Vault) (Lyric Video) ft. Ed Sheeran,Taylor Swift,241,11.5,False,"[""exact_channel_artist"", ""artist_in_title""]","[""lyric_video""]",0.003331,False,automatic,user_or_pattern_selected (ambiguous),False
3yII7UwgLF6K5zW3xad3MP,22 (Taylor's Version),Taylor Swift,2021-11-12,230960,9boiT64sm0Q,Taylor Swift - 22 (Taylor's Version) (Lyric Video),Taylor Swift,232.0,100.0,False,"[""exact_channel_artist"", ""artist_in_title""]","[""lyric_video""]",0.004502944232767579,False,automatic,youtube_search,True
5R4Yrc2j4jw1itr4hKcN26,Feline,Juice WRLD,2021-12-10,212203,DP_Qlt9CSiY,Juice WRLD - Feline (with Polo G & Trippie Redd) [Official Audio],Juice WRLD,213.0,100.0,False,"[""exact_channel_artist"", ""artist_in_title""]","[""official_audio""]",0.0037558375706281248,False,automatic,youtube_search,True
08SB2OtZkaliju77WYEKxk,No Love,Summer Walker,2021-11-05,231497,IhSPyR72CqM,Summer Walker - No Love (ft. SZA) [Lyric Video],Summer Walker,232.0,100.0,False,"[""exact_channel_artist"", ""artist_in_title""]","[""lyric_video""]",0.002172814334527013,False,automatic,youtube_search,True
496vIKS2INz840xZaKncvR,All Night Parking,Adele,2021-11-19,161829,vjtbafmOjcY,Adele - All Night Parking (with Erroll Garner) Interlude (Official Lyric Video),Adele,163,77.3,False,"[""exact_channel_artist"", ""artist_in_title""]","[""official_lyric_video""]",0.007417,False,automatic,user_or_pattern_selected (ambiguous),True
4RVwu0g32PAqgUiJoXsdF8,Happier Than Ever,Billie Eilish,2021-07-30,298899,5GJWxDKyk3A,Billie Eilish - Happier Than Ever (Official Music Video),Billie Eilish,316.0,100.0,False,"[""exact_channel_artist"", ""artist_in_title""]","[""official_music_video""]",0.0572133061669661,False,automatic,youtube_search,True
4XvcHTUfIlWfyJTRG0aqlo,2055,Sleepy Hallow,2021-06-02,123986,y1xZ_kAhjMc,Sleepy Hallow - 2055 (Official Video),Sleepy Hallow,123.0,100.0,False,"[""exact_channel_artist"", ""artist_in_title""]","[""official_video""]",0.0079525107673447,False,automatic,youtube_search,True
4CkgMiMqZ5JzW9iYXSTMTL,I Bet You Think About Me,Taylor Swift,2021-11-12,285106,AccGdO5XeZY,I Bet You Think About Me (Taylor's Version) (From The Vault) (Lyric Video),Taylor Swift,289,60,False,"[""exact_channel_artist""]","[""lyric_video""]",0.013679,False,automatic,user_or_pattern_selected (ambiguous),False
6Uj1ctrBOjOas8xZXGqKk4,Woman,Doja Cat,2021-06-25,172626,2V_uAAAH-_Q,Doja Cat - Woman (Official Visualizer),Doja Cat,174.0,100.0,False,"[""exact_channel_artist"", ""artist_in_title""]","[""visualizer""]",0.007959403566090855,False,automatic,youtube_search,True
73qMN9bXy7MSPwwGfH3wQr,Sad Beautiful Tragic (Taylor's Version),Taylor Swift,2021-11-12,284773,jQfB4Gahi3I,Taylor Swift - Sad Beautiful Tragic (Taylor's Version) (Lyric Video),Taylor Swift,286.0,100.0,False,"[""exact_channel_artist"", ""artist_in_title""]","[""lyric_video""]",0.0043086949956632125,False,automatic,youtube_search,True
6pYNq0ZwpPVazKzsqpf0G8,The Very First Night (Taylor's Version) (From The Vault),Taylor Swift,2021-11-12,200280,rVuyi-dPMIc,Taylor Swift - The Very First Night (Taylor's Version) (From The Vault) (Lyric Video),Taylor Swift,203.0,100.0,False,"[""exact_channel_artist"", ""artist_in_title""]","[""lyric_video""]",0.013580986618733772,False,automatic,youtube_search,True
6G2xXQRSZlEzYsUEb3uvuR,Está Dañada,Ivan Cornejo,2021-08-20,214148,rBLLbgD0FsM,Ivan Cornejo - Está Dañada (Video Oficial),Manzana Records,217.0,100.0,False,"[""artist_in_title""]","[""official_channel""]",0.013317892298784018,False,automatic,youtube_search,True
2pXpURmn6zC5ZYDMms6fwa,It's Beginning to Look a Lot Like Christmas,Perry Como,1999-08-23,155933,KmddeUJJEuU,It's Beginning to Look a Lot Like Christmas (Official Audio),Perry Como,157.0,100.0,False,"[""exact_channel_artist""]","[""official_audio""]",0.0068426824341223475,False,automatic,youtube_search,True
6tjituizSxwSmBB5vtgHZE,Holly Jolly Christmas,Michael Bublé,2011-10-24,119786,Dkq3LD-4pmM,Michael Bublé - Holly Jolly Christmas [Official HD],Michael Bublé,122.0,100.0,False,"[""exact_channel_artist"", ""artist_in_title""]",,0.01848296128095103,False,automatic,youtube_search,True
5xlS0QkVrSH7ssEbBgBzbM,Little Saint Nick - 1991 Remix,The Beach Boys,1964-11-09,118840,AbgxDgVmMF0,The Beach Boys - Little Saint Nick (1991 Remix/Lyric Video),The Beach Boys,128.0,100.0,False,"[""exact_channel_artist"", ""artist_in_title""]","[""lyric_video""]",0.07707842477280377,False,automatic,youtube_search,True
3PIDciSFdrQxSQSihim3hN,Christmas (Baby Please Come Home),Mariah Carey,1994-10-28,155492,ah-U9ECRZog,Mariah Carey - Christmas (Baby Please Come Home) (Official Audio),Mariah Carey,155.0,100.0,False,"[""exact_channel_artist"", ""artist_in_title""]","[""official_audio""]",0.0031641499241118515,False,automatic,youtube_search,True
05GsNucq8Bngd9fnd4fRa0,Begin Again (Taylor's Version),Taylor Swift,2021-11-12,238866,dXNZaHuKWNA,Taylor Swift - Begin Again (Taylor's Version) (Lyric Video),Taylor Swift,239.0,100.0,False,"[""exact_channel_artist"", ""artist_in_title""]","[""lyric_video""]",0.000560983982651361,False,automatic,youtube_search,True
0v36cov6Z6aEV5ZgIlqZMk,Rockstar In His Prime,Juice WRLD,2021-12-10,180750,iT6MEoRywDY,Juice WRLD - Rockstar In His Prime (Official Audio),Juice WRLD,181.0,100.0,False,"[""exact_channel_artist"", ""artist_in_title""]","[""official_audio""]",0.0013831258644536654,False,automatic,youtube_search,True
7H0ya83CMmgFcOhw0UB6ow,Space Song,Beach House,2015-08-28,320466,RBtlPT23PTM,Beach House - Space Song,Sub Pop,321,100,False,"[""artist_in_title""]",,0.00156,False,automatic,user_or_pattern_selected (ambiguous),False
0H1zX27yxoDrsrQA1hk5Uq,O Come All Ye Faithful,Nat King Cole,2018-09-21,141146,9UwpVfZ_LPY,Nat King Cole - O Come All Ye Faithful (Official Music Video),Nat King Cole,163.0,100.0,False,"[""exact_channel_artist"", ""artist_in_title""]","[""official_music_video""]",0.15483258469953098,False,automatic,youtube_search,True
1OjmlSFuzYflWjSMTCyTJv,Like It's Christmas,Jonas Brothers,2019-11-08,200880,d_Bb8wRx_T4,Jonas Brothers - Like It's Christmas (Official Audio),Jonas Brothers,202.0,100.0,False,"[""exact_channel_artist"", ""artist_in_title""]","[""official_audio""]",0.005575467941059339,False,automatic,youtube_search,True
1Qi2wh8fFgDV7tl4Sj3f2K,Have Yourself A Merry Little Christmas,Sam Smith,2014-12-05,170964,rnEqv8WcVq8,Sam Smith - Have Yourself A Merry Little Christmas (Official Music Video),SAM SMITH,167.0,100.0,False,"[""exact_channel_artist"", ""artist_in_title""]","[""official_music_video""]",0.02318616784820196,False,automatic,youtube_search,True
0jNFDcGAXPs5ahngmD5R6n,XSCAPE,Don Toliver,2021-10-08,156248,pNDB4iy0viM,Don Toliver - XSCAPE [Official Audio],Don Toliver,157.0,100.0,False,"[""exact_channel_artist"", ""artist_in_title""]","[""official_audio""]",0.004812861604628539,False,automatic,youtube_search,True
1VLtjHwRWOVJiE5Py7JxoQ,Martin & Gina,Polo G,2020-05-15,132832,qjI6Gru3Tho,Polo G - Martin & Gina (Official Audio),Polo G,134.0,100.0,False,"[""exact_channel_artist"", ""artist_in_title""]","[""official_audio""]",0.008793061912792098,False,automatic,youtube_search,True
22mPEYsHFBwVwjmkwx2cHT,Until The Plug Comes Back Around,Juice WRLD,2021-12-10,173677,xaCvFsCM3GU,Juice WRLD - Until The Plug Comes Back Around (Official Audio),Juice WRLD,174.0,100.0,False,"[""exact_channel_artist"", ""artist_in_title""]","[""official_audio""]",0.0018597741785037743,False,automatic,youtube_search,True
42ZrMq4BKsWDrrbMnMRYaK,Jail,Kanye West,2021-08-29,297000,IviYsgJXG5k,Kanye West - Jail (Audio),Kanye West,297.0,100.0,False,"[""exact_channel_artist"", ""artist_in_title""]",,0.0,False,automatic,youtube_search,True
61Emqg95O9zo1GNOcyxq4Y,For Tonight,GIVĒON,2021-09-24,193821,Sqp0EFjmHI0,GIVĒON - For Tonight (Official Audio),GIVĒON,196.0,100.0,False,"[""exact_channel_artist"", ""artist_in_title""]","[""official_audio""]",0.011242331842266834,False,automatic,youtube_search,True
161DnLWsx1i3u1JT05lzqU,Talking to the Moon,Bruno Mars,2010-05-11,217866,fXw0jcYbqdo,Bruno Mars - Talking To The Moon (Official Lyric Video),Bruno Mars,215.0,100.0,False,"[""exact_channel_artist"", ""artist_in_title""]","[""official_lyric_video""]",0.013154875014917427,False,automatic,youtube_search,True
6HJIZUOiZDE814XMhRGSZN,Soy El Unico,Yahritza Y Su Esencia,2022-03-25,213999,4M__yS9pREA,Yahritza Y Su Esencia - Soy El Unico (Official Video),Yahritza Y Su Esencia,217.0,100.0,False,"[""exact_channel_artist"", ""artist_in_title""]","[""official_video""]",0.014023430016028113,False,automatic,youtube_search,True
42Xba467wgGvYrR2EE6s0i,Cigarettes,Juice WRLD,2022-02-02,227527,Sis_JJZoAfQ,Juice WRLD - Cigarettes (Official Visualizer),Juice WRLD,228.0,100.0,False,"[""exact_channel_artist"", ""artist_in_title""]","[""visualizer""]",0.002078874155594721,False,automatic,youtube_search,True
4SqWKzw0CbA05TGszDgMlc,I Love You So,The Walters,2014-11-28,160239,HZX7MB_m13M,The Walters - I Love You So [Official Video],The Walters,172.0,100.0,False,"[""exact_channel_artist"", ""artist_in_title""]","[""official_video""]",0.07339661380812411,False,automatic,youtube_search,True
2Ghp894n1laIf2w98VeAOJ,How Do I Make You Love Me?,The Weeknd,2022-01-06,214214,VLMo0rthnoo,The Weeknd - How Do I Make You Love Me? (Official Music Video),The Weeknd,214.0,100.0,False,"[""exact_channel_artist"", ""artist_in_title""]","[""official_music_video""]",0.000999000999000999,False,automatic,youtube_search,True
3XOalgusokruzA5ZBA2Qcb,pushin P,Gunna,2022-01-07,136266,9g08kucPQtE,Gunna & Future - pushin P (feat. Young Thug) [Official Audio],Gunna,137.0,100.0,False,"[""exact_channel_artist"", ""artist_in_title""]","[""official_audio""]",0.005386523417433549,False,automatic,youtube_search,True
7FlQk2gJ6TBrHHiidvdR2O,MAMIII,Becky G,2022-05-13,226088,vb8wloc4Xpw,"Becky G, KAROL G - MAMIII (Audio)",Becky G,228.0,100.0,False,"[""exact_channel_artist"", ""artist_in_title""]",,0.008456884045150562,False,automatic,youtube_search,True
6LtHYDgYHRCHoKK3snfr2w,I'm Tired,Labrinth,2022-02-28,187943,ZFe55-p7XJc,Labrinth & Zendaya - I'm Tired (From “Euphoria” An HBO Original Series – Lyric Video),Labrinth,189.0,100.0,False,"[""exact_channel_artist"", ""artist_in_title""]","[""lyric_video""]",0.005624045588290067,False,automatic,youtube_search,True
6JIC3hbC28JZKZ8AlAqX8h,Cold Heart - PNAU Remix,Elton John,2021-10-22,202735,oGZ1PVwJyPQ,Elton John & Dua Lipa - Cold Heart (PNAU Remix),LatinHype,203,100,False,"[""artist_in_title""]",,0.00148,False,automatic,user_or_pattern_selected (ambiguous),False
0IuVhCflrQPMGRrOyoY5RW,she's all i wanna be,Tate McRae,2022-02-04,206772,uS_y_65CcpA,Tate McRae - she's all i wanna be (Official Video),Tate McRae,223.0,100.0,False,"[""exact_channel_artist"", ""artist_in_title""]","[""official_video""]",0.07848257984640086,False,automatic,youtube_search,True
6krYS8KtmNAYyb5uTZiYW4,Dawn FM,The Weeknd,2022-01-06,96240,_Tn_I4GVwxg,Dawn FM,The Weeknd,97,55.6,False,exact_channel_artist | title_verified,official_channel | verified_audio,0.008316,False,automatic,user_or_pattern_selected (no_confident_match),True
3XoYqtiWHhsk59frZupImG,What Else Can I Do?,Diane Guerrero,2021-11-19,179426,l8OuOaPpSRI,What Else Can I Do?,Diane Guerrero - Topic,180.0,100.0,False,"[""exact_channel_artist"", ""artist_in_channel""]","[""topic_channel""]",0.003199090432824674,False,automatic,youtube_search,True
7lcI4X8RZxK4zIknJcwpBq,Bussin,Nicki Minaj,2022-02-11,136760,O-M1ITkiptg,"Nicki Minaj, Lil Baby - Bussin (Official Audio)",Nicki Minaj,137.0,100.0,False,"[""exact_channel_artist"", ""artist_in_title""]","[""official_audio""]",0.0017548990933021352,False,automatic,youtube_search,True
79nEEoEPY2w8EXj9hjn5oc,Ginseng Strip 2002,Yung Lean,2013-08-16,153999,vrQWhFysPKY,Yung Lean ♦ Ginseng Strip 2002 ♦,Yung Lean,159,78.3,False,"[""exact_channel_artist"", ""artist_in_title""]",,0.032468,False,automatic,user_or_pattern_selected (ambiguous),False
0N0h5lXc4HOiLgGb9EZi8m,Rocking A Cardigan in Atlanta,lil Shordie Scott,2022-01-29,96825,OBB4-idPM5A,ROCKING A CARDIGAN IN ATLANTA,Shordie Scott,97,100,False,,,0.002066,False,automatic,user_or_pattern_selected (no_confident_match),False
3t4KHjd8uQpJJ2fa0fRIpR,High,The Chainsmokers,2022-01-28,175163,OfjWhEV9NpE,The Chainsmokers - High (Official Lyric Video),The Chainsmokers,177.0,100.0,False,"[""exact_channel_artist"", ""artist_in_title""]","[""official_lyric_video""]",0.010487374616785509,False,automatic,youtube_search,True
0sTlGEld0h8kIPZaKDYUf4,Notion,The Rare Occasions,2021-12-02,195120,PD1EXJScA6k,"The Rare Occasions | ""Notion"" Official Music Video",The Rare Occasions,196.0,100.0,False,"[""exact_channel_artist"", ""artist_in_title""]","[""official_music_video""]",0.004510045100451004,False,automatic,youtube_search,True
7Fege3yv4dvehB3NdRBGwI,Banking On Me,Gunna,2022-02-14,200000,R9ibxWKS1fs,Gunna - Banking On Me [Official Lyric Video],Gunna,201.0,100.0,False,"[""exact_channel_artist"", ""artist_in_title""]","[""official_lyric_video""]",0.005,False,automatic,youtube_search,True
0syVTyo71ordJjSd8cuElB,private island,Gunna,2022-01-07,132173,SBuPnHVxtNM,Gunna - private island [Official Audio],Gunna,133.0,100.0,False,"[""exact_channel_artist"", ""artist_in_title""]","[""official_audio""]",0.006256951117096532,False,automatic,youtube_search,True
09gysnJpfQ3ublBmJDfcEC,SAD GIRLZ LUV MONEY Remix,Amaarae,2021-09-16,204763,9ni1BbREPHs,Amaarae - SAD GIRLZ LUV MONEY Remix ft Kali Uchis (Lyric Video),Amaarae,205.0,100.0,False,"[""exact_channel_artist"", ""artist_in_title""]","[""lyric_video""]",0.0011574356695301397,False,automatic,youtube_search,True
5x8NgG7Ya18m9wafOvvWYk,Lost and Found Freestyle 2019,A$AP Rocky,2022-03-25,174862,IzcXT-vmt4s,"Nigo - Lost and Found Freestyle 2019 (with A$AP Rocky & Tyler, The Creator) (Official Audio)",Nigo,175,92.1,False,"[""artist_in_title""]","[""lyrics""]",0.000572,False,automatic,user_or_pattern_selected (ambiguous),False
2lUDBd7JrgAMltcp6dcd7D,25 million,Roddy Ricch,2021-12-17,204626,jfNNoN5g37U,Roddy Ricch - 25 million [Official Music Video],Roddy Ricch,204.0,100.0,False,"[""exact_channel_artist"", ""artist_in_title""]","[""official_music_video""]",0.00305923978380069,False,automatic,youtube_search,True
4tqcoej1zPvwePZCzuAjJd,Wet Dreamz,J. Cole,2014-12-09,239266,lTgvsJY4aYE,Wet Dreamz,J. Cole,240.0,100.0,False,"[""exact_channel_artist""]",,0.0030677154296891327,False,automatic,youtube_search,True
5lAnYvAIkSDNXqfo7DyFUm,Ain't Shit,Doja Cat,2021-06-25,174253,Ix4L9am2Kwk,Doja Cat - Ain't Shit (Visualizer),Doja Cat,175.0,100.0,False,"[""exact_channel_artist"", ""artist_in_title""]","[""visualizer""]",0.004286870240397583,False,automatic,youtube_search,True
3Kkjo3cT83cw09VJyrLNwX,Oh My God,Adele,2021-11-19,225148,PfwIpoVMvNs,Adele - Oh My God (Official Lyric Video),Adele,226.0,100.0,False,"[""exact_channel_artist"", ""artist_in_title""]","[""official_lyric_video""]",0.003784177518787642,False,automatic,youtube_search,True
0KCSJzsQVxkloxoT7dyrqV,The Rumbling (TV Size),SiM,2022-01-10,90265,KHCIO7a3jSI,The Rumbling (TV Size),SiM Official YouTube Channel,91,100,False,"[""artist_in_channel""]",,0.007752,False,automatic,user_or_pattern_selected (ambiguous),False
7iXF2W9vKmDoGAhlHdpyIa,Forgot About Dre,Dr. Dre,1999-11-16,222293,asIx3aiNxnw,Dr. Dre - Forgot About Dre  (feat. Eminem),90s HipHop - Topic,223.0,100.0,False,"[""artist_in_title""]","[""topic_channel""]",0.003180487014885759,False,automatic,youtube_search,True
4xIhSUJantE6BMl3u8dtCJ,Father Time,Kendrick Lamar,2022-05-13,222497,toEW7_-pvOY,Kendrick Lamar - Father Time ft. Sampha (Official Audio),Kendrick Lamar,223.0,100.0,False,"[""exact_channel_artist"", ""artist_in_title""]","[""official_audio""]",0.00226070463871423,False,automatic,youtube_search,True
1IHWl5LamUGEuP4ozKQSXZ,Tití Me Preguntó,Bad Bunny,2022-05-06,243716,qBUKfQRbzuk,Bad Bunny - Tití Me Preguntó (La Letra / Lyrics),BagOnly,244,100,False,"[""artist_in_title""]","[""lyrics""]",0.001231,False,automatic,user_or_pattern_selected (ambiguous),False
62Yo3FDddWY8ydu6PW2wyz,Nail Tech,Jack Harlow,2022-02-18,206385,e2AeKIzfQus,Jack Harlow - Nail Tech [Official Video],Jack Harlow,209.0,100.0,False,"[""exact_channel_artist"", ""artist_in_title""]","[""official_video""]",0.012670494464229473,False,automatic,youtube_search,True
6ws54n2IzyrIxxyzlG2bVJ,Right On,Lil Baby,2022-04-08,213975,3aMrcOJvyl4,Right On,Lil Baby Official ,214.0,100.0,False,"[""exact_channel_artist""]","[""official_channel""]",0.00011683607898118939,False,automatic,youtube_search,True
5CzixCxDkRXX9mScCmah8O,Un Ratito,Bad Bunny,2022-05-06,176936,tGhyQ7KanMU,Bad Bunny - Un Ratito (360° Visualizer) | Un Verano Sin Ti,Bad Bunny,178,51.4,False,"[""exact_channel_artist"", ""artist_in_title""]","[""visualizer""]",0.006218,False,automatic,user_or_pattern_selected (ambiguous),False
3FSwpQ9dBZBeBV6UdYHI2R,712PM,Future,2022-04-29,173186,mPdlRs6Bf_8,Future - 712PM (Official Audio),Future,175.0,100.0,False,"[""exact_channel_artist"", ""artist_in_title""]","[""official_audio""]",0.010474287759980598,False,automatic,youtube_search,True
6Sq7ltF9Qa7SNFBsV5Cogx,Me Porto Bonito,Bad Bunny,2022-05-06,178567,xn21hH7kyx8,Bad Bunny (ft. Chencho Corleone) - Me Porto Bonito  (360° Visualizer) | Un Verano Sin Ti,Bad Bunny,179,63.8,False,"[""exact_channel_artist"", ""artist_in_title""]","[""visualizer""]",0.00224,False,automatic,user_or_pattern_selected (ambiguous),False
1HvTxgCj0mTzQlEo0zLvFb,In My Head,Lil Tjay,2022-04-01,135264,11umi-cGMj8,In My Head,Lil Tjay,136.0,100.0,False,"[""exact_channel_artist""]",,0.005441211260941566,False,automatic,youtube_search,True
3Qu3Zh4WTKhP9GEXo0aDnb,Thought You Should Know,Morgan Wallen,2023-03-03,215571,X4r_eTtS4Lo,Morgan Wallen - Thought You Should Know (Lyric Video),Morgan Wallen,215.0,100.0,False,"[""exact_channel_artist"", ""artist_in_title""]","[""lyric_video""]",0.002648779288494278,False,automatic,youtube_search,True
2tzgSUZOUKopYbRqQOVT8X,MASSAGING ME,Future,2022-04-29,106133,Y0HKttPZOus,Future - MASSAGING ME (Official Audio),Future,108.0,100.0,False,"[""exact_channel_artist"", ""artist_in_title""]","[""official_audio""]",0.017591135650551665,False,automatic,youtube_search,True
2PljnVsnl2PRwCvfhbdQup,Plan B,Megan Thee Stallion,2022-04-22,163764,uY10ROc5eFQ,Megan Thee Stallion - Plan B [Official Audio],Megan Thee Stallion,164.0,100.0,False,"[""exact_channel_artist"", ""artist_in_title""]","[""official_audio""]",0.0014410981656530128,False,automatic,youtube_search,True
59CfNbkERJ3NoTXDvoURjj,Boyfriend,Dove Cameron,2022-02-11,153000,ZGHRfLAn2wI,Dove Cameron - Boyfriend (Official Audio),Dove Cameron,155.0,100.0,False,"[""exact_channel_artist"", ""artist_in_title""]","[""official_audio""]",0.013071895424836602,False,automatic,youtube_search,True
0y60itmpH0aPKsFiGxmtnh,Wait a Minute!,WILLOW,2015-01-11,196520,1Xfdjqa5dfY,Wait a Minute!,willowsmith,197,100,False,"[""artist_in_channel""]",,0.002545,False,automatic,user_or_pattern_selected (ambiguous),False
7IaeavdRzXYQWfu2Wt5GlU,Currents,Drake,2022-06-16,157390,1puG2H1QOBA,Drake - Currents,Drake,158.0,100.0,False,"[""exact_channel_artist"", ""artist_in_title""]",,0.003875722726983925,False,automatic,youtube_search,True
5Eax0qFko2dh7Rl2lYs3bx,Efecto,Bad Bunny,2022-05-06,213061,Nk8C9FdCdJQ,Bad Bunny - Efecto (360° Visualizer) | Un Verano Sin Ti,Bad Bunny,214,41.4,False,"[""exact_channel_artist"", ""artist_in_title""]","[""visualizer""]",0.004223,False,automatic,user_or_pattern_selected (ambiguous),False
7sT7kZEYd1MrmzLLIRVZas,Calling My Name,Drake,2022-06-17,129964,fhumS5MsRyE,Drake - Calling My Name (Audio),Drake,131.0,100.0,False,"[""exact_channel_artist"", ""artist_in_title""]",,0.007971438244436921,False,automatic,youtube_search,True
1797zYiX4cKosMH836X9Gt,La Corriente,Bad Bunny,2022-05-06,198367,A95yW-LVnbY,Bad Bunny (ft. Tony Dize) - La Corriente (360° Visualizer) | Un Verano Sin Ti,Bad Bunny,199,58.5,False,"[""exact_channel_artist"", ""artist_in_title""]","[""visualizer""]",0.003024,False,automatic,user_or_pattern_selected (ambiguous),False
1BzXvBpIFWJgu0P8P6xmP4,Stick,Dreamville,2022-03-31,309322,r4Wsi4qkfYY,"Dreamville - Stick (with JID feat. Kenny Mason, Sheck Wes & J. Cole [Official Audio]",Dreamville,310,52.6,False,"[""exact_channel_artist"", ""artist_in_title""]","[""official_audio""]",0.002263,False,automatic,user_or_pattern_selected (ambiguous),True
19Fg3WrTfo35Ji3PtfZE6J,Auntie Diaries,Kendrick Lamar,2022-05-13,281069,-vrhf1P9zwc,Kendrick Lamar - Auntie Diaries (Official Audio),Kendrick Lamar,282.0,100.0,False,"[""exact_channel_artist"", ""artist_in_title""]","[""official_audio""]",0.003312353905980382,False,automatic,youtube_search,True
7zvfDihYiJ8RQ1nRcpKBF5,Mr. Morale,Kendrick Lamar,2022-05-13,210841,SdwEIPD1bEw,Kendrick Lamar - Mr. Morale ft. Tanna Leone (Official Audio),Kendrick Lamar,211.0,100.0,False,"[""exact_channel_artist"", ""artist_in_title""]","[""official_audio""]",0.0007541227749820955,False,automatic,youtube_search,True
3GbQcjKWT7eVpUfzqwUjxv,Late To Da Party,Lil Nas X,2022-06-24,180666,yyN_7Y-qRFM,"Lil Nas X, Youngboy Never Broke Again - Late To Da Party (F*CK BET) (Official Video)",Lil Nas X,206.0,100.0,False,"[""exact_channel_artist"", ""artist_in_title""]","[""official_video""]",0.14022560968859663,False,automatic,youtube_search,True
0fv2KH6hac06J86hBUTcSf,NEW MAGIC WAND,"Tyler, The Creator",2019-05-17,195327,mdCyzJT59nw,"Tyler, The Creator - NEW MAGIC WAND (feat. Santigold & Jessy Wilson)",theuppermostinlife,196,100,False,"[""artist_in_title""]",,0.003584,False,automatic,user_or_pattern_selected (ambiguous),False
5PPUw4Xo3Hz6rl4GpBfd3c,Savior - Interlude,Kendrick Lamar,2022-05-13,152985,ROUFkWceDRM,Kendrick Lamar - Savior (Interlude) (Official Audio),Kendrick Lamar,153.0,100.0,False,"[""exact_channel_artist"", ""artist_in_title""]","[""official_audio""]",9.804882831650162e-05,False,automatic,youtube_search,True
3w1WjD2zJqjBjDz5fwqQPJ,Tyler Herro,Jack Harlow,2020-12-11,156578,np9Ub1LilKU,Jack Harlow - Tyler Herro [Official Video],Jack Harlow,180.0,100.0,False,"[""exact_channel_artist"", ""artist_in_title""]","[""official_video""]",0.14958678741585663,False,automatic,youtube_search,True
0W6I02J9xcqK8MtSeosEXb,Get Into It (Yuh),Doja Cat,2021-06-25,138293,zln8SZO6yYY,Doja Cat - Get Into It (Yuh) (Visualizer),Doja Cat,139.0,100.0,False,"[""exact_channel_artist"", ""artist_in_title""]","[""visualizer""]",0.0051123339576117375,False,automatic,youtube_search,True
7FIWs0pqAYbP91WWM0vlTQ,Godzilla,Eminem,2020-01-17,210800,9XvXF1LrWgA,Godzilla (feat. Juice WRLD) [Official Audio],EminemMusic,211.0,100.0,False,"[""artist_in_channel""]","[""official_audio""]",0.0009487666034155598,False,automatic,youtube_search,True
4HiC3ulkTgbEcYYsSuR6PO,Danger Zone,Kenny Loggins,1997-01-01,215133,yK0P1Bk8Cx4,Kenny Loggins - Danger Zone (Official Audio - Top Gun),Kenny Loggins,213.0,100.0,False,"[""exact_channel_artist"", ""artist_in_title""]","[""official_audio""]",0.009914796893084743,False,automatic,youtube_search,True
0De9jFjJ4eRLl7Yww2eBw1,Flower Shops,ERNEST,2022-03-11,214405,YtftmHnSgkQ,ERNEST - Flower Shops (feat. Morgan Wallen) (Lyric Video),ERNEST,215.0,100.0,False,"[""exact_channel_artist"", ""artist_in_title""]","[""lyric_video""]",0.0027751218488374805,False,automatic,youtube_search,True
5gVCfYmQRPy1QJifP8f5gg,Fall In Love,Bailey Zimmerman,2022-02-11,232058,DXEFzC8xpLY,Bailey Zimmerman - Fall In Love (Official Lyric Video),Bailey Zimmerman,233.0,100.0,False,"[""exact_channel_artist"", ""artist_in_title""]","[""official_lyric_video""]",0.004059329995087435,False,automatic,youtube_search,True
0LQtEJt7x0s6knb6RKdRYc,Chicken Fried,Zac Brown Band,2008-11-17,238146,QxnNYm_cYwE,Zac Brown Band - Chicken Fried (Lyrics),Liquid Bop,239,100,False,"[""artist_in_title""]","[""lyrics""]",0.00378,False,automatic,user_or_pattern_selected (ambiguous),False
2yjlYDiNiQkdxVqTlaSrlX,Super Freaky Girl,Nicki Minaj,2022-08-26,170977,j5uAR9w7LBg,Nicki Minaj - Super Freaky Girl (Official Music Video),Nicki Minaj,172,63.7,False,exact_channel_artist | title_verified,official_channel | verified_audio,0.005848,False,automatic,user_or_pattern_selected (no_confident_match),True
0hquQWY3xvYqN4qtiquniF,Vegas (From the Original Motion Picture Soundtrack ELVIS),Doja Cat,2022-05-06,182906,QZp2biJul1c,Doja Cat - Vegas (From the Original Motion Picture Soundtrack ELVIS) (Official Video),Doja Cat,203.0,100.0,False,"[""exact_channel_artist"", ""artist_in_title""]","[""official_video""]",0.10985970935890567,False,automatic,youtube_search,True
1xK59OXxi2TAAAbmZK0kBL,Romantic Homicide,d4vd,2022-07-20,132630,FpO31FVxxb4,d4vd - Romantic Homicide (Official Audio),d4vd,133.0,100.0,False,"[""exact_channel_artist"", ""artist_in_title""]","[""official_audio""]",0.0027897157505843324,False,automatic,youtube_search,True
7Ddk8FhoYKdsVoX9AOCPMm,STAYING ALIVE,DJ Khaled,2022-08-26,178176,NKGuIWNmqGU,"DJ Khaled - STAYING ALIVE (Official Audio) ft. Drake, Lil Baby",DJ Khaled,180,100,False,"[""exact_channel_artist"", ""artist_in_title""]","[""official_audio""]",0.010101,False,automatic,user_or_pattern_selected (ambiguous),True
4fYte8ZvTK14NEhAOZocBi,I Ain't Worried,OneRepublic,2023-02-15,148120,W97Sv-SHnDU,OneRepublic - I Ain’t Worried (From “Top Gun: Maverick”) [Lyric Video],OneRepublic,147.0,100.0,False,"[""exact_channel_artist"", ""artist_in_title""]","[""lyric_video""]",0.007561436672967864,False,automatic,youtube_search,True
1Hohk6AufHZOrrhMXZppax,ALIEN SUPERSTAR,Beyoncé,2022-07-29,215459,e_aT9pAGQo8,Beyoncé - ALIEN SUPERSTAR (Official Lyric Video),Beyoncé,221.0,100.0,False,"[""exact_channel_artist"", ""artist_in_title""]","[""official_lyric_video""]",0.025717189813375167,False,automatic,youtube_search,True
3k3NWokhRRkEPhCzPmV8TW,Ojitos Lindos,Bad Bunny,2022-05-06,258298,10EX-_h4pYc,Bad Bunny (ft. Bomba Estéreo) - Ojitos Lindos (360° Visualizer) | Un Verano Sin Ti,Bad Bunny,259,60.5,False,"[""exact_channel_artist"", ""artist_in_title""]","[""visualizer""]",0.00271,False,automatic,user_or_pattern_selected (ambiguous),False
0314PeD1sQNonfVWix3B2K,ENERGY,Beyoncé,2022-07-29,116727,O9rk6ldyFkA,Beyoncé - ENERGY (Official Lyric Video),Beyoncé,128.0,100.0,False,"[""exact_channel_artist"", ""artist_in_title""]","[""official_lyric_video""]",0.0965757708156639,False,automatic,youtube_search,True
3uJFmluXzYedoJcvhpC1AW,Hot Shit,Cardi B,2022-07-01,211649,c14MVsSeVho,Cardi B - Hot Shit feat. Kanye West & Lil Durk [Official Audio],Cardi B,212.0,100.0,False,"[""exact_channel_artist"", ""artist_in_title""]","[""official_audio""]",0.0016584061346852572,False,automatic,youtube_search,True
3HyR1j49TY5ACP2lseF1jx,SUMMER RENAISSANCE,Beyoncé,2022-07-29,273997,QDXcMqgO7oQ,Beyoncé - SUMMER RENAISSANCE (Official Lyric Video),Beyoncé,282.0,100.0,False,"[""exact_channel_artist"", ""artist_in_title""]","[""official_lyric_video""]",0.02920834899652186,False,automatic,youtube_search,True
0oO1AbL92F6329z13C2qQH,Talk,Yeat,2022-09-09,174857,7Qe6qcNuyYY,Talk [Official Audio],Yeat,175.0,100.0,False,"[""exact_channel_artist""]","[""official_audio""]",0.0008178111256626844,False,automatic,youtube_search,True
1MpCaOeUWhox2Fgigbe1cL,I'M THAT GIRL,Beyoncé,2022-07-29,208014,b2xLsCo8zmQ,Beyoncé - I'M THAT GIRL (Official Lyric Video),Beyoncé,215.0,100.0,False,"[""exact_channel_artist"", ""artist_in_title""]","[""official_lyric_video""]",0.03358427798128972,False,automatic,youtube_search,True
5ie5OPdaP9fivYaKcjwKF1,Alone,Rod Wave,2022-08-12,191158,w5Ft8tuWRMQ,Rod Wave - Alone (Official Video),RodWave,190.0,100.0,False,"[""exact_channel_artist"", ""artist_in_title""]","[""official_video""]",0.006057816047458124,False,automatic,youtube_search,True
6pr7X9UZCDn8CruopaNVha,BIG TIME,DJ Khaled,2022-08-26,173783,eYIVC0l4JDc,"DJ Khaled - BIG TIME (Official Audio) ft. Future, Lil Baby",DJ Khaled,175.0,100.0,False,"[""exact_channel_artist"", ""artist_in_title""]","[""official_audio""]",0.00700298648314277,False,automatic,youtube_search,True
00imgaPlYRrMGn9o83hfmk,LOOSE CHANGE,Brent Faiyaz,2022-07-08,226011,WywS6n6TI9U,Brent Faiyaz - LOOSE CHANGE [Official Audio],Brent Faiyaz,227.0,100.0,False,"[""exact_channel_artist"", ""artist_in_title""]","[""official_audio""]",0.0043758932087376275,False,automatic,youtube_search,True
58ge6dfP91o9oXMzq3XkIS,505,Arctic Monkeys,2007-04-24,253586,CKI8iQTgZKU,Arctic Monkeys - 505,Pizza Music,252,100,False,"[""artist_in_title""]",,0.006309,False,automatic,user_or_pattern_selected (ambiguous),False
0wXThIDxO3YRJCpPgnmbkw,Where It Ends,Bailey Zimmerman,2023-01-11,179294,C7PHEPmdT1w,Bailey Zimmerman - Where It Ends (Lyric Video),Bailey Zimmerman,181.0,100.0,False,"[""exact_channel_artist"", ""artist_in_title""]","[""lyric_video""]",0.009515098107019756,False,automatic,youtube_search,True
6ufcuVInt0ocHrUimDjGlb,PLASTIC OFF THE SOFA,Beyoncé,2022-07-29,254319,M-ruSdKbQUM,Beyoncé - PLASTIC OFF THE SOFA (Official Lyric Video),Beyoncé,269.0,100.0,False,"[""exact_channel_artist"", ""artist_in_title""]","[""official_lyric_video""]",0.05772671330101172,False,automatic,youtube_search,True
27ZZdyTSQWI7Cug2d2PkqV,BILLIE EILISH.,Armani White,2022-05-19,99282,4vYOwhll1fs,Armani White - BILLIE EILISH.,Armani White,102.0,100.0,False,"[""exact_channel_artist"", ""artist_in_title""]",,0.027376563727563908,False,automatic,youtube_search,True
1dm6z1fWB0cErMszU25dy2,Después de la Playa,Bad Bunny,2022-05-06,230400,a5rlgE6dcBY,Bad Bunny - Después de la Playa (360° Visualizer) | Un Verano Sin Ti,Bad Bunny,231,69.099999999999994,False,"[""exact_channel_artist"", ""artist_in_title""]","[""visualizer""]",0.002604,False,automatic,user_or_pattern_selected (ambiguous),False
7wdwIaXUuzlu1grzWMFRJm,Mary On A Cross,Ghost,2022-09-12,244804,k5mX3NkA7jM,Ghost - Mary On A Cross (Official Audio),Ghost,245.0,100.0,False,"[""exact_channel_artist"", ""artist_in_title""]","[""official_audio""]",0.0008006405124099279,False,automatic,youtube_search,True
3XgGQ1wjo5khvq2UImjyNF,ALL MINE,Brent Faiyaz,2022-07-08,216062,sqgerBkCCWM,Brent Faiyaz - ALL MINE [Official Audio],Brent Faiyaz,217.0,100.0,False,"[""exact_channel_artist"", ""artist_in_title""]","[""official_audio""]",0.004341346465366423,False,automatic,youtube_search,True
3Osd3Yf8K73aj4ySn6LrvK,No Church In The Wild,JAŸ-Z,2011-08-08,272506,Vf0DX7PrMDI,No Church In The Wild,JAŸ-Z,273.0,100.0,False,"[""exact_channel_artist""]",,0.0018128041217441084,False,automatic,youtube_search,True
6AqwH2Y9FJwhUE2dCSkw1u,5 Foot 9,Tyler Hubbard,2022-05-20,189780,RK9rT1ck90E,Tyler Hubbard - 5 Foot 9 (Unofficial Video),Tyler Hubbard,190.0,100.0,False,"[""exact_channel_artist"", ""artist_in_title""]",,0.0011592370112762146,False,automatic,youtube_search,True
0WtM2NBVQNNJLh6scP13H8,Calm Down,Rema,2022-08-25,239317,CQLsdm1ZYAw,Rema - Calm Down (Official Music Video),Rema,220.0,100.0,False,"[""exact_channel_artist"", ""artist_in_title""]","[""official_music_video""]",0.08071720772030404,False,automatic,youtube_search,True
3wGT3OycqbsHFjIKMZ8EEq,"No Matter Which Direction I'm Going In, I Never Chase These Hoes",$uicideboy$,2022-07-29,154915,vmaP6EXMt8g,"$UICIDEBOY$ - NO MATTER WHICH DIRECTION I'M GOING IN, I NEVER CHASE THESE HOES (Lyric Video)",$uicideboy$,155.0,100.0,False,"[""exact_channel_artist"", ""artist_in_title""]","[""lyric_video""]",0.0005486879901881677,False,automatic,youtube_search,True
3SeeaIXnrCfT88vHVCRWHl,Last Night Lonely,Jon Pardi,2022-02-17,181990,gtsIM0_TCcU,Jon Pardi - Last Night Lonely (Official Audio),Jon Pardi,183.0,100.0,False,"[""exact_channel_artist"", ""artist_in_title""]","[""official_audio""]",0.005549755481070388,False,automatic,youtube_search,True
4pi1G1x8tl9VfdD9bL3maT,Big Energy,Latto,2022-03-25,172540,IpHPBIdrak4,Latto - Big Energy (Official Lyric Video),Latto,174.0,100.0,False,"[""exact_channel_artist"", ""artist_in_title""]","[""official_lyric_video""]",0.008461805958038715,False,automatic,youtube_search,True
44XjoNvtwevktFKjvVe1vH,Andrea,Bad Bunny,2022-05-06,339611,gjvTQTGogUM,Bad Bunny (ft. Buscabulla) - Andrea (360° Visualizer) | Un Verano Sin Ti,Bad Bunny,340,41.4,False,"[""exact_channel_artist"", ""artist_in_title""]","[""visualizer""]",0.001178,False,automatic,user_or_pattern_selected (ambiguous),False
1mMLMZYXkMueg65jRRWG1l,When It Rains It Pours,Luke Combs,2017-06-02,242680,eXQNv_jkOQc,Luke Combs - When It Rains It Pours (Lyric Video),Luke Combs,243.0,100.0,False,"[""exact_channel_artist"", ""artist_in_title""]","[""lyric_video""]",0.001318608867644635,False,automatic,youtube_search,True
6eT2V7nKXyMf47TwPbtgAD,Seek & Destroy,SZA,2022-12-09,203733,MjQUIq7Rjcc,SZA - Seek & Destroy (Lyric Video),SZA,205.0,100.0,False,"[""exact_channel_artist"", ""artist_in_title""]","[""lyric_video""]",0.006218923787506197,False,automatic,youtube_search,True
3eX0NZfLtGzoLUxPNvRfqm,Maroon,Taylor Swift,2022-10-21,218270,lvHZjvIyqsk,Taylor Swift - Maroon (Official Lyric Video),Taylor Swift,223.0,100.0,False,"[""exact_channel_artist"", ""artist_in_title""]","[""official_lyric_video""]",0.02167040821001512,False,automatic,youtube_search,True
7l2nxyx7IkBX5orhkALg0V,Privileged Rappers,Drake,2022-11-04,160821,lF3K70KR5Xk,"Drake, 21 Savage - Privileged Rappers (Audio)",Drake,161.0,100.0,False,"[""exact_channel_artist"", ""artist_in_title""]",,0.0011130387200676529,False,automatic,youtube_search,True
0wshkEEcJUQU33RSRBb5dv,BackOutsideBoyz,Drake,2022-11-04,152961,dAnxeopvrN0,BackOutsideBoyz,Drake,153.0,100.0,False,"[""exact_channel_artist""]",,0.00025496695236040557,False,automatic,youtube_search,True
2CSRrnOEELmhpq8iaAi9cd,Blind,SZA,2022-12-09,150720,8UEM0dKbzAA,SZA - Blind (Lyric Video),SZA,151.0,100.0,False,"[""exact_channel_artist"", ""artist_in_title""]","[""lyric_video""]",0.0018577494692144374,False,automatic,youtube_search,True
1rv46mRwDqMEhOBZ7vODg3,It's Beginning to Look a Lot like Christmas,Michael Bublé,2011-10-24,207199,0bhsXykXxfg,Michael Bublé - It's Beginning to Look a Lot Like Christmas (Official Music Video),Michael Bublé,208.0,100.0,False,"[""exact_channel_artist"", ""artist_in_title""]","[""official_music_video""]",0.003865848773401416,False,automatic,youtube_search,True
0vjeOZ3Ft5jvAi9SBFJm1j,Superhero (Heroes & Villains) [with Future & Chris Brown],Metro Boomin,2022-12-02,182666,QkaWdvv-jKg,"Metro Boomin, Future, Chris Brown - Superhero (Heroes & Villains) (Visualizer)",Metro Boomin,183.0,100.0,False,"[""exact_channel_artist"", ""artist_in_title""]","[""visualizer""]",0.0018284738265468123,False,automatic,youtube_search,True
4Flfb4fGscN9kXPOduQLrv,Treacherous Twins,Drake,2022-11-04,180098,jCtsnNpCDo0,"Drake, 21 Savage - Treacherous Twins (Audio)",Drake,181.0,100.0,False,"[""exact_channel_artist"", ""artist_in_title""]",,0.005008384324090218,False,automatic,youtube_search,True
410TZrK18uRjtsTunG14cl,Middle of the Ocean,Drake,2022-11-04,356389,IEueorPNpT0,Drake - Middle of the Ocean (Audio),Drake,357.0,100.0,False,"[""exact_channel_artist"", ""artist_in_title""]",,0.0017144187951928932,False,automatic,youtube_search,True
3pUa0ZxdSeaJXm0EIydD3F,"Would've, Could've, Should've",Taylor Swift,2022-10-21,260361,B-MfwP_RmHY,"Taylor Swift - Would've, Could've, Should've (Official Lyric Video)",Taylor Swift,264.0,100.0,False,"[""exact_channel_artist"", ""artist_in_title""]","[""official_lyric_video""]",0.01397674766958185,False,automatic,youtube_search,True
5BYl3SodS3rGmafWXRWmB7,The Great War,Taylor Swift,2022-10-21,240355,iFX6_9h7th0,Taylor Swift - The Great War (Official Lyric Video),Taylor Swift,244.0,100.0,False,"[""exact_channel_artist"", ""artist_in_title""]","[""official_lyric_video""]",0.015165068336419047,False,automatic,youtube_search,True
0sSRLXxknVTQDStgU1NqpY,Hours In Silence,Drake,2022-11-04,399153,6hfbHSItskQ,"Drake, 21 Savage - Hours In Silence (Audio)",Drake,400.0,100.0,False,"[""exact_channel_artist"", ""artist_in_title""]",,0.0021219933208569144,False,automatic,youtube_search,True
3EaJDYHA0KnX88JvDhL9oa,Dark Red,Steve Lacy,2017-02-20,173104,5da3D9ZfMQo,Steve Lacy - Dark Red (Lyrics),R&BHype,175,100,False,"[""artist_in_title""]","[""lyrics""]",0.010976,False,automatic,user_or_pattern_selected (ambiguous),False
7fUYUcWy853HS8YJn0b3Sr,Sleigh Ride,The Ronettes,2020-12-04,181266,XZTzai1H9DM,The Ronettes - Sleigh Ride (Official Audio),The Ronettes,183.0,100.0,False,"[""exact_channel_artist"", ""artist_in_title""]","[""official_audio""]",0.009566052100228394,False,automatic,youtube_search,True
1eIXYZWEfJO3Na2LCCnIJE,Love Language,SZA,2022-12-09,183893,mnjg0CK3Ltw,SZA - Love Language (Lyric Video),SZA,184.0,100.0,False,"[""exact_channel_artist"", ""artist_in_title""]","[""lyric_video""]",0.0005818601034297119,False,automatic,youtube_search,True
4fnNBPN9W6AoOYSQS3FJxT,Notice Me,SZA,2022-12-09,160920,pPyaKVgVnFI,SZA - Notice Me (Lyric Video),SZA,161.0,100.0,False,"[""exact_channel_artist"", ""artist_in_title""]","[""lyric_video""]",0.0004971414367387521,False,automatic,youtube_search,True
26hOm7dTtBi0TdpDGl141t,Die For You,Joji,2022-11-04,211666,kIEWJ1ljEro,Joji - Die For You,Joji,212.0,100.0,False,"[""exact_channel_artist"", ""artist_in_title""]",,0.001577957725851105,False,automatic,youtube_search,True
1TE8AAk9koG0UJco6ZAUfx,Rock and A Hard Place,Bailey Zimmerman,2023-01-11,207540,0XfOGBp52kc,Bailey Zimmerman - Rock and A Hard Place (Lyric Video),Bailey Zimmerman,207.0,100.0,False,"[""exact_channel_artist"", ""artist_in_title""]","[""lyric_video""]",0.0026019080659150044,False,automatic,youtube_search,True
6RJBrG3VHz2hPITjv88chh,Glitch,Taylor Swift,2022-10-21,148781,Y2a73EvnZ4s,Taylor Swift - Glitch (Official Lyric Video),Taylor Swift,152.0,100.0,False,"[""exact_channel_artist"", ""artist_in_title""]","[""official_lyric_video""]",0.021635827155349136,False,automatic,youtube_search,True
1Py8c3dkLF0YczcAyBFBEM,Never Hating,Lil Baby,2022-10-14,160776,3e3ngjzc3cw,Lil Baby - Never Hating (Lyric Video) ft. Young Thug,Lil Baby Official ,161.0,100.0,False,"[""exact_channel_artist"", ""artist_in_title""]","[""official_channel"", ""lyric_video""]",0.0013932427725531174,False,automatic,youtube_search,True
200x8ONbPfFzByUr3fVz46,She Had Me At Heads Carolina,Cole Swindell,2022-04-08,206106,pW98g-Fb-EU,Cole Swindell - She Had Me At Heads Carolina (Official Music Video),Cole Swindell,207.0,100.0,False,"[""exact_channel_artist"", ""artist_in_title""]","[""official_music_video""]",0.004337573869756339,False,automatic,youtube_search,True
0rHToGels2lt8Y0mCYoF90,Deck The Hall,Nat King Cole,2018-09-21,68760,kORRidv-p0Y,Nat King Cole - Deck The Halls (Lyric Video),Nat King Cole,69,96.3,True,"[""exact_channel_artist"", ""artist_in_title""]","[""lyric_video""]",0.002907,False,automatic,user_or_pattern_selected (ambiguous),False
5Y35SjAfXjjG0sFQ3KOxmm,Nobody Gets Me,SZA,2022-12-09,180853,Oxf8ULSB8yU,SZA - Nobody Gets Me (Lyric Video),SZA,181.0,100.0,False,"[""exact_channel_artist"", ""artist_in_title""]","[""lyric_video""]",0.0008128148275118466,False,automatic,youtube_search,True
0rKtyWc8bvkriBthvHKY8d,SLOW DANCING IN THE DARK,Joji,2018-10-26,209273,LUXu4aTnK7E,SLOW DANCING IN THE DARK,Joji,210.0,100.0,False,"[""exact_channel_artist""]",,0.0034739311808021102,False,automatic,youtube_search,True
1sUdq3kWa9dJXHu3eYOUll,"Spooky, Scary Skeletons - Undead Tombstone Remix",Andrew Gold,2019-10-18,125624,Qbwt0ks5Cvc,"Andrew Gold - Spooky, Scary Skeletons (Undead Tombstone Remix)",Andrew Gold,126.0,100.0,False,"[""exact_channel_artist"", ""artist_in_title""]",,0.002993058651213144,False,automatic,youtube_search,True
4xqrdfXkTW4T0RauPLv3WA,Heather,Conan Gray,2020-03-20,198040,GPUg7n8-M6o,Conan Gray - Heather (Official Lyric Video),Conan Gray,199.0,100.0,False,"[""exact_channel_artist"", ""artist_in_title""]","[""official_lyric_video""]",0.004847505554433448,False,automatic,youtube_search,True
7faDzZnZYqTyYThx2sbHVQ,Mistletoe And Holly - Remastered 1999,Frank Sinatra,1957-09-01,136426,XMA2wx9gUOY,Mistletoe and Holly (Remastered),Frank Sinatra,141,92.3,False,"[""exact_channel_artist""]",,0.033724,False,automatic,user_or_pattern_selected (ambiguous),False
30VrBsh1STRBoIrhQOAwzK,Disturbia,Rihanna,2007-03-31,238573,E1mU6h4Xdxc,Rihanna - Disturbia,Rihanna,262.0,100.0,False,"[""exact_channel_artist"", ""artist_in_title""]",,0.09819635918565806,False,automatic,youtube_search,True
0FqBNLXlTNimxmVRdDMj6b,1AM FREESTYLE,Joji,2022-11-04,113066,QTxMAycHnos,Joji - 1AM FREESTYLE,Joji,114.0,100.0,False,"[""exact_channel_artist"", ""artist_in_title""]",,0.008260661914280156,False,automatic,youtube_search,True
5TxRUOsGeWeRl3xOML59Ai,ARE WE STILL FRIENDS?,"Tyler, The Creator",2019-05-17,265480,VMFJwSR1MQQ,"Tyler, The Creator - ARE WE STILL FRIENDS?",Minimal Sounds,266,100,False,"[""artist_in_title""]",,0.001883,False,automatic,user_or_pattern_selected (ambiguous),False
1rXq0uoV4KTgRN64jXzIxo,One Thing At A Time,Morgan Wallen,2023-03-03,206864,aKA4wH3Mg7Y,Morgan Wallen - One Thing At A Time (Lyric Video),Morgan Wallen,207.0,100.0,False,"[""exact_channel_artist"", ""artist_in_title""]","[""lyric_video""]",0.0006574367700518215,False,automatic,youtube_search,True
4P9Q0GojKVXpRTJCaL3kyy,All Of The Girls You Loved Before,Taylor Swift,2019-08-23,221407,SpLJl9Au3fw,All Of The Girls You Loved Before,Taylor Swift,222.0,100.0,False,"[""exact_channel_artist""]",,0.0026783254368651396,False,automatic,youtube_search,True
03fs6oV5JAlbytRYf3371S,Everything I Love,Morgan Wallen,2023-03-03,187047,MEv4Hzf8Hhw,Morgan Wallen - Everything I Love (Lyric Video),Morgan Wallen,188.0,100.0,False,"[""exact_channel_artist"", ""artist_in_title""]","[""lyric_video""]",0.005094976128994317,False,automatic,youtube_search,True
7K3BhSpAxZBznislvUMVtn,Last Night,Morgan Wallen,2023-03-03,163854,TyjgBxIVmEc,Morgan Wallen - Last Night (Lyric Video),Morgan Wallen,162.0,100.0,False,"[""exact_channel_artist"", ""artist_in_title""]","[""lyric_video""]",0.011314951115017027,False,automatic,youtube_search,True
2dHHgzDwk4BJdRwy9uXhTO,Creepin',Metro Boomin,2022-12-02,221520,61ymOWwOwuk,"Metro Boomin, The Weeknd, 21 Savage - Creepin' (Visualizer)",Metro Boomin,222.0,100.0,False,"[""exact_channel_artist"", ""artist_in_title""]","[""visualizer""]",0.0021668472372697724,False,automatic,youtube_search,True
3qQbCzHBycnDpGskqOWY0E,Ella Baila Sola,Eslabon Armado,2023-04-28,165671,OAdErROwTEE,Ella Baila Sola,Eslabon Armado,158.0,100.0,False,"[""exact_channel_artist""]",,0.046302611802910586,False,automatic,youtube_search,True
0DWdj2oZMBFSzRsi2Cvfzf,TQG,KAROL G,2023-02-24,197933,jZGpkLElSu8,"KAROL G, Shakira - TQG (Official Video)",KAROL G,217.0,100.0,False,"[""exact_channel_artist"", ""artist_in_title""]","[""official_video""]",0.09633057650821238,False,automatic,youtube_search,True
7DSAEUvxU8FajXtRloy8M0,Flowers,Miley Cyrus,2023-08-18,200600,G7KNmW9a75Y,Miley Cyrus - Flowers (Official Video),MILEY,202,100,False,"[""artist_in_title""]","[""music_video""]",0.006979,False,automatic,user_or_pattern_selected (ambiguous),False
04CqLjewJiSAqM210vZAmT,River,Miley Cyrus,2023-03-10,162973,6GzyQiv6zJQ,Miley Cyrus - River (Official Lyric Video),MILEY,163,100,False,"[""artist_in_title""]","[""lyric_video""]",0.0,False,automatic,user_or_pattern_selected (ambiguous),False
3WMj8moIAXJhHsyLaqIIHI,Something in the Orange,Zach Bryan,2022-04-22,228013,Lw7Q19mtly0,Zach Bryan - Something in the Orange (Z&E's Version),Zach Bryan,255.0,100.0,False,"[""exact_channel_artist"", ""artist_in_title""]",,0.11835728664593685,False,automatic,youtube_search,True
2Jw3VjB1xy5KHBqEeAC6VK,Eat Your Young,Hozier,2023-03-17,242293,MuEy1HG5jUE,Hozier - Eat Your Young (Bekon's Choral Version - Official Audio),Hozier,221.0,100.0,False,"[""exact_channel_artist"", ""artist_in_title""]","[""official_audio""]",0.08788120168556252,False,automatic,youtube_search,True
0IKeDy5bT9G0bA7ZixRT4A,Bebe Dame,Fuerza Regida,2022-12-28,271861,Oie--p6YqJo,Fuerza Regida x Grupo Frontera - Bebe Dame,FUERZA REGIDA,270.0,100.0,False,"[""exact_channel_artist"", ""artist_in_title""]",,0.006845409970536414,False,automatic,youtube_search,True
42TtHTxWk782ZBiqyOi2d1,Dawns,Zach Bryan,2023-01-27,290892,dc3Gp4nEq_s,Zach Bryan (feat. Maggie Rogers) - Dawns,Zach Bryan,294.0,100.0,False,"[""exact_channel_artist"", ""artist_in_title""]",,0.010684377707190298,False,automatic,youtube_search,True
1Y3LN4zO1Edc2EluIoSPJN,Until I Found You,Stephen Sanchez,2022-04-22,176440,GxldQ9eX2wo,Stephen Sanchez - Until I Found You (Official Video),Stephen Sanchez,176.0,100.0,False,"[""exact_channel_artist"", ""artist_in_title""]","[""official_video""]",0.0024937655860349127,False,automatic,youtube_search,True
73zawW1ttszLRgT9By826D,Man Made A Bar,Morgan Wallen,2023-03-03,191231,sS8jpNdABgw,Morgan Wallen - Man Made A Bar (Lyric Video) ft. Eric Church,Morgan Wallen,190.0,100.0,False,"[""exact_channel_artist"", ""artist_in_title""]","[""lyric_video""]",0.006437240823924991,False,automatic,youtube_search,True
2wSTnntOPRi7aQneobFtU4,Shirt,SZA,2022-12-09,181840,dhWQX1rBm-8,SZA - Shirt (Lyric Video),SZA,183.0,100.0,False,"[""exact_channel_artist"", ""artist_in_title""]","[""lyric_video""]",0.0063792344918609765,False,automatic,youtube_search,True
12cZWGf5ZgLcKubEW9mx5q,HOPE,NF,2023-02-16,264473,YUdkYx9WH9k,LYRICS VIDEO | NF - HOPE,PrisemTV,267,47.1,False,"[""artist_in_title""]","[""lyrics""]",0.009452,False,automatic,user_or_pattern_selected (ambiguous),False
1BAU6v0fuAV914qMUEESR1,Born With A Beer In My Hand,Morgan Wallen,2023-03-03,188523,kEDD09hJQvM,Morgan Wallen - Born With A Beer In My Hand (Lyric Video),Morgan Wallen,189.0,100.0,False,"[""exact_channel_artist"", ""artist_in_title""]","[""lyric_video""]",0.0025301952546904092,False,automatic,youtube_search,True
0QHEIqNKsMoOY5urbzN48u,Made You Look,Meghan Trainor,2022-10-21,134256,2HKitdFks0o,Meghan Trainor - Made You Look (Official Lyric Video),Meghan Trainor,136.0,100.0,False,"[""exact_channel_artist"", ""artist_in_title""]","[""official_lyric_video""]",0.012990108449529258,False,automatic,youtube_search,True
6HMtHNpW6YPi1hrw9tgF8P,About Damn Time,Lizzo,2022-07-15,191937,tRQe3HjZEzw,About Damn Time,Lizzo Music,192,100,False,"[""artist_in_channel""]",,0.000521,False,automatic,user_or_pattern_selected (ambiguous),False
1vcJdUJDM2NVXBsGncmLyh,Keith Whitley,Morgan Wallen,2023-03-03,187518,woAVLTCYNFE,Morgan Wallen - Keith Whitley (Lyric Video),Morgan Wallen,188.0,100.0,False,"[""exact_channel_artist"", ""artist_in_title""]","[""lyric_video""]",0.0025704199063556563,False,automatic,youtube_search,True
2mpoNBkngUEwnaKoBhZ0vl,PRC,Peso Pluma,2023-01-23,184066,kJflWOiAc6I,"Peso Pluma, Natanael Cano - PRC (Video Oficial)",Peso Pluma,185.0,100.0,False,"[""exact_channel_artist"", ""artist_in_title""]",,0.005074266839068595,False,automatic,youtube_search,True
52ChYmfu792MW2Ezv0whpk,5 Leaf Clover,Luke Combs,2023-03-24,210850,8bxs6O3ipLw,Luke Combs - 5 Leaf Clover (Official Lyric Video),Luke Combs,213.0,100.0,False,"[""exact_channel_artist"", ""artist_in_title""]","[""official_lyric_video""]",0.010196822385582168,False,automatic,youtube_search,True
3Ga7Uele3zN57vQ4F0HPTW,Tennessee Fan,Morgan Wallen,2022-12-02,198255,wRMNGgRQwv4,Morgan Wallen - Tennessee Fan (Lyric Video),Morgan Wallen,199.0,100.0,False,"[""exact_channel_artist"", ""artist_in_title""]","[""lyric_video""]",0.003757786688860306,False,automatic,youtube_search,True
1N8TTK1Uoy7UvQNUazfUt5,SPIT IN MY FACE!,ThxSoMch,2022-12-20,147874,ZtCOsQqrBrs,ThxSoMch - SPIT IN MY FACE! (Official Audio),ThxSoMch,148.0,100.0,False,"[""exact_channel_artist"", ""artist_in_title""]","[""official_audio""]",0.0008520767680592937,False,automatic,youtube_search,True
5NzfnUyVaNrxa2VtoyBWlR,Tennessee Numbers,Morgan Wallen,2023-03-03,225127,OhrZzxwcyis,Morgan Wallen - Tennessee Numbers (Lyric Video),Morgan Wallen,226.0,100.0,False,"[""exact_channel_artist"", ""artist_in_title""]","[""lyric_video""]",0.0038778111910166262,False,automatic,youtube_search,True
0IdkFyYIDMhJqz0NL5zCk9,PAINTING PICTURES,mxmy,2023-03-08,121869,Z5h8pcnHtAE,How to Paint a Still Life With a Painting Knife in Oil - Orange Fruit,Fine Art-Tips,405,42.9,True,,,2.322395,False,automatic,user_or_pattern_selected (no_confident_match),False
474uVhyGgK5MtY9gMcDgGl,It's Called: Freefall,Rainbow Kitten Surprise,2018-04-06,152293,U2WDdccgaDY,Rainbow Kitten Surprise - It's Called: Freefall [Official Video],Rainbow Kitten Surprise,155.0,100.0,False,"[""exact_channel_artist"", ""artist_in_title""]","[""official_video""]",0.017774946977208408,False,automatic,youtube_search,True
5ht9obvnnWeW4eoRtPAoQD,Fact,Ghostluvme,2023-02-07,174373,6ooQrY4Gof0,Fact,ghostluvme - topic,175.0,100.0,False,"[""exact_channel_artist"", ""artist_in_channel""]","[""topic_channel""]",0.0035957401661954546,False,automatic,youtube_search,True
2ENexcMEMsYk0rVJigVD3i,Only Girl (In The World),Rihanna,2010-01-01,235493,pa14VNsdSYM,Rihanna - Only Girl (In The World),Rihanna,252.0,100.0,False,"[""exact_channel_artist"", ""artist_in_title""]",,0.07009550177712288,False,automatic,youtube_search,True
789CxjEOtO76BVD1A9yJQH,Stay,Rihanna,2012-01-01,240706,JF8BRvqGCNs,Rihanna - Stay ft. Mikky Ekko,Rihanna,248.0,100.0,False,"[""exact_channel_artist"", ""artist_in_title""]",,0.0303025267338579,False,automatic,youtube_search,True
4RvWPyQ5RL0ao9LPZeSouE,Everybody Wants To Rule The World,Tears For Fears,1985-02-25,251488,znDgBy2mHbc,Tears For Fears - Everybody Wants To Rule The World (Official Archive Video),Tears For Fears,252.0,100.0,False,"[""exact_channel_artist"", ""artist_in_title""]",,0.002035882427789795,False,automatic,youtube_search,True
1TUuhV75FeOF6UObRsABo2,Don't Think Jesus,Morgan Wallen,2022-04-15,226975,qN9IK7e9tEQ,Morgan Wallen - Don't Think Jesus (Lyric Video),Morgan Wallen,224.0,100.0,False,"[""exact_channel_artist"", ""artist_in_title""]","[""lyric_video""]",0.013107170393215111,False,automatic,youtube_search,True
6BePGk3eCan4FqaW2X8Qy3,10:35,Tiësto,2022-11-03,172252,EXIWlRrkjKE,Tiësto - 10:35 (feat. Tate McRae) (Official Music Video),Tiësto,182.0,100.0,False,"[""exact_channel_artist"", ""artist_in_title""]","[""official_music_video""]",0.05659150546873186,False,automatic,youtube_search,True
7mXuWTczZNxG5EDcjFEuJR,LADY GAGA,Peso Pluma,2023-06-29,212878,S_ppaN7zmdg,"LADY GAGA (Visualizer) - Peso Pluma, Gabito Ballesteros, Junior H",Peso Pluma,213,31.6,False,"[""exact_channel_artist"", ""artist_in_title""]","[""visualizer""]",0.00047,False,automatic,user_or_pattern_selected (ambiguous),False
4i6cwNY6oIUU2XZxPIw82Y,Karma,Taylor Swift,2023-05-26,201493,rg18Kf4en2o,Taylor Swift - Karma (Lyric Video),Taylor Swift,210.0,100.0,False,"[""exact_channel_artist"", ""artist_in_title""]","[""lyric_video""]",0.042219828976689015,False,automatic,youtube_search,True
741UUVE2kuITl0c6zuqqbO,Barbie World,Nicki Minaj,2023-06-23,109750,FahpcPq-07E,Barbie World (with Aqua),Nicki Minaj,110.0,100.0,False,"[""exact_channel_artist""]",,0.002277904328018223,False,automatic,youtube_search,True
5AqiaZwhmC6dIbgWrD5SzV,"Peso Pluma: Bzrp Music Sessions, Vol. 55",Bizarrap,2023-06-01,188361,v5_SYkFpFiY,PESO PLUMA || BZRP Music Sessions #55/66,Bizarrap,193.0,89.55223880597015,False,"[""exact_channel_artist""]",,0.024628240453172367,False,automatic,youtube_search,True
2yzshFeBIwH8tWIqHEFLeD,un x100to,Grupo Frontera,2023-08-25,194563,3inw26U-os4,Grupo Frontera x Bad Bunny - UN X100TO (Video Oficial),Grupo Frontera,195.0,100.0,False,"[""exact_channel_artist"", ""artist_in_title""]",,0.002246059117098318,False,automatic,youtube_search,True
368eeEO3Y2uZUQ6S5oIjcu,TQM,Fuerza Regida,2023-05-19,158964,DzTNN5Zzpok,Fuerza Regida - TQM [Official Video],FUERZA REGIDA,170.0,100.0,False,"[""exact_channel_artist"", ""artist_in_title""]","[""official_video""]",0.06942452379155029,False,automatic,youtube_search,True
7qLr3HMApUbyDkUvgIvHnB,Oh U Went,Young Thug,2023-06-23,185333,LeU_Z7ThICk,Young Thug - Oh U Went (feat. Drake) [Official Lyric Video],Young Thug,185.0,100.0,False,"[""exact_channel_artist"", ""artist_in_title""]","[""official_lyric_video""]",0.0017967658215212617,False,automatic,youtube_search,True
3xYJScVfxByb61dYHTwiby,Hits Different,Taylor Swift,2023-05-26,234466,mIikuqyja9Y,Hits Different,Taylor Swift,235.0,100.0,False,"[""exact_channel_artist""]",,0.0022775157165644488,False,automatic,youtube_search,True
0WoVfPjxsf9MTvPt9ptqeE,SLUT ME OUT,NLE Choppa,2023-04-14,123672,iss7pgQbQmo,NLE Choppa - Slut Me Out (Official Music Video),NLE CHOPPA,145.0,100.0,False,"[""exact_channel_artist"", ""artist_in_title""]","[""official_music_video""]",0.1724561743967915,False,automatic,youtube_search,True
3kf0WdFOalKWBkCCLJo4mA,El Gordo Trae El Mando,Chino Pacas,2023-01-27,112087,1HTzcaEC9Ks,Chino Pacas - El Gordo Trae El Mando [Video Visualizador Oficial],Chino Pacas,113.0,100.0,False,"[""exact_channel_artist"", ""artist_in_title""]",,0.008145458438534352,False,automatic,youtube_search,True
0AAMnNeIc6CdnfNU85GwCH,Self Love (Spider-Man: Across the Spider-Verse) (Metro Boomin & Coi Leray),Metro Boomin,2023-06-02,189466,-WOonkg_ZCo,"Metro Boomin, Coi Leray - Self Love (Spider-Man: Across the Spider-Verse)",Metro Boomin,190,79.3,False,"[""exact_channel_artist"", ""artist_in_title""]",,0.002639,False,automatic,user_or_pattern_selected (no_confident_match),False
4FyesJzVpA39hbYvcseO2d,Just Wanna Rock,Lil Uzi Vert,2022-10-17,123890,hqunRm_dSHw,Lil Uzi Vert - Just Wanna Rock [Official Visualizer],LIL UZI VERT,124.0,100.0,False,"[""exact_channel_artist"", ""artist_in_title""]","[""visualizer""]",0.0008878844135927032,False,automatic,youtube_search,True
1odExI7RdWc4BT515LTAwj,Daylight,David Kushner,2023-04-14,212953,MoN9ql6Yymw,David Kushner - Daylight (Official Music Video),David Kushner,230.0,100.0,False,"[""exact_channel_artist"", ""artist_in_title""]","[""official_music_video""]",0.08005052758120336,False,automatic,youtube_search,True
1bDbXMyjaUIooNwFE9wn0N,Rich Flex,Drake,2022-11-04,239359,I4DjHHVHWAE,"Drake, 21 Savage - Rich Flex (Audio)",Drake,240.0,100.0,False,"[""exact_channel_artist"", ""artist_in_title""]",,0.0026779857870395515,False,automatic,youtube_search,True
3RA55zrRkyPK8Fd86hrMy8,LUNA,Peso Pluma,2023-06-29,163551,LExSwglVFIw,"LUNA (Lyric Video) - Peso Pluma, Junior H",Peso Pluma,163,28.6,False,"[""exact_channel_artist"", ""artist_in_title""]","[""lyric_video""]",0.003667,False,automatic,user_or_pattern_selected (ambiguous),False
6unndO70DvZfnXYcYQMyQJ,Never Felt So Alone,Labrinth,2023-04-28,160166,lVCNgOi4kFg,Labrinth - Never Felt So Alone (Official Audio),Labrinth,161.0,100.0,False,"[""exact_channel_artist"", ""artist_in_title""]","[""official_audio""]",0.00520709763620244,False,automatic,youtube_search,True
0Ymjv0OJeIIPXr6s9wi3iW,MATHEMATICAL DISRESPECT,Lil Mabu,2023-05-05,88304,S0d1n4PsXTc,MATHEMATICAL DISRESPECT,Lil Mabu,89.0,100.0,False,"[""exact_channel_artist""]",,0.007881862656278311,False,automatic,youtube_search,True
2L9N0zZnd37dwF0clgxMGI,ceilings,Lizzy McAlpine,2022-04-08,182887,SOxmA-nKfbU,Lizzy McAlpine - ceilings (Official Audio),Lizzy McAlpine,183.0,100.0,False,"[""exact_channel_artist"", ""artist_in_title""]","[""official_audio""]",0.00061786786376287,False,automatic,youtube_search,True
4muwDurKeVOB1WBjTVRWlD,War Bout It,Lil Durk,2023-05-26,160202,tMXF8YtyyMc,Lil Durk - War Bout It,Lil Durk,161.0,100.0,False,"[""exact_channel_artist"", ""artist_in_title""]",,0.004981211220833698,False,automatic,youtube_search,True
3B0swL7Qil9bB7eKzBREBK,VVS,Peso Pluma,2023-06-29,162676,lW0mEjdwVo8,"VVS (Lyric Video) - Peso Pluma, Peso Pluma, Edgardo Nuñez, Los Dareyes De La Sierra",Peso Pluma,166,9,False,"[""exact_channel_artist"", ""artist_in_title""]","[""lyric_video""]",0.020283,False,automatic,user_or_pattern_selected (ambiguous),False
5wG3HvLhF6Y5KTGlK0IW3J,Trance,Metro Boomin,2022-12-02,194786,TxUdlC0057s,"Metro Boomin, Travis Scott, Young Thug - Trance (Visualizer)",Metro Boomin,195.0,100.0,False,"[""exact_channel_artist"", ""artist_in_title""]","[""visualizer""]",0.0010986415861509555,False,automatic,youtube_search,True
3ZEno9fORwMA1HPecdLi0R,HAPPY,NF,2023-04-07,242691,WZJh2VJMwkQ,NF - HAPPY (Lyrics),Unique Sound,244,100,False,"[""artist_in_title""]","[""lyrics""]",0.005356,False,automatic,user_or_pattern_selected (ambiguous),False
1haJsMtoBhHfvuM7XWuT3W,El Azul,Junior H,2023-02-10,187225,4RXnYfHUDJw,El Azul,Junior H,188.0,100.0,False,"[""exact_channel_artist""]",,0.004139404459874482,False,automatic,youtube_search,True
3F5CgOj3wFlRv51JsHbxhe,Jimmy Cooks,Drake,2022-06-17,218364,V7UgPHjN9qE,Drake - Jimmy Cooks (Audio) ft. 21 Savage,Drake,219.0,100.0,False,"[""exact_channel_artist"", ""artist_in_title""]",,0.0029125680057152277,False,automatic,youtube_search,True
58k32my5lKofeZRtIvBDg9,HONEST,Baby Keem,2019-07-19,172672,-r4Xcns47YA,Baby Keem - Honest (Official Video),Baby Keem,187.0,100.0,False,"[""exact_channel_artist"", ""artist_in_title""]","[""official_video""]",0.08297813194959229,False,automatic,youtube_search,True
3v3gyQkwRQGwDUZ7V2q2lF,WHAT A DAY,"Tyler, The Creator",2023-03-31,216884,J3olMh9iv0k,WHAT A DAY,"Tyler, The Creator",217.0,100.0,False,"[""exact_channel_artist""]",,0.000534848121576511,False,automatic,youtube_search,True
6DLbBlGIOjjEj0dNN25zhZ,Tennessee Orange,Megan Moroney,2023-05-05,223119,iopo-N8_euk,Megan Moroney - Tennessee Orange (Official Audio),Megan Moroney,225.0,100.0,False,"[""exact_channel_artist"", ""artist_in_title""]","[""official_audio""]",0.008430478802791335,False,automatic,youtube_search,True
1h0rVgfuKa6V9DkVSLAc4Q,back at it,Gunna,2023-06-16,186173,LWbUJuLSAeA,Gunna - back at it [Official Visualizer],Gunna,187.0,100.0,False,"[""exact_channel_artist"", ""artist_in_title""]","[""visualizer""]",0.004442104923914853,False,automatic,youtube_search,True
7kOletJ0Q5H4MWe7cfeZXP,Alone,Kim Petras,2023-04-21,185113,c_5AbgHmFqk,Kim Petras & Nicki Minaj - Alone (Official Music Video),Kim Petras,189.0,100.0,False,"[""exact_channel_artist"", ""artist_in_title""]","[""official_music_video""]",0.020997985014558674,False,automatic,youtube_search,True
3X6qK1LdMkSOhklwRa2ZfG,Danger (Spider) (Offset & JID),Offset,2023-06-02,205266,GizQn9rdiho,"Offset, JID - Danger (Spider) (Visualizer)",Metro Boomin,206,70.3,False,"[""artist_in_title""]","[""visualizer""]",0.00341,False,automatic,user_or_pattern_selected (no_confident_match),False
30bqVoKjX479ab90a8Pafp,Star Shopping,Lil Peep,2015-01-01,142000,m8QQR-wQA0I,Lil Peep - Star Shopping (Official Audio),Lil Peep,143.0,100.0,False,"[""exact_channel_artist"", ""artist_in_title""]","[""official_audio""]",0.007042253521126761,False,automatic,youtube_search,True
2dSKFFNoNXKo3hPnlwUdPe,They Don't Love It,Jack Harlow,2023-04-28,113292,5Z_uRnyxH5o,Jack Harlow - They Don't Love It [Official Lyric Video],Jack Harlow,114.0,100.0,False,"[""exact_channel_artist"", ""artist_in_title""]","[""official_lyric_video""]",0.006249337993856583,False,automatic,youtube_search,True
6wsqVwoiVH2kde4k4KKAFU,I KNOW ?,Travis Scott,2023-07-28,211582,fmdLsdmYzTo,Travis Scott - I KNOW ? (Official Audio),Travis Scott,214.0,100.0,False,"[""exact_channel_artist"", ""artist_in_title""]","[""official_audio""]",0.011428193324573925,False,automatic,youtube_search,True
4daEMLSZCgZ2Mt7gNm2SRa,Flooded The Face,Lil Uzi Vert,2023-06-30,192727,_yBh_I5BLRM,Lil Uzi Vert - Flooded The Face [Official Audio],LIL UZI VERT,193.0,100.0,False,"[""exact_channel_artist"", ""artist_in_title""]","[""official_audio""]",0.0014165114384595827,False,automatic,youtube_search,True
4kjI1gwQZRKNDkw1nI475M,MY EYES,Travis Scott,2023-07-28,251249,pildU9lK6vM,Travis Scott - MY EYES (Official Audio),Travis Scott,253.0,100.0,False,"[""exact_channel_artist"", ""artist_in_title""]","[""official_audio""]",0.006969181966893401,False,automatic,youtube_search,True
6wf7Yu7cxBSPrRlWeSeK0Q,"What Was I Made For? [From The Motion Picture ""Barbie""]",Billie Eilish,2023-07-13,222369,ML0zd8UAuq8,"Billie Eilish - What Was I Made For? (From The Motion Picture ""Barbie"") [The Barbie Montage]",Billie Eilish,218.0,84.03361344537815,False,"[""exact_channel_artist"", ""artist_in_title""]",,0.019647522811183215,False,automatic,youtube_search,True
67nepsnrcZkowTxMWigSbb,MELTDOWN,Travis Scott,2023-07-28,246133,LuKm4L9ryB0,Travis Scott - MELTDOWN (Official Audio) ft. Drake,Travis Scott,248.0,100.0,False,"[""exact_channel_artist"", ""artist_in_title""]","[""official_audio""]",0.0075853298826244345,False,automatic,youtube_search,True
78Du4CMFgnhdlG33gblkiP,Rich Men North of Richmond,Oliver Anthony Music,2023-08-11,187244,GHCDFb6aKTo,Oliver Anthony - Rich Men North of Richmond (Lyrics),Prestige Vibes,187,77.599999999999994,False,,"[""lyrics""]",0.001068,False,automatic,user_or_pattern_selected (no_confident_match),False
0lodMO0qK83vfPiiD7FMEt,TOPIA TWINS,Travis Scott,2023-07-28,223173,J4nvbKBuEBU,"Travis Scott - TOPIA TWINS (Official Audio) ft. Rob49, 21 Savage",Travis Scott,225.0,100.0,False,"[""exact_channel_artist"", ""artist_in_title""]","[""official_audio""]",0.008186474170262532,False,automatic,youtube_search,True
34sOdxWu9FljH84UXdRwu1,all-american bitch,Olivia Rodrigo,2023-09-08,165833,n2BnbpjpRdo,Olivia Rodrigo - all-american bitch (Official Lyric Video),Olivia Rodrigo,166.0,100.0,False,"[""exact_channel_artist"", ""artist_in_title""]","[""official_lyric_video""]",0.001007037200074774,False,automatic,youtube_search,True
1kuGVB7EU95pJObxwvfwKS,vampire,Olivia Rodrigo,2023-09-08,219724,Fqey8LxQxFU,Olivia Rodrigo - vampire (Official Lyric Video),Olivia Rodrigo,220.0,100.0,False,"[""exact_channel_artist"", ""artist_in_title""]","[""official_lyric_video""]",0.00125612131583259,False,automatic,youtube_search,True
0hL9gOw6XBWsygEUcVjxEc,HYAENA,Travis Scott,2023-07-28,222085,N20q-391r48,Travis Scott - HYAENA (Official Audio),Travis Scott,224.0,100.0,False,"[""exact_channel_artist"", ""artist_in_title""]","[""official_audio""]",0.008622824594186911,False,automatic,youtube_search,True
7C1BLYzAvR0KdBpov3GpUZ,El Dorado,Zach Bryan,2023-08-25,182855,PAfvSfmU37w,Zach Bryan - El Dorado,Zach Bryan,183.0,100.0,False,"[""exact_channel_artist"", ""artist_in_title""]",,0.0007929780427114381,False,automatic,youtube_search,True
4e3ZNTAV6PCrdYMUrUlMpQ,Electric Touch,Taylor Swift,2023-07-07,266466,hMPK2vNXr-E,Electric Touch (Taylor’s Version) (From The Vault) (Lyric Video),Taylor Swift,271,46.7,False,"[""exact_channel_artist""]","[""lyric_video""]",0.016886,False,automatic,user_or_pattern_selected (no_confident_match),False
4iZ4pt7kvcaH6Yo8UoZ4s2,Snooze,SZA,2022-12-09,201800,Sv5yCzPCkv8,SZA - Snooze (Audio),SZA,204.0,100.0,False,"[""exact_channel_artist"", ""artist_in_title""]",,0.010901883052527254,False,automatic,youtube_search,True
6dTA6y0C2ReQklntzZl8l3,The Story Of Us (Taylor's Version),Taylor Swift,2023-07-07,267653,pRhWAXg4xek,Taylor Swift - The Story Of Us (Taylor's Version) (Lyric Video),Taylor Swift,272.0,100.0,False,"[""exact_channel_artist"", ""artist_in_title""]","[""lyric_video""]",0.01624117794308302,False,automatic,youtube_search,True
6T7FXSuXykeGktMLGp8WgE,All My Life,Lil Durk,2023-05-26,223878,6CQ8GkIIDOk,All My Life,Lil Durk,224.0,100.0,False,"[""exact_channel_artist""]",,0.0005449396546333271,False,automatic,youtube_search,True
7eOuUmpnHBlg5zsm8Cs7c3,Summertime's Close,Zach Bryan,2023-08-25,186186,rX-8_rIe_F0,Zach Bryan - Summertime's Close,Zach Bryan,187.0,100.0,False,"[""exact_channel_artist"", ""artist_in_title""]",,0.004371972113907598,False,automatic,youtube_search,True
0zo975x58DlXbZllWvfYhg,When Emma Falls in Love (Taylor’s Version) (From The Vault),Taylor Swift,2023-07-07,252385,IYqgVYjN3Go,Taylor Swift - When Emma Falls in Love (Taylor’s Version) (Lyric Video),Taylor Swift,257.0,84.21052631578947,False,"[""exact_channel_artist"", ""artist_in_title""]","[""lyric_video""]",0.018285555797690037,False,automatic,youtube_search,True
22VHOlVYBqytsrAqV8yXBK,Dial Drunk,Noah Kahan,2023-07-18,213817,m9Kev73C2cc,Noah Kahan - Dial Drunk (Official Lyric Video),Noah Kahan,225,100,False,"[""exact_channel_artist"", ""artist_in_title""]","[""official_lyric_video""]",0.052385,False,automatic,user_or_pattern_selected (ambiguous),True
0bkV1iQHSxBaksUqgEkcbc,SKITZO,Travis Scott,2023-07-28,366592,Zk-4WvSPpac,Travis Scott - SKITZO (Official Audio) ft. Young Thug,Travis Scott,369.0,100.0,False,"[""exact_channel_artist"", ""artist_in_title""]","[""official_audio""]",0.006568610335195531,False,automatic,youtube_search,True
3a36nM6fPVA8K1vqq6d03o,x2,Lil Uzi Vert,2023-06-30,234324,ZrIUMxLmVAM,Lil Uzi Vert - x2 [Official Audio],LIL UZI VERT,235.0,100.0,False,"[""exact_channel_artist"", ""artist_in_title""]","[""official_audio""]",0.0028848944196923918,False,automatic,youtube_search,True
3hUxzQpSfdDqwM3ZTFQY0K,august,Taylor Swift,2020-07-24,261922,nn_0zPAfyo8,Taylor Swift – august (Official Lyric Video),Taylor Swift,264.0,100.0,False,"[""exact_channel_artist"", ""artist_in_title""]","[""official_lyric_video""]",0.007933659639129207,False,automatic,youtube_search,True
12nBPF4Rh4XLFJV0YLN7uj,Innocent (Taylor's Version),Taylor Swift,2023-07-07,301221,vO6JqQpJboY,Taylor Swift - Innocent (Taylor's Version) (Lyric Video),Taylor Swift,305.0,100.0,False,"[""exact_channel_artist"", ""artist_in_title""]","[""lyric_video""]",0.012545606050042991,False,automatic,youtube_search,True
0gWrMbx6pbdH3n3nsLjE55,Mourning,Post Malone,2023-05-19,147819,U2Ww0iPEet4,Post Malone - Mourning (Official Visualizer),Post Malone,148.0,100.0,False,"[""exact_channel_artist"", ""artist_in_title""]","[""visualizer""]",0.0012244704672606363,False,automatic,youtube_search,True
7sliFe6W30tPBPh6dvZsIH,Area Codes,Kaliii,2023-03-17,139325,mpK5PcoRMYw,Kaliii - Area Codes (Official Audio),Kaliii,139.0,100.0,False,"[""exact_channel_artist"", ""artist_in_title""]","[""official_audio""]",0.002332675399246366,False,automatic,youtube_search,True
3BHFResGQiUvbYToUdaDQz,Enough Is Enough,Post Malone,2023-07-28,165175,cuAeITCVKiU,Post Malone - Enough Is Enough (Official Audio),Post Malone,166.0,100.0,False,"[""exact_channel_artist"", ""artist_in_title""]","[""official_audio""]",0.004994702588164069,False,automatic,youtube_search,True
4YQImHflXSiIMXntcwPkx8,Bongos,Cardi B,2023-09-08,175099,1IVeyoNiguk,Cardi B - Bongos (feat. Megan Thee Stallion) [Official Audio],Cardi B,176.0,100.0,False,"[""exact_channel_artist"", ""artist_in_title""]","[""official_audio""]",0.005145660454942633,False,automatic,youtube_search,True
0fCwTrRNfoNk962ati8n2K,All Your'n,Tyler Childers,2019-08-02,218290,NfbEuyMAstg,Tyler Childers - All Your'n (Lyric Video),Tyler Childers,220.0,100.0,False,"[""exact_channel_artist"", ""artist_in_title""]","[""lyric_video""]",0.007833615832149893,False,automatic,youtube_search,True
0FA4wrjDJvJTTU8AepZTup,Watch This - ARIZONATEARS Pluggnb Remix,Lil Uzi Vert,2023-02-05,163139,qiFbmEi2pm0,Lil Uzi Vert - Watch This (Pluggnb Remix) (Prod. 🌊ARIZONATEARS🌊),ARIZONATEARS,165,78.7,False,"[""artist_in_title""]",,0.011649,False,automatic,user_or_pattern_selected (no_confident_match),False
4qtxILwBcAHEHbG7R0xF4r,Hold My Breath,Post Malone,2023-07-28,208904,5aNssrGxEaU,Post Malone - Hold My Breath (Official Audio),Post Malone,210.0,100.0,False,"[""exact_channel_artist"", ""artist_in_title""]","[""official_audio""]",0.005246428981733236,False,automatic,youtube_search,True
6kQF79mjbOkvuRvg0J2XZv,Died and Came Back,Lil Uzi Vert,2023-06-30,180636,pr-aXv92UnQ,Lil Uzi Vert - Died and Came Back [Official Audio],LIL UZI VERT,181.0,100.0,False,"[""exact_channel_artist"", ""artist_in_title""]","[""official_audio""]",0.002015102194468434,False,automatic,youtube_search,True
7rzNKooM3JrKVT40fR22HI,Not Even Ghosts Are This Empty,$uicideboy$,2023-08-11,180774,sxkmlZkp6ag,$UICIDEBOY$ - NOT EVEN GHOSTS ARE THIS EMPTY,$uicideboy$,160.0,100.0,False,"[""exact_channel_artist"", ""artist_in_title""]",,0.1149169681480744,False,automatic,youtube_search,True
6WzRpISELf3YglGAh7TXcG,Popular,The Weeknd,2023-06-02,215466,K6WCcBP4lSs,"The Weeknd, Playboi Carti, Madonna - Popular (Official Audio)",The Weeknd,216.0,100.0,False,"[""exact_channel_artist"", ""artist_in_title""]","[""official_audio""]",0.0024783492523182313,False,automatic,youtube_search,True
0JXXNGljqupsJaZsgSbMZV,Sure Thing,Miguel,2010-11-30,195373,q4GJVOMjCC4,Miguel - Sure Thing (Official Video),Miguel,202.0,100.0,False,"[""exact_channel_artist"", ""artist_in_title""]","[""official_video""]",0.03391973302349864,False,automatic,youtube_search,True
3fqwjXwUGN6vbzIwvyFMhx,Tennessee Whiskey,Chris Stapleton,2015-05-04,293293,4zAThXFOy2c,Chris Stapleton - Tennessee Whiskey (Official Audio),Chris Stapleton,294.0,100.0,False,"[""exact_channel_artist"", ""artist_in_title""]","[""official_audio""]",0.0024105587245518987,False,automatic,youtube_search,True
4ZT0wGKwlJRjpMUuwZVy3p,Daylight,Drake,2023-10-06,164142,UklHtii5u3s,Drake - Daylight (Audio),Drake,165.0,100.0,False,"[""exact_channel_artist"", ""artist_in_title""]",,0.005227181342983514,False,automatic,youtube_search,True
2nibvvDdAQkVraYP00z2RS,Calling For You,Drake,2023-10-06,285630,Z06HSkhGuK4,Drake - Calling For You (Audio) ft. 21 Savage,Drake,286.0,100.0,False,"[""exact_channel_artist"", ""artist_in_title""]",,0.0012953821377306306,False,automatic,youtube_search,True
4rXLjWdF2ZZpXCVTfWcshS,fukumean,Gunna,2023-06-16,125040,JkivGEynAtA,Gunna - fukumean [Official Lyric Video],Gunna,125.0,100.0,False,"[""exact_channel_artist"", ""artist_in_title""]","[""official_lyric_video""]",0.0003198976327575176,False,automatic,youtube_search,True
1Iq8oo9XkmmvCQiGOfORiz,Is It Over Now? (Taylor's Version) (From The Vault),Taylor Swift,2023-10-26,229477,tNxUxm3-658,Taylor Swift - Is It Over Now? (Taylor's Version) (From The Vault) (Lyric Video),Taylor Swift,235.0,100.0,False,"[""exact_channel_artist"", ""artist_in_title""]","[""lyric_video""]",0.024067771497797166,False,automatic,youtube_search,True
3nNmRE0DxHC6ZaKkrpUumS,FINA,Bad Bunny,2023-10-13,216327,xYixQwmhUxk,BAD BUNNY ft. YOUNG MIKO - FINA (Visualizer) | nadie sabe lo que va a pasar mañana,Bad Bunny,217,18.2,False,"[""exact_channel_artist"", ""artist_in_title""]","[""visualizer""]",0.003236,False,automatic,user_or_pattern_selected (ambiguous),False
5KD6AEm19QnMbfWpfoOHMl,Now That We Don't Talk (Taylor's Version) (From The Vault),Taylor Swift,2023-10-26,146436,yF4ulRTCn44,Taylor Swift - Now That We Don't Talk (Taylor's Version) (From The Vault) (Lyric Video),Taylor Swift,152.0,100.0,False,"[""exact_channel_artist"", ""artist_in_title""]","[""lyric_video""]",0.037996121172389305,False,automatic,youtube_search,True
1hR8BSuEqPCCZfv93zzzz9,Welcome To New York (Taylor's Version),Taylor Swift,2023-10-26,212600,FsGdznlfE2U,Taylor Swift - Welcome To New York (Taylor's Version) (Lyric Video),Taylor Swift,218.0,100.0,False,"[""exact_channel_artist"", ""artist_in_title""]","[""lyric_video""]",0.02539981185324553,False,automatic,youtube_search,True
4OMJGnvZfDvsePyCwRGO7X,Houdini,Dua Lipa,2023-11-09,185917,suAR1PYFNYA,Dua Lipa - Houdini (Official Music Video),Dua Lipa,189.0,100.0,False,"[""exact_channel_artist"", ""artist_in_title""]","[""official_music_video""]",0.016582668610186264,False,automatic,youtube_search,True
2ve0kuaWUCt4Zx8x4bf1MR,Wonderland (Taylor's Version),Taylor Swift,2023-10-26,245566,JhICcmiIE80,Taylor Swift - Wonderland (Taylor's Version) (Lyric Video),Taylor Swift,251.0,100.0,False,"[""exact_channel_artist"", ""artist_in_title""]","[""lyric_video""]",0.022128470553741154,False,automatic,youtube_search,True
2ByBBvpR9b7IynvRmnG7kG,Clean (Taylor's Version),Taylor Swift,2023-10-26,271000,AppsjTInqiw,Taylor Swift - Clean (Taylor's Version) (Lyric Video),Taylor Swift,277.0,100.0,False,"[""exact_channel_artist"", ""artist_in_title""]","[""lyric_video""]",0.02214022140221402,False,automatic,youtube_search,True
4PS1e8f2LvuTFgUs1Cn3ON,The Christmas Song (Merry Christmas To You),Nat King Cole,2018-09-21,192160,e4IeOjpe2p8,Nat King Cole - The Christmas Song (Merry Christmas To You) (Lyric Video),Nat King Cole,194.0,100.0,False,"[""exact_channel_artist"", ""artist_in_title""]","[""lyric_video""]",0.009575353871773521,False,automatic,youtube_search,True
1ODFVLQszq0hCOdZtqV5wq,MR. OCTOBER,Bad Bunny,2023-10-13,189258,Q5GswxdmfPI,BAD BUNNY - MR. OCTOBER (Visualizer) | nadie sabe lo que va a pasar mañana,Bad Bunny,190,35.700000000000003,False,"[""exact_channel_artist"", ""artist_in_title""]","[""visualizer""]",0.003698,False,automatic,user_or_pattern_selected (ambiguous),False
3pv7Q5v2dpdefwdWIvE7yH,Shake It Off (Taylor's Version),Taylor Swift,2023-10-26,219209,mvVBuG4IOW4,Taylor Swift - Shake It Off (Taylor's Version) (Lyric Video),Taylor Swift,225.0,100.0,False,"[""exact_channel_artist"", ""artist_in_title""]","[""lyric_video""]",0.02641771095164888,False,automatic,youtube_search,True
75W3SngKzTuoQ94uLf3y82,How You Get The Girl (Taylor's Version),Taylor Swift,2023-10-26,247533,rnwD7veCoFQ,Taylor Swift - How You Get The Girl (Taylor's Version) (Lyric Video),Taylor Swift,253.0,100.0,False,"[""exact_channel_artist"", ""artist_in_title""]","[""lyric_video""]",0.02208594409634271,False,automatic,youtube_search,True
4so0Wek9Ig1p6CRCHuINwW,White Christmas,Bing Crosby,1942-01-01,177480,v5ryZdpEHqM,White Christmas (Official Video),Bing Crosby,204.0,100.0,False,"[""exact_channel_artist""]","[""official_video""]",0.14942528735632185,False,automatic,youtube_search,True
1yeB8MUNeLo9Ek1UEpsyz6,Rich Baby Daddy,Drake,2023-10-06,319191,F7o0upORtCw,"Drake - Rich Baby Daddy (Audio) ft. Sexyy Red, SZA",Drake,320.0,100.0,False,"[""exact_channel_artist"", ""artist_in_title""]",,0.0025345326152679745,False,automatic,youtube_search,True
6uIIdjYTxxpWOyWuVXrKQO,Que Onda,Calle 24,2023-08-30,191466,cu37cCI0Liw,Que Onda - Calle 24 x Chino Pacas x Fuerza Regida (Letra/Lyrics),YoungKingz,192,30.8,False,"[""artist_in_title""]","[""lyrics""]",0.002611,False,automatic,user_or_pattern_selected (ambiguous),False
01ppKlDRCmPpusO3yNrSRY,TELEFONO NUEVO,Bad Bunny,2023-10-13,354784,1DXmmZ7Hngw,BAD BUNNY ft. LUAR LA L - TELEFONO NUEVO (Visualizer) | nadie sabe lo que va a pasar mañana,Bad Bunny,355,43.8,False,"[""exact_channel_artist"", ""artist_in_title""]","[""visualizer""]",0.000564,False,automatic,user_or_pattern_selected (no_confident_match),False
4UwqOWDpdeIDVQDuKT6iza,You Are In Love (Taylor's Version),Taylor Swift,2023-10-26,267389,M7ySK0keirY,Taylor Swift - You Are In Love (Taylor's Version) (Lyric Video),Taylor Swift,273.0,100.0,False,"[""exact_channel_artist"", ""artist_in_title""]","[""lyric_video""]",0.020984408483520265,False,automatic,youtube_search,True
1a73gcEg6h6Re6hHXoVltJ,FTCU,Nicki Minaj,2023-12-08,172137,zE53Otfrr0k,Nicki Minaj - FTCU (Official Audio),Nicki Minaj,173.0,100.0,False,"[""exact_channel_artist"", ""artist_in_title""]","[""official_audio""]",0.005013448590366975,False,automatic,youtube_search,True
17cia5k4BpGVlyEfqrFH50,Can’t Catch Me Now - from The Hunger Games: The Ballad of Songbirds & Snakes,Olivia Rodrigo,2023-11-17,205483,UjvcgfYB6T0,Can’t Catch Me Now (Lyric Video from The Hunger Games: The Ballad of Songbirds & Snakes),Olivia Rodrigo,205.0,100.0,False,"[""exact_channel_artist""]","[""lyric_video""]",0.002350559413674124,False,automatic,youtube_search,True
6dBUzqjtbnIa1TwYbyw5CM,Lovers Rock,TV Girl,2014-06-05,213920,w6C4zvCwaHo,TV Girl - Lovers Rock,annafryl,214,100,False,"[""artist_in_title""]",,0.000468,False,automatic,user_or_pattern_selected (ambiguous),False
0xxZY5C9xxij3D1HkzbnfC,Monster Mash,"Bobby ""Boris"" Pickett & The Crypt-Kickers",1962-01-01,192040,tsPdVsIXqzU,"Bobby ""Boris"" Pickett, The Crypt-Kickers - Monster Mash (Lyric Video)","BobbyPickettVEVO and Bobby ""Boris"" Pickett",195,38.700000000000003,False,"[""artist_in_title""]","[""lyric_video""]",0.015625,False,automatic,user_or_pattern_selected (no_confident_match),False
1SV1fxF65n9NhRHp3KlBuu,Wonderful Christmastime - Edited Version / Remastered 2011,Paul McCartney,1980-05-16,227653,2TfWo3GsIII,Wonderful Christmastime (Edited Version / Remastered 2011),PAUL McCARTNEY,228.0,100.0,False,"[""exact_channel_artist""]",,0.001524249625526569,False,automatic,youtube_search,True
0PAcdVzhPO4gq1Iym9ESnK,Thinkin’ Bout Me,Morgan Wallen,2023-03-03,177387,5DCdL1zdpdM,Morgan Wallen - Thinkin' Bout Me (Lyric Video),Morgan Wallen,175.0,100.0,False,"[""exact_channel_artist"", ""artist_in_title""]","[""lyric_video""]",0.013456453967878142,False,automatic,youtube_search,True
5W4kiM2cUYBJXKRudNyxjW,You Proof,Morgan Wallen,2023-03-03,157477,oSBh6a0QJg8,Morgan Wallen - You Proof (Lyric Video),Morgan Wallen,158.0,100.0,False,"[""exact_channel_artist"", ""artist_in_title""]","[""lyric_video""]",0.0033211199095740966,False,automatic,youtube_search,True
5CscrLqFBgPfZR8fGtikov,making the bed,Olivia Rodrigo,2023-09-08,198866,OuuBnf2aGCc,Olivia Rodrigo - making the bed (Official Lyric Video),Olivia Rodrigo,199.0,100.0,False,"[""exact_channel_artist"", ""artist_in_title""]","[""official_lyric_video""]",0.0006738205625898846,False,automatic,youtube_search,True
3kfhS2L56Wj8fBcu7xE47H,Turks & Caicos,Rod Wave,2023-09-15,203345,ltxOOGKZLs0,Rod Wave - Turks & Caicos Ft. 21 Savage (Official Audio),RodWave,204.0,100.0,False,"[""exact_channel_artist"", ""artist_in_title""]","[""official_audio""]",0.0032211266566672405,False,automatic,youtube_search,True
38R5sydMbsBzSPGPMfmtpb,MR. TAKE YA B*TCH (FEAT. CHRISEANROCK),Lil Mabu,2023-10-17,108750,b_rpj_nMWBI,Lil Mabu x ChriseanRock - MR. TAKE YA B*TCH (Official Music Video),Lil Mabu,109.0,100.0,False,"[""exact_channel_artist"", ""artist_in_title""]","[""official_music_video""]",0.0022988505747126436,False,automatic,youtube_search,True
0hvN2v6fAcB6xWyW7UaooA,(There's No Place Like) Home for the Holidays - 1959 Version,Perry Como,1991-08-26,175893,Ha4qcLzD2jU,(There's No Place Like) Home for the Holidays (1959 Version),Perry Como,176.0,100.0,False,"[""exact_channel_artist""]",,0.000608324379025885,False,automatic,youtube_search,True
0Ie5uiv54KgCr7P4sYDTHl,Baby It's Cold Outside (duet with Michael Bublé),Idina Menzel,2014-10-10,166146,TuvShrzC_wM,Idina Menzel - Baby It's Cold Outside (with Michael Bublé) | Lyrics,Sunset Sounds,167,100,False,"[""artist_in_title""]","[""lyrics""]",0.005418,False,automatic,user_or_pattern_selected (ambiguous),False
4HeViKsdSOLkOvwfcRVkK8,Mamaw's House,Thomas Rhett,2023-09-29,187269,OLbtjbEcQEg,Thomas Rhett - Mamaw's House (Lyric Video) ft. Morgan Wallen,Thomas Rhett,192.0,100.0,False,"[""exact_channel_artist"", ""artist_in_title""]","[""lyric_video""]",0.025263124168976178,False,automatic,youtube_search,True
7fveJ3pk1eSfxBdVkzdXZ0,Cowgirls,Morgan Wallen,2023-03-03,181621,UpYu9FgcxKo,Morgan Wallen - Cowgirls (Lyric Video) ft. ERNEST,Morgan Wallen,182.0,100.0,False,"[""exact_channel_artist"", ""artist_in_title""]","[""lyric_video""]",0.0020867630945760676,False,automatic,youtube_search,True
1SjsVdSXpwm1kTdYEHoPIT,Sun to Me,Zach Bryan,2022-05-20,163031,-s5-VXG7Qio,Zach Bryan - Sun to Me,Zach Bryan,164.0,100.0,False,"[""exact_channel_artist"", ""artist_in_title""]",,0.00594365488772074,False,automatic,youtube_search,True
5P8Xvy5tzhmfyfA6GplQ8h,I Want a Hippopotamus for Christmas (Hippo the Hero),Gayla Peevey,1953-11-11,155466,LWJvtX0r_wU,I Want A Hippopotamus For Christmas (Hippo The Hero),Gayla Peevey - Topic,158.0,100.0,False,"[""exact_channel_artist"", ""artist_in_channel""]","[""topic_channel""]",0.016299383788095145,False,automatic,youtube_search,True
41onDks2UPbyjer5fMeUWf,Christmas In Hollis,Run–D.M.C.,1988-09-16,178613,C0b8FqocXcU,Christmas In Hollis,Run DMC,180.0,100.0,False,"[""exact_channel_artist""]",,0.007765392216691954,False,automatic,youtube_search,True
3RwWW7KeVhHGayYJgUL5eZ,eternal sunshine,Ariana Grande,2024-03-08,210200,dS_HLHozs1E,Ariana Grande - eternal sunshine (lyric visualizer),Ariana Grande,211.0,100.0,False,"[""exact_channel_artist"", ""artist_in_title""]","[""visualizer""]",0.003805899143672693,False,automatic,youtube_search,True
5tEaVciE2GnR28aN6W9cLS,FUK SUMN,¥$,2024-02-09,209577,xd2SEKy6HIM,FUK SUMN,¥$ - Topic,210.0,100.0,False,,"[""topic_channel""]",0.002018351250375757,False,automatic,youtube_search,True
28drn6tQo95MRvO0jQEo5C,Type Shit,Future,2024-03-22,228266,XcK8JdVlcXY,"Future, Metro Boomin, Travis Scott, Playboi Carti - Type Shit (Official Audio)",Future,230.0,100.0,False,"[""exact_channel_artist"", ""artist_in_title""]","[""official_audio""]",0.007596400690422577,False,automatic,youtube_search,True
2tudvzsrR56uom6smgOcSf,Like That,Future,2024-03-22,267706,N9bKBAA22Go,"Future, Metro Boomin, Kendrick Lamar - Like That (Official Audio)",Future,270.0,100.0,False,"[""exact_channel_artist"", ""artist_in_title""]","[""official_audio""]",0.008569101925246353,False,automatic,youtube_search,True
0Lmbke3KNVFXtoH2mMSHCw,the boy is mine,Ariana Grande,2024-03-08,173639,ZqCWXdZFc58,Ariana Grande - the boy is mine (lyric visualizer),Ariana Grande,174.0,100.0,False,"[""exact_channel_artist"", ""artist_in_title""]","[""visualizer""]",0.0020790260252593023,False,automatic,youtube_search,True
79AHPJd8upvNxyK2qQcY8J,HISS,Megan Thee Stallion,2024-01-26,192818,lQpVjx0vRFY,Megan Thee Stallion - HISS [Official Audio],Megan Thee Stallion,193.0,100.0,False,"[""exact_channel_artist"", ""artist_in_title""]","[""official_audio""]",0.000943895279486355,False,automatic,youtube_search,True
3w0w2T288dec0mgeZZqoNN,CARNIVAL,¥$,2024-02-09,264324,pEskP0ulPlA,"¥$, Ye, Ty Dolla $ign - CARNIVAL ft. Playboi Carti & Rich The Kid",Kanye West,262,100,False,,,0.008702,False,automatic,user_or_pattern_selected (no_confident_match),False
7KA4W4McWYRpgf0fWsJZWB,See You Again,"Tyler, The Creator",2017-07-21,180386,TGgcC5xg9YI,SEE YOU AGAIN featuring Kali Uchis,"Tyler, The Creator",203.0,100.0,False,"[""exact_channel_artist""]",,0.12536449613606376,False,automatic,youtube_search,True
347AQK5Lyhn6RvB8tBGYxt,STARS,¥$,2024-02-09,115238,rvj-qvLiWrY,Kanye West & Ty Dolla $ign - STARS (Audio),RapXtreme,116,20.0,False,exact_channel_artist | title_verified,official_channel | verified_audio,0.006944,False,automatic,user_or_pattern_selected (no_confident_match),True
6rjuKpPydT2SxN15TZpV7r,500lbs,Lil Tecca,2023-09-22,144390,coqEyxNcJmA,Lil Tecca - 500lbs (Official Audio),Lil Tecca,148.0,100.0,False,"[""exact_channel_artist"", ""artist_in_title""]","[""official_audio""]",0.02500173142184362,False,automatic,youtube_search,True
42VsgItocQwOQC3XWZ8JNA,FE!N,Travis Scott,2023-07-28,191700,U-l4ya3ejko,Travis Scott - FE!N (Official Audio) ft. Playboi Carti,Travis Scott,194.0,100.0,False,"[""exact_channel_artist"", ""artist_in_title""]","[""official_audio""]",0.011997913406364111,False,automatic,youtube_search,True
1udwFobQ1JoOdWPQrp2b6u,Surround Sound,JID,2022-10-31,229938,Wi8ahP6ADFU,Surround Sound,JID,230.0,100.0,False,"[""exact_channel_artist""]",,0.0002696379023910793,False,automatic,youtube_search,True
7aqfrAY2p9BUSiupwk3svU,First Person Shooter,Drake,2023-10-06,247444,sRs2o36a1Us,Drake - First Person Shooter (Audio) ft. J. Cole,Drake,248.0,100.0,False,"[""exact_channel_artist"", ""artist_in_title""]",,0.002246973052488644,False,automatic,youtube_search,True
6tNgRQ0K2NYZ0Rb9l9DzL8,obsessed,Olivia Rodrigo,2024-03-22,170541,CxFa6r8uRNw,Olivia Rodrigo - obsessed (Official Lyric Video),Olivia Rodrigo,171.0,100.0,False,"[""exact_channel_artist"", ""artist_in_title""]","[""official_lyric_video""]",0.0026914349042165813,False,automatic,youtube_search,True
2YSzYUF3jWqb9YP9VXmpjE,IDGAF,Drake,2023-10-06,260111,fCRCLsJQWUQ,Drake - IDGAF (Audio) ft. Yeat,Drake,261.0,100.0,False,"[""exact_channel_artist"", ""artist_in_title""]",,0.003417771643644444,False,automatic,youtube_search,True
04CyMEHliadfQWMUJb1w99,BURN,¥$,2024-02-09,111458,XA4lNmf-KCk,BURN - Kanye West & Ty Dolla $ign (lyrics),Plug Hub,112,16.7,False,exact_channel_artist | title_verified,official_channel | verified_audio,0.004484,False,automatic,user_or_pattern_selected (no_confident_match),True
7pBcryEKcUEaWHwAu1wUyP,Magic Don Juan (Princess Diana),Future,2024-03-22,220733,MfTFbkKHPGI,"Future, Metro Boomin - Magic Don Juan (Princess Diana) (Official Audio)",Future,223.0,100.0,False,"[""exact_channel_artist"", ""artist_in_title""]","[""official_audio""]",0.010270326593667462,False,automatic,youtube_search,True
003vvx7Niy0yvhvHt4a68B,Mr. Brightside,The Killers,2004-01-01,222973,gGdGFtwCNBE,The Killers - Mr. Brightside (Official Music Video),TheKillersMusic,228.0,100.0,False,"[""artist_in_channel"", ""artist_in_title""]","[""official_music_video""]",0.022545330600565988,False,automatic,youtube_search,True
4q7y1JFDBJSBSLqXVgcI51,Runnin Outta Time,Future,2024-03-22,205480,Vv5UuKSBhZg,"Future, Metro Boomin - Runnin Outta Time (Official Audio)",Future,208.0,100.0,False,"[""exact_channel_artist"", ""artist_in_title""]","[""official_audio""]",0.012263967296087211,False,automatic,youtube_search,True
2y4ZR0BUAVePljHSsZyIgj,PAID,¥$,2024-02-09,195117,GErG9femMQk,Lil Baby x 42 Dugg - We Paid (Official Video),Lil Baby Official,175,26.7,False,,"[""official_channel"", ""official_video""]",0.103024,False,automatic,user_or_pattern_selected (no_confident_match),True
2K7sv1mno9PvbXVBpqvSKn,sneaky,21 Savage,2024-01-12,201672,XlhYUaLVQXc,21 Savage - sneaky (Official Audio),21 Savage,204.0,100.0,False,"[""exact_channel_artist"", ""artist_in_title""]","[""official_audio""]",0.011543496370343924,False,automatic,youtube_search,True
3xKsf9qdS1CyvXSMEid6g8,Pink + White,Frank Ocean,2016-08-20,184516,uzS3WG6__G4,Frank Ocean - Pink + White,Blonded,185,100,False,"[""artist_in_title""]",,0.00271,False,automatic,user_or_pattern_selected (ambiguous),False
7hVb3OyFkgxDgpTdrOX6dT,KEYS TO MY LIFE,¥$,2024-02-09,174083,kX3ivxNp9PY,KEYS TO MY LIFE,¥$ - Topic,175.0,100.0,False,,"[""topic_channel""]",0.005267602235715148,False,automatic,youtube_search,True
0caJ2wkqp4UmXBwdR2JvB5,Dial Drunk,Noah Kahan,2023-06-09,213817,m9Kev73C2cc,Noah Kahan - Dial Drunk (Official Lyric Video),Noah Kahan,225,100,False,"[""exact_channel_artist"", ""artist_in_title""]","[""official_lyric_video""]",0.052385,False,automatic,user_or_pattern_selected (ambiguous),True
086myS9r57YsLbJpU0TgK9,Why'd You Only Call Me When You're High?,Arctic Monkeys,2013-09-09,161123,3oK22ll4cxw,Arctic Monkeys - Why'd You Only Call Me When You're High?,Rodrigo Lima,162,100,False,"[""artist_in_title""]",,0.005587,False,automatic,user_or_pattern_selected (ambiguous),False
4yreExU3eRNTe2iJz6X6k3,american dream,21 Savage,2024-01-12,63415,xH3nqcOA2DA,21 Savage - american dream (Official Audio),21 Savage,65.0,100.0,False,"[""exact_channel_artist"", ""artist_in_title""]","[""official_audio""]",0.024994086572577467,False,automatic,youtube_search,True
72qABvaqn3TP6drO2tByA6,Ain't No Love,Future,2024-03-22,182840,Dat993XlIf0,"Future, Metro Boomin - Ain't No Love (Official Audio)",Future,185.0,100.0,False,"[""exact_channel_artist"", ""artist_in_title""]","[""official_audio""]",0.011813607525705535,False,automatic,youtube_search,True
6XjDF6nds4DE2BBbagZol6,Gata Only,FloyyMenor,2024-02-02,222000,-r687V8yqKY,"FloyyMenor, Cris MJ - Gata Only (Video Oficial)",FloyyMenor,216.0,100.0,False,"[""exact_channel_artist"", ""artist_in_title""]",,0.02702702702702703,False,automatic,youtube_search,True
5TXDeTFVRVY7Cvt0Dw4vWW,Revenge,XXXTENTACION,2017-08-25,120026,CD_tD26E7k0,XXXTENTACION - Revenge (Audio),XXXTENTACION,121.0,100.0,False,"[""exact_channel_artist"", ""artist_in_title""]",,0.008114908436505424,False,automatic,youtube_search,True
6FBzhcfgGacfXF3AmtfEaX,C U Girl,Steve Lacy,2015-02-15,129697,t0fn0Q0DB0E,C U Girl,Steve Lacy,130.0,100.0,False,"[""exact_channel_artist""]",,0.0023362144074265405,False,automatic,youtube_search,True
43SoxERu5UlXAgt4Es1VQU,Porch Light,Josh Meloy,2022-11-18,184949,aXQ6OOeYG-w,Porch Light - Josh Meloy,Josh Meloy,182.0,100.0,False,"[""exact_channel_artist"", ""artist_in_title""]",,0.01594493617159325,False,automatic,youtube_search,True
0JmnkIqdlnUzPaf8sqBRs3,Moonlight,Kali Uchis,2023-03-03,187723,8F7Q-4PZCjA,Kali Uchis - Moonlight (Official Lyric Video),KALI UCHIS,188.0,100.0,False,"[""exact_channel_artist"", ""artist_in_title""]","[""official_lyric_video""]",0.0014755783787815024,False,automatic,youtube_search,True
3CWq0pAKKTWb0K4yiglDc4,You’re Losing Me (From The Vault),Taylor Swift,2023-11-29,277831,pQq9eP5OFhw,Taylor Swift - You're Losing Me (From The Vault),Taylor Swift,279.0,100.0,False,"[""exact_channel_artist"", ""artist_in_title""]",,0.004207593825023125,False,automatic,youtube_search,True
77DRzu7ERs0TX3roZcre7Q,euphoria,Kendrick Lamar,2024-04-30,383639,NPqDIwWMtxg,euphoria,Kendrick Lamar,384.0,100.0,False,"[""exact_channel_artist""]",,0.0009409887941528364,False,automatic,youtube_search,True
3NMrVbIVWT3fPXBj0rNDKG,The Tortured Poets Department,Taylor Swift,2024-04-18,293048,RQMz4JDbtmI,Taylor Swift - The Tortured Poets Department (Official Lyric Video),Taylor Swift,298.0,100.0,False,"[""exact_channel_artist"", ""artist_in_title""]","[""official_lyric_video""]",0.016898255575878353,False,automatic,youtube_search,True
5ZLL6wYXeqg0k35ZkDRfhZ,Pour Me A Drink (Feat. Blake Shelton),Post Malone,2024-06-21,195122,QL4-aYxCVAI,Post Malone - Pour Me A Drink (Lyric Video) ft. Blake Shelton,Post Malone,196.0,96.96969696969697,False,"[""exact_channel_artist"", ""artist_in_title""]","[""lyric_video""]",0.004499748875062781,False,automatic,youtube_search,True
2XXwLdtuAcE0HSCu61ijAb,My Boy Only Breaks His Favorite Toys,Taylor Swift,2024-04-18,203801,wRKXAAV6jh4,Taylor Swift - My Boy Only Breaks His Favorite Toys (Official Lyric Video),Taylor Swift,209.0,100.0,False,"[""exact_channel_artist"", ""artist_in_title""]","[""official_lyric_video""]",0.025510179047207815,False,automatic,youtube_search,True
2tHwzyyOLoWSFqYNjeVMzj,Please Please Please,Sabrina Carpenter,2024-08-23,186365,Yl_thbk40A0,Sabrina Carpenter - Please Please Please (Lyric Video),Sabrina Carpenter,187.0,100.0,False,"[""exact_channel_artist"", ""artist_in_title""]","[""lyric_video""]",0.003407292141764816,False,automatic,youtube_search,True
19XpFsce28aByvCC4g89tJ,Too Sweet,Hozier,2024-08-19,251424,aezstCBHOPQ,Hozier - Too Sweet (Official Lyric Video),Hozier,252.0,100.0,False,"[""exact_channel_artist"", ""artist_in_title""]","[""official_lyric_video""]",0.002290950744558992,False,automatic,youtube_search,True
6zuPQl2RVqQ4y5nAH61CFC,II MOST WANTED,Beyoncé,2024-03-27,208521,SyXfJi2KZ-A,"Beyoncé, Miley Cyrus - II MOST WANTED (Official Lyric Video)",Beyoncé,218.0,100.0,False,"[""exact_channel_artist"", ""artist_in_title""]","[""official_lyric_video""]",0.04545825120731245,False,automatic,youtube_search,True
3Vevii7qKqrmW8CcyzBHDl,"So Long, London",Taylor Swift,2024-04-18,262974,CCUr2pNJft4,"Taylor Swift - So Long, London (Official Lyric Video)",Taylor Swift,268.0,100.0,False,"[""exact_channel_artist"", ""artist_in_title""]","[""official_lyric_video""]",0.01911215557431533,False,automatic,youtube_search,True
3eh51r6rFWAlGQRlHx9QnQ,Push Ups,Drake,2024-04-19,232774,HKH9p19PRLA,Push Ups,Drake,233.0,100.0,False,"[""exact_channel_artist""]",,0.0009708988117229588,False,automatic,youtube_search,True
4xdBrk0nFZaP54vvZj0yx7,HOT TO GO!,Chappell Roan,2023-09-22,184841,xaPNR-_Cfn0,Chappell Roan - HOT TO GO! (Official Music Video),Chappell Roan,212.0,100.0,False,"[""exact_channel_artist"", ""artist_in_title""]","[""official_music_video""]",0.1469316872338929,False,automatic,youtube_search,True
6fPan2saHdFaIHuTSatORv,L’AMOUR DE MA VIE,Billie Eilish,2024-05-17,333986,am5FI9DkO80,Billie Eilish - L’AMOUR DE MA VIE (Official Lyric Video),Billie Eilish,335.0,100.0,False,"[""exact_channel_artist"", ""artist_in_title""]","[""official_lyric_video""]",0.003036055403519908,False,automatic,youtube_search,True
6Y4rniIxibegzsg8cdWAWV,BODYGUARD,Beyoncé,2024-03-29,240254,7HV_Rv858YM,Beyoncé - BODYGUARD (Official Lyric Video),Beyoncé,251.0,100.0,False,"[""exact_channel_artist"", ""artist_in_title""]","[""official_lyric_video""]",0.044727663223088895,False,automatic,youtube_search,True
1yfKakY4rvI17lk20ekuRA,Crocodile Tearz,J. Cole,2024-04-05,229186,C3QfwT7CqoI,J. Cole - Crocodile Tearz (Official Audio),J. Cole,230.0,100.0,False,"[""exact_channel_artist"", ""artist_in_title""]","[""official_audio""]",0.0035517003656418806,False,automatic,youtube_search,True
6TGd66r0nlPaYm3KIoI7ET,THE GREATEST,Billie Eilish,2024-05-17,293840,WkdQhfDRBKs,Billie Eilish - THE GREATEST (Official Lyric Video),Billie Eilish,294.0,100.0,False,"[""exact_channel_artist"", ""artist_in_title""]","[""official_lyric_video""]",0.0005445140212360468,False,automatic,youtube_search,True
57wp7VFnV8X0pSVnYArGeJ,Whatever She Wants,Bryson Tiller,2024-02-13,161342,-I8DrXXGd9E,Bryson Tiller - Whatever She Wants (Official Video),Bryson Tiller,166.0,100.0,False,"[""exact_channel_artist"", ""artist_in_title""]","[""official_video""]",0.02887034993987926,False,automatic,youtube_search,True
2prqm9sPLj10B4Wg0wE5x9,BLUE,Billie Eilish,2024-05-17,343120,_IjWFq1c5M4,Billie Eilish - BLUE (Official Lyric Video),Billie Eilish,344.0,100.0,False,"[""exact_channel_artist"", ""artist_in_title""]","[""official_lyric_video""]",0.0025647003963627886,False,automatic,youtube_search,True
2UDARQiksl207HcSduDpov,LEVII'S JEANS,Beyoncé,2024-03-29,257699,esnhbIbQHgM,Beyoncé & Post Malone - LEVII'S JEANS (Official Lyric Video),Beyoncé,269.0,100.0,False,"[""exact_channel_artist"", ""artist_in_title""]","[""official_lyric_video""]",0.0438534879840434,False,automatic,youtube_search,True
0W0iAC1VGlB82PI6elxFYf,Guilty as Sin?,Taylor Swift,2024-04-18,254365,OOYlWF6V8t8,Taylor Swift - Guilty as Sin (Official Lyric Video),Taylor Swift,259.0,100.0,False,"[""exact_channel_artist"", ""artist_in_title""]","[""official_lyric_video""]",0.018221846559078488,False,automatic,youtube_search,True
76OC0zMt7wqgys9BpPfLag,SMOKE HOUR ★ WILLIE NELSON,Beyoncé,2024-03-27,50721,b2fJB9oz5-o,SMOKE HOUR ★ WILLIE NELSON,Beyoncé,51.0,100.0,False,"[""exact_channel_artist""]",,0.0055006801916366,False,automatic,youtube_search,True
27a8HLPwti6tmgQ6FR8aVI,DAUGHTER,Beyoncé,2024-03-27,203851,cjeC0zNqigo,Beyoncé - DAUGHTER (Official Lyric Video),Beyoncé,213.0,100.0,False,"[""exact_channel_artist"", ""artist_in_title""]","[""official_lyric_video""]",0.04488081981447233,False,automatic,youtube_search,True
0K9tfzrxJyCQIf7oAlPwaK,YA YA,Beyoncé,2024-03-29,274766,Ma8X2iMdv8U,Beyoncé - YA YA (Official Lyric Video),Beyoncé,286.0,100.0,False,"[""exact_channel_artist"", ""artist_in_title""]","[""official_lyric_video""]",0.04088569910396483,False,automatic,youtube_search,True
3NtCIBBz5pEAVGeHL4h5mS,TYRANT,Beyoncé,2024-03-27,250725,bgtuQptR1U4,"Beyoncé, Dolly Parton - TYRANT (Official Lyric Video)",Beyoncé,261.0,100.0,False,"[""exact_channel_artist"", ""artist_in_title""]","[""official_lyric_video""]",0.04098115465151062,False,automatic,youtube_search,True
5Bedn0svl0ZD7RGmJkmKKw,How Did It End?,Taylor Swift,2024-04-19,238706,O3wlMR0y4a4,Taylor Swift - How Did It End? (Official Lyric Video),Taylor Swift,243.0,100.0,False,"[""exact_channel_artist"", ""artist_in_title""]","[""official_lyric_video""]",0.017988655500909067,False,automatic,youtube_search,True
1ACA277B6f46DYCgZW8di3,if u think i'm pretty,Artemas,2024-02-09,128205,x3tXq9xx7oI,Artemas - if u think i'm pretty (lyric video),Artemas,114.0,100.0,False,"[""exact_channel_artist"", ""artist_in_title""]","[""lyric_video""]",0.1107991107991108,False,automatic,youtube_search,True
3evCfqmaP5ZFbWMeFI0E21,ALLIIGATOR TEARS,Beyoncé,2024-03-27,179397,OuSCmrRPcFI,Beyoncé - ALLIIGATOR TEARS (Official Lyric Video),Beyoncé,188.0,100.0,False,"[""exact_channel_artist"", ""artist_in_title""]","[""official_lyric_video""]",0.04795509400937585,False,automatic,youtube_search,True
1FhgmMvNlh3nJ1Ldc2eE6H,High Road,Koe Wetzel,2024-07-19,179413,U35fIPYNhBI,Koe Wetzel - High Road (Official Audio),Koe Wetzel,180.0,100.0,False,"[""exact_channel_artist"", ""artist_in_title""]","[""official_audio""]",0.003271780751673513,False,automatic,youtube_search,True
5wbg8kepMFoMzHOEuxiI0q,Close To You,Gracie Abrams,2024-06-20,225973,PmJuMNGp5YE,Gracie Abrams - Close To You (Official Visual),Gracie Abrams,223.0,100.0,False,"[""exact_channel_artist"", ""artist_in_title""]",,0.013156439043602555,False,automatic,youtube_search,True
1QvDl9tBq6PsMVE7Bf2ZOV,smoke & a light,Ole 60,2023-08-29,189048,Cjnk0zrquj4,Ole 60 - smoke & a light (Lyric Video),Ole 60 ,190.0,100.0,False,"[""exact_channel_artist"", ""artist_in_title""]","[""lyric_video""]",0.005035758114341331,False,automatic,youtube_search,True
0JcD5qI9SxWqdEWmRjUX9X,Mental Clarity Is a Luxury I Can't Afford,$uicideboy$,2024-06-14,145782,ZwGn7CDhiGs,$UICIDEBOY$- MENTAL CLARITY IS A LUXURY I CAN'T AFFORD (Lyric Video),$uicideboy$,146.0,100.0,False,"[""exact_channel_artist"", ""artist_in_title""]","[""lyric_video""]",0.001495383517855428,False,automatic,youtube_search,True
5rb9QrpfcKFHM1EUbSIurX,Yeah!,USHER,2004-03-23,250373,GxBSyx85Kp8,"Usher - Yeah! (Official Video) ft. Lil Jon, Ludacris",Usher,253.0,100.0,False,"[""exact_channel_artist"", ""artist_in_title""]","[""official_video""]",0.010492345420632416,False,automatic,youtube_search,True
2o1pb13quMReXZqE7jWsgq,intro (end of the world),Ariana Grande,2024-03-08,92400,p7jATa6Soag,Ariana Grande - intro (end of the world) (lyric visualizer),Ariana Grande,93.0,100.0,False,"[""exact_channel_artist"", ""artist_in_title""]","[""visualizer""]",0.006493506493506494,False,automatic,youtube_search,True
7yNf9YjeO5JXUE3JEBgnYc,Babydoll,Dominic Fike,2018-10-16,97960,nb8CnIo_-_A,"Dominic Fike ""Babydoll"" (Official Audio)",Dominic Fike,100.0,100.0,False,"[""exact_channel_artist"", ""artist_in_title""]","[""official_audio""]",0.0208248264597795,False,automatic,youtube_search,True
6LAicOLiCrHw0bmaLBDbC8,whatsapp (wassam),Gunna,2024-05-10,148240,fim9FNvs1jg,Gunna - whatsapp (wassam) [Official Lyric Video],Gunna,149.0,100.0,False,"[""exact_channel_artist"", ""artist_in_title""]","[""official_lyric_video""]",0.005126821370750135,False,automatic,youtube_search,True
3cmdqMDc0Fj4TgPeyDOYTM,Us Vs. Them,$uicideboy$,2024-03-29,184633,KdFyJp6ixfw,$UICIDEBOY$ - US VS. THEM (Lyric Video),$uicideboy$,186.0,100.0,False,"[""exact_channel_artist"", ""artist_in_title""]","[""lyric_video""]",0.007403876880081026,False,automatic,youtube_search,True
7b6sWLSnbZhSIeqNGrJ4py,These Walls,Dua Lipa,2024-05-03,217783,vjx5kv05x3A,Dua Lipa - These Walls feat Pierre de Maere (Lyric Video),Dua Lipa,218.0,100.0,False,"[""exact_channel_artist"", ""artist_in_title""]","[""lyric_video""]",0.0009964046780510875,False,automatic,youtube_search,True
0IsIY8pfu1yaGkPUD7pkDx,Guess featuring billie eilish,Charli xcx,2024-10-11,143330,NfHhsB5V6Tc,Charli xcx - Guess (official lyric video),Charli xcx,148.0,100.0,False,"[""exact_channel_artist"", ""artist_in_title""]","[""official_lyric_video""]",0.032582153073327284,False,automatic,youtube_search,True
5iJKGpnFfvbjZJeAtwXfCj,28,Zach Bryan,2024-07-04,233333,wJO0IoWY4t4,Zach Bryan - 28,Zach Bryan,234.0,100.0,False,"[""exact_channel_artist"", ""artist_in_title""]",,0.0028585755122507318,False,automatic,youtube_search,True
102YUQbYmwdBXS7jwamI90,Good Graces,Sabrina Carpenter,2024-08-23,185265,alYCYZvB3yo,Sabrina Carpenter - Good Graces (Official Lyric Video),Sabrina Carpenter,187.0,100.0,False,"[""exact_channel_artist"", ""artist_in_title""]","[""official_lyric_video""]",0.009364963700645022,False,automatic,youtube_search,True
7Fzl7QaTu47WyP9R5S5mh5,Lies Lies Lies,Morgan Wallen,2024-07-05,198068,Qxo2ToDM-uE,Morgan Wallen - Lies Lies Lies (Lyric Video),Morgan Wallen,196.0,100.0,False,"[""exact_channel_artist"", ""artist_in_title""]","[""lyric_video""]",0.010440858694993638,False,automatic,youtube_search,True
1UHS8Rf6h5Ar3CDWRd3wjF,Bed Chem,Sabrina Carpenter,2024-08-23,171869,x8VkB8ap_FQ,Sabrina Carpenter - Bed Chem (Official Lyric Video),Sabrina Carpenter,172.0,100.0,False,"[""exact_channel_artist"", ""artist_in_title""]","[""official_lyric_video""]",0.0007622084261850596,False,automatic,youtube_search,True
5VhvD0AKRprEaFtPNKGBQR,Dumb & Poetic,Sabrina Carpenter,2024-08-23,133478,moMdJBDCblE,Sabrina Carpenter - Dumb & Poetic (Official Lyric Video),Sabrina Carpenter,134.0,100.0,False,"[""exact_channel_artist"", ""artist_in_title""]","[""official_lyric_video""]",0.0039107568288407075,False,automatic,youtube_search,True
4KULAymBBJcPRpk1yO4dOG,I Remember Everything,Zach Bryan,2023-08-25,227195,ZVVvJjwzl6c,Zach Bryan - I Remember Everything (feat. Kacey Musgraves),Zach Bryan,228.0,100.0,False,"[""exact_channel_artist"", ""artist_in_title""]",,0.0035432117784282226,False,automatic,youtube_search,True
6StwwqB84sJeLr7tZDTxEX,Guy For That (Feat. Luke Combs),Post Malone,2024-08-15,164011,Z-5r8jlCPkc,Post Malone - Guy For That (Lyric Video) ft. Luke Combs,Post Malone,165.0,96.2962962962963,False,"[""exact_channel_artist"", ""artist_in_title""]","[""lyric_video""]",0.006030083348068117,False,automatic,youtube_search,True
24XihnoVPWXlKJ4BgXqjVM,It's ok I'm ok,Tate McRae,2024-09-12,156521,FLV8ELpkE-Y,Tate McRae - It's ok I'm ok (Lyric Video),Tate McRae,157.0,100.0,False,"[""exact_channel_artist"", ""artist_in_title""]","[""lyric_video""]",0.003060292229157749,False,automatic,youtube_search,True
2CIXO1jQbrV1hlfI7FUKld,Wrong Ones (Feat. Tim McGraw),Post Malone,2024-08-15,195822,6ZdGmsakOVM,Wrong Ones,Post Malone,196.0,100.0,False,"[""exact_channel_artist""]",,0.0009089887755206259,False,automatic,youtube_search,True
6GG4yyk3UATdBfTHVgI8PB,Ain't No Love In Oklahoma (From Twisters: The Album),Luke Combs,2024-05-16,210950,J6YlaeACE4E,Luke Combs – Ain’t No Love In Oklahoma (From Twisters: The Album) [Official Music Video],Luke Combs,209.0,100.0,False,"[""exact_channel_artist"", ""artist_in_title""]","[""official_music_video""]",0.009243896657975823,False,automatic,youtube_search,True
0OA00aPt3BV10qeMIs3meW,Big Dawgs,Hanumankind,2024-07-09,190666,Dygu1vz2HEw,Hanumankind x A$AP Rocky – Big Dawgs | Ft. Kalmi (Official Audio),Hanumankind,237.0,100.0,False,"[""exact_channel_artist"", ""artist_in_title""]","[""official_audio""]",0.2430113392004867,False,automatic,youtube_search,True
7I3RalBqE7ZE0RSxgGlGlm,Habits,Eminem,2024-07-12,298384,BgqD-Bn5Quk,Eminem - Habits (feat. White Gold) [Official Audio],EminemMusic,299.0,100.0,False,"[""artist_in_channel"", ""artist_in_title""]","[""official_audio""]",0.0020644538581157165,False,automatic,youtube_search,True
4ZJ4vzLQekI0WntDbanNC7,Pink Skies,Zach Bryan,2024-05-24,194920,fs49xFmmHCo,Zach Bryan - Pink Skies,Zach Bryan,195.0,100.0,False,"[""exact_channel_artist"", ""artist_in_title""]",,0.0004104247896572953,False,automatic,youtube_search,True
09LrGvT9KsACH66RHYMDyR,Don’t Smile,Sabrina Carpenter,2024-08-23,206295,Ju9X2HMMid4,Sabrina Carpenter - Don't Smile (Official Lyric Video),Sabrina Carpenter,210.0,100.0,False,"[""exact_channel_artist"", ""artist_in_title""]","[""official_lyric_video""]",0.01795971787973533,False,automatic,youtube_search,True
0lJNSfWnwJMIh94Dv9jQUt,What Don't Belong To Me,Post Malone,2024-08-15,207176,qvfssW5U_Ig,Post Malone - What Don't Belong To Me (Lyric Video),Post Malone,208.0,100.0,False,"[""exact_channel_artist"", ""artist_in_title""]","[""lyric_video""]",0.003977294667335985,False,automatic,youtube_search,True
59151GHN7yr5g9B3bqlGdR,Trouble,Eminem,2024-07-12,41487,nL5W5Xi5jq8,Eminem - Trouble [Official Audio],EminemMusic,42.0,100.0,False,"[""artist_in_channel"", ""artist_in_title""]","[""official_audio""]",0.012365319256634609,False,automatic,youtube_search,True
3XbIhTYl6a0uXPyO43eiXa,Oak Island,Zach Bryan,2024-07-04,239410,osNrPrgcKFc,Zach Bryan - Oak Island,Zach Bryan,240.0,100.0,False,"[""exact_channel_artist"", ""artist_in_title""]",,0.00246439162942233,False,automatic,youtube_search,True
21LCotDEwR7R8qOnqPVzi9,Evil,Eminem,2024-07-12,230358,AuQ36zwFA3s,Eminem - Evil [Official Audio],EminemMusic,231.0,100.0,False,"[""artist_in_channel"", ""artist_in_title""]","[""official_audio""]",0.002786966374078608,False,automatic,youtube_search,True
6me7F0aaZjwDo6RJ5MrfBD,Evergreen,Richy Mitch & The Coal Miners,2017-05-17,87000,f568OZG22dY,Richy Mitch & The Coal Miners - Evergreen (Lyrics),InvertOG,83,100,False,"[""artist_in_title""]","[""lyrics""]",0.045977,False,automatic,user_or_pattern_selected (ambiguous),False
3uC4r2daXertBxxc8BpbbN,Lithonia,Childish Gambino,2024-07-19,178960,co-bx0mBsLc,Childish Gambino - Lithonia (Official Audio),Donald Glover,181,100,False,"[""artist_in_title""]","[""lyrics""]",0.011173,False,automatic,user_or_pattern_selected (ambiguous),False
5b3XJ1pjrHO5JtY2PcTjnI,Mamushi,Megan Thee Stallion,2024-06-28,156988,mPeWgGMSb0s,Megan Thee Stallion - Mamushi (feat. Yuki Chiba) [Official Audio],Megan Thee Stallion,158.0,100.0,False,"[""exact_channel_artist"", ""artist_in_title""]","[""official_audio""]",0.006446352587458914,False,automatic,youtube_search,True
1vj47xD8v9wIhQrmQY2Dkv,Better Days,Zach Bryan,2024-07-04,212466,gLMns1UUoCw,Zach Bryan - Better Days (feat. John Mayer),Zach Bryan,213.0,100.0,False,"[""exact_channel_artist"", ""artist_in_title""]",,0.0025133433114004123,False,automatic,youtube_search,True
4q5YezDOIPcoLr8R81x9qy,I Can Do It With a Broken Heart,Taylor Swift,2024-04-18,218004,i8_w_m6HLJ0,Taylor Swift - I Can Do It With a Broken Heart (Official Lyric Video),Taylor Swift,223.0,100.0,False,"[""exact_channel_artist"", ""artist_in_title""]","[""official_lyric_video""]",0.02291701069705143,False,automatic,youtube_search,True
5lKFO0PrOC9jmOlPEdjHsL,DOS DÍAS,Tito Double P,2024-08-22,153928,nne3lXKc1OU,"Dos días (Lyric Video) - Tito Double P, Peso Pluma",Tito Double P,154,39,False,"[""exact_channel_artist"", ""artist_in_title""]","[""lyric_video""]",0.00065,False,automatic,user_or_pattern_selected (no_confident_match),False
0DM63CJEklNPKu6kHGyuEl,Yours,Post Malone,2024-08-15,199438,hrAeuPqYnRQ,Post Malone - Yours (Lyric Video),Post Malone,200.0,100.0,False,"[""exact_channel_artist"", ""artist_in_title""]","[""lyric_video""]",0.002817918350565088,False,automatic,youtube_search,True
2aPTvyE09vUCRwVvj0I8WK,Sundress,A$AP Rocky,2018-11-20,158205,xre-oQn1DhY,Sundress,ASAPROCKYUPTOWN,159,100,False,,,0.005057,False,automatic,user_or_pattern_selected (ambiguous),False
6IPwKM3fUUzlElbvKw2sKl,we fell in love in october,girl in red,2018-11-21,184153,iggmiF7DNoM,girl in red - we fell in love in october,girl in red,188.0,100.0,False,"[""exact_channel_artist"", ""artist_in_title""]",,0.020890238008612404,False,automatic,youtube_search,True
3hRV0jL3vUpRrcy398teAU,The Night We Met,Lord Huron,2015-04-06,208211,KtlgYxa6BMU,Lord Huron - The Night We Met (Official Audio),Lord Huron,209.0,100.0,False,"[""exact_channel_artist"", ""artist_in_title""]","[""official_audio""]",0.0037894251504483434,False,automatic,youtube_search,True
5giwUhMFuodJcRhA8tlLSQ,Nobody's Soldier,Hozier,2024-08-19,237200,pxosHw2MXrs,Hozier - Nobody's Soldier (Official Audio),Hozier,238.0,100.0,False,"[""exact_channel_artist"", ""artist_in_title""]","[""official_audio""]",0.003372681281618887,False,automatic,youtube_search,True
69phA1R4gmQsBFRQ3INW8C,ONE CALL,Rich Amiri,2023-11-17,121399,l3sBEoSEvOA,Rich Amiri - One Call (Official Audio),Rich Amiri,122.0,100.0,False,"[""exact_channel_artist"", ""artist_in_title""]","[""official_audio""]",0.00495061738564568,False,automatic,youtube_search,True
4xhsWYTOGcal8zt0J161CU,Lovin On Me,Jack Harlow,2023-11-10,138411,Iq8h3GEe22o,Jack Harlow - Lovin On Me [Official Music Video],Jack Harlow,140.0,100.0,False,"[""exact_channel_artist"", ""artist_in_title""]","[""official_music_video""]",0.011480301421129824,False,automatic,youtube_search,True
0HEytGQM3bG1vKxER7IgVK,Spotless,Zach Bryan,2023-08-25,169467,vhAEk-j-FGo,Zach Bryan - Spotless (feat. The Lumineers),Zach Bryan,170.0,100.0,False,"[""exact_channel_artist"", ""artist_in_title""]",,0.0031451551039435406,False,automatic,youtube_search,True
11bJ1ws3dathgY9uzADUhL,In The Night,Childish Gambino,2024-07-19,229999,OS6ggNu-cFA,Childish Gambino - In the Night ft. Jorja Smith & Amaarae (Audio),Donald Glover,231,100,False,"[""artist_in_title""]",,0.004348,False,automatic,user_or_pattern_selected (ambiguous),False
7ne4VBA60CxGM75vw0EYad,That’s So True,Gracie Abrams,2024-10-18,166300,BDHM8cyJQa8,Gracie Abrams - That’s So True (Official Lyric Video),Gracie Abrams,167.0,100.0,False,"[""exact_channel_artist"", ""artist_in_title""]","[""official_lyric_video""]",0.004209260372820205,False,automatic,youtube_search,True
2EjXfH91m7f8HiJN1yQg97,Rockin' Around The Christmas Tree,Brenda Lee,1964-10-19,126266,TFsZy9t-qDc,Brenda Lee - Rockin' Around The Christmas Tree (Official Music Video),Brenda Lee,129.0,100.0,False,"[""exact_channel_artist"", ""artist_in_title""]","[""official_music_video""]",0.02165270143981753,False,automatic,youtube_search,True
5S8VwnB4sLi6W0lYTWYylu,hey now,Kendrick Lamar,2024-11-22,217478,9PumlOWjXMM,Kendrick Lamar - hey now (Official Audio),Kendrick Lamar,218.0,100.0,False,"[""exact_channel_artist"", ""artist_in_title""]","[""official_audio""]",0.0024002427831780688,False,automatic,youtube_search,True
1QoyuMHNBe7lg3YW4Qtll4,St. Chroma,"Tyler, The Creator",2024-10-28,197019,33b53NUGF_Q,St. Chroma,"Tyler, The Creator",198.0,100.0,False,"[""exact_channel_artist""]",,0.004979215202594673,False,automatic,youtube_search,True
5RePVWy39tLpHH0WwXgBsK,Rah Tah Tah,"Tyler, The Creator",2024-10-28,165412,R_clisSImS4,Rah Tah Tah,"Tyler, The Creator",166.0,100.0,False,"[""exact_channel_artist""]",,0.0035547602350494522,False,automatic,youtube_search,True
7hR22TOX3RorxJPcsz5Wbo,Love Somebody,Morgan Wallen,2024-10-18,204828,zxMo0CZZzyg,Morgan Wallen - Love Somebody (Lyric Video),Morgan Wallen,205.0,100.0,False,"[""exact_channel_artist"", ""artist_in_title""]","[""lyric_video""]",0.0008397289433085321,False,automatic,youtube_search,True
4BSR9I4ExlCJdXJo2GpBD5,Take Your Mask Off,"Tyler, The Creator",2024-10-28,253909,JPOjiXoPmOk,Take Your Mask Off,"Tyler, The Creator",254.0,100.0,False,"[""exact_channel_artist""]",,0.00035839611829434955,False,automatic,youtube_search,True
3QiAAp20rPC3dcAtKtMaqQ,Blue Christmas,Elvis Presley,1957-10-15,130234,B6WnnZRSKYs,Elvis Presley - Blue Christmas (Official Audio),Elvis Presley,131.0,100.0,False,"[""exact_channel_artist"", ""artist_in_title""]","[""official_audio""]",0.005881720595236267,False,automatic,youtube_search,True
0wgOhYnqZKjOHr6bmdz0aN,gloria,Kendrick Lamar,2024-11-22,287522,G5YwhjCywvw,Kendrick Lamar - gloria (Official Audio),Kendrick Lamar,288.0,100.0,False,"[""exact_channel_artist"", ""artist_in_title""]","[""official_audio""]",0.0016624814796780767,False,automatic,youtube_search,True
2pnPe4pJtq7689i5ydzvJJ,Run Rudolph Run - Single Version,Chuck Berry,1986-01-01,165733,SqVtqbzTdVs,Chuck Berry - Run Rudolph Run (Official Lyric Video),Chuck Berry,165,66.7,False,"[""exact_channel_artist"", ""artist_in_title""]","[""official_lyric_video""]",0.004225,False,automatic,user_or_pattern_selected (no_confident_match),True
3aZptNYC6Z1YoumeqZcDcQ,gnx,Kendrick Lamar,2024-11-22,193539,8sfLudpdZPU,Kendrick Lamar - gnx (Official Audio),Kendrick Lamar,194.0,100.0,False,"[""exact_channel_artist"", ""artist_in_title""]","[""official_audio""]",0.0023819488578529393,False,automatic,youtube_search,True
3qCeq0rWK67SoBDgFd2sId,Feliz Navidad,José Feliciano,2001-01-01,182306,N8NcQzMQN_U,José Feliciano - Feliz Navidad (Official Audio),José Feliciano,184.0,100.0,False,"[""exact_channel_artist"", ""artist_in_title""]","[""official_audio""]",0.009292069377859204,False,automatic,youtube_search,True
2Uts1QFB4u2YNIMiqcb4de,peekaboo,Kendrick Lamar,2024-11-22,155917,cbHkzwa0QmM,Kendrick Lamar - peekaboo (Official Audio),Kendrick Lamar,156.0,100.0,False,"[""exact_channel_artist"", ""artist_in_title""]","[""official_audio""]",0.000532334511310505,False,automatic,youtube_search,True
1SGvjfc85yzqKXsfKcCxn2,heart pt. 6,Kendrick Lamar,2024-11-22,292461,m-PO1_fzxVM,Kendrick Lamar - heart pt. 6 (Official Audio),Kendrick Lamar,293.0,100.0,False,"[""exact_channel_artist"", ""artist_in_title""]","[""official_audio""]",0.0018429807735048434,False,automatic,youtube_search,True
0pvZCv4JOS5WBu7JITYef6,I Hope You Find Your Way Home,"Tyler, The Creator",2024-10-28,269704,AUA3_lX6g-s,I Hope You Find Your Way Home,"Tyler, The Creator",270.0,100.0,False,"[""exact_channel_artist""]",,0.0010974994809124076,False,automatic,youtube_search,True
3siwsiaEoU4Kuuc9WKMUy5,No One Noticed,The Marías,2024-05-31,236906,Qn8F_u0vBNI,The Marías - No One Noticed (Visualizer),The Marías,236.0,100.0,False,"[""exact_channel_artist"", ""artist_in_title""]","[""visualizer""]",0.003824301621740268,False,automatic,youtube_search,True
1XBYiRV30ykHw5f4wm6qEn,NIGHTS LIKE THIS,The Kid LAROI,2023-11-10,86983,dFr4NU9C0HE,The Kid LAROI - NIGHTS LIKE THIS (Official Audio),The Kid LAROI.,88.0,100.0,False,"[""exact_channel_artist"", ""artist_in_title""]","[""official_audio""]",0.011691939804329582,False,automatic,youtube_search,True
04vLj9QUXoKdRlsp3gkURo,Mele Kalikimaka (Merry Christmas),Bing Crosby,1945-01-01,175333,FezVApPddqU,"Bing Crosby, The Andrews Sisters - Mele Kalikimaka",Bing Crosby,181,65.2,False,"[""exact_channel_artist"", ""artist_in_title""]",,0.032516,False,automatic,user_or_pattern_selected (no_confident_match),False
4nVBt6MZDDP6tRVdQTgxJg,Story of My Life,One Direction,2013-11-25,245490,R2h6KIpBums,One Direction - Story of My Life (One Direction: The TV Special),One Direction,246.0,100.0,False,"[""exact_channel_artist"", ""artist_in_title""]",,0.002077477697665893,False,automatic,youtube_search,True
6thXB4RmajS4oZPNiBAKy0,Ghostbusters,Ray Parker Jr.,1993-10-12,239133,TaV1r341wYk,Ghostbusters,Ray Parker Jr. - Topic,246.0,100.0,False,"[""exact_channel_artist"", ""artist_in_channel""]","[""topic_channel""]",0.02871623740763508,False,automatic,youtube_search,True
5QMrH5nszZZR3nefIj6Mar,Defying Gravity,Cynthia Erivo,2024-11-22,459766,qeqj5GnoFUY,Defying Gravity (From Wicked The Soundtrack),Republic Records,460.0,100.0,False,,"[""official_channel""]",0.0005089545551432685,False,automatic,youtube_search,True
51rfRCiUSvxXlCSCfIztBy,"I Love You, I'm Sorry",Gracie Abrams,2024-06-21,157146,ZWGt1jMIjBY,"I Love You, I'm Sorry",Gracie Abrams,158.0,100.0,False,"[""exact_channel_artist""]",,0.005434436765810138,False,automatic,youtube_search,True
3QIoEi8Enr9uHffwInGIsC,Please Come Home for Christmas - Eagles 2013 Remaster,Eagles,1978-11-27,177440,7Rv3wfwIVBc,Eagles - Please Come Home For Christmas (Official Audio),Eagles,178,74.099999999999994,False,"[""exact_channel_artist"", ""artist_in_title""]","[""official_audio""]",0.003382,False,automatic,user_or_pattern_selected (no_confident_match),True
7EBy2V93Ykyvfc5CMApTGc,Barbarian,Juice WRLD,2024-11-30,150888,GzmbBLfIKcw,Juice WRLD - Barbarian (Official Audio),Juice WRLD,151.0,100.0,False,"[""exact_channel_artist"", ""artist_in_title""]","[""official_audio""]",0.0007422724139759291,False,automatic,youtube_search,True
0OWhKvvsHptt6vnnNUSM9a,Oklahoma Smokeshow,Zach Bryan,2022-07-15,211739,FJqd58_WgGo,Zach Bryan - Oklahoma Smokeshow,Zach Bryan,213.0,100.0,False,"[""exact_channel_artist"", ""artist_in_title""]",,0.005955445147091467,False,automatic,youtube_search,True
1WIZiOuNO3woKfdlSK2gNn,Transportin',Kodak Black,2017-08-18,169344,Ns167_llTiA,Kodak Black - Transportin’ [Official Music Video],Kodak Black,172.0,100.0,False,"[""exact_channel_artist"", ""artist_in_title""]","[""official_music_video""]",0.015684051398337114,False,automatic,youtube_search,True
1aXV8GrmQLvgoFtBPERP7E,Jealous,Eyedress,2019-12-06,122338,d0Jyvteqzrw,EYEDRESS - JEALOUS (OFFICIAL VIDEO),EYEDRESS,123.0,100.0,False,"[""exact_channel_artist"", ""artist_in_title""]","[""official_video""]",0.005411237718452157,False,automatic,youtube_search,True
0hz5PNF2wejwUKCMpesQWt,Merry Christmas,Ed Sheeran,2024-09-27,208546,Q_yuO8UNGmY,Ed Sheeran & Elton John - Merry Christmas [Official Video],Ed Sheeran,210.0,100.0,False,"[""exact_channel_artist"", ""artist_in_title""]","[""official_video""]",0.0069720828977779484,False,automatic,youtube_search,True
1g7pFO1WtclKCuIQiS8sNM,Crybaby,SZA,2024-12-20,241948,xuZDP6uSD-Q,SZA - Crybaby (Official Audio),SZA,243.0,100.0,False,"[""exact_channel_artist"", ""artist_in_title""]","[""official_audio""]",0.004348041727974606,False,automatic,youtube_search,True
2OzhQlSqBEmt7hmkYxfT6m,Fortnight,Taylor Swift,2024-04-18,228965,HzsQHfBA3MY,Taylor Swift - Fortnight (feat Post Malone) (Official Lyric Video),Taylor Swift,234.0,100.0,False,"[""exact_channel_artist"", ""artist_in_title""]","[""official_lyric_video""]",0.021990260520166838,False,automatic,youtube_search,True
4YLizxRQsTqqnvzzYq2VaE,Mr Chow,Lil Uzi Vert,2024-11-01,177273,uVmzKBJM3mQ,Lil Uzi Vert - Mr Chow [Official Audio],LIL UZI VERT,178.0,100.0,False,"[""exact_channel_artist"", ""artist_in_title""]","[""official_audio""]",0.004101019331765131,False,automatic,youtube_search,True
5xDrO9DEDJGUQGfyoHvgDJ,Last Christmas,Ariana Grande,2013-01-01,203653,ReK9MVrOq0w,Ariana Grande - Last Christmas (Audio),Ariana Grande,205.0,100.0,False,"[""exact_channel_artist"", ""artist_in_title""]",,0.0066141917870102575,False,automatic,youtube_search,True
1G391cbiT3v3Cywg8T7DM1,Scar Tissue,Red Hot Chili Peppers,1999-06-08,215906,mzJj5-lubeM,Red Hot Chili Peppers - Scar Tissue [Official Music Video] [HD UPGRADE],Red Hot Chili Peppers,221.0,100.0,False,"[""exact_channel_artist"", ""artist_in_title""]","[""official_music_video""]",0.02359360091891842,False,automatic,youtube_search,True
5xHgo5JN0wfsV41HnRaos5,The Giver,Chappell Roan,2025-03-13,202768,DubtPdXXjew,Chappell Roan - The Giver (Official Lyric Video),Chappell Roan,203.0,100.0,False,"[""exact_channel_artist"", ""artist_in_title""]","[""official_lyric_video""]",0.0011441647597254005,False,automatic,youtube_search,True
3MJ6lFNV12FSHAOzTzkwxz,Smile,Morgan Wallen,2024-12-31,224127,o4HsZ4fbmAE,Morgan Wallen - Smile (Lyric Video),Morgan Wallen,225.0,100.0,False,"[""exact_channel_artist"", ""artist_in_title""]","[""lyric_video""]",0.003895113038589728,False,automatic,youtube_search,True
3AWDeHLc88XogCaCnZQLVI,Cry For Me,The Weeknd,2025-01-31,224136,bn8gP5N8hqM,The Weeknd - Cry For Me (Official Music Video),The Weeknd,246.0,100.0,False,"[""exact_channel_artist"", ""artist_in_title""]","[""official_music_video""]",0.0975479173359032,False,automatic,youtube_search,True
3tFed7YsjGnIfxeLEQwx3R,Sticky,"Tyler, The Creator",2024-10-28,255915,jHTa6Uj9q8Q,"Tyler, The Creator - Sticky (Lyrics)",FutureHype,257,100,False,"[""artist_in_title""]","[""lyrics""]",0.004299,False,automatic,user_or_pattern_selected (ambiguous),False
0aB0v4027ukVziUGwVGYpG,tv off,Kendrick Lamar,2024-11-22,220690,U8F5G5wR1mk,Kendrick Lamar - tv off (Official Audio),Kendrick Lamar,221.0,100.0,False,"[""exact_channel_artist"", ""artist_in_title""]","[""official_audio""]",0.0014046853051792106,False,automatic,youtube_search,True
7AeM1BGYM7emrqmQn1PuWv,I'm The Problem,Morgan Wallen,2025-05-16,177811,YT57RMxA-Eo,Morgan Wallen - I'm The Problem (Official Audio),Morgan Wallen,178.0,100.0,False,"[""exact_channel_artist"", ""artist_in_title""]","[""official_audio""]",0.001062926365635422,False,automatic,youtube_search,True
21IYMdzTrzSe191Cy5eMap,Sailor Song,Gigi Perez,2025-04-25,211978,1lrFsXkT_rM,Gigi Perez - Sailor Song (Official Music Video),Gigi Perez,216.0,100.0,False,"[""exact_channel_artist"", ""artist_in_title""]","[""official_music_video""]",0.018973667078659107,False,automatic,youtube_search,True
00iLTetTLAeImmBlh6jOJh,K POP,Playboi Carti,2025-03-14,112992,d14JwYJBotw,Playboi Carti - K POP (Official Audio),Playboi Carti,114.0,100.0,False,"[""exact_channel_artist"", ""artist_in_title""]","[""official_audio""]",0.008920985556499575,False,automatic,youtube_search,True
2lTm559tuIvatlT1u0JYG2,BAILE INoLVIDABLE,Bad Bunny,2025-01-05,367725,2Y4zvxK0wYM,BAD BUNNY - BAILE INoLVIDABLE (Visualizer) | DeBÍ TiRAR MáS FOToS,Bad Bunny,368,61.8,False,"[""exact_channel_artist"", ""artist_in_title""]","[""visualizer""]",0.000816,False,automatic,user_or_pattern_selected (ambiguous),False
4u43I0LP2Xf85OAS85eG0R,CN TOWER,PARTYNEXTDOOR,2025-02-14,241889,0gI8phQgRss,"PARTYNEXTDOOR, Drake - CN TOWER",PARTYNEXTDOOR,242.0,100.0,False,"[""exact_channel_artist"", ""artist_in_title""]",,0.00045888816771329,False,automatic,youtube_search,True
0NUqi0ps17YpLUC3kgsZq0,DIE TRYING,PARTYNEXTDOOR,2025-02-14,195431,b5bR2NqDpqI,"PARTYNEXTDOOR, Drake, Yebba - DIE TRYING",PARTYNEXTDOOR,196.0,100.0,False,"[""exact_channel_artist"", ""artist_in_title""]",,0.002911513526513194,False,automatic,youtube_search,True
3aSWXU6owkZeVhh94XxEWO,30 For 30,SZA,2024-12-20,278277,NEnephbahLA,SZA - 30 For 30 feat. Kendrick Lamar (Official Audio),SZA,279.0,100.0,False,"[""exact_channel_artist"", ""artist_in_title""]","[""official_audio""]",0.002598130639614485,False,automatic,youtube_search,True
5nk6BxN9bM5rLNkA3pMOzn,Tweaker,Ball Brothers,2025-01-03,189473,2Mk7VTUwbck,GELO - Tweaker (Official Video),GELO,201,73.7,False,,"[""music_video""]",0.060686,False,automatic,user_or_pattern_selected (no_confident_match),False
0rNgWFQJtfttOYIHfDOHCg,BACKD00R,Playboi Carti,2025-03-14,190053,4LgZZVGvEyE,Playboi Carti - BACKD00R [feat. Kendrick Lamar & Jhene Aiko] (Official Audio),Playboi Carti,190.0,100.0,False,"[""exact_channel_artist"", ""artist_in_title""]","[""official_audio""]",0.0002788695784860013,False,automatic,youtube_search,True
5Nz7hI3cCOHmMR4vSLJ1An,GIMME A HUG,Drake,2025-02-14,193054,lBe5KKGQoGE,GIMME A HUG,Drake,194.0,100.0,False,"[""exact_channel_artist""]",,0.004900183368383976,False,automatic,youtube_search,True
5WEF0icHWmAZBBMglBd599,WELTiTA,Bad Bunny,2025-01-05,187507,hitCWMxsMi4,BAD BUNNY ft. Chuwi - WELTiTA (Visualizer) | DeBÍ TiRAR MáS FOToS,Bad Bunny,189,40,False,"[""exact_channel_artist"", ""artist_in_title""]","[""visualizer""]",0.008,False,automatic,user_or_pattern_selected (ambiguous),False
6jbYpRPTEFl1HFKHk1IC0m,Like Him,"Tyler, The Creator",2024-10-28,278014,Z0CQf3JDKAY,Like Him,"Tyler, The Creator",280.0,100.0,False,"[""exact_channel_artist""]",,0.007143525146215658,False,automatic,youtube_search,True
0stJVUUSrbEwyFHOp2dRu0,Open Hearts,The Weeknd,2025-01-30,234923,ll6sBa3Dafs,The Weeknd - Open Hearts (Audio),The Weeknd,236.0,100.0,False,"[""exact_channel_artist"", ""artist_in_title""]",,0.0045844808724560815,False,automatic,youtube_search,True
79x7xtoCLpf6l32Zz6mWo4,BOKeTE,Bad Bunny,2025-01-05,215983,snvw6iG-GaY,BAD BUNNY - BOKeTE (Visualizer) | DeBÍ TiRAR MáS FOToS,Bad Bunny,218,36.4,False,"[""exact_channel_artist"", ""artist_in_title""]","[""visualizer""]",0.009259,False,automatic,user_or_pattern_selected (ambiguous),False
0DA8aZZvG73AijDYT00ki1,bloodonmyhands,Tate McRae,2025-02-21,162403,VTbpK2ciY5s,Tate McRae - bloodonmyhands ft. Flo Milli (Lyric Video) ft. Flo Milli,Tate McRae,163.0,100.0,False,"[""exact_channel_artist"", ""artist_in_title""]","[""lyric_video""]",0.0036760404672327484,False,automatic,youtube_search,True
3FjK86616FbluOfTxNK2gY,A N X I E T Y,Sleepy Hallow,2023-09-15,148928,kt9aDuuYJIk,Sleepy Hallow - A N X I E T Y (Lyric Video) feat. Doechii,Sleepy Hallow,149.0,100.0,False,"[""exact_channel_artist"", ""artist_in_title""]","[""lyric_video""]",0.00048345509239363987,False,automatic,youtube_search,True
7xAvtuHf8nGi5OtXVPYgb3,CRANK,Playboi Carti,2025-03-14,147692,wQZvS109Q00,Playboi Carti - CRANK (Official Audio),Playboi Carti,148.0,100.0,False,"[""exact_channel_artist"", ""artist_in_title""]","[""official_audio""]",0.0020854210112937737,False,automatic,youtube_search,True
1pzN8bCzy017iK3vWzkk6Z,WAKE UP F1LTHY,Playboi Carti,2025-03-14,169333,rSMUVaPzlDQ,Playboi Carti - WAKE UP F1LTHY [with Travis Scott] (Official Audio),Playboi Carti,170.0,100.0,False,"[""exact_channel_artist"", ""artist_in_title""]","[""official_audio""]",0.003938984131858527,False,automatic,youtube_search,True
21aDVa64pWR8SYQ7wBRMkd,CHARGE DEM HOES A FEE,Playboi Carti,2025-03-14,225000,Q_ad3KnUDvM,Playboi Carti - CHARGE DEM HOES A FEE (Official Audio),Playboi Carti,226.0,100.0,False,"[""exact_channel_artist"", ""artist_in_title""]","[""official_audio""]",0.0044444444444444444,False,automatic,youtube_search,True
63Pi2NAx5yCgeLhCTOrEou,Headlock,Imogen Heap,2005-01-01,215338,roPiy2JydwA,Imogen Heap - Headlock (Official Video),Imogen Heap,215.0,100.0,False,"[""exact_channel_artist"", ""artist_in_title""]","[""official_video""]",0.0015696254260743575,False,automatic,youtube_search,True
1DpC4L3JjsGRW7y6eTHaMj,Ojos Tristes,Selena Gomez,2025-03-19,201920,Ch6xdV_ZjdU,"Selena Gomez, benny blanco - Ojos Tristes (with The Marías) (Official Lyric Video)",Selena Gomez,203.0,100.0,False,"[""exact_channel_artist"", ""artist_in_title""]","[""official_lyric_video""]",0.0053486529318541995,False,automatic,youtube_search,True
5RKQ5NdjSh2QzD4MaunT91,Don't Stop Believin' (2022 Remaster),Journey,1981-07-17,249600,1k8craCGpgs,Journey - Don't Stop Believin' (Official Audio),journey,251,73.099999999999994,False,"[""exact_channel_artist"", ""artist_in_title""]","[""official_audio""]",0.005609,False,automatic,user_or_pattern_selected (ambiguous),True
6jp9WjJtKF0Fgks0Y9Kkni,Like I do,Tate McRae,2025-02-21,182061,xLneXAxwHNc,Tate McRae - Like I do (Lyric Video),Tate McRae,184.0,100.0,False,"[""exact_channel_artist"", ""artist_in_title""]","[""lyric_video""]",0.010650276555659916,False,automatic,youtube_search,True
6LxSe8YmdPxy095Ux6znaQ,Headlines,Drake,2011-11-15,235986,Sn3SUnL44w4,Headlines,Drake,236.0,100.0,False,"[""exact_channel_artist""]",,5.932555321078369e-05,False,automatic,youtube_search,True
7zFXmv6vqI4qOt4yGf3jYZ,Get You,Daniel Caesar,2017-08-25,278179,uQFVqltOXRg,Daniel Caesar - Get You ft. Kali Uchis [Official Video],Daniel Caesar,271.0,100.0,False,"[""exact_channel_artist"", ""artist_in_title""]","[""official_video""]",0.025807124189820223,False,automatic,youtube_search,True
53WWD2BBC6Jcip8wy5CniE,cLOUDs,J. Cole,2025-02-21,242086,eUsQzDa7qyU,cLOUDs,J. Cole,243.0,100.0,False,"[""exact_channel_artist""]",,0.0037755177911981694,False,automatic,youtube_search,True
4GqhG9rDuRUoNyDSMJ0Brq,SPIDER-MAN SUPERMAN,PARTYNEXTDOOR,2025-02-14,203893,i-DK2XUsKuw,"PARTYNEXTDOOR, Drake - SPIDER-MAN SUPERMAN",PARTYNEXTDOOR,204.0,100.0,False,"[""exact_channel_artist"", ""artist_in_title""]",,0.0005247850588298765,False,automatic,youtube_search,True
0OpC8hRrbsh24taKOsQBEX,Real Man,beabadoobee,2024-08-09,160600,KUYK5KEU6qg,beabadoobee - Real Man,TheGoodVibe,161,100,False,"[""artist_in_title""]",,0.002491,False,automatic,user_or_pattern_selected (ambiguous),False
5IoPnNiYAOvHHJpz13wzRL,Vanish Into You,Lady Gaga,2025-03-07,244915,tQHLIRCcfio,Lady Gaga - Vanish Into You (Official Audio),Lady Gaga,246.0,100.0,False,"[""exact_channel_artist"", ""artist_in_title""]","[""official_audio""]",0.004430108404956822,False,automatic,youtube_search,True
04emojnbYkrRmv5qtJcgVP,What I Want,Morgan Wallen,2025-05-16,184517,hNrwlzBeFN8,Morgan Wallen - What I Want (feat. Tate McRae) (Lyric Video),Morgan Wallen,184.0,100.0,False,"[""exact_channel_artist"", ""artist_in_title""]","[""lyric_video""]",0.0028019098511248286,False,automatic,youtube_search,True
1lfO0bqThTLimzHsvk3LrN,OWA OWA,Lil Tecca,2025-06-13,132380,wTy5dra6CzM,Lil Tecca - OWA OWA (Official Audio),Lil Tecca,133.0,100.0,False,"[""exact_channel_artist"", ""artist_in_title""]","[""official_audio""]",0.004683486931560659,False,automatic,youtube_search,True
3LPLRNr58Z9Pn0clnEtkXb,Anxiety,Doechii,2025-03-14,249302,egemoVK0IKY,Doechii - Anxiety (Visualizer),Doechii,250.0,100.0,False,"[""exact_channel_artist"", ""artist_in_title""]","[""visualizer""]",0.0027998170893133627,False,automatic,youtube_search,True
0TFTAtCYhp2tQ9KcJIZb55,undressed,sombr,2025-08-22,182088,CtRn6eqVnvY,sombr - undressed (official lyric video),sombr,183.0,100.0,False,"[""exact_channel_artist"", ""artist_in_title""]","[""official_lyric_video""]",0.005008567286147357,False,automatic,youtube_search,True
2jNyiavSywmA472t2m6ZBz,What Was That,Lorde,2025-04-24,209286,1UpoZpMBM9Y,Lorde - What Was That,Lorde,209.0,100.0,False,"[""exact_channel_artist"", ""artist_in_title""]",,0.0013665510354252076,False,automatic,youtube_search,True
1BDLD4c07q0bmq2VCRsXoE,I Ain't Comin' Back,Morgan Wallen,2025-05-16,175271,6oJkXrNYBA4,"Morgan Wallen, Post Malone - I Ain't Comin' Back (Official Audio)",Morgan Wallen,176.0,100.0,False,"[""exact_channel_artist"", ""artist_in_title""]","[""official_audio""]",0.004159273353834919,False,automatic,youtube_search,True
5z0LSDpPpGwc2ZyJHpsE3J,Just In Case,Morgan Wallen,2025-05-16,166206,cLnl73R9gMc,Morgan Wallen - Just In Case (Official Audio),Morgan Wallen,167.0,100.0,False,"[""exact_channel_artist"", ""artist_in_title""]","[""official_audio""]",0.0047772041923877595,False,automatic,youtube_search,True
7qjZnBKE73H4Oxkopwulqe,back to friends,sombr,2025-08-22,199032,fOQ_-gZsnYQ,sombr - back to friends (official audio),sombr,200.0,100.0,False,"[""exact_channel_artist"", ""artist_in_title""]","[""official_audio""]",0.004863539531331645,False,automatic,youtube_search,True
6wZOZ0votPhc8qdg4UFPtH,dandelion,Ariana Grande,2025-03-28,204815,qN4nWpW1UMA,Ariana Grande - dandelion (lyric visualizer),Ariana Grande,205.0,100.0,False,"[""exact_channel_artist"", ""artist_in_title""]","[""visualizer""]",0.0009032541561897322,False,automatic,youtube_search,True
6TUf119oQrkteMSKTE1SOf,"Skoal, Chevy, and Browning",Morgan Wallen,2025-05-16,222479,EgbfJqJI2x0,"Morgan Wallen - Skoal, Chevy and Browning (Lyric Video)",Morgan Wallen,217.0,100.0,False,"[""exact_channel_artist"", ""artist_in_title""]","[""lyric_video""]",0.024627043451292033,False,automatic,youtube_search,True
0GnNHCDj2WOJl70UUcvAEP,Falling Apart,Morgan Wallen,2025-05-16,198919,qVZUcxFN2E8,Morgan Wallen - Falling Apart (Lyric Video),Morgan Wallen,196.0,100.0,False,"[""exact_channel_artist"", ""artist_in_title""]","[""lyric_video""]",0.01467431467079565,False,automatic,youtube_search,True
68qeaZhtMZ6abrJCYt6nQn,RATHER LIE,Playboi Carti,2025-03-14,209680,fYD7YsSRHOY,Playboi Carti & The Weeknd - RATHER LIE (Official Audio),Playboi Carti,210.0,100.0,False,"[""exact_channel_artist"", ""artist_in_title""]","[""official_audio""]",0.0015261350629530714,False,automatic,youtube_search,True
0YsIYFRoxkmEvbKCwTp0Tg,20 Cigarettes,Morgan Wallen,2025-05-16,160901,IV3ESXbcvag,Morgan Wallen - 20 Cigarettes (Lyric Video),Morgan Wallen,160.0,100.0,False,"[""exact_channel_artist"", ""artist_in_title""]","[""lyric_video""]",0.00559971659591923,False,automatic,youtube_search,True
2qPQcfUgizNDOIv1orkTAd,Bloodline,Alex Warren,2025-07-18,182008,UBtfcphWKBY,Alex Warren - Bloodline (with Jelly Roll) [Official Video],Alex Warren,216.0,100.0,False,"[""exact_channel_artist"", ""artist_in_title""]","[""official_video""]",0.18676102149356072,False,automatic,youtube_search,True
6393yGahSJ9slVdOwSxOVR,Pink Pony Club,Chappell Roan,2023-09-21,258034,GR3Liudev18,Chappell Roan - Pink Pony Club (Official Music Video),Chappell Roan,281.0,100.0,False,"[""exact_channel_artist"", ""artist_in_title""]","[""official_music_video""]",0.08900377469635784,False,automatic,youtube_search,True
4Km9FSF9iaQiTLnFPdbPom,6 Months Later,Megan Moroney,2025-06-20,182868,4Utfp-qvNO8,Megan Moroney - 6 Months Later (Official Lyric Video),Megan Moroney,185.0,100.0,False,"[""exact_channel_artist"", ""artist_in_title""]","[""official_lyric_video""]",0.011658682765710787,False,automatic,youtube_search,True
7igCS2ZsfV7bvxuhF4XgiQ,I'm A Little Crazy,Morgan Wallen,2025-03-21,199060,Yb4XgSJyeig,Morgan Wallen - I'm A Little Crazy (Official Audio),Morgan Wallen,200.0,100.0,False,"[""exact_channel_artist"", ""artist_in_title""]","[""official_audio""]",0.00472219431327238,False,automatic,youtube_search,True
4HWDNZ1i6gyzu9tUbNhC2C,Revelation,Morgan Wallen,2025-05-16,209519,qatdvWJDSHk,Morgan Wallen - Revelation (Lyric Video),Morgan Wallen,203.0,100.0,False,"[""exact_channel_artist"", ""artist_in_title""]","[""lyric_video""]",0.031114123301466692,False,automatic,youtube_search,True
2JPctdUgvkQSpnUdfROxvY,Te Quería Ver,Alemán,2025-05-09,176129,Fu3u83byc5A,"Alemán, Neton Vega - Te Quería Ver (Video Oficial)",Alemán,179.0,100.0,False,"[""exact_channel_artist"", ""artist_in_title""]",,0.016300552435998615,False,automatic,youtube_search,True
3t6gUcGYLrUuqwpXjOFWQc,I Never Lie,Zach Top,2024-04-05,224906,P6LeMSLYhko,Zach Top - I Never Lie (Official Audio),Zach Top,225.0,100.0,False,"[""exact_channel_artist"", ""artist_in_title""]","[""official_audio""]",0.0004179523889980703,False,automatic,youtube_search,True
0nj9Bq5sHDiTxSHunhgkFb,squabble up,Kendrick Lamar,2024-11-22,157992,NYH6Oa4PXlY,Kendrick Lamar - squabble up (Official Audio),Kendrick Lamar,159.0,100.0,False,"[""exact_channel_artist"", ""artist_in_title""]","[""official_audio""]",0.006380069876955795,False,automatic,youtube_search,True
4IixOTCzviJgIigKleiVbo,Even In Arcadia,Sleep Token,2025-05-09,268369,qRL24yVx6Vw,Sleep Token - Even In Arcadia,Sleep Token,269.0,100.0,False,"[""exact_channel_artist"", ""artist_in_title""]",,0.0023512402699268544,False,automatic,youtube_search,True
7y9iMe8SOB6z3NoHE2OfXl,Bad At Love,Halsey,2017-06-02,181279,xdYFuCp3m9k,Halsey - Bad At Love (Official Music Video),Halsey,184.0,100.0,False,"[""exact_channel_artist"", ""artist_in_title""]","[""official_music_video""]",0.015010012191152864,False,automatic,youtube_search,True
0T1tCsZ2qPRf6fwphjlNPM,Sober,Hudson Westbrook,2025-04-25,210293,hRyxZfz8gPE,Hudson Westbrook - Sober (Official Music Video),Hudson Westbrook,213.0,100.0,False,"[""exact_channel_artist"", ""artist_in_title""]","[""official_music_video""]",0.012872515965819118,False,automatic,youtube_search,True
3anaHXs7z8NwLUatPxqJlE,Amen,Shaboozey,2025-04-24,197403,BDXaaR-IgBU,Shaboozey - Amen (Official Lyric Video) ft. Jelly Roll,Shaboozey,198.0,100.0,False,"[""exact_channel_artist"", ""artist_in_title""]","[""official_lyric_video""]",0.0030242701478700932,False,automatic,youtube_search,True
5uhxL7UwvTMV6FSCTpKcjc,Leavin's The Least I Could Do,Morgan Wallen,2025-05-16,187545,2cS0qCwBuHk,Morgan Wallen - Leavin's The Least I Could Do (Lyric Video),Morgan Wallen,186.0,100.0,False,"[""exact_channel_artist"", ""artist_in_title""]","[""lyric_video""]",0.008238022874510118,False,automatic,youtube_search,True
7aURTqVzpZxkJfboCvGc69,LiveLeak,Ken Carson,2025-04-11,190541,RKN4NTPGJxY,Ken Carson - LiveLeak (Audio),Ken Carson,191.0,100.0,False,"[""exact_channel_artist"", ""artist_in_title""]",,0.0024089303614445185,False,automatic,youtube_search,True
2ZWlPOoWh0626oTaHrnl2a,Ivy,Frank Ocean,2016-08-20,249191,AE005nZeF-A,Frank Ocean - Ivy,Blonded,250,100,False,"[""artist_in_title""]",,0.00321,False,automatic,user_or_pattern_selected (ambiguous),False
56BtPjjWiRc0ch7DH8DNu9,Trap Jump,Ken Carson,2025-04-11,150386,gn5MDOd-6H4,Ken Carson - Trap Jump (Audio),Ken Carson,151.0,100.0,False,"[""exact_channel_artist"", ""artist_in_title""]",,0.00408282685888314,False,automatic,youtube_search,True
1qbmS6ep2hbBRaEZFpn7BX,Man I Need,Olivia Dean,2025-08-15,184000,JGKgbmz_gcU,Olivia Dean - Man I Need (Lyric Video),Olivia Dean,187.0,100.0,False,"[""exact_channel_artist"", ""artist_in_title""]","[""lyric_video""]",0.016304347826086956,False,automatic,youtube_search,True
4sLvxpKLvagQ4lZHUpymza,Big Poe,"Tyler, The Creator",2025-07-21,182401,LmRd4x8D8cY,"Tyler, The Creator - Big Poe",Tuneverse,183,100,False,"[""artist_in_title""]",,0.003289,False,automatic,user_or_pattern_selected (ambiguous),False
01p5urrGw5fuFCcfT7PBgc,GO BABY,Justin Bieber,2025-07-11,194760,cfhRITCzKGE,Justin Bieber - GO BABY (Audio),Justin Bieber,195.0,100.0,False,"[""exact_channel_artist"", ""artist_in_title""]",,0.0012322858903265558,False,automatic,youtube_search,True
72PVbRKkUimweUPV0nKAPs,ALL I CAN TAKE,Justin Bieber,2025-07-11,247546,ogVL5Hdh8Po,Justin Bieber - ALL I CAN TAKE (Audio),Justin Bieber,248.0,100.0,False,"[""exact_channel_artist"", ""artist_in_title""]",,0.0018340025692194582,False,automatic,youtube_search,True
2SsY5k7UWFqgye3PUMG3Oq,The Subway,Chappell Roan,2025-08-01,252276,woLfAvD5iXI,Chappell Roan - The Subway (Official Music Video),Chappell Roan,272.0,100.0,False,"[""exact_channel_artist"", ""artist_in_title""]","[""official_music_video""]",0.07818421094356974,False,automatic,youtube_search,True
1qyw5wSUkEvH8DtaCdx7Lg,Go Go Juice,Sabrina Carpenter,2025-08-29,193315,uCNr2iCgSPs,Sabrina Carpenter - Go Go Juice (Official Lyric Video),Sabrina Carpenter,194.0,100.0,False,"[""exact_channel_artist"", ""artist_in_title""]","[""official_lyric_video""]",0.003543439464087112,False,automatic,youtube_search,True
3RXUgPNIbUgFxsDWuBQEt6,How It’s Done,HUNTR/X,2025-06-20,176059,QGsevnbItdU,"""How It's Done"" Official Lyric Video | KPop Demon Hunters | Sony Animation",Sony Pictures Animation,184,43.3,False,,"[""lyric_video""]",0.044861,False,automatic,user_or_pattern_selected (no_confident_match),False
6xV7Be6XEvkSnighmh2Tzj,Sugar On My Tongue,"Tyler, The Creator",2025-07-21,153332,ljHdccyQbT4,SUGAR ON MY TONGUE (Official Video),"Tyler, The Creator",164.0,100.0,False,"[""exact_channel_artist""]","[""official_video""]",0.0695745180392873,False,automatic,youtube_search,True
0je57Uq5eTk1wrPzn9sWbl,When Did You Get Hot?,Sabrina Carpenter,2025-08-29,145398,bnhV-OBnGCE,Sabrina Carpenter - When Did You Get Hot? (Official Lyric Video),Sabrina Carpenter,146.0,100.0,False,"[""exact_channel_artist"", ""artist_in_title""]","[""official_lyric_video""]",0.004140359564780809,False,automatic,youtube_search,True
0LutvoC2HqCfnaRSjrhtzo,WALKING AWAY,Justin Bieber,2025-07-11,244013,sbF2O_LOyyQ,Justin Bieber - WALKING AWAY (Audio),Justin Bieber,244.0,100.0,False,"[""exact_channel_artist"", ""artist_in_title""]",,5.3275850057169085e-05,False,automatic,youtube_search,True
0M7mWKqwTIaVjYyxfZmtTa,"Courtesy Of The Red, White And Blue (The Angry American)",Toby Keith,2002-01-01,195533,ruNrdmjcNTc,"Toby Keith - Courtesy Of The Red, White And Blue (The Angry American) (Official Music Video)",Toby Keith,200.0,100.0,False,"[""exact_channel_artist"", ""artist_in_title""]","[""official_music_video""]",0.02284524862810881,False,automatic,youtube_search,True
3WgFhZfyk5nb6v7hkwPmD4,Mommanem,"Tyler, The Creator",2025-07-21,75386,67v_tF21db0,"Tyler, The Creator - Mommanem (Lyrics)",Strain Music,76,100,False,"[""artist_in_title""]","[""lyrics""]",0.007958,False,automatic,user_or_pattern_selected (ambiguous),False
21IVPfi81m6ywNgOvqTj1i,Don’t Worry I’ll Make You Worry,Sabrina Carpenter,2025-08-29,222320,soKG9DDv3_A,Sabrina Carpenter - Don't Worry I'll Make You Worry (Official Lyric Video),Sabrina Carpenter,223.0,100.0,False,"[""exact_channel_artist"", ""artist_in_title""]","[""official_lyric_video""]",0.0030586541921554518,False,automatic,youtube_search,True
1j8TmNa6vaFAEAws43kP0Q,THINGS YOU DO,Justin Bieber,2025-07-11,108386,-VsIU-7cPeQ,Justin Bieber - THINGS YOU DO (Audio),Justin Bieber,109.0,100.0,False,"[""exact_channel_artist"", ""artist_in_title""]",,0.005664938276161127,False,automatic,youtube_search,True
5FMyXeZ0reYloRTiCkPprT,Which One,Drake,2025-07-25,169134,9-dEHfSCZUQ,Which One,Drake,170.0,100.0,False,"[""exact_channel_artist""]",,0.005120200551042369,False,automatic,youtube_search,True
6wkYQMrFfb0huLB5Qn19Iv,We Almost Broke Up Again Last Night,Sabrina Carpenter,2025-08-29,203378,v-iMcsxhp-g,Sabrina Carpenter - We Almost Broke Up Again Last Night (Official Lyric Video),Sabrina Carpenter,204.0,100.0,False,"[""exact_channel_artist"", ""artist_in_title""]","[""official_lyric_video""]",0.003058344560375262,False,automatic,youtube_search,True
4gfrYDtaRmp6HPvN80V2ob,I Got Better,Morgan Wallen,2025-05-16,204963,lHDSh5kuqVI,Morgan Wallen - I Got Better (Lyric Video),Morgan Wallen,206.0,100.0,False,"[""exact_channel_artist"", ""artist_in_title""]","[""lyric_video""]",0.005059449754345907,False,automatic,youtube_search,True
1PdUyYYw9sGU0yhLrpeHKt,Never Getting Laid,Sabrina Carpenter,2025-08-29,208211,mljWcXuCoH4,Sabrina Carpenter - Never Getting Laid (Official Lyric Video),Sabrina Carpenter,209.0,100.0,False,"[""exact_channel_artist"", ""artist_in_title""]","[""official_lyric_video""]",0.0037894251504483434,False,automatic,youtube_search,True
2BkTPMr1v6Fr6JJwc4V7R5,Strategy,TWICE,2024-12-06,166773,h5CwaVjF_78,"TWICE ""Strategy"" Choreography Video (Moving ver.)",TWICE,177,34.799999999999997,False,"[""exact_channel_artist"", ""artist_in_title""]",,0.061151,False,automatic,user_or_pattern_selected (ambiguous),False
7D0RhFcb3CrfPuTJ0obrod,Sparks,Coldplay,2000-07-10,227093,Ar48yzjn1PE,Coldplay - Sparks,Somber Sounds,228,100,False,"[""artist_in_title""]",,0.003963,False,automatic,user_or_pattern_selected (ambiguous),False
3AD73lKeY2c9JhsHRqWkOw,KICK OUT,Travis Scott,2025-07-11,170498,lqRo0r36nRw,Travis Scott - KICK OUT (Official Audio),Travis Scott,173.0,100.0,False,"[""exact_channel_artist"", ""artist_in_title""]","[""official_audio""]",0.014674658940280824,False,automatic,youtube_search,True
5cfsQZEFf1IpQr8F9vI9le,BUTTERFLIES,Justin Bieber,2025-07-11,193525,ncX3ue51GFg,Justin Bieber - BUTTERFLIES (Audio),Justin Bieber,194.0,100.0,False,"[""exact_channel_artist"", ""artist_in_title""]",,0.0024544632476424235,False,automatic,youtube_search,True
1Y373MqadDRtclJNdnUXVc,Paranoid - 2012 - Remaster,Black Sabbath,1970-09-18,168405,WfmXJuurKH8,Paranoid (2012 Remaster),Black Sabbath,167.0,100.0,False,"[""exact_channel_artist""]",,0.008342982690537692,False,automatic,youtube_search,True
0qRR9d89hIS0MHRkQ0ejxX,Rich Girl,Daryl Hall & John Oates,1976-08-01,142786,AmHE65RAkSY,Daryl Hall & John Oates - Rich Girl (Official Audio),Daryl Hall & John Oates,145.0,100.0,False,"[""exact_channel_artist"", ""artist_in_title""]","[""official_audio""]",0.015505721849481041,False,automatic,youtube_search,True
3cZajhyr8LmtPfHZ9296tj,No Broke Boys,Disco Lines,2025-06-06,163994,nS-fOh1CfhQ,Disco Lines & Tinashe - No Broke Boys (Official Audio),Disco Lines,164.0,100.0,False,"[""exact_channel_artist"", ""artist_in_title""]","[""official_audio""]",3.658670439162408e-05,False,automatic,youtube_search,True
2J051fjLklkoPbzOoTAACZ,"Sally, When The Wine Runs Out",ROLE MODEL,2025-02-14,218660,WBEfPsp_TAA,"ROLE MODEL - Sally, When The Wine Runs Out (Lyric Video)",ROLE MODEL,217.0,100.0,False,"[""exact_channel_artist"", ""artist_in_title""]","[""lyric_video""]",0.007591694868745998,False,automatic,youtube_search,True
5dUCixiCL0CcIUdlgUl1ct,Oneida,Tyler Childers,2025-07-25,278213,3828dlfLtDc,Tyler Childers - Oneida (Audio),Tyler Childers,280.0,100.0,False,"[""exact_channel_artist"", ""artist_in_title""]",,0.006423136230154594,False,automatic,youtube_search,True
42T2QQv3xgBlpQxaSP7lnK,One Last Breath,Creed,2001-01-01,238240,hwR6teRhmlc,Creed - One Last Breath (Official Audio),Creed,240.0,100.0,False,"[""exact_channel_artist"", ""artist_in_title""]","[""official_audio""]",0.007387508394895903,False,automatic,youtube_search,True
1Iw5iLfAwDvS6frI82gMoV,End Of Summer,Tame Impala,2025-07-25,432566,mWCE6IGafeI,Tame Impala - End Of Summer (Lyrics),Memories Shadow,432,100,False,"[""artist_in_title""]","[""lyrics""]",0.001387,False,automatic,user_or_pattern_selected (ambiguous),False
4eLDmhsJW3JoZTXCAozHor,Loco,Neton Vega,2025-02-14,186521,HDl0r2xJ7uE,Neton Vega - Loco (Video Lyric),Neton Vega,186.0,100.0,False,"[""exact_channel_artist"", ""artist_in_title""]","[""lyrics""]",0.002793251162067542,False,automatic,youtube_search,True
7Ar4G7Ci11gpt6sfH9Cgz5,Listen to the Music,The Doobie Brothers,1972-01-01,227266,DkytJLoxGmQ,Doobie Brothers - Listen To The Music • TopPop,TopPop,228,62.3,False,,,0.00308,False,automatic,user_or_pattern_selected (ambiguous),False
2x3mwb96B6TquRqMtbxUE1,Actually Romantic,Taylor Swift,2025-10-03,163699,FnEg1RgmqO4,Taylor Swift - Actually Romantic (Lyric Video),Taylor Swift,169.0,100.0,False,"[""exact_channel_artist"", ""artist_in_title""]","[""lyric_video""]",0.03238260465855015,False,automatic,youtube_search,True
5eXgqtg3T8Av0m1FUaGHex,The Life of a Showgirl,Taylor Swift,2025-10-03,241766,OU6362Nggg0,Taylor Swift - The Life of a Showgirl (Feat. Sabrina Carpenter) (Lyric Video),Taylor Swift,246.0,100.0,False,"[""exact_channel_artist"", ""artist_in_title""]","[""lyric_video""]",0.01751280163463845,False,automatic,youtube_search,True
1jgTiNob5cVyXeJ3WgX5bL,Elizabeth Taylor,Taylor Swift,2025-10-03,208291,7X5iDKPrZH0,Taylor Swift - Elizabeth Taylor (Lyric Video),Taylor Swift,212.0,100.0,False,"[""exact_channel_artist"", ""artist_in_title""]","[""lyric_video""]",0.017806818345487804,False,automatic,youtube_search,True
5ylJtmaWPJ33cW3En7WOu0,Wood,Taylor Swift,2025-10-03,150517,6m50keINEOI,Taylor Swift - Wood (Lyric Video),Taylor Swift,155.0,100.0,False,"[""exact_channel_artist"", ""artist_in_title""]","[""lyric_video""]",0.029784011108379783,False,automatic,youtube_search,True
2RkZ5LkEzeHGRsmDqKwmaJ,Ordinary,Alex Warren,2024-09-26,186964,A8dH4cKGa6s,Alex Warren - Ordinary (Official Lyric Video),Alex Warren,187.0,100.0,False,"[""exact_channel_artist"", ""artist_in_title""]","[""official_lyric_video""]",0.00019255043751738302,False,automatic,youtube_search,True
03bTIHJElXZ0O0jqOQvAbY,Father Figure,Taylor Swift,2025-10-03,212777,98SmlWOKuME,Taylor Swift - Father Figure (Lyric Video),Taylor Swift,216.0,100.0,False,"[""exact_channel_artist"", ""artist_in_title""]","[""lyric_video""]",0.015147313854410956,False,automatic,youtube_search,True
62V2ZHslgQV98gH4AuVXnr,Ruin The Friendship,Taylor Swift,2025-10-03,220564,WQCPl5rTMDQ,Taylor Swift - Ruin The Friendship (Lyric Video),Taylor Swift,225.0,100.0,False,"[""exact_channel_artist"", ""artist_in_title""]","[""lyric_video""]",0.02011207631345097,False,automatic,youtube_search,True
47ohYW8e7dxCYn9qbUMBCI,Christmas (Baby Please Come Home),Darlene Love,2020-12-04,166453,4EvZOXEoJ84,Darlene Love - Christmas (Baby Please Come Home) (Official Audio),Darlene Love,165.0,100.0,False,"[""exact_channel_artist"", ""artist_in_title""]","[""official_audio""]",0.008729190822634618,False,automatic,youtube_search,True
3XsaSIPWvM61RIFfeb0BBR,White Christmas - 1947 Version,Bing Crosby,1945-01-01,183613,Us4x4zYnErU,White Christmas (1947 Version),Bing Crosby,181.0,100.0,False,"[""exact_channel_artist""]",,0.014231018500868674,False,automatic,youtube_search,True
4qmFC3Jz5aQ0erlk2OSi2X,Honey,Taylor Swift,2025-10-03,181534,4-EzK5UB40U,Taylor Swift - Honey (Lyric Video),Taylor Swift,186.0,100.0,False,"[""exact_channel_artist"", ""artist_in_title""]","[""lyric_video""]",0.02460145206958476,False,automatic,youtube_search,True
7scFxt9VhL4FJwuPSfRlfN,Choosin' Texas,Ella Langley,2026-04-10,231746,hLOheGDwD_0,Ella Langley - Choosin' Texas (Official Lyric Video),Ella Langley,232.0,100.0,False,"[""exact_channel_artist"", ""artist_in_title""]","[""official_lyric_video""]",0.0010960275474010339,False,automatic,youtube_search,True
2OZVskV28xxJjjhQqKTLSg,PIXELATED KISSES,Joji,2025-10-14,110430,SblNBrgLdvo,Joji - PIXELATED KISSES (Visualizer),Joji,109.0,100.0,False,"[""exact_channel_artist"", ""artist_in_title""]","[""visualizer""]",0.012949379697545957,False,automatic,youtube_search,True
0InIeZW4P6VO7dUGRM4AKH,Sienna,The Marías,2024-05-31,224840,EiS7cKfuf6w,The Marías - Sienna (Visualizer),The Marías,225.0,100.0,False,"[""exact_channel_artist"", ""artist_in_title""]","[""visualizer""]",0.0007116171499733144,False,automatic,youtube_search,True
5o0hD6Bs6RdyZxfYBoEEc8,No Good Deed,Cynthia Erivo,2025-11-21,230250,6vgUsEa5FMs,Wicked: For Good The Soundtrack - No Good Deed (Official Lyric Video),Republic Records,231,43.6,False,,"[""official_channel"", ""official_lyric_video""]",0.003475,False,automatic,user_or_pattern_selected (ambiguous),True
42VUCXerQ5qTr4Qp6PhKo4,Tears,Sabrina Carpenter,2025-08-29,160183,Vgoic6l5YTU,Sabrina Carpenter - Tears (Lyrics),Rap Samurai,161,100,False,"[""artist_in_title""]","[""lyrics""]",0.004994,False,automatic,user_or_pattern_selected (ambiguous),False
1Wf14bTyb6UeKojy8ykPYm,Happy Holiday / The Holiday Season,Andy Williams,1963-01-01,157000,oZ5cmrz-mrU,Andy Williams - Happy Holiday / The Holiday Season (Official Audio),Andy Williams,159.0,100.0,False,"[""exact_channel_artist"", ""artist_in_title""]","[""official_audio""]",0.012738853503184714,False,automatic,youtube_search,True
48axmFD7PUPnTOdSFMYrvj,WHO I WAS,NF,2025-11-13,180953,J7nwTWxdJbw,"NF, mgk - WHO I WAS (Audio)",NFrealmusic and mgk,181,100,False,"[""artist_in_title""]",,0.0,False,automatic,user_or_pattern_selected (ambiguous),False
4Yg2w0P29BBBMixyeNjDtj,Do They Know It's Christmas? - 1984 Version,Band Aid,1984-11-25,222533,_hvOXJ8VD9o,Do They Know It's Christmas？ 1984 Version · Band Aid,Stern Radio Rochlitz - Juwel 2 Musik-Radio,223,89.9,False,"[""artist_in_title""]",,0.002247,False,automatic,user_or_pattern_selected (ambiguous),False
57Z6TJCTMACXxdrcwZ3Zvf,Phantom,EsDeeKid,2025-06-20,109759,hmdzniMJOZs,EsDeeKid & Rico Ace - Phantom,EsDeeKid,111.0,100.0,False,"[""exact_channel_artist"", ""artist_in_title""]",,0.011306589892400623,False,automatic,youtube_search,True
2Nig1jX8uBu3LdSSUrm7Fp,GIVE ME A REASON,NF,2025-11-14,182679,ljh8Uo2tLQ0,NF - GIVE ME A REASON (Audio),NFrealmusic,183,100,False,"[""artist_in_title""]",,0.001642,False,automatic,user_or_pattern_selected (ambiguous),False
4rMNgxEwGWoPHIUcvB5BrB,It Will Rain,Bruno Mars,2011-09-27,257847,W-w3WfgpcGg,Bruno Mars - It Will Rain (Official Music Video),Bruno Mars,267.0,100.0,False,"[""exact_channel_artist"", ""artist_in_title""]","[""official_music_video""]",0.03549779520413268,False,automatic,youtube_search,True
5UWwZ5lm5PKu6eKsHAGxOk,Everlong,Foo Fighters,1997-05-20,250546,hq0rZ3IiyWw,Foo Fighters - Everlong,Foo Fighters,251.0,100.0,False,"[""exact_channel_artist"", ""artist_in_title""]",,0.0018120424991817869,False,automatic,youtube_search,True
3EMfeKtNK4q4k3sVjwg5Yy,My Man on Willpower,Sabrina Carpenter,2025-08-29,197817,KbzNB2sRnVQ,Sabrina Carpenter - My Man on Willpower (Official Lyric Video),Sabrina Carpenter,198.0,100.0,False,"[""exact_channel_artist"", ""artist_in_title""]","[""official_lyric_video""]",0.0009250974385416825,False,automatic,youtube_search,True
0O4vuJynWVVdyvoHvZtnk3,Christmas Canon,Trans-Siberian Orchestra,1998-09-15,257986,Cm-WAIyBO1A,Trans-Siberian Orchestra - Christmas Canon (Official Audio),Trans-Siberian Orchestra,256.0,100.0,False,"[""exact_channel_artist"", ""artist_in_title""]","[""official_audio""]",0.007698092144534974,False,automatic,youtube_search,True
5T0mnzMsyHtmWB7Kou51Ph,Gorgeous,Doja Cat,2025-09-26,266021,nBJRaflBDBg,Doja Cat - Gorgeous (Official Video),Doja Cat,267.0,100.0,False,"[""exact_channel_artist"", ""artist_in_title""]","[""official_video""]",0.0036801605888256944,False,automatic,youtube_search,True
53iuhJlwXhSER5J2IYYv1W,The Fate of Ophelia,Taylor Swift,2025-10-03,226073,rbmdfEQODOw,Taylor Swift - The Fate of Ophelia (Lyric Video),Taylor Swift,230.0,100.0,False,"[""exact_channel_artist"", ""artist_in_title""]","[""lyric_video""]",0.017370495370964245,False,automatic,youtube_search,True
6sGIMrtIzQjdzNndVxe397,So Easy (To Fall In Love),Olivia Dean,2025-09-26,169000,FX1_FXlKxXY,Olivia Dean - So Easy (To Fall In Love) (Lyric Video),Olivia Dean,169.0,100.0,False,"[""exact_channel_artist"", ""artist_in_title""]","[""lyric_video""]",0.0,False,automatic,youtube_search,True
59D4DOkspUbWyMmbAPQkxZ,VOY A LLeVARTE PA PR,Bad Bunny,2025-01-05,156364,X2MGCIDOMZ4,BAD BUNNY - VOY A LLeVARTE PA PR (Visualizer) | DeBÍ TiRAR MáS FOToS,Bad Bunny,159,65.599999999999994,False,"[""exact_channel_artist"", ""artist_in_title""]","[""visualizer""]",0.016624,False,automatic,user_or_pattern_selected (ambiguous),False
7N3d1hsZZpmmnovfAtnVFU,Porch Light,Noah Kahan,2026-04-24,262726,hQSO9vFXnBU,Noah Kahan - Porch Light (Official Lyric Video),Noah Kahan,263.0,100.0,False,"[""exact_channel_artist"", ""artist_in_title""]","[""official_lyric_video""]",0.0010429116265615128,False,automatic,youtube_search,True
3xClevycpBON8bkyxFbAna,Taste Back,Harry Styles,2026-03-06,221653,PHHue4WIxXw,Harry Styles - Taste Back (Official Lyric Video),Harry Styles,222.0,100.0,False,"[""exact_channel_artist"", ""artist_in_title""]","[""official_lyric_video""]",0.0015655100540033296,False,automatic,youtube_search,True
0FlcmZ13DGRmscCroro9GO,Body,Don Toliver,2026-01-30,155753,Y92toVGxfqs,Don Toliver - Body [Official Visualizer],Don Toliver,156.0,100.0,False,"[""exact_channel_artist"", ""artist_in_title""]","[""visualizer""]",0.0015858442534012185,False,automatic,youtube_search,True
2gYTC8DsplN3RNdpdBcCOQ,Die On This Hill,SIENNA SPIRO,2025-10-10,217008,pxC9NhXv_1M,SIENNA SPIRO - Die On This Hill (NYC Visualizer),SIENNA SPIRO,214.0,100.0,False,"[""exact_channel_artist"", ""artist_in_title""]","[""visualizer""]",0.013861240138612401,False,automatic,youtube_search,True
3THVfoVD5kdCxPviVaCPi7,Internet Girl,KATSEYE,2026-01-02,163831,5q9EjSUovc4,“Internet Girl” Visualizer | KATSEYE,KATSEYE,166.0,100.0,False,"[""exact_channel_artist"", ""artist_in_title""]","[""visualizer""]",0.013239252644493412,False,automatic,youtube_search,True
67Ar9BnEeB5FU5vQBYhbGe,Be By You,Luke Combs,2026-03-20,197655,x10Eo-yoLTA,Luke Combs - Be By You (Official Lyric Video),Luke Combs,199.0,100.0,False,"[""exact_channel_artist"", ""artist_in_title""]","[""official_lyric_video""]",0.006804786117224457,False,automatic,youtube_search,True
5ViLKrbyL3HD6wsq3AB9eI,White Keys,Dominic Fike,2025-11-14,144101,Cz200209hOs,white keys,Dominic Fike,145.0,100.0,False,"[""exact_channel_artist""]",,0.006238679814852083,False,automatic,youtube_search,True
1CPZ5BxNNd0n0nF4Orb9JS,Golden,HUNTR/X,2025-06-20,194607,yebNIHKAC4A,“Golden” Official Lyric Video | KPop Demon Hunters | Sony Animation,Sony Pictures Animation,199,26.1,False,,"[""lyric_video""]",0.02261,False,automatic,user_or_pattern_selected (no_confident_match),False
57ENogEkvFsU7Wmt3lvQMG,Two Six,J. Cole,2026-02-06,196080,ygNeTdJetdA,J. Cole - Two Six (Official Audio),J. Cole,197.0,100.0,False,"[""exact_channel_artist"", ""artist_in_title""]","[""official_audio""]",0.004691962464300286,False,automatic,youtube_search,True
4Z5KKoBGxpJo8YbDcGQXd5,Secondhand,Don Toliver,2026-01-30,226666,iHLsnHMVXck,Secondhand (feat. Rema),Don Toliver,227.0,100.0,False,"[""exact_channel_artist""]",,0.0014735337456874874,False,automatic,youtube_search,True
2A22iI0x4EYAVXNpKPhNEM,weren't for the wind,Ella Langley,2024-11-01,193666,sV_8fFSGUyI,Ella Langley - weren't for the wind (Official Visualizer),Ella Langley,194.0,100.0,False,"[""exact_channel_artist"", ""artist_in_title""]","[""visualizer""]",0.001724618673386139,False,automatic,youtube_search,True
7s7v5EoNLD6TwDu4Nw51Oy,Are You Listening Yet?,Harry Styles,2026-03-06,192400,BSiX4JFVIuc,Harry Styles - Are You Listening Yet? (Official Lyric Video),Harry Styles,193.0,100.0,False,"[""exact_channel_artist"", ""artist_in_title""]","[""official_lyric_video""]",0.0031185031185031187,False,automatic,youtube_search,True
1sVBT215CDmVJvfy1E2OCU,God Was Showing Off,Bruno Mars,2026-02-27,211063,iXh6Cjp1wvY,Bruno Mars - God Was Showing Off [Official Audio],Bruno Mars,212.0,100.0,False,"[""exact_channel_artist"", ""artist_in_title""]","[""official_audio""]",0.004439432775995793,False,automatic,youtube_search,True
6DH13QYXK7lKkYHSU88N48,Who Knows,Daniel Caesar,2025-10-24,226283,glscfhJyZHo,Daniel Caesar - Who Knows (Official Lyric Video),Daniel Caesar,227.0,100.0,False,"[""exact_channel_artist"", ""artist_in_title""]","[""official_lyric_video""]",0.003168598613240942,False,automatic,youtube_search,True
75FEaRjZTKLhTrFGsfMUXR,Running Up That Hill (A Deal With God),Kate Bush,1985-01-01,298933,wp43OdtAAkM,Kate Bush - Running Up That Hill - Official Music Video,KateBushMusic,296.0,100.0,False,"[""artist_in_channel"", ""artist_in_title""]","[""official_music_video""]",0.009811563126185467,False,automatic,youtube_search,True
03tqyYWC9Um2ZqU0ZN849H,No Hands,Waka Flocka Flame,2010-10-01,263773,DeX3Tss3AqE,Waka Flocka Flame - No Hands (feat. Roscoe Dash and Wale) | Lyrics,Dark City Sounds,263,100,False,"[""artist_in_title""]","[""lyrics""]",0.003033,False,automatic,user_or_pattern_selected (ambiguous),False
4jyyma8YdFC4S4llusSFRu,butterflies.,Brent Faiyaz,2026-02-13,248297,ndrlynZUP-g,Brent Faiyaz - butterflies. [Official Visualizer],Brent Faiyaz,249.0,100.0,False,"[""exact_channel_artist"", ""artist_in_title""]","[""visualizer""]",0.0028312867251718706,False,automatic,youtube_search,True
13HD3tYTiz8oSRxWzXEq7g,Be Her,Ella Langley,2026-04-10,217240,Dg47eNL_Usw,Ella Langley - Be Her (Official Video),Ella Langley,218.0,100.0,False,"[""exact_channel_artist"", ""artist_in_title""]","[""official_video""]",0.0034984349106978456,False,automatic,youtube_search,True
7eqoqGkKwgOaWNNHx90uEZ,Nights,Frank Ocean,2016-08-20,307151,r4l9bFqgMaQ,Frank Ocean - Nights,Blonded,308,100,False,"[""artist_in_title""]",,0.002604,False,automatic,user_or_pattern_selected (ambiguous),False
3QuRLv8zkIYH31O5VgEpmo,Carla's Song,Harry Styles,2026-03-06,253653,JmpxAej67qc,Harry Styles - Carla's Song (Official Lyric Video),Harry Styles,255.0,100.0,False,"[""exact_channel_artist"", ""artist_in_title""]","[""official_lyric_video""]",0.005310404371326182,False,automatic,youtube_search,True
4ThbwJaIWVxXZ1qJaHQBCz,Travelin' Soldier,Cody Johnson,2025-11-07,255466,pV10xYc45ds,Cody Johnson - Travelin' Soldier (Studio Visualizer),Cody Johnson,258.0,100.0,False,"[""exact_channel_artist"", ""artist_in_title""]","[""visualizer""]",0.009919128181440974,False,automatic,youtube_search,True
3kUHIvjJ8p9UzeaeeqHkfg,The Fall-Off is Inevitable,J. Cole,2026-02-06,176253,wceWDLBkoAk,J. Cole - The Fall-Off is Inevitable (Official Audio),J. Cole,177.0,100.0,False,"[""exact_channel_artist"", ""artist_in_title""]","[""official_audio""]",0.00423822573232796,False,automatic,youtube_search,True
2hnMS47jN0etwvFPzYk11f,Santeria,Sublime,1996-07-30,182746,AEYN5w4T_aM,Sublime - Santeria (Official Music Video),Sublime,196.0,100.0,False,"[""exact_channel_artist"", ""artist_in_title""]","[""official_music_video""]",0.07252689525352128,False,automatic,youtube_search,True
58q2HKrzhC3ozto2nDdN4z,I Like It,Cardi B,2018-04-06,253390,U4fErC9skHE,"Cardi B, Bad Bunny & J Balvin - I Like It [Official Audio]",Cardi B,254.0,100.0,False,"[""exact_channel_artist"", ""artist_in_title""]","[""official_audio""]",0.002407356249260034,False,automatic,youtube_search,True
1LzNfuep1bnAUR9skqdHCK,Fade Into You,Mazzy Star,1993-10-05,295600,ImKY6TZEyrI,Mazzy Star - Fade Into You (Official Music Video),Mazzy Star,262.0,100.0,False,"[""exact_channel_artist"", ""artist_in_title""]","[""official_music_video""]",0.11366711772665765,False,automatic,youtube_search,True
0EqH5Wz93cJtfUGv3vtQPY,29 Intro,J. Cole,2026-02-06,57733,uuUIkr8Rb0E,J. Cole - 29 Intro (Official Audio),J. Cole,58.0,100.0,False,"[""exact_channel_artist"", ""artist_in_title""]","[""official_audio""]",0.004624738018117887,False,automatic,youtube_search,True
2wAJTrFhCnQyNSD3oUgTZO,Work Out,J. Cole,2011-09-27,235320,W5hSdGt2M8w,J. Cole – Work Out (Official Music Video),J. Cole,245.0,100.0,False,"[""exact_channel_artist"", ""artist_in_title""]","[""official_music_video""]",0.04113547509773925,False,automatic,youtube_search,True
3pAVk6Ydn0dcGpG8gDyxSJ,Hell At Night,BigXthaPlug,2025-08-22,179240,bh0vMfbncgo,BigXthaPlug - Hell At Night feat. Ella Langley (Official Lyric Video),BigXthaPlug,180.0,100.0,False,"[""exact_channel_artist"", ""artist_in_title""]","[""official_lyric_video""]",0.004240124972104441,False,automatic,youtube_search,True
41v5ExDEEEvJsWAPo91aoj,Slicked Back,Zach Bryan,2026-01-09,231241,S3MdV0847AA,Zach Bryan - Slicked Back,Zach Bryan,232.0,100.0,False,"[""exact_channel_artist"", ""artist_in_title""]",,0.0032822899053368566,False,automatic,youtube_search,True
0iKo4pNNjHHdKUcFARlfCa,EL CLúB,Bad Bunny,2025-01-05,222568,xDWLZ8ML52k,BAD BUNNY - EL CLúB (Visualizer) | DeBÍ TiRAR MáS FOToS,Bad Bunny,222,40,False,"[""exact_channel_artist"", ""artist_in_title""]","[""visualizer""]",0.002695,False,automatic,user_or_pattern_selected (ambiguous),False
55wlsNYqcfiQsHuX8l0jmF,Make Them Cry,Drake,2026-05-15,307681,uxNuuys19XE,Make Them Cry,Drake,308.0,100.0,False,"[""exact_channel_artist""]",,0.0010367881019627471,False,automatic,youtube_search,True
55pBIZO1cqoldeqpp5WR7H,the cure,Olivia Rodrigo,2026-06-12,297090,UbbrZTfjkdk,Olivia Rodrigo - the cure (Lyric Video),Olivia Rodrigo,297.0,100.0,False,"[""exact_channel_artist"", ""artist_in_title""]","[""lyric_video""]",0.0003029385034837928,False,automatic,youtube_search,True
7J1uxwnxfQLu4APicE5Rnj,Billie Jean,Michael Jackson,1982-11-30,293802,Zi_XLOBDo_Y,Michael Jackson - Billie Jean (Official Video),Michael Jackson,296.0,100.0,False,"[""exact_channel_artist"", ""artist_in_title""]","[""official_video""]",0.007481228854806979,False,automatic,youtube_search,True
4kX7xkopoXZCfE1D6fNwl2,honeybee,Olivia Rodrigo,2026-06-11,223013,60rlboK94mE,Olivia Rodrigo - honeybee (Lyric Video),Olivia Rodrigo,225.0,100.0,False,"[""exact_channel_artist"", ""artist_in_title""]","[""lyric_video""]",0.00890979449628497,False,automatic,youtube_search,True
3B4cjvGlPvyBLNG3AzEgkZ,E85,Don Toliver,2026-01-30,153181,7GwLnsVUwHY,Don Toliver - E85 [Official Visualizer],Don Toliver,154.0,100.0,False,"[""exact_channel_artist"", ""artist_in_title""]","[""visualizer""]",0.005346616094685373,False,automatic,youtube_search,True
4Ilw2lD6z4WBqh65vUUZUf,my way,Olivia Rodrigo,2026-06-12,180720,aSWBaZi7UYc,Olivia Rodrigo - my way (Lyric Video),Olivia Rodrigo,181.0,100.0,False,"[""exact_channel_artist"", ""artist_in_title""]","[""lyric_video""]",0.0015493581230633024,False,automatic,youtube_search,True
514joG57v4yKTsfQmz7stz,Janice STFU,Drake,2026-05-15,237344,SD4yRDY9mek,Drake - Janice STFU,Drake,237.0,100.0,False,"[""exact_channel_artist"", ""artist_in_title""]",,0.0014493730618848591,False,automatic,youtube_search,True
61rwYQu9An4QWrcCUyFUyq,I Can't Love You Anymore,Ella Langley,2026-04-10,228836,A3G_7XgK2B4,Ella Langley & Morgan Wallen - I Can’t Love You Anymore (Official Lyric Video),Ella Langley,229.0,100.0,False,"[""exact_channel_artist"", ""artist_in_title""]","[""official_lyric_video""]",0.0007166704539495534,False,automatic,youtube_search,True
3cLCA9LSb6UiOeNvTZoaav,Plot Twist,Drake,2026-05-15,195678,QW29Ly55Kvs,Drake - Plot Twist,Drake,196.0,100.0,False,"[""exact_channel_artist"", ""artist_in_title""]",,0.0016455605637833584,False,automatic,youtube_search,True
53qkszfgztIvkFyF31GfdQ,Dreams - 2001 Remaster,Fleetwood Mac,1977-01-01,258816,5oWyMakvQew,Dreams (2004 Remaster),Fleetwood Mac,258,95,True,"[""exact_channel_artist""]",,0.003091,False,automatic,user_or_pattern_selected (ambiguous),False
46eu3SBuFCXWsPT39Yg3tJ,Don't Stop 'Til You Get Enough - Single Version,Michael Jackson,1979-08-10,364441,DkjwyAk2GRw,Don't Stop 'Til You Get Enough,Michael Jackson,365,79.5,False,"[""exact_channel_artist""]",,0.001647,False,automatic,user_or_pattern_selected (ambiguous),False
6f68Ac5tt5BQOpwr0BV9oN,I Just Might,Bruno Mars,2026-02-27,212973,mrV8kK5t0V8,Bruno Mars - I Just Might [Official Music Video],Bruno Mars,213.0,100.0,False,"[""exact_channel_artist"", ""artist_in_title""]","[""official_music_video""]",0.0001267766336577876,False,automatic,youtube_search,True
4rECUI03C2RMqr5GYvqjlJ,Haircut,Noah Kahan,2026-04-24,289513,-F9r_QF9a1c,Noah Kahan - Haircut (Official Lyric Video),Noah Kahan,290.0,100.0,False,"[""exact_channel_artist"", ""artist_in_title""]","[""official_lyric_video""]",0.001682135171823027,False,automatic,youtube_search,True
3EnTGnmNu1TDEcpbbTajuo,23,Noah Kahan,2026-04-24,281404,lb1vTKizJkc,Noah Kahan - 23 (Official Lyric Video),Noah Kahan,282.0,100.0,False,"[""exact_channel_artist"", ""artist_in_title""]","[""official_lyric_video""]",0.002117951415047405,False,automatic,youtube_search,True
2SaWT781xr3hHLdbVt5DB7,Freakin’ Out,Dexter and The Moonrocks,2026-03-11,217897,Sf73y9GrJ4I,Dexter and The Moonrocks - Freakin’ Out (Official Music Video),Dexter and The Moonrocks,226.0,100.0,False,"[""exact_channel_artist"", ""artist_in_title""]","[""official_music_video""]",0.03718729491456973,False,automatic,youtube_search,True
4KmkJjHTNlr1jFY56Lyz4E,PINKY UP,KATSEYE,2026-04-09,131437,8g7VclWsiaM,"""PINKY UP"" MV (Choreography Ver.) | KATSEYE",KATSEYE,142,48.5,False,"[""exact_channel_artist"", ""artist_in_title""]","[""music_video""]",0.08067,False,automatic,user_or_pattern_selected (ambiguous),False
0AcgKF7kbSoCkh3n7vlHwK,Dirty Diana - 2012 Remaster,Michael Jackson,1987-08-31,280753,8vJ1Ka6wwJk,Michael Jackson-Dirty Diana (Remaster 2012),Michael Jackson Song,281,80,False,"[""artist_in_channel"", ""artist_in_title""]",,0.000712,False,automatic,user_or_pattern_selected (ambiguous),False
6J5kc12BW5HuP3d7C3vvx8,EoO,Bad Bunny,2025-01-05,204768,myDIeOjqQos,BAD BUNNY - EoO (Visualizer) | DeBÍ TiRAR MáS FOToS,Bad Bunny,206,22.2,False,"[""exact_channel_artist"", ""artist_in_title""]","[""visualizer""]",0.005859,False,automatic,user_or_pattern_selected (ambiguous),False
2009X8GyWTqyxIdzAEYW6N,The One That Got Away,Katy Perry,2010-01-01,227333,8iytVJ3o2eA,The One That Got Away - Katy Perry (Lyrics),Pizza Music,228,100,False,"[""artist_in_title""]","[""lyrics""]",0.00308,False,automatic,user_or_pattern_selected (ambiguous),False
70LcF31zb1H0PyJoS1Sx1r,Creep,Radiohead,1993-02-22,238640,XFkzRNyygfk,Radiohead - Creep,Radiohead,237.0,100.0,False,"[""exact_channel_artist"", ""artist_in_title""]",,0.006872276231981227,False,automatic,youtube_search,True
4bWZz15GR1EE8E8x23rDWV,PUNCH DRUNK,Kanye West,2026-03-28,108334,H8bOPB65z3Q,YE - PUNCH DRUNK,Kanye West,109.0,88.0,False,"[""exact_channel_artist""]",,0.006147654475972456,False,automatic,youtube_search,True
6Qyc6fS4DsZjB2mRW9DsQs,Iris,The Goo Goo Dolls,1998-01-01,289533,xK4ZqrLys_k,Goo Goo Dolls - Iris,LatinHype,290,36.4,False,,,0.001727,False,automatic,user_or_pattern_selected (no_confident_match),False
1rIKgCH4H52lrvDcz50hS8,Lush Life,Zara Larsson,2017-03-17,200646,tD4HCZe-tew,Zara Larsson - Lush Life (Official Video),Zara Larsson,202.0,100.0,False,"[""exact_channel_artist"", ""artist_in_title""]","[""official_video""]",0.006748203303330243,False,automatic,youtube_search,True
0gEyKnHvgkrkBM6fbeHdwK,Linger,The Cranberries,1993-03-01,274706,G6Kspj3OO0s,The Cranberries - Linger (4K Official Music Video),TheCranberriesTV,275.0,100.0,False,"[""artist_in_channel"", ""artist_in_title""]","[""official_music_video""]",0.0010702350876937525,False,automatic,youtube_search,True
0EsJdOSOrBfTo816lWRW4Q,Outside Tweaking,Drake,2026-05-15,190578,zzsB6K2YHfk,Outside Tweaking,Drake,191.0,100.0,False,"[""exact_channel_artist""]",,0.0022143164478586196,False,automatic,youtube_search,True
5T7ywazdGIydr6JCW6t02j,Smooth Criminal - 2012 Remaster,Michael Jackson,1987-08-31,257766,mWGNEHGhkn4,Smooth Criminal (Remastered Radio Edit),Michael Jackson,258,72.7,True,"[""exact_channel_artist""]",,0.000776,False,automatic,user_or_pattern_selected (ambiguous),False
2XHzzp1j4IfTNp1FTn7YFg,Love Me,Lil Wayne,2013-01-01,255053,X_uoq5xCaFc,Love Me,Lil Wayne,254.0,100.0,False,"[""exact_channel_artist""]",,0.004128553673158128,False,automatic,youtube_search,True
5r5cp9IpziiIsR6b93vcnQ,Walking On A Dream,Empire Of The Sun,2008-10-03,198440,eimgRedLkkU,Empire Of The Sun - Walking On A Dream (Official Music Video),Empire Of The Sun,200.0,100.0,False,"[""exact_channel_artist"", ""artist_in_title""]","[""official_music_video""]",0.007861318282604314,False,automatic,youtube_search,True
33KU9huHP1Lv1UWWVkuTYd,Impostor Syndrome,Sidney Gish,2017-12-31,294260,GwSSrwryxN0,Impostor Syndrome,Sidney Gish,295.0,100.0,False,"[""exact_channel_artist""]",,0.0025147828451029704,False,automatic,youtube_search,True
0IjdXwCEhZR7JIwq6Za8j5,Jane!,The Long Faces,2018-07-03,186986,fyvJ2wCTpas,The Long Faces - Jane! (Lyrics),BangersOnly,188,100,False,"[""artist_in_title""]","[""lyrics""]",0.005348,False,automatic,user_or_pattern_selected (ambiguous),False
22NHkFYbgxB2Zirj29Gbp8,oh yeah?,Steve Lacy,2026-07-17,170584,yGHEis32s2Y,Steve Lacy - oh yeah? (Visualizer),Steve Lacy,170.0,100.0,False,"[""exact_channel_artist"", ""artist_in_title""]","[""visualizer""]",0.0034235332739295595,False,automatic,youtube_search,True
3fRCAPMMZ8l8P9YKI6OCzD,drop dead,Olivia Rodrigo,2026-06-11,224998,t_OyQhiqXgA,Olivia Rodrigo - drop dead (Lyric Video),Olivia Rodrigo,225.0,100.0,False,"[""exact_channel_artist"", ""artist_in_title""]","[""lyric_video""]",8.888967901936907e-06,False,automatic,youtube_search,True
5DZOKNtaoVEssXu9ltcMjx,oh well,Ariana Grande,2026-07-31,196166,_lKbPBS5HEQ,Ariana Grande - oh well (official visualizer),Ariana Grande,197.0,100.0,False,"[""exact_channel_artist"", ""artist_in_title""]","[""visualizer""]",0.004251501279528562,False,automatic,youtube_search,True
36idurZmYRjJ56KQ8JD9bN,Boston,STELLA LEFTY,2026-03-27,170859,v2ttAph6PhM,Stella Lefty - Boston (Lyric Video),Stella Lefty,171.0,100.0,False,"[""exact_channel_artist"", ""artist_in_title""]","[""lyric_video""]",0.0008252418661001176,False,automatic,youtube_search,True
3xwMjQriBVW0OGEvNKo9c0,Been By Now,Morgan Wallen,2026-07-24,213805,6q5F7UUiXK0,Morgan Wallen - Been By Now (Lyric Video),Morgan Wallen,215.0,100.0,False,"[""exact_channel_artist"", ""artist_in_title""]","[""lyric_video""]",0.005589205116812049,False,automatic,youtube_search,True
49j6SvuvWfbEKZKzsHCdLJ,stupid song,Olivia Rodrigo,2026-06-11,209680,ngyaXb9BohU,Olivia Rodrigo - stupid song (Lyric Video),Olivia Rodrigo,209.0,100.0,False,"[""exact_channel_artist"", ""artist_in_title""]","[""lyric_video""]",0.0032430370087752768,False,automatic,youtube_search,True
3d1oTMjtfVySbAYQp3v4MU,like i do,Ariana Grande,2026-07-31,167333,4U4jJKH7VLc,Ariana Grande - like i do (official visualizer),Ariana Grande,167.0,100.0,False,"[""exact_channel_artist"", ""artist_in_title""]","[""visualizer""]",0.0019900438048681373,False,automatic,youtube_search,True
7bxaFZ1O3cHkgLKMsdC3xR,Loser,Tame Impala,2025-10-17,223069,s3a4OQR-10M,Tame Impala - Loser (Official Video),Tame Impala,268.0,100.0,False,"[""exact_channel_artist"", ""artist_in_title""]","[""official_video""]",0.20142198153934432,False,automatic,youtube_search,True
6De8sirPzVyAoBDlQpcutY,misery.,pupsies,2026-03-18,166401,MzYO6_ld3LA,pupsies ‘misery.’ (Official Lyric Video),pupsies,164.0,100.0,False,"[""exact_channel_artist"", ""artist_in_title""]","[""official_lyric_video""]",0.0144289998257222,False,automatic,youtube_search,True
55srcWA7TioKV0LZVNXltY,never get over me,Ariana Grande,2026-07-31,228857,BeoL2D-37I4,Ariana Grande - never get over me (official visualizer),Ariana Grande,229.0,100.0,False,"[""exact_channel_artist"", ""artist_in_title""]","[""visualizer""]",0.0006248443351088234,False,automatic,youtube_search,True
02HyFYmpzt02VJ8k0CqxKj,Ain't In LA,ADÉLA,2026-07-23,184927,K0CLc_zOWYc,Ain't In LA,ADÉLA,185.0,100.0,False,"[""exact_channel_artist""]",,0.000394750360953241,False,automatic,youtube_search,True
6QhsCYcFdfyMbPWCiViI8K,freak,Ariana Grande,2026-07-31,199809,yCpXjLibQZw,Ariana Grande - freak (official visualizer),Ariana Grande,200.0,100.0,False,"[""exact_channel_artist"", ""artist_in_title""]","[""visualizer""]",0.0009559128968164597,False,automatic,youtube_search,True
5fdhThPDe6jQQDqCyWrdAn,Jolene,Dolly Parton,1974-01-01,161533,Ixrje2rXLMA,Dolly Parton - Jolene (Official Audio),Dolly Parton,164.0,100.0,False,"[""exact_channel_artist"", ""artist_in_title""]","[""official_audio""]",0.015272421115190084,False,automatic,youtube_search,True
5qqabIl2vWzo9ApSC317sa,Wonderwall - Remastered,Oasis,1995-10-02,258773,FVdjZYfDuLE,Wonderwall (Remastered),Oasis,259.0,100.0,False,"[""exact_channel_artist""]",,0.0008772167111715674,False,automatic,youtube_search,True
1VOSSXuWRcBj2rpfxNdX9v,Broken Window Serenade,Whiskey Myers,2011-04-26,346333,XOeSwMKYQH4,"Whiskey Myers ""Broken Window Serenade""",Whiskey Myers,333.0,100.0,False,"[""exact_channel_artist"", ""artist_in_title""]",,0.03849763089281125,False,automatic,youtube_search,True
79RJg6MqIJlBuedcMqB9F0,My Body Isn't Ready,sombr,2026-06-25,217380,WjnsaO-q3BE,sombr - My Body Isn't Ready (lyric video),sombr,218.0,100.0,False,"[""exact_channel_artist"", ""artist_in_title""]","[""lyric_video""]",0.002852148311712209,False,automatic,youtube_search,True
05ZACkzW8YbRq3eFgIfSNB,Springsteen,Eric Church,2011-01-01,263386,l2gGXlW6wSY,Eric Church - Springsteen (Official Music Video),Eric Church,292.0,100.0,False,"[""exact_channel_artist"", ""artist_in_title""]","[""official_music_video""]",0.10863903168733342,False,automatic,youtube_search,True
5BZsQlgw21vDOAjoqkNgKb,DAISIES,Justin Bieber,2025-07-11,176453,msGuqelopMA,Justin Bieber - DAISIES (Audio),Justin Bieber,177.0,100.0,False,"[""exact_channel_artist"", ""artist_in_title""]",,0.003099975630904547,False,automatic,youtube_search,True
0dOg1ySSI7NkpAe89Zo0b9,Born in the U.S.A.,Bruce Springsteen,1984-06-04,279786,EPhWR4d3FJQ,Bruce Springsteen - Born in the U.S.A. (Official Video),Bruce Springsteen,284.0,100.0,False,"[""exact_channel_artist"", ""artist_in_title""]","[""official_video""]",0.015061511297920554,False,automatic,youtube_search,True
1qRV1dKLOfH1s00b9J2LUQ,Midnight Sun,Zara Larsson,2025-09-25,189898,uvY8fdgezLQ,Zara Larsson - Midnight Sun (Official Music Video),Zara Larsson,188.0,100.0,False,"[""exact_channel_artist"", ""artist_in_title""]","[""official_music_video""]",0.009994839334800788,False,automatic,youtube_search,True
1KGi9sZVMeszgZOWivFpxs,No Scrubs,TLC,1999-02-23,214400,18SwG-kep7s,No Scrubs,TLC,215.0,100.0,False,"[""exact_channel_artist""]",,0.002798507462686567,False,automatic,youtube_search,True
7yq4Qj7cqayVTp3FF9CWbm,Riptide,Vance Joy,2014-09-08,204280,uJ_1HMAGb4k,Vance Joy - 'Riptide' Official Video,Mushroom,205,100,False,"[""artist_in_title""]","[""music_video""]",0.003426,False,automatic,user_or_pattern_selected (ambiguous),False
3iEUDvanZwQhLCIqUmCR7N,The Spins,Mac Miller,2010-08-13,195873,mkGT1c98soU,Mac Miller - The Spins,Reast Easy Mac,197,100,False,"[""artist_in_title""]",,0.005615,False,automatic,user_or_pattern_selected (ambiguous),False
4sIFi8LpJWPvI5xviWFyA6,D>E>A>T>H>M>E>T>A>L,Panchiko,2000-12-05,261849,xlX7NwTq9Zo,DᐳEᐳAᐳTᐳHᐳMᐳEᐳTᐳAᐳL,Panchiko,262,52.6,True,"[""exact_channel_artist""]",,0.000764,False,automatic,user_or_pattern_selected (no_confident_match),False
0COqiPhxzoWICwFCS4eZcp,Bring Me To Life,Evanescence,2003-03-04,235893,3YxaaGgTQYM,Evanescence - Bring Me To Life (Official HD Music Video) ft. Paul McCoy,Evanescence,254.0,100.0,False,"[""exact_channel_artist"", ""artist_in_title""]",,0.07675937819265514,False,automatic,youtube_search,True
5Ctzx0mMiUPAu9JqbAOY9n,Be Like a Woman,Chris Rainbow,1979-01-01,255946,VV8v5tCB_ME,Chris Rainbow - Be Like a Woman (HQ),KRM,256,100,False,"[""artist_in_title""]",,0.000391,False,automatic,user_or_pattern_selected (ambiguous),False
2FZcjBYK4dTt48q94pJbJD,Bass Persuades,Miley Cyrus,2026-09-03,202460,GAtI5ENY65g,Miley Cyrus - Bass Persuades (Lyrics),BagOnly,203,100,False,"[""artist_in_title""]","[""lyrics""]",0.002469,False,automatic,user_or_pattern_selected (ambiguous),False
3eZcmEO0X0nsfV8E3NZelo,Take Me Back (Leave Me There),Cody Johnson,2026-06-26,178573,Q0yHma6LkMs,Cody Johnson - Take Me Back (Leave Me There) [Audio],Cody Johnson,179.0,100.0,False,"[""exact_channel_artist"", ""artist_in_title""]",,0.002391178957625173,False,automatic,youtube_search,True
5ihS6UUlyQAfmp48eSkxuQ,Landslide,Fleetwood Mac,1975-07-11,199493,nbW5fX5rfi8,Landslide (2004 Remaster),Fleetwood Mac,198.0,100.0,False,"[""exact_channel_artist""]",,0.007483971868687122,False,automatic,youtube_search,True
6DoUDG1GJrJf6eGQLUBBnm,Ahí,KAROL G,2026-08-07,176568,pq7iByc9CYs,"KAROL G, Drake - Ahí (Visualizer)",KAROL G,177.0,100.0,False,"[""exact_channel_artist"", ""artist_in_title""]","[""visualizer""]",0.0024466494495038738,False,automatic,youtube_search,True
7ujApz6iFP3PmKIDGcaGbe,Great Expectation,SIENNA SPIRO,2026-07-02,173975,B452TVVco2Q,SIENNA SPIRO - Great Expectation (Official Music Video),SIENNA SPIRO,173.0,100.0,False,"[""exact_channel_artist"", ""artist_in_title""]","[""official_music_video""]",0.005604253484696077,False,automatic,youtube_search,True
0GONea6G2XdnHWjNZd6zt3,Summer Of '69,Bryan Adams,1984-11-05,216053,9f06QZCVUHg,Bryan Adams - Summer Of 69 (Official Music Video),Bryan Adams,208.0,100.0,False,"[""exact_channel_artist"", ""artist_in_title""]","[""official_music_video""]",0.0372732616533906,False,automatic,youtube_search,True
3hxIUxnT27p5WcmjGUXNwx,Shut up My Moms Calling,Hotel Ugly,2020-02-10,164571,J4ANQfaf_gc,Hotel Ugly - Shut Up My Moms Calling (Lyrics),Lost Panda,166,100,False,"[""artist_in_title""]","[""lyrics""]",0.008505,False,automatic,user_or_pattern_selected (ambiguous),False
5wANPM4fQCJwkGd4rN57mH,drivers license,Olivia Rodrigo,2021-05-21,242013,2PRvp-mP_q0,Olivia Rodrigo - drivers license (Lyric Video),Olivia Rodrigo,243.0,100.0,False,"[""exact_channel_artist"", ""artist_in_title""]","[""lyric_video""]",0.004078293314821931,False,automatic,youtube_search,True
2z9iLlNBt1aLZUCFgXby97,CÓ CHẮC YÊU LÀ ĐÂY,Sơn Tùng M-TP,2020-07-06,202105,6t-MjBazs3o,SƠN TÙNG M-TP | CÓ CHẮC YÊU LÀ ĐÂY | OFFICIAL MUSIC VIDEO,Sơn Tùng M-TP Official,216.0,100.0,False,"[""exact_channel_artist"", ""artist_in_title""]","[""official_channel"", ""official_music_video""]",0.06875139160337448,False,automatic,youtube_search,True
0d6dbFvKczX1Us3J7TsMMv,Lỡ Say Bye Là Bye,Changg,2021-01-22,214948,bqUped2yw5E,「Lyrics」Lỡ Say Bye Là Bye - Lemese x Changg x 1 9 6 7,1 9 6 7,216,56.7,False,"[""artist_in_title""]","[""lyrics""]",0.005119,False,automatic,user_or_pattern_selected (no_confident_match),False
6IAqflHsPVm4EpYghXauX7,Sinh Ra Đã Là Thứ Đối Lập Nhau,Emcee L (Da LAB),2018-03-01,234168,redFrGBZoJY,Sinh Ra Đã Là Thứ Đối Lập Nhau - Emcee L (Da LAB) ft. Badbies (Official MV),Da LAB Official and Emcee L Official,248.0,100.0,False,"[""artist_in_title""]","[""official_channel"", ""official_music_video""]",0.05906870281165659,False,automatic,youtube_search,True
50cmxP6KlnQA9IG3q5ckKD,Mascara,Chillies,2021-05-05,293157,ntEoGvhoVac,Mascara - Chillies x BLAZE  [OFFICIAL MUSIC VIDEO],Chillies,300,45.2,False,"[""exact_channel_artist"", ""artist_in_title""]","[""official_music_video""]",0.023192,False,automatic,user_or_pattern_selected (ambiguous),True
1J3SmWwlYAG68LGKr86MVH,Chúng Ta Của Hiện Tại,Sơn Tùng M-TP,2020-12-20,301538,Z8pMSslQpKM,CHÚNG TA CỦA HIỆN TẠI | SƠN TÙNG M-TP | AUDIO,NTM,303,75,False,"[""artist_in_title""]",,0.004975,False,automatic,user_or_pattern_selected (no_confident_match),False
5Ojsg9xR0wlTpDIW1qLYz2,Đom Đóm,Jack - J97,2020-12-26,324949,DCOfrrA36sk,Đom Đóm - Jack [Lyrics video],Xí Củn,328,73.7,False,,"[""lyrics""]",0.009541,False,automatic,user_or_pattern_selected (no_confident_match),False
1fh5Sf3fFESFOS8D82RQiI,từ thích thích thành thương thương,AMEE,2020-12-16,204230,t9suPxglykA,từ thích thích thành thương thương - AMEE & Hoàng Dũng | official lyric video,ST.319 Entertainment,202,81,False,"[""artist_in_title""]","[""official_channel"", ""official_lyric_video""]",0.010774,False,automatic,user_or_pattern_selected (no_confident_match),True
3pyHABNUu0QxeyH1x8p7yf,Gặp Nhưng Không Ở Lại,Hiền Hồ,2020-11-26,276777,dZ0ryALfs3Y,Gặp Nhưng Không Ở Lại - Hiền Hồ Ft. Vương Anh Tú | Official Lyrics Video,Hiền Hồ Official,282.0,100.0,False,"[""exact_channel_artist"", ""artist_in_title""]","[""official_channel"", ""lyrics""]",0.01887078767383128,False,automatic,youtube_search,True
014DA3BdnmD3kI5pBogH7c,Cứ Chill Thôi,Chillies,2020-07-11,270000,LZN4I3K8SC0,Cứ Chill Thôi - Chillies (Official Music Video) ft. Suni Hạ Linh & Rhymastic,Chillies,281.0,100.0,False,"[""exact_channel_artist"", ""artist_in_title""]","[""official_music_video""]",0.040740740740740744,False,automatic,youtube_search,True
6B1Io9VDzMAmwFjrplDJw8,từ chối nhẹ nhàng thôi,Bích Phương,2021-03-01,246818,h23OBd1VZsg,Bích Phương - từ chối nhẹ nhàng thôi (liu riu version),BÍCH PHƯƠNG,230.0,100.0,False,"[""exact_channel_artist"", ""artist_in_title""]",,0.068139276714016,False,automatic,youtube_search,True
1pQHqk6qWM5xbNeobMCGBZ,Dân Chơi Xóm,RAP VIỆT,2020-11-16,153402,C53HeQnpV68,"Dân Chơi Xóm (feat. Justatee, RPT MCK)",RAP VIỆT - Topic,154.0,100.0,False,"[""exact_channel_artist"", ""artist_in_channel""]","[""topic_channel""]",0.0038982542600487606,False,automatic,youtube_search,True
25edeHHueINMguqu9emCyV,Lối Nhỏ,Đen,2019-10-21,252953,KKc_RMln5UY,Đen - Lối Nhỏ ft. Phương Anh Đào (M/V),Đen Vâu Official,297.0,100.0,False,"[""artist_in_channel"", ""artist_in_title""]","[""official_channel"", ""music_video""]",0.17413116270611537,False,automatic,youtube_search,True
4TfH2Syxsx2cAJShY8u6bT,Anh Luôn Là Lý Do,ERIK,2021-01-13,222089,1PQU1n6nMq8,"ERIK - ""Anh Luôn Là Lý Do"" (Official MV)",ERIK Official,254.0,100.0,False,"[""exact_channel_artist"", ""artist_in_title""]","[""official_channel"", ""official_music_video""]",0.14368563954090477,False,automatic,youtube_search,True
249gnXrbfmV8NG6jTEMSwD,Life Goes On,BTS,2020-11-20,207481,-5q5mZbe3V8,BTS (방탄소년단) 'Life Goes On' Official MV,HYBE LABELS,231.0,100.0,False,"[""artist_in_channel"", ""artist_in_title""]","[""official_channel"", ""official_music_video""]",0.11335495780336513,False,automatic,youtube_search,True
0f5yQttJS5nNxRAleF4kZO,Hãy Trao Cho Anh,Sơn Tùng M-TP,2019-07-03,245658,knW7-x7Y7RE,SƠN TÙNG M-TP | HÃY TRAO CHO ANH ft. Snoop Dogg | Official MV,Sơn Tùng M-TP Official,263.0,100.0,False,"[""exact_channel_artist"", ""artist_in_title""]","[""official_channel"", ""official_music_video""]",0.07059407794576199,False,automatic,youtube_search,True
2dEpaH5nsfnzU61LQ9rJuH,Hoa Nở Không Màu,Hoài Lâm,2020-05-30,328106,ZsdMeb0c53E,Hoa Nở Không Màu,Hoài Lâm,329.0,100.0,False,"[""exact_channel_artist""]",,0.0027247292033672045,False,automatic,youtube_search,True
4yAJOZ8ZBAKfXCI20hsVjf,Lời Đường Mật,Unknown Artist,2021-03-01,222250,uHi33Jbes1k,LYLY x HIEUTHUHAI x NICK - LỜI ĐƯỜNG MẬT [Audio],NICK Mix,219,42.0,False,exact_channel_artist | title_verified,official_channel | verified_audio,0.014401,False,automatic,user_or_pattern_selected (no_confident_match),True
4TyQKEifYDWTfTSRwpxlYI,Bông Hoa Đẹp Nhất,Quân A.P,2020-09-07,315311,e2Xx7WcvEns,QUÂN A.P - BÔNG HOA ĐẸP NHẤT [OFFICIAL LYRICS VIDEO],Quân A.P Official,316.0,100.0,False,"[""exact_channel_artist"", ""artist_in_title""]","[""official_channel"", ""lyrics""]",0.0021851441909733565,False,automatic,youtube_search,True
1PSmJr2mHzDjYXrKvQPKb0,nàng thơ... trời giấu trời mang đi,AMEE,2020-12-16,262150,QHDkHZPHzC0,Trời Giấu Trời Mang Đi,AMEE,259.0,83.01886792452831,False,"[""exact_channel_artist""]",,0.012016021361815754,False,automatic,youtube_search,True
4Wdwvi2C5MD8zDi9Kg3x4X,Chúng Ta Sau Này,T.R.I,2021-03-01,211200,3_r2HxQDtUI,T.R.I - Chúng Ta Sau Này... #CTSN (Official M/V Lyrics),T.R.I,215.0,100.0,False,"[""exact_channel_artist"", ""artist_in_title""]","[""official_music_video""]",0.017992424242424244,False,automatic,youtube_search,True
42mIT9wfmgA48DTN8GmCxX,Giá Như,Chillies,2020-12-25,297000,TDLGo7nQmEA,Giá Như - Chillies (Official Music Video),Chillies,310.0,100.0,False,"[""exact_channel_artist"", ""artist_in_title""]","[""official_music_video""]",0.04377104377104377,False,automatic,youtube_search,True
2rbDhOo9Fh61Bbu23T2qCk,Always Remember Us This Way,Lady Gaga,2018-10-05,210200,5vheNbQlsyU,Lady Gaga - Always Remember Us This Way (from A Star Is Born) (Official Music Video),Lady Gaga,242.0,100.0,False,"[""exact_channel_artist"", ""artist_in_title""]","[""official_music_video""]",0.15128449096098953,False,automatic,youtube_search,True
0OrwGH9aeguhopTVubv0VZ,tonight,demxntia,2018-06-02,84875,hjgdRt6yUa4,demxntia - tonight [OFFICIAL MUSIC VIDEO],demxntia,85.0,100.0,False,"[""exact_channel_artist"", ""artist_in_title""]","[""official_music_video""]",0.0014727540500736377,False,automatic,youtube_search,True
2wVDWtLKXunswWecARNILj,SOLO,JENNIE,2018-11-12,169566,b73BI9eUkjM,JENNIE - 'SOLO' M/V,BLACKPINK,177,100,False,"[""artist_in_channel"", ""artist_in_title""]","[""music_video""]",0.043632,False,automatic,user_or_pattern_selected (ambiguous),False
3yWacnoBnM0lrzLmXAk44d,"Em Không Sai, Chúng Ta Sai",ERIK,2020-05-07,291529,vsxGKRrxgHk,"ERIK - 'Em Không Sai, Chúng Ta Sai' (Official Lyric Video)",VMAS LABEL,292.0,100.0,False,"[""artist_in_title""]","[""official_channel"", ""official_lyric_video""]",0.0016156197153627942,False,automatic,youtube_search,True
4z5dAyLMnkKSHkOkwbR1RX,Trò Chơi,SOOBIN,2020-12-15,196271,rV5XsWEemFo,SOOBIN - Trò Chơi (Official Audio),SOOBIN Official,197.0,100.0,False,"[""exact_channel_artist"", ""artist_in_title""]","[""official_channel"", ""official_audio""]",0.0037142522328820864,False,automatic,youtube_search,True
7wHBNIBO353lf9aVvmUydT,Cảm Ơn Và Xin Lỗi,Chillies,2019-07-25,316285,DQDu60-C-ns,[OST Thưa Mẹ Con Đi / Goodbye Mother] Cảm Ơn Và Xin Lỗi - Chillies,Chillies,317.0,100.0,False,"[""exact_channel_artist"", ""artist_in_title""]",,0.002260619378092543,False,automatic,youtube_search,True
3ndCsZfq8OVwwkz9mmZvUz,Stay,BTS,2020-11-20,204800,evBAiaYal1o,Stay,BANGTANTV,205.0,100.0,False,"[""artist_in_channel""]","[""official_channel""]",0.0009765625,False,automatic,youtube_search,True
2OZTkXYCNbZS9TwPRy52Js,Đi Đu Đưa Đi,Bích Phương,2019-08-28,220169,ZF3b1nK-TjM,BÍCH PHƯƠNG - Đi Đu Đưa Đi (Official M/V),BÍCH PHƯƠNG,224.0,100.0,False,"[""exact_channel_artist"", ""artist_in_title""]","[""official_music_video""]",0.017400269792750115,False,automatic,youtube_search,True
3XoflnowYPFRPOh3uFvHcm,Selfish Love,DJ Snake,2021-03-04,168648,ZFHGKyi7JgE,"DJ Snake, Selena Gomez - Selfish Love (Behind The Scenes)",DJ Snake,165.0,100.0,False,"[""exact_channel_artist"", ""artist_in_title""]",,0.021630852426355485,False,automatic,youtube_search,True
6BToHhGtbW8eMQFaEv0i2d,Như Ngày Hôm Qua,Sơn Tùng M-TP,2013-01-01,222981,YtkgtlfKaxM,Như Ngày Hôm Qua,Sơn Tùng M-TP Official,223.0,100.0,False,"[""exact_channel_artist""]","[""official_channel""]",8.520905368618851e-05,False,automatic,youtube_search,True
6hUpxEKFSjS8metuA1yxlf,Vai Lan Don Dua,SOOBIN,2017-01-27,170666,vKiVbBE-qO8,Vài Lần Đón Đưa -  Soobin Hoàng Sơn ft Touliver (Lyrics on Screen),AEY Music,171,42.6,True,"[""artist_in_title""]","[""lyrics""]",0.001757,False,automatic,user_or_pattern_selected (no_confident_match),False
6uxuJ8Fr1AAfSPJUF9N1yr,Bước Qua Mùa Cô Đơn,Vũ.,2022-09-09,278823,n6Pnzi6r9NU,BƯỚC QUA MÙA CÔ ĐƠN (Walking Through the Lonely Season) / Vũ. (Official MV),Vũ Official,343.0,92.6829268292683,False,"[""exact_channel_artist"", ""artist_in_title""]","[""official_channel"", ""official_music_video""]",0.23017111213924246,False,automatic,youtube_search,True
5nD5PVXUkIpv0WcwfNFrgS,Khi Em Lớn,Orange,2021-04-20,228094,1Lh1E9voEsc,Orange x Hoàng Dũng - ‘Khi Em Lớn’ Official MV,Orange Singer Official,236.0,100.0,False,"[""artist_in_channel"", ""artist_in_title""]","[""official_channel"", ""official_music_video""]",0.0346611484738748,False,automatic,youtube_search,True
3wGx3gYPjECKZazGNuPEX2,Phải Chăng Em Đã Yêu?,Juky San,2021-03-01,190000,O81_4VAson4,JUKY SAN X REDT | PHẢI CHĂNG EM ĐÃ YÊU  | OFFICIAL MUSIC VIDEO,Juky San,215.0,100.0,False,"[""exact_channel_artist"", ""artist_in_title""]","[""official_music_video""]",0.13157894736842105,False,automatic,youtube_search,True
1w3eUC89GPspKpi62tPwjt,Nàng Thơ,Hoàng Dũng,2020-12-16,254476,0SJAzTGh1SE,Nàng Thơ,Hoàng Dũng,255.0,100.0,False,"[""exact_channel_artist""]",,0.0020591332777943694,False,automatic,youtube_search,True
1xoadYaxtOp9gHDwgmPDuz,Sài Gòn Hôm Nay Mưa,JSOL,2021-05-29,247058,a5CyXOKws9Y,SÀI GÒN HÔM NAY MƯA -  JSOL ft. HOÀNG DUYÊN | STAGE PERFORMANCE AT FAN MEETING 2024,JSOL,251,39.6,False,"[""exact_channel_artist"", ""artist_in_title""]",,0.015783,False,automatic,user_or_pattern_selected (no_confident_match),False
7BoobGhD4x5K96Me0hqC8Q,Build a Bitch,Bella Poarch,2021-05-14,122772,o4evZ9foxBk,Bella Poarch - Build A B*tch (Official Lyric Video),Bella Poarch,123,92.3,True,"[""exact_channel_artist"", ""artist_in_title""]","[""official_lyric_video""]",0.001629,False,automatic,user_or_pattern_selected (no_confident_match),True
63qZf6349d3ngku9hrzLac,The Playah (Special Performance),SOOBIN,2021-05-14,449577,d44UTUSTYKU,SOOBIN X SLIMV - THE PLAYAH (Special Performance / Official Music Video),SOOBIN Official,507.0,100.0,False,"[""exact_channel_artist"", ""artist_in_title""]","[""official_channel"", ""official_music_video""]",0.12772672979267177,False,automatic,youtube_search,True
0ClPIeT6MSgfSgQ9ZrJbAq,Cheating on You,Charlie Puth,2019-10-01,196606,fOoSbUoayQE,Charlie Puth - Cheating on You [Official Video],Charlie Puth,202.0,100.0,False,"[""exact_channel_artist"", ""artist_in_title""]","[""official_video""]",0.02743558182354557,False,automatic,youtube_search,True
27F22WcGDyl4Z2KylVJkXL,Đường Tôi Chở Em Về,buitruonglinh,2020-07-03,266000,OuNo8Tkb3lI,Đường Tôi Chở Em Về / buitruonglinh | Lyrics Video |,buitruonglinh,266,65.5,False,"[""exact_channel_artist"", ""artist_in_title""]","[""lyrics""]",0.0,False,automatic,user_or_pattern_selected (no_confident_match),False
7dJVE53hGAX9TcKH0abFic,Yêu Thầm,Hoàng Yến Chibi,2021-03-01,252500,2hJhVB2KJWw,Yêu Thầm (Official Lyric Video) - Hoàng Yến Chibi x Tlinh x TDK x Lyly,Hoàng Yến Chibi Official,254,30.2,False,"[""exact_channel_artist"", ""artist_in_title""]","[""official_channel"", ""official_lyric_video""]",0.005941,False,automatic,user_or_pattern_selected (no_confident_match),True
6iWPQ9xAYH3ZePu2Z209Y6,Chỉ Là Không Cùng Nhau (Live Version),Tăng Phúc,2021-03-31,226000,UqKVL56IJB8,TĂNG PHÚC ft TRƯƠNG THẢO NHI| CHỈ LÀ KHÔNG CÙNG NHAU (Nhạc Hoa Lời Việt) | Mây In The Nest 28.3.2021,TĂNG PHÚC OFFICIAL,233,59.4,True,"[""exact_channel_artist"", ""artist_in_title""]","[""official_channel""]",0.030973,False,automatic,user_or_pattern_selected (no_confident_match),True
4qJSUFwZFouto5VZUlln75,Thích Quá Rùi Nà,tlinh,2023-07-14,178000,p40OWOxAeSw,tlinh - Thích Quá Rùi Nà (ft. Trung Trần) | OFFICIAL LYRICS VIDEO,tlinh,178.0,100.0,False,"[""exact_channel_artist"", ""artist_in_title""]","[""lyrics""]",0.0,False,automatic,youtube_search,True
4rPrBNnDgdZpS5gosHv0yr,để quên,Ngọt,2021-04-21,170666,W08NL1mchhs,Ngọt - để quên,Ngọt,171.0,100.0,False,"[""exact_channel_artist"", ""artist_in_title""]",,0.0019570388946831825,False,automatic,youtube_search,True
696w9BHmEY62myVCSDyrYW,Có Em Đời Bỗng Vui,Chillies,2020-02-07,247428,AE3eD-XV4vg,Có Em Đời Bỗng Vui - Chillies (Official Video),Chillies,252.0,100.0,False,"[""exact_channel_artist"", ""artist_in_title""]","[""official_video""]",0.018478102720791503,False,automatic,youtube_search,True
6jOP08e9PHDnoF3reZcePE,Qua Khung Cửa Sổ,Chillies,2020-11-11,299090,OmmbiyE-d4Q,Qua Khung Cửa Sổ - Chillies [Official Music Video],Chillies,314.0,100.0,False,"[""exact_channel_artist"", ""artist_in_title""]","[""official_music_video""]",0.04985121535323816,False,automatic,youtube_search,True
1HDrKXya87GMQfAGPlqNS9,Muốn Nói Với Em,T Team,2021-03-01,233513,gXwPxTUTOA4,"MUỐN NÓI VỚI EM - DT Tập Rap ft Mai Xuân Thứ  [Official MV] KIỀU MINH TUẤN , LÊ CHI, BLACKBI",T Team,245,73.2,False,"[""exact_channel_artist""]","[""official_music_video""]",0.049251,False,automatic,user_or_pattern_selected (no_confident_match),True
2QdH0rKlV3d9Y6lWzcnlBH,In the morning,ITZY,2021-04-30,172358,_ysomCGaZLw,"ITZY ""마.피.아. In the morning"" M/V @ITZY",JYP Entertainment,185,82.4,False,"[""artist_in_title""]","[""official_channel"", ""music_video""]",0.073086,False,automatic,user_or_pattern_selected (no_confident_match),True
1CyYcBdukmFjFibDZaDlHc,To The Moon,hooligan.,2020-07-07,201507,nmKTlmByng0,hooligan. - To The Moon (Official Lyric Video),hooligan.official,206.0,100.0,False,"[""exact_channel_artist"", ""artist_in_title""]","[""official_channel"", ""official_lyric_video""]",0.02229699216404393,False,automatic,youtube_search,True
79xFFmGKtEyky0I2G9U9Jg,yêu thì yêu không yêu thì yêu,AMEE,2020-06-29,190285,54IsuFlIQwA,yêu thì yêu không yêu thì yêu,AMEE,191,85.3,False,exact_channel_artist | title_verified,official_channel | verified_audio,0.003678,False,automatic,user_or_pattern_selected (ambiguous),True
2FWBdovgRvBSzA1JESUe0D,Làm Gì Phải Hốt,JustaTee,2020-01-05,189296,8dJfisqsAow,Làm gì phải Hốt - JustaTee x Hoàng Thùy Linh x Đen (Shrimp Mix),DZUS Records,182,47.6,False,"[""artist_in_title""]","[""official_channel""]",0.038563,False,automatic,user_or_pattern_selected (ambiguous),True
0MMyJUC3WNnFS1lit5pTjk,"jealousy, jealousy",Olivia Rodrigo,2021-05-21,173160,Z-9gQjUZMm0,"Olivia Rodrigo - jealousy, jealousy (Lyric Video)",Olivia Rodrigo,174.0,100.0,False,"[""exact_channel_artist"", ""artist_in_title""]","[""lyric_video""]",0.004851004851004851,False,automatic,youtube_search,True
6UelLqGlWMcVH1E5c4H7lY,Watermelon Sugar,Harry Styles,2019-12-13,173991,7-x3uD5z1bQ,Harry Styles - Watermelon Sugar (Official Audio),Harry Styles,174.0,100.0,False,"[""exact_channel_artist"", ""artist_in_title""]","[""official_audio""]",5.1726813455868405e-05,False,automatic,youtube_search,True
6PLNoijWdc3dWqc1KKjv73,Đâu Cần Một Bài Ca Tình Yêu,Tiên Tiên,2019-04-20,195514,qusmHT5vNuw,OFFICIAL MV - ĐÂU CẦN MỘT BÀI CA TÌNH YÊU - TIÊN TIÊN x TRANG,Tiên Tiên,204,75,False,"[""exact_channel_artist"", ""artist_in_title""]","[""official_music_video""]",0.043478,False,automatic,user_or_pattern_selected (no_confident_match),True
4vfhartd7HDWGJbdVIycEu,Muộn Rồi Mà Sao Còn,Sơn Tùng M-TP,2021-04-29,275905,xypzmu5mMPY,SƠN TÙNG M-TP | MUỘN RỒI MÀ SAO CÒN | OFFICIAL MUSIC VIDEO,Sơn Tùng M-TP Official,289.0,100.0,False,"[""exact_channel_artist"", ""artist_in_title""]","[""official_channel"", ""official_music_video""]",0.0474619887280042,False,automatic,youtube_search,True
1EmMFSLRVkOszCa4ul9z0F,3107 3,W/N,2021-07-31,240000,kfw7MYah2n0,"W/n - 3107 3 ( Official Video ) ft. 267, Nâu, Duongg,",W/n,235.0,100.0,False,"[""exact_channel_artist"", ""artist_in_title""]","[""official_video""]",0.020833333333333332,False,automatic,youtube_search,True
2XjbfQQZlPwOMTmJR2RLfC,Happy For You,Lukas Graham,2021-07-02,226402,Sfqt2KtSj-Q,Lukas Graham - Happy For You (Official Video With Lyrics),Lukas Graham,238.0,100.0,False,"[""exact_channel_artist"", ""artist_in_title""]","[""official_video""]",0.05122746265492354,False,automatic,youtube_search,True
6B4AdZzwagId7wvWeJEkiq,Độ Tộc 2,Độ Mixi,2021-09-22,201030,VSfDxphKpzc,ĐỘ TỘC 2,Release - Topic,202.0,100.0,False,,"[""topic_channel""]",0.004825150475053474,False,automatic,youtube_search,True
1mKDbug8bbfDmLe7I4CJpe,Gác Lại Âu Lo,Da LAB,2020-07-25,282628,ECxVfrwwTp0,Gác lại âu lo - Da LAB ft. Miu Lê (Official MV),Da LAB Official,307.0,100.0,False,"[""exact_channel_artist"", ""artist_in_title""]","[""official_channel"", ""official_music_video""]",0.08623349420439588,False,automatic,youtube_search,True
4Iz5EWPCAT8jYNk4IpLoll,Dù Cho Mai Về Sau,buitruonglinh,2020-11-17,233975,B5uoHay4abs,Dù cho mai về sau,buitruonglinh,234.0,100.0,False,"[""exact_channel_artist""]",,0.00010684902233144567,False,automatic,youtube_search,True
0e8nrvls4Qqv5Rfa2UhqmO,THATS WHAT I WANT,Lil Nas X,2021-09-17,143901,QDYDRA5JPLE,Lil Nas X - THATS WHAT I WANT (Official Video),Lil Nas X,162.0,100.0,False,"[""exact_channel_artist"", ""artist_in_title""]","[""official_video""]",0.1257739696041028,False,automatic,youtube_search,True
6TD5xfffOnYHliuF1wzL6U,Sài Gòn Đau Lòng Quá,Hứa Kim Tuyền,2021-03-01,308689,K3Xd87lpF9w,Sài Gòn Đau Lòng Quá,Hứa Kim Tuyền,309.0,100.0,False,"[""exact_channel_artist""]",,0.001007486499356958,False,automatic,youtube_search,True
5uyNAX6MazVAjBjVeOsTvp,3 1 0 7,W/N,2020-05-11,234938,V5GS5ANG96M,"W/n - 3 1 0 7 ( Official Video ) ft. Nâu, Duongg",W/n,233.0,100.0,False,"[""exact_channel_artist"", ""artist_in_title""]","[""official_video""]",0.00824898483855315,False,automatic,youtube_search,True
2sp32rIevQhpbo0Z4aQzoe,My Universe - Instrumental,Coldplay,2021-09-24,228000,_tx86dX1MJ8,Coldplay X BTS - My Universe (INSTRUMENTAL),Coldplay,228.0,100.0,False,"[""exact_channel_artist"", ""artist_in_title""]",,0.0,False,automatic,youtube_search,True
6Fbsn9471Xd0vVsMWwhePh,Tháng Mấy Em Nhớ Anh?,Hà Anh Tuấn,2021-03-01,300000,RHaLpXUSUYk,Tháng Mấy Em Nhớ Anh?,Hà Anh Tuấn,300.0,100.0,False,"[""exact_channel_artist""]",,0.0,False,automatic,youtube_search,True
2Gazl1MAVX8vmo8E659Vq8,Real Love,My Anh,2021-07-18,243934,htheCvaLiJ8,MỸ ANH x KHẮC HƯNG  - REAL LOVE | LYRICS VIDEO,Mỹ Anh,244,41.9,False,,"[""lyrics""]",0.00041,False,automatic,user_or_pattern_selected (no_confident_match),False
1Ov37jtRQ2YNAe8HzfczkL,Wildest Dreams (Taylor's Version),Taylor Swift,2021-09-17,220433,CUr_UwUUXzU,Taylor Swift - Wildest Dreams (Taylor’s Version) (Official Audio),Taylor Swift,221.0,100.0,False,"[""exact_channel_artist"", ""artist_in_title""]","[""official_audio""]",0.0025722101500229096,False,automatic,youtube_search,True
2m6Ko3CY1qXNNja8AlugNc,Angel Baby,Troye Sivan,2021-09-09,220779,IR-6KE8C4VQ,Troye Sivan - Angel Baby (Official Video),Troye Sivan,221.0,100.0,False,"[""exact_channel_artist"", ""artist_in_title""]","[""official_video""]",0.001001001001001001,False,automatic,youtube_search,True
7LVrrX8pkzI9fMF88nGabt,Đi Về Nhà,Đen,2020-12-20,200000,vTJdVE_gjI0,Đen x JustaTee - Đi Về Nhà (M/V),Đen Vâu Official,206.0,100.0,False,"[""artist_in_channel"", ""artist_in_title""]","[""official_channel"", ""music_video""]",0.03,False,automatic,youtube_search,True
149BxWeweaCqmsyedkNiiE,Wrecked,Imagine Dragons,2021-09-03,244004,4mJayYlfcWo,Imagine Dragons - Wrecked (Lyric Video),ImagineDragons,243.0,100.0,False,"[""exact_channel_artist"", ""artist_in_title""]","[""lyric_video""]",0.004114686644481238,False,automatic,youtube_search,True
0J2otOvMdg62gVMMjwOvSK,Hoa Hải Đường,Jack - J97,2020-09-22,229589,6CH18rlrLY8,Hoa Hải Đường - Jack - J97 / Audio Lyrics Video,KProx Official,232,33.3,False,exact_channel_artist | title_verified,official_channel | verified_audio,0.010453,False,automatic,user_or_pattern_selected (no_confident_match),True
5Vv7AuoyX4aFz8zcztSwMB,baby i told u,MONSTAR,2021-08-01,254040,DDAx3GSapj8,baby i told u,MONSTAR - Topic,255.0,100.0,False,"[""exact_channel_artist"", ""artist_in_channel""]","[""topic_channel""]",0.003778932451582428,False,automatic,youtube_search,True
2qnnREp8mFVipaEoUlw9ya,Hai Triệu Năm,Đen,2019-06-22,216471,LSMDNL4n0kM,Đen - hai triệu năm ft. Biên (m/v),Đen Vâu Official,218.0,100.0,False,"[""artist_in_channel"", ""artist_in_title""]","[""official_channel"", ""music_video""]",0.007063301781762915,False,automatic,youtube_search,True
4iLqG9SeJSnt0cSPICSjxv,Attention,Charlie Puth,2017-04-20,211475,nfs8NYg7yQM,Charlie Puth - Attention [Official Video],Charlie Puth,232.0,100.0,False,"[""exact_channel_artist"", ""artist_in_title""]","[""official_video""]",0.09705638964416598,False,automatic,youtube_search,True
7skGrIrRzO0APhASzAKfNi,Gu - Cukak Remix,Freaky,2021-07-14,177491,VI47bTJaMe4,Gu - Freaky ft. Seachains「Cukak Remix」/ Audio Lyrics,Cukak,173,58.3,False,"[""artist_in_title""]","[""lyrics""]",0.025352,False,automatic,user_or_pattern_selected (no_confident_match),False
7bmk1GEufZOrycr3HXZGN2,Sickerrr,Suboi,2021-06-29,225943,IiCY63rMns8,Suboi - SICKERRR (Official Audio),Suboi,226.0,100.0,False,"[""exact_channel_artist"", ""artist_in_title""]","[""official_audio""]",0.00025227601651744026,False,automatic,youtube_search,True
7DF8lvLdV3htIbuTWpc7lR,Girl Of My Dreams,Juice WRLD,2021-12-10,226149,MvGdQ03mHrc,Juice WRLD - Girl Of My Dreams (with Suga from BTS) [Official Audio],Juice WRLD,227.0,100.0,False,"[""exact_channel_artist"", ""artist_in_title""]","[""official_audio""]",0.0037630058059067253,False,automatic,youtube_search,True
6Vx29sLFwzT8yvRhzP2Fge,Lời Nói Dối Sau Nụ Cười,K-ICM,2021-12-22,306306,5_3AXdQPKu0,LỜI NÓI DỐI SAU NỤ CƯỜI | ICM | OFFICIAL MUSIC VIDEO,ICM Entertainment,369.0,92.0,False,,"[""official_channel"", ""official_music_video""]",0.20467767526591055,False,automatic,youtube_search,True
10IfXtjKQmOiON7tNAHv0y,Yours,Jin,2021-11-07,264840,o0RjCnJWLC4,Yours,Jin - Topic,265.0,100.0,False,"[""exact_channel_artist"", ""artist_in_channel""]","[""topic_channel""]",0.0006041383476816191,False,automatic,youtube_search,True
5T6j0rfpCDBzAxC8Fpd0N7,An Thần,Low G,2021-10-21,174286,wKiSIO6Tffo,An Thần,Low G,175.0,100.0,False,"[""exact_channel_artist""]",,0.004096714595549843,False,automatic,youtube_search,True
6aeU5IH8DB1qHK5jRFTNUv,Hương,Văn Mai Hương,2021-01-23,210285,VGP9rtItrEg,VĂN MAI HƯƠNG - HƯƠNG ft. NEGAV (Album 'hương') | Official Audio,VĂN MAI HƯƠNG OFFICIAL,211.0,100.0,False,"[""exact_channel_artist"", ""artist_in_title""]","[""official_channel"", ""official_audio""]",0.0034001474189790048,False,automatic,youtube_search,True
4KLmT1bU7eyEBe35FzEjbd,Chim Quý Trong Lồng,K-ICM,2021-07-12,343061,encbrlR-aMs,Chim Quý Trong Lồng,ICM Entertainment,342.0,100.0,False,,"[""official_channel""]",0.0030927444390356235,False,automatic,youtube_search,True
6iXGivPFpsqKmrINhIbPvx,Buồn Thì Cứ Khóc Đi,Lynk Lee,2019-12-13,222314,X-GCJwz4PnY,Buồn Thì Cứ Khóc Đi - Lynk Lee | Official MV,Lynk Lee,235.0,80.85106382978724,False,"[""exact_channel_artist"", ""artist_in_title""]","[""official_music_video""]",0.05706343280225267,False,automatic,youtube_search,True
6MCJdudhQY41K3IhluuNuq,Một Chiều Mưa Bất Ngờ,K-ICM,2020-10-15,250735,WZiYNLTb_n0,MỘT CHIỀU MƯA BẤT NGỜ - ICM x RYO | OFFICIAL MUSIC VIDEO,ICM Entertainment,257,80.8,False,,"[""official_channel"", ""official_music_video""]",0.02513,False,automatic,user_or_pattern_selected (no_confident_match),True
5Bti0azlFhMattVY76qFr9,Lạ Lùng,Vũ.,2016-12-24,261616,F5tS5m86bOI,LẠ LÙNG (Strange) / Vũ. (Original),Vũ Official,262.0,82.35294117647058,False,"[""exact_channel_artist"", ""artist_in_title""]","[""official_channel""]",0.0014678001345483456,False,automatic,youtube_search,True
2e0b6AaC1Abz5mFyCS3fXY,Tình Là Gì Đây Em Ơi,K-ICM,2021-01-15,250909,Yzx1d_J_UwY,TÌNH LÀ GÌ ĐÂY EM ƠI - ICM | OFFICIAL MUSIC VIDEO,ICM Entertainment,258.0,90.9090909090909,False,,"[""official_channel"", ""official_music_video""]",0.02826124212363845,False,automatic,youtube_search,True
7aonAWn0J0AJ47ZU9WHCXC,INFERNO,Sub Urban,2021-08-13,133133,c1sOsg3vtA8,Bella Poarch - Inferno (Official Lyric Video),Bella Poarch,134,51.9,False,,"[""lyric_video""]",0.006762,False,automatic,user_or_pattern_selected (ambiguous),False
7JWa8tcjothiOfTVUUbuzL,Không Muốn Một Mình,Vicky Nhung,2021-12-27,210323,bmfuO57FQWo,VICKY NHUNG - KHÔNG MUỐN MỘT MÌNH (OFFICIAL MV) | PROD. KICM | cameo VŨ THỊNH x FANNY,Vicky Nhung,224.0,100.0,False,"[""exact_channel_artist"", ""artist_in_title""]","[""official_music_video""]",0.06502855132344061,False,automatic,youtube_search,True
1r9xUipOqoNwggBpENDsvJ,Enemy,Imagine Dragons,2021-10-28,173381,IOrbP1OqNsg,Enemy (from the series Arcane League of Legends),ImagineDragons,174.0,100.0,False,"[""exact_channel_artist""]",,0.003570172048840415,False,automatic,youtube_search,True
6bXmKNVe9YIjoyDbz04nWg,Freaky Squad,Rhymastic,2021-11-30,196800,N4a9Db9_ijc,SPACESPEAKERS - FREAKY SQUAD (OFFICIAL MUSIC VIDEO),SpaceSpeakers Label,204,63.2,False,,"[""official_channel"", ""official_music_video""]",0.036585,False,automatic,user_or_pattern_selected (no_confident_match),True
2axlAOp86SPuqSBlwLw4WM,101520,RAP VIỆT,2021-12-22,193846,QDXszKiPfQw,"101520 (feat. Sol7, prettyXIX)",RAP VIỆT - Topic,194.0,100.0,False,"[""exact_channel_artist"", ""artist_in_channel""]","[""topic_channel""]",0.0007944450749564087,False,automatic,youtube_search,True
7oBUoEbCDF748UkHnLusUB,Chuyện Rằng,Thịnh Suy,2020-08-08,272152,akgNYX8i9Xs,Thịnh Suy - CHUYỆN RẰNG (Official Music Video),Thịnh Suy,277.0,100.0,False,"[""exact_channel_artist"", ""artist_in_title""]","[""official_music_video""]",0.017813574767041946,False,automatic,youtube_search,True
0SmQ0UWeiHKQtxUej4Rem6,Tháng Năm,SOOBIN,2020-12-15,225358,FJ8T7tJ9hRE,SOOBIN - Tháng Năm (Official Audio),SOOBIN Official,226.0,100.0,False,"[""exact_channel_artist"", ""artist_in_title""]","[""official_channel"", ""official_audio""]",0.002848800575084976,False,automatic,youtube_search,True
4vGEfBrpiM4zfYzSyPpysX,Phi Hành Gia,Renja,2021-09-25,345342,7GKlN5Kp9pU,Phi Hành Gia (feat. Sugar Cane & Kain),Renja - Topic,346.0,100.0,False,"[""exact_channel_artist"", ""artist_in_channel""]","[""topic_channel""]",0.0019053575875508915,False,automatic,youtube_search,True
0pQ67Kp2kED4ISy1ieGPEq,Ghé Qua,TaynguyenSound,2017-12-08,237192,W2FRMzCuPzY,Ghé Qua - Dick x Tofu x PC [Official Audio],TaynguyenSound Official and 2 more,237,45.2,False,"[""artist_in_channel""]","[""official_channel"", ""official_audio""]",0.000843,False,automatic,user_or_pattern_selected (no_confident_match),True
3LlEZ4J1ORcgP1WmTF9pIX,Nói Dối,Pháo,2021-12-23,199114,3SP-LAn6Yyw,"Pháo Northside - NÓI DỐI ft. @HIEUTHUHAIOFFICIAL ,Tùng Sax,Megazetz (Official Audio)",Pháo Northside,197,58.3,False,"[""artist_in_channel"", ""artist_in_title""]","[""official_audio""]",0.010547,False,automatic,user_or_pattern_selected (no_confident_match),True
73mVGNhTlRQBod01zh3M0s,"Tell Ur Mom II - Gii, Hiderway Remix",Winno,2021-11-19,216000,oJKKcbPOSEA,Winno - Tell Ur Mom II ft. Heily (Official Lyric Video),HUSTLANG Winno Official,220,67.900000000000006,True,"[""artist_in_channel"", ""artist_in_title""]","[""official_channel"", ""official_lyric_video""]",0.018519,False,automatic,user_or_pattern_selected (no_confident_match),True
6bGMSP3H9YqkmaLnaJTIoF,Hold On,Adele,2021-11-19,366004,yoHS2T32Z5o,Adele - Hold On (Official Lyric Video),Adele,367.0,100.0,False,"[""exact_channel_artist"", ""artist_in_title""]","[""official_lyric_video""]",0.002721281734625851,False,automatic,youtube_search,True
2o4dDfLK6NVI7TjBm5VoMv,Yêu Một Người Có Lẽ,Lou Hoàng,2016-03-07,253524,QVNkxMJd7u4,Yêu Một Người Có Lẽ - Lou Hoàng - Miu Lê (Lyric Video)| Miu Lê Official,Miu Lê Official,253,53.5,False,"[""artist_in_title""]","[""official_channel"", ""lyric_video""]",0.001972,False,automatic,user_or_pattern_selected (no_confident_match),True
75NgcOsgURBLTPpRzAsxp0,Tháng 4 Là Lời Nói Dối Của Em - Live Version,Hà Anh Tuấn,2020-11-13,315305,ib0UEUcHKUE,Hà Anh Tuấn | Tháng Tư Là Lời Nói Dối Của Em (The Veston Concert),Louis Trancy,313,79.099999999999994,True,"[""artist_in_title""]",,0.007295,False,automatic,user_or_pattern_selected (no_confident_match),False
3mmLyEhphJAaW7hyEXAD8l,Some,BOL4,2017-09-27,181373,hZmoMyFXDoI,[MV] BOL4(볼빨간사춘기) _ Some(썸 탈꺼야),1theK (원더케이),187.0,100.0,False,"[""artist_in_title""]","[""official_channel"", ""music_video""]",0.03102446339863155,False,automatic,youtube_search,True
7KlTFTpy7dXLzr2NtLkvG6,Not Today,BTS,2017-02-13,231859,xomrqgZ9X_Y,BTS (방탄소년단) 'Not Today' Lyrics [Color Coded Han_Rom_Eng],• m i n a m o c h i •,232,100,False,"[""artist_in_title""]","[""lyrics""]",0.000431,False,automatic,user_or_pattern_selected (ambiguous),False
7jLSThU5Kg1RWt19Leiaxm,Chìm Sâu,RPT MCK,2023-03-02,156303,Yw9Ra2UiVLw,Chìm Sâu - RPT MCK (feat. Trung Trần) | Official Lyrics Video,MCK // Nger,159,100,False,"[""artist_in_title""]","[""lyrics""]",0.017274,False,automatic,user_or_pattern_selected (ambiguous),False
0oSNOJEcBIKNcQzRc5TfyR,Blood Sweat & Tears,BTS,2016-10-10,217078,enuVmdqz8Aw,BTS (방탄소년단) - 피 땀 눈물 (Blood Sweat & Tears) [AUDIO],KMusic360,217,100,False,"[""artist_in_title""]",,0.000461,False,automatic,user_or_pattern_selected (ambiguous),False
3IA9LkBEVhJDOxOnh1nf8a,Butter (Holiday Remix),BTS,2021-12-03,161894,yE1kpjX-hd8,BTS (방탄소년단) - Butter (Holiday Remix) (Audio),BTS SoundCloud,162,100,False,"[""artist_in_channel"", ""artist_in_title""]",,0.000618,False,automatic,user_or_pattern_selected (ambiguous),False
5Msoarj5hk9LguTtiIyqug,Ngày Đầu Tiên,Đức Phúc,2022-02-11,208939,R6aQJWWWTy4,Ngày Đầu Tiên,ĐỨC PHÚC OFFICIAL,209.0,100.0,False,"[""exact_channel_artist""]","[""official_channel""]",0.0002919512393569415,False,automatic,youtube_search,True
5SE57ljOIUJ1ybL9U6CuBH,DNA,BTS,2017-09-18,223122,SxAvr92fRg4,DNA,BANGTANTV,224.0,100.0,False,"[""artist_in_channel""]","[""official_channel""]",0.003935066914064951,False,automatic,youtube_search,True
5H7UgZQk2p5x4nmeuDjmE4,Đau Nhất Là Lặng Im,ERIK,2022-02-17,286153,D80QnP0iRBo,ERIK - Đau Nhất Là Lặng Im (Official Music Video),ERIK Official,306.0,100.0,False,"[""exact_channel_artist"", ""artist_in_title""]","[""official_channel"", ""official_music_video""]",0.06935800078978728,False,automatic,youtube_search,True
3r9FFjLrAIQjoR8pSHVPC9,Outro : Ego,BTS,2020-02-21,196198,-yi8cxXwIqg,J-hope - Outro : Ego (Audio),Playlist Bts,194,72,False,"[""artist_in_channel""]",,0.011213,False,automatic,user_or_pattern_selected (ambiguous),False
54UNNgtE3zzERwTuWSQLqd,có hẹn với thanh xuân,MONSTAR,2021-08-01,218026,HXzRlUL1cF0,có hẹn với thanh xuân,MONSTAR - Topic,219.0,100.0,False,"[""exact_channel_artist"", ""artist_in_channel""]","[""topic_channel""]",0.004467357104198582,False,automatic,youtube_search,True
2Nib4r0saYQf2pUV4RFDhl,Interlude : Shadow,BTS,2020-02-21,259821,7O7BrjT2wqk,SUGA - Interlude : Shadow (Audio),Playlist Bts,260,86.5,False,"[""artist_in_channel""]",,0.00077,False,automatic,user_or_pattern_selected (ambiguous),False
0X5tCYwiVldeDynbhBshTl,Hẹn Kiếp Tương Phùng,K-ICM,2022-01-19,279750,88lVxdqfho0,HẸN KIẾP TƯƠNG PHÙNG | ICM ft. Long Nón Lá (Live Performance),ICM Entertainment,284,52.6,False,,"[""official_channel""]",0.015011,False,automatic,user_or_pattern_selected (no_confident_match),True
2tg8L2ls1k19B2SvRKBnJh,Hẹn Ước Từ Hư Vô - Live,Mỹ Tâm,2022-03-02,247553,dL9bMyUr3jU,MỸ TÂM | Hẹn Ước Từ Hư Vô (Lễ Trao giải Làn Sóng Xanh 2022),Làn Sóng Xanh,257,55.1,True,"[""artist_in_title""]",,0.037964,False,automatic,user_or_pattern_selected (no_confident_match),False
0bTmdKwQ8xb0Xbvizt2GMy,Một Khi Đã Yêu,K-ICM,2022-02-11,283235,bWPHS5d-7P8,MỘT KHI ĐÃ YÊU | ICM FT. RYO | OFFICIAL M/V,ICM Entertainment,280.0,87.5,False,,"[""official_channel"", ""official_music_video""]",0.01142161102971031,False,automatic,youtube_search,True
0wZq5TnD0ooJ3q4GVDTLjd,Xuân Hy Vọng,K-ICM,2022-01-24,220773,G8O-bcX5G34,XUÂN HY VỌNG | K-ICM FT. RYO | (Music Không Quảng Cáo),SYR Music,220,100,False,"[""artist_in_title""]",,0.003623,False,automatic,user_or_pattern_selected (ambiguous),False
0dcnrLo8s1rhjm8euGjI4n,DARARI,TREASURE,2022-02-15,220716,KbXRZn_pcvg,TREASURE (트레저) '다라리 (DARARI)' M/V,Yangzee official,215.0,100.0,False,"[""artist_in_title""]","[""official_channel"", ""music_video""]",0.025897533481940592,False,automatic,youtube_search,True
4I2ne5vm5LJmrXAfqgjAG4,Tình Ca Tình Ta,kis,2021-06-30,175255,R0jbjEX0dBY,'tình ca tình ta' - kis (official audio),kis.,175.0,100.0,False,"[""exact_channel_artist"", ""artist_in_title""]","[""official_audio""]",0.0014550226812359134,False,automatic,youtube_search,True
0IGUXY4JbK18bu9oD4mPIm,TOMBOY,i-dle,2022-03-14,174386,Jh4QFaPmdss,(G)I-DLE - 'TOMBOY' Official Music Video,i-dle (아이들),198.0,100.0,False,"[""exact_channel_artist"", ""artist_in_title""]","[""official_music_video""]",0.13541224639592628,False,automatic,youtube_search,True
7xNCacksfUkYXsXuSW4vNF,PS5,salem ilese,2022-02-23,152214,WRVonH0TTS8,salem ilese-  PS5 with TOMORROW X TOGETHER feat. Alan Walker (official music video),salem ilese,152.0,100.0,False,"[""exact_channel_artist"", ""artist_in_title""]","[""official_music_video""]",0.0014059153560119306,False,automatic,youtube_search,True
3CeKc83EsgRPItgvlDHo5B,Head In The Clouds,Hayd,2021-09-17,184559,-uFQzcY7YHc,Hayd - Head In The Clouds (Official Video),Hayd,188.0,100.0,False,"[""exact_channel_artist"", ""artist_in_title""]","[""official_video""]",0.0186444443240373,False,automatic,youtube_search,True
7rXcCpIAoOUCydkVDMcoPV,INVU,TAEYEON,2022-02-14,204973,AbZH7XWDW_k,TAEYEON 태연 'INVU' MV,SMTOWN,218.0,100.0,False,"[""artist_in_title""]","[""official_channel"", ""music_video""]",0.06355471208403057,False,automatic,youtube_search,True
18uwL0vNUanqZH0ro2QcOP,comethru,Jeremy Zucker,2018-09-28,181613,Yp4yF5hb89I,Jeremy Zucker - comethru (Official Audio),Jeremy Zucker,183.0,100.0,False,"[""exact_channel_artist"", ""artist_in_title""]","[""official_audio""]",0.007637118488213949,False,automatic,youtube_search,True
40Ct4hvauHT2EDpik4eVuz,Xuân Xuân Ơi Xuân Đã Về,Bích Phương,2017-01-16,219480,YYI8hPAhKyM,Mùa Xuân Ơi,BÍCH PHƯƠNG,220,47.1,True,"[""exact_channel_artist""]",,0.002278,False,automatic,user_or_pattern_selected (ambiguous),False
4Ut6UU8Yyihz1jCZWSCQpu,Skit: Circle Room Talk,BTS,2013-06-12,131906,c34G_SRYo2c,Skit : Circle room talk,BANGTANTV,132.0,100.0,False,"[""artist_in_channel""]","[""official_channel""]",0.0007126286901278183,False,automatic,youtube_search,True
7k3ohP9ZiGfhL6yD8oIPfk,chẳng giống giáng sinh,Lu,2021-12-05,192000,7Bh8FOTNWAE,chẳng giống giáng sinh - Lu ft. Willistic & datfitzx (Official Visualizer),Lu,197.0,100.0,False,"[""exact_channel_artist"", ""artist_in_title""]","[""visualizer""]",0.026041666666666668,False,automatic,youtube_search,True
5b1PngLlxc7hj3fJXrE2Zm,Glitch Mode,NCT DREAM,2022-03-28,207053,oZP2h3WIzqk,NCT DREAM 엔시티 드림 '버퍼링 (Glitch Mode)' MV,SMTOWN,225.0,100.0,False,"[""artist_in_channel"", ""artist_in_title""]","[""official_channel"", ""music_video""]",0.08667829009963632,False,automatic,youtube_search,True
37GNTP4wB0QSkUwcTWLHKg,Fashion Tán Gái,Low G,2021-12-28,225822,0EdoqHgs37g,FASHION TÁN GÁI,Release - Topic,226.0,100.0,False,,"[""topic_channel""]",0.00078823143892092,False,automatic,youtube_search,True
0Sx4EKzhdNxFzquGRANPD3,Không Bằng - Rin Music Remix,Na,2021-11-21,250913,3D-ZoQE7NQQ,Không Bằng ( Rin Music Remix ) - Na | Nhạc Remix Cực Gây Nghiện,Hiel Curtis,241,64.2,False,"[""artist_in_title""]",,0.039458,False,automatic,user_or_pattern_selected (no_confident_match),False
5Ss7wCp22FOAbfeg75KllJ,Chạy Về Nơi Phía Anh,Khắc Việt,2022-02-14,180632,EFq3j9BUeRI,Chạy Về Nơi Phía Anh - Khắc Việt,KHẮC VIỆT,171.0,100.0,False,"[""exact_channel_artist"", ""artist_in_title""]",,0.05332388502590903,False,automatic,youtube_search,True
7rjtRM1AgmmraeTTX8tofW,THERE'S NO ONE AT ALL,Sơn Tùng M-TP,2022-04-28,172250,SAwtA921GvY,THERE'S NO ONE AT ALL,Sơn Tùng M-TP Official,173.0,100.0,False,"[""exact_channel_artist""]","[""official_channel""]",0.0043541364296081275,False,automatic,youtube_search,True
6Hs2xIgB8nzyGFDvVA8lFa,Có Em,Madihu,2022-04-22,218512,DcCISK3sCYg,Madihu - Có em (Feat. Low G) [Official MV],Madihu,226.0,100.0,False,"[""exact_channel_artist"", ""artist_in_title""]","[""official_music_video""]",0.03426814088013473,False,automatic,youtube_search,True
1IthE5GNiRzFN5CVaCa445,Born Singer,BTS,2022-06-10,238628,TbjUXK2M5n8,Born Singer,BANGTANTV,239.0,100.0,False,"[""artist_in_channel""]","[""official_channel""]",0.0015589117790033023,False,automatic,youtube_search,True
04Mm3BineGdy0oNv8NivQT,Don't Break My Heart,Binz,2022-03-14,237600,x8NfGzO83DQ,BINZ x TOULIVER - DON'T BREAK MY HEART (Official Lyric Video),Binz Da Poet,238.0,100.0,False,"[""artist_in_channel"", ""artist_in_title""]","[""official_lyric_video""]",0.0016835016835016834,False,automatic,youtube_search,True
1MiJk3dXC5jzhvLFP0dUM7,Thức Giấc,Da LAB,2021-07-14,269021,R3trO4a49go,Thức Giấc - Da LAB (Official Music Video),Da LAB Official,318.0,100.0,False,"[""exact_channel_artist"", ""artist_in_title""]","[""official_channel"", ""official_music_video""]",0.18206385375119413,False,automatic,youtube_search,True
2QyOYFAxW2khNYee4yeT6r,Thiêu Thân,B Ray,2022-06-18,198788,cfbNtHNCMBo,B RAY x SOFIA & CHÂU ĐĂNG KHOA | THIÊU THÂN | OFFICIAL MV,EvB Records,242.0,100.0,False,"[""artist_in_title""]","[""official_channel"", ""official_music_video""]",0.21737730647725215,False,automatic,youtube_search,True
5ACySwUCY89mWH3u38WD9m,"Tệ Thật, Anh Nhớ Em",Thanh Hưng,2022-04-03,344357,PKqP8NkOMHo,"Tệ Thật, Anh Nhớ Em | Thanh Hưng | Official Lyric Video",Thanh Hưng Official,339,76.599999999999994,False,"[""exact_channel_artist"", ""artist_in_title""]","[""official_channel"", ""official_lyric_video""]",0.015679,False,automatic,user_or_pattern_selected (no_confident_match),True
4AgFXIVT7hVhBZ5DEOaLu3,tiny love,Thịnh Suy,2021-12-05,158400,Z7tiB0xMrZg,Thịnh Suy - tiny love,Thịnh Suy,168.0,100.0,False,"[""exact_channel_artist"", ""artist_in_title""]",,0.06060606060606061,False,automatic,youtube_search,True
7M30L99pePlQ3wh8IxVUsD,With You - Instrumental,Jimin,2022-04-24,201487,b0HsXVdPDvY,With you (Inst.),Jimin - Topic,202,76.5,True,"[""exact_channel_artist"", ""artist_in_channel""]","[""topic_channel""]",0.002481,False,automatic,user_or_pattern_selected (no_confident_match),True
45Mswno1F7FoZkcmQkp7fi,Thích Em Hơi Nhiều,Wren Evans,2021-06-18,171741,6gO6qikDmuM,THÍCH EM HƠI NHIỀU,Wren Evans Official,172.0,100.0,False,"[""exact_channel_artist""]","[""official_channel""]",0.0015080848486965837,False,automatic,youtube_search,True
4IaxDf2FixiQXq0mW7key9,ZOOM,Jessi,2022-04-13,174840,6j928wBZ_Bo,Jessi (제시) - 'ZOOM' MV,Jessi,183.0,100.0,False,"[""exact_channel_artist"", ""artist_in_title""]","[""music_video""]",0.04667124227865477,False,automatic,youtube_search,True
7kgzRBNkBRArtTPkYjWLYT,bao tiền một mớ bình yên?,14 Casper,2023-03-03,300000,vVhKA9Av6vA,'bao tiền một mớ bình yên?' - 14 Casper & Bon Nghiêm (Official) (Track 09 - Album 'SỐ KHÔNG'),14 Casper and Bon Nghiêm Official,300,69.599999999999994,False,"[""artist_in_channel"", ""artist_in_title""]","[""official_channel""]",0.0,False,automatic,user_or_pattern_selected (no_confident_match),True
0FOBJ5PbwOe5XBY9y0bnhi,BTBT,B.I,2022-05-13,219549,QdUb1scg-fE,B.I X Soulja Boy - BTBT (Lyrics) ft. DeVita,Dawn of Music,221,100,False,"[""artist_in_title""]","[""lyrics""]",0.006834,False,automatic,user_or_pattern_selected (ambiguous),False
0x4cMbCLC6L7aJQs3EiPaZ,Look Here,BTS,2014-08-20,218887,2c-4g9GDrjk,BTS - Look Here (방탄소년단 - 여기 봐) [Color Coded Lyrics/Han/Rom/Eng/가사],Lemoring,219,100,False,"[""artist_in_title""]","[""lyrics""]",0.000457,False,automatic,user_or_pattern_selected (ambiguous),False
5Fx8zxEEaPMkwzM00JFr3N,"Tự Sự - Original Soundtrack from ""Qua Bển Làm Chi""",Orange,2022-05-20,257000,C4QhZvTqhnI,Orange - Tự Sự ft. Thuận Nguyễn (Prod. by Châu Văn) l Qua Bển Làm Chi OST,Orange Singer Official,261,54.7,True,"[""artist_in_channel"", ""artist_in_title""]","[""official_channel""]",0.015564,False,automatic,user_or_pattern_selected (no_confident_match),True
3NPWH2UbMjch2vnS7qMFGM,Past Lives,11:11 Music Group,2021-05-27,134582,QcUwYwLx2Xw,Past Lives,Martin Arteta - Topic,135.0,100.0,False,,"[""topic_channel""]",0.0031059131235975095,False,automatic,youtube_search,True
41aMYNen9G7uUbqLfV65cF,Tay To,Rapital,2021-06-21,165000,IDNotlBgP00,TAY TO,Release - Topic,165.0,100.0,False,,"[""topic_channel""]",0.0,False,automatic,youtube_search,True
1J12HjUuXfJnaUdubTEzSR,Nghe Như Tình Yêu,HIEUTHUHAI,2021-07-09,193049,llf_L0i9OdA,HIEUTHUHAI - Nghe Như Tình Yêu (prod. by Kewtiie)  [Official Lyric Video],HIEUTHUHAI,194.0,100.0,False,"[""exact_channel_artist"", ""artist_in_title""]","[""official_lyric_video""]",0.004926210443980544,False,automatic,youtube_search,True
7hzVxbVA6Y5t9YDzpSgdRS,Chạy Về Khóc Với Anh,ERIK,2022-01-26,223658,EBpp2VTSI2Q,ERIK - yêu đương khó quá thì CHẠY VỀ KHÓC VỚI ANH | Official Music Video,ERIK Official,226,64.5,False,"[""exact_channel_artist"", ""artist_in_title""]","[""official_channel"", ""official_music_video""]",0.010282,False,automatic,user_or_pattern_selected (no_confident_match),True
3DyHgXBOxAsKyy0diFTSOS,Not About Love,Khoi Vu,2021-09-20,202066,T5SpBJDIwjM,Hông về tình iu (Not About Love) - Khoi Vu (Official Lyrics Video),Khoi Vu Official,197.0,100.0,False,"[""exact_channel_artist"", ""artist_in_title""]","[""official_channel"", ""lyrics""]",0.02507101640058199,False,automatic,youtube_search,True
2oEi9mqbQFJSuS2Wny7bfp,Say You Do,Tiên Tiên,2015-08-01,220343,NJgXWBqSgPE,OFFICIAL MV - SAY YOU DO - TIÊN TIÊN,Tiên Tiên,257.0,100.0,False,"[""exact_channel_artist"", ""artist_in_title""]","[""official_music_video""]",0.16636335168351163,False,automatic,youtube_search,True
2c0QMztYu6PCfFrGLqHXIV,Răng Khôn,Phí Phương Anh,2021-04-22,231585,Orv_t0KgEB8,PHÍ PHƯƠNG ANH ft. RIN9 | Răng Khôn | Official Music Video,PHÍ PHƯƠNG ANH Official,265.0,100.0,False,"[""exact_channel_artist"", ""artist_in_title""]","[""official_channel"", ""official_music_video""]",0.1442882742837403,False,automatic,youtube_search,True
73fFRs03s0gtjggfMW213L,Ngã Tư Không Đèn,TRANG,2022-06-18,218250,gq5rusq-u2s,TRANG x KHOA VŨ - 'Ngã Tư Không Đèn' (OFFICIAL MUSIC VIDEO),Nhạc của Trang,222.0,100.0,False,"[""artist_in_channel"", ""artist_in_title""]","[""official_music_video""]",0.01718213058419244,False,automatic,youtube_search,True
0xzI1KAr0Yd9tv8jlIk3sn,Bad Decisions,benny blanco,2022-08-05,172714,NhtmmcVyRMg,"benny blanco, BTS & Snoop Dogg - Bad Decisions (Official Visualizer)",benny blanco,173.0,100.0,False,"[""exact_channel_artist"", ""artist_in_title""]","[""visualizer""]",0.0016559167178109475,False,automatic,youtube_search,True
2isSdmQfVv32j2haL6hk9x,Intro : Persona,BTS,2019-04-12,171023,FSR3SlPLZmQ,Intro : Persona,Music Nation Entertainment,172.0,100.0,False,,"[""official_channel""]",0.005712681919975676,False,automatic,youtube_search,True
5iZHnufFUgATzrpGgH1K0W,Ánh Sao Và Bầu Trời,T.R.I,2021-09-10,260571,Q1Ge8RTgPD8,Ánh sao và bầu trời,Release - Topic,248.0,100.0,False,,"[""topic_channel""]",0.04824404864700984,False,automatic,youtube_search,True
1Wwh6gmMeolwzbRzfZMY5b,Ready For Love,BLACKPINK,2022-09-15,184677,-Wduzor_Y1Q,BLACKPINK - ‘Ready For Love’ (Official Audio),BLACKPINK,185.0,100.0,False,"[""exact_channel_artist"", ""artist_in_title""]","[""official_audio""]",0.0017489996047152596,False,automatic,youtube_search,True
5mG5cQE6SEYxnGCX3I09IC,Vì Mẹ Anh Bắt Chia Tay,Miu Lê,2022-06-13,261999,S7ElVoYZN0g,VÌ MẸ ANH BẮT CHIA TAY | MIU LÊ x KARIK x CHÂU ĐĂNG KHOA | Official MV,Miu Lê Official,270,57.9,False,"[""exact_channel_artist"", ""artist_in_title""]","[""official_channel"", ""official_music_video""]",0.030534,False,automatic,user_or_pattern_selected (no_confident_match),True
3CqtQwaoQTdgDWLHyv7Twr,đứa nào làm em buồn?,Phuc Du,2022-08-08,252539,XSO42WZfdN8,Lyric Video | đứa nào làm em buồn? - Phúc Du ft. Hoàng Dũng,PHÚC DU,258,82.6,False,,"[""lyric_video""]",0.021782,False,automatic,user_or_pattern_selected (no_confident_match),False
04bm7NsIhRfTlLGDoKMEw8,Có Không Giữ Mất Đừng Tìm,Trúc Nhân,2022-05-12,215908,e-1JJNmb-3o,CÓ KHÔNG GIỮ MẤT ĐỪNG TÌM (Lyric Video) | TRÚC NHÂN,Trúc Nhân,224.0,100.0,False,"[""exact_channel_artist"", ""artist_in_title""]","[""lyric_video""]",0.037478926209311376,False,automatic,youtube_search,True
5KYv3kORBKUmVEoqbRRWxt,Từng Là Của Nhau,Bảo Anh,2022-08-30,269473,yIuM9aFTBFs,Bảo Anh - Từng Là Của Nhau (Official Lyric Video),Bảo Anh,260.0,100.0,False,"[""exact_channel_artist"", ""artist_in_title""]","[""official_lyric_video""]",0.03515380019519581,False,automatic,youtube_search,True
3DLtPObflLQBodZN8qGODT,2AM,JustaTee,2022-05-10,258281,XGrvLJG8tuM,2AM - JustaTee  feat Big Daddy Official Audio,JustaTeeMusic,268.0,100.0,False,"[""artist_in_channel"", ""artist_in_title""]","[""official_audio""]",0.037629558504109865,False,automatic,youtube_search,True
3pgwxYRPbYIC6C1J2FPge8,Diễn viên tồi,Đen,2022-09-13,349793,7ICKkagL3xA,"Đen - Diễn viên tồi ft. Thành Bùi, Cadillac (M/V)",Đen Vâu Official,372.0,100.0,False,"[""artist_in_channel"", ""artist_in_title""]","[""official_channel"", ""music_video""]",0.06348611893319764,False,automatic,youtube_search,True
05X3a0YGmS1rbH50aL8lGF,Một Ngàn Nỗi Đau,Văn Mai Hương,2022-06-23,321904,5YKR3ueeI9o,VĂN MAI HƯƠNG - MỘT NGÀN NỖI ĐAU (Official Lyrics Video),VĂN MAI HƯƠNG OFFICIAL,322.0,100.0,False,"[""exact_channel_artist"", ""artist_in_title""]","[""official_channel"", ""lyrics""]",0.00029822555793031463,False,automatic,youtube_search,True
6hLEsk1t37XKNwtTQ3iI1b,Cơn Đau,Wren Evans,2022-06-30,219058,SGtYOC15s0w,WREN EVANS - CƠN ĐAU (OFFICIAL MUSIC VIDEO),Wren Evans Official,260.0,100.0,False,"[""exact_channel_artist"", ""artist_in_title""]","[""official_channel"", ""official_music_video""]",0.1869002729870628,False,automatic,youtube_search,True
5BTzf3doGTigDIYUFtbkI9,Sinh Ra Đã Là Thứ Đối Lập Nhau,Emcee L (Da LAB),2020-12-29,234168,redFrGBZoJY,Sinh Ra Đã Là Thứ Đối Lập Nhau - Emcee L (Da LAB) ft. Badbies (Official MV),Da LAB Official and Emcee L Official,248.0,100.0,False,"[""artist_in_title""]","[""official_channel"", ""official_music_video""]",0.05906870281165659,False,automatic,youtube_search,True
5i17rzCuZfYVzoP441PXGu,1 Cọng Tóc Mai,Tóc Tiên,2022-06-30,197052,cIoJHVXIwlM,1 Cọng Tóc Mai (feat. Touliver),Tóc Tiên,203.0,100.0,False,"[""exact_channel_artist""]",,0.030184925806386133,False,automatic,youtube_search,True
3j9BMKKE8DpDSBXVI0IdfA,Nhường Lại Em,Vũ.,2022-09-09,214333,mMljgrcqdB4,NHƯỜNG LẠI EM - Vũ. (Feat. Phúc Du) / Official Audio,Vũ Official,215.0,100.0,False,"[""exact_channel_artist"", ""artist_in_title""]","[""official_channel"", ""official_audio""]",0.0031119799564229495,False,automatic,youtube_search,True
39TAKt2hL8sdhVTFCNfm2Y,Ai Đưa Em Về,TIA,2019-07-22,233249,apqe_u3VJQ4,TIA - Ai Đưa Em Về | Official M/V | Ft. Lê Thiện Hiếu (Low Cortisol Song),TIA,264.0,100.0,False,"[""exact_channel_artist"", ""artist_in_title""]","[""official_music_video""]",0.1318376498934615,False,automatic,youtube_search,True
7lZ07tAiDnmUE7cKw0jfSZ,Người Ta Thành Đôi Hết Rồi,The Sheep,2019-08-29,164571,rR1_UqABjyE,THE SHEEP x T.R.I (ArtSpace) | Người Ta Thành Đôi Hết Rồi | ORIGINAL,THE SHEEP ORIGINAL,182,85.2,False,"[""artist_in_channel"", ""artist_in_title""]",,0.105711,False,automatic,user_or_pattern_selected (no_confident_match),False
2pm7K14nHj2fLrpU8j9bit,10 Ngàn Năm,PC,2019-12-21,240000,2-zSSzg8i3Y,PC - 10 Ngàn Năm ( Prod. Duckie ) [Official Audio],PC FeelingSoundz,240.0,100.0,False,"[""artist_in_channel"", ""artist_in_title""]","[""official_audio""]",0.0,False,automatic,youtube_search,True
4inMQ83GNpQ2OHDredH5hW,24h,Lyly,2020-10-28,257000,IpniN1Wq68Y,24H | OFFICIAL MUSIC VIDEO |  LYLY ft MAGAZINE,LyLy Official ,259.0,100.0,False,"[""exact_channel_artist"", ""artist_in_title""]","[""official_channel"", ""official_music_video""]",0.007782101167315175,False,automatic,youtube_search,True
5p8ThxM2OhJ0igfxkz0Z1q,Wild Flower,RM,2022-12-02,273499,u18be_kRmC0,RM 'Wild Flower (with youjeen)' Official MV,HYBE LABELS,289.0,100.0,False,"[""artist_in_channel"", ""artist_in_title""]","[""official_channel"", ""official_music_video""]",0.05667662404615739,False,automatic,youtube_search,True
5J90ah0ppUSev1uahqQiN6,Anh Đánh Rơi Người Yêu Này,Andiez,2019-07-15,217744,I3RICWXA_3U,Anh Đánh Rơi Người Yêu Này - Andiez ft. AMEE | OST #TTVKOBE,Andiez Official,218.0,100.0,False,"[""exact_channel_artist"", ""artist_in_title""]","[""official_channel""]",0.0011756925563965023,False,automatic,youtube_search,True
3wUp8eCTshIrJcYbjWaoyP,ThichThich,Phương Ly,2022-07-24,241935,_grKDCKz8mw,THICHTHICH (ngốc nghếch version) - PHƯƠNG LY,Phuong Ly Official,203.0,100.0,False,"[""artist_in_title""]","[""official_channel""]",0.16093165519664374,False,automatic,youtube_search,True
08MFgEQeVLF37EyZ7jcwLc,Pano,Zack Tabudlo,2021-12-06,254400,R3h6v2zOV9Q,Zack Tabudlo - Pano (Official Vietnamese Lyric Video),Zack Tabudlo,264.0,100.0,False,"[""exact_channel_artist"", ""artist_in_title""]","[""lyric_video""]",0.03773584905660377,False,automatic,youtube_search,True
5jQI2r1RdgtuT8S3iG8zFC,Lavender Haze,Taylor Swift,2022-10-21,202395,mkR_Qwix4Ho,Taylor Swift - Lavender Haze (Official Lyric Video),Taylor Swift,207.0,100.0,False,"[""exact_channel_artist"", ""artist_in_title""]","[""official_lyric_video""]",0.02275253835322019,False,automatic,youtube_search,True
5AmBIWCnsLscPSYsfCApBy,Closer,RM,2022-12-02,196507,mJcjXjYWI6E,"Closer (with Paul Blanco, Mahalia)",RM - Topic,197.0,100.0,False,"[""exact_channel_artist"", ""artist_in_channel""]","[""topic_channel""]",0.0025088164798200575,False,automatic,youtube_search,True
0L8LOav65XwLjCLS11gNPD,Typa Girl,BLACKPINK,2022-09-16,179172,UhxW9Njqqu0,BLACKPINK - ‘Typa Girl’ (Official Audio),BLACKPINK,180.0,100.0,False,"[""exact_channel_artist"", ""artist_in_title""]","[""official_audio""]",0.004621257785814748,False,automatic,youtube_search,True
2pYFHEy0xp48Le5Bfw5vcX,Có Chơi Có Chịu,Karik,2022-09-25,223857,IV9UkVDS71E,KARIK - CÓ CHƠI CÓ CHỊU (FT. ONLYC) | Official Visualizer,KARIK,222,76.900000000000006,False,"[""exact_channel_artist"", ""artist_in_title""]","[""visualizer""]",0.008486,False,automatic,user_or_pattern_selected (ambiguous),False
1xwAWUI6Dj0WGC3KiUPN0O,Vigilante Shit,Taylor Swift,2022-10-21,164801,Uoey4W_3bos,Taylor Swift - Vigilante Shit (Official Lyric Video),Taylor Swift,170.0,100.0,False,"[""exact_channel_artist"", ""artist_in_title""]","[""official_lyric_video""]",0.03154713867027506,False,automatic,youtube_search,True
0ibp5h8QATkvC6P5cO5TUV,PHONG,VSTRA,2022-05-20,212000,50GgtdTIHJk,VSTRA - PHONG (ft. TGSN & Tyronee) | Official Lyric Video (Explicit),VSTRA,212.0,100.0,False,"[""exact_channel_artist"", ""artist_in_title""]","[""official_lyric_video""]",0.0,False,automatic,youtube_search,True
7MObIQOs5ESkbcihA9dcsz,Có Khi,Madihu,2022-10-13,259333,bcvIN_KA1RI,Madihu - Có Khi (Solo Version),Madihu,260.0,100.0,False,"[""exact_channel_artist"", ""artist_in_title""]",,0.0025719827403377126,False,automatic,youtube_search,True
28ncfVOBRp3HGweSZ6Wb8C,Đưa Nhau Đi Trốn - Chill Version,Đen,2015-09-11,241958,GQJURR080sM,Đen - Đưa Nhau Đi Trốn ft. Linh Cáo (Chill Version),Đen Vâu Official,242,100,False,"[""artist_in_channel"", ""artist_in_title""]","[""official_channel""]",0.0,False,automatic,user_or_pattern_selected (ambiguous),True
6TBJkXHPhu3EsMk1bshwuI,ONLY,LEEHI,2021-09-09,240906,KlxdWb2bcSA,LeeHi - ONLY (Lyrics),Cakes & Eclairs,240,100,False,"[""artist_in_title""]","[""lyrics""]",0.003736,False,automatic,user_or_pattern_selected (ambiguous),False
0HH3DAz5feqJmDA50yQ52M,906090,Tóc Tiên,2022-10-19,208767,aj6K3gv43fs,906090,Tóc Tiên,209.0,100.0,False,"[""exact_channel_artist""]",,0.0011160767745860218,False,automatic,youtube_search,True
3hxfMsWQOcS2o68G62SpuU,Chưa Quên Người Yêu Cũ,Hà Nhi,2022-08-03,302465,8Q4_O4A2Ux4,CHƯA QUÊN NGƯỜI YÊU CŨ | HÀ NHI X HỨA KIM TUYỀN | OFFICIAL MUSIC VIDEO,Hà Nhi Official,303,65.7,False,"[""exact_channel_artist"", ""artist_in_title""]","[""official_channel"", ""official_music_video""]",0.001653,False,automatic,user_or_pattern_selected (no_confident_match),True
67Cxa088HT5J5OJ0SWB6Ip,Buông,Bùi Anh Tuấn,2016-09-15,233240,6ynkwAe7oyU,Buông ‣ Bùi Anh Tuấn [Lyric Video][#D],A-Ielts,230,43.5,False,"[""artist_in_title""]","[""lyric_video""]",0.013722,False,automatic,user_or_pattern_selected (no_confident_match),False
2klsSb2iTfgDh95Ak9uWY2,Gái Độc Thân,tlinh,2021-06-30,185175,AXqTWnvRjGo,Gái độc thân - tlinh (Audio),Vịt.,184,52.2,False,exact_channel_artist | title_verified,official_channel | verified_audio,0.006479,False,automatic,user_or_pattern_selected (ambiguous),True
7h2zqUH4bYyknNUxsYnS5V,Như Anh Đã Thấy Em,PhucXp,2022-05-20,302000,oHgwp8M_7xA,Nhu Anh Da Thay Em (CTTDE 2) - PhucXp | Lyrics Video,PHUCXP,302,20.5,False,exact_channel_artist | title_verified,official_channel | verified_audio,0.0,False,automatic,user_or_pattern_selected (no_confident_match),True
3a2Oftcs10wtzw6AmxuTMU,Rồi Ta Sẽ Ngắm Pháo Hoa Cùng Nhau,Olew,2023-01-02,278732,sQlQpKpQOpc,RỒI TA SẼ NGẮM PHÁO HOA CÙNG NHAU - OLEW (MV OFFICIAL),Olew Ơi,283,100,False,"[""artist_in_channel"", ""artist_in_title""]","[""music_video""]",0.015429,False,automatic,user_or_pattern_selected (ambiguous),False
5hkAuvgkOrd4KpDOlCNsvW,Waiting For You,MONO,2022-08-18,265600,CHw1b_1LVBA,MONO - Waiting For You (Album 22 - Track No.10),Mono Official,266.0,100.0,False,"[""exact_channel_artist"", ""artist_in_title""]","[""official_channel""]",0.0015060240963855422,False,automatic,youtube_search,True
27fqy8VruqYZlKiK1qfwEd,ghệ iu dấu của em ơi,tlinh,2023-02-10,205996,qeirSHIiErc,"tlinh - ghệ iu dấu của em ơi (feat. 2pillz, wokeup) | OFFICIAL MUSIC VIDEO",tlinh,206.0,100.0,False,"[""exact_channel_artist"", ""artist_in_title""]","[""official_music_video""]",1.941785277384027e-05,False,automatic,youtube_search,True
5wxYxygyHpbgv0EXZuqb9V,on the street,j-hope,2023-03-03,214701,H0G1ta9qZfs,on the street (with J. Cole),j-hope - Topic,215.0,100.0,False,"[""exact_channel_artist"", ""artist_in_channel""]","[""topic_channel""]",0.0013926344078509182,False,automatic,youtube_search,True
1dUmmBh2nw8XzEI3au0uFs,Chết Trong Em,Thịnh Suy,2022-11-17,256663,KJ8pMCWxBDo,Thịnh Suy - Chết Trong Em (Official Music Video),Thịnh Suy,267.0,100.0,False,"[""exact_channel_artist"", ""artist_in_title""]","[""official_music_video""]",0.04027460132547348,False,automatic,youtube_search,True
5ECHJ1llWBNYLVCYrllD3x,Chạy Khỏi Thế Giới Này,Da LAB,2022-06-30,255429,hYYMF3VtOjE,Chạy Khỏi Thế Giới Này - Da LAB ft. Phương Ly (Official Music Video),Da LAB Official,284.0,100.0,False,"[""exact_channel_artist"", ""artist_in_title""]","[""official_channel"", ""official_music_video""]",0.11185495773776666,False,automatic,youtube_search,True
7bFFUPBiF15n8m8RziqS4o,dự báo thời tiết hôm nay mưa,GREY D,2022-11-22,281493,i7ZyZHIY2Jw,dự báo thời tiết hôm nay mưa,GREY D,282.0,100.0,False,"[""exact_channel_artist""]",,0.0018011105071884558,False,automatic,youtube_search,True
7kpNUrBDYDoX6QKGzrBD1R,Thôi Em Đừng Đi,RPT MCK,2023-03-02,173397,6fzH7a3XQW0,"07. Thôi Em Đừng Đi - RPT MCK ( ft. Trung Trần ) | "" 99% "" the album",MCK // Nger,174,65.2,False,"[""artist_in_title""]",,0.00346,False,automatic,user_or_pattern_selected (no_confident_match),False
1izPmgSW7FV6XFdEOiTvOY,Em Không Hiểu,Changg,2021-06-28,237419,RaKifsK2cOc,Changg | Em Không Hiểu | Official Video (ft Minh Huy),Fillinus Entertainment,254.0,100.0,False,"[""artist_in_title""]","[""official_channel"", ""official_video""]",0.06983855546523235,False,automatic,youtube_search,True
2X2mIfNW5ZtLmVgpm9rgUX,Show Me Love,RPT MCK,2023-03-02,154917,IVr1d084nLg,"10. Show Me Love - RPT MCK | "" 99% "" the album",MCK // Nger,155,50,False,"[""artist_in_title""]",,0.000646,False,automatic,user_or_pattern_selected (ambiguous),False
7HpIBZAsjJq5nW9S8ti7Fi,Cheri Cheri Lady,Maléna,2022-11-01,143227,yxSs48QS_7E,Maléna - Cheri Cheri Lady (by Modern Talking),Maléna,141.0,100.0,False,"[""exact_channel_artist"", ""artist_in_title""]",,0.015548744301004698,False,automatic,youtube_search,True
38rjRVqEHSlDRrDWDvjkqW,Bước Qua Nhau,Vũ.,2022-09-09,257647,Vdm6i1m4tDE,Bước Qua Nhau (Walking Past Each Other) / Vũ. (Live Session on Cát Linh - Hà Đông),Vũ Official,303,30.2,False,"[""exact_channel_artist"", ""artist_in_title""]","[""official_channel""]",0.176242,False,automatic,user_or_pattern_selected (ambiguous),True
6A1IbMKwjvXibcrU1sdqKH,Em Là,MONO,2022-08-18,197333,sRUoOA21ZFI,MONO - Em Là (Album 22 - Track No.03),Mono Official,198.0,100.0,False,"[""exact_channel_artist"", ""artist_in_title""]","[""official_channel""]",0.003380073277150806,False,automatic,youtube_search,True
0V0dOlfZ3tuZwHnL2eZ9Al,Ngày Xuân Long Phụng Sum Vầy,Bích Phương,2017-01-16,230269,jzEvgbipfKk,BÍCH PHƯƠNG - Ngày Xuân Long Phụng Sum Vầy (Official Audio),BÍCH PHƯƠNG,234.0,100.0,False,"[""exact_channel_artist"", ""artist_in_title""]","[""official_audio""]",0.01620278891209846,False,automatic,youtube_search,True
3xlhYIhZ7heAvohmw3uyfd,00,RPT MCK,2023-03-02,33874,sYSvC8tOgKE,"01. 00 (Intro) - RPT MCK | ""99%"" the album",MCK // Nger,34,14.3,False,"[""artist_in_title""]",,0.00295,False,automatic,user_or_pattern_selected (no_confident_match),False
4z623zW86trE9SxAtIf0Gm,Hôn Anh,MIN,2017-07-13,234146,7c39lfT6Sr0,MIN - HÔN ANH | OFFICIAL MUSIC VIDEO (민),MIN OFFICIAL,250.0,100.0,False,"[""exact_channel_artist"", ""artist_in_title""]","[""official_channel"", ""official_music_video""]",0.06770989041025685,False,automatic,youtube_search,True
37vIqMH3XV6ZbObcKE9GXC,Cô Đơn,Hngle,2022-12-30,224649,rYfqinlgszc,Cô Đơn - Hngle x @eneohiiiii  x Ari (prod.DQ x NemTran),HNGLE / hưng lê,231,32.4,False,"[""artist_in_channel"", ""artist_in_title""]",,0.028495,False,automatic,user_or_pattern_selected (no_confident_match),False
1dS4l6xmdgEhCZTAhdOm4N,Serendipity - Full Length Edition,BTS,2018-08-24,276707,gSsCZJM6OG0,Serendipity (Full Length Edition),BANGTANTV,277.0,100.0,False,"[""artist_in_channel""]","[""official_channel""]",0.0010588817774758138,False,automatic,youtube_search,True
0hiQvlWSSTr7n1kc1X2Lus,Bật Nhạc Lên,HIEUTHUHAI,2020-06-12,200000,O2ZfBvJAt94,HIEUTHUHAI - Bật Nhạc Lên ft. Harmonie (prod. by NEMYA),GERDNANG,200,100,False,"[""artist_in_title""]",,0.0,False,automatic,user_or_pattern_selected (ambiguous),False
4EaQ0ouIydfeAgQUz284EF,"People, Pt. 2",Agust D,2023-04-07,213995,h0f2CJw08Nw,Agust D 'People Pt.2 (Feat. IU)' Lyrics (Agust D 아이유 사람 Pt.2 가사) (Color Coded Lyrics),Jaeguchi,214,100,False,"[""artist_in_title""]","[""lyrics""]",0.0,False,automatic,user_or_pattern_selected (ambiguous),False
69CrOS7vEHIrhC2ILyEi0s,FLOWER,JISOO,2023-03-31,173134,4XZz3WXRw0A,JISOO - ‘꽃(FLOWER)’ DANCE PERFORMANCE VIDEO,BLACKPINK,181,31.6,False,"[""artist_in_title""]",,0.045638,False,automatic,user_or_pattern_selected (ambiguous),False
4bjN59DRXFRxBE1g5ne6B1,Haegeum,Agust D,2023-04-21,168926,FdfP-oBi3rI,Agust D / SUGA - 해금 (Haegeum) [Audio],BLISIT_OFFICIAL,169,50.0,False,exact_channel_artist | title_verified,official_channel | verified_audio,0.000592,False,automatic,user_or_pattern_selected (no_confident_match),True
34o6gteNy2T5rieA0xYAgo,Don't ever say love me,Colde,2023-05-04,214920,1fHEnbSP48U,Colde 콜드 - 다시는 사랑한다 말하지 마 Don’t ever say love me (Feat. RM of BTS),콜드 Colde,230,71,False,"[""exact_channel_artist"", ""artist_in_title""]",,0.070265,False,automatic,user_or_pattern_selected (ambiguous),False
6HGOxrNik4iPurqStawTFQ,MAKING MY WAY,Sơn Tùng M-TP,2023-05-05,258006,niPkap1ozUA,SON TUNG M-TP | MAKING MY WAY | OFFICIAL VISUALIZER,Sơn Tùng M-TP Official,258,53.1,False,"[""exact_channel_artist""]","[""official_channel"", ""visualizer""]",0.0,False,automatic,user_or_pattern_selected (no_confident_match),True
2LhXE2daNpLVv9LYXvYm8F,Là Anh,Phạm Lịch,2023-03-10,212395,Yd5FT7RaAM4,Là Anh - Phạm Lịch [ Official Lyrics Video],PHẠM LỊCH ,212.0,100.0,False,"[""exact_channel_artist"", ""artist_in_title""]","[""lyrics""]",0.00185974246098072,False,automatic,youtube_search,True
7gv3UYPh05ZDP7Io5BIsn7,Life Goes On,Agust D,2023-04-21,197638,mzWnW1V9EMc,Life Goes On,Agust D - Topic,198.0,100.0,False,"[""exact_channel_artist"", ""artist_in_channel""]","[""topic_channel""]",0.001831631568827857,False,automatic,youtube_search,True
65aTHDZWUdh6WIafu9MtNF,ngủ một mình (tình rất tình),HIEUTHUHAI,2022-12-15,192000,1OJQdxT6WHE,hieuthuhai - ngủ một mình (tình rất tình) ft. negav (prod. by kewtiie),HIEUTHUHAI,206.0,100.0,False,"[""exact_channel_artist"", ""artist_in_title""]",,0.07291666666666667,False,automatic,youtube_search,True
28bxbqNcAuNxYDZYet6eZ7,Chỉ Một Đêm Nữa Thôi,RPT MCK,2023-03-02,141760,5WkwBKu1le0,"06. Chỉ Một Đêm Nữa Thôi - RPT MCK ( ft. tlinh ) | "" 99% "" the album",MCK // Nger,142,71.400000000000006,False,"[""artist_in_title""]",,0.00141,False,automatic,user_or_pattern_selected (no_confident_match),False
70hEVaGwwat644nPWkhKNW,yêu anh đi mẹ anh bán bánh mì,Phuc Du,2023-02-13,252892,-7sISWuTdj0,PHÚC DU - yêu anh đi mẹ anh bán bánh mì (MV OFFICIAL),PHÚC DU,264,87.9,False,,"[""music_video""]",0.043891,False,automatic,user_or_pattern_selected (ambiguous),False
78lw4wahFNotXb0mOEtPkM,BADBYE,WEAN,2023-06-09,202966,yhWCh5IVE04,WEAN - badbye (Official Lyrics Video),WEAN,213.0,100.0,False,"[""exact_channel_artist"", ""artist_in_title""]","[""lyrics""]",0.04943685149236818,False,automatic,youtube_search,True
2g68ePl7VMltuOiuSTAz7I,Để Anh Một Mình,RAP VIỆT,2023-07-21,192000,TC5c2ulmulQ,Để Anh Một Mình (feat. Quang Anh Rhyder),RAP VIỆT - Topic,192.0,100.0,False,"[""exact_channel_artist"", ""artist_in_channel""]","[""topic_channel""]",0.0,False,automatic,youtube_search,True
27Z9T0mSWHYWSj9SNOGvyt,Thằng Điên,JustaTee,2022-07-11,234000,O6Fg4opdarA,Thằng Điên - Justatee x Phương Ly - Audio,Timo Music,236,29.9,False,exact_channel_artist | title_verified,official_channel | verified_audio,0.008547,False,automatic,user_or_pattern_selected (no_confident_match),True
0DtarPcErIh4skfFtxzomo,Ngày Em Đẹp Nhất,Tama,2023-04-07,303024,9vl4NdT2bnA,NGÀY EM ĐẸP NHẤT - TAMA (Official Music Video),TAMA,307.0,100.0,False,"[""exact_channel_artist"", ""artist_in_title""]","[""official_music_video""]",0.013121072918316701,False,automatic,youtube_search,True
7IezwtVIJIPC36LpKMR9d7,Violet,Connor Price,2023-01-27,122880,GcvSJudQbVs,Connor Price - Violet (feat. Killa) [Official Audio],Connor Price,124.0,100.0,False,"[""exact_channel_artist"", ""artist_in_title""]","[""official_audio""]",0.009114583333333334,False,automatic,youtube_search,True
7gRFDGEzF9UkBV233yv2dc,Shut Down,BLACKPINK,2022-09-15,175889,POe9SOEKotk,BLACKPINK - ‘Shut Down’ M/V,BLACKPINK,181.0,100.0,False,"[""exact_channel_artist"", ""artist_in_title""]","[""music_video""]",0.029058099142072556,False,automatic,youtube_search,True
6IPNp9PfaEqrzotY47TIWy,SG,DJ Snake,2021-10-22,225600,tJXPfNDVF4I,"DJ Snake, Ozuna, Megan Thee Stallion, LISA of BLACKPINK - SG (Official Music Video)",DJ Snake,242.0,100.0,False,"[""exact_channel_artist"", ""artist_in_title""]","[""official_music_video""]",0.0726950354609929,False,automatic,youtube_search,True
6AQbmUe0Qwf5PZnt4HmTXv,Boy's a liar Pt. 2,PinkPantheress,2023-02-03,131013,oftolPu9qp4,"PinkPantheress, Ice Spice - Boy’s a liar Pt. 2 (Official Video)",Pinkpantheress,136.0,100.0,False,"[""exact_channel_artist"", ""artist_in_title""]","[""official_video""]",0.0380649248547854,False,automatic,youtube_search,True
4TMdpMJNQdcawl8JjZEwLk,Nụ hôn Bisou,Lãng,2022-10-28,156825,cjR-BWQzxNs,Nụ hôn Bisou,Lãng,157.0,100.0,False,"[""exact_channel_artist""]",,0.0011158935118762952,False,automatic,youtube_search,True
6HpkHTTwfVmSoopeloHqOp,Anh Là Ai?,RAP VIỆT,2023-08-09,223783,V_5w-dt3bko,"Anh Là Ai? (feat. DT Tập Rap, Dick, Umie)",RAP VIỆT - Topic,224.0,100.0,False,"[""exact_channel_artist"", ""artist_in_channel""]","[""topic_channel""]",0.0009696893865932622,False,automatic,youtube_search,True
5IAESfJjmOYu7cHyX557kz,Take Two,BTS,2023-06-09,229953,lwAHfOhOONw,Take Two,BANGTANTV,230.0,100.0,False,"[""artist_in_channel""]","[""official_channel""]",0.00020438959265589056,False,automatic,youtube_search,True
2QUU1AtY5fndKDNbr17EFk,người điên,tlinh,2023-08-16,147475,doN4GrGoVpA,tlinh - người điên | OFFICIAL VISUALIZER,tlinh,148,69,False,"[""exact_channel_artist"", ""artist_in_title""]","[""visualizer""]",0.00339,False,automatic,user_or_pattern_selected (no_confident_match),False
6IUEwlNgVnT5CYeBuq6DTH,Anh Là Ai?,RAP VIỆT,2023-07-16,223783,V_5w-dt3bko,"Anh Là Ai? (feat. DT Tập Rap, Dick, Umie)",RAP VIỆT - Topic,224.0,100.0,False,"[""exact_channel_artist"", ""artist_in_channel""]","[""topic_channel""]",0.0009696893865932622,False,automatic,youtube_search,True
486dVHo58R4EhBQjcYF2NX,Khi Cơn Mơ Dần Phai,RAP VIỆT,2023-09-03,195840,DtzQMT9WgRM,"Khi Cơn Mơ Dần Phai (feat. Tez, Myra Trần)",RAP VIỆT - Topic,196.0,100.0,False,"[""exact_channel_artist"", ""artist_in_channel""]","[""topic_channel""]",0.0008169934640522876,False,automatic,youtube_search,True
7AD5F85waSb3yZxZxEXhJM,Có Ai Thương Em Như Anh,Tóc Tiên,2018-01-01,231497,neCmEbI2VWg,Tóc Tiên - CÓ AI THƯƠNG EM NHƯ ANH (#CATENA) ft. Touliver (Official MV),Tóc Tiên,270.0,100.0,False,"[""exact_channel_artist"", ""artist_in_title""]","[""official_music_video""]",0.16632180978587197,False,automatic,youtube_search,True
0gzpqwLf1jhNjnSJEyweAX,Tình cờ yêu em,Kuun Đức Nam,2023-06-10,258471,qFQ30NwYxDw,TÌNH CỜ YÊU EM (thu Hà Nội version) | Kuun Đức Nam,Kuun Đức Nam,220.0,100.0,False,"[""exact_channel_artist"", ""artist_in_title""]",,0.1488406823202603,False,automatic,youtube_search,True
3ukrFH17Zl6iEZ2QJ1Zwiy,Don't Côi,RPT Orijinn,2022-11-20,148880,1dlTWaiBZDw,Don't Côi - RPT Orijinn x Ronboogz (Visualizer),RPT ORIJINN,147,43.9,False,"[""exact_channel_artist"", ""artist_in_title""]","[""visualizer""]",0.01276,False,automatic,user_or_pattern_selected (no_confident_match),False
0Qs29ApstkrU5T8S5Hxazw,Ngõ Chạm,BigDaddy,2023-08-03,232173,lkzhGTwzDjc,NGÕ CHẠM - BIGDADDY x EMILY | OFFICIAL MUSIC VIDEO,BIGDADDY x EMILY,240,48.5,False,"[""artist_in_channel"", ""artist_in_title""]","[""official_music_video""]",0.033592,False,automatic,user_or_pattern_selected (no_confident_match),True
0x5BqH8iC2Y2lTMxAkNAna,Từ Chối Hiểu,RAP VIỆT,2023-08-20,204800,vFVoBA_jUms,Từ Chối Hiểu (feat. Quang Anh Rhyder),RAP VIỆT - Topic,205.0,100.0,False,"[""exact_channel_artist"", ""artist_in_channel""]","[""topic_channel""]",0.0009765625,False,automatic,youtube_search,True
56v8WEnGzLByGsDAXDiv4d,ETA,NewJeans,2023-07-21,151373,s4Ow55AbdCg,NewJeans (뉴진스) 'ETA' Official MV (Performance ver.),HYBE LABELS,156,27.3,False,"[""artist_in_title""]","[""official_channel"", ""official_music_video""]",0.030383,False,automatic,user_or_pattern_selected (ambiguous),True
1mFpMoeZfkIqtqW2AfQ8ba,THE GIRLS - BLACKPINK THE GAME OST,BLACKPINK,2023-08-25,162000,cSqOY5nktfg,BLACKPINK THE GAME - ‘THE GIRLS’ MV,BLACKPINK,164,52,False,"[""exact_channel_artist"", ""artist_in_title""]","[""music_video""]",0.012346,False,automatic,user_or_pattern_selected (no_confident_match),False
74ewFAgDzRkhZ7EX2eLtfZ,Winter Bear,V,2019-08-10,174824,1iK-ttRjV-E,Winter Bear,V - Topic,175.0,100.0,False,"[""exact_channel_artist"", ""artist_in_channel""]","[""topic_channel""]",0.0010067267652038622,False,automatic,youtube_search,True
62SFLTN7txImu8pQwBMP6A,Bật Tình Yêu Lên,Tăng Duy Tân,2023-02-14,203826,KUx2Pod0KJ4,"TĂNG DUY TÂN x HÒA MINZY | ""BẬT TÌNH YÊU LÊN"" | MAKING MV",Tăng Duy Tân,213.0,82.05128205128204,False,"[""exact_channel_artist"", ""artist_in_title""]","[""music_video""]",0.04500897824615113,False,automatic,youtube_search,True
1UHkDovEFqHzHCPyNe0BTy,Scenery,V,2019-01-30,294252,xe2r_KG2XdA,풍경,V - Topic,295.0,100.0,False,"[""exact_channel_artist"", ""artist_in_channel""]","[""topic_channel""]",0.0025420387966776778,False,automatic,youtube_search,True
1CbdvkjFxRkMNu3M2Cq1Hc,DIVE,TEMPEST,2023-09-20,178306,v7NTFIATXhc,TEMPEST (템페스트) 'DIVE' Official Audio,JXS_BP Official,179.0,100.0,False,"[""artist_in_title""]","[""official_channel"", ""official_audio""]",0.0038921853442957614,False,automatic,youtube_search,True
0BOFCIDygXWLtAD08nJDFV,Nhạc Anh,Andree Right Hand,2020-12-18,168600,EzTVHzjK5gA,Andree Right Hand - NHẠC ANH ft. Wxrdie [Live on Stage],Andree Right Hand,163,40,False,"[""exact_channel_artist"", ""artist_in_title""]",,0.033215,False,automatic,user_or_pattern_selected (ambiguous),False
5cvW3PYJeQjRTnj9vHP5Va,Cà Phê,MIN,2022-03-22,190526,KikgDv-G9K0,MIN - CÀ PHÊ (OFFICIAL AUDIO),MIN OFFICIAL,191.0,100.0,False,"[""exact_channel_artist"", ""artist_in_title""]","[""official_channel"", ""official_audio""]",0.0024878494273747414,False,automatic,youtube_search,True
4kjA6oaloTf6ndyntyhZx8,"Cậu Ấm, Cô Chén",RAP VIỆT,2023-07-09,201600,BaezutYEiuY,"Cậu Ấm, Cô Chén (feat. Quang Anh Rhyder, dubbie)",RAP VIỆT - Topic,202.0,100.0,False,"[""exact_channel_artist"", ""artist_in_channel""]","[""topic_channel""]",0.001984126984126984,False,automatic,youtube_search,True
3J3nv18iIrOhca1ZWNeuyW,Đã Lỡ Yêu Em Nhiều,JustaTee,2022-07-11,261105,KhTCatAKVpk,JustaTee - Đã Lỡ Yêu Em Nhiều (Official MV),JustaTeeMusic,267.0,100.0,False,"[""artist_in_channel"", ""artist_in_title""]","[""official_music_video""]",0.022577124145458722,False,automatic,youtube_search,True
7eDrdQ7PK9Xm1CZCKWsgmH,Anh Nhớ Ra,Vũ.,2022-09-09,276500,11XkLOIsLHI,ANH NHỚ RA (Reminisce) - Vũ. (Feat. Trang) / Official Audio,Vũ Official,277.0,100.0,False,"[""exact_channel_artist"", ""artist_in_title""]","[""official_channel"", ""official_audio""]",0.0018083182640144665,False,automatic,youtube_search,True
4exlWP8cokkWVCvyP3kg7c,nếu lúc đó,tlinh,2023-08-16,263752,fyMgBQioTLo,tlinh - nếu lúc đó (ft. 2pillz) | OFFICIAL MUSIC VIDEO,tlinh,325.0,100.0,False,"[""exact_channel_artist"", ""artist_in_title""]","[""official_music_video""]",0.23221814431738907,False,automatic,youtube_search,True
0fGJiHH6xSUJU1MAVjxq5m,Bạn Đời,Karik,2024-07-11,306477,h7cOOfpdEfk,KARIK - BẠN ĐỜI (FT. GDUCKY) | OFFICIAL MUSIC VIDEO,KARIK,318.0,100.0,False,"[""exact_channel_artist"", ""artist_in_title""]","[""official_music_video""]",0.037598253702561694,False,automatic,youtube_search,True
6gcuJpHu0Ey30D5WR76y98,You & Me,JENNIE,2023-10-06,179164,3yILnlnIqyU,JENNIE - You & Me (Coachella ver.) (Official Audio),BLACKPINK,180.0,100.0,False,"[""artist_in_channel"", ""artist_in_title""]","[""official_audio""]",0.004666115960795696,False,automatic,youtube_search,True
3CyGK8BeJ5iCunpzvHyINs,Anh Luôn Như Vậy,B Ray,2023-10-05,212732,-fOpQGLxCTE,B RAY - ANH LUÔN NHƯ VẬY (feat. cậu bảo) | OFFICIAL MV,EvB Records,215.0,100.0,False,"[""artist_in_title""]","[""official_channel"", ""official_music_video""]",0.010661301543726378,False,automatic,youtube_search,True
2doGmsaPLdot51o80juiYU,Đánh Đổi (ft. RPT MCK),Obito,2023-10-10,226993,vPz8ftK_4bk,Obito - Đánh Đổi ft. MCK,Obito Official,227.0,88.23529411764706,False,"[""exact_channel_artist"", ""artist_in_title""]","[""official_channel""]",3.083795535545149e-05,False,automatic,youtube_search,True
3ZbZtdEw9U0uZW4tZItIwq,Chịu Cách Mình Nói Thua,RHYDER,2023-11-22,181558,dm5-tn1Rug0,RHYDER - CHỊU CÁCH MÌNH NÓI THUA | ft. BAN x COOLKID | OFFICIAL MUSIC VIDEO,RHYDER OFFICIAL,193.0,100.0,False,"[""exact_channel_artist"", ""artist_in_title""]","[""official_channel"", ""official_music_video""]",0.06302118331332136,False,automatic,youtube_search,True
6KgZf5gZgF1KLNxq1qZgHP,Anh Là Ngoại Lệ Của Em,Phương Ly,2023-10-05,188108,OLPTtUjHE64,Kara Lyrics | Anh Là Ngoại Lệ Của Em - Phương Ly | Lyrics Video,Vietsub Mỗi Ngày,186,67.7,False,"[""artist_in_title""]","[""lyrics""]",0.011164,False,automatic,user_or_pattern_selected (ambiguous),False
0SLhB9JLM4Ksz1XdwK3aQD,Hà Nội (ft. VSTRA),Obito,2023-10-10,165555,OerAX-zKyvg,Obito - Hà Nội ft. VSTRA,Obito Official,166.0,100.0,False,"[""exact_channel_artist"", ""artist_in_title""]","[""official_channel""]",0.0026879284829814864,False,automatic,youtube_search,True
5KfJvZ0PZzRdwFRaTUDAA7,Somebody,Jung Kook,2023-11-03,168599,ONxOGXC_YNk,Somebody,Jung Kook - Topic,169.0,100.0,False,"[""exact_channel_artist"", ""artist_in_channel""]","[""topic_channel""]",0.0023784245458158115,False,automatic,youtube_search,True
0Vz146N2GxkVJw4kSGXrNi,You & Me (Coachella ver.),JENNIE,2023-10-06,179864,3yILnlnIqyU,JENNIE - You & Me (Coachella ver.) (Official Audio),BLACKPINK,180.0,100.0,False,"[""artist_in_channel"", ""artist_in_title""]","[""official_audio""]",0.0007561268513988347,False,automatic,youtube_search,True
1ZgiJ8fiSEwd07OpB9ZuRz,Cắt Đôi Nỗi Sầu,Tăng Duy Tân,2023-09-27,182000,GpmOn4RyzZI,TĂNG DUY TÂN - CẮT ĐÔI NỖI SẦU (ft DRUM7) | OFFICIAL MUSIC VIDEO,Tăng Duy Tân,204.0,100.0,False,"[""exact_channel_artist"", ""artist_in_title""]","[""official_music_video""]",0.12087912087912088,False,automatic,youtube_search,True
3XCp5o1FUpAH0aj2Hmj5yz,Call Me,Wren Evans,2023-12-17,214736,WPb2j3GU8Kc,Call Me,Wren Evans Official,215.0,100.0,False,"[""exact_channel_artist""]","[""official_channel""]",0.001229416585947396,False,automatic,youtube_search,True
6VXVYATpQXEIoZ97NnWCmn,Vì Anh Đâu Có Biết,Madihu,2022-08-04,241919,02ODKglDVQs,Vì Anh Đâu Có Biết - Madihu (Feat. Vũ.) | Official MV,Madihu,261.0,100.0,False,"[""exact_channel_artist"", ""artist_in_title""]","[""official_music_video""]",0.07887350724829385,False,automatic,youtube_search,True
0vkExWiBJSrfWnlMC7x48b,Không Yêu Xin Đừng Nói - Piano Version,UMIE,2022-01-22,244218,Nbtwh25Uxik,(Piano Ver.) Không Yêu Xin Đừng Nói - UMIE (Prod. ToneRx),UMIE Official,245,75.900000000000006,True,"[""exact_channel_artist"", ""artist_in_title""]","[""official_channel""]",0.003276,False,automatic,user_or_pattern_selected (no_confident_match),True
2UtFCtiSoc30GJ4MUcHDKr,Tell the kids i love them (ft. Shiki),Obito,2023-10-10,224175,CKD0MxAn3TA,Obito - Tell The Kids I Love Them ft. SHIKI,Obito Official,225.0,100.0,False,"[""exact_channel_artist"", ""artist_in_title""]","[""official_channel""]",0.0036801605888256944,False,automatic,youtube_search,True
3bNNvJA7hsGw0wSpGkfOBm,Too Sad to Dance,Jung Kook,2023-11-03,175911,uQ9A0xF7lAM,Too Sad to Dance,Jung Kook - Topic,176.0,100.0,False,"[""exact_channel_artist"", ""artist_in_channel""]","[""topic_channel""]",0.0005059376616584522,False,automatic,youtube_search,True
7fNHfgOxPLcg4mQLhCnOHB,XTC (Xích Thêm Chút) - Remix,Rapital,2021-06-21,243750,PNhYz6RmIr4,Xích Thêm Chút - XTC Remix | RPT Groovie ft TLinh x RPT MCK (Prod. by fat_benn & RPT LT)| RAPITALOVE,Rapital Official,245,66.7,False,"[""exact_channel_artist"", ""artist_in_title""]","[""official_channel""]",0.004922,False,automatic,user_or_pattern_selected (no_confident_match),True
2OBZtEg8DXhICWYd6yvicf,Từ A Đến Z,RAP VIỆT,2023-08-27,197601,pKvmjDL7uk4,"Đây Là Rap Việt (feat. Binz, Justatee, Rhymastic, Suboi, Wowy, Karik)",RAP VIỆT - Topic,181,24,True,"[""exact_channel_artist"", ""artist_in_channel"", ""artist_in_title""]","[""topic_channel""]",0.084008,False,automatic,user_or_pattern_selected (no_confident_match),True
0KnWLhf5GqPEC4m7sHhxrY,Cơn Mưa Rào,Văn Mai Hương,2023-10-24,225000,rjkfdiShK-k,VĂN MAI HƯƠNG - CƠN MƯA RÀO ft. NEGAV (prod. by HỨA KIM TUYỀN) | Album 'Minh Tinh',VĂN MAI HƯƠNG OFFICIAL,228.0,100.0,False,"[""exact_channel_artist"", ""artist_in_title""]","[""official_channel""]",0.013333333333333334,False,automatic,youtube_search,True
6jcLKVmEKAQIXIVHJZ8vzS,tình yêu chậm trễ,MONSTAR,2021-08-01,245333,QXWAReyqf98,tình yêu chậm trễ,MONSTAR - Topic,246.0,100.0,False,"[""exact_channel_artist"", ""artist_in_channel""]","[""topic_channel""]",0.002718753693958823,False,automatic,youtube_search,True
6TOI8hhlfebwsTYRCVpRMn,Xuất Phát Điểm,Obito,2023-10-10,189111,aF1tJEPWjIM,Obito - Xuất Phát Điểm,Obito Official,190.0,100.0,False,"[""exact_channel_artist"", ""artist_in_title""]","[""official_channel""]",0.004700942832516353,False,automatic,youtube_search,True
0tfMfqHC3Pl6DG8kcIjXq9,Make Me Feel,Binz,2023-11-02,216000,w8jNJd0SXXE,BINZ - MAKE ME FEEL (ft. TOULIVER) | OFFICIAL MV,Binz Da Poet,217.0,100.0,False,"[""artist_in_channel"", ""artist_in_title""]","[""official_music_video""]",0.004629629629629629,False,automatic,youtube_search,True
6MgCMS8q3NA89TnVuPLvIN,Baby Gọi Cho Anh,RAP VIỆT,2023-08-09,178252,L9U-jPboRYw,"Baby Gọi Cho Anh (feat. Captain, Umie)",RAP VIỆT - Topic,179.0,100.0,False,"[""exact_channel_artist"", ""artist_in_channel""]","[""topic_channel""]",0.004196306352803896,False,automatic,youtube_search,True
0X28PqBpbQhWdi4usYw0w5,Tò Te Tí,Wren Evans,2023-12-17,195000,aCqmdPaTVSg,WREN EVANS - Tò Te Tí | LOI CHOI The First Album (ft. itsnk),Wren Evans Official,195,39,False,"[""exact_channel_artist"", ""artist_in_title""]","[""official_channel""]",0.0,False,automatic,user_or_pattern_selected (no_confident_match),True
1khMN4Adfi3LrZvxOq4YM5,Buồn Hay Vui,VSOUL,2023-12-25,291750,JV0dEgbX5yk,BUỒN HAY VUI - VSOUL x MCK x Obito x Ronboogz x Boyzed (Official Audio),VSOUL,292,37.5,False,"[""exact_channel_artist"", ""artist_in_title""]","[""official_audio""]",0.000685,False,automatic,user_or_pattern_selected (no_confident_match),True
43qX7PiMfluhGyrJrjcP9p,I Need U,BTS,2017-01-06,214506,jip9EXrrf0o,I NEED U,BANGTANTV,211.0,100.0,False,"[""artist_in_channel""]","[""official_channel""]",0.01634453115530568,False,automatic,youtube_search,True
4qYfRfSxsmhJ1WMaywtLyI,Từng Quen,Wren Evans,2023-12-17,174545,zepHPnUDROE,WREN EVANS - TỪNG QUEN | OFFICIAL AUDIO,Wren Evans Official,175.0,100.0,False,"[""exact_channel_artist"", ""artist_in_title""]","[""official_channel"", ""official_audio""]",0.0026067776218167233,False,automatic,youtube_search,True
36OyVzUmUFb1MTTzy3YXbh,"Sau Lời Từ Khước (Theme Song From ""MAI"")",Phan Mạnh Quỳnh,2024-02-14,250122,mzqvF_rIOx8,Sau Lời Từ Khước (OST MAI) | CineLove (The Album) | Phan Mạnh Quỳnh,Phan Mạnh Quỳnh Official,251,62.3,True,"[""exact_channel_artist"", ""artist_in_title""]","[""official_channel""]",0.003599,False,automatic,user_or_pattern_selected (no_confident_match),True
4PCh6DAkUYKnEmvjV4ouOs,Nâng Chén Tiêu Sầu,Bích Phương,2024-03-08,185277,v5AvPgaQFc0,[HOT TIKTOK CHALLENGE - PHỐ ĐI BỘ] BÍCH PHƯƠNG - Nâng Chén Tiêu Sầu Dance by B-Wild Vietnam,B-Wild Official,197,60,False,"[""artist_in_title""]","[""official_channel""]",0.063141,False,automatic,user_or_pattern_selected (ambiguous),True
3OVMe3H6iAxbLF8iD2UYrw,Chúng Ta Của Tương Lai,Sơn Tùng M-TP,2024-03-08,249871,zoEtcR5EW08,SƠN TÙNG M-TP | CHÚNG TA CỦA TƯƠNG LAI | OFFICIAL MUSIC VIDEO,Sơn Tùng M-TP Official,277.0,100.0,False,"[""exact_channel_artist"", ""artist_in_title""]","[""official_channel"", ""official_music_video""]",0.1085720231639526,False,automatic,youtube_search,True
0OIed6UFpfT2nW4BffD7Js,pho real,Low G,2024-02-28,166800,oJx0MUpXMUM,"​bbno$, Low G & Anh Phan - pho real (Lyrics)",BagOnly,167,44.4,False,"[""artist_in_title""]","[""lyrics""]",0.001199,False,automatic,user_or_pattern_selected (no_confident_match),False
0dBKcPEAsdxWJsqNDNHcPz,Dân Chơi Sao Phải Khóc,Andree Right Hand,2024-01-05,210944,zDNOhR-Ms-I,"Andree Right Hand - Dân Chơi Sao Phải Khóc ft. RHYDER, WOKEUP | Official MV",Andree Right Hand and RHYDER OFFICIAL,239.0,100.0,False,"[""artist_in_channel"", ""artist_in_title""]","[""official_channel"", ""official_music_video""]",0.13300212378640777,False,automatic,youtube_search,True
2ddbldKhKrYvOBbYa87cbj,Dành Hết Xuân Thì Để Chờ Nhau,Vũ.,2024-03-14,288195,UGoDp5l2eIM,Dành Hết Xuân Thì Để Chờ Nhau - Vũ. feat. Hà Anh Tuấn (Lyric Video),Warner Music Vietnam,287.0,100.0,False,"[""artist_in_title""]","[""official_channel"", ""lyric_video""]",0.00414649803084717,False,automatic,youtube_search,True
1K0HQ30Wc11okzlcnFA7Ub,Không Thể Say,HIEUTHUHAI,2023-10-16,228413,d6pgocXnK8U,HIEUTHUHAI - Không Thể Say (prod. by Kewtiie) [Official Lyric Video],HIEUTHUHAI,228.0,100.0,False,"[""exact_channel_artist"", ""artist_in_title""]","[""official_lyric_video""]",0.0018081282588994496,False,automatic,youtube_search,True
4jWmhzf53Q0ZvZMuGdiR9x,shhhhhhh..,WEAN,2023-10-07,230675,Pys2iOT9rpw,WEAN – shhhhhhh.. feat tlinh (Official Lyrics Video),WEAN,238.0,100.0,False,"[""exact_channel_artist"", ""artist_in_title""]","[""lyrics""]",0.03175463314186626,False,automatic,youtube_search,True
5J3m0taZ0W1E9HTE0MwcSv,Simp Gái 808,Low G,2023-10-18,161948,lDu412aW0QY,Simp Gái 808,Low G,162.0,100.0,False,"[""exact_channel_artist""]",,0.0003210907204781782,False,automatic,youtube_search,True
7Ebm9NxzNhUX2FxzBl1kwm,02 Mơ Làm Ma,Ngọt,2024-02-23,177119,FBM70NaZuVI,Ngọt - 02 Mơ Làm Ma  (ft. Thỏ Trauma),Ngọt,178.0,100.0,False,"[""exact_channel_artist"", ""artist_in_title""]",,0.004974056989933322,False,automatic,youtube_search,True
3UX7FjJDl6RodnWekzFwEB,Exit Sign,HIEUTHUHAI,2023-10-16,201589,sJt_i0hOugA,HIEUTHUHAI - Exit Sign (prod. by Kewtiie) ft. marzuz [Official Lyric Video],HIEUTHUHAI,202.0,100.0,False,"[""exact_channel_artist"", ""artist_in_title""]","[""official_lyric_video""]",0.0020388017203319627,False,automatic,youtube_search,True
21x7Ld7I7X7HQtDgS8al5Z,Quyền Anh,Wren Evans,2023-12-17,179008,_1g1MwoRjug,WREN EVANS - Quyền Anh | LOI CHOI The First Album (ft. itsnk),Wren Evans Official,179,41.9,False,"[""exact_channel_artist"", ""artist_in_title""]","[""official_channel""]",0.0,False,automatic,user_or_pattern_selected (no_confident_match),True
5f4u0kPnU21qNe6fXgAUiV,Yêu Nắm,BigDaddy,2024-02-13,227076,9WLb1qf2kK4,BIGDADDY x EMILY - YÊU NẮM (Official Music Video),BIGDADDY x EMILY,258.0,100.0,False,"[""artist_in_channel"", ""artist_in_title""]","[""official_music_video""]",0.13618348042065212,False,automatic,youtube_search,True
2rGCYAabfA63PIzhQm7hVq,Internet Love,VSTRA,2021-02-14,219082,SCUo9vYSu6g,VSTRA - Internet Love (ft. Tyronee) | Official M/V,VSTRA,220.0,100.0,False,"[""exact_channel_artist"", ""artist_in_title""]","[""official_music_video""]",0.004190211884134707,False,automatic,youtube_search,True
6eOD2p1cGmxLiYA0UR03O1,Như Hoa Mùa Xuân,Phùng Khánh Linh,2023-01-01,295634,_E4oBmtUulw,Như Hoa Mùa Xuân - Phùng Khánh Linh & Wren Evans | Gala Nhạc Việt 2023,Gala Nhạc Việt,300,40,False,"[""artist_in_title""]",,0.014885,False,automatic,user_or_pattern_selected (no_confident_match),False
7ESH2ntyD5Bb1XckoJU554,Một Năm Mới Bình An,Sơn Tùng M-TP,2017-04-01,247196,Thf6-faRGI4,VIRAL CLIP - MỘT NĂM MỚI BÌNH AN | SƠN TÙNG M-TP,Sơn Tùng M-TP Official,253,77.599999999999994,False,"[""exact_channel_artist"", ""artist_in_title""]","[""official_channel""]",0.023463,False,automatic,user_or_pattern_selected (ambiguous),True
02H58MSfVESkKyx4diDgu7,LOST!,RM,2024-05-24,233013,zGTAKiqEGxo,RM (알엠) 'LOST!' Official Audio,JXS_BP Official,234.0,100.0,False,"[""artist_in_title""]","[""official_channel"", ""official_audio""]",0.004235815169110736,False,automatic,youtube_search,True
4fj4Jn4nw8fGX8xdbCntJf,Sau Cơn Mưa,CoolKid,2023-07-28,154756,iFoLKvdqXk8,COOLKID - SAU CƠN MƯA (ft. RHYDER),COOLKID OFFICIAL,154.0,100.0,False,"[""exact_channel_artist"", ""artist_in_title""]","[""official_channel""]",0.0048851094626379595,False,automatic,youtube_search,True
1LJyhnPdYGRLerwJd8CmL1,Những Lời Hứa Bỏ Quên,Vũ.,2024-09-27,236262,XmC2wvVsVDk,"Những Lời Hứa Bỏ Quên / Vũ. ft. Dear Jane (từ Album ""Bảo Tàng Của Nuối Tiếc"")",Vũ Official,237.0,93.33333333333333,False,"[""exact_channel_artist"", ""artist_in_title""]","[""official_channel""]",0.003123650862178429,False,automatic,youtube_search,True
2xOhv7XudrBDtkID1jwsFE,Từng Là,Vũ Cát Tường,2024-03-01,252500,SXQS-SjI3jU,Từng Là - Vũ Cát Tường | Live at Soul of The Forest,Soul of The Forest,253,25.9,False,"[""artist_in_title""]",,0.00198,False,automatic,user_or_pattern_selected (no_confident_match),False
11sirgYaEutV40tkvgpHN6,NEURON,j-hope,2024-03-29,273290,K7ogo6nGHMo,"j-hope 'NEURON (with Gaeko, yoonmirae)' Visualizer",BANGTANTV,284.0,100.0,False,"[""artist_in_channel"", ""artist_in_title""]","[""official_channel"", ""visualizer""]",0.039189139741666365,False,automatic,youtube_search,True
4oGgxjxVOI69h9uOpHOzwn,Để Ý,Wren Evans,2024-06-13,159164,2ymP0o_Ze9Q,WREN EVANS | ĐỂ Ý - OFFICIAL AUDIO,Wren Evans Official,160.0,100.0,False,"[""exact_channel_artist"", ""artist_in_title""]","[""official_channel"", ""official_audio""]",0.005252444020004523,False,automatic,youtube_search,True
5WIKVELHZYJ4vl3x3xlbZD,Ổ Quỷ,MR LANH,2024-02-05,178924,-ReMY4gX93M,The Demon Moon has awakened and is chasing and eating everything!? bqThanh & Oc Co Thoat,bqThanh,806,4.5,True,,,3.50531,False,automatic,user_or_pattern_selected (no_confident_match),False
4tqXSj46umlymdIxqY8zso,giá như,SOOBIN,2024-06-25,223200,TC4ZCJsyoiM,Giá Như - Soobin Hoàng Sơn | Lyrics Video Nhạc Trẻ Hay Nhất 2024,Nhật Hưng,224,23.3,False,"[""artist_in_title""]","[""lyrics""]",0.003584,False,automatic,user_or_pattern_selected (ambiguous),False
1SS0WlKhJewviwEDZ6dWj0,SPOT!,ZICO,2024-04-26,167706,aQEpCqSDavc,ZICO (지코) 'SPOT! (feat. JENNIE)' Official Audio,JXS_BP Official,168.0,100.0,False,"[""artist_in_title""]","[""official_channel"", ""official_audio""]",0.001753067868770348,False,automatic,youtube_search,True
3K7RddI2L8Wiv7uIbrhfLc,Rồi Em Sẽ Gặp Một Chàng Trai Khác,The Masked Singer,2023-11-12,303968,4pwOPfscweI,Rồi Em Sẽ Gặp Một Chàng Trai Khác (feat. HippoHappy),The Masked Singer - Topic,304.0,100.0,False,"[""exact_channel_artist"", ""artist_in_channel""]","[""topic_channel""]",0.00010527423939362039,False,automatic,youtube_search,True
25h0TqC9H3BcMA7KjK5nHK,vaicaunoicokhiennguoithaydoi,GREY D,2022-06-20,225862,2iidlwQ-NfU,GREY D x tlinh - vaicaunoicokhiennguoithaydoi | Official Music Video,ST.319 Entertainment,236.0,100.0,False,"[""artist_in_title""]","[""official_channel"", ""official_music_video""]",0.04488581523230999,False,automatic,youtube_search,True
5C1O3fpMsiisJpHiB1uuDf,ĐỢI (Prod. RIO),52Hz,2023-12-15,197000,cizoIav3geY,ĐỢI - 52Hz (prod. RIO) | Official Lyric Video,52Hz,197.0,100.0,False,"[""exact_channel_artist"", ""artist_in_title""]","[""official_lyric_video""]",0.0,False,automatic,youtube_search,True
3A9A7mfVDVm3rrS9SMGhg5,Hư không,Kha,2023-12-14,354782,MlXo79SjhBo,Kha - Hư không (Việt Nam Lyrics | Subtitles) Hãy cho tôi lần nữa được tan biến,Subtify,356,32,False,"[""artist_in_title""]","[""lyrics""]",0.003382,False,automatic,user_or_pattern_selected (no_confident_match),False
2wZAvkgiOE5tyrnqhB69KA,Âm Thầm Bên Em,Sơn Tùng M-TP,2017-04-01,293112,V53jTfwV67I,Âm Thầm Bên Em - Sơn Tùng M-TP (Lyric Video by EnjoyLife),EnjoyLife,294,100,False,"[""artist_in_title""]","[""lyric_video""]",0.003071,False,automatic,user_or_pattern_selected (ambiguous),False
6kCU6i8iRrAAmJJ8Sj4JYC,Nắng có mang em về,Shartnuss,2023-10-21,254304,fQWItghG5dM,"3. Nắng có mang em về - Shartnuss ft Tr.D & Phankeo | EP ""Luv""",Shartnuss Official,252.0,94.73684210526316,False,"[""exact_channel_artist"", ""artist_in_title""]","[""official_channel""]",0.009060022650056626,False,automatic,youtube_search,True
2SykQzXuFSeprST1uDjj1m,trời giấu trời mang đi,AMEE,2020-06-20,253500,QHDkHZPHzC0,Trời Giấu Trời Mang Đi,AMEE,259,100,False,"[""exact_channel_artist""]",,0.021696,False,automatic,user_or_pattern_selected (ambiguous),False
0MJ5wKsPEeihONNfugHGy7,Tip Toe,HYBS,2023-06-20,224725,wtUaW2HEsCY,HYBS - Tip Toe | Official Audio,HYBS,230.0,100.0,False,"[""exact_channel_artist"", ""artist_in_title""]","[""official_audio""]",0.023473133830236956,False,automatic,youtube_search,True
6xKs4CnVadRzdNZ48vhT27,Ngày Đầu Sau Chia Tay,Đức Phúc,2024-06-20,276016,ZnRgYm4t_14,Đức Phúc - Ngày Đầu Sau Chia Tay (feat. Thùy Tiên & Khắc Hưng) (Official Music Video),ĐỨC PHÚC OFFICIAL,334.0,100.0,False,"[""exact_channel_artist"", ""artist_in_title""]","[""official_channel"", ""official_music_video""]",0.21007477827372326,False,automatic,youtube_search,True
0UaaFmF3xUwMjnuAHBq7qL,Love You With All My Heart,Crush,2024-03-24,244186,Z4qVfCi_lUI,[MV] Crush - Love You With All My Heart(미안해 미워해 사랑해),SUPER SOUND Bugs!,245,100,False,"[""artist_in_title""]","[""music_video""]",0.003276,False,automatic,user_or_pattern_selected (ambiguous),False
6o5y1iNvg3ORGfHtBEB8U4,? (Interlude),RM,2024-05-24,113160,eC1txOJS_pc,? (Interlude),RM - Topic,114.0,100.0,False,"[""exact_channel_artist"", ""artist_in_channel""]","[""topic_channel""]",0.007423117709437964,False,automatic,youtube_search,True
0tGmDUHDoT8pxYhgAT3yNG,bé ơi từ từ,Wren Evans,2023-12-17,200727,onM02bB0mYw,WREN EVANS - bé ơi từ từ | LOI CHOI The First Album (ft. itsnk),Wren Evans Official,201,46.8,False,"[""exact_channel_artist"", ""artist_in_title""]","[""official_channel""]",0.001495,False,automatic,user_or_pattern_selected (no_confident_match),True
5AaHvf9iO6RydAIissh0kz,Simple Love,Obito,2022-11-29,213760,VYyeswLG7Cc,Simple Love / Obito x Seachains x Davis x Lena | Lyrics Video | ATeen Music,teen,208,30.1,False,"[""artist_in_title""]","[""lyrics""]",0.027128,False,automatic,user_or_pattern_selected (no_confident_match),False
45PPoUgqs3JrhkZGEzSUHT,3107 4,W/N,2022-07-31,213913,cbHIMNxT7Zc,W/n - 3107 4 x Erik ft Nâu (Official Music Video),W/n,214,63.2,False,"[""exact_channel_artist"", ""artist_in_title""]","[""official_music_video""]",0.000468,False,automatic,user_or_pattern_selected (no_confident_match),True
2nRMW95dnOILirpjbksLTs,Never Let Go,Jung Kook,2024-06-07,166812,J_n4Ysi5iUM,정국 (Jung Kook) 'Never Let Go' Lyric Video,BANGTANTV,167.0,100.0,False,"[""artist_in_title""]","[""official_channel"", ""lyric_video""]",0.0011270172409658778,False,automatic,youtube_search,True
6vvPecFTmWxDfEJ6cYT1wa,Rockstar,LISA,2024-06-27,138213,hbcGx4MGUMg,LISA - ROCKSTAR (Official Music Video),LLOUD Official,168.0,100.0,False,"[""artist_in_channel"", ""artist_in_title""]","[""official_channel"", ""official_music_video""]",0.21551518308697445,False,automatic,youtube_search,True
2ZqTbIID9vFPTXaGyzbb4q,Neva Play,Megan Thee Stallion,2024-09-06,157173,TpYTyAaTRts,Megan Thee Stallion - Neva Play (feat. RM) [Official Video],Megan Thee Stallion,160.0,100.0,False,"[""exact_channel_artist"", ""artist_in_title""]","[""official_video""]",0.01798654985271007,False,automatic,youtube_search,True
5XfGQZA0ioQAWUjlyJRcHc,1000 Ánh Mắt,Shiki,2024-06-27,152000,GKxkw0FQBm0,Shiki - 1000 Ánh Mắt ft. Obito (Official Music Video),Shiki,152.0,100.0,False,"[""exact_channel_artist"", ""artist_in_title""]","[""official_music_video""]",0.0,False,automatic,youtube_search,True
0BX2eDMZJrGzApf4ZGXrFi,NGÁO NGƠ,"ANH TRAI ""SAY HI""",2024-08-29,252428,WECF30njTEo,"NGÁO NGƠ (feat.HIEUTHUHAI, ERIK, ANH TÚ ATUS, JSOL, ORANGE)","ANH TRAI ""SAY HI"" - Topic",253.0,100.0,False,"[""exact_channel_artist"", ""artist_in_channel""]","[""topic_channel""]",0.0022659926791005753,False,automatic,youtube_search,True
31VNCmwspR7nVJ6kruUuJt,Đừng Làm Trái Tim Anh Đau,Sơn Tùng M-TP,2024-06-08,279208,abPmZCZZrFA,SƠN TÙNG M-TP | ĐỪNG LÀM TRÁI TIM ANH ĐAU | OFFICIAL MUSIC VIDEO,Sơn Tùng M-TP Official,326.0,100.0,False,"[""exact_channel_artist"", ""artist_in_title""]","[""official_channel"", ""official_music_video""]",0.16758832125154008,False,automatic,youtube_search,True
5oFEvbM7lGnx8jfAkuhVyo,MỘNG YU,AMEE,2024-08-02,202629,jEKTZQHuI1Y,MỘNG YU - AMEE ft. MCK | ‘MỘNGMEE’ mini album,ST.319 Entertainment,203.0,100.0,False,"[""artist_in_title""]","[""official_channel""]",0.0018309323936850105,False,automatic,youtube_search,True
3Alwi53Ahc2GwHgvel42b2,Ngày Đẹp Trời Để Nói Chia Tay,Lou Hoàng,2024-06-13,220223,0xAW6MAT_Wo,LOU HOÀNG - NGÀY ĐẸP TRỜI ĐỂ NÓI CHIA TAY (Official Music Video),Lou Hoàng OFFICIAL,231.0,100.0,False,"[""exact_channel_artist"", ""artist_in_title""]","[""official_channel"", ""official_music_video""]",0.04893675955735777,False,automatic,youtube_search,True
26zqmmkqUK6mCc87XDzPym,CHÂN THÀNH,"ANH TRAI ""SAY HI""",2024-08-26,258000,rqQHjzAs9LA,"Quang Hùng MasterD - 'Chân Thành' (ft. Rhyder, Wean, Ali Hoàng Dương, Captain) - Official Audio",Quang Hùng MasterD,255,51.3,False,,"[""lyrics""]",0.011628,False,automatic,user_or_pattern_selected (no_confident_match),False
5PGh9MyKry8slG5AfvD1eD,Hà Nội,Obito,2023-10-10,165555,OerAX-zKyvg,Obito - Hà Nội ft. VSTRA,Obito Official,166.0,100.0,False,"[""exact_channel_artist"", ""artist_in_title""]","[""official_channel""]",0.0026879284829814864,False,automatic,youtube_search,True
07d8eaOuAWdC0DANq3tdPd,QUAY ĐI QUAY LẠI,"ANH TRAI ""SAY HI""",2024-08-31,210491,ic9wT11Ddf4,QUAY ĐI QUAY LẠI (Feat. HIEUTHUHAI),"ANH TRAI ""SAY HI"" - Topic",211.0,100.0,False,"[""exact_channel_artist"", ""artist_in_channel""]","[""topic_channel""]",0.002418155645609551,False,automatic,youtube_search,True
4CUvVaAYuXtvYURLFz7EIL,Chuyện Đôi Ta,Emcee L (Da LAB),2021-12-01,208048,6eONmnFB9sw,Chuyện Đôi Ta - Emcee L (Da LAB) ft Muộii (Official MV),Da LAB Official and Emcee L Official,226.0,100.0,False,"[""artist_in_title""]","[""official_channel"", ""official_music_video""]",0.0862877797431362,False,automatic,youtube_search,True
4WZf4gJ2MvBec6XPdUiqcq,ANH BIẾT RỒI,"ANH TRAI ""SAY HI""",2024-08-31,259615,swfRLNf1MZQ,ANH BIẾT RỒI (Feat. RHYDER),"ANH TRAI ""SAY HI"" - Topic",260.0,100.0,False,"[""exact_channel_artist"", ""artist_in_channel""]","[""topic_channel""]",0.0014829651599483852,False,automatic,youtube_search,True
3COYA2vgfcUhDyRlVpZy5p,PHÓNG ZÌN ZÌN,tlinh,2024-09-18,202999,dfeGNIfSyGk,PHÓNG ZÌN ZÌN | Low G x tlinh | OFFICIAL AUDIO,Nhà Hóa Học Đống Đa,203,65,False,"[""artist_in_title""]","[""lyrics""]",0.0,False,automatic,user_or_pattern_selected (no_confident_match),False
7Cjsw965r7mVK888ZqP6Wo,Mình Anh Thôi,Negav,2024-09-04,212519,8E9CUCVIHWI,NEGAV - MÌNH ANH THÔI I OFFICIAL MUSIC VIDEO,Negav,230.0,92.85714285714286,False,"[""exact_channel_artist"", ""artist_in_title""]","[""official_music_video""]",0.08225617474202307,False,automatic,youtube_search,True
7pqx5vF7DzkVtEdsXQ9iua,ĐẦU ĐỘI SỪNG,"ANH TRAI ""SAY HI""",2024-08-06,213818,hN1gAFnKKiA,ANH TRAI SAY HI  - ĐẦU ĐỘI SỪNG (TEAM HIEUTHUHAI) | Color Coded Lyrics,ATLAS’T BOY SAY HI,211,60,False,"[""artist_in_title""]","[""lyrics""]",0.013096,False,automatic,user_or_pattern_selected (no_confident_match),False
7kKu4NWeBh01I6aTIEP9bg,TRÓI EM LẠI,"ANH TRAI ""SAY HI""",2024-08-31,264615,IagewL4Btag,Quang Hùng MasterD - 'Trói Em Lại' - Official Audio,Quang Hùng MasterD,263,53.7,False,,"[""lyrics""]",0.006047,False,automatic,user_or_pattern_selected (no_confident_match),False
0H4ugk6rhnXmTl47ayy9O5,Daechwita,Agust D,2020-05-22,225668,65XIZDJ24_s,대취타 (Daechwita),Agust D - Topic,226,45.5,False,exact_channel_artist | title_verified,topic_channel | official_audio,0.001329,False,automatic,user_or_pattern_selected (ambiguous),True
62bOmKYxYg7dhrC6gH9vFn,Bye Bye Bye,*NSYNC,2000-03-21,200400,C27NShgTQE4,*NSYNC - Bye Bye Bye (Official Audio),*NSYNC,203.0,100.0,False,"[""exact_channel_artist"", ""artist_in_title""]","[""official_audio""]",0.012974051896207584,False,automatic,youtube_search,True
3nw5vYaH4qVx8joq3qhtNx,Okeokeoke,Low G,2020-11-09,139276,TaZTsgc_bg8,okeokeoke | Low G | Nhà Hóa Học Đống Đa,Nhà Hóa Học Đống Đa,140,40.9,False,"[""artist_in_title""]",,0.005025,False,automatic,user_or_pattern_selected (no_confident_match),False
2nR51wakN5K3AJENqGaNg9,Bài Này Chill Phết,Đen,2019-01-01,276000,ddaEtFOsFeM,Đen ft. MIN - Bài Này Chill Phết (M/V),Đen Vâu Official,274.0,100.0,False,"[""artist_in_channel"", ""artist_in_title""]","[""official_channel"", ""music_video""]",0.007246376811594203,False,automatic,youtube_search,True
5cn5oHiXJTLiuthgbgfkMh,Vet Mua,Vũ Cát Tường,2014-01-01,210067,_EHYFIdPJEg,[Aegisub] Vết Mưa - Vũ Cát Tường [Lyric Kara Eff],Vương Hùng,211,71.400000000000006,True,"[""artist_in_title""]","[""lyrics""]",0.004284,False,automatic,user_or_pattern_selected (no_confident_match),False
0SLzsfxED15vyUccX4bCqo,HOP ON DA SHOW,tlinh,2024-09-18,175876,JZ5E_VDqRJo,HOP ON DA SHOW | Low G x tlinh | OFFICIAL AUDIO,Nhà Hóa Học Đống Đa,176,66.7,False,"[""artist_in_title""]","[""lyrics""]",0.000569,False,automatic,user_or_pattern_selected (no_confident_match),False
50zAEIE4B1QqhPjRMK2Xmh,Running Wild,Jin,2024-11-19,151646,btmOzwvCWmw,Jin 'Running Wild' Lyrics (진 Running Wild 가사) [Color Coded_Eng] | ShadowByYoongi,ShadowByYoongi,154,92.3,False,"[""artist_in_title""]","[""lyrics""]",0.015831,False,automatic,user_or_pattern_selected (ambiguous),False
4nXrVH5xwN1w6TpmP7uu8n,Exit Sign,HIEUTHUHAI,2023-10-16,201589,sJt_i0hOugA,HIEUTHUHAI - Exit Sign (prod. by Kewtiie) ft. marzuz [Official Lyric Video],HIEUTHUHAI,202.0,100.0,False,"[""exact_channel_artist"", ""artist_in_title""]","[""official_lyric_video""]",0.0020388017203319627,False,automatic,youtube_search,True
2GE2p2dFpxp7OIz2QOFBzW,"KIM PHÚT, KIM GIỜ","ANH TRAI ""SAY HI""",2024-08-26,295058,yoh-oXuR1-g,"KIM PHÚT, KIM GIỜ (Feat. HURRYKNG, HIEUTHUHAI, NEGAV, PHÁP KIỀU, ISAAC)","ANH TRAI ""SAY HI"" - Topic",296,29.1,False,exact_channel_artist | title_verified,topic_channel | official_audio,0.00305,False,automatic,user_or_pattern_selected (no_confident_match),True
3uT8QfoX0BE8ZJa4h98LDW,Wrong Times,Puppy,2023-05-17,211200,O3pj32O5WN4,puppy & @Dangrangto  - Wrong Times ( ft. FOWLEX Snowz ) [OFFICIAL LYRICS VIDEO],Ocean Waves,214,100,False,"[""artist_in_title""]","[""lyrics""]",0.013258,False,automatic,user_or_pattern_selected (ambiguous),False
7134tEHq45eL6am9oVazZU,White Christmas,V,2024-12-06,173033,C4oI7GXdDsM,"V, Bing Crosby - Bing Crosby x V (of BTS) “White Christmas” (Official Lyric Video)",Bing Crosby,174,65.2,False,"[""artist_in_title""]","[""lyric_video""]",0.00578,False,automatic,user_or_pattern_selected (no_confident_match),False
0e6fZkLArSmDIHnZcIua7t,Không Yêu Em Thì Yêu Ai?,Vũ.,2024-09-27,232647,o-2yt0ZZZ6o,"Không Yêu Em Thì Yêu Ai? / Vũ. ft. Low G (từ Album ""Bảo Tàng Của Nuối Tiếc"")",Vũ Official,233.0,93.87755102040816,False,"[""exact_channel_artist"", ""artist_in_title""]","[""official_channel""]",0.0015173202319393759,False,automatic,youtube_search,True
0s7RyyUlQfd8mnnboHe18n,Hẹn Gặp Em Dưới Ánh Trăng,MANBO,2020-09-25,222000,M1XfGX1ldKY,"HURRYKNG, HIEUTHUHAI, MANBO | Hẹn Gặp Em Dưới Ánh Trăng | Official Lyric Video",GERDNANG,227,65.8,False,"[""artist_in_title""]","[""lyric_video""]",0.022523,False,automatic,user_or_pattern_selected (no_confident_match),False
7gSQxwCpEMjg8wb6Y3oqe7,HÀO QUANG,"ANH TRAI ""SAY HI""",2024-08-06,245454,EKgvDwdoLYs,"RHYDER, Dương Domic, Pháp Kiều - HÀO QUANG I OFFICIAL LYRICS VIDEO",RHYDER OFFICIAL,243,36.700000000000003,False,,"[""official_channel"", ""lyrics""]",0.010183,False,automatic,user_or_pattern_selected (no_confident_match),True
3Nn9QjxOEj1pleW9xTG6cq,TÌNH ĐẦU QUÁ CHÉN,"ANH TRAI ""SAY HI""",2024-09-18,316000,vBAoF6cUKTI,"TÌNH ĐẦU QUÁ CHÉN (Feat. Quang Hùng MasterD, Negav, Pháp Kiều, Erik)","ANH TRAI ""SAY HI"" - Topic",316.0,100.0,False,"[""exact_channel_artist"", ""artist_in_channel""]","[""topic_channel""]",0.0,False,automatic,youtube_search,True
4eeflgjzTF8xN8U2E0dech,NGỰA Ô,Dangrangto,2024-10-02,215415,tC9zi2bnnRA,"NGỰA Ô - TeuYungBoy, Dangrangto(Prod. DONAL)-Lyrics",tobi buồn ngủ,221,35.299999999999997,False,"[""artist_in_title""]","[""lyrics""]",0.025998,False,automatic,user_or_pattern_selected (no_confident_match),False
0669gFIK8dYK9GGQ0K0QNF,Tràn Bộ Nhớ,Dương Domic,2024-11-23,172500,x14bn23DMVE,Dương Domic - Tràn Bộ Nhớ | EP 'Dữ Liệu Quý',Dương Domic,173,59.5,False,"[""exact_channel_artist"", ""artist_in_title""]",,0.002899,False,automatic,user_or_pattern_selected (no_confident_match),False
4hdOYl6xm8ry6hZzn9pBqw,QUA TỪNG KHUNG HÌNH,RAP VIỆT,2024-11-18,240000,kZhcFFNZAzQ,"QUA TỪNG KHUNG HÌNH (Feat. Robber, Ngắn)",RAP VIỆT - Topic,240.0,100.0,False,"[""exact_channel_artist"", ""artist_in_channel""]","[""topic_channel""]",0.0,False,automatic,youtube_search,True
2a5hng9yXtbjtTVVm9UviC,Mo,Vũ Cát Tường,2016-01-01,262191,chrnabsFoFs,Mo,Vu Cat Tuong,263,100,False,,,0.003051,False,automatic,user_or_pattern_selected (no_confident_match),False
5YiNxgEQQTuFi5dKLxxjWm,CATCH ME IF YOU CAN,"ANH TRAI ""SAY HI""",2024-08-06,256000,CzXWhBjtRnU,"Quang Hùng MasterD - 'Catch Me If You Can' (ft. Negav, Nicky, Công Dương) - Official Audio",Quang Hùng MasterD,257,66.7,False,,"[""lyrics""]",0.003906,False,automatic,user_or_pattern_selected (no_confident_match),False
50aQbgfdydBXABx2gATQHn,dance all night,ROSÉ,2024-12-06,214950,h7HP9aiIFfc,ROSÉ - dance all night (official audio),ROSÉ,215.0,100.0,False,"[""exact_channel_artist"", ""artist_in_title""]","[""official_audio""]",0.00023261223540358222,False,automatic,youtube_search,True
3y4q6bBdbXsTIaPiwiiUfy,3am,ROSÉ,2024-12-06,154050,OzdJFXyO8ts,ROSÉ - 3am (official audio),ROSÉ,155.0,100.0,False,"[""exact_channel_artist"", ""artist_in_title""]","[""official_audio""]",0.006166828951639078,False,automatic,youtube_search,True
67siqMtQTGPpJZI4Dz8OpM,not the same,ROSÉ,2024-12-06,184006,IKqVcaVrMGs,ROSÉ - not the same (official audio),ROSÉ,185.0,100.0,False,"[""exact_channel_artist"", ""artist_in_title""]","[""official_audio""]",0.005401997760942578,False,automatic,youtube_search,True
52oyR8Wjhdzg7zucr8keYl,Đường Một Chiều,Huỳnh Tú,2021-03-01,286998,W6hxiDmMGSE,Đường Một Chiều - Huỳnh Tú ft. Magazine || Official Music Video,Huỳnh Tú,290.0,100.0,False,"[""exact_channel_artist"", ""artist_in_title""]","[""official_music_video""]",0.010460003205597252,False,automatic,youtube_search,True
4QkTMKgtkI6P9v9NRzSswS,CHỜ MỘT NGƯỜI,RAP VIỆT,2024-12-09,259010,vTjA-C0bwDA,CHỜ MỘT NGƯỜI (Feat. Gill),RAP VIỆT - Topic,260.0,100.0,False,"[""exact_channel_artist"", ""artist_in_channel""]","[""topic_channel""]",0.0038222462453187138,False,automatic,youtube_search,True
5LQpQ6SDeaz6SIkR0lvsoC,đưa em về nhàa,GREY D,2023-04-24,240000,YM5nx2s8cz0,đưa em về nhàa,GREY D,240.0,100.0,False,"[""exact_channel_artist""]",,0.0,False,automatic,youtube_search,True
1pwyiEOvhXLvlpzTZcgfhe,CHÀNG KHỜ THUỶ CUNG,"ANH TRAI ""SAY HI""",2024-08-31,309473,ERpxBe5vdHg,[MV LYRICS] CHÀNG KHỜ THUỶ CUNG - Negav ft. GREY D | Anh Trai Say Hi,Vie Channel - MUSIC,329,86.4,False,"[""artist_in_title""]","[""lyrics""]",0.063005,False,automatic,user_or_pattern_selected (ambiguous),False
0oL2jCTf9P9a7flY5mCpYu,Trở Về,Wxrdie,2024-11-12,194000,lV0OOyDUPII,Wxrdie - TRỞ VỀ (ft. JustaTee) [prod. by Phongkhin],Wxrdie,194.0,100.0,False,"[""exact_channel_artist"", ""artist_in_title""]",,0.0,False,automatic,youtube_search,True
0JBBsuv6YHi37NqzCNfr0d,SỰ NGHIỆP CHƯỚNG,Pháo,2025-03-21,200314,86dN5R-4gBw,Pháo | SỰ NGHIỆP CHƯỚNG,Doãn Chí Hành,201,100,False,"[""artist_in_title""]",,0.003495,False,automatic,user_or_pattern_selected (ambiguous),False
2Pwou3Q2Cf59RxdX2V6MgV,Có Đôi Điều,Shiki,2024-06-27,174000,xPXgebIDE6M,Shiki - Có Đôi Điều ('Lặng' EP),Shiki,174.0,100.0,False,"[""exact_channel_artist"", ""artist_in_title""]",,0.0,False,automatic,youtube_search,True
6cc5PzJUddXskJGHJINw9F,DANCING IN THE DARK,SOOBIN,2024-06-25,227458,ys-1LqlUNCk,SOOBIN - DANCING IN THE DARK | 'BẬT NÓ LÊN' Album (Official Visualizer),SOOBIN Official,226,69.099999999999994,False,"[""exact_channel_artist"", ""artist_in_title""]","[""official_channel"", ""visualizer""]",0.006593,False,automatic,user_or_pattern_selected (no_confident_match),True
41DlPJXKTCypXdf2eSqa03,Bình Yên,Vũ.,2024-09-27,195974,5PWkbxuf7jc,"bình yên / Vũ. ft. Binz (từ Album ""Bảo Tàng Của Nuối Tiếc"")",Vũ Official,196.0,84.21052631578947,False,"[""exact_channel_artist"", ""artist_in_title""]","[""official_channel""]",0.0001326706603937257,False,automatic,youtube_search,True
0oSc7X1uRQGuEqNRtXEeQL,Dù Cho Tận Thế,ERIK,2025-02-06,233263,laEtGCLWA7o,ERIK - 'Dù cho tận thế (vẫn yêu em)' | Official Lyrics Video | OST BỘ TỨ BÁO THỦ,ERIK Official,234.0,100.0,False,"[""exact_channel_artist"", ""artist_in_title""]","[""official_channel"", ""lyrics""]",0.003159523799316651,False,automatic,youtube_search,True
226ljdOTLM2clGpm4mZvAm,Love is,Dangrangto,2023-06-27,266758,h52PcEuzUUA,Dangrangto - Love is (Official MV),Dangrangto,270.0,100.0,False,"[""exact_channel_artist"", ""artist_in_title""]","[""official_music_video""]",0.012153337481912444,False,automatic,youtube_search,True
7fCeYpR02Q8JVuD88hJZVT,Bầu Trời Mới,Da LAB,2024-10-05,262495,Z1D26z9l8y8,Bầu Trời Mới - Da LAB  ft. Minh Tốc & Lam (Official MV),Da LAB Official,291.0,100.0,False,"[""exact_channel_artist"", ""artist_in_title""]","[""official_channel"", ""official_music_video""]",0.10859254461989752,False,automatic,youtube_search,True
72NMPuJCRsOUoXQJdzVfdo,Track 06,Tyronee,2024-12-05,165161,KRbDEfYY9U4,Tyronee - Track 06 (Official Visualizer),Tyronee,166.0,100.0,False,"[""exact_channel_artist"", ""artist_in_title""]","[""visualizer""]",0.005079891741997203,False,automatic,youtube_search,True
7mblTCdc14ylJ1JW71MODb,Giờ Thì,buitruonglinh,2024-12-12,234166,69ZDBWoj5YM,Giờ Thì (Official MV) / buitruonglinh,buitruonglinh,238,50,False,"[""exact_channel_artist"", ""artist_in_title""]","[""official_music_video""]",0.016225,False,automatic,user_or_pattern_selected (no_confident_match),True
2oVLEoBVDvYrGmzrU7dEm5,TRÀN BỘ NHỚ,"ANH TRAI ""SAY HI""",2024-08-31,210000,qRuSS93OEfw,Tràn Bộ Nhớ - Dương Domic | Lyrics Video,Dương Domic,209,55,False,,"[""lyrics""]",0.004762,False,automatic,user_or_pattern_selected (no_confident_match),False
5JoQSuMrHdu7BcgIY9hDcX,Ánh Mắt Biết Cười,Quang Hùng MasterD,2025-01-26,167796,eUR8nHYyZIA,Quang Hùng MasterD - 'Ánh Mắt Biết Cười' ft. Tăng Duy Tân (Prod. by Drum7) - Official Visualizer,Quang Hùng MasterD,171.0,100.0,False,"[""exact_channel_artist"", ""artist_in_title""]","[""visualizer""]",0.01909461488950869,False,automatic,youtube_search,True
6a1uj8onBHUi6TKSREPxHY,Ghệ Mới,B Ray,2025-02-14,226238,ArFyxygoLHs,B RAY x YOUNG H x Hipz - GHỆ MỚI (Official Lyrics Video),EvB Records,226.0,100.0,False,"[""artist_in_title""]","[""official_channel"", ""lyrics""]",0.0010519894977855178,False,automatic,youtube_search,True
265hQASPY3HFmUH38zZrSK,MOIEM,Dangrangto,2024-11-06,191834,u86aLT05YYY,Dangrangto - MOIEM (Prod. DONAL) (Official Audio Visualizer),Dangrangto and DONAL,192.0,100.0,False,"[""artist_in_channel"", ""artist_in_title""]","[""official_audio""]",0.0008653314845126516,False,automatic,youtube_search,True
5ca1aUHYwTDNO5E6unithq,Tiến Hay Lùi (Nụ Hôn Bạc Tỷ Original Soundtrack),Bùi Công Nam,2025-01-21,186666,raqxGPDzQN4,TIẾN HAY LÙI (OST NỤ HÔN BẠC TỶ) | BÙI CÔNG NAM | LÀN SÓNG XANH 2025,Làn Sóng Xanh,187,42.9,False,"[""artist_in_title""]",,0.001607,False,automatic,user_or_pattern_selected (ambiguous),False
7KNmIjcmGJIBrhP2s5Vioe,Born Again,LISA,2025-02-28,231174,zcmCAo_kHmU,LISA - Born Again feat. Doja Cat & RAYE (Lyric Video),LLOUD Official,232,100,False,"[""artist_in_channel"", ""artist_in_title""]","[""official_channel"", ""lyric_video""]",0.00346,False,automatic,user_or_pattern_selected (ambiguous),True
79bSb2Ilugozn6VygdplEZ,1 Phút,Andiez,2017-08-07,375989,dLQe4qEfVJw,1 Phút - Andiez,Andiez Official,376.0,100.0,False,"[""exact_channel_artist"", ""artist_in_title""]","[""official_channel""]",2.9256175047674268e-05,False,automatic,youtube_search,True
4HxGH28DitgAuuKpEVrLzN,two years,ROSÉ,2024-12-06,167748,lktucPDH5IY,ROSÉ - two years (official audio),ROSÉ,168.0,100.0,False,"[""exact_channel_artist"", ""artist_in_title""]","[""official_audio""]",0.0015022533800701052,False,automatic,youtube_search,True
44sYmL97Lv8mEbzgANFkPD,thật quá đáng.. để yêu,NICKY,2024-10-09,186000,GofFUeDg_KU,thật quá đáng.. để yêu - NICKY x AMEE,NICKY,186,75.5,False,"[""exact_channel_artist"", ""artist_in_title""]",,0.0,False,automatic,user_or_pattern_selected (ambiguous),False
354swDEk1Zdo9y57fEqmRg,ĐOÁ HOA,TeuYungBoy,2025-03-08,158987,P5bzF31Xvg4,Đóa Hoa - BigWind ft TeuYungBoy (prod. DONAL) | Official MV,WORKAHOLIC$ and 3 more,170,45.5,True,"[""artist_in_title""]","[""music_video""]",0.069182,False,automatic,user_or_pattern_selected (no_confident_match),False
1XZE0InCx3SdCnLpVsPpZl,跳楼机,LBI利比,2025-01-23,201642,mC1Ket54DW8,Jumping Machine (跳楼机) (1.1x),LBI - Topic,184.0,100.0,False,,"[""topic_channel""]",0.08749169319883754,False,automatic,youtube_search,True
5WkuMbkHX7yR7nnBKCn7tV,vạn vật như muốn ta bên nhau,RIO,2025-04-11,185625,IuFUrsvXD6E,Vạn Vật Như Muốn Ta Bên Nhau - RIO | Lyrics Video,Rất Tình,183,84.8,False,"[""artist_in_title""]","[""lyrics""]",0.014009,False,automatic,user_or_pattern_selected (ambiguous),False
4gaxEUZE4z9pJAVTSFwgQI,một đời,14 Casper,2023-03-03,328240,JgTZvDbaTtg,'một đời' - 14 Casper & Bon Nghiêm (feat. buitruonglinh) (Track 03 - Album 'SỐ KHÔNG'),14 Casper and Bon Nghiêm Official,329,40,False,"[""artist_in_channel"", ""artist_in_title""]","[""official_channel""]",0.002438,False,automatic,user_or_pattern_selected (no_confident_match),True
3ET3xHCLMGd57u06A9RjJ0,Nói Dối,Ronboogz,2022-12-12,206139,ri-TFS97Hbw,Nói Dối | Ronboogz (Lyrics Video),Ronboogz,207.0,100.0,False,"[""exact_channel_artist"", ""artist_in_title""]","[""lyrics""]",0.0041767933287733035,False,automatic,youtube_search,True
4OXAneZHFJyQV1RuzCzmH3,Buồn Hay Vui,VSOUL,2023-12-25,291750,JV0dEgbX5yk,BUỒN HAY VUI - VSOUL x MCK x Obito x Ronboogz x Boyzed (Official Audio),VSOUL,292,37.5,False,"[""exact_channel_artist"", ""artist_in_title""]","[""official_audio""]",0.000685,False,automatic,user_or_pattern_selected (no_confident_match),True
2uZmeuNAxSm7XfVIwLkhCx,nhắn nhủ,Ronboogz,2023-12-12,241190,vfKiaXKO44M,Nhắn nhủ | Ronboogz (Lyrics video),Ronboogz,242.0,100.0,False,"[""exact_channel_artist"", ""artist_in_title""]","[""lyrics""]",0.003358348190223475,False,automatic,youtube_search,True
1o6cYDMHvKOfizi4d9Lqxr,id 072019,W/N,2023-07-31,271704,leJb3VhQCrg,W/n - id 072019 | 3107 ft 267,W/n,303,78.3,False,"[""exact_channel_artist"", ""artist_in_title""]",,0.115201,False,automatic,user_or_pattern_selected (no_confident_match),False
3P3rcI48wwVEgxF5vPM6pG,Buông Đôi Tay Nhau Ra,Sơn Tùng M-TP,2017-04-01,227492,odX27UVKw2g,Buông Đôi Tay Nhau Ra,Sơn Tùng M-TP Official,228.0,100.0,False,"[""exact_channel_artist""]","[""official_channel""]",0.002233045557645983,False,automatic,youtube_search,True
0OB5hTu7ELKeVoD6JVRo6m,Thiên Mệnh,Quân A.P,2025-06-07,253565,KsbTR9WjfxQ,Thiên Mệnh,Quân A.P Official,254.0,100.0,False,"[""exact_channel_artist""]","[""official_channel""]",0.0017155364502198648,False,automatic,youtube_search,True
37uug3gaq86yvFTjV6WkaV,Think About U,Kay Chau Anh,2024-11-11,172015,jpmuseO0Qcc,Kay Châu Anh - Think About U (prod. Terra Minor x Peakrozes),Kay Châu Anh,185,66.7,False,,,0.075581,False,automatic,user_or_pattern_selected (no_confident_match),False
43zzuEWDotRcKlSFzrlJqs,Thêm Bao Nhiêu Lâu,Đạt G,2023-02-24,302000,sinhZ1l54K8,Thêm Bao Nhiêu Lâu - Đạt G || OFFICIAL MV,DatG Music,312,85.7,False,"[""artist_in_title""]","[""music_video""]",0.033113,False,automatic,user_or_pattern_selected (ambiguous),False
7q1qYSyRkGT4ZaCc2ZQihP,Em Còn Nhớ Anh Không - Remastered,Hoàng Tôn,2021-04-26,251786,n2x-V0dq7qQ,Em Còn Nhớ Anh Không? - Hoàng Tôn (Feat. Koo) | Lyrics Video,HOÀNG TÔN,249,77.2,True,"[""exact_channel_artist"", ""artist_in_title""]","[""lyrics""]",0.01112,False,automatic,user_or_pattern_selected (ambiguous),False
3cZH38witMhkLvATILgEe5,EASIER,"EM XINH ""SAY HI""",2025-06-09,198000,IWeCYCfzTZg,EASIER (Feat. MAIQUINN; NGÔ LAN HƯƠNG; MUỘII; ĐÀO TỬ A1J; SAABIROSE),"EM XINH ""SAY HI"" - Topic",198.0,100.0,False,"[""exact_channel_artist"", ""artist_in_channel""]","[""topic_channel""]",0.0,False,automatic,youtube_search,True
2qrpmvkxE0oz78ym1LEvXd,Kho Báu,(S)TRONG,2025-08-14,217674,V1Tzgdh53mA,(S)TRONG Trọng Hiếu x Rhymastic - Kho Báu | Lyrics Video,Trong Hieu Official,218,32.6,False,"[""artist_in_title""]","[""official_channel"", ""lyrics""]",0.001378,False,automatic,user_or_pattern_selected (no_confident_match),True
4UAnQaQTSMjKjHkqjKwEYx,Permission to Dance - Live,BTS,2025-07-18,279286,vHhivqJUzCE,Permission to Dance - Live,BANGTANTV,280.0,100.0,False,"[""artist_in_channel""]","[""official_channel""]",0.002556519123765602,False,automatic,youtube_search,True
08Hvl1OJalM7dG6mf6jpx6,Love Game,Low G,2025-10-21,199442,cI5b71ZBAn0,Low G | Love Game (ft. tlinh) | OFFICIAL MUSIC VIDEO,Low G,227.0,100.0,False,"[""exact_channel_artist"", ""artist_in_title""]","[""official_music_video""]",0.13817550967198483,False,automatic,youtube_search,True
7k9aYmnQ1nrp3RMTxNtUQV,EM CHỈ LÀ,"EM XINH ""SAY HI""",2025-06-30,314026,2KBi_5yOw9c,"'EM CHỈ LÀ' - HOÀNG DUYÊN sâu lắng cùng Bích Phương, Muộii, LyHan, Tăng Duy Tân | Em Xinh Say Hi",HOÀNG DUYÊN,336,18.8,False,"[""artist_in_title""]",,0.070064,False,automatic,user_or_pattern_selected (no_confident_match),False
34FhBswjcDbFzGx8zcPqoj,GÃ SĂN CÁ,"EM XINH ""SAY HI""",2025-06-30,232615,6858VdGzXwI,"GÃ SĂN CÁ (Feat. EM XINH ""SAY HI"", Lâm Bảo Ngọc, Quỳnh Anh Shyn, MAIQUINN, Saabirose,...","EM XINH ""SAY HI"" - Topic",233,21.2,False,"[""exact_channel_artist"", ""artist_in_channel"", ""artist_in_title""]","[""topic_channel""]",0.00172,False,automatic,user_or_pattern_selected (no_confident_match),True
3qKeW2XJFZU5CvOQKStQW6,NGƯỜI ĐẦU TIÊN,"EM XINH ""SAY HI""",2025-08-18,232131,HuQdbV_LhvY,"NGƯỜI ĐẦU TIÊN (Feat. EM XINH ""SAY HI"", Juky San)","EM XINH ""SAY HI"" - Topic",233.0,100.0,False,"[""exact_channel_artist"", ""artist_in_channel"", ""artist_in_title""]","[""topic_channel""]",0.0037435758257190984,False,automatic,youtube_search,True
1ApIGNgp1azc0qB61x4GzG,Không Buông,Hngle,2025-08-25,174866,9UcQ7ddVjoc,Hngle - KHÔNG BUÔNG ft. Ari | Official Music Video,HNGLE / hưng lê,205.0,100.0,False,"[""artist_in_channel"", ""artist_in_title""]","[""official_music_video""]",0.17232623837681424,False,automatic,youtube_search,True
1uiqiUzPn2EJpvHDy84PEZ,KHÔNG ĐAU NỮA RỒI,"EM XINH ""SAY HI""",2025-06-23,291268,GHzruRTCIZQ,ED10,EX - Topic,259,0,True,,"[""topic_channel""]",0.110882,False,automatic,user_or_pattern_selected (no_confident_match),True
7C0kNQRFtNhs7Ibx1Q4sLy,HỀ,"EM XINH ""SAY HI""",2025-06-23,266011,ux0Sn5vesJ4,"[Color Coded Lyrics] HỀ - Pháo, Chi Xê, Phương Mỹ Chi, Phương Ly, WEAN | Em Xinh Say Hi",Vie Channel - MUSIC,297,6.7,False,"[""artist_in_title""]","[""lyrics""]",0.116541,False,automatic,user_or_pattern_selected (no_confident_match),False
11OxuU5y7ebAJyKaY8dOl0,Lý Do Nào Để Quay Lại Với Nhau,PAR SG,2022-05-20,116142,OsY3OK4bdpg,Ly do nao de quay lai voi nhau - PAR SG x New$oulZ,Lê Tấn Đạt,117,61.5,True,"[""artist_in_title""]",,0.007752,False,automatic,user_or_pattern_selected (no_confident_match),False
1WbTOu4D2oHK9fg2qR6msd,Ngày Này Năm Ấy,Việt Anh,2025-07-12,239090,WZLTkMxphZ4,Ngày Này Năm Ấy (Metal Rock),Việt Anh Singer Official,230.0,100.0,False,"[""artist_in_channel""]","[""official_channel""]",0.038019155966372495,False,automatic,youtube_search,True
5rSAUmbOg4giDrM29vUyHe,Nơi Này Có Anh,Sơn Tùng M-TP,2017-04-01,260117,FN7ALfpGxiI,NƠI NÀY CÓ ANH | OFFICIAL MUSIC VIDEO | SƠN TÙNG M-TP,Sơn Tùng M-TP Official,279.0,100.0,False,"[""exact_channel_artist"", ""artist_in_title""]","[""official_channel"", ""official_music_video""]",0.07259425566187523,False,automatic,youtube_search,True
3y66li7DIrH7HLKIZzxR5H,Lễ Đường,Kai Đinh,2025-03-09,249301,xXqDbLK2sWs,Lễ Đường (dreamland Version),Kai Dinh Official,229.0,100.0,False,,"[""official_channel""]",0.08143168298562782,False,automatic,youtube_search,True
0SNgVYcHY0UPil9YGmwU5k,CỨ ĐỔ TẠI CƠN MƯA,"EM XINH ""SAY HI""",2025-08-11,254762,bHn7-LegKd0,"Em Xinh ""Say Hi"" - Cứ Đổ Tại Cơn Mưa (Color Coded Lyrics) | kanji",dizzy.k,251,85,False,"[""artist_in_title""]","[""lyrics""]",0.014914,False,automatic,user_or_pattern_selected (ambiguous),False
7bn8ckDTI4EQIKZ6jRL4K0,Chúng Ta Không Thuộc Về Nhau,Sơn Tùng M-TP,2017-04-01,233009,qGRU3sRbaYw,Chúng Ta Không Thuộc Về Nhau | Official Music Video | Sơn Tùng M-TP,Sơn Tùng M-TP Official,243.0,100.0,False,"[""exact_channel_artist"", ""artist_in_title""]","[""official_channel"", ""official_music_video""]",0.042878172087773433,False,automatic,youtube_search,True
7tFwBnuaGXqiiONukPRaCo,Miên Man,Minh Huy,2022-06-24,197998,7uX_f8YzEiI,Minh Huy - Miên Man (OFFICIAL MV),Minh Huy Official,205.0,100.0,False,"[""exact_channel_artist"", ""artist_in_title""]","[""official_channel"", ""official_music_video""]",0.035363993575692684,False,automatic,youtube_search,True
0QIBqBajZLLcWfL6mpVsN3,Chuyện Chúng Ta Sau Này,Hải Đăng Doo,2023-03-25,245778,PfiToFCr0IM,chuyện chúng ta sau này(Official Visualizer MV) - Hai Dang Doo with Weeza,Hai Dang Doo,246,78,False,,"[""visualizer""]",0.000814,False,automatic,user_or_pattern_selected (no_confident_match),False
2kt7udEZmN2kj1Jsl118zY,0 AI NGHĨ,Wxrdie,2023-03-16,190502,GtmrOux7rgg,Wxrdie - 0 AI NGHĨ [feat. @MachiotOfficial],Wxrdie,187.0,100.0,False,"[""exact_channel_artist"", ""artist_in_title""]",,0.018383009102266642,False,automatic,youtube_search,True
51bYFYWODfYOZU0rwvjiCc,Cho Mình Em,Binz,2021-04-01,206400,2OKYsYErfFo,BINZ x ĐEN - CHO MÌNH EM (Studio Session),Binz Da Poet,209,100,False,"[""artist_in_channel"", ""artist_in_title""]",,0.012597,False,automatic,user_or_pattern_selected (ambiguous),False
3T7XHOdRcyhKU3QCB6kZG3,chẳng phải tình đầu sao đau đến thế,MIN,2025-10-22,283333,rLNvDu59ffI,"MIN - chẳng phải tình đầu sao đau đến thế feat. Dangrangto, Antransax (Official Audio)",MIN OFFICIAL,284.0,100.0,False,"[""exact_channel_artist"", ""artist_in_title""]","[""official_channel"", ""official_audio""]",0.002354120416612255,False,automatic,youtube_search,True
1DVYafsLmcQySKkJnY4RCs,Phép Màu,MAYDAYs,2025-02-21,266666,HhcTaxixdSI,Phép Màu (Đàn Cá Gỗ OST) - MAYDAYs ft. Minh Tốc | Official Lyric Video,MAYDAYs,257.0,100.0,False,"[""exact_channel_artist"", ""artist_in_title""]","[""official_lyric_video""]",0.03624759061897655,False,automatic,youtube_search,True
2daxUR0gVJr2dOmOtYvW8R,Anh Đã Không Biết Cách Yêu Em,Quang Đăng Trần,2025-07-05,245750,zloQza64-sM,QUANG ĐĂNG TRẦN - ANH ĐÃ KHÔNG BIẾT CÁCH YÊU EM | Official Lyrics Video,Quang Dang Tran Official ,246.0,100.0,False,"[""artist_in_title""]","[""official_channel"", ""lyrics""]",0.001017293997965412,False,automatic,youtube_search,True
7dlgEjrK3lHbP786dshKDV,CHỜ ANH VỀ,"ANH TRAI ""SAY HI""",2025-12-08,214158,5-0qDNPsqE8,"CHỜ ANH VỀ (Feat. ANH TRAI ""SAY HI"", B Ray, AMEE)","ANH TRAI ""SAY HI"" 2025 - Topic",215.0,100.0,False,"[""artist_in_channel"", ""artist_in_title""]","[""topic_channel""]",0.00393167661259444,False,automatic,youtube_search,True
29Tj2R8sZZ3fzlXZVe1OyY,Pin Dự Phòng,Dương Domic,2024-11-23,226415,IfMv0pJJtAA,Dương Domic ft. Lou Hoàng - Pin Dự Phòng | EP 'Dữ Liệu Quý',Dương Domic,227,61.5,False,"[""exact_channel_artist"", ""artist_in_title""]",,0.00265,False,automatic,user_or_pattern_selected (no_confident_match),False
6gmvd9Lld9MiNR9r6I9eFE,Panorama,Richie D. ICY,2025-10-10,205232,hYU4b-UnCQA,Richie D. ICY x Obito - Panorama (Official Music Video),Richie D. ICY and Obito Official,222.0,100.0,False,"[""artist_in_channel"", ""artist_in_title""]","[""official_channel"", ""official_music_video""]",0.08170265845482186,False,automatic,youtube_search,True
5zXCoF69UxPNLrpar8Rk7e,Còn Gì Đẹp Hơn - Mưa Đỏ Original Soundtrack,Nguyễn Hùng,2025-07-27,281976,sLTsE3udRlE,Còn Gì Đẹp Hơn (Mưa Đỏ Original Soundtrack),Nguyễn Hùng,282,77.599999999999994,False,"[""exact_channel_artist""]",,0.0,False,automatic,user_or_pattern_selected (no_confident_match),False
4BdB08vuS9r4HOoY7GkAxT,Nếu Ngày Ấy,SOOBIN,2019-07-22,292757,xBLe8hb2eTU,Nếu Ngày Ấy,SOOBIN Official,293.0,100.0,False,"[""exact_channel_artist""]","[""official_channel""]",0.0008300399307275317,False,automatic,youtube_search,True
3rIQPhzwnHiF3PzfFVnXp5,Nắng Ấm Trong Tim,Duongg,2025-10-24,248341,8-P928QI-mg,"Duongg - Nắng Ấm Trong Tim (prod. by Dadeon) | Official Visualizer | EP ""Những Cơn Đau Ngày Đầu""",Duongg Official,260,49.3,False,"[""exact_channel_artist"", ""artist_in_title""]","[""official_channel"", ""visualizer""]",0.04712,False,automatic,user_or_pattern_selected (no_confident_match),True
3yWuTOYDztXjZxdE2cIRUa,Opalite,Taylor Swift,2025-10-03,235355,3PJC6uPIekc,Taylor Swift - Opalite (Lyric Video),Taylor Swift,239.0,100.0,False,"[""exact_channel_artist"", ""artist_in_title""]","[""lyric_video""]",0.015487242675957595,False,automatic,youtube_search,True
1fFvYVg1v3rpUSqKNCUh7b,Người Bình Thường,Vũ Cát Tường,2023-12-04,284600,X5KvHXWPYm4,VŨ CÁT TƯỜNG - NGƯỜI BÌNH THƯỜNG | OFFICIAL,Vu Cat Tuong,285,79.099999999999994,False,"[""artist_in_title""]",,0.001405,False,automatic,user_or_pattern_selected (no_confident_match),False
2ix8KB1Xm7rRGzkh3i8P1d,NGƯỜI YÊU CHƯA SINH RA,"ANH TRAI ""SAY HI""",2025-09-29,234374,LBCQ-V9gMRk,"NGƯỜI YÊU CHƯA SINH RA - OFFICIAL AUDIO | Anh Trai ""Say Hi"" 2025",Vie Channel - MUSIC,255,38.6,False,exact_channel_artist | title_verified,official_channel | verified_audio,0.087884,False,automatic,user_or_pattern_selected (no_confident_match),True
7uulTURh3qtUEUnMNtgcA6,Feel At Home,B Ray,2025-07-08,163754,6x1yluqMuc4,[CHO BẢO] 07. Feel At Home - B Ray - Prod. Ducnn,EvB Records,164,72.7,False,"[""artist_in_title""]","[""official_channel""]",0.001221,False,automatic,user_or_pattern_selected (no_confident_match),True
6KIhgRkprgyJNERRMu7Quh,Có Em Chờ,MIN,2020-06-30,234000,_YzngEllRgM,MIN - Có Em Chờ ft. Mr A (Official MV),MIN OFFICIAL,244.0,100.0,False,"[""exact_channel_artist"", ""artist_in_title""]","[""official_channel"", ""official_music_video""]",0.042735042735042736,False,automatic,youtube_search,True
5U30iZBlmxkpHqzb1OSnBS,Yêu 5,Rhymastic,2017-01-01,240000,y576-ONm5II,Lyrics || YÊU 5 - Rhymastic,Jen Hoang,251,100,False,"[""artist_in_title""]","[""lyrics""]",0.045833,False,automatic,user_or_pattern_selected (ambiguous),False
5wYQC7AuxV8ROALWcbVNxc,Giữ Anh Cho Ngày Hôm Qua,Hoàng Dũng,2025-07-09,290634,IADhKnmQMtk,HOÀNG DŨNG - GIỮ ANH CHO NGÀY HÔM QUA (feat. RHYMASTIC) | OFFICIAL MUSIC VIDEO,Hoàng Dũng,345.0,100.0,False,"[""exact_channel_artist"", ""artist_in_title""]","[""official_music_video""]",0.1870600136253845,False,automatic,youtube_search,True
527UV7H9SbnmTVkxBVg56X,Chắc Ai Đó Sẽ Về,Sơn Tùng M-TP,2017-04-01,262164,obUwyRm6hac,Chắc Ai Đó Sẽ Về,Sơn Tùng M-TP Official,263.0,100.0,False,"[""exact_channel_artist""]","[""official_channel""]",0.0031888436246013947,False,automatic,youtube_search,True
6Qwl74olNi1rl65FNxG5We,Và Thế Giới Đã Mất Đi Một Người Cô Đơn,marzuz,2024-05-18,201176,SDNEti5YyJU,Và Thế Giới Đã Mất Đi Một Người Cô Đơn,marzuz,202.0,100.0,False,"[""exact_channel_artist""]",,0.004095916013838629,False,automatic,youtube_search,True
6GM4ZOBDcDroldUxI8GZ2B,Ai Ngoài Anh,VSTRA,2025-12-20,199000,cthtCRmTcgA,VSTRA - Ai Ngoài Anh (Official Audio),VSTRA,199.0,100.0,False,"[""exact_channel_artist"", ""artist_in_title""]","[""official_audio""]",0.0,False,automatic,youtube_search,True
0t8g66pWghsU8MphjUQIdg,Cảm Ơn Người Đã Thức Cùng Tôi - Original Soundtrack,Phùng Khánh Linh,2026-02-14,293500,J3IRYx3PzzM,Cảm Ơn Người Đã Thức Cùng Tôi - Phùng Khánh Linh - Official Lyrics Video - Themesong,30 Pictures and Phùng Khánh Linh,294,70.5,True,"[""artist_in_channel"", ""artist_in_title""]","[""lyrics""]",0.001704,False,automatic,user_or_pattern_selected (no_confident_match),False
5DB1UwivnS4gmcZ27TiYnE,Người Đầu Tiên,Juky San,2025-10-31,215901,HuQdbV_LhvY,"NGƯỜI ĐẦU TIÊN (Feat. EM XINH ""SAY HI"", Juky San)","EM XINH ""SAY HI"" - Topic",233.0,100.0,False,"[""artist_in_title""]","[""topic_channel""]",0.07919833627449618,False,automatic,youtube_search,True
6GUKRhIsWxA7VuZW8MKQLG,Không Thời Gian,Dương Domic,2025-09-20,217731,QGa6FL98h-c,Không Thời Gian - Dương Domic (Official Visualizer),Dương Domic,218.0,100.0,False,"[""exact_channel_artist"", ""artist_in_title""]","[""visualizer""]",0.0012354694554289468,False,automatic,youtube_search,True
66LE366537RxmOur0DcGFH,Vừa Tìm Thấy Đã Đánh Mất,Wren Evans,2026-01-05,262704,zqYVY9nKg24,Vừa Tìm Thấy Đã Đánh Mất,Wren Evans Official,263.0,100.0,False,"[""exact_channel_artist""]","[""official_channel""]",0.0011267434070284426,False,automatic,youtube_search,True
4D1eaEIisnWCVPMnYuMh7q,漫步香港1999,白浩贤BlueC,2024-04-15,221332,n8OFt4fqO6Q,森海 MORI Ep.01 | 布鲁昔 - 漫步香港1999 / Wandering in Hong Kong 1999 (4K),森海 MORI,222,25.8,False,,,0.003163,False,automatic,user_or_pattern_selected (no_confident_match),False
43BJVWcBzHRIDaQCg7abnX,Champion,BLACKPINK,2026-02-26,172992,PgOGYHPoPsE,BLACKPINK - ‘Champion’ (Official Audio),BLACKPINK,173.0,100.0,False,"[""exact_channel_artist"", ""artist_in_title""]","[""official_audio""]",4.624491305956345e-05,False,automatic,youtube_search,True
6s3w7SUVtmm68Bw5KrKMh0,One More Night,BTS,2026-03-20,167589,471JvbFq1Mw,One More Night,BANGTANTV,168.0,100.0,False,"[""artist_in_channel""]","[""official_channel""]",0.0024524282619981025,False,automatic,youtube_search,True
66v7AvDs5gZfmkJgFMMtHL,A Little Dream Of Me,Công Dương,2026-02-28,139000,6Lrb6Yf21m8,A Little Dream of Me - Công Dương ft. Thảo Tâm - MV/Best Cut - Cảm Ơn Người Đã Thức Cùng Tôi OST,30 Pictures,140,100,False,"[""artist_in_title""]","[""music_video""]",0.007194,False,automatic,user_or_pattern_selected (ambiguous),False
3VkV6L37ub0rtuYQoawAqz,Tình Mình Lạ Kì,Lil Zpoet,2021-07-11,300750,Rf7hLmGaEFc,[FMV]  LIL Z - Tình Mình Lạ Kì | Can This Love Be Translated?,Yunnie,295,46.9,False,,,0.019282,False,automatic,user_or_pattern_selected (no_confident_match),False
5tmA5oQDF0ULqRI12LKCDw,Chiều Hôm Ấy,JayKii,2025-09-25,306914,SA35ldy92s0,JayKii | CHIỀU HÔM ẤY (Official MV),JayKii OFFICIAL,318.0,100.0,False,"[""exact_channel_artist"", ""artist_in_title""]","[""official_channel"", ""official_music_video""]",0.036120867734935516,False,automatic,youtube_search,True
4SqE2XLtd1AfppGm2xlkf4,Nắng Ấm Xa Dần,Sơn Tùng M-TP,2017-04-01,191922,488ceQWoGGw,Nắng Ấm Xa Dần - Sơn Tùng M-TP,Sơn Tùng M-TP Official,192.0,100.0,False,"[""exact_channel_artist"", ""artist_in_title""]","[""official_channel""]",0.0004064151061368681,False,automatic,youtube_search,True
3W77mLoXjQEkNjxvYRifjG,tâm trí lang thang,Ánh Sáng AZA,2025-05-15,237931,5vlaJk_p07c,tâm trí lang thang - Ánh Sáng AZA ft. Negav (Official Visualizer),Ánh Sáng AZA Official,245.0,100.0,False,"[""exact_channel_artist"", ""artist_in_title""]","[""official_channel"", ""visualizer""]",0.0297102941609122,False,automatic,youtube_search,True
15yC0BCinDyknKpjk0VLku,Tết Nhà Mình,Hoà Minzy,2021-01-26,235232,ZYk8QscZTbA,Tết Nhà Mình - Hòa Minzy & Lăng LD | Gala Nhạc Việt 15,Gala Nhạc Việt,235,40,False,,,0.00085,False,automatic,user_or_pattern_selected (no_confident_match),False
2HEd2fkMbbIclpv8pYvWW0,để dành cho em,Dangrangto,2026-02-26,293549,QxXYWMIQAcQ,Dangrangto - 'để dành cho em' (Visualizer),Dangrangto and DONAL,294,100,False,"[""artist_in_channel"", ""artist_in_title""]","[""visualizer""]",0.001704,False,automatic,user_or_pattern_selected (ambiguous),False
0NyrI1tMvqcK3vU5z9DMdI,She Neva Knows,JustaTee,2012-01-21,293000,NU-OIRTiVsM,JustaTee - She Neva Knows ( Original ),Touliver,290,100,False,"[""artist_in_title""]",,0.010239,False,automatic,user_or_pattern_selected (ambiguous),False
0a32EBPjqAe47cYDPE5Ia5,Em,Binz,2026-05-24,296983,6uVJqD2hSGQ,07. Em - Binz (feat. SOOBIN) | Gặp Lại Album,Binz Da Poet,296,19,False,"[""artist_in_channel"", ""artist_in_title""]",,0.003367,False,automatic,user_or_pattern_selected (no_confident_match),False
6BnPsHZv1jPbPAsQsm0s5b,Nếu Như Ta Chẳng Còn,RPT MCK,2026-06-17,317972,rYWLIJB214Q,Nếu Như Ta Chẳng Còn - MCK (ft. A$AP Ướt Mi),MCK // Nger,315,90.9,False,,,0.009434,False,automatic,user_or_pattern_selected (no_confident_match),False
2KslE17cAJNHTsI2MI0jb2,Standing Next to You,Jung Kook,2023-11-03,206019,UNo0TG9LwwI,정국 (Jung Kook) 'Standing Next to You' Official MV,HYBE LABELS,227.0,100.0,False,"[""artist_in_title""]","[""official_channel"", ""official_music_video""]",0.10184012154218786,False,automatic,youtube_search,True
11T61UpoNbbcewOMl1kcWN,Dạo Bước HongKong 1999,NHONHO,2026-03-17,209672,FZZBvg_D-Z0,Dạo Bước HongKong 1999,NHONHO mơi nhạc,210,100,False,"[""artist_in_channel""]",,0.001431,False,automatic,user_or_pattern_selected (ambiguous),False
0GXZXSDFSbJjqdGifjSaig,Sớm Như Vậy,buitruonglinh,2026-04-09,220893,aqEjQyNTP8c,Sớm Như Vậy / Buitruonglinh (Lyrics Video),buitruonglinh station and buitruonglinh,219,61.1,False,"[""artist_in_channel"", ""artist_in_title""]","[""lyrics""]",0.008601,False,automatic,user_or_pattern_selected (no_confident_match),False
6mKMGpkgP2cH5gmqILWe7b,vết thương,Fishy,2023-06-29,261617,LIKOvbJ-DZg,fishy - VẾT THƯƠNG - OFFICIAL MUSIC VIDEO,fishy,258.0,100.0,False,"[""exact_channel_artist"", ""artist_in_title""]","[""official_music_video""]",0.013825554149768556,False,automatic,youtube_search,True
0hB27T4dy9qBUcZabsrLOj,Dạo Gần Đây Anh Thấy Anh Không Bằng Ai Hết,HIEUTHUHAI,2026-04-22,203500,wHwRdqJ3TD4,HIEUTHUHAI - Dạo Gần Đây Anh Thấy Anh Không Bằng Ai Hết (prod. by Kewtiie) | Official Lyric Video,HIEUTHUHAI,205.0,100.0,False,"[""exact_channel_artist"", ""artist_in_title""]","[""official_lyric_video""]",0.007371007371007371,False,automatic,youtube_search,True
1UhQ0VwKq2PGnLiAZOJYV1,Em,Binz,2025-10-25,208289,CU2PtRKBkuw,Em - Binz,Binz Da Poet,208,100,False,"[""artist_in_channel"", ""artist_in_title""]",,0.00144,False,automatic,user_or_pattern_selected (ambiguous),False
0pavLg3wbL6PVXAgXoWv4S,Một Nửa Sự Thật,24k.Right,2024-12-11,230036,xnIIoan7ft8,"24K.RIGHT - MỘT NỬA SỰ THẬT [feat. NGẮN, HIPZ] | OFFICIAL MUSIC VIDEO",24kRight,260.0,100.0,False,"[""exact_channel_artist"", ""artist_in_title""]","[""official_music_video""]",0.13025787268079778,False,automatic,youtube_search,True
4nyoalDFgUaZOzIKqj3aS5,Ngàn Năm Ánh Sáng,Đặng Vĩnh Thịnh,2025-07-30,214438,5aU6EXel1Cs,NGÀN NĂM ÁNH SÁNG - ĐẶNG VĨNH THỊNH (Official Lyric Video),Đặng Vĩnh Thịnh,215.0,100.0,False,"[""exact_channel_artist"", ""artist_in_title""]","[""official_lyric_video""]",0.0026208041485184528,False,automatic,youtube_search,True
22GCbN9OyrCa1tC1jZnX8O,Gội Đầu,Thắng,2026-02-13,264785,d411rY1RrB0,Gội Đầu (feat. Hà Lê),Thắng,265.0,100.0,False,"[""exact_channel_artist""]",,0.0008119795305625318,False,automatic,youtube_search,True
6IxPiUQI4Cd0mL0pBIOjAg,Hết Yêu,HIEUTHUHAI,2026-04-22,240500,Cmz5f3Sock4,HIEUTHUHAI - Hết Yêu (prod. by Kewtiie) | Official Lyric Video,HIEUTHUHAI,242.0,100.0,False,"[""exact_channel_artist"", ""artist_in_title""]","[""official_lyric_video""]",0.006237006237006237,False,automatic,youtube_search,True
71luUs5K7N1fdf7ecMKg04,Cho Con (Lullaby pt.2),B Ray,2026-05-23,137074,ERABWON9Qck,[UNhiddenGem Mixtape] 3. Cho Con (Lullaby pt.2)  - B Ray,EvB Records,138,75,False,"[""artist_in_title""]","[""official_channel""]",0.006565,False,automatic,user_or_pattern_selected (no_confident_match),True
4wD6v7xAl1Hhfl2rli4q0n,Vacheron Louie V,HIEUTHUHAI,2026-04-22,169558,UUGScGFbPxk,HIEUTHUHAI - Vacheron Louie V ft. Hustlang Robber (prod. by Kewtiie) | Official Lyric Video,HIEUTHUHAI,172.0,100.0,False,"[""exact_channel_artist"", ""artist_in_title""]","[""official_lyric_video""]",0.014402151476191038,False,automatic,youtube_search,True
6ag0c7tBr3PIqPb00C2rK4,NGƯỜI NHƯ ANH XỨNG ĐÁNG CÔ ĐƠN - KHÔNG ĐAU NỮA RỒI,VCT,2026-02-16,354440,w-Ele0UMXr0,"NGƯỜI NHƯ ANH XỨNG ĐÁNG CÔ ĐƠN - Vũ Cát Tường, Ngô Kiến Huy, NEGAV, Jey B, Karik |[Performance]",Vie Channel - MUSIC,334,61.2,True,,,0.057562,False,automatic,user_or_pattern_selected (no_confident_match),False
1r9gNSD1WUFscqTSA2Rcet,Hẹn Lần Sau,MAYDAYs,2025-12-18,219403,44D1CzNtbG0,Hẹn Lần Sau - MAYDAYs (Official Visualizer),MAYDAYs,220.0,100.0,False,"[""exact_channel_artist"", ""artist_in_title""]","[""visualizer""]",0.0027210202230598486,False,automatic,youtube_search,True
1VyXprVXZYNGWWZf1u4JfN,Blue Lips,CORTIS,2026-05-04,141880,hOIY3OhvD94,CORTIS (코르티스) 'Blue Lips' Official MV,HYBE LABELS and CORTIS,170.0,100.0,False,"[""artist_in_channel"", ""artist_in_title""]","[""official_channel"", ""official_music_video""]",0.1981956583027911,False,automatic,youtube_search,True
0KA8tBqZ81mBe2po59GK5j,Trạng Thái Mộng Mơ,Đỗ Hoàng Long,2026-02-05,295384,mp0c6OMtvGA,Trạng Thái Mộng Mơ,Đỗ Hoàng Long - Topic,296.0,100.0,False,"[""exact_channel_artist"", ""artist_in_channel""]","[""topic_channel""]",0.0020854210112937737,False,automatic,youtube_search,True
5YPU2SdqR2pOsfFs5AW25q,Kém Duyên,Rum,2024-07-20,224744,cvoyUIIAdrY,KÉM DUYÊN | RUM X NIT X MASEW,Rum,225,50,False,"[""exact_channel_artist"", ""artist_in_title""]",,0.001335,False,automatic,user_or_pattern_selected (no_confident_match),False
2w7jOvl0kpplNxisgfnCdT,Nếu Biết Đó Là Lần Cuối,Đức Trường,2022-08-19,240000,HmB5x6wu79E,NẾU BIẾT ĐÓ LÀ LẦN CUỐI - ĐỨC TRƯỜNG (OFFICIAL MUSIC VIDEO),Đức Trường,252.0,100.0,False,"[""exact_channel_artist"", ""artist_in_title""]","[""official_music_video""]",0.05,False,automatic,youtube_search,True
5UUNrCgGtC6JOrATM3y3ZT,Sắp Nổi Tiếng 2,HIEUTHUHAI,2026-04-22,204967,LDv_xwt2MMY,HIEUTHUHAI - Sắp Nổi Tiếng 2 (prod. by Kewtiie) | Official Lyric Video,HIEUTHUHAI,205.0,100.0,False,"[""exact_channel_artist"", ""artist_in_title""]","[""official_lyric_video""]",0.00016100152707509014,False,automatic,youtube_search,True
4TmcmTzr88j02kCDh19VNt,SECRET,"TINH HÀ ""SAY HI""",2026-08-08,280560,tP5sWLmk2Iw,SECRET | TINH HÀ SAY HI | OFFICIAL VISUALIZER,Vie Channel - MUSIC,281,33.299999999999997,False,"[""artist_in_title""]","[""visualizer""]",0.001426,False,automatic,user_or_pattern_selected (no_confident_match),False
7aBUKC55ymgBw7M5gdppte,MRT,"TINH HÀ ""SAY HI""",2026-08-08,331194,ZTbziS5_eso,MRT | TINH HÀ SAY HI | OFFICIAL VISUALIZER,Vie Channel - MUSIC,332,20,False,"[""artist_in_title""]","[""visualizer""]",0.002415,False,automatic,user_or_pattern_selected (no_confident_match),False
73RcFjiDtStfP3GCW44vJu,Ngày Rời Chuyến Bay,Minh Huy,2026-03-14,229385,sPQXOA6pzOg,Minh Huy - Ngày Rời Chuyến Bay ft Pinny ( Official Music Video ),Minh Huy Official and Pinny Official ,275.0,100.0,False,"[""artist_in_channel"", ""artist_in_title""]","[""official_channel"", ""official_music_video""]",0.1988578154630861,False,automatic,youtube_search,True
1IWEzoYndBj6ntPQ1nYiFP,LAVIEM,"TINH HÀ ""SAY HI""",2026-09-05,270620,Jv6oLh4FO-E,LAVIEM | TINH HÀ SAY HI | OFFICIAL VISUALIZER,Vie Channel - MUSIC,271,33.299999999999997,False,"[""artist_in_title""]","[""visualizer""]",0.001478,False,automatic,user_or_pattern_selected (no_confident_match),False
6CTdPSNvUYw7UjerVIkUia,xương rồng (intro),Dangrangto,2026-06-17,245040,4jjOH2FR6-E,Dangrangto - 'xương rồng (intro)' (Prod. DONAL),Dangrangto,254.0,100.0,False,"[""exact_channel_artist"", ""artist_in_title""]",,0.03656545870062031,False,automatic,youtube_search,True
4VjLWbQhf8KUPMeuBO5H55,MVP (MƯA VỘI PHÓNG),"TINH HÀ ""SAY HI""",2026-07-25,221800,_5ccR5Fjf0g,TINH HÀ SAY HI - MVP (Mưa Vội Phóng) Lyrics (Color Coded Lyrics),chnee,222,86.7,False,"[""artist_in_title""]","[""lyrics""]",0.000902,False,automatic,user_or_pattern_selected (ambiguous),False
0CY9y1F7RcRSV3raHljdxu,THẾ GIỚI CỦA ANH,"TINH HÀ ""SAY HI""",2026-07-25,257595,w_oVLeAsI2c,THẾ GIỚI CỦA ANH | TINH HÀ SAY HI | OFFICIAL VISUALIZER,Vie Channel - MUSIC,264,57.1,False,"[""artist_in_title""]","[""visualizer""]",0.024845,False,automatic,user_or_pattern_selected (no_confident_match),False
4HjBeRYorM50d1rCrl853a,50 CUỘC GỌI NHỠ,"TINH HÀ ""SAY HI""",2026-07-11,240000,pbAc78KfJNA,"Quang Hùng MasterD - ‘50 Cuộc Gọi Nhỡ’ (ft. CoolKid, Cody Nam Võ, Jaysonlei) / TINH HÀ SAY HI",Quang Hùng MasterD,261,46.9,False,"[""artist_in_title""]",,0.0875,False,automatic,user_or_pattern_selected (no_confident_match),False
6Zoi4ue74UdUeYmHXItXnf,Vùng An Toàn,B Ray,2025-07-08,265954,_XX248bq6Pw,[CHO BẢO] 02. Vùng An Toàn - B Ray (ft. V#) - Prod. Hipz,EvB Records,266,75,False,"[""artist_in_title""]","[""official_channel""]",0.0,False,automatic,user_or_pattern_selected (no_confident_match),True
0eAuGrXyGFYwur9ARUe7LJ,Earrings,Malcolm Todd,2024-04-05,151500,a4tdS3IB294,Malcolm Todd - Earrings (Official Visualizer),Malcolm Todd,152.0,100.0,False,"[""exact_channel_artist"", ""artist_in_title""]","[""visualizer""]",0.0033003300330033004,False,automatic,youtube_search,True
5jCSifehmtV2KDWLoXgA8F,MOVE ON,Anh Trai Vượt Ngàn Chông Gai,2026-07-04,220645,hV0Ik2F39KY,MOVE ON,Anh Trai Vượt Ngàn Chông Gai - Topic,221.0,100.0,False,"[""exact_channel_artist"", ""artist_in_channel""]","[""topic_channel""]",0.0016089193047655736,False,automatic,youtube_search,True
50xuQI5QlXggFKpq66IBON,Sandwich & Story,MONO,2026-07-09,235658,xxe5d9QJav4,Sandwich & Story - MONO (BEAUTIFUL MELODY Album - Track No. 04),Mono Official,240.0,100.0,False,"[""exact_channel_artist"", ""artist_in_title""]","[""official_channel""]",0.018425005728640656,False,automatic,youtube_search,True
3bmqUlen7AJeTh3EKCEPHe,CÔ ĐƠN ANH CŨNG VUI,"TINH HÀ ""SAY HI""",2026-07-11,350421,irl_V_crE2g,CÔ ĐƠN ANH CŨNG VUI | TINH HÀ SAY HI | OFFICIAL VISUALIZER,Vie Channel - MUSIC,350,61.3,False,"[""artist_in_title""]","[""visualizer""]",0.001142,False,automatic,user_or_pattern_selected (no_confident_match),False
5tdz7T4hTxA1ipJMBe24uX,"ex's hate me, Pt.2",AMEE,2020-06-20,216500,86htdJAHF-E,AMEE x B RAY - Ex’s Hate Me (Part 2) | Lyric Video (from album “dreAMEE”),ST.319 Entertainment,221,82.8,True,"[""artist_in_title""]","[""official_channel"", ""lyric_video""]",0.020785,False,automatic,user_or_pattern_selected (no_confident_match),True
20jbSiX29FDX4oQxBXyUEi,hate that i made you love me,Ariana Grande,2026-05-29,197949,v1t4MTqdfyI,Ariana Grande - hate that i made you love me (official lyric video),Ariana Grande,199.0,100.0,False,"[""exact_channel_artist"", ""artist_in_title""]","[""official_lyric_video""]",0.0053094483932730144,False,automatic,youtube_search,True
6Q2oEdOhRjZ1DTv2a7j0lN,Ghé Qua,PC,2018-03-17,237192,W2FRMzCuPzY,Ghé Qua - Dick x Tofu x PC [Official Audio],TaynguyenSound Official and 2 more,237,45.2,False,"[""artist_in_title""]","[""official_channel"", ""official_audio""]",0.000843,False,automatic,user_or_pattern_selected (no_confident_match),True
7Ldcvhcl4Xj4eOTSWpZus5,ACAI,CORTIS,2026-05-04,173947,nCElUD0jvgo,CORTIS (코르티스) 'ACAI' Official MV,HYBE LABELS and CORTIS,191.0,100.0,False,"[""artist_in_channel"", ""artist_in_title""]","[""official_channel"", ""official_music_video""]",0.09803560854743111,False,automatic,youtube_search,True
6LakfNLAPklxBWkexiRfD0,ĐỢI,52Hz,2024-01-31,199278,cizoIav3geY,ĐỢI - 52Hz (prod. RIO) | Official Lyric Video,52Hz,197.0,100.0,False,"[""exact_channel_artist"", ""artist_in_title""]","[""official_lyric_video""]",0.011431266873413021,False,automatic,youtube_search,True
3H6nzsPNMttEvUl3ai3xN8,Vùng Ký Ức,Chillies,2021-05-05,296500,T0sHaz4H9MQ,Vùng Ký Ức - Chillies (Official Music Video),Chillies,329.0,100.0,False,"[""exact_channel_artist"", ""artist_in_title""]","[""official_music_video""]",0.10961214165261383,False,automatic,youtube_search,True
6E3P4uOfKHYXJLK6Q3s0Tj,Cơn Mưa Cuối,JustaTee,2016-11-03,324101,-esiEI4HTdk,(Lyric Video) Cơn Mưa Cuối - JustaTee x Binz,JustaTeeMusic,329,60,False,"[""artist_in_channel"", ""artist_in_title""]","[""lyric_video""]",0.015119,False,automatic,user_or_pattern_selected (ambiguous),False
65st6HfPZyxq1RNTvqSIos,Thu Đợi,Wren Evans,2026-01-05,310833,BIbgncfLpl0,WREN EVANS - THU ĐỢI | OFFICIAL LYRICS VIDEO (ft. itsnk),Wren Evans Official,312.0,100.0,False,"[""exact_channel_artist"", ""artist_in_title""]","[""official_channel"", ""lyrics""]",0.0037544276186891354,False,automatic,youtube_search,True
