spotify_track_id,title,artist,youtube_video_id,youtube_title,status,attempts,output_file,error
6Im9k8u9iIzKMrmV7BWtlF,34+35,Ariana Grande,cnyCcF20pRo,Ariana Grande - 34+35 (official lyric video),success,0,data\raw\audio\6Im9k8u9iIzKMrmV7BWtlF.wav,
4SFknyjLcyTLJFPKD2m96o,How You Like That,BLACKPINK,ioNng23DkIM,BLACKPINK - 'How You Like That' M/V,success,0,data\raw\audio\4SFknyjLcyTLJFPKD2m96o.wav,
3aQem4jVGdhtg116TmJnHz,What’s Next,Drake,3jo8E95fDqA,Drake - What’s Next (Official Lyric Video),success,0,data\raw\audio\3aQem4jVGdhtg116TmJnHz.wav,
5QO79kh1waicV47BqGRL3g,Save Your Tears,The Weeknd,XXYlFuWEuKI,The Weeknd - Save Your Tears (Official Music Video),success,0,data\raw\audio\5QO79kh1waicV47BqGRL3g.wav,
2Zr0bYRHwWXi7eM2wuE6Aj,VVS,MIRANI,hq9hcJIzB6w,VVS (Feat. JUSTHIS) (Prod. GroovyRoom),success,0,data\raw\audio\2Zr0bYRHwWXi7eM2wuE6Aj.wav,
2dHoVW9AxJVSRebPRyV2aA,Gone,ROSÉ,K9_VFxzCuQ0,ROSÉ - 'Gone' M/V,success,0,data\raw\audio\2dHoVW9AxJVSRebPRyV2aA.wav,
5KawlOMHjWeUjQtnuRs22c,Boy With Luv,BTS,XsX3ATc3FbA,BTS (방탄소년단) '작은 것들을 위한 시 (Boy With Luv) (feat. Halsey)' Official MV,success,0,data\raw\audio\5KawlOMHjWeUjQtnuRs22c.wav,
0n2moJpAEWHwaPYYjkzMDl,Blue & Grey,BTS,amnspvOH-EE,Blue & Grey,success,0,data\raw\audio\0n2moJpAEWHwaPYYjkzMDl.wav,
6F2r4HgpJnvKDmkN6JEN6J,As I Am,Justin Bieber,33Uh-uNb5Oc,Justin Bieber - As I Am (Visualizer) ft. Khalid,success,0,data\raw\audio\6F2r4HgpJnvKDmkN6JEN6J.wav,
3eZYOQO4UzKrUDYDghtnFw,test drive,Ariana Grande,1zNYZd94ui8,Ariana Grande - test drive (official audio),success,0,data\raw\audio\3eZYOQO4UzKrUDYDghtnFw.wav,
0CnpSTdL9l5vQM4YnzXtyo,Panorama,IZ*ONE,G8GaQdW2wHc,IZ*ONE (아이즈원) 'Panorama' MV,success,0,data\raw\audio\0CnpSTdL9l5vQM4YnzXtyo.wav,
2dkFOWqyiVFS3xsQUEdBJG,친구,BTS,h7mZX8INIYI,Friends,success,0,data\raw\audio\2dkFOWqyiVFS3xsQUEdBJG.wav,
3apeXzypBMnUfYcZYNX6DH,I CAN'T STOP ME,TWICE,CM4CkVFmTds,"TWICE ""I CAN'T STOP ME"" M/V",success,0,data\raw\audio\3apeXzypBMnUfYcZYNX6DH.wav,
0ono6UCNVZ1XqOm6j78Blu,Filter,BTS,dNUnnb8F-Cw,Filter,success,0,data\raw\audio\0ono6UCNVZ1XqOm6j78Blu.wav,
3J8EOeKLTLXORtWPpOU5bE,Calling My Phone,Lil Tjay,zzd4ydafGR0,Lil Tjay - Calling My Phone (feat. 6LACK) [Official Video],success,0,data\raw\audio\3J8EOeKLTLXORtWPpOU5bE.wav,
6kH1sKkvgN4Yikake52glq,We Ride,Brave Girls,4HjcypoChfQ,[MV] Brave Girls(브레이브걸스) _ We Ride(운전만해),success,0,data\raw\audio\6kH1sKkvgN4Yikake52glq.wav,
1t2qYCAjUAoGfeFeoBlK51,Black Mamba,aespa,1YUGlb71FE8,aespa 'Black Mamba' Lyrics (에스파 Black Mamba 가사) (Color Coded Lyrics),success,0,data\raw\audio\1t2qYCAjUAoGfeFeoBlK51.wav,
5zFglKYiknIxks8geR8rcL,Beautiful Mistakes,Maroon 5,BSzSn-PRdtI,Maroon 5 - Beautiful Mistakes ft. Megan Thee Stallion (Official Music Video),success,0,data\raw\audio\5zFglKYiknIxks8geR8rcL.wav,
6YvqWjhGD8mB5QXcbcUKtx,Love Story (Taylor’s Version),Taylor Swift,aXzVF3XeS8M,Taylor Swift - Love Story (Taylor’s Version) [Official Lyric Video],success,0,data\raw\audio\6YvqWjhGD8mB5QXcbcUKtx.wav,
6tDDoYIxWvMLTdKpjFkc1B,telepatía,Kali Uchis,Dwzk-XZxZ4k,Kali Uchis – telepatía [Official Audio],success,0,data\raw\audio\6tDDoYIxWvMLTdKpjFkc1B.wav,
7K31QxS2DmTBxdYldd8yqf,Tomorrow,lIlBOI,O0U7RQL1rOk,"Tomorrow (Feat. GIRIBOY, BIG Naughty)",success,0,data\raw\audio\7K31QxS2DmTBxdYldd8yqf.wav,
6FdShjf7nA2cqEnpv1tIia,Make A Wish (Birthday Song),NCT U,tyrVtwE8Gv0,NCT U 엔시티 유 'Make A Wish (Birthday Song)' MV,success,0,data\raw\audio\6FdShjf7nA2cqEnpv1tIia.wav,
02MWAaffLxlfxAUY7c5dvx,Heat Waves,Glass Animals,KT7F15T9VBI,Glass Animals - Heat Waves (Lyrics),success,0,data\raw\audio\02MWAaffLxlfxAUY7c5dvx.wav,
4vTgx6h4seHvkuFh84JXYP,My Time,BTS,VTh7DIOfd1w,"Jungkook (BTS) ""My Time (시차)"" Lyrics",success,0,data\raw\audio\4vTgx6h4seHvkuFh84JXYP.wav,
0SJ7vFES0Lj6pnumh3DhCe,People,Agust D,sHbl6mt6X80,사람,success,0,data\raw\audio\0SJ7vFES0Lj6pnumh3DhCe.wav,
44WLOqH7QayQOQdeUHeKUK,We are Bulletproof : the Eternal,BTS,7UWBYJjuIL0,[2020 FESTA] BTS (방탄소년단) 'We are Bulletproof : the Eternal' MV #2020BTSFESTA,success,0,data\raw\audio\44WLOqH7QayQOQdeUHeKUK.wav,
22ryCgQttpV7oCrn7llGRu,Magic Shop,BTS,38k5zr1e0HI,Magic Shop,success,0,data\raw\audio\22ryCgQttpV7oCrn7llGRu.wav,
1Q6lzzQHM5dvtTCwcfeKDy,PARANOIA,KANGDANIEL,zLrWIgkvoB0,강다니엘(KANGDANIEL) - PARANOIA M/V,success,0,data\raw\audio\1Q6lzzQHM5dvtTCwcfeKDy.wav,
39EXZNMxb4RBHlRjnRaOKp,Sweet Night,V,_pC6o6H3CmY,Sweet Night,success,0,data\raw\audio\39EXZNMxb4RBHlRjnRaOKp.wav,
7FdUvDkaE24o3FPIWTvzv2,Follow You,Imagine Dragons,1DoI5WTjd3w,Imagine Dragons - Follow You (Lyric Video),success,0,data\raw\audio\7FdUvDkaE24o3FPIWTvzv2.wav,
6ocbgoVGwYJhOv1GgI9NsF,7 rings,Ariana Grande,QYh6mYIJG2Y,Ariana Grande - 7 rings (Official Video),success,0,data\raw\audio\6ocbgoVGwYJhOv1GgI9NsF.wav,
09IStsImFySgyp0pIQdqAc,The Middle,Zedd,Lj6Y6JCu-l4,"Zedd, Maren Morris, Grey - The Middle (Lyric Video)",success,0,data\raw\audio\09IStsImFySgyp0pIQdqAc.wav,
2M7a2Us8CEU1HZHj70byGX,Hi spring Bye,IU,PLDH-rcYd8c,Hi spring Bye (봄 안녕 봄),success,0,data\raw\audio\2M7a2Us8CEU1HZHj70byGX.wav,
6f3Slt0GbA2bPZlz0aIFXN,The Business,Tiësto,wJS9eb6_o00,Tiësto - The Business (Official Audio),success,0,data\raw\audio\6f3Slt0GbA2bPZlz0aIFXN.wav,
3Z8FwOEN59mRMxDCtb8N0A,Be Kind,Marshmello,flEc35foIg0,Marshmello & Halsey - Be Kind (Marshmello Lyric Video),success,0,data\raw\audio\3Z8FwOEN59mRMxDCtb8N0A.wav,
5uHrWZqndnheP1qtYr6xGC,Moonlight,Agust D,YZ0Exxdj7YQ,저 달,success,0,data\raw\audio\5uHrWZqndnheP1qtYr6xGC.wav,
6SvC0ocJPoolWLaEV8UE58,What Type of X,Jessi,OEu1OWf8ezU,Jessi (제시) - '어떤X (What Type of X)' MV,success,0,data\raw\audio\6SvC0ocJPoolWLaEV8UE58.wav,
6Qs4SXO9dwPj5GKvVOv8Ki,Dancing With A Stranger,Sam Smith,av5JD1dfj_c,"Sam Smith, Normani - Dancing With A Stranger (Official Music Video)",success,0,data\raw\audio\6Qs4SXO9dwPj5GKvVOv8Ki.wav,
0EQMrxdeiBhry9JCxskko3,I'm Fine,BTS,dyXhcS04MVY,I'm Fine,success,0,data\raw\audio\0EQMrxdeiBhry9JCxskko3.wav,
0rNLaGUleZ91DXMxmZNq5v,Fireworks (I'm The One),ATEEZ,xtcVwuauVV0,ATEEZ(에이티즈) - ‘Fireworks (I'm The One)’ Official MV,success,0,data\raw\audio\0rNLaGUleZ91DXMxmZNq5v.wav,
6B8MM3PVQtUbZLay7tP7er,Hot Sauce,NCT DREAM,xlSHPP4H-GU,맛 Hot Sauce,success,0,data\raw\audio\6B8MM3PVQtUbZLay7tP7er.wav,
46wDG6evLn2iPoQ0F8CUWk,My sea,IU,TqIAndOnd74,My sea (아이와 나의 바다),success,0,data\raw\audio\46wDG6evLn2iPoQ0F8CUWk.wav,
5qNh5WtzMbfpSj2jLlBkoD,Your Power,Billie Eilish,BPp4doFEkYE,Billie Eilish - Your Power (Official Lyric Video),success,0,data\raw\audio\5qNh5WtzMbfpSj2jLlBkoD.wav,
4iJyoBOLtHqaGxP12qzhQI,Peaches,Justin Bieber,tQ0yjYUFKAE,"Justin Bieber - Peaches ft. Daniel Caesar, Giveon",success,0,data\raw\audio\4iJyoBOLtHqaGxP12qzhQI.wav,
2pn8dNVSpYnAtlKFC8Q0DJ,On The Ground,ROSÉ,vndXd9bf7GQ,ROSÉ - On The Ground (Lyrics),success,0,data\raw\audio\2pn8dNVSpYnAtlKFC8Q0DJ.wav,
2zrhoHlFKxFTRF5aMyxMoQ,Next Level,aespa,4TWR90KJl84,aespa 에스파 'Next Level' MV,success,0,data\raw\audio\2zrhoHlFKxFTRF5aMyxMoQ.wav,
7MAibcTli4IisCtbHKrGMh,Leave The Door Open,Bruno Mars,adLGHcj_fmA,"Bruno Mars, Anderson .Paak, Silk Sonic - Leave the Door Open [Official Video]",success,0,data\raw\audio\7MAibcTli4IisCtbHKrGMh.wav,
5xrtzzzikpG3BLbo4q1Yul,LILAC,IU,Df_4SNsQVH4,IU LILAC Lyrics (아이유 라일락 가사)  (Color Coded Lyrics),success,0,data\raw\audio\5xrtzzzikpG3BLbo4q1Yul.wav,
3UHPGOkUcE4hE7sqBF4Snt,Film out,BTS,zFT3f9biz68,BTS (방탄소년단) 'Film out' Official MV,success,0,data\raw\audio\3UHPGOkUcE4hE7sqBF4Snt.wav,
1e0Wxoraz9IzFhREDqgJAe,Butter (Instrumental),BTS,kQd3acEp1HY,Butter (Instrumental),success,0,data\raw\audio\1e0Wxoraz9IzFhREDqgJAe.wav,
0z3ZZ2JKusRpapstADTxVf,Dive Into You,NCT DREAM,hlrP9GXTx84,고래 Dive Into You,success,0,data\raw\audio\0z3ZZ2JKusRpapstADTxVf.wav,
1IJxbEXfgiKuRx6oXMX87e,Ah puh,IU,7n9D8ZeOQv0,Ah puh (어푸 (Ah puh)),success,0,data\raw\audio\1IJxbEXfgiKuRx6oXMX87e.wav,
3VT8hOC5vuDXBsHrR53WFh,Astronaut In The Ocean,Masked Wolf,YRNyamyBOIQ,Masked Wolf - Astronaut in the Ocean,success,0,data\raw\audio\3VT8hOC5vuDXBsHrR53WFh.wav,
6HU7h9RYOaPRFeh0R3UeAr,deja vu,Olivia Rodrigo,fWgboQNNfB8,Olivia Rodrigo - deja vu (Lyric Video),success,0,data\raw\audio\6HU7h9RYOaPRFeh0R3UeAr.wav,
2MJz8BxxMsERULatmBikDH,At My Worst,Pink Sweat$,VXzAJd8UJl8,Pink Sweat$ - At My Worst [Official Audio],success,0,data\raw\audio\2MJz8BxxMsERULatmBikDH.wav,
03qu1u4hDyepQQi2lNxCka,Traffic light,LEE MU JIN,SK6Sm2Ki9tI,[MV] Lee Mujin(이무진) _ Traffic light(신호등),success,0,data\raw\audio\03qu1u4hDyepQQi2lNxCka.wav,
42fR3oINF3KfXCDtheoNiY,Don't fight the feeling,EXO,j5Ael-MSqaQ,EXO Don't fight the feeling lyrics (엑소 Don't fight the feeling 가사) (Color Coded Lyrics),success,0,data\raw\audio\42fR3oINF3KfXCDtheoNiY.wav,
0BBUGRUURDjwcXmDS3kQkN,Atlantis,SHINee,PSYRbJjIT6U,SHINee 샤이니 'Atlantis' MV,success,0,data\raw\audio\0BBUGRUURDjwcXmDS3kQkN.wav,
4rOODw637hsmsq0uzT0DN3,Advice,TAEMIN,sQg4VCB3bYw,TAEMIN 태민 'Advice' MV,success,0,data\raw\audio\4rOODw637hsmsq0uzT0DN3.wav,
1wcr8DjnN59Awev8nnKpQ4,Drunk-Dazed,ENHYPEN,7F_iz7ucNmM,[BE ORIGINAL] ENHYPEN 'Drunk-Dazed' (4K),success,0,data\raw\audio\1wcr8DjnN59Awev8nnKpQ4.wav,
18vXApRmJSgQ6wG2ll9AOg,RAPSTAR,Polo G,w2IhccXakkE,Polo G - RAPSTAR (Official Video),success,0,data\raw\audio\18vXApRmJSgQ6wG2ll9AOg.wav,
34eF4BoV8FPk0uhAAoqU7h,SUN GOES DOWN,Lil Nas X,U3BVFY9wnTw,Lil Nas X - SUN GOES DOWN (Official Video),success,0,data\raw\audio\34eF4BoV8FPk0uhAAoqU7h.wav,
3vG5ilGpaYA2MhVtyTORF1,My Youth,NCT DREAM,U3m82WG_5pI,우리의 계절 My Youth,success,0,data\raw\audio\3vG5ilGpaYA2MhVtyTORF1.wav,
1EHUQesfVKwbthtNcpBi9g,WITHOUT YOU,The Kid LAROI,SJOKlqJho8U,The Kid LAROI - WITHOUT YOU (Official Video),success,0,data\raw\audio\1EHUQesfVKwbthtNcpBi9g.wav,
4JJcP0Rv9AgyPD6ZGaC8EE,durag activity,Baby Keem,YbgT-H39cnQ,"Baby Keem, Travis Scott - durag activity (Official Video)",success,0,data\raw\audio\4JJcP0Rv9AgyPD6ZGaC8EE.wav,
5hnbE5BF2e8BCk9OMR1UVC,Mikrokosmos,BTS,Fw7C6IsDYgI,소우주 (Mikrokosmos),success,0,data\raw\audio\5hnbE5BF2e8BCk9OMR1UVC.wav,
6JdS5rJvJaRA7B1tcm7kxZ,Dionysus,BTS,YmimK6HxqK4,BTS - Dionysus (방탄소년단 - Dionysus) [Color Coded Lyrics/Han/Rom/Eng/가사],success,0,data\raw\audio\6JdS5rJvJaRA7B1tcm7kxZ.wav,
1Zsy7gMUcHDhxC0bbyZmC2,GAMBLER,MONSTA X,98ELkm6rSy4,MONSTA X 몬스타엑스 'GAMBLER' Performance Video,success,0,data\raw\audio\1Zsy7gMUcHDhxC0bbyZmC2.wav,
0CyydmXI4QhgUWrZsPOTXA,Why Can't You Love Me?,WENDY,VM5Q071Rxl8,Why Can't You Love Me?,success,0,data\raw\audio\0CyydmXI4QhgUWrZsPOTXA.wav,
2lwOE4xj0tw2Bpjc6wmzUP,Be There For You,JOY,urwLVpkj4rk,그럴때마다 Be There For You,success,0,data\raw\audio\2lwOE4xj0tw2Bpjc6wmzUP.wav,
5W8jRrZ6tWrTrqnKRtIQBf,p r i d e . i s . t h e . d e v i l,J. Cole,ZLX-GY0dJgc,J. Cole - p r i d e . i s . t h e . d e v i l  feat. Lil' Baby (Official Audio),success,0,data\raw\audio\5W8jRrZ6tWrTrqnKRtIQBf.wav,
6mzkkz2p0Nyyp43Eedv4mS,사이렌,HOMIES,fqtqfsstYm4,호미들 - 사이렌 가사ㅣLyricㅣsmay,success,0,data\raw\audio\6mzkkz2p0Nyyp43Eedv4mS.wav,
0tgBtQ0ISnMQOKorrN9HLX,Last Train Home,John Mayer,66Ne5dVDfLM,John Mayer - Last Train Home (Official Music Video),success,0,data\raw\audio\0tgBtQ0ISnMQOKorrN9HLX.wav,
3JR0ducCexKbeK47g6AHm5,Butter,BTS,WMweEpGlu_U,BTS (방탄소년단) 'Butter' Official MV,success,0,data\raw\audio\3JR0ducCexKbeK47g6AHm5.wav,
4ZtFanR9U6ndgddUvNcjcG,good 4 u,Olivia Rodrigo,o6Tf-xcVB_o,Olivia Rodrigo - good 4 u (Lyric Video),success,0,data\raw\audio\4ZtFanR9U6ndgddUvNcjcG.wav,
3iPbmpKBMflYd7UjdYftoj,Alcohol-Free,TWICE,XA2YEHn-A8Q,"TWICE ""Alcohol-Free"" M/V",success,0,data\raw\audio\3iPbmpKBMflYd7UjdYftoj.wav,
5nujrmhLynf4yMoMtj8AQF,Levitating,Dua Lipa,TUVcZfQe-Kw,Dua Lipa - Levitating Featuring DaBaby (Official Music Video),success,0,data\raw\audio\5nujrmhLynf4yMoMtj8AQF.wav,
0RbW8kWozrVSIGb4V13o0o,Hurricane,Kanye West,bPjZmQAvk_8,Kanye West - Hurricane (Audio),success,0,data\raw\audio\0RbW8kWozrVSIGb4V13o0o.wav,
40uMIn2zJLAQhNXghRjBed,Motley Crew,Post Malone,lCiV4wACZ8w,Post Malone - Motley Crew (Official Video),success,0,data\raw\audio\40uMIn2zJLAQhNXghRjBed.wav,
4t2FIqZJORKZGSKg30SShr,NAKKA,AKMU,EtiPbWzUY9o,AKMU - '낙하 (NAKKA) (with IU)' OFFICIAL VIDEO,success,0,data\raw\audio\4t2FIqZJORKZGSKg30SShr.wav,
50nfwKoDiSYg8zOCREWAm5,Shivers,Ed Sheeran,z2_Lrg6rRks,Ed Sheeran - Shivers [Official Lyric Video],success,0,data\raw\audio\50nfwKoDiSYg8zOCREWAm5.wav,
46HNZY1i7O6jwTA7Slo2PI,My Universe,Coldplay,bZYPI4mYwhw,Coldplay X BTS - My Universe (Official Lyric Video),success,0,data\raw\audio\46HNZY1i7O6jwTA7Slo2PI.wav,
6cqH1q7g5GeRVQVMK1Vc7f,Weekend,TAEYEON,RmuL-BPFi2Q,TAEYEON 태연 'Weekend' MV,success,0,data\raw\audio\6cqH1q7g5GeRVQVMK1Vc7f.wav,
6txVOdSbg928oeGhlVUrdK,Lemonade,NCT 127,eeHH4rsJTI8,NCT 127 Lemonade Lyrics (엔씨티 127 Lemonade 가사)  (Color Coded Lyrics),success,0,data\raw\audio\6txVOdSbg928oeGhlVUrdK.wav,
40iJIUlhi6renaREYGeIDS,Fair Trade,Drake,THVbtGqEO1o,Drake - Fair Trade (Audio) ft. Travis Scott,success,0,data\raw\audio\40iJIUlhi6renaREYGeIDS.wav,
59c0HrzmHfyQs6LgDw5cHe,LOCO,ITZY,MjCZfZfucEc,ITZY “LOCO” M/V @ITZY,success,0,data\raw\audio\59c0HrzmHfyQs6LgDw5cHe.wav,
4Cgct9Vlype9cYZFW2wSnk,"Hey kid, Close your eyes",AKMU,gMXXVS6Hil4,"AKMU - '전쟁터 (Hey kid, Close your eyes) (with Lee Sun Hee)' OFFICIAL VIDEO",success,0,data\raw\audio\4Cgct9Vlype9cYZFW2wSnk.wav,
2gbMPBrBVj3CuNTLp2dHYs,Off The Grid,Kanye West,EbDMNjT-QpI,Kanye West - Off The Grid (Audio),success,0,data\raw\audio\2gbMPBrBVj3CuNTLp2dHYs.wav,
2sXf2JdbB2GlNju00kw9WE,Skate,Bruno Mars,CEw-7cMnBDY,"Bruno Mars, Anderson .Paak, Silk Sonic - Skate [Official Music Video]",success,0,data\raw\audio\2sXf2JdbB2GlNju00kw9WE.wav,
5BXr7hYZQOeRttkeWYTq5S,ASAP,STAYC,NsY-9MCOIAQ,STAYC(스테이씨) 'ASAP' MV,success,0,data\raw\audio\5BXr7hYZQOeRttkeWYTq5S.wav,
3Vi5XqYrmQgOYBajMWSvCi,Need To Know,Doja Cat,dI3xkL7qUAc,Doja Cat - Need to Know (Official Video),success,0,data\raw\audio\3Vi5XqYrmQgOYBajMWSvCi.wav,
2VJOpzv5sBpstCX9venJr5,Rollin',Brave Girls,-Axm4IYHVYk,[MV] 브레이브걸스 (Brave Girls) - 롤린 (Rollin') Dance ver.,success,0,data\raw\audio\2VJOpzv5sBpstCX9venJr5.wav,
0k1WUmIRnG3xU6fvvDVfRG,Way 2 Sexy,Drake,Qr2PWFDB4ZU,"Drake - Way 2 Sexy (Audio) ft. Future, Young Thug",success,0,data\raw\audio\0k1WUmIRnG3xU6fvvDVfRG.wav,
2FymmKBuog0loCuNXMwQID,Ready to love,SEVENTEEN,yCvSR4lSqTg,SEVENTEEN (세븐틴) 'Ready to love' Official MV,success,0,data\raw\audio\2FymmKBuog0loCuNXMwQID.wav,
1c3WMOE7Q0dCFN6bjT8KWo,EVEREST,AKMU,HlYMu0356WQ,AKMU - 'EVEREST (with Sam Kim)' OFFICIAL VIDEO,success,0,data\raw\audio\1c3WMOE7Q0dCFN6bjT8KWo.wav,
44V6EzbUSYgyfsNiP0FrlA,Visiting Hours,Ed Sheeran,pVqX2u6YWqI,Ed Sheeran - Visiting Hours [Official Lyric Video],success,0,data\raw\audio\44V6EzbUSYgyfsNiP0FrlA.wav,
5g6GKZXBoEnPmBl6G261CG,Go Back,Yerin Baek,QGgKZlTsriM,백예린 (Yerin Baek) '돌아가자' Lyric Video,success,0,data\raw\audio\5g6GKZXBoEnPmBl6G261CG.wav,
2ygvZOXrIeVL4xZmAWJT2C,my future,Billie Eilish,HfbRVxO7LEE,Billie Eilish - my future (Official Lyric Video),success,0,data\raw\audio\2ygvZOXrIeVL4xZmAWJT2C.wav,
2TJ1FOCmCBkKm418MjVw5D,Donda,Kanye West,ofIluxP1nEU,Kanye West - Donda (Audio),success,0,data\raw\audio\2TJ1FOCmCBkKm418MjVw5D.wav,
34D6FJysnQioVingDKufuf,N 2 Deep,Drake,Oh-Al70frOc,Drake - N 2 Deep (Audio) ft. Future,success,0,data\raw\audio\34D6FJysnQioVingDKufuf.wav,
0DHh3p0g7qmNNfNdRNwL6N,Try Again,DallasK,w3GCKPeyO2k,DallasK - Try Again (Lyric Video) ft. Lauv,success,0,data\raw\audio\0DHh3p0g7qmNNfNdRNwL6N.wav,
3hB5DgAiMAQ4DzYbsMq1IT,Love Yourself,Justin Bieber,eu6bAOVuxss,Justin Bieber - Love Yourself (Lyrics),success,0,data\raw\audio\3hB5DgAiMAQ4DzYbsMq1IT.wav,
2kJwzbxV2ppxnQoYw4GLBZ,If The World Was Ending,JP Saxe,RAov563V8vI,JP Saxe - If The World Was Ending (Lyric Video) ft. Julia Michaels,success,0,data\raw\audio\2kJwzbxV2ppxnQoYw4GLBZ.wav,
4ZB2yAZyPHI6SHdFPPT9sa,In The Dark,Swae Lee,SmqeO5mj0ec,In The Dark - Swae Lee feat. Jhené Aiko | Marvel Studios' Shang-Chi and the Legend of the Ten Rings,success,0,data\raw\audio\4ZB2yAZyPHI6SHdFPPT9sa.wav,
42m3eP1JJhtzffal9B136J,7am On Bridle Path,Drake,L6W1_fUurpA,Drake - 7am On Bridle Path (Audio),success,0,data\raw\audio\42m3eP1JJhtzffal9B136J.wav,
5u1n1kITHCxxp8twBcZxWy,Holy,Justin Bieber,qaq0nNXy0ak,Justin Bieber - Holy ft. Chance the Rapper (Lyric Video),success,0,data\raw\audio\5u1n1kITHCxxp8twBcZxWy.wav,
39382sUtIOwIXftX0i76do,H.S.K.T.,LEEHI,ww9hZfgC2d8,이하이 (LeeHi) - '머리어깨무릎발 (H.S.K.T.) (Feat. 원슈타인)' Official MV (ENG/CHN),success,0,data\raw\audio\39382sUtIOwIXftX0i76do.wav,
7n2FZQsaLb7ZRfRPfEeIvr,ELEVEN,IVE,e91HyUPLaMM,ELEVEN,success,0,data\raw\audio\7n2FZQsaLb7ZRfRPfEeIvr.wav,
5eXBXreN3d1zdj6Sa8dS0u,Permission to Dance,BTS,LCpjdohpuEE,Permission to Dance,success,0,data\raw\audio\5eXBXreN3d1zdj6Sa8dS0u.wav,
4MokmgyM83qhJ6IAaChom5,Counting Stars,BE'O,mLCsbacHxA8,BE'O (비오) - Counting Stars (Feat. Beenzino) Official MV,success,0,data\raw\audio\4MokmgyM83qhJ6IAaChom5.wav,
2eLe81VDUQ5f0xFfc9cMWz,"MERRY-GO-ROUND (Feat. Zion.T, Wonstein) (Prod. Slom)",sokodomo,3laLavGghc0,"MERRY-GO-ROUND (Feat. Zion.T, Wonstein) (Prod. Slom)",success,0,data\raw\audio\2eLe81VDUQ5f0xFfc9cMWz.wav,
2g0LdZQce9xlcHb1mBJyuz,strawberry moon,IU,sqgxcCjD04s,[MV] IU(아이유) _ strawberry moon,success,0,data\raw\audio\2g0LdZQce9xlcHb1mBJyuz.wav,
7sMBvZCSUl99bJLXZaLa0b,Smokin Out The Window,Bruno Mars,GG7fLOmlhYg,"Bruno Mars, Anderson .Paak, Silk Sonic - Smokin Out The Window [Official Music Video]",success,0,data\raw\audio\7sMBvZCSUl99bJLXZaLa0b.wav,
5g2Ik0WJG9rqu97nCLcQhV,Limousine (Feat. MINO) (Prod. GRAY),BE'O,3eKFF4cCBaY,Limousine (Feat. MINO) (Prod. GRAY),success,0,data\raw\audio\5g2Ik0WJG9rqu97nCLcQhV.wav,
3dbLT62Cvs46Ju7a8gpr36,Savage,aespa,WPdWvnAAurg,aespa 에스파 'Savage' MV,success,0,data\raw\audio\3dbLT62Cvs46Ju7a8gpr36.wav,
00Blm7zeNqgYLPtW6zg8cj,One Right Now,Post Malone,OCogbzIvYg0,"Post Malone, The Weeknd - One Right Now (Official Audio)",success,0,data\raw\audio\00Blm7zeNqgYLPtW6zg8cj.wav,
6hHrPwQYGp9kPL7xLZviBS,Universe (Let's Play Ball),NCT U,SCK8yBLqQJc,NCT U 엔시티 유 'Universe (Let's Play Ball)' MV,success,0,data\raw\audio\6hHrPwQYGp9kPL7xLZviBS.wav,
4XI5Kdm1zdSFxdIGd9xUVT,"gganbu (Feat. YUMDDA, ASH ISLAND) (Prod. TOIL)",KOONTA,3oXKbxq1ceM,"gganbu (Feat. YUMDDA, ASH ISLAND) (Prod. TOIL)",success,0,data\raw\audio\4XI5Kdm1zdSFxdIGd9xUVT.wav,
4t3Vgfjl9Sb6ZR5q5kGOUL,Without You (Feat. ASH ISLAND) (Prod. GRAY),BE'O,K0VzPBVdiZU,Without You (Feat. ASH ISLAND) (Prod. GRAY),success,0,data\raw\audio\4t3Vgfjl9Sb6ZR5q5kGOUL.wav,
4fouWK6XVHhzl78KzQ1UjL,abcdefu,GAYLE,NaFd8ucHLuo,GAYLE - abcdefu (Official Music Video),success,0,data\raw\audio\4fouWK6XVHhzl78KzQ1UjL.wav,
2J0TRU2EDG29qlmxdGa4xa,SCIENTIST,TWICE,vPwaXytZcgI,TWICE “SCIENTIST” M/V,success,0,data\raw\audio\2J0TRU2EDG29qlmxdGa4xa.wav,
2bZIDMpzVooosmPHn0tHnd,STEREOTYPE,STAYC,Xmxcnf2v_gs,STAYC(스테이씨) '색안경 (STEREOTYPE)' MV,success,0,data\raw\audio\2bZIDMpzVooosmPHn0tHnd.wav,
7hU3IHwjX150XLoTVmjD0q,MONEY,LISA,dNCWe_6HAM8,LISA - 'MONEY' EXCLUSIVE PERFORMANCE VIDEO,success,0,data\raw\audio\7hU3IHwjX150XLoTVmjD0q.wav,
5UJTNrW72ZMubW2wKBf8g2,TROUBLE (Prod. Slom),Don Mills,gXdr_rW6w1E,TROUBLE (Prod. Slom),success,0,data\raw\audio\5UJTNrW72ZMubW2wKBf8g2.wav,
3DarAbFujv6eYNliUTyqtz,Kiss Me More,Doja Cat,Ab6E2BsuLJ0,Doja Cat - Kiss Me More (Lyrics) ft. SZA,success,0,data\raw\audio\3DarAbFujv6eYNliUTyqtz.wav,
5enxwA8aAbwZbf5qCHORXi,All Too Well (10 Minute Version) (Taylor's Version) (From The Vault),Taylor Swift,sRxrwjOtIag,All Too Well (10 Minute Version) (Taylor's Version) (From The Vault) (Lyric Video),success,0,data\raw\audio\5enxwA8aAbwZbf5qCHORXi.wav,
0eu4C55hL6x29mmeAjytzC,Life Goes On,Oliver Tree,OT216Rrg0jY,Oliver Tree - Life Goes On,success,0,data\raw\audio\0eu4C55hL6x29mmeAjytzC.wav,
7gXMkqirKU23zgdlSAb00a,Suddenly,BE'O,h4ty0hLmdEg,[ENG/HAN] BE’O (비오) - Suddenly (문득),success,0,data\raw\audio\7gXMkqirKU23zgdlSAb00a.wav,
1jRYyE9MEg7nxUgWEtsqFp,HAPPEN,Heize,AJPLgrfBiBo,Heize - 'HAPPEN' MV (with SONG JOONG KI),success,0,data\raw\audio\1jRYyE9MEg7nxUgWEtsqFp.wav,
7xapw9Oy21WpfEcib2ErSA,Mistletoe,Justin Bieber,LUjn3RpkcKY,Justin Bieber - Mistletoe (Official Music Video),success,0,data\raw\audio\7xapw9Oy21WpfEcib2ErSA.wav,
37BZB0z9T8Xu7U3e65qxFy,Save Your Tears,The Weeknd,LIIDh-qI9oI,The Weeknd & Ariana Grande - Save Your Tears (Remix) (Official Video),success,0,data\raw\audio\37BZB0z9T8Xu7U3e65qxFy.wav,
0hUH6MXHQn9coBKHMXWpD8,OUT OF MY SIGHT,Leellamarz,zcm6b9661no,OUT OF MY SIGHT,success,0,data\raw\audio\0hUH6MXHQn9coBKHMXWpD8.wav,
79IikGOqOg2Rnnz0Fo5Qao,Dreaming,NCT DREAM,bvJ_cNsCqE4,Dreaming,success,0,data\raw\audio\79IikGOqOg2Rnnz0Fo5Qao.wav,
1nahzW3kfMuwReTka28tH5,Hold On,Justin Bieber,HKMP2Woaf2E,Justin Bieber - Hold On (Lyric Video),success,0,data\raw\audio\1nahzW3kfMuwReTka28tH5.wav,
4HBZA5flZLE435QTztThqH,Stuck with U,Ariana Grande,pE49WK-oNjU,Ariana Grande & Justin Bieber - Stuck with U,success,0,data\raw\audio\4HBZA5flZLE435QTztThqH.wav,
1OQ3PoRZRtE7RH0NIh3p1O,Drawer,10CM,QQpyivsdFtM,[Lyrics Video] 10CM - Drawer(서랍),success,0,data\raw\audio\1OQ3PoRZRtE7RH0NIh3p1O.wav,
6lzc0Al0zfZOIFsFvBS1ki,State Of Grace (Taylor's Version),Taylor Swift,-mrC5tRkxrY,Taylor Swift - State Of Grace (Taylor's Version) (Lyric Video),success,0,data\raw\audio\6lzc0Al0zfZOIFsFvBS1ki.wav,
6LXNnUjcOBVyov7bH0NNnM,A Long Day (Feat. Zion.T) (Prod. Fisherman),Basick,oEksY9bHTgI,A Long Day (Feat. Zion.T) (Prod. Fisherman),success,0,data\raw\audio\6LXNnUjcOBVyov7bH0NNnM.wav,
3wKCldl6riuEKxXlvuxFJ2,Pretty Savage - JP Ver.,BLACKPINK,AkUiAW_rlHM,Pretty Savage (Japan Version),success,0,data\raw\audio\3wKCldl6riuEKxXlvuxFJ2.wav,
4aS8OY1JsRSBKGfnAkIOZH,You can't sit with us,SUNMI,0izg-ezAd-c,[BE ORIGINAL] SUNMI (선미) 'You can't sit with us' (4K),success,0,data\raw\audio\4aS8OY1JsRSBKGfnAkIOZH.wav,
4KDNRh9Oor80z3XIxdWlui,Bubbly,Young Thug,uCDE-S1AjuQ,Young Thug - Bubbly (with Drake & Travis Scott) [Official Audio],success,0,data\raw\audio\4KDNRh9Oor80z3XIxdWlui.wav,
2y4hHM6c48Qzk0bqh33XfB,Winter Sleep,IU,m7LtUwSniTo,IU (아이유) - Winter Sleep (겨울잠) 「Audio」,success,0,data\raw\audio\2y4hHM6c48Qzk0bqh33XfB.wav,
3AVXwaOGCEL8cmBecfcsFJ,Light Switch,Charlie Puth,WFsAon_TWPQ,Charlie Puth - Light Switch [Official Music Video],success,0,data\raw\audio\3AVXwaOGCEL8cmBecfcsFJ.wav,
6rVCUwfnuYTAsX4P9fIdIu,Dreams Come True,aespa,H69tJmsgd9I,[STATION] aespa 에스파 'Dreams Come True' MV,success,0,data\raw\audio\6rVCUwfnuYTAsX4P9fIdIu.wav,
02SbQgZbzMoylPoGr32ugF,Drama,IU,AkugjXUj5sM,Drama (드라마),success,0,data\raw\audio\02SbQgZbzMoylPoGr32ugF.wav,
3gFcGnU4kTdMYLXDjH1TK8,RUN2U,STAYC,grG41kS4MUA,STAYC(스테이씨) 'RUN2U' MV,success,0,data\raw\audio\3gFcGnU4kTdMYLXDjH1TK8.wav,
559f8rcNNZW07wz5Rfxnfh,Can't Control Myself,TAEYEON,RccDIpx4ZMM,TAEYEON 태연 'Can't Control Myself' MV,success,0,data\raw\audio\559f8rcNNZW07wz5Rfxnfh.wav,
5PjdY0CKGZdEuoNab3yDmX,Stay,The Kid LAROI,kTJczUoc26U,"The Kid LAROI, Justin Bieber - STAY (Official Video)",success,0,data\raw\audio\5PjdY0CKGZdEuoNab3yDmX.wav,
7CAdT0HdiQNlt1C7xk2hep,Stay Alive (Prod. SUGA of BTS),Jung Kook,yov0Nb9Blv8,Jungkook - Stay Alive (Prod. SUGA of BTS) [7 FATES: CHAKHO OST] (Audio),success,0,data\raw\audio\7CAdT0HdiQNlt1C7xk2hep.wav,
1GFS1xMbcAWXf5W0tSuZev,"Meeting is easy, parting is hard (Feat. Leellamarz) (Prod. TOIL)",Basick,BxfGh2xy7a4,"Meeting is easy, parting is hard (Feat. Leellamarz) (Prod. TOIL)",success,0,data\raw\audio\1GFS1xMbcAWXf5W0tSuZev.wav,
2bgTY4UwhfBYhGT4HUYStN,Butter,BTS,WMweEpGlu_U,BTS (방탄소년단) 'Butter' Official MV,success,0,data\raw\audio\2bgTY4UwhfBYhGT4HUYStN.wav,
5Z9KJZvQzH6PFmb8SNkxuk,INDUSTRY BABY,Lil Nas X,UTHLKHL_whs,"Lil Nas X, Jack Harlow - INDUSTRY BABY (Official Video)",success,0,data\raw\audio\5Z9KJZvQzH6PFmb8SNkxuk.wav,
3KyKxJ4P3pVCgaZwaq2rUC,Gasoline,The Weeknd,AWZF4Em0cwU,The Weeknd - Gasoline (Official Lyric Video),success,0,data\raw\audio\3KyKxJ4P3pVCgaZwaq2rUC.wav,
1HhNoOuqm1a5MXYEgAFl8o,Enemy,Imagine Dragons,IOrbP1OqNsg,Enemy (from the series Arcane League of Legends),success,0,data\raw\audio\1HhNoOuqm1a5MXYEgAFl8o.wav,
5elW2CKSoqjYoJ32AGDxf1,Polaroid Love,ENHYPEN,NU5mFeTcJSo,"ENHYPEN 엔하이픈 "" Polaroid Love "" Lyrics (ColorCoded/ENG/HAN/ROM/가사) [OFFICIAL]",success,0,data\raw\audio\5elW2CKSoqjYoJ32AGDxf1.wav,
6N1K5OVVCopBjGViHs2IvP,The Joker And The Queen,Ed Sheeran,wyE9x5HETkY,Ed Sheeran - The Joker And The Queen (feat. Taylor Swift) [Official Lyric Video],success,0,data\raw\audio\6N1K5OVVCopBjGViHs2IvP.wav,
7h5MKRZUiYDshjH5UgAbNp,Rainbow Halo,Red Velvet,IrZrtKED0ek,Rainbow Halo,success,0,data\raw\audio\7h5MKRZUiYDshjH5UgAbNp.wav,
56Tn22SAFIGYpyHrf7TV0X,Love Letter,IU,4x7BrWTUmZo,Love Letter (러브레터),success,0,data\raw\audio\56Tn22SAFIGYpyHrf7TV0X.wav,
0hQNbQKW2dDATH1ngj4TI6,WA DA DA,Kep1er,n0j5NPptyM0,Kep1er 케플러 | ‘WA DA DA’ M/V,success,0,data\raw\audio\0hQNbQKW2dDATH1ngj4TI6.wav,
4QDpsNBlllaLGj8zbF2EE0,Charmer,Stray Kids,BCZE-44jp_I,Charmer,success,0,data\raw\audio\4QDpsNBlllaLGj8zbF2EE0.wav,
1t8sqIScEIP0B4bQzBuI2P,MY BAG,i-dle,zFZE2d0MOYE,(G)I-DLE 'MY BAG' Lyrics ((여자)아이들 MY BAG 가사) (Color Coded Lyrics),success,0,data\raw\audio\1t8sqIScEIP0B4bQzBuI2P.wav,
2xo84jGkxFPrZmmBtS3Pkd,Lonely St.,Stray Kids,fiiuiLbR3kQ,Stray Kids 'LONELY ST.' (Color Coded Lyrics) | ShadowByYoongi,success,0,data\raw\audio\2xo84jGkxFPrZmmBtS3Pkd.wav,
7uoFMmxln0GPXQ0AcCBXRq,Snowman,Sia,gset79KMmt0,Sia - Snowman [Official Video],success,0,data\raw\audio\7uoFMmxln0GPXQ0AcCBXRq.wav,
2FKtn8qQx84O85wWABOwpd,GENTLEMAN,C JAMM,4SuU_4EtDDo,GENTLEMAN (젠틀맨),success,0,data\raw\audio\2FKtn8qQx84O85wWABOwpd.wav,
6f5ExP43esnvdKPddwKXJH,Better Days (NEIKED x Mae Muller x Polo G),NEIKED,JaT6wdSMcto,"NEIKED, Mae Muller, Polo G - Better Days (Lyric Video)",success,0,data\raw\audio\6f5ExP43esnvdKPddwKXJH.wav,
0u7b8p0mxUUNT7xeuYUtlP,Tiny Riot,Sam Ryder,lXvYbi16Y2A,Sam Ryder - Tiny Riot (Official Lyric Video),success,0,data\raw\audio\0u7b8p0mxUUNT7xeuYUtlP.wav,
4Sav8RLaXMBpTZX6xNPj0K,Try Again,JAEHYUN,4LPmBiFkoBk,[STATION] 디어 (d.ear) X 재현 'Try Again' MV,success,0,data\raw\audio\4Sav8RLaXMBpTZX6xNPj0K.wav,
3jHg6QE70y2FTdnsxSrCbv,GingaMingaYo (the strange world),Billlie,tC4Pmtp-NwE,Billlie | 'GingaMingaYo (the strange world)' one-shot performance video,success,0,data\raw\audio\3jHg6QE70y2FTdnsxSrCbv.wav,
3LEgGAl9zLcQWGTp7ptqtQ,Don’t Wake Me Up,Jonas Blue,1dn-WBYAbF4,"Jonas Blue, Why Don't We - Don’t Wake Me Up (Lyric Video)",success,0,data\raw\audio\3LEgGAl9zLcQWGTp7ptqtQ.wav,
5nfb7IPrj9awskmLFSykWr,Timeless,SG Wannabe,j_Wobf3NBJ4,[AUDIO] SG 워너비 - Timeless,success,0,data\raw\audio\5nfb7IPrj9awskmLFSykWr.wav,
37rnSr2ZCkzqmoUqGQtn4q,Christmas Tree - Inst.,V,SYw-coTxMzE,Christmas Tree (Inst.),success,0,data\raw\audio\37rnSr2ZCkzqmoUqGQtn4q.wav,
08xMOoUaMWWlNStVUdBTBC,Because,ASH ISLAND,qlFiAtpk-iw,Because,success,0,data\raw\audio\08xMOoUaMWWlNStVUdBTBC.wav,
6xGruZOHLs39ZbVccQTuPZ,Glimpse of Us,Joji,NgsWGfUlwJI,Joji - Glimpse of Us (Official Video),success,0,data\raw\audio\6xGruZOHLs39ZbVccQTuPZ.wav,
5oH4DQAuu1J1800RzUsBWa,That That (prod. & feat. SUGA of BTS),PSY,uOdA5_R2x_E,PSY (feat. BTS SUGA) That That Lyrics (싸이 슈가 That That 가사) (Color Coded Lyrics),success,0,data\raw\audio\5oH4DQAuu1J1800RzUsBWa.wav,
4Dvkj6JhhA12EX05fT7y2e,As It Was,Harry Styles,H5v3kku4y6Q,Harry Styles - As It Was (Official Video),success,0,data\raw\audio\4Dvkj6JhhA12EX05fT7y2e.wav,
1m2PksrrMpIev63uPxT1V0,O.O,NMIXX,3GWscde8rM8,"NMIXX ""O.O"" M/V",success,0,data\raw\audio\1m2PksrrMpIev63uPxT1V0.wav,
1qEmFfgcLObUfQm0j1W2CK,Late Night Talking,Harry Styles,4VaqA-5aQTM,Harry Styles - Late Night Talking (Official Video),success,0,data\raw\audio\1qEmFfgcLObUfQm0j1W2CK.wav,
5quFr5s5PXYfUX5jV2EBZ1,GANADARA (Feat. IU),Jay Park,v224EdAkZr8,박재범 (Jay Park) - ‘GANADARA (Feat. 아이유 IU)’ Official Audio,success,0,data\raw\audio\5quFr5s5PXYfUX5jV2EBZ1.wav,
2gzhQaCTeNgxpeB2TPllyY,With you,Jimin,Z9b0Hj-BfaM,[MV] 지민(Jimin) X 하성운(Ha Sung-Woon) - With you | 우리들의 블루스(Our Blues) OST Part 4,success,0,data\raw\audio\2gzhQaCTeNgxpeB2TPllyY.wav,
0CatzXH85XWyBqqdB6qPMB,Beatbox,NCT DREAM,bagFQCTHXy8,NCT DREAM 엔시티 드림 'Beatbox' MV,success,0,data\raw\audio\0CatzXH85XWyBqqdB6qPMB.wav,
3oiMjDZ1bShIpFfOQf55IW,LOVE me,BE'O,ulYfmWSjG9M,BE'O (비오) - 'LOVE me' MV,success,0,data\raw\audio\3oiMjDZ1bShIpFfOQf55IW.wav,
2jidjmWNeRmKgLjXhW52Gz,"Our Blues, Our Life",Lim Young Woong,s1KBeKted_k,[OFFICIAL Lyric] 임영웅(Lim Young-Woong) - 우리들의 블루스(Our Blues Our Life) | 우리들의 블루스(Our Blues) OST,success,0,data\raw\audio\2jidjmWNeRmKgLjXhW52Gz.wav,
2SLwbpExuoBDZBpjfefCtV,Out of Time,The Weeknd,xBa3YUgQeL4,The Weeknd - Out Of Time (Official Lyric Video),success,0,data\raw\audio\2SLwbpExuoBDZBpjfefCtV.wav,
7BDHDiidJ8WV349p3HTxTV,MANIAC,Stray Kids,OvioeS1ZZ7o,"Stray Kids ""MANIAC"" M/V",success,0,data\raw\audio\7BDHDiidJ8WV349p3HTxTV.wav,
32vE1nuG8T9c8bhmZdRY6d,Cooped Up,Post Malone,LUBUchYczsA,Post Malone - Cooped Up (Official Audio) ft. Roddy Ricch,success,0,data\raw\audio\32vE1nuG8T9c8bhmZdRY6d.wav,
186NCtNk1tUYS7c2DxgJ7O,Christmas Tree,V,CMbxzOQc0GI,[Lyrics Video] V - Christmas Tree,success,0,data\raw\audio\186NCtNk1tUYS7c2DxgJ7O.wav,
2FeBslNBMdR9V58uv6hd2t,N95,Kendrick Lamar,XEV4x7xEprw,Kendrick Lamar - N95 (Official Audio),success,0,data\raw\audio\2FeBslNBMdR9V58uv6hd2t.wav,
5OiD0uUNxZkSyG3opReDlx,Don′t do That,Leellamarz,Bfn3BMV3LOQ,Don′t do That,success,0,data\raw\audio\5OiD0uUNxZkSyG3opReDlx.wav,
0UnOf7i44YK0ULpkEGHe4R,Dear my X,KyoungSeo,S1JB_T6Fths,[MV] KyoungSeo(경서) _ Dear my X(나의 X에게),success,0,data\raw\audio\0UnOf7i44YK0ULpkEGHe4R.wav,
5zyZM1EiSqrniyqtprwxpv,Falling Back,Drake,fCtmgdpjpcw,Drake - Falling Back (Audio),success,0,data\raw\audio\5zyZM1EiSqrniyqtprwxpv.wav,
2DB4DdfCFMw1iaR6JaR03a,Bam Bam,Camila Cabello,nWr4r-3bHBc,Camila Cabello - Bam Bam (Official Audio) ft. Ed Sheeran,success,0,data\raw\audio\2DB4DdfCFMw1iaR6JaR03a.wav,
3rmo8F54jFF8OgYsqTxm5d,Bad Habits,Ed Sheeran,HeOpRzcqKrE,Ed Sheeran - Bad Habits [Official Lyric Video],success,0,data\raw\audio\3rmo8F54jFF8OgYsqTxm5d.wav,
51Zw1cKDgkad0CXv23HCMU,Daylight,Harry Styles,-UJCMfuFtSQ,Harry Styles - Daylight (Official Video),success,0,data\raw\audio\51Zw1cKDgkad0CXv23HCMU.wav,
1IvOxLYTstsq5Z6pN3l3zm,Loving You,Lim Young Woong,e0GJ_KPvdDc,Loving You,success,0,data\raw\audio\1IvOxLYTstsq5Z6pN3l3zm.wav,
0RGUIOZtmOXTWOy5EjvQbP,Paris in the Rain,Lauv,kOCkne-Bku4,Lauv - Paris in the Rain [Official Video],success,0,data\raw\audio\0RGUIOZtmOXTWOy5EjvQbP.wav,
7BpqydHSxMviDR0DNTne6J,Yours,Conan Gray,W5vz8kMxx4A,Conan Gray - Yours (Official Lyric Video),success,0,data\raw\audio\7BpqydHSxMviDR0DNTne6J.wav,
1XlSkQeITGEv8r6HIZfpfX,I hate you,WOODZ,7iSzJ6fh6vE,WOODZ - I hate you ( Audio ),success,0,data\raw\audio\1XlSkQeITGEv8r6HIZfpfX.wav,
4ShxDU7CHNQVi2wwgSdqfF,Loving You Girl,Peder Elias,uZbB9DssRlA,Peder Elias - Loving You Girl (Lyric Video) ft. Hkeem,success,0,data\raw\audio\4ShxDU7CHNQVi2wwgSdqfF.wav,
13sAZcJP2b6D6Qjck3Ixc3,니가 왜 거기서 나와 (Narr. 고은아),YOUNGTAK,vFWRbhxDI0I,[가사 Lyrics] 영탁 - 니가 왜 거기서 나와 (Narr. 고은아),success,0,data\raw\audio\13sAZcJP2b6D6Qjck3Ixc3.wav,
6kYGOFNUMxpab09L5Ukoke,Rich Spirit,Kendrick Lamar,hl3-ZPg-JAA,Kendrick Lamar - Rich Spirit (Official Audio),success,0,data\raw\audio\6kYGOFNUMxpab09L5Ukoke.wav,
6SpPr7K4YQ2wp8jU6uOTmQ,Queendom,Red Velvet,c9RzZpV460k,Red Velvet 레드벨벳 'Queendom' MV,success,0,data\raw\audio\6SpPr7K4YQ2wp8jU6uOTmQ.wav,
44QDTpkTR3eLLfXEKTjyul,Free,Xydo,aY382UdxfnQ,Free,success,0,data\raw\audio\44QDTpkTR3eLLfXEKTjyul.wav,
4h4QlmocP3IuwYEj2j14p8,Sunroof,Nicky Youre,G5xSLbYMr-I,"Nicky Youre, dazy - Sunroof (Official Music Video)",success,0,data\raw\audio\4h4QlmocP3IuwYEj2j14p8.wav,
4T9hw59r85ZkesNoYWQIJg,Arcade,NCT DREAM,btXvIm6H3U8,NCT DREAM 'Arcade' (Official Audio) | Glitch Mode - The 2nd Album,success,0,data\raw\audio\4T9hw59r85ZkesNoYWQIJg.wav,
5zwwW9Oq7ubSxoCGyW1nbY,Pink Venom,BLACKPINK,gQlMMD8auMs,BLACKPINK - ‘Pink Venom’ M/V,success,0,data\raw\audio\5zwwW9Oq7ubSxoCGyW1nbY.wav,
2gYj9lubBorOPIVWsTXugG,After LIKE,IVE,CVxTT38_J4c,After LIKE,success,0,data\raw\audio\2gYj9lubBorOPIVWsTXugG.wav,
5expoVGQPvXuwBBFuNGqBd,Hurt,NewJeans,tVIXY14aJms,NewJeans (뉴진스) 'Hurt' Official MV,success,0,data\raw\audio\5expoVGQPvXuwBBFuNGqBd.wav,
396FqjKmViUZ92Wmm4rx3i,Illusion,aespa,BpCvYeK5hcE,aespa 에스파 '도깨비불 (Illusion)' Lyric Video,success,0,data\raw\audio\396FqjKmViUZ92Wmm4rx3i.wav,
1nX1b7kRg5a6XKAq7uQOpr,SNEAKERS,ITZY,Hbb5GPxXF1w,ITZY “SNEAKERS” M/V @ITZY,success,0,data\raw\audio\1nX1b7kRg5a6XKAq7uQOpr.wav,
1oen3GpTcA486fTHaT7neg,FOREVER 1,Girls' Generation,Qpf26PtBXgo,Girls' Generation 소녀시대 'FOREVER 1' MV,success,0,data\raw\audio\1oen3GpTcA486fTHaT7neg.wav,
7GARzfC1mwhDuk4t9WOACq,MORE,j-hope,pKdBFeewZYE,j-hope 'MORE' Official MV,success,0,data\raw\audio\7GARzfC1mwhDuk4t9WOACq.wav,
5mdWIwsJAzR97ShGkt8gcR,New thing (Prod. ZICO) (Feat. Homies),ZICO,C_cpDd0WYTk,New thing (Prod. by ZICO) (Feat. Homies),success,0,data\raw\audio\5mdWIwsJAzR97ShGkt8gcR.wav,
2DwUdMJ5uxv20EhAildreg,Cookie,NewJeans,VOmIplFAGeg,NewJeans (뉴진스) 'Cookie' Official MV,success,0,data\raw\audio\2DwUdMJ5uxv20EhAildreg.wav,
0HsRZwZzHoZ5AM5W2ZYI5c,Beyond Love (Feat. 10CM),BIG Naughty,OlXr5YD-MWA,Beyond Love (Feat. 10CM) (정이라고 하자 (Feat. 10CM)),success,0,data\raw\audio\0HsRZwZzHoZ5AM5W2ZYI5c.wav,
0CB3B5ir8I2KbB3dkGVtWF,At That Moment,WSG WANNBE (Gaya-G),BkKQvid_46Q,WSG Wannabe (가야G) – At That Moment (그때 그 순간 그대로 (그그그)) [Color_Coded_Rom|Eng Lyrics],success,0,data\raw\audio\0CB3B5ir8I2KbB3dkGVtWF.wav,
0O6u0VJ46W86TxN9wgyqDj,I Like You (A Happier Song),Post Malone,_a0T5qwxANg,Post Malone - I Like You (A Happier Song) (Audio) ft. Doja Cat,success,0,data\raw\audio\0O6u0VJ46W86TxN9wgyqDj.wav,
2QWEMqQMJR1KDf6hDjJOs6,Arson,j-hope,QmpTkkaKYSU,j-hope '방화 (Arson)' Official MV,success,0,data\raw\audio\2QWEMqQMJR1KDf6hDjJOs6.wav,
6C734SmqoIYuRWo2qSCnpC,DICE,NMIXX,p1bjnyDqI9k,"NMIXX ""DICE"" M/V",success,0,data\raw\audio\6C734SmqoIYuRWo2qSCnpC.wav,
69xohKu8C1fsflYAiSNbwM,Run BTS,BTS,a4YwJCZRh5M,달려라 방탄,success,0,data\raw\audio\69xohKu8C1fsflYAiSNbwM.wav,
50xSycnGMDy0Wg5jJcOv3S,Rainbow,Lim Young Woong,jP2J0qnFtV4,[4K] 임영웅 (Lim Young Woong) - 무지개 (Rainbow) MV,success,0,data\raw\audio\50xSycnGMDy0Wg5jJcOv3S.wav,
2lsRp40mCRkhqULWdMbOzn,I Love You,Lim Young Woong,CbhiBN5wpCc,임영웅 (Lim Young Woong) - 사랑해 진짜 (I Love You) MV,success,0,data\raw\audio\2lsRp40mCRkhqULWdMbOzn.wav,
2mgzUVvDpb1zMSB4glLQ6T,Life's Too Short - English Version,aespa,8_qkTGOcBHU,Life's Too Short (English Version),success,0,data\raw\audio\2mgzUVvDpb1zMSB4glLQ6T.wav,
0bYVPJvXr8ACmw313cVvhB,Tally,BLACKPINK,VQo4hyWfBQ4,BLACKPINK - ‘Tally’ (Official Audio),success,0,data\raw\audio\0bYVPJvXr8ACmw313cVvhB.wav,
7AdGloF1UHKe1vAZPbqIXH,The Happiest Girl,BLACKPINK,kVXazE8wR1Q,BLACKPINK - ‘The Happiest Girl’ (Official Audio),success,0,data\raw\audio\7AdGloF1UHKe1vAZPbqIXH.wav,
00I41xsW6SunZDJ5fB8KAd,Safety Zone,j-hope,VQ-qkm8KGD0,j-hope 'Safety Zone' Visualizer,success,0,data\raw\audio\00I41xsW6SunZDJ5fB8KAd.wav,
0Puudh380z6cOCgMaTNm7h,Future,j-hope,Fh2PTrTaxv0,j-hope 'Future' Visualizer,success,0,data\raw\audio\0Puudh380z6cOCgMaTNm7h.wav,
4saklk6nie3yiGePpBwUoc,Dynamite,BTS,gdZLi9oWNZg,BTS (방탄소년단) 'Dynamite' Official MV,success,0,data\raw\audio\4saklk6nie3yiGePpBwUoc.wav,
3TSLqZssCoCdDlMhCJ08XW,Still Life,BIGBANG,eN5mG_yMDiM,BIGBANG - '봄여름가을겨울 (Still Life)' M/V,success,0,data\raw\audio\3TSLqZssCoCdDlMhCJ08XW.wav,
1XIIvx9S19CZVc7eow7EX7,STOP,j-hope,WjqHuhf0wYg,STOP (Lollapalooza ver.),success,0,data\raw\audio\1XIIvx9S19CZVc7eow7EX7.wav,
775S83AMYbQc8SYteOktTL,Gradation,10CM,VQZXXciZb_c,[MV] 10CM _ Gradation(그라데이션),success,0,data\raw\audio\775S83AMYbQc8SYteOktTL.wav,
1WKLxJpDqkQ9x1qEDNutoX,2 Baddies,NCT 127,FRilMXZqNhA,NCT 127 엔시티 127 '질주 (2 Baddies)' MV,success,0,data\raw\audio\1WKLxJpDqkQ9x1qEDNutoX.wav,
4FKmrrI6y8REWoCyV5tAhY,Just 10 centimeters,10CM,wBHZA9-POt0,"[MV] 10CM,BIG Naughty(서동현) _ Just 10 centimeters(딱 10CM만)",success,0,data\raw\audio\4FKmrrI6y8REWoCyV5tAhY.wav,
1oFAF1hdPOickyHgbuRjyX,Save Your Tears (Remix),The Weeknd,LIIDh-qI9oI,The Weeknd & Ariana Grande - Save Your Tears (Remix) (Official Video),success,0,data\raw\audio\1oFAF1hdPOickyHgbuRjyX.wav,
19Hg1UCZaCdpHB37L7x63X,EVERYTHING,The Black Skirts,Aq_gsctWHtQ,[MV] 검정치마(The Black Skirts) - 'EVERYTHING',success,0,data\raw\audio\19Hg1UCZaCdpHB37L7x63X.wav,
0Hj4YtlD0Q5O0srdZxJUtl,Gold Dust,NCT 127,k7LYjZDdIWs,NCT 127 '윤슬 (Gold Dust)' (Official Audio) | 질주 (2 Baddies) - The 4th Album,success,0,data\raw\audio\0Hj4YtlD0Q5O0srdZxJUtl.wav,
1w2hClDL1xH4FPZIipZ1FJ,I Guess I Loved You,Yoon Do Hyun,8BKWEW4NJTg,Yoon Do Hyun - I Guess I Loved you (Easy Lyrics),success,0,data\raw\audio\1w2hClDL1xH4FPZIipZ1FJ.wav,
3scRk3rUGIwpCg9kMNrtEQ,Amor,Baek A,5lQrf60gxNI,백아(白兒) '첫사랑(Amor)' Lyrics Video / (Art. 반지수),success,0,data\raw\audio\3scRk3rUGIwpCg9kMNrtEQ.wav,
2mqTtvbKxH7SoEQ2oGAnsA,CHURCH GIRL,Beyoncé,_sZirWKsOBg,Beyoncé - CHURCH GIRL (Official Lyric Video),success,0,data\raw\audio\2mqTtvbKxH7SoEQ2oGAnsA.wav,
5pyoxDZ1PX0KxBxiRVxA4U,BREAK MY SOUL,Beyoncé,yjki-9Pthh0,Beyoncé - BREAK MY SOUL (Official Lyric Video),success,0,data\raw\audio\5pyoxDZ1PX0KxBxiRVxA4U.wav,
7IuuFQShxmy7zMZ3vZvMFj,Day & Night,Lee Young Ji,g3rD2V4meGs,[MV] 이영지 - 낮 밤 (feat. 박재범),success,0,data\raw\audio\7IuuFQShxmy7zMZ3vZvMFj.wav,
3WBRfkOozHEsG0hbrBzwlm,Everything Goes On,Porter Robinson,izHyKdrSKvo,Porter Robinson - Everything Goes On (Official Lyric Video) | Star Guardian 2022,success,0,data\raw\audio\3WBRfkOozHEsG0hbrBzwlm.wav,
0Q5VnK2DYzRyfqQRJuUtvi,LOVE DIVE,IVE,l-jZOXa7gQY,LOVE DIVE,success,0,data\raw\audio\0Q5VnK2DYzRyfqQRJuUtvi.wav,
5Odq8ohlgIbQKMZivbWkEo,Left and Right (Feat. Jung Kook of BTS),Charlie Puth,a7GITgqwDVg,Charlie Puth - Left And Right (feat. Jung Kook of BTS) [Official Video],success,0,data\raw\audio\5Odq8ohlgIbQKMZivbWkEo.wav,
2pIUpMhHL6L9Z5lnKxJJr9,Attention,NewJeans,x8RIixqumUc,NewJeans (뉴진스) 'Attention' Official MV (Performance ver.),success,0,data\raw\audio\2pIUpMhHL6L9Z5lnKxJJr9.wav,
0V3wPSX9ygBnCm8psDIegu,Anti-Hero,Taylor Swift,XqN2qFvY64U,Taylor Swift - Anti-Hero (Official Lyric Video),success,0,data\raw\audio\0V3wPSX9ygBnCm8psDIegu.wav,
5aucVLKiumD89mxVCB4zvS,Rush Hour (Feat. j-hope of BTS),Crush,PS0qkO5qty0,Crush (크러쉬) - 'Rush Hour (Feat. j-hope of BTS)' MV,success,0,data\raw\audio\5aucVLKiumD89mxVCB4zvS.wav,
27bIik73QCu8Xzt3xpG1bI,Candy,NCT DREAM,zuoSn3ObMz4,NCT DREAM 엔시티 드림 'Candy' MV,success,0,data\raw\audio\27bIik73QCu8Xzt3xpG1bI.wav,
6RBziRcDeiho3iTPdtEeg9,Event Horizon,Younha,BBdC1rl5sKY,윤하(YOUNHA) - 사건의 지평선 M/V,success,0,data\raw\audio\6RBziRcDeiho3iTPdtEeg9.wav,
3r8RuvgbX9s7ammBn07D3W,Ditto,NewJeans,Km71Rr9K-Bw,NewJeans (뉴진스) 'Ditto' Performance Video,success,0,data\raw\audio\3r8RuvgbX9s7ammBn07D3W.wav,
0h7QMc9ZRzA9QJrbEHytn2,The Astronaut,Jin,yAU7Fw8Sif0,진 (Jin) 'The Astronaut' Lyric Video,success,0,data\raw\audio\0h7QMc9ZRzA9QJrbEHytn2.wav,
1RDvyOk4WtPCtoqciJwVn8,Dreamers [Music from the FIFA World Cup Qatar 2022 Official Soundtrack],Jung Kook,Ma4cBtRiOeA,Jung Kook (정국) 'Dreamers [Music from the FIFA World Cup Qatar 2022 Official Soundtrack]' Audio,success,0,data\raw\audio\1RDvyOk4WtPCtoqciJwVn8.wav,
3khEEPRyBeOUabbmOPJzAG,KICK BACK,Kenshi Yonezu,S09qwKoSHbM,「米津玄師 - KICK BACK」チェンソーマン OP Full,success,0,data\raw\audio\3khEEPRyBeOUabbmOPJzAG.wav,
20JkEhlKCrKtzORT5qDdWE,"EYE (Feat. BIG Naughty, JUSTHIS) (Prod. R.Tee)",DON MALIK,8vnfNZD_E44,"EYE (Feat. BIG Naughty, JUSTHIS) (Prod. R.Tee)",success,0,data\raw\audio\20JkEhlKCrKtzORT5qDdWE.wav,
07trPhWMgiagFnSOlmpzl0,Complex (Feat. ZICO),BE'O,viy213MhJeI,[MV] BE'O(비오) _ Complex(자격지심) (Feat. ZICO),success,0,data\raw\audio\07trPhWMgiagFnSOlmpzl0.wav,
35ytd9cmG15jXG0RKWC9p4,Graduation,NCT DREAM,Sa_NeCgekzs,NCT DREAM 엔시티 드림 'Graduation' Special Video,success,0,data\raw\audio\35ytd9cmG15jXG0RKWC9p4.wav,
3wEr5lmE7oaC3qhCbJTY8B,Hectic,RM,lYv70OCSB8M,RM (알엠) 'Hectic (with Colde)' Official Audio,success,0,data\raw\audio\3wEr5lmE7oaC3qhCbJTY8B.wav,
3XKI5295qhFbwNesz3ollU,Forg_tful,RM,cmJbVPTFtYg,건망증 (with 김사월),success,0,data\raw\audio\3XKI5295qhFbwNesz3ollU.wav,
2KLwPaRDOB87XOYAT2fgxh,Pussy & Millions,Drake,UCDv0tWLjDM,Drake & 21 Savage - Pussy & Millions ft. Travis Scott,success,4,data\raw\audio\2KLwPaRDOB87XOYAT2fgxh.wav,
0HYAsQwJIO6FLqpyTeD3l6,死ぬのがいいわ,Fujii Kaze,dawrQnvwMTY,藤井 風 - 死ぬのがいいわ（Not a MV）,success,0,data\raw\audio\0HYAsQwJIO6FLqpyTeD3l6.wav,
1sZBzYhrQG40zcSuKkI93c,Good Parts (when the quality is bad but I am),LE SSERAFIM,c_5PAWfIlGs,Good Parts (when the quality is bad but I am),success,0,data\raw\audio\1sZBzYhrQG40zcSuKkI93c.wav,
2RLdkXSaiQjRbey5pvP8Kt,If We Ever Meet Again,Lim Young Woong,sHqFqWDviBg,임영웅 - 다시 만날 수 있을까 MV,success,0,data\raw\audio\2RLdkXSaiQjRbey5pvP8Kt.wav,
1dfsPqH09vnzUWEOsN98Ex,28 Reasons,SEULGI,G_BYjnopO6U,SEULGI 슬기 '28 Reasons' MV,success,0,data\raw\audio\1dfsPqH09vnzUWEOsN98Ex.wav,
2FRnf9qhLbvw8fu4IBXx78,Last Christmas,Wham!,E8gmARGvPlI,Wham! - Last Christmas (Official Video),success,0,data\raw\audio\2FRnf9qhLbvw8fu4IBXx78.wav,
0o9zmvc5f3EFApU52PPIyW,Shinunoga E-Wa,Fujii Kaze,dawrQnvwMTY,Fujii Kaze - Shinunoga E-Wa (Not a MV),success,0,data\raw\audio\0o9zmvc5f3EFApU52PPIyW.wav,
3rWDp9tBPQR9z6U5YyRSK4,Midnight Rain,Taylor Swift,Odh9ddPUkEY,Taylor Swift - Midnight Rain (Official Lyric Video),success,0,data\raw\audio\3rWDp9tBPQR9z6U5YyRSK4.wav,
10qiH1RJkexhTUuN562FsP,Braindead,Sion,kyaCJaa4Axg,Braindead (Braindead),success,0,data\raw\audio\10qiH1RJkexhTUuN562FsP.wav,
078fJxqEUz0LvbHSM6AoXJ,SUPER BOARD,Stray Kids,8ziUcTYwARI,"Stray Kids ""SUPER BOARD"" Video",success,0,data\raw\audio\078fJxqEUz0LvbHSM6AoXJ.wav,
77khP2fIVhSW23NwxrRluh,A Holly Jolly Christmas - Single Version,Burl Ives,7Ux2h2H313U,A Holly Jolly Christmas,success,0,data\raw\audio\77khP2fIVhSW23NwxrRluh.wav,
5k1A6F2kRnr6XkYKpVt7V0,Boys Like You,ITZY,McrbabO6zN4,ITZY - Boys Like You (Audio Clip),success,0,data\raw\audio\5k1A6F2kRnr6XkYKpVt7V0.wav,
6MCjmGYlw6mQVWRFVgBRvB,夜に駆ける,YOASOBI,by4SYYWlhEs,夜に駆ける,success,0,data\raw\audio\6MCjmGYlw6mQVWRFVgBRvB.wav,
53qayme5jMFwTb3fF84uv6,Celebrate,Red Velvet,nvuO06HkSag,Celebrate,success,0,data\raw\audio\53qayme5jMFwTb3fF84uv6.wav,
2O3MQ6H3gjrIWDcpeTrikT,"Santa, Can’t You Hear Me",Kelly Clarkson,G7461Gf60ug,"Kelly Clarkson & Ariana Grande - Santa, Can't You Hear Me (Official Audio)",success,0,data\raw\audio\2O3MQ6H3gjrIWDcpeTrikT.wav,
2ZL7WZcjuYKi1KUDtp4kCC,Spin Bout U,Drake,jALeORvCJG8,"Drake, 21 Savage - Spin Bout U (Audio)",success,0,data\raw\audio\2ZL7WZcjuYKi1KUDtp4kCC.wav,
0wavGRldH0AWyu2zvTz8zb,Sweet Nothing,Taylor Swift,rn0brgg2BpI,Taylor Swift - Sweet Nothing (Official Lyric Video),success,0,data\raw\audio\0wavGRldH0AWyu2zvTz8zb.wav,
5Hfnps0jaWFpYg55WOPexG,Alone,Jimin,7q9UDPZuTi0,Alone,success,0,data\raw\audio\5Hfnps0jaWFpYg55WOPexG.wav,
0a4MMyCrzT0En247IhqZbD,Hype Boy,NewJeans,Rrf8uQFvICE,NewJeans (뉴진스) 'Hype Boy' Official MV (MINJI ver.),success,0,data\raw\audio\0a4MMyCrzT0En247IhqZbD.wav,
7foeH2Emgq8A3LWk3q6dat,Kitsch,IVE,pG6iaOMV46I,IVE 아이브 'Kitsch' MV,success,0,data\raw\audio\7foeH2Emgq8A3LWk3q6dat.wav,
3OdIiWnYRHPYtC313Z0Bwy,Face-off,Jimin,TLT_MqzRHfY,Face-off,success,0,data\raw\audio\3OdIiWnYRHPYtC313Z0Bwy.wav,
4fsQ0K37TOXa3hEQfjEic1,ANTIFRAGILE,LE SSERAFIM,dzwuR99Ry98,LE SSERAFIM (르세라핌) ‘ANTIFRAGILE’ Special Performance Video,success,0,data\raw\audio\4fsQ0K37TOXa3hEQfjEic1.wav,
0rhI6gvOeCKA502RdJAbfs,Sugar Rush Ride,TOMORROW X TOGETHER,P9tKTxbgdkk,TXT (투모로우바이투게더) 'Sugar Rush Ride' Official MV,success,0,data\raw\audio\0rhI6gvOeCKA502RdJAbfs.wav,
7eBpUuPnDTfbeP1P4P93CS,Fighting (Feat. Lee Young Ji),BSS,mBXBOLG06Wc,부석순 (SEVENTEEN) '파이팅 해야지 (Feat. 이영지)' Official MV,success,0,data\raw\audio\7eBpUuPnDTfbeP1P4P93CS.wav,
2RUcwyW74Sv4VracHFrKdh,Promise,Jimin,PwhgRnjhB84,약속,success,0,data\raw\audio\2RUcwyW74Sv4VracHFrKdh.wav,
6dgUya35uo964z7GZXM07g,Nonsense,Sabrina Carpenter,ECVA6FvhdEE,Sabrina Carpenter - Nonsense (Official Audio),success,0,data\raw\audio\6dgUya35uo964z7GZXM07g.wav,
6NnCWIWV740gP7DQ8kqdIE,Nxde,i-dle,fCO7f0SmrDc,(G)I-DLE - 'Nxde' Official Music Video,success,0,data\raw\audio\6NnCWIWV740gP7DQ8kqdIE.wav,
296nXCOv97WJNRWzIBQnoj,FEARLESS,LE SSERAFIM,4vbDFu0PUew,LE SSERAFIM FEARLESS OFFICIAL M/V,success,0,data\raw\audio\296nXCOv97WJNRWzIBQnoj.wav,
3XfngyuVjltVRHSsLjrCRO,MY WAY (Prod. R.Tee),저스디스 (JUSTHIS),R8R-wc4lqc8,MY WAY (Prod. R.Tee),success,0,data\raw\audio\3XfngyuVjltVRHSsLjrCRO.wav,
2qg2jy3v50RwfV5FAqG3a2,Interlude : Dive,Jimin,PUIRGc_53IY,Interlude : Dive,success,0,data\raw\audio\2qg2jy3v50RwfV5FAqG3a2.wav,
3nqQXoyQOWXiESFLlDF1hG,Unholy,Sam Smith,QMGGaNynpLI,Sam Smith - Unholy (ft. Kim Petras) (Official Audio),success,0,data\raw\audio\3nqQXoyQOWXiESFLlDF1hG.wav,
6zjk7Qbwb9DZ4ykUUoqknh,第ゼロ感,10-FEET,v6ddeotX7K0,10-FEET - 第ゼロ感 (映画『THE FIRST SLAM DUNK』エンディング主題歌) Audio Movie,success,0,data\raw\audio\6zjk7Qbwb9DZ4ykUUoqknh.wav,
6auT8cRBu3BgPRBrdVBY15,London Boy,Lim Young Woong,TMfvkhkALbU,[4K] 임영웅 (Lim Young Woong) - 'LONDON BOY' MV,success,0,data\raw\audio\6auT8cRBu3BgPRBrdVBY15.wav,
7F0MuIk5glqtowCUjbn9es,Impurities,LE SSERAFIM,Ccz123Jlflc,LE SSERAFIM (르세라핌) 'Impurities' OFFICIAL M/V,success,0,data\raw\audio\7F0MuIk5glqtowCUjbn9es.wav,
04TshWXkhV1qkqHzf31Hn6,Lemon,Kenshi Yonezu,SX_ViT4Ra7k,米津玄師  Kenshi Yonezu  - Lemon,success,0,data\raw\audio\04TshWXkhV1qkqHzf31Hn6.wav,
5YSkDxmHvzSDWTu4MaEtfa,Smoke Sprite,So!YoON!,7xTQJbkwSfs,So!YoON! (황소윤) 'Smoke Sprite' (feat. RM of BTS) Official MV,success,0,data\raw\audio\5YSkDxmHvzSDWTu4MaEtfa.wav,
0S2GNnqAHC96zqB8ZIcxg4,Fxxxnds (Feat. Kim Min Seok of MeloMance),BIG Naughty,syrirec77aQ,Fxxxnds (Feat. Kim Min Seok of MeloMance) (친구로 지내다 보면 (Feat. 김민석 of...,success,0,data\raw\audio\0S2GNnqAHC96zqB8ZIcxg4.wav,
4JK1kDUdH9RTBQrrSO1QfR,ベテルギウス,Yuuri,3Bf4_AbDj3Q,Yuuri 「ベテルギウス」 (Betelgeuse) Lyrics [Kan_Rom_Eng],success,0,data\raw\audio\4JK1kDUdH9RTBQrrSO1QfR.wav,
1F6qqwgyBjcIMzen8RrOXQ,Beautiful Liar,MONSTA X,3sP0x_GFIMo,Beautiful Liar,success,0,data\raw\audio\1F6qqwgyBjcIMzen8RrOXQ.wav,
10SRMwb9EuVS1K9rYsBfHQ,Yet To Come,BTS,3yZGKBU-kGU,BTS Yet To Come Lyrics (Color Coded Lyrics),success,0,data\raw\audio\10SRMwb9EuVS1K9rYsBfHQ.wav,
06KyNuuMOX1ROXRhj787tj,We Don't Talk Anymore,Charlie Puth,Pvcc5yEPpTc,Charlie Puth - We Don't Talk Anymore (feat. Selena Gomez) (Audio),success,0,data\raw\audio\06KyNuuMOX1ROXRhj787tj.wav,
4eFTh1opLS5wANDmZK9ghC,Cherry Blossom Ending,Busker Busker,tXV7dfvSefo,버스커 버스커 (Busker Busker) - 벚꽃 엔딩,success,0,data\raw\audio\4eFTh1opLS5wANDmZK9ghC.wav,
1jIMjbzcGCcCQn5iMu9CUc,That's Hilarious,Charlie Puth,Nq3x1AkwgpY,Charlie Puth - That's Hilarious [Official Video],success,0,data\raw\audio\1jIMjbzcGCcCQn5iMu9CUc.wav,
38DlSDrx9tgc5Gfq6y3aBa,MOONLIGHT SUNRISE,TWICE,-38PwJvhDN0,"TWICE ""MOONLIGHT SUNRISE"" Choreography Video (Moving Ver.)",success,0,data\raw\audio\38DlSDrx9tgc5Gfq6y3aBa.wav,
54ipXppHLA8U4yqpOFTUhr,Bones,Imagine Dragons,mb-Cnwi9BqA,Imagine Dragons - Bones (Official Audio),success,0,data\raw\audio\54ipXppHLA8U4yqpOFTUhr.wav,
5mHdCZtVyb4DcJw8799hZp,Escapism.,RAYE,Dll6VJ2C7wo,"RAYE, 070 Shake - Escapism. (Official Music Video)",success,0,data\raw\audio\5mHdCZtVyb4DcJw8799hZp.wav,
7w05lsU2VLSeiT8Nukrv5M,Friends,BTS,h7mZX8INIYI,Friends,success,0,data\raw\audio\7w05lsU2VLSeiT8Nukrv5M.wav,
0Hy3JNYKAJu4ttcyQHzzYA,Big world,Yerin Baek,6Kb0_IkO3P4,백예린 (Yerin Baek) - 'Big world' M/V,success,0,data\raw\audio\0Hy3JNYKAJu4ttcyQHzzYA.wav,
3DO8WRX72c1Z5hduVL1Nd5,선을 그어 주던가,1415,wlvcZ4StPRM,[1415] 선을 그어 주던가 MV,success,0,data\raw\audio\3DO8WRX72c1Z5hduVL1Nd5.wav,
3Ua0m0YmEjrMi9XErKcNiR,Like Crazy,Jimin,nOI67IDlNMQ,지민 (Jimin) 'Like Crazy' Official MV,success,0,data\raw\audio\3Ua0m0YmEjrMi9XErKcNiR.wav,
4QhnNyKDsAkXPwHkSnuc89,"Eve, Psyche & The Bluebeard’s wife",LE SSERAFIM,dZs_cLHfnNA,"LE SSERAFIM (르세라핌) 'Eve, Psyche & The Bluebeard's wife' OFFICIAL M/V",success,0,data\raw\audio\4QhnNyKDsAkXPwHkSnuc89.wav,
4uOBL4DDWWVx4RhYKlPbPC,Queencard,i-dle,AKg_9dn_VmA,(여자)아이들((G)I-DLE) - '퀸카 (Queencard)' M/V (Performance Ver.),success,0,data\raw\audio\4uOBL4DDWWVx4RhYKlPbPC.wav,
0u8rZGtXJrLtiSe34FPjGG,Like Crazy (English Version),Jimin,i2hE4R2Tmig,Like Crazy (English Version),success,0,data\raw\audio\0u8rZGtXJrLtiSe34FPjGG.wav,
7FbrGaHYVDmfr7KoLIZnQ7,Cupid - Twin Ver.,FIFTY FIFTY,6uvUTu716rU,FIFTY FIFTY (피프티피프티) - 'Cupid' (TwinVer.) Official Lyric Video,success,0,data\raw\audio\7FbrGaHYVDmfr7KoLIZnQ7.wav,
2yjeXq5ahx6UUg2rHaUe6X,Angel Pt. 2,JVKE,V3UVnMBKnpI,"Angel Pt. 2 - JVKE, Jimin of BTS, Charlie Puth, Muni Long (FAST X Official Lyric Video)",success,0,data\raw\audio\2yjeXq5ahx6UUg2rHaUe6X.wav,
0N8Xztr4pBHJ7V0moJWhbO,愛を伝えたいだとか,Aimyon,ltwazF77Owg,[직키픽🔥🔥] 사랑을 전하고 싶다든가: あいみょん(aimyon) - 愛を伝えたいだとか (Ai wo Tsutaetaidatoka) (2017) [가사해석/번역],success,0,data\raw\audio\0N8Xztr4pBHJ7V0moJWhbO.wav,
28a0aMV1OKoyNiCJuNsWrY,That’s Not How This Works,Charlie Puth,Y1BTILJ1Fdc,Charlie Puth - That's Not How This Works (feat. Dan + Shay & Sabrina Carpenter) [Sabrina's Version],success,0,data\raw\audio\28a0aMV1OKoyNiCJuNsWrY.wav,
3gmn76fCtpDazGMnN0QMHX,NIGHT DANCER,imase,QbHBfxAOucI,【imase】NIGHT DANCER（Official Audio）,success,0,data\raw\audio\3gmn76fCtpDazGMnN0QMHX.wav,
5HrIcZOo1DysX53qDRlRnt,Shoong!,TAEYANG,NFnAuiklEug,TAEYANG - ‘Shoong! (feat. LISA of BLACKPINK)’ PERFORMANCE VIDEO,success,0,data\raw\audio\5HrIcZOo1DysX53qDRlRnt.wav,
6R5fYCySNHrqo4Og6O1ppn,Steal The Show,Lauv,q7BmlOUk-II,"Lauv - Steal The Show (From ""Elemental""/Official Audio)",success,4,data\raw\audio\6R5fYCySNHrqo4Og6O1ppn.wav,
4IJsVXbSeGPUrgwpVoHmlg,The Planet,BTS,3Rh57WwV8H0,The Planet,success,0,data\raw\audio\4IJsVXbSeGPUrgwpVoHmlg.wav,
2YXswOX5aKv6OHRKUcAMLQ,All Eyes On Me,JISOO,LWmuSd7GJzE,Jisoo (All Eyes On Me) M/V,success,0,data\raw\audio\2YXswOX5aKv6OHRKUcAMLQ.wav,
4WUpMUjdoi47LY7gBQBXe3,Grain of Sand,Lim Young Woong,xuexbvO29Gk,임영웅 '모래 알갱이' Official M/V,success,0,data\raw\audio\4WUpMUjdoi47LY7gBQBXe3.wav,
1E14FuM0BRaHAJSJ9YxMVu,A Psalm of Life,Lim Young Woong,TAlHfvvxk20,A Psalm of Life,success,0,data\raw\audio\1E14FuM0BRaHAJSJ9YxMVu.wav,
4F0ft3ZDmIN7xz4HxYW7y0,keep our love alive,Akame,dUX3wQbKBoc,AKAME GA KILL {AMV} - Fall In Love 2018,success,0,data\raw\audio\4F0ft3ZDmIN7xz4HxYW7y0.wav,
4kSDi21MeOoSvpZs6MveI9,Teddy Bear,STAYC,SxHmoifp0oQ,STAYC(스테이씨) 'Teddy Bear' MV,success,0,data\raw\audio\4kSDi21MeOoSvpZs6MveI9.wav,
7mpdNiaQvygj2rHoxkzMfa,Bite Me,ENHYPEN,wXFLzODIdUI,ENHYPEN (엔하이픈) 'Bite Me' Official MV,success,0,data\raw\audio\7mpdNiaQvygj2rHoxkzMfa.wav,
3l6LBCOL9nPsSY29TUY2VE,Lilith,Halsey,iteLMHeNDec,Halsey - Lilith (Lyric Video),success,0,data\raw\audio\3l6LBCOL9nPsSY29TUY2VE.wav,
4K8jDTlNhZWEdnzZVGRMtN,FEARLESS (2023 Ver.),LE SSERAFIM,82gb0tGRCvk,FEARLESS (2023 Ver.),success,0,data\raw\audio\4K8jDTlNhZWEdnzZVGRMtN.wav,
6D90VTeGEWYX5AkAtjHZh1,Like Crazy (Deep House Remix),Jimin,W_sfwQfue3s,Like Crazy (Deep House Remix),success,0,data\raw\audio\6D90VTeGEWYX5AkAtjHZh1.wav,
3T03rPwlL8NVk1yIaxeD8U,Off My Face,Justin Bieber,AeZxDcjXbzE,Justin Bieber - Off My Face (Visualizer),success,0,data\raw\audio\3T03rPwlL8NVk1yIaxeD8U.wav,
3bUD1FmJClHcD0U7rIN0TR,"Romance Symphony (Feat. CHANGMO, Jay Park)",BIG Naughty,RGmKcAvdh_Y,"BIG Naughty (서동현)- Romance Symphony (낭만교향곡) ft. Changmo, Jay Park [Color Coded Lyrics (HAN/ROM/ENG)]",success,0,data\raw\audio\3bUD1FmJClHcD0U7rIN0TR.wav,
7tOsgOjrzBVQqyaMDBlZV8,Oort Cloud,Younha,58IEh6YkuzQ,Oort Cloud (오르트구름),success,0,data\raw\audio\7tOsgOjrzBVQqyaMDBlZV8.wav,
6iirdwpyu2Ohg3iVdu4vXl,Kiss,NCT DOJAEJUNG,tr1_25EwdQc,Kiss,success,0,data\raw\audio\6iirdwpyu2Ohg3iVdu4vXl.wav,
7fcZk7OXeFWD7DWybltVVf,Be Who You Are (Real Magic),Jon Batiste,DnXOELz-q0M,"Jon Batiste - Be Who You Are (Visualizer) ft. JID, NewJeans, Camilo",success,0,data\raw\audio\7fcZk7OXeFWD7DWybltVVf.wav,
6WY4wvlmgccWapnIg14Vy0,Merry Christmas Mr. Lawrence,Ryuichi Sakamoto,1OZDaRhHHyM,Merry Christmas Mr. Lawrence,success,0,data\raw\audio\6WY4wvlmgccWapnIg14Vy0.wav,
0CrcwVLUe8wzLUIXgjXVZJ,Kill Bill,SZA,SQnc1QibapQ,SZA - Kill Bill (Official Audio),success,0,data\raw\audio\0CrcwVLUe8wzLUIXgjXVZJ.wav,
36jIu8oPR1Z4cguMuHxUXA,TATTOO,OFFICIAL HIGE DANDISM,oLrp9uTa9gw,OFFICIAL HIGE DANDISM - TATTOO [Official Video],success,0,data\raw\audio\36jIu8oPR1Z4cguMuHxUXA.wav,
02wk5BttM0QL38ERjLPQJB,Cool With You,NewJeans,kKsivrgoyDw,NewJeans (뉴진스) 'Cool With You' Official MV (Performance ver.),success,0,data\raw\audio\02wk5BttM0QL38ERjLPQJB.wav,
5h1BN75CEh8wdSwE1xrbSe,Slow Dancing,V,eI0iTRS0Ha8,V 'Slow Dancing' Official MV,success,0,data\raw\audio\5h1BN75CEh8wdSwE1xrbSe.wav,
59hBR0BCtJsfIbV9VzCVAp,Set Me Free Pt.2,Jimin,UaywgAqcLxI,지민 (Jimin) 'Set Me Free Pt.2' Official MV,success,0,data\raw\audio\59hBR0BCtJsfIbV9VzCVAp.wav,
0eFMbKCRw8KByXyWBw8WO7,Still With You,Jung Kook,BksBNbTIoPE,Still With You,success,0,data\raw\audio\0eFMbKCRw8KByXyWBw8WO7.wav,
1wUnuiXMMvhudmzvcCtlZP,Get Up,NewJeans,SXM1q0CTfew,Get Up,success,0,data\raw\audio\1wUnuiXMMvhudmzvcCtlZP.wav,
7jzOZuWgZ5gaMet9V5Ix1d,Fast Forward,JEON SOMI,DUo9LKTCy9U,[BE ORIGINAL] JEON SOMI(전소미) 'Fast Forward' (4K),success,0,data\raw\audio\7jzOZuWgZ5gaMet9V5Ix1d.wav,
65FftemJ1DbbZ45DUfHJXE,OMG,NewJeans,sVTy_wmn5SU,NewJeans (뉴진스) 'OMG' Official MV (Performance ver.1),success,0,data\raw\audio\65FftemJ1DbbZ45DUfHJXE.wav,
41JPN7pZMTp1sumBOHOzHd,People Pt.2,Agust D,h0f2CJw08Nw,Agust D 'People Pt.2 (Feat. IU)' Lyrics (Agust D 아이유 사람 Pt.2 가사) (Color Coded Lyrics),success,0,data\raw\audio\41JPN7pZMTp1sumBOHOzHd.wav,
2fiI6e0WxyZB3QnmRxYGPg,Vancouver 2,BIG Naughty,xmX5lqVBH1s,Vancouver 2 (Vancouver 2),success,0,data\raw\audio\2fiI6e0WxyZB3QnmRxYGPg.wav,
1ULdASrNy5rurl1TZfFaMP,Spicy,aespa,Os_heh8vPfs,aespa 에스파 'Spicy' MV,success,0,data\raw\audio\1ULdASrNy5rurl1TZfFaMP.wav,
7ovUcF5uHTBRzUpB6ZOmvt,アイドル,YOASOBI,ZRtdQ81jPUQ,YOASOBI「アイドル」 Official Music Video,success,0,data\raw\audio\7ovUcF5uHTBRzUpB6ZOmvt.wav,
3jxFmvoG55Cwv0JJBzRPce,Either Way,IVE,dAwy8e8o4vk,03. IVE - Either Way,success,0,data\raw\audio\3jxFmvoG55Cwv0JJBzRPce.wav,
6ePyl2ns4b7MVYhjsj32ZK,Intro: Singularity,BTS,uyWm8DUK06M,Singularity,success,0,data\raw\audio\6ePyl2ns4b7MVYhjsj32ZK.wav,
748MqeDRJ401KBqwCn5zHB,Seven,Jung Kook,Vs64cZbeY88,Seven (feat. Latto) - Clean Ver.,success,0,data\raw\audio\748MqeDRJ401KBqwCn5zHB.wav,
3AOf6YEpxQ894FmrwI9k96,Super,SEVENTEEN,-GQg25oP0S4,SEVENTEEN (세븐틴) '손오공' Official MV,success,0,data\raw\audio\3AOf6YEpxQ894FmrwI9k96.wav,
5mg3VB3Qh7jcR5kAAC4DSV,Cupid,FIFTY FIFTY,6uvUTu716rU,FIFTY FIFTY (피프티피프티) - 'Cupid' (TwinVer.) Official Lyric Video,success,0,data\raw\audio\5mg3VB3Qh7jcR5kAAC4DSV.wav,
1zAYWqTX6qyRCKe9KuCUx0,Seven,Jung Kook,QU9c0053UAU,정국 (Jung Kook) 'Seven (feat. Latto)' Official MV,success,0,data\raw\audio\1zAYWqTX6qyRCKe9KuCUx0.wav,
11s5p72subU7SHJPzyR2Lq,Memories,RIIZE,GGr0gwee9bY,RIIZE (라이즈) 'Memories' Official Audio,success,0,data\raw\audio\11s5p72subU7SHJPzyR2Lq.wav,
3Dah48XTdzVtbIl4dUn6l4,Get A Guitar,RIIZE,iUw3LPM7OBU,RIIZE 라이즈 'Get A Guitar' MV,success,0,data\raw\audio\3Dah48XTdzVtbIl4dUn6l4.wav,
5BqwC9kOBbqYkzdOKeXFFk,for lovers who hesitate,JANNABI,GdoNGNe5CSg,[MV] JANNABI(잔나비) _ for lovers who hesitate(주저하는 연인들을 위해),success,0,data\raw\audio\5BqwC9kOBbqYkzdOKeXFFk.wav,
3ISOK4T54v6O1g1AB8FiEK,INVITATION (Feat. Gaeko),JUNNY,Ov4XVKcgJbg,JUNNY - INVITATION (Feat.Gaeko) (Lyric Video),success,0,data\raw\audio\3ISOK4T54v6O1g1AB8FiEK.wav,
0Y9C5yhzY7Pa1AqjUFrizq,I don’t know a single thing (Feat. meenoi),Leellamarz,Y5T4ylm8GGA,Leellamarz - I don't know a single thing 한 개도 몰라 (feat. meenoi) [Official Audio] (ENG/JPN/CHN),success,0,data\raw\audio\0Y9C5yhzY7Pa1AqjUFrizq.wav,
3uXTRQ41tZ7xwGJ1NnKnUC,I remember,ASH ISLAND,TYoxtnr-_0Q,I remember,success,0,data\raw\audio\3uXTRQ41tZ7xwGJ1NnKnUC.wav,
7kaFsQygyiCqRboWCXztxZ,Do It Like That,TOMORROW X TOGETHER,C0EYKxF1oTI,"TXT (투모로우바이투게더), Jonas Brothers 'Do It Like That' Official MV",success,0,data\raw\audio\7kaFsQygyiCqRboWCXztxZ.wav,
12usPU2WnqgCHAW1EK2dfd,青のすみか,Tatsuya Kitani,zuoVd2QNxJo,Where Our Blue Is / Tatsuya Kitani,success,0,data\raw\audio\12usPU2WnqgCHAW1EK2dfd.wav,
5PyDJG7SQRgWXefgexqIge,Agora Hills,Doja Cat,YHH4giJHWB8,Agora Hills,success,0,data\raw\audio\5PyDJG7SQRgWXefgexqIge.wav,
3VQH9MYoFvxmXmWECnqdRg,Just One Day,Beenzino,mJ2Cc3dEvK4,Just One Day,success,0,data\raw\audio\3VQH9MYoFvxmXmWECnqdRg.wav,
0k0GtcnyQLMiXrdEDbLXmJ,Please Don't Change,Jung Kook,Shz9iLeE6i4,Please Don't Change (feat. DJ Snake),success,0,data\raw\audio\0k0GtcnyQLMiXrdEDbLXmJ.wav,
5ydjxBSUIDn26MFzU3asP4,Rainy Days,V,GP0P6xJCERc,V (뷔) 'Rainy Days' Official Audio,success,0,data\raw\audio\5ydjxBSUIDn26MFzU3asP4.wav,
5ONOlTiqymhzwcFjqcIT6E,Hate You,Jung Kook,vOPjdUaZsX4,Jung Kook (정국) 'Hate You' Official Audio,success,0,data\raw\audio\5ONOlTiqymhzwcFjqcIT6E.wav,
0rKWJnmo6Q0ovoPOLoLm0t,TOO MUCH,The Kid LAROI,83Lv790h79k,"The Kid LAROI, Jung Kook, Central Cee - TOO MUCH (Official Video)",success,0,data\raw\audio\0rKWJnmo6Q0ovoPOLoLm0t.wav,
2tA3NP12r4niSRhb9Y6AoY,Polaroid,Lim Young Woong,PVDxs6GUXSI,'임영웅 (Lim Young Woong) - 폴라로이드 (Polaroid)' 가사 Official Lyrics Video,success,0,data\raw\audio\2tA3NP12r4niSRhb9Y6AoY.wav,
2HRgqmZQC0MC7GeNuDIXHN,Seven,Jung Kook,QU9c0053UAU,정국 (Jung Kook) 'Seven (feat. Latto)' Official MV,success,0,data\raw\audio\2HRgqmZQC0MC7GeNuDIXHN.wav,
3k6q0O9JnO2GhvD6C8fs20,Closer Than This,Jimin,l5rQxLUq5rs,Jimin (지민) 'Closer Than This' Official Audio,success,0,data\raw\audio\3k6q0O9JnO2GhvD6C8fs20.wav,
210JJAa9nJOgNa0YNrsT5g,GODS,League of Legends,DpGI9A1Bv0Q,League of Legends - GODS (Lyrics) ft. NewJeans,success,0,data\raw\audio\210JJAa9nJOgNa0YNrsT5g.wav,
5sdQOyqq2IDhvmx2lHOpwd,Super Shy,NewJeans,n7ePZLn9_lQ,Super Shy,success,0,data\raw\audio\5sdQOyqq2IDhvmx2lHOpwd.wav,
56y1jOTK0XSvJzVv9vHQBK,Paint The Town Red,Doja Cat,EiAMmYbr3vA,Doja Cat - Paint The Town Red (Lyrics),success,0,data\raw\audio\56y1jOTK0XSvJzVv9vHQBK.wav,
01qFKNWq73UfEslI0GvumE,3D,Jung Kook,mHNCM-YALSA,정국 (Jung Kook) '3D (feat. Jack Harlow)' Official MV,success,0,data\raw\audio\01qFKNWq73UfEslI0GvumE.wav,
7pgbDdy7ax962o9d2xJceV,Slow Dancing (Piano Ver.),V,Tp59ejH_1AM,Slow Dancing (Piano Ver.),success,0,data\raw\audio\7pgbDdy7ax962o9d2xJceV.wav,
4HAOgAnILvXCbSODMoRnmD,For Us,V,LHtzWOLBdPc,V 'For Us' Official MV,success,0,data\raw\audio\4HAOgAnILvXCbSODMoRnmD.wav,
06Qo2fYR2KS1F7bL338iVT,Closer to You,Jung Kook,SZzbWTXSGB8,Closer to You (feat. Major Lazer),success,0,data\raw\audio\06Qo2fYR2KS1F7bL338iVT.wav,
7aqsfFKqJFNa2umM4tTLdA,Baddie,IVE,Da4P2uT4mVc,IVE 아이브 'Baddie' MV,success,0,data\raw\audio\7aqsfFKqJFNa2umM4tTLdA.wav,
1vvcEHQdaUTvWt0EIUYcFK,Angel Pt. 1,Kodak Black,jp0kTw1TCy0,"FAST X | Angel Pt. 1 (Official Video) - NLE Choppa, Kodak Black, Jimin of BTS, JVKE, & Muni Long",success,0,data\raw\audio\1vvcEHQdaUTvWt0EIUYcFK.wav,
61AZsmFB3VoJdmraMk5ZSn,VIBE,TAEYANG,aqDAz4xQfNY,TAEYANG (태양) 'VIBE (feat. Jimin of BTS)' Official Audio,success,0,data\raw\audio\61AZsmFB3VoJdmraMk5ZSn.wav,
4Cr43xPo7bwyCcL1g3yVCu,A bientot,Lim Young Woong,FHMsuxfkzrw,[Lyric Video] 임영웅 (Lim Young Woong) - A bientot,success,0,data\raw\audio\4Cr43xPo7bwyCcL1g3yVCu.wav,
79f5CcWzdkkDVD4XAIQgKr,LALALALA,Stray Kids,dBDkYofMUs4,"Stray Kids ""락 (樂) (LALALALA)"" M/V",success,0,data\raw\audio\79f5CcWzdkkDVD4XAIQgKr.wav,
2UU11hvjN1JIn4iihEodNT,Blue,V,sIh9_cNCwPc,V 'Blue' Official MV,success,0,data\raw\audio\2UU11hvjN1JIn4iihEodNT.wav,
3nAp4IvdMPPWEH9uuXFFV5,Underneath the Tree,Kelly Clarkson,YfF10ow4YEo,Kelly Clarkson - Underneath the Tree (Official Audio),success,0,data\raw\audio\3nAp4IvdMPPWEH9uuXFFV5.wav,
365znJ27Fb3faGsctmQYWR,Father,Lim Young Woong,An7ZnTEz40s,Lim Young Woong -  Father MV,success,0,data\raw\audio\365znJ27Fb3faGsctmQYWR.wav,
2cEwQnP4284g37N6D7ETND,Talk Saxy,RIIZE,9IQLt23f13Q,RIIZE 'Talk Saxy' (Official Audio),success,0,data\raw\audio\2cEwQnP4284g37N6D7ETND.wav,
0hqj5JBnFt1BHEz2UCFwrl,"How can I love the heartbreak, you're the one I love",AKMU,m3DZsBw5bnE,"AKMU - '어떻게 이별까지 사랑하겠어, 널 사랑하는 거지(How can I love the heartbreak, you`re the one I love)' M/V",success,0,data\raw\audio\0hqj5JBnFt1BHEz2UCFwrl.wav,
31jZYFQEtq0ud5y9fDN4cw,Slow Dancing (Cautious Clay Remix),V,JRrx_Y0RMys,Slow Dancing (Cautious Clay Remix),success,0,data\raw\audio\31jZYFQEtq0ud5y9fDN4cw.wav,
253P6uwLnelVQ6MdwXMIJk,Chili,HWASA,uFrQ9foq8Wo,HWASA (화사) 'Chili' Official Audio,success,0,data\raw\audio\253P6uwLnelVQ6MdwXMIJk.wav,
5odlY52u43F5BjByhxg7wg,golden hour,JVKE,UsR08cY8k0A,JVKE - golden hour (Official Lyric Video),success,0,data\raw\audio\5odlY52u43F5BjByhxg7wg.wav,
5r3VFyq4KrdCeRNUDtGfJq,and you (Feat. ZICO),meenoi,dpvJZaPCz8Q,and you (Feat. ZICO) (어떨것같애 (Feat. ZICO)),success,0,data\raw\audio\5r3VFyq4KrdCeRNUDtGfJq.wav,
3TPvrMAd1hbPRXuHCRX0Pl,AEAO,Dynamicduo,DYz-LjtiVOc,"[MV] Dynamic Duo, DJ Premier(다이나믹듀오, 디제이 프리미어) _ AEAO",success,0,data\raw\audio\3TPvrMAd1hbPRXuHCRX0Pl.wav,
5nTemr4PG8L9jQoqxsZu6w,Knock Knock (Who's There?),Red Velvet,0yk7AWzFZUI,Knock Knock (Who's There?),success,0,data\raw\audio\5nTemr4PG8L9jQoqxsZu6w.wav,
1FTFDCKkVNGf0UCccm23LA,Home Alone,NCT 127,d0YyJ1RhpQI,나 홀로 집에 Home Alone,success,0,data\raw\audio\1FTFDCKkVNGf0UCccm23LA.wav,
7dTv6c4yQ4gBVFSC3fX0RH,One-Way,BIG Naughty,VF9f1sWjlRQ,One-Way (직항),success,0,data\raw\audio\7dTv6c4yQ4gBVFSC3fX0RH.wav,
3lwK3WyKAI5bUuGY1OgGbZ,Smart,LE SSERAFIM,KNexS61fjus,LE SSERAFIM (르세라핌) 'Smart' OFFICIAL MV,success,0,data\raw\audio\3lwK3WyKAI5bUuGY1OgGbZ.wav,
0aZG8KWrpRnsGL0loUkfSj,plot twist,TWS,o6iWznl5ICo,TWS plot twist Lyrics (Color Coded Lyrics),success,0,data\raw\audio\0aZG8KWrpRnsGL0loUkfSj.wav,
21ewxM3YvcdTj7cC0XwznO,Do or Die,Lim Young Woong,IMdQHUC5wxc,Lim Young Woong (임영웅) - Do or Die [가사],success,0,data\raw\audio\21ewxM3YvcdTj7cC0XwznO.wav,
0paWX66K9n7sYR9AkKkyzB,Standing Next to You - Sped Up - Remix,Beat Record,VkrfPBDegBE,jung kook - standing next to you (sped up + reverb),success,0,data\raw\audio\0paWX66K9n7sYR9AkKkyzB.wav,
0djkJ3iAARXRCbfbwwVc3o,Love wins all,IU,JleoAppaxi0,IU 'Love wins all' MV,success,0,data\raw\audio\0djkJ3iAARXRCbfbwwVc3o.wav,
7M7d0e8Ue3Z7QieuZe72J9,Love 119,RIIZE,kmD6JcAV_Rc,RIIZE 라이즈 'Love 119' Performance Video,success,0,data\raw\audio\7M7d0e8Ue3Z7QieuZe72J9.wav,
1aKvZDoLGkNMxoRYgkckZG,Magnetic,ILLIT,Vk5-c_v4gMU,ILLIT (아일릿) ‘Magnetic’ Official MV,success,0,data\raw\audio\1aKvZDoLGkNMxoRYgkckZG.wav,
74X2u8JMVooG2QbjRxXwR8,Perfect Night,LE SSERAFIM,hLvWy2b857I,LE SSERAFIM (르세라핌) 'Perfect Night' OFFICIAL M/V with OVERWATCH 2,success,0,data\raw\audio\74X2u8JMVooG2QbjRxXwR8.wav,
5XWlyfo0kZ8LF7VSyfS4Ew,Drama,aespa,D8VEhcPeSlc,aespa 에스파 'Drama' MV,success,0,data\raw\audio\5XWlyfo0kZ8LF7VSyfS4Ew.wav,
0cGpKQ8RxxLOFqhktEURIj,wherever u r,UMI,LEdNCS8luWE,"UMI, V - wherever u r (ft. V of BTS) official lyric video",success,0,data\raw\audio\0cGpKQ8RxxLOFqhktEURIj.wav,
2GquhrcHbl2zOnF5javAFp,Swan Song,LE SSERAFIM,eNxb2wt11sM,Swan Song,success,0,data\raw\audio\2GquhrcHbl2zOnF5javAFp.wav,
7gaA3wERFkFkgivjwbSvkG,"yes, and?",Ariana Grande,RSSUa2qW4tc,"Ariana Grande - yes, and? (official audio)",success,0,data\raw\audio\7gaA3wERFkFkgivjwbSvkG.wav,
2gyCwrOcC6JBoaJ8JGJ7T8,To. X,TAEYEON,IMOzHknkS3g,TAEYEON (태연) 'To. X' Official Audio,success,0,data\raw\audio\2gyCwrOcC6JBoaJ8JGJ7T8.wav,
3m5PgWSClkZ44vdFmPiqpq,"Yes or No (Feat. HUH YUNJIN of LE SSERAFIM, Crush)",GroovyRoom,oMev5BGf3hc,"GroovyRoom (그루비룸) 'Yes or No (feat. HUH YUNJIN of LE SSERAFIM, Crush)' Official Audio",success,0,data\raw\audio\3m5PgWSClkZ44vdFmPiqpq.wav,
6G3myAs4HemIdtLYhhjGLP,FRI(END)S (Instrumental),V,asQ5_dTMxUk,FRI (END) S - Instrumental,success,0,data\raw\audio\6G3myAs4HemIdtLYhhjGLP.wav,
1c6kkrWnpy68eYDfBdxNtF,Shopper,IU,DXK8z6SYlJY,IU (아이유) 'Shopper' Official Audio,success,0,data\raw\audio\1c6kkrWnpy68eYDfBdxNtF.wav,
5qI5EUqfDJpQ7w6sMECK7U,Super Lady,i-dle,6f3RzjXPQwA,(여자)아이들((G)I-DLE) - 'Super Lady' Official Music Video,success,0,data\raw\audio\5qI5EUqfDJpQ7w6sMECK7U.wav,
0kdqcbwei4MDWFEX5f33yG,Bling-Bang-Bang-Born,Creepy Nuts,mLW35YMzELE,Creepy Nuts「Bling-Bang-Bang-Born」×TV Anime「マッシュル-MASHLE-」　Collaboration Music Video,success,0,data\raw\audio\0kdqcbwei4MDWFEX5f33yG.wav,
2RoYgkPzUY0vY7lhUuyus1,DASH,NMIXX,JM88m7SY8FE,NMIXX “DASH” Performance Video,success,0,data\raw\audio\2RoYgkPzUY0vY7lhUuyus1.wav,
6rdkCkjk6D12xRpdMXy0I2,New Jeans,NewJeans,G8GEpK7YDl4,NewJeans 'New Jeans (ft. The Powerpuff Girls)' Lyrics (뉴진스 New Jeans 가사) (Color Coded Lyrics),success,0,data\raw\audio\6rdkCkjk6D12xRpdMXy0I2.wav,
43u5DDtK4vQ1coWXb4S5a8,HERO,Lim Young Woong,4jXLHKMRA-E,LIM YOUNG WOONG (임영웅) - 'HERO' M/V,success,0,data\raw\audio\43u5DDtK4vQ1coWXb4S5a8.wav,
0o3ua5ufFK7nfRzbDUNoGA,don't wanna break up again,Ariana Grande,_ZSuyl3BZHY,Ariana Grande - don't wanna break up again (lyric visualizer),success,0,data\raw\audio\0o3ua5ufFK7nfRzbDUNoGA.wav,
05STjz8kmPBUebu3uu5sO0,Nest,Lim Young Woong,Mm5RLVwpnyA,Nest,success,0,data\raw\audio\05STjz8kmPBUebu3uu5sO0.wav,
7KUb5GsTcXfpG0phkbL2mR,Let off steam,Leellamarz,O1cdzWUpS4k,Let off steam,success,0,data\raw\audio\7KUb5GsTcXfpG0phkbL2mR.wav,
70t7Q6AYG6ZgTYmJWcnkUM,I AM,IVE,6ZUIwj3FgUY,IVE 아이브 'I AM' MV,success,0,data\raw\audio\70t7Q6AYG6ZgTYmJWcnkUM.wav,
7uRWaWF70gvKmLhpY3FuaJ,WISH - Korean Ver.,NCT WISH,TwLq9nPKHYs,WISH (Korean Ver.),success,0,data\raw\audio\7uRWaWF70gvKmLhpY3FuaJ.wav,
5b5cPscqVEMChvDqscVw26,Training Season,Dua Lipa,3W9zTpRFlzw,Dua Lipa - Training Season (Lyric Video),success,0,data\raw\audio\5b5cPscqVEMChvDqscVw26.wav,
0LdpgzRupg6P511GEACdm2,The Power of Love,DAY6,dRF_NIsIoUs,DAY6 - The Power of Love (Official Audio),success,0,data\raw\audio\0LdpgzRupg6P511GEACdm2.wav,
4sgMbwl9lXGyHcHmtFYGMm,Supernova,aespa,phuiiNCxRMg,aespa 에스파 'Supernova' MV,success,0,data\raw\audio\4sgMbwl9lXGyHcHmtFYGMm.wav,
0vaxYDAuAO1nPolC6bQp7V,Midas Touch,KISS OF LIFE,N0zQoNSJl-0,Midas Touch (Midas Touch),success,0,data\raw\audio\0vaxYDAuAO1nPolC6bQp7V.wav,
2O4Bb2WCkjlTPO827OnBMI,EASY,LE SSERAFIM,bNKXxwOQYB8,LE SSERAFIM (르세라핌) 'EASY' OFFICIAL MV,success,0,data\raw\audio\2O4Bb2WCkjlTPO827OnBMI.wav,
2vNPGH1x5ZwxTjlvzLCyc2,Fate,i-dle,3xxkXuOFoGg,(G)I-DLE Fate Lyrics (Color Coded Lyrics),success,0,data\raw\audio\2vNPGH1x5ZwxTjlvzLCyc2.wav,
1AtFSBJibfaqfiOByQCwZ5,Small girl,Lee Young Ji,huv-oHWdi-k,Lee Young ji 'Small girl (feat. D.O.)' Easy Lyrics,success,0,data\raw\audio\1AtFSBJibfaqfiOByQCwZ5.wav,
5ocSQW5sIUIOFojwXEz9Ki,Supernatural,NewJeans,ZncbtRo7RXs,NewJeans (뉴진스) ‘Supernatural’ Official MV (Part.1),success,0,data\raw\audio\5ocSQW5sIUIOFojwXEz9Ki.wav,
58Q3FZFs1YXPpliWQB5kXB,Right Now,NewJeans,m6pTbEz4w3o,NewJeans (뉴진스) 'Right Now' Official MV,success,0,data\raw\audio\58Q3FZFs1YXPpliWQB5kXB.wav,
0PBTlQ84CBJF0tBnKGmQa6,FRI(END)S,V,DUtvMP8jUsQ,V (뷔) 'FRI(END)S' Official Audio,success,0,data\raw\audio\0PBTlQ84CBJF0tBnKGmQa6.wav,
3vnaEaDxMKdBhqA1t0uAwl,Warmth,Lim Young Woong,2WGc-5VdoGw,Lim Young Woong 'Warmth' Official M/V,success,0,data\raw\audio\3vnaEaDxMKdBhqA1t0uAwl.wav,
2N0SPREDYqILVEFSsWF5N5,Love Me Again,V,HYzyRHAHJl8,V 'Love Me Again' Official MV,success,0,data\raw\audio\2N0SPREDYqILVEFSsWF5N5.wav,
3lc6BSosCqVoNddw1izHXj,Siren,RIIZE,p6kGxTicn4M,RIIZE ‘SIREN’ Lyrics (라이즈 SIREN 가사) (Color Coded Lyrics),success,0,data\raw\audio\3lc6BSosCqVoNddw1izHXj.wav,
2HRqTpkrJO5ggZyyK6NPWz,Espresso,Sabrina Carpenter,51zjlMhdSTE,Sabrina Carpenter - Espresso (Official Audio),success,0,data\raw\audio\2HRqTpkrJO5ggZyyK6NPWz.wav,
2J194R0KIKbK7bTHfUHPDB,Boom Boom Bass,RIIZE,78lNnCitcBM,RIIZE 라이즈 'Boom Boom Bass' MV,success,0,data\raw\audio\2J194R0KIKbK7bTHfUHPDB.wav,
2jaapqz7L9MpMf7vpkqU9I,Smoothie,NCT DREAM,qQOj-oKhItw,NCT DREAM 엔시티 드림 'Smoothie' MV,success,0,data\raw\audio\2jaapqz7L9MpMf7vpkqU9I.wav,
5IZXB5IKAD2qlvTPJYDCFB,I Had Some Help (Feat. Morgan Wallen),Post Malone,4QIZE708gJ4,Post Malone - I Had Some Help (feat. Morgan Wallen) (Official Video),success,0,data\raw\audio\5IZXB5IKAD2qlvTPJYDCFB.wav,
6QqrxJe1iQxwLY6he6FLFo,Midnight Fiction,ILLIT,Sr7dWdf4Z3U,Midnight Fiction,success,0,data\raw\audio\6QqrxJe1iQxwLY6he6FLFo.wav,
1Y5D7m2QtyBdvwvY3gAVNQ,Little Light,DOYOUNG,UZjGcAjd8Ok,DOYOUNG 도영 '반딧불 (Little Light)' MV,success,0,data\raw\audio\1Y5D7m2QtyBdvwvY3gAVNQ.wav,
2gkVEnpahpE3bQuvGuCpAV,Yes or No,Jung Kook,uOFIcm-L0po,Yes or No,success,0,data\raw\audio\2gkVEnpahpE3bQuvGuCpAV.wav,
7JxPQzxhJSsBBNu1D76ig2,JEALOUSYVALHALLA,YANGHONGWON,GOdzldGqTzU,JEALOUSYVALHALLA (JEALOUSYVALHALLA),success,0,data\raw\audio\7JxPQzxhJSsBBNu1D76ig2.wav,
3xkHsmpQCBMytMJNiDf3Ii,Beautiful Things,Benson Boone,Oa_RSwwpPaA,Benson Boone - Beautiful Things (Official Music Video),success,0,data\raw\audio\3xkHsmpQCBMytMJNiDf3Ii.wav,
3ZVFcD8Wlw9T9klGqmJf9F,Florida!!!,Taylor Swift,uEssK8o3jKg,Taylor Swift - Florida!!! (feat. Florence + The Machine) (Official Lyric Video),success,0,data\raw\audio\3ZVFcD8Wlw9T9klGqmJf9F.wav,
5IY8i6WnkqvmRnIrF4lqDx,Taxi Blurr (Feat. NATTY of KISS OF LIFE),Jay Park,CxHffEd3wII,박재범 (Jay Park) - ‘Taxi Blurr (Feat. NATTY of KISS OF LIFE)’ Official Music Video,success,0,data\raw\audio\5IY8i6WnkqvmRnIrF4lqDx.wav,
3x6unDluyCL4v5AeGrAVGA,Balloon in Love,SUNMI,hvliMeV5kSs,선미(SUNMI) 'Balloon in Love' Lyric Video,success,0,data\raw\audio\3x6unDluyCL4v5AeGrAVGA.wav,
7CyPwkp0oE8Ro9Dd5CUDjW,One Of The Girls,The Weeknd,f1r0XZLNlGQ,"The Weeknd, JENNIE & Lily Rose Depp - One Of The Girls (Official Audio)",success,0,data\raw\audio\7CyPwkp0oE8Ro9Dd5CUDjW.wav,
6jgUrLEivd4DaiYb1izJLF,Right Now (Instrumental),NewJeans,ck6MiZYXF6Q,Right Now (Instrumental),success,0,data\raw\audio\6jgUrLEivd4DaiYb1izJLF.wav,
2ftb45L7iXYwp0WoTEuslG,"Right People, Wrong Place",RM,uARrDKH_M8s,"Right People, Wrong Place",success,0,data\raw\audio\2ftb45L7iXYwp0WoTEuslG.wav,
5VBjyOQzqlPNgdRPMM6prF,seasons,wave to earth,CnVVjLOGVoY,wave to earth - seasons,success,0,data\raw\audio\5VBjyOQzqlPNgdRPMM6prF.wav,
7iabz12vAuVQYyekFIWJxD,BAND4BAND,Central Cee,pDddlvCfTiw,CENTRAL CEE FT. LIL BABY - BAND4BAND (MUSIC VIDEO),success,0,data\raw\audio\7iabz12vAuVQYyekFIWJxD.wav,
3ybJERCKs3Jf3aT7xU1Vs4,Live My Life,aespa,arhYgNf1pxo,aespa 'Live My Life' (Official Audio),success,0,data\raw\audio\3ybJERCKs3Jf3aT7xU1Vs4.wav,
45zLrK0668WQ5JFMyiYmCS,Interlude : Showtime,Jimin,1kn-cJ6fw0o,Interlude : Showtime,success,0,data\raw\audio\45zLrK0668WQ5JFMyiYmCS.wav,
3LWVXp636uLT356Rj08Jaz,Be Mine,Jimin,9CSnV-gsmv8,Be Mine,success,0,data\raw\audio\3LWVXp636uLT356Rj08Jaz.wav,
4gxEY3Mh5FZZDAJAKPNrCS,CRAZY,LE SSERAFIM,n6B5gQXlB-0,LE SSERAFIM (르세라핌) 'CRAZY' OFFICIAL MV,success,0,data\raw\audio\4gxEY3Mh5FZZDAJAKPNrCS.wav,
3d2bsbugow8JiNvuaRupFH,Slow Dance,Jimin,w3HZ3ior4_s,Slow Dance (feat. Sofia Carson),success,0,data\raw\audio\3d2bsbugow8JiNvuaRupFH.wav,
0T6J3Ipbe06lm7p3grH2bg,Melt Down,DAY6,yss4rIrHl6o,"DAY6(데이식스) ""녹아내려요 (Melt Down)"" M/V",success,0,data\raw\audio\0T6J3Ipbe06lm7p3grH2bg.wav,
19D8LNpWwIPpi6hs9BG7dq,Bubble Gum,NewJeans,ft70sAYrFyY,NewJeans (뉴진스) 'Bubble Gum' Official MV,success,0,data\raw\audio\19D8LNpWwIPpi6hs9BG7dq.wav,
2PlsVMcOn6ujc2UEYs2Yat,Home,Lim Young Woong,r9yPek7FhSQ,Lim Young Woong [Home] SPECIAL MUSIC ANIMATION,success,0,data\raw\audio\2PlsVMcOn6ujc2UEYs2Yat.wav,
6oNLSQX8bcAdbCElZYju3v,Supersonic,fromis_9,0LiQp7y8Wwc,fromis_9 (프로미스나인) 'Supersonic' Official MV,success,0,data\raw\audio\6oNLSQX8bcAdbCElZYju3v.wav,
6i8MbzVn4nzyjUcSoVcz7B,Armageddon,aespa,nFYwcndNuOY,aespa 에스파 'Armageddon' MV,success,0,data\raw\audio\6i8MbzVn4nzyjUcSoVcz7B.wav,
5LlUJ3HHI2dS0xowdMDXC5,MEOW,MEOVV,58YVuBt9mpc,‘MEOW’ OFFICIAL CHOREOGRAPHY VIDEO,success,0,data\raw\audio\5LlUJ3HHI2dS0xowdMDXC5.wav,
1YXot2MLAG9sttepCtBRM7,踊り子,Vaundy,lEL1YHJzcI4,【歌詞付き】踊り子 - Vaundy,success,0,data\raw\audio\1YXot2MLAG9sttepCtBRM7.wav,
7ov3TDp5D00Rnu5R1viX4w,New Woman,LISA,UxXY_hR_wzo,LISA - NEW WOMAN feat. Rosalía (Official Music Video),success,0,data\raw\audio\7ov3TDp5D00Rnu5R1viX4w.wav,
0GqAWZe1A5ecKadZrHk6XH,Chk Chk Boom,Stray Kids,T17AR8cVmto,"Stray Kids ""Chk Chk Boom"" Performance Video",success,0,data\raw\audio\0GqAWZe1A5ecKadZrHk6XH.wav,
78ZYPq0f3afyzdYdpTOG9C,Walk,NCT 127,ozbuKLEUuaM,NCT 127 엔시티 127 '삐그덕 (Walk)' Movement,success,0,data\raw\audio\78ZYPq0f3afyzdYdpTOG9C.wav,
0UvCh63URrLFcPkKt99hHd,Don't Look Back in Anger - Remastered,Oasis,oplra1FJxWI,Don't Look Back In Anger (Remastered),success,0,data\raw\audio\0UvCh63URrLFcPkKt99hHd.wav,
1njlnn8ZKHI77Pe9szIONR,SHEESH,BABYMONSTER,2wA_b6YHjqQ,BABYMONSTER - ‘SHEESH’ M/V,success,0,data\raw\audio\1njlnn8ZKHI77Pe9szIONR.wav,
1OhIn0L6iofnk5bjalWfHq,Sudden Shower,ECLIPSE,fBB4MaBybyg,[선재 업고 튀어 (Lovely Runner) OST Part 1] 이클립스 (ECLIPSE) - 소나기 (Sudden Shower) MV,success,0,data\raw\audio\1OhIn0L6iofnk5bjalWfHq.wav,
2cZOYofOX4d6g0OXxkaIjA,ALL RED,Playboi Carti,0age3DSgqQk,Playboi Carti - ALL RED (Official Audio),success,0,data\raw\audio\2cZOYofOX4d6g0OXxkaIjA.wav,
7vjfnsnDXZGK4PSq54ISjc,1-800-hot-n-fun,LE SSERAFIM,rGD5U8u1Dk0,1-800-hot-n-fun,success,0,data\raw\audio\7vjfnsnDXZGK4PSq54ISjc.wav,
4mqfe9XrgEOSsofvq5MyjR,Heavenly fate,LEECHANGSUB,ZwoIaHCh_JQ,Lee Changsub – Heavenly Fate (천상연) [A Not So Fairy Tale OST] [Rom|Eng Lyric],success,0,data\raw\audio\4mqfe9XrgEOSsofvq5MyjR.wav,
3LUi9n9mMOR1eK3kle7oCe,Combo,RIIZE,QflsDwyl2O4,RIIZE 라이즈 'Combo' Special Video,success,0,data\raw\audio\3LUi9n9mMOR1eK3kle7oCe.wav,
3lboRjzlrZ8tFxR0y59Yny,I Know,KEY,NQyZhh8602k,I Know,success,0,data\raw\audio\3lboRjzlrZ8tFxR0y59Yny.wav,
5juCu4WFTFRZ2XilopAMTy,Bam Yang Gang,BIBI,smdmEhkIRVc,비비 (BIBI) - 밤양갱(Bam Yang Gang) Official M/V,success,0,data\raw\audio\5juCu4WFTFRZ2XilopAMTy.wav,
7bUezNEU1BnjkbYrG0KP2Y,Deja vu,TAEMIN,04mXKTe6rL0,Deja Vu,success,0,data\raw\audio\7bUezNEU1BnjkbYrG0KP2Y.wav,
3vkCueOmm7xQDoJ17W1Pm3,My Love Mine All Mine,Mitski,CwGbMYLjIpQ,Mitski - My Love Mine All Mine (Official Lyric Video),success,0,data\raw\audio\3vkCueOmm7xQDoJ17W1Pm3.wav,
3BhyxulZ13uWZS6LqiYiCj,Cheeky Icy Thang,STAYC,s-UXxaQdUew,STAYC(스테이씨) 'Cheeky Icy Thang' MV,success,0,data\raw\audio\3BhyxulZ13uWZS6LqiYiCj.wav,
1k68vKHNQXU5CHqcM7Yp7N,HAPPY,DAY6,2dFwndi4ung,"DAY6 ""HAPPY"" Lyric Video",success,0,data\raw\audio\1k68vKHNQXU5CHqcM7Yp7N.wav,
7Cnpb1vBbC46RgVyyKLH7p,Whiplash,aespa,jWQx2f-CErU,aespa 에스파 'Whiplash' MV,success,0,data\raw\audio\7Cnpb1vBbC46RgVyyKLH7p.wav,
5doooVlMVRZztQbySqARMI,HOME SWEET HOME,G-DRAGON,fLi0EJfi_vg,G-DRAGON - HOME SWEET HOME (Official Audio) (feat. TAEYANG & DAESUNG),success,0,data\raw\audio\5doooVlMVRZztQbySqARMI.wav,
1kPhV0KQui1phEpjnWIqUN,Smeraldo Garden Marching Band,Jimin,QszN3iNbLrs,Jimin (지민) 'Smeraldo Garden Marching Band (feat. Loco)' Official Audio,success,0,data\raw\audio\1kPhV0KQui1phEpjnWIqUN.wav,
2SR0alFA2oWYXSoePGTj0V,I’ll Be There,Jin,WxXcgnIfV0U,진 (Jin) ‘I'll Be There’ Lyric Video,success,0,data\raw\audio\2SR0alFA2oWYXSoePGTj0V.wav,
21LtZQQMQYwVIxc9O9Ygq8,Cherish (My Love),ILLIT,tbDGl7jEazA,ILLIT (아일릿) ‘Cherish (My Love)’ Official MV,success,0,data\raw\audio\21LtZQQMQYwVIxc9O9Ygq8.wav,
4XsJiRJQAK8TWcZCn0Dxlh,POWER,G-DRAGON,NMjhjrBIrG8,G-DRAGON - POWER (Official Video),success,0,data\raw\audio\4XsJiRJQAK8TWcZCn0Dxlh.wav,
1lcBt7LoEikqYmhUoa2cez,number one girl,ROSÉ,pZ1NdE69VTs,ROSÉ - number one girl (official music video),success,0,data\raw\audio\1lcBt7LoEikqYmhUoa2cez.wav,
7G7mSV4BebkoHWwKTDvXu9,Winter Ahead,V,dCZj7X8MooE,V 'Winter Ahead (with PARK HYO SHIN)' Official MV (Cinematic Still ver.),success,0,data\raw\audio\7G7mSV4BebkoHWwKTDvXu9.wav,
5sjnkOfTLCLNfkkchI2re2,UP - KARINA Solo,aespa,U1_0Vc-9mNw,UP (KARINA Solo),success,0,data\raw\audio\5sjnkOfTLCLNfkkchI2re2.wav,
0FIDCNYYjNvPVimz5icugS,Timeless,The Weeknd,16jA-6hiSUo,"The Weeknd, Playboi Carti - Timeless (Official Lyric Video)",success,0,data\raw\audio\0FIDCNYYjNvPVimz5icugS.wav,
0bYg9bo50gSsH3LtXe2SQn,All I Want for Christmas Is You,Mariah Carey,yXQViqx6GMY,Mariah Carey - All I Want For Christmas Is You (Official Video),success,0,data\raw\audio\0bYg9bo50gSsH3LtXe2SQn.wav,
2plbrEY59IikOBgBGLjaoe,Die With A Smile,Lady Gaga,kPa7bsKwL-c,"Lady Gaga, Bruno Mars - Die With A Smile (Official Music Video)",success,0,data\raw\audio\2plbrEY59IikOBgBGLjaoe.wav,
0lizgQ7Qw35od7CYaoMBZb,Santa Tell Me,Ariana Grande,jnXxxKZ57Tw,Ariana Grande - Santa Tell Me (Audio),success,0,data\raw\audio\0lizgQ7Qw35od7CYaoMBZb.wav,
7gMfVc4zfNIxuMyMGglOHa,Rebirth (Intro),Jimin,acWdVkYOzBs,Rebirth (Intro),success,0,data\raw\audio\7gMfVc4zfNIxuMyMGglOHa.wav,
3yDRcs0Y4pPzkvMbUfeF9H,Moonlit Floor,LISA,iYWGRGiYdHU,LISA - MOONLIT FLOOR (Official Audio),success,0,data\raw\audio\3yDRcs0Y4pPzkvMbUfeF9H.wav,
4EwNWRBWdZ6bgvxRHlZ8OO,CROOKED,G-DRAGON,RKhsHGfrFmY,G-DRAGON - 삐딱하게(CROOKED) M/V,success,0,data\raw\audio\4EwNWRBWdZ6bgvxRHlZ8OO.wav,
1ySWoGgrduSzvtJ3PUzO41,Who (Shibuyakei Remix),Jimin,WIsK0BtX14c,Who (Shibuyakei Remix),success,0,data\raw\audio\1ySWoGgrduSzvtJ3PUzO41.wav,
2isRbZIIU4PqPrECffn7QO,Who (Beautiful Mind Remix),Jimin,jtmk6tp126s,Who (Beautiful Mind Remix),success,0,data\raw\audio\2isRbZIIU4PqPrECffn7QO.wav,
6je5cTal6PyeITNrOzkCoS,Welcome to the Show,DAY6,RowlrvmyFEk,"DAY6(데이식스) ""Welcome to the Show"" M/V",success,0,data\raw\audio\6je5cTal6PyeITNrOzkCoS.wav,
3TQHPUEVdvdq8ejwEcHUlL,If I have you only (My love X Nerd Connection),Nerd Connection,IMWT6937uUs,If I have you only (My love X Nerd Connection) (그대만 있다면 (여름날 우리 X...,success,0,data\raw\audio\3TQHPUEVdvdq8ejwEcHUlL.wav,
5jxuw4S5IDEY6CjjAHvRAt,Falling,Jin,RDtjsZx_d40,네게 닿을 때까지,success,0,data\raw\audio\5jxuw4S5IDEY6CjjAHvRAt.wav,
1YmY0HUm05BUpcHibc1bhB,Another Level,Jin,PIYkh9v4L6I,Another Level,success,0,data\raw\audio\1YmY0HUm05BUpcHibc1bhB.wav,
1zJUr9Oo5zEjvJrdlg67jQ,Steady,NCT WISH,az8-GZCPalE,NCT WISH Steady Lyrics (엔시티 위시 Steady 가사) (Color Coded Lyrics),success,0,data\raw\audio\1zJUr9Oo5zEjvJrdlg67jQ.wav,
6pqyZNnLKyJKtrlf42FQoq,Nice Guy,BOYNEXTDOOR,HJlc_tFkB3M,BOYNEXTDOOR (보이넥스트도어) 'Nice Guy' Official MV,success,0,data\raw\audio\6pqyZNnLKyJKtrlf42FQoq.wav,
49txvOVNLAHwG9bMtdKP6a,"Flights, Not Feelings",aespa,xBlMiqSGFps,"aespa 에스파 'Flights, Not Feelings' (Official Audio)",success,0,data\raw\audio\49txvOVNLAHwG9bMtdKP6a.wav,
3X76Lal4GwBFqriHz1FbLU,SOS,FIFTY FIFTY,KzYZPJOYxLM,SOS (ENG Version),success,0,data\raw\audio\3X76Lal4GwBFqriHz1FbLU.wav,
30tYWTkLIQtZWnRIOqcHnJ,나무,"Car, the garden",aM2OzkMRPb0,"[Official Audio] 카더가든 (Car, the garden) - 나무 (Tree)",success,0,data\raw\audio\30tYWTkLIQtZWnRIOqcHnJ.wav,
5a3tLTGA0HIDtrvnszXXBN,call it the end,ROSÉ,nOo3a2tT1LQ,ROSÉ - call it the end (official audio),success,0,data\raw\audio\5a3tLTGA0HIDtrvnszXXBN.wav,
0FVPOqIivjXR49CyJZAw7g,IF YOU - KR Ver.,BIGBANG,h9hdorPqukU,IF YOU,success,0,data\raw\audio\0FVPOqIivjXR49CyJZAw7g.wav,
294hRgOqnGW2BemqP8D35X,Klaxon,i-dle,rTKqSmX9XhQ,(여자)아이들((G)I-DLE) - '클락션 (Klaxon)' Official Music Video,success,0,data\raw\audio\294hRgOqnGW2BemqP8D35X.wav,
0GOqhXyouUxqPEw9ypTOLm,TOO BAD,G-DRAGON,o9DhvbqYzns,G-DRAGON - TOO BAD (feat. Anderson .Paak) (Official Video),success,0,data\raw\audio\0GOqhXyouUxqPEw9ypTOLm.wav,
68UrZQUuO3O6eUiD226xHg,The Chase,Hearts2Hearts,kxUA2wwYiME,Hearts2Hearts 하츠투하츠 'The Chase' MV,success,0,data\raw\audio\68UrZQUuO3O6eUiD226xHg.wav,
2P6YMsU9jt22CXfizfudi3,Love Hangover,JENNIE,HfTsVbtZ8Bk,JENNIE - Love Hangover (Just JENNIE - Official Audio),success,0,data\raw\audio\2P6YMsU9jt22CXfizfudi3.wav,
406IpEtZPvbxApWTGM3twY,HOT,LE SSERAFIM,r9AEGPB6qIU,LE SSERAFIM (르세라핌) 'HOT' OFFICIAL MV,success,0,data\raw\audio\406IpEtZPvbxApWTGM3twY.wav,
1z5ebC9238uGoBgzYyvGpQ,toxic till the end,ROSÉ,UeOo_j57d48,ROSÉ - Toxic Till The End | Lyrics,success,0,data\raw\audio\1z5ebC9238uGoBgzYyvGpQ.wav,
7GOIrZTegzVty8mhNhRuA0,"IF I SAY, I LOVE YOU",BOYNEXTDOOR,q39IApbYEzg,"BOYNEXTDOOR (보이넥스트도어) 'IF I SAY, I LOVE YOU (오늘만 I LOVE YOU)' (Color Coded Lyrics)",success,0,data\raw\audio\7GOIrZTegzVty8mhNhRuA0.wav,
3vIkVVbhpMvsOJ1BKWT0nT,TAKE ME,G-DRAGON,IgIqM68qvF0,G-DRAGON - TAKE ME (Official Audio),success,0,data\raw\audio\3vIkVVbhpMvsOJ1BKWT0nT.wav,
04mHr76sMR8RSqVIgWl785,ATTITUDE,IVE,38xYeot-ciM,IVE 아이브 'ATTITUDE' MV,success,0,data\raw\audio\04mHr76sMR8RSqVIgWl785.wav,
4xeugB5MqWh0jwvXZPxahq,Drowning,WOODZ,NbKH4iZqq1Y,Drowning (Drowning),success,0,data\raw\audio\4xeugB5MqWh0jwvXZPxahq.wav,
1Px44tw80Q4rcCl8FxDGOi,Who (Instrumental),Jimin,kLdpeIzEEXQ,Who (Instrumental),success,0,data\raw\audio\1Px44tw80Q4rcCl8FxDGOi.wav,
10zywlg5b0gQOC3q1A7ADx,earthquake,JISOO,Z33suvklkx0,JISOO - ‘earthquake’ DANCE PERFORMANCE VIDEO,success,0,data\raw\audio\10zywlg5b0gQOC3q1A7ADx.wav,
10I5rhhFoWZDIN3kEc6Dbo,Who (Acoustic Remix),Jimin,fZhXt26gmiA,Jimin (지민) 'Who (Acoustic Remix)' Official Audio,success,0,data\raw\audio\10I5rhhFoWZDIN3kEc6Dbo.wav,
7KZNgri6Jxw88FAfATw6i9,Who (Funky Remix),Jimin,EKm5L963L7E,Who (Funky Remix),success,0,data\raw\audio\7KZNgri6Jxw88FAfATw6i9.wav,
1MUZitHRpmng5NevrvNx4T,DRIP,BABYMONSTER,Zp-Jhuhq0bQ,BABYMONSTER - 'DRIP' M/V,success,0,data\raw\audio\1MUZitHRpmng5NevrvNx4T.wav,
6SaSFVlIQC1L6Fh1QKLeFi,start a war,JENNIE,n-KlygYrXV8,JENNIE - start a war (Official Lyric Video),success,0,data\raw\audio\6SaSFVlIQC1L6Fh1QKLeFi.wav,
6iu311jZAJFLPgoIWgrA72,BANG BANG BANG - KR Ver.,BIGBANG,2ips2mM7Zqw,BIGBANG - 뱅뱅뱅 (BANG BANG BANG) M/V,success,0,data\raw\audio\6iu311jZAJFLPgoIWgrA72.wav,
4C2KCXzqC0kwNyTilyRLUx,IBELONGIIU,G-DRAGON,OjoKYCQXDTg,G-DRAGON - IBELONGIIU (Official Audio),success,0,data\raw\audio\4C2KCXzqC0kwNyTilyRLUx.wav,
5yfhzEct1ulyU6g5oVRraj,KNOW ABOUT ME,NMIXX,aFrQIJ5cbRc,NMIXX(엔믹스) “KNOW ABOUT ME” M/V,success,0,data\raw\audio\5yfhzEct1ulyU6g5oVRraj.wav,
2DbDefRFJ5YOfXCKOeCJJh,Igloo,KISS OF LIFE,toF4ee3n-vo,[Take#B | 4K]  KISS OF LIFE (키스오브라이프) - Igloo,success,0,data\raw\audio\2DbDefRFJ5YOfXCKOeCJJh.wav,
7KXjTSCq5nL1LoYtL7XAwS,HUMBLE.,Kendrick Lamar,ov4WobPqoSA,HUMBLE.,success,0,data\raw\audio\7KXjTSCq5nL1LoYtL7XAwS.wav,
20QI1DhCFz7pN8rATkNguv,To Reach You,10CM,Ry1RrIVyl1M,[MV] 10CM _ To Reach You(너에게 닿기를),success,0,data\raw\audio\20QI1DhCFz7pN8rATkNguv.wav,
6cwSbxCqAwBNbCqaLMZgbT,LOSER - KR Ver.,BIGBANG,1CTced9CMMk,BIGBANG - LOSER M/V,success,0,data\raw\audio\6cwSbxCqAwBNbCqaLMZgbT.wav,
0VdwOoAKPe9aGahkpllfkH,A Letter,BUMJIN,LP0lRsckX1A,인사,success,0,data\raw\audio\0VdwOoAKPe9aGahkpllfkH.wav,
6koKhrBBcExADvWuOgceNZ,Open Arms,SZA,JLd09jmEAYA,SZA - Open Arms (Official Audio) ft. Travis Scott,success,0,data\raw\audio\6koKhrBBcExADvWuOgceNZ.wav,
6fbS9Lbyv6L4tz7tcmBGKh,보나마나 (BONAMANA),G-DRAGON,B-tJtuZO5Is,G DRAGON - 보나마나 BONAMANA (Official Audio),success,0,data\raw\audio\6fbS9Lbyv6L4tz7tcmBGKh.wav,
4zUob9iYFS9TgAR0hgo5pR,Seoul City,JENNIE,nJw2_S2fPj8,JENNIE - Seoul City (Official Lyric Video),success,0,data\raw\audio\4zUob9iYFS9TgAR0hgo5pR.wav,
3uA8SjMyDtwtt0jLPMQbVD,D (Half Moon),DEAN,eelfrHtmk68,DEAN - D (Half Moon) ft. Gaeko,success,0,data\raw\audio\3uA8SjMyDtwtt0jLPMQbVD.wav,
5EoV2HmAlkqN1XvsIjOBZZ,STYLE,Hearts2Hearts,n7kFRxFIPrI,Hearts2Hearts 하츠투하츠 'STYLE' MV,success,0,data\raw\audio\5EoV2HmAlkqN1XvsIjOBZZ.wav,
3iJxBDym1SeqNqJqnvreHK,Never Ending Story,IU,2icSeGXXnzw,IU 'Never Ending Story' Lyrics (아이유 Never Ending Story 가사) [Color Coded Han_Rom_Eng],success,0,data\raw\audio\3iJxBDym1SeqNqJqnvreHK.wav,
0AQEShePVSsxMTM6a8ik6t,FAMOUS,ALLDAY PROJECT,VjvzYjU1mY0,ALLDAY PROJECT - ‘FAMOUS’ M/V,success,0,data\raw\audio\0AQEShePVSsxMTM6a8ik6t.wav,
4p0uVFAXKUISu8yp9gNtWE,Billyeoon Goyangi (Do the Dance),ILLIT,negtrQu5mTA,ILLIT (아일릿) '빌려온 고양이 (Do the Dance)' Official MV,success,0,data\raw\audio\4p0uVFAXKUISu8yp9gNtWE.wav,
0fK7ie6XwGxQTIkpFoWkd1,like JENNIE,JENNIE,aS7al94FVbk,JENNIE - like JENNIE (Official Lyric Video),success,0,data\raw\audio\0fK7ie6XwGxQTIkpFoWkd1.wav,
2kpmBZqu52h6uCZXFTIXJK,Lemon Drop,ATEEZ,H4H99b1CjPU,ATEEZ(에이티즈) - 'Lemon Drop' Official MV,success,0,data\raw\audio\2kpmBZqu52h6uCZXFTIXJK.wav,
0wrppxeWurW1uRnxI6Ut9v,HANDS UP,MEOVV,sL0pCS6K9bc,MEOVV(미야오) - ‘HANDS UP’ M/V,success,0,data\raw\audio\0wrppxeWurW1uRnxI6Ut9v.wav,
4WrkJNGb4zUwARc0FD3iNf,Loser,Jin,MTjiawwYPhI,Loser (feat. YENA(최예나)),success,0,data\raw\audio\4WrkJNGb4zUwARc0FD3iNf.wav,
5Fhr3wqeieN5WDkAsqL1JJ,MONA LISA,j-hope,ECqGCH1TfLY,j-hope ‘MONA LISA’ Official MV,success,0,data\raw\audio\5Fhr3wqeieN5WDkAsqL1JJ.wav,
6Wobsw9uZ0D0xkfOjxXSq9,Messy (From F1® The Movie),ROSÉ,ia2Ph61bYzc,ROSÉ - Messy (From F1® The Movie) [Official Music Video],success,0,data\raw\audio\6Wobsw9uZ0D0xkfOjxXSq9.wav,
2NOMOpss7BmEXTL9f1koqn,WICKED,ALLDAY PROJECT,mhKCRnUKp5U,ALLDAY PROJECT - ‘WICKED’ PERFORMANCE VIDEO (VER. A - MOVIE SET),success,0,data\raw\audio\2NOMOpss7BmEXTL9f1koqn.wav,
1klePVubVctBqhlKJvibil,I Feel Good,BOYNEXTDOOR,8isM6xQHlec,BOYNEXTDOOR (보이넥스트도어) 'I feel good' (Color Coded Lyrics),success,0,data\raw\audio\1klePVubVctBqhlKJvibil.wav,
0qkYuCno3SoU8vxkCdx0iJ,THUNDER,SEVENTEEN,pS57UX6s-xw,SEVENTEEN (세븐틴) 'THUNDER' Official MV,success,0,data\raw\audio\0qkYuCno3SoU8vxkCdx0iJ.wav,
2GMKQPMXdOGXsQkDYBN6wF,시작의 아이 ハジマリのコ (Starting With You),MAKTUB,dAcDmbKXw_0,"박다혜,마크툽 (MAKTUB) – 시작의 아이 ❍ ハジマリのコ Starting With You : ♡",success,0,data\raw\audio\2GMKQPMXdOGXsQkDYBN6wF.wav,
60DwXD4XZgBGMRwViDqBm6,When the Day Comes,TOMORROW X TOGETHER,FtEgUrOTkXM,[언젠가는 슬기로울 전공의생활 OST Part 9] 투모로우바이투게더 (TOMORROW X TOGETHER) - 그날이 오면 (When the Day Comes) MV,success,0,data\raw\audio\60DwXD4XZgBGMRwViDqBm6.wav,
4EIFwndJvGpgFjsEbNuYif,ExtraL,JENNIE,oFDBWsnWt3c,"JENNIE, Doechii - ExtraL (Official Lyric Video)",success,0,data\raw\audio\4EIFwndJvGpgFjsEbNuYif.wav,
5RdKO1lsHG9jhbG03LL7cv,With the Clouds,Jin,dpn4v93wQZY,구름과 떠나는 여행,success,0,data\raw\audio\5RdKO1lsHG9jhbG03LL7cv.wav,
1XDSuZ5ZSExGZYC7IuiU5l,Maybe Tomorrow,DAY6,LbQCFWB_8S0,"DAY6(데이식스) ""Maybe Tomorrow"" Lyric Video",success,0,data\raw\audio\1XDSuZ5ZSExGZYC7IuiU5l.wav,
0warEAGkdMG9x2grXqKhlY,The End of the Day,RIIZE,XBL44lrLvT8,RIIZE 라이즈 '모든 하루의 끝 (The End of the Day)' MV | ODYSSEY - The 1st Album,success,0,data\raw\audio\0warEAGkdMG9x2grXqKhlY.wav,
09PyC1qMkM0JVtqHHFnjKm,My Life,YUMDDA,Wx_Vm-gSs5U,염따 - 갓생 (Lyric Video),success,0,data\raw\audio\09PyC1qMkM0JVtqHHFnjKm.wav,
5Kbpcd3hOqu4ZRAJNAjIcg,What Would Have Been? (Feat. Lena Park),PSY,iT267zwmFBw,어땠을까 (What Would Have Been) ft. 박정현,success,0,data\raw\audio\5Kbpcd3hOqu4ZRAJNAjIcg.wav,
2LHNTC9QZxsL3nWpt8iaSR,Abracadabra,Lady Gaga,H0y5RwcCJ0Q,Lady Gaga - Abracadabra (Rehearsal Video),success,0,data\raw\audio\2LHNTC9QZxsL3nWpt8iaSR.wav,
4bjNOhOMvqFPflwHIaS7Fw,1:05,The Black Skirts,-_r_Y5nuHlo,1:05,success,0,data\raw\audio\4bjNOhOMvqFPflwHIaS7Fw.wav,
5cRKj1kynNFqiliT2ndZ3y,Akuma no Ko,Ai Higuchi,WPl10ZrhCtk,ヒグチアイ / 悪魔の子 (アニメスペシャルVer.) | Ai Higuchi “Akuma no Ko” Anime Special Ver.,success,0,data\raw\audio\5cRKj1kynNFqiliT2ndZ3y.wav,
0IjaSeBp6SHXTELm4C9ifk,FOREVER,D.O.,nq_SJPKO_G0,[언젠가는 슬기로울 전공의생활 (Resident Playbook) OST Part 6] 도경수 (D.O.) - 영원해 (FOREVER) MV,success,0,data\raw\audio\0IjaSeBp6SHXTELm4C9ifk.wav,
7EW7Yivb93qKAtp5qEm5of,Dark Thoughts,Lil Tecca,Csst0G-QfkU,Lil Tecca - Dark Thoughts (Official Audio),success,0,data\raw\audio\7EW7Yivb93qKAtp5qEm5of.wav,
02BcXEH1zJYbXSabPtNlKf,Lose My Mind,Don Toliver,WWEs82u37Mw,Don Toliver - Lose My Mind (feat. Doja Cat) [From F1® The Movie] [Official Music Video],success,0,data\raw\audio\02BcXEH1zJYbXSabPtNlKf.wav,
6OWWZtNQORY1McaZmOrwhc,GO!,CORTIS,WXS-o57VJ5w,CORTIS (코르티스) 'GO!' Official MV,success,0,data\raw\audio\6OWWZtNQORY1McaZmOrwhc.wav,
59hVbgr8rfYkDbHfr8RcGI,IRIS OUT,Kenshi Yonezu,LmZD-TU96q4,Kenshi Yonezu - IRIS OUT,success,0,data\raw\audio\59hVbgr8rfYkDbHfr8RcGI.wav,
02sy7FAs8dkDNYsHp4Ul3f,Soda Pop,Saja Boys,_uu_izpVSEc,Saja Boys - Soda Pop (Lyrics) | K-Pop Demon Hunters Soundtrack,success,0,data\raw\audio\02sy7FAs8dkDNYsHp4Ul3f.wav,
2c6xH9usslUoHnOzsRhpcP,XOXZ,IVE,B1ShLiq3EVc,IVE 아이브 ‘XOXZ’ MV,success,0,data\raw\audio\2c6xH9usslUoHnOzsRhpcP.wav,
1sUjTLLCJzcxC15GUBrOlg,Rich Man,aespa,5oQVTnq-UKk,aespa 에스파 'Rich Man' MV,success,0,data\raw\audio\1sUjTLLCJzcxC15GUBrOlg.wav,
3Z4BxvgOJ8KupcDIV3OV2f,In Your Fantasy,ATEEZ,JOF2ZTqvzwY,ATEEZ(에이티즈) - 'In Your Fantasy' Official MV,success,0,data\raw\audio\3Z4BxvgOJ8KupcDIV3OV2f.wav,
1I37Zz2g3hk9eWxaNkj031,Your Idol,Saja Boys,fGyTN5UjnL4,‘Your Idol’ Lyric Video | KPop Demon Hunters | Netflix,success,0,data\raw\audio\1I37Zz2g3hk9eWxaNkj031.wav,
7JQH2lBMZ10ztDnpoeq6Ki,yours,데이먼스 이어 Damons year,DGXPro9x0yo,데이먼스 이어(Damons year) - yours [가사/Lyrics],success,0,data\raw\audio\7JQH2lBMZ10ztDnpoeq6Ki.wav,
5H1sKFMzDeMtXwND3V6hRY,JUMP,BLACKPINK,RUKqwwyAiEU,BLACKPINK - ‘뛰어(JUMP)’ (Official Audio),success,0,data\raw\audio\5H1sKFMzDeMtXwND3V6hRY.wav,
4nKnOIDXFjRSMG4vkXDwzY,Rendezvous,AHOF,D2-G60fuW_4,AHOF(아홉) ‘그곳에서 다시 만나기로 해 (Rendezvous)’ Official MV,success,0,data\raw\audio\4nKnOIDXFjRSMG4vkXDwzY.wav,
0MHStU0muAIEMbwdnebYu2,Takedown,HUNTR/X,l8Dr7vzMSVE,"“Takedown” Official Lyric Video feat. Jeongyeon, Jihyo and Chaeyoung from TWICE | KPop Demon Hunters",success,0,data\raw\audio\0MHStU0muAIEMbwdnebYu2.wav,
7t4Z19BqZ23ExgdiOP0nf6,LIKE YOU BETTER,fromis_9,r1QapH1SIAI,fromis_9 (프로미스나인) 'LIKE YOU BETTER' MV,success,0,data\raw\audio\7t4Z19BqZ23ExgdiOP0nf6.wav,
4ecdsGz3Hg6TKPwQ0ZOdJz,FaSHioN,CORTIS,42wfEs7oIP8,CORTIS (코르티스) 'FaSHioN' Official MV,success,0,data\raw\audio\4ecdsGz3Hg6TKPwQ0ZOdJz.wav,
4H6s1mTZcjHAMU36ZF3Xoz,Nothing Without Your Love,Jin,7ue9yqfApQA,Nothing Without Your Love,success,0,data\raw\audio\4H6s1mTZcjHAMU36ZF3Xoz.wav,
18AMT576rBlQFMzUTS7WBa,THIS IS FOR,TWICE,eHHQaoEW30Q,"TWICE ""THIS IS FOR"" M/V",success,0,data\raw\audio\18AMT576rBlQFMzUTS7WBa.wav,
4LJJxB4a47mreJAfKwbGEM,body,DAYOUNG,jI70BF157c0,DAYOUNG (다영) 'body' (Color Coded Lyrics),success,0,data\raw\audio\4LJJxB4a47mreJAfKwbGEM.wav,
2aSfmbpproCPOe2j01WT2a,Eternal Moment,Lim Young Woong,sFK89gemgKM,임영웅 '순간을 영원처럼' Official M/V,success,0,data\raw\audio\2aSfmbpproCPOe2j01WT2a.wav,
6hcT29EF7UYuwu76eqlys9,Girls Will Be Girls,ITZY,1KhOhW_O8-k,"ITZY ""Girls Will Be Girls"" M/V",success,0,data\raw\audio\6hcT29EF7UYuwu76eqlys9.wav,
5PCOOngROV9jWsUViSy4Ed,Killin' It Girl,j-hope,q9leDzlNEaY,j-hope ‘Killin' It Girl (feat. GloRilla)’ Official MV,success,0,data\raw\audio\5PCOOngROV9jWsUViSy4Ed.wav,
6jl91VgNuRjpwO0MJQw29F,Vivid LaLa Love,LEE CHANHYUK,nrc7IPGzhh0,Vivid LaLa Love,success,0,data\raw\audio\6jl91VgNuRjpwO0MJQw29F.wav,
5Xf2cIARIa9gwWf6m4DvME,Home Sweet Home,"Car, the garden",MV9kclfajk8,"[Official Audio] 카더가든 (Car, the garden) - Home Sweet Home",success,0,data\raw\audio\5Xf2cIARIa9gwWf6m4DvME.wav,
0VdikQbDdOqxdWQyYsLmne,butterflies,JVKE,-6kmU2b3EQY,"JVKE (feat. TAEHYUN of TXT,  KIM CHAEWON of LE SSERAFIM) – butterflies (official lyric video)",success,0,data\raw\audio\0VdikQbDdOqxdWQyYsLmne.wav,
3y1Aq9UzyzhMGuVaS8i2oA,"question mark (Feat. CHOIZA Of Dynamicduo, Zion.T)",Primary,4Uh-Pf02qeQ,"question mark (Feat. CHOIZA Of Dynamicduo, Zion.T)",success,0,data\raw\audio\3y1Aq9UzyzhMGuVaS8i2oA.wav,
3cnCdBXTlyBCKYrlHpXbIP,Island,PLAVE,4deMcO_LtrQ,PLAVE 'Island' Special Video,success,0,data\raw\audio\3cnCdBXTlyBCKYrlHpXbIP.wav,
630sXRhIcfwr2e4RdNtjKN,Rewrite The Stars,Zac Efron,gdjR2lvIfJ4,The Greatest Showman Cast - Rewrite The Stars (Official Audio),success,0,data\raw\audio\630sXRhIcfwr2e4RdNtjKN.wav,
34HSEUn4YGAFBW9OHGIkU7,Boat,george,OWL1RNX7p90,[Lyrics | 가사] 죠지 (George) - 보트 (Boat),success,0,data\raw\audio\34HSEUn4YGAFBW9OHGIkU7.wav,
7H9e5GKSY1PQTW1edqvHb9,Episode,KANGDANIEL,xarSyADqmv0,강다니엘(KANGDANIEL) - Episode Performance Video,success,0,data\raw\audio\7H9e5GKSY1PQTW1edqvHb9.wav,
0M4O6UEu4F9SxImTsBuX9n,DUET,ZICO,UGktZGH_OXI,"ZICO, Lilas - DUET (Lyrics)",success,0,data\raw\audio\0M4O6UEu4F9SxImTsBuX9n.wav,
6jYiHr12NVKLzn0X7K8aSK,FOCUS,Hearts2Hearts,Ur7aK4FvK-U,Hearts2Hearts 하츠투하츠 'FOCUS' MV,success,0,data\raw\audio\6jYiHr12NVKLzn0X7K8aSK.wav,
3cLXrotzCjYCkN73PewALM,Good Goodbye,HWASA,Qe8fa4b5xNU,화사 (HWASA) - 'Good Goodbye' MV,success,0,data\raw\audio\3cLXrotzCjYCkN73PewALM.wav,
2N9miXnewVmUrgl6JSK1FI,SPAGHETTI,LE SSERAFIM,TvVtYaqCni8,LE SSERAFIM (르세라핌) 'SPAGHETTI (feat. j-hope of BTS)' OFFICIAL MV,success,0,data\raw\audio\2N9miXnewVmUrgl6JSK1FI.wav,
1k0JAiH11gHL9dc5dfQjQr,NOT CUTE ANYMORE,ILLIT,x_RYZsOfpKY,ILLIT (아일릿) 'NOT CUTE ANYMORE’ Official MV,success,0,data\raw\audio\1k0JAiH11gHL9dc5dfQjQr.wav,
7FyKqLLICVzwBiAUtbVYUW,ONE MORE TIME,ALLDAY PROJECT,OgEwJ8a1OoY,ALLDAY PROJECT - ‘ONE MORE TIME’ M/V,success,0,data\raw\audio\7FyKqLLICVzwBiAUtbVYUW.wav,
06o2o3TpyR8eGU2ANK21Lp,Endangered Love,LEE CHANHYUK,19oT04OuBhg,이찬혁 (LEE CHANHYUK) - '멸종위기사랑' M/V,success,0,data\raw\audio\06o2o3TpyR8eGU2ANK21Lp.wav,
0p5xMhVvw441Z10hNWsk5Q,BURNING UP,MEOVV,hlULtigNNao,MEOVV(미야오) - ‘BURNING UP’ M/V,success,0,data\raw\audio\0p5xMhVvw441Z10hNWsk5Q.wav,
5iFbKoNv7Jc5Arpbf8D90B,LOOK AT ME,ALLDAY PROJECT,9nOrPNxjvck,ALLDAY PROJECT - ‘LOOK AT ME’ M/V,success,0,data\raw\audio\5iFbKoNv7Jc5Arpbf8D90B.wav,
3vJIaiTIHxHhYafTSPNiH4,Zoo,Disney,Xry6B0I3pT8,"Shakira - Zoo (From ""Zootopia 2"") Lyric Video",success,4,data\raw\audio\3vJIaiTIHxHhYafTSPNiH4.wav,
1nEhhkEidrTOtc46fCvRFp,Fame,RIIZE,F3C87lOmZBM,RIIZE(라이즈) _ Fame | 1theKILLPO | 원더킬포 | 퍼포먼스 | Performance | 4K,success,0,data\raw\audio\1nEhhkEidrTOtc46fCvRFp.wav,
4CRhJHHbH9Awx7z7xRAdPP,Unread Message,Lim Young Woong,z3421azlj3I,Unread Message (답장을 보낸지),success,0,data\raw\audio\4CRhJHHbH9Awx7z7xRAdPP.wav,
15HNdxGKNCIO9pgaY4n7FU,Pretender,OFFICIAL HIGE DANDISM,TQ8WlA2GXbk,Official髭男dism - Pretender［Official Video］,success,0,data\raw\audio\15HNdxGKNCIO9pgaY4n7FU.wav,
7hYI4QprQ3hMqp56ul6uEv,Melody for You,Lim Young Woong,yEHkBifsHPY,임영웅 '그댈 위한 멜로디' Official M/V,success,0,data\raw\audio\7hYI4QprQ3hMqp56ul6uEv.wav,
4WFfPxJv1KRekG6mxn837K,EYES CLOSED,JISOO,TN4LP7j5cbo,JISOO X ZAYN - EYES CLOSED (OFFICIAL LYRIC VIDEO),success,0,data\raw\audio\4WFfPxJv1KRekG6mxn837K.wav,
7csMuPqdOPaFKby0AoRYL5,가시,BUZZ,1-Lm2LUR8Ss,버즈(Buzz) - 가시 [가사/Lyrics],success,0,data\raw\audio\7csMuPqdOPaFKby0AoRYL5.wav,
2OQ6a4CfUeYskpTTgyawyJ,You Make It Feel Like Christmas,Gwen Stefani,uA4STm4hx7Q,Gwen Stefani - You Make It Feel Like Christmas (Audio) ft. Blake Shelton,success,0,data\raw\audio\2OQ6a4CfUeYskpTTgyawyJ.wav,
0QzuaeCEEOV40Pn7IvKEny,double take,Dhruv,uQiF1yOnzDg,Dhruv - double take (Official Audio),success,0,data\raw\audio\0QzuaeCEEOV40Pn7IvKEny.wav,
6VedlO2MtaEjAITax6vQyg,Toki Yo Tomare,ILLIT,HeqsjDF7Lw0,ILLIT (아일릿) '時よ止まれ (Toki Yo Tomare)' Official MV,success,0,data\raw\audio\6VedlO2MtaEjAITax6vQyg.wav,
11gZL0HigsqfzjTHOpdFjE,MENTE MÁ,Nakama,PDqBDTGBwkY,MENTE MÁ - NAKAMA (Official Lyric Video),success,0,data\raw\audio\11gZL0HigsqfzjTHOpdFjE.wav,
6Yj8kVuVR3UPxx9r5eFEoV,Miniskirt,AOA,q6f-LLM1H6U,AOA - 짧은 치마 (Miniskirt) M/V,success,0,data\raw\audio\6Yj8kVuVR3UPxx9r5eFEoV.wav,
5APxbxUDWyUChpgjJ0YQzE,Dash,PLAVE,GoS7xYkWiwc,PLAVE 'Dash' M/V (Performance Ver.),success,0,data\raw\audio\5APxbxUDWyUChpgjJ0YQzE.wav,
2rKkfc4VZ74FQDc1FF1Zo6,Body to Body,BTS,RBaSiVjtKR4,Body to Body,success,0,data\raw\audio\2rKkfc4VZ74FQDc1FF1Zo6.wav,
7hlEhmg5h9XuFtaGfgvqjF,Love Love Love,Epik High,qdr0fZbuffY,에픽하이(Epik High) - Love Love Love,success,0,data\raw\audio\7hlEhmg5h9XuFtaGfgvqjF.wav,
2IFND3phjzIG1RcPnHh2hP,Like Animals,BTS,iPxnYZVtjiY,BTS (방탄소년단) 'Like Animals' MV,success,0,data\raw\audio\2IFND3phjzIG1RcPnHh2hP.wav,
5tg21NdePCn5m8F9BXOEeJ,Aliens,BTS,EC9_h_elSAY,Aliens,success,0,data\raw\audio\5tg21NdePCn5m8F9BXOEeJ.wav,
0KmrKOdScRDVYwWS8hkkdv,FYA,BTS,QWDayFgPDjQ,FYA,success,0,data\raw\audio\0KmrKOdScRDVYwWS8hkkdv.wav,
3WvM2dIR9iIxMGNMP7WsNw,Landing in Love,HANRORO,h0KIWaUEIgQ,[MV] 한로로 (HANRORO) - 사랑하게 될 거야 (Landing in Love),success,0,data\raw\audio\3WvM2dIR9iIxMGNMP7WsNw.wav,
4qdBPJta3BVPXCS0wJZ6yO,Let Me Love My Youth,HANRORO,pNi9PjmbUrI,[MV] 한로로 (HANRORO) - 입춘 (Let Me Love My Youth),success,0,data\raw\audio\4qdBPJta3BVPXCS0wJZ6yO.wav,
68lbSrXDORS51pmyjZv712,SWIM,BTS,h-Y97xErGL8,BTS (방탄소년단) 'SWIM' Official Performance Video,success,0,data\raw\audio\68lbSrXDORS51pmyjZv712.wav,
3VxmXJ4FdtbWI27p3Gx4Wh,Mono,i-dle,DYgE3SGPEqk,i-dle (아이들) 'Mono (Feat. skaiwater)' Official Music Video,success,0,data\raw\audio\3VxmXJ4FdtbWI27p3Gx4Wh.wav,
3bmpXHVie1GTy37OkXJ7Vc,2.0,BTS,vj3a_4hwn0w,BTS '2.0' Lyrics (방탄소년단 2.0 가사) [Color Coded Han_Rom_Eng] | ShadowByYoongi,success,0,data\raw\audio\3bmpXHVie1GTy37OkXJ7Vc.wav,
3VegC0PZiHjGxb80DER8XU,Merry Go Round,BTS,Iy0SpSLW8wo,Merry Go Round,success,0,data\raw\audio\3VegC0PZiHjGxb80DER8XU.wav,
4B4Q7zfd0aHcuhQBfCRnH5,NORMAL,BTS,GEk4jHwfFTA,BTS (방탄소년단) ‘NORMAL’ Official MV,success,0,data\raw\audio\4B4Q7zfd0aHcuhQBfCRnH5.wav,
5xqM1HOndjxfH7NmyD8SVS,Really Like You,BABYMONSTER,XShaIZs7J7M,BABYMONSTER - ‘Really Like You’ M/V,success,0,data\raw\audio\5xqM1HOndjxfH7NmyD8SVS.wav,
3b4YlIUpzYs3CZ6s9GVmzT,너,SYSTEM SEOUL,mZ4vjIC3tmw,ycs - 너 (Official Audio),success,0,data\raw\audio\3b4YlIUpzYs3CZ6s9GVmzT.wav,
3g8mimqqxsAEtkktm1TYEk,"Love over hip hop, money over love",noahjooda,NOlIxr8ygcI,"Love over hip hop, money over love (feat. Basick)",success,0,data\raw\audio\3g8mimqqxsAEtkktm1TYEk.wav,
40UVUuyy5RfpO0awclCttA,FAMOUS,ALLDAY PROJECT,VjvzYjU1mY0,ALLDAY PROJECT - ‘FAMOUS’ M/V,success,0,data\raw\audio\40UVUuyy5RfpO0awclCttA.wav,
65X2koe1LhDgQmRkNdJFv9,AIZO,King Gnu,0fxU_XmgvaM,"Jujutsu Kaisen Season 3 - Opening FULL ""AIZO"" by King Gnu (Lyrics)",success,0,data\raw\audio\65X2koe1LhDgQmRkNdJFv9.wav,
5u77QBJa2fUREcFTM7PwME,MDLZ (With. PENOMECO),Marv,AunQMOX8SoY,Marv - 물들이자 (with PENOMECO) [Performance Video],success,0,data\raw\audio\5u77QBJa2fUREcFTM7PwME.wav,
6w9SgpKIzB54R2xHml1UPP,Love Language,Kim Min Seok (MeloMance),zHRalE_8n1A,KIM MIN SEOK (김민석 (멜로망스)) - Love Language (사랑의 언어) | Can This Love Be Translated? OST MV (ENG),success,0,data\raw\audio\6w9SgpKIzB54R2xHml1UPP.wav,
0dt0DccOIWLtzX45F6uZ1I,MAMA (Feat. UNEDUCATED KID) (Prod. by Lil Moshpit),Lil Moshpit,3bir8-8s8jA,MAMA (Prod. by Lil Moshpit),success,0,data\raw\audio\0dt0DccOIWLtzX45F6uZ1I.wav,
0XqgE9UN4MCo5ooIwUYm7l,MONTAGEM HIKARI,BellyJay,YO-6FsfdXbo,BellyJay - MONTAGEM HIKARI,success,0,data\raw\audio\0XqgE9UN4MCo5ooIwUYm7l.wav,
27zrFrtUtWl2urlvjOn5xc,Say Yes,Loco,t3j1ToIlg0Y,Say Yes,success,0,data\raw\audio\27zrFrtUtWl2urlvjOn5xc.wav,
0NsmpxrKw7ZWGKjnWVJtm5,Big Girls Don't Cry,ENHYPEN,01R62JW9X6Y,ENHYPEN (엔하이픈) 'Big Girls Don't Cry' MV,success,0,data\raw\audio\0NsmpxrKw7ZWGKjnWVJtm5.wav,
0VGeaj4sDq9UnwzSxiVgkZ,STAY on FIRE,Sik-K,849QAMVWkvM,STAY on FIRE (feat. DEAN),success,0,data\raw\audio\0VGeaj4sDq9UnwzSxiVgkZ.wav,
0hqngwyh8WnPuYlLYHRQqp,DrunKen Confession,Kim Min Seok (MeloMance),zFl56wl3uuw,김민석(멜로망스) - 취중고백 [가사/Lyrics],success,0,data\raw\audio\0hqngwyh8WnPuYlLYHRQqp.wav,
6dOtVTDdiauQNBQEDOtlAB,BIRDS OF A FEATHER,Billie Eilish,d5gf9dXbPi0,Billie Eilish - BIRDS OF A FEATHER (Official Lyric Video),success,0,data\raw\audio\6dOtVTDdiauQNBQEDOtlAB.wav,
4wJ5Qq0jBN4ajy7ouZIV1c,APT.,ROSÉ,ekr2nIex040,ROSÉ & Bruno Mars - APT. (Official Music Video),success,0,data\raw\audio\4wJ5Qq0jBN4ajy7ouZIV1c.wav,
44hqFxUWsADWewEJELnncj,No Doubt,ENHYPEN,rDolt3jJRsM,ENHYPEN (엔하이픈) 'No Doubt' Official MV,success,0,data\raw\audio\44hqFxUWsADWewEJELnncj.wav,
0WA27lZzPKFJKAbiDRmQDc,RUDE!,Hearts2Hearts,F7sGJVUrkjQ,Hearts2Hearts 하츠투하츠 'RUDE!' MV,success,0,data\raw\audio\0WA27lZzPKFJKAbiDRmQDc.wav,
5dxiriLgC9mu2FbSNqudld,Paradise of Rumors,AKMU,D54StAZFUrc,AKMU - 'Paradise of Rumors' M/V,success,0,data\raw\audio\5dxiriLgC9mu2FbSNqudld.wav,
3m08yeqLjXsqblRU3KXPAp,"TICK TOCK (Feat. ZICO) (Prod. by ZICO, Crush)",HAON,HLTQoCRBfxc,"TICK TOCK (Prod. by ZICO, Crush)",success,0,data\raw\audio\3m08yeqLjXsqblRU3KXPAp.wav,
1D5L58KLBbceOynTP4DQnY,It's Me,ILLIT,bMhDJ0S0OBA,ILLIT (아일릿) ‘It’s Me’ Official MV,success,0,data\raw\audio\1D5L58KLBbceOynTP4DQnY.wav,
3sOAwRg5esaxDcWnUigWPv,0+0,HANRORO,_Ngk-DCHfD0,[MV] 한로로 (HANRORO) - 0+0,success,0,data\raw\audio\3sOAwRg5esaxDcWnUigWPv.wav,
27xkOIER6uDLKALIelHylZ,Don’t Say You Love Me,Jin,iD_3rMPrggQ,진 (Jin) 'Don't Say You Love Me' Lyric Video,success,0,data\raw\audio\27xkOIER6uDLKALIelHylZ.wav,
1Sjs93mMgi9bX06FFU9Mcv,Heavy Serenade,NMIXX,6Ycn9qZK09I,NMIXX(엔믹스) “Heavy Serenade” M/V,success,0,data\raw\audio\1Sjs93mMgi9bX06FFU9Mcv.wav,
2SMq0lOqCTHayWa9juoI0d,We Are,Woo,RsHq6Q-7NsU,우원재 (Woo Won Jae) - 시차 (We Are) (Feat. 로꼬 & GRAY) (Official Audio),success,0,data\raw\audio\2SMq0lOqCTHayWa9juoI0d.wav,
24rDDbSlFY9OHrlJb48CRh,404 (New Era),KiiiKiii,3_l-UI4prVY,404 (New Era),success,0,data\raw\audio\24rDDbSlFY9OHrlJb48CRh.wav,
6uvw8GFIqdqaJ4Nr3kN8Rs,Come Over,BTS,Jc7A_1py3Bk,BTS 방탄소년단 'Come Over' Official Audio,success,0,data\raw\audio\6uvw8GFIqdqaJ4Nr3kN8Rs.wav,
6QFCMUUq1T2Vf5sFUXcuQ7,Beauty And A Beat,Justin Bieber,Lf9OgcXV5cE,Justin Bieber - Beauty And A Beat ft. Nicki Minaj (Official Audio) ft. Nicki Minaj,success,0,data\raw\audio\6QFCMUUq1T2Vf5sFUXcuQ7.wav,
41d2WjuL0ikRKVjxmL7ZFz,BOOMPALA,LE SSERAFIM,V1Lr-_AxeR8,LE SSERAFIM (르세라핌) 'BOOMPALA' OFFICIAL MV,success,0,data\raw\audio\41d2WjuL0ikRKVjxmL7ZFz.wav,
0b61A7v9agI08BG21jJPQ9,they don’t know ’bout us,BTS,Dt2P9jRa7w0,they don't know 'bout us,success,0,data\raw\audio\0b61A7v9agI08BG21jJPQ9.wav,
63JNA2B4qHmoedZCthpo0e,"ON to the next (Prod. by Crush, ZICO)",HAON,wYERwcjPczc,"ON to the next (Prod. by Crush, ZICO)",success,0,data\raw\audio\63JNA2B4qHmoedZCthpo0e.wav,
0FOReGSXypVBP1q3CLEbfN,SSAK (Feat. Loco) (Prod. By GRAY),OXYNOVA,bjjs-14horc,SSAK (Prod. By GRAY),success,0,data\raw\audio\0FOReGSXypVBP1q3CLEbfN.wav,
6epn3r7S14KUqlReYr77hA,Baby,Justin Bieber,kffacxfA7G4,Justin Bieber - Baby ft. Ludacris,success,0,data\raw\audio\6epn3r7S14KUqlReYr77hA.wav,
2CO0qu8M2UrT2IxRdYbGOg,"R.I.L + King′s gambit (Feat. ZICO, Gaeko, Sik-K, VINXEN) (Prod. by ZICO, Crush)",HAON,eMouvDpiEVU,"R.I.L + King′s gambit (Prod. by ZICO, Crush)",success,0,data\raw\audio\2CO0qu8M2UrT2IxRdYbGOg.wav,
1OO2hWJmimNmsN2glZ9kyM,Blossom Parade,PLAVE,Ofuw0t7mtQw,PLAVE '꽃송이들의 퍼레이드' Official Audio,success,0,data\raw\audio\1OO2hWJmimNmsN2glZ9kyM.wav,
4c9CHyzibRaogeupFGzsFW,L[ ]VE,CHOIJUNSEONG (Jun S),4L2qXBTWPbU,[MV] CHOIJUNSEONG(최준성) (Jun S) - L[ ]VE(가짜사랑),success,0,data\raw\audio\4c9CHyzibRaogeupFGzsFW.wav,
5bB7348yF6DXMmK1WQlBui,Money Checks (Prod. by Hukky Shibaseki),NOWIMYOUNG,TCPU7L7Qymg,Money Checks (Prod. by Hukky Shibaseki),success,0,data\raw\audio\5bB7348yF6DXMmK1WQlBui.wav,
1XpVhaI4HzWrhRWIpdfyJB,Please,BTS,3N1k6ir55-Y,Please,success,0,data\raw\audio\1XpVhaI4HzWrhRWIpdfyJB.wav,
0F6XPZ5gxXC1zaiaDhrV73,ADIOS!,BOYNEXTDOOR,IlxcMmuk574,BOYNEXTDOOR 'ADIOS!' Lyrics (보이넥스트도어 ADIOS! 가사) [Color Coded Han_Rom_Eng] | ShadowByYoongi,success,0,data\raw\audio\0F6XPZ5gxXC1zaiaDhrV73.wav,
3FZPp9lBUvhsxFxKJi3VkB,GO,BLACKPINK,k7JitOG5wVo,BLACKPINK - ‘GO’ (Official Audio),success,0,data\raw\audio\3FZPp9lBUvhsxFxKJi3VkB.wav,
4oE7MyJhqSD3BaHRpNs8Nl,JANE DOE,Kenshi Yonezu,E8N8CAihLT0,"Kenshi Yonezu, Hikaru Utada “JANE DOE” ×  ""Chainsaw Man – The Movie: Reze Arc"" Special Video",success,0,data\raw\audio\4oE7MyJhqSD3BaHRpNs8Nl.wav,
3KQ3fLAkMYyCWQLCi60zeE,Sunshine Bless You,AKMU,sAJh3t_meGw,Sunshine Bless You,success,0,data\raw\audio\3KQ3fLAkMYyCWQLCi60zeE.wav,
599L9ptR3PXQq6Dzn9uLP0,Naughty Talk + VANCOUVER FLOW,ksmartboi,qJzRsQ_6i6k,"Naughty Talk + VANCOUVER FLOW (Feat. GGM Kimbo, Rich Iggy) (Official Lyric Video)",success,0,data\raw\audio\599L9ptR3PXQq6Dzn9uLP0.wav,
7GRZqYKsoE1Ls98sr2o8xQ,Lovey Dovey (Solo Ver.),BIG Naughty,OwOIKHkUUUI,Lovey Dovey (Solo Ver.),success,0,data\raw\audio\7GRZqYKsoE1Ls98sr2o8xQ.wav,
0yamqkAFAmpdLNVcmJLSo8,Never Ending Story,BOOHWAL,VWqcR2cSBnk,부활 - Never Ending Story [가사/Lyrics],success,0,data\raw\audio\0yamqkAFAmpdLNVcmJLSo8.wav,
0RiRZpuVRbi7oqRdSMwhQY,Sunflower - Spider-Man: Into the Spider-Verse,Post Malone,ApXoWvfEYVU,"Post Malone, Swae Lee - Sunflower (Spider-Man: Into the Spider-Verse)",success,0,data\raw\audio\0RiRZpuVRbi7oqRdSMwhQY.wav,
6vjt2smGK75oc9r2OGFfgp,LEMONADE,aespa,83C3TZ4Zm_o,aespa 에스파 'LEMONADE' MV,success,0,data\raw\audio\6vjt2smGK75oc9r2OGFfgp.wav,
55UDXtbNJBAdTdUdbRu8T3,BAD,ATEEZ,xmkIT3bS1u8,ATEEZ - BAD | ATINY'S VOYAGE: TINY MYSTERY,success,0,data\raw\audio\55UDXtbNJBAdTdUdbRu8T3.wav,
0USn5f2VZGbHjHkbjcijzU,Pop Off Pop Off,KiiiKiii,e1IH2q8QNLM,Pop Off Pop Off,success,0,data\raw\audio\0USn5f2VZGbHjHkbjcijzU.wav,
0cbgFMxCXMzs80R2vxwApT,Dear my crazy soulmate,IU,I29POr6gxaU,(LYRICS) IU (아이유) - Dear My Crazy Soulmate Lyrics | English - Korean (한글) - Indonesian Translate,success,0,data\raw\audio\0cbgFMxCXMzs80R2vxwApT.wav,
776vLcNy6mHNmPisdejR0I,Nostalgia,BIG Naughty,EIc13cn7tWo,Nostalgia,success,0,data\raw\audio\776vLcNy6mHNmPisdejR0I.wav,
6uosenLUNFZtOIih5T0qfV,LOVE ATTACK,RESCENE,9XttLI0oH0I,RESCENE (리센느) ‘LOVE ATTACK’ Official MV,success,0,data\raw\audio\6uosenLUNFZtOIih5T0qfV.wav,
02KRPJcx4TJFLCXt9qwEUE,Unknown Planet,IU,uTxsfhBnTyw,IU (아이유) 'Unknown Planet' (Color Coded Lyrics),success,0,data\raw\audio\02KRPJcx4TJFLCXt9qwEUE.wav,
6BAnU4WVN9ArEfSi01JwhQ,I’m gonna TOESA,SOYEON,NTBaHHbyWC0,[MV] SOYEON - I'm gonna TOESA（日本語字幕）,success,0,data\raw\audio\6BAnU4WVN9ArEfSi01JwhQ.wav,
3caqaSvtldUKLY5Fd5msk2,Surfin' Boy,Red Velvet,NZP153MUpHY,Red Velvet 레드벨벳 'Surfin' Boy' MV,success,0,data\raw\audio\3caqaSvtldUKLY5Fd5msk2.wav,
1ET5lou3teBMA3a5cYeYzN,Baby Flower,tripleS,6q8UMVXhXsE,tripleS 'Baby Flower' Official MV,success,0,data\raw\audio\1ET5lou3teBMA3a5cYeYzN.wav,
0KgetoSLg8qfJWIwoAQxBf,Bansanka,TAEYEON,VVO05mYGFY8,[MV] 태연 (TAEYEON)_ 만찬가 (晩餐歌 / BANSANKA) : J-POP REMAKE Vol.1,success,0,data\raw\audio\0KgetoSLg8qfJWIwoAQxBf.wav,
70RQYCjVacuJgeYAmU2sXd,Vitamin ME,fromis_9,sLk8zWUuYTA,fromis_9 (프로미스나인) 'Vitamin ME' MV,success,0,data\raw\audio\70RQYCjVacuJgeYAmU2sXd.wav,
75MJ2d8AmBWgf2yeZACwpa,Guitarist,D.O.,V3b1JrAl_1Q,도경수(D.O.) l 'Guitarist' MV,success,0,data\raw\audio\75MJ2d8AmBWgf2yeZACwpa.wav,
4iZIvaus7v4wSjFvdF83NA,FLYING HIGH WITH U,VINXEN,rGwK6uNIEEk,[MV] 빈첸(VINXEN) _ FLYING HIGH WITH U,success,0,data\raw\audio\4iZIvaus7v4wSjFvdF83NA.wav,
6g02YqJTLBjqJ7sGvW1wDB,Brainwash,HEEDAE,VNLUaTxDs_4,Brainwash,success,0,data\raw\audio\6g02YqJTLBjqJ7sGvW1wDB.wav,
1OLAjffdDJibTrUGAwApVk,ICONIC HEART,Hearts2Hearts,chl0R8C4NJ8,Hearts2Hearts 하츠투하츠 'ICONIC HEART' MV,success,0,data\raw\audio\1OLAjffdDJibTrUGAwApVk.wav,
2L1dsjU3R3U4SX27qIiPrq,Skibidi,Girls' Generation-HRS,E0iZOkj7Fgk,Girls' Generation-HRS 소녀시대-효리수 'Skibidi' Official Audio,success,0,data\raw\audio\2L1dsjU3R3U4SX27qIiPrq.wav,
1my8zFESgULmuj3D2tzK1R,Candy Pink Magic Hole Flip Phone,KiiiKiii,Ta42YSMVePU,Candy Pink Magic Hole Flip Phone (나 어떡해),success,0,data\raw\audio\1my8zFESgULmuj3D2tzK1R.wav,
55pCe0UgAeaeWKKSQqdiWh,My whole world,"Car, the garden",ZurHW2kBqrw,"[Official Audio] 카더가든 (Car, the garden) - 그대 작은 나의 세상이 되어",success,0,data\raw\audio\55pCe0UgAeaeWKKSQqdiWh.wav,
3CQw6HqsBu12wUj89vUQ5M,TIME CAPSULE,DAVICHI,qE35JN1ogeI,다비치 (DAVICHI) '타임캡슐' Official Music Video,success,0,data\raw\audio\3CQw6HqsBu12wUj89vUQ5M.wav,
2cCC4S226r1tws0d2vDDdO,사랑은 봄비처럼...이별은 겨울비처럼,Lim Hyun Jung,EW80513-7A0,사랑은 봄비처럼... 이별은 겨울비처럼…,success,0,data\raw\audio\2cCC4S226r1tws0d2vDDdO.wav,
3hBAYbAECEix9raaTq8S3H,ヒロイン,back number,VPZK72W4Xxw,back number - ヒロイン (full),success,0,data\raw\audio\3hBAYbAECEix9raaTq8S3H.wav,
7ijWcf4FsoxoyPK4B9WGp6,LAST DANCE,BIGBANG,--zku6TB5NY,BIGBANG - ‘LAST DANCE’ M/V,success,0,data\raw\audio\7ijWcf4FsoxoyPK4B9WGp6.wav,
1BxfuPKGuaTgP7aM0Bbdwr,Cruel Summer,Taylor Swift,ic8j13piAhQ,Taylor Swift - Cruel Summer (Official Audio),success,0,data\raw\audio\1BxfuPKGuaTgP7aM0Bbdwr.wav,
3TPPESvMtVS5zt7FAX2M9n,SWEET SOUR,KiiiKiii,oM1s0HSJZ34,SWEET SOUR,success,0,data\raw\audio\3TPPESvMtVS5zt7FAX2M9n.wav,
42lqBjPYlmL1EXpMDXvhSN,Somebody’s Problem,Morgan Wallen,961Gk3mD9Zc,Morgan Wallen - Somebody’s Problem (Official Lyric Video),success,0,data\raw\audio\42lqBjPYlmL1EXpMDXvhSN.wav,
3cBsEDNhFI9E82vPj3kvi3,Wasted On You,Morgan Wallen,OqaznqwGkrs,Morgan Wallen - Wasted On You (Official Lyric Video),success,0,data\raw\audio\3cBsEDNhFI9E82vPj3kvi3.wav,
65OVbaJR5O1RmwOQx0875b,Wants and Needs,Drake,U6k5dIhB6AM,Wants and Needs,success,0,data\raw\audio\65OVbaJR5O1RmwOQx0875b.wav,
1M4OcYkxAtu3ErzSgDEfoi,Up,Cardi B,N2LPTvuIQ5U,Cardi B - Up [Official Audio],success,0,data\raw\audio\1M4OcYkxAtu3ErzSgDEfoi.wav,
7FGdjbZ32vMybPuP0IuE7d,Back In Blood,Pooh Shiesty,RnGLMCOFjFQ,Pooh Shiesty - Back In Blood (feat. Lil Durk) [Official Audio],success,0,data\raw\audio\7FGdjbZ32vMybPuP0IuE7d.wav,
43CIWpJaJHRcI4mUSjqgc2,Bad Boy,Juice WRLD,sP9t8WGDwfg,Juice WRLD ft. Young Thug - Bad Boy (Official Audio),success,0,data\raw\audio\43CIWpJaJHRcI4mUSjqgc2.wav,
4MzXwWMhyBbmu6hOcLVD49,DÁKITI,Bad Bunny,rSPnrtPpnbk,"Bad Bunny, Jhay Cortez - DÁKITI (Audio)",success,0,data\raw\audio\4MzXwWMhyBbmu6hOcLVD49.wav,
2QjOHCTQ1Jl3zawyYOpxh6,Sweater Weather,The Neighbourhood,GCdwKhTtNNw,The Neighbourhood - Sweater Weather (Official Video),success,0,data\raw\audio\2QjOHCTQ1Jl3zawyYOpxh6.wav,
1tkg4EHVoqnhR6iFEXb60y,What You Know Bout Love,Pop Smoke,uuodbSVO3z0,POP SMOKE - WHAT YOU KNOW BOUT LOVE (Official Video),success,0,data\raw\audio\1tkg4EHVoqnhR6iFEXb60y.wav,
4obHzpwGrjoTuZh2DItEMZ,7 Summers,Morgan Wallen,Db_mZ_2gtLg,Morgan Wallen - 7 Summers (Lyric Video),success,0,data\raw\audio\4obHzpwGrjoTuZh2DItEMZ.wav,
3FAJ6O0NOHQV8Mc5Ri6ENp,Heartbreak Anniversary,GIVĒON,nja_0BaQcNg,GIVĒON - Heartbreak Anniversary (Official Audio),success,0,data\raw\audio\3FAJ6O0NOHQV8Mc5Ri6ENp.wav,
0A1hoCfMLkiAgvhWkkucJa,Body,Megan Thee Stallion,7PBYGu4Az8s,Megan Thee Stallion - Body [Official Video],success,0,data\raw\audio\0A1hoCfMLkiAgvhWkkucJa.wav,
3Uo7WG0vmLQ07WB4BDwy7D,willow,Taylor Swift,7EvwIw4gIyk,Taylor Swift - willow (Official Lyric Video),success,0,data\raw\audio\3Uo7WG0vmLQ07WB4BDwy7D.wav,
0uRrG2jRR5tuifsYIJHEao,Sand In My Boots,Morgan Wallen,7pnlOJl1m78,Morgan Wallen - Sand In My Boots (Official Lyric Video),success,0,data\raw\audio\0uRrG2jRR5tuifsYIJHEao.wav,
0PvFJmanyNQMseIFrU708S,For The Night,Pop Smoke,Q9pjm4cNsfc,"Pop Smoke - For The Night (Visualizer) (Official) ft. Lil Baby, DaBaby",success,0,data\raw\audio\0PvFJmanyNQMseIFrU708S.wav,
5uEYRdEIh9Bo4fpjDd4Na9,Goosebumps - Remix,Travis Scott,XULMZ907ios,"Travis Scott, HVME - Goosebumps (Remix - Official Audio)",success,0,data\raw\audio\5uEYRdEIh9Bo4fpjDd4Na9.wav,
6toQdWWc4noiOk3Eo5mVDS,Beat Box 3,SpotemGottem,3Oh6MehLLaw,SPOTEMGOTTEM ft. DaBaby - Beat Box 3 (Official Audio),success,0,data\raw\audio\6toQdWWc4noiOk3Eo5mVDS.wav,
01FvQEvHETjWqcDpQDJdTb,Your Bartender,Morgan Wallen,ytvUarkM6rw,Morgan Wallen - Your Bartender (Official Lyric Video),success,0,data\raw\audio\01FvQEvHETjWqcDpQDJdTb.wav,
6u3CPnFMKANYgfdiifFOiJ,Gravity,Brent Faiyaz,3MtoSSfnhMc,"Brent Faiyaz - GRAVITY FEAT. TYLER, THE CREATOR [Official Audio]",success,0,data\raw\audio\6u3CPnFMKANYgfdiifFOiJ.wav,
0oaY19dUwZimIgzn3ZZLZO,2 Much,Justin Bieber,JKPp3Kshb7c,Justin Bieber - 2 Much (Visualizer),success,0,data\raw\audio\0oaY19dUwZimIgzn3ZZLZO.wav,
5UMMPHPp6vRP6ghPpSUOzp,CLOUDS,NF,pvTcdKo5ejQ,NF - Clouds (Lyrics),success,0,data\raw\audio\5UMMPHPp6vRP6ghPpSUOzp.wav,
2MbdDtCv5LUVjYy9RuGTgC,WHATS POPPIN,Jack Harlow,HIwAI05Y1fU,"Jack Harlow - WHATS POPPIN feat. Dababy, Tory Lanez, & Lil Wayne [Official Video]",success,0,data\raw\audio\2MbdDtCv5LUVjYy9RuGTgC.wav,
21jGcNKet2qwijlDFuPiPb,Circles,Post Malone,wXhTHyIgQ_U,Post Malone - Circles,success,0,data\raw\audio\21jGcNKet2qwijlDFuPiPb.wav,
30KctD1WsHKTIYczXjip5a,Tequila Shots,Kid Cudi,lZcRSy0sk5w,Kid Cudi - Tequila Shots (Official Visualizer),success,0,data\raw\audio\30KctD1WsHKTIYczXjip5a.wav,
7eX3um6NpOQKWJMGCi97XD,Real As It Gets,Lil Baby,N4KOrbFl-Co,Real As It Gets,success,0,data\raw\audio\7eX3um6NpOQKWJMGCi97XD.wav,
3wkKkFAtYSTRwqOydW6T0I,Please Don't Go,Mike Posner,HpixdTlYlKU,Mike Posner - Please Don't Go (Official Video),success,0,data\raw\audio\3wkKkFAtYSTRwqOydW6T0I.wav,
0WSa1sucoNRcEeULlZVQXj,Can You Feel My Heart,Bring Me The Horizon,QJJYpsA5tv8,Bring Me The Horizon - Can You Feel My Heart,success,0,data\raw\audio\0WSa1sucoNRcEeULlZVQXj.wav,
7E2C5rBLpCKwQlhJPVFBRS,You’re Mines Still,Yung Bleu,_bptrMV3zHE,Yung Bleu - You're Mines Still (feat. Drake) [Official Video],success,0,data\raw\audio\7E2C5rBLpCKwQlhJPVFBRS.wav,
4R2kfaDFhslZEMJqAFNpdd,cardigan,Taylor Swift,zLSUp53y-HQ,Taylor Swift - cardigan (Official Lyric Video),success,0,data\raw\audio\4R2kfaDFhslZEMJqAFNpdd.wav,
0AUvWawuP0ibk4SQ3sIZjk,Daisy,Ashnikko,viOphn9jZtA,Ashnikko - Daisy (Official Audio),success,0,data\raw\audio\0AUvWawuP0ibk4SQ3sIZjk.wav,
6Gg1gjgKi2AK4e0qzsR7sd,Bandit,Juice WRLD,Sw5fNI400E4,Juice WRLD - Bandit ft. NBA Youngboy (Official Music Video),success,0,data\raw\audio\6Gg1gjgKi2AK4e0qzsR7sd.wav,
0GzuHFG4Ql6DoyxFRnIk3F,Hawái - Remix,Maluma,91vECNhvmMY,"Maluma, The Weeknd - Hawái (Remix - Official Video)",success,0,data\raw\audio\0GzuHFG4Ql6DoyxFRnIk3F.wav,
7eBqSVxrzQZtK2mmgRG6lC,Murder On My Mind,YNW Melly,hqDinxaPUK4,YNW Melly - Murder On My Mind [Official Video],success,0,data\raw\audio\7eBqSVxrzQZtK2mmgRG6lC.wav,
3nS9a01VvXHQriLqJYwRqG,DOLLAZ ON MY HEAD,Gunna,lxZllACzsrU,Gunna - DOLLAZ ON MY HEAD (feat. Young Thug) [Official Audio],success,0,data\raw\audio\3nS9a01VvXHQriLqJYwRqG.wav,
7dH9TPjTWQ60wOJkmYay8a,Blastoff,Internet Money,MxqzJnK92Gs,Blastoff (feat. Juice WRLD),success,0,data\raw\audio\7dH9TPjTWQ60wOJkmYay8a.wav,
2JPLbjOn0wPCngEot2STUS,Yonaguni,Bad Bunny,doLMt10ytHY,Bad Bunny - Yonaguni  (Official Video),success,0,data\raw\audio\2JPLbjOn0wPCngEot2STUS.wav,
2TOzTqQXNmR2zDJXihjZ2e,enough for you,Olivia Rodrigo,AqRXiQkyxvI,Olivia Rodrigo - enough for you (Lyric Video),success,0,data\raw\audio\2TOzTqQXNmR2zDJXihjZ2e.wav,
4wcBRRpIfesgcyUtis7PEg,"1 step forward, 3 steps back",Olivia Rodrigo,w-HfMiue7-k,"Olivia Rodrigo - 1 step forward, 3 steps back (Lyric Video)",success,0,data\raw\audio\4wcBRRpIfesgcyUtis7PEg.wav,
5R691ipUYRDYW6ehapjoj6,9 5 . s o u t h,J. Cole,g3mVwt0B6G4,J. Cole - 9 5 . s o u t h (Official Audio),success,0,data\raw\audio\5R691ipUYRDYW6ehapjoj6.wav,
08LwMWf5Tcfsd752EPzFV0,i n t e r l u d e,J. Cole,XK60CAyxqfE,J. Cole - i n t e r l u d e (Official Audio),success,0,data\raw\audio\08LwMWf5Tcfsd752EPzFV0.wav,
77sMIMlNaSURUAXq5coCxE,Fearless (Taylor’s Version),Taylor Swift,7lLigiVgJsE,Taylor Swift - Fearless (Taylor's Version) (Lyric Video),success,0,data\raw\audio\77sMIMlNaSURUAXq5coCxE.wav,
4eNOLmx8r2IJAVKvBBL1jv,Headshot,Lil Tjay,aT_nFiTkxy8,Lil Tjay - Headshot (feat. Polo G & Fivio Foreign) (Official Audio),success,0,data\raw\audio\4eNOLmx8r2IJAVKvBBL1jv.wav,
3YJJjQPAbDT7mGpX3WtQ9A,Good Days,SZA,0BdlKkvjEgA,SZA - Good Days (Audio),success,0,data\raw\audio\3YJJjQPAbDT7mGpX3WtQ9A.wav,
5zNW5ARjYhJQJz1AChP33n,Thot Shit,Megan Thee Stallion,K4KlIFJxlNU,Megan Thee Stallion - Thot Shit [Official Audio],success,0,data\raw\audio\5zNW5ARjYhJQJz1AChP33n.wav,
2etHQJxIbV0soyPhelVs9Y,Best Friend,Saweetie,5cIlW_bPDJw,Saweetie feat. Doja Cat - Best Friend | Lyrics,success,0,data\raw\audio\2etHQJxIbV0soyPhelVs9Y.wav,
2xdwCJLfKCkat14mlgR26M,Lost Cause,Billie Eilish,OybFOQyFd4o,Billie Eilish - Lost Cause (Official Lyric Video),success,0,data\raw\audio\2xdwCJLfKCkat14mlgR26M.wav,
5pcjystBtalYeqaiXCcgEY,You All Over Me,Taylor Swift,XKaMUm7YwZc,Taylor Swift ft. Maren Morris - You All Over Me (From The Vault) (Official Lyric Video),success,0,data\raw\audio\5pcjystBtalYeqaiXCcgEY.wav,
0cu0rhnlCnJ7JIeHRiLpj3,Ball If I Want To,DaBaby,yizGboceUvY,Ball If I Want To,success,0,data\raw\audio\0cu0rhnlCnJ7JIeHRiLpj3.wav,
35mvY5S1H3J2QZyna3TFe0,positions,Ariana Grande,tcYodQoapMg,Ariana Grande - positions (official video),success,0,data\raw\audio\35mvY5S1H3J2QZyna3TFe0.wav,
1EJIcDYXwSqipW5dFe4uJz,EVERY CHANCE I GET,DJ Khaled,EiorfqhiJAY,"DJ Khaled - EVERY CHANCE I GET (Official Audio) ft. Lil Baby, Lil Durk",success,0,data\raw\audio\1EJIcDYXwSqipW5dFe4uJz.wav,
03ERnTvSV5fy8WAyvA4uNP,Big Gangsta,Kevin Gates,B4lvu3kN9WY,Kevin Gates - big gangsta (official music vidoe),success,0,data\raw\audio\03ERnTvSV5fy8WAyvA4uNP.wav,
4TIqzdAssasqx3DAe6cG9J,Ramen & OJ,Joyner Lucas,eFEjDCMNqYs,Joyner Lucas & Lil Baby - Ramen & OJ,success,0,data\raw\audio\4TIqzdAssasqx3DAe6cG9J.wav,
4qu63nuBpdn0qHUHuObEj1,Leave Before You Love Me,Marshmello,hmUyEDG7Jy0,Marshmello x Jonas Brothers - Leave Before You Love Me (Official Music Video),success,0,data\raw\audio\4qu63nuBpdn0qHUHuObEj1.wav,
6vFsBXYczYsP0H3lgunZOm,Cloud 9,Beach Bunny,FzE3rmm-yO0,Beach Bunny - Cloud 9 (feat. Tegan and Sara) [Official Lyric Video],success,0,data\raw\audio\6vFsBXYczYsP0H3lgunZOm.wav,
5pRTz4O2qOkr5nawemy6Wb,Tombstone,Rod Wave,wo9AlOrQ3iE,Rod Wave - Tombstone (Official Video),success,0,data\raw\audio\5pRTz4O2qOkr5nawemy6Wb.wav,
550erGcdD9n6PnwxrvYqZT,Hey Stephen (Taylor’s Version),Taylor Swift,tMhiHrL7rPE,Taylor Swift - Hey Stephen (Taylor's Version) (Lyric Video),success,0,data\raw\audio\550erGcdD9n6PnwxrvYqZT.wav,
2Ox2c1WEJDeQCHTXPE3YKM,Shottas (Lala),Moneybagg Yo,5U3WqcrLgVY,Moneybagg Yo - Shottas (Lala) (Official Audio),success,0,data\raw\audio\2Ox2c1WEJDeQCHTXPE3YKM.wav,
1yOL7ZiXGx5ULeLoktAUAg,Bubblegum Bitch,MARINA,n3M4GrEEQTI,Marina and The Diamonds - Bubblegum Bitch [Official Audio],success,0,data\raw\audio\1yOL7ZiXGx5ULeLoktAUAg.wav,
6vQnpXl0KvwTfLpIhoOLHc,Boom,Polo G,-vnStM-iV7M,Polo G - Boom (Official Audio),success,0,data\raw\audio\6vQnpXl0KvwTfLpIhoOLHc.wav,
0hxRyDVC61KlZGS6m2Min4,3 O'Clock Things,AJR,4OgyPJmTtuo,AJR - 3 O’Clock Things (Official Audio),success,0,data\raw\audio\0hxRyDVC61KlZGS6m2Min4.wav,
6AGOKlMZWLCaEJGnaROtF9,Put Your Records On,Ritt Momney,qmZ0mV-rHTw,Ritt Momney - Put Your Records On (Official Audio),success,0,data\raw\audio\6AGOKlMZWLCaEJGnaROtF9.wav,
0I1eFRytp4XRhLCjT6tZm7,I Can't Handle Change,Roar,f1V0cQFyC7E,Roar - I Can’t Handle Change,success,0,data\raw\audio\0I1eFRytp4XRhLCjT6tZm7.wav,
2NnJpRXIlx35Vij3bPZO0h,DAYWALKER!,mgk,AGJMkMCL4h4,DAYWALKER!,success,0,data\raw\audio\2NnJpRXIlx35Vij3bPZO0h.wav,
3krZxyBsWEHfEfJegYaWTd,Come Through,H.E.R.,0T3fZiE7Feg,H.E.R. - Come Through (Visualizer) ft. Chris Brown,success,0,data\raw\audio\3krZxyBsWEHfEfJegYaWTd.wav,
1edgaGx2x2AQeWtL2OPEMW,Never Take It,Twenty One Pilots,h3qm1wwkZ48,Twenty One Pilots - Never Take It (Lyric Video),success,0,data\raw\audio\1edgaGx2x2AQeWtL2OPEMW.wav,
2eAZfqOm4EnOF9VvN50Tyc,The Way Life Goes,Lil Uzi Vert,Vi2XaiKhgiU,Lil Uzi Vert - The Way Life Goes [Official Visualizer],success,0,data\raw\audio\2eAZfqOm4EnOF9VvN50Tyc.wav,
6jy9yJfgCsMHdu2Oz4BGKX,Papi’s Home,Drake,RJDZBozre1g,Drake - Papi’s Home (Audio),success,0,data\raw\audio\6jy9yJfgCsMHdu2Oz4BGKX.wav,
5B0kgjHULYJhAQkK5XsMoC,WUSYANAME,"Tyler, The Creator",NJea386275c,"Tyler, The Creator - WUSYANAME (Official Video)",success,0,data\raw\audio\5B0kgjHULYJhAQkK5XsMoC.wav,
3yaYgjEFkRw3PVjW9mV1TO,Over The Top,Smiley,sfUenkTjvxw,Smiley - Over The Top (feat. Drake) [Official Lyric Video],success,0,data\raw\audio\3yaYgjEFkRw3PVjW9mV1TO.wav,
3SYLoL8KHxdQPYIkfwmUjN,Remote Control,Kanye West,0Rtek05tOKU,Kanye West - Remote Control (Audio),success,0,data\raw\audio\3SYLoL8KHxdQPYIkfwmUjN.wav,
3JJL91ilRV6fXhKqu0FGXs,HOT WIND BLOWS,"Tyler, The Creator",fwGs72ihIeI,HOT WIND BLOWS (Audio),success,0,data\raw\audio\3JJL91ilRV6fXhKqu0FGXs.wav,
4zbr7Cp3UB00FurUovPU03,Matt Hardy 999,Trippie Redd,pU-4JhxWTak,Trippie Redd – Matt Hardy 999 Ft. Juice WRLD (Official Lyric Video),success,0,data\raw\audio\4zbr7Cp3UB00FurUovPU03.wav,
1JXBNvlDEl2epKSJ9EOgKX,Not Sober,The Kid LAROI,cFD9KnwQgQY,The Kid LAROI - Not Sober (feat. Polo G and Stunna Gambino) (Official Video),success,0,data\raw\audio\1JXBNvlDEl2epKSJ9EOgKX.wav,
73uxnSsFMeJ15POpd3zgrV,Believe What I Say,Kanye West,Qp-O4eIUgf0,Kanye West - Believe What I Say (Audio),success,0,data\raw\audio\73uxnSsFMeJ15POpd3zgrV.wav,
50ceCGZ3oD3U5caQV5bP6f,You Only Live Twice,Drake,x6Nr6EX3AwY,"Drake - You Only Live Twice (Audio) ft. Lil Wayne, Rick Ross",success,0,data\raw\audio\50ceCGZ3oD3U5caQV5bP6f.wav,
7zQirOExB0VR8yWUOqYeio,DOLLA SIGN SLIME,Lil Nas X,wuh6YqcQgmM,Lil Nas X - DOLLA SIGN SLIME ft. Megan Thee Stallion,success,0,data\raw\audio\7zQirOExB0VR8yWUOqYeio.wav,
1PDP7mLiAMwhfmgIwzhOm2,Yebba’s Heartbreak,Drake,5WK7-Cvpjgk,Yebba’s Heartbreak,success,0,data\raw\audio\1PDP7mLiAMwhfmgIwzhOm2.wav,
6DZz58CbF0AKw5PCKqNKcM,Come to Life,Kanye West,7SsrVGHJvaA,Kanye West - Come to Life (Official Video),success,0,data\raw\audio\6DZz58CbF0AKw5PCKqNKcM.wav,
48WidxP9CqyYtk97pwGZ3c,Wasting Time ( feat. Drake ),Brent Faiyaz,KJViHi-dSxY,Brent Faiyaz Ft Drake - Wasting Time [Official Audio],success,0,data\raw\audio\48WidxP9CqyYtk97pwGZ3c.wav,
4vsJWPwWPS27gRM4oLjBNO,DONT WANT IT,Lil Nas X,ROEhuRhrhvE,Lil Nas X - DONT WANT IT,success,0,data\raw\audio\4vsJWPwWPS27gRM4oLjBNO.wav,
4wONXG4GqWSscEyZlx300W,justified,Kacey Musgraves,0pcN97R5ogs,KACEY MUSGRAVES - justified (official lyric video),success,0,data\raw\audio\4wONXG4GqWSscEyZlx300W.wav,
3JR2RztQcOjUQGQSybxDIO,ONE OF ME,Lil Nas X,BrScfc9hKAs,ONE OF ME,success,0,data\raw\audio\3JR2RztQcOjUQGQSybxDIO.wav,
2BITQ360Knh6qNAOqR7Dyq,Miss The Rage,Trippie Redd,e9u0HmXLPmA,Trippie Redd – Miss The Rage ft. Playboi Carti (Official Visualizer),success,0,data\raw\audio\2BITQ360Knh6qNAOqR7Dyq.wav,
1058fW9H3fZA6QjYCdOBad,Don't Go Yet,Camila Cabello,0Kx3sobEBFE,Camila Cabello - Don't Go Yet (Official Video),success,0,data\raw\audio\1058fW9H3fZA6QjYCdOBad.wav,
08XWh5c0BMyD1nKVxxl91z,Fountains,Drake,pwtWYFUwenE,Drake - Fountains (Audio) ft. Tems,success,0,data\raw\audio\08XWh5c0BMyD1nKVxxl91z.wav,
19n8izXThARSuQAXrOKNbO,Avalon,$uicideboy$,wFmAafUTJn0,$UICIDEBOY$ - AVALON (Official Lyric Video),success,0,data\raw\audio\19n8izXThARSuQAXrOKNbO.wav,
0G2zPzWqVjR68iNPmx2TBe,Volando - Remix,Mora,P982oehprfY,Mora x Bad Bunny x Sech - Volando Remix (Video Oficial),success,0,data\raw\audio\0G2zPzWqVjR68iNPmx2TBe.wav,
3MmvQKMKdN3UhVS3eGzJIW,Brush Em,Pop Smoke,poFHxwsx_bE,Pop Smoke - Brush Em feat. Rah Swish (Official Lyric Video),success,0,data\raw\audio\3MmvQKMKdN3UhVS3eGzJIW.wav,
1ZIKpMTRPqhwAoVXWY3tXI,Chasing After You,Ryan Hurd,yKXw_MMm0UA,"Ryan Hurd, Maren Morris - Chasing After You (Official Video)",success,0,data\raw\audio\1ZIKpMTRPqhwAoVXWY3tXI.wav,
0nqhKXDjsyBMvbeWmgijD0,Wockesha,Moneybagg Yo,AAhcBx5Bl-Y,Moneybagg Yo - Wockesha (Official Audio),success,0,data\raw\audio\0nqhKXDjsyBMvbeWmgijD0.wav,
7hxHWCCAIIxFLCzvDgnQHX,Lemonade,Internet Money,0S_-StFLKqU,"Internet Money – Lemonade Ft. Don Toliver, Gunna & NAV (Official Lyric Video)",success,0,data\raw\audio\7hxHWCCAIIxFLCzvDgnQHX.wav,
4LYNt6hWctTuZWYiwafuD6,Danny Phantom,Trippie Redd,RC-7bOjdiRw,Trippie Redd – Danny Phantom ft. XXXtentacion (Official Lyric Video),success,0,data\raw\audio\4LYNt6hWctTuZWYiwafuD6.wav,
7fBv7CLKzipRk6EC6TWHOB,The Hills,The Weeknd,G5XpJP7f_SE,The Hills,success,0,data\raw\audio\7fBv7CLKzipRk6EC6TWHOB.wav,
72dummgz1gSqm8faekYYQh,Jesus Lord pt 2,Kanye West,HWzLbfkoztE,Kanye West - Jesus Lord pt 2 (Audio),success,0,data\raw\audio\72dummgz1gSqm8faekYYQh.wav,
4OAuvHryIVv4kMDNSLuPt6,Red (Taylor's Version),Taylor Swift,R_rUYuFtNO4,Taylor Swift - Red (Taylor's Version) (Lyric Video),success,0,data\raw\audio\4OAuvHryIVv4kMDNSLuPt6.wav,
7qM1BWAsZMTYh4BcYLb0uQ,Already Dead,Juice WRLD,EAfckg0ORS4,Juice WRLD - Already Dead (Official Audio),success,0,data\raw\audio\7qM1BWAsZMTYh4BcYLb0uQ.wav,
2BcMwX1MPV6ZHP4tUT9uq6,Knife Talk,Drake,XqpQpt_cmhE,"Drake - Knife Talk (Official Video) ft. 21 Savage, Project Pat",success,0,data\raw\audio\2BcMwX1MPV6ZHP4tUT9uq6.wav,
3QFInJAm9eyaho5vBzxInN,family ties,Baby Keem,v6HBZC9pZHQ,"Baby Keem, Kendrick Lamar - family ties (Official Video)",success,0,data\raw\audio\3QFInJAm9eyaho5vBzxInN.wav,
08F16baYbciTva9P4BvpiI,MAFIA,Travis Scott,89hJPNSNlFM,Travis Scott - MAFIA (Official Audio),success,0,data\raw\audio\08F16baYbciTva9P4BvpiI.wav,
46IZ0fSY2mpAiktS3KOqds,Easy On Me,Adele,X-yIEMduRXk,Adele - Easy On Me (Official Lyric Video),success,0,data\raw\audio\46IZ0fSY2mpAiktS3KOqds.wav,
3S7HNKPakdwNEBFIVTL6dZ,Treacherous (Taylor's Version),Taylor Swift,u1D1AgDfreg,Taylor Swift - Treacherous (Taylor's Version) (Lyric Video),success,0,data\raw\audio\3S7HNKPakdwNEBFIVTL6dZ.wav,
4IQkfUsrwXol38VV3U7t7T,Run,Taylor Swift,flv8AEWrRMI,Taylor Swift - Run (Taylor's Version) (From The Vault) (Lyric Video) ft. Ed Sheeran,success,0,data\raw\audio\4IQkfUsrwXol38VV3U7t7T.wav,
3yII7UwgLF6K5zW3xad3MP,22 (Taylor's Version),Taylor Swift,9boiT64sm0Q,Taylor Swift - 22 (Taylor's Version) (Lyric Video),success,0,data\raw\audio\3yII7UwgLF6K5zW3xad3MP.wav,
5R4Yrc2j4jw1itr4hKcN26,Feline,Juice WRLD,DP_Qlt9CSiY,Juice WRLD - Feline (with Polo G & Trippie Redd) [Official Audio],success,0,data\raw\audio\5R4Yrc2j4jw1itr4hKcN26.wav,
08SB2OtZkaliju77WYEKxk,No Love,Summer Walker,IhSPyR72CqM,Summer Walker - No Love (ft. SZA) [Lyric Video],success,0,data\raw\audio\08SB2OtZkaliju77WYEKxk.wav,
496vIKS2INz840xZaKncvR,All Night Parking,Adele,vjtbafmOjcY,Adele - All Night Parking (with Erroll Garner) Interlude (Official Lyric Video),success,0,data\raw\audio\496vIKS2INz840xZaKncvR.wav,
4RVwu0g32PAqgUiJoXsdF8,Happier Than Ever,Billie Eilish,5GJWxDKyk3A,Billie Eilish - Happier Than Ever (Official Music Video),success,0,data\raw\audio\4RVwu0g32PAqgUiJoXsdF8.wav,
4XvcHTUfIlWfyJTRG0aqlo,2055,Sleepy Hallow,y1xZ_kAhjMc,Sleepy Hallow - 2055 (Official Video),success,0,data\raw\audio\4XvcHTUfIlWfyJTRG0aqlo.wav,
4CkgMiMqZ5JzW9iYXSTMTL,I Bet You Think About Me,Taylor Swift,AccGdO5XeZY,I Bet You Think About Me (Taylor's Version) (From The Vault) (Lyric Video),success,0,data\raw\audio\4CkgMiMqZ5JzW9iYXSTMTL.wav,
6Uj1ctrBOjOas8xZXGqKk4,Woman,Doja Cat,2V_uAAAH-_Q,Doja Cat - Woman (Official Visualizer),success,0,data\raw\audio\6Uj1ctrBOjOas8xZXGqKk4.wav,
73qMN9bXy7MSPwwGfH3wQr,Sad Beautiful Tragic (Taylor's Version),Taylor Swift,jQfB4Gahi3I,Taylor Swift - Sad Beautiful Tragic (Taylor's Version) (Lyric Video),success,0,data\raw\audio\73qMN9bXy7MSPwwGfH3wQr.wav,
6pYNq0ZwpPVazKzsqpf0G8,The Very First Night (Taylor's Version) (From The Vault),Taylor Swift,rVuyi-dPMIc,Taylor Swift - The Very First Night (Taylor's Version) (From The Vault) (Lyric Video),success,0,data\raw\audio\6pYNq0ZwpPVazKzsqpf0G8.wav,
6G2xXQRSZlEzYsUEb3uvuR,Está Dañada,Ivan Cornejo,rBLLbgD0FsM,Ivan Cornejo - Está Dañada (Video Oficial),success,0,data\raw\audio\6G2xXQRSZlEzYsUEb3uvuR.wav,
2pXpURmn6zC5ZYDMms6fwa,It's Beginning to Look a Lot Like Christmas,Perry Como,KmddeUJJEuU,It's Beginning to Look a Lot Like Christmas (Official Audio),success,0,data\raw\audio\2pXpURmn6zC5ZYDMms6fwa.wav,
6tjituizSxwSmBB5vtgHZE,Holly Jolly Christmas,Michael Bublé,Dkq3LD-4pmM,Michael Bublé - Holly Jolly Christmas [Official HD],success,0,data\raw\audio\6tjituizSxwSmBB5vtgHZE.wav,
5xlS0QkVrSH7ssEbBgBzbM,Little Saint Nick - 1991 Remix,The Beach Boys,AbgxDgVmMF0,The Beach Boys - Little Saint Nick (1991 Remix/Lyric Video),success,0,data\raw\audio\5xlS0QkVrSH7ssEbBgBzbM.wav,
3PIDciSFdrQxSQSihim3hN,Christmas (Baby Please Come Home),Mariah Carey,ah-U9ECRZog,Mariah Carey - Christmas (Baby Please Come Home) (Official Audio),success,0,data\raw\audio\3PIDciSFdrQxSQSihim3hN.wav,
05GsNucq8Bngd9fnd4fRa0,Begin Again (Taylor's Version),Taylor Swift,dXNZaHuKWNA,Taylor Swift - Begin Again (Taylor's Version) (Lyric Video),success,0,data\raw\audio\05GsNucq8Bngd9fnd4fRa0.wav,
0v36cov6Z6aEV5ZgIlqZMk,Rockstar In His Prime,Juice WRLD,iT6MEoRywDY,Juice WRLD - Rockstar In His Prime (Official Audio),success,0,data\raw\audio\0v36cov6Z6aEV5ZgIlqZMk.wav,
7H0ya83CMmgFcOhw0UB6ow,Space Song,Beach House,RBtlPT23PTM,Beach House - Space Song,success,0,data\raw\audio\7H0ya83CMmgFcOhw0UB6ow.wav,
0H1zX27yxoDrsrQA1hk5Uq,O Come All Ye Faithful,Nat King Cole,9UwpVfZ_LPY,Nat King Cole - O Come All Ye Faithful (Official Music Video),success,0,data\raw\audio\0H1zX27yxoDrsrQA1hk5Uq.wav,
1OjmlSFuzYflWjSMTCyTJv,Like It's Christmas,Jonas Brothers,d_Bb8wRx_T4,Jonas Brothers - Like It's Christmas (Official Audio),success,0,data\raw\audio\1OjmlSFuzYflWjSMTCyTJv.wav,
1Qi2wh8fFgDV7tl4Sj3f2K,Have Yourself A Merry Little Christmas,Sam Smith,rnEqv8WcVq8,Sam Smith - Have Yourself A Merry Little Christmas (Official Music Video),success,1,data\raw\audio\1Qi2wh8fFgDV7tl4Sj3f2K.wav,
0jNFDcGAXPs5ahngmD5R6n,XSCAPE,Don Toliver,pNDB4iy0viM,Don Toliver - XSCAPE [Official Audio],success,1,data\raw\audio\0jNFDcGAXPs5ahngmD5R6n.wav,
1VLtjHwRWOVJiE5Py7JxoQ,Martin & Gina,Polo G,qjI6Gru3Tho,Polo G - Martin & Gina (Official Audio),success,1,data\raw\audio\1VLtjHwRWOVJiE5Py7JxoQ.wav,
22mPEYsHFBwVwjmkwx2cHT,Until The Plug Comes Back Around,Juice WRLD,xaCvFsCM3GU,Juice WRLD - Until The Plug Comes Back Around (Official Audio),success,1,data\raw\audio\22mPEYsHFBwVwjmkwx2cHT.wav,
42ZrMq4BKsWDrrbMnMRYaK,Jail,Kanye West,IviYsgJXG5k,Kanye West - Jail (Audio),success,1,data\raw\audio\42ZrMq4BKsWDrrbMnMRYaK.wav,
61Emqg95O9zo1GNOcyxq4Y,For Tonight,GIVĒON,Sqp0EFjmHI0,GIVĒON - For Tonight (Official Audio),success,1,data\raw\audio\61Emqg95O9zo1GNOcyxq4Y.wav,
161DnLWsx1i3u1JT05lzqU,Talking to the Moon,Bruno Mars,fXw0jcYbqdo,Bruno Mars - Talking To The Moon (Official Lyric Video),success,1,data\raw\audio\161DnLWsx1i3u1JT05lzqU.wav,
6HJIZUOiZDE814XMhRGSZN,Soy El Unico,Yahritza Y Su Esencia,4M__yS9pREA,Yahritza Y Su Esencia - Soy El Unico (Official Video),success,1,data\raw\audio\6HJIZUOiZDE814XMhRGSZN.wav,
42Xba467wgGvYrR2EE6s0i,Cigarettes,Juice WRLD,Sis_JJZoAfQ,Juice WRLD - Cigarettes (Official Visualizer),success,1,data\raw\audio\42Xba467wgGvYrR2EE6s0i.wav,
4SqWKzw0CbA05TGszDgMlc,I Love You So,The Walters,HZX7MB_m13M,The Walters - I Love You So [Official Video],success,1,data\raw\audio\4SqWKzw0CbA05TGszDgMlc.wav,
2Ghp894n1laIf2w98VeAOJ,How Do I Make You Love Me?,The Weeknd,VLMo0rthnoo,The Weeknd - How Do I Make You Love Me? (Official Music Video),success,2,data\raw\audio\2Ghp894n1laIf2w98VeAOJ.wav,
3XOalgusokruzA5ZBA2Qcb,pushin P,Gunna,9g08kucPQtE,Gunna & Future - pushin P (feat. Young Thug) [Official Audio],success,1,data\raw\audio\3XOalgusokruzA5ZBA2Qcb.wav,
7FlQk2gJ6TBrHHiidvdR2O,MAMIII,Becky G,vb8wloc4Xpw,"Becky G, KAROL G - MAMIII (Audio)",success,1,data\raw\audio\7FlQk2gJ6TBrHHiidvdR2O.wav,
6LtHYDgYHRCHoKK3snfr2w,I'm Tired,Labrinth,ZFe55-p7XJc,Labrinth & Zendaya - I'm Tired (From “Euphoria” An HBO Original Series – Lyric Video),success,1,data\raw\audio\6LtHYDgYHRCHoKK3snfr2w.wav,
6JIC3hbC28JZKZ8AlAqX8h,Cold Heart - PNAU Remix,Elton John,oGZ1PVwJyPQ,Elton John & Dua Lipa - Cold Heart (PNAU Remix),success,1,data\raw\audio\6JIC3hbC28JZKZ8AlAqX8h.wav,
0IuVhCflrQPMGRrOyoY5RW,she's all i wanna be,Tate McRae,uS_y_65CcpA,Tate McRae - she's all i wanna be (Official Video),success,1,data\raw\audio\0IuVhCflrQPMGRrOyoY5RW.wav,
6krYS8KtmNAYyb5uTZiYW4,Dawn FM,The Weeknd,_Tn_I4GVwxg,Dawn FM,success,1,data\raw\audio\6krYS8KtmNAYyb5uTZiYW4.wav,
3XoYqtiWHhsk59frZupImG,What Else Can I Do?,Diane Guerrero,l8OuOaPpSRI,What Else Can I Do?,success,1,data\raw\audio\3XoYqtiWHhsk59frZupImG.wav,
7lcI4X8RZxK4zIknJcwpBq,Bussin,Nicki Minaj,O-M1ITkiptg,"Nicki Minaj, Lil Baby - Bussin (Official Audio)",success,1,data\raw\audio\7lcI4X8RZxK4zIknJcwpBq.wav,
79nEEoEPY2w8EXj9hjn5oc,Ginseng Strip 2002,Yung Lean,vrQWhFysPKY,Yung Lean ♦ Ginseng Strip 2002 ♦,success,1,data\raw\audio\79nEEoEPY2w8EXj9hjn5oc.wav,
0N0h5lXc4HOiLgGb9EZi8m,Rocking A Cardigan in Atlanta,lil Shordie Scott,OBB4-idPM5A,ROCKING A CARDIGAN IN ATLANTA,success,1,data\raw\audio\0N0h5lXc4HOiLgGb9EZi8m.wav,
3t4KHjd8uQpJJ2fa0fRIpR,High,The Chainsmokers,OfjWhEV9NpE,The Chainsmokers - High (Official Lyric Video),success,1,data\raw\audio\3t4KHjd8uQpJJ2fa0fRIpR.wav,
0sTlGEld0h8kIPZaKDYUf4,Notion,The Rare Occasions,PD1EXJScA6k,"The Rare Occasions | ""Notion"" Official Music Video",success,1,data\raw\audio\0sTlGEld0h8kIPZaKDYUf4.wav,
7Fege3yv4dvehB3NdRBGwI,Banking On Me,Gunna,R9ibxWKS1fs,Gunna - Banking On Me [Official Lyric Video],success,1,data\raw\audio\7Fege3yv4dvehB3NdRBGwI.wav,
0syVTyo71ordJjSd8cuElB,private island,Gunna,SBuPnHVxtNM,Gunna - private island [Official Audio],success,1,data\raw\audio\0syVTyo71ordJjSd8cuElB.wav,
09gysnJpfQ3ublBmJDfcEC,SAD GIRLZ LUV MONEY Remix,Amaarae,9ni1BbREPHs,Amaarae - SAD GIRLZ LUV MONEY Remix ft Kali Uchis (Lyric Video),success,1,data\raw\audio\09gysnJpfQ3ublBmJDfcEC.wav,
5x8NgG7Ya18m9wafOvvWYk,Lost and Found Freestyle 2019,A$AP Rocky,IzcXT-vmt4s,"Nigo - Lost and Found Freestyle 2019 (with A$AP Rocky & Tyler, The Creator) (Official Audio)",success,2,data\raw\audio\5x8NgG7Ya18m9wafOvvWYk.wav,
2lUDBd7JrgAMltcp6dcd7D,25 million,Roddy Ricch,jfNNoN5g37U,Roddy Ricch - 25 million [Official Music Video],success,1,data\raw\audio\2lUDBd7JrgAMltcp6dcd7D.wav,
4tqcoej1zPvwePZCzuAjJd,Wet Dreamz,J. Cole,lTgvsJY4aYE,Wet Dreamz,success,2,data\raw\audio\4tqcoej1zPvwePZCzuAjJd.wav,
5lAnYvAIkSDNXqfo7DyFUm,Ain't Shit,Doja Cat,Ix4L9am2Kwk,Doja Cat - Ain't Shit (Visualizer),success,2,data\raw\audio\5lAnYvAIkSDNXqfo7DyFUm.wav,
3Kkjo3cT83cw09VJyrLNwX,Oh My God,Adele,PfwIpoVMvNs,Adele - Oh My God (Official Lyric Video),success,1,data\raw\audio\3Kkjo3cT83cw09VJyrLNwX.wav,
0KCSJzsQVxkloxoT7dyrqV,The Rumbling (TV Size),SiM,KHCIO7a3jSI,The Rumbling (TV Size),success,1,data\raw\audio\0KCSJzsQVxkloxoT7dyrqV.wav,
7iXF2W9vKmDoGAhlHdpyIa,Forgot About Dre,Dr. Dre,asIx3aiNxnw,Dr. Dre - Forgot About Dre  (feat. Eminem),success,1,data\raw\audio\7iXF2W9vKmDoGAhlHdpyIa.wav,
4xIhSUJantE6BMl3u8dtCJ,Father Time,Kendrick Lamar,toEW7_-pvOY,Kendrick Lamar - Father Time ft. Sampha (Official Audio),success,1,data\raw\audio\4xIhSUJantE6BMl3u8dtCJ.wav,
1IHWl5LamUGEuP4ozKQSXZ,Tití Me Preguntó,Bad Bunny,qBUKfQRbzuk,Bad Bunny - Tití Me Preguntó (La Letra / Lyrics),success,1,data\raw\audio\1IHWl5LamUGEuP4ozKQSXZ.wav,
62Yo3FDddWY8ydu6PW2wyz,Nail Tech,Jack Harlow,e2AeKIzfQus,Jack Harlow - Nail Tech [Official Video],success,1,data\raw\audio\62Yo3FDddWY8ydu6PW2wyz.wav,
6ws54n2IzyrIxxyzlG2bVJ,Right On,Lil Baby,3aMrcOJvyl4,Right On,success,1,data\raw\audio\6ws54n2IzyrIxxyzlG2bVJ.wav,
5CzixCxDkRXX9mScCmah8O,Un Ratito,Bad Bunny,tGhyQ7KanMU,Bad Bunny - Un Ratito (360° Visualizer) | Un Verano Sin Ti,success,1,data\raw\audio\5CzixCxDkRXX9mScCmah8O.wav,
3FSwpQ9dBZBeBV6UdYHI2R,712PM,Future,mPdlRs6Bf_8,Future - 712PM (Official Audio),success,1,data\raw\audio\3FSwpQ9dBZBeBV6UdYHI2R.wav,
6Sq7ltF9Qa7SNFBsV5Cogx,Me Porto Bonito,Bad Bunny,xn21hH7kyx8,Bad Bunny (ft. Chencho Corleone) - Me Porto Bonito  (360° Visualizer) | Un Verano Sin Ti,success,1,data\raw\audio\6Sq7ltF9Qa7SNFBsV5Cogx.wav,
1HvTxgCj0mTzQlEo0zLvFb,In My Head,Lil Tjay,11umi-cGMj8,In My Head,success,1,data\raw\audio\1HvTxgCj0mTzQlEo0zLvFb.wav,
3Qu3Zh4WTKhP9GEXo0aDnb,Thought You Should Know,Morgan Wallen,X4r_eTtS4Lo,Morgan Wallen - Thought You Should Know (Lyric Video),success,1,data\raw\audio\3Qu3Zh4WTKhP9GEXo0aDnb.wav,
2tzgSUZOUKopYbRqQOVT8X,MASSAGING ME,Future,Y0HKttPZOus,Future - MASSAGING ME (Official Audio),success,1,data\raw\audio\2tzgSUZOUKopYbRqQOVT8X.wav,
2PljnVsnl2PRwCvfhbdQup,Plan B,Megan Thee Stallion,uY10ROc5eFQ,Megan Thee Stallion - Plan B [Official Audio],success,1,data\raw\audio\2PljnVsnl2PRwCvfhbdQup.wav,
59CfNbkERJ3NoTXDvoURjj,Boyfriend,Dove Cameron,ZGHRfLAn2wI,Dove Cameron - Boyfriend (Official Audio),success,1,data\raw\audio\59CfNbkERJ3NoTXDvoURjj.wav,
0y60itmpH0aPKsFiGxmtnh,Wait a Minute!,WILLOW,1Xfdjqa5dfY,Wait a Minute!,success,1,data\raw\audio\0y60itmpH0aPKsFiGxmtnh.wav,
7IaeavdRzXYQWfu2Wt5GlU,Currents,Drake,1puG2H1QOBA,Drake - Currents,success,1,data\raw\audio\7IaeavdRzXYQWfu2Wt5GlU.wav,
5Eax0qFko2dh7Rl2lYs3bx,Efecto,Bad Bunny,Nk8C9FdCdJQ,Bad Bunny - Efecto (360° Visualizer) | Un Verano Sin Ti,success,1,data\raw\audio\5Eax0qFko2dh7Rl2lYs3bx.wav,
7sT7kZEYd1MrmzLLIRVZas,Calling My Name,Drake,fhumS5MsRyE,Drake - Calling My Name (Audio),success,1,data\raw\audio\7sT7kZEYd1MrmzLLIRVZas.wav,
1797zYiX4cKosMH836X9Gt,La Corriente,Bad Bunny,A95yW-LVnbY,Bad Bunny (ft. Tony Dize) - La Corriente (360° Visualizer) | Un Verano Sin Ti,success,1,data\raw\audio\1797zYiX4cKosMH836X9Gt.wav,
1BzXvBpIFWJgu0P8P6xmP4,Stick,Dreamville,r4Wsi4qkfYY,"Dreamville - Stick (with JID feat. Kenny Mason, Sheck Wes & J. Cole [Official Audio]",success,1,data\raw\audio\1BzXvBpIFWJgu0P8P6xmP4.wav,
19Fg3WrTfo35Ji3PtfZE6J,Auntie Diaries,Kendrick Lamar,-vrhf1P9zwc,Kendrick Lamar - Auntie Diaries (Official Audio),success,2,data\raw\audio\19Fg3WrTfo35Ji3PtfZE6J.wav,
7zvfDihYiJ8RQ1nRcpKBF5,Mr. Morale,Kendrick Lamar,SdwEIPD1bEw,Kendrick Lamar - Mr. Morale ft. Tanna Leone (Official Audio),success,1,data\raw\audio\7zvfDihYiJ8RQ1nRcpKBF5.wav,
3GbQcjKWT7eVpUfzqwUjxv,Late To Da Party,Lil Nas X,yyN_7Y-qRFM,"Lil Nas X, Youngboy Never Broke Again - Late To Da Party (F*CK BET) (Official Video)",success,1,data\raw\audio\3GbQcjKWT7eVpUfzqwUjxv.wav,
0fv2KH6hac06J86hBUTcSf,NEW MAGIC WAND,"Tyler, The Creator",mdCyzJT59nw,"Tyler, The Creator - NEW MAGIC WAND (feat. Santigold & Jessy Wilson)",success,1,data\raw\audio\0fv2KH6hac06J86hBUTcSf.wav,
5PPUw4Xo3Hz6rl4GpBfd3c,Savior - Interlude,Kendrick Lamar,ROUFkWceDRM,Kendrick Lamar - Savior (Interlude) (Official Audio),success,1,data\raw\audio\5PPUw4Xo3Hz6rl4GpBfd3c.wav,
3w1WjD2zJqjBjDz5fwqQPJ,Tyler Herro,Jack Harlow,np9Ub1LilKU,Jack Harlow - Tyler Herro [Official Video],success,1,data\raw\audio\3w1WjD2zJqjBjDz5fwqQPJ.wav,
0W6I02J9xcqK8MtSeosEXb,Get Into It (Yuh),Doja Cat,zln8SZO6yYY,Doja Cat - Get Into It (Yuh) (Visualizer),success,1,data\raw\audio\0W6I02J9xcqK8MtSeosEXb.wav,
7FIWs0pqAYbP91WWM0vlTQ,Godzilla,Eminem,9XvXF1LrWgA,Godzilla (feat. Juice WRLD) [Official Audio],success,1,data\raw\audio\7FIWs0pqAYbP91WWM0vlTQ.wav,
4HiC3ulkTgbEcYYsSuR6PO,Danger Zone,Kenny Loggins,yK0P1Bk8Cx4,Kenny Loggins - Danger Zone (Official Audio - Top Gun),success,1,data\raw\audio\4HiC3ulkTgbEcYYsSuR6PO.wav,
0De9jFjJ4eRLl7Yww2eBw1,Flower Shops,ERNEST,YtftmHnSgkQ,ERNEST - Flower Shops (feat. Morgan Wallen) (Lyric Video),success,1,data\raw\audio\0De9jFjJ4eRLl7Yww2eBw1.wav,
5gVCfYmQRPy1QJifP8f5gg,Fall In Love,Bailey Zimmerman,DXEFzC8xpLY,Bailey Zimmerman - Fall In Love (Official Lyric Video),success,1,data\raw\audio\5gVCfYmQRPy1QJifP8f5gg.wav,
0LQtEJt7x0s6knb6RKdRYc,Chicken Fried,Zac Brown Band,QxnNYm_cYwE,Zac Brown Band - Chicken Fried (Lyrics),success,1,data\raw\audio\0LQtEJt7x0s6knb6RKdRYc.wav,
2yjlYDiNiQkdxVqTlaSrlX,Super Freaky Girl,Nicki Minaj,j5uAR9w7LBg,Nicki Minaj - Super Freaky Girl (Official Music Video),success,1,data\raw\audio\2yjlYDiNiQkdxVqTlaSrlX.wav,
0hquQWY3xvYqN4qtiquniF,Vegas (From the Original Motion Picture Soundtrack ELVIS),Doja Cat,QZp2biJul1c,Doja Cat - Vegas (From the Original Motion Picture Soundtrack ELVIS) (Official Video),success,1,data\raw\audio\0hquQWY3xvYqN4qtiquniF.wav,
1xK59OXxi2TAAAbmZK0kBL,Romantic Homicide,d4vd,FpO31FVxxb4,d4vd - Romantic Homicide (Official Audio),success,1,data\raw\audio\1xK59OXxi2TAAAbmZK0kBL.wav,
7Ddk8FhoYKdsVoX9AOCPMm,STAYING ALIVE,DJ Khaled,NKGuIWNmqGU,"DJ Khaled - STAYING ALIVE (Official Audio) ft. Drake, Lil Baby",success,1,data\raw\audio\7Ddk8FhoYKdsVoX9AOCPMm.wav,
4fYte8ZvTK14NEhAOZocBi,I Ain't Worried,OneRepublic,W97Sv-SHnDU,OneRepublic - I Ain’t Worried (From “Top Gun: Maverick”) [Lyric Video],success,1,data\raw\audio\4fYte8ZvTK14NEhAOZocBi.wav,
1Hohk6AufHZOrrhMXZppax,ALIEN SUPERSTAR,Beyoncé,e_aT9pAGQo8,Beyoncé - ALIEN SUPERSTAR (Official Lyric Video),success,1,data\raw\audio\1Hohk6AufHZOrrhMXZppax.wav,
3k3NWokhRRkEPhCzPmV8TW,Ojitos Lindos,Bad Bunny,10EX-_h4pYc,Bad Bunny (ft. Bomba Estéreo) - Ojitos Lindos (360° Visualizer) | Un Verano Sin Ti,success,1,data\raw\audio\3k3NWokhRRkEPhCzPmV8TW.wav,
0314PeD1sQNonfVWix3B2K,ENERGY,Beyoncé,O9rk6ldyFkA,Beyoncé - ENERGY (Official Lyric Video),success,1,data\raw\audio\0314PeD1sQNonfVWix3B2K.wav,
3uJFmluXzYedoJcvhpC1AW,Hot Shit,Cardi B,c14MVsSeVho,Cardi B - Hot Shit feat. Kanye West & Lil Durk [Official Audio],success,1,data\raw\audio\3uJFmluXzYedoJcvhpC1AW.wav,
3HyR1j49TY5ACP2lseF1jx,SUMMER RENAISSANCE,Beyoncé,QDXcMqgO7oQ,Beyoncé - SUMMER RENAISSANCE (Official Lyric Video),success,1,data\raw\audio\3HyR1j49TY5ACP2lseF1jx.wav,
0oO1AbL92F6329z13C2qQH,Talk,Yeat,7Qe6qcNuyYY,Talk [Official Audio],success,1,data\raw\audio\0oO1AbL92F6329z13C2qQH.wav,
1MpCaOeUWhox2Fgigbe1cL,I'M THAT GIRL,Beyoncé,b2xLsCo8zmQ,Beyoncé - I'M THAT GIRL (Official Lyric Video),success,1,data\raw\audio\1MpCaOeUWhox2Fgigbe1cL.wav,
5ie5OPdaP9fivYaKcjwKF1,Alone,Rod Wave,w5Ft8tuWRMQ,Rod Wave - Alone (Official Video),success,1,data\raw\audio\5ie5OPdaP9fivYaKcjwKF1.wav,
6pr7X9UZCDn8CruopaNVha,BIG TIME,DJ Khaled,eYIVC0l4JDc,"DJ Khaled - BIG TIME (Official Audio) ft. Future, Lil Baby",success,1,data\raw\audio\6pr7X9UZCDn8CruopaNVha.wav,
00imgaPlYRrMGn9o83hfmk,LOOSE CHANGE,Brent Faiyaz,WywS6n6TI9U,Brent Faiyaz - LOOSE CHANGE [Official Audio],success,1,data\raw\audio\00imgaPlYRrMGn9o83hfmk.wav,
58ge6dfP91o9oXMzq3XkIS,505,Arctic Monkeys,CKI8iQTgZKU,Arctic Monkeys - 505,success,1,data\raw\audio\58ge6dfP91o9oXMzq3XkIS.wav,
0wXThIDxO3YRJCpPgnmbkw,Where It Ends,Bailey Zimmerman,C7PHEPmdT1w,Bailey Zimmerman - Where It Ends (Lyric Video),success,1,data\raw\audio\0wXThIDxO3YRJCpPgnmbkw.wav,
6ufcuVInt0ocHrUimDjGlb,PLASTIC OFF THE SOFA,Beyoncé,M-ruSdKbQUM,Beyoncé - PLASTIC OFF THE SOFA (Official Lyric Video),success,1,data\raw\audio\6ufcuVInt0ocHrUimDjGlb.wav,
27ZZdyTSQWI7Cug2d2PkqV,BILLIE EILISH.,Armani White,4vYOwhll1fs,Armani White - BILLIE EILISH.,success,1,data\raw\audio\27ZZdyTSQWI7Cug2d2PkqV.wav,
1dm6z1fWB0cErMszU25dy2,Después de la Playa,Bad Bunny,a5rlgE6dcBY,Bad Bunny - Después de la Playa (360° Visualizer) | Un Verano Sin Ti,success,1,data\raw\audio\1dm6z1fWB0cErMszU25dy2.wav,
7wdwIaXUuzlu1grzWMFRJm,Mary On A Cross,Ghost,k5mX3NkA7jM,Ghost - Mary On A Cross (Official Audio),success,1,data\raw\audio\7wdwIaXUuzlu1grzWMFRJm.wav,
3XgGQ1wjo5khvq2UImjyNF,ALL MINE,Brent Faiyaz,sqgerBkCCWM,Brent Faiyaz - ALL MINE [Official Audio],success,2,data\raw\audio\3XgGQ1wjo5khvq2UImjyNF.wav,
3Osd3Yf8K73aj4ySn6LrvK,No Church In The Wild,JAŸ-Z,Vf0DX7PrMDI,No Church In The Wild,success,1,data\raw\audio\3Osd3Yf8K73aj4ySn6LrvK.wav,
6AqwH2Y9FJwhUE2dCSkw1u,5 Foot 9,Tyler Hubbard,RK9rT1ck90E,Tyler Hubbard - 5 Foot 9 (Unofficial Video),success,1,data\raw\audio\6AqwH2Y9FJwhUE2dCSkw1u.wav,
0WtM2NBVQNNJLh6scP13H8,Calm Down,Rema,CQLsdm1ZYAw,Rema - Calm Down (Official Music Video),success,1,data\raw\audio\0WtM2NBVQNNJLh6scP13H8.wav,
3wGT3OycqbsHFjIKMZ8EEq,"No Matter Which Direction I'm Going In, I Never Chase These Hoes",$uicideboy$,vmaP6EXMt8g,"$UICIDEBOY$ - NO MATTER WHICH DIRECTION I'M GOING IN, I NEVER CHASE THESE HOES (Lyric Video)",success,1,data\raw\audio\3wGT3OycqbsHFjIKMZ8EEq.wav,
3SeeaIXnrCfT88vHVCRWHl,Last Night Lonely,Jon Pardi,gtsIM0_TCcU,Jon Pardi - Last Night Lonely (Official Audio),success,1,data\raw\audio\3SeeaIXnrCfT88vHVCRWHl.wav,
4pi1G1x8tl9VfdD9bL3maT,Big Energy,Latto,IpHPBIdrak4,Latto - Big Energy (Official Lyric Video),success,1,data\raw\audio\4pi1G1x8tl9VfdD9bL3maT.wav,
44XjoNvtwevktFKjvVe1vH,Andrea,Bad Bunny,gjvTQTGogUM,Bad Bunny (ft. Buscabulla) - Andrea (360° Visualizer) | Un Verano Sin Ti,success,1,data\raw\audio\44XjoNvtwevktFKjvVe1vH.wav,
1mMLMZYXkMueg65jRRWG1l,When It Rains It Pours,Luke Combs,eXQNv_jkOQc,Luke Combs - When It Rains It Pours (Lyric Video),success,1,data\raw\audio\1mMLMZYXkMueg65jRRWG1l.wav,
6eT2V7nKXyMf47TwPbtgAD,Seek & Destroy,SZA,MjQUIq7Rjcc,SZA - Seek & Destroy (Lyric Video),success,1,data\raw\audio\6eT2V7nKXyMf47TwPbtgAD.wav,
3eX0NZfLtGzoLUxPNvRfqm,Maroon,Taylor Swift,lvHZjvIyqsk,Taylor Swift - Maroon (Official Lyric Video),success,1,data\raw\audio\3eX0NZfLtGzoLUxPNvRfqm.wav,
7l2nxyx7IkBX5orhkALg0V,Privileged Rappers,Drake,lF3K70KR5Xk,"Drake, 21 Savage - Privileged Rappers (Audio)",success,1,data\raw\audio\7l2nxyx7IkBX5orhkALg0V.wav,
0wshkEEcJUQU33RSRBb5dv,BackOutsideBoyz,Drake,dAnxeopvrN0,BackOutsideBoyz,success,1,data\raw\audio\0wshkEEcJUQU33RSRBb5dv.wav,
2CSRrnOEELmhpq8iaAi9cd,Blind,SZA,8UEM0dKbzAA,SZA - Blind (Lyric Video),success,1,data\raw\audio\2CSRrnOEELmhpq8iaAi9cd.wav,
1rv46mRwDqMEhOBZ7vODg3,It's Beginning to Look a Lot like Christmas,Michael Bublé,0bhsXykXxfg,Michael Bublé - It's Beginning to Look a Lot Like Christmas (Official Music Video),success,1,data\raw\audio\1rv46mRwDqMEhOBZ7vODg3.wav,
0vjeOZ3Ft5jvAi9SBFJm1j,Superhero (Heroes & Villains) [with Future & Chris Brown],Metro Boomin,QkaWdvv-jKg,"Metro Boomin, Future, Chris Brown - Superhero (Heroes & Villains) (Visualizer)",success,1,data\raw\audio\0vjeOZ3Ft5jvAi9SBFJm1j.wav,
4Flfb4fGscN9kXPOduQLrv,Treacherous Twins,Drake,jCtsnNpCDo0,"Drake, 21 Savage - Treacherous Twins (Audio)",success,1,data\raw\audio\4Flfb4fGscN9kXPOduQLrv.wav,
410TZrK18uRjtsTunG14cl,Middle of the Ocean,Drake,IEueorPNpT0,Drake - Middle of the Ocean (Audio),success,1,data\raw\audio\410TZrK18uRjtsTunG14cl.wav,
3pUa0ZxdSeaJXm0EIydD3F,"Would've, Could've, Should've",Taylor Swift,B-MfwP_RmHY,"Taylor Swift - Would've, Could've, Should've (Official Lyric Video)",success,1,data\raw\audio\3pUa0ZxdSeaJXm0EIydD3F.wav,
5BYl3SodS3rGmafWXRWmB7,The Great War,Taylor Swift,iFX6_9h7th0,Taylor Swift - The Great War (Official Lyric Video),success,1,data\raw\audio\5BYl3SodS3rGmafWXRWmB7.wav,
0sSRLXxknVTQDStgU1NqpY,Hours In Silence,Drake,6hfbHSItskQ,"Drake, 21 Savage - Hours In Silence (Audio)",success,1,data\raw\audio\0sSRLXxknVTQDStgU1NqpY.wav,
3EaJDYHA0KnX88JvDhL9oa,Dark Red,Steve Lacy,5da3D9ZfMQo,Steve Lacy - Dark Red (Lyrics),success,2,data\raw\audio\3EaJDYHA0KnX88JvDhL9oa.wav,
7fUYUcWy853HS8YJn0b3Sr,Sleigh Ride,The Ronettes,XZTzai1H9DM,The Ronettes - Sleigh Ride (Official Audio),success,1,data\raw\audio\7fUYUcWy853HS8YJn0b3Sr.wav,
1eIXYZWEfJO3Na2LCCnIJE,Love Language,SZA,mnjg0CK3Ltw,SZA - Love Language (Lyric Video),success,1,data\raw\audio\1eIXYZWEfJO3Na2LCCnIJE.wav,
4fnNBPN9W6AoOYSQS3FJxT,Notice Me,SZA,pPyaKVgVnFI,SZA - Notice Me (Lyric Video),success,1,data\raw\audio\4fnNBPN9W6AoOYSQS3FJxT.wav,
26hOm7dTtBi0TdpDGl141t,Die For You,Joji,kIEWJ1ljEro,Joji - Die For You,success,1,data\raw\audio\26hOm7dTtBi0TdpDGl141t.wav,
1TE8AAk9koG0UJco6ZAUfx,Rock and A Hard Place,Bailey Zimmerman,0XfOGBp52kc,Bailey Zimmerman - Rock and A Hard Place (Lyric Video),success,1,data\raw\audio\1TE8AAk9koG0UJco6ZAUfx.wav,
6RJBrG3VHz2hPITjv88chh,Glitch,Taylor Swift,Y2a73EvnZ4s,Taylor Swift - Glitch (Official Lyric Video),success,1,data\raw\audio\6RJBrG3VHz2hPITjv88chh.wav,
1Py8c3dkLF0YczcAyBFBEM,Never Hating,Lil Baby,3e3ngjzc3cw,Lil Baby - Never Hating (Lyric Video) ft. Young Thug,success,1,data\raw\audio\1Py8c3dkLF0YczcAyBFBEM.wav,
200x8ONbPfFzByUr3fVz46,She Had Me At Heads Carolina,Cole Swindell,pW98g-Fb-EU,Cole Swindell - She Had Me At Heads Carolina (Official Music Video),success,1,data\raw\audio\200x8ONbPfFzByUr3fVz46.wav,
0rHToGels2lt8Y0mCYoF90,Deck The Hall,Nat King Cole,kORRidv-p0Y,Nat King Cole - Deck The Halls (Lyric Video),success,1,data\raw\audio\0rHToGels2lt8Y0mCYoF90.wav,
5Y35SjAfXjjG0sFQ3KOxmm,Nobody Gets Me,SZA,Oxf8ULSB8yU,SZA - Nobody Gets Me (Lyric Video),success,1,data\raw\audio\5Y35SjAfXjjG0sFQ3KOxmm.wav,
0rKtyWc8bvkriBthvHKY8d,SLOW DANCING IN THE DARK,Joji,LUXu4aTnK7E,SLOW DANCING IN THE DARK,success,1,data\raw\audio\0rKtyWc8bvkriBthvHKY8d.wav,
1sUdq3kWa9dJXHu3eYOUll,"Spooky, Scary Skeletons - Undead Tombstone Remix",Andrew Gold,Qbwt0ks5Cvc,"Andrew Gold - Spooky, Scary Skeletons (Undead Tombstone Remix)",success,1,data\raw\audio\1sUdq3kWa9dJXHu3eYOUll.wav,
4xqrdfXkTW4T0RauPLv3WA,Heather,Conan Gray,GPUg7n8-M6o,Conan Gray - Heather (Official Lyric Video),success,1,data\raw\audio\4xqrdfXkTW4T0RauPLv3WA.wav,
7faDzZnZYqTyYThx2sbHVQ,Mistletoe And Holly - Remastered 1999,Frank Sinatra,XMA2wx9gUOY,Mistletoe and Holly (Remastered),success,1,data\raw\audio\7faDzZnZYqTyYThx2sbHVQ.wav,
30VrBsh1STRBoIrhQOAwzK,Disturbia,Rihanna,E1mU6h4Xdxc,Rihanna - Disturbia,success,1,data\raw\audio\30VrBsh1STRBoIrhQOAwzK.wav,
0FqBNLXlTNimxmVRdDMj6b,1AM FREESTYLE,Joji,QTxMAycHnos,Joji - 1AM FREESTYLE,success,1,data\raw\audio\0FqBNLXlTNimxmVRdDMj6b.wav,
5TxRUOsGeWeRl3xOML59Ai,ARE WE STILL FRIENDS?,"Tyler, The Creator",VMFJwSR1MQQ,"Tyler, The Creator - ARE WE STILL FRIENDS?",success,1,data\raw\audio\5TxRUOsGeWeRl3xOML59Ai.wav,
1rXq0uoV4KTgRN64jXzIxo,One Thing At A Time,Morgan Wallen,aKA4wH3Mg7Y,Morgan Wallen - One Thing At A Time (Lyric Video),success,1,data\raw\audio\1rXq0uoV4KTgRN64jXzIxo.wav,
4P9Q0GojKVXpRTJCaL3kyy,All Of The Girls You Loved Before,Taylor Swift,SpLJl9Au3fw,All Of The Girls You Loved Before,success,1,data\raw\audio\4P9Q0GojKVXpRTJCaL3kyy.wav,
03fs6oV5JAlbytRYf3371S,Everything I Love,Morgan Wallen,MEv4Hzf8Hhw,Morgan Wallen - Everything I Love (Lyric Video),success,1,data\raw\audio\03fs6oV5JAlbytRYf3371S.wav,
7K3BhSpAxZBznislvUMVtn,Last Night,Morgan Wallen,TyjgBxIVmEc,Morgan Wallen - Last Night (Lyric Video),success,1,data\raw\audio\7K3BhSpAxZBznislvUMVtn.wav,
2dHHgzDwk4BJdRwy9uXhTO,Creepin',Metro Boomin,61ymOWwOwuk,"Metro Boomin, The Weeknd, 21 Savage - Creepin' (Visualizer)",success,1,data\raw\audio\2dHHgzDwk4BJdRwy9uXhTO.wav,
3qQbCzHBycnDpGskqOWY0E,Ella Baila Sola,Eslabon Armado,OAdErROwTEE,Ella Baila Sola,success,1,data\raw\audio\3qQbCzHBycnDpGskqOWY0E.wav,
0DWdj2oZMBFSzRsi2Cvfzf,TQG,KAROL G,jZGpkLElSu8,"KAROL G, Shakira - TQG (Official Video)",success,3,data\raw\audio\0DWdj2oZMBFSzRsi2Cvfzf.wav,
7DSAEUvxU8FajXtRloy8M0,Flowers,Miley Cyrus,G7KNmW9a75Y,Miley Cyrus - Flowers (Official Video),success,1,data\raw\audio\7DSAEUvxU8FajXtRloy8M0.wav,
04CqLjewJiSAqM210vZAmT,River,Miley Cyrus,6GzyQiv6zJQ,Miley Cyrus - River (Official Lyric Video),success,1,data\raw\audio\04CqLjewJiSAqM210vZAmT.wav,
3WMj8moIAXJhHsyLaqIIHI,Something in the Orange,Zach Bryan,Lw7Q19mtly0,Zach Bryan - Something in the Orange (Z&E's Version),success,1,data\raw\audio\3WMj8moIAXJhHsyLaqIIHI.wav,
2Jw3VjB1xy5KHBqEeAC6VK,Eat Your Young,Hozier,MuEy1HG5jUE,Hozier - Eat Your Young (Bekon's Choral Version - Official Audio),success,1,data\raw\audio\2Jw3VjB1xy5KHBqEeAC6VK.wav,
0IKeDy5bT9G0bA7ZixRT4A,Bebe Dame,Fuerza Regida,Oie--p6YqJo,Fuerza Regida x Grupo Frontera - Bebe Dame,success,1,data\raw\audio\0IKeDy5bT9G0bA7ZixRT4A.wav,
42TtHTxWk782ZBiqyOi2d1,Dawns,Zach Bryan,dc3Gp4nEq_s,Zach Bryan (feat. Maggie Rogers) - Dawns,success,1,data\raw\audio\42TtHTxWk782ZBiqyOi2d1.wav,
1Y3LN4zO1Edc2EluIoSPJN,Until I Found You,Stephen Sanchez,GxldQ9eX2wo,Stephen Sanchez - Until I Found You (Official Video),success,1,data\raw\audio\1Y3LN4zO1Edc2EluIoSPJN.wav,
73zawW1ttszLRgT9By826D,Man Made A Bar,Morgan Wallen,sS8jpNdABgw,Morgan Wallen - Man Made A Bar (Lyric Video) ft. Eric Church,success,1,data\raw\audio\73zawW1ttszLRgT9By826D.wav,
2wSTnntOPRi7aQneobFtU4,Shirt,SZA,dhWQX1rBm-8,SZA - Shirt (Lyric Video),success,1,data\raw\audio\2wSTnntOPRi7aQneobFtU4.wav,
12cZWGf5ZgLcKubEW9mx5q,HOPE,NF,YUdkYx9WH9k,LYRICS VIDEO | NF - HOPE,success,1,data\raw\audio\12cZWGf5ZgLcKubEW9mx5q.wav,
1BAU6v0fuAV914qMUEESR1,Born With A Beer In My Hand,Morgan Wallen,kEDD09hJQvM,Morgan Wallen - Born With A Beer In My Hand (Lyric Video),success,1,data\raw\audio\1BAU6v0fuAV914qMUEESR1.wav,
0QHEIqNKsMoOY5urbzN48u,Made You Look,Meghan Trainor,2HKitdFks0o,Meghan Trainor - Made You Look (Official Lyric Video),success,1,data\raw\audio\0QHEIqNKsMoOY5urbzN48u.wav,
6HMtHNpW6YPi1hrw9tgF8P,About Damn Time,Lizzo,tRQe3HjZEzw,About Damn Time,success,1,data\raw\audio\6HMtHNpW6YPi1hrw9tgF8P.wav,
1vcJdUJDM2NVXBsGncmLyh,Keith Whitley,Morgan Wallen,woAVLTCYNFE,Morgan Wallen - Keith Whitley (Lyric Video),success,1,data\raw\audio\1vcJdUJDM2NVXBsGncmLyh.wav,
2mpoNBkngUEwnaKoBhZ0vl,PRC,Peso Pluma,kJflWOiAc6I,"Peso Pluma, Natanael Cano - PRC (Video Oficial)",success,1,data\raw\audio\2mpoNBkngUEwnaKoBhZ0vl.wav,
52ChYmfu792MW2Ezv0whpk,5 Leaf Clover,Luke Combs,8bxs6O3ipLw,Luke Combs - 5 Leaf Clover (Official Lyric Video),success,1,data\raw\audio\52ChYmfu792MW2Ezv0whpk.wav,
3Ga7Uele3zN57vQ4F0HPTW,Tennessee Fan,Morgan Wallen,wRMNGgRQwv4,Morgan Wallen - Tennessee Fan (Lyric Video),success,1,data\raw\audio\3Ga7Uele3zN57vQ4F0HPTW.wav,
1N8TTK1Uoy7UvQNUazfUt5,SPIT IN MY FACE!,ThxSoMch,ZtCOsQqrBrs,ThxSoMch - SPIT IN MY FACE! (Official Audio),success,1,data\raw\audio\1N8TTK1Uoy7UvQNUazfUt5.wav,
5NzfnUyVaNrxa2VtoyBWlR,Tennessee Numbers,Morgan Wallen,OhrZzxwcyis,Morgan Wallen - Tennessee Numbers (Lyric Video),success,1,data\raw\audio\5NzfnUyVaNrxa2VtoyBWlR.wav,
0IdkFyYIDMhJqz0NL5zCk9,PAINTING PICTURES,mxmy,Z5h8pcnHtAE,How to Paint a Still Life With a Painting Knife in Oil - Orange Fruit,success,1,data\raw\audio\0IdkFyYIDMhJqz0NL5zCk9.wav,
474uVhyGgK5MtY9gMcDgGl,It's Called: Freefall,Rainbow Kitten Surprise,U2WDdccgaDY,Rainbow Kitten Surprise - It's Called: Freefall [Official Video],success,1,data\raw\audio\474uVhyGgK5MtY9gMcDgGl.wav,
5ht9obvnnWeW4eoRtPAoQD,Fact,Ghostluvme,6ooQrY4Gof0,Fact,success,1,data\raw\audio\5ht9obvnnWeW4eoRtPAoQD.wav,
2ENexcMEMsYk0rVJigVD3i,Only Girl (In The World),Rihanna,pa14VNsdSYM,Rihanna - Only Girl (In The World),success,1,data\raw\audio\2ENexcMEMsYk0rVJigVD3i.wav,
789CxjEOtO76BVD1A9yJQH,Stay,Rihanna,JF8BRvqGCNs,Rihanna - Stay ft. Mikky Ekko,success,1,data\raw\audio\789CxjEOtO76BVD1A9yJQH.wav,
4RvWPyQ5RL0ao9LPZeSouE,Everybody Wants To Rule The World,Tears For Fears,znDgBy2mHbc,Tears For Fears - Everybody Wants To Rule The World (Official Archive Video),success,1,data\raw\audio\4RvWPyQ5RL0ao9LPZeSouE.wav,
1TUuhV75FeOF6UObRsABo2,Don't Think Jesus,Morgan Wallen,qN9IK7e9tEQ,Morgan Wallen - Don't Think Jesus (Lyric Video),success,1,data\raw\audio\1TUuhV75FeOF6UObRsABo2.wav,
6BePGk3eCan4FqaW2X8Qy3,10:35,Tiësto,EXIWlRrkjKE,Tiësto - 10:35 (feat. Tate McRae) (Official Music Video),success,1,data\raw\audio\6BePGk3eCan4FqaW2X8Qy3.wav,
7mXuWTczZNxG5EDcjFEuJR,LADY GAGA,Peso Pluma,S_ppaN7zmdg,"LADY GAGA (Visualizer) - Peso Pluma, Gabito Ballesteros, Junior H",success,1,data\raw\audio\7mXuWTczZNxG5EDcjFEuJR.wav,
4i6cwNY6oIUU2XZxPIw82Y,Karma,Taylor Swift,rg18Kf4en2o,Taylor Swift - Karma (Lyric Video),success,1,data\raw\audio\4i6cwNY6oIUU2XZxPIw82Y.wav,
741UUVE2kuITl0c6zuqqbO,Barbie World,Nicki Minaj,FahpcPq-07E,Barbie World (with Aqua),success,1,data\raw\audio\741UUVE2kuITl0c6zuqqbO.wav,
5AqiaZwhmC6dIbgWrD5SzV,"Peso Pluma: Bzrp Music Sessions, Vol. 55",Bizarrap,v5_SYkFpFiY,PESO PLUMA || BZRP Music Sessions #55/66,success,1,data\raw\audio\5AqiaZwhmC6dIbgWrD5SzV.wav,
2yzshFeBIwH8tWIqHEFLeD,un x100to,Grupo Frontera,3inw26U-os4,Grupo Frontera x Bad Bunny - UN X100TO (Video Oficial),success,1,data\raw\audio\2yzshFeBIwH8tWIqHEFLeD.wav,
368eeEO3Y2uZUQ6S5oIjcu,TQM,Fuerza Regida,DzTNN5Zzpok,Fuerza Regida - TQM [Official Video],success,1,data\raw\audio\368eeEO3Y2uZUQ6S5oIjcu.wav,
7qLr3HMApUbyDkUvgIvHnB,Oh U Went,Young Thug,LeU_Z7ThICk,Young Thug - Oh U Went (feat. Drake) [Official Lyric Video],success,1,data\raw\audio\7qLr3HMApUbyDkUvgIvHnB.wav,
3xYJScVfxByb61dYHTwiby,Hits Different,Taylor Swift,mIikuqyja9Y,Hits Different,success,1,data\raw\audio\3xYJScVfxByb61dYHTwiby.wav,
0WoVfPjxsf9MTvPt9ptqeE,SLUT ME OUT,NLE Choppa,iss7pgQbQmo,NLE Choppa - Slut Me Out (Official Music Video),success,1,data\raw\audio\0WoVfPjxsf9MTvPt9ptqeE.wav,
3kf0WdFOalKWBkCCLJo4mA,El Gordo Trae El Mando,Chino Pacas,1HTzcaEC9Ks,Chino Pacas - El Gordo Trae El Mando [Video Visualizador Oficial],success,1,data\raw\audio\3kf0WdFOalKWBkCCLJo4mA.wav,
0AAMnNeIc6CdnfNU85GwCH,Self Love (Spider-Man: Across the Spider-Verse) (Metro Boomin & Coi Leray),Metro Boomin,-WOonkg_ZCo,"Metro Boomin, Coi Leray - Self Love (Spider-Man: Across the Spider-Verse)",success,1,data\raw\audio\0AAMnNeIc6CdnfNU85GwCH.wav,
4FyesJzVpA39hbYvcseO2d,Just Wanna Rock,Lil Uzi Vert,hqunRm_dSHw,Lil Uzi Vert - Just Wanna Rock [Official Visualizer],success,1,data\raw\audio\4FyesJzVpA39hbYvcseO2d.wav,
1odExI7RdWc4BT515LTAwj,Daylight,David Kushner,MoN9ql6Yymw,David Kushner - Daylight (Official Music Video),success,1,data\raw\audio\1odExI7RdWc4BT515LTAwj.wav,
1bDbXMyjaUIooNwFE9wn0N,Rich Flex,Drake,I4DjHHVHWAE,"Drake, 21 Savage - Rich Flex (Audio)",success,1,data\raw\audio\1bDbXMyjaUIooNwFE9wn0N.wav,
3RA55zrRkyPK8Fd86hrMy8,LUNA,Peso Pluma,LExSwglVFIw,"LUNA (Lyric Video) - Peso Pluma, Junior H",success,2,data\raw\audio\3RA55zrRkyPK8Fd86hrMy8.wav,
6unndO70DvZfnXYcYQMyQJ,Never Felt So Alone,Labrinth,lVCNgOi4kFg,Labrinth - Never Felt So Alone (Official Audio),success,1,data\raw\audio\6unndO70DvZfnXYcYQMyQJ.wav,
0Ymjv0OJeIIPXr6s9wi3iW,MATHEMATICAL DISRESPECT,Lil Mabu,S0d1n4PsXTc,MATHEMATICAL DISRESPECT,success,1,data\raw\audio\0Ymjv0OJeIIPXr6s9wi3iW.wav,
2L9N0zZnd37dwF0clgxMGI,ceilings,Lizzy McAlpine,SOxmA-nKfbU,Lizzy McAlpine - ceilings (Official Audio),success,1,data\raw\audio\2L9N0zZnd37dwF0clgxMGI.wav,
4muwDurKeVOB1WBjTVRWlD,War Bout It,Lil Durk,tMXF8YtyyMc,Lil Durk - War Bout It,success,1,data\raw\audio\4muwDurKeVOB1WBjTVRWlD.wav,
3B0swL7Qil9bB7eKzBREBK,VVS,Peso Pluma,lW0mEjdwVo8,"VVS (Lyric Video) - Peso Pluma, Peso Pluma, Edgardo Nuñez, Los Dareyes De La Sierra",success,1,data\raw\audio\3B0swL7Qil9bB7eKzBREBK.wav,
5wG3HvLhF6Y5KTGlK0IW3J,Trance,Metro Boomin,TxUdlC0057s,"Metro Boomin, Travis Scott, Young Thug - Trance (Visualizer)",success,1,data\raw\audio\5wG3HvLhF6Y5KTGlK0IW3J.wav,
3ZEno9fORwMA1HPecdLi0R,HAPPY,NF,WZJh2VJMwkQ,NF - HAPPY (Lyrics),success,1,data\raw\audio\3ZEno9fORwMA1HPecdLi0R.wav,
1haJsMtoBhHfvuM7XWuT3W,El Azul,Junior H,4RXnYfHUDJw,El Azul,success,1,data\raw\audio\1haJsMtoBhHfvuM7XWuT3W.wav,
3F5CgOj3wFlRv51JsHbxhe,Jimmy Cooks,Drake,V7UgPHjN9qE,Drake - Jimmy Cooks (Audio) ft. 21 Savage,success,2,data\raw\audio\3F5CgOj3wFlRv51JsHbxhe.wav,
58k32my5lKofeZRtIvBDg9,HONEST,Baby Keem,-r4Xcns47YA,Baby Keem - Honest (Official Video),success,1,data\raw\audio\58k32my5lKofeZRtIvBDg9.wav,
3v3gyQkwRQGwDUZ7V2q2lF,WHAT A DAY,"Tyler, The Creator",J3olMh9iv0k,WHAT A DAY,success,1,data\raw\audio\3v3gyQkwRQGwDUZ7V2q2lF.wav,
6DLbBlGIOjjEj0dNN25zhZ,Tennessee Orange,Megan Moroney,iopo-N8_euk,Megan Moroney - Tennessee Orange (Official Audio),success,1,data\raw\audio\6DLbBlGIOjjEj0dNN25zhZ.wav,
1h0rVgfuKa6V9DkVSLAc4Q,back at it,Gunna,LWbUJuLSAeA,Gunna - back at it [Official Visualizer],success,1,data\raw\audio\1h0rVgfuKa6V9DkVSLAc4Q.wav,
7kOletJ0Q5H4MWe7cfeZXP,Alone,Kim Petras,c_5AbgHmFqk,Kim Petras & Nicki Minaj - Alone (Official Music Video),success,1,data\raw\audio\7kOletJ0Q5H4MWe7cfeZXP.wav,
3X6qK1LdMkSOhklwRa2ZfG,Danger (Spider) (Offset & JID),Offset,GizQn9rdiho,"Offset, JID - Danger (Spider) (Visualizer)",success,1,data\raw\audio\3X6qK1LdMkSOhklwRa2ZfG.wav,
30bqVoKjX479ab90a8Pafp,Star Shopping,Lil Peep,m8QQR-wQA0I,Lil Peep - Star Shopping (Official Audio),success,1,data\raw\audio\30bqVoKjX479ab90a8Pafp.wav,
2dSKFFNoNXKo3hPnlwUdPe,They Don't Love It,Jack Harlow,5Z_uRnyxH5o,Jack Harlow - They Don't Love It [Official Lyric Video],success,1,data\raw\audio\2dSKFFNoNXKo3hPnlwUdPe.wav,
6wsqVwoiVH2kde4k4KKAFU,I KNOW ?,Travis Scott,fmdLsdmYzTo,Travis Scott - I KNOW ? (Official Audio),success,1,data\raw\audio\6wsqVwoiVH2kde4k4KKAFU.wav,
4daEMLSZCgZ2Mt7gNm2SRa,Flooded The Face,Lil Uzi Vert,_yBh_I5BLRM,Lil Uzi Vert - Flooded The Face [Official Audio],success,1,data\raw\audio\4daEMLSZCgZ2Mt7gNm2SRa.wav,
4kjI1gwQZRKNDkw1nI475M,MY EYES,Travis Scott,pildU9lK6vM,Travis Scott - MY EYES (Official Audio),success,1,data\raw\audio\4kjI1gwQZRKNDkw1nI475M.wav,
6wf7Yu7cxBSPrRlWeSeK0Q,"What Was I Made For? [From The Motion Picture ""Barbie""]",Billie Eilish,ML0zd8UAuq8,"Billie Eilish - What Was I Made For? (From The Motion Picture ""Barbie"") [The Barbie Montage]",success,1,data\raw\audio\6wf7Yu7cxBSPrRlWeSeK0Q.wav,
67nepsnrcZkowTxMWigSbb,MELTDOWN,Travis Scott,LuKm4L9ryB0,Travis Scott - MELTDOWN (Official Audio) ft. Drake,success,1,data\raw\audio\67nepsnrcZkowTxMWigSbb.wav,
78Du4CMFgnhdlG33gblkiP,Rich Men North of Richmond,Oliver Anthony Music,GHCDFb6aKTo,Oliver Anthony - Rich Men North of Richmond (Lyrics),success,1,data\raw\audio\78Du4CMFgnhdlG33gblkiP.wav,
0lodMO0qK83vfPiiD7FMEt,TOPIA TWINS,Travis Scott,J4nvbKBuEBU,"Travis Scott - TOPIA TWINS (Official Audio) ft. Rob49, 21 Savage",success,1,data\raw\audio\0lodMO0qK83vfPiiD7FMEt.wav,
34sOdxWu9FljH84UXdRwu1,all-american bitch,Olivia Rodrigo,n2BnbpjpRdo,Olivia Rodrigo - all-american bitch (Official Lyric Video),success,1,data\raw\audio\34sOdxWu9FljH84UXdRwu1.wav,
1kuGVB7EU95pJObxwvfwKS,vampire,Olivia Rodrigo,Fqey8LxQxFU,Olivia Rodrigo - vampire (Official Lyric Video),success,1,data\raw\audio\1kuGVB7EU95pJObxwvfwKS.wav,
0hL9gOw6XBWsygEUcVjxEc,HYAENA,Travis Scott,N20q-391r48,Travis Scott - HYAENA (Official Audio),success,1,data\raw\audio\0hL9gOw6XBWsygEUcVjxEc.wav,
7C1BLYzAvR0KdBpov3GpUZ,El Dorado,Zach Bryan,PAfvSfmU37w,Zach Bryan - El Dorado,success,1,data\raw\audio\7C1BLYzAvR0KdBpov3GpUZ.wav,
4e3ZNTAV6PCrdYMUrUlMpQ,Electric Touch,Taylor Swift,hMPK2vNXr-E,Electric Touch (Taylor’s Version) (From The Vault) (Lyric Video),success,1,data\raw\audio\4e3ZNTAV6PCrdYMUrUlMpQ.wav,
4iZ4pt7kvcaH6Yo8UoZ4s2,Snooze,SZA,Sv5yCzPCkv8,SZA - Snooze (Audio),success,1,data\raw\audio\4iZ4pt7kvcaH6Yo8UoZ4s2.wav,
6dTA6y0C2ReQklntzZl8l3,The Story Of Us (Taylor's Version),Taylor Swift,pRhWAXg4xek,Taylor Swift - The Story Of Us (Taylor's Version) (Lyric Video),success,1,data\raw\audio\6dTA6y0C2ReQklntzZl8l3.wav,
6T7FXSuXykeGktMLGp8WgE,All My Life,Lil Durk,6CQ8GkIIDOk,All My Life,success,1,data\raw\audio\6T7FXSuXykeGktMLGp8WgE.wav,
7eOuUmpnHBlg5zsm8Cs7c3,Summertime's Close,Zach Bryan,rX-8_rIe_F0,Zach Bryan - Summertime's Close,success,1,data\raw\audio\7eOuUmpnHBlg5zsm8Cs7c3.wav,
0zo975x58DlXbZllWvfYhg,When Emma Falls in Love (Taylor’s Version) (From The Vault),Taylor Swift,IYqgVYjN3Go,Taylor Swift - When Emma Falls in Love (Taylor’s Version) (Lyric Video),success,1,data\raw\audio\0zo975x58DlXbZllWvfYhg.wav,
22VHOlVYBqytsrAqV8yXBK,Dial Drunk,Noah Kahan,m9Kev73C2cc,Noah Kahan - Dial Drunk (Official Lyric Video),success,1,data\raw\audio\22VHOlVYBqytsrAqV8yXBK.wav,
0bkV1iQHSxBaksUqgEkcbc,SKITZO,Travis Scott,Zk-4WvSPpac,Travis Scott - SKITZO (Official Audio) ft. Young Thug,success,1,data\raw\audio\0bkV1iQHSxBaksUqgEkcbc.wav,
3a36nM6fPVA8K1vqq6d03o,x2,Lil Uzi Vert,ZrIUMxLmVAM,Lil Uzi Vert - x2 [Official Audio],success,1,data\raw\audio\3a36nM6fPVA8K1vqq6d03o.wav,
3hUxzQpSfdDqwM3ZTFQY0K,august,Taylor Swift,nn_0zPAfyo8,Taylor Swift – august (Official Lyric Video),success,1,data\raw\audio\3hUxzQpSfdDqwM3ZTFQY0K.wav,
12nBPF4Rh4XLFJV0YLN7uj,Innocent (Taylor's Version),Taylor Swift,vO6JqQpJboY,Taylor Swift - Innocent (Taylor's Version) (Lyric Video),success,1,data\raw\audio\12nBPF4Rh4XLFJV0YLN7uj.wav,
0gWrMbx6pbdH3n3nsLjE55,Mourning,Post Malone,U2Ww0iPEet4,Post Malone - Mourning (Official Visualizer),success,1,data\raw\audio\0gWrMbx6pbdH3n3nsLjE55.wav,
7sliFe6W30tPBPh6dvZsIH,Area Codes,Kaliii,mpK5PcoRMYw,Kaliii - Area Codes (Official Audio),success,1,data\raw\audio\7sliFe6W30tPBPh6dvZsIH.wav,
3BHFResGQiUvbYToUdaDQz,Enough Is Enough,Post Malone,cuAeITCVKiU,Post Malone - Enough Is Enough (Official Audio),success,1,data\raw\audio\3BHFResGQiUvbYToUdaDQz.wav,
4YQImHflXSiIMXntcwPkx8,Bongos,Cardi B,1IVeyoNiguk,Cardi B - Bongos (feat. Megan Thee Stallion) [Official Audio],success,1,data\raw\audio\4YQImHflXSiIMXntcwPkx8.wav,
0fCwTrRNfoNk962ati8n2K,All Your'n,Tyler Childers,NfbEuyMAstg,Tyler Childers - All Your'n (Lyric Video),success,1,data\raw\audio\0fCwTrRNfoNk962ati8n2K.wav,
0FA4wrjDJvJTTU8AepZTup,Watch This - ARIZONATEARS Pluggnb Remix,Lil Uzi Vert,qiFbmEi2pm0,Lil Uzi Vert - Watch This (Pluggnb Remix) (Prod. 🌊ARIZONATEARS🌊),success,1,data\raw\audio\0FA4wrjDJvJTTU8AepZTup.wav,
4qtxILwBcAHEHbG7R0xF4r,Hold My Breath,Post Malone,5aNssrGxEaU,Post Malone - Hold My Breath (Official Audio),success,1,data\raw\audio\4qtxILwBcAHEHbG7R0xF4r.wav,
6kQF79mjbOkvuRvg0J2XZv,Died and Came Back,Lil Uzi Vert,pr-aXv92UnQ,Lil Uzi Vert - Died and Came Back [Official Audio],success,1,data\raw\audio\6kQF79mjbOkvuRvg0J2XZv.wav,
7rzNKooM3JrKVT40fR22HI,Not Even Ghosts Are This Empty,$uicideboy$,sxkmlZkp6ag,$UICIDEBOY$ - NOT EVEN GHOSTS ARE THIS EMPTY,success,1,data\raw\audio\7rzNKooM3JrKVT40fR22HI.wav,
6WzRpISELf3YglGAh7TXcG,Popular,The Weeknd,K6WCcBP4lSs,"The Weeknd, Playboi Carti, Madonna - Popular (Official Audio)",success,1,data\raw\audio\6WzRpISELf3YglGAh7TXcG.wav,
0JXXNGljqupsJaZsgSbMZV,Sure Thing,Miguel,q4GJVOMjCC4,Miguel - Sure Thing (Official Video),success,1,data\raw\audio\0JXXNGljqupsJaZsgSbMZV.wav,
3fqwjXwUGN6vbzIwvyFMhx,Tennessee Whiskey,Chris Stapleton,4zAThXFOy2c,Chris Stapleton - Tennessee Whiskey (Official Audio),success,1,data\raw\audio\3fqwjXwUGN6vbzIwvyFMhx.wav,
4ZT0wGKwlJRjpMUuwZVy3p,Daylight,Drake,UklHtii5u3s,Drake - Daylight (Audio),success,1,data\raw\audio\4ZT0wGKwlJRjpMUuwZVy3p.wav,
2nibvvDdAQkVraYP00z2RS,Calling For You,Drake,Z06HSkhGuK4,Drake - Calling For You (Audio) ft. 21 Savage,success,1,data\raw\audio\2nibvvDdAQkVraYP00z2RS.wav,
4rXLjWdF2ZZpXCVTfWcshS,fukumean,Gunna,JkivGEynAtA,Gunna - fukumean [Official Lyric Video],success,1,data\raw\audio\4rXLjWdF2ZZpXCVTfWcshS.wav,
1Iq8oo9XkmmvCQiGOfORiz,Is It Over Now? (Taylor's Version) (From The Vault),Taylor Swift,tNxUxm3-658,Taylor Swift - Is It Over Now? (Taylor's Version) (From The Vault) (Lyric Video),success,1,data\raw\audio\1Iq8oo9XkmmvCQiGOfORiz.wav,
3nNmRE0DxHC6ZaKkrpUumS,FINA,Bad Bunny,xYixQwmhUxk,BAD BUNNY ft. YOUNG MIKO - FINA (Visualizer) | nadie sabe lo que va a pasar mañana,success,1,data\raw\audio\3nNmRE0DxHC6ZaKkrpUumS.wav,
5KD6AEm19QnMbfWpfoOHMl,Now That We Don't Talk (Taylor's Version) (From The Vault),Taylor Swift,yF4ulRTCn44,Taylor Swift - Now That We Don't Talk (Taylor's Version) (From The Vault) (Lyric Video),success,1,data\raw\audio\5KD6AEm19QnMbfWpfoOHMl.wav,
1hR8BSuEqPCCZfv93zzzz9,Welcome To New York (Taylor's Version),Taylor Swift,FsGdznlfE2U,Taylor Swift - Welcome To New York (Taylor's Version) (Lyric Video),success,1,data\raw\audio\1hR8BSuEqPCCZfv93zzzz9.wav,
4OMJGnvZfDvsePyCwRGO7X,Houdini,Dua Lipa,suAR1PYFNYA,Dua Lipa - Houdini (Official Music Video),success,1,data\raw\audio\4OMJGnvZfDvsePyCwRGO7X.wav,
2ve0kuaWUCt4Zx8x4bf1MR,Wonderland (Taylor's Version),Taylor Swift,JhICcmiIE80,Taylor Swift - Wonderland (Taylor's Version) (Lyric Video),success,1,data\raw\audio\2ve0kuaWUCt4Zx8x4bf1MR.wav,
2ByBBvpR9b7IynvRmnG7kG,Clean (Taylor's Version),Taylor Swift,AppsjTInqiw,Taylor Swift - Clean (Taylor's Version) (Lyric Video),success,1,data\raw\audio\2ByBBvpR9b7IynvRmnG7kG.wav,
4PS1e8f2LvuTFgUs1Cn3ON,The Christmas Song (Merry Christmas To You),Nat King Cole,e4IeOjpe2p8,Nat King Cole - The Christmas Song (Merry Christmas To You) (Lyric Video),success,1,data\raw\audio\4PS1e8f2LvuTFgUs1Cn3ON.wav,
1ODFVLQszq0hCOdZtqV5wq,MR. OCTOBER,Bad Bunny,Q5GswxdmfPI,BAD BUNNY - MR. OCTOBER (Visualizer) | nadie sabe lo que va a pasar mañana,success,1,data\raw\audio\1ODFVLQszq0hCOdZtqV5wq.wav,
3pv7Q5v2dpdefwdWIvE7yH,Shake It Off (Taylor's Version),Taylor Swift,mvVBuG4IOW4,Taylor Swift - Shake It Off (Taylor's Version) (Lyric Video),success,1,data\raw\audio\3pv7Q5v2dpdefwdWIvE7yH.wav,
75W3SngKzTuoQ94uLf3y82,How You Get The Girl (Taylor's Version),Taylor Swift,rnwD7veCoFQ,Taylor Swift - How You Get The Girl (Taylor's Version) (Lyric Video),success,1,data\raw\audio\75W3SngKzTuoQ94uLf3y82.wav,
4so0Wek9Ig1p6CRCHuINwW,White Christmas,Bing Crosby,v5ryZdpEHqM,White Christmas (Official Video),success,1,data\raw\audio\4so0Wek9Ig1p6CRCHuINwW.wav,
1yeB8MUNeLo9Ek1UEpsyz6,Rich Baby Daddy,Drake,F7o0upORtCw,"Drake - Rich Baby Daddy (Audio) ft. Sexyy Red, SZA",success,1,data\raw\audio\1yeB8MUNeLo9Ek1UEpsyz6.wav,
6uIIdjYTxxpWOyWuVXrKQO,Que Onda,Calle 24,cu37cCI0Liw,Que Onda - Calle 24 x Chino Pacas x Fuerza Regida (Letra/Lyrics),success,1,data\raw\audio\6uIIdjYTxxpWOyWuVXrKQO.wav,
01ppKlDRCmPpusO3yNrSRY,TELEFONO NUEVO,Bad Bunny,1DXmmZ7Hngw,BAD BUNNY ft. LUAR LA L - TELEFONO NUEVO (Visualizer) | nadie sabe lo que va a pasar mañana,success,1,data\raw\audio\01ppKlDRCmPpusO3yNrSRY.wav,
4UwqOWDpdeIDVQDuKT6iza,You Are In Love (Taylor's Version),Taylor Swift,M7ySK0keirY,Taylor Swift - You Are In Love (Taylor's Version) (Lyric Video),success,1,data\raw\audio\4UwqOWDpdeIDVQDuKT6iza.wav,
1a73gcEg6h6Re6hHXoVltJ,FTCU,Nicki Minaj,zE53Otfrr0k,Nicki Minaj - FTCU (Official Audio),success,2,data\raw\audio\1a73gcEg6h6Re6hHXoVltJ.wav,
17cia5k4BpGVlyEfqrFH50,Can’t Catch Me Now - from The Hunger Games: The Ballad of Songbirds & Snakes,Olivia Rodrigo,UjvcgfYB6T0,Can’t Catch Me Now (Lyric Video from The Hunger Games: The Ballad of Songbirds & Snakes),success,1,data\raw\audio\17cia5k4BpGVlyEfqrFH50.wav,
6dBUzqjtbnIa1TwYbyw5CM,Lovers Rock,TV Girl,w6C4zvCwaHo,TV Girl - Lovers Rock,success,1,data\raw\audio\6dBUzqjtbnIa1TwYbyw5CM.wav,
0xxZY5C9xxij3D1HkzbnfC,Monster Mash,"Bobby ""Boris"" Pickett & The Crypt-Kickers",tsPdVsIXqzU,"Bobby ""Boris"" Pickett, The Crypt-Kickers - Monster Mash (Lyric Video)",success,1,data\raw\audio\0xxZY5C9xxij3D1HkzbnfC.wav,
1SV1fxF65n9NhRHp3KlBuu,Wonderful Christmastime - Edited Version / Remastered 2011,Paul McCartney,2TfWo3GsIII,Wonderful Christmastime (Edited Version / Remastered 2011),success,1,data\raw\audio\1SV1fxF65n9NhRHp3KlBuu.wav,
0PAcdVzhPO4gq1Iym9ESnK,Thinkin’ Bout Me,Morgan Wallen,5DCdL1zdpdM,Morgan Wallen - Thinkin' Bout Me (Lyric Video),success,1,data\raw\audio\0PAcdVzhPO4gq1Iym9ESnK.wav,
5W4kiM2cUYBJXKRudNyxjW,You Proof,Morgan Wallen,oSBh6a0QJg8,Morgan Wallen - You Proof (Lyric Video),success,1,data\raw\audio\5W4kiM2cUYBJXKRudNyxjW.wav,
5CscrLqFBgPfZR8fGtikov,making the bed,Olivia Rodrigo,OuuBnf2aGCc,Olivia Rodrigo - making the bed (Official Lyric Video),success,1,data\raw\audio\5CscrLqFBgPfZR8fGtikov.wav,
3kfhS2L56Wj8fBcu7xE47H,Turks & Caicos,Rod Wave,ltxOOGKZLs0,Rod Wave - Turks & Caicos Ft. 21 Savage (Official Audio),success,1,data\raw\audio\3kfhS2L56Wj8fBcu7xE47H.wav,
38R5sydMbsBzSPGPMfmtpb,MR. TAKE YA B*TCH (FEAT. CHRISEANROCK),Lil Mabu,b_rpj_nMWBI,Lil Mabu x ChriseanRock - MR. TAKE YA B*TCH (Official Music Video),success,1,data\raw\audio\38R5sydMbsBzSPGPMfmtpb.wav,
0hvN2v6fAcB6xWyW7UaooA,(There's No Place Like) Home for the Holidays - 1959 Version,Perry Como,Ha4qcLzD2jU,(There's No Place Like) Home for the Holidays (1959 Version),success,1,data\raw\audio\0hvN2v6fAcB6xWyW7UaooA.wav,
0Ie5uiv54KgCr7P4sYDTHl,Baby It's Cold Outside (duet with Michael Bublé),Idina Menzel,TuvShrzC_wM,Idina Menzel - Baby It's Cold Outside (with Michael Bublé) | Lyrics,success,1,data\raw\audio\0Ie5uiv54KgCr7P4sYDTHl.wav,
4HeViKsdSOLkOvwfcRVkK8,Mamaw's House,Thomas Rhett,OLbtjbEcQEg,Thomas Rhett - Mamaw's House (Lyric Video) ft. Morgan Wallen,success,1,data\raw\audio\4HeViKsdSOLkOvwfcRVkK8.wav,
7fveJ3pk1eSfxBdVkzdXZ0,Cowgirls,Morgan Wallen,UpYu9FgcxKo,Morgan Wallen - Cowgirls (Lyric Video) ft. ERNEST,success,1,data\raw\audio\7fveJ3pk1eSfxBdVkzdXZ0.wav,
1SjsVdSXpwm1kTdYEHoPIT,Sun to Me,Zach Bryan,-s5-VXG7Qio,Zach Bryan - Sun to Me,success,1,data\raw\audio\1SjsVdSXpwm1kTdYEHoPIT.wav,
5P8Xvy5tzhmfyfA6GplQ8h,I Want a Hippopotamus for Christmas (Hippo the Hero),Gayla Peevey,LWJvtX0r_wU,I Want A Hippopotamus For Christmas (Hippo The Hero),success,1,data\raw\audio\5P8Xvy5tzhmfyfA6GplQ8h.wav,
41onDks2UPbyjer5fMeUWf,Christmas In Hollis,Run–D.M.C.,C0b8FqocXcU,Christmas In Hollis,success,1,data\raw\audio\41onDks2UPbyjer5fMeUWf.wav,
3RwWW7KeVhHGayYJgUL5eZ,eternal sunshine,Ariana Grande,dS_HLHozs1E,Ariana Grande - eternal sunshine (lyric visualizer),success,1,data\raw\audio\3RwWW7KeVhHGayYJgUL5eZ.wav,
5tEaVciE2GnR28aN6W9cLS,FUK SUMN,¥$,xd2SEKy6HIM,FUK SUMN,success,2,data\raw\audio\5tEaVciE2GnR28aN6W9cLS.wav,
28drn6tQo95MRvO0jQEo5C,Type Shit,Future,XcK8JdVlcXY,"Future, Metro Boomin, Travis Scott, Playboi Carti - Type Shit (Official Audio)",success,1,data\raw\audio\28drn6tQo95MRvO0jQEo5C.wav,
2tudvzsrR56uom6smgOcSf,Like That,Future,N9bKBAA22Go,"Future, Metro Boomin, Kendrick Lamar - Like That (Official Audio)",success,1,data\raw\audio\2tudvzsrR56uom6smgOcSf.wav,
0Lmbke3KNVFXtoH2mMSHCw,the boy is mine,Ariana Grande,ZqCWXdZFc58,Ariana Grande - the boy is mine (lyric visualizer),success,1,data\raw\audio\0Lmbke3KNVFXtoH2mMSHCw.wav,
79AHPJd8upvNxyK2qQcY8J,HISS,Megan Thee Stallion,lQpVjx0vRFY,Megan Thee Stallion - HISS [Official Audio],success,1,data\raw\audio\79AHPJd8upvNxyK2qQcY8J.wav,
3w0w2T288dec0mgeZZqoNN,CARNIVAL,¥$,pEskP0ulPlA,"¥$, Ye, Ty Dolla $ign - CARNIVAL ft. Playboi Carti & Rich The Kid",success,1,data\raw\audio\3w0w2T288dec0mgeZZqoNN.wav,
7KA4W4McWYRpgf0fWsJZWB,See You Again,"Tyler, The Creator",TGgcC5xg9YI,SEE YOU AGAIN featuring Kali Uchis,success,1,data\raw\audio\7KA4W4McWYRpgf0fWsJZWB.wav,
347AQK5Lyhn6RvB8tBGYxt,STARS,¥$,rvj-qvLiWrY,Kanye West & Ty Dolla $ign - STARS (Audio),success,1,data\raw\audio\347AQK5Lyhn6RvB8tBGYxt.wav,
6rjuKpPydT2SxN15TZpV7r,500lbs,Lil Tecca,coqEyxNcJmA,Lil Tecca - 500lbs (Official Audio),success,1,data\raw\audio\6rjuKpPydT2SxN15TZpV7r.wav,
42VsgItocQwOQC3XWZ8JNA,FE!N,Travis Scott,U-l4ya3ejko,Travis Scott - FE!N (Official Audio) ft. Playboi Carti,success,1,data\raw\audio\42VsgItocQwOQC3XWZ8JNA.wav,
1udwFobQ1JoOdWPQrp2b6u,Surround Sound,JID,Wi8ahP6ADFU,Surround Sound,success,1,data\raw\audio\1udwFobQ1JoOdWPQrp2b6u.wav,
7aqfrAY2p9BUSiupwk3svU,First Person Shooter,Drake,sRs2o36a1Us,Drake - First Person Shooter (Audio) ft. J. Cole,success,1,data\raw\audio\7aqfrAY2p9BUSiupwk3svU.wav,
6tNgRQ0K2NYZ0Rb9l9DzL8,obsessed,Olivia Rodrigo,CxFa6r8uRNw,Olivia Rodrigo - obsessed (Official Lyric Video),success,1,data\raw\audio\6tNgRQ0K2NYZ0Rb9l9DzL8.wav,
2YSzYUF3jWqb9YP9VXmpjE,IDGAF,Drake,fCRCLsJQWUQ,Drake - IDGAF (Audio) ft. Yeat,success,1,data\raw\audio\2YSzYUF3jWqb9YP9VXmpjE.wav,
04CyMEHliadfQWMUJb1w99,BURN,¥$,XA4lNmf-KCk,BURN - Kanye West & Ty Dolla $ign (lyrics),success,1,data\raw\audio\04CyMEHliadfQWMUJb1w99.wav,
7pBcryEKcUEaWHwAu1wUyP,Magic Don Juan (Princess Diana),Future,MfTFbkKHPGI,"Future, Metro Boomin - Magic Don Juan (Princess Diana) (Official Audio)",success,1,data\raw\audio\7pBcryEKcUEaWHwAu1wUyP.wav,
003vvx7Niy0yvhvHt4a68B,Mr. Brightside,The Killers,gGdGFtwCNBE,The Killers - Mr. Brightside (Official Music Video),success,1,data\raw\audio\003vvx7Niy0yvhvHt4a68B.wav,
4q7y1JFDBJSBSLqXVgcI51,Runnin Outta Time,Future,Vv5UuKSBhZg,"Future, Metro Boomin - Runnin Outta Time (Official Audio)",success,1,data\raw\audio\4q7y1JFDBJSBSLqXVgcI51.wav,
2y4ZR0BUAVePljHSsZyIgj,PAID,¥$,GErG9femMQk,Lil Baby x 42 Dugg - We Paid (Official Video),success,1,data\raw\audio\2y4ZR0BUAVePljHSsZyIgj.wav,
2K7sv1mno9PvbXVBpqvSKn,sneaky,21 Savage,XlhYUaLVQXc,21 Savage - sneaky (Official Audio),success,1,data\raw\audio\2K7sv1mno9PvbXVBpqvSKn.wav,
3xKsf9qdS1CyvXSMEid6g8,Pink + White,Frank Ocean,uzS3WG6__G4,Frank Ocean - Pink + White,success,1,data\raw\audio\3xKsf9qdS1CyvXSMEid6g8.wav,
7hVb3OyFkgxDgpTdrOX6dT,KEYS TO MY LIFE,¥$,kX3ivxNp9PY,KEYS TO MY LIFE,success,1,data\raw\audio\7hVb3OyFkgxDgpTdrOX6dT.wav,
0caJ2wkqp4UmXBwdR2JvB5,Dial Drunk,Noah Kahan,m9Kev73C2cc,Noah Kahan - Dial Drunk (Official Lyric Video),success,2,data\raw\audio\0caJ2wkqp4UmXBwdR2JvB5.wav,
086myS9r57YsLbJpU0TgK9,Why'd You Only Call Me When You're High?,Arctic Monkeys,3oK22ll4cxw,Arctic Monkeys - Why'd You Only Call Me When You're High?,success,1,data\raw\audio\086myS9r57YsLbJpU0TgK9.wav,
4yreExU3eRNTe2iJz6X6k3,american dream,21 Savage,xH3nqcOA2DA,21 Savage - american dream (Official Audio),success,1,data\raw\audio\4yreExU3eRNTe2iJz6X6k3.wav,
72qABvaqn3TP6drO2tByA6,Ain't No Love,Future,Dat993XlIf0,"Future, Metro Boomin - Ain't No Love (Official Audio)",success,1,data\raw\audio\72qABvaqn3TP6drO2tByA6.wav,
6XjDF6nds4DE2BBbagZol6,Gata Only,FloyyMenor,-r687V8yqKY,"FloyyMenor, Cris MJ - Gata Only (Video Oficial)",success,1,data\raw\audio\6XjDF6nds4DE2BBbagZol6.wav,
5TXDeTFVRVY7Cvt0Dw4vWW,Revenge,XXXTENTACION,CD_tD26E7k0,XXXTENTACION - Revenge (Audio),success,1,data\raw\audio\5TXDeTFVRVY7Cvt0Dw4vWW.wav,
6FBzhcfgGacfXF3AmtfEaX,C U Girl,Steve Lacy,t0fn0Q0DB0E,C U Girl,success,1,data\raw\audio\6FBzhcfgGacfXF3AmtfEaX.wav,
43SoxERu5UlXAgt4Es1VQU,Porch Light,Josh Meloy,aXQ6OOeYG-w,Porch Light - Josh Meloy,success,1,data\raw\audio\43SoxERu5UlXAgt4Es1VQU.wav,
0JmnkIqdlnUzPaf8sqBRs3,Moonlight,Kali Uchis,8F7Q-4PZCjA,Kali Uchis - Moonlight (Official Lyric Video),success,1,data\raw\audio\0JmnkIqdlnUzPaf8sqBRs3.wav,
3CWq0pAKKTWb0K4yiglDc4,You’re Losing Me (From The Vault),Taylor Swift,pQq9eP5OFhw,Taylor Swift - You're Losing Me (From The Vault),success,2,data\raw\audio\3CWq0pAKKTWb0K4yiglDc4.wav,
77DRzu7ERs0TX3roZcre7Q,euphoria,Kendrick Lamar,NPqDIwWMtxg,euphoria,success,1,data\raw\audio\77DRzu7ERs0TX3roZcre7Q.wav,
3NMrVbIVWT3fPXBj0rNDKG,The Tortured Poets Department,Taylor Swift,RQMz4JDbtmI,Taylor Swift - The Tortured Poets Department (Official Lyric Video),success,1,data\raw\audio\3NMrVbIVWT3fPXBj0rNDKG.wav,
5ZLL6wYXeqg0k35ZkDRfhZ,Pour Me A Drink (Feat. Blake Shelton),Post Malone,QL4-aYxCVAI,Post Malone - Pour Me A Drink (Lyric Video) ft. Blake Shelton,success,1,data\raw\audio\5ZLL6wYXeqg0k35ZkDRfhZ.wav,
2XXwLdtuAcE0HSCu61ijAb,My Boy Only Breaks His Favorite Toys,Taylor Swift,wRKXAAV6jh4,Taylor Swift - My Boy Only Breaks His Favorite Toys (Official Lyric Video),success,1,data\raw\audio\2XXwLdtuAcE0HSCu61ijAb.wav,
2tHwzyyOLoWSFqYNjeVMzj,Please Please Please,Sabrina Carpenter,Yl_thbk40A0,Sabrina Carpenter - Please Please Please (Lyric Video),success,1,data\raw\audio\2tHwzyyOLoWSFqYNjeVMzj.wav,
19XpFsce28aByvCC4g89tJ,Too Sweet,Hozier,aezstCBHOPQ,Hozier - Too Sweet (Official Lyric Video),success,1,data\raw\audio\19XpFsce28aByvCC4g89tJ.wav,
6zuPQl2RVqQ4y5nAH61CFC,II MOST WANTED,Beyoncé,SyXfJi2KZ-A,"Beyoncé, Miley Cyrus - II MOST WANTED (Official Lyric Video)",success,1,data\raw\audio\6zuPQl2RVqQ4y5nAH61CFC.wav,
3Vevii7qKqrmW8CcyzBHDl,"So Long, London",Taylor Swift,CCUr2pNJft4,"Taylor Swift - So Long, London (Official Lyric Video)",success,1,data\raw\audio\3Vevii7qKqrmW8CcyzBHDl.wav,
3eh51r6rFWAlGQRlHx9QnQ,Push Ups,Drake,HKH9p19PRLA,Push Ups,success,1,data\raw\audio\3eh51r6rFWAlGQRlHx9QnQ.wav,
4xdBrk0nFZaP54vvZj0yx7,HOT TO GO!,Chappell Roan,xaPNR-_Cfn0,Chappell Roan - HOT TO GO! (Official Music Video),success,1,data\raw\audio\4xdBrk0nFZaP54vvZj0yx7.wav,
6fPan2saHdFaIHuTSatORv,L’AMOUR DE MA VIE,Billie Eilish,am5FI9DkO80,Billie Eilish - L’AMOUR DE MA VIE (Official Lyric Video),success,1,data\raw\audio\6fPan2saHdFaIHuTSatORv.wav,
6Y4rniIxibegzsg8cdWAWV,BODYGUARD,Beyoncé,7HV_Rv858YM,Beyoncé - BODYGUARD (Official Lyric Video),success,1,data\raw\audio\6Y4rniIxibegzsg8cdWAWV.wav,
1yfKakY4rvI17lk20ekuRA,Crocodile Tearz,J. Cole,C3QfwT7CqoI,J. Cole - Crocodile Tearz (Official Audio),success,1,data\raw\audio\1yfKakY4rvI17lk20ekuRA.wav,
6TGd66r0nlPaYm3KIoI7ET,THE GREATEST,Billie Eilish,WkdQhfDRBKs,Billie Eilish - THE GREATEST (Official Lyric Video),success,1,data\raw\audio\6TGd66r0nlPaYm3KIoI7ET.wav,
57wp7VFnV8X0pSVnYArGeJ,Whatever She Wants,Bryson Tiller,-I8DrXXGd9E,Bryson Tiller - Whatever She Wants (Official Video),success,1,data\raw\audio\57wp7VFnV8X0pSVnYArGeJ.wav,
2prqm9sPLj10B4Wg0wE5x9,BLUE,Billie Eilish,_IjWFq1c5M4,Billie Eilish - BLUE (Official Lyric Video),success,1,data\raw\audio\2prqm9sPLj10B4Wg0wE5x9.wav,
2UDARQiksl207HcSduDpov,LEVII'S JEANS,Beyoncé,esnhbIbQHgM,Beyoncé & Post Malone - LEVII'S JEANS (Official Lyric Video),success,1,data\raw\audio\2UDARQiksl207HcSduDpov.wav,
0W0iAC1VGlB82PI6elxFYf,Guilty as Sin?,Taylor Swift,OOYlWF6V8t8,Taylor Swift - Guilty as Sin (Official Lyric Video),success,1,data\raw\audio\0W0iAC1VGlB82PI6elxFYf.wav,
76OC0zMt7wqgys9BpPfLag,SMOKE HOUR ★ WILLIE NELSON,Beyoncé,b2fJB9oz5-o,SMOKE HOUR ★ WILLIE NELSON,success,1,data\raw\audio\76OC0zMt7wqgys9BpPfLag.wav,
27a8HLPwti6tmgQ6FR8aVI,DAUGHTER,Beyoncé,cjeC0zNqigo,Beyoncé - DAUGHTER (Official Lyric Video),success,1,data\raw\audio\27a8HLPwti6tmgQ6FR8aVI.wav,
0K9tfzrxJyCQIf7oAlPwaK,YA YA,Beyoncé,Ma8X2iMdv8U,Beyoncé - YA YA (Official Lyric Video),success,1,data\raw\audio\0K9tfzrxJyCQIf7oAlPwaK.wav,
3NtCIBBz5pEAVGeHL4h5mS,TYRANT,Beyoncé,bgtuQptR1U4,"Beyoncé, Dolly Parton - TYRANT (Official Lyric Video)",success,1,data\raw\audio\3NtCIBBz5pEAVGeHL4h5mS.wav,
5Bedn0svl0ZD7RGmJkmKKw,How Did It End?,Taylor Swift,O3wlMR0y4a4,Taylor Swift - How Did It End? (Official Lyric Video),success,1,data\raw\audio\5Bedn0svl0ZD7RGmJkmKKw.wav,
1ACA277B6f46DYCgZW8di3,if u think i'm pretty,Artemas,x3tXq9xx7oI,Artemas - if u think i'm pretty (lyric video),success,1,data\raw\audio\1ACA277B6f46DYCgZW8di3.wav,
3evCfqmaP5ZFbWMeFI0E21,ALLIIGATOR TEARS,Beyoncé,OuSCmrRPcFI,Beyoncé - ALLIIGATOR TEARS (Official Lyric Video),success,1,data\raw\audio\3evCfqmaP5ZFbWMeFI0E21.wav,
1FhgmMvNlh3nJ1Ldc2eE6H,High Road,Koe Wetzel,U35fIPYNhBI,Koe Wetzel - High Road (Official Audio),success,1,data\raw\audio\1FhgmMvNlh3nJ1Ldc2eE6H.wav,
5wbg8kepMFoMzHOEuxiI0q,Close To You,Gracie Abrams,PmJuMNGp5YE,Gracie Abrams - Close To You (Official Visual),success,1,data\raw\audio\5wbg8kepMFoMzHOEuxiI0q.wav,
1QvDl9tBq6PsMVE7Bf2ZOV,smoke & a light,Ole 60,Cjnk0zrquj4,Ole 60 - smoke & a light (Lyric Video),success,1,data\raw\audio\1QvDl9tBq6PsMVE7Bf2ZOV.wav,
0JcD5qI9SxWqdEWmRjUX9X,Mental Clarity Is a Luxury I Can't Afford,$uicideboy$,ZwGn7CDhiGs,$UICIDEBOY$- MENTAL CLARITY IS A LUXURY I CAN'T AFFORD (Lyric Video),success,1,data\raw\audio\0JcD5qI9SxWqdEWmRjUX9X.wav,
5rb9QrpfcKFHM1EUbSIurX,Yeah!,USHER,GxBSyx85Kp8,"Usher - Yeah! (Official Video) ft. Lil Jon, Ludacris",success,1,data\raw\audio\5rb9QrpfcKFHM1EUbSIurX.wav,
2o1pb13quMReXZqE7jWsgq,intro (end of the world),Ariana Grande,p7jATa6Soag,Ariana Grande - intro (end of the world) (lyric visualizer),success,1,data\raw\audio\2o1pb13quMReXZqE7jWsgq.wav,
7yNf9YjeO5JXUE3JEBgnYc,Babydoll,Dominic Fike,nb8CnIo_-_A,"Dominic Fike ""Babydoll"" (Official Audio)",success,1,data\raw\audio\7yNf9YjeO5JXUE3JEBgnYc.wav,
6LAicOLiCrHw0bmaLBDbC8,whatsapp (wassam),Gunna,fim9FNvs1jg,Gunna - whatsapp (wassam) [Official Lyric Video],success,1,data\raw\audio\6LAicOLiCrHw0bmaLBDbC8.wav,
3cmdqMDc0Fj4TgPeyDOYTM,Us Vs. Them,$uicideboy$,KdFyJp6ixfw,$UICIDEBOY$ - US VS. THEM (Lyric Video),success,1,data\raw\audio\3cmdqMDc0Fj4TgPeyDOYTM.wav,
7b6sWLSnbZhSIeqNGrJ4py,These Walls,Dua Lipa,vjx5kv05x3A,Dua Lipa - These Walls feat Pierre de Maere (Lyric Video),success,1,data\raw\audio\7b6sWLSnbZhSIeqNGrJ4py.wav,
0IsIY8pfu1yaGkPUD7pkDx,Guess featuring billie eilish,Charli xcx,NfHhsB5V6Tc,Charli xcx - Guess (official lyric video),success,1,data\raw\audio\0IsIY8pfu1yaGkPUD7pkDx.wav,
5iJKGpnFfvbjZJeAtwXfCj,28,Zach Bryan,wJO0IoWY4t4,Zach Bryan - 28,success,1,data\raw\audio\5iJKGpnFfvbjZJeAtwXfCj.wav,
102YUQbYmwdBXS7jwamI90,Good Graces,Sabrina Carpenter,alYCYZvB3yo,Sabrina Carpenter - Good Graces (Official Lyric Video),success,2,data\raw\audio\102YUQbYmwdBXS7jwamI90.wav,
7Fzl7QaTu47WyP9R5S5mh5,Lies Lies Lies,Morgan Wallen,Qxo2ToDM-uE,Morgan Wallen - Lies Lies Lies (Lyric Video),success,1,data\raw\audio\7Fzl7QaTu47WyP9R5S5mh5.wav,
1UHS8Rf6h5Ar3CDWRd3wjF,Bed Chem,Sabrina Carpenter,x8VkB8ap_FQ,Sabrina Carpenter - Bed Chem (Official Lyric Video),success,1,data\raw\audio\1UHS8Rf6h5Ar3CDWRd3wjF.wav,
5VhvD0AKRprEaFtPNKGBQR,Dumb & Poetic,Sabrina Carpenter,moMdJBDCblE,Sabrina Carpenter - Dumb & Poetic (Official Lyric Video),success,1,data\raw\audio\5VhvD0AKRprEaFtPNKGBQR.wav,
4KULAymBBJcPRpk1yO4dOG,I Remember Everything,Zach Bryan,ZVVvJjwzl6c,Zach Bryan - I Remember Everything (feat. Kacey Musgraves),success,1,data\raw\audio\4KULAymBBJcPRpk1yO4dOG.wav,
6StwwqB84sJeLr7tZDTxEX,Guy For That (Feat. Luke Combs),Post Malone,Z-5r8jlCPkc,Post Malone - Guy For That (Lyric Video) ft. Luke Combs,success,1,data\raw\audio\6StwwqB84sJeLr7tZDTxEX.wav,
24XihnoVPWXlKJ4BgXqjVM,It's ok I'm ok,Tate McRae,FLV8ELpkE-Y,Tate McRae - It's ok I'm ok (Lyric Video),success,1,data\raw\audio\24XihnoVPWXlKJ4BgXqjVM.wav,
2CIXO1jQbrV1hlfI7FUKld,Wrong Ones (Feat. Tim McGraw),Post Malone,6ZdGmsakOVM,Wrong Ones,success,1,data\raw\audio\2CIXO1jQbrV1hlfI7FUKld.wav,
6GG4yyk3UATdBfTHVgI8PB,Ain't No Love In Oklahoma (From Twisters: The Album),Luke Combs,J6YlaeACE4E,Luke Combs – Ain’t No Love In Oklahoma (From Twisters: The Album) [Official Music Video],success,1,data\raw\audio\6GG4yyk3UATdBfTHVgI8PB.wav,
0OA00aPt3BV10qeMIs3meW,Big Dawgs,Hanumankind,Dygu1vz2HEw,Hanumankind x A$AP Rocky – Big Dawgs | Ft. Kalmi (Official Audio),success,1,data\raw\audio\0OA00aPt3BV10qeMIs3meW.wav,
7I3RalBqE7ZE0RSxgGlGlm,Habits,Eminem,BgqD-Bn5Quk,Eminem - Habits (feat. White Gold) [Official Audio],success,1,data\raw\audio\7I3RalBqE7ZE0RSxgGlGlm.wav,
4ZJ4vzLQekI0WntDbanNC7,Pink Skies,Zach Bryan,fs49xFmmHCo,Zach Bryan - Pink Skies,success,1,data\raw\audio\4ZJ4vzLQekI0WntDbanNC7.wav,
09LrGvT9KsACH66RHYMDyR,Don’t Smile,Sabrina Carpenter,Ju9X2HMMid4,Sabrina Carpenter - Don't Smile (Official Lyric Video),success,2,data\raw\audio\09LrGvT9KsACH66RHYMDyR.wav,
0lJNSfWnwJMIh94Dv9jQUt,What Don't Belong To Me,Post Malone,qvfssW5U_Ig,Post Malone - What Don't Belong To Me (Lyric Video),success,1,data\raw\audio\0lJNSfWnwJMIh94Dv9jQUt.wav,
59151GHN7yr5g9B3bqlGdR,Trouble,Eminem,nL5W5Xi5jq8,Eminem - Trouble [Official Audio],success,1,data\raw\audio\59151GHN7yr5g9B3bqlGdR.wav,
3XbIhTYl6a0uXPyO43eiXa,Oak Island,Zach Bryan,osNrPrgcKFc,Zach Bryan - Oak Island,success,1,data\raw\audio\3XbIhTYl6a0uXPyO43eiXa.wav,
21LCotDEwR7R8qOnqPVzi9,Evil,Eminem,AuQ36zwFA3s,Eminem - Evil [Official Audio],success,1,data\raw\audio\21LCotDEwR7R8qOnqPVzi9.wav,
6me7F0aaZjwDo6RJ5MrfBD,Evergreen,Richy Mitch & The Coal Miners,f568OZG22dY,Richy Mitch & The Coal Miners - Evergreen (Lyrics),success,1,data\raw\audio\6me7F0aaZjwDo6RJ5MrfBD.wav,
3uC4r2daXertBxxc8BpbbN,Lithonia,Childish Gambino,co-bx0mBsLc,Childish Gambino - Lithonia (Official Audio),success,1,data\raw\audio\3uC4r2daXertBxxc8BpbbN.wav,
5b3XJ1pjrHO5JtY2PcTjnI,Mamushi,Megan Thee Stallion,mPeWgGMSb0s,Megan Thee Stallion - Mamushi (feat. Yuki Chiba) [Official Audio],success,1,data\raw\audio\5b3XJ1pjrHO5JtY2PcTjnI.wav,
1vj47xD8v9wIhQrmQY2Dkv,Better Days,Zach Bryan,gLMns1UUoCw,Zach Bryan - Better Days (feat. John Mayer),success,1,data\raw\audio\1vj47xD8v9wIhQrmQY2Dkv.wav,
4q5YezDOIPcoLr8R81x9qy,I Can Do It With a Broken Heart,Taylor Swift,i8_w_m6HLJ0,Taylor Swift - I Can Do It With a Broken Heart (Official Lyric Video),success,1,data\raw\audio\4q5YezDOIPcoLr8R81x9qy.wav,
5lKFO0PrOC9jmOlPEdjHsL,DOS DÍAS,Tito Double P,nne3lXKc1OU,"Dos días (Lyric Video) - Tito Double P, Peso Pluma",success,1,data\raw\audio\5lKFO0PrOC9jmOlPEdjHsL.wav,
0DM63CJEklNPKu6kHGyuEl,Yours,Post Malone,hrAeuPqYnRQ,Post Malone - Yours (Lyric Video),success,1,data\raw\audio\0DM63CJEklNPKu6kHGyuEl.wav,
2aPTvyE09vUCRwVvj0I8WK,Sundress,A$AP Rocky,xre-oQn1DhY,Sundress,success,1,data\raw\audio\2aPTvyE09vUCRwVvj0I8WK.wav,
6IPwKM3fUUzlElbvKw2sKl,we fell in love in october,girl in red,iggmiF7DNoM,girl in red - we fell in love in october,success,1,data\raw\audio\6IPwKM3fUUzlElbvKw2sKl.wav,
3hRV0jL3vUpRrcy398teAU,The Night We Met,Lord Huron,KtlgYxa6BMU,Lord Huron - The Night We Met (Official Audio),success,2,data\raw\audio\3hRV0jL3vUpRrcy398teAU.wav,
5giwUhMFuodJcRhA8tlLSQ,Nobody's Soldier,Hozier,pxosHw2MXrs,Hozier - Nobody's Soldier (Official Audio),success,1,data\raw\audio\5giwUhMFuodJcRhA8tlLSQ.wav,
69phA1R4gmQsBFRQ3INW8C,ONE CALL,Rich Amiri,l3sBEoSEvOA,Rich Amiri - One Call (Official Audio),success,1,data\raw\audio\69phA1R4gmQsBFRQ3INW8C.wav,
4xhsWYTOGcal8zt0J161CU,Lovin On Me,Jack Harlow,Iq8h3GEe22o,Jack Harlow - Lovin On Me [Official Music Video],success,1,data\raw\audio\4xhsWYTOGcal8zt0J161CU.wav,
0HEytGQM3bG1vKxER7IgVK,Spotless,Zach Bryan,vhAEk-j-FGo,Zach Bryan - Spotless (feat. The Lumineers),success,1,data\raw\audio\0HEytGQM3bG1vKxER7IgVK.wav,
11bJ1ws3dathgY9uzADUhL,In The Night,Childish Gambino,OS6ggNu-cFA,Childish Gambino - In the Night ft. Jorja Smith & Amaarae (Audio),success,1,data\raw\audio\11bJ1ws3dathgY9uzADUhL.wav,
7ne4VBA60CxGM75vw0EYad,That’s So True,Gracie Abrams,BDHM8cyJQa8,Gracie Abrams - That’s So True (Official Lyric Video),success,1,data\raw\audio\7ne4VBA60CxGM75vw0EYad.wav,
2EjXfH91m7f8HiJN1yQg97,Rockin' Around The Christmas Tree,Brenda Lee,TFsZy9t-qDc,Brenda Lee - Rockin' Around The Christmas Tree (Official Music Video),success,1,data\raw\audio\2EjXfH91m7f8HiJN1yQg97.wav,
5S8VwnB4sLi6W0lYTWYylu,hey now,Kendrick Lamar,9PumlOWjXMM,Kendrick Lamar - hey now (Official Audio),success,1,data\raw\audio\5S8VwnB4sLi6W0lYTWYylu.wav,
1QoyuMHNBe7lg3YW4Qtll4,St. Chroma,"Tyler, The Creator",33b53NUGF_Q,St. Chroma,success,1,data\raw\audio\1QoyuMHNBe7lg3YW4Qtll4.wav,
5RePVWy39tLpHH0WwXgBsK,Rah Tah Tah,"Tyler, The Creator",R_clisSImS4,Rah Tah Tah,success,1,data\raw\audio\5RePVWy39tLpHH0WwXgBsK.wav,
7hR22TOX3RorxJPcsz5Wbo,Love Somebody,Morgan Wallen,zxMo0CZZzyg,Morgan Wallen - Love Somebody (Lyric Video),success,2,data\raw\audio\7hR22TOX3RorxJPcsz5Wbo.wav,
4BSR9I4ExlCJdXJo2GpBD5,Take Your Mask Off,"Tyler, The Creator",JPOjiXoPmOk,Take Your Mask Off,success,1,data\raw\audio\4BSR9I4ExlCJdXJo2GpBD5.wav,
3QiAAp20rPC3dcAtKtMaqQ,Blue Christmas,Elvis Presley,B6WnnZRSKYs,Elvis Presley - Blue Christmas (Official Audio),success,1,data\raw\audio\3QiAAp20rPC3dcAtKtMaqQ.wav,
0wgOhYnqZKjOHr6bmdz0aN,gloria,Kendrick Lamar,G5YwhjCywvw,Kendrick Lamar - gloria (Official Audio),success,1,data\raw\audio\0wgOhYnqZKjOHr6bmdz0aN.wav,
2pnPe4pJtq7689i5ydzvJJ,Run Rudolph Run - Single Version,Chuck Berry,SqVtqbzTdVs,Chuck Berry - Run Rudolph Run (Official Lyric Video),success,2,data\raw\audio\2pnPe4pJtq7689i5ydzvJJ.wav,
3aZptNYC6Z1YoumeqZcDcQ,gnx,Kendrick Lamar,8sfLudpdZPU,Kendrick Lamar - gnx (Official Audio),success,1,data\raw\audio\3aZptNYC6Z1YoumeqZcDcQ.wav,
3qCeq0rWK67SoBDgFd2sId,Feliz Navidad,José Feliciano,N8NcQzMQN_U,José Feliciano - Feliz Navidad (Official Audio),success,1,data\raw\audio\3qCeq0rWK67SoBDgFd2sId.wav,
2Uts1QFB4u2YNIMiqcb4de,peekaboo,Kendrick Lamar,cbHkzwa0QmM,Kendrick Lamar - peekaboo (Official Audio),success,1,data\raw\audio\2Uts1QFB4u2YNIMiqcb4de.wav,
1SGvjfc85yzqKXsfKcCxn2,heart pt. 6,Kendrick Lamar,m-PO1_fzxVM,Kendrick Lamar - heart pt. 6 (Official Audio),success,2,data\raw\audio\1SGvjfc85yzqKXsfKcCxn2.wav,
0pvZCv4JOS5WBu7JITYef6,I Hope You Find Your Way Home,"Tyler, The Creator",AUA3_lX6g-s,I Hope You Find Your Way Home,success,1,data\raw\audio\0pvZCv4JOS5WBu7JITYef6.wav,
3siwsiaEoU4Kuuc9WKMUy5,No One Noticed,The Marías,Qn8F_u0vBNI,The Marías - No One Noticed (Visualizer),success,1,data\raw\audio\3siwsiaEoU4Kuuc9WKMUy5.wav,
1XBYiRV30ykHw5f4wm6qEn,NIGHTS LIKE THIS,The Kid LAROI,dFr4NU9C0HE,The Kid LAROI - NIGHTS LIKE THIS (Official Audio),success,1,data\raw\audio\1XBYiRV30ykHw5f4wm6qEn.wav,
04vLj9QUXoKdRlsp3gkURo,Mele Kalikimaka (Merry Christmas),Bing Crosby,FezVApPddqU,"Bing Crosby, The Andrews Sisters - Mele Kalikimaka",success,1,data\raw\audio\04vLj9QUXoKdRlsp3gkURo.wav,
4nVBt6MZDDP6tRVdQTgxJg,Story of My Life,One Direction,R2h6KIpBums,One Direction - Story of My Life (One Direction: The TV Special),success,1,data\raw\audio\4nVBt6MZDDP6tRVdQTgxJg.wav,
6thXB4RmajS4oZPNiBAKy0,Ghostbusters,Ray Parker Jr.,TaV1r341wYk,Ghostbusters,success,1,data\raw\audio\6thXB4RmajS4oZPNiBAKy0.wav,
5QMrH5nszZZR3nefIj6Mar,Defying Gravity,Cynthia Erivo,qeqj5GnoFUY,Defying Gravity (From Wicked The Soundtrack),success,1,data\raw\audio\5QMrH5nszZZR3nefIj6Mar.wav,
51rfRCiUSvxXlCSCfIztBy,"I Love You, I'm Sorry",Gracie Abrams,ZWGt1jMIjBY,"I Love You, I'm Sorry",success,1,data\raw\audio\51rfRCiUSvxXlCSCfIztBy.wav,
3QIoEi8Enr9uHffwInGIsC,Please Come Home for Christmas - Eagles 2013 Remaster,Eagles,7Rv3wfwIVBc,Eagles - Please Come Home For Christmas (Official Audio),success,1,data\raw\audio\3QIoEi8Enr9uHffwInGIsC.wav,
7EBy2V93Ykyvfc5CMApTGc,Barbarian,Juice WRLD,GzmbBLfIKcw,Juice WRLD - Barbarian (Official Audio),success,1,data\raw\audio\7EBy2V93Ykyvfc5CMApTGc.wav,
0OWhKvvsHptt6vnnNUSM9a,Oklahoma Smokeshow,Zach Bryan,FJqd58_WgGo,Zach Bryan - Oklahoma Smokeshow,success,1,data\raw\audio\0OWhKvvsHptt6vnnNUSM9a.wav,
1WIZiOuNO3woKfdlSK2gNn,Transportin',Kodak Black,Ns167_llTiA,Kodak Black - Transportin’ [Official Music Video],success,1,data\raw\audio\1WIZiOuNO3woKfdlSK2gNn.wav,
1aXV8GrmQLvgoFtBPERP7E,Jealous,Eyedress,d0Jyvteqzrw,EYEDRESS - JEALOUS (OFFICIAL VIDEO),success,1,data\raw\audio\1aXV8GrmQLvgoFtBPERP7E.wav,
0hz5PNF2wejwUKCMpesQWt,Merry Christmas,Ed Sheeran,Q_yuO8UNGmY,Ed Sheeran & Elton John - Merry Christmas [Official Video],success,1,data\raw\audio\0hz5PNF2wejwUKCMpesQWt.wav,
1g7pFO1WtclKCuIQiS8sNM,Crybaby,SZA,xuZDP6uSD-Q,SZA - Crybaby (Official Audio),success,1,data\raw\audio\1g7pFO1WtclKCuIQiS8sNM.wav,
2OzhQlSqBEmt7hmkYxfT6m,Fortnight,Taylor Swift,HzsQHfBA3MY,Taylor Swift - Fortnight (feat Post Malone) (Official Lyric Video),success,1,data\raw\audio\2OzhQlSqBEmt7hmkYxfT6m.wav,
4YLizxRQsTqqnvzzYq2VaE,Mr Chow,Lil Uzi Vert,uVmzKBJM3mQ,Lil Uzi Vert - Mr Chow [Official Audio],success,1,data\raw\audio\4YLizxRQsTqqnvzzYq2VaE.wav,
5xDrO9DEDJGUQGfyoHvgDJ,Last Christmas,Ariana Grande,ReK9MVrOq0w,Ariana Grande - Last Christmas (Audio),success,1,data\raw\audio\5xDrO9DEDJGUQGfyoHvgDJ.wav,
1G391cbiT3v3Cywg8T7DM1,Scar Tissue,Red Hot Chili Peppers,mzJj5-lubeM,Red Hot Chili Peppers - Scar Tissue [Official Music Video] [HD UPGRADE],success,1,data\raw\audio\1G391cbiT3v3Cywg8T7DM1.wav,
5xHgo5JN0wfsV41HnRaos5,The Giver,Chappell Roan,DubtPdXXjew,Chappell Roan - The Giver (Official Lyric Video),success,1,data\raw\audio\5xHgo5JN0wfsV41HnRaos5.wav,
3MJ6lFNV12FSHAOzTzkwxz,Smile,Morgan Wallen,o4HsZ4fbmAE,Morgan Wallen - Smile (Lyric Video),success,1,data\raw\audio\3MJ6lFNV12FSHAOzTzkwxz.wav,
3AWDeHLc88XogCaCnZQLVI,Cry For Me,The Weeknd,bn8gP5N8hqM,The Weeknd - Cry For Me (Official Music Video),success,1,data\raw\audio\3AWDeHLc88XogCaCnZQLVI.wav,
3tFed7YsjGnIfxeLEQwx3R,Sticky,"Tyler, The Creator",jHTa6Uj9q8Q,"Tyler, The Creator - Sticky (Lyrics)",success,1,data\raw\audio\3tFed7YsjGnIfxeLEQwx3R.wav,
0aB0v4027ukVziUGwVGYpG,tv off,Kendrick Lamar,U8F5G5wR1mk,Kendrick Lamar - tv off (Official Audio),success,1,data\raw\audio\0aB0v4027ukVziUGwVGYpG.wav,
7AeM1BGYM7emrqmQn1PuWv,I'm The Problem,Morgan Wallen,YT57RMxA-Eo,Morgan Wallen - I'm The Problem (Official Audio),success,2,data\raw\audio\7AeM1BGYM7emrqmQn1PuWv.wav,
21IYMdzTrzSe191Cy5eMap,Sailor Song,Gigi Perez,1lrFsXkT_rM,Gigi Perez - Sailor Song (Official Music Video),success,1,data\raw\audio\21IYMdzTrzSe191Cy5eMap.wav,
00iLTetTLAeImmBlh6jOJh,K POP,Playboi Carti,d14JwYJBotw,Playboi Carti - K POP (Official Audio),success,1,data\raw\audio\00iLTetTLAeImmBlh6jOJh.wav,
2lTm559tuIvatlT1u0JYG2,BAILE INoLVIDABLE,Bad Bunny,2Y4zvxK0wYM,BAD BUNNY - BAILE INoLVIDABLE (Visualizer) | DeBÍ TiRAR MáS FOToS,success,1,data\raw\audio\2lTm559tuIvatlT1u0JYG2.wav,
4u43I0LP2Xf85OAS85eG0R,CN TOWER,PARTYNEXTDOOR,0gI8phQgRss,"PARTYNEXTDOOR, Drake - CN TOWER",success,1,data\raw\audio\4u43I0LP2Xf85OAS85eG0R.wav,
0NUqi0ps17YpLUC3kgsZq0,DIE TRYING,PARTYNEXTDOOR,b5bR2NqDpqI,"PARTYNEXTDOOR, Drake, Yebba - DIE TRYING",success,1,data\raw\audio\0NUqi0ps17YpLUC3kgsZq0.wav,
3aSWXU6owkZeVhh94XxEWO,30 For 30,SZA,NEnephbahLA,SZA - 30 For 30 feat. Kendrick Lamar (Official Audio),success,1,data\raw\audio\3aSWXU6owkZeVhh94XxEWO.wav,
5nk6BxN9bM5rLNkA3pMOzn,Tweaker,Ball Brothers,2Mk7VTUwbck,GELO - Tweaker (Official Video),success,1,data\raw\audio\5nk6BxN9bM5rLNkA3pMOzn.wav,
0rNgWFQJtfttOYIHfDOHCg,BACKD00R,Playboi Carti,4LgZZVGvEyE,Playboi Carti - BACKD00R [feat. Kendrick Lamar & Jhene Aiko] (Official Audio),success,1,data\raw\audio\0rNgWFQJtfttOYIHfDOHCg.wav,
5Nz7hI3cCOHmMR4vSLJ1An,GIMME A HUG,Drake,lBe5KKGQoGE,GIMME A HUG,success,1,data\raw\audio\5Nz7hI3cCOHmMR4vSLJ1An.wav,
5WEF0icHWmAZBBMglBd599,WELTiTA,Bad Bunny,hitCWMxsMi4,BAD BUNNY ft. Chuwi - WELTiTA (Visualizer) | DeBÍ TiRAR MáS FOToS,success,1,data\raw\audio\5WEF0icHWmAZBBMglBd599.wav,
6jbYpRPTEFl1HFKHk1IC0m,Like Him,"Tyler, The Creator",Z0CQf3JDKAY,Like Him,success,1,data\raw\audio\6jbYpRPTEFl1HFKHk1IC0m.wav,
0stJVUUSrbEwyFHOp2dRu0,Open Hearts,The Weeknd,ll6sBa3Dafs,The Weeknd - Open Hearts (Audio),success,1,data\raw\audio\0stJVUUSrbEwyFHOp2dRu0.wav,
79x7xtoCLpf6l32Zz6mWo4,BOKeTE,Bad Bunny,snvw6iG-GaY,BAD BUNNY - BOKeTE (Visualizer) | DeBÍ TiRAR MáS FOToS,success,1,data\raw\audio\79x7xtoCLpf6l32Zz6mWo4.wav,
0DA8aZZvG73AijDYT00ki1,bloodonmyhands,Tate McRae,VTbpK2ciY5s,Tate McRae - bloodonmyhands ft. Flo Milli (Lyric Video) ft. Flo Milli,success,1,data\raw\audio\0DA8aZZvG73AijDYT00ki1.wav,
3FjK86616FbluOfTxNK2gY,A N X I E T Y,Sleepy Hallow,kt9aDuuYJIk,Sleepy Hallow - A N X I E T Y (Lyric Video) feat. Doechii,success,1,data\raw\audio\3FjK86616FbluOfTxNK2gY.wav,
7xAvtuHf8nGi5OtXVPYgb3,CRANK,Playboi Carti,wQZvS109Q00,Playboi Carti - CRANK (Official Audio),success,1,data\raw\audio\7xAvtuHf8nGi5OtXVPYgb3.wav,
1pzN8bCzy017iK3vWzkk6Z,WAKE UP F1LTHY,Playboi Carti,rSMUVaPzlDQ,Playboi Carti - WAKE UP F1LTHY [with Travis Scott] (Official Audio),success,1,data\raw\audio\1pzN8bCzy017iK3vWzkk6Z.wav,
21aDVa64pWR8SYQ7wBRMkd,CHARGE DEM HOES A FEE,Playboi Carti,Q_ad3KnUDvM,Playboi Carti - CHARGE DEM HOES A FEE (Official Audio),success,1,data\raw\audio\21aDVa64pWR8SYQ7wBRMkd.wav,
63Pi2NAx5yCgeLhCTOrEou,Headlock,Imogen Heap,roPiy2JydwA,Imogen Heap - Headlock (Official Video),success,1,data\raw\audio\63Pi2NAx5yCgeLhCTOrEou.wav,
1DpC4L3JjsGRW7y6eTHaMj,Ojos Tristes,Selena Gomez,Ch6xdV_ZjdU,"Selena Gomez, benny blanco - Ojos Tristes (with The Marías) (Official Lyric Video)",success,1,data\raw\audio\1DpC4L3JjsGRW7y6eTHaMj.wav,
5RKQ5NdjSh2QzD4MaunT91,Don't Stop Believin' (2022 Remaster),Journey,1k8craCGpgs,Journey - Don't Stop Believin' (Official Audio),success,1,data\raw\audio\5RKQ5NdjSh2QzD4MaunT91.wav,
6jp9WjJtKF0Fgks0Y9Kkni,Like I do,Tate McRae,xLneXAxwHNc,Tate McRae - Like I do (Lyric Video),success,1,data\raw\audio\6jp9WjJtKF0Fgks0Y9Kkni.wav,
6LxSe8YmdPxy095Ux6znaQ,Headlines,Drake,Sn3SUnL44w4,Headlines,success,1,data\raw\audio\6LxSe8YmdPxy095Ux6znaQ.wav,
7zFXmv6vqI4qOt4yGf3jYZ,Get You,Daniel Caesar,uQFVqltOXRg,Daniel Caesar - Get You ft. Kali Uchis [Official Video],success,1,data\raw\audio\7zFXmv6vqI4qOt4yGf3jYZ.wav,
53WWD2BBC6Jcip8wy5CniE,cLOUDs,J. Cole,eUsQzDa7qyU,cLOUDs,success,1,data\raw\audio\53WWD2BBC6Jcip8wy5CniE.wav,
4GqhG9rDuRUoNyDSMJ0Brq,SPIDER-MAN SUPERMAN,PARTYNEXTDOOR,i-DK2XUsKuw,"PARTYNEXTDOOR, Drake - SPIDER-MAN SUPERMAN",success,1,data\raw\audio\4GqhG9rDuRUoNyDSMJ0Brq.wav,
0OpC8hRrbsh24taKOsQBEX,Real Man,beabadoobee,KUYK5KEU6qg,beabadoobee - Real Man,success,1,data\raw\audio\0OpC8hRrbsh24taKOsQBEX.wav,
5IoPnNiYAOvHHJpz13wzRL,Vanish Into You,Lady Gaga,tQHLIRCcfio,Lady Gaga - Vanish Into You (Official Audio),success,1,data\raw\audio\5IoPnNiYAOvHHJpz13wzRL.wav,
04emojnbYkrRmv5qtJcgVP,What I Want,Morgan Wallen,hNrwlzBeFN8,Morgan Wallen - What I Want (feat. Tate McRae) (Lyric Video),success,1,data\raw\audio\04emojnbYkrRmv5qtJcgVP.wav,
1lfO0bqThTLimzHsvk3LrN,OWA OWA,Lil Tecca,wTy5dra6CzM,Lil Tecca - OWA OWA (Official Audio),success,1,data\raw\audio\1lfO0bqThTLimzHsvk3LrN.wav,
3LPLRNr58Z9Pn0clnEtkXb,Anxiety,Doechii,egemoVK0IKY,Doechii - Anxiety (Visualizer),success,1,data\raw\audio\3LPLRNr58Z9Pn0clnEtkXb.wav,
0TFTAtCYhp2tQ9KcJIZb55,undressed,sombr,CtRn6eqVnvY,sombr - undressed (official lyric video),success,1,data\raw\audio\0TFTAtCYhp2tQ9KcJIZb55.wav,
2jNyiavSywmA472t2m6ZBz,What Was That,Lorde,1UpoZpMBM9Y,Lorde - What Was That,success,1,data\raw\audio\2jNyiavSywmA472t2m6ZBz.wav,
1BDLD4c07q0bmq2VCRsXoE,I Ain't Comin' Back,Morgan Wallen,6oJkXrNYBA4,"Morgan Wallen, Post Malone - I Ain't Comin' Back (Official Audio)",success,1,data\raw\audio\1BDLD4c07q0bmq2VCRsXoE.wav,
5z0LSDpPpGwc2ZyJHpsE3J,Just In Case,Morgan Wallen,cLnl73R9gMc,Morgan Wallen - Just In Case (Official Audio),success,4,data\raw\audio\5z0LSDpPpGwc2ZyJHpsE3J.wav,
7qjZnBKE73H4Oxkopwulqe,back to friends,sombr,fOQ_-gZsnYQ,sombr - back to friends (official audio),success,1,data\raw\audio\7qjZnBKE73H4Oxkopwulqe.wav,
6wZOZ0votPhc8qdg4UFPtH,dandelion,Ariana Grande,qN4nWpW1UMA,Ariana Grande - dandelion (lyric visualizer),success,1,data\raw\audio\6wZOZ0votPhc8qdg4UFPtH.wav,
6TUf119oQrkteMSKTE1SOf,"Skoal, Chevy, and Browning",Morgan Wallen,EgbfJqJI2x0,"Morgan Wallen - Skoal, Chevy and Browning (Lyric Video)",success,1,data\raw\audio\6TUf119oQrkteMSKTE1SOf.wav,
0GnNHCDj2WOJl70UUcvAEP,Falling Apart,Morgan Wallen,qVZUcxFN2E8,Morgan Wallen - Falling Apart (Lyric Video),success,1,data\raw\audio\0GnNHCDj2WOJl70UUcvAEP.wav,
68qeaZhtMZ6abrJCYt6nQn,RATHER LIE,Playboi Carti,fYD7YsSRHOY,Playboi Carti & The Weeknd - RATHER LIE (Official Audio),success,1,data\raw\audio\68qeaZhtMZ6abrJCYt6nQn.wav,
0YsIYFRoxkmEvbKCwTp0Tg,20 Cigarettes,Morgan Wallen,IV3ESXbcvag,Morgan Wallen - 20 Cigarettes (Lyric Video),success,1,data\raw\audio\0YsIYFRoxkmEvbKCwTp0Tg.wav,
2qPQcfUgizNDOIv1orkTAd,Bloodline,Alex Warren,UBtfcphWKBY,Alex Warren - Bloodline (with Jelly Roll) [Official Video],success,1,data\raw\audio\2qPQcfUgizNDOIv1orkTAd.wav,
6393yGahSJ9slVdOwSxOVR,Pink Pony Club,Chappell Roan,GR3Liudev18,Chappell Roan - Pink Pony Club (Official Music Video),success,2,data\raw\audio\6393yGahSJ9slVdOwSxOVR.wav,
4Km9FSF9iaQiTLnFPdbPom,6 Months Later,Megan Moroney,4Utfp-qvNO8,Megan Moroney - 6 Months Later (Official Lyric Video),success,1,data\raw\audio\4Km9FSF9iaQiTLnFPdbPom.wav,
7igCS2ZsfV7bvxuhF4XgiQ,I'm A Little Crazy,Morgan Wallen,Yb4XgSJyeig,Morgan Wallen - I'm A Little Crazy (Official Audio),success,1,data\raw\audio\7igCS2ZsfV7bvxuhF4XgiQ.wav,
4HWDNZ1i6gyzu9tUbNhC2C,Revelation,Morgan Wallen,qatdvWJDSHk,Morgan Wallen - Revelation (Lyric Video),success,1,data\raw\audio\4HWDNZ1i6gyzu9tUbNhC2C.wav,
2JPctdUgvkQSpnUdfROxvY,Te Quería Ver,Alemán,Fu3u83byc5A,"Alemán, Neton Vega - Te Quería Ver (Video Oficial)",success,1,data\raw\audio\2JPctdUgvkQSpnUdfROxvY.wav,
3t6gUcGYLrUuqwpXjOFWQc,I Never Lie,Zach Top,P6LeMSLYhko,Zach Top - I Never Lie (Official Audio),success,1,data\raw\audio\3t6gUcGYLrUuqwpXjOFWQc.wav,
0nj9Bq5sHDiTxSHunhgkFb,squabble up,Kendrick Lamar,NYH6Oa4PXlY,Kendrick Lamar - squabble up (Official Audio),success,1,data\raw\audio\0nj9Bq5sHDiTxSHunhgkFb.wav,
4IixOTCzviJgIigKleiVbo,Even In Arcadia,Sleep Token,qRL24yVx6Vw,Sleep Token - Even In Arcadia,success,2,data\raw\audio\4IixOTCzviJgIigKleiVbo.wav,
7y9iMe8SOB6z3NoHE2OfXl,Bad At Love,Halsey,xdYFuCp3m9k,Halsey - Bad At Love (Official Music Video),success,1,data\raw\audio\7y9iMe8SOB6z3NoHE2OfXl.wav,
0T1tCsZ2qPRf6fwphjlNPM,Sober,Hudson Westbrook,hRyxZfz8gPE,Hudson Westbrook - Sober (Official Music Video),success,1,data\raw\audio\0T1tCsZ2qPRf6fwphjlNPM.wav,
3anaHXs7z8NwLUatPxqJlE,Amen,Shaboozey,BDXaaR-IgBU,Shaboozey - Amen (Official Lyric Video) ft. Jelly Roll,success,1,data\raw\audio\3anaHXs7z8NwLUatPxqJlE.wav,
5uhxL7UwvTMV6FSCTpKcjc,Leavin's The Least I Could Do,Morgan Wallen,2cS0qCwBuHk,Morgan Wallen - Leavin's The Least I Could Do (Lyric Video),success,1,data\raw\audio\5uhxL7UwvTMV6FSCTpKcjc.wav,
7aURTqVzpZxkJfboCvGc69,LiveLeak,Ken Carson,RKN4NTPGJxY,Ken Carson - LiveLeak (Audio),success,1,data\raw\audio\7aURTqVzpZxkJfboCvGc69.wav,
2ZWlPOoWh0626oTaHrnl2a,Ivy,Frank Ocean,AE005nZeF-A,Frank Ocean - Ivy,success,1,data\raw\audio\2ZWlPOoWh0626oTaHrnl2a.wav,
56BtPjjWiRc0ch7DH8DNu9,Trap Jump,Ken Carson,gn5MDOd-6H4,Ken Carson - Trap Jump (Audio),success,1,data\raw\audio\56BtPjjWiRc0ch7DH8DNu9.wav,
1qbmS6ep2hbBRaEZFpn7BX,Man I Need,Olivia Dean,JGKgbmz_gcU,Olivia Dean - Man I Need (Lyric Video),success,1,data\raw\audio\1qbmS6ep2hbBRaEZFpn7BX.wav,
4sLvxpKLvagQ4lZHUpymza,Big Poe,"Tyler, The Creator",LmRd4x8D8cY,"Tyler, The Creator - Big Poe",success,1,data\raw\audio\4sLvxpKLvagQ4lZHUpymza.wav,
01p5urrGw5fuFCcfT7PBgc,GO BABY,Justin Bieber,cfhRITCzKGE,Justin Bieber - GO BABY (Audio),success,1,data\raw\audio\01p5urrGw5fuFCcfT7PBgc.wav,
72PVbRKkUimweUPV0nKAPs,ALL I CAN TAKE,Justin Bieber,ogVL5Hdh8Po,Justin Bieber - ALL I CAN TAKE (Audio),success,1,data\raw\audio\72PVbRKkUimweUPV0nKAPs.wav,
2SsY5k7UWFqgye3PUMG3Oq,The Subway,Chappell Roan,woLfAvD5iXI,Chappell Roan - The Subway (Official Music Video),success,1,data\raw\audio\2SsY5k7UWFqgye3PUMG3Oq.wav,
1qyw5wSUkEvH8DtaCdx7Lg,Go Go Juice,Sabrina Carpenter,uCNr2iCgSPs,Sabrina Carpenter - Go Go Juice (Official Lyric Video),success,1,data\raw\audio\1qyw5wSUkEvH8DtaCdx7Lg.wav,
3RXUgPNIbUgFxsDWuBQEt6,How It’s Done,HUNTR/X,QGsevnbItdU,"""How It's Done"" Official Lyric Video | KPop Demon Hunters | Sony Animation",success,1,data\raw\audio\3RXUgPNIbUgFxsDWuBQEt6.wav,
6xV7Be6XEvkSnighmh2Tzj,Sugar On My Tongue,"Tyler, The Creator",ljHdccyQbT4,SUGAR ON MY TONGUE (Official Video),success,1,data\raw\audio\6xV7Be6XEvkSnighmh2Tzj.wav,
0je57Uq5eTk1wrPzn9sWbl,When Did You Get Hot?,Sabrina Carpenter,bnhV-OBnGCE,Sabrina Carpenter - When Did You Get Hot? (Official Lyric Video),success,2,data\raw\audio\0je57Uq5eTk1wrPzn9sWbl.wav,
0LutvoC2HqCfnaRSjrhtzo,WALKING AWAY,Justin Bieber,sbF2O_LOyyQ,Justin Bieber - WALKING AWAY (Audio),success,1,data\raw\audio\0LutvoC2HqCfnaRSjrhtzo.wav,
0M7mWKqwTIaVjYyxfZmtTa,"Courtesy Of The Red, White And Blue (The Angry American)",Toby Keith,ruNrdmjcNTc,"Toby Keith - Courtesy Of The Red, White And Blue (The Angry American) (Official Music Video)",success,1,data\raw\audio\0M7mWKqwTIaVjYyxfZmtTa.wav,
3WgFhZfyk5nb6v7hkwPmD4,Mommanem,"Tyler, The Creator",67v_tF21db0,"Tyler, The Creator - Mommanem (Lyrics)",success,2,data\raw\audio\3WgFhZfyk5nb6v7hkwPmD4.wav,
21IVPfi81m6ywNgOvqTj1i,Don’t Worry I’ll Make You Worry,Sabrina Carpenter,soKG9DDv3_A,Sabrina Carpenter - Don't Worry I'll Make You Worry (Official Lyric Video),success,1,data\raw\audio\21IVPfi81m6ywNgOvqTj1i.wav,
1j8TmNa6vaFAEAws43kP0Q,THINGS YOU DO,Justin Bieber,-VsIU-7cPeQ,Justin Bieber - THINGS YOU DO (Audio),success,1,data\raw\audio\1j8TmNa6vaFAEAws43kP0Q.wav,
5FMyXeZ0reYloRTiCkPprT,Which One,Drake,9-dEHfSCZUQ,Which One,success,1,data\raw\audio\5FMyXeZ0reYloRTiCkPprT.wav,
6wkYQMrFfb0huLB5Qn19Iv,We Almost Broke Up Again Last Night,Sabrina Carpenter,v-iMcsxhp-g,Sabrina Carpenter - We Almost Broke Up Again Last Night (Official Lyric Video),success,1,data\raw\audio\6wkYQMrFfb0huLB5Qn19Iv.wav,
4gfrYDtaRmp6HPvN80V2ob,I Got Better,Morgan Wallen,lHDSh5kuqVI,Morgan Wallen - I Got Better (Lyric Video),success,1,data\raw\audio\4gfrYDtaRmp6HPvN80V2ob.wav,
1PdUyYYw9sGU0yhLrpeHKt,Never Getting Laid,Sabrina Carpenter,mljWcXuCoH4,Sabrina Carpenter - Never Getting Laid (Official Lyric Video),success,1,data\raw\audio\1PdUyYYw9sGU0yhLrpeHKt.wav,
2BkTPMr1v6Fr6JJwc4V7R5,Strategy,TWICE,h5CwaVjF_78,"TWICE ""Strategy"" Choreography Video (Moving ver.)",success,1,data\raw\audio\2BkTPMr1v6Fr6JJwc4V7R5.wav,
7D0RhFcb3CrfPuTJ0obrod,Sparks,Coldplay,Ar48yzjn1PE,Coldplay - Sparks,success,1,data\raw\audio\7D0RhFcb3CrfPuTJ0obrod.wav,
3AD73lKeY2c9JhsHRqWkOw,KICK OUT,Travis Scott,lqRo0r36nRw,Travis Scott - KICK OUT (Official Audio),success,1,data\raw\audio\3AD73lKeY2c9JhsHRqWkOw.wav,
5cfsQZEFf1IpQr8F9vI9le,BUTTERFLIES,Justin Bieber,ncX3ue51GFg,Justin Bieber - BUTTERFLIES (Audio),success,1,data\raw\audio\5cfsQZEFf1IpQr8F9vI9le.wav,
1Y373MqadDRtclJNdnUXVc,Paranoid - 2012 - Remaster,Black Sabbath,WfmXJuurKH8,Paranoid (2012 Remaster),success,1,data\raw\audio\1Y373MqadDRtclJNdnUXVc.wav,
0qRR9d89hIS0MHRkQ0ejxX,Rich Girl,Daryl Hall & John Oates,AmHE65RAkSY,Daryl Hall & John Oates - Rich Girl (Official Audio),success,1,data\raw\audio\0qRR9d89hIS0MHRkQ0ejxX.wav,
3cZajhyr8LmtPfHZ9296tj,No Broke Boys,Disco Lines,nS-fOh1CfhQ,Disco Lines & Tinashe - No Broke Boys (Official Audio),success,1,data\raw\audio\3cZajhyr8LmtPfHZ9296tj.wav,
2J051fjLklkoPbzOoTAACZ,"Sally, When The Wine Runs Out",ROLE MODEL,WBEfPsp_TAA,"ROLE MODEL - Sally, When The Wine Runs Out (Lyric Video)",success,1,data\raw\audio\2J051fjLklkoPbzOoTAACZ.wav,
5dUCixiCL0CcIUdlgUl1ct,Oneida,Tyler Childers,3828dlfLtDc,Tyler Childers - Oneida (Audio),success,1,data\raw\audio\5dUCixiCL0CcIUdlgUl1ct.wav,
42T2QQv3xgBlpQxaSP7lnK,One Last Breath,Creed,hwR6teRhmlc,Creed - One Last Breath (Official Audio),success,2,data\raw\audio\42T2QQv3xgBlpQxaSP7lnK.wav,
1Iw5iLfAwDvS6frI82gMoV,End Of Summer,Tame Impala,mWCE6IGafeI,Tame Impala - End Of Summer (Lyrics),success,1,data\raw\audio\1Iw5iLfAwDvS6frI82gMoV.wav,
4eLDmhsJW3JoZTXCAozHor,Loco,Neton Vega,HDl0r2xJ7uE,Neton Vega - Loco (Video Lyric),success,1,data\raw\audio\4eLDmhsJW3JoZTXCAozHor.wav,
7Ar4G7Ci11gpt6sfH9Cgz5,Listen to the Music,The Doobie Brothers,DkytJLoxGmQ,Doobie Brothers - Listen To The Music • TopPop,success,1,data\raw\audio\7Ar4G7Ci11gpt6sfH9Cgz5.wav,
2x3mwb96B6TquRqMtbxUE1,Actually Romantic,Taylor Swift,FnEg1RgmqO4,Taylor Swift - Actually Romantic (Lyric Video),success,1,data\raw\audio\2x3mwb96B6TquRqMtbxUE1.wav,
5eXgqtg3T8Av0m1FUaGHex,The Life of a Showgirl,Taylor Swift,OU6362Nggg0,Taylor Swift - The Life of a Showgirl (Feat. Sabrina Carpenter) (Lyric Video),success,1,data\raw\audio\5eXgqtg3T8Av0m1FUaGHex.wav,
1jgTiNob5cVyXeJ3WgX5bL,Elizabeth Taylor,Taylor Swift,7X5iDKPrZH0,Taylor Swift - Elizabeth Taylor (Lyric Video),success,1,data\raw\audio\1jgTiNob5cVyXeJ3WgX5bL.wav,
5ylJtmaWPJ33cW3En7WOu0,Wood,Taylor Swift,6m50keINEOI,Taylor Swift - Wood (Lyric Video),success,1,data\raw\audio\5ylJtmaWPJ33cW3En7WOu0.wav,
2RkZ5LkEzeHGRsmDqKwmaJ,Ordinary,Alex Warren,A8dH4cKGa6s,Alex Warren - Ordinary (Official Lyric Video),success,1,data\raw\audio\2RkZ5LkEzeHGRsmDqKwmaJ.wav,
03bTIHJElXZ0O0jqOQvAbY,Father Figure,Taylor Swift,98SmlWOKuME,Taylor Swift - Father Figure (Lyric Video),success,1,data\raw\audio\03bTIHJElXZ0O0jqOQvAbY.wav,
62V2ZHslgQV98gH4AuVXnr,Ruin The Friendship,Taylor Swift,WQCPl5rTMDQ,Taylor Swift - Ruin The Friendship (Lyric Video),success,1,data\raw\audio\62V2ZHslgQV98gH4AuVXnr.wav,
47ohYW8e7dxCYn9qbUMBCI,Christmas (Baby Please Come Home),Darlene Love,4EvZOXEoJ84,Darlene Love - Christmas (Baby Please Come Home) (Official Audio),success,1,data\raw\audio\47ohYW8e7dxCYn9qbUMBCI.wav,
3XsaSIPWvM61RIFfeb0BBR,White Christmas - 1947 Version,Bing Crosby,Us4x4zYnErU,White Christmas (1947 Version),success,1,data\raw\audio\3XsaSIPWvM61RIFfeb0BBR.wav,
4qmFC3Jz5aQ0erlk2OSi2X,Honey,Taylor Swift,4-EzK5UB40U,Taylor Swift - Honey (Lyric Video),success,1,data\raw\audio\4qmFC3Jz5aQ0erlk2OSi2X.wav,
7scFxt9VhL4FJwuPSfRlfN,Choosin' Texas,Ella Langley,hLOheGDwD_0,Ella Langley - Choosin' Texas (Official Lyric Video),success,1,data\raw\audio\7scFxt9VhL4FJwuPSfRlfN.wav,
2OZVskV28xxJjjhQqKTLSg,PIXELATED KISSES,Joji,SblNBrgLdvo,Joji - PIXELATED KISSES (Visualizer),success,1,data\raw\audio\2OZVskV28xxJjjhQqKTLSg.wav,
0InIeZW4P6VO7dUGRM4AKH,Sienna,The Marías,EiS7cKfuf6w,The Marías - Sienna (Visualizer),success,1,data\raw\audio\0InIeZW4P6VO7dUGRM4AKH.wav,
5o0hD6Bs6RdyZxfYBoEEc8,No Good Deed,Cynthia Erivo,6vgUsEa5FMs,Wicked: For Good The Soundtrack - No Good Deed (Official Lyric Video),success,1,data\raw\audio\5o0hD6Bs6RdyZxfYBoEEc8.wav,
42VUCXerQ5qTr4Qp6PhKo4,Tears,Sabrina Carpenter,Vgoic6l5YTU,Sabrina Carpenter - Tears (Lyrics),success,1,data\raw\audio\42VUCXerQ5qTr4Qp6PhKo4.wav,
1Wf14bTyb6UeKojy8ykPYm,Happy Holiday / The Holiday Season,Andy Williams,oZ5cmrz-mrU,Andy Williams - Happy Holiday / The Holiday Season (Official Audio),success,1,data\raw\audio\1Wf14bTyb6UeKojy8ykPYm.wav,
48axmFD7PUPnTOdSFMYrvj,WHO I WAS,NF,J7nwTWxdJbw,"NF, mgk - WHO I WAS (Audio)",success,1,data\raw\audio\48axmFD7PUPnTOdSFMYrvj.wav,
4Yg2w0P29BBBMixyeNjDtj,Do They Know It's Christmas? - 1984 Version,Band Aid,_hvOXJ8VD9o,Do They Know It's Christmas？ 1984 Version · Band Aid,success,1,data\raw\audio\4Yg2w0P29BBBMixyeNjDtj.wav,
57Z6TJCTMACXxdrcwZ3Zvf,Phantom,EsDeeKid,hmdzniMJOZs,EsDeeKid & Rico Ace - Phantom,success,1,data\raw\audio\57Z6TJCTMACXxdrcwZ3Zvf.wav,
2Nig1jX8uBu3LdSSUrm7Fp,GIVE ME A REASON,NF,ljh8Uo2tLQ0,NF - GIVE ME A REASON (Audio),success,1,data\raw\audio\2Nig1jX8uBu3LdSSUrm7Fp.wav,
4rMNgxEwGWoPHIUcvB5BrB,It Will Rain,Bruno Mars,W-w3WfgpcGg,Bruno Mars - It Will Rain (Official Music Video),success,1,data\raw\audio\4rMNgxEwGWoPHIUcvB5BrB.wav,
5UWwZ5lm5PKu6eKsHAGxOk,Everlong,Foo Fighters,hq0rZ3IiyWw,Foo Fighters - Everlong,success,1,data\raw\audio\5UWwZ5lm5PKu6eKsHAGxOk.wav,
3EMfeKtNK4q4k3sVjwg5Yy,My Man on Willpower,Sabrina Carpenter,KbzNB2sRnVQ,Sabrina Carpenter - My Man on Willpower (Official Lyric Video),success,1,data\raw\audio\3EMfeKtNK4q4k3sVjwg5Yy.wav,
0O4vuJynWVVdyvoHvZtnk3,Christmas Canon,Trans-Siberian Orchestra,Cm-WAIyBO1A,Trans-Siberian Orchestra - Christmas Canon (Official Audio),success,1,data\raw\audio\0O4vuJynWVVdyvoHvZtnk3.wav,
5T0mnzMsyHtmWB7Kou51Ph,Gorgeous,Doja Cat,nBJRaflBDBg,Doja Cat - Gorgeous (Official Video),success,1,data\raw\audio\5T0mnzMsyHtmWB7Kou51Ph.wav,
53iuhJlwXhSER5J2IYYv1W,The Fate of Ophelia,Taylor Swift,rbmdfEQODOw,Taylor Swift - The Fate of Ophelia (Lyric Video),success,1,data\raw\audio\53iuhJlwXhSER5J2IYYv1W.wav,
6sGIMrtIzQjdzNndVxe397,So Easy (To Fall In Love),Olivia Dean,FX1_FXlKxXY,Olivia Dean - So Easy (To Fall In Love) (Lyric Video),success,1,data\raw\audio\6sGIMrtIzQjdzNndVxe397.wav,
59D4DOkspUbWyMmbAPQkxZ,VOY A LLeVARTE PA PR,Bad Bunny,X2MGCIDOMZ4,BAD BUNNY - VOY A LLeVARTE PA PR (Visualizer) | DeBÍ TiRAR MáS FOToS,success,1,data\raw\audio\59D4DOkspUbWyMmbAPQkxZ.wav,
7N3d1hsZZpmmnovfAtnVFU,Porch Light,Noah Kahan,hQSO9vFXnBU,Noah Kahan - Porch Light (Official Lyric Video),success,1,data\raw\audio\7N3d1hsZZpmmnovfAtnVFU.wav,
3xClevycpBON8bkyxFbAna,Taste Back,Harry Styles,PHHue4WIxXw,Harry Styles - Taste Back (Official Lyric Video),success,1,data\raw\audio\3xClevycpBON8bkyxFbAna.wav,
0FlcmZ13DGRmscCroro9GO,Body,Don Toliver,Y92toVGxfqs,Don Toliver - Body [Official Visualizer],success,1,data\raw\audio\0FlcmZ13DGRmscCroro9GO.wav,
2gYTC8DsplN3RNdpdBcCOQ,Die On This Hill,SIENNA SPIRO,pxC9NhXv_1M,SIENNA SPIRO - Die On This Hill (NYC Visualizer),success,2,data\raw\audio\2gYTC8DsplN3RNdpdBcCOQ.wav,
3THVfoVD5kdCxPviVaCPi7,Internet Girl,KATSEYE,5q9EjSUovc4,“Internet Girl” Visualizer | KATSEYE,success,1,data\raw\audio\3THVfoVD5kdCxPviVaCPi7.wav,
67Ar9BnEeB5FU5vQBYhbGe,Be By You,Luke Combs,x10Eo-yoLTA,Luke Combs - Be By You (Official Lyric Video),success,1,data\raw\audio\67Ar9BnEeB5FU5vQBYhbGe.wav,
5ViLKrbyL3HD6wsq3AB9eI,White Keys,Dominic Fike,Cz200209hOs,white keys,success,1,data\raw\audio\5ViLKrbyL3HD6wsq3AB9eI.wav,
1CPZ5BxNNd0n0nF4Orb9JS,Golden,HUNTR/X,yebNIHKAC4A,“Golden” Official Lyric Video | KPop Demon Hunters | Sony Animation,success,1,data\raw\audio\1CPZ5BxNNd0n0nF4Orb9JS.wav,
57ENogEkvFsU7Wmt3lvQMG,Two Six,J. Cole,ygNeTdJetdA,J. Cole - Two Six (Official Audio),success,1,data\raw\audio\57ENogEkvFsU7Wmt3lvQMG.wav,
4Z5KKoBGxpJo8YbDcGQXd5,Secondhand,Don Toliver,iHLsnHMVXck,Secondhand (feat. Rema),success,1,data\raw\audio\4Z5KKoBGxpJo8YbDcGQXd5.wav,
2A22iI0x4EYAVXNpKPhNEM,weren't for the wind,Ella Langley,sV_8fFSGUyI,Ella Langley - weren't for the wind (Official Visualizer),success,1,data\raw\audio\2A22iI0x4EYAVXNpKPhNEM.wav,
7s7v5EoNLD6TwDu4Nw51Oy,Are You Listening Yet?,Harry Styles,BSiX4JFVIuc,Harry Styles - Are You Listening Yet? (Official Lyric Video),success,1,data\raw\audio\7s7v5EoNLD6TwDu4Nw51Oy.wav,
1sVBT215CDmVJvfy1E2OCU,God Was Showing Off,Bruno Mars,iXh6Cjp1wvY,Bruno Mars - God Was Showing Off [Official Audio],success,1,data\raw\audio\1sVBT215CDmVJvfy1E2OCU.wav,
6DH13QYXK7lKkYHSU88N48,Who Knows,Daniel Caesar,glscfhJyZHo,Daniel Caesar - Who Knows (Official Lyric Video),success,1,data\raw\audio\6DH13QYXK7lKkYHSU88N48.wav,
75FEaRjZTKLhTrFGsfMUXR,Running Up That Hill (A Deal With God),Kate Bush,wp43OdtAAkM,Kate Bush - Running Up That Hill - Official Music Video,success,1,data\raw\audio\75FEaRjZTKLhTrFGsfMUXR.wav,
03tqyYWC9Um2ZqU0ZN849H,No Hands,Waka Flocka Flame,DeX3Tss3AqE,Waka Flocka Flame - No Hands (feat. Roscoe Dash and Wale) | Lyrics,success,1,data\raw\audio\03tqyYWC9Um2ZqU0ZN849H.wav,
4jyyma8YdFC4S4llusSFRu,butterflies.,Brent Faiyaz,ndrlynZUP-g,Brent Faiyaz - butterflies. [Official Visualizer],success,1,data\raw\audio\4jyyma8YdFC4S4llusSFRu.wav,
13HD3tYTiz8oSRxWzXEq7g,Be Her,Ella Langley,Dg47eNL_Usw,Ella Langley - Be Her (Official Video),success,1,data\raw\audio\13HD3tYTiz8oSRxWzXEq7g.wav,
7eqoqGkKwgOaWNNHx90uEZ,Nights,Frank Ocean,r4l9bFqgMaQ,Frank Ocean - Nights,success,1,data\raw\audio\7eqoqGkKwgOaWNNHx90uEZ.wav,
3QuRLv8zkIYH31O5VgEpmo,Carla's Song,Harry Styles,JmpxAej67qc,Harry Styles - Carla's Song (Official Lyric Video),success,1,data\raw\audio\3QuRLv8zkIYH31O5VgEpmo.wav,
4ThbwJaIWVxXZ1qJaHQBCz,Travelin' Soldier,Cody Johnson,pV10xYc45ds,Cody Johnson - Travelin' Soldier (Studio Visualizer),success,1,data\raw\audio\4ThbwJaIWVxXZ1qJaHQBCz.wav,
3kUHIvjJ8p9UzeaeeqHkfg,The Fall-Off is Inevitable,J. Cole,wceWDLBkoAk,J. Cole - The Fall-Off is Inevitable (Official Audio),success,1,data\raw\audio\3kUHIvjJ8p9UzeaeeqHkfg.wav,
2hnMS47jN0etwvFPzYk11f,Santeria,Sublime,AEYN5w4T_aM,Sublime - Santeria (Official Music Video),success,1,data\raw\audio\2hnMS47jN0etwvFPzYk11f.wav,
58q2HKrzhC3ozto2nDdN4z,I Like It,Cardi B,U4fErC9skHE,"Cardi B, Bad Bunny & J Balvin - I Like It [Official Audio]",success,1,data\raw\audio\58q2HKrzhC3ozto2nDdN4z.wav,
1LzNfuep1bnAUR9skqdHCK,Fade Into You,Mazzy Star,ImKY6TZEyrI,Mazzy Star - Fade Into You (Official Music Video),success,1,data\raw\audio\1LzNfuep1bnAUR9skqdHCK.wav,
0EqH5Wz93cJtfUGv3vtQPY,29 Intro,J. Cole,uuUIkr8Rb0E,J. Cole - 29 Intro (Official Audio),success,1,data\raw\audio\0EqH5Wz93cJtfUGv3vtQPY.wav,
2wAJTrFhCnQyNSD3oUgTZO,Work Out,J. Cole,W5hSdGt2M8w,J. Cole – Work Out (Official Music Video),success,1,data\raw\audio\2wAJTrFhCnQyNSD3oUgTZO.wav,
3pAVk6Ydn0dcGpG8gDyxSJ,Hell At Night,BigXthaPlug,bh0vMfbncgo,BigXthaPlug - Hell At Night feat. Ella Langley (Official Lyric Video),success,1,data\raw\audio\3pAVk6Ydn0dcGpG8gDyxSJ.wav,
41v5ExDEEEvJsWAPo91aoj,Slicked Back,Zach Bryan,S3MdV0847AA,Zach Bryan - Slicked Back,success,1,data\raw\audio\41v5ExDEEEvJsWAPo91aoj.wav,
0iKo4pNNjHHdKUcFARlfCa,EL CLúB,Bad Bunny,xDWLZ8ML52k,BAD BUNNY - EL CLúB (Visualizer) | DeBÍ TiRAR MáS FOToS,success,1,data\raw\audio\0iKo4pNNjHHdKUcFARlfCa.wav,
55wlsNYqcfiQsHuX8l0jmF,Make Them Cry,Drake,uxNuuys19XE,Make Them Cry,success,1,data\raw\audio\55wlsNYqcfiQsHuX8l0jmF.wav,
55pBIZO1cqoldeqpp5WR7H,the cure,Olivia Rodrigo,UbbrZTfjkdk,Olivia Rodrigo - the cure (Lyric Video),success,1,data\raw\audio\55pBIZO1cqoldeqpp5WR7H.wav,
7J1uxwnxfQLu4APicE5Rnj,Billie Jean,Michael Jackson,Zi_XLOBDo_Y,Michael Jackson - Billie Jean (Official Video),success,1,data\raw\audio\7J1uxwnxfQLu4APicE5Rnj.wav,
4kX7xkopoXZCfE1D6fNwl2,honeybee,Olivia Rodrigo,60rlboK94mE,Olivia Rodrigo - honeybee (Lyric Video),success,2,data\raw\audio\4kX7xkopoXZCfE1D6fNwl2.wav,
3B4cjvGlPvyBLNG3AzEgkZ,E85,Don Toliver,7GwLnsVUwHY,Don Toliver - E85 [Official Visualizer],success,1,data\raw\audio\3B4cjvGlPvyBLNG3AzEgkZ.wav,
4Ilw2lD6z4WBqh65vUUZUf,my way,Olivia Rodrigo,aSWBaZi7UYc,Olivia Rodrigo - my way (Lyric Video),success,1,data\raw\audio\4Ilw2lD6z4WBqh65vUUZUf.wav,
514joG57v4yKTsfQmz7stz,Janice STFU,Drake,SD4yRDY9mek,Drake - Janice STFU,success,1,data\raw\audio\514joG57v4yKTsfQmz7stz.wav,
61rwYQu9An4QWrcCUyFUyq,I Can't Love You Anymore,Ella Langley,A3G_7XgK2B4,Ella Langley & Morgan Wallen - I Can’t Love You Anymore (Official Lyric Video),success,1,data\raw\audio\61rwYQu9An4QWrcCUyFUyq.wav,
3cLCA9LSb6UiOeNvTZoaav,Plot Twist,Drake,QW29Ly55Kvs,Drake - Plot Twist,success,1,data\raw\audio\3cLCA9LSb6UiOeNvTZoaav.wav,
53qkszfgztIvkFyF31GfdQ,Dreams - 2001 Remaster,Fleetwood Mac,5oWyMakvQew,Dreams (2004 Remaster),success,1,data\raw\audio\53qkszfgztIvkFyF31GfdQ.wav,
46eu3SBuFCXWsPT39Yg3tJ,Don't Stop 'Til You Get Enough - Single Version,Michael Jackson,DkjwyAk2GRw,Don't Stop 'Til You Get Enough,success,1,data\raw\audio\46eu3SBuFCXWsPT39Yg3tJ.wav,
6f68Ac5tt5BQOpwr0BV9oN,I Just Might,Bruno Mars,mrV8kK5t0V8,Bruno Mars - I Just Might [Official Music Video],success,1,data\raw\audio\6f68Ac5tt5BQOpwr0BV9oN.wav,
4rECUI03C2RMqr5GYvqjlJ,Haircut,Noah Kahan,-F9r_QF9a1c,Noah Kahan - Haircut (Official Lyric Video),success,1,data\raw\audio\4rECUI03C2RMqr5GYvqjlJ.wav,
3EnTGnmNu1TDEcpbbTajuo,23,Noah Kahan,lb1vTKizJkc,Noah Kahan - 23 (Official Lyric Video),success,1,data\raw\audio\3EnTGnmNu1TDEcpbbTajuo.wav,
2SaWT781xr3hHLdbVt5DB7,Freakin’ Out,Dexter and The Moonrocks,Sf73y9GrJ4I,Dexter and The Moonrocks - Freakin’ Out (Official Music Video),success,1,data\raw\audio\2SaWT781xr3hHLdbVt5DB7.wav,
4KmkJjHTNlr1jFY56Lyz4E,PINKY UP,KATSEYE,8g7VclWsiaM,"""PINKY UP"" MV (Choreography Ver.) | KATSEYE",success,1,data\raw\audio\4KmkJjHTNlr1jFY56Lyz4E.wav,
0AcgKF7kbSoCkh3n7vlHwK,Dirty Diana - 2012 Remaster,Michael Jackson,8vJ1Ka6wwJk,Michael Jackson-Dirty Diana (Remaster 2012),success,1,data\raw\audio\0AcgKF7kbSoCkh3n7vlHwK.wav,
6J5kc12BW5HuP3d7C3vvx8,EoO,Bad Bunny,myDIeOjqQos,BAD BUNNY - EoO (Visualizer) | DeBÍ TiRAR MáS FOToS,success,1,data\raw\audio\6J5kc12BW5HuP3d7C3vvx8.wav,
2009X8GyWTqyxIdzAEYW6N,The One That Got Away,Katy Perry,8iytVJ3o2eA,The One That Got Away - Katy Perry (Lyrics),success,1,data\raw\audio\2009X8GyWTqyxIdzAEYW6N.wav,
70LcF31zb1H0PyJoS1Sx1r,Creep,Radiohead,XFkzRNyygfk,Radiohead - Creep,success,1,data\raw\audio\70LcF31zb1H0PyJoS1Sx1r.wav,
4bWZz15GR1EE8E8x23rDWV,PUNCH DRUNK,Kanye West,H8bOPB65z3Q,YE - PUNCH DRUNK,success,1,data\raw\audio\4bWZz15GR1EE8E8x23rDWV.wav,
6Qyc6fS4DsZjB2mRW9DsQs,Iris,The Goo Goo Dolls,xK4ZqrLys_k,Goo Goo Dolls - Iris,success,1,data\raw\audio\6Qyc6fS4DsZjB2mRW9DsQs.wav,
1rIKgCH4H52lrvDcz50hS8,Lush Life,Zara Larsson,tD4HCZe-tew,Zara Larsson - Lush Life (Official Video),success,1,data\raw\audio\1rIKgCH4H52lrvDcz50hS8.wav,
0gEyKnHvgkrkBM6fbeHdwK,Linger,The Cranberries,G6Kspj3OO0s,The Cranberries - Linger (4K Official Music Video),success,1,data\raw\audio\0gEyKnHvgkrkBM6fbeHdwK.wav,
0EsJdOSOrBfTo816lWRW4Q,Outside Tweaking,Drake,zzsB6K2YHfk,Outside Tweaking,success,1,data\raw\audio\0EsJdOSOrBfTo816lWRW4Q.wav,
5T7ywazdGIydr6JCW6t02j,Smooth Criminal - 2012 Remaster,Michael Jackson,mWGNEHGhkn4,Smooth Criminal (Remastered Radio Edit),success,1,data\raw\audio\5T7ywazdGIydr6JCW6t02j.wav,
2XHzzp1j4IfTNp1FTn7YFg,Love Me,Lil Wayne,X_uoq5xCaFc,Love Me,success,1,data\raw\audio\2XHzzp1j4IfTNp1FTn7YFg.wav,
5r5cp9IpziiIsR6b93vcnQ,Walking On A Dream,Empire Of The Sun,eimgRedLkkU,Empire Of The Sun - Walking On A Dream (Official Music Video),success,1,data\raw\audio\5r5cp9IpziiIsR6b93vcnQ.wav,
33KU9huHP1Lv1UWWVkuTYd,Impostor Syndrome,Sidney Gish,GwSSrwryxN0,Impostor Syndrome,success,1,data\raw\audio\33KU9huHP1Lv1UWWVkuTYd.wav,
0IjdXwCEhZR7JIwq6Za8j5,Jane!,The Long Faces,fyvJ2wCTpas,The Long Faces - Jane! (Lyrics),success,1,data\raw\audio\0IjdXwCEhZR7JIwq6Za8j5.wav,
22NHkFYbgxB2Zirj29Gbp8,oh yeah?,Steve Lacy,yGHEis32s2Y,Steve Lacy - oh yeah? (Visualizer),success,1,data\raw\audio\22NHkFYbgxB2Zirj29Gbp8.wav,
3fRCAPMMZ8l8P9YKI6OCzD,drop dead,Olivia Rodrigo,t_OyQhiqXgA,Olivia Rodrigo - drop dead (Lyric Video),success,1,data\raw\audio\3fRCAPMMZ8l8P9YKI6OCzD.wav,
5DZOKNtaoVEssXu9ltcMjx,oh well,Ariana Grande,_lKbPBS5HEQ,Ariana Grande - oh well (official visualizer),success,1,data\raw\audio\5DZOKNtaoVEssXu9ltcMjx.wav,
36idurZmYRjJ56KQ8JD9bN,Boston,STELLA LEFTY,v2ttAph6PhM,Stella Lefty - Boston (Lyric Video),success,1,data\raw\audio\36idurZmYRjJ56KQ8JD9bN.wav,
3xwMjQriBVW0OGEvNKo9c0,Been By Now,Morgan Wallen,6q5F7UUiXK0,Morgan Wallen - Been By Now (Lyric Video),success,1,data\raw\audio\3xwMjQriBVW0OGEvNKo9c0.wav,
49j6SvuvWfbEKZKzsHCdLJ,stupid song,Olivia Rodrigo,ngyaXb9BohU,Olivia Rodrigo - stupid song (Lyric Video),success,1,data\raw\audio\49j6SvuvWfbEKZKzsHCdLJ.wav,
3d1oTMjtfVySbAYQp3v4MU,like i do,Ariana Grande,4U4jJKH7VLc,Ariana Grande - like i do (official visualizer),success,1,data\raw\audio\3d1oTMjtfVySbAYQp3v4MU.wav,
7bxaFZ1O3cHkgLKMsdC3xR,Loser,Tame Impala,s3a4OQR-10M,Tame Impala - Loser (Official Video),success,1,data\raw\audio\7bxaFZ1O3cHkgLKMsdC3xR.wav,
6De8sirPzVyAoBDlQpcutY,misery.,pupsies,MzYO6_ld3LA,pupsies ‘misery.’ (Official Lyric Video),success,1,data\raw\audio\6De8sirPzVyAoBDlQpcutY.wav,
55srcWA7TioKV0LZVNXltY,never get over me,Ariana Grande,BeoL2D-37I4,Ariana Grande - never get over me (official visualizer),success,1,data\raw\audio\55srcWA7TioKV0LZVNXltY.wav,
02HyFYmpzt02VJ8k0CqxKj,Ain't In LA,ADÉLA,K0CLc_zOWYc,Ain't In LA,success,1,data\raw\audio\02HyFYmpzt02VJ8k0CqxKj.wav,
6QhsCYcFdfyMbPWCiViI8K,freak,Ariana Grande,yCpXjLibQZw,Ariana Grande - freak (official visualizer),success,1,data\raw\audio\6QhsCYcFdfyMbPWCiViI8K.wav,
5fdhThPDe6jQQDqCyWrdAn,Jolene,Dolly Parton,Ixrje2rXLMA,Dolly Parton - Jolene (Official Audio),success,1,data\raw\audio\5fdhThPDe6jQQDqCyWrdAn.wav,
5qqabIl2vWzo9ApSC317sa,Wonderwall - Remastered,Oasis,FVdjZYfDuLE,Wonderwall (Remastered),success,1,data\raw\audio\5qqabIl2vWzo9ApSC317sa.wav,
1VOSSXuWRcBj2rpfxNdX9v,Broken Window Serenade,Whiskey Myers,XOeSwMKYQH4,"Whiskey Myers ""Broken Window Serenade""",success,2,data\raw\audio\1VOSSXuWRcBj2rpfxNdX9v.wav,
79RJg6MqIJlBuedcMqB9F0,My Body Isn't Ready,sombr,WjnsaO-q3BE,sombr - My Body Isn't Ready (lyric video),success,1,data\raw\audio\79RJg6MqIJlBuedcMqB9F0.wav,
05ZACkzW8YbRq3eFgIfSNB,Springsteen,Eric Church,l2gGXlW6wSY,Eric Church - Springsteen (Official Music Video),success,1,data\raw\audio\05ZACkzW8YbRq3eFgIfSNB.wav,
5BZsQlgw21vDOAjoqkNgKb,DAISIES,Justin Bieber,msGuqelopMA,Justin Bieber - DAISIES (Audio),success,2,data\raw\audio\5BZsQlgw21vDOAjoqkNgKb.wav,
0dOg1ySSI7NkpAe89Zo0b9,Born in the U.S.A.,Bruce Springsteen,EPhWR4d3FJQ,Bruce Springsteen - Born in the U.S.A. (Official Video),success,1,data\raw\audio\0dOg1ySSI7NkpAe89Zo0b9.wav,
1qRV1dKLOfH1s00b9J2LUQ,Midnight Sun,Zara Larsson,uvY8fdgezLQ,Zara Larsson - Midnight Sun (Official Music Video),success,1,data\raw\audio\1qRV1dKLOfH1s00b9J2LUQ.wav,
1KGi9sZVMeszgZOWivFpxs,No Scrubs,TLC,18SwG-kep7s,No Scrubs,success,1,data\raw\audio\1KGi9sZVMeszgZOWivFpxs.wav,
7yq4Qj7cqayVTp3FF9CWbm,Riptide,Vance Joy,uJ_1HMAGb4k,Vance Joy - 'Riptide' Official Video,success,1,data\raw\audio\7yq4Qj7cqayVTp3FF9CWbm.wav,
3iEUDvanZwQhLCIqUmCR7N,The Spins,Mac Miller,mkGT1c98soU,Mac Miller - The Spins,success,2,data\raw\audio\3iEUDvanZwQhLCIqUmCR7N.wav,
4sIFi8LpJWPvI5xviWFyA6,D>E>A>T>H>M>E>T>A>L,Panchiko,3dPvWnEpJJI,DEATHMETAL,success,4,data\raw\audio\4sIFi8LpJWPvI5xviWFyA6.wav,
0COqiPhxzoWICwFCS4eZcp,Bring Me To Life,Evanescence,3YxaaGgTQYM,Evanescence - Bring Me To Life (Official HD Music Video) ft. Paul McCoy,success,1,data\raw\audio\0COqiPhxzoWICwFCS4eZcp.wav,
5Ctzx0mMiUPAu9JqbAOY9n,Be Like a Woman,Chris Rainbow,VV8v5tCB_ME,Chris Rainbow - Be Like a Woman (HQ),success,1,data\raw\audio\5Ctzx0mMiUPAu9JqbAOY9n.wav,
2FZcjBYK4dTt48q94pJbJD,Bass Persuades,Miley Cyrus,GAtI5ENY65g,Miley Cyrus - Bass Persuades (Lyrics),success,1,data\raw\audio\2FZcjBYK4dTt48q94pJbJD.wav,
3eZcmEO0X0nsfV8E3NZelo,Take Me Back (Leave Me There),Cody Johnson,Q0yHma6LkMs,Cody Johnson - Take Me Back (Leave Me There) [Audio],success,1,data\raw\audio\3eZcmEO0X0nsfV8E3NZelo.wav,
5ihS6UUlyQAfmp48eSkxuQ,Landslide,Fleetwood Mac,nbW5fX5rfi8,Landslide (2004 Remaster),success,1,data\raw\audio\5ihS6UUlyQAfmp48eSkxuQ.wav,
6DoUDG1GJrJf6eGQLUBBnm,Ahí,KAROL G,pq7iByc9CYs,"KAROL G, Drake - Ahí (Visualizer)",success,1,data\raw\audio\6DoUDG1GJrJf6eGQLUBBnm.wav,
7ujApz6iFP3PmKIDGcaGbe,Great Expectation,SIENNA SPIRO,B452TVVco2Q,SIENNA SPIRO - Great Expectation (Official Music Video),success,1,data\raw\audio\7ujApz6iFP3PmKIDGcaGbe.wav,
0GONea6G2XdnHWjNZd6zt3,Summer Of '69,Bryan Adams,9f06QZCVUHg,Bryan Adams - Summer Of 69 (Official Music Video),success,1,data\raw\audio\0GONea6G2XdnHWjNZd6zt3.wav,
3hxIUxnT27p5WcmjGUXNwx,Shut up My Moms Calling,Hotel Ugly,J4ANQfaf_gc,Hotel Ugly - Shut Up My Moms Calling (Lyrics),success,1,data\raw\audio\3hxIUxnT27p5WcmjGUXNwx.wav,
5wANPM4fQCJwkGd4rN57mH,drivers license,Olivia Rodrigo,2PRvp-mP_q0,Olivia Rodrigo - drivers license (Lyric Video),success,1,data\raw\audio\5wANPM4fQCJwkGd4rN57mH.wav,
2z9iLlNBt1aLZUCFgXby97,CÓ CHẮC YÊU LÀ ĐÂY,Sơn Tùng M-TP,6t-MjBazs3o,SƠN TÙNG M-TP | CÓ CHẮC YÊU LÀ ĐÂY | OFFICIAL MUSIC VIDEO,success,1,data\raw\audio\2z9iLlNBt1aLZUCFgXby97.wav,
0d6dbFvKczX1Us3J7TsMMv,Lỡ Say Bye Là Bye,Changg,bqUped2yw5E,「Lyrics」Lỡ Say Bye Là Bye - Lemese x Changg x 1 9 6 7,success,1,data\raw\audio\0d6dbFvKczX1Us3J7TsMMv.wav,
6IAqflHsPVm4EpYghXauX7,Sinh Ra Đã Là Thứ Đối Lập Nhau,Emcee L (Da LAB),redFrGBZoJY,Sinh Ra Đã Là Thứ Đối Lập Nhau - Emcee L (Da LAB) ft. Badbies (Official MV),success,1,data\raw\audio\6IAqflHsPVm4EpYghXauX7.wav,
50cmxP6KlnQA9IG3q5ckKD,Mascara,Chillies,ntEoGvhoVac,Mascara - Chillies x BLAZE  [OFFICIAL MUSIC VIDEO],success,1,data\raw\audio\50cmxP6KlnQA9IG3q5ckKD.wav,
1J3SmWwlYAG68LGKr86MVH,Chúng Ta Của Hiện Tại,Sơn Tùng M-TP,Z8pMSslQpKM,CHÚNG TA CỦA HIỆN TẠI | SƠN TÙNG M-TP | AUDIO,success,1,data\raw\audio\1J3SmWwlYAG68LGKr86MVH.wav,
5Ojsg9xR0wlTpDIW1qLYz2,Đom Đóm,Jack - J97,DCOfrrA36sk,Đom Đóm - Jack [Lyrics video],success,1,data\raw\audio\5Ojsg9xR0wlTpDIW1qLYz2.wav,
1fh5Sf3fFESFOS8D82RQiI,từ thích thích thành thương thương,AMEE,t9suPxglykA,từ thích thích thành thương thương - AMEE & Hoàng Dũng | official lyric video,success,1,data\raw\audio\1fh5Sf3fFESFOS8D82RQiI.wav,
3pyHABNUu0QxeyH1x8p7yf,Gặp Nhưng Không Ở Lại,Hiền Hồ,dZ0ryALfs3Y,Gặp Nhưng Không Ở Lại - Hiền Hồ Ft. Vương Anh Tú | Official Lyrics Video,success,1,data\raw\audio\3pyHABNUu0QxeyH1x8p7yf.wav,
014DA3BdnmD3kI5pBogH7c,Cứ Chill Thôi,Chillies,LZN4I3K8SC0,Cứ Chill Thôi - Chillies (Official Music Video) ft. Suni Hạ Linh & Rhymastic,success,1,data\raw\audio\014DA3BdnmD3kI5pBogH7c.wav,
6B1Io9VDzMAmwFjrplDJw8,từ chối nhẹ nhàng thôi,Bích Phương,h23OBd1VZsg,Bích Phương - từ chối nhẹ nhàng thôi (liu riu version),success,1,data\raw\audio\6B1Io9VDzMAmwFjrplDJw8.wav,
1pQHqk6qWM5xbNeobMCGBZ,Dân Chơi Xóm,RAP VIỆT,C53HeQnpV68,"Dân Chơi Xóm (feat. Justatee, RPT MCK)",success,1,data\raw\audio\1pQHqk6qWM5xbNeobMCGBZ.wav,
25edeHHueINMguqu9emCyV,Lối Nhỏ,Đen,KKc_RMln5UY,Đen - Lối Nhỏ ft. Phương Anh Đào (M/V),success,1,data\raw\audio\25edeHHueINMguqu9emCyV.wav,
4TfH2Syxsx2cAJShY8u6bT,Anh Luôn Là Lý Do,ERIK,1PQU1n6nMq8,"ERIK - ""Anh Luôn Là Lý Do"" (Official MV)",success,1,data\raw\audio\4TfH2Syxsx2cAJShY8u6bT.wav,
249gnXrbfmV8NG6jTEMSwD,Life Goes On,BTS,-5q5mZbe3V8,BTS (방탄소년단) 'Life Goes On' Official MV,success,1,data\raw\audio\249gnXrbfmV8NG6jTEMSwD.wav,
0f5yQttJS5nNxRAleF4kZO,Hãy Trao Cho Anh,Sơn Tùng M-TP,knW7-x7Y7RE,SƠN TÙNG M-TP | HÃY TRAO CHO ANH ft. Snoop Dogg | Official MV,success,1,data\raw\audio\0f5yQttJS5nNxRAleF4kZO.wav,
2dEpaH5nsfnzU61LQ9rJuH,Hoa Nở Không Màu,Hoài Lâm,ZsdMeb0c53E,Hoa Nở Không Màu,success,1,data\raw\audio\2dEpaH5nsfnzU61LQ9rJuH.wav,
4yAJOZ8ZBAKfXCI20hsVjf,Lời Đường Mật,Unknown Artist,uHi33Jbes1k,LYLY x HIEUTHUHAI x NICK - LỜI ĐƯỜNG MẬT [Audio],success,1,data\raw\audio\4yAJOZ8ZBAKfXCI20hsVjf.wav,
4TyQKEifYDWTfTSRwpxlYI,Bông Hoa Đẹp Nhất,Quân A.P,e2Xx7WcvEns,QUÂN A.P - BÔNG HOA ĐẸP NHẤT [OFFICIAL LYRICS VIDEO],success,1,data\raw\audio\4TyQKEifYDWTfTSRwpxlYI.wav,
1PSmJr2mHzDjYXrKvQPKb0,nàng thơ... trời giấu trời mang đi,AMEE,QHDkHZPHzC0,Trời Giấu Trời Mang Đi,success,1,data\raw\audio\1PSmJr2mHzDjYXrKvQPKb0.wav,
4Wdwvi2C5MD8zDi9Kg3x4X,Chúng Ta Sau Này,T.R.I,3_r2HxQDtUI,T.R.I - Chúng Ta Sau Này... #CTSN (Official M/V Lyrics),success,1,data\raw\audio\4Wdwvi2C5MD8zDi9Kg3x4X.wav,
42mIT9wfmgA48DTN8GmCxX,Giá Như,Chillies,TDLGo7nQmEA,Giá Như - Chillies (Official Music Video),success,1,data\raw\audio\42mIT9wfmgA48DTN8GmCxX.wav,
2rbDhOo9Fh61Bbu23T2qCk,Always Remember Us This Way,Lady Gaga,5vheNbQlsyU,Lady Gaga - Always Remember Us This Way (from A Star Is Born) (Official Music Video),success,2,data\raw\audio\2rbDhOo9Fh61Bbu23T2qCk.wav,
0OrwGH9aeguhopTVubv0VZ,tonight,demxntia,hjgdRt6yUa4,demxntia - tonight [OFFICIAL MUSIC VIDEO],success,1,data\raw\audio\0OrwGH9aeguhopTVubv0VZ.wav,
2wVDWtLKXunswWecARNILj,SOLO,JENNIE,b73BI9eUkjM,JENNIE - 'SOLO' M/V,success,1,data\raw\audio\2wVDWtLKXunswWecARNILj.wav,
3yWacnoBnM0lrzLmXAk44d,"Em Không Sai, Chúng Ta Sai",ERIK,vsxGKRrxgHk,"ERIK - 'Em Không Sai, Chúng Ta Sai' (Official Lyric Video)",success,1,data\raw\audio\3yWacnoBnM0lrzLmXAk44d.wav,
4z5dAyLMnkKSHkOkwbR1RX,Trò Chơi,SOOBIN,rV5XsWEemFo,SOOBIN - Trò Chơi (Official Audio),success,1,data\raw\audio\4z5dAyLMnkKSHkOkwbR1RX.wav,
7wHBNIBO353lf9aVvmUydT,Cảm Ơn Và Xin Lỗi,Chillies,DQDu60-C-ns,[OST Thưa Mẹ Con Đi / Goodbye Mother] Cảm Ơn Và Xin Lỗi - Chillies,success,1,data\raw\audio\7wHBNIBO353lf9aVvmUydT.wav,
3ndCsZfq8OVwwkz9mmZvUz,Stay,BTS,evBAiaYal1o,Stay,success,1,data\raw\audio\3ndCsZfq8OVwwkz9mmZvUz.wav,
2OZTkXYCNbZS9TwPRy52Js,Đi Đu Đưa Đi,Bích Phương,ZF3b1nK-TjM,BÍCH PHƯƠNG - Đi Đu Đưa Đi (Official M/V),success,1,data\raw\audio\2OZTkXYCNbZS9TwPRy52Js.wav,
3XoflnowYPFRPOh3uFvHcm,Selfish Love,DJ Snake,ZFHGKyi7JgE,"DJ Snake, Selena Gomez - Selfish Love (Behind The Scenes)",success,1,data\raw\audio\3XoflnowYPFRPOh3uFvHcm.wav,
6BToHhGtbW8eMQFaEv0i2d,Như Ngày Hôm Qua,Sơn Tùng M-TP,YtkgtlfKaxM,Như Ngày Hôm Qua,success,2,data\raw\audio\6BToHhGtbW8eMQFaEv0i2d.wav,
6hUpxEKFSjS8metuA1yxlf,Vai Lan Don Dua,SOOBIN,vKiVbBE-qO8,Vài Lần Đón Đưa -  Soobin Hoàng Sơn ft Touliver (Lyrics on Screen),success,1,data\raw\audio\6hUpxEKFSjS8metuA1yxlf.wav,
6uxuJ8Fr1AAfSPJUF9N1yr,Bước Qua Mùa Cô Đơn,Vũ.,n6Pnzi6r9NU,BƯỚC QUA MÙA CÔ ĐƠN (Walking Through the Lonely Season) / Vũ. (Official MV),success,1,data\raw\audio\6uxuJ8Fr1AAfSPJUF9N1yr.wav,
5nD5PVXUkIpv0WcwfNFrgS,Khi Em Lớn,Orange,1Lh1E9voEsc,Orange x Hoàng Dũng - ‘Khi Em Lớn’ Official MV,success,1,data\raw\audio\5nD5PVXUkIpv0WcwfNFrgS.wav,
3wGx3gYPjECKZazGNuPEX2,Phải Chăng Em Đã Yêu?,Juky San,O81_4VAson4,JUKY SAN X REDT | PHẢI CHĂNG EM ĐÃ YÊU  | OFFICIAL MUSIC VIDEO,success,1,data\raw\audio\3wGx3gYPjECKZazGNuPEX2.wav,
1w3eUC89GPspKpi62tPwjt,Nàng Thơ,Hoàng Dũng,0SJAzTGh1SE,Nàng Thơ,success,1,data\raw\audio\1w3eUC89GPspKpi62tPwjt.wav,
1xoadYaxtOp9gHDwgmPDuz,Sài Gòn Hôm Nay Mưa,JSOL,a5CyXOKws9Y,SÀI GÒN HÔM NAY MƯA -  JSOL ft. HOÀNG DUYÊN | STAGE PERFORMANCE AT FAN MEETING 2024,success,1,data\raw\audio\1xoadYaxtOp9gHDwgmPDuz.wav,
7BoobGhD4x5K96Me0hqC8Q,Build a Bitch,Bella Poarch,o4evZ9foxBk,Bella Poarch - Build A B*tch (Official Lyric Video),success,1,data\raw\audio\7BoobGhD4x5K96Me0hqC8Q.wav,
63qZf6349d3ngku9hrzLac,The Playah (Special Performance),SOOBIN,d44UTUSTYKU,SOOBIN X SLIMV - THE PLAYAH (Special Performance / Official Music Video),success,1,data\raw\audio\63qZf6349d3ngku9hrzLac.wav,
0ClPIeT6MSgfSgQ9ZrJbAq,Cheating on You,Charlie Puth,fOoSbUoayQE,Charlie Puth - Cheating on You [Official Video],success,1,data\raw\audio\0ClPIeT6MSgfSgQ9ZrJbAq.wav,
27F22WcGDyl4Z2KylVJkXL,Đường Tôi Chở Em Về,buitruonglinh,OuNo8Tkb3lI,Đường Tôi Chở Em Về / buitruonglinh | Lyrics Video |,success,1,data\raw\audio\27F22WcGDyl4Z2KylVJkXL.wav,
7dJVE53hGAX9TcKH0abFic,Yêu Thầm,Hoàng Yến Chibi,2hJhVB2KJWw,Yêu Thầm (Official Lyric Video) - Hoàng Yến Chibi x Tlinh x TDK x Lyly,success,1,data\raw\audio\7dJVE53hGAX9TcKH0abFic.wav,
6iWPQ9xAYH3ZePu2Z209Y6,Chỉ Là Không Cùng Nhau (Live Version),Tăng Phúc,UqKVL56IJB8,TĂNG PHÚC ft TRƯƠNG THẢO NHI| CHỈ LÀ KHÔNG CÙNG NHAU (Nhạc Hoa Lời Việt) | Mây In The Nest 28.3.2021,success,2,data\raw\audio\6iWPQ9xAYH3ZePu2Z209Y6.wav,
4qJSUFwZFouto5VZUlln75,Thích Quá Rùi Nà,tlinh,p40OWOxAeSw,tlinh - Thích Quá Rùi Nà (ft. Trung Trần) | OFFICIAL LYRICS VIDEO,success,1,data\raw\audio\4qJSUFwZFouto5VZUlln75.wav,
4rPrBNnDgdZpS5gosHv0yr,để quên,Ngọt,W08NL1mchhs,Ngọt - để quên,success,2,data\raw\audio\4rPrBNnDgdZpS5gosHv0yr.wav,
696w9BHmEY62myVCSDyrYW,Có Em Đời Bỗng Vui,Chillies,AE3eD-XV4vg,Có Em Đời Bỗng Vui - Chillies (Official Video),success,1,data\raw\audio\696w9BHmEY62myVCSDyrYW.wav,
6jOP08e9PHDnoF3reZcePE,Qua Khung Cửa Sổ,Chillies,OmmbiyE-d4Q,Qua Khung Cửa Sổ - Chillies [Official Music Video],success,1,data\raw\audio\6jOP08e9PHDnoF3reZcePE.wav,
1HDrKXya87GMQfAGPlqNS9,Muốn Nói Với Em,T Team,gXwPxTUTOA4,"MUỐN NÓI VỚI EM - DT Tập Rap ft Mai Xuân Thứ  [Official MV] KIỀU MINH TUẤN , LÊ CHI, BLACKBI",success,1,data\raw\audio\1HDrKXya87GMQfAGPlqNS9.wav,
2QdH0rKlV3d9Y6lWzcnlBH,In the morning,ITZY,_ysomCGaZLw,"ITZY ""마.피.아. In the morning"" M/V @ITZY",success,1,data\raw\audio\2QdH0rKlV3d9Y6lWzcnlBH.wav,
1CyYcBdukmFjFibDZaDlHc,To The Moon,hooligan.,nmKTlmByng0,hooligan. - To The Moon (Official Lyric Video),success,1,data\raw\audio\1CyYcBdukmFjFibDZaDlHc.wav,
79xFFmGKtEyky0I2G9U9Jg,yêu thì yêu không yêu thì yêu,AMEE,54IsuFlIQwA,yêu thì yêu không yêu thì yêu,success,1,data\raw\audio\79xFFmGKtEyky0I2G9U9Jg.wav,
2FWBdovgRvBSzA1JESUe0D,Làm Gì Phải Hốt,JustaTee,8dJfisqsAow,Làm gì phải Hốt - JustaTee x Hoàng Thùy Linh x Đen (Shrimp Mix),success,1,data\raw\audio\2FWBdovgRvBSzA1JESUe0D.wav,
0MMyJUC3WNnFS1lit5pTjk,"jealousy, jealousy",Olivia Rodrigo,Z-9gQjUZMm0,"Olivia Rodrigo - jealousy, jealousy (Lyric Video)",success,1,data\raw\audio\0MMyJUC3WNnFS1lit5pTjk.wav,
6UelLqGlWMcVH1E5c4H7lY,Watermelon Sugar,Harry Styles,7-x3uD5z1bQ,Harry Styles - Watermelon Sugar (Official Audio),success,1,data\raw\audio\6UelLqGlWMcVH1E5c4H7lY.wav,
6PLNoijWdc3dWqc1KKjv73,Đâu Cần Một Bài Ca Tình Yêu,Tiên Tiên,qusmHT5vNuw,OFFICIAL MV - ĐÂU CẦN MỘT BÀI CA TÌNH YÊU - TIÊN TIÊN x TRANG,success,1,data\raw\audio\6PLNoijWdc3dWqc1KKjv73.wav,
4vfhartd7HDWGJbdVIycEu,Muộn Rồi Mà Sao Còn,Sơn Tùng M-TP,xypzmu5mMPY,SƠN TÙNG M-TP | MUỘN RỒI MÀ SAO CÒN | OFFICIAL MUSIC VIDEO,success,1,data\raw\audio\4vfhartd7HDWGJbdVIycEu.wav,
1EmMFSLRVkOszCa4ul9z0F,3107 3,W/N,kfw7MYah2n0,"W/n - 3107 3 ( Official Video ) ft. 267, Nâu, Duongg,",success,1,data\raw\audio\1EmMFSLRVkOszCa4ul9z0F.wav,
2XjbfQQZlPwOMTmJR2RLfC,Happy For You,Lukas Graham,Sfqt2KtSj-Q,Lukas Graham - Happy For You (Official Video With Lyrics),success,1,data\raw\audio\2XjbfQQZlPwOMTmJR2RLfC.wav,
6B4AdZzwagId7wvWeJEkiq,Độ Tộc 2,Độ Mixi,VSfDxphKpzc,ĐỘ TỘC 2,success,1,data\raw\audio\6B4AdZzwagId7wvWeJEkiq.wav,
1mKDbug8bbfDmLe7I4CJpe,Gác Lại Âu Lo,Da LAB,ECxVfrwwTp0,Gác lại âu lo - Da LAB ft. Miu Lê (Official MV),success,1,data\raw\audio\1mKDbug8bbfDmLe7I4CJpe.wav,
4Iz5EWPCAT8jYNk4IpLoll,Dù Cho Mai Về Sau,buitruonglinh,B5uoHay4abs,Dù cho mai về sau,success,1,data\raw\audio\4Iz5EWPCAT8jYNk4IpLoll.wav,
0e8nrvls4Qqv5Rfa2UhqmO,THATS WHAT I WANT,Lil Nas X,QDYDRA5JPLE,Lil Nas X - THATS WHAT I WANT (Official Video),success,1,data\raw\audio\0e8nrvls4Qqv5Rfa2UhqmO.wav,
6TD5xfffOnYHliuF1wzL6U,Sài Gòn Đau Lòng Quá,Hứa Kim Tuyền,K3Xd87lpF9w,Sài Gòn Đau Lòng Quá,success,1,data\raw\audio\6TD5xfffOnYHliuF1wzL6U.wav,
5uyNAX6MazVAjBjVeOsTvp,3 1 0 7,W/N,V5GS5ANG96M,"W/n - 3 1 0 7 ( Official Video ) ft. Nâu, Duongg",success,1,data\raw\audio\5uyNAX6MazVAjBjVeOsTvp.wav,
2sp32rIevQhpbo0Z4aQzoe,My Universe - Instrumental,Coldplay,_tx86dX1MJ8,Coldplay X BTS - My Universe (INSTRUMENTAL),success,1,data\raw\audio\2sp32rIevQhpbo0Z4aQzoe.wav,
6Fbsn9471Xd0vVsMWwhePh,Tháng Mấy Em Nhớ Anh?,Hà Anh Tuấn,RHaLpXUSUYk,Tháng Mấy Em Nhớ Anh?,success,1,data\raw\audio\6Fbsn9471Xd0vVsMWwhePh.wav,
2Gazl1MAVX8vmo8E659Vq8,Real Love,My Anh,htheCvaLiJ8,MỸ ANH x KHẮC HƯNG  - REAL LOVE | LYRICS VIDEO,success,1,data\raw\audio\2Gazl1MAVX8vmo8E659Vq8.wav,
1Ov37jtRQ2YNAe8HzfczkL,Wildest Dreams (Taylor's Version),Taylor Swift,CUr_UwUUXzU,Taylor Swift - Wildest Dreams (Taylor’s Version) (Official Audio),success,1,data\raw\audio\1Ov37jtRQ2YNAe8HzfczkL.wav,
2m6Ko3CY1qXNNja8AlugNc,Angel Baby,Troye Sivan,IR-6KE8C4VQ,Troye Sivan - Angel Baby (Official Video),success,1,data\raw\audio\2m6Ko3CY1qXNNja8AlugNc.wav,
7LVrrX8pkzI9fMF88nGabt,Đi Về Nhà,Đen,vTJdVE_gjI0,Đen x JustaTee - Đi Về Nhà (M/V),success,1,data\raw\audio\7LVrrX8pkzI9fMF88nGabt.wav,
149BxWeweaCqmsyedkNiiE,Wrecked,Imagine Dragons,4mJayYlfcWo,Imagine Dragons - Wrecked (Lyric Video),success,1,data\raw\audio\149BxWeweaCqmsyedkNiiE.wav,
0J2otOvMdg62gVMMjwOvSK,Hoa Hải Đường,Jack - J97,6CH18rlrLY8,Hoa Hải Đường - Jack - J97 / Audio Lyrics Video,success,1,data\raw\audio\0J2otOvMdg62gVMMjwOvSK.wav,
5Vv7AuoyX4aFz8zcztSwMB,baby i told u,MONSTAR,DDAx3GSapj8,baby i told u,success,1,data\raw\audio\5Vv7AuoyX4aFz8zcztSwMB.wav,
2qnnREp8mFVipaEoUlw9ya,Hai Triệu Năm,Đen,LSMDNL4n0kM,Đen - hai triệu năm ft. Biên (m/v),success,1,data\raw\audio\2qnnREp8mFVipaEoUlw9ya.wav,
4iLqG9SeJSnt0cSPICSjxv,Attention,Charlie Puth,nfs8NYg7yQM,Charlie Puth - Attention [Official Video],success,1,data\raw\audio\4iLqG9SeJSnt0cSPICSjxv.wav,
7skGrIrRzO0APhASzAKfNi,Gu - Cukak Remix,Freaky,VI47bTJaMe4,Gu - Freaky ft. Seachains「Cukak Remix」/ Audio Lyrics,success,1,data\raw\audio\7skGrIrRzO0APhASzAKfNi.wav,
7bmk1GEufZOrycr3HXZGN2,Sickerrr,Suboi,IiCY63rMns8,Suboi - SICKERRR (Official Audio),success,1,data\raw\audio\7bmk1GEufZOrycr3HXZGN2.wav,
7DF8lvLdV3htIbuTWpc7lR,Girl Of My Dreams,Juice WRLD,MvGdQ03mHrc,Juice WRLD - Girl Of My Dreams (with Suga from BTS) [Official Audio],success,1,data\raw\audio\7DF8lvLdV3htIbuTWpc7lR.wav,
6Vx29sLFwzT8yvRhzP2Fge,Lời Nói Dối Sau Nụ Cười,K-ICM,5_3AXdQPKu0,LỜI NÓI DỐI SAU NỤ CƯỜI | ICM | OFFICIAL MUSIC VIDEO,success,1,data\raw\audio\6Vx29sLFwzT8yvRhzP2Fge.wav,
10IfXtjKQmOiON7tNAHv0y,Yours,Jin,o0RjCnJWLC4,Yours,success,1,data\raw\audio\10IfXtjKQmOiON7tNAHv0y.wav,
5T6j0rfpCDBzAxC8Fpd0N7,An Thần,Low G,wKiSIO6Tffo,An Thần,success,1,data\raw\audio\5T6j0rfpCDBzAxC8Fpd0N7.wav,
6aeU5IH8DB1qHK5jRFTNUv,Hương,Văn Mai Hương,VGP9rtItrEg,VĂN MAI HƯƠNG - HƯƠNG ft. NEGAV (Album 'hương') | Official Audio,success,1,data\raw\audio\6aeU5IH8DB1qHK5jRFTNUv.wav,
4KLmT1bU7eyEBe35FzEjbd,Chim Quý Trong Lồng,K-ICM,encbrlR-aMs,Chim Quý Trong Lồng,success,1,data\raw\audio\4KLmT1bU7eyEBe35FzEjbd.wav,
6iXGivPFpsqKmrINhIbPvx,Buồn Thì Cứ Khóc Đi,Lynk Lee,X-GCJwz4PnY,Buồn Thì Cứ Khóc Đi - Lynk Lee | Official MV,success,1,data\raw\audio\6iXGivPFpsqKmrINhIbPvx.wav,
6MCJdudhQY41K3IhluuNuq,Một Chiều Mưa Bất Ngờ,K-ICM,WZiYNLTb_n0,MỘT CHIỀU MƯA BẤT NGỜ - ICM x RYO | OFFICIAL MUSIC VIDEO,success,1,data\raw\audio\6MCJdudhQY41K3IhluuNuq.wav,
5Bti0azlFhMattVY76qFr9,Lạ Lùng,Vũ.,F5tS5m86bOI,LẠ LÙNG (Strange) / Vũ. (Original),success,1,data\raw\audio\5Bti0azlFhMattVY76qFr9.wav,
2e0b6AaC1Abz5mFyCS3fXY,Tình Là Gì Đây Em Ơi,K-ICM,Yzx1d_J_UwY,TÌNH LÀ GÌ ĐÂY EM ƠI - ICM | OFFICIAL MUSIC VIDEO,success,1,data\raw\audio\2e0b6AaC1Abz5mFyCS3fXY.wav,
7aonAWn0J0AJ47ZU9WHCXC,INFERNO,Sub Urban,c1sOsg3vtA8,Bella Poarch - Inferno (Official Lyric Video),success,1,data\raw\audio\7aonAWn0J0AJ47ZU9WHCXC.wav,
7JWa8tcjothiOfTVUUbuzL,Không Muốn Một Mình,Vicky Nhung,bmfuO57FQWo,VICKY NHUNG - KHÔNG MUỐN MỘT MÌNH (OFFICIAL MV) | PROD. KICM | cameo VŨ THỊNH x FANNY,success,1,data\raw\audio\7JWa8tcjothiOfTVUUbuzL.wav,
1r9xUipOqoNwggBpENDsvJ,Enemy,Imagine Dragons,IOrbP1OqNsg,Enemy (from the series Arcane League of Legends),success,1,data\raw\audio\1r9xUipOqoNwggBpENDsvJ.wav,
6bXmKNVe9YIjoyDbz04nWg,Freaky Squad,Rhymastic,N4a9Db9_ijc,SPACESPEAKERS - FREAKY SQUAD (OFFICIAL MUSIC VIDEO),success,1,data\raw\audio\6bXmKNVe9YIjoyDbz04nWg.wav,
2axlAOp86SPuqSBlwLw4WM,101520,RAP VIỆT,QDXszKiPfQw,"101520 (feat. Sol7, prettyXIX)",success,1,data\raw\audio\2axlAOp86SPuqSBlwLw4WM.wav,
7oBUoEbCDF748UkHnLusUB,Chuyện Rằng,Thịnh Suy,akgNYX8i9Xs,Thịnh Suy - CHUYỆN RẰNG (Official Music Video),success,1,data\raw\audio\7oBUoEbCDF748UkHnLusUB.wav,
0SmQ0UWeiHKQtxUej4Rem6,Tháng Năm,SOOBIN,FJ8T7tJ9hRE,SOOBIN - Tháng Năm (Official Audio),success,1,data\raw\audio\0SmQ0UWeiHKQtxUej4Rem6.wav,
4vGEfBrpiM4zfYzSyPpysX,Phi Hành Gia,Renja,7GKlN5Kp9pU,Phi Hành Gia (feat. Sugar Cane & Kain),success,1,data\raw\audio\4vGEfBrpiM4zfYzSyPpysX.wav,
0pQ67Kp2kED4ISy1ieGPEq,Ghé Qua,TaynguyenSound,W2FRMzCuPzY,Ghé Qua - Dick x Tofu x PC [Official Audio],success,1,data\raw\audio\0pQ67Kp2kED4ISy1ieGPEq.wav,
3LlEZ4J1ORcgP1WmTF9pIX,Nói Dối,Pháo,3SP-LAn6Yyw,"Pháo Northside - NÓI DỐI ft. @HIEUTHUHAIOFFICIAL ,Tùng Sax,Megazetz (Official Audio)",success,1,data\raw\audio\3LlEZ4J1ORcgP1WmTF9pIX.wav,
73mVGNhTlRQBod01zh3M0s,"Tell Ur Mom II - Gii, Hiderway Remix",Winno,oJKKcbPOSEA,Winno - Tell Ur Mom II ft. Heily (Official Lyric Video),success,1,data\raw\audio\73mVGNhTlRQBod01zh3M0s.wav,
6bGMSP3H9YqkmaLnaJTIoF,Hold On,Adele,yoHS2T32Z5o,Adele - Hold On (Official Lyric Video),success,1,data\raw\audio\6bGMSP3H9YqkmaLnaJTIoF.wav,
2o4dDfLK6NVI7TjBm5VoMv,Yêu Một Người Có Lẽ,Lou Hoàng,QVNkxMJd7u4,Yêu Một Người Có Lẽ - Lou Hoàng - Miu Lê (Lyric Video)| Miu Lê Official,success,1,data\raw\audio\2o4dDfLK6NVI7TjBm5VoMv.wav,
75NgcOsgURBLTPpRzAsxp0,Tháng 4 Là Lời Nói Dối Của Em - Live Version,Hà Anh Tuấn,ib0UEUcHKUE,Hà Anh Tuấn | Tháng Tư Là Lời Nói Dối Của Em (The Veston Concert),success,1,data\raw\audio\75NgcOsgURBLTPpRzAsxp0.wav,
3mmLyEhphJAaW7hyEXAD8l,Some,BOL4,hZmoMyFXDoI,[MV] BOL4(볼빨간사춘기) _ Some(썸 탈꺼야),success,1,data\raw\audio\3mmLyEhphJAaW7hyEXAD8l.wav,
7KlTFTpy7dXLzr2NtLkvG6,Not Today,BTS,xomrqgZ9X_Y,BTS (방탄소년단) 'Not Today' Lyrics [Color Coded Han_Rom_Eng],success,1,data\raw\audio\7KlTFTpy7dXLzr2NtLkvG6.wav,
7jLSThU5Kg1RWt19Leiaxm,Chìm Sâu,RPT MCK,Yw9Ra2UiVLw,Chìm Sâu - RPT MCK (feat. Trung Trần) | Official Lyrics Video,success,1,data\raw\audio\7jLSThU5Kg1RWt19Leiaxm.wav,
0oSNOJEcBIKNcQzRc5TfyR,Blood Sweat & Tears,BTS,enuVmdqz8Aw,BTS (방탄소년단) - 피 땀 눈물 (Blood Sweat & Tears) [AUDIO],success,1,data\raw\audio\0oSNOJEcBIKNcQzRc5TfyR.wav,
3IA9LkBEVhJDOxOnh1nf8a,Butter (Holiday Remix),BTS,yE1kpjX-hd8,BTS (방탄소년단) - Butter (Holiday Remix) (Audio),success,1,data\raw\audio\3IA9LkBEVhJDOxOnh1nf8a.wav,
5Msoarj5hk9LguTtiIyqug,Ngày Đầu Tiên,Đức Phúc,R6aQJWWWTy4,Ngày Đầu Tiên,success,1,data\raw\audio\5Msoarj5hk9LguTtiIyqug.wav,
5SE57ljOIUJ1ybL9U6CuBH,DNA,BTS,SxAvr92fRg4,DNA,success,1,data\raw\audio\5SE57ljOIUJ1ybL9U6CuBH.wav,
5H7UgZQk2p5x4nmeuDjmE4,Đau Nhất Là Lặng Im,ERIK,D80QnP0iRBo,ERIK - Đau Nhất Là Lặng Im (Official Music Video),success,3,data\raw\audio\5H7UgZQk2p5x4nmeuDjmE4.wav,
3r9FFjLrAIQjoR8pSHVPC9,Outro : Ego,BTS,-yi8cxXwIqg,J-hope - Outro : Ego (Audio),success,1,data\raw\audio\3r9FFjLrAIQjoR8pSHVPC9.wav,
54UNNgtE3zzERwTuWSQLqd,có hẹn với thanh xuân,MONSTAR,HXzRlUL1cF0,có hẹn với thanh xuân,success,1,data\raw\audio\54UNNgtE3zzERwTuWSQLqd.wav,
2Nib4r0saYQf2pUV4RFDhl,Interlude : Shadow,BTS,7O7BrjT2wqk,SUGA - Interlude : Shadow (Audio),success,1,data\raw\audio\2Nib4r0saYQf2pUV4RFDhl.wav,
0X5tCYwiVldeDynbhBshTl,Hẹn Kiếp Tương Phùng,K-ICM,88lVxdqfho0,HẸN KIẾP TƯƠNG PHÙNG | ICM ft. Long Nón Lá (Live Performance),success,1,data\raw\audio\0X5tCYwiVldeDynbhBshTl.wav,
2tg8L2ls1k19B2SvRKBnJh,Hẹn Ước Từ Hư Vô - Live,Mỹ Tâm,dL9bMyUr3jU,MỸ TÂM | Hẹn Ước Từ Hư Vô (Lễ Trao giải Làn Sóng Xanh 2022),success,1,data\raw\audio\2tg8L2ls1k19B2SvRKBnJh.wav,
0bTmdKwQ8xb0Xbvizt2GMy,Một Khi Đã Yêu,K-ICM,bWPHS5d-7P8,MỘT KHI ĐÃ YÊU | ICM FT. RYO | OFFICIAL M/V,success,1,data\raw\audio\0bTmdKwQ8xb0Xbvizt2GMy.wav,
0wZq5TnD0ooJ3q4GVDTLjd,Xuân Hy Vọng,K-ICM,G8O-bcX5G34,XUÂN HY VỌNG | K-ICM FT. RYO | (Music Không Quảng Cáo),success,1,data\raw\audio\0wZq5TnD0ooJ3q4GVDTLjd.wav,
0dcnrLo8s1rhjm8euGjI4n,DARARI,TREASURE,KbXRZn_pcvg,TREASURE (트레저) '다라리 (DARARI)' M/V,success,1,data\raw\audio\0dcnrLo8s1rhjm8euGjI4n.wav,
4I2ne5vm5LJmrXAfqgjAG4,Tình Ca Tình Ta,kis,R0jbjEX0dBY,'tình ca tình ta' - kis (official audio),success,1,data\raw\audio\4I2ne5vm5LJmrXAfqgjAG4.wav,
0IGUXY4JbK18bu9oD4mPIm,TOMBOY,i-dle,Jh4QFaPmdss,(G)I-DLE - 'TOMBOY' Official Music Video,success,1,data\raw\audio\0IGUXY4JbK18bu9oD4mPIm.wav,
7xNCacksfUkYXsXuSW4vNF,PS5,salem ilese,WRVonH0TTS8,salem ilese-  PS5 with TOMORROW X TOGETHER feat. Alan Walker (official music video),success,1,data\raw\audio\7xNCacksfUkYXsXuSW4vNF.wav,
3CeKc83EsgRPItgvlDHo5B,Head In The Clouds,Hayd,-uFQzcY7YHc,Hayd - Head In The Clouds (Official Video),success,1,data\raw\audio\3CeKc83EsgRPItgvlDHo5B.wav,
7rXcCpIAoOUCydkVDMcoPV,INVU,TAEYEON,AbZH7XWDW_k,TAEYEON 태연 'INVU' MV,success,1,data\raw\audio\7rXcCpIAoOUCydkVDMcoPV.wav,
18uwL0vNUanqZH0ro2QcOP,comethru,Jeremy Zucker,Yp4yF5hb89I,Jeremy Zucker - comethru (Official Audio),success,1,data\raw\audio\18uwL0vNUanqZH0ro2QcOP.wav,
40Ct4hvauHT2EDpik4eVuz,Xuân Xuân Ơi Xuân Đã Về,Bích Phương,YYI8hPAhKyM,Mùa Xuân Ơi,success,1,data\raw\audio\40Ct4hvauHT2EDpik4eVuz.wav,
4Ut6UU8Yyihz1jCZWSCQpu,Skit: Circle Room Talk,BTS,c34G_SRYo2c,Skit : Circle room talk,success,1,data\raw\audio\4Ut6UU8Yyihz1jCZWSCQpu.wav,
7k3ohP9ZiGfhL6yD8oIPfk,chẳng giống giáng sinh,Lu,7Bh8FOTNWAE,chẳng giống giáng sinh - Lu ft. Willistic & datfitzx (Official Visualizer),success,1,data\raw\audio\7k3ohP9ZiGfhL6yD8oIPfk.wav,
5b1PngLlxc7hj3fJXrE2Zm,Glitch Mode,NCT DREAM,oZP2h3WIzqk,NCT DREAM 엔시티 드림 '버퍼링 (Glitch Mode)' MV,success,1,data\raw\audio\5b1PngLlxc7hj3fJXrE2Zm.wav,
37GNTP4wB0QSkUwcTWLHKg,Fashion Tán Gái,Low G,0EdoqHgs37g,FASHION TÁN GÁI,success,1,data\raw\audio\37GNTP4wB0QSkUwcTWLHKg.wav,
0Sx4EKzhdNxFzquGRANPD3,Không Bằng - Rin Music Remix,Na,3D-ZoQE7NQQ,Không Bằng ( Rin Music Remix ) - Na | Nhạc Remix Cực Gây Nghiện,success,1,data\raw\audio\0Sx4EKzhdNxFzquGRANPD3.wav,
5Ss7wCp22FOAbfeg75KllJ,Chạy Về Nơi Phía Anh,Khắc Việt,EFq3j9BUeRI,Chạy Về Nơi Phía Anh - Khắc Việt,success,1,data\raw\audio\5Ss7wCp22FOAbfeg75KllJ.wav,
7rjtRM1AgmmraeTTX8tofW,THERE'S NO ONE AT ALL,Sơn Tùng M-TP,SAwtA921GvY,THERE'S NO ONE AT ALL,success,1,data\raw\audio\7rjtRM1AgmmraeTTX8tofW.wav,
6Hs2xIgB8nzyGFDvVA8lFa,Có Em,Madihu,DcCISK3sCYg,Madihu - Có em (Feat. Low G) [Official MV],success,1,data\raw\audio\6Hs2xIgB8nzyGFDvVA8lFa.wav,
1IthE5GNiRzFN5CVaCa445,Born Singer,BTS,TbjUXK2M5n8,Born Singer,success,1,data\raw\audio\1IthE5GNiRzFN5CVaCa445.wav,
04Mm3BineGdy0oNv8NivQT,Don't Break My Heart,Binz,x8NfGzO83DQ,BINZ x TOULIVER - DON'T BREAK MY HEART (Official Lyric Video),success,1,data\raw\audio\04Mm3BineGdy0oNv8NivQT.wav,
1MiJk3dXC5jzhvLFP0dUM7,Thức Giấc,Da LAB,R3trO4a49go,Thức Giấc - Da LAB (Official Music Video),success,1,data\raw\audio\1MiJk3dXC5jzhvLFP0dUM7.wav,
2QyOYFAxW2khNYee4yeT6r,Thiêu Thân,B Ray,cfbNtHNCMBo,B RAY x SOFIA & CHÂU ĐĂNG KHOA | THIÊU THÂN | OFFICIAL MV,success,1,data\raw\audio\2QyOYFAxW2khNYee4yeT6r.wav,
5ACySwUCY89mWH3u38WD9m,"Tệ Thật, Anh Nhớ Em",Thanh Hưng,PKqP8NkOMHo,"Tệ Thật, Anh Nhớ Em | Thanh Hưng | Official Lyric Video",success,1,data\raw\audio\5ACySwUCY89mWH3u38WD9m.wav,
4AgFXIVT7hVhBZ5DEOaLu3,tiny love,Thịnh Suy,Z7tiB0xMrZg,Thịnh Suy - tiny love,success,1,data\raw\audio\4AgFXIVT7hVhBZ5DEOaLu3.wav,
7M30L99pePlQ3wh8IxVUsD,With You - Instrumental,Jimin,b0HsXVdPDvY,With you (Inst.),success,1,data\raw\audio\7M30L99pePlQ3wh8IxVUsD.wav,
45Mswno1F7FoZkcmQkp7fi,Thích Em Hơi Nhiều,Wren Evans,6gO6qikDmuM,THÍCH EM HƠI NHIỀU,success,1,data\raw\audio\45Mswno1F7FoZkcmQkp7fi.wav,
4IaxDf2FixiQXq0mW7key9,ZOOM,Jessi,6j928wBZ_Bo,Jessi (제시) - 'ZOOM' MV,success,1,data\raw\audio\4IaxDf2FixiQXq0mW7key9.wav,
7kgzRBNkBRArtTPkYjWLYT,bao tiền một mớ bình yên?,14 Casper,vVhKA9Av6vA,'bao tiền một mớ bình yên?' - 14 Casper & Bon Nghiêm (Official) (Track 09 - Album 'SỐ KHÔNG'),success,1,data\raw\audio\7kgzRBNkBRArtTPkYjWLYT.wav,
0FOBJ5PbwOe5XBY9y0bnhi,BTBT,B.I,QdUb1scg-fE,B.I X Soulja Boy - BTBT (Lyrics) ft. DeVita,success,1,data\raw\audio\0FOBJ5PbwOe5XBY9y0bnhi.wav,
0x4cMbCLC6L7aJQs3EiPaZ,Look Here,BTS,2c-4g9GDrjk,BTS - Look Here (방탄소년단 - 여기 봐) [Color Coded Lyrics/Han/Rom/Eng/가사],success,1,data\raw\audio\0x4cMbCLC6L7aJQs3EiPaZ.wav,
5Fx8zxEEaPMkwzM00JFr3N,"Tự Sự - Original Soundtrack from ""Qua Bển Làm Chi""",Orange,C4QhZvTqhnI,Orange - Tự Sự ft. Thuận Nguyễn (Prod. by Châu Văn) l Qua Bển Làm Chi OST,success,1,data\raw\audio\5Fx8zxEEaPMkwzM00JFr3N.wav,
3NPWH2UbMjch2vnS7qMFGM,Past Lives,11:11 Music Group,QcUwYwLx2Xw,Past Lives,success,1,data\raw\audio\3NPWH2UbMjch2vnS7qMFGM.wav,
41aMYNen9G7uUbqLfV65cF,Tay To,Rapital,IDNotlBgP00,TAY TO,success,1,data\raw\audio\41aMYNen9G7uUbqLfV65cF.wav,
1J12HjUuXfJnaUdubTEzSR,Nghe Như Tình Yêu,HIEUTHUHAI,llf_L0i9OdA,HIEUTHUHAI - Nghe Như Tình Yêu (prod. by Kewtiie)  [Official Lyric Video],success,1,data\raw\audio\1J12HjUuXfJnaUdubTEzSR.wav,
7hzVxbVA6Y5t9YDzpSgdRS,Chạy Về Khóc Với Anh,ERIK,EBpp2VTSI2Q,ERIK - yêu đương khó quá thì CHẠY VỀ KHÓC VỚI ANH | Official Music Video,success,1,data\raw\audio\7hzVxbVA6Y5t9YDzpSgdRS.wav,
3DyHgXBOxAsKyy0diFTSOS,Not About Love,Khoi Vu,T5SpBJDIwjM,Hông về tình iu (Not About Love) - Khoi Vu (Official Lyrics Video),success,1,data\raw\audio\3DyHgXBOxAsKyy0diFTSOS.wav,
2oEi9mqbQFJSuS2Wny7bfp,Say You Do,Tiên Tiên,NJgXWBqSgPE,OFFICIAL MV - SAY YOU DO - TIÊN TIÊN,success,1,data\raw\audio\2oEi9mqbQFJSuS2Wny7bfp.wav,
2c0QMztYu6PCfFrGLqHXIV,Răng Khôn,Phí Phương Anh,Orv_t0KgEB8,PHÍ PHƯƠNG ANH ft. RIN9 | Răng Khôn | Official Music Video,success,1,data\raw\audio\2c0QMztYu6PCfFrGLqHXIV.wav,
73fFRs03s0gtjggfMW213L,Ngã Tư Không Đèn,TRANG,gq5rusq-u2s,TRANG x KHOA VŨ - 'Ngã Tư Không Đèn' (OFFICIAL MUSIC VIDEO),success,1,data\raw\audio\73fFRs03s0gtjggfMW213L.wav,
0xzI1KAr0Yd9tv8jlIk3sn,Bad Decisions,benny blanco,NhtmmcVyRMg,"benny blanco, BTS & Snoop Dogg - Bad Decisions (Official Visualizer)",success,1,data\raw\audio\0xzI1KAr0Yd9tv8jlIk3sn.wav,
2isSdmQfVv32j2haL6hk9x,Intro : Persona,BTS,FSR3SlPLZmQ,Intro : Persona,success,1,data\raw\audio\2isSdmQfVv32j2haL6hk9x.wav,
5iZHnufFUgATzrpGgH1K0W,Ánh Sao Và Bầu Trời,T.R.I,Q1Ge8RTgPD8,Ánh sao và bầu trời,success,1,data\raw\audio\5iZHnufFUgATzrpGgH1K0W.wav,
1Wwh6gmMeolwzbRzfZMY5b,Ready For Love,BLACKPINK,-Wduzor_Y1Q,BLACKPINK - ‘Ready For Love’ (Official Audio),success,1,data\raw\audio\1Wwh6gmMeolwzbRzfZMY5b.wav,
5mG5cQE6SEYxnGCX3I09IC,Vì Mẹ Anh Bắt Chia Tay,Miu Lê,S7ElVoYZN0g,VÌ MẸ ANH BẮT CHIA TAY | MIU LÊ x KARIK x CHÂU ĐĂNG KHOA | Official MV,success,1,data\raw\audio\5mG5cQE6SEYxnGCX3I09IC.wav,
3CqtQwaoQTdgDWLHyv7Twr,đứa nào làm em buồn?,Phuc Du,XSO42WZfdN8,Lyric Video | đứa nào làm em buồn? - Phúc Du ft. Hoàng Dũng,success,1,data\raw\audio\3CqtQwaoQTdgDWLHyv7Twr.wav,
04bm7NsIhRfTlLGDoKMEw8,Có Không Giữ Mất Đừng Tìm,Trúc Nhân,e-1JJNmb-3o,CÓ KHÔNG GIỮ MẤT ĐỪNG TÌM (Lyric Video) | TRÚC NHÂN,success,1,data\raw\audio\04bm7NsIhRfTlLGDoKMEw8.wav,
5KYv3kORBKUmVEoqbRRWxt,Từng Là Của Nhau,Bảo Anh,yIuM9aFTBFs,Bảo Anh - Từng Là Của Nhau (Official Lyric Video),success,1,data\raw\audio\5KYv3kORBKUmVEoqbRRWxt.wav,
3DLtPObflLQBodZN8qGODT,2AM,JustaTee,XGrvLJG8tuM,2AM - JustaTee  feat Big Daddy Official Audio,success,1,data\raw\audio\3DLtPObflLQBodZN8qGODT.wav,
3pgwxYRPbYIC6C1J2FPge8,Diễn viên tồi,Đen,7ICKkagL3xA,"Đen - Diễn viên tồi ft. Thành Bùi, Cadillac (M/V)",success,1,data\raw\audio\3pgwxYRPbYIC6C1J2FPge8.wav,
05X3a0YGmS1rbH50aL8lGF,Một Ngàn Nỗi Đau,Văn Mai Hương,5YKR3ueeI9o,VĂN MAI HƯƠNG - MỘT NGÀN NỖI ĐAU (Official Lyrics Video),success,1,data\raw\audio\05X3a0YGmS1rbH50aL8lGF.wav,
6hLEsk1t37XKNwtTQ3iI1b,Cơn Đau,Wren Evans,SGtYOC15s0w,WREN EVANS - CƠN ĐAU (OFFICIAL MUSIC VIDEO),success,1,data\raw\audio\6hLEsk1t37XKNwtTQ3iI1b.wav,
5BTzf3doGTigDIYUFtbkI9,Sinh Ra Đã Là Thứ Đối Lập Nhau,Emcee L (Da LAB),redFrGBZoJY,Sinh Ra Đã Là Thứ Đối Lập Nhau - Emcee L (Da LAB) ft. Badbies (Official MV),success,1,data\raw\audio\5BTzf3doGTigDIYUFtbkI9.wav,
5i17rzCuZfYVzoP441PXGu,1 Cọng Tóc Mai,Tóc Tiên,cIoJHVXIwlM,1 Cọng Tóc Mai (feat. Touliver),success,1,data\raw\audio\5i17rzCuZfYVzoP441PXGu.wav,
3j9BMKKE8DpDSBXVI0IdfA,Nhường Lại Em,Vũ.,mMljgrcqdB4,NHƯỜNG LẠI EM - Vũ. (Feat. Phúc Du) / Official Audio,success,1,data\raw\audio\3j9BMKKE8DpDSBXVI0IdfA.wav,
39TAKt2hL8sdhVTFCNfm2Y,Ai Đưa Em Về,TIA,apqe_u3VJQ4,TIA - Ai Đưa Em Về | Official M/V | Ft. Lê Thiện Hiếu (Low Cortisol Song),success,1,data\raw\audio\39TAKt2hL8sdhVTFCNfm2Y.wav,
7lZ07tAiDnmUE7cKw0jfSZ,Người Ta Thành Đôi Hết Rồi,The Sheep,rR1_UqABjyE,THE SHEEP x T.R.I (ArtSpace) | Người Ta Thành Đôi Hết Rồi | ORIGINAL,success,1,data\raw\audio\7lZ07tAiDnmUE7cKw0jfSZ.wav,
2pm7K14nHj2fLrpU8j9bit,10 Ngàn Năm,PC,2-zSSzg8i3Y,PC - 10 Ngàn Năm ( Prod. Duckie ) [Official Audio],success,1,data\raw\audio\2pm7K14nHj2fLrpU8j9bit.wav,
4inMQ83GNpQ2OHDredH5hW,24h,Lyly,IpniN1Wq68Y,24H | OFFICIAL MUSIC VIDEO |  LYLY ft MAGAZINE,success,1,data\raw\audio\4inMQ83GNpQ2OHDredH5hW.wav,
5p8ThxM2OhJ0igfxkz0Z1q,Wild Flower,RM,u18be_kRmC0,RM 'Wild Flower (with youjeen)' Official MV,success,1,data\raw\audio\5p8ThxM2OhJ0igfxkz0Z1q.wav,
5J90ah0ppUSev1uahqQiN6,Anh Đánh Rơi Người Yêu Này,Andiez,I3RICWXA_3U,Anh Đánh Rơi Người Yêu Này - Andiez ft. AMEE | OST #TTVKOBE,success,1,data\raw\audio\5J90ah0ppUSev1uahqQiN6.wav,
3wUp8eCTshIrJcYbjWaoyP,ThichThich,Phương Ly,_grKDCKz8mw,THICHTHICH (ngốc nghếch version) - PHƯƠNG LY,success,1,data\raw\audio\3wUp8eCTshIrJcYbjWaoyP.wav,
08MFgEQeVLF37EyZ7jcwLc,Pano,Zack Tabudlo,R3h6v2zOV9Q,Zack Tabudlo - Pano (Official Vietnamese Lyric Video),success,3,data\raw\audio\08MFgEQeVLF37EyZ7jcwLc.wav,
5jQI2r1RdgtuT8S3iG8zFC,Lavender Haze,Taylor Swift,mkR_Qwix4Ho,Taylor Swift - Lavender Haze (Official Lyric Video),success,1,data\raw\audio\5jQI2r1RdgtuT8S3iG8zFC.wav,
5AmBIWCnsLscPSYsfCApBy,Closer,RM,mJcjXjYWI6E,"Closer (with Paul Blanco, Mahalia)",success,1,data\raw\audio\5AmBIWCnsLscPSYsfCApBy.wav,
0L8LOav65XwLjCLS11gNPD,Typa Girl,BLACKPINK,UhxW9Njqqu0,BLACKPINK - ‘Typa Girl’ (Official Audio),success,1,data\raw\audio\0L8LOav65XwLjCLS11gNPD.wav,
2pYFHEy0xp48Le5Bfw5vcX,Có Chơi Có Chịu,Karik,IV9UkVDS71E,KARIK - CÓ CHƠI CÓ CHỊU (FT. ONLYC) | Official Visualizer,success,1,data\raw\audio\2pYFHEy0xp48Le5Bfw5vcX.wav,
1xwAWUI6Dj0WGC3KiUPN0O,Vigilante Shit,Taylor Swift,Uoey4W_3bos,Taylor Swift - Vigilante Shit (Official Lyric Video),success,1,data\raw\audio\1xwAWUI6Dj0WGC3KiUPN0O.wav,
0ibp5h8QATkvC6P5cO5TUV,PHONG,VSTRA,50GgtdTIHJk,VSTRA - PHONG (ft. TGSN & Tyronee) | Official Lyric Video (Explicit),success,1,data\raw\audio\0ibp5h8QATkvC6P5cO5TUV.wav,
7MObIQOs5ESkbcihA9dcsz,Có Khi,Madihu,bcvIN_KA1RI,Madihu - Có Khi (Solo Version),success,1,data\raw\audio\7MObIQOs5ESkbcihA9dcsz.wav,
28ncfVOBRp3HGweSZ6Wb8C,Đưa Nhau Đi Trốn - Chill Version,Đen,GQJURR080sM,Đen - Đưa Nhau Đi Trốn ft. Linh Cáo (Chill Version),success,1,data\raw\audio\28ncfVOBRp3HGweSZ6Wb8C.wav,
6TBJkXHPhu3EsMk1bshwuI,ONLY,LEEHI,KlxdWb2bcSA,LeeHi - ONLY (Lyrics),success,1,data\raw\audio\6TBJkXHPhu3EsMk1bshwuI.wav,
0HH3DAz5feqJmDA50yQ52M,906090,Tóc Tiên,aj6K3gv43fs,906090,success,1,data\raw\audio\0HH3DAz5feqJmDA50yQ52M.wav,
3hxfMsWQOcS2o68G62SpuU,Chưa Quên Người Yêu Cũ,Hà Nhi,8Q4_O4A2Ux4,CHƯA QUÊN NGƯỜI YÊU CŨ | HÀ NHI X HỨA KIM TUYỀN | OFFICIAL MUSIC VIDEO,success,1,data\raw\audio\3hxfMsWQOcS2o68G62SpuU.wav,
67Cxa088HT5J5OJ0SWB6Ip,Buông,Bùi Anh Tuấn,6ynkwAe7oyU,Buông ‣ Bùi Anh Tuấn [Lyric Video][#D],success,1,data\raw\audio\67Cxa088HT5J5OJ0SWB6Ip.wav,
2klsSb2iTfgDh95Ak9uWY2,Gái Độc Thân,tlinh,AXqTWnvRjGo,Gái độc thân - tlinh (Audio),success,1,data\raw\audio\2klsSb2iTfgDh95Ak9uWY2.wav,
7h2zqUH4bYyknNUxsYnS5V,Như Anh Đã Thấy Em,PhucXp,oHgwp8M_7xA,Nhu Anh Da Thay Em (CTTDE 2) - PhucXp | Lyrics Video,success,1,data\raw\audio\7h2zqUH4bYyknNUxsYnS5V.wav,
3a2Oftcs10wtzw6AmxuTMU,Rồi Ta Sẽ Ngắm Pháo Hoa Cùng Nhau,Olew,sQlQpKpQOpc,RỒI TA SẼ NGẮM PHÁO HOA CÙNG NHAU - OLEW (MV OFFICIAL),success,1,data\raw\audio\3a2Oftcs10wtzw6AmxuTMU.wav,
5hkAuvgkOrd4KpDOlCNsvW,Waiting For You,MONO,CHw1b_1LVBA,MONO - Waiting For You (Album 22 - Track No.10),success,1,data\raw\audio\5hkAuvgkOrd4KpDOlCNsvW.wav,
27fqy8VruqYZlKiK1qfwEd,ghệ iu dấu của em ơi,tlinh,qeirSHIiErc,"tlinh - ghệ iu dấu của em ơi (feat. 2pillz, wokeup) | OFFICIAL MUSIC VIDEO",success,1,data\raw\audio\27fqy8VruqYZlKiK1qfwEd.wav,
5wxYxygyHpbgv0EXZuqb9V,on the street,j-hope,H0G1ta9qZfs,on the street (with J. Cole),success,1,data\raw\audio\5wxYxygyHpbgv0EXZuqb9V.wav,
1dUmmBh2nw8XzEI3au0uFs,Chết Trong Em,Thịnh Suy,KJ8pMCWxBDo,Thịnh Suy - Chết Trong Em (Official Music Video),success,1,data\raw\audio\1dUmmBh2nw8XzEI3au0uFs.wav,
5ECHJ1llWBNYLVCYrllD3x,Chạy Khỏi Thế Giới Này,Da LAB,hYYMF3VtOjE,Chạy Khỏi Thế Giới Này - Da LAB ft. Phương Ly (Official Music Video),success,1,data\raw\audio\5ECHJ1llWBNYLVCYrllD3x.wav,
7bFFUPBiF15n8m8RziqS4o,dự báo thời tiết hôm nay mưa,GREY D,i7ZyZHIY2Jw,dự báo thời tiết hôm nay mưa,success,1,data\raw\audio\7bFFUPBiF15n8m8RziqS4o.wav,
7kpNUrBDYDoX6QKGzrBD1R,Thôi Em Đừng Đi,RPT MCK,6fzH7a3XQW0,"07. Thôi Em Đừng Đi - RPT MCK ( ft. Trung Trần ) | "" 99% "" the album",success,2,data\raw\audio\7kpNUrBDYDoX6QKGzrBD1R.wav,
1izPmgSW7FV6XFdEOiTvOY,Em Không Hiểu,Changg,RaKifsK2cOc,Changg | Em Không Hiểu | Official Video (ft Minh Huy),success,1,data\raw\audio\1izPmgSW7FV6XFdEOiTvOY.wav,
2X2mIfNW5ZtLmVgpm9rgUX,Show Me Love,RPT MCK,IVr1d084nLg,"10. Show Me Love - RPT MCK | "" 99% "" the album",success,1,data\raw\audio\2X2mIfNW5ZtLmVgpm9rgUX.wav,
7HpIBZAsjJq5nW9S8ti7Fi,Cheri Cheri Lady,Maléna,yxSs48QS_7E,Maléna - Cheri Cheri Lady (by Modern Talking),success,1,data\raw\audio\7HpIBZAsjJq5nW9S8ti7Fi.wav,
38rjRVqEHSlDRrDWDvjkqW,Bước Qua Nhau,Vũ.,Vdm6i1m4tDE,Bước Qua Nhau (Walking Past Each Other) / Vũ. (Live Session on Cát Linh - Hà Đông),success,1,data\raw\audio\38rjRVqEHSlDRrDWDvjkqW.wav,
6A1IbMKwjvXibcrU1sdqKH,Em Là,MONO,sRUoOA21ZFI,MONO - Em Là (Album 22 - Track No.03),success,1,data\raw\audio\6A1IbMKwjvXibcrU1sdqKH.wav,
0V0dOlfZ3tuZwHnL2eZ9Al,Ngày Xuân Long Phụng Sum Vầy,Bích Phương,jzEvgbipfKk,BÍCH PHƯƠNG - Ngày Xuân Long Phụng Sum Vầy (Official Audio),success,1,data\raw\audio\0V0dOlfZ3tuZwHnL2eZ9Al.wav,
3xlhYIhZ7heAvohmw3uyfd,00,RPT MCK,sYSvC8tOgKE,"01. 00 (Intro) - RPT MCK | ""99%"" the album",success,1,data\raw\audio\3xlhYIhZ7heAvohmw3uyfd.wav,
4z623zW86trE9SxAtIf0Gm,Hôn Anh,MIN,7c39lfT6Sr0,MIN - HÔN ANH | OFFICIAL MUSIC VIDEO (민),success,1,data\raw\audio\4z623zW86trE9SxAtIf0Gm.wav,
37vIqMH3XV6ZbObcKE9GXC,Cô Đơn,Hngle,rYfqinlgszc,Cô Đơn - Hngle x @eneohiiiii  x Ari (prod.DQ x NemTran),success,1,data\raw\audio\37vIqMH3XV6ZbObcKE9GXC.wav,
1dS4l6xmdgEhCZTAhdOm4N,Serendipity - Full Length Edition,BTS,gSsCZJM6OG0,Serendipity (Full Length Edition),success,1,data\raw\audio\1dS4l6xmdgEhCZTAhdOm4N.wav,
0hiQvlWSSTr7n1kc1X2Lus,Bật Nhạc Lên,HIEUTHUHAI,O2ZfBvJAt94,HIEUTHUHAI - Bật Nhạc Lên ft. Harmonie (prod. by NEMYA),success,1,data\raw\audio\0hiQvlWSSTr7n1kc1X2Lus.wav,
4EaQ0ouIydfeAgQUz284EF,"People, Pt. 2",Agust D,h0f2CJw08Nw,Agust D 'People Pt.2 (Feat. IU)' Lyrics (Agust D 아이유 사람 Pt.2 가사) (Color Coded Lyrics),success,1,data\raw\audio\4EaQ0ouIydfeAgQUz284EF.wav,
69CrOS7vEHIrhC2ILyEi0s,FLOWER,JISOO,4XZz3WXRw0A,JISOO - ‘꽃(FLOWER)’ DANCE PERFORMANCE VIDEO,success,1,data\raw\audio\69CrOS7vEHIrhC2ILyEi0s.wav,
4bjN59DRXFRxBE1g5ne6B1,Haegeum,Agust D,FdfP-oBi3rI,Agust D / SUGA - 해금 (Haegeum) [Audio],success,1,data\raw\audio\4bjN59DRXFRxBE1g5ne6B1.wav,
34o6gteNy2T5rieA0xYAgo,Don't ever say love me,Colde,1fHEnbSP48U,Colde 콜드 - 다시는 사랑한다 말하지 마 Don’t ever say love me (Feat. RM of BTS),success,1,data\raw\audio\34o6gteNy2T5rieA0xYAgo.wav,
6HGOxrNik4iPurqStawTFQ,MAKING MY WAY,Sơn Tùng M-TP,niPkap1ozUA,SON TUNG M-TP | MAKING MY WAY | OFFICIAL VISUALIZER,success,1,data\raw\audio\6HGOxrNik4iPurqStawTFQ.wav,
2LhXE2daNpLVv9LYXvYm8F,Là Anh,Phạm Lịch,Yd5FT7RaAM4,Phạm Lịch  Là Anh - Phạm Lịch [ Official Lyrics Video],success,4,data\raw\audio\2LhXE2daNpLVv9LYXvYm8F.wav,
7gv3UYPh05ZDP7Io5BIsn7,Life Goes On,Agust D,mzWnW1V9EMc,Life Goes On,success,1,data\raw\audio\7gv3UYPh05ZDP7Io5BIsn7.wav,
65aTHDZWUdh6WIafu9MtNF,ngủ một mình (tình rất tình),HIEUTHUHAI,1OJQdxT6WHE,hieuthuhai - ngủ một mình (tình rất tình) ft. negav (prod. by kewtiie),success,1,data\raw\audio\65aTHDZWUdh6WIafu9MtNF.wav,
28bxbqNcAuNxYDZYet6eZ7,Chỉ Một Đêm Nữa Thôi,RPT MCK,5WkwBKu1le0,"06. Chỉ Một Đêm Nữa Thôi - RPT MCK ( ft. tlinh ) | "" 99% "" the album",success,1,data\raw\audio\28bxbqNcAuNxYDZYet6eZ7.wav,
70hEVaGwwat644nPWkhKNW,yêu anh đi mẹ anh bán bánh mì,Phuc Du,-7sISWuTdj0,PHÚC DU - yêu anh đi mẹ anh bán bánh mì (MV OFFICIAL),success,1,data\raw\audio\70hEVaGwwat644nPWkhKNW.wav,
78lw4wahFNotXb0mOEtPkM,BADBYE,WEAN,yhWCh5IVE04,WEAN - badbye (Official Lyrics Video),success,1,data\raw\audio\78lw4wahFNotXb0mOEtPkM.wav,
2g68ePl7VMltuOiuSTAz7I,Để Anh Một Mình,RAP VIỆT,TC5c2ulmulQ,Để Anh Một Mình (feat. Quang Anh Rhyder),success,1,data\raw\audio\2g68ePl7VMltuOiuSTAz7I.wav,
27Z9T0mSWHYWSj9SNOGvyt,Thằng Điên,JustaTee,O6Fg4opdarA,Thằng Điên - Justatee x Phương Ly - Audio,success,2,data\raw\audio\27Z9T0mSWHYWSj9SNOGvyt.wav,
0DtarPcErIh4skfFtxzomo,Ngày Em Đẹp Nhất,Tama,9vl4NdT2bnA,NGÀY EM ĐẸP NHẤT - TAMA (Official Music Video),success,1,data\raw\audio\0DtarPcErIh4skfFtxzomo.wav,
7IezwtVIJIPC36LpKMR9d7,Violet,Connor Price,GcvSJudQbVs,Connor Price - Violet (feat. Killa) [Official Audio],success,1,data\raw\audio\7IezwtVIJIPC36LpKMR9d7.wav,
7gRFDGEzF9UkBV233yv2dc,Shut Down,BLACKPINK,POe9SOEKotk,BLACKPINK - ‘Shut Down’ M/V,success,1,data\raw\audio\7gRFDGEzF9UkBV233yv2dc.wav,
6IPNp9PfaEqrzotY47TIWy,SG,DJ Snake,tJXPfNDVF4I,"DJ Snake, Ozuna, Megan Thee Stallion, LISA of BLACKPINK - SG (Official Music Video)",success,1,data\raw\audio\6IPNp9PfaEqrzotY47TIWy.wav,
6AQbmUe0Qwf5PZnt4HmTXv,Boy's a liar Pt. 2,PinkPantheress,oftolPu9qp4,"PinkPantheress, Ice Spice - Boy’s a liar Pt. 2 (Official Video)",success,1,data\raw\audio\6AQbmUe0Qwf5PZnt4HmTXv.wav,
4TMdpMJNQdcawl8JjZEwLk,Nụ hôn Bisou,Lãng,cjR-BWQzxNs,Nụ hôn Bisou,success,1,data\raw\audio\4TMdpMJNQdcawl8JjZEwLk.wav,
6HpkHTTwfVmSoopeloHqOp,Anh Là Ai?,RAP VIỆT,V_5w-dt3bko,"Anh Là Ai? (feat. DT Tập Rap, Dick, Umie)",success,1,data\raw\audio\6HpkHTTwfVmSoopeloHqOp.wav,
5IAESfJjmOYu7cHyX557kz,Take Two,BTS,lwAHfOhOONw,Take Two,success,1,data\raw\audio\5IAESfJjmOYu7cHyX557kz.wav,
2QUU1AtY5fndKDNbr17EFk,người điên,tlinh,doN4GrGoVpA,tlinh - người điên | OFFICIAL VISUALIZER,success,1,data\raw\audio\2QUU1AtY5fndKDNbr17EFk.wav,
6IUEwlNgVnT5CYeBuq6DTH,Anh Là Ai?,RAP VIỆT,V_5w-dt3bko,"Anh Là Ai? (feat. DT Tập Rap, Dick, Umie)",success,1,data\raw\audio\6IUEwlNgVnT5CYeBuq6DTH.wav,
486dVHo58R4EhBQjcYF2NX,Khi Cơn Mơ Dần Phai,RAP VIỆT,DtzQMT9WgRM,"Khi Cơn Mơ Dần Phai (feat. Tez, Myra Trần)",success,1,data\raw\audio\486dVHo58R4EhBQjcYF2NX.wav,
7AD5F85waSb3yZxZxEXhJM,Có Ai Thương Em Như Anh,Tóc Tiên,neCmEbI2VWg,Tóc Tiên - CÓ AI THƯƠNG EM NHƯ ANH (#CATENA) ft. Touliver (Official MV),success,1,data\raw\audio\7AD5F85waSb3yZxZxEXhJM.wav,
0gzpqwLf1jhNjnSJEyweAX,Tình cờ yêu em,Kuun Đức Nam,qFQ30NwYxDw,TÌNH CỜ YÊU EM (thu Hà Nội version) | Kuun Đức Nam,success,1,data\raw\audio\0gzpqwLf1jhNjnSJEyweAX.wav,
3ukrFH17Zl6iEZ2QJ1Zwiy,Don't Côi,RPT Orijinn,1dlTWaiBZDw,Don't Côi - RPT Orijinn x Ronboogz (Visualizer),success,2,data\raw\audio\3ukrFH17Zl6iEZ2QJ1Zwiy.wav,
0Qs29ApstkrU5T8S5Hxazw,Ngõ Chạm,BigDaddy,lkzhGTwzDjc,NGÕ CHẠM - BIGDADDY x EMILY | OFFICIAL MUSIC VIDEO,success,1,data\raw\audio\0Qs29ApstkrU5T8S5Hxazw.wav,
0x5BqH8iC2Y2lTMxAkNAna,Từ Chối Hiểu,RAP VIỆT,vFVoBA_jUms,Từ Chối Hiểu (feat. Quang Anh Rhyder),success,1,data\raw\audio\0x5BqH8iC2Y2lTMxAkNAna.wav,
56v8WEnGzLByGsDAXDiv4d,ETA,NewJeans,s4Ow55AbdCg,NewJeans (뉴진스) 'ETA' Official MV (Performance ver.),success,1,data\raw\audio\56v8WEnGzLByGsDAXDiv4d.wav,
1mFpMoeZfkIqtqW2AfQ8ba,THE GIRLS - BLACKPINK THE GAME OST,BLACKPINK,cSqOY5nktfg,BLACKPINK THE GAME - ‘THE GIRLS’ MV,success,1,data\raw\audio\1mFpMoeZfkIqtqW2AfQ8ba.wav,
74ewFAgDzRkhZ7EX2eLtfZ,Winter Bear,V,1iK-ttRjV-E,Winter Bear,success,1,data\raw\audio\74ewFAgDzRkhZ7EX2eLtfZ.wav,
62SFLTN7txImu8pQwBMP6A,Bật Tình Yêu Lên,Tăng Duy Tân,KUx2Pod0KJ4,"TĂNG DUY TÂN x HÒA MINZY | ""BẬT TÌNH YÊU LÊN"" | MAKING MV",success,1,data\raw\audio\62SFLTN7txImu8pQwBMP6A.wav,
1UHkDovEFqHzHCPyNe0BTy,Scenery,V,xe2r_KG2XdA,풍경,success,1,data\raw\audio\1UHkDovEFqHzHCPyNe0BTy.wav,
1CbdvkjFxRkMNu3M2Cq1Hc,DIVE,TEMPEST,v7NTFIATXhc,TEMPEST (템페스트) 'DIVE' Official Audio,success,1,data\raw\audio\1CbdvkjFxRkMNu3M2Cq1Hc.wav,
0BOFCIDygXWLtAD08nJDFV,Nhạc Anh,Andree Right Hand,EzTVHzjK5gA,Andree Right Hand - NHẠC ANH ft. Wxrdie [Live on Stage],success,1,data\raw\audio\0BOFCIDygXWLtAD08nJDFV.wav,
5cvW3PYJeQjRTnj9vHP5Va,Cà Phê,MIN,KikgDv-G9K0,MIN - CÀ PHÊ (OFFICIAL AUDIO),success,1,data\raw\audio\5cvW3PYJeQjRTnj9vHP5Va.wav,
4kjA6oaloTf6ndyntyhZx8,"Cậu Ấm, Cô Chén",RAP VIỆT,BaezutYEiuY,"Cậu Ấm, Cô Chén (feat. Quang Anh Rhyder, dubbie)",success,1,data\raw\audio\4kjA6oaloTf6ndyntyhZx8.wav,
3J3nv18iIrOhca1ZWNeuyW,Đã Lỡ Yêu Em Nhiều,JustaTee,KhTCatAKVpk,JustaTee - Đã Lỡ Yêu Em Nhiều (Official MV),success,1,data\raw\audio\3J3nv18iIrOhca1ZWNeuyW.wav,
7eDrdQ7PK9Xm1CZCKWsgmH,Anh Nhớ Ra,Vũ.,11XkLOIsLHI,ANH NHỚ RA (Reminisce) - Vũ. (Feat. Trang) / Official Audio,success,1,data\raw\audio\7eDrdQ7PK9Xm1CZCKWsgmH.wav,
4exlWP8cokkWVCvyP3kg7c,nếu lúc đó,tlinh,fyMgBQioTLo,tlinh - nếu lúc đó (ft. 2pillz) | OFFICIAL MUSIC VIDEO,success,1,data\raw\audio\4exlWP8cokkWVCvyP3kg7c.wav,
0fGJiHH6xSUJU1MAVjxq5m,Bạn Đời,Karik,h7cOOfpdEfk,KARIK - BẠN ĐỜI (FT. GDUCKY) | OFFICIAL MUSIC VIDEO,success,1,data\raw\audio\0fGJiHH6xSUJU1MAVjxq5m.wav,
6gcuJpHu0Ey30D5WR76y98,You & Me,JENNIE,3yILnlnIqyU,JENNIE - You & Me (Coachella ver.) (Official Audio),success,1,data\raw\audio\6gcuJpHu0Ey30D5WR76y98.wav,
3CyGK8BeJ5iCunpzvHyINs,Anh Luôn Như Vậy,B Ray,-fOpQGLxCTE,B RAY - ANH LUÔN NHƯ VẬY (feat. cậu bảo) | OFFICIAL MV,success,1,data\raw\audio\3CyGK8BeJ5iCunpzvHyINs.wav,
2doGmsaPLdot51o80juiYU,Đánh Đổi (ft. RPT MCK),Obito,vPz8ftK_4bk,Obito - Đánh Đổi ft. MCK,success,1,data\raw\audio\2doGmsaPLdot51o80juiYU.wav,
3ZbZtdEw9U0uZW4tZItIwq,Chịu Cách Mình Nói Thua,RHYDER,dm5-tn1Rug0,RHYDER - CHỊU CÁCH MÌNH NÓI THUA | ft. BAN x COOLKID | OFFICIAL MUSIC VIDEO,success,1,data\raw\audio\3ZbZtdEw9U0uZW4tZItIwq.wav,
6KgZf5gZgF1KLNxq1qZgHP,Anh Là Ngoại Lệ Của Em,Phương Ly,OLPTtUjHE64,Kara Lyrics | Anh Là Ngoại Lệ Của Em - Phương Ly | Lyrics Video,success,1,data\raw\audio\6KgZf5gZgF1KLNxq1qZgHP.wav,
0SLhB9JLM4Ksz1XdwK3aQD,Hà Nội (ft. VSTRA),Obito,OerAX-zKyvg,Obito - Hà Nội ft. VSTRA,success,1,data\raw\audio\0SLhB9JLM4Ksz1XdwK3aQD.wav,
5KfJvZ0PZzRdwFRaTUDAA7,Somebody,Jung Kook,ONxOGXC_YNk,Somebody,success,1,data\raw\audio\5KfJvZ0PZzRdwFRaTUDAA7.wav,
0Vz146N2GxkVJw4kSGXrNi,You & Me (Coachella ver.),JENNIE,3yILnlnIqyU,JENNIE - You & Me (Coachella ver.) (Official Audio),success,1,data\raw\audio\0Vz146N2GxkVJw4kSGXrNi.wav,
1ZgiJ8fiSEwd07OpB9ZuRz,Cắt Đôi Nỗi Sầu,Tăng Duy Tân,GpmOn4RyzZI,TĂNG DUY TÂN - CẮT ĐÔI NỖI SẦU (ft DRUM7) | OFFICIAL MUSIC VIDEO,success,1,data\raw\audio\1ZgiJ8fiSEwd07OpB9ZuRz.wav,
3XCp5o1FUpAH0aj2Hmj5yz,Call Me,Wren Evans,WPb2j3GU8Kc,Call Me,success,1,data\raw\audio\3XCp5o1FUpAH0aj2Hmj5yz.wav,
6VXVYATpQXEIoZ97NnWCmn,Vì Anh Đâu Có Biết,Madihu,02ODKglDVQs,Vì Anh Đâu Có Biết - Madihu (Feat. Vũ.) | Official MV,success,1,data\raw\audio\6VXVYATpQXEIoZ97NnWCmn.wav,
0vkExWiBJSrfWnlMC7x48b,Không Yêu Xin Đừng Nói - Piano Version,UMIE,Nbtwh25Uxik,(Piano Ver.) Không Yêu Xin Đừng Nói - UMIE (Prod. ToneRx),success,2,data\raw\audio\0vkExWiBJSrfWnlMC7x48b.wav,
2UtFCtiSoc30GJ4MUcHDKr,Tell the kids i love them (ft. Shiki),Obito,CKD0MxAn3TA,Obito - Tell The Kids I Love Them ft. SHIKI,success,1,data\raw\audio\2UtFCtiSoc30GJ4MUcHDKr.wav,
3bNNvJA7hsGw0wSpGkfOBm,Too Sad to Dance,Jung Kook,uQ9A0xF7lAM,Too Sad to Dance,success,1,data\raw\audio\3bNNvJA7hsGw0wSpGkfOBm.wav,
7fNHfgOxPLcg4mQLhCnOHB,XTC (Xích Thêm Chút) - Remix,Rapital,PNhYz6RmIr4,Xích Thêm Chút - XTC Remix | RPT Groovie ft TLinh x RPT MCK (Prod. by fat_benn & RPT LT)| RAPITALOVE,success,1,data\raw\audio\7fNHfgOxPLcg4mQLhCnOHB.wav,
2OBZtEg8DXhICWYd6yvicf,Từ A Đến Z,RAP VIỆT,pKvmjDL7uk4,"Đây Là Rap Việt (feat. Binz, Justatee, Rhymastic, Suboi, Wowy, Karik)",success,1,data\raw\audio\2OBZtEg8DXhICWYd6yvicf.wav,
0KnWLhf5GqPEC4m7sHhxrY,Cơn Mưa Rào,Văn Mai Hương,rjkfdiShK-k,VĂN MAI HƯƠNG - CƠN MƯA RÀO ft. NEGAV (prod. by HỨA KIM TUYỀN) | Album 'Minh Tinh',success,1,data\raw\audio\0KnWLhf5GqPEC4m7sHhxrY.wav,
6jcLKVmEKAQIXIVHJZ8vzS,tình yêu chậm trễ,MONSTAR,QXWAReyqf98,tình yêu chậm trễ,success,1,data\raw\audio\6jcLKVmEKAQIXIVHJZ8vzS.wav,
6TOI8hhlfebwsTYRCVpRMn,Xuất Phát Điểm,Obito,aF1tJEPWjIM,Obito - Xuất Phát Điểm,success,1,data\raw\audio\6TOI8hhlfebwsTYRCVpRMn.wav,
0tfMfqHC3Pl6DG8kcIjXq9,Make Me Feel,Binz,w8jNJd0SXXE,BINZ - MAKE ME FEEL (ft. TOULIVER) | OFFICIAL MV,success,1,data\raw\audio\0tfMfqHC3Pl6DG8kcIjXq9.wav,
6MgCMS8q3NA89TnVuPLvIN,Baby Gọi Cho Anh,RAP VIỆT,L9U-jPboRYw,"Baby Gọi Cho Anh (feat. Captain, Umie)",success,1,data\raw\audio\6MgCMS8q3NA89TnVuPLvIN.wav,
0X28PqBpbQhWdi4usYw0w5,Tò Te Tí,Wren Evans,aCqmdPaTVSg,WREN EVANS - Tò Te Tí | LOI CHOI The First Album (ft. itsnk),success,1,data\raw\audio\0X28PqBpbQhWdi4usYw0w5.wav,
1khMN4Adfi3LrZvxOq4YM5,Buồn Hay Vui,VSOUL,JV0dEgbX5yk,BUỒN HAY VUI - VSOUL x MCK x Obito x Ronboogz x Boyzed (Official Audio),success,1,data\raw\audio\1khMN4Adfi3LrZvxOq4YM5.wav,
43qX7PiMfluhGyrJrjcP9p,I Need U,BTS,jip9EXrrf0o,I NEED U,success,1,data\raw\audio\43qX7PiMfluhGyrJrjcP9p.wav,
4qYfRfSxsmhJ1WMaywtLyI,Từng Quen,Wren Evans,zepHPnUDROE,WREN EVANS - TỪNG QUEN | OFFICIAL AUDIO,success,1,data\raw\audio\4qYfRfSxsmhJ1WMaywtLyI.wav,
36OyVzUmUFb1MTTzy3YXbh,"Sau Lời Từ Khước (Theme Song From ""MAI"")",Phan Mạnh Quỳnh,mzqvF_rIOx8,Sau Lời Từ Khước (OST MAI) | CineLove (The Album) | Phan Mạnh Quỳnh,success,1,data\raw\audio\36OyVzUmUFb1MTTzy3YXbh.wav,
4PCh6DAkUYKnEmvjV4ouOs,Nâng Chén Tiêu Sầu,Bích Phương,v5AvPgaQFc0,[HOT TIKTOK CHALLENGE - PHỐ ĐI BỘ] BÍCH PHƯƠNG - Nâng Chén Tiêu Sầu Dance by B-Wild Vietnam,success,1,data\raw\audio\4PCh6DAkUYKnEmvjV4ouOs.wav,
3OVMe3H6iAxbLF8iD2UYrw,Chúng Ta Của Tương Lai,Sơn Tùng M-TP,zoEtcR5EW08,SƠN TÙNG M-TP | CHÚNG TA CỦA TƯƠNG LAI | OFFICIAL MUSIC VIDEO,success,1,data\raw\audio\3OVMe3H6iAxbLF8iD2UYrw.wav,
0OIed6UFpfT2nW4BffD7Js,pho real,Low G,oJx0MUpXMUM,"​bbno$, Low G & Anh Phan - pho real (Lyrics)",success,1,data\raw\audio\0OIed6UFpfT2nW4BffD7Js.wav,
0dBKcPEAsdxWJsqNDNHcPz,Dân Chơi Sao Phải Khóc,Andree Right Hand,zDNOhR-Ms-I,"Andree Right Hand - Dân Chơi Sao Phải Khóc ft. RHYDER, WOKEUP | Official MV",success,1,data\raw\audio\0dBKcPEAsdxWJsqNDNHcPz.wav,
2ddbldKhKrYvOBbYa87cbj,Dành Hết Xuân Thì Để Chờ Nhau,Vũ.,UGoDp5l2eIM,Dành Hết Xuân Thì Để Chờ Nhau - Vũ. feat. Hà Anh Tuấn (Lyric Video),success,1,data\raw\audio\2ddbldKhKrYvOBbYa87cbj.wav,
1K0HQ30Wc11okzlcnFA7Ub,Không Thể Say,HIEUTHUHAI,d6pgocXnK8U,HIEUTHUHAI - Không Thể Say (prod. by Kewtiie) [Official Lyric Video],success,1,data\raw\audio\1K0HQ30Wc11okzlcnFA7Ub.wav,
4jWmhzf53Q0ZvZMuGdiR9x,shhhhhhh..,WEAN,Pys2iOT9rpw,WEAN – shhhhhhh.. feat tlinh (Official Lyrics Video),success,1,data\raw\audio\4jWmhzf53Q0ZvZMuGdiR9x.wav,
5J3m0taZ0W1E9HTE0MwcSv,Simp Gái 808,Low G,lDu412aW0QY,Simp Gái 808,success,1,data\raw\audio\5J3m0taZ0W1E9HTE0MwcSv.wav,
7Ebm9NxzNhUX2FxzBl1kwm,02 Mơ Làm Ma,Ngọt,FBM70NaZuVI,Ngọt - 02 Mơ Làm Ma  (ft. Thỏ Trauma),success,1,data\raw\audio\7Ebm9NxzNhUX2FxzBl1kwm.wav,
3UX7FjJDl6RodnWekzFwEB,Exit Sign,HIEUTHUHAI,sJt_i0hOugA,HIEUTHUHAI - Exit Sign (prod. by Kewtiie) ft. marzuz [Official Lyric Video],success,1,data\raw\audio\3UX7FjJDl6RodnWekzFwEB.wav,
21x7Ld7I7X7HQtDgS8al5Z,Quyền Anh,Wren Evans,_1g1MwoRjug,WREN EVANS - Quyền Anh | LOI CHOI The First Album (ft. itsnk),success,1,data\raw\audio\21x7Ld7I7X7HQtDgS8al5Z.wav,
5f4u0kPnU21qNe6fXgAUiV,Yêu Nắm,BigDaddy,9WLb1qf2kK4,BIGDADDY x EMILY - YÊU NẮM (Official Music Video),success,1,data\raw\audio\5f4u0kPnU21qNe6fXgAUiV.wav,
2rGCYAabfA63PIzhQm7hVq,Internet Love,VSTRA,SCUo9vYSu6g,VSTRA - Internet Love (ft. Tyronee) | Official M/V,success,1,data\raw\audio\2rGCYAabfA63PIzhQm7hVq.wav,
6eOD2p1cGmxLiYA0UR03O1,Như Hoa Mùa Xuân,Phùng Khánh Linh,_E4oBmtUulw,Như Hoa Mùa Xuân - Phùng Khánh Linh & Wren Evans | Gala Nhạc Việt 2023,success,1,data\raw\audio\6eOD2p1cGmxLiYA0UR03O1.wav,
7ESH2ntyD5Bb1XckoJU554,Một Năm Mới Bình An,Sơn Tùng M-TP,Thf6-faRGI4,VIRAL CLIP - MỘT NĂM MỚI BÌNH AN | SƠN TÙNG M-TP,success,1,data\raw\audio\7ESH2ntyD5Bb1XckoJU554.wav,
02H58MSfVESkKyx4diDgu7,LOST!,RM,zGTAKiqEGxo,RM (알엠) 'LOST!' Official Audio,success,1,data\raw\audio\02H58MSfVESkKyx4diDgu7.wav,
4fj4Jn4nw8fGX8xdbCntJf,Sau Cơn Mưa,CoolKid,iFoLKvdqXk8,COOLKID - SAU CƠN MƯA (ft. RHYDER),success,1,data\raw\audio\4fj4Jn4nw8fGX8xdbCntJf.wav,
1LJyhnPdYGRLerwJd8CmL1,Những Lời Hứa Bỏ Quên,Vũ.,XmC2wvVsVDk,"Những Lời Hứa Bỏ Quên / Vũ. ft. Dear Jane (từ Album ""Bảo Tàng Của Nuối Tiếc"")",success,1,data\raw\audio\1LJyhnPdYGRLerwJd8CmL1.wav,
2xOhv7XudrBDtkID1jwsFE,Từng Là,Vũ Cát Tường,SXQS-SjI3jU,Từng Là - Vũ Cát Tường | Live at Soul of The Forest,success,1,data\raw\audio\2xOhv7XudrBDtkID1jwsFE.wav,
11sirgYaEutV40tkvgpHN6,NEURON,j-hope,K7ogo6nGHMo,"j-hope 'NEURON (with Gaeko, yoonmirae)' Visualizer",success,1,data\raw\audio\11sirgYaEutV40tkvgpHN6.wav,
4oGgxjxVOI69h9uOpHOzwn,Để Ý,Wren Evans,2ymP0o_Ze9Q,WREN EVANS | ĐỂ Ý - OFFICIAL AUDIO,success,1,data\raw\audio\4oGgxjxVOI69h9uOpHOzwn.wav,
5WIKVELHZYJ4vl3x3xlbZD,Ổ Quỷ,MR LANH,-ReMY4gX93M,The Demon Moon has awakened and is chasing and eating everything!? bqThanh & Oc Co Thoat,success,1,data\raw\audio\5WIKVELHZYJ4vl3x3xlbZD.wav,
4tqXSj46umlymdIxqY8zso,giá như,SOOBIN,TC4ZCJsyoiM,Giá Như - Soobin Hoàng Sơn | Lyrics Video Nhạc Trẻ Hay Nhất 2024,success,1,data\raw\audio\4tqXSj46umlymdIxqY8zso.wav,
1SS0WlKhJewviwEDZ6dWj0,SPOT!,ZICO,aQEpCqSDavc,ZICO (지코) 'SPOT! (feat. JENNIE)' Official Audio,success,1,data\raw\audio\1SS0WlKhJewviwEDZ6dWj0.wav,
3K7RddI2L8Wiv7uIbrhfLc,Rồi Em Sẽ Gặp Một Chàng Trai Khác,The Masked Singer,4pwOPfscweI,Rồi Em Sẽ Gặp Một Chàng Trai Khác (feat. HippoHappy),success,1,data\raw\audio\3K7RddI2L8Wiv7uIbrhfLc.wav,
25h0TqC9H3BcMA7KjK5nHK,vaicaunoicokhiennguoithaydoi,GREY D,2iidlwQ-NfU,GREY D x tlinh - vaicaunoicokhiennguoithaydoi | Official Music Video,success,1,data\raw\audio\25h0TqC9H3BcMA7KjK5nHK.wav,
5C1O3fpMsiisJpHiB1uuDf,ĐỢI (Prod. RIO),52Hz,cizoIav3geY,ĐỢI - 52Hz (prod. RIO) | Official Lyric Video,success,1,data\raw\audio\5C1O3fpMsiisJpHiB1uuDf.wav,
3A9A7mfVDVm3rrS9SMGhg5,Hư không,Kha,MlXo79SjhBo,Kha - Hư không (Việt Nam Lyrics | Subtitles) Hãy cho tôi lần nữa được tan biến,success,1,data\raw\audio\3A9A7mfVDVm3rrS9SMGhg5.wav,
2wZAvkgiOE5tyrnqhB69KA,Âm Thầm Bên Em,Sơn Tùng M-TP,V53jTfwV67I,Âm Thầm Bên Em - Sơn Tùng M-TP (Lyric Video by EnjoyLife),success,1,data\raw\audio\2wZAvkgiOE5tyrnqhB69KA.wav,
6kCU6i8iRrAAmJJ8Sj4JYC,Nắng có mang em về,Shartnuss,fQWItghG5dM,"3. Nắng có mang em về - Shartnuss ft Tr.D & Phankeo | EP ""Luv""",success,1,data\raw\audio\6kCU6i8iRrAAmJJ8Sj4JYC.wav,
2SykQzXuFSeprST1uDjj1m,trời giấu trời mang đi,AMEE,QHDkHZPHzC0,Trời Giấu Trời Mang Đi,success,1,data\raw\audio\2SykQzXuFSeprST1uDjj1m.wav,
0MJ5wKsPEeihONNfugHGy7,Tip Toe,HYBS,wtUaW2HEsCY,HYBS - Tip Toe | Official Audio,success,1,data\raw\audio\0MJ5wKsPEeihONNfugHGy7.wav,
6xKs4CnVadRzdNZ48vhT27,Ngày Đầu Sau Chia Tay,Đức Phúc,ZnRgYm4t_14,Đức Phúc - Ngày Đầu Sau Chia Tay (feat. Thùy Tiên & Khắc Hưng) (Official Music Video),success,1,data\raw\audio\6xKs4CnVadRzdNZ48vhT27.wav,
0UaaFmF3xUwMjnuAHBq7qL,Love You With All My Heart,Crush,Z4qVfCi_lUI,[MV] Crush - Love You With All My Heart(미안해 미워해 사랑해),success,1,data\raw\audio\0UaaFmF3xUwMjnuAHBq7qL.wav,
6o5y1iNvg3ORGfHtBEB8U4,? (Interlude),RM,eC1txOJS_pc,? (Interlude),success,1,data\raw\audio\6o5y1iNvg3ORGfHtBEB8U4.wav,
0tGmDUHDoT8pxYhgAT3yNG,bé ơi từ từ,Wren Evans,onM02bB0mYw,WREN EVANS - bé ơi từ từ | LOI CHOI The First Album (ft. itsnk),success,1,data\raw\audio\0tGmDUHDoT8pxYhgAT3yNG.wav,
5AaHvf9iO6RydAIissh0kz,Simple Love,Obito,VYyeswLG7Cc,Simple Love / Obito x Seachains x Davis x Lena | Lyrics Video | ATeen Music,success,1,data\raw\audio\5AaHvf9iO6RydAIissh0kz.wav,
45PPoUgqs3JrhkZGEzSUHT,3107 4,W/N,cbHIMNxT7Zc,W/n - 3107 4 x Erik ft Nâu (Official Music Video),success,2,data\raw\audio\45PPoUgqs3JrhkZGEzSUHT.wav,
2nRMW95dnOILirpjbksLTs,Never Let Go,Jung Kook,J_n4Ysi5iUM,정국 (Jung Kook) 'Never Let Go' Lyric Video,success,1,data\raw\audio\2nRMW95dnOILirpjbksLTs.wav,
6vvPecFTmWxDfEJ6cYT1wa,Rockstar,LISA,hbcGx4MGUMg,LISA - ROCKSTAR (Official Music Video),success,1,data\raw\audio\6vvPecFTmWxDfEJ6cYT1wa.wav,
2ZqTbIID9vFPTXaGyzbb4q,Neva Play,Megan Thee Stallion,TpYTyAaTRts,Megan Thee Stallion - Neva Play (feat. RM) [Official Video],success,3,data\raw\audio\2ZqTbIID9vFPTXaGyzbb4q.wav,
5XfGQZA0ioQAWUjlyJRcHc,1000 Ánh Mắt,Shiki,GKxkw0FQBm0,Shiki - 1000 Ánh Mắt ft. Obito (Official Music Video),success,1,data\raw\audio\5XfGQZA0ioQAWUjlyJRcHc.wav,
0BX2eDMZJrGzApf4ZGXrFi,NGÁO NGƠ,"ANH TRAI ""SAY HI""",WECF30njTEo,"NGÁO NGƠ (feat.HIEUTHUHAI, ERIK, ANH TÚ ATUS, JSOL, ORANGE)",success,1,data\raw\audio\0BX2eDMZJrGzApf4ZGXrFi.wav,
31VNCmwspR7nVJ6kruUuJt,Đừng Làm Trái Tim Anh Đau,Sơn Tùng M-TP,abPmZCZZrFA,SƠN TÙNG M-TP | ĐỪNG LÀM TRÁI TIM ANH ĐAU | OFFICIAL MUSIC VIDEO,success,1,data\raw\audio\31VNCmwspR7nVJ6kruUuJt.wav,
5oFEvbM7lGnx8jfAkuhVyo,MỘNG YU,AMEE,jEKTZQHuI1Y,MỘNG YU - AMEE ft. MCK | ‘MỘNGMEE’ mini album,success,1,data\raw\audio\5oFEvbM7lGnx8jfAkuhVyo.wav,
3Alwi53Ahc2GwHgvel42b2,Ngày Đẹp Trời Để Nói Chia Tay,Lou Hoàng,0xAW6MAT_Wo,LOU HOÀNG - NGÀY ĐẸP TRỜI ĐỂ NÓI CHIA TAY (Official Music Video),success,1,data\raw\audio\3Alwi53Ahc2GwHgvel42b2.wav,
26zqmmkqUK6mCc87XDzPym,CHÂN THÀNH,"ANH TRAI ""SAY HI""",rqQHjzAs9LA,"Quang Hùng MasterD - 'Chân Thành' (ft. Rhyder, Wean, Ali Hoàng Dương, Captain) - Official Audio",success,1,data\raw\audio\26zqmmkqUK6mCc87XDzPym.wav,
5PGh9MyKry8slG5AfvD1eD,Hà Nội,Obito,OerAX-zKyvg,Obito - Hà Nội ft. VSTRA,success,1,data\raw\audio\5PGh9MyKry8slG5AfvD1eD.wav,
07d8eaOuAWdC0DANq3tdPd,QUAY ĐI QUAY LẠI,"ANH TRAI ""SAY HI""",ic9wT11Ddf4,QUAY ĐI QUAY LẠI (Feat. HIEUTHUHAI),success,1,data\raw\audio\07d8eaOuAWdC0DANq3tdPd.wav,
4CUvVaAYuXtvYURLFz7EIL,Chuyện Đôi Ta,Emcee L (Da LAB),6eONmnFB9sw,Chuyện Đôi Ta - Emcee L (Da LAB) ft Muộii (Official MV),success,1,data\raw\audio\4CUvVaAYuXtvYURLFz7EIL.wav,
4WZf4gJ2MvBec6XPdUiqcq,ANH BIẾT RỒI,"ANH TRAI ""SAY HI""",swfRLNf1MZQ,ANH BIẾT RỒI (Feat. RHYDER),success,1,data\raw\audio\4WZf4gJ2MvBec6XPdUiqcq.wav,
3COYA2vgfcUhDyRlVpZy5p,PHÓNG ZÌN ZÌN,tlinh,dfeGNIfSyGk,PHÓNG ZÌN ZÌN | Low G x tlinh | OFFICIAL AUDIO,success,1,data\raw\audio\3COYA2vgfcUhDyRlVpZy5p.wav,
7Cjsw965r7mVK888ZqP6Wo,Mình Anh Thôi,Negav,8E9CUCVIHWI,NEGAV - MÌNH ANH THÔI I OFFICIAL MUSIC VIDEO,success,1,data\raw\audio\7Cjsw965r7mVK888ZqP6Wo.wav,
7pqx5vF7DzkVtEdsXQ9iua,ĐẦU ĐỘI SỪNG,"ANH TRAI ""SAY HI""",hN1gAFnKKiA,ANH TRAI SAY HI  - ĐẦU ĐỘI SỪNG (TEAM HIEUTHUHAI) | Color Coded Lyrics,success,1,data\raw\audio\7pqx5vF7DzkVtEdsXQ9iua.wav,
7kKu4NWeBh01I6aTIEP9bg,TRÓI EM LẠI,"ANH TRAI ""SAY HI""",IagewL4Btag,Quang Hùng MasterD - 'Trói Em Lại' - Official Audio,success,1,data\raw\audio\7kKu4NWeBh01I6aTIEP9bg.wav,
0H4ugk6rhnXmTl47ayy9O5,Daechwita,Agust D,65XIZDJ24_s,대취타 (Daechwita),success,2,data\raw\audio\0H4ugk6rhnXmTl47ayy9O5.wav,
62bOmKYxYg7dhrC6gH9vFn,Bye Bye Bye,*NSYNC,C27NShgTQE4,*NSYNC - Bye Bye Bye (Official Audio),success,1,data\raw\audio\62bOmKYxYg7dhrC6gH9vFn.wav,
3nw5vYaH4qVx8joq3qhtNx,Okeokeoke,Low G,TaZTsgc_bg8,okeokeoke | Low G | Nhà Hóa Học Đống Đa,success,1,data\raw\audio\3nw5vYaH4qVx8joq3qhtNx.wav,
2nR51wakN5K3AJENqGaNg9,Bài Này Chill Phết,Đen,ddaEtFOsFeM,Đen ft. MIN - Bài Này Chill Phết (M/V),success,1,data\raw\audio\2nR51wakN5K3AJENqGaNg9.wav,
5cn5oHiXJTLiuthgbgfkMh,Vet Mua,Vũ Cát Tường,_EHYFIdPJEg,[Aegisub] Vết Mưa - Vũ Cát Tường [Lyric Kara Eff],success,1,data\raw\audio\5cn5oHiXJTLiuthgbgfkMh.wav,
0SLzsfxED15vyUccX4bCqo,HOP ON DA SHOW,tlinh,JZ5E_VDqRJo,HOP ON DA SHOW | Low G x tlinh | OFFICIAL AUDIO,success,1,data\raw\audio\0SLzsfxED15vyUccX4bCqo.wav,
50zAEIE4B1QqhPjRMK2Xmh,Running Wild,Jin,btmOzwvCWmw,Jin 'Running Wild' Lyrics (진 Running Wild 가사) [Color Coded_Eng] | ShadowByYoongi,success,1,data\raw\audio\50zAEIE4B1QqhPjRMK2Xmh.wav,
4nXrVH5xwN1w6TpmP7uu8n,Exit Sign,HIEUTHUHAI,sJt_i0hOugA,HIEUTHUHAI - Exit Sign (prod. by Kewtiie) ft. marzuz [Official Lyric Video],success,1,data\raw\audio\4nXrVH5xwN1w6TpmP7uu8n.wav,
2GE2p2dFpxp7OIz2QOFBzW,"KIM PHÚT, KIM GIỜ","ANH TRAI ""SAY HI""",yoh-oXuR1-g,"KIM PHÚT, KIM GIỜ (Feat. HURRYKNG, HIEUTHUHAI, NEGAV, PHÁP KIỀU, ISAAC)",success,1,data\raw\audio\2GE2p2dFpxp7OIz2QOFBzW.wav,
3uT8QfoX0BE8ZJa4h98LDW,Wrong Times,Puppy,O3pj32O5WN4,puppy & @Dangrangto  - Wrong Times ( ft. FOWLEX Snowz ) [OFFICIAL LYRICS VIDEO],success,1,data\raw\audio\3uT8QfoX0BE8ZJa4h98LDW.wav,
7134tEHq45eL6am9oVazZU,White Christmas,V,C4oI7GXdDsM,"V, Bing Crosby - Bing Crosby x V (of BTS) “White Christmas” (Official Lyric Video)",success,1,data\raw\audio\7134tEHq45eL6am9oVazZU.wav,
0e6fZkLArSmDIHnZcIua7t,Không Yêu Em Thì Yêu Ai?,Vũ.,o-2yt0ZZZ6o,"Không Yêu Em Thì Yêu Ai? / Vũ. ft. Low G (từ Album ""Bảo Tàng Của Nuối Tiếc"")",success,2,data\raw\audio\0e6fZkLArSmDIHnZcIua7t.wav,
0s7RyyUlQfd8mnnboHe18n,Hẹn Gặp Em Dưới Ánh Trăng,MANBO,M1XfGX1ldKY,"HURRYKNG, HIEUTHUHAI, MANBO | Hẹn Gặp Em Dưới Ánh Trăng | Official Lyric Video",success,1,data\raw\audio\0s7RyyUlQfd8mnnboHe18n.wav,
7gSQxwCpEMjg8wb6Y3oqe7,HÀO QUANG,"ANH TRAI ""SAY HI""",EKgvDwdoLYs,"RHYDER, Dương Domic, Pháp Kiều - HÀO QUANG I OFFICIAL LYRICS VIDEO",success,1,data\raw\audio\7gSQxwCpEMjg8wb6Y3oqe7.wav,
3Nn9QjxOEj1pleW9xTG6cq,TÌNH ĐẦU QUÁ CHÉN,"ANH TRAI ""SAY HI""",vBAoF6cUKTI,"TÌNH ĐẦU QUÁ CHÉN (Feat. Quang Hùng MasterD, Negav, Pháp Kiều, Erik)",success,1,data\raw\audio\3Nn9QjxOEj1pleW9xTG6cq.wav,
4eeflgjzTF8xN8U2E0dech,NGỰA Ô,Dangrangto,tC9zi2bnnRA,"NGỰA Ô - TeuYungBoy, Dangrangto(Prod. DONAL)-Lyrics",success,1,data\raw\audio\4eeflgjzTF8xN8U2E0dech.wav,
0669gFIK8dYK9GGQ0K0QNF,Tràn Bộ Nhớ,Dương Domic,x14bn23DMVE,Dương Domic - Tràn Bộ Nhớ | EP 'Dữ Liệu Quý',success,1,data\raw\audio\0669gFIK8dYK9GGQ0K0QNF.wav,
4hdOYl6xm8ry6hZzn9pBqw,QUA TỪNG KHUNG HÌNH,RAP VIỆT,kZhcFFNZAzQ,"QUA TỪNG KHUNG HÌNH (Feat. Robber, Ngắn)",success,1,data\raw\audio\4hdOYl6xm8ry6hZzn9pBqw.wav,
2a5hng9yXtbjtTVVm9UviC,Mo,Vũ Cát Tường,chrnabsFoFs,Mo,success,1,data\raw\audio\2a5hng9yXtbjtTVVm9UviC.wav,
5YiNxgEQQTuFi5dKLxxjWm,CATCH ME IF YOU CAN,"ANH TRAI ""SAY HI""",CzXWhBjtRnU,"Quang Hùng MasterD - 'Catch Me If You Can' (ft. Negav, Nicky, Công Dương) - Official Audio",success,1,data\raw\audio\5YiNxgEQQTuFi5dKLxxjWm.wav,
50aQbgfdydBXABx2gATQHn,dance all night,ROSÉ,h7HP9aiIFfc,ROSÉ - dance all night (official audio),success,1,data\raw\audio\50aQbgfdydBXABx2gATQHn.wav,
3y4q6bBdbXsTIaPiwiiUfy,3am,ROSÉ,OzdJFXyO8ts,ROSÉ - 3am (official audio),success,1,data\raw\audio\3y4q6bBdbXsTIaPiwiiUfy.wav,
67siqMtQTGPpJZI4Dz8OpM,not the same,ROSÉ,IKqVcaVrMGs,ROSÉ - not the same (official audio),success,1,data\raw\audio\67siqMtQTGPpJZI4Dz8OpM.wav,
52oyR8Wjhdzg7zucr8keYl,Đường Một Chiều,Huỳnh Tú,W6hxiDmMGSE,Đường Một Chiều - Huỳnh Tú ft. Magazine || Official Music Video,success,1,data\raw\audio\52oyR8Wjhdzg7zucr8keYl.wav,
4QkTMKgtkI6P9v9NRzSswS,CHỜ MỘT NGƯỜI,RAP VIỆT,vTjA-C0bwDA,CHỜ MỘT NGƯỜI (Feat. Gill),success,1,data\raw\audio\4QkTMKgtkI6P9v9NRzSswS.wav,
5LQpQ6SDeaz6SIkR0lvsoC,đưa em về nhàa,GREY D,YM5nx2s8cz0,đưa em về nhàa,success,2,data\raw\audio\5LQpQ6SDeaz6SIkR0lvsoC.wav,
1pwyiEOvhXLvlpzTZcgfhe,CHÀNG KHỜ THUỶ CUNG,"ANH TRAI ""SAY HI""",ERpxBe5vdHg,[MV LYRICS] CHÀNG KHỜ THUỶ CUNG - Negav ft. GREY D | Anh Trai Say Hi,success,1,data\raw\audio\1pwyiEOvhXLvlpzTZcgfhe.wav,
0oL2jCTf9P9a7flY5mCpYu,Trở Về,Wxrdie,lV0OOyDUPII,Wxrdie - TRỞ VỀ (ft. JustaTee) [prod. by Phongkhin],success,1,data\raw\audio\0oL2jCTf9P9a7flY5mCpYu.wav,
0JBBsuv6YHi37NqzCNfr0d,SỰ NGHIỆP CHƯỚNG,Pháo,86dN5R-4gBw,Pháo | SỰ NGHIỆP CHƯỚNG,success,1,data\raw\audio\0JBBsuv6YHi37NqzCNfr0d.wav,
2Pwou3Q2Cf59RxdX2V6MgV,Có Đôi Điều,Shiki,xPXgebIDE6M,Shiki - Có Đôi Điều ('Lặng' EP),success,1,data\raw\audio\2Pwou3Q2Cf59RxdX2V6MgV.wav,
6cc5PzJUddXskJGHJINw9F,DANCING IN THE DARK,SOOBIN,ys-1LqlUNCk,SOOBIN - DANCING IN THE DARK | 'BẬT NÓ LÊN' Album (Official Visualizer),success,1,data\raw\audio\6cc5PzJUddXskJGHJINw9F.wav,
41DlPJXKTCypXdf2eSqa03,Bình Yên,Vũ.,5PWkbxuf7jc,"bình yên / Vũ. ft. Binz (từ Album ""Bảo Tàng Của Nuối Tiếc"")",success,1,data\raw\audio\41DlPJXKTCypXdf2eSqa03.wav,
0oSc7X1uRQGuEqNRtXEeQL,Dù Cho Tận Thế,ERIK,laEtGCLWA7o,ERIK - 'Dù cho tận thế (vẫn yêu em)' | Official Lyrics Video | OST BỘ TỨ BÁO THỦ,success,1,data\raw\audio\0oSc7X1uRQGuEqNRtXEeQL.wav,
226ljdOTLM2clGpm4mZvAm,Love is,Dangrangto,h52PcEuzUUA,Dangrangto - Love is (Official MV),success,1,data\raw\audio\226ljdOTLM2clGpm4mZvAm.wav,
7fCeYpR02Q8JVuD88hJZVT,Bầu Trời Mới,Da LAB,Z1D26z9l8y8,Bầu Trời Mới - Da LAB  ft. Minh Tốc & Lam (Official MV),success,1,data\raw\audio\7fCeYpR02Q8JVuD88hJZVT.wav,
72NMPuJCRsOUoXQJdzVfdo,Track 06,Tyronee,KRbDEfYY9U4,Tyronee - Track 06 (Official Visualizer),success,1,data\raw\audio\72NMPuJCRsOUoXQJdzVfdo.wav,
7mblTCdc14ylJ1JW71MODb,Giờ Thì,buitruonglinh,69ZDBWoj5YM,Giờ Thì (Official MV) / buitruonglinh,success,2,data\raw\audio\7mblTCdc14ylJ1JW71MODb.wav,
2oVLEoBVDvYrGmzrU7dEm5,TRÀN BỘ NHỚ,"ANH TRAI ""SAY HI""",qRuSS93OEfw,Tràn Bộ Nhớ - Dương Domic | Lyrics Video,success,1,data\raw\audio\2oVLEoBVDvYrGmzrU7dEm5.wav,
5JoQSuMrHdu7BcgIY9hDcX,Ánh Mắt Biết Cười,Quang Hùng MasterD,eUR8nHYyZIA,Quang Hùng MasterD - 'Ánh Mắt Biết Cười' ft. Tăng Duy Tân (Prod. by Drum7) - Official Visualizer,success,1,data\raw\audio\5JoQSuMrHdu7BcgIY9hDcX.wav,
6a1uj8onBHUi6TKSREPxHY,Ghệ Mới,B Ray,ArFyxygoLHs,B RAY x YOUNG H x Hipz - GHỆ MỚI (Official Lyrics Video),success,1,data\raw\audio\6a1uj8onBHUi6TKSREPxHY.wav,
265hQASPY3HFmUH38zZrSK,MOIEM,Dangrangto,u86aLT05YYY,Dangrangto - MOIEM (Prod. DONAL) (Official Audio Visualizer),success,1,data\raw\audio\265hQASPY3HFmUH38zZrSK.wav,
5ca1aUHYwTDNO5E6unithq,Tiến Hay Lùi (Nụ Hôn Bạc Tỷ Original Soundtrack),Bùi Công Nam,raqxGPDzQN4,TIẾN HAY LÙI (OST NỤ HÔN BẠC TỶ) | BÙI CÔNG NAM | LÀN SÓNG XANH 2025,success,1,data\raw\audio\5ca1aUHYwTDNO5E6unithq.wav,
7KNmIjcmGJIBrhP2s5Vioe,Born Again,LISA,zcmCAo_kHmU,LISA - Born Again feat. Doja Cat & RAYE (Lyric Video),success,1,data\raw\audio\7KNmIjcmGJIBrhP2s5Vioe.wav,
79bSb2Ilugozn6VygdplEZ,1 Phút,Andiez,dLQe4qEfVJw,1 Phút - Andiez,success,1,data\raw\audio\79bSb2Ilugozn6VygdplEZ.wav,
4HxGH28DitgAuuKpEVrLzN,two years,ROSÉ,lktucPDH5IY,ROSÉ - two years (official audio),success,1,data\raw\audio\4HxGH28DitgAuuKpEVrLzN.wav,
44sYmL97Lv8mEbzgANFkPD,thật quá đáng.. để yêu,NICKY,GofFUeDg_KU,thật quá đáng.. để yêu - NICKY x AMEE,success,1,data\raw\audio\44sYmL97Lv8mEbzgANFkPD.wav,
354swDEk1Zdo9y57fEqmRg,ĐOÁ HOA,TeuYungBoy,P5bzF31Xvg4,Đóa Hoa - BigWind ft TeuYungBoy (prod. DONAL) | Official MV,success,1,data\raw\audio\354swDEk1Zdo9y57fEqmRg.wav,
1XZE0InCx3SdCnLpVsPpZl,跳楼机,LBI利比,mC1Ket54DW8,Jumping Machine (跳楼机) (1.1x),success,1,data\raw\audio\1XZE0InCx3SdCnLpVsPpZl.wav,
5WkuMbkHX7yR7nnBKCn7tV,vạn vật như muốn ta bên nhau,RIO,IuFUrsvXD6E,Vạn Vật Như Muốn Ta Bên Nhau - RIO | Lyrics Video,success,1,data\raw\audio\5WkuMbkHX7yR7nnBKCn7tV.wav,
4gaxEUZE4z9pJAVTSFwgQI,một đời,14 Casper,JgTZvDbaTtg,'một đời' - 14 Casper & Bon Nghiêm (feat. buitruonglinh) (Track 03 - Album 'SỐ KHÔNG'),success,1,data\raw\audio\4gaxEUZE4z9pJAVTSFwgQI.wav,
3ET3xHCLMGd57u06A9RjJ0,Nói Dối,Ronboogz,ri-TFS97Hbw,Nói Dối | Ronboogz (Lyrics Video),success,1,data\raw\audio\3ET3xHCLMGd57u06A9RjJ0.wav,
4OXAneZHFJyQV1RuzCzmH3,Buồn Hay Vui,VSOUL,JV0dEgbX5yk,BUỒN HAY VUI - VSOUL x MCK x Obito x Ronboogz x Boyzed (Official Audio),success,1,data\raw\audio\4OXAneZHFJyQV1RuzCzmH3.wav,
2uZmeuNAxSm7XfVIwLkhCx,nhắn nhủ,Ronboogz,vfKiaXKO44M,Nhắn nhủ | Ronboogz (Lyrics video),success,1,data\raw\audio\2uZmeuNAxSm7XfVIwLkhCx.wav,
1o6cYDMHvKOfizi4d9Lqxr,id 072019,W/N,leJb3VhQCrg,W/n - id 072019 | 3107 ft 267,success,1,data\raw\audio\1o6cYDMHvKOfizi4d9Lqxr.wav,
3P3rcI48wwVEgxF5vPM6pG,Buông Đôi Tay Nhau Ra,Sơn Tùng M-TP,odX27UVKw2g,Buông Đôi Tay Nhau Ra,success,1,data\raw\audio\3P3rcI48wwVEgxF5vPM6pG.wav,
0OB5hTu7ELKeVoD6JVRo6m,Thiên Mệnh,Quân A.P,KsbTR9WjfxQ,Thiên Mệnh,success,1,data\raw\audio\0OB5hTu7ELKeVoD6JVRo6m.wav,
37uug3gaq86yvFTjV6WkaV,Think About U,Kay Chau Anh,jpmuseO0Qcc,Kay Châu Anh - Think About U (prod. Terra Minor x Peakrozes),success,1,data\raw\audio\37uug3gaq86yvFTjV6WkaV.wav,
43zzuEWDotRcKlSFzrlJqs,Thêm Bao Nhiêu Lâu,Đạt G,sinhZ1l54K8,Thêm Bao Nhiêu Lâu - Đạt G || OFFICIAL MV,success,1,data\raw\audio\43zzuEWDotRcKlSFzrlJqs.wav,
7q1qYSyRkGT4ZaCc2ZQihP,Em Còn Nhớ Anh Không - Remastered,Hoàng Tôn,n2x-V0dq7qQ,Em Còn Nhớ Anh Không? - Hoàng Tôn (Feat. Koo) | Lyrics Video,success,1,data\raw\audio\7q1qYSyRkGT4ZaCc2ZQihP.wav,
3cZH38witMhkLvATILgEe5,EASIER,"EM XINH ""SAY HI""",IWeCYCfzTZg,EASIER (Feat. MAIQUINN; NGÔ LAN HƯƠNG; MUỘII; ĐÀO TỬ A1J; SAABIROSE),success,1,data\raw\audio\3cZH38witMhkLvATILgEe5.wav,
2qrpmvkxE0oz78ym1LEvXd,Kho Báu,(S)TRONG,V1Tzgdh53mA,(S)TRONG Trọng Hiếu x Rhymastic - Kho Báu | Lyrics Video,success,1,data\raw\audio\2qrpmvkxE0oz78ym1LEvXd.wav,
4UAnQaQTSMjKjHkqjKwEYx,Permission to Dance - Live,BTS,vHhivqJUzCE,Permission to Dance - Live,success,1,data\raw\audio\4UAnQaQTSMjKjHkqjKwEYx.wav,
08Hvl1OJalM7dG6mf6jpx6,Love Game,Low G,cI5b71ZBAn0,Low G | Love Game (ft. tlinh) | OFFICIAL MUSIC VIDEO,success,1,data\raw\audio\08Hvl1OJalM7dG6mf6jpx6.wav,
7k9aYmnQ1nrp3RMTxNtUQV,EM CHỈ LÀ,"EM XINH ""SAY HI""",2KBi_5yOw9c,"'EM CHỈ LÀ' - HOÀNG DUYÊN sâu lắng cùng Bích Phương, Muộii, LyHan, Tăng Duy Tân | Em Xinh Say Hi",success,1,data\raw\audio\7k9aYmnQ1nrp3RMTxNtUQV.wav,
34FhBswjcDbFzGx8zcPqoj,GÃ SĂN CÁ,"EM XINH ""SAY HI""",6858VdGzXwI,"GÃ SĂN CÁ (Feat. EM XINH ""SAY HI"", Lâm Bảo Ngọc, Quỳnh Anh Shyn, MAIQUINN, Saabirose,...",success,2,data\raw\audio\34FhBswjcDbFzGx8zcPqoj.wav,
3qKeW2XJFZU5CvOQKStQW6,NGƯỜI ĐẦU TIÊN,"EM XINH ""SAY HI""",HuQdbV_LhvY,"NGƯỜI ĐẦU TIÊN (Feat. EM XINH ""SAY HI"", Juky San)",success,1,data\raw\audio\3qKeW2XJFZU5CvOQKStQW6.wav,
1ApIGNgp1azc0qB61x4GzG,Không Buông,Hngle,9UcQ7ddVjoc,Hngle - KHÔNG BUÔNG ft. Ari | Official Music Video,success,1,data\raw\audio\1ApIGNgp1azc0qB61x4GzG.wav,
1uiqiUzPn2EJpvHDy84PEZ,KHÔNG ĐAU NỮA RỒI,"EM XINH ""SAY HI""",GHzruRTCIZQ,ED10,success,1,data\raw\audio\1uiqiUzPn2EJpvHDy84PEZ.wav,
7C0kNQRFtNhs7Ibx1Q4sLy,HỀ,"EM XINH ""SAY HI""",ux0Sn5vesJ4,"[Color Coded Lyrics] HỀ - Pháo, Chi Xê, Phương Mỹ Chi, Phương Ly, WEAN | Em Xinh Say Hi",success,1,data\raw\audio\7C0kNQRFtNhs7Ibx1Q4sLy.wav,
11OxuU5y7ebAJyKaY8dOl0,Lý Do Nào Để Quay Lại Với Nhau,PAR SG,OsY3OK4bdpg,Ly do nao de quay lai voi nhau - PAR SG x New$oulZ,success,4,data\raw\audio\11OxuU5y7ebAJyKaY8dOl0.wav,
1WbTOu4D2oHK9fg2qR6msd,Ngày Này Năm Ấy,Việt Anh,WZLTkMxphZ4,Ngày Này Năm Ấy (Metal Rock),success,1,data\raw\audio\1WbTOu4D2oHK9fg2qR6msd.wav,
5rSAUmbOg4giDrM29vUyHe,Nơi Này Có Anh,Sơn Tùng M-TP,FN7ALfpGxiI,NƠI NÀY CÓ ANH | OFFICIAL MUSIC VIDEO | SƠN TÙNG M-TP,success,1,data\raw\audio\5rSAUmbOg4giDrM29vUyHe.wav,
3y66li7DIrH7HLKIZzxR5H,Lễ Đường,Kai Đinh,xXqDbLK2sWs,Lễ Đường (dreamland Version),success,1,data\raw\audio\3y66li7DIrH7HLKIZzxR5H.wav,
0SNgVYcHY0UPil9YGmwU5k,CỨ ĐỔ TẠI CƠN MƯA,"EM XINH ""SAY HI""",bHn7-LegKd0,"Em Xinh ""Say Hi"" - Cứ Đổ Tại Cơn Mưa (Color Coded Lyrics) | kanji",success,1,data\raw\audio\0SNgVYcHY0UPil9YGmwU5k.wav,
7bn8ckDTI4EQIKZ6jRL4K0,Chúng Ta Không Thuộc Về Nhau,Sơn Tùng M-TP,qGRU3sRbaYw,Chúng Ta Không Thuộc Về Nhau | Official Music Video | Sơn Tùng M-TP,success,1,data\raw\audio\7bn8ckDTI4EQIKZ6jRL4K0.wav,
7tFwBnuaGXqiiONukPRaCo,Miên Man,Minh Huy,7uX_f8YzEiI,Minh Huy - Miên Man (OFFICIAL MV),success,2,data\raw\audio\7tFwBnuaGXqiiONukPRaCo.wav,
0QIBqBajZLLcWfL6mpVsN3,Chuyện Chúng Ta Sau Này,Hải Đăng Doo,PfiToFCr0IM,chuyện chúng ta sau này(Official Visualizer MV) - Hai Dang Doo with Weeza,success,1,data\raw\audio\0QIBqBajZLLcWfL6mpVsN3.wav,
2kt7udEZmN2kj1Jsl118zY,0 AI NGHĨ,Wxrdie,GtmrOux7rgg,Wxrdie - 0 AI NGHĨ [feat. @MachiotOfficial],success,1,data\raw\audio\2kt7udEZmN2kj1Jsl118zY.wav,
51bYFYWODfYOZU0rwvjiCc,Cho Mình Em,Binz,2OKYsYErfFo,BINZ x ĐEN - CHO MÌNH EM (Studio Session),success,1,data\raw\audio\51bYFYWODfYOZU0rwvjiCc.wav,
3T7XHOdRcyhKU3QCB6kZG3,chẳng phải tình đầu sao đau đến thế,MIN,rLNvDu59ffI,"MIN - chẳng phải tình đầu sao đau đến thế feat. Dangrangto, Antransax (Official Audio)",success,1,data\raw\audio\3T7XHOdRcyhKU3QCB6kZG3.wav,
1DVYafsLmcQySKkJnY4RCs,Phép Màu,MAYDAYs,HhcTaxixdSI,Phép Màu (Đàn Cá Gỗ OST) - MAYDAYs ft. Minh Tốc | Official Lyric Video,success,1,data\raw\audio\1DVYafsLmcQySKkJnY4RCs.wav,
2daxUR0gVJr2dOmOtYvW8R,Anh Đã Không Biết Cách Yêu Em,Quang Đăng Trần,zloQza64-sM,QUANG ĐĂNG TRẦN - ANH ĐÃ KHÔNG BIẾT CÁCH YÊU EM | Official Lyrics Video,success,1,data\raw\audio\2daxUR0gVJr2dOmOtYvW8R.wav,
7dlgEjrK3lHbP786dshKDV,CHỜ ANH VỀ,"ANH TRAI ""SAY HI""",5-0qDNPsqE8,"CHỜ ANH VỀ (Feat. ANH TRAI ""SAY HI"", B Ray, AMEE)",success,1,data\raw\audio\7dlgEjrK3lHbP786dshKDV.wav,
29Tj2R8sZZ3fzlXZVe1OyY,Pin Dự Phòng,Dương Domic,IfMv0pJJtAA,Dương Domic ft. Lou Hoàng - Pin Dự Phòng | EP 'Dữ Liệu Quý',success,1,data\raw\audio\29Tj2R8sZZ3fzlXZVe1OyY.wav,
6gmvd9Lld9MiNR9r6I9eFE,Panorama,Richie D. ICY,hYU4b-UnCQA,Richie D. ICY x Obito - Panorama (Official Music Video),success,2,data\raw\audio\6gmvd9Lld9MiNR9r6I9eFE.wav,
5zXCoF69UxPNLrpar8Rk7e,Còn Gì Đẹp Hơn - Mưa Đỏ Original Soundtrack,Nguyễn Hùng,sLTsE3udRlE,Còn Gì Đẹp Hơn (Mưa Đỏ Original Soundtrack),success,1,data\raw\audio\5zXCoF69UxPNLrpar8Rk7e.wav,
4BdB08vuS9r4HOoY7GkAxT,Nếu Ngày Ấy,SOOBIN,xBLe8hb2eTU,Nếu Ngày Ấy,success,1,data\raw\audio\4BdB08vuS9r4HOoY7GkAxT.wav,
3rIQPhzwnHiF3PzfFVnXp5,Nắng Ấm Trong Tim,Duongg,8-P928QI-mg,"Duongg - Nắng Ấm Trong Tim (prod. by Dadeon) | Official Visualizer | EP ""Những Cơn Đau Ngày Đầu""",success,1,data\raw\audio\3rIQPhzwnHiF3PzfFVnXp5.wav,
3yWuTOYDztXjZxdE2cIRUa,Opalite,Taylor Swift,3PJC6uPIekc,Taylor Swift - Opalite (Lyric Video),success,1,data\raw\audio\3yWuTOYDztXjZxdE2cIRUa.wav,
1fFvYVg1v3rpUSqKNCUh7b,Người Bình Thường,Vũ Cát Tường,X5KvHXWPYm4,VŨ CÁT TƯỜNG - NGƯỜI BÌNH THƯỜNG | OFFICIAL,success,1,data\raw\audio\1fFvYVg1v3rpUSqKNCUh7b.wav,
2ix8KB1Xm7rRGzkh3i8P1d,NGƯỜI YÊU CHƯA SINH RA,"ANH TRAI ""SAY HI""",LBCQ-V9gMRk,"NGƯỜI YÊU CHƯA SINH RA - OFFICIAL AUDIO | Anh Trai ""Say Hi"" 2025",success,1,data\raw\audio\2ix8KB1Xm7rRGzkh3i8P1d.wav,
7uulTURh3qtUEUnMNtgcA6,Feel At Home,B Ray,6x1yluqMuc4,[CHO BẢO] 07. Feel At Home - B Ray - Prod. Ducnn,success,1,data\raw\audio\7uulTURh3qtUEUnMNtgcA6.wav,
6KIhgRkprgyJNERRMu7Quh,Có Em Chờ,MIN,_YzngEllRgM,MIN - Có Em Chờ ft. Mr A (Official MV),success,2,data\raw\audio\6KIhgRkprgyJNERRMu7Quh.wav,
5U30iZBlmxkpHqzb1OSnBS,Yêu 5,Rhymastic,y576-ONm5II,Lyrics || YÊU 5 - Rhymastic,success,1,data\raw\audio\5U30iZBlmxkpHqzb1OSnBS.wav,
5wYQC7AuxV8ROALWcbVNxc,Giữ Anh Cho Ngày Hôm Qua,Hoàng Dũng,IADhKnmQMtk,HOÀNG DŨNG - GIỮ ANH CHO NGÀY HÔM QUA (feat. RHYMASTIC) | OFFICIAL MUSIC VIDEO,success,1,data\raw\audio\5wYQC7AuxV8ROALWcbVNxc.wav,
527UV7H9SbnmTVkxBVg56X,Chắc Ai Đó Sẽ Về,Sơn Tùng M-TP,obUwyRm6hac,Chắc Ai Đó Sẽ Về,success,1,data\raw\audio\527UV7H9SbnmTVkxBVg56X.wav,
6Qwl74olNi1rl65FNxG5We,Và Thế Giới Đã Mất Đi Một Người Cô Đơn,marzuz,SDNEti5YyJU,Và Thế Giới Đã Mất Đi Một Người Cô Đơn,success,1,data\raw\audio\6Qwl74olNi1rl65FNxG5We.wav,
6GM4ZOBDcDroldUxI8GZ2B,Ai Ngoài Anh,VSTRA,cthtCRmTcgA,VSTRA - Ai Ngoài Anh (Official Audio),success,1,data\raw\audio\6GM4ZOBDcDroldUxI8GZ2B.wav,
0t8g66pWghsU8MphjUQIdg,Cảm Ơn Người Đã Thức Cùng Tôi - Original Soundtrack,Phùng Khánh Linh,J3IRYx3PzzM,Cảm Ơn Người Đã Thức Cùng Tôi - Phùng Khánh Linh - Official Lyrics Video - Themesong,success,1,data\raw\audio\0t8g66pWghsU8MphjUQIdg.wav,
5DB1UwivnS4gmcZ27TiYnE,Người Đầu Tiên,Juky San,HuQdbV_LhvY,"NGƯỜI ĐẦU TIÊN (Feat. EM XINH ""SAY HI"", Juky San)",success,1,data\raw\audio\5DB1UwivnS4gmcZ27TiYnE.wav,
6GUKRhIsWxA7VuZW8MKQLG,Không Thời Gian,Dương Domic,QGa6FL98h-c,Không Thời Gian - Dương Domic (Official Visualizer),success,1,data\raw\audio\6GUKRhIsWxA7VuZW8MKQLG.wav,
66LE366537RxmOur0DcGFH,Vừa Tìm Thấy Đã Đánh Mất,Wren Evans,zqYVY9nKg24,Vừa Tìm Thấy Đã Đánh Mất,success,1,data\raw\audio\66LE366537RxmOur0DcGFH.wav,
4D1eaEIisnWCVPMnYuMh7q,漫步香港1999,白浩贤BlueC,n8OFt4fqO6Q,森海 MORI Ep.01 | 布鲁昔 - 漫步香港1999 / Wandering in Hong Kong 1999 (4K),success,1,data\raw\audio\4D1eaEIisnWCVPMnYuMh7q.wav,
43BJVWcBzHRIDaQCg7abnX,Champion,BLACKPINK,PgOGYHPoPsE,BLACKPINK - ‘Champion’ (Official Audio),success,1,data\raw\audio\43BJVWcBzHRIDaQCg7abnX.wav,
6s3w7SUVtmm68Bw5KrKMh0,One More Night,BTS,471JvbFq1Mw,One More Night,success,1,data\raw\audio\6s3w7SUVtmm68Bw5KrKMh0.wav,
66v7AvDs5gZfmkJgFMMtHL,A Little Dream Of Me,Công Dương,6Lrb6Yf21m8,A Little Dream of Me - Công Dương ft. Thảo Tâm - MV/Best Cut - Cảm Ơn Người Đã Thức Cùng Tôi OST,success,1,data\raw\audio\66v7AvDs5gZfmkJgFMMtHL.wav,
3VkV6L37ub0rtuYQoawAqz,Tình Mình Lạ Kì,Lil Zpoet,Rf7hLmGaEFc,[FMV]  LIL Z - Tình Mình Lạ Kì | Can This Love Be Translated?,success,1,data\raw\audio\3VkV6L37ub0rtuYQoawAqz.wav,
5tmA5oQDF0ULqRI12LKCDw,Chiều Hôm Ấy,JayKii,SA35ldy92s0,JayKii | CHIỀU HÔM ẤY (Official MV),success,1,data\raw\audio\5tmA5oQDF0ULqRI12LKCDw.wav,
4SqE2XLtd1AfppGm2xlkf4,Nắng Ấm Xa Dần,Sơn Tùng M-TP,488ceQWoGGw,Nắng Ấm Xa Dần - Sơn Tùng M-TP,success,1,data\raw\audio\4SqE2XLtd1AfppGm2xlkf4.wav,
3W77mLoXjQEkNjxvYRifjG,tâm trí lang thang,Ánh Sáng AZA,5vlaJk_p07c,tâm trí lang thang - Ánh Sáng AZA ft. Negav (Official Visualizer),success,1,data\raw\audio\3W77mLoXjQEkNjxvYRifjG.wav,
15yC0BCinDyknKpjk0VLku,Tết Nhà Mình,Hoà Minzy,ZYk8QscZTbA,Tết Nhà Mình - Hòa Minzy & Lăng LD | Gala Nhạc Việt 15,success,1,data\raw\audio\15yC0BCinDyknKpjk0VLku.wav,
2HEd2fkMbbIclpv8pYvWW0,để dành cho em,Dangrangto,QxXYWMIQAcQ,Dangrangto - 'để dành cho em' (Visualizer),success,1,data\raw\audio\2HEd2fkMbbIclpv8pYvWW0.wav,
0NyrI1tMvqcK3vU5z9DMdI,She Neva Knows,JustaTee,NU-OIRTiVsM,JustaTee - She Neva Knows ( Original ),success,1,data\raw\audio\0NyrI1tMvqcK3vU5z9DMdI.wav,
0a32EBPjqAe47cYDPE5Ia5,Em,Binz,6uVJqD2hSGQ,07. Em - Binz (feat. SOOBIN) | Gặp Lại Album,success,1,data\raw\audio\0a32EBPjqAe47cYDPE5Ia5.wav,
6BnPsHZv1jPbPAsQsm0s5b,Nếu Như Ta Chẳng Còn,RPT MCK,rYWLIJB214Q,Nếu Như Ta Chẳng Còn - MCK (ft. A$AP Ướt Mi),success,1,data\raw\audio\6BnPsHZv1jPbPAsQsm0s5b.wav,
2KslE17cAJNHTsI2MI0jb2,Standing Next to You,Jung Kook,UNo0TG9LwwI,정국 (Jung Kook) 'Standing Next to You' Official MV,success,1,data\raw\audio\2KslE17cAJNHTsI2MI0jb2.wav,
11T61UpoNbbcewOMl1kcWN,Dạo Bước HongKong 1999,NHONHO,FZZBvg_D-Z0,Dạo Bước HongKong 1999,success,1,data\raw\audio\11T61UpoNbbcewOMl1kcWN.wav,
0GXZXSDFSbJjqdGifjSaig,Sớm Như Vậy,buitruonglinh,aqEjQyNTP8c,Sớm Như Vậy / Buitruonglinh (Lyrics Video),success,1,data\raw\audio\0GXZXSDFSbJjqdGifjSaig.wav,
6mKMGpkgP2cH5gmqILWe7b,vết thương,Fishy,LIKOvbJ-DZg,fishy - VẾT THƯƠNG - OFFICIAL MUSIC VIDEO,success,2,data\raw\audio\6mKMGpkgP2cH5gmqILWe7b.wav,
0hB27T4dy9qBUcZabsrLOj,Dạo Gần Đây Anh Thấy Anh Không Bằng Ai Hết,HIEUTHUHAI,wHwRdqJ3TD4,HIEUTHUHAI - Dạo Gần Đây Anh Thấy Anh Không Bằng Ai Hết (prod. by Kewtiie) | Official Lyric Video,success,1,data\raw\audio\0hB27T4dy9qBUcZabsrLOj.wav,
1UhQ0VwKq2PGnLiAZOJYV1,Em,Binz,CU2PtRKBkuw,Em - Binz,success,1,data\raw\audio\1UhQ0VwKq2PGnLiAZOJYV1.wav,
0pavLg3wbL6PVXAgXoWv4S,Một Nửa Sự Thật,24k.Right,xnIIoan7ft8,"24K.RIGHT - MỘT NỬA SỰ THẬT [feat. NGẮN, HIPZ] | OFFICIAL MUSIC VIDEO",success,1,data\raw\audio\0pavLg3wbL6PVXAgXoWv4S.wav,
4nyoalDFgUaZOzIKqj3aS5,Ngàn Năm Ánh Sáng,Đặng Vĩnh Thịnh,5aU6EXel1Cs,NGÀN NĂM ÁNH SÁNG - ĐẶNG VĨNH THỊNH (Official Lyric Video),success,1,data\raw\audio\4nyoalDFgUaZOzIKqj3aS5.wav,
22GCbN9OyrCa1tC1jZnX8O,Gội Đầu,Thắng,d411rY1RrB0,Gội Đầu (feat. Hà Lê),success,1,data\raw\audio\22GCbN9OyrCa1tC1jZnX8O.wav,
6IxPiUQI4Cd0mL0pBIOjAg,Hết Yêu,HIEUTHUHAI,Cmz5f3Sock4,HIEUTHUHAI - Hết Yêu (prod. by Kewtiie) | Official Lyric Video,success,1,data\raw\audio\6IxPiUQI4Cd0mL0pBIOjAg.wav,
71luUs5K7N1fdf7ecMKg04,Cho Con (Lullaby pt.2),B Ray,ERABWON9Qck,[UNhiddenGem Mixtape] 3. Cho Con (Lullaby pt.2)  - B Ray,success,1,data\raw\audio\71luUs5K7N1fdf7ecMKg04.wav,
4wD6v7xAl1Hhfl2rli4q0n,Vacheron Louie V,HIEUTHUHAI,UUGScGFbPxk,HIEUTHUHAI - Vacheron Louie V ft. Hustlang Robber (prod. by Kewtiie) | Official Lyric Video,success,1,data\raw\audio\4wD6v7xAl1Hhfl2rli4q0n.wav,
6ag0c7tBr3PIqPb00C2rK4,NGƯỜI NHƯ ANH XỨNG ĐÁNG CÔ ĐƠN - KHÔNG ĐAU NỮA RỒI,VCT,w-Ele0UMXr0,"NGƯỜI NHƯ ANH XỨNG ĐÁNG CÔ ĐƠN - Vũ Cát Tường, Ngô Kiến Huy, NEGAV, Jey B, Karik |[Performance]",success,1,data\raw\audio\6ag0c7tBr3PIqPb00C2rK4.wav,
1r9gNSD1WUFscqTSA2Rcet,Hẹn Lần Sau,MAYDAYs,44D1CzNtbG0,Hẹn Lần Sau - MAYDAYs (Official Visualizer),success,1,data\raw\audio\1r9gNSD1WUFscqTSA2Rcet.wav,
1VyXprVXZYNGWWZf1u4JfN,Blue Lips,CORTIS,hOIY3OhvD94,CORTIS (코르티스) 'Blue Lips' Official MV,success,1,data\raw\audio\1VyXprVXZYNGWWZf1u4JfN.wav,
0KA8tBqZ81mBe2po59GK5j,Trạng Thái Mộng Mơ,Đỗ Hoàng Long,mp0c6OMtvGA,Trạng Thái Mộng Mơ,success,1,data\raw\audio\0KA8tBqZ81mBe2po59GK5j.wav,
5YPU2SdqR2pOsfFs5AW25q,Kém Duyên,Rum,cvoyUIIAdrY,KÉM DUYÊN | RUM X NIT X MASEW,success,1,data\raw\audio\5YPU2SdqR2pOsfFs5AW25q.wav,
2w7jOvl0kpplNxisgfnCdT,Nếu Biết Đó Là Lần Cuối,Đức Trường,HmB5x6wu79E,NẾU BIẾT ĐÓ LÀ LẦN CUỐI - ĐỨC TRƯỜNG (OFFICIAL MUSIC VIDEO),success,1,data\raw\audio\2w7jOvl0kpplNxisgfnCdT.wav,
5UUNrCgGtC6JOrATM3y3ZT,Sắp Nổi Tiếng 2,HIEUTHUHAI,LDv_xwt2MMY,HIEUTHUHAI - Sắp Nổi Tiếng 2 (prod. by Kewtiie) | Official Lyric Video,success,1,data\raw\audio\5UUNrCgGtC6JOrATM3y3ZT.wav,
4TmcmTzr88j02kCDh19VNt,SECRET,"TINH HÀ ""SAY HI""",tP5sWLmk2Iw,SECRET | TINH HÀ SAY HI | OFFICIAL VISUALIZER,success,1,data\raw\audio\4TmcmTzr88j02kCDh19VNt.wav,
7aBUKC55ymgBw7M5gdppte,MRT,"TINH HÀ ""SAY HI""",ZTbziS5_eso,MRT | TINH HÀ SAY HI | OFFICIAL VISUALIZER,success,1,data\raw\audio\7aBUKC55ymgBw7M5gdppte.wav,
73RcFjiDtStfP3GCW44vJu,Ngày Rời Chuyến Bay,Minh Huy,sPQXOA6pzOg,Minh Huy - Ngày Rời Chuyến Bay ft Pinny ( Official Music Video ),success,1,data\raw\audio\73RcFjiDtStfP3GCW44vJu.wav,
1IWEzoYndBj6ntPQ1nYiFP,LAVIEM,"TINH HÀ ""SAY HI""",Jv6oLh4FO-E,LAVIEM | TINH HÀ SAY HI | OFFICIAL VISUALIZER,success,1,data\raw\audio\1IWEzoYndBj6ntPQ1nYiFP.wav,
6CTdPSNvUYw7UjerVIkUia,xương rồng (intro),Dangrangto,4jjOH2FR6-E,Dangrangto - 'xương rồng (intro)' (Prod. DONAL),success,1,data\raw\audio\6CTdPSNvUYw7UjerVIkUia.wav,
4VjLWbQhf8KUPMeuBO5H55,MVP (MƯA VỘI PHÓNG),"TINH HÀ ""SAY HI""",_5ccR5Fjf0g,TINH HÀ SAY HI - MVP (Mưa Vội Phóng) Lyrics (Color Coded Lyrics),success,1,data\raw\audio\4VjLWbQhf8KUPMeuBO5H55.wav,
0CY9y1F7RcRSV3raHljdxu,THẾ GIỚI CỦA ANH,"TINH HÀ ""SAY HI""",w_oVLeAsI2c,THẾ GIỚI CỦA ANH | TINH HÀ SAY HI | OFFICIAL VISUALIZER,success,1,data\raw\audio\0CY9y1F7RcRSV3raHljdxu.wav,
4HjBeRYorM50d1rCrl853a,50 CUỘC GỌI NHỠ,"TINH HÀ ""SAY HI""",pbAc78KfJNA,"Quang Hùng MasterD - ‘50 Cuộc Gọi Nhỡ’ (ft. CoolKid, Cody Nam Võ, Jaysonlei) / TINH HÀ SAY HI",success,1,data\raw\audio\4HjBeRYorM50d1rCrl853a.wav,
6Zoi4ue74UdUeYmHXItXnf,Vùng An Toàn,B Ray,_XX248bq6Pw,[CHO BẢO] 02. Vùng An Toàn - B Ray (ft. V#) - Prod. Hipz,success,1,data\raw\audio\6Zoi4ue74UdUeYmHXItXnf.wav,
0eAuGrXyGFYwur9ARUe7LJ,Earrings,Malcolm Todd,a4tdS3IB294,Malcolm Todd - Earrings (Official Visualizer),success,1,data\raw\audio\0eAuGrXyGFYwur9ARUe7LJ.wav,
5jCSifehmtV2KDWLoXgA8F,MOVE ON,Anh Trai Vượt Ngàn Chông Gai,hV0Ik2F39KY,MOVE ON,success,1,data\raw\audio\5jCSifehmtV2KDWLoXgA8F.wav,
50xuQI5QlXggFKpq66IBON,Sandwich & Story,MONO,xxe5d9QJav4,Sandwich & Story - MONO (BEAUTIFUL MELODY Album - Track No. 04),success,1,data\raw\audio\50xuQI5QlXggFKpq66IBON.wav,
3bmqUlen7AJeTh3EKCEPHe,CÔ ĐƠN ANH CŨNG VUI,"TINH HÀ ""SAY HI""",irl_V_crE2g,CÔ ĐƠN ANH CŨNG VUI | TINH HÀ SAY HI | OFFICIAL VISUALIZER,success,1,data\raw\audio\3bmqUlen7AJeTh3EKCEPHe.wav,
5tdz7T4hTxA1ipJMBe24uX,"ex's hate me, Pt.2",AMEE,86htdJAHF-E,AMEE x B RAY - Ex’s Hate Me (Part 2) | Lyric Video (from album “dreAMEE”),success,1,data\raw\audio\5tdz7T4hTxA1ipJMBe24uX.wav,
20jbSiX29FDX4oQxBXyUEi,hate that i made you love me,Ariana Grande,v1t4MTqdfyI,Ariana Grande - hate that i made you love me (official lyric video),success,2,data\raw\audio\20jbSiX29FDX4oQxBXyUEi.wav,
6Q2oEdOhRjZ1DTv2a7j0lN,Ghé Qua,PC,W2FRMzCuPzY,Ghé Qua - Dick x Tofu x PC [Official Audio],success,1,data\raw\audio\6Q2oEdOhRjZ1DTv2a7j0lN.wav,
7Ldcvhcl4Xj4eOTSWpZus5,ACAI,CORTIS,nCElUD0jvgo,CORTIS (코르티스) 'ACAI' Official MV,success,2,data\raw\audio\7Ldcvhcl4Xj4eOTSWpZus5.wav,
6LakfNLAPklxBWkexiRfD0,ĐỢI,52Hz,cizoIav3geY,ĐỢI - 52Hz (prod. RIO) | Official Lyric Video,success,1,data\raw\audio\6LakfNLAPklxBWkexiRfD0.wav,
3H6nzsPNMttEvUl3ai3xN8,Vùng Ký Ức,Chillies,T0sHaz4H9MQ,Vùng Ký Ức - Chillies (Official Music Video),success,1,data\raw\audio\3H6nzsPNMttEvUl3ai3xN8.wav,
6E3P4uOfKHYXJLK6Q3s0Tj,Cơn Mưa Cuối,JustaTee,-esiEI4HTdk,(Lyric Video) Cơn Mưa Cuối - JustaTee x Binz,success,1,data\raw\audio\6E3P4uOfKHYXJLK6Q3s0Tj.wav,
65st6HfPZyxq1RNTvqSIos,Thu Đợi,Wren Evans,BIbgncfLpl0,WREN EVANS - THU ĐỢI | OFFICIAL LYRICS VIDEO (ft. itsnk),success,1,data\raw\audio\65st6HfPZyxq1RNTvqSIos.wav,
