spotify_track_id,market,chart_date,rank,streams
0vR2rIVORmgeKiGIgNT0fV,US,2021-06-10,116,1834597
0vR2rIVORmgeKiGIgNT0fV,KR,2021-06-10,90,14283
0vR2rIVORmgeKiGIgNT0fV,KR,2021-06-17,142,10697
0vR2rIVORmgeKiGIgNT0fV,KR,2021-07-01,165,11525
0vR2rIVORmgeKiGIgNT0fV,KR,2021-07-08,200,9716
7Jpb9OejYYIwsBIVQwceRy,KR,2026-08-27,115,96154
7Jpb9OejYYIwsBIVQwceRy,KR,2026-09-03,21,255883
7Jpb9OejYYIwsBIVQwceRy,KR,2026-09-10,23,252572
7Jpb9OejYYIwsBIVQwceRy,KR,2026-09-17,27,234596
3DNvKQeuZNaLxcStAhMasl,KR,2026-04-02,29,244363
3DNvKQeuZNaLxcStAhMasl,KR,2026-04-09,28,225179
3DNvKQeuZNaLxcStAhMasl,KR,2026-04-16,53,161851
3DNvKQeuZNaLxcStAhMasl,KR,2026-04-23,138,109096
3Ce7m66BjXf97IDrvUVGbP,KR,2026-04-09,31,219576
3Ce7m66BjXf97IDrvUVGbP,KR,2026-04-16,36,195903
3Ce7m66BjXf97IDrvUVGbP,KR,2026-04-23,48,160618
3Ce7m66BjXf97IDrvUVGbP,KR,2026-04-30,90,120368
7IbvjT2EMzYFDUiu0VpkuN,KR,2026-04-02,35,221588
7IbvjT2EMzYFDUiu0VpkuN,KR,2026-04-09,42,186810
7IbvjT2EMzYFDUiu0VpkuN,KR,2026-04-16,73,133509
7IbvjT2EMzYFDUiu0VpkuN,KR,2026-04-23,171,99822
6TUuxnabfrlNbFi0FJSz5G,KR,2026-04-09,51,164118
6TUuxnabfrlNbFi0FJSz5G,KR,2026-04-16,33,208162
6TUuxnabfrlNbFi0FJSz5G,KR,2026-04-23,71,133429
6TUuxnabfrlNbFi0FJSz5G,KR,2026-04-30,161,95324
6tTz1LRQ89JkBdD9iUBPO9,KR,2026-04-09,37,196046
6tTz1LRQ89JkBdD9iUBPO9,KR,2026-04-16,42,178503
6tTz1LRQ89JkBdD9iUBPO9,KR,2026-04-23,83,129305
6tTz1LRQ89JkBdD9iUBPO9,KR,2026-04-30,171,93870
5XQw9UwZuHeXs5tO83nhYy,KR,2026-04-16,40,178660
5XQw9UwZuHeXs5tO83nhYy,KR,2026-04-23,37,180739
5XQw9UwZuHeXs5tO83nhYy,KR,2026-04-30,59,139462
5XQw9UwZuHeXs5tO83nhYy,KR,2026-05-07,157,93875
1TtqALMlSp0o2RUu91Auz8,KR,2026-08-27,103,100504
1TtqALMlSp0o2RUu91Auz8,KR,2026-09-03,44,185172
1TtqALMlSp0o2RUu91Auz8,KR,2026-09-10,48,170603
1TtqALMlSp0o2RUu91Auz8,KR,2026-09-17,74,136073
08aIVRb9ucpxKdAJb50HAx,KR,2026-04-23,80,130847
08aIVRb9ucpxKdAJb50HAx,KR,2026-04-30,27,205605
08aIVRb9ucpxKdAJb50HAx,KR,2026-05-07,49,145768
08aIVRb9ucpxKdAJb50HAx,KR,2026-05-14,104,106490
1d6kunWR5HXPjhzuMuRog5,KR,2026-06-11,41,186831
1d6kunWR5HXPjhzuMuRog5,KR,2026-06-18,51,169276
1d6kunWR5HXPjhzuMuRog5,KR,2026-06-25,70,125687
1d6kunWR5HXPjhzuMuRog5,KR,2026-07-02,165,90502
3MC7fwjrvN8Qz4Ky9L45qy,KR,2026-03-26,39,198729
3MC7fwjrvN8Qz4Ky9L45qy,KR,2026-04-02,53,157927
3MC7fwjrvN8Qz4Ky9L45qy,KR,2026-04-09,116,108742
3MC7fwjrvN8Qz4Ky9L45qy,KR,2026-04-16,199,89904
0BlndWgd48bhj9ui9xiEtS,KR,2026-06-18,164,95259
0BlndWgd48bhj9ui9xiEtS,KR,2026-06-25,36,203169
0BlndWgd48bhj9ui9xiEtS,KR,2026-07-02,54,145266
0BlndWgd48bhj9ui9xiEtS,KR,2026-07-09,83,107648
1p8jrcf4HP5RtXS9h0yVuU,KR,2026-04-16,51,163603
1p8jrcf4HP5RtXS9h0yVuU,KR,2026-04-23,57,148741
1p8jrcf4HP5RtXS9h0yVuU,KR,2026-04-30,98,116436
1p8jrcf4HP5RtXS9h0yVuU,KR,2026-05-07,185,86969
6GSdBUjAnJmIjxMAYz5WCa,KR,2026-05-28,100,109872
6GSdBUjAnJmIjxMAYz5WCa,KR,2026-06-04,59,141971
6GSdBUjAnJmIjxMAYz5WCa,KR,2026-06-11,64,132219
6GSdBUjAnJmIjxMAYz5WCa,KR,2026-06-18,112,108448
35kftu3tYZnhWFBuKGyS1p,KR,2026-07-16,52,136788
35kftu3tYZnhWFBuKGyS1p,KR,2026-07-23,73,120242
35kftu3tYZnhWFBuKGyS1p,KR,2026-07-30,90,114903
35kftu3tYZnhWFBuKGyS1p,KR,2026-08-06,154,90522
27x2IrIGwr56QWkqJ4cu9I,KR,2025-09-11,129,71205
27x2IrIGwr56QWkqJ4cu9I,KR,2025-09-18,30,166085
27x2IrIGwr56QWkqJ4cu9I,KR,2025-09-25,49,123011
27x2IrIGwr56QWkqJ4cu9I,KR,2025-10-02,106,80468
0F6XPZ5gxXC1zaiaDhrV73,KR,2026-06-18,84,119044
0F6XPZ5gxXC1zaiaDhrV73,KR,2026-06-25,133,99846
0F6XPZ5gxXC1zaiaDhrV73,KR,2026-07-02,75,122423
0F6XPZ5gxXC1zaiaDhrV73,KR,2026-07-09,111,95915
3XA1fxXtO6khwi4Eb7oL1B,KR,2026-05-28,162,94240
3XA1fxXtO6khwi4Eb7oL1B,KR,2026-06-04,82,118538
3XA1fxXtO6khwi4Eb7oL1B,KR,2026-06-11,79,122479
3XA1fxXtO6khwi4Eb7oL1B,KR,2026-06-18,179,92698
227IgqbtZJtyODxqJ4wazb,KR,2026-06-18,64,130400
227IgqbtZJtyODxqJ4wazb,KR,2026-06-25,93,112079
227IgqbtZJtyODxqJ4wazb,KR,2026-07-02,115,102034
227IgqbtZJtyODxqJ4wazb,KR,2026-07-09,196,79328
10aWlzB6sD6iF58yKPMgVB,KR,2026-07-16,81,110616
10aWlzB6sD6iF58yKPMgVB,KR,2026-07-23,101,106939
10aWlzB6sD6iF58yKPMgVB,KR,2026-07-30,104,107852
10aWlzB6sD6iF58yKPMgVB,KR,2026-08-06,139,94583
1nEhhkEidrTOtc46fCvRFp,KR,2025-11-27,144,72523
1nEhhkEidrTOtc46fCvRFp,KR,2025-12-04,27,151003
1nEhhkEidrTOtc46fCvRFp,KR,2025-12-11,67,105308
1nEhhkEidrTOtc46fCvRFp,KR,2025-12-18,117,80681
00x6bVmgpINfHaxUQWv2OY,KR,2026-03-05,78,107383
00x6bVmgpINfHaxUQWv2OY,KR,2026-03-12,90,95780
00x6bVmgpINfHaxUQWv2OY,KR,2026-03-19,109,93145
00x6bVmgpINfHaxUQWv2OY,KR,2026-03-26,171,84946
2Zr9Wogx6N95V7meyHYGEj,KR,2026-03-26,128,96087
2Zr9Wogx6N95V7meyHYGEj,KR,2026-04-02,128,99554
2Zr9Wogx6N95V7meyHYGEj,KR,2026-04-09,160,94364
2Zr9Wogx6N95V7meyHYGEj,KR,2026-04-16,194,90543
60DwXD4XZgBGMRwViDqBm6,KR,2025-05-22,57,98367
60DwXD4XZgBGMRwViDqBm6,KR,2025-05-29,41,118989
60DwXD4XZgBGMRwViDqBm6,KR,2025-06-05,79,81673
60DwXD4XZgBGMRwViDqBm6,KR,2025-06-12,126,65960
4C2KCXzqC0kwNyTilyRLUx,KR,2025-02-27,54,109382
4C2KCXzqC0kwNyTilyRLUx,KR,2025-03-06,40,125088
4C2KCXzqC0kwNyTilyRLUx,KR,2025-03-13,102,75935
4C2KCXzqC0kwNyTilyRLUx,KR,2025-03-20,186,53949
7oT5JOWwxnwcZRI6NLzhWs,KR,2026-08-20,200,79072
7oT5JOWwxnwcZRI6NLzhWs,KR,2026-09-03,195,84908
7oT5JOWwxnwcZRI6NLzhWs,KR,2026-09-10,180,89704
7oT5JOWwxnwcZRI6NLzhWs,KR,2026-09-17,171,98259
5SQPTxNUunDOhBMOggDmX7,KR,2026-08-06,174,84990
5SQPTxNUunDOhBMOggDmX7,KR,2026-08-27,189,81550
5SQPTxNUunDOhBMOggDmX7,KR,2026-09-03,171,90259
5SQPTxNUunDOhBMOggDmX7,KR,2026-09-10,176,91051
6fmhKXTt98FlguELVyqVOf,KR,2025-05-22,78,84506
6fmhKXTt98FlguELVyqVOf,KR,2025-05-29,43,117912
6fmhKXTt98FlguELVyqVOf,KR,2025-06-05,81,80843
6fmhKXTt98FlguELVyqVOf,KR,2025-06-12,142,62843
5Q4DLsIx0Fl0IDCCWHsLlH,KR,2025-06-19,55,106112
5Q4DLsIx0Fl0IDCCWHsLlH,KR,2025-06-26,68,96491
5Q4DLsIx0Fl0IDCCWHsLlH,KR,2025-07-03,96,79508
5Q4DLsIx0Fl0IDCCWHsLlH,KR,2025-07-10,167,57470
0YjIGs3jqdOgJxHCRWvDS1,KR,2025-06-19,70,93347
0YjIGs3jqdOgJxHCRWvDS1,KR,2025-06-26,77,90128
0YjIGs3jqdOgJxHCRWvDS1,KR,2025-07-03,111,75060
0YjIGs3jqdOgJxHCRWvDS1,KR,2025-07-10,106,71926
5o4U0weUIAXolji4sEAnjI,KR,2025-03-20,54,109909
5o4U0weUIAXolji4sEAnjI,KR,2025-03-27,62,96735
5o4U0weUIAXolji4sEAnjI,KR,2025-04-03,117,67027
5o4U0weUIAXolji4sEAnjI,KR,2025-04-10,179,53637
1Hw8WhXlRjfUFDMykf92gA,KR,2025-03-20,74,98178
1Hw8WhXlRjfUFDMykf92gA,KR,2025-03-27,70,92745
1Hw8WhXlRjfUFDMykf92gA,KR,2025-04-03,114,67706
1Hw8WhXlRjfUFDMykf92gA,KR,2025-04-10,178,53685
5XsrVitCrmP41A6pq827Yq,KR,2025-08-21,87,83616
5XsrVitCrmP41A6pq827Yq,KR,2025-08-28,73,89759
5XsrVitCrmP41A6pq827Yq,KR,2025-09-04,125,71662
5XsrVitCrmP41A6pq827Yq,KR,2025-09-11,178,63310
0ofqcEBPdlyczRjUhjCiIS,KR,2025-01-16,64,90278
0ofqcEBPdlyczRjUhjCiIS,KR,2025-01-23,72,87993
0ofqcEBPdlyczRjUhjCiIS,KR,2025-01-30,106,60429
0ofqcEBPdlyczRjUhjCiIS,KR,2025-02-06,134,55034
1DSDmBpBFHObaeKo1WTstK,KR,2025-05-15,144,59645
1DSDmBpBFHObaeKo1WTstK,KR,2025-05-22,60,94006
1DSDmBpBFHObaeKo1WTstK,KR,2025-05-29,93,76007
1DSDmBpBFHObaeKo1WTstK,KR,2025-06-05,144,62105
6tmlmf1h3v9mIJqPAlCbzY,KR,2025-05-29,102,72235
6tmlmf1h3v9mIJqPAlCbzY,KR,2025-06-05,55,95816
6tmlmf1h3v9mIJqPAlCbzY,KR,2025-06-12,125,66052
6tmlmf1h3v9mIJqPAlCbzY,KR,2025-06-19,190,56728
1Uxr0oBXAZRuLkAz27TkLc,KR,2024-11-21,75,75555
1Uxr0oBXAZRuLkAz27TkLc,KR,2024-11-28,66,96567
1Uxr0oBXAZRuLkAz27TkLc,KR,2024-12-05,100,68367
1Uxr0oBXAZRuLkAz27TkLc,KR,2024-12-12,179,47446
15c7KZTrsCUxCQcOdUVELc,KR,2025-04-10,195,50412
15c7KZTrsCUxCQcOdUVELc,KR,2025-04-17,199,51503
15c7KZTrsCUxCQcOdUVELc,KR,2026-04-02,185,85852
15c7KZTrsCUxCQcOdUVELc,KR,2026-04-09,182,88279
5UuOwk4n77Z62CypOgly5n,KR,2025-06-19,127,68701
5UuOwk4n77Z62CypOgly5n,KR,2025-06-26,108,76410
5UuOwk4n77Z62CypOgly5n,KR,2025-07-03,133,68692
5UuOwk4n77Z62CypOgly5n,KR,2025-07-10,162,58416
0Yox4FlUiFAtWVrSJhPheU,KR,2024-12-12,85,80785
0Yox4FlUiFAtWVrSJhPheU,KR,2024-12-19,102,66876
0Yox4FlUiFAtWVrSJhPheU,KR,2024-12-26,106,64079
0Yox4FlUiFAtWVrSJhPheU,KR,2025-01-02,153,48712
0VrZodRby4IfK3rZIxSajI,KR,2024-07-04,96,52924
0VrZodRby4IfK3rZIxSajI,KR,2024-07-11,39,100111
0VrZodRby4IfK3rZIxSajI,KR,2024-07-18,76,63871
0VrZodRby4IfK3rZIxSajI,KR,2024-07-25,147,37408
7jKekT7CT9hmvLjWtht5Oi,KR,2025-01-09,95,68780
7jKekT7CT9hmvLjWtht5Oi,KR,2025-01-16,102,71286
7jKekT7CT9hmvLjWtht5Oi,KR,2025-01-23,134,56530
7jKekT7CT9hmvLjWtht5Oi,KR,2025-01-30,171,47271
6ZpoRaO2cfXR1dti2N4TLs,KR,2024-11-07,132,54266
6ZpoRaO2cfXR1dti2N4TLs,KR,2024-11-14,70,79353
6ZpoRaO2cfXR1dti2N4TLs,KR,2024-11-21,109,60108
6ZpoRaO2cfXR1dti2N4TLs,KR,2024-11-28,167,48564
0nE98tyBe5oz0BfrAzTEfY,KR,2024-11-28,112,60307
0nE98tyBe5oz0BfrAzTEfY,KR,2024-12-05,108,66093
0nE98tyBe5oz0BfrAzTEfY,KR,2024-12-12,135,57776
0nE98tyBe5oz0BfrAzTEfY,KR,2024-12-19,177,48268
3wluV5HGCW1Dq1CYsjIdLu,KR,2024-08-22,77,57133
3wluV5HGCW1Dq1CYsjIdLu,KR,2024-08-29,42,82562
3wluV5HGCW1Dq1CYsjIdLu,KR,2024-09-05,118,49611
3wluV5HGCW1Dq1CYsjIdLu,KR,2024-09-12,146,41565
411fZBnpfU4eIDIZmDKswx,KR,2024-09-05,35,91966
411fZBnpfU4eIDIZmDKswx,KR,2024-09-12,84,58084
411fZBnpfU4eIDIZmDKswx,KR,2024-09-19,140,39827
411fZBnpfU4eIDIZmDKswx,KR,2024-09-26,154,39243
7qBtrHeh3R41pfe9t0j5ZP,KR,2024-12-19,132,54974
7qBtrHeh3R41pfe9t0j5ZP,KR,2024-12-26,87,72466
7qBtrHeh3R41pfe9t0j5ZP,KR,2025-01-02,151,48781
7qBtrHeh3R41pfe9t0j5ZP,KR,2025-01-09,144,52502
6VG3H64odw9YFcvY0NUZpL,KR,2024-10-17,133,49438
6VG3H64odw9YFcvY0NUZpL,KR,2024-10-24,94,69539
6VG3H64odw9YFcvY0NUZpL,KR,2024-10-31,134,58240
6VG3H64odw9YFcvY0NUZpL,KR,2024-11-07,162,48696
1RF5Sh64ddycjZJ5WGLWZr,KR,2024-05-30,35,101894
1RF5Sh64ddycjZJ5WGLWZr,KR,2024-06-06,93,51483
1RF5Sh64ddycjZJ5WGLWZr,KR,2024-06-13,153,36912
1RF5Sh64ddycjZJ5WGLWZr,KR,2024-06-20,200,30943
6G3myAs4HemIdtLYhhjGLP,KR,2024-03-21,26,97068
6G3myAs4HemIdtLYhhjGLP,KR,2024-03-28,85,50998
6G3myAs4HemIdtLYhhjGLP,KR,2024-04-04,125,38771
6G3myAs4HemIdtLYhhjGLP,KR,2024-04-11,168,33206
1gh9hWNAzDR46rn52uyoiV,KR,2025-03-27,167,55277
1gh9hWNAzDR46rn52uyoiV,KR,2025-04-03,198,50168
1gh9hWNAzDR46rn52uyoiV,KR,2025-04-10,161,57062
1gh9hWNAzDR46rn52uyoiV,KR,2025-04-17,183,53941
2AIdJeRi6mlNXhJRdqlm0A,KR,2023-07-06,47,65764
2AIdJeRi6mlNXhJRdqlm0A,KR,2023-07-13,50,65958
2AIdJeRi6mlNXhJRdqlm0A,KR,2023-07-20,112,43505
2AIdJeRi6mlNXhJRdqlm0A,KR,2023-07-27,159,32442
5IY8i6WnkqvmRnIrF4lqDx,KR,2024-06-06,74,59296
5IY8i6WnkqvmRnIrF4lqDx,KR,2024-06-13,68,64478
5IY8i6WnkqvmRnIrF4lqDx,KR,2024-06-20,101,47898
5IY8i6WnkqvmRnIrF4lqDx,KR,2024-06-27,156,34764
20uUaRkfRJZG15mXfn7LaU,KR,2024-02-22,78,51459
20uUaRkfRJZG15mXfn7LaU,KR,2024-02-29,50,69634
20uUaRkfRJZG15mXfn7LaU,KR,2024-03-07,93,45634
20uUaRkfRJZG15mXfn7LaU,KR,2024-03-14,145,35357
6BteP1uOVCsGfA58E3L8Fu,KR,2023-07-06,57,62355
6BteP1uOVCsGfA58E3L8Fu,KR,2023-07-13,55,62557
6BteP1uOVCsGfA58E3L8Fu,KR,2023-07-20,105,44119
6BteP1uOVCsGfA58E3L8Fu,KR,2023-07-27,160,32426
6e5L42GYpMs0jHODC9VEes,KR,2024-09-05,78,62251
6e5L42GYpMs0jHODC9VEes,KR,2024-09-12,79,59949
6e5L42GYpMs0jHODC9VEes,KR,2024-09-19,144,38775
6e5L42GYpMs0jHODC9VEes,KR,2024-09-26,162,37625
35ytd9cmG15jXG0RKWC9p4,KR,2022-12-22,18,90099
35ytd9cmG15jXG0RKWC9p4,KR,2022-12-29,52,48283
35ytd9cmG15jXG0RKWC9p4,KR,2023-01-05,85,31751
35ytd9cmG15jXG0RKWC9p4,KR,2023-01-12,145,22685
0ZPjVmof45INEERgYfadtv,KR,2023-10-19,56,65800
0ZPjVmof45INEERgYfadtv,KR,2023-10-26,75,51562
0ZPjVmof45INEERgYfadtv,KR,2023-11-02,121,39583
0ZPjVmof45INEERgYfadtv,KR,2023-11-09,140,35106
3cJgwAm8FRkgjRIGatdRct,KR,2025-02-06,199,46228
3cJgwAm8FRkgjRIGatdRct,KR,2025-02-13,194,46371
3cJgwAm8FRkgjRIGatdRct,KR,2025-02-27,186,49705
3cJgwAm8FRkgjRIGatdRct,KR,2025-03-06,196,47190
3X76Lal4GwBFqriHz1FbLU,KR,2024-09-26,101,48769
3X76Lal4GwBFqriHz1FbLU,KR,2024-10-03,128,43661
3X76Lal4GwBFqriHz1FbLU,KR,2024-10-10,108,46649
3X76Lal4GwBFqriHz1FbLU,KR,2024-10-17,137,48627
00Luoss7SGaxzTEy94cfia,KR,2025-01-23,199,45756
00Luoss7SGaxzTEy94cfia,KR,2025-01-30,185,44960
00Luoss7SGaxzTEy94cfia,KR,2025-02-06,178,48842
00Luoss7SGaxzTEy94cfia,KR,2025-02-13,192,46675
5fCKBIJ7BwaCpxxwZCbS5X,KR,2024-02-22,81,50675
5fCKBIJ7BwaCpxxwZCbS5X,KR,2024-02-29,69,61945
5fCKBIJ7BwaCpxxwZCbS5X,KR,2024-03-07,113,40610
5fCKBIJ7BwaCpxxwZCbS5X,KR,2024-03-14,173,31321
0Tc5rJmMphUeuOp1mTUPAu,KR,2023-07-06,59,58841
0Tc5rJmMphUeuOp1mTUPAu,KR,2023-07-13,58,60118
0Tc5rJmMphUeuOp1mTUPAu,KR,2023-07-20,131,37694
0Tc5rJmMphUeuOp1mTUPAu,KR,2023-07-27,194,26742
6DSGb5CmwHX4pvclq8HUU1,KR,2023-05-04,42,63122
6DSGb5CmwHX4pvclq8HUU1,KR,2023-05-11,61,55432
6DSGb5CmwHX4pvclq8HUU1,KR,2023-05-18,120,34198
6DSGb5CmwHX4pvclq8HUU1,KR,2023-05-25,167,27221
5eC84hN3UbRhSfnJLdUNLv,KR,2024-04-11,55,63220
5eC84hN3UbRhSfnJLdUNLv,KR,2024-04-18,95,46522
5eC84hN3UbRhSfnJLdUNLv,KR,2024-04-25,157,35532
5eC84hN3UbRhSfnJLdUNLv,KR,2024-05-02,195,29745
049uXN76j7jCn0OrQiSDCm,KR,2024-07-04,95,53017
049uXN76j7jCn0OrQiSDCm,KR,2024-07-11,106,46030
049uXN76j7jCn0OrQiSDCm,KR,2024-07-18,119,41413
049uXN76j7jCn0OrQiSDCm,KR,2024-07-25,187,31394
2lDOkJgVMNz4iMmoAHhhqC,KR,2023-04-13,43,66544
2lDOkJgVMNz4iMmoAHhhqC,KR,2023-04-20,99,40467
2lDOkJgVMNz4iMmoAHhhqC,KR,2023-04-27,111,37301
2lDOkJgVMNz4iMmoAHhhqC,KR,2023-05-04,167,26854
2SBnYX6QFYotZEeVgxr0nv,KR,2024-09-19,139,40112
2SBnYX6QFYotZEeVgxr0nv,KR,2024-09-26,131,42460
2SBnYX6QFYotZEeVgxr0nv,KR,2024-10-03,116,44841
2SBnYX6QFYotZEeVgxr0nv,KR,2024-10-10,144,39595
2avdbiswb0d5AFmyyz68xP,KR,2023-04-13,78,46661
2avdbiswb0d5AFmyyz68xP,KR,2023-04-20,64,55252
2avdbiswb0d5AFmyyz68xP,KR,2023-04-27,117,36627
2avdbiswb0d5AFmyyz68xP,KR,2023-05-04,158,28222
3aUySszCHEifnEOqm0nCKr,KR,2024-03-07,95,45089
3aUySszCHEifnEOqm0nCKr,KR,2024-03-14,95,47131
3aUySszCHEifnEOqm0nCKr,KR,2024-03-21,115,41298
3aUySszCHEifnEOqm0nCKr,KR,2024-03-28,162,32856
6vSpm3PAXA1PLyEINx3DJC,KR,2024-06-13,113,44911
6vSpm3PAXA1PLyEINx3DJC,KR,2024-06-20,119,42074
6vSpm3PAXA1PLyEINx3DJC,KR,2024-06-27,123,42806
6vSpm3PAXA1PLyEINx3DJC,KR,2024-07-04,150,36215
1XvOEvWtfa879Wk1wKHZ1M,KR,2024-05-02,79,52319
1XvOEvWtfa879Wk1wKHZ1M,KR,2024-05-09,93,46049
1XvOEvWtfa879Wk1wKHZ1M,KR,2024-05-16,146,34077
1XvOEvWtfa879Wk1wKHZ1M,KR,2024-05-23,189,29367
3ym9bzwGG4uxVaJ0pLoQbM,KR,2024-04-11,103,45134
3ym9bzwGG4uxVaJ0pLoQbM,KR,2024-04-18,106,43113
3ym9bzwGG4uxVaJ0pLoQbM,KR,2024-04-25,125,39090
3ym9bzwGG4uxVaJ0pLoQbM,KR,2024-05-02,198,29613
0WUYhwQ1U4BETRP71oTKNF,KR,2024-08-29,157,38488
0WUYhwQ1U4BETRP71oTKNF,KR,2024-09-05,143,43371
0WUYhwQ1U4BETRP71oTKNF,KR,2024-09-12,161,39442
0WUYhwQ1U4BETRP71oTKNF,KR,2024-09-26,187,35403
7mD6UISuxA2uqWAQh7oSjV,KR,2022-12-08,46,54138
7mD6UISuxA2uqWAQh7oSjV,KR,2022-12-15,56,45095
7mD6UISuxA2uqWAQh7oSjV,KR,2022-12-22,107,32229
7mD6UISuxA2uqWAQh7oSjV,KR,2022-12-29,158,24190
0dRSOmb7pqkkmjXCu5BYbe,KR,2023-04-13,97,41016
0dRSOmb7pqkkmjXCu5BYbe,KR,2023-04-20,79,48362
0dRSOmb7pqkkmjXCu5BYbe,KR,2023-04-27,118,36531
0dRSOmb7pqkkmjXCu5BYbe,KR,2023-05-04,142,29638
6fzio74FGqFFsenYkbGPzR,KR,2023-05-11,74,45805
6fzio74FGqFFsenYkbGPzR,KR,2023-05-18,79,45546
6fzio74FGqFFsenYkbGPzR,KR,2023-05-25,110,35427
6fzio74FGqFFsenYkbGPzR,KR,2023-06-01,177,25024
3dQHlnZMraJowb43SREjEb,KR,2024-08-29,164,37383
3dQHlnZMraJowb43SREjEb,KR,2024-09-05,153,41544
3dQHlnZMraJowb43SREjEb,KR,2024-09-12,176,37666
3dQHlnZMraJowb43SREjEb,KR,2024-09-26,191,35019
5ms7rcVKjBFUtoVh8hE0Y9,KR,2023-07-06,169,30779
5ms7rcVKjBFUtoVh8hE0Y9,KR,2023-07-13,87,47145
5ms7rcVKjBFUtoVh8hE0Y9,KR,2023-07-20,122,40593
5ms7rcVKjBFUtoVh8hE0Y9,KR,2023-07-27,154,32979
4jMwQaDiDICry8Ia1gFnAn,KR,2023-11-02,183,29524
4jMwQaDiDICry8Ia1gFnAn,KR,2023-11-09,100,46376
4jMwQaDiDICry8Ia1gFnAn,KR,2023-11-16,126,39701
4jMwQaDiDICry8Ia1gFnAn,KR,2023-11-23,159,33382
1JxRZB6gjp3nsn2jUIaXMs,KR,2024-02-29,163,31066
1JxRZB6gjp3nsn2jUIaXMs,KR,2024-03-07,108,41906
1JxRZB6gjp3nsn2jUIaXMs,KR,2024-03-14,127,40007
1JxRZB6gjp3nsn2jUIaXMs,KR,2024-03-21,137,35038
36DcCSKGShF6p3h2JMcPDg,KR,2022-12-01,48,45804
36DcCSKGShF6p3h2JMcPDg,KR,2022-12-08,62,46706
36DcCSKGShF6p3h2JMcPDg,KR,2022-12-15,134,27506
36DcCSKGShF6p3h2JMcPDg,KR,2022-12-22,167,23372
18FgZS3SkPGifWyVGYO9Gh,KR,2022-12-15,70,40513
18FgZS3SkPGifWyVGYO9Gh,KR,2022-12-22,76,40248
18FgZS3SkPGifWyVGYO9Gh,KR,2022-12-29,112,29866
18FgZS3SkPGifWyVGYO9Gh,KR,2023-01-05,146,22999
046Gh1kXtPynYPaKep5M8E,KR,2023-01-19,144,23221
046Gh1kXtPynYPaKep5M8E,KR,2023-02-23,199,19965
046Gh1kXtPynYPaKep5M8E,KR,2024-10-24,200,43060
046Gh1kXtPynYPaKep5M8E,KR,2025-01-02,185,44804
3HAkoNmThZhyFejhpRXXYI,KR,2023-06-08,194,25762
3HAkoNmThZhyFejhpRXXYI,KR,2023-06-29,172,28439
3HAkoNmThZhyFejhpRXXYI,KR,2023-07-06,151,33291
3HAkoNmThZhyFejhpRXXYI,KR,2023-07-13,126,39868
5LWWAw887ODAUvR2LR1kDg,KR,2024-02-22,200,27780
5LWWAw887ODAUvR2LR1kDg,KR,2024-02-29,138,35123
5LWWAw887ODAUvR2LR1kDg,KR,2024-03-07,147,33058
5LWWAw887ODAUvR2LR1kDg,KR,2024-03-14,181,30122
7s3ma1B1cC7rImNDYAHNxu,KR,2023-09-28,180,26700
7s3ma1B1cC7rImNDYAHNxu,KR,2023-10-05,149,30274
7s3ma1B1cC7rImNDYAHNxu,KR,2023-10-12,128,35949
7s3ma1B1cC7rImNDYAHNxu,KR,2023-10-19,143,33131
4Kw1ykVLHoFQxOPSVd8R2E,KR,2024-05-16,190,28429
4Kw1ykVLHoFQxOPSVd8R2E,KR,2024-05-23,188,29406
4Kw1ykVLHoFQxOPSVd8R2E,KR,2024-05-30,187,32329
4Kw1ykVLHoFQxOPSVd8R2E,KR,2024-06-06,189,30961
5S0GA5OmvNrsehPVADlfux,KR,2022-11-10,188,19761
5S0GA5OmvNrsehPVADlfux,KR,2022-11-17,177,20237
5S0GA5OmvNrsehPVADlfux,KR,2023-01-26,200,17684
5S0GA5OmvNrsehPVADlfux,KR,2025-10-02,200,62174
6r1Jwbd0UwCpuLzPG4y9Ub,KR,2022-08-25,34,47101
6r1Jwbd0UwCpuLzPG4y9Ub,KR,2022-09-01,78,28808
6r1Jwbd0UwCpuLzPG4y9Ub,KR,2022-09-08,115,22045
6r1Jwbd0UwCpuLzPG4y9Ub,KR,2022-09-15,133,19461
4njyS3c6btHwlhVuYt4ks5,KR,2023-01-05,68,36810
4njyS3c6btHwlhVuYt4ks5,KR,2023-01-12,79,31910
4njyS3c6btHwlhVuYt4ks5,KR,2023-01-19,116,26203
4njyS3c6btHwlhVuYt4ks5,KR,2023-01-26,155,20795
6uTPA1xlcsk6dbchB2dhzl,KR,2023-09-21,136,33806
6uTPA1xlcsk6dbchB2dhzl,KR,2023-09-28,184,26362
6uTPA1xlcsk6dbchB2dhzl,KR,2023-10-05,184,25488
6uTPA1xlcsk6dbchB2dhzl,KR,2023-10-12,191,27641
0V8fsKaS2pdhTkDfJKBCTY,KR,2023-04-13,185,25802
0V8fsKaS2pdhTkDfJKBCTY,KR,2023-04-20,179,26646
0V8fsKaS2pdhTkDfJKBCTY,KR,2023-04-27,164,28572
0V8fsKaS2pdhTkDfJKBCTY,KR,2023-05-18,175,25550
6dy7pDUqBlNQqxYj5Kt8bT,KR,2023-05-04,179,25283
6dy7pDUqBlNQqxYj5Kt8bT,KR,2023-05-11,152,29085
6dy7pDUqBlNQqxYj5Kt8bT,KR,2023-05-18,159,27160
6dy7pDUqBlNQqxYj5Kt8bT,KR,2023-05-25,200,23561
7ix35I3PNAN63JeV7feOG9,KR,2022-05-26,71,25129
7ix35I3PNAN63JeV7feOG9,KR,2022-06-02,56,33814
7ix35I3PNAN63JeV7feOG9,KR,2022-06-09,108,21795
7ix35I3PNAN63JeV7feOG9,KR,2022-06-16,185,16792
6oKcSOOwqdyNjyL4HiviRH,KR,2021-12-02,26,36851
6oKcSOOwqdyNjyL4HiviRH,KR,2021-12-09,52,24241
6oKcSOOwqdyNjyL4HiviRH,KR,2021-12-16,90,16466
6oKcSOOwqdyNjyL4HiviRH,KR,2021-12-23,154,12245
0CqZryIJnJhwCCnECIC7Lr,KR,2022-07-14,180,15765
0CqZryIJnJhwCCnECIC7Lr,KR,2022-07-21,69,32132
0CqZryIJnJhwCCnECIC7Lr,KR,2022-07-28,117,23668
0CqZryIJnJhwCCnECIC7Lr,KR,2022-08-04,194,15743
57XAvyTHdoBycdsJ9h9dKK,KR,2021-12-02,40,30492
57XAvyTHdoBycdsJ9h9dKK,KR,2021-12-09,50,25490
57XAvyTHdoBycdsJ9h9dKK,KR,2021-12-16,72,17839
57XAvyTHdoBycdsJ9h9dKK,KR,2021-12-23,152,12302
2JIaYEoBsURkmNab7EgYwA,KR,2022-09-29,143,21087
2JIaYEoBsURkmNab7EgYwA,KR,2022-10-06,114,24510
2JIaYEoBsURkmNab7EgYwA,KR,2022-10-13,146,21506
2JIaYEoBsURkmNab7EgYwA,KR,2022-10-20,197,18560
1t9FZ4govN4TS6RcA6QpYH,KR,2021-12-30,68,18074
1t9FZ4govN4TS6RcA6QpYH,KR,2022-01-06,24,35881
1t9FZ4govN4TS6RcA6QpYH,KR,2022-01-13,68,19246
1t9FZ4govN4TS6RcA6QpYH,KR,2022-01-20,149,12429
56Tn22SAFIGYpyHrf7TV0X,KR,2021-12-30,75,17306
56Tn22SAFIGYpyHrf7TV0X,KR,2022-01-06,29,34288
56Tn22SAFIGYpyHrf7TV0X,KR,2022-01-13,70,18817
56Tn22SAFIGYpyHrf7TV0X,KR,2022-01-20,150,12427
6hHjsUiAuUcTtsvDXFvPFk,KR,2022-05-12,113,17643
6hHjsUiAuUcTtsvDXFvPFk,KR,2022-05-19,60,27354
6hHjsUiAuUcTtsvDXFvPFk,KR,2022-05-26,111,18861
6hHjsUiAuUcTtsvDXFvPFk,KR,2022-06-02,186,15458
5aNxPBx1Fq6gAxlr0OQzv1,KR,2022-07-14,131,18653
5aNxPBx1Fq6gAxlr0OQzv1,KR,2022-07-21,123,21470
5aNxPBx1Fq6gAxlr0OQzv1,KR,2022-07-28,124,22417
5aNxPBx1Fq6gAxlr0OQzv1,KR,2022-09-01,185,16489
6RTF5urAOB5C52nLxeRK5h,KR,2021-08-19,39,26147
6RTF5urAOB5C52nLxeRK5h,KR,2021-08-26,44,22906
6RTF5urAOB5C52nLxeRK5h,KR,2021-09-02,93,15319
6RTF5urAOB5C52nLxeRK5h,KR,2021-09-09,157,10610
3wS47sXPddjE6rbhU7u20w,KR,2021-06-03,42,24094
3wS47sXPddjE6rbhU7u20w,KR,2021-06-10,46,22112
3wS47sXPddjE6rbhU7u20w,KR,2021-06-17,81,15123
3wS47sXPddjE6rbhU7u20w,KR,2021-06-24,168,10562
1c3WMOE7Q0dCFN6bjT8KWo,KR,2021-07-29,64,19448
1c3WMOE7Q0dCFN6bjT8KWo,KR,2021-08-05,47,24506
1c3WMOE7Q0dCFN6bjT8KWo,KR,2021-08-12,66,16023
1c3WMOE7Q0dCFN6bjT8KWo,KR,2021-08-19,171,9919
2Cew0ywp4F00wLsN0txKdW,KR,2021-09-16,25,33364
2Cew0ywp4F00wLsN0txKdW,KR,2021-09-23,68,15978
2Cew0ywp4F00wLsN0txKdW,KR,2021-09-30,117,11231
2Cew0ywp4F00wLsN0txKdW,KR,2021-10-07,192,8561
3tOXDbhmpjSGxBFo2yp1eJ,KR,2022-03-24,145,13360
3tOXDbhmpjSGxBFo2yp1eJ,KR,2022-03-31,61,21742
3tOXDbhmpjSGxBFo2yp1eJ,KR,2022-04-07,95,17324
3tOXDbhmpjSGxBFo2yp1eJ,KR,2022-04-14,136,14868
4NgBGkkjK006wySQL4IaBA,KR,2021-12-09,56,23219
4NgBGkkjK006wySQL4IaBA,KR,2021-12-16,66,18830
4NgBGkkjK006wySQL4IaBA,KR,2021-12-23,138,12932
4NgBGkkjK006wySQL4IaBA,KR,2021-12-30,196,10713
4b9LMCUaw55QajVRfrfPyS,KR,2022-04-28,121,16829
4b9LMCUaw55QajVRfrfPyS,KR,2022-05-05,120,17048
4b9LMCUaw55QajVRfrfPyS,KR,2022-05-12,139,15789
4b9LMCUaw55QajVRfrfPyS,KR,2022-05-19,162,15058
08xMOoUaMWWlNStVUdBTBC,KR,2022-01-27,112,13703
08xMOoUaMWWlNStVUdBTBC,KR,2022-02-03,54,20858
08xMOoUaMWWlNStVUdBTBC,KR,2022-02-10,123,12923
08xMOoUaMWWlNStVUdBTBC,KR,2022-02-17,181,11126
1TUkEXQrskATO9SoB4QMUN,KR,2021-02-04,90,11583
1TUkEXQrskATO9SoB4QMUN,KR,2021-02-11,111,14446
1TUkEXQrskATO9SoB4QMUN,KR,2021-04-01,53,16714
1TUkEXQrskATO9SoB4QMUN,KR,2021-04-08,84,13049
5YAO57ujV1cs5eubzyOL1E,KR,2021-06-17,90,14108
5YAO57ujV1cs5eubzyOL1E,KR,2021-06-24,82,16287
5YAO57ujV1cs5eubzyOL1E,KR,2021-07-01,141,12708
5YAO57ujV1cs5eubzyOL1E,KR,2021-07-08,182,10299
4kTZPPL28sYltXKMJramko,KR,2021-11-18,52,19522
4kTZPPL28sYltXKMJramko,KR,2021-11-25,167,10172
4kTZPPL28sYltXKMJramko,KR,2021-12-30,156,12076
4kTZPPL28sYltXKMJramko,KR,2022-01-06,189,10207
0MWiSBKm8Avs8iDIxcertp,KR,2021-07-29,115,13627
0MWiSBKm8Avs8iDIxcertp,KR,2021-08-05,142,11824
0MWiSBKm8Avs8iDIxcertp,KR,2021-08-12,155,10816
0MWiSBKm8Avs8iDIxcertp,KR,2021-08-19,188,9413
3aeZV1y0ck9CMIUIdeOjBj,KR,2021-06-03,88,13616
3aeZV1y0ck9CMIUIdeOjBj,KR,2021-06-10,123,12283
3aeZV1y0ck9CMIUIdeOjBj,KR,2021-06-17,180,9706
3aeZV1y0ck9CMIUIdeOjBj,KR,2021-06-24,191,9933
05EjphKqE2EJVMy0iORf1l,KR,2021-04-01,115,10685
05EjphKqE2EJVMy0iORf1l,KR,2021-04-08,86,12891
05EjphKqE2EJVMy0iORf1l,KR,2021-04-15,125,10408
05EjphKqE2EJVMy0iORf1l,KR,2021-04-22,193,8505
3bm7XUKbcBSHTciUGRAaCR,KR,2021-08-05,181,9689
3bm7XUKbcBSHTciUGRAaCR,KR,2021-08-12,101,13530
3bm7XUKbcBSHTciUGRAaCR,KR,2021-08-19,161,10482
3bm7XUKbcBSHTciUGRAaCR,KR,2021-08-26,197,8734
200110T27gmATYagfNYzkF,KR,2021-02-04,88,11780
200110T27gmATYagfNYzkF,KR,2021-07-01,188,10738
200110T27gmATYagfNYzkF,KR,2021-07-08,199,9718
200110T27gmATYagfNYzkF,KR,2021-07-15,188,9893
0kGnxJUOZgCemWBfpgVe6H,KR,2021-03-18,81,10871
0kGnxJUOZgCemWBfpgVe6H,KR,2021-03-25,93,11044
0kGnxJUOZgCemWBfpgVe6H,KR,2021-04-01,109,11067
0kGnxJUOZgCemWBfpgVe6H,KR,2021-04-08,163,8944
1ee336VqMtJzZzZKRqNXAK,KR,2022-02-03,193,9737
1ee336VqMtJzZzZKRqNXAK,KR,2022-02-10,187,10231
1ee336VqMtJzZzZKRqNXAK,KR,2022-02-17,191,10841
1ee336VqMtJzZzZKRqNXAK,KR,2022-03-03,181,11030
3gxNkvcP8scSzL6mGznTn3,KR,2021-11-11,185,9085
3gxNkvcP8scSzL6mGznTn3,KR,2021-11-18,134,11438
3gxNkvcP8scSzL6mGznTn3,KR,2022-01-27,181,10912
3gxNkvcP8scSzL6mGznTn3,KR,2022-02-03,173,10135
31ZAhjSUqcNutSdVcd93a9,KR,2021-09-23,124,11162
31ZAhjSUqcNutSdVcd93a9,KR,2021-09-30,154,9930
31ZAhjSUqcNutSdVcd93a9,KR,2021-10-07,176,8869
31ZAhjSUqcNutSdVcd93a9,KR,2021-10-14,193,8436
4lpvCG7eNzHAXwvMxWUNjz,KR,2021-03-18,76,11083
4lpvCG7eNzHAXwvMxWUNjz,KR,2021-03-25,126,9561
4lpvCG7eNzHAXwvMxWUNjz,KR,2021-04-01,153,8945
4lpvCG7eNzHAXwvMxWUNjz,KR,2021-04-08,187,8106
3uUuGVFu1V7jTQL60S1r8z,KR,2021-10-28,197,8732
3uUuGVFu1V7jTQL60S1r8z,KR,2021-11-04,180,9522
3uUuGVFu1V7jTQL60S1r8z,KR,2021-11-11,191,8933
3uUuGVFu1V7jTQL60S1r8z,KR,2021-12-02,190,9683
7IRknQOMvsycACYS1fVGex,KR,2021-03-11,114,8539
7IRknQOMvsycACYS1fVGex,KR,2021-03-18,170,7460
7IRknQOMvsycACYS1fVGex,KR,2021-03-25,192,7550
7IRknQOMvsycACYS1fVGex,KR,2021-06-24,193,9873
2Qcbspnftnon37jibwyvMU,VN,2024-10-31,5,1433598
2Qcbspnftnon37jibwyvMU,KR,2024-10-31,9,254453
2Qcbspnftnon37jibwyvMU,VN,2024-11-07,7,894033
2Qcbspnftnon37jibwyvMU,KR,2024-11-07,14,207103
2Qcbspnftnon37jibwyvMU,VN,2024-11-14,26,493418
2Qcbspnftnon37jibwyvMU,KR,2024-11-14,16,186738
1MhXchY126AX5Iuv4Odbe8,VN,2025-02-27,4,1210900
1MhXchY126AX5Iuv4Odbe8,US,2025-02-27,99,3203349
1MhXchY126AX5Iuv4Odbe8,KR,2025-02-27,89,81508
1MhXchY126AX5Iuv4Odbe8,VN,2025-03-06,53,345985
1MhXchY126AX5Iuv4Odbe8,KR,2025-03-06,159,52439
1MhXchY126AX5Iuv4Odbe8,VN,2025-03-13,40,425343
1MhXchY126AX5Iuv4Odbe8,KR,2025-03-13,146,59547
6IUEwlNgVnT5CYeBuq6DTH,VN,2023-07-20,6,432628
6IUEwlNgVnT5CYeBuq6DTH,VN,2023-07-27,3,652862
6IUEwlNgVnT5CYeBuq6DTH,VN,2023-08-03,3,531058
5W766aUjYvSbUH3oinhH6M,VN,2026-09-03,90,229638
5W766aUjYvSbUH3oinhH6M,VN,2026-09-10,16,528303
5W766aUjYvSbUH3oinhH6M,VN,2026-09-17,15,536132
4M0JP3vybYgPQSnIvPrRuW,VN,2026-09-03,155,180770
4M0JP3vybYgPQSnIvPrRuW,VN,2026-09-10,22,476259
4M0JP3vybYgPQSnIvPrRuW,VN,2026-09-17,16,528325
1W4dKR6vz6LxhRtMTl9fPx,VN,2025-05-22,51,345109
1W4dKR6vz6LxhRtMTl9fPx,VN,2025-05-29,30,438631
1W4dKR6vz6LxhRtMTl9fPx,VN,2025-06-05,65,278465
2SQbLJNXEiCG4AnVvvRDgI,VN,2026-09-03,144,188593
2SQbLJNXEiCG4AnVvvRDgI,VN,2026-09-10,26,414182
2SQbLJNXEiCG4AnVvvRDgI,VN,2026-09-17,32,443771
48SDjh34zzai5fZMbvoqUb,VN,2026-09-03,105,215105
48SDjh34zzai5fZMbvoqUb,VN,2026-09-10,36,385077
48SDjh34zzai5fZMbvoqUb,VN,2026-09-17,43,366677
4wD6v7xAl1Hhfl2rli4q0n,VN,2026-04-30,49,348695
4wD6v7xAl1Hhfl2rli4q0n,VN,2026-05-07,105,234738
4wD6v7xAl1Hhfl2rli4q0n,VN,2026-05-14,154,188424
3JKn7BN79L1WOPMYUCZg1m,VN,2026-04-09,146,199824
3JKn7BN79L1WOPMYUCZg1m,VN,2026-04-16,60,307787
3JKn7BN79L1WOPMYUCZg1m,VN,2026-04-23,113,226417
5BBkvXH2jYROUzKIB7WX7S,VN,2025-04-03,66,286062
5BBkvXH2jYROUzKIB7WX7S,US,2025-04-03,59,3878419
5BBkvXH2jYROUzKIB7WX7S,VN,2025-04-10,105,236290
5BBkvXH2jYROUzKIB7WX7S,VN,2025-04-17,171,174920
15EbINtnOI4c2jPXXskywy,VN,2026-08-06,43,337731
15EbINtnOI4c2jPXXskywy,KR,2026-08-06,59,131470
15EbINtnOI4c2jPXXskywy,VN,2026-08-13,130,198316
15EbINtnOI4c2jPXXskywy,KR,2026-08-13,121,98824
15EbINtnOI4c2jPXXskywy,VN,2026-08-20,198,157781
2DFFgJxAuNhRII2aR5QsXG,VN,2025-12-11,95,256303
2DFFgJxAuNhRII2aR5QsXG,VN,2025-12-18,85,265704
2DFFgJxAuNhRII2aR5QsXG,VN,2025-12-25,180,171684
3HNcWoUo4jot56Kw1Kc6vN,VN,2026-04-02,118,229392
3HNcWoUo4jot56Kw1Kc6vN,VN,2026-04-09,79,270701
3HNcWoUo4jot56Kw1Kc6vN,VN,2026-04-16,150,191409
5KFKDA7Gp8pHXKRWgp3G3l,VN,2026-03-05,94,229184
5KFKDA7Gp8pHXKRWgp3G3l,VN,2026-03-12,73,272910
5KFKDA7Gp8pHXKRWgp3G3l,VN,2026-03-19,146,188441
2L3R75fV5mZIGDVm3nDKqI,VN,2025-09-04,80,236073
2L3R75fV5mZIGDVm3nDKqI,VN,2025-09-11,64,270475
2L3R75fV5mZIGDVm3nDKqI,VN,2025-09-18,156,178552
6HfodJwwVoCsygZqZ2xKYN,VN,2025-11-13,76,270941
6HfodJwwVoCsygZqZ2xKYN,VN,2025-11-20,94,244249
6HfodJwwVoCsygZqZ2xKYN,VN,2025-11-27,193,167671
3Kw7zkALCVxY4wmlnh2IWC,VN,2023-03-16,48,184062
3Kw7zkALCVxY4wmlnh2IWC,KR,2023-03-16,168,24100
3Kw7zkALCVxY4wmlnh2IWC,VN,2023-03-23,43,214570
3Kw7zkALCVxY4wmlnh2IWC,US,2023-03-23,119,2431296
3Kw7zkALCVxY4wmlnh2IWC,KR,2023-03-23,165,24719
3Kw7zkALCVxY4wmlnh2IWC,VN,2023-03-30,26,280194
3Kw7zkALCVxY4wmlnh2IWC,US,2023-03-30,81,2994870
3Kw7zkALCVxY4wmlnh2IWC,KR,2023-03-30,98,38638
4DM8buF9J04zNPtYVMUt74,VN,2026-03-26,92,254094
4DM8buF9J04zNPtYVMUt74,VN,2026-04-02,108,235737
4DM8buF9J04zNPtYVMUt74,VN,2026-04-09,172,186369
3nglEHRDn1MEy3vmMNfLl5,VN,2025-10-02,83,259258
3nglEHRDn1MEy3vmMNfLl5,VN,2025-10-09,99,229794
3nglEHRDn1MEy3vmMNfLl5,VN,2025-10-16,151,185501
4NLtxANI9YZgZbrZdOaSZJ,VN,2025-08-28,67,276057
4NLtxANI9YZgZbrZdOaSZJ,VN,2025-09-04,83,227856
4NLtxANI9YZgZbrZdOaSZJ,VN,2025-09-11,164,166891
6rEWOmyRZwZ4Aouth1YBSX,VN,2026-05-14,73,270776
6rEWOmyRZwZ4Aouth1YBSX,VN,2026-05-21,124,209635
6rEWOmyRZwZ4Aouth1YBSX,VN,2026-05-28,144,184206
7vKjOiBl4LiaQaPM3M0UwW,VN,2024-12-19,98,259467
7vKjOiBl4LiaQaPM3M0UwW,VN,2024-12-26,127,221185
7vKjOiBl4LiaQaPM3M0UwW,VN,2025-01-02,180,175603
4Uy9pyHaLhahrxOeW8DSA9,VN,2026-07-09,199,166510
4Uy9pyHaLhahrxOeW8DSA9,VN,2026-07-16,73,267841
4Uy9pyHaLhahrxOeW8DSA9,VN,2026-07-23,112,216020
2MaQyCgCkHDodQeO54XT8i,VN,2026-06-25,177,179758
2MaQyCgCkHDodQeO54XT8i,VN,2026-07-02,96,247093
2MaQyCgCkHDodQeO54XT8i,VN,2026-07-09,128,215334
2UvqD395dhlJWO0SxHJ89n,VN,2026-04-30,80,275986
2UvqD395dhlJWO0SxHJ89n,VN,2026-05-07,144,196396
2UvqD395dhlJWO0SxHJ89n,VN,2026-05-14,194,160319
33Omv0QYK1IvSHvpxoLzJz,VN,2026-03-12,79,260197
33Omv0QYK1IvSHvpxoLzJz,VN,2026-03-19,152,185297
33Omv0QYK1IvSHvpxoLzJz,VN,2026-06-18,140,186114
4PG6OJ4kUp0CaHVECGWdWx,VN,2026-01-29,88,238350
4PG6OJ4kUp0CaHVECGWdWx,VN,2026-02-05,121,207584
4PG6OJ4kUp0CaHVECGWdWx,VN,2026-02-12,170,175551
5DrsJFu6xuC7ZwFgUKExq5,VN,2026-01-08,190,160650
5DrsJFu6xuC7ZwFgUKExq5,VN,2026-01-15,72,276472
5DrsJFu6xuC7ZwFgUKExq5,VN,2026-01-22,150,180403
6avf87RlBlDYMbdcRx2tDK,VN,2024-11-28,120,212090
6avf87RlBlDYMbdcRx2tDK,VN,2024-12-05,130,212839
6avf87RlBlDYMbdcRx2tDK,VN,2024-12-12,175,185836
2UntIOBeaSlLJrZbc3bdmD,VN,2025-06-19,114,209403
2UntIOBeaSlLJrZbc3bdmD,VN,2025-06-26,91,236905
2UntIOBeaSlLJrZbc3bdmD,VN,2025-07-03,190,156253
3yrQAZrdlrMVtI4DN9FTIc,VN,2025-10-23,113,220138
3yrQAZrdlrMVtI4DN9FTIc,VN,2025-10-30,139,201208
3yrQAZrdlrMVtI4DN9FTIc,VN,2025-11-06,185,170781
5e21jDDiJOuoAMd2k8FNn2,VN,2025-06-19,117,207550
5e21jDDiJOuoAMd2k8FNn2,VN,2025-06-26,126,197546
5e21jDDiJOuoAMd2k8FNn2,VN,2025-07-03,149,180787
5cG5hU8eGu9hZ1RVsQgb8O,VN,2025-08-14,119,203471
5cG5hU8eGu9hZ1RVsQgb8O,VN,2025-08-21,132,192812
5cG5hU8eGu9hZ1RVsQgb8O,VN,2025-08-28,137,188873
424j44lR59R0U17l4BZK7G,VN,2026-01-15,144,188261
424j44lR59R0U17l4BZK7G,VN,2026-01-22,128,201555
424j44lR59R0U17l4BZK7G,VN,2026-01-29,135,194007
6LakfNLAPklxBWkexiRfD0,VN,2026-09-03,157,180538
6LakfNLAPklxBWkexiRfD0,VN,2026-09-10,102,219727
6LakfNLAPklxBWkexiRfD0,VN,2026-09-17,157,179962
6ns1vEKfjtzBuz7vflsBOf,VN,2026-06-25,132,209422
6ns1vEKfjtzBuz7vflsBOf,VN,2026-07-02,145,196697
6ns1vEKfjtzBuz7vflsBOf,VN,2026-07-09,192,169626
41BMz3IQeR78smfT5aifuW,VN,2025-04-17,102,239620
41BMz3IQeR78smfT5aifuW,VN,2025-04-24,177,168565
41BMz3IQeR78smfT5aifuW,VN,2025-05-01,178,160655
22GBoFAjFPlJ44Mef8mnOb,VN,2026-07-30,157,179154
22GBoFAjFPlJ44Mef8mnOb,VN,2026-08-06,135,194461
22GBoFAjFPlJ44Mef8mnOb,VN,2026-08-13,134,194992
6o7CaOFyXiBSSkl8jHW5ou,VN,2026-02-26,151,163433
6o7CaOFyXiBSSkl8jHW5ou,VN,2026-03-05,104,217964
6o7CaOFyXiBSSkl8jHW5ou,VN,2026-03-12,152,185566
6qDzk36tXJDLqHCSlmb885,VN,2026-03-19,151,185948
6qDzk36tXJDLqHCSlmb885,VN,2026-04-02,163,188000
6qDzk36tXJDLqHCSlmb885,VN,2026-04-09,166,190088
4p2djURll4u7nNvhLMDAVB,VN,2025-06-19,142,186253
4p2djURll4u7nNvhLMDAVB,VN,2025-06-26,130,192123
4p2djURll4u7nNvhLMDAVB,VN,2025-07-03,143,185618
6u7HUAnyWxVjrKnFGYSQZp,VN,2024-11-07,101,222031
6u7HUAnyWxVjrKnFGYSQZp,VN,2024-11-14,137,179282
6u7HUAnyWxVjrKnFGYSQZp,VN,2024-11-21,177,159056
6SaSFVlIQC1L6Fh1QKLeFi,VN,2025-03-13,51,369276
6SaSFVlIQC1L6Fh1QKLeFi,KR,2025-03-13,31,152702
6SaSFVlIQC1L6Fh1QKLeFi,VN,2025-03-20,150,187824
6SaSFVlIQC1L6Fh1QKLeFi,KR,2025-03-20,86,92853
6SaSFVlIQC1L6Fh1QKLeFi,KR,2025-03-27,147,59770
15iAH8qPmwHTSSkHkAG4eX,VN,2026-09-03,146,186893
15iAH8qPmwHTSSkHkAG4eX,VN,2026-09-10,108,214166
15iAH8qPmwHTSSkHkAG4eX,VN,2026-09-17,197,155552
5YPU2SdqR2pOsfFs5AW25q,VN,2026-05-07,185,167974
5YPU2SdqR2pOsfFs5AW25q,VN,2026-05-21,183,166331
5YPU2SdqR2pOsfFs5AW25q,VN,2026-05-28,115,216742
0vbmSk6huZt5H6vhpfI6BX,VN,2026-06-25,192,170243
0vbmSk6huZt5H6vhpfI6BX,VN,2026-07-02,181,173718
0vbmSk6huZt5H6vhpfI6BX,VN,2026-07-09,163,187917
1rT8AzuWBXNbB6BFrGmxYV,VN,2025-10-30,176,174304
1rT8AzuWBXNbB6BFrGmxYV,VN,2025-11-06,152,188446
1rT8AzuWBXNbB6BFrGmxYV,VN,2025-11-13,184,165620
3AF1fXVAtkscCkW7mEVxUY,VN,2025-12-25,177,172276
3AF1fXVAtkscCkW7mEVxUY,VN,2026-01-01,155,184822
3AF1fXVAtkscCkW7mEVxUY,VN,2026-01-08,185,162480
1ahMIChLwnLRGDu5AhMWZI,VN,2025-02-27,160,183037
1ahMIChLwnLRGDu5AhMWZI,VN,2025-03-06,181,167548
1ahMIChLwnLRGDu5AhMWZI,VN,2025-03-27,177,165591
0TdY6uqmdRfnR7LgmxQHnG,VN,2026-07-09,197,166735
0TdY6uqmdRfnR7LgmxQHnG,VN,2026-07-16,190,169621
0TdY6uqmdRfnR7LgmxQHnG,VN,2026-07-23,170,176654
75QkBCdRc5DGgcyPiVSg4b,VN,2026-09-03,54,293652
75QkBCdRc5DGgcyPiVSg4b,KR,2026-09-03,26,241155
75QkBCdRc5DGgcyPiVSg4b,VN,2026-09-10,107,214438
75QkBCdRc5DGgcyPiVSg4b,KR,2026-09-10,24,241065
75QkBCdRc5DGgcyPiVSg4b,KR,2026-09-17,41,193976
5vODf231esazyTFBRN6Tdc,VN,2026-07-16,198,166959
5vODf231esazyTFBRN6Tdc,VN,2026-07-23,160,181663
5vODf231esazyTFBRN6Tdc,VN,2026-08-06,191,158937
4ZIJScWMgbLgM0hhfY19Oy,VN,2025-10-30,197,164876
4ZIJScWMgbLgM0hhfY19Oy,VN,2025-11-06,192,165163
4ZIJScWMgbLgM0hhfY19Oy,VN,2025-11-13,169,173601
2vxMUUjyqpBzI9PHm7YtKQ,VN,2026-01-22,167,170973
2vxMUUjyqpBzI9PHm7YtKQ,VN,2026-01-29,170,168343
2vxMUUjyqpBzI9PHm7YtKQ,VN,2026-02-05,180,163995
5jFxI1Rqwp5AFhRogCkjEp,VN,2026-04-16,194,164797
5jFxI1Rqwp5AFhRogCkjEp,VN,2026-07-23,186,170257
5jFxI1Rqwp5AFhRogCkjEp,VN,2026-07-30,193,161438
6AH74QQxzjqTsvj7lFQoqy,VN,2024-09-19,143,162157
6AH74QQxzjqTsvj7lFQoqy,VN,2024-09-26,131,177747
6AH74QQxzjqTsvj7lFQoqy,VN,2024-10-03,162,153600
6HjYE79OOCGEhkIRfXLqrz,VN,2025-03-13,61,328636
6HjYE79OOCGEhkIRfXLqrz,KR,2025-03-13,44,119855
6HjYE79OOCGEhkIRfXLqrz,VN,2025-03-20,181,162183
6HjYE79OOCGEhkIRfXLqrz,KR,2025-03-20,106,76947
6HjYE79OOCGEhkIRfXLqrz,KR,2025-03-27,173,54331
0RRaMSF6sPNAvMTntUiv8m,VN,2024-01-11,99,195904
0RRaMSF6sPNAvMTntUiv8m,VN,2024-01-18,118,168274
0RRaMSF6sPNAvMTntUiv8m,VN,2024-01-25,176,125392
5KLL3jbaiks9Shy5ohz6oG,VN,2023-10-19,49,228419
5KLL3jbaiks9Shy5ohz6oG,VN,2023-10-26,114,145812
5KLL3jbaiks9Shy5ohz6oG,VN,2023-11-02,174,114608
2chbuybiy6aDDBC985tJcP,VN,2025-03-13,65,320625
2chbuybiy6aDDBC985tJcP,KR,2025-03-13,29,158475
2chbuybiy6aDDBC985tJcP,VN,2025-03-20,175,168088
2chbuybiy6aDDBC985tJcP,KR,2025-03-20,77,96591
2chbuybiy6aDDBC985tJcP,KR,2025-03-27,128,65713
5XK9xF4Wu2ch0zSPSHHuqv,VN,2024-07-11,112,163271
5XK9xF4Wu2ch0zSPSHHuqv,VN,2024-07-18,123,160505
5XK9xF4Wu2ch0zSPSHHuqv,VN,2024-07-25,150,143088
2k6iN3YG0R1uIWIhY4GsH9,VN,2025-05-29,174,159705
2k6iN3YG0R1uIWIhY4GsH9,VN,2025-06-05,174,150822
2k6iN3YG0R1uIWIhY4GsH9,VN,2025-06-12,186,149102
6LUkKVBSUFAVCxOZLBMwAr,VN,2025-06-19,191,150026
6LUkKVBSUFAVCxOZLBMwAr,VN,2025-06-26,196,149370
6LUkKVBSUFAVCxOZLBMwAr,VN,2025-07-03,193,154983
3O3h5nceJQgZ6wMIPCoJzj,VN,2024-08-15,159,142467
3O3h5nceJQgZ6wMIPCoJzj,VN,2024-08-22,160,143015
3O3h5nceJQgZ6wMIPCoJzj,VN,2024-08-29,128,168472
10AZ3ChoIGMxvcCoFsoFjf,VN,2024-04-18,110,174237
10AZ3ChoIGMxvcCoFsoFjf,VN,2024-04-25,147,154061
10AZ3ChoIGMxvcCoFsoFjf,VN,2024-05-02,194,121923
758HpAro9xbPugUESFncw0,VN,2023-10-12,62,186025
758HpAro9xbPugUESFncw0,VN,2023-10-19,131,132422
758HpAro9xbPugUESFncw0,VN,2023-10-26,139,123998
6omqlTpk0xulezHygipOZx,VN,2024-08-08,178,132820
6omqlTpk0xulezHygipOZx,VN,2024-08-15,118,176246
6omqlTpk0xulezHygipOZx,VN,2024-08-22,192,131008
2MFqzQ3eJPM1dHCaioyU1s,VN,2024-08-29,139,160603
2MFqzQ3eJPM1dHCaioyU1s,VN,2024-09-05,153,149991
2MFqzQ3eJPM1dHCaioyU1s,VN,2024-09-12,176,128331
5S1qhBgTprx5CFkLmmU95i,VN,2024-06-06,168,127622
5S1qhBgTprx5CFkLmmU95i,VN,2024-06-13,143,147593
5S1qhBgTprx5CFkLmmU95i,VN,2024-06-20,121,158123
3lgCCIj5kUu8IAbJarm9oz,VN,2024-02-22,100,164981
3lgCCIj5kUu8IAbJarm9oz,VN,2024-02-29,134,142352
3lgCCIj5kUu8IAbJarm9oz,VN,2024-03-07,175,125888
1UHkDovEFqHzHCPyNe0BTy,VN,2023-08-31,28,254066
1UHkDovEFqHzHCPyNe0BTy,KR,2023-08-31,62,55251
1UHkDovEFqHzHCPyNe0BTy,VN,2023-09-07,67,175861
1UHkDovEFqHzHCPyNe0BTy,KR,2023-09-07,30,89899
1UHkDovEFqHzHCPyNe0BTy,KR,2023-09-14,92,42361
0f4VzzQxojITMkyHY6LCci,VN,2024-07-04,132,148223
0f4VzzQxojITMkyHY6LCci,VN,2024-07-18,142,144741
0f4VzzQxojITMkyHY6LCci,VN,2024-07-25,188,126176
0TcbY7JJzalPExhhqpgAQM,VN,2024-07-11,197,119959
0TcbY7JJzalPExhhqpgAQM,VN,2024-07-18,130,158581
0TcbY7JJzalPExhhqpgAQM,VN,2024-07-25,162,137738
29VSQCxul5FNmpi4gVR7Qn,VN,2024-07-18,137,149494
29VSQCxul5FNmpi4gVR7Qn,VN,2024-07-25,171,133988
29VSQCxul5FNmpi4gVR7Qn,VN,2024-08-01,165,132164
5IPyVAKgMFP99F2DqUoohG,VN,2024-08-29,187,132131
5IPyVAKgMFP99F2DqUoohG,VN,2024-09-05,149,152594
5IPyVAKgMFP99F2DqUoohG,VN,2024-09-12,173,130142
7nxoUuqcsDfv3PsPGeciWy,KR,2024-05-02,196,29688
7nxoUuqcsDfv3PsPGeciWy,VN,2024-05-09,150,142498
7nxoUuqcsDfv3PsPGeciWy,KR,2024-05-09,178,29749
7nxoUuqcsDfv3PsPGeciWy,VN,2024-05-16,179,130510
7nxoUuqcsDfv3PsPGeciWy,KR,2024-05-16,187,28638
7nxoUuqcsDfv3PsPGeciWy,VN,2024-05-23,188,126306
3ReXtnFdKpqqMLk9bPZC7Z,VN,2023-12-21,157,138245
3ReXtnFdKpqqMLk9bPZC7Z,VN,2023-12-28,159,136570
3ReXtnFdKpqqMLk9bPZC7Z,VN,2024-01-11,199,112905
0PXd9WwmX3Y04KfHAaldDS,KR,2021-02-04,167,8769
0PXd9WwmX3Y04KfHAaldDS,VN,2022-05-19,178,41312
0PXd9WwmX3Y04KfHAaldDS,VN,2022-06-16,68,88283
0PXd9WwmX3Y04KfHAaldDS,KR,2022-06-16,91,26178
0PXd9WwmX3Y04KfHAaldDS,VN,2024-05-02,59,247544
3VpQYlxX46P0yZ2D4xLk8A,VN,2024-01-18,184,122274
3VpQYlxX46P0yZ2D4xLk8A,VN,2024-01-25,154,135900
3VpQYlxX46P0yZ2D4xLk8A,VN,2024-02-01,194,118207
1XEOrZGHhmBxYciyWkkrs3,VN,2023-07-20,75,146787
1XEOrZGHhmBxYciyWkkrs3,VN,2023-07-27,101,126537
1XEOrZGHhmBxYciyWkkrs3,VN,2023-08-03,162,99777
3529wOVotXNadk5EkWERZQ,VN,2024-05-30,189,124820
3529wOVotXNadk5EkWERZQ,VN,2024-06-06,180,122633
3529wOVotXNadk5EkWERZQ,VN,2024-06-13,198,118746
5OYTgAmnGKMRo5lDXINPch,VN,2023-08-10,83,145791
5OYTgAmnGKMRo5lDXINPch,VN,2023-08-17,116,119157
5OYTgAmnGKMRo5lDXINPch,VN,2023-08-24,183,98944
1bRsQtD0IJN7D0aCslMg44,VN,2023-08-03,89,136887
1bRsQtD0IJN7D0aCslMg44,VN,2023-08-10,102,130016
1bRsQtD0IJN7D0aCslMg44,VN,2023-08-17,187,88760
5VrUjGueLevc05YEGULG7K,VN,2023-10-26,190,103145
5VrUjGueLevc05YEGULG7K,VN,2023-11-02,162,118245
5VrUjGueLevc05YEGULG7K,VN,2024-04-11,186,130332
0o3ua5ufFK7nfRzbDUNoGA,VN,2024-03-14,95,193427
0o3ua5ufFK7nfRzbDUNoGA,US,2024-03-14,15,8348788
0o3ua5ufFK7nfRzbDUNoGA,KR,2024-03-14,68,59645
0o3ua5ufFK7nfRzbDUNoGA,VN,2024-03-21,164,141663
0o3ua5ufFK7nfRzbDUNoGA,US,2024-03-21,45,4192389
0o3ua5ufFK7nfRzbDUNoGA,KR,2024-03-21,147,34051
0o3ua5ufFK7nfRzbDUNoGA,US,2024-03-28,137,2792589
7KlTFTpy7dXLzr2NtLkvG6,KR,2021-02-04,157,9083
7KlTFTpy7dXLzr2NtLkvG6,VN,2022-02-17,9,264992
7KlTFTpy7dXLzr2NtLkvG6,VN,2022-02-24,110,53973
2vRoAkwc3UBEPW2udvN0u9,VN,2023-04-27,46,208068
2vRoAkwc3UBEPW2udvN0u9,KR,2023-04-27,37,76974
2vRoAkwc3UBEPW2udvN0u9,VN,2023-05-04,134,101268
2vRoAkwc3UBEPW2udvN0u9,KR,2023-05-04,70,49545
2vRoAkwc3UBEPW2udvN0u9,KR,2023-05-11,150,29684
3JSodIIStqTwXSH7nXOuhe,VN,2023-04-27,49,203618
3JSodIIStqTwXSH7nXOuhe,KR,2023-04-27,43,72812
3JSodIIStqTwXSH7nXOuhe,VN,2023-05-04,128,105224
3JSodIIStqTwXSH7nXOuhe,KR,2023-05-04,76,46984
3JSodIIStqTwXSH7nXOuhe,KR,2023-05-11,162,27341
1fflhv9kqRw6rm50KaXcYm,VN,2023-06-22,91,123723
1fflhv9kqRw6rm50KaXcYm,VN,2023-06-29,127,100480
1fflhv9kqRw6rm50KaXcYm,VN,2023-07-06,191,79665
7rzzByujLJIBXpyOCnJhfx,VN,2025-03-13,72,302279
7rzzByujLJIBXpyOCnJhfx,KR,2025-03-13,38,133184
7rzzByujLJIBXpyOCnJhfx,KR,2025-03-20,94,83646
7rzzByujLJIBXpyOCnJhfx,KR,2025-03-27,142,60620
3oIKYROTi2wREKdnqq3yAp,VN,2022-12-29,145,72150
3oIKYROTi2wREKdnqq3yAp,VN,2023-01-05,183,60604
3oIKYROTi2wREKdnqq3yAp,VN,2025-12-25,197,162929
0M7ai1yfYyb4OlyRgdmtTK,VN,2022-07-21,21,166060
0M7ai1yfYyb4OlyRgdmtTK,KR,2022-07-21,54,37982
0M7ai1yfYyb4OlyRgdmtTK,VN,2022-07-28,97,66588
0M7ai1yfYyb4OlyRgdmtTK,KR,2022-07-28,141,20616
0M7ai1yfYyb4OlyRgdmtTK,VN,2022-08-04,152,48881
0TAEZOaoZx5LBXEkePNrt4,VN,2022-04-28,52,97470
0TAEZOaoZx5LBXEkePNrt4,VN,2022-05-05,48,103658
0TAEZOaoZx5LBXEkePNrt4,VN,2022-05-12,62,78230
02Jf3KszL1FB1kG6CILEWE,VN,2023-03-09,150,91326
02Jf3KszL1FB1kG6CILEWE,VN,2023-03-16,172,85039
02Jf3KszL1FB1kG6CILEWE,VN,2023-03-23,200,76622
6TPpCbn9z0IY5Te048iy5R,VN,2025-02-20,99,251666
6TPpCbn9z0IY5Te048iy5R,KR,2025-02-20,94,72970
6TPpCbn9z0IY5Te048iy5R,KR,2025-02-27,133,62456
6TPpCbn9z0IY5Te048iy5R,KR,2025-03-06,173,50830
3puPTaE5acvWNGaNSoM3wT,VN,2023-06-15,173,87512
3puPTaE5acvWNGaNSoM3wT,VN,2023-06-22,176,82947
3puPTaE5acvWNGaNSoM3wT,VN,2023-06-29,195,77649
28L64pcFeZY706DYM9dtmt,VN,2022-09-29,66,107873
28L64pcFeZY706DYM9dtmt,VN,2022-10-06,104,76051
28L64pcFeZY706DYM9dtmt,VN,2022-10-13,153,57174
5MkTNoZ8xaMZYh1XMwAPtA,VN,2022-11-17,136,65242
5MkTNoZ8xaMZYh1XMwAPtA,VN,2022-11-24,75,93850
5MkTNoZ8xaMZYh1XMwAPtA,VN,2022-12-01,129,68126
0XBecTa1OyEoZ3XKqXopY8,VN,2022-02-03,117,45023
0XBecTa1OyEoZ3XKqXopY8,VN,2026-02-19,153,163408
1DmMJL7KrTEC5MDTvYpfLD,VN,2022-05-19,52,91600
1DmMJL7KrTEC5MDTvYpfLD,VN,2022-05-26,67,76432
1DmMJL7KrTEC5MDTvYpfLD,VN,2022-06-02,189,39098
0TTJufXrJgRZUUV7brd2hT,VN,2021-10-28,35,93495
0TTJufXrJgRZUUV7brd2hT,VN,2021-11-04,66,63927
0TTJufXrJgRZUUV7brd2hT,VN,2021-11-11,98,48627
7sZgN8O9VpGPbNv4TWfvTy,VN,2022-12-15,139,75152
7sZgN8O9VpGPbNv4TWfvTy,VN,2022-12-22,148,69864
7sZgN8O9VpGPbNv4TWfvTy,VN,2022-12-29,192,58301
5sh8NLB5FULZqYZoLl1wac,VN,2022-11-03,177,53711
5sh8NLB5FULZqYZoLl1wac,VN,2023-02-16,165,74559
5sh8NLB5FULZqYZoLl1wac,VN,2023-02-23,173,73011
5S5Pnnyx7I4WLtOYeeVSVM,VN,2021-10-14,42,80120
5S5Pnnyx7I4WLtOYeeVSVM,VN,2022-05-19,188,39527
5S5Pnnyx7I4WLtOYeeVSVM,VN,2022-06-16,80,80384
5S5Pnnyx7I4WLtOYeeVSVM,KR,2022-06-16,113,23250
3i8GllbdGuwIXaVrlIoE0r,VN,2023-03-16,107,118582
05mKTB04qMaCRHwuVf9HGv,VN,2022-06-23,80,69582
05mKTB04qMaCRHwuVf9HGv,VN,2022-06-30,81,74602
05mKTB04qMaCRHwuVf9HGv,VN,2022-07-07,123,54078
0SJ7vFES0Lj6pnumh3DhCe,KR,2021-02-04,34,18245
0SJ7vFES0Lj6pnumh3DhCe,KR,2021-02-11,137,13039
0SJ7vFES0Lj6pnumh3DhCe,VN,2023-04-13,118,108294
14Y6vaDKyaUzjoZT0VA6pB,VN,2022-03-31,183,36315
14Y6vaDKyaUzjoZT0VA6pB,VN,2022-04-07,61,81323
14Y6vaDKyaUzjoZT0VA6pB,VN,2022-12-15,141,74776
61S4hrzyLe5EwFPePSIFQz,VN,2021-07-01,112,39052
61S4hrzyLe5EwFPePSIFQz,VN,2021-07-08,49,79573
61S4hrzyLe5EwFPePSIFQz,VN,2021-07-15,58,70335
3q5U9H4GzUPnJ6USUKH6h1,VN,2022-10-20,145,58721
3q5U9H4GzUPnJ6USUKH6h1,VN,2022-10-27,145,64259
3q5U9H4GzUPnJ6USUKH6h1,VN,2022-11-03,148,62632
7rIPVGTU46ILYVrrblSu4P,VN,2022-06-09,106,54669
7rIPVGTU46ILYVrrblSu4P,VN,2022-08-18,81,80239
7rIPVGTU46ILYVrrblSu4P,VN,2022-08-25,163,50394
5bvVA6idKl1R38C5G4tuxC,VN,2022-09-08,131,54703
5bvVA6idKl1R38C5G4tuxC,VN,2022-09-15,94,71053
5bvVA6idKl1R38C5G4tuxC,VN,2022-09-22,176,53672
5pbc99769AMASq8pREi52a,VN,2022-11-17,143,63912
5pbc99769AMASq8pREi52a,VN,2022-11-24,164,56127
5pbc99769AMASq8pREi52a,VN,2022-12-01,173,55993
5e6hUjvQG2inD4Svco0PvP,KR,2023-06-15,146,30185
5e6hUjvQG2inD4Svco0PvP,KR,2023-06-22,152,32156
5e6hUjvQG2inD4Svco0PvP,VN,2023-07-13,177,86897
5e6hUjvQG2inD4Svco0PvP,KR,2023-07-13,200,27233
5e6hUjvQG2inD4Svco0PvP,VN,2023-07-20,177,86689
142PiXzA84lmEw2RstFHFa,VN,2024-03-14,115,173414
142PiXzA84lmEw2RstFHFa,US,2024-03-14,14,8545263
142PiXzA84lmEw2RstFHFa,KR,2024-03-14,69,58934
142PiXzA84lmEw2RstFHFa,US,2024-03-21,34,4468048
142PiXzA84lmEw2RstFHFa,KR,2024-03-21,135,35492
142PiXzA84lmEw2RstFHFa,US,2024-03-28,112,3020911
2g4tRvSuOVNAz4p3Yfwy2O,VN,2022-09-29,162,55427
2g4tRvSuOVNAz4p3Yfwy2O,VN,2022-10-06,141,58268
2g4tRvSuOVNAz4p3Yfwy2O,VN,2022-10-13,143,59245
6NAlg9IZh3T3uQVeBtmjo3,VN,2021-12-23,63,69650
6NAlg9IZh3T3uQVeBtmjo3,VN,2021-12-30,121,47579
6NAlg9IZh3T3uQVeBtmjo3,VN,2022-01-06,130,45214
7pRF83cjFfTtUYX2P4pYgX,VN,2025-06-12,195,146941
5EqUfkBN8YnVeG6jFpFCmU,VN,2022-04-07,131,50368
5EqUfkBN8YnVeG6jFpFCmU,VN,2022-04-14,143,47545
5EqUfkBN8YnVeG6jFpFCmU,VN,2022-04-21,93,62991
2rIFRse00Znv6FfpQBdthx,VN,2022-09-08,132,54653
2rIFRse00Znv6FfpQBdthx,VN,2022-09-15,156,52011
2rIFRse00Znv6FfpQBdthx,VN,2022-09-22,192,50837
2sp32rIevQhpbo0Z4aQzoe,VN,2021-09-30,36,89274
2sp32rIevQhpbo0Z4aQzoe,KR,2021-09-30,33,24663
2sp32rIevQhpbo0Z4aQzoe,VN,2021-10-07,131,37096
2sp32rIevQhpbo0Z4aQzoe,KR,2021-10-07,94,12857
2sp32rIevQhpbo0Z4aQzoe,VN,2021-10-14,185,31045
4OAuvHryIVv4kMDNSLuPt6,VN,2021-11-18,55,72078
4OAuvHryIVv4kMDNSLuPt6,US,2021-11-18,3,8676447
4OAuvHryIVv4kMDNSLuPt6,KR,2021-11-18,80,15237
4OAuvHryIVv4kMDNSLuPt6,VN,2021-11-25,116,46945
4OAuvHryIVv4kMDNSLuPt6,US,2021-11-25,37,3602091
4OAuvHryIVv4kMDNSLuPt6,KR,2021-11-25,169,10108
4OAuvHryIVv4kMDNSLuPt6,VN,2021-12-02,183,34381
4OAuvHryIVv4kMDNSLuPt6,US,2021-12-02,105,2020094
2zI9NSx3dncJHCw0QClcx0,VN,2022-09-01,132,58137
2zI9NSx3dncJHCw0QClcx0,VN,2022-09-08,178,45209
2zI9NSx3dncJHCw0QClcx0,VN,2022-09-15,172,48885
6oghyOqPnFUCB7C8modJ2D,VN,2022-06-16,149,52482
6oghyOqPnFUCB7C8modJ2D,VN,2022-06-23,127,53473
6oghyOqPnFUCB7C8modJ2D,VN,2022-06-30,163,42927
4MZkrUWN2C0dhc7Xn1LPug,VN,2022-06-23,115,56286
4MZkrUWN2C0dhc7Xn1LPug,VN,2022-06-30,146,46101
4MZkrUWN2C0dhc7Xn1LPug,VN,2022-07-07,178,40670
0ObH6HhEWiI2kXBJ4tusbQ,VN,2024-04-04,162,140608
0ObH6HhEWiI2kXBJ4tusbQ,KR,2024-04-04,74,54552
0ObH6HhEWiI2kXBJ4tusbQ,KR,2024-04-11,120,39788
0ObH6HhEWiI2kXBJ4tusbQ,KR,2024-04-18,171,32561
1exxGxUMlJWD1h9YcE9YZH,VN,2022-05-12,147,44629
1exxGxUMlJWD1h9YcE9YZH,KR,2022-05-12,86,20052
1exxGxUMlJWD1h9YcE9YZH,VN,2022-05-19,99,58836
1exxGxUMlJWD1h9YcE9YZH,KR,2022-05-19,129,17106
1exxGxUMlJWD1h9YcE9YZH,VN,2022-05-26,197,36655
6Rbz4nzR4ytexB7Zx28AmL,VN,2022-02-17,137,45603
6Rbz4nzR4ytexB7Zx28AmL,VN,2022-02-24,147,42513
6Rbz4nzR4ytexB7Zx28AmL,VN,2022-03-10,194,35397
6bHUW6F0VTOHoiXVX7IjHA,VN,2022-04-07,173,40523
6bHUW6F0VTOHoiXVX7IjHA,VN,2022-04-14,154,45579
6bHUW6F0VTOHoiXVX7IjHA,VN,2022-04-21,195,36826
1eB1JymprhH8QTLA8m1AsB,VN,2024-05-16,192,121235
1eB1JymprhH8QTLA8m1AsB,KR,2024-05-16,58,71408
1eB1JymprhH8QTLA8m1AsB,KR,2024-05-23,107,44593
1eB1JymprhH8QTLA8m1AsB,KR,2024-05-30,172,34665
6m6cuH6pqAMAPcEmWwoHHC,VN,2021-10-28,153,37669
6m6cuH6pqAMAPcEmWwoHHC,VN,2021-11-04,122,44046
6m6cuH6pqAMAPcEmWwoHHC,VN,2021-11-11,150,37521
4VMRsbfZzd3SfQtaJ1Wpwi,VN,2023-04-27,112,117688
4VMRsbfZzd3SfQtaJ1Wpwi,US,2023-04-27,8,6880722
4VMRsbfZzd3SfQtaJ1Wpwi,KR,2023-04-27,62,58782
4VMRsbfZzd3SfQtaJ1Wpwi,US,2023-05-04,24,4514718
4VMRsbfZzd3SfQtaJ1Wpwi,KR,2023-05-04,111,35170
4VMRsbfZzd3SfQtaJ1Wpwi,US,2023-05-11,150,2250421
1WRTkAAByYdNhoTLIf49bV,VN,2021-05-13,100,45925
1WRTkAAByYdNhoTLIf49bV,VN,2021-05-20,135,38810
1WRTkAAByYdNhoTLIf49bV,VN,2021-05-27,194,31195
6v0UJD4a2FtleHeSYVX02A,VN,2021-11-25,50,79824
6v0UJD4a2FtleHeSYVX02A,US,2021-11-25,8,7089728
6v0UJD4a2FtleHeSYVX02A,KR,2021-11-25,58,19659
6v0UJD4a2FtleHeSYVX02A,VN,2021-12-02,168,35629
6v0UJD4a2FtleHeSYVX02A,US,2021-12-02,54,2791848
6v0UJD4a2FtleHeSYVX02A,KR,2021-12-02,128,12493
6v0UJD4a2FtleHeSYVX02A,US,2021-12-09,158,1887939
04CqLjewJiSAqM210vZAmT,VN,2023-03-16,117,115120
04CqLjewJiSAqM210vZAmT,US,2023-03-16,17,5200137
04CqLjewJiSAqM210vZAmT,KR,2023-03-16,139,27640
04CqLjewJiSAqM210vZAmT,US,2023-03-23,85,2884096
04CqLjewJiSAqM210vZAmT,US,2023-03-30,162,2176747
5qr3vaUs2uL0kdyPnNG3VA,VN,2021-05-13,152,34428
5qr3vaUs2uL0kdyPnNG3VA,VN,2021-05-27,128,43275
5qr3vaUs2uL0kdyPnNG3VA,VN,2021-06-03,166,34809
1hR8BSuEqPCCZfv93zzzz9,VN,2023-11-02,184,111599
1hR8BSuEqPCCZfv93zzzz9,US,2023-11-02,9,10847400
1hR8BSuEqPCCZfv93zzzz9,KR,2023-11-02,192,28248
1hR8BSuEqPCCZfv93zzzz9,US,2023-11-09,48,3565230
1hR8BSuEqPCCZfv93zzzz9,US,2023-11-16,135,2401561
2W1AL3O272UMcHjWur2IV7,VN,2021-06-17,175,29466
2W1AL3O272UMcHjWur2IV7,VN,2021-06-24,126,35844
2W1AL3O272UMcHjWur2IV7,VN,2021-07-01,96,44294
6w8ZPYdnGajyfPddTWdthN,VN,2021-11-25,57,69752
6w8ZPYdnGajyfPddTWdthN,US,2021-11-25,5,7453376
6w8ZPYdnGajyfPddTWdthN,KR,2021-11-25,45,25162
6w8ZPYdnGajyfPddTWdthN,VN,2021-12-02,186,34332
6w8ZPYdnGajyfPddTWdthN,US,2021-12-02,38,3183574
6w8ZPYdnGajyfPddTWdthN,KR,2021-12-02,62,20473
6w8ZPYdnGajyfPddTWdthN,US,2021-12-09,131,2054170
6w8ZPYdnGajyfPddTWdthN,KR,2021-12-09,162,11681
3ZMAHJ3O5wGASx1JHMCcvs,VN,2021-02-04,101,43294
3ZMAHJ3O5wGASx1JHMCcvs,VN,2021-02-11,125,34718
3ZMAHJ3O5wGASx1JHMCcvs,VN,2021-02-18,173,22943
7pyjX48CPTw2AOc40AnJrc,VN,2021-07-15,173,29974
7pyjX48CPTw2AOc40AnJrc,VN,2021-07-22,98,43058
7pyjX48CPTw2AOc40AnJrc,VN,2021-07-29,182,27012
1KR9TkyhxqqpOk45WAm7bM,VN,2021-09-16,123,36511
1KR9TkyhxqqpOk45WAm7bM,VN,2021-09-23,164,30663
1KR9TkyhxqqpOk45WAm7bM,VN,2021-09-30,179,29652
46WaBBaEHzgbN88Ew0nh50,KR,2021-05-27,185,8918
46WaBBaEHzgbN88Ew0nh50,KR,2021-06-03,200,8789
5SXEEYJxc5OPoOn5H9SHvX,VN,2021-12-30,49,81145
5dHe8aNoKN8mMkpZgTNnMV,VN,2021-09-30,198,28128
5dHe8aNoKN8mMkpZgTNnMV,VN,2021-10-07,158,32871
5dHe8aNoKN8mMkpZgTNnMV,VN,2021-10-14,167,32502
4WnhR3ZI5fcs1EZpC874ue,VN,2023-01-19,129,82614
6mZWfZeqbw6707PJCpMY7O,VN,2021-01-28,137,34972
6mZWfZeqbw6707PJCpMY7O,VN,2021-02-04,148,33083
6mZWfZeqbw6707PJCpMY7O,VN,2021-02-18,193,21749
6E8XQOxgrJKNW2iPEoIY37,VN,2021-09-02,178,26787
6E8XQOxgrJKNW2iPEoIY37,VN,2021-09-09,137,31328
6E8XQOxgrJKNW2iPEoIY37,VN,2021-09-16,168,30282
149BxWeweaCqmsyedkNiiE,VN,2021-07-08,80,51920
149BxWeweaCqmsyedkNiiE,US,2021-07-08,127,1734440
149BxWeweaCqmsyedkNiiE,KR,2021-07-08,98,14710
149BxWeweaCqmsyedkNiiE,VN,2021-07-15,131,34941
149BxWeweaCqmsyedkNiiE,KR,2021-07-15,150,11442
149BxWeweaCqmsyedkNiiE,KR,2021-07-22,192,9748
79uDOz0zuuWS7HWxzMmTa2,VN,2023-07-13,182,86305
79uDOz0zuuWS7HWxzMmTa2,US,2023-07-13,6,9578923
79uDOz0zuuWS7HWxzMmTa2,US,2023-07-20,49,3327307
79uDOz0zuuWS7HWxzMmTa2,US,2023-07-27,145,2379337
0yEIvBtPsxh7K7VHC2b7vT,VN,2021-07-29,194,26107
0yEIvBtPsxh7K7VHC2b7vT,VN,2021-08-05,137,31342
0yEIvBtPsxh7K7VHC2b7vT,VN,2021-08-12,173,26302
4Gt2kh3QbAGU6yquOWn4aW,KR,2021-03-04,183,6507
4Gt2kh3QbAGU6yquOWn4aW,KR,2021-03-11,187,6724
48ioMyJ1s4suqxLobM1Dl1,VN,2021-08-19,146,29643
48ioMyJ1s4suqxLobM1Dl1,VN,2021-08-26,184,26254
48ioMyJ1s4suqxLobM1Dl1,VN,2021-09-02,184,26548
53H3sGmqiXWO4MwuZAJfyn,VN,2023-02-02,120,81688
53H3sGmqiXWO4MwuZAJfyn,KR,2023-02-02,32,59796
53H3sGmqiXWO4MwuZAJfyn,KR,2023-02-09,114,28606
53H3sGmqiXWO4MwuZAJfyn,KR,2023-02-16,199,20141
6wBYuqmKsq1Nfn0D3vf12U,VN,2021-08-05,190,25828
6wBYuqmKsq1Nfn0D3vf12U,VN,2021-08-12,188,25315
6wBYuqmKsq1Nfn0D3vf12U,VN,2021-08-19,189,25441
0f0SbtoKGe41cX5LzlnX6X,VN,2023-02-02,138,74873
0f0SbtoKGe41cX5LzlnX6X,US,2023-02-02,178,1949532
0f0SbtoKGe41cX5LzlnX6X,KR,2023-02-02,41,55155
0f0SbtoKGe41cX5LzlnX6X,KR,2023-02-09,74,36316
0f0SbtoKGe41cX5LzlnX6X,KR,2023-02-16,186,20893
3yTkoTuiKRGL2VAlQd7xsC,VN,2021-06-03,187,32055
3yTkoTuiKRGL2VAlQd7xsC,KR,2021-06-03,18,38321
3yTkoTuiKRGL2VAlQd7xsC,VN,2021-06-10,134,39116
3yTkoTuiKRGL2VAlQd7xsC,KR,2021-06-10,10,52775
3yTkoTuiKRGL2VAlQd7xsC,KR,2021-06-17,17,40001
2DuPBbS5mIldXnh7Wum8Cy,VN,2021-11-25,58,69698
2DuPBbS5mIldXnh7Wum8Cy,US,2021-11-25,7,7268453
2DuPBbS5mIldXnh7Wum8Cy,KR,2021-11-25,63,18119
2DuPBbS5mIldXnh7Wum8Cy,US,2021-12-02,39,3138119
2DuPBbS5mIldXnh7Wum8Cy,KR,2021-12-02,193,9540
2DuPBbS5mIldXnh7Wum8Cy,US,2021-12-09,126,2109689
1RSBK5VWdjPjHEmRhAkS4Q,VN,2021-03-11,145,33716
1RSBK5VWdjPjHEmRhAkS4Q,KR,2021-03-11,126,8256
1RSBK5VWdjPjHEmRhAkS4Q,VN,2021-03-18,187,29026
1RSBK5VWdjPjHEmRhAkS4Q,KR,2021-03-18,119,9032
1RSBK5VWdjPjHEmRhAkS4Q,KR,2021-03-25,161,8485
3nsfB1vus2qaloUdcBZvDu,VN,2021-11-18,80,59407
3nsfB1vus2qaloUdcBZvDu,US,2021-11-18,4,8403008
3nsfB1vus2qaloUdcBZvDu,KR,2021-11-18,96,13985
3nsfB1vus2qaloUdcBZvDu,US,2021-11-25,39,3425443
3nsfB1vus2qaloUdcBZvDu,US,2021-12-02,106,2015607
6clzeGvi1CFioMOolbAOlX,VN,2022-07-21,118,56220
6clzeGvi1CFioMOolbAOlX,US,2022-07-21,61,2287791
6clzeGvi1CFioMOolbAOlX,KR,2022-07-21,88,26366
6clzeGvi1CFioMOolbAOlX,US,2022-07-28,116,1862129
6clzeGvi1CFioMOolbAOlX,KR,2022-07-28,152,19426
6clzeGvi1CFioMOolbAOlX,US,2022-08-11,77,2178546
6clzeGvi1CFioMOolbAOlX,KR,2022-08-11,141,18324
2Ghp894n1laIf2w98VeAOJ,VN,2022-01-13,170,38017
2Ghp894n1laIf2w98VeAOJ,US,2022-01-13,7,6358973
2Ghp894n1laIf2w98VeAOJ,KR,2022-01-13,25,36700
2Ghp894n1laIf2w98VeAOJ,US,2022-01-20,50,2569704
2Ghp894n1laIf2w98VeAOJ,KR,2022-01-20,58,19779
2Ghp894n1laIf2w98VeAOJ,US,2022-01-27,153,1662353
2Ghp894n1laIf2w98VeAOJ,KR,2022-01-27,162,11506
0psS4i5YooJrXfDnGvWRLi,VN,2021-01-28,118,37758
0psS4i5YooJrXfDnGvWRLi,US,2021-01-28,16,3943012
0psS4i5YooJrXfDnGvWRLi,US,2021-02-04,78,2146498
0psS4i5YooJrXfDnGvWRLi,KR,2021-02-04,96,11241
0psS4i5YooJrXfDnGvWRLi,KR,2021-02-11,116,14196
0psS4i5YooJrXfDnGvWRLi,KR,2021-02-18,188,6702
4WghJOMjDpGdlk3b8aJIgy,VN,2022-04-07,189,37240
4WghJOMjDpGdlk3b8aJIgy,US,2022-04-07,77,2113786
4WghJOMjDpGdlk3b8aJIgy,KR,2022-04-07,55,24084
4WghJOMjDpGdlk3b8aJIgy,KR,2022-04-14,118,15777
4WghJOMjDpGdlk3b8aJIgy,KR,2022-04-21,191,12972
7h5MKRZUiYDshjH5UgAbNp,VN,2022-03-24,192,35453
7h5MKRZUiYDshjH5UgAbNp,KR,2022-03-24,39,31449
7h5MKRZUiYDshjH5UgAbNp,KR,2022-03-31,50,24711
7h5MKRZUiYDshjH5UgAbNp,KR,2022-04-07,149,13573
2D4dV2KXDTszzJ3p3cFqhA,VN,2022-01-13,192,35101
2D4dV2KXDTszzJ3p3cFqhA,US,2022-01-13,15,5301868
2D4dV2KXDTszzJ3p3cFqhA,KR,2022-01-13,45,29562
2D4dV2KXDTszzJ3p3cFqhA,US,2022-01-20,46,2667741
2D4dV2KXDTszzJ3p3cFqhA,KR,2022-01-20,56,19803
2D4dV2KXDTszzJ3p3cFqhA,US,2022-01-27,115,1828905
2D4dV2KXDTszzJ3p3cFqhA,KR,2022-01-27,147,12415
1EHUQesfVKwbthtNcpBi9g,VN,2021-05-06,191,28905
1EHUQesfVKwbthtNcpBi9g,US,2021-05-06,22,4133753
1EHUQesfVKwbthtNcpBi9g,KR,2021-05-06,43,18366
1EHUQesfVKwbthtNcpBi9g,US,2021-05-13,40,2840971
1EHUQesfVKwbthtNcpBi9g,KR,2021-05-13,70,14207
1EHUQesfVKwbthtNcpBi9g,US,2021-05-20,138,1696772
5ho7VSXSmI2KM2nDjcnLyz,US,2024-11-28,7,13370438
5ho7VSXSmI2KM2nDjcnLyz,KR,2024-11-28,114,59644
5ho7VSXSmI2KM2nDjcnLyz,US,2024-12-05,47,5548446
5ho7VSXSmI2KM2nDjcnLyz,US,2024-12-12,103,3690651
6zuPQl2RVqQ4y5nAH61CFC,US,2024-04-04,8,11012457
6zuPQl2RVqQ4y5nAH61CFC,KR,2024-04-04,137,37018
6zuPQl2RVqQ4y5nAH61CFC,US,2024-04-11,30,5445221
6zuPQl2RVqQ4y5nAH61CFC,US,2024-04-18,81,3333408
55wlsNYqcfiQsHuX8l0jmF,US,2026-05-21,6,13272990
55wlsNYqcfiQsHuX8l0jmF,KR,2026-05-21,144,96446
55wlsNYqcfiQsHuX8l0jmF,US,2026-05-28,48,3885309
55wlsNYqcfiQsHuX8l0jmF,US,2026-06-04,150,2577404
57rkFdhoKjgkg16fsS4pgg,US,2026-05-21,10,10540888
57rkFdhoKjgkg16fsS4pgg,US,2026-05-28,38,4192584
57rkFdhoKjgkg16fsS4pgg,US,2026-06-04,101,2853132
3Umj02ZNl4d356pS1D38mn,US,2024-10-31,14,8737172
3Umj02ZNl4d356pS1D38mn,US,2024-11-07,32,5305375
3Umj02ZNl4d356pS1D38mn,US,2024-11-14,107,2901143
0i4qKfuKJ3juUsEwnJAxk3,US,2026-03-12,4,9002098
0i4qKfuKJ3juUsEwnJAxk3,US,2026-03-19,28,4597086
0i4qKfuKJ3juUsEwnJAxk3,US,2026-03-26,94,3019791
3aZptNYC6Z1YoumeqZcDcQ,US,2024-11-28,16,9521378
3aZptNYC6Z1YoumeqZcDcQ,US,2024-12-05,87,4215905
3aZptNYC6Z1YoumeqZcDcQ,US,2024-12-12,179,2819101
0g4fMVo4JjwnIpTfFfLdxS,US,2024-04-25,34,9419295
0g4fMVo4JjwnIpTfFfLdxS,US,2024-05-02,80,4229980
0g4fMVo4JjwnIpTfFfLdxS,US,2024-05-09,178,2780743
2n9fC0A4ptmWqYeMXEVaok,US,2025-03-20,8,9076526
2n9fC0A4ptmWqYeMXEVaok,KR,2025-03-20,138,66187
2n9fC0A4ptmWqYeMXEVaok,US,2025-03-27,49,4184710
2n9fC0A4ptmWqYeMXEVaok,US,2025-04-03,114,2839424
2nibvvDdAQkVraYP00z2RS,US,2023-10-12,4,10684850
2nibvvDdAQkVraYP00z2RS,KR,2023-10-12,190,27648
2nibvvDdAQkVraYP00z2RS,US,2023-10-19,86,3180178
2nibvvDdAQkVraYP00z2RS,US,2023-10-26,164,2217692
3VdooJLOy4tLxKpnn46SMP,US,2025-03-20,6,9577315
3VdooJLOy4tLxKpnn46SMP,KR,2025-03-20,83,93361
3VdooJLOy4tLxKpnn46SMP,US,2025-03-27,58,3860348
3VdooJLOy4tLxKpnn46SMP,US,2025-04-03,137,2586967
1ijYk2EYwj0rGqYwtjiAUJ,US,2026-05-21,14,9232923
1ijYk2EYwj0rGqYwtjiAUJ,US,2026-05-28,45,3966869
1ijYk2EYwj0rGqYwtjiAUJ,US,2026-06-04,120,2732752
3GdwjAsCsoE79ObhsJFyYb,US,2024-10-31,21,7934304
3GdwjAsCsoE79ObhsJFyYb,US,2024-11-07,37,4926649
3GdwjAsCsoE79ObhsJFyYb,US,2024-11-14,121,2789675
3KCNiDi9Pza6ZD8FggNoaw,US,2023-08-03,12,9430071
3KCNiDi9Pza6ZD8FggNoaw,KR,2023-08-03,60,58282
3KCNiDi9Pza6ZD8FggNoaw,US,2023-08-10,65,3209102
3KCNiDi9Pza6ZD8FggNoaw,US,2023-08-17,80,2950531
4ZT0wGKwlJRjpMUuwZVy3p,US,2023-10-12,6,9986171
4ZT0wGKwlJRjpMUuwZVy3p,US,2023-10-19,78,3244670
4ZT0wGKwlJRjpMUuwZVy3p,US,2023-10-26,158,2255492
6Y4rniIxibegzsg8cdWAWV,US,2024-04-04,13,8259510
6Y4rniIxibegzsg8cdWAWV,US,2024-04-11,49,4371467
6Y4rniIxibegzsg8cdWAWV,US,2024-04-18,149,2738429
7G0gBu6nLdhFDPRLc0HdDG,US,2023-07-13,4,9682908
7G0gBu6nLdhFDPRLc0HdDG,US,2023-07-20,64,3135313
7G0gBu6nLdhFDPRLc0HdDG,US,2023-07-27,159,2274433
6GXgd1BPD9bUpqw5AntGV5,US,2023-11-02,11,9582805
6GXgd1BPD9bUpqw5AntGV5,US,2023-11-09,63,3188883
6GXgd1BPD9bUpqw5AntGV5,US,2023-11-16,179,2186497
4sLvxpKLvagQ4lZHUpymza,US,2025-07-24,8,7396889
4sLvxpKLvagQ4lZHUpymza,KR,2025-07-24,122,69804
4sLvxpKLvagQ4lZHUpymza,US,2025-07-31,27,4789809
4sLvxpKLvagQ4lZHUpymza,US,2025-08-07,111,2673857
7mOe6qQYMq1MCzJcifwPu4,US,2026-04-30,14,7782270
7mOe6qQYMq1MCzJcifwPu4,US,2026-05-07,46,4134301
7mOe6qQYMq1MCzJcifwPu4,US,2026-05-14,107,2915198
6W9l02gRsXVxzIuQC1oc1X,US,2023-09-14,15,7864345
6W9l02gRsXVxzIuQC1oc1X,US,2023-09-21,39,4098732
6W9l02gRsXVxzIuQC1oc1X,US,2023-09-28,117,2718403
2vPMoMDXxu9uX1igWZmXSG,US,2023-11-02,12,8787358
2vPMoMDXxu9uX1igWZmXSG,US,2023-11-09,58,3337492
2vPMoMDXxu9uX1igWZmXSG,US,2023-11-16,127,2420776
42m3eP1JJhtzffal9B136J,US,2021-09-09,16,9656773
42m3eP1JJhtzffal9B136J,KR,2021-09-09,112,12412
42m3eP1JJhtzffal9B136J,US,2021-09-16,46,3009669
42m3eP1JJhtzffal9B136J,US,2021-09-23,120,1869367
2UDARQiksl207HcSduDpov,US,2024-04-04,16,7882846
2UDARQiksl207HcSduDpov,US,2024-04-11,58,4050305
2UDARQiksl207HcSduDpov,US,2024-04-18,187,2517276
7LSpFCvRZZot2AlmkUzy9k,US,2023-08-03,17,8709407
7LSpFCvRZZot2AlmkUzy9k,KR,2023-08-03,111,41289
7LSpFCvRZZot2AlmkUzy9k,US,2023-08-10,79,2928933
7LSpFCvRZZot2AlmkUzy9k,US,2023-08-17,100,2757283
1icgLGTpX2fQXKRe4D7w2b,US,2024-02-15,16,7092237
1icgLGTpX2fQXKRe4D7w2b,KR,2024-02-15,85,45808
1icgLGTpX2fQXKRe4D7w2b,US,2024-02-22,40,4316362
1icgLGTpX2fQXKRe4D7w2b,KR,2024-02-22,186,28843
1icgLGTpX2fQXKRe4D7w2b,US,2024-02-29,109,2933001
1d7q712nXjG98HiwHk7HFS,US,2021-05-20,9,9697409
1d7q712nXjG98HiwHk7HFS,KR,2021-05-20,88,12045
1d7q712nXjG98HiwHk7HFS,US,2021-05-27,57,2851480
1d7q712nXjG98HiwHk7HFS,US,2021-06-03,137,1651527
028i7HBfp8uE5epmx5ieMA,US,2026-03-12,12,7709889
028i7HBfp8uE5epmx5ieMA,US,2026-03-19,41,3804191
028i7HBfp8uE5epmx5ieMA,US,2026-03-26,169,2436480
4n6NDfYake476trCjJRNl0,US,2021-05-20,10,9289745
4n6NDfYake476trCjJRNl0,KR,2021-05-20,96,11534
4n6NDfYake476trCjJRNl0,US,2021-05-27,54,2918871
4n6NDfYake476trCjJRNl0,US,2021-06-03,125,1728202
5il0jwWUlvgtIzWvzJi12z,US,2024-08-29,22,7143729
5il0jwWUlvgtIzWvzJi12z,US,2024-09-05,53,4066371
5il0jwWUlvgtIzWvzJi12z,US,2024-09-12,143,2726254
3yw3m8wgRB4ptDyAvtdhq5,US,2024-10-31,25,7067233
3yw3m8wgRB4ptDyAvtdhq5,US,2024-11-07,43,4407287
3yw3m8wgRB4ptDyAvtdhq5,US,2024-11-14,173,2410683
5pIVEk6Di7n1v5khOzJaJL,US,2023-08-31,11,7575721
5pIVEk6Di7n1v5khOzJaJL,US,2023-09-07,46,3617869
5pIVEk6Di7n1v5khOzJaJL,US,2023-09-14,115,2686002
2ZlABhxMMa43COmZ97kKsJ,US,2022-11-10,21,8218835
2ZlABhxMMa43COmZ97kKsJ,US,2022-11-17,52,3352411
2ZlABhxMMa43COmZ97kKsJ,US,2022-11-24,106,2218895
4Flfb4fGscN9kXPOduQLrv,US,2022-11-10,16,8788305
4Flfb4fGscN9kXPOduQLrv,KR,2022-11-10,200,18898
4Flfb4fGscN9kXPOduQLrv,US,2022-11-17,60,3068125
4Flfb4fGscN9kXPOduQLrv,US,2022-11-24,155,1932299
4MXzdffMz78GLlLM7mDa9v,US,2024-06-13,58,4500982
4MXzdffMz78GLlLM7mDa9v,US,2024-06-20,24,6304011
4MXzdffMz78GLlLM7mDa9v,US,2024-06-27,137,2969711
0GAyuCo975IHGxxiLKDufB,US,2021-05-20,11,9047484
0GAyuCo975IHGxxiLKDufB,KR,2021-05-20,94,11638
0GAyuCo975IHGxxiLKDufB,US,2021-05-27,53,2929537
0GAyuCo975IHGxxiLKDufB,US,2021-06-03,122,1747888
4u43I0LP2Xf85OAS85eG0R,US,2025-02-20,18,7200578
4u43I0LP2Xf85OAS85eG0R,US,2025-02-27,67,3859336
4u43I0LP2Xf85OAS85eG0R,US,2025-03-06,144,2620588
0YeUVm23SAkUruwEx9LWnt,US,2022-05-19,12,8689738
0YeUVm23SAkUruwEx9LWnt,KR,2022-05-19,96,19786
0YeUVm23SAkUruwEx9LWnt,US,2022-05-26,52,3025446
0YeUVm23SAkUruwEx9LWnt,US,2022-06-02,138,1908947
0OEe83mMZ5kaNw5uZQ7ilG,US,2023-08-03,14,8968641
0OEe83mMZ5kaNw5uZQ7ilG,KR,2023-08-03,70,53624
0OEe83mMZ5kaNw5uZQ7ilG,US,2023-08-10,144,2380418
0OEe83mMZ5kaNw5uZQ7ilG,US,2023-08-17,176,2258653
410TZrK18uRjtsTunG14cl,US,2022-11-10,17,8664462
410TZrK18uRjtsTunG14cl,US,2022-11-17,63,3038124
410TZrK18uRjtsTunG14cl,US,2022-11-24,171,1840924
3EnTGnmNu1TDEcpbbTajuo,US,2026-04-30,18,6954552
3EnTGnmNu1TDEcpbbTajuo,US,2026-05-07,56,3783272
3EnTGnmNu1TDEcpbbTajuo,US,2026-05-14,134,2727354
0w3Mfe4PIVjuFjJbe3OlYv,US,2023-10-12,15,8027668
0w3Mfe4PIVjuFjJbe3OlYv,US,2023-10-19,84,3197698
0w3Mfe4PIVjuFjJbe3OlYv,US,2023-10-26,168,2192936
7eOuUmpnHBlg5zsm8Cs7c3,US,2023-08-31,14,7213806
7eOuUmpnHBlg5zsm8Cs7c3,US,2023-09-07,50,3551855
7eOuUmpnHBlg5zsm8Cs7c3,US,2023-09-14,119,2651273
2Q3jFbyE61mCjS3SkW4toJ,US,2021-09-09,18,8653147
2Q3jFbyE61mCjS3SkW4toJ,KR,2021-09-09,87,14590
2Q3jFbyE61mCjS3SkW4toJ,US,2021-09-16,51,2868592
2Q3jFbyE61mCjS3SkW4toJ,US,2021-09-23,123,1859826
04WxWo7XeVyx22xEsrWRUb,US,2023-08-03,19,8141364
04WxWo7XeVyx22xEsrWRUb,KR,2023-08-03,116,40729
04WxWo7XeVyx22xEsrWRUb,US,2023-08-10,106,2677964
04WxWo7XeVyx22xEsrWRUb,US,2023-08-17,122,2555434
5pfn68duSmBKo4FhYknOms,US,2026-04-02,10,5893139
5pfn68duSmBKo4FhYknOms,KR,2026-04-02,65,137633
5pfn68duSmBKo4FhYknOms,US,2026-04-09,24,4549514
5pfn68duSmBKo4FhYknOms,US,2026-04-16,108,2860949
6wZOZ0votPhc8qdg4UFPtH,US,2025-04-03,15,6510939
6wZOZ0votPhc8qdg4UFPtH,US,2025-04-10,47,4162040
6wZOZ0votPhc8qdg4UFPtH,US,2025-04-17,126,2609582
0bkV1iQHSxBaksUqgEkcbc,US,2023-08-03,20,7576244
0bkV1iQHSxBaksUqgEkcbc,KR,2023-08-03,184,29950
0bkV1iQHSxBaksUqgEkcbc,US,2023-08-10,92,2784368
0bkV1iQHSxBaksUqgEkcbc,US,2023-08-17,98,2774755
76gcXhY3Zv6wW0BTe9nHJo,US,2023-08-03,23,7128284
76gcXhY3Zv6wW0BTe9nHJo,US,2023-08-10,73,3001313
76gcXhY3Zv6wW0BTe9nHJo,US,2023-08-17,79,2974616
7sVbKoBdhXtYCEOO6qC1SN,US,2024-04-18,17,6694252
7sVbKoBdhXtYCEOO6qC1SN,KR,2024-04-18,186,31031
7sVbKoBdhXtYCEOO6qC1SN,US,2024-04-25,94,3683785
7sVbKoBdhXtYCEOO6qC1SN,US,2024-05-02,170,2687091
29YW2xXlo6Pc6M0SBTCXYN,US,2022-11-10,24,7990242
29YW2xXlo6Pc6M0SBTCXYN,US,2022-11-17,68,2976650
29YW2xXlo6Pc6M0SBTCXYN,US,2022-11-24,142,1980077
3FjK86616FbluOfTxNK2gY,US,2025-03-06,24,5480509
3FjK86616FbluOfTxNK2gY,US,2025-03-13,40,4605435
3FjK86616FbluOfTxNK2gY,US,2025-03-20,140,2815309
4Q9ExJGFgL9Jd9kmYH3nXs,US,2025-02-27,28,5857006
4Q9ExJGFgL9Jd9kmYH3nXs,US,2025-03-06,53,4069636
4Q9ExJGFgL9Jd9kmYH3nXs,US,2025-03-13,115,2965461
7fesNTgTEMEH0ye8MOgEDY,US,2023-09-14,17,7058832
7fesNTgTEMEH0ye8MOgEDY,US,2023-09-21,51,3509642
7fesNTgTEMEH0ye8MOgEDY,US,2023-09-28,183,2275994
7DIMKlmJ0CL6eROkbptoqi,US,2025-07-24,16,6310059
7DIMKlmJ0CL6eROkbptoqi,KR,2025-07-24,141,64231
7DIMKlmJ0CL6eROkbptoqi,US,2025-07-31,45,4069069
7DIMKlmJ0CL6eROkbptoqi,US,2025-08-07,167,2278836
50ceCGZ3oD3U5caQV5bP6f,US,2021-09-09,19,8341628
50ceCGZ3oD3U5caQV5bP6f,KR,2021-09-09,147,11132
50ceCGZ3oD3U5caQV5bP6f,US,2021-09-16,56,2599969
50ceCGZ3oD3U5caQV5bP6f,US,2021-09-23,157,1689477
0YFqKxV9uNu6LUeYkLOKRS,US,2022-12-08,17,6273162
0YFqKxV9uNu6LUeYkLOKRS,US,2022-12-15,75,3665876
0YFqKxV9uNu6LUeYkLOKRS,US,2022-12-22,138,2594805
1yfKakY4rvI17lk20ekuRA,US,2024-04-11,17,6980062
1yfKakY4rvI17lk20ekuRA,US,2024-04-18,112,3020360
1yfKakY4rvI17lk20ekuRA,US,2024-04-25,186,2492510
5fdhThPDe6jQQDqCyWrdAn,US,2026-08-27,11,4886926
5fdhThPDe6jQQDqCyWrdAn,US,2026-09-03,15,4572173
5fdhThPDe6jQQDqCyWrdAn,US,2026-09-10,50,2996334
6cYGpGmnMeK9qWhRpaZOZ5,US,2026-05-21,22,6683116
6cYGpGmnMeK9qWhRpaZOZ5,US,2026-05-28,76,3172900
6cYGpGmnMeK9qWhRpaZOZ5,US,2026-06-04,168,2491270
3d1oTMjtfVySbAYQp3v4MU,US,2026-08-06,6,6626078
3d1oTMjtfVySbAYQp3v4MU,US,2026-08-13,47,3354051
3d1oTMjtfVySbAYQp3v4MU,US,2026-08-20,128,2335997
57ENogEkvFsU7Wmt3lvQMG,US,2026-02-12,17,6213639
57ENogEkvFsU7Wmt3lvQMG,US,2026-02-19,55,3413998
57ENogEkvFsU7Wmt3lvQMG,US,2026-02-26,118,2637074
3itgPtXSu4I9mr2QD6yrzP,US,2023-08-31,16,6481314
3itgPtXSu4I9mr2QD6yrzP,US,2023-09-07,66,3235064
3itgPtXSu4I9mr2QD6yrzP,US,2023-09-14,138,2506958
1PDP7mLiAMwhfmgIwzhOm2,US,2021-09-09,20,8102052
1PDP7mLiAMwhfmgIwzhOm2,KR,2021-09-09,134,11841
1PDP7mLiAMwhfmgIwzhOm2,US,2021-09-16,63,2516820
1PDP7mLiAMwhfmgIwzhOm2,US,2021-09-23,179,1551340
3uC4r2daXertBxxc8BpbbN,US,2024-07-11,74,3888641
3uC4r2daXertBxxc8BpbbN,US,2024-07-25,45,4524891
3uC4r2daXertBxxc8BpbbN,US,2024-08-01,67,3703874
4GL9GMX9t7Qkprvf1YighZ,US,2023-08-03,22,7314717
4GL9GMX9t7Qkprvf1YighZ,KR,2023-08-03,150,34273
4GL9GMX9t7Qkprvf1YighZ,US,2023-08-10,139,2400127
4GL9GMX9t7Qkprvf1YighZ,US,2023-08-17,142,2398227
3gWzTnziivUYzqXtnvgN8q,US,2021-09-02,13,6980201
3gWzTnziivUYzqXtnvgN8q,KR,2021-09-02,44,24600
3gWzTnziivUYzqXtnvgN8q,US,2021-09-09,52,3274079
3gWzTnziivUYzqXtnvgN8q,KR,2021-09-09,126,12109
3gWzTnziivUYzqXtnvgN8q,US,2021-09-16,155,1700201
4y3VBhJPEztyRmNxfK3tZ5,US,2026-04-30,25,5931270
4y3VBhJPEztyRmNxfK3tZ5,US,2026-05-07,63,3471497
4y3VBhJPEztyRmNxfK3tZ5,US,2026-05-14,153,2547267
67aaFVnfvFWjxVQMd0jDb5,US,2023-08-31,20,5978941
67aaFVnfvFWjxVQMd0jDb5,US,2023-09-07,56,3382875
67aaFVnfvFWjxVQMd0jDb5,US,2023-09-14,142,2482207
5lLNBIyjp72btcnrjBG751,US,2021-05-20,16,7592881
5lLNBIyjp72btcnrjBG751,KR,2021-05-20,143,9402
5lLNBIyjp72btcnrjBG751,US,2021-05-27,62,2615107
5lLNBIyjp72btcnrjBG751,US,2021-06-03,145,1607564
1BAU6v0fuAV914qMUEESR1,US,2023-03-09,18,6490479
1BAU6v0fuAV914qMUEESR1,US,2023-03-16,71,3043526
1BAU6v0fuAV914qMUEESR1,US,2023-03-23,158,2140996
2ewSCWOL7EAjgmgqfI1UlS,US,2023-03-09,24,5985144
2ewSCWOL7EAjgmgqfI1UlS,US,2023-03-16,58,3311666
2ewSCWOL7EAjgmgqfI1UlS,US,2023-03-23,143,2254036
2PsbT927UanvyH9VprlNOu,US,2023-03-09,19,6487121
2PsbT927UanvyH9VprlNOu,US,2023-03-16,77,2932056
2PsbT927UanvyH9VprlNOu,US,2023-03-23,170,2093580
7C1BLYzAvR0KdBpov3GpUZ,US,2023-08-31,19,6057531
7C1BLYzAvR0KdBpov3GpUZ,US,2023-09-07,75,3097915
7C1BLYzAvR0KdBpov3GpUZ,US,2023-09-14,177,2274510
0LZy30mVmxqUpdQmaXKXBd,US,2024-05-02,61,4911093
0LZy30mVmxqUpdQmaXKXBd,US,2024-05-09,107,3450052
0LZy30mVmxqUpdQmaXKXBd,US,2024-05-16,148,3013514
41bmnQZoDMQdDh5zyomtW7,US,2023-07-06,8,6111362
41bmnQZoDMQdDh5zyomtW7,US,2023-07-13,87,3102194
41bmnQZoDMQdDh5zyomtW7,US,2023-07-20,190,2139904
4VYEnxm7lmtG5sEEbcmORB,US,2021-09-02,14,6741808
4VYEnxm7lmtG5sEEbcmORB,KR,2021-09-02,52,22336
4VYEnxm7lmtG5sEEbcmORB,US,2021-09-09,56,3025824
4VYEnxm7lmtG5sEEbcmORB,US,2021-09-16,186,1558463
4Zj2uX6ApCFK9XzjwIhCIr,US,2023-09-28,13,6116202
4Zj2uX6ApCFK9XzjwIhCIr,US,2023-10-05,83,2895696
4Zj2uX6ApCFK9XzjwIhCIr,US,2023-10-12,160,2309802
3B2ZpJeewPvhAkjXtTkdtJ,US,2025-11-27,10,5642288
3B2ZpJeewPvhAkjXtTkdtJ,US,2025-12-04,81,3080893
3B2ZpJeewPvhAkjXtTkdtJ,US,2025-12-11,154,2573665
4qSEvFGCpde73gqIuq3sho,US,2023-10-19,13,6080071
4qSEvFGCpde73gqIuq3sho,US,2023-10-26,74,3035033
4qSEvFGCpde73gqIuq3sho,US,2023-11-02,187,2145831
2Ejyg4CavumEr7lFUkk9aF,US,2026-02-05,20,5457315
2Ejyg4CavumEr7lFUkk9aF,US,2026-02-12,90,3278983
2Ejyg4CavumEr7lFUkk9aF,US,2026-02-19,148,2518495
45mVT3DCE7AATXgESSdfee,US,2025-07-24,27,5271388
45mVT3DCE7AATXgESSdfee,US,2025-07-31,52,3731593
45mVT3DCE7AATXgESSdfee,US,2025-08-07,175,2247452
08XWh5c0BMyD1nKVxxl91z,US,2021-09-09,22,7294969
08XWh5c0BMyD1nKVxxl91z,KR,2021-09-09,113,12410
08XWh5c0BMyD1nKVxxl91z,US,2021-09-16,74,2366319
08XWh5c0BMyD1nKVxxl91z,US,2021-09-23,178,1551840
4a9RlnJ0v1T7HgLtps1HvI,US,2021-11-04,52,2469370
4a9RlnJ0v1T7HgLtps1HvI,US,2022-11-03,48,3679606
4a9RlnJ0v1T7HgLtps1HvI,US,2023-11-02,41,4934212
2ZUJsR8HEktit58X6FuPQM,US,2021-09-02,17,6247332
2ZUJsR8HEktit58X6FuPQM,KR,2021-09-02,58,21517
2ZUJsR8HEktit58X6FuPQM,US,2021-09-09,54,3109839
2ZUJsR8HEktit58X6FuPQM,KR,2021-09-09,156,10714
2ZUJsR8HEktit58X6FuPQM,US,2021-09-16,158,1677445
5BwQjRasNcdRPuVWKcHto2,US,2021-05-20,18,7081891
5BwQjRasNcdRPuVWKcHto2,KR,2021-05-20,189,8105
5BwQjRasNcdRPuVWKcHto2,US,2021-05-27,80,2371210
5BwQjRasNcdRPuVWKcHto2,US,2021-06-03,192,1435680
5fbHRCsGpFIOLRtlhCRFDR,US,2021-07-01,12,6706838
5fbHRCsGpFIOLRtlhCRFDR,KR,2021-07-01,98,16124
5fbHRCsGpFIOLRtlhCRFDR,US,2021-07-08,57,2581678
5fbHRCsGpFIOLRtlhCRFDR,US,2021-07-15,150,1572322
3SYLoL8KHxdQPYIkfwmUjN,US,2021-09-02,20,6141218
3SYLoL8KHxdQPYIkfwmUjN,KR,2021-09-02,61,21113
3SYLoL8KHxdQPYIkfwmUjN,US,2021-09-09,59,3010455
3SYLoL8KHxdQPYIkfwmUjN,KR,2021-09-09,184,9829
3SYLoL8KHxdQPYIkfwmUjN,US,2021-09-16,171,1618014
0gucUyFMFRMlUiVn9US4YX,US,2024-08-22,36,5247922
0gucUyFMFRMlUiVn9US4YX,US,2024-08-29,116,3039070
0gucUyFMFRMlUiVn9US4YX,US,2024-09-05,184,2448069
221qmpQeBNV87sUjQeUTVH,US,2022-12-08,27,5466575
221qmpQeBNV87sUjQeUTVH,US,2022-12-15,95,3085450
221qmpQeBNV87sUjQeUTVH,US,2022-12-22,194,2164763
7trGQmK2IAYxLb3wgqfawy,US,2025-05-22,32,5109377
7trGQmK2IAYxLb3wgqfawy,US,2025-05-29,93,2985441
7trGQmK2IAYxLb3wgqfawy,US,2025-06-05,135,2577020
0a4SMs889NwP8oWI7Vemle,US,2023-08-03,26,6199796
0a4SMs889NwP8oWI7Vemle,US,2023-08-10,190,2134756
0a4SMs889NwP8oWI7Vemle,US,2023-08-17,179,2248773
3BHFResGQiUvbYToUdaDQz,US,2023-08-03,32,5169459
3BHFResGQiUvbYToUdaDQz,KR,2023-08-03,62,57068
3BHFResGQiUvbYToUdaDQz,US,2023-08-10,68,3125727
3BHFResGQiUvbYToUdaDQz,KR,2023-08-10,139,32573
3BHFResGQiUvbYToUdaDQz,US,2023-08-17,172,2279595
7up5MwPUHQdv4DkzQRHRWP,US,2021-09-02,22,5584464
7up5MwPUHQdv4DkzQRHRWP,KR,2021-09-02,73,17744
7up5MwPUHQdv4DkzQRHRWP,US,2021-09-09,53,3133459
7up5MwPUHQdv4DkzQRHRWP,US,2021-09-16,125,1841243
3cLBx0lEWPKSM99hx5RVcx,US,2026-04-30,49,4338087
3cLBx0lEWPKSM99hx5RVcx,US,2026-05-07,113,2934300
3cLBx0lEWPKSM99hx5RVcx,US,2026-06-11,60,3208483
710dGcMZzo15JzqhJmDjOR,US,2025-05-22,37,4827172
710dGcMZzo15JzqhJmDjOR,US,2025-05-29,89,3046273
710dGcMZzo15JzqhJmDjOR,US,2025-06-05,126,2603574
7pDfRnoEDRkcz7bQsOjnPc,US,2024-03-21,37,4335417
7pDfRnoEDRkcz7bQsOjnPc,US,2024-03-28,87,3415338
7pDfRnoEDRkcz7bQsOjnPc,US,2024-04-04,158,2662173
6qo8v2y2MHUSPLs7VBc6cG,US,2024-11-28,93,3441229
6qo8v2y2MHUSPLs7VBc6cG,US,2024-12-05,96,3823748
6qo8v2y2MHUSPLs7VBc6cG,US,2024-12-12,146,3094142
5ImJTOd6BMsvwuRgnlmyr7,US,2025-05-22,36,4901217
5ImJTOd6BMsvwuRgnlmyr7,US,2025-05-29,97,2935562
5ImJTOd6BMsvwuRgnlmyr7,US,2025-06-05,148,2486380
0SCIwbS0Q4etwJmDyNjHaQ,US,2024-12-26,85,4914181
0SCIwbS0Q4etwJmDyNjHaQ,KR,2024-12-26,176,47419
0SCIwbS0Q4etwJmDyNjHaQ,US,2025-01-02,78,3032366
0SCIwbS0Q4etwJmDyNjHaQ,US,2025-01-09,197,2295475
1sGl3liCZn91OcFpjOJXIE,US,2023-12-14,152,2769381
1sGl3liCZn91OcFpjOJXIE,US,2023-12-21,99,3355098
1sGl3liCZn91OcFpjOJXIE,US,2023-12-28,73,4072238
66tlRqExpkn4kRyuxelzs5,US,2025-11-27,15,5000841
66tlRqExpkn4kRyuxelzs5,US,2025-12-04,98,2836288
66tlRqExpkn4kRyuxelzs5,US,2025-12-11,196,2330853
1myZ6GQewhAzMH2dKtKSWK,US,2026-03-05,30,4806053
1myZ6GQewhAzMH2dKtKSWK,US,2026-03-12,87,3085277
1myZ6GQewhAzMH2dKtKSWK,US,2026-03-19,193,2234426
4FhxN8PTyjkBVfwlCnr9Om,US,2022-12-08,56,3862840
4FhxN8PTyjkBVfwlCnr9Om,US,2023-03-09,54,4123441
4FhxN8PTyjkBVfwlCnr9Om,US,2023-03-16,177,2069106
3VPeA7IW68QRNTfgzb6biZ,US,2024-12-26,105,4196687
3VPeA7IW68QRNTfgzb6biZ,US,2025-01-02,74,3110635
3VPeA7IW68QRNTfgzb6biZ,US,2025-01-09,148,2543752
3fNMgjG8yXaSam46swhz7w,US,2023-01-26,22,4811800
3fNMgjG8yXaSam46swhz7w,US,2023-02-02,82,2680717
3fNMgjG8yXaSam46swhz7w,US,2023-02-09,113,2355505
3onYsG7nB3FwEVHYYWCrIM,US,2021-09-02,23,5488042
3onYsG7nB3FwEVHYYWCrIM,KR,2021-09-02,72,18195
3onYsG7nB3FwEVHYYWCrIM,US,2021-09-09,67,2734169
3onYsG7nB3FwEVHYYWCrIM,US,2021-09-16,185,1563060
0br9vcQnqeqp9PKCGsrxAF,US,2024-11-28,95,3399717
0br9vcQnqeqp9PKCGsrxAF,US,2024-12-05,104,3603020
0br9vcQnqeqp9PKCGsrxAF,US,2024-12-12,185,2766128
1xemKSmCnH59ze3KX5wwgH,US,2023-09-07,32,4218222
1xemKSmCnH59ze3KX5wwgH,US,2023-09-14,162,2354820
1xemKSmCnH59ze3KX5wwgH,US,2023-09-28,81,3077527
4mxj6SQ7BxfQ90CBTbxcwH,US,2024-11-28,105,3301145
4mxj6SQ7BxfQ90CBTbxcwH,US,2024-12-05,112,3506128
4mxj6SQ7BxfQ90CBTbxcwH,US,2024-12-12,180,2813521
2qYbtIf8dRkBkKIcZVGFDq,US,2024-12-26,103,4360801
2qYbtIf8dRkBkKIcZVGFDq,US,2025-01-02,89,2925649
2qYbtIf8dRkBkKIcZVGFDq,US,2025-01-09,187,2329554
0314PeD1sQNonfVWix3B2K,US,2022-08-04,12,5204770
0314PeD1sQNonfVWix3B2K,US,2022-08-11,52,2501842
0314PeD1sQNonfVWix3B2K,US,2022-08-18,113,1904455
6syO6UTl8QiiWADJy3Uy2d,US,2024-12-26,147,3322811
6syO6UTl8QiiWADJy3Uy2d,US,2025-12-18,186,2377938
6syO6UTl8QiiWADJy3Uy2d,US,2025-12-25,86,3903189
1GiwvmI57OTGcKGNigZFJb,US,2023-03-09,36,4986259
1GiwvmI57OTGcKGNigZFJb,US,2023-03-16,103,2610644
1GiwvmI57OTGcKGNigZFJb,US,2023-03-23,191,2006380
3JJL91ilRV6fXhKqu0FGXs,US,2021-07-01,16,5818713
3JJL91ilRV6fXhKqu0FGXs,KR,2021-07-01,125,14055
3JJL91ilRV6fXhKqu0FGXs,US,2021-07-08,83,2191994
3JJL91ilRV6fXhKqu0FGXs,US,2021-07-15,186,1434253
4E0P1xs3JNmsNr5c5nFTZJ,US,2025-04-10,67,3670246
4E0P1xs3JNmsNr5c5nFTZJ,US,2025-04-17,89,3032941
4E0P1xs3JNmsNr5c5nFTZJ,US,2025-04-24,123,2654770
78RdTKcI2CediltTnGLIqr,US,2024-04-25,97,3595519
78RdTKcI2CediltTnGLIqr,US,2024-05-02,167,2721017
78RdTKcI2CediltTnGLIqr,US,2024-06-20,143,3012970
1g7pFO1WtclKCuIQiS8sNM,US,2024-12-26,110,4072768
1g7pFO1WtclKCuIQiS8sNM,US,2025-01-02,85,2936304
1g7pFO1WtclKCuIQiS8sNM,US,2025-01-09,194,2298958
7w6PJe5KBPyvuRYxFkPssC,US,2025-07-24,85,3179336
7w6PJe5KBPyvuRYxFkPssC,US,2025-07-31,49,3838793
7w6PJe5KBPyvuRYxFkPssC,US,2025-08-07,178,2239359
1MpCaOeUWhox2Fgigbe1cL,US,2022-08-04,11,5255824
1MpCaOeUWhox2Fgigbe1cL,US,2022-08-11,76,2201592
1MpCaOeUWhox2Fgigbe1cL,US,2022-08-18,171,1677326
2mqTtvbKxH7SoEQ2oGAnsA,US,2022-08-04,14,5016770
2mqTtvbKxH7SoEQ2oGAnsA,KR,2022-08-04,187,16275
2mqTtvbKxH7SoEQ2oGAnsA,US,2022-08-11,66,2354743
2mqTtvbKxH7SoEQ2oGAnsA,US,2022-08-18,149,1751178
0B6g379TMw0nYGXA7y5xHz,US,2023-06-08,45,3835837
0B6g379TMw0nYGXA7y5xHz,US,2023-06-15,77,2923288
0B6g379TMw0nYGXA7y5xHz,US,2023-06-22,131,2323527
2A5cwtDZpk7RvsPolrF4UL,US,2026-02-05,47,3910772
2A5cwtDZpk7RvsPolrF4UL,US,2026-02-12,131,2877072
2A5cwtDZpk7RvsPolrF4UL,US,2026-02-19,192,2274949
3bkpVSoNvBkvt9LJMFT5at,US,2023-06-29,39,3880491
3bkpVSoNvBkvt9LJMFT5at,US,2023-07-06,94,2872518
3bkpVSoNvBkvt9LJMFT5at,US,2023-07-13,170,2268352
41onDks2UPbyjer5fMeUWf,US,2023-12-28,162,2598698
41onDks2UPbyjer5fMeUWf,US,2024-12-26,152,3221710
41onDks2UPbyjer5fMeUWf,US,2025-12-25,133,3147160
44mYhOVgerj2qPjkGDVA6n,US,2024-12-26,156,3188767
44mYhOVgerj2qPjkGDVA6n,US,2025-12-25,125,3227302
1560osUcXrnov6yuOjXvc1,US,2024-09-05,97,3218314
1560osUcXrnov6yuOjXvc1,US,2024-09-12,95,3138662
1560osUcXrnov6yuOjXvc1,US,2024-09-19,163,2581172
0BUvxX1tTOSJcsn6Y24Bsp,US,2026-01-15,34,3794592
0BUvxX1tTOSJcsn6Y24Bsp,US,2026-01-22,102,2688030
0BUvxX1tTOSJcsn6Y24Bsp,US,2026-01-29,146,2300274
139nLHDFZNr3anx8CpUy7u,US,2025-06-26,40,3962171
139nLHDFZNr3anx8CpUy7u,US,2025-07-03,113,2664040
139nLHDFZNr3anx8CpUy7u,US,2025-09-25,187,2145027
4muwDurKeVOB1WBjTVRWlD,US,2023-06-01,37,3905959
4muwDurKeVOB1WBjTVRWlD,US,2023-06-08,92,2774404
4muwDurKeVOB1WBjTVRWlD,US,2023-06-15,190,2079188
6Ova4U0AcZrDqTaP0BWDjg,US,2024-10-17,157,2563649
6Ova4U0AcZrDqTaP0BWDjg,US,2024-10-24,75,3309086
6Ova4U0AcZrDqTaP0BWDjg,US,2024-10-31,126,2850759
6HexNTb392JS071DoTGo0y,US,2023-06-08,62,3213393
6HexNTb392JS071DoTGo0y,US,2023-06-15,72,3007302
6HexNTb392JS071DoTGo0y,US,2023-06-22,116,2436344
554p4ro2rs7dHqGPwQX67H,US,2026-08-27,26,3766838
554p4ro2rs7dHqGPwQX67H,US,2026-09-03,80,2666805
554p4ro2rs7dHqGPwQX67H,US,2026-09-10,155,2195437
38UYeBLfvpnDSG9GznZdnL,US,2023-03-02,70,2918615
38UYeBLfvpnDSG9GznZdnL,US,2023-03-09,91,3118490
38UYeBLfvpnDSG9GznZdnL,US,2023-03-16,105,2590014
4UkUxO2WlKLc0Q1iEutGGh,US,2024-02-22,70,3389311
4UkUxO2WlKLc0Q1iEutGGh,US,2024-02-29,141,2703198
4UkUxO2WlKLc0Q1iEutGGh,US,2024-03-07,172,2511743
4lMyi03aRk8nPBLLGyqAVz,US,2023-08-10,99,2727323
4lMyi03aRk8nPBLLGyqAVz,US,2023-08-17,59,3396185
4lMyi03aRk8nPBLLGyqAVz,US,2023-08-24,125,2480179
0mKGwFMHzTprtS2vpR3b6s,US,2022-08-04,15,4788593
0mKGwFMHzTprtS2vpR3b6s,US,2022-08-11,78,2174567
0mKGwFMHzTprtS2vpR3b6s,US,2022-08-18,187,1627998
1TgStpMGTflN84asKJ8VU3,US,2024-05-30,146,2966402
1TgStpMGTflN84asKJ8VU3,US,2024-06-06,144,2927295
1TgStpMGTflN84asKJ8VU3,US,2024-06-13,187,2638328
7uSLF2yhpjLlYBLtyPX3Lb,US,2023-06-15,86,2809218
7uSLF2yhpjLlYBLtyPX3Lb,US,2023-06-22,82,2707566
7uSLF2yhpjLlYBLtyPX3Lb,US,2023-06-29,76,2956967
0QpiyJbgWUjyAQNqjIA5tO,US,2024-08-01,118,2964191
0QpiyJbgWUjyAQNqjIA5tO,US,2024-08-08,115,3008527
0QpiyJbgWUjyAQNqjIA5tO,US,2024-08-15,177,2500138
1eroCliWpJrEu1V7VSObcO,US,2024-09-05,134,2791912
1eroCliWpJrEu1V7VSObcO,US,2024-09-12,128,2833376
1eroCliWpJrEu1V7VSObcO,US,2024-09-19,131,2830106
7sFMOSnRBa6td4lZa1oiTI,US,2025-03-27,83,3324655
7sFMOSnRBa6td4lZa1oiTI,US,2025-04-03,119,2736117
7sFMOSnRBa6td4lZa1oiTI,US,2025-04-10,185,2285156
25wdC7CJmCJPgnKw9rYquJ,US,2022-03-24,28,3100112
25wdC7CJmCJPgnKw9rYquJ,US,2022-03-31,19,3360654
25wdC7CJmCJPgnKw9rYquJ,US,2022-04-07,123,1856089
0ZBg0OsGKgZajDgFtryiz7,US,2024-03-21,77,3317309
0ZBg0OsGKgZajDgFtryiz7,US,2024-03-28,188,2491473
0ZBg0OsGKgZajDgFtryiz7,US,2024-04-04,187,2499600
4vzXLFqUnsA3qaopkRKNbI,US,2025-07-10,99,2859158
4vzXLFqUnsA3qaopkRKNbI,US,2025-07-17,110,2933256
4vzXLFqUnsA3qaopkRKNbI,US,2025-07-24,144,2512443
504V1vhYyHGHusNhEKvOV5,US,2024-02-08,114,2913797
504V1vhYyHGHusNhEKvOV5,US,2024-02-15,139,2823538
504V1vhYyHGHusNhEKvOV5,US,2024-02-22,170,2537421
7u3BVQ9DG1KA9c3Q8W3BLr,US,2025-11-20,61,3187528
7u3BVQ9DG1KA9c3Q8W3BLr,US,2025-11-27,97,2813495
7u3BVQ9DG1KA9c3Q8W3BLr,US,2025-12-04,192,2169148
0ydx75YiFzLjjQknKFNFwt,US,2024-09-26,126,3011236
0ydx75YiFzLjjQknKFNFwt,US,2024-10-03,151,2608013
0ydx75YiFzLjjQknKFNFwt,US,2024-10-10,164,2519073
4Po97bPnn3ISdEkuJBMt2f,US,2024-02-08,129,2779535
4Po97bPnn3ISdEkuJBMt2f,US,2024-02-15,142,2803392
4Po97bPnn3ISdEkuJBMt2f,US,2024-02-22,177,2508380
38R5sydMbsBzSPGPMfmtpb,US,2023-11-02,98,2821019
38R5sydMbsBzSPGPMfmtpb,US,2023-11-09,84,2844472
38R5sydMbsBzSPGPMfmtpb,US,2023-11-16,141,2379551
4olWlfIzbDyD53NhWyvdDJ,US,2026-07-02,80,2964641
4olWlfIzbDyD53NhWyvdDJ,US,2026-07-09,185,2223975
4olWlfIzbDyD53NhWyvdDJ,US,2026-07-23,78,2845478
1QvDl9tBq6PsMVE7Bf2ZOV,US,2024-03-28,122,2871735
1QvDl9tBq6PsMVE7Bf2ZOV,US,2024-04-04,177,2545803
1QvDl9tBq6PsMVE7Bf2ZOV,US,2024-04-11,171,2609081
3i6sCTU7ENlnHpHvrHUitW,US,2022-03-24,7,4036225
3i6sCTU7ENlnHpHvrHUitW,US,2022-03-31,69,2266434
3i6sCTU7ENlnHpHvrHUitW,US,2022-04-07,157,1714501
07oO1U722crtVcavi6frX6,US,2024-08-01,157,2677868
07oO1U722crtVcavi6frX6,US,2024-08-08,163,2614631
07oO1U722crtVcavi6frX6,US,2024-08-15,139,2716808
2A0G0bPmlkUXUbvWqrAXzg,US,2022-10-20,28,3678688
2A0G0bPmlkUXUbvWqrAXzg,US,2022-10-27,73,2527786
2A0G0bPmlkUXUbvWqrAXzg,US,2022-11-03,169,1794599
3kfhS2L56Wj8fBcu7xE47H,US,2023-09-21,61,3327524
3kfhS2L56Wj8fBcu7xE47H,US,2023-09-28,160,2372570
3kfhS2L56Wj8fBcu7xE47H,US,2023-10-05,175,2234125
3QQAeMQbbjZXVFbF8DgFWT,US,2024-01-25,193,2345153
3QQAeMQbbjZXVFbF8DgFWT,US,2024-02-01,129,2723075
3QQAeMQbbjZXVFbF8DgFWT,US,2024-02-08,131,2760290
4rPJSqrov3zqGwXlemLBMw,US,2023-01-12,140,2113215
4rPJSqrov3zqGwXlemLBMw,US,2023-01-19,59,2849533
4rPJSqrov3zqGwXlemLBMw,US,2023-01-26,64,2836202
1rNSCrsOoWyhKH4g47mehU,US,2024-06-27,194,2574633
1rNSCrsOoWyhKH4g47mehU,US,2024-08-08,164,2611662
1rNSCrsOoWyhKH4g47mehU,US,2024-08-15,154,2608681
5kDgJffgJ0lYHTSiaXFWNw,US,2024-09-05,155,2612403
5kDgJffgJ0lYHTSiaXFWNw,US,2024-09-12,168,2583721
5kDgJffgJ0lYHTSiaXFWNw,US,2024-09-19,173,2509863
0yOf4dgkVq8jbB2zxVK8Zj,US,2025-01-09,149,2541493
0yOf4dgkVq8jbB2zxVK8Zj,US,2025-01-16,121,2748500
0yOf4dgkVq8jbB2zxVK8Zj,US,2025-01-23,171,2406599
6YeDjSHCDmJKgU8foiaruL,US,2022-12-29,174,2078706
6YeDjSHCDmJKgU8foiaruL,US,2023-12-21,183,2472483
6YeDjSHCDmJKgU8foiaruL,US,2023-12-28,121,3097245
1N8klHEbZ0bFOHnMVs8C9S,US,2023-05-11,118,2484563
1N8klHEbZ0bFOHnMVs8C9S,US,2023-05-18,72,3014774
1N8klHEbZ0bFOHnMVs8C9S,US,2023-05-25,187,2102121
7uZqvqXzzYMKrexKxdcGmd,US,2021-04-22,24,4263440
7uZqvqXzzYMKrexKxdcGmd,US,2021-04-29,118,1715615
7uZqvqXzzYMKrexKxdcGmd,US,2021-05-06,167,1552984
1wTopxO5eQBpxrBXPSbsUn,US,2023-02-23,60,3023428
1wTopxO5eQBpxrBXPSbsUn,US,2023-03-02,132,2276044
1wTopxO5eQBpxrBXPSbsUn,US,2023-03-30,155,2230190
25r6MZ4Gtd76l43qnZI1DG,US,2021-10-14,26,3402935
25r6MZ4Gtd76l43qnZI1DG,KR,2021-10-14,191,8514
25r6MZ4Gtd76l43qnZI1DG,US,2021-10-21,67,2234112
25r6MZ4Gtd76l43qnZI1DG,US,2021-10-28,129,1705515
2OWv3lRR8PtOVuHWzQNRs2,US,2024-01-04,96,2624479
2OWv3lRR8PtOVuHWzQNRs2,US,2024-01-11,148,2389279
2OWv3lRR8PtOVuHWzQNRs2,US,2024-01-18,177,2290006
3C0nOe05EIt1390bVABLyN,US,2026-06-04,149,2580577
3C0nOe05EIt1390bVABLyN,US,2026-06-11,155,2483145
3C0nOe05EIt1390bVABLyN,US,2026-06-18,199,2236568
73S4fsK22WH929PLFNYgOj,US,2023-08-03,135,2555813
73S4fsK22WH929PLFNYgOj,US,2023-08-10,154,2326345
73S4fsK22WH929PLFNYgOj,US,2023-08-17,150,2362571
4LwU4Vp6od3Sb08CsP99GC,US,2022-02-17,36,3159308
4LwU4Vp6od3Sb08CsP99GC,US,2022-02-24,70,2332202
4LwU4Vp6od3Sb08CsP99GC,US,2022-03-03,155,1696101
6HrALJOMsfPCCbUo5cJCON,US,2024-10-24,182,2438400
6HrALJOMsfPCCbUo5cJCON,US,2024-10-31,190,2414997
6HrALJOMsfPCCbUo5cJCON,US,2024-11-07,191,2331756
04d5HlcQX6zH5MMqffXOon,US,2026-08-06,154,2288035
04d5HlcQX6zH5MMqffXOon,US,2026-08-13,100,2635879
04d5HlcQX6zH5MMqffXOon,US,2026-08-20,160,2219685
374EllG6WyKdKvklfanNZT,US,2022-03-10,33,2990195
374EllG6WyKdKvklfanNZT,US,2022-03-17,132,1811789
374EllG6WyKdKvklfanNZT,US,2022-03-31,62,2339570
33KU9huHP1Lv1UWWVkuTYd,US,2026-05-28,187,2397923
33KU9huHP1Lv1UWWVkuTYd,US,2026-06-04,183,2365489
33KU9huHP1Lv1UWWVkuTYd,US,2026-06-11,182,2341722
4JJcP0Rv9AgyPD6ZGaC8EE,US,2021-05-06,28,3559213
4JJcP0Rv9AgyPD6ZGaC8EE,KR,2021-05-06,161,9228
4JJcP0Rv9AgyPD6ZGaC8EE,US,2021-05-13,109,1810171
4JJcP0Rv9AgyPD6ZGaC8EE,US,2021-09-16,160,1673717
6vc2Jq2vaGu8z326kSrw92,US,2025-06-19,165,2303130
6vc2Jq2vaGu8z326kSrw92,US,2025-06-26,149,2395510
6vc2Jq2vaGu8z326kSrw92,US,2025-07-03,176,2322482
77qLAmRzMPetmXywybpH15,US,2025-11-20,187,2233066
77qLAmRzMPetmXywybpH15,US,2026-02-19,141,2549130
77qLAmRzMPetmXywybpH15,US,2026-02-26,196,2198783
50eJOxJiGmJ7PBZaTKpje1,US,2022-03-31,21,3303591
50eJOxJiGmJ7PBZaTKpje1,US,2022-04-07,97,2031351
50eJOxJiGmJ7PBZaTKpje1,US,2022-04-14,190,1599689
7fSM2taFBEB1WNZl8AOIoo,US,2022-09-08,36,3345851
7fSM2taFBEB1WNZl8AOIoo,US,2022-09-15,135,1834828
7fSM2taFBEB1WNZl8AOIoo,US,2022-09-22,170,1727724
4yugZvBYaoREkJKtbG08Qr,US,2022-07-07,192,1555176
4yugZvBYaoREkJKtbG08Qr,US,2025-07-10,127,2588080
4yugZvBYaoREkJKtbG08Qr,US,2026-07-09,104,2702423
1QV6tiMFM6fSOKOGLMHYYg,US,2025-04-17,200,2217901
1QV6tiMFM6fSOKOGLMHYYg,US,2025-04-24,195,2221810
6tWGe6nvXFWT0KhGCXM89q,US,2024-11-14,200,2275402
6tWGe6nvXFWT0KhGCXM89q,US,2025-01-02,193,2193891
6tWGe6nvXFWT0KhGCXM89q,US,2025-01-09,196,2295542
6otePxalBK8AVa20xhZYVQ,US,2023-03-02,97,2525766
6otePxalBK8AVa20xhZYVQ,US,2023-03-16,145,2195312
6otePxalBK8AVa20xhZYVQ,US,2023-03-23,180,2031049
7v4pPS4A7NgY7bxFA3Etv3,US,2021-09-09,57,3021215
7v4pPS4A7NgY7bxFA3Etv3,US,2021-09-16,98,2085506
7v4pPS4A7NgY7bxFA3Etv3,US,2021-09-23,165,1637228
5kB6WithhB8Iv08EMNmAbt,US,2023-06-29,145,2295454
5kB6WithhB8Iv08EMNmAbt,US,2023-07-20,146,2380161
5kB6WithhB8Iv08EMNmAbt,US,2023-07-27,199,2049465
5VHRiH48pBB008CAkrIBwP,US,2025-06-19,197,2145068
5VHRiH48pBB008CAkrIBwP,US,2025-06-26,198,2193670
5VHRiH48pBB008CAkrIBwP,US,2025-07-03,180,2300222
4H5DcBcHSt6ReloheY37Yi,US,2025-09-11,182,2082659
4H5DcBcHSt6ReloheY37Yi,US,2025-09-18,143,2262778
4H5DcBcHSt6ReloheY37Yi,US,2025-10-02,156,2286359
1piak4R3yW4otWWyaSqyCH,US,2023-04-20,164,2163956
1piak4R3yW4otWWyaSqyCH,US,2023-04-27,136,2303355
1piak4R3yW4otWWyaSqyCH,US,2023-05-04,166,2124352
2D3JfPyY2LkzXgNOb7qziR,US,2023-01-26,100,2418055
2D3JfPyY2LkzXgNOb7qziR,US,2023-02-02,122,2203662
2D3JfPyY2LkzXgNOb7qziR,US,2023-02-09,182,1956041
1ei3hzQmrgealgRKFxIcWn,US,2022-05-05,59,2552745
1ei3hzQmrgealgRKFxIcWn,US,2022-05-12,123,2045103
1ei3hzQmrgealgRKFxIcWn,US,2022-05-19,146,1949439
4D1k6x4MXTaSnljSvAXhaf,US,2023-08-10,192,2122321
4D1k6x4MXTaSnljSvAXhaf,US,2023-08-17,178,2249145
4D1k6x4MXTaSnljSvAXhaf,US,2023-08-24,172,2171013
7JDfWHxOFo63yQmVs5wSPM,US,2025-06-05,196,2275116
7JDfWHxOFo63yQmVs5wSPM,US,2025-06-12,198,2186152
7JDfWHxOFo63yQmVs5wSPM,US,2025-08-14,200,2074741
6dmXZ9B5HdFAyzHeTneYBK,US,2021-11-18,73,2920405
6dmXZ9B5HdFAyzHeTneYBK,KR,2021-11-18,95,14067
6dmXZ9B5HdFAyzHeTneYBK,US,2021-11-25,101,2077880
6dmXZ9B5HdFAyzHeTneYBK,KR,2021-11-25,148,11142
6dmXZ9B5HdFAyzHeTneYBK,US,2021-12-02,198,1528274
6dmXZ9B5HdFAyzHeTneYBK,KR,2021-12-02,184,9837
6MDdceLYec4AxohmorE4vH,US,2021-01-07,170,1486915
5UMMPHPp6vRP6ghPpSUOzp,US,2021-02-25,39,2802518
5UMMPHPp6vRP6ghPpSUOzp,US,2021-03-04,124,1721514
5UMMPHPp6vRP6ghPpSUOzp,US,2021-04-01,99,1934998
5xyLeb2q1lxDf7hXKYlC1H,US,2021-08-19,54,2554084
5xyLeb2q1lxDf7hXKYlC1H,US,2021-08-26,89,2146790
5xyLeb2q1lxDf7hXKYlC1H,US,2021-09-02,149,1716566
4JAmBKnHyq2avqNvJ81Mao,US,2025-09-18,180,2105073
4JAmBKnHyq2avqNvJ81Mao,US,2025-09-25,176,2166006
4JAmBKnHyq2avqNvJ81Mao,US,2025-10-02,188,2146213
7Fa7EcDrcGw2SUh8WjX3zo,US,2023-08-03,200,2161298
7Fa7EcDrcGw2SUh8WjX3zo,US,2023-08-24,195,2063168
7Fa7EcDrcGw2SUh8WjX3zo,US,2023-11-16,177,2187549
6HsXpHn2s6S9arU3Wy7ndc,US,2021-01-14,46,3063159
6HsXpHn2s6S9arU3Wy7ndc,US,2021-01-21,114,1877355
6HsXpHn2s6S9arU3Wy7ndc,US,2021-01-28,192,1471234
6XbtvPmIpyCbjuT0e8cQtp,US,2023-08-03,184,2229262
6XbtvPmIpyCbjuT0e8cQtp,US,2023-08-10,196,2111146
6XbtvPmIpyCbjuT0e8cQtp,US,2023-08-24,194,2063833
25FTMokYEbEWHEdss5JLZS,US,2026-08-20,199,2092173
25FTMokYEbEWHEdss5JLZS,US,2026-08-27,145,2249915
25FTMokYEbEWHEdss5JLZS,US,2026-09-17,185,2053147
1F9kEuwT29fgqlovIclu81,US,2021-05-06,37,3102401
1F9kEuwT29fgqlovIclu81,US,2021-05-13,108,1812348
1F9kEuwT29fgqlovIclu81,US,2021-05-20,196,1468533
01FvQEvHETjWqcDpQDJdTb,US,2021-01-14,47,3046624
01FvQEvHETjWqcDpQDJdTb,US,2021-01-21,116,1870495
01FvQEvHETjWqcDpQDJdTb,US,2021-01-28,196,1463413
5reQI13tWWYDLMrGcUF4Mk,US,2021-10-28,58,2370097
5reQI13tWWYDLMrGcUF4Mk,US,2021-11-04,64,2155252
5reQI13tWWYDLMrGcUF4Mk,US,2021-11-11,123,1746560
2bLqfJjuC5syrsgDsZfGmn,US,2026-09-03,186,2127002
2bLqfJjuC5syrsgDsZfGmn,US,2026-09-17,181,2061667
4ygQ5wSuzzNRevVjup1qV2,US,2023-04-20,182,2076656
4ygQ5wSuzzNRevVjup1qV2,US,2023-04-27,184,2071844
4ygQ5wSuzzNRevVjup1qV2,US,2023-05-04,182,2057531
0hPRWztAIbNkt6GcFcLiqF,US,2022-08-04,58,2662179
0hPRWztAIbNkt6GcFcLiqF,US,2022-08-11,137,1802899
0hPRWztAIbNkt6GcFcLiqF,US,2022-08-18,189,1622611
2MZrOmrVxRmmOoFW6dhenG,US,2021-03-18,54,2500560
2MZrOmrVxRmmOoFW6dhenG,US,2021-03-25,190,1497041
2MZrOmrVxRmmOoFW6dhenG,US,2021-04-01,93,2027120
2i2qDe3dnTl6maUE31FO7c,US,2022-12-22,166,2340226
2i2qDe3dnTl6maUE31FO7c,US,2023-01-05,186,1796717
2i2qDe3dnTl6maUE31FO7c,US,2023-01-12,180,1883049
488HG8lR11JswT2YgcWGRB,US,2021-09-09,71,2705362
488HG8lR11JswT2YgcWGRB,US,2021-09-16,172,1614481
488HG8lR11JswT2YgcWGRB,US,2021-10-07,137,1658146
4ka1FkKAMde6dQAFFMXKac,US,2021-08-12,58,2406178
4ka1FkKAMde6dQAFFMXKac,US,2021-08-19,96,1884929
4ka1FkKAMde6dQAFFMXKac,US,2021-08-26,153,1620301
2Ox2c1WEJDeQCHTXPE3YKM,US,2021-04-29,42,2670130
2Ox2c1WEJDeQCHTXPE3YKM,US,2021-05-06,126,1700294
2Ox2c1WEJDeQCHTXPE3YKM,US,2021-05-13,162,1536220
6f44p3Kc4ayD9VtbC9Clkr,US,2022-03-31,51,2483606
6f44p3Kc4ayD9VtbC9Clkr,US,2022-04-07,155,1718516
6f44p3Kc4ayD9VtbC9Clkr,US,2022-04-14,165,1691353
13EW51DKru044OJDJ9Bm8o,US,2021-07-29,182,1457877
2xB46Bj9HZ4cr058yN4Pla,US,2023-01-12,182,1878875
2xB46Bj9HZ4cr058yN4Pla,US,2023-01-26,173,2014553
2xB46Bj9HZ4cr058yN4Pla,US,2023-03-02,194,1976660
2EBnvom1dTybtm75a3Xh1T,US,2021-11-18,99,2295740
2EBnvom1dTybtm75a3Xh1T,KR,2021-11-18,200,9076
2EBnvom1dTybtm75a3Xh1T,US,2021-11-25,128,1864770
2EBnvom1dTybtm75a3Xh1T,KR,2021-11-25,175,9881
2EBnvom1dTybtm75a3Xh1T,US,2021-12-02,180,1628444
1aUq8rjW1EwkAkMri4VfJy,US,2022-11-24,182,1784597
1aUq8rjW1EwkAkMri4VfJy,US,2023-01-05,143,2014387
1aUq8rjW1EwkAkMri4VfJy,US,2023-01-12,184,1876171
5tVA6TkbaAH9QMITTQRrNv,US,2026-07-09,125,2511067
2CdTLdDjwZdVcm0bresVWx,US,2021-04-15,67,2564483
2CdTLdDjwZdVcm0bresVWx,KR,2021-04-15,120,10744
2CdTLdDjwZdVcm0bresVWx,US,2021-04-22,148,1603993
2CdTLdDjwZdVcm0bresVWx,US,2021-04-29,176,1462571
2stbjvpFujerfDUuUUPX7o,US,2021-09-16,102,2062341
2stbjvpFujerfDUuUUPX7o,US,2021-09-23,115,1928478
2stbjvpFujerfDUuUUPX7o,US,2021-09-30,159,1611822
71DSaeKtXQaMAqnvMT7Uoc,US,2023-07-13,95,2978642
71DSaeKtXQaMAqnvMT7Uoc,KR,2023-07-13,79,51234
71DSaeKtXQaMAqnvMT7Uoc,US,2023-07-20,139,2441203
71DSaeKtXQaMAqnvMT7Uoc,KR,2023-07-20,119,41139
71DSaeKtXQaMAqnvMT7Uoc,KR,2023-07-27,169,30794
3wkKkFAtYSTRwqOydW6T0I,US,2021-03-25,109,1917494
3wkKkFAtYSTRwqOydW6T0I,US,2021-04-01,121,1808608
3wkKkFAtYSTRwqOydW6T0I,US,2021-04-08,153,1612782
0DYNL4xbYWgNzppUamtyR4,US,2021-07-29,186,1436722
4fzyvSu73BhGvi96p2zwjL,US,2025-12-25,170,2746289
4v1TTTCadimzZkTuDTnYBc,US,2022-02-24,153,1697886
4v1TTTCadimzZkTuDTnYBc,US,2022-03-03,151,1724453
4v1TTTCadimzZkTuDTnYBc,US,2022-03-10,143,1753986
6VVqPBFZIbcmv14zNfOc13,US,2022-06-30,190,1626890
6VVqPBFZIbcmv14zNfOc13,US,2022-07-14,143,1757355
6VVqPBFZIbcmv14zNfOc13,US,2022-09-08,153,1744018
6M47gaKejso9772SKTa3yH,US,2021-10-21,125,1751465
6M47gaKejso9772SKTa3yH,US,2021-10-28,128,1707314
6M47gaKejso9772SKTa3yH,US,2021-11-04,169,1533096
3Ho13bRS28xEvGvgW4LOFM,US,2021-08-12,127,1699962
3Ho13bRS28xEvGvgW4LOFM,US,2021-08-19,122,1669960
3Ho13bRS28xEvGvgW4LOFM,US,2021-08-26,157,1599903
5gmkw2031VVIboYqPIjSWB,US,2021-11-25,137,1804675
5gmkw2031VVIboYqPIjSWB,US,2022-01-20,178,1549507
5gmkw2031VVIboYqPIjSWB,US,2022-01-27,170,1593755
4mIHgQ3ofK2RK34UdbqMbe,US,2021-11-11,154,1629882
4mIHgQ3ofK2RK34UdbqMbe,US,2021-11-18,180,1624995
4mIHgQ3ofK2RK34UdbqMbe,US,2021-11-25,172,1671732
3buwFfY33H32wfZ6X9poV3,US,2021-03-25,37,3254965
3buwFfY33H32wfZ6X9poV3,KR,2021-03-25,61,15058
3buwFfY33H32wfZ6X9poV3,US,2021-04-01,176,1585128
3buwFfY33H32wfZ6X9poV3,KR,2021-04-01,99,11823
3buwFfY33H32wfZ6X9poV3,KR,2021-04-08,148,9419
5rX6C5QVvvZB7XckETNych,US,2025-07-10,155,2381111
5rX6C5QVvvZB7XckETNych,US,2026-07-09,173,2260350
0QULNNd9z5s35entfiiXoa,US,2021-07-15,156,1554128
0QULNNd9z5s35entfiiXoa,US,2021-08-12,143,1598152
0QULNNd9z5s35entfiiXoa,US,2021-08-19,159,1510454
1KhrAWvLIjRlQIJtSTgvsi,US,2021-05-13,130,1632810
1KhrAWvLIjRlQIJtSTgvsi,US,2021-05-20,199,1454404
1KhrAWvLIjRlQIJtSTgvsi,US,2021-06-10,185,1491137
1GkHyypTFkUf0QQKwYoXH4,US,2021-02-04,61,2374797
1GkHyypTFkUf0QQKwYoXH4,KR,2021-02-04,148,9306
1GkHyypTFkUf0QQKwYoXH4,US,2021-02-11,179,1555720
1GkHyypTFkUf0QQKwYoXH4,KR,2021-02-11,106,14784
1GkHyypTFkUf0QQKwYoXH4,KR,2021-02-18,97,9377
370oYn3s5EKu7ziUpMQQTr,KR,2021-12-09,168,11382
370oYn3s5EKu7ziUpMQQTr,US,2021-12-23,127,2200395
370oYn3s5EKu7ziUpMQQTr,KR,2021-12-23,80,16643
370oYn3s5EKu7ziUpMQQTr,US,2021-12-30,191,1561617
370oYn3s5EKu7ziUpMQQTr,KR,2021-12-30,87,16506
1GfRjLG3DivFZEr85b6k7G,US,2025-08-28,77,2885162
1GfRjLG3DivFZEr85b6k7G,KR,2025-08-28,65,96867
1GfRjLG3DivFZEr85b6k7G,KR,2025-09-04,98,79997
1GfRjLG3DivFZEr85b6k7G,KR,2025-09-11,199,59470
2CIYemjFXdmCWpJnfbtrD6,US,2021-07-29,74,2215486
2CIYemjFXdmCWpJnfbtrD6,KR,2021-07-29,66,18564
2CIYemjFXdmCWpJnfbtrD6,KR,2021-08-05,112,13130
2CIYemjFXdmCWpJnfbtrD6,KR,2021-08-12,159,10372
3Z39gbqdaGL3WJXBG0gcuE,US,2021-11-04,142,1637390
3Z39gbqdaGL3WJXBG0gcuE,KR,2021-11-04,49,18986
3Z39gbqdaGL3WJXBG0gcuE,KR,2021-11-11,69,15982
3Z39gbqdaGL3WJXBG0gcuE,KR,2021-11-18,128,11690
776vLcNy6mHNmPisdejR0I,KR,2026-09-03,22,254169
776vLcNy6mHNmPisdejR0I,KR,2026-09-10,1,510581
776vLcNy6mHNmPisdejR0I,KR,2026-09-17,4,461318
4nKnOIDXFjRSMG4vkXDwzY,KR,2025-07-03,76,93060
4nKnOIDXFjRSMG4vkXDwzY,KR,2025-07-10,16,230282
4nKnOIDXFjRSMG4vkXDwzY,KR,2025-07-24,20,199193
6bpJO1TVdHHHosDvE2h4WG,KR,2026-04-09,38,194933
6bpJO1TVdHHHosDvE2h4WG,KR,2026-04-16,47,170316
6bpJO1TVdHHHosDvE2h4WG,KR,2026-04-23,92,125044
3ewkk2oDhpmhz0geDTlnLI,KR,2026-07-23,41,178105
3ewkk2oDhpmhz0geDTlnLI,KR,2026-07-30,45,168170
3ewkk2oDhpmhz0geDTlnLI,KR,2026-08-06,85,111301
0QLTEaLCsqQrgf54EtPMkt,KR,2026-05-28,47,169500
0QLTEaLCsqQrgf54EtPMkt,KR,2026-06-04,48,161721
0QLTEaLCsqQrgf54EtPMkt,KR,2026-06-11,117,106374
0GB2Y83tCVDoanc5kQXQxR,KR,2026-03-12,28,181125
0GB2Y83tCVDoanc5kQXQxR,KR,2026-03-19,49,143968
0GB2Y83tCVDoanc5kQXQxR,KR,2026-03-26,100,107753
04yT8FjRwt4LeN7mw4ymyI,KR,2026-04-02,44,181970
04yT8FjRwt4LeN7mw4ymyI,KR,2026-04-09,65,140983
04yT8FjRwt4LeN7mw4ymyI,KR,2026-04-16,148,101786
3KQ3fLAkMYyCWQLCi60zeE,KR,2026-04-16,58,149399
3KQ3fLAkMYyCWQLCi60zeE,KR,2026-04-23,77,131874
3KQ3fLAkMYyCWQLCi60zeE,KR,2026-04-30,150,99465
6g02YqJTLBjqJ7sGvW1wDB,KR,2026-07-23,47,166138
6g02YqJTLBjqJ7sGvW1wDB,KR,2026-07-30,68,127177
6g02YqJTLBjqJ7sGvW1wDB,KR,2026-08-06,185,83213
1JXTGQBCf19wY5LxLZI8ay,KR,2026-08-06,52,143558
1JXTGQBCf19wY5LxLZI8ay,KR,2026-08-13,61,128724
1JXTGQBCf19wY5LxLZI8ay,KR,2026-08-20,147,89137
1r39YFcEeZwF9SM66pE8xK,KR,2026-04-23,85,128240
1r39YFcEeZwF9SM66pE8xK,KR,2026-04-30,61,137955
1r39YFcEeZwF9SM66pE8xK,KR,2026-05-07,163,91803
7GRZqYKsoE1Ls98sr2o8xQ,KR,2026-06-04,89,114819
7GRZqYKsoE1Ls98sr2o8xQ,KR,2026-06-11,67,130992
7GRZqYKsoE1Ls98sr2o8xQ,KR,2026-06-18,130,102518
599L9ptR3PXQq6Dzn9uLP0,KR,2026-04-23,79,130985
599L9ptR3PXQq6Dzn9uLP0,KR,2026-04-30,81,126001
599L9ptR3PXQq6Dzn9uLP0,KR,2026-05-07,165,90989
63gCdrDtZlt1PMIGrzYEqt,KR,2026-09-03,198,84560
63gCdrDtZlt1PMIGrzYEqt,KR,2026-09-10,88,117445
63gCdrDtZlt1PMIGrzYEqt,KR,2026-09-17,65,143322
7pauGQxCVkdonnbRZiJh8l,KR,2026-05-14,161,92434
7pauGQxCVkdonnbRZiJh8l,KR,2026-05-21,65,129900
7pauGQxCVkdonnbRZiJh8l,KR,2026-05-28,144,97685
4BT0LtYtDN8bBaCPN0CPo1,KR,2026-05-21,75,121640
4BT0LtYtDN8bBaCPN0CPo1,KR,2026-05-28,99,110061
4BT0LtYtDN8bBaCPN0CPo1,KR,2026-06-04,191,87186
6mfSO0YMhvKFMNiEYIpO8J,KR,2026-06-18,99,112457
6mfSO0YMhvKFMNiEYIpO8J,KR,2026-06-25,124,103120
6mfSO0YMhvKFMNiEYIpO8J,KR,2026-07-02,184,87790
1mX9SZZfCeTbetghcrp8Jr,KR,2026-02-19,82,97917
1mX9SZZfCeTbetghcrp8Jr,KR,2026-02-26,73,107640
1mX9SZZfCeTbetghcrp8Jr,KR,2026-03-05,107,89589
2pwI28OQiOmf75EQEqbXG4,KR,2026-04-09,190,86976
2pwI28OQiOmf75EQEqbXG4,KR,2026-04-16,112,113899
2pwI28OQiOmf75EQEqbXG4,KR,2026-04-23,195,93758
37hxZGWZi8mURYxOcJ6Guh,KR,2026-08-27,144,90537
37hxZGWZi8mURYxOcJ6Guh,KR,2026-09-10,161,92848
37hxZGWZi8mURYxOcJ6Guh,KR,2026-09-17,137,104971
29lXkyQjeQGU3auxcbtgV1,KR,2025-09-11,57,111473
29lXkyQjeQGU3auxcbtgV1,KR,2025-09-18,71,100464
29lXkyQjeQGU3auxcbtgV1,KR,2025-09-25,137,75173
1XDSuZ5ZSExGZYC7IuiU5l,KR,2025-05-15,38,113748
1XDSuZ5ZSExGZYC7IuiU5l,KR,2025-05-22,61,93777
1XDSuZ5ZSExGZYC7IuiU5l,KR,2025-05-29,109,69874
3gug38ZhXQWJbwN7sh0YRR,KR,2026-07-16,177,82108
3gug38ZhXQWJbwN7sh0YRR,KR,2026-07-23,170,87228
3gug38ZhXQWJbwN7sh0YRR,KR,2026-07-30,112,106366
2vYRiFZ6HuKqO5asZ5YlyS,KR,2026-05-14,140,97802
2vYRiFZ6HuKqO5asZ5YlyS,KR,2026-05-21,174,89105
2vYRiFZ6HuKqO5asZ5YlyS,KR,2026-05-28,188,88608
2dl3pNKU8pr0fcI4XrKcGF,KR,2026-02-26,200,70898
2dl3pNKU8pr0fcI4XrKcGF,KR,2026-03-05,62,121527
2dl3pNKU8pr0fcI4XrKcGF,KR,2026-03-12,147,78874
3KcHHPN23AwgnSkq7TouwW,KR,2025-07-03,45,122852
3KcHHPN23AwgnSkq7TouwW,KR,2025-07-10,82,88970
3KcHHPN23AwgnSkq7TouwW,KR,2025-07-17,199,54595
3OTSFhD4vXLOH10i0FUPgA,KR,2026-07-30,184,86789
3OTSFhD4vXLOH10i0FUPgA,KR,2026-08-06,161,88796
3OTSFhD4vXLOH10i0FUPgA,KR,2026-08-13,165,88018
1JcrxF5NysDqpik9nZ1Sa4,KR,2025-08-21,107,72784
1JcrxF5NysDqpik9nZ1Sa4,KR,2025-08-28,47,119474
1JcrxF5NysDqpik9nZ1Sa4,KR,2025-09-04,134,68617
1jZBYmBLMTEtRvUB1w2QeF,KR,2025-02-27,75,88984
1jZBYmBLMTEtRvUB1w2QeF,KR,2025-03-06,55,105474
1jZBYmBLMTEtRvUB1w2QeF,KR,2025-03-13,130,64222
2CfVDYfw0B4WUHaWxyjsU3,KR,2025-10-30,56,110656
2CfVDYfw0B4WUHaWxyjsU3,KR,2025-11-06,90,85196
2CfVDYfw0B4WUHaWxyjsU3,KR,2025-11-13,195,62000
07ZkZzMHE6EEbHD50WUrgk,KR,2025-10-30,63,103781
07ZkZzMHE6EEbHD50WUrgk,KR,2025-11-06,100,81220
07ZkZzMHE6EEbHD50WUrgk,KR,2025-11-13,166,65749
46SiQnMkzPXPgnxnr1t5Lr,KR,2025-09-11,81,91493
46SiQnMkzPXPgnxnr1t5Lr,KR,2025-09-18,105,81403
46SiQnMkzPXPgnxnr1t5Lr,KR,2025-09-25,134,75853
2y3opu08ybnMRziQFdvcZv,KR,2024-12-05,38,127676
2y3opu08ybnMRziQFdvcZv,KR,2024-12-12,102,70707
2y3opu08ybnMRziQFdvcZv,KR,2024-12-19,180,47699
4TZpuTW62a7qcfpAiALD6R,KR,2026-02-26,123,85821
4TZpuTW62a7qcfpAiALD6R,KR,2026-03-05,135,81703
4TZpuTW62a7qcfpAiALD6R,KR,2026-03-12,158,76568
5EzhW71tVR5Rad6TdvdYKq,KR,2026-01-29,146,78728
5EzhW71tVR5Rad6TdvdYKq,KR,2026-02-05,111,88449
5EzhW71tVR5Rad6TdvdYKq,KR,2026-02-12,171,75896
6fbS9Lbyv6L4tz7tcmBGKh,KR,2025-02-27,77,88208
6fbS9Lbyv6L4tz7tcmBGKh,KR,2025-03-06,69,94585
6fbS9Lbyv6L4tz7tcmBGKh,KR,2025-03-13,165,54964
3GyX3O435KaZORawhjFWh0,KR,2025-10-23,139,71234
3GyX3O435KaZORawhjFWh0,KR,2025-10-30,74,93406
3GyX3O435KaZORawhjFWh0,KR,2025-11-06,142,70652
3SYveDpgawfdQtiMDlm4gi,KR,2025-06-26,97,80600
3SYveDpgawfdQtiMDlm4gi,KR,2025-07-03,86,86887
3SYveDpgawfdQtiMDlm4gi,KR,2025-07-10,140,63014
0jnelJPBaLQcN5IearNmdi,KR,2026-02-26,184,73500
0jnelJPBaLQcN5IearNmdi,KR,2026-03-05,153,77006
0jnelJPBaLQcN5IearNmdi,KR,2026-03-12,159,75917
7LFwi4RolcCPnVEXXXVfQP,KR,2025-01-16,72,84507
7LFwi4RolcCPnVEXXXVfQP,KR,2025-01-23,87,74771
7LFwi4RolcCPnVEXXXVfQP,KR,2025-01-30,140,51589
3vC63Nh3rSREo7qDHgnx8I,KR,2025-08-14,127,66963
3vC63Nh3rSREo7qDHgnx8I,KR,2025-08-21,95,79307
3vC63Nh3rSREo7qDHgnx8I,KR,2025-08-28,136,62961
6VedlO2MtaEjAITax6vQyg,KR,2025-09-18,165,67104
6VedlO2MtaEjAITax6vQyg,KR,2025-09-25,167,69934
6VedlO2MtaEjAITax6vQyg,KR,2025-10-02,187,63780
02jsJ8Jxl5sfpAsrXQByLh,KR,2025-05-15,166,54773
02jsJ8Jxl5sfpAsrXQByLh,KR,2025-05-22,72,87614
02jsJ8Jxl5sfpAsrXQByLh,KR,2025-05-29,166,57956
1YI0uK36eupTmw9F8kHysr,KR,2025-06-26,127,71366
1YI0uK36eupTmw9F8kHysr,KR,2025-07-03,142,66989
1YI0uK36eupTmw9F8kHysr,KR,2025-07-10,144,61822
1iHLurrRAWHisZAmzp9Uio,KR,2025-04-17,99,72508
1iHLurrRAWHisZAmzp9Uio,KR,2025-04-24,100,75654
1iHLurrRAWHisZAmzp9Uio,KR,2025-05-01,198,50104
0IjaSeBp6SHXTELm4C9ifk,KR,2025-05-15,167,54556
0IjaSeBp6SHXTELm4C9ifk,KR,2025-05-22,95,74677
0IjaSeBp6SHXTELm4C9ifk,KR,2025-05-29,136,64017
1qVOxNk88HMDXteLce4fyD,KR,2024-05-30,64,77381
1qVOxNk88HMDXteLce4fyD,KR,2024-06-06,61,68535
1qVOxNk88HMDXteLce4fyD,KR,2024-06-13,126,42432
2Zb18lrOnbvvIA1ZnpxXYE,KR,2025-05-15,200,49552
2Zb18lrOnbvvIA1ZnpxXYE,KR,2025-05-22,87,80209
2Zb18lrOnbvvIA1ZnpxXYE,KR,2025-05-29,192,54750
7zi7dD55ORKCGEjDNwSa1n,KR,2024-10-24,87,72183
7zi7dD55ORKCGEjDNwSa1n,KR,2024-10-31,110,65101
7zi7dD55ORKCGEjDNwSa1n,KR,2024-11-07,179,46838
7fiSE0NQwgJPj5QHhln8L1,KR,2025-07-10,147,61199
7fiSE0NQwgJPj5QHhln8L1,KR,2025-07-17,167,59815
7fiSE0NQwgJPj5QHhln8L1,KR,2025-08-28,164,59142
02mGPF4589DiiSdoH0pu1d,KR,2024-11-21,94,67279
02mGPF4589DiiSdoH0pu1d,KR,2024-11-28,128,56060
02mGPF4589DiiSdoH0pu1d,KR,2024-12-05,152,52697
45LdjIY5Ot4SAxOKfmcG2J,KR,2024-05-30,48,91093
45LdjIY5Ot4SAxOKfmcG2J,KR,2024-06-06,99,49808
45LdjIY5Ot4SAxOKfmcG2J,KR,2024-06-13,175,33200
22iBm7pEbvQk4HPrKWOuqQ,KR,2024-11-28,93,69769
22iBm7pEbvQk4HPrKWOuqQ,KR,2024-12-05,129,58486
22iBm7pEbvQk4HPrKWOuqQ,KR,2024-12-12,198,45373
2v7aUMUc1kerJyaRmIx9zd,KR,2024-10-24,127,56009
2v7aUMUc1kerJyaRmIx9zd,KR,2024-10-31,96,71110
2v7aUMUc1kerJyaRmIx9zd,KR,2024-11-07,189,45688
7D2B5pj751b3MIaU4TwE6e,KR,2024-10-10,122,42768
7D2B5pj751b3MIaU4TwE6e,KR,2024-10-17,92,60026
7D2B5pj751b3MIaU4TwE6e,KR,2024-10-24,110,61227
7kZDgpf6ebA3dlgt0vdRv2,KR,2025-04-03,177,53442
7kZDgpf6ebA3dlgt0vdRv2,KR,2025-04-10,150,59450
7kZDgpf6ebA3dlgt0vdRv2,KR,2025-05-01,193,50323
2E2p6VOMfshuvw15de3C1f,KR,2023-07-06,55,63225
2E2p6VOMfshuvw15de3C1f,KR,2023-07-13,56,60974
2E2p6VOMfshuvw15de3C1f,KR,2023-07-20,130,38008
4hCKVecuybp8IrwRfN8fr1,KR,2024-11-07,139,53169
4hCKVecuybp8IrwRfN8fr1,KR,2024-11-14,120,56208
4hCKVecuybp8IrwRfN8fr1,KR,2024-11-21,173,46489
1hm2mXrSIKD0ol3Epwy3at,KR,2024-08-22,105,47666
1hm2mXrSIKD0ol3Epwy3at,KR,2024-08-29,77,62489
1hm2mXrSIKD0ol3Epwy3at,KR,2024-09-05,183,35890
7twsZBhfSJFeaDp2rFHP1d,KR,2025-02-13,191,46961
7twsZBhfSJFeaDp2rFHP1d,KR,2025-02-20,196,47247
7twsZBhfSJFeaDp2rFHP1d,KR,2025-02-27,183,50410
2lkhdnz6pWlErZuRLnBXTt,KR,2024-10-17,168,43985
2lkhdnz6pWlErZuRLnBXTt,KR,2024-10-24,158,50421
2lkhdnz6pWlErZuRLnBXTt,KR,2024-10-31,172,48626
2022n4pxaEaDC2YvzVl1w7,KR,2024-09-26,119,45100
2022n4pxaEaDC2YvzVl1w7,KR,2024-10-03,63,60342
2022n4pxaEaDC2YvzVl1w7,KR,2024-10-10,166,36754
2llGaRhftbXIr1UgbpQpWq,KR,2024-05-30,93,54841
2llGaRhftbXIr1UgbpQpWq,KR,2024-06-06,90,52375
2llGaRhftbXIr1UgbpQpWq,KR,2024-06-13,163,34952
13U2hhhgeN57hffBCuaUcw,KR,2024-09-12,60,68574
13U2hhhgeN57hffBCuaUcw,KR,2024-09-19,142,39055
13U2hhhgeN57hffBCuaUcw,KR,2024-09-26,198,34457
1fr9b1MIyas7cpt1QY3h9d,KR,2022-04-14,196,12516
1fr9b1MIyas7cpt1QY3h9d,KR,2023-04-06,194,23511
1fr9b1MIyas7cpt1QY3h9d,KR,2026-04-09,136,101230
1dY5W7IZHUSpvTuCUWeXNE,KR,2024-05-30,119,46938
1dY5W7IZHUSpvTuCUWeXNE,KR,2024-06-06,98,49954
1dY5W7IZHUSpvTuCUWeXNE,KR,2024-06-13,143,37998
3nSyllwWNp9XuLKqCWswVv,KR,2024-09-05,99,53752
3nSyllwWNp9XuLKqCWswVv,KR,2024-09-12,119,46622
3nSyllwWNp9XuLKqCWswVv,KR,2024-09-19,195,31807
5i2qsnB4cF2j7KdxjhTbzV,KR,2024-07-18,87,56324
5i2qsnB4cF2j7KdxjhTbzV,KR,2024-07-25,119,43933
5i2qsnB4cF2j7KdxjhTbzV,KR,2024-08-01,175,31511
6aCVF5N988EPzYCsVQfkPy,KR,2024-09-05,125,47221
6aCVF5N988EPzYCsVQfkPy,KR,2024-09-12,125,45517
6aCVF5N988EPzYCsVQfkPy,KR,2024-09-19,162,36326
4YJlv9lK1EsszlUZ4ekj7I,KR,2023-12-21,85,53843
4YJlv9lK1EsszlUZ4ekj7I,KR,2023-12-28,105,45364
4YJlv9lK1EsszlUZ4ekj7I,KR,2024-01-04,168,29552
7goJkLIyjtlskr2JCD9F6h,KR,2023-07-06,75,52309
7goJkLIyjtlskr2JCD9F6h,KR,2023-07-13,86,47153
7goJkLIyjtlskr2JCD9F6h,KR,2023-07-20,188,29253
6IBVgRiEsCo3XkUK7IzaCX,KR,2023-07-06,77,51432
6IBVgRiEsCo3XkUK7IzaCX,KR,2023-07-13,83,48539
6IBVgRiEsCo3XkUK7IzaCX,KR,2023-07-20,195,28681
1fCKxY62wMnayTNSr3S3GN,KR,2024-07-11,115,43628
1fCKxY62wMnayTNSr3S3GN,KR,2024-07-18,100,49308
1fCKxY62wMnayTNSr3S3GN,KR,2024-07-25,164,34974
3VHD84tIdyxRTtRc167YSR,KR,2024-06-06,113,46518
3VHD84tIdyxRTtRc167YSR,KR,2024-06-13,130,41981
3VHD84tIdyxRTtRc167YSR,KR,2024-06-20,150,36410
3Me33RhzAgPcS97lkhIT1u,KR,2023-07-06,99,45525
3Me33RhzAgPcS97lkhIT1u,KR,2023-07-13,93,46418
3Me33RhzAgPcS97lkhIT1u,KR,2023-07-20,164,32544
7liPa1ogr6uKLBBfuKuCJh,KR,2024-03-28,82,51858
7liPa1ogr6uKLBBfuKuCJh,KR,2024-04-04,121,39852
7liPa1ogr6uKLBBfuKuCJh,KR,2024-04-11,183,32098
7b8SkcdeiTuo6FQXdPgPWW,KR,2024-03-21,103,43266
7b8SkcdeiTuo6FQXdPgPWW,KR,2024-03-28,114,40050
7b8SkcdeiTuo6FQXdPgPWW,KR,2024-04-04,126,38637
03S9ATtLIBqudkXFQsajpQ,KR,2024-05-02,102,42829
03S9ATtLIBqudkXFQsajpQ,KR,2024-05-09,94,45955
03S9ATtLIBqudkXFQsajpQ,KR,2024-05-16,169,30895
1hXs7BduDW3yGSSwolP8eh,KR,2024-06-13,121,43196
1hXs7BduDW3yGSSwolP8eh,KR,2024-06-20,113,43678
1hXs7BduDW3yGSSwolP8eh,KR,2024-06-27,192,31176
4stu4P8xHdm8ywpX1YpdFJ,KR,2024-05-30,137,41659
4stu4P8xHdm8ywpX1YpdFJ,KR,2024-06-06,129,42837
4stu4P8xHdm8ywpX1YpdFJ,KR,2024-06-13,178,33020
4RswMuoJPErLTTdpYG5Qb0,KR,2024-06-27,113,46668
4RswMuoJPErLTTdpYG5Qb0,KR,2024-07-04,144,37367
4RswMuoJPErLTTdpYG5Qb0,KR,2024-07-11,177,31942
5fgjRRJwE86CpvnZvR3bM6,KR,2024-07-04,120,42900
5fgjRRJwE86CpvnZvR3bM6,KR,2024-07-11,141,37017
5fgjRRJwE86CpvnZvR3bM6,KR,2024-07-18,154,35692
1Lkd4pjGFQilS5zPoMnLL7,KR,2023-12-28,89,51819
1Lkd4pjGFQilS5zPoMnLL7,KR,2024-01-04,120,36570
1Lkd4pjGFQilS5zPoMnLL7,KR,2024-01-11,199,26040
7v8v911KfBuFkqXvuDOtNm,KR,2023-04-27,85,46500
7v8v911KfBuFkqXvuDOtNm,KR,2023-05-04,94,40456
7v8v911KfBuFkqXvuDOtNm,KR,2023-05-11,185,25085
3TVPGk9hkCLnUP17yOAxAJ,KR,2023-03-30,66,50146
3TVPGk9hkCLnUP17yOAxAJ,KR,2023-04-06,121,32087
3TVPGk9hkCLnUP17yOAxAJ,KR,2023-04-13,159,28466
2IWjd02V6f5FBiC9ZDbe9R,KR,2022-12-22,50,51604
2IWjd02V6f5FBiC9ZDbe9R,KR,2022-12-29,85,34808
2IWjd02V6f5FBiC9ZDbe9R,KR,2023-01-05,138,23781
3bSiun4NYEYvoer5zfSMPt,KR,2024-09-12,192,35810
3bSiun4NYEYvoer5zfSMPt,KR,2024-09-26,166,37198
3bSiun4NYEYvoer5zfSMPt,KR,2024-10-03,184,35004
6fJW5vgrTBrKksFKApn7v2,KR,2023-04-27,79,48543
6fJW5vgrTBrKksFKApn7v2,KR,2023-05-04,162,27518
6fJW5vgrTBrKksFKApn7v2,KR,2023-05-11,137,30961
3szFx3SyWFpRbehaPxpyqq,KR,2023-03-16,63,46687
3szFx3SyWFpRbehaPxpyqq,KR,2023-03-23,106,34197
3szFx3SyWFpRbehaPxpyqq,KR,2023-03-30,168,25520
59oJpXOayvcKGbTXbrZjzF,KR,2023-04-13,73,48590
59oJpXOayvcKGbTXbrZjzF,KR,2023-04-20,153,29101
59oJpXOayvcKGbTXbrZjzF,KR,2023-04-27,169,27910
3acGHJqr9xU1cnCEfLX1Lx,KR,2023-04-27,95,43301
3acGHJqr9xU1cnCEfLX1Lx,KR,2023-05-04,107,36136
3acGHJqr9xU1cnCEfLX1Lx,KR,2023-05-11,180,25516
3p6aAa50gOAzb6QAOuYNb2,KR,2024-04-18,129,37316
3p6aAa50gOAzb6QAOuYNb2,KR,2024-04-25,162,34852
3p6aAa50gOAzb6QAOuYNb2,KR,2024-05-02,167,32685
33D9IBi6eTFEPldy7jQ8og,KR,2024-04-25,147,36725
33D9IBi6eTFEPldy7jQ8og,KR,2024-05-02,142,35040
33D9IBi6eTFEPldy7jQ8og,KR,2024-05-09,194,28167
3F2BLyGt6zYLrHYpbdTw5L,KR,2023-10-12,125,36120
3F2BLyGt6zYLrHYpbdTw5L,KR,2023-10-19,163,30638
3F2BLyGt6zYLrHYpbdTw5L,KR,2023-10-26,178,29427
18jf8iBa6OdMPDhLbgcsbC,KR,2023-03-16,90,36159
18jf8iBa6OdMPDhLbgcsbC,KR,2023-03-23,98,35830
18jf8iBa6OdMPDhLbgcsbC,KR,2023-03-30,186,23714
5VuH5mBWdaZi5oNzrFhigj,KR,2023-02-02,76,36268
5VuH5mBWdaZi5oNzrFhigj,KR,2023-02-09,83,33821
5VuH5mBWdaZi5oNzrFhigj,KR,2023-02-16,152,23450
1m9TZ1dpYEQnczSsI6z9Ku,KR,2024-02-15,164,30144
1m9TZ1dpYEQnczSsI6z9Ku,KR,2024-02-22,158,32003
1m9TZ1dpYEQnczSsI6z9Ku,KR,2024-02-29,162,31206
33zyxtEENVeaXiAZc8s6Wa,KR,2022-12-22,68,43907
33zyxtEENVeaXiAZc8s6Wa,KR,2022-12-29,116,29209
33zyxtEENVeaXiAZc8s6Wa,KR,2023-01-05,195,19938
3rjkAbJY6OLWCmSE0f8k3f,KR,2021-12-23,195,10739
3rjkAbJY6OLWCmSE0f8k3f,KR,2021-12-30,162,11989
3rjkAbJY6OLWCmSE0f8k3f,KR,2025-12-25,173,69450
1Nt4hDwC9bGT8P9NU5TuFX,KR,2024-05-09,155,31813
1Nt4hDwC9bGT8P9NU5TuFX,KR,2024-05-16,178,30136
1Nt4hDwC9bGT8P9NU5TuFX,KR,2024-05-23,193,29034
3nW7zEVZamOeAYnWp5LqVh,KR,2023-05-11,106,37250
3nW7zEVZamOeAYnWp5LqVh,KR,2023-05-18,178,25388
3nW7zEVZamOeAYnWp5LqVh,KR,2023-05-25,154,28253
1hkeifGMiDQjXlvAsIoDaa,KR,2024-01-25,156,31690
1hkeifGMiDQjXlvAsIoDaa,KR,2024-02-01,168,29720
1hkeifGMiDQjXlvAsIoDaa,KR,2024-02-08,169,29437
7njDhlprmHJ1I9pM0rxMON,KR,2023-07-13,170,30309
7njDhlprmHJ1I9pM0rxMON,KR,2023-07-20,193,28715
7njDhlprmHJ1I9pM0rxMON,KR,2023-07-27,184,28606
25QGSFaB28MnIp7CIX1Nkk,KR,2023-06-01,148,28051
25QGSFaB28MnIp7CIX1Nkk,KR,2023-06-08,162,28674
25QGSFaB28MnIp7CIX1Nkk,KR,2023-06-15,186,26260
685eV6j7d4WjDjKUmB5eU9,KR,2022-11-17,122,24520
685eV6j7d4WjDjKUmB5eU9,KR,2022-11-24,75,36274
685eV6j7d4WjDjKUmB5eU9,KR,2022-12-01,180,21439
0XirDL81ptA2KlrZVpjP0k,KR,2023-08-17,163,29307
0XirDL81ptA2KlrZVpjP0k,KR,2023-08-24,173,27193
0XirDL81ptA2KlrZVpjP0k,KR,2023-08-31,194,25690
2X3TAhWaAlTet44mabfdXl,KR,2023-04-13,182,26052
2X3TAhWaAlTet44mabfdXl,KR,2023-04-20,172,27188
2X3TAhWaAlTet44mabfdXl,KR,2023-04-27,175,27206
1lUNlmwyhsJy6kXmmrO11t,KR,2022-10-06,52,41257
1lUNlmwyhsJy6kXmmrO11t,KR,2022-10-13,168,19857
1lUNlmwyhsJy6kXmmrO11t,KR,2022-10-20,189,18843
34vqTQQDhOppwZDbpOJoip,KR,2022-10-20,94,28937
34vqTQQDhOppwZDbpOJoip,KR,2022-10-27,100,29440
34vqTQQDhOppwZDbpOJoip,KR,2022-11-03,167,20984
0Hy3JNYKAJu4ttcyQHzzYA,KR,2023-01-05,80,33228
0Hy3JNYKAJu4ttcyQHzzYA,KR,2023-01-12,133,23339
0Hy3JNYKAJu4ttcyQHzzYA,KR,2023-01-19,182,20607
2MS6xZ1HG8Mur5AGrvuVUG,KR,2023-01-26,123,22983
2MS6xZ1HG8Mur5AGrvuVUG,KR,2023-02-02,119,27352
2MS6xZ1HG8Mur5AGrvuVUG,KR,2023-02-09,136,25708
7cjojsJwncbiCI0rqOOf9j,KR,2022-06-02,63,31491
7cjojsJwncbiCI0rqOOf9j,KR,2022-06-09,71,28006
7cjojsJwncbiCI0rqOOf9j,KR,2022-06-16,194,16488
3YxK7NqMCWDpmrQ82Wvx25,KR,2022-12-08,106,31949
3YxK7NqMCWDpmrQ82Wvx25,KR,2022-12-15,177,22325
3YxK7NqMCWDpmrQ82Wvx25,KR,2023-01-05,172,21055
41KiFWhvIgjdVura4h93Zh,KR,2022-11-03,159,21643
41KiFWhvIgjdVura4h93Zh,KR,2022-12-01,124,25415
41KiFWhvIgjdVura4h93Zh,KR,2022-12-08,130,27313
4b3rGL8LDSkbARUUA20136,KR,2022-03-24,24,35602
4b3rGL8LDSkbARUUA20136,KR,2022-03-31,66,21080
4b3rGL8LDSkbARUUA20136,KR,2022-04-07,171,12975
4QDpsNBlllaLGj8zbF2EE0,KR,2022-03-24,23,35886
4QDpsNBlllaLGj8zbF2EE0,KR,2022-03-31,69,20412
4QDpsNBlllaLGj8zbF2EE0,KR,2022-04-07,193,12370
6zdgPI0zkt6xJSUoTLud8v,KR,2021-12-02,36,32562
6zdgPI0zkt6xJSUoTLud8v,KR,2021-12-09,61,21659
6zdgPI0zkt6xJSUoTLud8v,KR,2021-12-16,114,14172
1ZEFYW6nPEvIcsIvymgsLk,KR,2023-02-02,125,26464
1ZEFYW6nPEvIcsIvymgsLk,KR,2023-02-23,193,20622
1ZEFYW6nPEvIcsIvymgsLk,KR,2023-03-02,192,21195
1JUfVQxyt17lszAHbno101,KR,2022-03-17,25,34507
1JUfVQxyt17lszAHbno101,KR,2022-03-24,75,20069
1JUfVQxyt17lszAHbno101,KR,2022-03-31,179,12528
3F7ONltjlWoXuvpzK01YSK,KR,2022-05-05,59,27593
3F7ONltjlWoXuvpzK01YSK,KR,2022-05-12,70,22356
3F7ONltjlWoXuvpzK01YSK,KR,2022-05-19,132,16960
4SkwI7BxrIk5t5bpbvcrs6,KR,2021-09-16,24,33989
4SkwI7BxrIk5t5bpbvcrs6,KR,2021-09-23,65,16654
4SkwI7BxrIk5t5bpbvcrs6,KR,2021-09-30,114,11349
3660VWl7PCUsXhZlakn0KY,KR,2022-08-11,95,24722
3660VWl7PCUsXhZlakn0KY,KR,2022-08-18,127,19161
3660VWl7PCUsXhZlakn0KY,KR,2022-08-25,156,17214
1pdFdv8R6ezIAUUNkn785b,KR,2022-07-21,136,19516
1pdFdv8R6ezIAUUNkn785b,KR,2022-07-28,121,22664
1pdFdv8R6ezIAUUNkn785b,KR,2022-08-04,168,17308
0RErLzcXg9K3FtjN86e4gm,KR,2022-10-06,181,18178
0RErLzcXg9K3FtjN86e4gm,KR,2022-10-13,141,21953
0RErLzcXg9K3FtjN86e4gm,KR,2022-10-20,190,18779
11gYMzMkvro6P9YG69BIxm,KR,2022-09-15,122,20204
11gYMzMkvro6P9YG69BIxm,KR,2022-09-22,168,19635
11gYMzMkvro6P9YG69BIxm,KR,2022-09-29,179,18453
4Mk6OBjJZpnrSzPW1e5WlD,KR,2022-08-25,132,19039
4Mk6OBjJZpnrSzPW1e5WlD,KR,2022-09-01,113,21600
4Mk6OBjJZpnrSzPW1e5WlD,KR,2022-09-08,167,17619
5g6GKZXBoEnPmBl6G261CG,KR,2021-09-16,28,31253
5g6GKZXBoEnPmBl6G261CG,KR,2021-09-23,73,15449
5g6GKZXBoEnPmBl6G261CG,KR,2021-09-30,142,10291
66wSpvsxSBGBBnHax8VB9S,KR,2022-02-24,46,23769
66wSpvsxSBGBBnHax8VB9S,KR,2022-03-03,62,18825
66wSpvsxSBGBBnHax8VB9S,KR,2022-03-10,128,13438
6l1dTAhX7P6EKvA11NLNuW,KR,2021-10-07,42,21588
6l1dTAhX7P6EKvA11NLNuW,KR,2021-10-14,36,22857
6l1dTAhX7P6EKvA11NLNuW,KR,2021-10-21,101,11558
4h4Ibc1LSJmpLpVm0PBaPV,KR,2021-07-29,62,19692
4h4Ibc1LSJmpLpVm0PBaPV,KR,2021-08-05,52,23019
4h4Ibc1LSJmpLpVm0PBaPV,KR,2021-08-12,118,12554
3vG5ilGpaYA2MhVtyTORF1,KR,2021-05-13,32,23471
3vG5ilGpaYA2MhVtyTORF1,KR,2021-05-20,34,20225
3vG5ilGpaYA2MhVtyTORF1,KR,2021-05-27,118,11498
2JEaSgRiEra5OQrZlnyqXG,KR,2021-05-13,28,25632
2JEaSgRiEra5OQrZlnyqXG,KR,2021-05-20,41,18959
2JEaSgRiEra5OQrZlnyqXG,KR,2021-05-27,145,10019
68kHuoBxtNcWZWxBu1V007,KR,2021-10-28,28,29362
68kHuoBxtNcWZWxBu1V007,KR,2021-11-04,77,14980
68kHuoBxtNcWZWxBu1V007,KR,2021-11-11,194,8872
3gep0yiV6og5gWPAVwyVXm,KR,2022-07-14,188,15570
3gep0yiV6og5gWPAVwyVXm,KR,2022-07-21,143,18504
3gep0yiV6og5gWPAVwyVXm,KR,2022-07-28,157,18962
2pD74s7WAlBWUXjrTsKgdS,KR,2022-07-07,108,21681
2pD74s7WAlBWUXjrTsKgdS,KR,2022-07-14,187,15583
2pD74s7WAlBWUXjrTsKgdS,KR,2022-08-11,193,15475
62eXXGkcDrsf7eyhTDFlgy,KR,2021-12-09,59,22391
62eXXGkcDrsf7eyhTDFlgy,KR,2021-12-16,75,17516
62eXXGkcDrsf7eyhTDFlgy,KR,2021-12-23,155,12234
2GyBnXC1hlCtfD81JLw473,KR,2021-11-25,48,22702
2GyBnXC1hlCtfD81JLw473,KR,2021-12-02,70,18324
2GyBnXC1hlCtfD81JLw473,KR,2021-12-09,176,10918
6adPuBjUw3Zh6wK27d8Rgv,KR,2022-03-17,69,18375
6adPuBjUw3Zh6wK27d8Rgv,KR,2022-03-24,77,19779
6adPuBjUw3Zh6wK27d8Rgv,KR,2022-03-31,178,12559
3EFNqXf54nYARxXm5b7kGT,KR,2021-05-13,38,20310
3EFNqXf54nYARxXm5b7kGT,KR,2021-05-20,40,19027
3EFNqXf54nYARxXm5b7kGT,KR,2021-05-27,122,11175
1KudezVPwBoBUNeMrIeRyN,KR,2022-07-14,194,15348
1KudezVPwBoBUNeMrIeRyN,KR,2022-07-21,169,17079
1KudezVPwBoBUNeMrIeRyN,KR,2022-07-28,174,17516
2PmLP4DNUPJC98L78mrkal,KR,2022-07-07,196,15312
2PmLP4DNUPJC98L78mrkal,KR,2022-07-14,149,17577
2PmLP4DNUPJC98L78mrkal,KR,2022-07-21,180,16426
3ulX3obs7oJGzluQNzcIDX,KR,2021-12-09,62,21356
3ulX3obs7oJGzluQNzcIDX,KR,2021-12-16,91,16407
3ulX3obs7oJGzluQNzcIDX,KR,2021-12-23,173,11525
002wiS64p2qXaYYVAP7KOW,KR,2022-02-17,61,19450
002wiS64p2qXaYYVAP7KOW,KR,2022-02-24,71,17533
002wiS64p2qXaYYVAP7KOW,KR,2022-03-03,159,11597
6neQsYjtYlp98ioxs2XhZn,KR,2022-04-28,99,19125
6neQsYjtYlp98ioxs2XhZn,KR,2022-05-05,147,14861
6neQsYjtYlp98ioxs2XhZn,KR,2022-05-12,180,13250
3j0x2BUUtm2obQXS1lZuN3,KR,2022-02-24,64,17953
3j0x2BUUtm2obQXS1lZuN3,KR,2022-03-03,102,14808
3j0x2BUUtm2obQXS1lZuN3,KR,2022-03-10,126,13528
4XGdr0bJNCLjwQ4k3HWAGP,KR,2022-02-17,70,17828
4XGdr0bJNCLjwQ4k3HWAGP,KR,2022-02-24,83,16736
4XGdr0bJNCLjwQ4k3HWAGP,KR,2022-03-03,155,11717
5bMHrigI1EAmZdiyRzKoQi,KR,2021-10-07,57,17634
5bMHrigI1EAmZdiyRzKoQi,KR,2021-10-14,53,18481
5bMHrigI1EAmZdiyRzKoQi,KR,2021-10-21,148,9667
73pehvxZUb87PhgyJJpTlw,KR,2022-02-17,68,17914
73pehvxZUb87PhgyJJpTlw,KR,2022-02-24,85,16606
73pehvxZUb87PhgyJJpTlw,KR,2022-03-03,193,10704
6A4iYPzPVM4OSjIMgxMYnY,KR,2022-02-17,108,14391
6A4iYPzPVM4OSjIMgxMYnY,KR,2022-02-24,67,17858
6A4iYPzPVM4OSjIMgxMYnY,KR,2022-03-03,151,11804
0nW8KgIzm3Q6DCLHUtEHDh,KR,2021-06-10,61,18584
0nW8KgIzm3Q6DCLHUtEHDh,KR,2021-06-17,102,13391
0nW8KgIzm3Q6DCLHUtEHDh,KR,2021-06-24,182,10179
0JQgYzXuL2wCTAv6z4mESW,KR,2022-01-20,74,16638
0JQgYzXuL2wCTAv6z4mESW,KR,2022-01-27,97,14745
0JQgYzXuL2wCTAv6z4mESW,KR,2022-02-03,162,10674
0Rzx0irygv7gZd8YlvK5aO,KR,2022-03-24,107,15288
0Rzx0irygv7gZd8YlvK5aO,KR,2022-03-31,181,12478
0Rzx0irygv7gZd8YlvK5aO,KR,2022-04-07,151,13544
0cq9psWsFf2UKiYhbrbKwW,KR,2021-12-09,99,15644
0cq9psWsFf2UKiYhbrbKwW,KR,2021-12-16,102,14992
0cq9psWsFf2UKiYhbrbKwW,KR,2021-12-23,199,10459
3zpGIFghtnVlwMXWyKW474,KR,2021-09-09,81,15837
3zpGIFghtnVlwMXWyKW474,KR,2021-09-16,90,14213
3zpGIFghtnVlwMXWyKW474,KR,2021-09-23,141,10447
2bk43y1inDfHx8fFdXar3l,KR,2021-07-29,92,15351
2bk43y1inDfHx8fFdXar3l,KR,2021-08-05,103,14120
2bk43y1inDfHx8fFdXar3l,KR,2021-08-12,154,10839
44QDTpkTR3eLLfXEKTjyul,KR,2022-03-24,141,13634
44QDTpkTR3eLLfXEKTjyul,KR,2022-03-31,148,13791
44QDTpkTR3eLLfXEKTjyul,KR,2022-04-07,183,12697
4QqROKO0RtV5CvxE7g90uw,KR,2021-04-01,63,15089
4QqROKO0RtV5CvxE7g90uw,KR,2021-04-08,58,15305
4QqROKO0RtV5CvxE7g90uw,KR,2021-04-15,159,8894
4rrGSoMxUV0diSX4zpoCTf,KR,2021-08-19,89,14071
4rrGSoMxUV0diSX4zpoCTf,KR,2021-08-26,83,13691
4rrGSoMxUV0diSX4zpoCTf,KR,2021-09-02,152,11179
7ssJMybqD4c4dkpoU81mlZ,KR,2021-06-24,154,10873
7ssJMybqD4c4dkpoU81mlZ,KR,2021-07-01,132,13526
7ssJMybqD4c4dkpoU81mlZ,KR,2021-07-08,107,14119
31LHplV8BL8F0Uu9YbvTAY,KR,2021-02-11,76,16881
31LHplV8BL8F0Uu9YbvTAY,KR,2021-02-18,67,10994
31LHplV8BL8F0Uu9YbvTAY,KR,2021-02-25,108,9176
6zSTivatZLiVJ63bRzjIF1,KR,2021-11-11,93,13147
6zSTivatZLiVJ63bRzjIF1,KR,2021-11-18,104,13583
6zSTivatZLiVJ63bRzjIF1,KR,2021-11-25,171,10078
7B8JKfqm63AO8MCHFO3pIb,KR,2021-10-07,80,14265
7B8JKfqm63AO8MCHFO3pIb,KR,2021-10-14,86,12749
7B8JKfqm63AO8MCHFO3pIb,KR,2021-10-21,167,8998
7v8wKvNQQIxkugCFFjrkaO,KR,2021-12-16,137,12840
7v8wKvNQQIxkugCFFjrkaO,KR,2022-02-17,187,11009
7v8wKvNQQIxkugCFFjrkaO,KR,2022-02-24,162,12071
347PJwH4XqRbeaKaIW9sX3,KR,2021-06-03,99,13079
347PJwH4XqRbeaKaIW9sX3,KR,2021-06-10,111,12992
347PJwH4XqRbeaKaIW9sX3,KR,2021-06-17,187,9578
12FGJeMWeTVRjK31NIUIMQ,KR,2021-10-07,98,12644
12FGJeMWeTVRjK31NIUIMQ,KR,2021-10-14,84,12850
12FGJeMWeTVRjK31NIUIMQ,KR,2021-10-21,138,10079
1VjIS4qoyD6JS2rNZQgE00,KR,2021-07-08,154,11251
1VjIS4qoyD6JS2rNZQgE00,KR,2021-07-15,112,13716
1VjIS4qoyD6JS2rNZQgE00,KR,2021-07-22,185,9988
1cRY1p6f4k8B1fGt7hnP5H,KR,2022-01-20,181,10952
1cRY1p6f4k8B1fGt7hnP5H,KR,2022-01-27,135,13036
1cRY1p6f4k8B1fGt7hnP5H,KR,2022-02-03,176,10083
4hzeoIOERTL4jdTXAQ0FWr,KR,2022-03-10,191,10767
4hzeoIOERTL4jdTXAQ0FWr,KR,2022-03-17,191,10966
4hzeoIOERTL4jdTXAQ0FWr,KR,2022-03-24,171,12317
34U33Fr2hM6wWkjvdpiwS6,KR,2021-04-22,85,13319
34U33Fr2hM6wWkjvdpiwS6,KR,2021-04-29,111,11142
34U33Fr2hM6wWkjvdpiwS6,KR,2021-05-06,164,9166
6tRzqvMtnfDZY80WRh4csu,KR,2021-10-28,99,12613
6tRzqvMtnfDZY80WRh4csu,KR,2021-11-04,114,11580
6tRzqvMtnfDZY80WRh4csu,KR,2021-11-11,176,9281
2jqwPBpJYLtn2ozWN5zgd7,KR,2021-06-03,101,12961
2jqwPBpJYLtn2ozWN5zgd7,KR,2021-06-10,144,11029
2jqwPBpJYLtn2ozWN5zgd7,KR,2021-06-17,199,9168
3VSA53dOtVkhwyJ0nsAnRt,KR,2021-05-13,86,12741
3VSA53dOtVkhwyJ0nsAnRt,KR,2021-05-20,111,10548
3VSA53dOtVkhwyJ0nsAnRt,KR,2021-05-27,162,9390
5yv6tEdYkY3EfWXGSMSnWj,KR,2021-07-22,126,12702
5yv6tEdYkY3EfWXGSMSnWj,KR,2021-07-29,167,10619
5yv6tEdYkY3EfWXGSMSnWj,KR,2021-08-05,193,9243
0ox4uVLjlsGh0XseBN2fZa,KR,2021-02-04,80,12432
0ox4uVLjlsGh0XseBN2fZa,KR,2021-02-11,178,11428
0ox4uVLjlsGh0XseBN2fZa,KR,2021-02-18,118,8674
6aDsgHPZsMztSbZernzlF8,KR,2021-09-02,132,12060
6aDsgHPZsMztSbZernzlF8,KR,2021-09-09,153,10829
6aDsgHPZsMztSbZernzlF8,KR,2021-09-16,175,9528
27Mp1HAFIhnLBsGXdFcGXG,KR,2021-09-02,117,12853
27Mp1HAFIhnLBsGXdFcGXG,KR,2021-09-09,154,10814
27Mp1HAFIhnLBsGXdFcGXG,KR,2021-10-28,200,8614
6Lgbf4b6c9fwz24eFEWONX,KR,2021-09-30,126,11074
6Lgbf4b6c9fwz24eFEWONX,KR,2021-10-07,95,12755
6Lgbf4b6c9fwz24eFEWONX,KR,2021-10-14,194,8409
5FOnZ5yGWaKk0bxHOigYQk,KR,2021-02-04,116,10441
5FOnZ5yGWaKk0bxHOigYQk,KR,2021-02-11,115,14244
5FOnZ5yGWaKk0bxHOigYQk,KR,2021-02-18,161,7238
4d79iPe88TzFewhFk2vrcy,KR,2021-05-06,110,11105
4d79iPe88TzFewhFk2vrcy,KR,2021-05-13,91,12540
4d79iPe88TzFewhFk2vrcy,KR,2021-05-20,192,8035
76JA4ie9OkTaCXu909a93V,KR,2021-02-25,67,11424
76JA4ie9OkTaCXu909a93V,KR,2021-03-04,58,11230
76JA4ie9OkTaCXu909a93V,KR,2021-03-11,104,8903
4WwfMajCmOe3ApD9eF5B15,KR,2021-10-14,99,11909
4WwfMajCmOe3ApD9eF5B15,KR,2021-10-21,168,8998
4WwfMajCmOe3ApD9eF5B15,KR,2021-10-28,150,10345
1Zsy7gMUcHDhxC0bbyZmC2,KR,2021-06-10,145,11006
1Zsy7gMUcHDhxC0bbyZmC2,KR,2021-06-17,164,10093
1Zsy7gMUcHDhxC0bbyZmC2,KR,2021-06-24,188,10034
03TdLY0nav9sQ3kyjbyJ9t,KR,2021-02-04,162,8906
03TdLY0nav9sQ3kyjbyJ9t,KR,2021-02-11,100,15214
03TdLY0nav9sQ3kyjbyJ9t,KR,2021-02-18,177,6991
187yTccJjpINpPGWH1qtDy,KR,2021-04-15,139,9837
187yTccJjpINpPGWH1qtDy,KR,2021-04-22,108,11708
187yTccJjpINpPGWH1qtDy,KR,2021-04-29,150,9448
1SgUjGzbmmMOsGFTVwQ59L,KR,2021-06-17,176,9795
1SgUjGzbmmMOsGFTVwQ59L,KR,2021-07-01,177,11025
1SgUjGzbmmMOsGFTVwQ59L,KR,2021-07-08,195,9916
12n9WBfLII5EdQFzQiQFqv,KR,2021-10-07,173,8915
12n9WBfLII5EdQFzQiQFqv,KR,2021-10-14,114,11197
12n9WBfLII5EdQFzQiQFqv,KR,2021-10-21,128,10336
06L1apH8kLF47dbhZ4Zg9A,KR,2021-02-04,166,8850
06L1apH8kLF47dbhZ4Zg9A,KR,2021-02-11,112,14358
06L1apH8kLF47dbhZ4Zg9A,KR,2021-02-18,184,6801
46E1ic6n099e76t5J1TbHn,KR,2021-04-15,184,8036
46E1ic6n099e76t5J1TbHn,KR,2021-04-22,139,10519
46E1ic6n099e76t5J1TbHn,KR,2021-04-29,132,10187
4A6BplRJXLfp9GsDwzk3LV,KR,2021-02-25,82,10215
4A6BplRJXLfp9GsDwzk3LV,KR,2021-03-04,80,9787
4A6BplRJXLfp9GsDwzk3LV,KR,2021-03-11,130,8089
14bycLXzjEIFKVQCe2K6M2,KR,2021-02-25,95,9835
14bycLXzjEIFKVQCe2K6M2,KR,2021-03-04,98,9006
14bycLXzjEIFKVQCe2K6M2,KR,2021-03-11,159,7354
7MUksmMcnTI2Sf3bzplnQc,KR,2021-02-25,126,8639
7MUksmMcnTI2Sf3bzplnQc,KR,2021-03-04,109,8555
7MUksmMcnTI2Sf3bzplnQc,KR,2021-03-11,144,7692
0sGuE1QPupKA3D0LyZbTaN,KR,2021-02-11,199,10809
0sGuE1QPupKA3D0LyZbTaN,KR,2021-03-04,174,6646
0sGuE1QPupKA3D0LyZbTaN,KR,2021-03-11,193,6646
7JrvYwKnJRe3p3orzKXwaS,KR,2021-02-25,112,9082
7JrvYwKnJRe3p3orzKXwaS,KR,2021-03-04,127,8110
7JrvYwKnJRe3p3orzKXwaS,KR,2021-03-11,194,6622
0rNLaGUleZ91DXMxmZNq5v,KR,2021-03-11,167,7103
0rNLaGUleZ91DXMxmZNq5v,KR,2021-03-18,143,8365
0rNLaGUleZ91DXMxmZNq5v,KR,2021-03-25,196,7448
7b4Qu8lHzGX8PiQJ3Q1al4,KR,2021-02-25,162,7538
7b4Qu8lHzGX8PiQJ3Q1al4,KR,2021-03-04,121,8368
7b4Qu8lHzGX8PiQJ3Q1al4,KR,2021-03-11,191,6680
5SEvxpu5ImOFOcXyeM8fbx,KR,2021-02-18,149,7696
5SEvxpu5ImOFOcXyeM8fbx,KR,2021-02-25,155,7748
5SEvxpu5ImOFOcXyeM8fbx,KR,2021-03-04,188,6401
4EaQ0ouIydfeAgQUz284EF,VN,2023-04-13,1,1258341
4EaQ0ouIydfeAgQUz284EF,KR,2023-04-13,9,154680
4EaQ0ouIydfeAgQUz284EF,VN,2023-04-20,2,743343
4EaQ0ouIydfeAgQUz284EF,KR,2023-04-20,13,138359
5p8ThxM2OhJ0igfxkz0Z1q,VN,2022-12-08,1,885725
5p8ThxM2OhJ0igfxkz0Z1q,US,2022-12-08,191,2107923
5p8ThxM2OhJ0igfxkz0Z1q,KR,2022-12-08,5,152545
5p8ThxM2OhJ0igfxkz0Z1q,VN,2022-12-15,1,450387
5p8ThxM2OhJ0igfxkz0Z1q,KR,2022-12-15,9,105024
1IWEzoYndBj6ntPQ1nYiFP,VN,2026-09-10,15,542390
1IWEzoYndBj6ntPQ1nYiFP,VN,2026-09-17,6,651431
7oDd86yk8itslrA9HRP2ki,VN,2023-03-02,3,461834
7oDd86yk8itslrA9HRP2ki,US,2023-03-02,3,10927493
7oDd86yk8itslrA9HRP2ki,KR,2023-03-02,12,108000
7oDd86yk8itslrA9HRP2ki,VN,2023-03-09,4,467429
7oDd86yk8itslrA9HRP2ki,US,2023-03-09,4,11295541
7oDd86yk8itslrA9HRP2ki,KR,2023-03-09,7,131328
4UAnQaQTSMjKjHkqjKwEYx,VN,2025-07-24,5,717746
4UAnQaQTSMjKjHkqjKwEYx,VN,2025-07-31,148,182007
5SDFTxET9I8w7EW3UPBcaU,VN,2026-09-10,49,332407
5SDFTxET9I8w7EW3UPBcaU,VN,2026-09-17,31,451717
2AVDBKzxzTjLB91WVTfIlA,VN,2024-09-05,102,201983
2AVDBKzxzTjLB91WVTfIlA,VN,2024-09-12,15,519069
6ykJ7J55R2qQkiyWDAuj6S,VN,2026-09-10,66,283878
6ykJ7J55R2qQkiyWDAuj6S,VN,2026-09-17,42,377345
1zyNO73bPNPC6KBi3raNmZ,VN,2026-09-10,30,401760
1zyNO73bPNPC6KBi3raNmZ,KR,2026-09-10,77,122225
1zyNO73bPNPC6KBi3raNmZ,VN,2026-09-17,102,225312
1zyNO73bPNPC6KBi3raNmZ,KR,2026-09-17,88,125123
7kb6IV0z8Nd7vejSdAq0YN,VN,2025-05-08,26,437747
7kb6IV0z8Nd7vejSdAq0YN,KR,2025-05-08,145,58675
7kb6IV0z8Nd7vejSdAq0YN,VN,2025-05-15,138,181040
46KcOYalDgmgZJWRNjiMQ8,VN,2026-06-25,47,336602
46KcOYalDgmgZJWRNjiMQ8,VN,2026-07-02,106,229976
0ZRat7fxorLEemc5WI89iX,VN,2026-06-25,51,330335
0ZRat7fxorLEemc5WI89iX,VN,2026-07-02,126,210238
2JBPFxhktonEWpIYS8csms,VN,2026-06-25,52,327666
2JBPFxhktonEWpIYS8csms,VN,2026-07-02,129,208553
5QjIMYxulJvh8sOr0zQgTP,VN,2026-06-25,65,306280
5QjIMYxulJvh8sOr0zQgTP,VN,2026-07-02,130,207191
1VWiDyYTrqQhhmnWANWkFa,VN,2026-09-10,48,333366
1VWiDyYTrqQhhmnWANWkFa,US,2026-09-10,121,2400050
1VWiDyYTrqQhhmnWANWkFa,KR,2026-09-10,178,89710
1VWiDyYTrqQhhmnWANWkFa,VN,2026-09-17,158,179161
1VWiDyYTrqQhhmnWANWkFa,US,2026-09-17,194,2036548
4px414ErA1FdHPYoJE3vJm,VN,2026-09-10,95,225727
4px414ErA1FdHPYoJE3vJm,VN,2026-09-17,72,279640
2ZhPTxaMGhbLeN443dHYxy,VN,2026-06-25,61,309139
2ZhPTxaMGhbLeN443dHYxy,VN,2026-07-02,147,195391
7Ebm9NxzNhUX2FxzBl1kwm,VN,2024-02-29,41,321439
7Ebm9NxzNhUX2FxzBl1kwm,VN,2024-03-07,107,170207
5o5ITFH6KuV6OrdTJqZ80A,VN,2025-10-09,62,297511
5o5ITFH6KuV6OrdTJqZ80A,VN,2025-10-16,140,193518
635E47CCnfNqNGvygqQemO,VN,2026-09-10,140,186497
635E47CCnfNqNGvygqQemO,VN,2026-09-17,67,298932
0DJ0BWAlfW9h8xC5XxXEwr,VN,2026-06-25,69,293396
0DJ0BWAlfW9h8xC5XxXEwr,VN,2026-07-02,155,188560
7lbVxN06wsMIXHniG8MdCW,VN,2026-09-10,83,240970
7lbVxN06wsMIXHniG8MdCW,VN,2026-09-17,96,234256
24NU99R1NGEVlVIOPO0Ahg,VN,2026-06-18,91,233057
24NU99R1NGEVlVIOPO0Ahg,VN,2026-06-25,101,241119
04vZ4wvtdjMs35KgDIjNsG,VN,2026-06-25,74,287262
04vZ4wvtdjMs35KgDIjNsG,VN,2026-07-02,177,175747
1KxHecfnS2u53hVKAxLTqs,VN,2025-10-09,79,257548
1KxHecfnS2u53hVKAxLTqs,VN,2025-10-16,126,204332
6jyL2hO6lUnLM5YbmfnbUx,VN,2026-07-09,100,240036
6jyL2hO6lUnLM5YbmfnbUx,VN,2026-07-16,116,221228
7C88TYaBatVPICTghIKt61,VN,2025-12-04,80,274952
7C88TYaBatVPICTghIKt61,VN,2025-12-11,176,186163
73dH6RaEMaOICGPp7wwkP3,VN,2026-09-10,97,223718
73dH6RaEMaOICGPp7wwkP3,VN,2026-09-17,99,228773
4bx274sF0zGXBHtr9h4mlU,VN,2026-08-20,192,160892
4bx274sF0zGXBHtr9h4mlU,VN,2026-08-27,65,273748
3ZX71GsU4YKr4ZsAMty3i0,VN,2025-08-28,99,222885
3ZX71GsU4YKr4ZsAMty3i0,VN,2025-09-04,113,203986
2acb6cq9WgmMRoZcRnwd24,VN,2025-07-17,90,246794
2acb6cq9WgmMRoZcRnwd24,VN,2025-07-24,162,172342
3gHfyMW0ppwsUCEHVRE8rx,VN,2026-08-06,101,223688
3gHfyMW0ppwsUCEHVRE8rx,VN,2026-08-13,138,192010
4vVTI94F9uJ8lHNDWKv0i2,US,2026-04-16,76,3157395
4vVTI94F9uJ8lHNDWKv0i2,VN,2026-04-23,96,240545
4vVTI94F9uJ8lHNDWKv0i2,US,2026-04-23,49,3710504
4vVTI94F9uJ8lHNDWKv0i2,VN,2026-04-30,186,174390
2RU8W7BYkURayqMwImzMGr,VN,2026-09-10,122,199718
2RU8W7BYkURayqMwImzMGr,VN,2026-09-17,119,208502
4L0zBncAEvt5RLAI0IbTKs,VN,2025-05-01,87,236938
4L0zBncAEvt5RLAI0IbTKs,VN,2025-05-08,154,168638
4Mj7X2aDCWrvs4zKSF5cYY,VN,2025-07-17,93,243445
4Mj7X2aDCWrvs4zKSF5cYY,VN,2025-07-24,180,159680
7bRV274z4g3Lns0xV8xYzY,VN,2025-10-02,118,208379
7bRV274z4g3Lns0xV8xYzY,VN,2025-10-09,136,194291
2NIsWvMUHXqCplwCygJMjP,VN,2026-05-28,145,183905
2NIsWvMUHXqCplwCygJMjP,VN,2026-06-04,117,217118
5KzRocC5BSxcmR73kP4N1V,VN,2026-04-30,109,231489
5KzRocC5BSxcmR73kP4N1V,VN,2026-05-07,184,168138
4rBRRLgdB9DYJhqA9uVcWt,VN,2025-03-06,42,394922
4rBRRLgdB9DYJhqA9uVcWt,US,2025-03-06,188,2371822
4rBRRLgdB9DYJhqA9uVcWt,KR,2025-03-06,82,81902
4rBRRLgdB9DYJhqA9uVcWt,KR,2025-03-13,135,62758
76LJNZFUi9NOGkpZnIIRVX,VN,2024-08-08,71,251200
76LJNZFUi9NOGkpZnIIRVX,VN,2024-08-15,158,142924
5AsZiMkbxLlR68WM3HHKWZ,VN,2024-11-21,113,215484
5AsZiMkbxLlR68WM3HHKWZ,VN,2024-11-28,163,173401
5GH5F5HsKGirC3qKwW0wEN,VN,2026-08-27,97,225179
5GH5F5HsKGirC3qKwW0wEN,VN,2026-09-03,183,163635
11m89XC93dD5eFGRzcMqQE,VN,2025-12-25,130,205649
11m89XC93dD5eFGRzcMqQE,VN,2026-01-01,166,178742
72tHDLv1AtIC6kuAPOowIL,VN,2026-01-08,188,161564
72tHDLv1AtIC6kuAPOowIL,VN,2026-01-15,108,221637
6o6RzXslASwDh3ekSlDwhI,VN,2026-07-09,138,205430
6o6RzXslASwDh3ekSlDwhI,VN,2026-07-16,176,177251
1NOgO6fXONLPCdNhPPQR9D,VN,2026-08-20,125,199833
1NOgO6fXONLPCdNhPPQR9D,VN,2026-08-27,156,177409
4aHt5tkyVoMonpPGAehUcD,VN,2025-07-17,111,217976
4aHt5tkyVoMonpPGAehUcD,VN,2025-07-24,182,158939
3PoxzIOD0t4uhYs68hrOVu,VN,2026-02-26,118,189850
3PoxzIOD0t4uhYs68hrOVu,VN,2026-03-05,147,185188
0cA80rjlWyN7iF8qDjYQeq,VN,2026-01-08,195,156412
0cA80rjlWyN7iF8qDjYQeq,VN,2026-01-15,111,217009
7CuYlxVy87LrB2pQOP6i9z,VN,2025-04-10,166,182013
7CuYlxVy87LrB2pQOP6i9z,VN,2025-04-17,151,188534
1wG0HYACxdu3Kdz3mI4ca6,VN,2024-11-21,136,196045
1wG0HYACxdu3Kdz3mI4ca6,VN,2024-11-28,164,173253
7oaphyU2sth0QMzgGHOxs9,VN,2025-11-27,163,186658
7oaphyU2sth0QMzgGHOxs9,VN,2025-12-11,181,181408
7dfHNBhidNnAxzvx40FhcT,VN,2025-07-03,194,154854
7dfHNBhidNnAxzvx40FhcT,VN,2025-07-10,111,212894
03lqBJVdEg5oPZPhtNANFn,VN,2025-03-06,149,187657
03lqBJVdEg5oPZPhtNANFn,VN,2025-03-13,176,176756
0Cha5Fz6qQ7M6YjkeQrMMk,VN,2025-12-18,186,173680
0Cha5Fz6qQ7M6YjkeQrMMk,VN,2025-12-25,154,186046
0NDMUgq5VLeo7D14NqlfYO,VN,2025-05-22,119,199272
0NDMUgq5VLeo7D14NqlfYO,VN,2025-05-29,186,152344
67SnHLuHADZ2r5FkYbON0A,VN,2023-07-27,67,158858
67SnHLuHADZ2r5FkYbON0A,VN,2023-08-03,51,192645
1MAmEpLRV1JKdafGcZ6jdY,VN,2026-06-04,158,179895
1MAmEpLRV1JKdafGcZ6jdY,VN,2026-06-11,164,171429
6yLbighkE0kn1OH9zd4aBi,VN,2024-02-29,63,227833
6yLbighkE0kn1OH9zd4aBi,VN,2024-03-07,186,119862
3NlPQh6nzQBvYsSrQYAOrl,VN,2025-08-14,140,189252
3NlPQh6nzQBvYsSrQYAOrl,VN,2025-08-21,196,152952
6Ymfomc8oUF5vNy73Xjh10,VN,2025-09-18,172,169647
6Ymfomc8oUF5vNy73Xjh10,VN,2026-09-10,158,171433
0pkKpktoYIYzVMH5AGrdc8,VN,2025-06-05,149,174878
0pkKpktoYIYzVMH5AGrdc8,VN,2025-06-12,161,165955
5FdSbWlwpUTKGjtCPNAI4W,VN,2026-01-22,156,176642
5FdSbWlwpUTKGjtCPNAI4W,VN,2026-01-29,178,163936
5sTLGx6c7YRwnrWm6O091n,VN,2024-11-14,139,178839
5sTLGx6c7YRwnrWm6O091n,KR,2024-11-14,147,49189
5sTLGx6c7YRwnrWm6O091n,VN,2024-11-21,180,158112
1DkYLzjwHaesQYObT2c3X2,VN,2024-06-27,75,203041
1DkYLzjwHaesQYObT2c3X2,VN,2024-07-04,156,133763
5DiQp1ZULnFOYoz8LI4r8g,VN,2025-07-24,152,180124
5DiQp1ZULnFOYoz8LI4r8g,VN,2025-07-31,196,151248
2Xmxj5V4TkFETbmrUcpqFC,VN,2025-04-17,185,168075
2Xmxj5V4TkFETbmrUcpqFC,VN,2025-04-24,185,161975
59EkpaI6Bp5GSdA0hgvAAV,VN,2026-08-13,186,160154
59EkpaI6Bp5GSdA0hgvAAV,VN,2026-08-20,171,169006
5jXFK9Xl68NbtnFnajSRzA,VN,2026-09-10,186,153753
5jXFK9Xl68NbtnFnajSRzA,VN,2026-09-17,164,174116
1wbBii1kJbBnMr35bOo5gv,VN,2026-06-11,182,161001
1wbBii1kJbBnMr35bOo5gv,VN,2026-06-18,179,164836
5MI9rnOsAayuxi7pKVydNg,VN,2025-05-08,145,175696
5MI9rnOsAayuxi7pKVydNg,KR,2025-05-08,115,64502
5MI9rnOsAayuxi7pKVydNg,VN,2025-05-15,191,149161
5MI9rnOsAayuxi7pKVydNg,KR,2025-05-15,139,60529
5Bq05H6sE8g5NLfgjyapfr,VN,2024-05-16,80,193217
5Bq05H6sE8g5NLfgjyapfr,VN,2024-05-23,179,129528
2rDtJL39iMme6RgWnETEWP,VN,2024-11-07,157,166678
2rDtJL39iMme6RgWnETEWP,VN,2024-11-21,186,152067
4mZzqlaG67gUD0lAQIEVMs,VN,2026-01-29,176,164636
4mZzqlaG67gUD0lAQIEVMs,VN,2026-02-05,197,153516
1ejRnO9sknaTpp7Fog7ART,VN,2026-02-05,200,152468
1ejRnO9sknaTpp7Fog7ART,VN,2026-03-12,192,162604
5WqyMMhbVsV7yR8lSNy5EI,VN,2026-08-20,196,157962
5WqyMMhbVsV7yR8lSNy5EI,VN,2026-09-17,195,156775
3EvZ9Ztgy03uUhxlv8PLf3,VN,2023-08-24,64,190834
3EvZ9Ztgy03uUhxlv8PLf3,VN,2023-08-31,136,118963
1D9QWphMtRcxYybdzM6JUa,VN,2023-10-19,73,175860
1D9QWphMtRcxYybdzM6JUa,VN,2023-10-26,145,120585
6ahYdGHGTfy83VwR4AhQi9,VN,2024-04-11,135,157206
6ahYdGHGTfy83VwR4AhQi9,VN,2024-04-18,183,130791
56tf3cHQkwmvoplotk5QXd,VN,2023-04-27,55,192097
56tf3cHQkwmvoplotk5QXd,KR,2023-04-27,61,58855
56tf3cHQkwmvoplotk5QXd,VN,2023-05-04,154,94693
56tf3cHQkwmvoplotk5QXd,KR,2023-05-04,130,32082
1ZSwYD21wiQCx3VYrnQHMm,VN,2024-07-04,111,165295
1ZSwYD21wiQCx3VYrnQHMm,VN,2024-07-11,195,120181
7vtmmFlpMpBxWaKGiGbFFc,VN,2023-08-03,96,130529
7vtmmFlpMpBxWaKGiGbFFc,VN,2023-08-10,71,154835
2I9QJOvD1lamK9tHffY4La,VN,2023-12-07,104,163945
2I9QJOvD1lamK9tHffY4La,VN,2023-12-14,185,120818
6AknCCsxOsrJ2mkSdCtET1,VN,2023-04-13,53,187386
6AknCCsxOsrJ2mkSdCtET1,VN,2023-04-20,161,87978
0bqiS4Vi6vWtOj9woYfAJM,VN,2024-02-01,112,166639
0bqiS4Vi6vWtOj9woYfAJM,VN,2024-02-15,189,100870
6TOI8hhlfebwsTYRCVpRMn,VN,2023-10-19,92,163011
6TOI8hhlfebwsTYRCVpRMn,VN,2023-10-26,187,104368
414Mr8wR2m7fs2K0n8Bx3I,VN,2024-05-09,179,126354
414Mr8wR2m7fs2K0n8Bx3I,VN,2024-05-16,159,139843
2oAmC0f5DWBDyXqsKO00ov,VN,2023-12-28,194,119769
2oAmC0f5DWBDyXqsKO00ov,VN,2024-01-04,167,130539
4H2C2CDs2QrO9xuStligzF,VN,2024-05-09,185,120901
4H2C2CDs2QrO9xuStligzF,VN,2024-05-16,182,129319
6MCJdudhQY41K3IhluuNuq,VN,2021-12-16,13,152481
6MCJdudhQY41K3IhluuNuq,VN,2021-12-23,41,92202
6eOD2p1cGmxLiYA0UR03O1,VN,2024-02-08,197,123318
6eOD2p1cGmxLiYA0UR03O1,VN,2024-02-15,141,120290
6vUlAOoP5qqS3nPQmyc0Yc,VN,2025-03-13,111,242296
6vUlAOoP5qqS3nPQmyc0Yc,KR,2025-03-13,73,93545
6vUlAOoP5qqS3nPQmyc0Yc,KR,2025-03-20,143,65502
63sss8NjI2cmUWe1D3WwnS,VN,2024-04-18,197,124102
63sss8NjI2cmUWe1D3WwnS,VN,2024-05-09,199,115500
4xjMsuPSMtGwFvwdnEFDKn,VN,2024-03-07,197,115553
4xjMsuPSMtGwFvwdnEFDKn,VN,2024-03-14,200,122514
4zUob9iYFS9TgAR0hgo5pR,VN,2025-03-13,113,237840
4zUob9iYFS9TgAR0hgo5pR,KR,2025-03-13,93,80286
4zUob9iYFS9TgAR0hgo5pR,KR,2025-03-20,200,51676
37KEMM9tMw5Tb5GWlBmOVM,VN,2024-05-09,187,118180
37KEMM9tMw5Tb5GWlBmOVM,VN,2024-05-16,198,118692
6PmjpeFEpxxAmuVmGkdWPJ,VN,2023-08-31,130,120914
6PmjpeFEpxxAmuVmGkdWPJ,VN,2023-09-07,138,110043
0mhfW8VkkCQBUSDqHJKJnA,VN,2023-09-14,134,115611
0mhfW8VkkCQBUSDqHJKJnA,VN,2023-09-21,135,114137
4ZVb8ZUjzUJOTP1RNqUC9y,VN,2023-08-17,111,122421
4ZVb8ZUjzUJOTP1RNqUC9y,VN,2023-08-24,168,103846
1q83e1qvjHBPCgOvdGSKZ0,VN,2023-08-31,141,117051
1q83e1qvjHBPCgOvdGSKZ0,VN,2023-09-07,141,108059
4CrTXVuKQnFlIoscIDgMCq,VN,2023-09-07,135,113944
4CrTXVuKQnFlIoscIDgMCq,VN,2023-09-14,143,108797
1W5kZCi3DyAwUu1flTIHdZ,VN,2023-11-16,183,114920
1W5kZCi3DyAwUu1flTIHdZ,VN,2023-11-23,190,107465
0tRpWjAPI6SCNcOMQGw4z5,VN,2023-09-14,139,110978
0tRpWjAPI6SCNcOMQGw4z5,VN,2023-09-21,140,110828
37C9dPZpyhW1BIg1SoMw9P,VN,2023-08-24,160,106200
37C9dPZpyhW1BIg1SoMw9P,VN,2023-08-31,143,115251
0KnWLhf5GqPEC4m7sHhxrY,VN,2023-11-02,192,109435
0KnWLhf5GqPEC4m7sHhxrY,VN,2023-11-09,190,110222
2tZjAcLcg7k0p0c1wA3Ggk,VN,2023-07-27,93,132493
2tZjAcLcg7k0p0c1wA3Ggk,VN,2023-08-03,195,86280
4ZEcVT9Po6mt11r7dr95jB,VN,2023-09-14,129,116950
4ZEcVT9Po6mt11r7dr95jB,VN,2023-09-21,181,98733
60GKmFakXVwnmiUFN2X5Kn,VN,2023-08-17,126,114710
60GKmFakXVwnmiUFN2X5Kn,VN,2023-08-24,179,99998
719Z1dnp95fwmbs2st1PKn,VN,2023-09-07,144,106806
719Z1dnp95fwmbs2st1PKn,VN,2023-09-14,151,106223
4LWcvlsVnpYDflrviNR3SM,VN,2023-08-24,162,105784
4LWcvlsVnpYDflrviNR3SM,VN,2023-08-31,161,106520
2vRkwfiy4Se8ddUSkdMTmQ,VN,2022-11-17,49,117195
2vRkwfiy4Se8ddUSkdMTmQ,VN,2022-11-24,76,93809
5KFUnnRbtef0hgKXfeCoOv,VN,2023-08-24,151,108445
5KFUnnRbtef0hgKXfeCoOv,VN,2023-08-31,182,99686
1kVyThG6NhcbgNorq7xweu,VN,2023-09-07,170,97943
1kVyThG6NhcbgNorq7xweu,VN,2023-09-14,142,109207
6uhCnqc4Tncn1vqkuGubPO,VN,2026-09-03,127,201131
6uhCnqc4Tncn1vqkuGubPO,KR,2026-09-03,65,129561
6uhCnqc4Tncn1vqkuGubPO,KR,2026-09-10,133,99366
6eAeHA1D7ONFYUuw0LlhGN,VN,2023-09-07,152,103950
6eAeHA1D7ONFYUuw0LlhGN,VN,2023-09-14,185,95987
15yC0BCinDyknKpjk0VLku,VN,2022-02-03,194,31786
15yC0BCinDyknKpjk0VLku,VN,2026-02-19,158,162146
5qgyOHMJFZwJMQ2Vi7uzgV,VN,2023-08-17,177,92306
5qgyOHMJFZwJMQ2Vi7uzgV,VN,2023-08-24,184,98833
3rtMytBKFkyD0HygMUl727,VN,2026-09-10,156,171542
0soE3o6dUx6YiSzpUkfyBE,VN,2026-09-03,148,183379
0soE3o6dUx6YiSzpUkfyBE,KR,2026-09-03,67,128112
0soE3o6dUx6YiSzpUkfyBE,KR,2026-09-10,121,103438
4kjA6oaloTf6ndyntyhZx8,VN,2023-07-13,198,81161
4kjA6oaloTf6ndyntyhZx8,VN,2023-07-20,149,100329
0HH3DAz5feqJmDA50yQ52M,VN,2022-10-27,86,98705
0HH3DAz5feqJmDA50yQ52M,VN,2022-11-03,103,82397
2Nwi8X3bmgKU1zMQUsDTah,VN,2023-03-16,144,95823
2Nwi8X3bmgKU1zMQUsDTah,VN,2023-03-23,186,84768
0TKCUjfV3YGuY99MxCKM5w,VN,2026-01-22,152,178855
0TKCUjfV3YGuY99MxCKM5w,KR,2026-01-22,82,98070
0TKCUjfV3YGuY99MxCKM5w,KR,2026-01-29,165,75085
2e0b6AaC1Abz5mFyCS3fXY,VN,2021-12-16,49,86895
2e0b6AaC1Abz5mFyCS3fXY,VN,2021-12-23,54,80063
1nwdfbj4UyRMpa9L98a4Yi,VN,2022-07-28,35,120839
1nwdfbj4UyRMpa9L98a4Yi,VN,2022-08-04,184,44058
72sfmdpuO5r8cBDgs7MqZZ,VN,2023-06-22,197,77918
72sfmdpuO5r8cBDgs7MqZZ,VN,2023-06-29,185,79922
14kyXBpg91RVq8bNRDS1q2,VN,2024-03-14,138,154282
14kyXBpg91RVq8bNRDS1q2,US,2024-03-14,19,7576014
14kyXBpg91RVq8bNRDS1q2,KR,2024-03-14,98,46158
14kyXBpg91RVq8bNRDS1q2,US,2024-03-21,57,3719340
2sR1e5YFAvXVN6EiIwR2is,VN,2024-05-30,146,145715
2sR1e5YFAvXVN6EiIwR2is,KR,2024-05-30,102,51217
2sR1e5YFAvXVN6EiIwR2is,KR,2024-06-06,195,30485
4u43avsuHboJHfogNT5EX1,VN,2023-01-12,136,76229
4u43avsuHboJHfogNT5EX1,VN,2023-01-19,163,69342
2mgzUVvDpb1zMSB4glLQ6T,VN,2022-06-30,72,79987
2mgzUVvDpb1zMSB4glLQ6T,KR,2022-06-30,13,72575
2mgzUVvDpb1zMSB4glLQ6T,VN,2022-07-07,98,62143
2mgzUVvDpb1zMSB4glLQ6T,KR,2022-07-07,13,69707
1hlT8F0X27uf3fpOWawjbY,VN,2021-12-23,32,99809
1hlT8F0X27uf3fpOWawjbY,VN,2022-04-14,178,41179
5cQX9BexkPIEESTZijJhXg,VN,2024-03-14,168,140620
5cQX9BexkPIEESTZijJhXg,US,2024-03-14,24,6976253
5cQX9BexkPIEESTZijJhXg,KR,2024-03-14,102,45023
5cQX9BexkPIEESTZijJhXg,US,2024-03-21,67,3475205
3aKXtIPNRoD73KLpsNnNoK,VN,2024-04-04,165,138419
3aKXtIPNRoD73KLpsNnNoK,KR,2024-04-04,93,49135
3aKXtIPNRoD73KLpsNnNoK,KR,2024-04-11,199,30818
5SMCxRA6hB2jEhroaYfw6N,KR,2022-09-15,198,15879
5SMCxRA6hB2jEhroaYfw6N,VN,2022-09-22,167,55551
5SMCxRA6hB2jEhroaYfw6N,KR,2022-09-22,187,18454
5SMCxRA6hB2jEhroaYfw6N,VN,2023-04-20,180,81022
5uHrWZqndnheP1qtYr6xGC,KR,2021-02-04,187,8256
5uHrWZqndnheP1qtYr6xGC,VN,2023-04-13,170,85118
7wxxk3WQhBERNIhkYg5adk,VN,2022-04-14,82,65156
7wxxk3WQhBERNIhkYg5adk,VN,2022-04-21,81,67788
6XXKB32Om6WuXg3uEWwTob,VN,2024-03-14,184,132616
6XXKB32Om6WuXg3uEWwTob,US,2024-03-14,25,6617057
6XXKB32Om6WuXg3uEWwTob,KR,2024-03-14,117,41870
6XXKB32Om6WuXg3uEWwTob,US,2024-03-21,68,3423622
6GoFIkTKX9CIGgM9APx5UB,VN,2022-05-19,190,39387
6GoFIkTKX9CIGgM9APx5UB,VN,2022-06-16,63,93140
6GoFIkTKX9CIGgM9APx5UB,KR,2022-06-16,75,28921
1JDAQRGExgNj3HrhUQZcnS,VN,2022-08-04,80,75511
1JDAQRGExgNj3HrhUQZcnS,VN,2022-08-11,122,56556
2kenOIzz3AlVKF7wGqzH3F,VN,2022-09-29,129,62016
2kenOIzz3AlVKF7wGqzH3F,VN,2022-10-06,115,68834
13jRSCLoWbCoU1XEdJRbgn,VN,2024-03-14,188,129895
13jRSCLoWbCoU1XEdJRbgn,US,2024-03-14,32,5829690
13jRSCLoWbCoU1XEdJRbgn,KR,2024-03-14,130,39050
13jRSCLoWbCoU1XEdJRbgn,US,2024-03-21,159,2557326
4kBr5XX61vLb4tejJajOT8,VN,2024-05-30,178,128539
4kBr5XX61vLb4tejJajOT8,KR,2024-05-30,101,51485
4kBr5XX61vLb4tejJajOT8,KR,2024-06-06,184,31589
17AFcTj1bj9qhWrHbsLDSb,VN,2022-05-19,184,40404
17AFcTj1bj9qhWrHbsLDSb,VN,2022-06-16,72,83971
17AFcTj1bj9qhWrHbsLDSb,KR,2022-06-16,98,24992
1qBhlpdpjgsevbE4FCe3KN,VN,2022-06-16,127,58129
1qBhlpdpjgsevbE4FCe3KN,VN,2022-06-23,90,65996
1PcWKm3zxxc4KyAY0VWBRV,VN,2022-12-08,180,61900
1PcWKm3zxxc4KyAY0VWBRV,VN,2022-12-15,198,57202
37PyxXH5vlbNcYwxOHbfFn,VN,2022-11-03,169,54537
37PyxXH5vlbNcYwxOHbfFn,VN,2022-11-17,141,64081
13CVSGLSFl4UxpDVR6u3dq,VN,2021-11-25,46,82418
13CVSGLSFl4UxpDVR6u3dq,US,2021-11-25,10,6608645
13CVSGLSFl4UxpDVR6u3dq,KR,2021-11-25,59,19506
13CVSGLSFl4UxpDVR6u3dq,VN,2021-12-02,197,33674
13CVSGLSFl4UxpDVR6u3dq,US,2021-12-02,127,1870340
0API9o2omhCk5DEKyQcVEP,VN,2021-11-18,54,74515
0API9o2omhCk5DEKyQcVEP,VN,2021-11-25,148,40907
2QJR9Bbk7bEUGNhKzapLnl,VN,2022-10-20,194,48477
2QJR9Bbk7bEUGNhKzapLnl,VN,2022-10-27,147,63534
1F7kjQhF92Al8CSu2jP5rH,VN,2022-06-30,98,61401
1F7kjQhF92Al8CSu2jP5rH,VN,2022-07-07,137,50458
0OFfNvr1GufcoJwFufmwOV,VN,2022-09-15,140,55655
0OFfNvr1GufcoJwFufmwOV,VN,2022-09-22,163,55737
4V2MZcxyltQ4oKSdXOZoV0,VN,2022-03-24,115,55435
4V2MZcxyltQ4oKSdXOZoV0,VN,2022-03-31,109,54108
2LTNFan0VgVJzbbPvSwm7e,VN,2021-06-10,65,73458
2LTNFan0VgVJzbbPvSwm7e,VN,2021-06-17,139,33334
68z9t6zihQgqzBGtexjTRG,VN,2021-07-08,54,75258
68z9t6zihQgqzBGtexjTRG,VN,2021-07-15,176,29610
32gvR8ySw32FThelwi9yWQ,KR,2021-02-04,120,10308
32gvR8ySw32FThelwi9yWQ,VN,2021-10-21,55,64564
32gvR8ySw32FThelwi9yWQ,VN,2022-04-07,176,40047
5OlieB5VdsOMuBuCtllXGW,VN,2022-06-02,182,40593
5OlieB5VdsOMuBuCtllXGW,VN,2022-06-16,115,61020
5OlieB5VdsOMuBuCtllXGW,KR,2022-06-16,151,19406
02it69GkrLMFN7Jisv8NGO,VN,2022-07-21,142,50812
02it69GkrLMFN7Jisv8NGO,VN,2022-07-28,150,50410
5P5lTAd4r6ro0rMpjwg34u,VN,2021-12-23,80,61727
5P5lTAd4r6ro0rMpjwg34u,VN,2021-12-30,159,39166
2mYjBkAtCUXRG2ioQmv3Rm,VN,2022-06-02,96,59382
2mYjBkAtCUXRG2ioQmv3Rm,VN,2022-06-09,177,40214
6BZq8affbEduMNidJYonV1,VN,2022-06-09,141,47364
6BZq8affbEduMNidJYonV1,VN,2022-06-16,151,50975
20pl0RVGT7P6L1Jr9p51nw,VN,2022-05-12,163,42028
20pl0RVGT7P6L1Jr9p51nw,KR,2022-05-12,103,18345
20pl0RVGT7P6L1Jr9p51nw,VN,2022-05-19,109,55812
20pl0RVGT7P6L1Jr9p51nw,KR,2022-05-19,165,14725
6AOrC7t2WS5ykYcnoHpiS2,VN,2022-05-12,166,41910
6AOrC7t2WS5ykYcnoHpiS2,KR,2022-05-12,123,17122
6AOrC7t2WS5ykYcnoHpiS2,VN,2022-05-19,114,54870
6AOrC7t2WS5ykYcnoHpiS2,KR,2022-05-19,199,13510
04CHEoMbrLOiX8co3EG5dO,VN,2022-05-12,168,41867
04CHEoMbrLOiX8co3EG5dO,KR,2022-05-12,79,21152
04CHEoMbrLOiX8co3EG5dO,VN,2022-05-19,117,54353
04CHEoMbrLOiX8co3EG5dO,KR,2022-05-19,114,18380
1rCurScVWswOm8jVmCOLxn,VN,2022-06-23,135,51000
1rCurScVWswOm8jVmCOLxn,VN,2022-06-30,159,44456
7BfjDCN9OneES5E3TtcA30,VN,2021-12-09,103,52556
7BfjDCN9OneES5E3TtcA30,VN,2021-12-16,156,40109
4s9KzC1CduhQWbekLNCLLB,VN,2022-06-02,152,45914
4s9KzC1CduhQWbekLNCLLB,VN,2022-06-09,157,44618
4i6cwNY6oIUU2XZxPIw82Y,VN,2023-06-01,170,88882
4i6cwNY6oIUU2XZxPIw82Y,US,2023-06-01,10,6104827
4i6cwNY6oIUU2XZxPIw82Y,US,2023-06-08,72,3035693
5ZblwtW67ZlZp8gXCcrGzn,VN,2022-05-12,172,41393
5ZblwtW67ZlZp8gXCcrGzn,VN,2022-05-19,149,46699
1vwc311aNYEooNkbFKLvzP,VN,2022-02-03,100,49284
1vwc311aNYEooNkbFKLvzP,VN,2022-02-10,153,37550
0gKSm3EHJhyFeolcmO6mYS,VN,2022-08-04,185,43906
0gKSm3EHJhyFeolcmO6mYS,VN,2022-08-11,198,41610
4rF72sAKXnQ2t2Q5aZlreW,VN,2021-10-21,81,52435
4rF72sAKXnQ2t2Q5aZlreW,KR,2021-10-21,99,11622
4rF72sAKXnQ2t2Q5aZlreW,VN,2021-10-28,195,32587
3DyHgXBOxAsKyy0diFTSOS,VN,2022-04-07,156,44136
3DyHgXBOxAsKyy0diFTSOS,VN,2022-04-14,182,40544
6SM3TJaWkmT8Iq8l9J0BIS,VN,2021-12-09,144,43167
6SM3TJaWkmT8Iq8l9J0BIS,VN,2021-12-16,153,41150
2MT5rzYA4ZPCRZlbXyV660,VN,2022-04-21,168,42563
2MT5rzYA4ZPCRZlbXyV660,VN,2022-04-28,178,40799
1n5vwy1usk9prr2Yuh9Lt8,VN,2021-04-08,111,45370
1n5vwy1usk9prr2Yuh9Lt8,VN,2021-04-15,146,36967
4aIrVhmrJHTnklK2wRxK11,VN,2022-01-20,128,46251
4aIrVhmrJHTnklK2wRxK11,VN,2022-01-27,188,36030
1efLujNOuRkB1zwpNKGeea,VN,2021-11-25,121,46302
1efLujNOuRkB1zwpNKGeea,VN,2021-12-02,181,34887
6Zt20XamCzXeAC38401oso,VN,2021-06-03,119,44093
6Zt20XamCzXeAC38401oso,VN,2021-06-10,139,36835
4Wc98oLOg1IuVCGqIhTDVj,VN,2022-05-26,182,38188
4Wc98oLOg1IuVCGqIhTDVj,VN,2022-06-30,178,41333
39FVuCV5zsWGVsmw7utaUJ,VN,2022-01-27,128,47728
39FVuCV5zsWGVsmw7utaUJ,VN,2022-02-03,197,31654
0HeiYo9WwMT8ujirrWzarf,VN,2021-10-28,122,43403
0HeiYo9WwMT8ujirrWzarf,KR,2021-10-28,97,12711
0HeiYo9WwMT8ujirrWzarf,KR,2021-11-04,189,9334
0HeiYo9WwMT8ujirrWzarf,VN,2021-11-11,172,34745
6Sj5Gf5PE2VVZs6WRYReKS,VN,2021-12-30,183,35384
6Sj5Gf5PE2VVZs6WRYReKS,VN,2022-01-06,141,41921
4KjASaPtCvRJ4YArYpz6je,KR,2021-02-04,70,13363
1Hu38aQQgK4WLF1SGCmxcJ,VN,2021-04-08,140,38763
1Hu38aQQgK4WLF1SGCmxcJ,VN,2021-04-15,155,35463
0oVWgjtymHKFBLsflvDg7l,VN,2021-05-06,104,43673
0oVWgjtymHKFBLsflvDg7l,VN,2021-05-13,188,29731
569B75eNRVDABuNz286Npc,VN,2021-07-22,109,40200
569B75eNRVDABuNz286Npc,VN,2021-07-29,130,32852
5rvn7zGZYmFDq27Y2P7tPu,VN,2022-01-13,189,35327
5rvn7zGZYmFDq27Y2P7tPu,VN,2022-02-03,156,37150
0ILLzffYNqZih4UcS4ZXIm,VN,2022-02-10,176,34716
0ILLzffYNqZih4UcS4ZXIm,VN,2022-07-14,196,36978
1X0cRJUAsFhEnaBhs4H7Yj,VN,2021-05-13,125,38545
1X0cRJUAsFhEnaBhs4H7Yj,VN,2021-05-27,187,32209
43mnNatwMMydJ4CxMdQVnJ,VN,2023-02-02,150,70516
43mnNatwMMydJ4CxMdQVnJ,KR,2023-02-02,36,56992
43mnNatwMMydJ4CxMdQVnJ,KR,2023-02-09,126,26825
7kOkCq8MPpSciLHQiKliJs,VN,2021-02-04,108,40634
7kOkCq8MPpSciLHQiKliJs,VN,2021-02-11,170,29342
4sccoCUvKgarfGmvfAWoVV,VN,2021-01-07,165,30650
3LlEZ4J1ORcgP1WmTF9pIX,VN,2021-12-30,193,34091
3LlEZ4J1ORcgP1WmTF9pIX,VN,2022-01-06,183,34276
43T0YSkbVXO2gBTJriZhdU,VN,2021-08-19,133,30819
43T0YSkbVXO2gBTJriZhdU,VN,2021-08-26,111,36561
77LZvE2XLYn2AW55UxIG8H,VN,2023-02-02,172,65831
77LZvE2XLYn2AW55UxIG8H,KR,2023-02-02,44,52943
77LZvE2XLYn2AW55UxIG8H,KR,2023-02-09,177,21738
7cglinrg7CaX0X93Lxsc0b,VN,2021-02-11,175,28849
7cglinrg7CaX0X93Lxsc0b,VN,2021-02-18,88,36370
6SiVDtUuESkBzjUl2raZkN,VN,2021-03-11,127,36979
6SiVDtUuESkBzjUl2raZkN,VN,2021-03-18,198,28098
10ImcQk9tihY1EKMDIbvXJ,VN,2021-11-25,73,63019
10ImcQk9tihY1EKMDIbvXJ,US,2021-11-25,13,5910751
10ImcQk9tihY1EKMDIbvXJ,KR,2021-11-25,84,15213
10ImcQk9tihY1EKMDIbvXJ,US,2021-12-02,99,2071382
67XDF7KTKW0aBj1Sj3gi6x,VN,2021-04-01,175,32341
67XDF7KTKW0aBj1Sj3gi6x,VN,2021-04-08,199,30205
55PY9Ns2ordQceP1eqltNN,VN,2021-02-11,127,34385
55PY9Ns2ordQceP1eqltNN,VN,2021-02-18,174,22941
0E13SojrSD7WpPyvzqZaKR,VN,2021-02-25,175,27604
0E13SojrSD7WpPyvzqZaKR,VN,2021-03-04,172,29372
3G1fVPBoTuw2T3p9xnFcMg,VN,2021-02-11,131,34108
3G1fVPBoTuw2T3p9xnFcMg,VN,2021-02-18,192,21794
09u787BYeYIGd2mFIJ505t,VN,2021-11-25,90,55647
09u787BYeYIGd2mFIJ505t,US,2021-11-25,11,6223253
09u787BYeYIGd2mFIJ505t,KR,2021-11-25,94,14211
09u787BYeYIGd2mFIJ505t,US,2021-12-02,101,2050476
7u0Rlbd5CVJhiUHMipovPH,VN,2021-08-19,169,27020
7u0Rlbd5CVJhiUHMipovPH,VN,2021-08-26,175,27171
0EMD15EVNwDlgGH2CH6ZEL,KR,2021-02-04,175,8620
496vIKS2INz840xZaKncvR,VN,2021-11-25,99,53540
496vIKS2INz840xZaKncvR,US,2021-11-25,14,5367826
496vIKS2INz840xZaKncvR,KR,2021-11-25,113,13124
496vIKS2INz840xZaKncvR,US,2021-12-02,139,1829823
6nwPpjXk97fYF2aOUq2fcp,VN,2021-08-26,176,27148
6nwPpjXk97fYF2aOUq2fcp,VN,2021-09-02,194,25506
6bGMSP3H9YqkmaLnaJTIoF,VN,2021-11-25,106,51267
6bGMSP3H9YqkmaLnaJTIoF,US,2021-11-25,17,5110099
6bGMSP3H9YqkmaLnaJTIoF,KR,2021-11-25,123,12302
6bGMSP3H9YqkmaLnaJTIoF,US,2021-12-02,172,1676096
4IQkfUsrwXol38VV3U7t7T,VN,2021-11-18,97,51250
4IQkfUsrwXol38VV3U7t7T,US,2021-11-18,16,5961170
4IQkfUsrwXol38VV3U7t7T,KR,2021-11-18,66,16797
4IQkfUsrwXol38VV3U7t7T,US,2021-11-25,99,2116936
5Fx6NM1LIdv7ll0LtwHwbf,VN,2021-08-12,194,24719
5Fx6NM1LIdv7ll0LtwHwbf,VN,2021-08-19,197,25063
2c6xRsQBv7pynuhYhWoHxo,VN,2021-11-25,110,48904
2c6xRsQBv7pynuhYhWoHxo,US,2021-11-25,16,5267084
2c6xRsQBv7pynuhYhWoHxo,KR,2021-11-25,134,11690
2c6xRsQBv7pynuhYhWoHxo,US,2021-12-02,173,1670789
6AtZLIzUINvExIUy4QhdjP,VN,2021-11-18,101,48450
6AtZLIzUINvExIUy4QhdjP,US,2021-11-18,10,6906741
6AtZLIzUINvExIUy4QhdjP,KR,2021-11-18,154,10822
6AtZLIzUINvExIUy4QhdjP,US,2021-11-25,74,2501622
7o0AuPw89jvh0GiRNQQffR,VN,2021-11-25,193,34668
2j3GxEsbNYNeEzz86wDY4J,VN,2021-11-25,115,47382
2j3GxEsbNYNeEzz86wDY4J,US,2021-11-25,21,4547588
2j3GxEsbNYNeEzz86wDY4J,KR,2021-11-25,142,11352
2j3GxEsbNYNeEzz86wDY4J,US,2021-12-02,188,1570523
3yII7UwgLF6K5zW3xad3MP,VN,2021-11-18,117,45247
3yII7UwgLF6K5zW3xad3MP,US,2021-11-18,13,6392412
3yII7UwgLF6K5zW3xad3MP,KR,2021-11-18,168,10190
3yII7UwgLF6K5zW3xad3MP,US,2021-11-25,90,2188388
5YqltLsjdqFtvqE7Nrysvs,VN,2021-11-18,138,40936
5YqltLsjdqFtvqE7Nrysvs,US,2021-11-18,18,5806242
5YqltLsjdqFtvqE7Nrysvs,KR,2021-11-18,195,9266
5YqltLsjdqFtvqE7Nrysvs,US,2021-11-25,109,1976193
16MQETUgqXwY4lZcyRafU3,KR,2022-05-05,107,18505
16MQETUgqXwY4lZcyRafU3,VN,2022-05-12,176,40916
16MQETUgqXwY4lZcyRafU3,KR,2022-05-12,144,15286
3z6XUommYDWPHeFhmhhT6j,VN,2021-11-18,149,39300
3z6XUommYDWPHeFhmhhT6j,US,2021-11-18,20,5701691
3z6XUommYDWPHeFhmhhT6j,KR,2021-11-18,158,10506
3z6XUommYDWPHeFhmhhT6j,US,2021-11-25,79,2399798
5XbA7TAqsD0fj0dGBrbb0D,VN,2022-01-13,163,38608
5XbA7TAqsD0fj0dGBrbb0D,US,2022-01-13,18,5048850
5XbA7TAqsD0fj0dGBrbb0D,KR,2022-01-13,41,30297
5XbA7TAqsD0fj0dGBrbb0D,US,2022-01-20,136,1713552
5XbA7TAqsD0fj0dGBrbb0D,KR,2022-01-20,135,12844
6lzc0Al0zfZOIFsFvBS1ki,VN,2021-11-18,154,38432
6lzc0Al0zfZOIFsFvBS1ki,US,2021-11-18,9,7078215
6lzc0Al0zfZOIFsFvBS1ki,KR,2021-11-18,175,9841
6lzc0Al0zfZOIFsFvBS1ki,US,2021-11-25,70,2575798
7BiEgR5r0yMmFoWC9kOTGf,VN,2022-06-02,196,38382
7BiEgR5r0yMmFoWC9kOTGf,KR,2022-06-02,38,39302
7BiEgR5r0yMmFoWC9kOTGf,KR,2022-06-09,110,21737
3S7HNKPakdwNEBFIVTL6dZ,VN,2021-11-18,171,36360
3S7HNKPakdwNEBFIVTL6dZ,US,2021-11-18,14,6267538
3S7HNKPakdwNEBFIVTL6dZ,US,2021-11-25,94,2164906
6krYS8KtmNAYyb5uTZiYW4,VN,2022-01-13,200,33765
6krYS8KtmNAYyb5uTZiYW4,US,2022-01-13,20,5014641
6krYS8KtmNAYyb5uTZiYW4,KR,2022-01-13,38,30660
6krYS8KtmNAYyb5uTZiYW4,KR,2022-01-20,109,14078
3XoflnowYPFRPOh3uFvHcm,VN,2021-03-11,176,29605
3XoflnowYPFRPOh3uFvHcm,US,2021-03-11,58,2452735
3XoflnowYPFRPOh3uFvHcm,KR,2021-03-11,21,18250
3XoflnowYPFRPOh3uFvHcm,KR,2021-03-18,78,11018
5RhFmJifQe83FpQ6ZFFTZ5,VN,2021-09-02,158,29284
5RhFmJifQe83FpQ6ZFFTZ5,US,2021-09-02,55,3116230
5RhFmJifQe83FpQ6ZFFTZ5,KR,2021-09-02,76,17433
5RhFmJifQe83FpQ6ZFFTZ5,US,2021-09-09,131,1834916
5RhFmJifQe83FpQ6ZFFTZ5,KR,2021-09-09,111,12616
6T6D9CIrHkALcHPafDFA6L,US,2021-01-14,169,1665599
6T6D9CIrHkALcHPafDFA6L,VN,2021-01-21,196,27917
6T6D9CIrHkALcHPafDFA6L,US,2021-01-21,91,2114121
6rcn967QN5JtkPOBDwYIuT,KR,2021-02-04,109,10688
6rcn967QN5JtkPOBDwYIuT,KR,2021-02-11,167,11841
1VxEaXbIq3xAvqh80xP67w,US,2024-04-04,11,9680708
1VxEaXbIq3xAvqh80xP67w,US,2024-04-11,70,3673427
5nk6BxN9bM5rLNkA3pMOzn,US,2025-01-09,22,5752211
5nk6BxN9bM5rLNkA3pMOzn,US,2025-01-16,20,7142882
53KaP77tkliz36LPxWGlWK,US,2023-10-12,8,9727376
53KaP77tkliz36LPxWGlWK,US,2023-10-19,102,2929167
5zyZM1EiSqrniyqtprwxpv,US,2022-06-23,4,9778190
5zyZM1EiSqrniyqtprwxpv,KR,2022-06-23,49,37587
5zyZM1EiSqrniyqtprwxpv,US,2022-06-30,57,2460698
5p56JT5F9a1z9pwXnqTg7d,US,2022-05-19,9,9575341
5p56JT5F9a1z9pwXnqTg7d,KR,2022-05-19,55,28232
5p56JT5F9a1z9pwXnqTg7d,US,2022-05-26,88,2444555
0RAvy97QRPzO2AfK5Dw6j3,US,2022-05-19,10,9266340
0RAvy97QRPzO2AfK5Dw6j3,KR,2022-05-19,68,24408
0RAvy97QRPzO2AfK5Dw6j3,US,2022-05-26,69,2706643
2ByBBvpR9b7IynvRmnG7kG,US,2023-11-02,14,8694797
2ByBBvpR9b7IynvRmnG7kG,US,2023-11-09,68,3066962
1DTRUYVd8rYpla9hhVVwjo,US,2024-04-25,41,8114816
1DTRUYVd8rYpla9hhVVwjo,US,2024-05-02,102,3605250
3MytWN8L7shNYzGl4tAKRp,US,2023-07-13,8,8812891
3MytWN8L7shNYzGl4tAKRp,US,2023-07-20,96,2763443
7s7v5EoNLD6TwDu4Nw51Oy,US,2026-03-12,11,7871271
7s7v5EoNLD6TwDu4Nw51Oy,US,2026-03-19,47,3616577
55u5QIlEuzCipJBtZPdJio,US,2024-07-18,13,8234608
55u5QIlEuzCipJBtZPdJio,US,2024-07-25,100,3247135
43y1WpBdnEy5TR9aZoSQL9,US,2023-11-02,15,8587332
43y1WpBdnEy5TR9aZoSQL9,US,2023-11-09,88,2824315
0rNgWFQJtfttOYIHfDOHCg,US,2025-03-20,12,8001799
0rNgWFQJtfttOYIHfDOHCg,KR,2025-03-20,88,89945
0rNgWFQJtfttOYIHfDOHCg,US,2025-03-27,86,3309558
1GpWY5RiInhezB8wGWs6oN,US,2023-10-12,13,8606486
1GpWY5RiInhezB8wGWs6oN,US,2023-10-19,122,2637455
5SIvP6TdWc9DNvKbENjnYc,US,2025-03-20,14,7959940
5SIvP6TdWc9DNvKbENjnYc,KR,2025-03-20,116,73031
5SIvP6TdWc9DNvKbENjnYc,US,2025-03-27,89,3273159
401160izncPtca3CmX3dvM,US,2022-05-19,13,8566392
401160izncPtca3CmX3dvM,KR,2022-05-19,74,23577
401160izncPtca3CmX3dvM,US,2022-05-26,75,2592387
0Mrnt1YqVuW2bqmwu4VxDt,US,2023-10-12,12,8699184
0Mrnt1YqVuW2bqmwu4VxDt,US,2023-10-19,147,2445050
0NwGC0v03ysCYINtg6ns58,US,2023-07-13,10,8402201
0NwGC0v03ysCYINtg6ns58,US,2023-07-20,102,2676564
2CnjDMdpRjlWv04Xk3s6MW,US,2024-04-25,48,7669196
2CnjDMdpRjlWv04Xk3s6MW,US,2024-05-02,112,3372642
57ZUX6TNyKLBydAdVVd02x,US,2021-05-20,12,8599169
57ZUX6TNyKLBydAdVVd02x,KR,2021-05-20,116,10414
57ZUX6TNyKLBydAdVVd02x,US,2021-05-27,73,2430985
0tV6LXuVzJR4yifqwQuNwN,US,2026-03-12,14,7449640
0tV6LXuVzJR4yifqwQuNwN,US,2026-03-19,53,3476442
3pv7Q5v2dpdefwdWIvE7yH,US,2023-11-02,16,8287972
3pv7Q5v2dpdefwdWIvE7yH,US,2023-11-09,112,2630087
5In8B6Om5OKrhwBMB4tXSi,US,2024-07-18,17,7271788
5In8B6Om5OKrhwBMB4tXSi,US,2024-07-25,78,3597126
1zU8j1x3yi9xalMF96pzKp,US,2023-07-13,11,8338338
1zU8j1x3yi9xalMF96pzKp,US,2023-07-20,130,2493036
7I3RalBqE7ZE0RSxgGlGlm,US,2024-07-18,15,7839402
7I3RalBqE7ZE0RSxgGlGlm,US,2024-07-25,124,2980347
3WRUvGqySBZC6RkB5c2w1S,US,2025-03-20,11,8104871
3WRUvGqySBZC6RkB5c2w1S,KR,2025-03-20,93,86882
3WRUvGqySBZC6RkB5c2w1S,US,2025-03-27,134,2673923
4ABYxlb92WBIjHu7TIKmml,US,2023-07-13,12,8111737
4ABYxlb92WBIjHu7TIKmml,US,2023-07-20,125,2515090
70ToiXlzl8N1EgfC07ZcZE,US,2024-03-28,17,7273958
70ToiXlzl8N1EgfC07ZcZE,US,2024-04-04,104,3209741
1xO3PpGchMqMmmF6OEtH5Y,US,2026-05-21,20,7335422
1xO3PpGchMqMmmF6OEtH5Y,US,2026-05-28,80,3122504
2XcmjSdYqdhFjyWFdbnBaY,US,2026-05-21,21,7186990
2XcmjSdYqdhFjyWFdbnBaY,US,2026-05-28,73,3238983
2ve0kuaWUCt4Zx8x4bf1MR,US,2023-11-02,20,7734739
2ve0kuaWUCt4Zx8x4bf1MR,US,2023-11-09,102,2691199
2f0GI2ZLUtbGqFx8t2Gk6A,US,2023-11-02,19,7814549
2f0GI2ZLUtbGqFx8t2Gk6A,US,2023-11-09,113,2607725
5xXqyjLicvEpch72qEryFT,US,2023-07-13,13,8046122
5xXqyjLicvEpch72qEryFT,US,2023-07-20,150,2339597
73ycOMnODtUc2Ggj6EfCpO,US,2026-05-21,18,7643257
73ycOMnODtUc2Ggj6EfCpO,US,2026-05-28,127,2721556
75W3SngKzTuoQ94uLf3y82,US,2023-11-02,18,7837560
75W3SngKzTuoQ94uLf3y82,US,2023-11-09,128,2474535
0VV0AMmgLBUhzuFedr3F3e,US,2026-03-12,18,6866422
0VV0AMmgLBUhzuFedr3F3e,US,2026-03-19,55,3409794
1DAibqbopEYULPEtE8WHTE,US,2023-10-12,18,7429116
1DAibqbopEYULPEtE8WHTE,US,2023-10-19,112,2798451
4UwqOWDpdeIDVQDuKT6iza,US,2023-11-02,23,7549944
4UwqOWDpdeIDVQDuKT6iza,US,2023-11-09,104,2674410
64FzgoLZ3oXu2SriZblHic,US,2023-11-02,17,7863951
64FzgoLZ3oXu2SriZblHic,US,2023-11-09,147,2338436
6GteP2UCnpHRWSZTL63QHe,US,2026-03-12,16,7076852
6GteP2UCnpHRWSZTL63QHe,US,2026-03-19,75,3122335
4e3ZNTAV6PCrdYMUrUlMpQ,US,2023-07-13,16,7670597
4e3ZNTAV6PCrdYMUrUlMpQ,US,2023-07-20,127,2512656
0zo975x58DlXbZllWvfYhg,US,2023-07-13,15,7684248
0zo975x58DlXbZllWvfYhg,US,2023-07-20,134,2461517
4s8BIKx4Zh6ryAEz8RTlaU,US,2023-07-13,17,7383490
4s8BIKx4Zh6ryAEz8RTlaU,US,2023-07-20,108,2627209
4evMMKc2HD6fV9slMfgkMx,US,2025-03-20,20,7079755
4evMMKc2HD6fV9slMfgkMx,KR,2025-03-20,151,63430
4evMMKc2HD6fV9slMfgkMx,US,2025-03-27,113,2897680
3JZjcKImHcmOI9ylL4zrSc,US,2023-10-12,19,7386895
3JZjcKImHcmOI9ylL4zrSc,US,2023-10-19,133,2559994
1eaqMiiUn2P7MnqJK4XeK0,US,2024-02-15,15,7152035
1eaqMiiUn2P7MnqJK4XeK0,KR,2024-02-15,75,48716
1eaqMiiUn2P7MnqJK4XeK0,US,2024-02-22,135,2762969
4HMUrFl8y6rQCzEbaGEkcj,US,2024-07-18,29,5992296
4HMUrFl8y6rQCzEbaGEkcj,US,2024-07-25,62,3918855
72PVbRKkUimweUPV0nKAPs,US,2025-07-17,10,7247709
72PVbRKkUimweUPV0nKAPs,KR,2025-07-17,86,86467
72PVbRKkUimweUPV0nKAPs,US,2025-07-24,132,2629371
3IHt4j5uAEl7iBu8Utn985,US,2023-10-12,20,7297096
3IHt4j5uAEl7iBu8Utn985,US,2023-10-19,139,2487396
3LJeR75SmszOUSvE1qNZDF,US,2024-04-04,21,7113296
3LJeR75SmszOUSvE1qNZDF,US,2024-04-11,162,2652364
79mFFAOYcG8ZF6AN1JecAL,US,2025-03-20,24,6949884
79mFFAOYcG8ZF6AN1JecAL,KR,2025-03-20,115,73384
79mFFAOYcG8ZF6AN1JecAL,US,2025-03-27,130,2724782
0lok0VDJn0zRvHLBCITSSw,US,2026-08-06,5,6945242
0lok0VDJn0zRvHLBCITSSw,US,2026-08-13,90,2711084
5MMW4CZsZiZt2iuqAXzzWC,US,2022-05-12,15,6534583
5MMW4CZsZiZt2iuqAXzzWC,KR,2022-05-12,55,27390
5MMW4CZsZiZt2iuqAXzzWC,US,2022-05-19,59,3110319
5MMW4CZsZiZt2iuqAXzzWC,KR,2022-05-19,145,16070
77pfjsq0gSZwO8bYVTVROo,US,2024-07-18,18,6910849
77pfjsq0gSZwO8bYVTVROo,US,2024-07-25,154,2731796
00iLTetTLAeImmBlh6jOJh,US,2025-03-20,18,7278438
00iLTetTLAeImmBlh6jOJh,KR,2025-03-20,120,70940
00iLTetTLAeImmBlh6jOJh,US,2025-03-27,194,2355614
0K9tfzrxJyCQIf7oAlPwaK,US,2024-04-04,27,6464769
0K9tfzrxJyCQIf7oAlPwaK,US,2024-04-11,103,3101097
6q2PbvM9UEig4r8xku7VIb,US,2025-03-20,27,6376126
6q2PbvM9UEig4r8xku7VIb,US,2025-03-27,93,3173030
30Y4CV7A6YqtQtTTo7Ue4j,US,2023-07-13,18,7363347
30Y4CV7A6YqtQtTTo7Ue4j,US,2023-07-20,186,2149545
7a5fliY9SsZENrQWQBZron,US,2022-06-23,8,7468506
7a5fliY9SsZENrQWQBZron,KR,2022-06-23,149,18570
7a5fliY9SsZENrQWQBZron,US,2022-06-30,106,2018387
70cHKK8bHAfJrOGVnfRG9J,US,2026-09-10,26,3569373
70cHKK8bHAfJrOGVnfRG9J,US,2026-09-17,4,5912544
3QuRLv8zkIYH31O5VgEpmo,US,2026-03-12,21,6182970
3QuRLv8zkIYH31O5VgEpmo,US,2026-03-19,63,3283158
5ScbulRnixQ2XAdvrPMFjz,US,2021-09-09,24,7159418
5ScbulRnixQ2XAdvrPMFjz,KR,2021-09-09,165,10472
5ScbulRnixQ2XAdvrPMFjz,US,2021-09-16,80,2293520
0QltPqkR4dnhbINyBOU5SY,US,2026-08-06,7,6593280
0QltPqkR4dnhbINyBOU5SY,US,2026-08-13,75,2854327
0hhzNPE68LWLfgZwdpxVdR,US,2024-06-27,27,5818604
0hhzNPE68LWLfgZwdpxVdR,US,2024-07-04,90,3569580
6dTA6y0C2ReQklntzZl8l3,US,2023-07-13,19,7224807
6dTA6y0C2ReQklntzZl8l3,US,2023-07-20,198,2125237
2SjnvpedDUU0Ga69bxnoCa,US,2026-04-02,19,5087369
2SjnvpedDUU0Ga69bxnoCa,KR,2026-04-02,60,143140
2SjnvpedDUU0Ga69bxnoCa,US,2026-04-09,31,4256993
5DZOKNtaoVEssXu9ltcMjx,US,2026-08-06,8,6571812
5DZOKNtaoVEssXu9ltcMjx,US,2026-08-13,83,2745238
0O6lm9N6qJclxNFHl51nkr,US,2026-05-21,25,6206428
0O6lm9N6qJclxNFHl51nkr,US,2026-05-28,84,3107554
1HCdems7PQZRj42QDWLA0A,US,2023-07-13,21,6784524
1HCdems7PQZRj42QDWLA0A,US,2023-07-20,124,2519348
0pvZCv4JOS5WBu7JITYef6,US,2024-10-31,37,5723995
0pvZCv4JOS5WBu7JITYef6,US,2024-11-07,63,3579568
5UcUppRaEIBMIHXiUFl7LI,US,2024-04-04,26,6583419
5UcUppRaEIBMIHXiUFl7LI,US,2024-04-11,158,2669880
6QletrrmpkUpeJkipX9pgf,US,2026-03-05,13,6057711
6QletrrmpkUpeJkipX9pgf,US,2026-03-12,80,3177749
27a8HLPwti6tmgQ6FR8aVI,US,2024-04-04,24,6696285
27a8HLPwti6tmgQ6FR8aVI,US,2024-04-11,200,2476021
0bxRSMz5WY1VuMmOhanE4b,US,2025-02-06,32,5909412
0bxRSMz5WY1VuMmOhanE4b,KR,2025-02-06,152,53008
0bxRSMz5WY1VuMmOhanE4b,US,2025-02-13,90,3252918
2GLWhy9iiO1wrLUF5l4FtJ,US,2024-03-28,19,6547579
2GLWhy9iiO1wrLUF5l4FtJ,US,2024-04-04,163,2609767
1dPNJDYuW9QAtkOpK3eBvO,US,2021-09-02,15,6677564
1dPNJDYuW9QAtkOpK3eBvO,KR,2021-09-02,31,28382
1dPNJDYuW9QAtkOpK3eBvO,US,2021-09-09,84,2415405
1dPNJDYuW9QAtkOpK3eBvO,KR,2021-09-09,120,12222
1sVBT215CDmVJvfy1E2OCU,US,2026-03-05,16,5718926
1sVBT215CDmVJvfy1E2OCU,US,2026-03-12,69,3339794
347AQK5Lyhn6RvB8tBGYxt,US,2024-02-15,20,6229028
347AQK5Lyhn6RvB8tBGYxt,KR,2024-02-15,77,48310
347AQK5Lyhn6RvB8tBGYxt,US,2024-02-22,124,2812161
3WgFhZfyk5nb6v7hkwPmD4,US,2025-07-24,20,5570710
3WgFhZfyk5nb6v7hkwPmD4,US,2025-07-31,67,3389851
0LutvoC2HqCfnaRSjrhtzo,US,2025-07-17,20,5798077
0LutvoC2HqCfnaRSjrhtzo,KR,2025-07-17,176,58183
0LutvoC2HqCfnaRSjrhtzo,US,2025-07-24,87,3143652
17IBDpAl3J39swaoPlfGpp,US,2023-10-12,25,6444919
17IBDpAl3J39swaoPlfGpp,US,2023-10-19,138,2489114
2VtgzixdB967bHDNu5A1nh,US,2022-12-08,21,5861720
2VtgzixdB967bHDNu5A1nh,US,2022-12-15,98,3071764
1aF9TeHZbe6OVo9dtjPuzK,US,2021-09-02,18,6192365
1aF9TeHZbe6OVo9dtjPuzK,KR,2021-09-02,57,21794
1aF9TeHZbe6OVo9dtjPuzK,US,2021-09-09,68,2732036
1aF9TeHZbe6OVo9dtjPuzK,KR,2021-09-09,195,9575
5547x0ZawobhfSeh2QKAca,US,2024-12-19,197,2662620
5547x0ZawobhfSeh2QKAca,US,2024-12-26,60,6223691
1PIgY9ybyFT9uWLM5POYGY,US,2023-10-12,23,6566351
1PIgY9ybyFT9uWLM5POYGY,US,2023-10-19,171,2311134
4mUR5Tv0CvJtpmnUtzeIgd,US,2025-03-13,22,5662576
4mUR5Tv0CvJtpmnUtzeIgd,US,2025-03-20,111,3203702
24FUBxaAYSBlWsbSnEzDcn,US,2023-10-12,24,6500555
24FUBxaAYSBlWsbSnEzDcn,US,2023-10-19,169,2330054
1IF3hx6HU46Pitm0dOdVJO,US,2025-07-24,21,5561326
1IF3hx6HU46Pitm0dOdVJO,US,2025-07-31,75,3252046
7zvfDihYiJ8RQ1nRcpKBF5,US,2022-05-19,21,6644642
7zvfDihYiJ8RQ1nRcpKBF5,KR,2022-05-19,147,15907
7zvfDihYiJ8RQ1nRcpKBF5,US,2022-05-26,113,2143148
03rwnftfgpYVO6QDWOZcG6,US,2023-10-12,26,6438605
03rwnftfgpYVO6QDWOZcG6,US,2023-10-19,166,2346380
7DBFslKWQzoRgO0HBBkL3u,US,2021-09-02,21,6000115
7DBFslKWQzoRgO0HBBkL3u,KR,2021-09-02,49,23434
7DBFslKWQzoRgO0HBBkL3u,US,2021-09-09,69,2714717
7DBFslKWQzoRgO0HBBkL3u,KR,2021-09-09,121,12184
0BCWfP8NXjwmINTW1MyMu1,US,2026-04-30,28,5622872
0BCWfP8NXjwmINTW1MyMu1,US,2026-05-07,100,3061376
0nAZGkBGKQCXyaoSJfRhC1,US,2022-06-23,11,6757123
0nAZGkBGKQCXyaoSJfRhC1,KR,2022-06-23,175,16972
0nAZGkBGKQCXyaoSJfRhC1,US,2022-06-30,116,1920251
4Mteyd60tfstDuzfkGqXx1,US,2022-12-15,41,5846722
4Mteyd60tfstDuzfkGqXx1,US,2022-12-22,120,2814283
2pUYbyOIOSfDfsnCR3KceZ,US,2023-08-31,24,5816124
2pUYbyOIOSfDfsnCR3KceZ,US,2023-09-07,100,2826556
6MFSqc8pzXlwfzXqWZEKd4,US,2026-08-06,11,6071139
6MFSqc8pzXlwfzXqWZEKd4,US,2026-08-13,109,2564370
1ODFVLQszq0hCOdZtqV5wq,US,2023-10-19,14,5814197
1ODFVLQszq0hCOdZtqV5wq,US,2023-10-26,93,2801876
1j8TmNa6vaFAEAws43kP0Q,US,2025-07-17,15,6164159
1j8TmNa6vaFAEAws43kP0Q,KR,2025-07-17,135,65345
1j8TmNa6vaFAEAws43kP0Q,US,2025-07-24,159,2451796
74NI58MQexwZjNu1Gu6GjT,US,2022-12-15,43,5731616
74NI58MQexwZjNu1Gu6GjT,US,2022-12-22,115,2876399
1097cG16gzkhlPgkUt6KA0,US,2025-07-17,26,5341632
1097cG16gzkhlPgkUt6KA0,US,2025-07-24,79,3253878
0lJNSfWnwJMIh94Dv9jQUt,US,2024-08-22,28,5736994
0lJNSfWnwJMIh94Dv9jQUt,US,2024-08-29,136,2837051
4hqJ4bSlYJOXb6Z4SRmzxs,US,2023-07-13,23,6250904
4hqJ4bSlYJOXb6Z4SRmzxs,US,2023-07-20,166,2250998
1rQEgtQNsj63xIUzEmKbML,US,2025-07-17,38,4719751
1rQEgtQNsj63xIUzEmKbML,US,2025-07-24,59,3773390
4YiY551vHi6glMtgVxuqAy,US,2021-05-20,19,6541795
4YiY551vHi6glMtgVxuqAy,US,2021-05-27,114,1922438
1UsQe17Ef7tV1ahFqHEFR3,US,2022-12-08,25,5624979
1UsQe17Ef7tV1ahFqHEFR3,US,2022-12-15,123,2837916
6Otmq7JokHh38wKSqUimcS,US,2023-08-31,29,5699628
6Otmq7JokHh38wKSqUimcS,US,2023-09-07,109,2736600
5NzfnUyVaNrxa2VtoyBWlR,US,2023-03-09,25,5731082
5NzfnUyVaNrxa2VtoyBWlR,US,2023-03-16,97,2664095
18nzftpeT2fUyazRK3rDek,US,2026-04-30,30,5569829
18nzftpeT2fUyazRK3rDek,US,2026-05-07,126,2825344
31bsuKDOzFGzBAoXxtnAJm,US,2022-11-10,31,6274823
31bsuKDOzFGzBAoXxtnAJm,US,2022-11-17,128,2088860
2iGvsJuc2mC4mDVOVMNAP6,US,2024-02-15,27,5324222
2iGvsJuc2mC4mDVOVMNAP6,KR,2024-02-15,129,35029
2iGvsJuc2mC4mDVOVMNAP6,US,2024-02-22,104,3029028
3RkNXZvOSMMElmmXztDc94,US,2021-09-09,29,6434807
3RkNXZvOSMMElmmXztDc94,US,2021-09-16,118,1902832
55srcWA7TioKV0LZVNXltY,US,2026-08-06,16,5563941
55srcWA7TioKV0LZVNXltY,US,2026-08-13,81,2753183
4OmFmE0fzcMG6g0Y8p4eSD,US,2021-11-18,15,6076738
4OmFmE0fzcMG6g0Y8p4eSD,US,2021-11-25,88,2223230
0stJVUUSrbEwyFHOp2dRu0,US,2025-02-06,35,5530678
0stJVUUSrbEwyFHOp2dRu0,KR,2025-02-06,129,56403
0stJVUUSrbEwyFHOp2dRu0,US,2025-02-13,133,2764416
0DA8aZZvG73AijDYT00ki1,US,2025-02-27,40,5160159
0DA8aZZvG73AijDYT00ki1,US,2025-03-06,95,3066185
44IXD2J5yyr7PpOZzz2cmQ,US,2023-08-31,26,5792474
44IXD2J5yyr7PpOZzz2cmQ,US,2023-09-07,150,2433537
4qvsNsA4gQKC9HLrmPC2Vx,US,2025-03-20,36,5743131
4qvsNsA4gQKC9HLrmPC2Vx,US,2025-03-27,166,2476161
1F6nHHDJyTHLgDDFj1ZZDt,US,2025-02-20,37,5446246
1F6nHHDJyTHLgDDFj1ZZDt,US,2025-02-27,137,2767273
2cH8wHImerFokgmhjyhCTU,US,2024-04-11,31,5369478
2cH8wHImerFokgmhjyhCTU,US,2024-04-18,135,2827051
2Ej3iV0nulryy9S3UQvjSx,US,2023-03-09,26,5565585
2Ej3iV0nulryy9S3UQvjSx,US,2023-03-16,104,2591175
6zZvy88xp6FIjJKhqwnJeQ,US,2026-05-21,33,5624827
6zZvy88xp6FIjJKhqwnJeQ,US,2026-05-28,161,2530120
56k68P3bFQvnKw89hizJFZ,US,2026-03-12,25,5642276
56k68P3bFQvnKw89hizJFZ,US,2026-03-19,145,2492685
2IwbW2jd0Ncv99Aroe77Ru,US,2022-05-19,23,6437411
2IwbW2jd0Ncv99Aroe77Ru,KR,2022-05-19,144,16136
2IwbW2jd0Ncv99Aroe77Ru,US,2022-05-26,200,1695239
5DRS7YEe1bwGJLDGviT3CD,US,2025-07-24,28,5179462
5DRS7YEe1bwGJLDGviT3CD,US,2025-07-31,99,2950323
6qAcApH8obo8eqatCKUHd9,US,2023-11-02,34,5645300
6qAcApH8obo8eqatCKUHd9,US,2023-11-09,131,2450523
2K7sv1mno9PvbXVBpqvSKn,US,2024-01-18,23,5247708
2K7sv1mno9PvbXVBpqvSKn,US,2024-01-25,106,2841197
4Jc7252S1P99DjQ1lNGEOc,US,2023-10-19,18,5417590
4Jc7252S1P99DjQ1lNGEOc,US,2023-10-26,104,2653268
3E9IzxNXsk7yFfc1SHpiG1,US,2025-01-09,32,5205076
3E9IzxNXsk7yFfc1SHpiG1,US,2025-01-16,108,2859292
2Hc1LaV6bzFil3dE71eORA,US,2023-07-06,11,5554114
2Hc1LaV6bzFil3dE71eORA,US,2023-07-13,132,2503426
4CcozggmhXmndssEDH6YHR,US,2024-11-14,33,5101620
4CcozggmhXmndssEDH6YHR,US,2024-11-21,101,2944855
0Shd736f6A7tJxzCTUI69X,US,2026-04-30,35,5195390
0Shd736f6A7tJxzCTUI69X,US,2026-05-07,125,2830936
7sT7kZEYd1MrmzLLIRVZas,US,2022-06-23,15,6188571
7sT7kZEYd1MrmzLLIRVZas,KR,2022-06-23,186,16566
7sT7kZEYd1MrmzLLIRVZas,US,2022-06-30,136,1830196
3NhstUmrlhaN1M6hP8zMbb,US,2023-10-19,21,5184089
3NhstUmrlhaN1M6hP8zMbb,US,2023-10-26,89,2825700
3NtCIBBz5pEAVGeHL4h5mS,US,2024-04-04,43,5289444
3NtCIBBz5pEAVGeHL4h5mS,US,2024-04-11,154,2700474
3nQ24dxqvxZEVwlHTeuLz0,US,2024-10-17,28,5126622
3nQ24dxqvxZEVwlHTeuLz0,US,2024-10-24,121,2834308
4mHM5d2fK3n8xgymjf92w2,US,2024-03-14,35,5394581
4mHM5d2fK3n8xgymjf92w2,KR,2024-03-14,148,34710
4mHM5d2fK3n8xgymjf92w2,US,2024-03-21,157,2564576
6pYNq0ZwpPVazKzsqpf0G8,US,2021-11-18,22,5450242
6pYNq0ZwpPVazKzsqpf0G8,US,2021-11-25,76,2499165
7IaeavdRzXYQWfu2Wt5GlU,US,2022-06-23,14,6196854
7IaeavdRzXYQWfu2Wt5GlU,US,2022-06-30,162,1727507
23d8v6tU6lR77pFKsApMtF,US,2023-10-19,16,5735263
23d8v6tU6lR77pFKsApMtF,US,2023-10-26,179,2166453
2gyHr9WqZeMtzJOpWGuGo6,US,2025-02-06,41,5309797
2gyHr9WqZeMtzJOpWGuGo6,US,2025-02-13,167,2575645
2N9LEu6Pf8nDcp3GjWJT1Z,US,2022-12-08,33,5198971
2N9LEu6Pf8nDcp3GjWJT1Z,US,2022-12-15,134,2675329
47yD0e9MCRIB8dgUXPfyW3,US,2024-01-18,19,5399068
47yD0e9MCRIB8dgUXPfyW3,US,2024-01-25,175,2414035
6QhsCYcFdfyMbPWCiViI8K,US,2026-08-06,14,5599458
6QhsCYcFdfyMbPWCiViI8K,US,2026-08-13,183,2195293
0fyP96TikhD9sM4eKqw5Yp,US,2024-01-18,24,5241032
0fyP96TikhD9sM4eKqw5Yp,US,2024-01-25,141,2551473
6zJ68ym0Buv2TpuUu8tw9A,US,2026-01-22,12,5198688
6zJ68ym0Buv2TpuUu8tw9A,KR,2026-01-22,143,79126
6zJ68ym0Buv2TpuUu8tw9A,US,2026-01-29,93,2586208
4zK082ykqJzJGzC64NXjp1,US,2025-03-20,51,5021266
4zK082ykqJzJGzC64NXjp1,US,2025-03-27,129,2726709
2jnezASa7o0lP6aif6VrIf,US,2024-09-26,34,5130163
2jnezASa7o0lP6aif6VrIf,US,2024-10-03,153,2594836
0BeR2fJmYnKNn7IORw3GR9,US,2025-04-03,27,5014532
0BeR2fJmYnKNn7IORw3GR9,US,2025-04-10,124,2695871
08F16baYbciTva9P4BvpiI,US,2021-11-11,9,5548181
08F16baYbciTva9P4BvpiI,KR,2021-11-11,74,15580
08F16baYbciTva9P4BvpiI,US,2021-11-18,108,2154818
1MTXYvJ9TSqg9x6WPCDx2n,US,2022-11-10,35,5803242
1MTXYvJ9TSqg9x6WPCDx2n,US,2022-11-17,168,1875300
105Fwh9wijwT41rrfgSnrE,US,2025-05-15,26,4893650
105Fwh9wijwT41rrfgSnrE,US,2025-05-22,130,2778043
6iXgIXqpqn13pbw0ZUhf0E,US,2024-06-13,93,3726049
6iXgIXqpqn13pbw0ZUhf0E,US,2024-07-11,72,3939842
4FUQtedaG22FWZ6lGyRApm,US,2026-02-05,26,4991619
4FUQtedaG22FWZ6lGyRApm,US,2026-02-12,158,2672401
2y4ZR0BUAVePljHSsZyIgj,US,2024-02-15,28,5279563
2y4ZR0BUAVePljHSsZyIgj,KR,2024-02-15,106,39728
2y4ZR0BUAVePljHSsZyIgj,US,2024-02-22,198,2359840
4ueTr01dkL360w1knfh21C,US,2023-08-31,34,5154760
4ueTr01dkL360w1knfh21C,US,2023-09-07,141,2473957
1cCXT1cErAY6tmIqHbodrt,US,2021-09-09,31,5977702
1cCXT1cErAY6tmIqHbodrt,US,2021-09-16,167,1643964
3Ac4AjYkqsvop2ydbSAhTX,US,2026-03-05,27,4968802
3Ac4AjYkqsvop2ydbSAhTX,US,2026-03-12,138,2591292
2MIpkAQVJqQIDf9k4YWoHR,US,2025-04-03,29,4941088
2MIpkAQVJqQIDf9k4YWoHR,US,2025-04-10,132,2611251
4D2DFuqs2PwLiHbcf6CX47,US,2025-04-03,31,4871629
4D2DFuqs2PwLiHbcf6CX47,US,2025-04-10,125,2678981
4uoADk7q83CHvXHW3k1etM,US,2025-03-20,49,5121864
4uoADk7q83CHvXHW3k1etM,US,2025-03-27,191,2385753
1vcJdUJDM2NVXBsGncmLyh,US,2023-03-09,31,5076634
1vcJdUJDM2NVXBsGncmLyh,US,2023-03-16,118,2429679
01ppKlDRCmPpusO3yNrSRY,US,2023-10-19,24,5099745
01ppKlDRCmPpusO3yNrSRY,US,2023-10-26,131,2387386
5EA2rqylBTFpUVQUKiWFXs,US,2025-05-22,38,4785682
5EA2rqylBTFpUVQUKiWFXs,US,2025-05-29,122,2697368
4zmXWmILSBkn7gTvIyCiNi,US,2026-08-06,19,5147354
4zmXWmILSBkn7gTvIyCiNi,US,2026-08-13,140,2334810
2kZoOj1n5vk9BuF0sih58M,US,2025-02-20,43,5037498
2kZoOj1n5vk9BuF0sih58M,US,2025-02-27,186,2441996
2H2ytI7ompfNmRkI2sq8Uk,US,2024-04-04,59,4440587
2H2ytI7ompfNmRkI2sq8Uk,KR,2024-04-04,162,34389
2H2ytI7ompfNmRkI2sq8Uk,US,2024-04-11,116,3010794
3SsJ17EnPIu1B4GZshqjIS,US,2022-12-08,38,4843880
3SsJ17EnPIu1B4GZshqjIS,US,2022-12-15,140,2607491
46oHvXwpEZOFX518we1nJD,US,2021-07-01,20,5400580
46oHvXwpEZOFX518we1nJD,KR,2021-07-01,128,13635
46oHvXwpEZOFX518we1nJD,US,2021-07-08,92,2046119
2aw1aEAxMe05MZIS5XiK8U,US,2023-03-09,30,5094670
2aw1aEAxMe05MZIS5XiK8U,US,2023-03-16,132,2287942
2rvd6akG8qEtBNUvQpN7iY,US,2025-03-13,46,4328416
2rvd6akG8qEtBNUvQpN7iY,US,2025-03-20,119,3038512
4JeD0FGslDsMeeahEGZa2L,US,2025-02-20,46,4868073
4JeD0FGslDsMeeahEGZa2L,US,2025-02-27,180,2486462
2r9CbjYgFhtAmcFv1cSquB,US,2021-11-18,21,5544034
2r9CbjYgFhtAmcFv1cSquB,US,2021-11-25,136,1810235
1E5Xu8dur0fAjSP1VpVhAZ,US,2022-01-13,17,5163831
1E5Xu8dur0fAjSP1VpVhAZ,KR,2022-01-13,40,30598
1E5Xu8dur0fAjSP1VpVhAZ,US,2022-01-20,77,2179507
1E5Xu8dur0fAjSP1VpVhAZ,KR,2022-01-20,73,16725
4Xzq2WibDHR5Eufi21HlEZ,US,2024-01-18,35,4638749
4Xzq2WibDHR5Eufi21HlEZ,US,2024-01-25,120,2702870
7zQirOExB0VR8yWUOqYeio,US,2021-09-23,18,5075210
7zQirOExB0VR8yWUOqYeio,KR,2021-09-23,152,9926
7zQirOExB0VR8yWUOqYeio,US,2021-09-30,63,2262269
5LOiuvbH62YGtnwe6Ltt4T,US,2022-05-19,28,5527413
5LOiuvbH62YGtnwe6Ltt4T,KR,2022-05-19,181,14177
5LOiuvbH62YGtnwe6Ltt4T,US,2022-05-26,174,1791808
4uyBm26e7ElRigCH6vRbpc,US,2025-07-17,33,4960461
4uyBm26e7ElRigCH6vRbpc,US,2025-07-24,170,2357585
3ra4PQCtSVULClEqj2XXf7,US,2024-11-28,154,2717744
3ra4PQCtSVULClEqj2XXf7,US,2024-12-05,74,4566063
3aCPResPDNae3pXTocGpYe,US,2024-09-26,42,4505597
3aCPResPDNae3pXTocGpYe,US,2024-10-03,128,2755550
5eAR1QuDO23Em4r8o5yLul,US,2026-04-30,51,4224591
5eAR1QuDO23Em4r8o5yLul,US,2026-05-07,102,3031325
1YnChEM51BVZ5dRhbVFEMl,US,2023-10-19,28,4886316
1YnChEM51BVZ5dRhbVFEMl,US,2023-10-26,139,2369596
4i4BVY2JiH4mDSLIBdNGKD,US,2026-03-05,34,4685414
4i4BVY2JiH4mDSLIBdNGKD,US,2026-03-12,145,2570132
4NoOpkVBJsRB2YTiP9vRJD,US,2025-05-22,40,4728009
4NoOpkVBJsRB2YTiP9vRJD,US,2025-05-29,139,2524708
3XbIhTYl6a0uXPyO43eiXa,US,2024-07-11,47,4622028
3XbIhTYl6a0uXPyO43eiXa,US,2024-07-18,184,2628834
4IlOyxGATYUp7YVy5zrSW8,US,2021-09-02,27,4983141
4IlOyxGATYUp7YVy5zrSW8,KR,2021-09-02,65,20047
4IlOyxGATYUp7YVy5zrSW8,US,2021-09-09,93,2258798
3SIRBp4RRQ2AO5H4NO7xfq,US,2024-02-15,36,4813145
3SIRBp4RRQ2AO5H4NO7xfq,KR,2024-02-15,161,30591
3SIRBp4RRQ2AO5H4NO7xfq,US,2024-02-22,189,2422906
6DDEfqOoLlasIbPdzboOu4,US,2025-02-27,52,4477359
6DDEfqOoLlasIbPdzboOu4,US,2025-03-06,133,2720962
25uMKq5kygC2woAfeetEfE,US,2024-08-22,45,4717754
25uMKq5kygC2woAfeetEfE,US,2024-08-29,199,2463916
5JbnupagBhD0AanbkCELdH,US,2026-08-06,25,4849046
5JbnupagBhD0AanbkCELdH,US,2026-08-13,156,2285983
4HWDNZ1i6gyzu9tUbNhC2C,US,2025-05-22,49,4547834
4HWDNZ1i6gyzu9tUbNhC2C,US,2025-05-29,136,2536088
56JwgcQcxo08w7YXrBzrA5,US,2021-09-02,29,4884326
56JwgcQcxo08w7YXrBzrA5,KR,2021-09-02,77,17408
56JwgcQcxo08w7YXrBzrA5,US,2021-09-09,97,2197804
3sJLoIc9y1b4gKAP8ZNsR9,US,2026-02-12,29,4802596
3sJLoIc9y1b4gKAP8ZNsR9,US,2026-02-19,195,2267285
3HfKlhohNNTLIv2t9uvmzz,US,2025-11-20,26,4151987
3HfKlhohNNTLIv2t9uvmzz,US,2025-11-27,88,2874683
34sUWOEjFKrj8Rzk1HHicq,US,2025-12-18,189,2372666
34sUWOEjFKrj8Rzk1HHicq,US,2025-12-25,70,4628390
7f1w2rZoIf7g56McEUTh5W,US,2021-09-02,32,4576165
7f1w2rZoIf7g56McEUTh5W,KR,2021-09-02,54,22236
7f1w2rZoIf7g56McEUTh5W,US,2021-09-09,83,2422629
7f1w2rZoIf7g56McEUTh5W,KR,2021-09-09,94,13900
3AD73lKeY2c9JhsHRqWkOw,US,2025-07-24,41,4464719
3AD73lKeY2c9JhsHRqWkOw,US,2025-07-31,134,2513544
2OcSE0EXzgUuqkM1NIJPHJ,US,2022-06-09,18,4814534
2OcSE0EXzgUuqkM1NIJPHJ,KR,2022-06-09,66,29354
2OcSE0EXzgUuqkM1NIJPHJ,US,2022-06-16,103,2163266
2OcSE0EXzgUuqkM1NIJPHJ,KR,2022-06-16,195,16433
0y6kdSRCVQhSsHSpWvTUm7,US,2021-11-18,24,5214487
0y6kdSRCVQhSsHSpWvTUm7,US,2021-11-25,150,1756467
7u2iWRkkz8GBYFe4apxVBl,US,2023-03-09,45,4588224
7u2iWRkkz8GBYFe4apxVBl,US,2023-03-16,122,2374093
1NvpO1o8SpkdH3txtJQQc7,US,2022-06-09,16,4844040
1NvpO1o8SpkdH3txtJQQc7,KR,2022-06-09,78,26864
1NvpO1o8SpkdH3txtJQQc7,US,2022-06-16,112,2116607
7eQj6r5PIdYKEIZjucBMcq,US,2021-11-18,25,5207578
7eQj6r5PIdYKEIZjucBMcq,US,2021-11-25,157,1727949
23Z3bbYcl1PdcPJemLa4zc,US,2022-06-23,19,5318064
23Z3bbYcl1PdcPJemLa4zc,US,2022-06-30,196,1614242
1uxiaf3DUS4vpOqNGu4MzL,US,2024-05-16,84,4000457
1uxiaf3DUS4vpOqNGu4MzL,US,2024-05-23,163,2912205
6saYisCUAZXc505blie9kZ,US,2024-07-04,73,3972917
6saYisCUAZXc505blie9kZ,US,2024-07-11,142,2933948
6p0Ai6wRjz9CmjqkhoKOwf,US,2026-05-21,50,4582018
6p0Ai6wRjz9CmjqkhoKOwf,US,2026-05-28,197,2323196
2GPTiPR5db727wu1tFvFt4,US,2021-09-02,31,4634623
2GPTiPR5db727wu1tFvFt4,KR,2021-09-02,91,15797
2GPTiPR5db727wu1tFvFt4,US,2021-09-09,94,2256866
68eDGmSTQgxJde9JTG7b71,US,2023-03-09,46,4543107
68eDGmSTQgxJde9JTG7b71,US,2023-03-16,127,2329062
7qEUFOVcxRI19tbT68JcYK,US,2021-11-18,26,5182609
7qEUFOVcxRI19tbT68JcYK,US,2021-11-25,167,1685800
4jIy1KWDGEptJGq94tqB5Y,US,2024-07-11,61,4173264
4jIy1KWDGEptJGq94tqB5Y,US,2024-07-18,178,2687288
0v4z1tuZvn6LGknom9Qx7d,US,2021-11-18,27,5099525
0v4z1tuZvn6LGknom9Qx7d,US,2021-11-25,148,1759453
4vsarEetbprJa5Z2ZJ4RL7,US,2025-07-31,37,4419354
4vsarEetbprJa5Z2ZJ4RL7,US,2025-08-07,134,2433223
0S3gpZzlT9Hb7CCSV2owX7,US,2025-07-24,80,3244348
0S3gpZzlT9Hb7CCSV2owX7,US,2025-07-31,58,3603866
5YwBaDW36fztKNnoiHQar3,US,2025-02-20,57,4427486
5YwBaDW36fztKNnoiHQar3,US,2025-02-27,194,2398774
0Uvf2v96tJ5CuyK0LtyAgd,US,2025-05-15,45,4318614
0Uvf2v96tJ5CuyK0LtyAgd,US,2025-05-22,164,2501466
2TJ1FOCmCBkKm418MjVw5D,US,2021-09-02,28,4885279
2TJ1FOCmCBkKm418MjVw5D,KR,2021-09-02,62,20884
2TJ1FOCmCBkKm418MjVw5D,US,2021-09-09,124,1929888
444vevlQjTnKioLLncteGv,US,2023-08-03,42,4378037
444vevlQjTnKioLLncteGv,KR,2023-08-03,180,30438
444vevlQjTnKioLLncteGv,US,2023-08-10,136,2414590
0AAVJIN4plafvmNKqRCltG,US,2022-05-05,9,4971430
0AAVJIN4plafvmNKqRCltG,US,2022-05-12,167,1801929
3VW6HJYa5l0uzGcCRA222P,US,2026-02-26,29,4275595
3VW6HJYa5l0uzGcCRA222P,US,2026-03-05,151,2471879
5KQxun2WxwDMsV7HCN2ONK,US,2021-08-26,21,4071951
5KQxun2WxwDMsV7HCN2ONK,US,2021-09-02,71,2671924
7AxXJXqJOMRqkgZxvG3r6E,US,2025-11-27,25,4290223
7AxXJXqJOMRqkgZxvG3r6E,US,2025-12-04,140,2445634
2U3jOPfO4wZZFaaWS4Dcj6,US,2024-03-28,52,4206572
2U3jOPfO4wZZFaaWS4Dcj6,US,2024-04-04,185,2513077
093MlZS93ZKlHpGkmb3k3W,US,2024-06-20,63,4136425
093MlZS93ZKlHpGkmb3k3W,US,2024-06-27,192,2578808
1AXsHbdIYx2OyKmdOcIL5T,US,2026-01-15,52,3340775
1AXsHbdIYx2OyKmdOcIL5T,US,2026-01-22,52,3374444
12BjylmI6NS7ydikIzbuD0,US,2023-03-09,50,4447126
12BjylmI6NS7ydikIzbuD0,US,2023-03-16,135,2252260
77kye8TttXpEbvgoiVjZdo,US,2023-03-09,47,4524110
77kye8TttXpEbvgoiVjZdo,US,2023-03-16,150,2170516
4whkhyXTrTgHKZzkUvdwoq,US,2025-10-23,32,4348642
4whkhyXTrTgHKZzkUvdwoq,US,2025-10-30,148,2333951
0QosomGFiJYOxj2ViZfqng,US,2024-02-01,62,3603676
0QosomGFiJYOxj2ViZfqng,US,2024-02-08,103,3072146
0TlcczkVTGpinpkGJpT81L,US,2026-02-26,32,4066857
0TlcczkVTGpinpkGJpT81L,US,2026-03-05,134,2604963
7J4b3LVCIGO4CMBDFLPoP6,US,2021-11-18,28,4958889
7J4b3LVCIGO4CMBDFLPoP6,US,2021-11-25,171,1673737
2FycFFuNMVVYIiIqeldXF5,US,2026-01-22,21,4314217
2FycFFuNMVVYIiIqeldXF5,US,2026-01-29,141,2316653
1OjNUHE1W7Cxeph9DJzKbe,US,2025-05-22,65,3971749
1OjNUHE1W7Cxeph9DJzKbe,US,2025-05-29,127,2658716
2meHtZ7N97pJfvTL4hYtfv,US,2022-06-09,26,4520399
2meHtZ7N97pJfvTL4hYtfv,KR,2022-06-09,84,25745
2meHtZ7N97pJfvTL4hYtfv,US,2022-06-16,114,2105761
3obGrchYRmtO5rk4O2ZtLZ,US,2024-12-26,101,4409071
3obGrchYRmtO5rk4O2ZtLZ,US,2025-01-02,194,2190119
4cYllEeJVH7dWKwQxpbk42,US,2025-02-06,60,4040666
4cYllEeJVH7dWKwQxpbk42,US,2025-02-13,176,2538532
1qrpoAMXodY6895hGKoUpA,US,2021-04-15,24,4386661
1qrpoAMXodY6895hGKoUpA,US,2023-08-10,179,2189484
3oGVx9RBmiYGv5ZCecWLkx,US,2021-11-18,34,4782460
3oGVx9RBmiYGv5ZCecWLkx,US,2021-11-25,142,1789752
3HyR1j49TY5ACP2lseF1jx,US,2022-08-04,17,4538659
3HyR1j49TY5ACP2lseF1jx,KR,2022-08-04,148,18383
3HyR1j49TY5ACP2lseF1jx,US,2022-08-11,95,2026370
53WWD2BBC6Jcip8wy5CniE,US,2025-02-27,106,3157791
53WWD2BBC6Jcip8wy5CniE,US,2025-03-06,75,3401065
3Y1ZpXS4HETFHDdBNfNU0I,US,2026-02-05,42,4044134
3Y1ZpXS4HETFHDdBNfNU0I,US,2026-02-12,185,2495650
4ydmav4vl7hebadtfZtMrg,US,2021-07-01,25,5010203
4ydmav4vl7hebadtfZtMrg,KR,2021-07-01,137,13138
4ydmav4vl7hebadtfZtMrg,US,2021-07-08,176,1509435
3aD33slymVwdEcdbKUBnDu,US,2025-05-29,54,3633323
3aD33slymVwdEcdbKUBnDu,US,2025-06-05,92,2886004
33gSkDn6P9uS7ofaYiyBP6,US,2025-05-22,62,4107567
33gSkDn6P9uS7ofaYiyBP6,US,2025-05-29,170,2388443
67dU06KGaJHLLlo5Y5bkD2,US,2022-06-09,22,4701217
67dU06KGaJHLLlo5Y5bkD2,KR,2022-06-09,63,29765
67dU06KGaJHLLlo5Y5bkD2,US,2022-06-16,159,1787169
4IxeKzzxUSEgivgtbSbyIK,US,2022-06-09,24,4590910
4IxeKzzxUSEgivgtbSbyIK,KR,2022-06-09,54,32836
4IxeKzzxUSEgivgtbSbyIK,US,2022-06-16,142,1894457
79DPYZ6x8FfzgSgPoPhpC3,US,2023-09-07,37,3913082
79DPYZ6x8FfzgSgPoPhpC3,US,2023-09-14,131,2556308
2lJn77IeZAP9cmv6DPXOrL,US,2024-02-15,109,3096470
2lJn77IeZAP9cmv6DPXOrL,US,2024-03-21,75,3354029
5o0hD6Bs6RdyZxfYBoEEc8,US,2025-11-27,31,4092365
5o0hD6Bs6RdyZxfYBoEEc8,US,2025-12-04,154,2354054
2gciS7UJjv59l7608DFGNl,US,2024-12-26,133,3687422
2gciS7UJjv59l7608DFGNl,US,2025-12-25,169,2746546
3K68JyPFh5fV8bdWesIqdb,US,2026-08-27,35,3491308
3K68JyPFh5fV8bdWesIqdb,US,2026-09-03,54,2939113
3zAWhIscp6ehzXv3KHorwb,US,2025-06-19,38,4088252
3zAWhIscp6ehzXv3KHorwb,US,2025-06-26,166,2340218
2TE4xW3ImvpltVU0cPcKUn,US,2024-12-26,167,3035737
2TE4xW3ImvpltVU0cPcKUn,US,2025-12-25,111,3392411
7ovB5FvDwq1g7AG9ICYaNY,US,2024-04-18,59,3849555
7ovB5FvDwq1g7AG9ICYaNY,US,2024-04-25,176,2565592
3TYOH7ta0101NYssoH5GlU,US,2023-10-19,42,4225475
3TYOH7ta0101NYssoH5GlU,US,2023-10-26,185,2141390
2goHCrsDJaflEwQ930ef0o,US,2021-07-01,28,4791017
2goHCrsDJaflEwQ930ef0o,KR,2021-07-01,161,11683
2goHCrsDJaflEwQ930ef0o,US,2021-07-08,160,1571410
4hnzXzE7JiU5QAZFF9OUsI,US,2024-12-26,161,3122284
4hnzXzE7JiU5QAZFF9OUsI,US,2025-12-25,126,3210014
373gDROnujxNTFa1FojYIl,US,2023-02-16,30,4036913
373gDROnujxNTFa1FojYIl,US,2023-02-23,121,2291060
13HsOwrwTA5HgLuoaDHncP,US,2021-07-01,30,4684004
13HsOwrwTA5HgLuoaDHncP,KR,2021-07-01,181,10957
13HsOwrwTA5HgLuoaDHncP,US,2021-07-08,150,1639307
4UddKz4WBKn5b9tDB6tq2L,US,2025-07-24,51,4026472
4UddKz4WBKn5b9tDB6tq2L,US,2025-07-31,174,2292184
05GsNucq8Bngd9fnd4fRa0,US,2021-11-18,35,4742884
05GsNucq8Bngd9fnd4fRa0,US,2021-11-25,189,1566357
3grVoZ10bm2jUGpo7BxpuF,US,2021-09-23,24,4438818
3grVoZ10bm2jUGpo7BxpuF,US,2021-09-30,109,1868816
6DZz58CbF0AKw5PCKqNKcM,US,2021-09-02,39,4118822
6DZz58CbF0AKw5PCKqNKcM,KR,2021-09-02,74,17601
6DZz58CbF0AKw5PCKqNKcM,US,2021-09-09,99,2186094
7rWCWzPRftzZTZtIyQtaDU,US,2022-05-05,10,4629227
7rWCWzPRftzZTZtIyQtaDU,US,2022-05-12,200,1673323
0SeTP12t4EwBJ6zsjHn9Wa,US,2026-05-21,70,3844166
0SeTP12t4EwBJ6zsjHn9Wa,US,2026-05-28,184,2427865
6zzdyvVWjGrQBraSvuqJPY,US,2022-01-13,23,4499799
6zzdyvVWjGrQBraSvuqJPY,KR,2022-01-13,54,24911
6zzdyvVWjGrQBraSvuqJPY,US,2022-01-20,126,1748795
6zzdyvVWjGrQBraSvuqJPY,KR,2022-01-20,160,11958
3ZEno9fORwMA1HPecdLi0R,US,2023-04-13,39,3978014
3ZEno9fORwMA1HPecdLi0R,US,2023-04-20,141,2261333
7eCVm5KcpFrDhx6XHkF3t6,US,2024-12-26,123,3900897
7eCVm5KcpFrDhx6XHkF3t6,US,2025-01-02,159,2333948
4t2OeILB07eMGTXSUbMPEu,US,2021-08-05,21,4188546
4t2OeILB07eMGTXSUbMPEu,KR,2021-08-05,149,11226
4t2OeILB07eMGTXSUbMPEu,US,2021-08-12,83,2012531
0oPRfdP48RM4bd3xBFyiRo,US,2023-03-09,53,4125270
0oPRfdP48RM4bd3xBFyiRo,US,2023-03-16,178,2067487
1xKGnsdKOh8jx8pzSZAgXE,US,2025-01-16,126,2713423
1xKGnsdKOh8jx8pzSZAgXE,US,2025-01-23,68,3468908
5pobX21I8uZdHM8YOWItU7,US,2025-09-11,64,3346262
5pobX21I8uZdHM8YOWItU7,US,2025-09-18,85,2828317
2xGO2UjzxeVQSIkyg98vck,US,2024-12-26,163,3101140
2xGO2UjzxeVQSIkyg98vck,US,2025-12-25,140,3057214
3vcLw8QA3yCOkrj9oLSZNs,US,2023-04-13,57,3314598
3vcLw8QA3yCOkrj9oLSZNs,US,2023-04-20,87,2822739
5YRFttxjAEgm2nq5Z2tlqK,US,2021-09-02,37,4148284
5YRFttxjAEgm2nq5Z2tlqK,KR,2021-09-02,96,14806
5YRFttxjAEgm2nq5Z2tlqK,US,2021-09-09,118,1982764
4HOryCnbme0zBnF8LWij3f,US,2021-08-05,19,4241195
4HOryCnbme0zBnF8LWij3f,KR,2021-08-05,136,12020
4HOryCnbme0zBnF8LWij3f,US,2021-08-12,98,1875937
36OpC3NK7kQzcOo8qiCHaA,US,2026-03-19,66,3252481
36OpC3NK7kQzcOo8qiCHaA,US,2026-03-26,116,2844463
2KnuaZYoGzDoHiBTNYOTXG,US,2021-08-05,22,4098425
2KnuaZYoGzDoHiBTNYOTXG,KR,2021-08-05,160,10743
2KnuaZYoGzDoHiBTNYOTXG,US,2021-08-12,84,1994602
5sHeIGDbdzw8DeO57XZKIy,US,2026-02-26,39,3768420
5sHeIGDbdzw8DeO57XZKIy,US,2026-03-05,187,2319579
2W1Aq2c6PUSHBC0golgHLK,US,2021-12-16,32,4249879
2W1Aq2c6PUSHBC0golgHLK,US,2021-12-23,170,1822274
0qpdzfTxAkOREtvvGO5oew,US,2024-12-26,135,3670860
0qpdzfTxAkOREtvvGO5oew,US,2025-01-02,143,2390435
1xmvq1fYLs9TEgikaFilGW,US,2024-10-17,61,3386264
1xmvq1fYLs9TEgikaFilGW,US,2024-10-24,144,2670089
0Fl4eWzVaMUOdXcOrj6F1q,US,2022-08-04,26,4052978
0Fl4eWzVaMUOdXcOrj6F1q,US,2022-08-11,102,1965119
5IPl8JpkbtSH1mdyq5ctSx,US,2022-09-01,51,2869477
5IPl8JpkbtSH1mdyq5ctSx,KR,2022-09-01,143,18582
5IPl8JpkbtSH1mdyq5ctSx,US,2022-11-10,76,3055461
4Q6LSSmQwn94hioXfvzdbU,US,2023-03-09,61,3791776
4Q6LSSmQwn94hioXfvzdbU,US,2023-03-16,166,2105840
6tlZIGGXozhQpYyKesjwWL,US,2025-07-31,61,3499324
6tlZIGGXozhQpYyKesjwWL,US,2025-08-07,148,2379377
181yGUB8xEh4LfK8KhC4Wa,US,2025-03-06,82,3320789
181yGUB8xEh4LfK8KhC4Wa,US,2025-03-13,164,2533530
4cpHvqL4dvporE8JlQwkec,US,2026-04-23,63,3390521
4cpHvqL4dvporE8JlQwkec,US,2026-04-30,165,2455883
1N8dX8FWPUzVuSlKJA25FK,US,2025-05-22,77,3485539
1N8dX8FWPUzVuSlKJA25FK,US,2025-05-29,175,2355708
3znSvEwBq09We4cxxmwlZM,US,2025-07-17,62,3592023
3znSvEwBq09We4cxxmwlZM,US,2025-07-24,192,2245889
6ly0Zc4mrK1W0XLeuAk5Dv,US,2025-11-20,53,3316705
6ly0Zc4mrK1W0XLeuAk5Dv,US,2025-11-27,132,2504774
4avmVqU2f00LGiYMuOAuVy,US,2024-12-26,138,3591141
4avmVqU2f00LGiYMuOAuVy,US,2025-01-02,188,2222945
5LisHkYlpdkqNYl1HZ5cKd,US,2023-03-09,66,3673858
5LisHkYlpdkqNYl1HZ5cKd,US,2023-03-16,157,2137777
25qk9xa71F1POdI4vj7rbi,US,2021-06-17,31,4015993
25qk9xa71F1POdI4vj7rbi,US,2021-06-24,115,1767789
6ufcuVInt0ocHrUimDjGlb,US,2022-08-04,29,3894629
6ufcuVInt0ocHrUimDjGlb,US,2022-08-11,117,1871645
1z9kQ14XBSN0r2v6fx4IdG,US,2023-02-16,50,3425478
1z9kQ14XBSN0r2v6fx4IdG,US,2023-02-23,115,2336813
5S4PZ7AuYlYiVIVik3wHUf,US,2021-09-23,29,3972210
5S4PZ7AuYlYiVIVik3wHUf,US,2021-09-30,125,1784487
4XJRpBOG0bU3Nxnvam3FnC,US,2022-05-05,16,3907865
4XJRpBOG0bU3Nxnvam3FnC,US,2022-05-12,158,1838887
76O7oz3bvW0WCBqXs9Tkuf,US,2025-07-10,71,3138304
76O7oz3bvW0WCBqXs9Tkuf,US,2025-07-17,142,2600984
1xUddpWyEuYl5T3mduKnOJ,US,2024-04-11,106,3084805
1xUddpWyEuYl5T3mduKnOJ,US,2024-04-18,164,2652803
2dSKFFNoNXKo3hPnlwUdPe,US,2023-05-04,52,3609204
2dSKFFNoNXKo3hPnlwUdPe,US,2023-05-11,192,2095397
1NpHJ96ljWvqdbjlyc9GtT,US,2025-07-03,79,3108599
1NpHJ96ljWvqdbjlyc9GtT,US,2025-07-10,126,2592442
7HUhMOrlvwBPfBq3c0ajh0,US,2024-07-18,145,2912972
7HUhMOrlvwBPfBq3c0ajh0,US,2024-07-25,146,2785774
2dono2Koz7DEvGwxUsmMLq,US,2024-08-01,108,3131934
2dono2Koz7DEvGwxUsmMLq,US,2024-08-08,173,2552408
2O4dfLvOE0VBqDmGQiw7fR,US,2026-04-30,105,2995696
2O4dfLvOE0VBqDmGQiw7fR,US,2026-05-07,145,2674249
1efXUbx5gsLd2sqjszBtx1,US,2025-04-24,84,3093839
1efXUbx5gsLd2sqjszBtx1,US,2025-05-01,131,2568303
3IOQZRcEkplCXg6LofKqE9,US,2025-07-24,156,2459848
3IOQZRcEkplCXg6LofKqE9,US,2025-07-31,78,3200134
4CIyxiObT9G35HrSItAblR,US,2023-09-28,54,3448961
4CIyxiObT9G35HrSItAblR,US,2023-10-05,182,2197389
3Kh8X9lHztqVBTgw30HbXn,US,2023-11-09,52,3441701
3Kh8X9lHztqVBTgw30HbXn,US,2023-11-16,175,2202696
5KEixB30VO3hb8etUPkMEq,US,2025-06-19,58,3353182
5KEixB30VO3hb8etUPkMEq,US,2025-06-26,176,2287365
5kYSScXYOZYyi0fxramiW6,US,2022-09-01,29,3572064
5kYSScXYOZYyi0fxramiW6,KR,2022-09-01,141,18677
5kYSScXYOZYyi0fxramiW6,US,2022-09-08,99,2053030
7bcy34fBT2ap1L4bfPsl9q,US,2021-08-05,27,3890226
7bcy34fBT2ap1L4bfPsl9q,KR,2021-08-05,165,10393
7bcy34fBT2ap1L4bfPsl9q,US,2021-08-12,119,1733924
2DDo2QqElDO9PgOHeGtQiy,US,2025-07-24,74,3350587
2DDo2QqElDO9PgOHeGtQiy,US,2025-07-31,180,2262051
2LUD3874dlzeRa34Hi7ohW,US,2024-09-19,124,2930849
2LUD3874dlzeRa34Hi7ohW,US,2024-10-17,139,2661488
5iwUwADk4uQUvgMF6PlTRl,US,2024-05-02,158,2763424
5iwUwADk4uQUvgMF6PlTRl,US,2024-05-09,166,2824477
4pftaoQbbheCXSdleWIeDK,US,2025-01-23,135,2620087
4pftaoQbbheCXSdleWIeDK,US,2025-01-30,88,2935804
5unjCay0kUjuej5ebn4nS4,US,2022-11-24,43,3621349
5unjCay0kUjuej5ebn4nS4,KR,2022-11-24,57,43464
5unjCay0kUjuej5ebn4nS4,US,2022-12-01,166,1920873
5unjCay0kUjuej5ebn4nS4,KR,2022-12-01,149,23205
0VOMBffX1llDu37yQUt3u3,US,2022-10-20,26,3718123
0VOMBffX1llDu37yQUt3u3,US,2022-10-27,164,1821953
5LHPcY9yd0hWVFIW4yfOCJ,US,2025-02-20,134,2794764
5LHPcY9yd0hWVFIW4yfOCJ,US,2025-02-27,140,2732974
2c7sRekhMGlj7u1WIIzoQu,US,2023-10-19,91,3092134
2c7sRekhMGlj7u1WIIzoQu,US,2023-10-26,127,2414826
2M9ro2krNb7nr7HSprkEgo,US,2024-02-08,123,2808218
2M9ro2krNb7nr7HSprkEgo,US,2024-02-15,161,2693100
76ODTQOl0JZQbhfxs6nRV9,US,2024-06-20,177,2686037
76ODTQOl0JZQbhfxs6nRV9,US,2024-06-27,153,2799306
1VsHc0qIeyjYOyvN5HIEQG,US,2023-05-11,69,3140261
1VsHc0qIeyjYOyvN5HIEQG,US,2023-05-18,142,2320120
6th8IdY4lYeM0QlSQJhhkp,US,2021-09-23,32,3848998
6th8IdY4lYeM0QlSQJhhkp,US,2021-09-30,164,1604835
6YmZrYfrOd1ACzgsPmlliq,US,2025-07-17,102,3038479
6YmZrYfrOd1ACzgsPmlliq,US,2025-07-24,165,2405486
19SwuhO0bMiAcg2kyJydmj,US,2023-04-06,62,3159811
19SwuhO0bMiAcg2kyJydmj,US,2023-04-13,138,2277574
3wH4eUkJ1rL5xTU8PZZyOy,US,2023-03-16,55,3344584
3wH4eUkJ1rL5xTU8PZZyOy,US,2023-03-23,178,2038901
1ypwNj8eK2qAMDEs4EiIIX,US,2026-06-18,114,2674997
1ypwNj8eK2qAMDEs4EiIIX,US,2026-06-25,105,2703305
3zpGLSQ8QbbUnNjweWPLMD,US,2022-02-10,38,3047480
3zpGLSQ8QbbUnNjweWPLMD,US,2022-02-17,88,2326378
3BIIJgBJJ7NhhCv4MI6n7w,US,2026-06-18,145,2503938
3BIIJgBJJ7NhhCv4MI6n7w,US,2026-06-25,88,2869430
7LR85XLWw2yXqKBSI5brbG,US,2023-02-16,65,3160742
7LR85XLWw2yXqKBSI5brbG,US,2023-02-23,133,2204520
7G7tgVYORlDuVprcYHuFJh,US,2024-10-10,128,2768572
7G7tgVYORlDuVprcYHuFJh,US,2024-10-17,152,2579562
1w7cgGZR86yWz1pA2puVJD,US,2022-08-04,34,3562832
1w7cgGZR86yWz1pA2puVJD,US,2022-08-11,144,1776430
1LCm0lFnEsxR2oPqyHLGX9,US,2022-08-04,35,3554556
1LCm0lFnEsxR2oPqyHLGX9,US,2022-08-11,142,1778370
6a4GH1gljLL7VvmO9u5O92,US,2022-01-13,32,3796952
6a4GH1gljLL7VvmO9u5O92,KR,2022-01-13,64,20261
6a4GH1gljLL7VvmO9u5O92,US,2022-01-20,182,1535361
789CxjEOtO76BVD1A9yJQH,US,2023-02-16,64,3181933
789CxjEOtO76BVD1A9yJQH,US,2023-02-23,146,2145130
2PljnVsnl2PRwCvfhbdQup,US,2022-04-28,20,3232042
2PljnVsnl2PRwCvfhbdQup,US,2022-05-05,107,2071581
0T1tCsZ2qPRf6fwphjlNPM,US,2025-05-15,121,2788941
0T1tCsZ2qPRf6fwphjlNPM,US,2025-05-22,167,2485247
4zhdSsssstuVDXyGDb3pYi,US,2025-06-26,118,2587994
4zhdSsssstuVDXyGDb3pYi,US,2025-07-03,110,2685853
1JIgFmCP5OCTEGV866WP3b,US,2022-07-07,29,3216881
1JIgFmCP5OCTEGV866WP3b,US,2022-07-14,103,2056149
4ZO4HvFADvujrrEidSatEC,US,2025-01-16,138,2617002
4ZO4HvFADvujrrEidSatEC,US,2025-01-30,132,2617311
7HEWQj82REyDOKMAAlB9pc,US,2021-11-18,49,3645694
7HEWQj82REyDOKMAAlB9pc,KR,2021-11-18,83,14763
7HEWQj82REyDOKMAAlB9pc,US,2021-11-25,188,1584413
18dlAFKaajLjRgBNZZ4ThU,US,2024-02-01,118,2817245
18dlAFKaajLjRgBNZZ4ThU,US,2024-02-08,193,2405216
4oVO4fGNRRvEn0CRuFO4qv,US,2025-11-13,82,2923461
4oVO4fGNRRvEn0CRuFO4qv,US,2025-11-20,169,2298003
1eMNW1HQjF1dbb4GtnmpaX,US,2021-01-07,135,1645105
1eunv1DeEi29UfAcVEoLTt,US,2025-07-24,115,2918992
1eunv1DeEi29UfAcVEoLTt,US,2025-07-31,178,2266945
7lcI4X8RZxK4zIknJcwpBq,US,2022-02-17,28,3347398
7lcI4X8RZxK4zIknJcwpBq,US,2022-02-24,131,1823932
3jiKUMXqwEodB7gVv1RMZU,US,2021-11-18,50,3622857
3jiKUMXqwEodB7gVv1RMZU,KR,2021-11-18,67,16684
3jiKUMXqwEodB7gVv1RMZU,US,2021-11-25,196,1531932
1hoeP1oPYlhcv6iRCtB7pT,US,2025-06-05,97,2811939
1hoeP1oPYlhcv6iRCtB7pT,US,2025-07-03,169,2335925
5SHpuW2qjkQtFRpE6P9Nks,US,2022-07-28,29,3151479
5SHpuW2qjkQtFRpE6P9Nks,US,2022-08-04,109,1987180
5YLGlPYkZBDXieMwzVve7g,US,2022-08-04,36,3511087
5YLGlPYkZBDXieMwzVve7g,US,2022-08-11,188,1626909
64dLd6rVqDLtkXFYrEUHIU,US,2022-09-08,46,3097296
64dLd6rVqDLtkXFYrEUHIU,US,2022-09-15,105,2038136
4lLtanYk6tkMvooU0tWzG8,US,2026-01-15,117,2661789
4lLtanYk6tkMvooU0tWzG8,US,2026-01-22,132,2465597
6UW10CbMTvqciT3X3Ldeox,US,2023-04-06,74,3018730
6UW10CbMTvqciT3X3Ldeox,US,2023-04-13,175,2093034
1Py8c3dkLF0YczcAyBFBEM,US,2022-10-20,38,3291204
1Py8c3dkLF0YczcAyBFBEM,US,2022-10-27,166,1816301
5W0RVQViQC7xocvAUnIs6Z,US,2023-08-24,129,2435863
5W0RVQViQC7xocvAUnIs6Z,US,2023-09-21,121,2667803
6CWwdHPWZDshoiplMtx2Jb,US,2024-08-08,176,2544762
6CWwdHPWZDshoiplMtx2Jb,US,2024-08-15,166,2556101
6kxaaIeowajN7w21PfMLbu,US,2022-06-16,39,3135939
6kxaaIeowajN7w21PfMLbu,KR,2022-06-16,150,19526
6kxaaIeowajN7w21PfMLbu,US,2022-06-23,130,1960265
6qzBOV7lg2pnYm1tIvjxo3,US,2022-10-20,42,3176980
6qzBOV7lg2pnYm1tIvjxo3,US,2022-10-27,140,1915279
5XFoaqV1Z8XaLJidchVWhh,US,2022-07-14,29,3233804
5XFoaqV1Z8XaLJidchVWhh,US,2022-07-21,122,1838028
2Lz4iCypeUTy62CP3Xwk6i,US,2026-09-03,139,2331605
2Lz4iCypeUTy62CP3Xwk6i,US,2026-09-10,71,2739685
4qG7hWhljsqqENL5PaLA2z,US,2024-02-15,171,2617638
4qG7hWhljsqqENL5PaLA2z,US,2024-02-22,184,2433434
0boodYr1uIpSVmGSP65Fmk,US,2022-01-13,44,3234060
0boodYr1uIpSVmGSP65Fmk,US,2022-01-20,116,1807073
2qlBAT108lYOzlXhBxBqEv,US,2023-06-08,95,2740773
2qlBAT108lYOzlXhBxBqEv,US,2023-06-15,145,2299362
3yDi4w5cuQQEpQXrozMW2B,US,2025-01-30,146,2553631
3yDi4w5cuQQEpQXrozMW2B,US,2025-02-06,194,2460685
2igNvPf7RLTZG688Mx8GtU,US,2026-01-08,92,2666226
2igNvPf7RLTZG688Mx8GtU,US,2026-01-15,167,2336492
1xIibyoUvyxwoNqx8quHSz,US,2022-12-08,135,2456176
1xIibyoUvyxwoNqx8quHSz,US,2022-12-22,143,2537632
0XER3HPMx223xWaAgNKp4Y,US,2022-11-10,77,3043733
0XER3HPMx223xWaAgNKp4Y,KR,2022-11-10,55,38748
0XER3HPMx223xWaAgNKp4Y,US,2022-11-17,154,1938517
0XER3HPMx223xWaAgNKp4Y,KR,2022-11-17,123,24369
4rlQza35DE4Prh5yonxnCs,US,2024-08-08,185,2460396
4rlQza35DE4Prh5yonxnCs,US,2024-08-15,174,2512356
0tgBtQ0ISnMQOKorrN9HLX,US,2021-06-10,52,2785866
0tgBtQ0ISnMQOKorrN9HLX,KR,2021-06-10,124,12170
0tgBtQ0ISnMQOKorrN9HLX,US,2021-07-22,80,2183417
3GbQcjKWT7eVpUfzqwUjxv,US,2022-06-30,34,3227194
3GbQcjKWT7eVpUfzqwUjxv,KR,2022-06-30,69,28182
3GbQcjKWT7eVpUfzqwUjxv,US,2022-07-07,140,1729471
3GbQcjKWT7eVpUfzqwUjxv,KR,2022-07-07,153,17412
5XsAal7ZcWg1I5T4NcRjkv,US,2021-08-05,38,3340886
5XsAal7ZcWg1I5T4NcRjkv,US,2021-08-12,139,1608591
6x59lSlNU7TvsJZy7134uC,US,2025-02-20,169,2517389
6x59lSlNU7TvsJZy7134uC,US,2025-02-27,191,2417007
2NK6dtSujGIyilnEgbw8MX,US,2021-01-14,44,3081474
2NK6dtSujGIyilnEgbw8MX,US,2021-01-21,123,1849917
5O4erNlJ74PIF6kGol1ZrC,US,2024-02-22,191,2399659
5O4erNlJ74PIF6kGol1ZrC,US,2024-02-29,171,2499968
2ZGEjmwyeZ3rpEezkZwqOP,US,2022-01-13,45,3221639
2ZGEjmwyeZ3rpEezkZwqOP,US,2022-01-20,148,1657798
3wHRgXJJTTwS2CkusTpn56,US,2023-02-23,165,2051572
3wHRgXJJTTwS2CkusTpn56,US,2023-03-02,77,2822352
3q5qgzl5xwEtbrZVi3agEJ,US,2026-03-19,141,2523635
3q5qgzl5xwEtbrZVi3agEJ,US,2026-05-07,193,2347232
6isTQfKXhNO3EyJd9mSxx8,US,2021-09-23,41,3385403
6isTQfKXhNO3EyJd9mSxx8,US,2021-09-30,198,1483911
3anaHXs7z8NwLUatPxqJlE,US,2025-05-01,166,2397485
3anaHXs7z8NwLUatPxqJlE,US,2025-05-15,161,2471437
1dp8aQANyTRKssDeAYPiZe,US,2022-04-28,31,3041377
1dp8aQANyTRKssDeAYPiZe,US,2022-05-05,161,1791977
4s76r7AbquJcTccqJiqdVu,US,2025-02-20,187,2427184
4s76r7AbquJcTccqJiqdVu,US,2025-02-27,192,2403068
3XjvMZqm2AQ8thMCD6w9w2,US,2023-03-16,163,2120106
3XjvMZqm2AQ8thMCD6w9w2,US,2023-03-23,96,2706175
4GyD3o5hWoyCuYpdlzZlRL,US,2021-11-18,80,2727585
4GyD3o5hWoyCuYpdlzZlRL,US,2022-06-30,95,2096226
6QTGiIuNopQu1iV2aa0fDS,US,2023-07-27,132,2459513
6QTGiIuNopQu1iV2aa0fDS,US,2023-08-03,160,2359076
754kgU5rWscRTfvlsuEwFp,US,2026-09-10,123,2398486
754kgU5rWscRTfvlsuEwFp,US,2026-09-17,116,2417990
7IqsNN0EMckx9YqddgXlwg,US,2023-06-08,132,2397637
7IqsNN0EMckx9YqddgXlwg,US,2023-06-22,119,2416296
7ySUcLPVX7KudhnmNcgY2D,US,2023-02-16,104,2587896
7ySUcLPVX7KudhnmNcgY2D,US,2026-09-03,159,2224110
4DByEumlGTZKSzuVEZ35eo,US,2022-08-04,41,3211458
4DByEumlGTZKSzuVEZ35eo,US,2022-08-11,199,1593980
2rd9ETlulTbz6BYZcdvIE1,US,2025-07-24,186,2276873
2rd9ETlulTbz6BYZcdvIE1,US,2025-07-31,132,2523838
7pBzCp7qNLlsH6rzEFkSwN,US,2026-07-23,133,2427477
7pBzCp7qNLlsH6rzEFkSwN,US,2026-07-30,137,2359148
1a7onn7lPqqRWul5ogyMyX,US,2025-05-15,185,2373518
1a7onn7lPqqRWul5ogyMyX,US,2025-05-22,188,2410510
4mOkfIYbMX9PXx27hj8NTi,US,2021-08-26,51,2626073
4mOkfIYbMX9PXx27hj8NTi,US,2021-09-02,99,2146681
2UwALqx6yOsXTFt7zRxnts,US,2021-07-22,45,3008352
2UwALqx6yOsXTFt7zRxnts,US,2021-07-29,118,1754226
4GrcvxYshSyTp9pylMNtNc,US,2026-01-22,181,2236783
4GrcvxYshSyTp9pylMNtNc,US,2026-02-26,131,2523053
3riRdhyMDfEQz5nKrxfbwv,US,2025-04-10,184,2286005
3riRdhyMDfEQz5nKrxfbwv,US,2025-04-17,152,2466640
2p6hbwOB2u5hI4Uc8FDNL3,US,2021-01-14,49,2952293
2p6hbwOB2u5hI4Uc8FDNL3,US,2021-01-21,137,1786144
3zOYmiNOuyDL0ClxJcEJ0T,US,2026-09-10,147,2233240
3zOYmiNOuyDL0ClxJcEJ0T,US,2026-09-17,99,2504065
0rc1HCVoReqzzXF9jssqZk,US,2023-02-16,96,2667104
0rc1HCVoReqzzXF9jssqZk,KR,2023-02-16,157,23028
0rc1HCVoReqzzXF9jssqZk,US,2023-02-23,163,2053235
1uN0f4NqMDcReSwXO6PLuG,US,2023-02-16,89,2721856
1uN0f4NqMDcReSwXO6PLuG,US,2023-02-23,183,1962737
3q9PVufz68TRvOao25IMNk,US,2023-03-16,113,2504791
3q9PVufz68TRvOao25IMNk,US,2023-04-13,158,2175098
5r67bGhYXZNqk2m2Wupfmu,US,2023-02-16,108,2542278
5r67bGhYXZNqk2m2Wupfmu,US,2023-02-23,148,2124860
3rLIv187BhjyweFe89SgLn,US,2026-04-16,190,2375514
3rLIv187BhjyweFe89SgLn,US,2026-04-23,200,2284984
2T8yuUKl1nhmtaIocqWo4i,US,2025-11-06,148,2327406
2T8yuUKl1nhmtaIocqWo4i,US,2025-11-13,148,2315290
5ie5OPdaP9fivYaKcjwKF1,US,2022-08-18,48,2641379
5ie5OPdaP9fivYaKcjwKF1,US,2022-08-25,105,1993924
0y8Pu7x5jXgUjOIJvQIF5L,US,2023-06-08,115,2546840
0y8Pu7x5jXgUjOIJvQIF5L,US,2023-06-15,192,2071815
55ZATsjPlTeSTNJOuW90pW,US,2023-03-16,152,2164427
55ZATsjPlTeSTNJOuW90pW,US,2023-03-23,118,2449937
2igwFfvr1OAGX9SKDCPBwO,US,2026-06-18,164,2396411
2igwFfvr1OAGX9SKDCPBwO,US,2026-07-09,189,2211907
15qKrPi4Kg0z7g9HlwWyeb,US,2021-07-15,43,3004815
15qKrPi4Kg0z7g9HlwWyeb,US,2021-07-22,166,1564530
6Ql76QUTIXajTh9cVjrAZl,US,2025-07-17,167,2403947
6Ql76QUTIXajTh9cVjrAZl,US,2025-08-21,161,2159641
6OrTKLtcF7EBayOV2QqkSK,US,2022-04-28,38,2801522
6OrTKLtcF7EBayOV2QqkSK,US,2022-05-05,171,1753890
25GyyK9CyZRiDCsPY51fIT,US,2021-10-28,43,2697178
25GyyK9CyZRiDCsPY51fIT,US,2021-11-04,91,1857535
48WidxP9CqyYtk97pwGZ3c,US,2021-07-08,42,2990783
48WidxP9CqyYtk97pwGZ3c,US,2021-07-15,153,1562450
6vB8bdQCCTDDIH8fhRfuXA,US,2021-06-03,45,2968859
6vB8bdQCCTDDIH8fhRfuXA,US,2021-06-10,161,1578864
0cgjvHVCoiafozhMk3Z7Sg,US,2025-04-10,172,2369770
0cgjvHVCoiafozhMk3Z7Sg,US,2025-08-28,168,2172075
5UwA4sYMyaLALd3F2hUgjR,US,2022-01-13,52,2961210
5UwA4sYMyaLALd3F2hUgjR,US,2022-01-20,176,1557274
52WWw9qNZXZZtWU336TtKG,US,2023-06-01,138,2387575
52WWw9qNZXZZtWU336TtKG,US,2023-06-08,180,2129900
5VKG8ary0JW6iKemhmznzS,US,2023-04-06,136,2341253
5VKG8ary0JW6iKemhmznzS,US,2023-04-13,159,2172304
2Rbkkd9pKlLtBOhsp5NmSI,US,2026-07-02,168,2362745
2Rbkkd9pKlLtBOhsp5NmSI,US,2026-08-20,185,2138238
4O3RwH1TFG1EjPezLIYehI,US,2021-03-11,37,2935083
4O3RwH1TFG1EjPezLIYehI,US,2021-03-18,161,1565092
47IySiC5o08gz0z5VDiH93,US,2022-09-01,52,2865030
47IySiC5o08gz0z5VDiH93,US,2022-09-08,196,1625695
1HLaJowFbNM3MPyqnk5vjW,US,2023-11-30,166,2296469
1HLaJowFbNM3MPyqnk5vjW,US,2024-01-18,197,2190282
49W1ZqawgaAwbIY3Hlrp0K,US,2022-01-13,53,2956995
49W1ZqawgaAwbIY3Hlrp0K,US,2022-01-20,185,1528837
02FaKXXL7KUtRc7K0k54tL,US,2025-12-25,200,2523645
66ZcOcouenzZEnzTJvoFmH,US,2026-03-26,193,2324347
66ZcOcouenzZEnzTJvoFmH,US,2026-09-03,181,2137178
6uP0XLqjRqFx8HAfesdcAg,US,2021-04-15,33,3724103
0CfPMZ1DSdzglsMRpLDM2H,US,2021-01-14,56,2824234
0CfPMZ1DSdzglsMRpLDM2H,US,2021-01-21,173,1610667
2m6HgwjakjAXimujX8m4sk,US,2023-11-09,160,2247013
2m6HgwjakjAXimujX8m4sk,US,2023-11-16,182,2184725
1ipcb9qXpSHWhSUvdxJhsx,US,2025-04-24,187,2278921
1ipcb9qXpSHWhSUvdxJhsx,US,2025-06-19,195,2148496
6P7tj3Pkm6iXlnZmGiS1VS,US,2025-08-07,165,2289922
6P7tj3Pkm6iXlnZmGiS1VS,US,2025-08-14,181,2126522
4ak9GGe6afmi2HbxEjvhIC,US,2021-08-05,49,2924189
4ak9GGe6afmi2HbxEjvhIC,US,2021-08-12,177,1487547
6X5WZbJzXtk6aO03HlxuZ9,US,2023-05-18,181,2107675
6X5WZbJzXtk6aO03HlxuZ9,US,2023-05-25,150,2293033
2fBvSCdG3lDjImqJvnYtvq,US,2023-02-23,124,2275859
2fBvSCdG3lDjImqJvnYtvq,US,2023-03-02,163,2104584
2FTeQQ5Rg9tBpgpTF5mnhE,US,2026-01-08,190,2090329
2FTeQQ5Rg9tBpgpTF5mnhE,US,2026-01-15,183,2272078
01TyFEZu6mHbffsVfxgrFn,US,2023-11-16,186,2172363
01TyFEZu6mHbffsVfxgrFn,US,2023-11-23,182,2182076
3FvTHuefYV6TxE3Kseqno8,US,2023-11-02,189,2138079
3FvTHuefYV6TxE3Kseqno8,US,2023-11-09,172,2213850
6VYAzAQGFsfEAwdorQaZuU,US,2023-03-02,140,2216280
6VYAzAQGFsfEAwdorQaZuU,US,2023-03-09,176,2126116
2RkMSIqUdveO3p8KVpYBYI,US,2023-03-30,187,2054539
2RkMSIqUdveO3p8KVpYBYI,US,2023-04-06,149,2262191
4nZi6XNe36Ut4Nij3IQ1yC,US,2026-01-08,144,2259673
4nZi6XNe36Ut4Nij3IQ1yC,US,2026-01-29,196,2055644
6ECp64rv50XVz93WvxXMGF,US,2025-11-13,196,2123835
6ECp64rv50XVz93WvxXMGF,US,2025-11-20,196,2187216
2QIBJFl8DJR1mDh9GwfZef,US,2021-12-09,83,2554329
2QIBJFl8DJR1mDh9GwfZef,US,2021-12-16,190,1738028
4gKWtJGlhxKKSyV65llt2G,US,2022-11-03,139,1955032
4gKWtJGlhxKKSyV65llt2G,US,2022-11-10,113,2324948
7zl7kehxesNEo2pYkKXTSe,US,2021-06-03,68,2412517
7zl7kehxesNEo2pYkKXTSe,US,2021-06-10,111,1864888
2bdqU7C4softKNcMYDFi96,US,2022-03-31,44,2617118
2bdqU7C4softKNcMYDFi96,US,2022-04-07,166,1659321
3nkW3TPQjBip1lER4h78NX,US,2021-08-19,42,2795875
3nkW3TPQjBip1lER4h78NX,US,2021-08-26,191,1460768
7y3xU9vEC1s8DSuuoSYKih,US,2021-07-01,69,2737216
7y3xU9vEC1s8DSuuoSYKih,US,2021-07-08,177,1506232
16dUQ4quIHDe4ZZ0wF1EMN,US,2022-11-24,175,1822242
16dUQ4quIHDe4ZZ0wF1EMN,US,2023-03-02,108,2402786
5uz5v1hRZLjNGatcPtOWUv,US,2026-01-01,167,2089904
5uz5v1hRZLjNGatcPtOWUv,US,2026-01-08,179,2132863
0FLBNqc5oAiTt4J2e3fe3y,US,2026-08-27,199,2061374
0FLBNqc5oAiTt4J2e3fe3y,US,2026-09-03,180,2141524
1ayV64ur8VWgc6OPtPRl1q,US,2021-07-01,72,2709903
1ayV64ur8VWgc6OPtPRl1q,US,2021-07-08,186,1483692
3ia3dJETSOllPsv3LJkE35,US,2022-02-17,82,2353941
3ia3dJETSOllPsv3LJkE35,US,2022-02-24,129,1837763
5ivClJh64rX5PvFeyqI4Ew,US,2025-09-18,189,2064351
5ivClJh64rX5PvFeyqI4Ew,US,2025-10-02,191,2124014
4PA1wK0leCjmRZlP5dQ8Lv,US,2023-06-15,183,2111622
4PA1wK0leCjmRZlP5dQ8Lv,US,2023-06-29,193,2063723
2g8HN35AnVGIk7B8yMucww,US,2023-03-23,186,2013148
2g8HN35AnVGIk7B8yMucww,US,2023-03-30,169,2146006
3kQfBtkQqgN1fAMfhks8TU,US,2023-06-22,169,2125495
3kQfBtkQqgN1fAMfhks8TU,US,2023-06-29,200,2027247
2J051fjLklkoPbzOoTAACZ,US,2025-08-14,191,2090388
2J051fjLklkoPbzOoTAACZ,US,2025-10-16,199,2053559
3d0WouFnFmr0K3kjeza3fF,US,2026-07-30,165,2263078
0REv856zadB0e8IM1brlwr,US,2022-08-25,59,2415941
0REv856zadB0e8IM1brlwr,US,2022-09-01,180,1712974
6oVxXO5oQ4pTpO8RSnkzvv,US,2025-09-25,104,2567744
6uVZddXkgQIArp8myEHs4x,US,2022-06-23,166,1750646
6uVZddXkgQIArp8myEHs4x,US,2022-07-21,58,2350363
52nTQQahs46s1iHFQ3Wv5Q,US,2021-10-21,53,2533505
52nTQQahs46s1iHFQ3Wv5Q,US,2021-10-28,165,1548934
0VlpgNPHWCyh8xxLcaK2fp,US,2022-03-17,53,2444922
0VlpgNPHWCyh8xxLcaK2fp,US,2022-03-24,182,1590938
3DMs7bahbQTnoxCjgP7qoK,US,2021-07-22,57,2524835
3DMs7bahbQTnoxCjgP7qoK,US,2021-07-29,172,1496458
7kQJCw0ZkvHgfJqRwPblmG,US,2022-04-14,163,1700908
7kQJCw0ZkvHgfJqRwPblmG,US,2022-04-28,68,2291726
1zwvbkUqTozLnmIECvBfgs,US,2021-11-18,94,2351834
1zwvbkUqTozLnmIECvBfgs,US,2021-11-25,186,1596808
3ydI3CesHBnaY01Qff9jOr,US,2021-05-06,90,2004947
3ydI3CesHBnaY01Qff9jOr,US,2021-05-27,113,1929110
1HNywa8Bk0TmzRwQrzhtPo,US,2021-07-22,196,1458423
637YZncqOkeFzcTmr7YijJ,US,2021-07-29,80,2135692
637YZncqOkeFzcTmr7YijJ,US,2021-08-05,121,1782936
6oAa31g091sMNe1TKo5LBS,US,2021-07-29,98,1942072
6oAa31g091sMNe1TKo5LBS,US,2021-08-26,104,1921649
7iXF2W9vKmDoGAhlHdpyIa,US,2022-02-17,95,2248926
7iXF2W9vKmDoGAhlHdpyIa,US,2022-02-24,182,1610538
31mzt4ZV8C0f52pIz1NSwd,US,2023-01-12,187,1871325
31mzt4ZV8C0f52pIz1NSwd,US,2023-01-19,165,1973235
0qHPxjC83zQYcxe39xSShx,US,2021-12-23,99,2465034
0qHPxjC83zQYcxe39xSShx,US,2022-01-06,196,1362170
6r9xnueU24r4eoG3HXC87E,US,2022-04-21,112,1860022
6r9xnueU24r4eoG3HXC87E,US,2022-04-28,107,1938057
02WDt2eCNOU2mt0DF5w678,US,2022-03-24,101,1993860
02WDt2eCNOU2mt0DF5w678,US,2022-03-31,140,1789614
2vl0D1b0M6UHlD1Fjh5j1m,US,2021-04-01,88,2087961
2vl0D1b0M6UHlD1Fjh5j1m,US,2021-04-08,137,1679555
5hHvFrMnwic82WwRLr4WY0,US,2022-08-18,84,2127602
5hHvFrMnwic82WwRLr4WY0,US,2022-08-25,186,1633876
759ndr57jb0URg4j9YSWml,US,2022-01-13,33,3758290
759ndr57jb0URg4j9YSWml,KR,2022-01-13,49,26459
759ndr57jb0URg4j9YSWml,KR,2022-01-20,142,12687
1q3RiD1tIWUpGsNFADMlvl,US,2021-11-11,75,2154947
1q3RiD1tIWUpGsNFADMlvl,US,2021-11-18,188,1602314
20McUFi8KCIVdNDLrkTDuZ,US,2021-01-07,139,1635676
20McUFi8KCIVdNDLrkTDuZ,US,2021-01-14,101,2105542
7KwZNVEaqikRSBSpyhXK2j,US,2022-02-17,196,1617699
7KwZNVEaqikRSBSpyhXK2j,US,2026-01-01,160,2112679
25VQoiuyc0HkC5FQTj1a8G,US,2022-09-01,199,1650069
25VQoiuyc0HkC5FQTj1a8G,US,2022-12-08,195,2080041
1AGXmKhp5H6d1B2OwZwQdQ,US,2021-01-14,92,2226410
1AGXmKhp5H6d1B2OwZwQdQ,US,2021-01-21,194,1497428
6DEMMeWXfmFAXgDUMMzeg6,US,2021-10-21,86,2037039
6DEMMeWXfmFAXgDUMMzeg6,US,2021-10-28,134,1676481
2lUDBd7JrgAMltcp6dcd7D,US,2021-12-23,117,2254458
2lUDBd7JrgAMltcp6dcd7D,US,2022-01-06,172,1412881
1yjY7rpaAQvKwpdUliHx0d,US,2021-10-28,198,1443331
1yjY7rpaAQvKwpdUliHx0d,US,2025-10-09,174,2200631
3dmqIB2Qxe2XZobw9gXxJ6,US,2026-05-14,199,2280888
4vLBnQtece15fFhqWxZvJP,US,2021-01-07,189,1401032
4mXGooManGPH6xAWRAtRJU,US,2021-04-22,141,1622447
4mXGooManGPH6xAWRAtRJU,US,2021-04-29,104,1814530
0Z5ok0QLLttAKsujOZYOXf,US,2021-10-21,99,1913760
0Z5ok0QLLttAKsujOZYOXf,US,2021-10-28,180,1496893
4xdHI4eFNst0vTZuuKrWjr,US,2026-09-03,183,2135480
0RlsFYqkOzlg4ZxVQs9YJA,US,2021-05-13,103,1842678
0RlsFYqkOzlg4ZxVQs9YJA,US,2021-08-05,169,1518891
4FuRG9hTnc4s4EYb05st0p,US,2021-12-23,185,1778405
4FuRG9hTnc4s4EYb05st0p,US,2021-12-30,186,1581241
2yBb1CRq98SSWRuDSn36SZ,US,2021-11-18,159,1721140
2yBb1CRq98SSWRuDSn36SZ,US,2021-11-25,180,1625204
3a2jFwnts4Cf0OwJbK61SL,US,2022-02-10,145,1724625
3a2jFwnts4Cf0OwJbK61SL,US,2022-02-17,197,1617595
3j1xkzTW8owIphkWV51V9s,US,2022-07-28,165,1631270
3j1xkzTW8owIphkWV51V9s,US,2022-08-25,170,1692654
60PTOzcoFycWBICdumIsFQ,US,2022-07-28,181,1566447
60PTOzcoFycWBICdumIsFQ,US,2022-08-04,155,1741414
0KCSJzsQVxkloxoT7dyrqV,US,2022-02-03,149,1682922
0KCSJzsQVxkloxoT7dyrqV,US,2022-02-10,191,1600299
5sICkBXVmaCQk5aISGR3x1,US,2022-07-14,177,1638391
5sICkBXVmaCQk5aISGR3x1,US,2022-07-21,177,1580989
4t2dQ3OQaAJQn52BNszPnY,US,2021-07-22,187,1485785
4t2dQ3OQaAJQn52BNszPnY,US,2021-08-19,119,1694849
3Osd3Yf8K73aj4ySn6LrvK,US,2021-08-12,174,1495295
3Osd3Yf8K73aj4ySn6LrvK,US,2022-09-29,179,1672018
3QqYZWQLn0evKMIRlGJeeR,US,2021-06-17,189,1561003
3QqYZWQLn0evKMIRlGJeeR,US,2021-06-24,145,1605809
2Xb6wJYGi0QXwURw5WWvI5,US,2022-01-27,188,1553332
2Xb6wJYGi0QXwURw5WWvI5,US,2022-02-03,183,1578635
5byWPNSh2hi0ULmDxBgLyV,US,2021-04-15,157,1662539
5byWPNSh2hi0ULmDxBgLyV,US,2021-04-22,182,1464863
4sf2L157iEgAR7yrCNLgSq,US,2021-05-20,149,1647730
4sf2L157iEgAR7yrCNLgSq,US,2021-06-03,189,1450704
0xta6Gah3inmeHbj0e3F9a,US,2021-06-24,199,1421362
0xta6Gah3inmeHbj0e3F9a,US,2021-08-05,141,1661331
3SawmGBjjq8EOYZJV11cJm,US,2021-03-04,27,3062742
3SawmGBjjq8EOYZJV11cJm,KR,2021-03-04,56,11376
3SawmGBjjq8EOYZJV11cJm,KR,2021-03-11,158,7359
1TwQ0XtQfCgcstxhpOSg7t,US,2021-07-08,145,1668611
1TwQ0XtQfCgcstxhpOSg7t,US,2021-07-15,200,1392135
7vF3xkCMvZjAe2nTWY0uQZ,US,2021-05-06,195,1447971
7vF3xkCMvZjAe2nTWY0uQZ,US,2021-05-27,186,1531459
2FSGUA0gFgGeQdprjtGM2M,US,2021-04-22,180,1470145
2FSGUA0gFgGeQdprjtGM2M,US,2021-04-29,187,1434975
6tMdpUXfT70TD6Eh3XfB1p,US,2021-05-20,193,1480664
6tMdpUXfT70TD6Eh3XfB1p,US,2021-06-03,199,1423843
4YmS7BALpAU0h4EAF4fYuh,US,2025-09-11,105,2567680
4YmS7BALpAU0h4EAF4fYuh,KR,2025-09-11,136,69021
4YmS7BALpAU0h4EAF4fYuh,KR,2025-09-18,138,73642
73cnVqsbZygieKi8xF10sO,US,2022-04-14,81,2120283
73cnVqsbZygieKi8xF10sO,KR,2022-04-14,106,16799
73cnVqsbZygieKi8xF10sO,KR,2022-04-21,179,13220
2LlOeW5rVcvl3QcPNPcDus,KR,2023-04-13,184,25998
2LlOeW5rVcvl3QcPNPcDus,US,2023-04-20,176,2088171
2LlOeW5rVcvl3QcPNPcDus,KR,2023-04-20,186,25879
6RBfz4bNLNzvt37HycN1Xf,US,2021-10-28,77,2018988
6RBfz4bNLNzvt37HycN1Xf,KR,2021-10-28,75,15116
6RBfz4bNLNzvt37HycN1Xf,KR,2021-11-04,181,9509
1QxIFMs4M8qd5cbJJu80v4,US,2022-05-05,124,1921616
1QxIFMs4M8qd5cbJJu80v4,KR,2022-05-05,135,15795
1QxIFMs4M8qd5cbJJu80v4,KR,2022-05-12,126,16809
10Z9RbwrTbQ0gQeNRJ2dC1,US,2021-04-01,160,1621275
10Z9RbwrTbQ0gQeNRJ2dC1,KR,2021-04-01,124,10241
10Z9RbwrTbQ0gQeNRJ2dC1,KR,2021-04-08,188,8106
6y6xhAgZjvxy5kR5rigpY3,US,2021-08-26,155,1607985
6y6xhAgZjvxy5kR5rigpY3,KR,2021-08-26,91,13262
6y6xhAgZjvxy5kR5rigpY3,KR,2021-09-02,173,10156
6PZpNMstpIiRenGK5UyG5D,US,2021-09-09,173,1589061
6PZpNMstpIiRenGK5UyG5D,KR,2021-09-09,149,11093
6PZpNMstpIiRenGK5UyG5D,KR,2021-09-16,164,9862
0osvOdeD3YXZiWkT8MKolJ,US,2021-01-28,181,1511392
0osvOdeD3YXZiWkT8MKolJ,KR,2021-02-18,168,7126
0osvOdeD3YXZiWkT8MKolJ,KR,2021-02-25,176,7031
5902W4uHWzhtOff1UK7the,US,2022-01-06,147,1506441
5902W4uHWzhtOff1UK7the,KR,2022-01-06,156,11552
5902W4uHWzhtOff1UK7the,KR,2022-01-13,197,10626
3Z4BxvgOJ8KupcDIV3OV2f,KR,2025-07-17,8,395254
3Z4BxvgOJ8KupcDIV3OV2f,KR,2025-07-24,126,69295
2L1dsjU3R3U4SX27qIiPrq,KR,2026-09-10,49,169811
2L1dsjU3R3U4SX27qIiPrq,KR,2026-09-17,30,220957
0dt0DccOIWLtzX45F6uZ1I,KR,2026-03-26,38,201805
0dt0DccOIWLtzX45F6uZ1I,KR,2026-04-02,71,133384
2CO0qu8M2UrT2IxRdYbGOg,KR,2026-04-09,49,175414
2CO0qu8M2UrT2IxRdYbGOg,KR,2026-04-16,88,123437
77U0fCBBkM4MfTBUZBzaF9,KR,2025-09-25,32,142216
77U0fCBBkM4MfTBUZBzaF9,KR,2025-10-02,29,155530
40qwbrvCXsiOPh9xOupCMp,KR,2026-06-18,47,175501
40qwbrvCXsiOPh9xOupCMp,KR,2026-06-25,84,117810
4XdW9YaG8lXOYXswzxmuEB,KR,2026-05-28,135,100730
4XdW9YaG8lXOYXswzxmuEB,KR,2026-06-04,46,163657
2i47cFChkfqOd1zCfdsltH,KR,2025-07-24,23,178007
2i47cFChkfqOd1zCfdsltH,KR,2025-07-31,82,84754
2kpmBZqu52h6uCZXFTIXJK,KR,2025-06-19,6,193627
2kpmBZqu52h6uCZXFTIXJK,KR,2025-06-26,182,60143
2myJJbL0e5qY2VkbqErKJN,KR,2026-04-09,66,140126
2myJJbL0e5qY2VkbqErKJN,KR,2026-04-16,117,111882
4GgwuDH7G6WxsAw2wWDsaz,KR,2026-06-04,79,119483
4GgwuDH7G6WxsAw2wWDsaz,KR,2026-06-11,102,111154
4fLEhL7E1SJhvZNL4ZSCpW,KR,2026-04-02,63,138246
4fLEhL7E1SJhvZNL4ZSCpW,KR,2026-04-09,169,92329
7xKWA46U2YLr2fcJVpx8I2,KR,2026-03-26,69,130717
7xKWA46U2YLr2fcJVpx8I2,KR,2026-04-02,152,94728
16VomaSiUmaRdubMxh4FyY,KR,2026-05-07,85,116895
16VomaSiUmaRdubMxh4FyY,KR,2026-05-14,115,103978
3TPPESvMtVS5zt7FAX2M9n,KR,2026-08-20,69,116961
3TPPESvMtVS5zt7FAX2M9n,KR,2026-08-27,106,98837
2X9RbCpuBRR6ztXn83AK5U,KR,2026-05-07,96,112455
2X9RbCpuBRR6ztXn83AK5U,KR,2026-05-14,150,94705
1JymZBT39MAPXffPcKkaPW,KR,2026-04-16,146,101906
1JymZBT39MAPXffPcKkaPW,KR,2026-04-23,158,102851
3NXNXRW5tDFiLre0EpSDkE,KR,2026-06-18,118,105784
3NXNXRW5tDFiLre0EpSDkE,KR,2026-06-25,153,96207
3ylp1dzetwndaWcpHBQUXv,KR,2026-08-20,66,120194
3ylp1dzetwndaWcpHBQUXv,KR,2026-08-27,188,81572
7oo5LoPOZh5GQ1k0zQyp91,KR,2026-04-23,186,95232
7oo5LoPOZh5GQ1k0zQyp91,KR,2026-04-30,143,102479
2SYd2f0QpEelLsoMqQSXus,KR,2026-04-23,193,94245
2SYd2f0QpEelLsoMqQSXus,KR,2026-04-30,152,98942
0VGeaj4sDq9UnwzSxiVgkZ,KR,2026-02-26,68,111687
0VGeaj4sDq9UnwzSxiVgkZ,KR,2026-03-05,136,81481
23PT32JYvOlXt37SGQnwGB,KR,2026-09-10,167,92172
23PT32JYvOlXt37SGQnwGB,KR,2026-09-17,157,100707
3xTcC2GxIavh97lAkIVHw6,KR,2026-05-28,133,101523
3xTcC2GxIavh97lAkIVHw6,KR,2026-06-04,190,87418
3Gpdzw72aBVJSrm5J1leVK,KR,2026-08-27,165,88068
3Gpdzw72aBVJSrm5J1leVK,KR,2026-09-03,129,98544
5bI8Nv7j6qlPZWCKvkNI3Q,KR,2026-06-25,173,91669
5bI8Nv7j6qlPZWCKvkNI3Q,KR,2026-07-02,142,93755
7gpltSNRhehG6t8mX5Y3RI,KR,2026-07-09,152,86676
7gpltSNRhehG6t8mX5Y3RI,KR,2026-07-16,112,96726
6tesMK7YkPOig4yPffZNEP,KR,2026-07-23,172,86898
6tesMK7YkPOig4yPffZNEP,KR,2026-08-06,165,87440
1L00vG2kGAmaAw47GQUNNI,KR,2025-10-02,64,106654
1L00vG2kGAmaAw47GQUNNI,KR,2025-10-09,153,67171
6jYIzFli1Conyd8FLR3Zov,KR,2026-08-27,200,79586
6jYIzFli1Conyd8FLR3Zov,KR,2026-09-03,167,91159
54tBIDmNdxGp04gPNWCCbi,KR,2024-05-30,28,122539
54tBIDmNdxGp04gPNWCCbi,KR,2024-06-06,110,46718
7H9e5GKSY1PQTW1edqvHb9,KR,2025-06-26,81,88121
7H9e5GKSY1PQTW1edqvHb9,KR,2025-07-03,107,76279
7bUyB6btwXllCHQhNBWZ2C,KR,2025-10-16,81,90872
7bUyB6btwXllCHQhNBWZ2C,KR,2025-10-23,155,67321
1qaQyHIAzk6vAMEhACi0tH,KR,2026-01-29,166,74744
1qaQyHIAzk6vAMEhACi0tH,KR,2026-02-05,134,82143
0kmEQrcYk6anjGIqOp5C2I,KR,2024-10-24,78,78382
0kmEQrcYk6anjGIqOp5C2I,KR,2024-10-31,94,74288
4823f9W4xmR3n1BebPyNaR,KR,2024-06-27,35,109885
4823f9W4xmR3n1BebPyNaR,KR,2024-07-04,121,42730
7BRP4zawz4T1PhAdj2Nr4Z,KR,2025-09-04,116,73907
7BRP4zawz4T1PhAdj2Nr4Z,KR,2025-09-11,117,76606
38pEX03GFZ0PfFDaOrpKOM,KR,2025-06-12,64,88563
38pEX03GFZ0PfFDaOrpKOM,KR,2025-06-19,184,57369
7wEmOuZxqVJDPvArxyaSBw,KR,2026-02-19,194,70133
7wEmOuZxqVJDPvArxyaSBw,KR,2026-03-05,167,74318
3v2tiYwjQ7ld3O9kQAoVsE,KR,2025-05-22,121,67270
3v2tiYwjQ7ld3O9kQAoVsE,KR,2025-05-29,92,76207
6PYyVPaD3pzSbrdQKEDHm6,KR,2026-01-29,178,72114
6PYyVPaD3pzSbrdQKEDHm6,KR,2026-02-05,189,70663
3Mx87CknATHrk0QVs5q7nj,KR,2025-10-23,145,69545
3Mx87CknATHrk0QVs5q7nj,KR,2025-10-30,145,71507
3wBeIjb0vtiTwIQPce2stZ,KR,2025-05-08,81,76543
3wBeIjb0vtiTwIQPce2stZ,KR,2025-05-15,122,63296
4SinziOMDPR58wWHakWP9v,KR,2025-05-01,69,85023
4SinziOMDPR58wWHakWP9v,KR,2025-05-08,160,54473
3JqLJslhKt5BMClN2utLiv,KR,2025-09-18,146,71577
3JqLJslhKt5BMClN2utLiv,KR,2025-09-25,185,67319
4pi0Elz7B7cLfw37J3bYm9,KR,2026-01-01,191,66182
4pi0Elz7B7cLfw37J3bYm9,KR,2026-02-12,195,70669
2HhIndg75YiKjuUgGiMjSA,KR,2025-03-20,118,72205
2HhIndg75YiKjuUgGiMjSA,KR,2025-03-27,134,64163
6IYvOX6K6tbBmj00JRU5Rw,KR,2025-07-31,109,72624
6IYvOX6K6tbBmj00JRU5Rw,KR,2025-08-07,128,63081
1FavaeOrzS5LtUz0ftzPdU,KR,2025-06-19,148,63013
1FavaeOrzS5LtUz0ftzPdU,KR,2025-06-26,123,71869
5VFCXa64nmh1ivo8cKmqjy,KR,2024-05-30,49,90935
5VFCXa64nmh1ivo8cKmqjy,KR,2024-06-06,123,43536
0XWf8CRB6IptewumZDi5b6,KR,2025-08-14,111,70556
0XWf8CRB6IptewumZDi5b6,KR,2025-08-21,145,61548
4dIhOd9VXoBDsq1RUO6rvK,KR,2024-05-30,56,86116
4dIhOd9VXoBDsq1RUO6rvK,KR,2024-06-06,120,44496
4fqWeOA8LcipNx6NOlFqtM,KR,2025-04-17,154,58650
4fqWeOA8LcipNx6NOlFqtM,KR,2025-04-24,122,70514
20s4CVeJ9VgW2jdNLKr1EL,KR,2025-10-16,166,63257
20s4CVeJ9VgW2jdNLKr1EL,KR,2025-10-23,169,65089
0hRr7x68aApt0TX1AIAA9W,KR,2025-05-22,104,71221
0hRr7x68aApt0TX1AIAA9W,KR,2025-05-29,180,56555
3krJCIstTKbY7BH9dOJ6Uj,KR,2024-10-24,106,63075
3krJCIstTKbY7BH9dOJ6Uj,KR,2024-10-31,112,64681
7bsNhzXyqkgr64SibwXbGD,KR,2025-05-29,178,57042
7bsNhzXyqkgr64SibwXbGD,KR,2025-06-05,114,67175
49txvOVNLAHwG9bMtdKP6a,KR,2024-10-24,101,64747
49txvOVNLAHwG9bMtdKP6a,KR,2024-10-31,133,58266
5voKDnuTGXBnIZbAqWnb8R,KR,2025-07-31,128,68527
5voKDnuTGXBnIZbAqWnb8R,KR,2025-08-07,185,54394
53T5mZuqAjvm0pinUfwIXr,KR,2025-06-05,125,65822
53T5mZuqAjvm0pinUfwIXr,KR,2025-06-12,173,56790
20JYmd4p72UjSiF3DLAHXA,KR,2025-05-22,152,60759
20JYmd4p72UjSiF3DLAHXA,KR,2025-05-29,149,60756
64OBIfBNnGEQ22tMgk93YE,KR,2025-05-29,158,59725
64OBIfBNnGEQ22tMgk93YE,KR,2025-06-05,148,61609
4dA19AW8ehIYVOScdWu4IT,KR,2025-05-08,148,57721
4dA19AW8ehIYVOScdWu4IT,KR,2025-05-15,123,63277
6UuivqCFXWCZDDEAJACA3S,KR,2024-05-30,60,82875
6UuivqCFXWCZDDEAJACA3S,KR,2024-06-06,154,37154
04PSKcBV1ad3QEmmnZCn2N,KR,2023-08-17,43,77648
04PSKcBV1ad3QEmmnZCn2N,KR,2023-08-24,92,41487
1ajXUIVrPdWBeskIrHrYUt,KR,2024-05-30,63,80708
1ajXUIVrPdWBeskIrHrYUt,KR,2024-06-06,153,37233
2YUUYGB1kMtXKTQ6ajAjTA,KR,2025-03-20,152,63369
2YUUYGB1kMtXKTQ6ajAjTA,KR,2025-03-27,178,53285
4SbfYv8PHH5KOxLLOUBxex,KR,2025-04-17,172,55513
4SbfYv8PHH5KOxLLOUBxex,KR,2025-04-24,164,60508
3RUVLIRUNA3KHLt8pd8PL6,KR,2025-07-17,174,58373
3RUVLIRUNA3KHLt8pd8PL6,KR,2025-07-24,183,57280
5mxK8CuKCqxW7HlBjBtmRS,KR,2022-06-02,7,92960
5mxK8CuKCqxW7HlBjBtmRS,KR,2022-06-09,102,22643
3hCNZGL794VRnTB20oEYp3,KR,2024-12-12,116,63728
3hCNZGL794VRnTB20oEYp3,KR,2024-12-19,162,50082
4j0W96NZvBFqwIyhCb9uGX,KR,2024-10-31,113,62951
4j0W96NZvBFqwIyhCb9uGX,KR,2024-11-07,190,45687
4w8zAz3oVqVa5OMteT0TuV,KR,2025-04-17,195,52508
4w8zAz3oVqVa5OMteT0TuV,KR,2025-04-24,183,55822
31UtyhPu6vu9LJBzoygDiQ,KR,2024-10-24,162,49254
31UtyhPu6vu9LJBzoygDiQ,KR,2024-10-31,125,58832
44qlcokPO2RjD8791ohJFR,KR,2024-10-17,104,56680
44qlcokPO2RjD8791ohJFR,KR,2024-10-24,157,50605
2xoA126GEgFhrYzRaTH7E4,KR,2024-10-17,94,59832
2xoA126GEgFhrYzRaTH7E4,KR,2024-10-24,190,44720
6pIuPm3u7QgUFAX1V0D9wY,KR,2024-10-17,100,57627
6pIuPm3u7QgUFAX1V0D9wY,KR,2024-10-24,179,46691
1UoXctDvnI2KLshhi6SpE4,KR,2024-11-21,145,50837
1UoXctDvnI2KLshhi6SpE4,KR,2024-11-28,156,50559
4D4ZahE2dwJwvrmJVARlgk,KR,2024-05-30,71,68943
4D4ZahE2dwJwvrmJVARlgk,KR,2024-06-06,177,32317
1tDvNjVn4dRAMwp9nSpndC,KR,2024-05-30,95,53554
1tDvNjVn4dRAMwp9nSpndC,KR,2024-06-06,108,47250
3druZC9WrM7UUv82PX0SfA,KR,2024-09-05,76,62582
3druZC9WrM7UUv82PX0SfA,KR,2024-09-12,175,37842
4zXViIlvKDAjvIG5Keff87,KR,2025-03-06,192,47792
4zXViIlvKDAjvIG5Keff87,KR,2025-04-03,189,51313
3yRdRil3CldYFNS3eYAf1X,KR,2022-12-22,32,67498
3yRdRil3CldYFNS3eYAf1X,KR,2022-12-29,103,31041
26afS9UlHQBInOGsPDlWlj,KR,2024-08-22,123,41845
26afS9UlHQBInOGsPDlWlj,KR,2024-08-29,93,55451
1BIDArMQ6U9u9GbnUYJ90R,KR,2023-07-06,68,53515
1BIDArMQ6U9u9GbnUYJ90R,KR,2023-07-13,108,43341
15cQVPbbwv0sZXrHRIAZeX,KR,2024-11-21,150,50281
15cQVPbbwv0sZXrHRIAZeX,KR,2024-11-28,191,45243
1nz7kG4CUPMQHp5hRVKOtc,KR,2024-08-22,128,40059
1nz7kG4CUPMQHp5hRVKOtc,KR,2024-08-29,94,55182
0yk26h1woY0vi3q7etlF94,KR,2024-10-24,160,49495
0yk26h1woY0vi3q7etlF94,KR,2024-10-31,195,45422
3vyPgFsMkRil69QdxtMiUG,KR,2025-01-16,194,46120
3vyPgFsMkRil69QdxtMiUG,KR,2025-01-23,198,45997
4UToDzb0OxKTPQNZt1aL4x,KR,2024-09-05,120,48892
4UToDzb0OxKTPQNZt1aL4x,KR,2024-09-12,139,42875
61Jmp8gGCF2pZDlGZ3d9D2,KR,2024-09-05,122,47710
61Jmp8gGCF2pZDlGZ3d9D2,KR,2024-09-12,135,43657
13pBzwQaDMXfIjFKa44uEv,KR,2024-08-22,133,39559
13pBzwQaDMXfIjFKa44uEv,KR,2024-08-29,110,51631
1nS7nL6Kyh8p0DOglJTdfD,KR,2023-10-26,66,61309
1nS7nL6Kyh8p0DOglJTdfD,KR,2023-11-02,180,29590
6f0DlyudChM3b2olFTsr7d,KR,2023-06-29,50,60520
6f0DlyudChM3b2olFTsr7d,KR,2023-07-06,174,30379
0ATIeBo4fQnecpNzm3CUFm,KR,2023-12-14,87,54876
0ATIeBo4fQnecpNzm3CUFm,KR,2023-12-21,137,35825
5royC4vK6AQGfkRwbnL0Qa,KR,2024-09-05,128,46511
5royC4vK6AQGfkRwbnL0Qa,KR,2024-09-12,137,43372
44h13LO85kPl04MrAKMA9j,KR,2024-08-22,143,38344
44h13LO85kPl04MrAKMA9j,KR,2024-08-29,111,50911
4G5DHbtJTydBqRPNPmYr3p,KR,2023-07-06,93,47057
4G5DHbtJTydBqRPNPmYr3p,KR,2023-07-13,118,41425
7bUezNEU1BnjkbYrG0KP2Y,KR,2024-08-22,142,38392
7bUezNEU1BnjkbYrG0KP2Y,KR,2024-08-29,116,49661
0guoHdAofMWLQELiKSZfsf,KR,2024-09-05,123,47307
0guoHdAofMWLQELiKSZfsf,KR,2024-09-26,145,40213
0ioPVzKGYu2TTbZZ5Wo4Kd,KR,2022-12-22,37,58925
0ioPVzKGYu2TTbZZ5Wo4Kd,KR,2022-12-29,122,28584
6kEU60ykxhb0shZMTiPWZL,KR,2024-09-05,138,44767
6kEU60ykxhb0shZMTiPWZL,KR,2024-09-12,144,41819
4BZuHDcmgmRaAwPd6IO7MY,KR,2023-11-02,75,58403
4BZuHDcmgmRaAwPd6IO7MY,KR,2023-11-09,195,27232
6t34W4GkIQxh0RFDEj30jy,KR,2023-07-06,102,44916
6t34W4GkIQxh0RFDEj30jy,KR,2023-07-13,124,40559
3bqmErC7qZn0BMQHGfnxby,KR,2024-08-29,145,40136
3bqmErC7qZn0BMQHGfnxby,KR,2024-09-05,133,45319
3UQqoKVHxCodlqcdy8yeLb,KR,2024-09-26,165,37306
3UQqoKVHxCodlqcdy8yeLb,KR,2024-10-03,105,47007
2T7gEWrBetDarvBXexyw8Z,KR,2022-12-22,38,57526
2T7gEWrBetDarvBXexyw8Z,KR,2022-12-29,134,26479
4yjDMKCAeLovlo9ih0AgXW,KR,2023-12-21,132,36392
4yjDMKCAeLovlo9ih0AgXW,KR,2023-12-28,98,47388
4xun4NeTMbv8dCzORoPA0w,KR,2024-09-26,171,36832
4xun4NeTMbv8dCzORoPA0w,KR,2024-10-03,106,46597
14uc1xI1MOdI6w4Yia6Cz7,KR,2023-12-14,93,52761
14uc1xI1MOdI6w4Yia6Cz7,KR,2023-12-21,192,30153
1l4aQeJKuPVUVtMVZw1fTf,KR,2024-05-30,133,42651
1l4aQeJKuPVUVtMVZw1fTf,KR,2024-06-06,136,40219
0oDDoTLcHPMnHJNmB2Ts40,KR,2024-09-05,142,43914
0oDDoTLcHPMnHJNmB2Ts40,KR,2024-09-12,165,38875
6JVXVLqCPaodBSEwRFUN8w,KR,2023-12-21,124,38990
6JVXVLqCPaodBSEwRFUN8w,KR,2023-12-28,111,43481
3YDuuc8zxwDHVNCeLHRKms,KR,2023-07-06,120,40017
3YDuuc8zxwDHVNCeLHRKms,KR,2023-07-13,116,41997
1v4Jh705vsTcn74IMDNa4s,KR,2022-12-22,39,56987
1v4Jh705vsTcn74IMDNa4s,KR,2022-12-29,151,24723
3lboRjzlrZ8tFxR0y59Yny,KR,2024-09-26,193,34861
3lboRjzlrZ8tFxR0y59Yny,KR,2024-10-03,117,44734
4UXmlYr1AbcsWsIbrUz2DC,KR,2024-02-22,117,41121
4UXmlYr1AbcsWsIbrUz2DC,KR,2024-02-29,124,38155
1dfAQuOg86yN3iOuvJP8jd,KR,2023-07-06,114,41220
1dfAQuOg86yN3iOuvJP8jd,KR,2023-07-13,133,38012
2hqn75Y9fEzL0qPoPRXCvX,KR,2023-04-27,89,45023
2hqn75Y9fEzL0qPoPRXCvX,KR,2023-05-04,123,33529
7KUb5GsTcXfpG0phkbL2mR,KR,2024-02-22,120,40010
7KUb5GsTcXfpG0phkbL2mR,KR,2024-02-29,123,38302
3LUi9n9mMOR1eK3kle7oCe,KR,2024-09-12,129,44749
3LUi9n9mMOR1eK3kle7oCe,KR,2024-09-19,183,33410
0sNfFxw3pJkVmRsgY781vM,KR,2023-05-04,99,38659
0sNfFxw3pJkVmRsgY781vM,KR,2023-05-11,100,38751
6mSCY4xjKyt5xLlgOXXHSk,KR,2023-10-26,108,40590
6mSCY4xjKyt5xLlgOXXHSk,KR,2023-11-02,148,34744
3SJuomeDUOX6OAWwhH973s,KR,2023-11-30,104,45225
3SJuomeDUOX6OAWwhH973s,KR,2023-12-07,190,29556
1t4a4bAObtfBiiNo0a0vle,KR,2024-09-12,163,39194
1t4a4bAObtfBiiNo0a0vle,KR,2024-09-19,169,35318
0y7bQzg9ksTSEGUWQbquQb,KR,2023-07-06,125,38742
0y7bQzg9ksTSEGUWQbquQb,KR,2023-07-13,146,35375
1VQwQsaa6aUHg9gQP0llyU,KR,2024-09-05,189,34736
1VQwQsaa6aUHg9gQP0llyU,KR,2024-09-12,166,38834
5KyOUICJIvO0z71MBdPGiX,KR,2023-06-22,99,42638
5KyOUICJIvO0z71MBdPGiX,KR,2023-06-29,151,30724
4hm8BZ7nLceFNZUexWTxx4,KR,2024-08-08,148,34252
4hm8BZ7nLceFNZUexWTxx4,KR,2024-08-29,151,39066
1FpVJ7HpZInE2GvhVE2TwT,KR,2023-11-23,128,37947
1FpVJ7HpZInE2GvhVE2TwT,KR,2023-11-30,148,34780
74cpuIw43kA8xPgbQEPdss,KR,2023-05-04,103,36380
74cpuIw43kA8xPgbQEPdss,KR,2023-05-11,111,36069
1hYQUY06GbO7YR8QeO7Qdk,KR,2022-12-01,53,43022
1hYQUY06GbO7YR8QeO7Qdk,KR,2022-12-08,127,28026
3x6unDluyCL4v5AeGrAVGA,KR,2024-06-20,131,39891
3x6unDluyCL4v5AeGrAVGA,KR,2024-06-27,194,31052
2nW48vXnZZ5EYka46v7GOk,KR,2023-12-21,150,33686
2nW48vXnZZ5EYka46v7GOk,KR,2023-12-28,132,37246
7rIXkPCaibFJTs4rKS29OS,KR,2023-04-27,105,38725
7rIXkPCaibFJTs4rKS29OS,KR,2023-05-04,132,31425
7cl2rrUX3x8GVDF7Du2Bnf,KR,2024-02-08,126,36270
7cl2rrUX3x8GVDF7Du2Bnf,KR,2024-02-29,147,33749
3Jshe6lnGtBKqEJosdHa8M,KR,2024-05-30,163,35940
3Jshe6lnGtBKqEJosdHa8M,KR,2024-06-06,170,33674
5NxmDq0yXBYGfCbMqvIXuv,KR,2024-07-11,134,37847
5NxmDq0yXBYGfCbMqvIXuv,KR,2024-07-18,183,31002
4uagvpI1cLBr4CX6lKItFG,KR,2024-03-28,160,32879
4uagvpI1cLBr4CX6lKItFG,KR,2024-04-04,147,35884
2cZtazNq0IRRFymK7UaRa0,KR,2023-11-30,122,39680
2cZtazNq0IRRFymK7UaRa0,KR,2023-12-07,194,29075
7rEoxvquS9aZYSe6wM4REi,KR,2024-04-04,168,33929
7rEoxvquS9aZYSe6wM4REi,KR,2024-04-11,155,34750
3BhyxulZ13uWZS6LqiYiCj,KR,2024-07-11,143,36811
3BhyxulZ13uWZS6LqiYiCj,KR,2024-07-18,180,31799
4lAVyAcjOFWqxTcUACeFt3,KR,2023-07-06,136,35918
4lAVyAcjOFWqxTcUACeFt3,KR,2023-07-13,160,32242
1HHsrROZRpv7NN9Hy72JLq,KR,2024-02-22,131,37179
1HHsrROZRpv7NN9Hy72JLq,KR,2024-02-29,168,30515
78BNKlQLeKRQxkqKI11n2F,KR,2023-07-06,132,37229
78BNKlQLeKRQxkqKI11n2F,KR,2023-07-13,174,29951
32W1dyO4NTHAthKprlz1vd,KR,2023-08-03,147,34548
32W1dyO4NTHAthKprlz1vd,KR,2023-08-10,137,32621
7BIKVETLdqi8hWKPVKTtMo,KR,2024-04-25,183,32968
7BIKVETLdqi8hWKPVKTtMo,KR,2024-05-02,153,34099
45xiC13XQsLhV57FxQLlLV,KR,2024-05-02,116,38896
45xiC13XQsLhV57FxQLlLV,KR,2024-05-09,200,27889
54Nmnszi5JHkDad4HJ5Cul,KR,2024-03-21,151,33767
54Nmnszi5JHkDad4HJ5Cul,KR,2024-03-28,163,32779
7y0jebgMdsAEofK2Ye0e6g,KR,2024-06-27,146,36348
7y0jebgMdsAEofK2Ye0e6g,KR,2024-07-04,196,29821
31jZYFQEtq0ud5y9fDN4cw,KR,2023-10-26,139,35511
31jZYFQEtq0ud5y9fDN4cw,KR,2023-11-02,172,30505
55q5IR87NQcWjFfosyAbOS,KR,2024-05-02,155,33866
55q5IR87NQcWjFfosyAbOS,KR,2024-05-09,153,32030
6dmMXI9tVrDgFmxpjttZmF,KR,2022-10-20,66,36272
6dmMXI9tVrDgFmxpjttZmF,KR,2022-10-27,99,29473
7hISGBkDeWIXNhEwYpCTCy,KR,2022-12-01,98,31549
7hISGBkDeWIXNhEwYpCTCy,KR,2022-12-08,94,34079
6CUKsv928uT4561qJovhhG,KR,2023-12-21,182,30975
6CUKsv928uT4561qJovhhG,KR,2023-12-28,147,34579
44mJS0YRReMdwrY0jFu9Cd,KR,2022-12-22,78,38778
44mJS0YRReMdwrY0jFu9Cd,KR,2022-12-29,131,26695
53Hz9bD45MzeIRHqaBIctp,KR,2023-07-27,129,36863
53Hz9bD45MzeIRHqaBIctp,KR,2023-08-03,194,28298
3oTDi9MWC0JB39FcsLRon3,KR,2023-10-26,120,37630
3oTDi9MWC0JB39FcsLRon3,KR,2023-11-02,200,27517
3FAmnX3nUGsue2TcNEnq0t,KR,2024-04-04,192,31182
3FAmnX3nUGsue2TcNEnq0t,KR,2024-04-11,167,33325
4OSVR8gq2l3ceJiXNR7iiM,KR,2022-12-01,66,39009
4OSVR8gq2l3ceJiXNR7iiM,KR,2022-12-08,142,25393
2iSkLo11WjyzRVdxeSMkCf,KR,2024-02-01,191,26855
2iSkLo11WjyzRVdxeSMkCf,KR,2024-02-08,117,37284
7q42PoHsjWMNJOxg3mn2rM,KR,2022-12-01,100,31061
7q42PoHsjWMNJOxg3mn2rM,KR,2022-12-08,101,32990
1v520W6rEa0nB2vvqAxnU3,KR,2022-12-29,83,35025
1v520W6rEa0nB2vvqAxnU3,KR,2023-01-05,102,28920
04xYbJK43PdehhM2AA4fhi,KR,2022-12-01,103,30399
04xYbJK43PdehhM2AA4fhi,KR,2022-12-08,100,33380
4Q1mkQI9zKjEPsbI19hpsN,KR,2022-12-29,74,38124
4Q1mkQI9zKjEPsbI19hpsN,KR,2023-01-05,119,25648
6SKwQghsR8AISlxhcwyA9R,KR,2023-06-22,123,36744
6SKwQghsR8AISlxhcwyA9R,KR,2023-06-29,190,26515
05RlBHEZg1RmL9DnPgv9Qq,KR,2023-05-04,126,33097
05RlBHEZg1RmL9DnPgv9Qq,KR,2023-05-11,144,30160
7FXAik3QQacggiaSJ2QTbA,KR,2022-12-15,99,31817
7FXAik3QQacggiaSJ2QTbA,KR,2022-12-22,111,31354
171vXOYrexGMVNEMA5rs00,KR,2023-04-13,136,30696
171vXOYrexGMVNEMA5rs00,KR,2023-04-20,137,31691
68Jm50sJpUdqu3IyMdFaXp,KR,2024-03-21,169,31421
68Jm50sJpUdqu3IyMdFaXp,KR,2024-03-28,183,30570
16tDqrBYdacZT2UTYoOIed,KR,2023-07-06,156,32857
16tDqrBYdacZT2UTYoOIed,KR,2023-07-13,180,28961
7uRWaWF70gvKmLhpY3FuaJ,KR,2024-03-21,172,31121
7uRWaWF70gvKmLhpY3FuaJ,KR,2024-03-28,184,30478
6GukZESVRKPnnz4vZGUNxC,KR,2023-06-22,175,28200
6GukZESVRKPnnz4vZGUNxC,KR,2023-06-29,134,33269
3VQH9MYoFvxmXmWECnqdRg,KR,2023-07-06,158,32670
3VQH9MYoFvxmXmWECnqdRg,KR,2023-07-13,188,28439
1tzeAVyGwvoHcVzDit0UeT,KR,2023-04-13,154,28932
1tzeAVyGwvoHcVzDit0UeT,KR,2023-04-20,135,31976
7n1yuwnzs5jTEitJ7eecS8,KR,2023-12-07,189,30031
7n1yuwnzs5jTEitJ7eecS8,KR,2023-12-14,185,30542
7gJD9BarjoFwL2BNQ0rpWT,KR,2024-07-11,186,30712
7gJD9BarjoFwL2BNQ0rpWT,KR,2024-07-18,197,29244
3MUmPh3UxWs9p25e6B3M7N,KR,2023-04-13,120,33570
3MUmPh3UxWs9p25e6B3M7N,KR,2023-04-20,182,26346
7CHDUDw89DCR8vvI0yTXGa,KR,2023-09-07,150,32309
7CHDUDw89DCR8vvI0yTXGa,KR,2023-09-14,179,27342
6jegxcQgUGKzQPnNa04vdn,KR,2024-05-23,199,28330
6jegxcQgUGKzQPnNa04vdn,KR,2024-06-13,193,31267
60Uio68M57PwKEgZxSutL6,KR,2023-05-11,138,30942
60Uio68M57PwKEgZxSutL6,KR,2023-05-18,149,28560
4lIAPwAU6R8PAy2WhykC4i,KR,2023-06-15,139,31005
4lIAPwAU6R8PAy2WhykC4i,KR,2023-06-22,172,28475
6KgkuACjbs8BCaGwwZt4Fj,KR,2023-01-05,74,34055
6KgkuACjbs8BCaGwwZt4Fj,KR,2023-01-12,122,24875
4xzrnTQ0CVRj6LBisVyTum,KR,2024-08-01,195,29220
4xzrnTQ0CVRj6LBisVyTum,KR,2024-08-08,187,29699
6wXYyw7TBQlJ0qh3RNP8MD,KR,2022-10-20,77,32002
6wXYyw7TBQlJ0qh3RNP8MD,KR,2022-10-27,122,26686
2wsRZURBbDbaQUuVT9piu1,KR,2023-04-13,166,27703
2wsRZURBbDbaQUuVT9piu1,KR,2023-04-20,142,30693
2nL60sTHzYNKL8uaStAXDy,KR,2023-03-16,151,25581
2nL60sTHzYNKL8uaStAXDy,KR,2023-03-23,117,32423
3MOa6IKagO2lT9n0sI8fZQ,KR,2024-02-22,176,29583
3MOa6IKagO2lT9n0sI8fZQ,KR,2024-02-29,197,28284
18OjYSOz2ryc2vLmAeG2de,KR,2022-12-01,84,34409
18OjYSOz2ryc2vLmAeG2de,KR,2022-12-08,168,22299
6JpjIy1M7oxvPJ3uVdUKTe,KR,2023-05-11,164,27216
6JpjIy1M7oxvPJ3uVdUKTe,KR,2023-05-18,146,28692
4WRzvrqXTdzpEB6KaO1Oqh,KR,2022-10-27,113,27367
4WRzvrqXTdzpEB6KaO1Oqh,KR,2022-11-03,111,27308
6tQEQqw6LInoszJ1k19v8k,KR,2022-12-22,105,32405
6tQEQqw6LInoszJ1k19v8k,KR,2022-12-29,182,22028
05aq7OhxdoLiUKOigmiqcj,KR,2023-04-13,174,26919
05aq7OhxdoLiUKOigmiqcj,KR,2023-04-20,171,27201
6faF0N0fecqw3dopttNP9i,KR,2022-10-27,91,30443
6faF0N0fecqw3dopttNP9i,KR,2022-11-03,148,22688
3k7FTBQkstaBcYHamx9jqe,KR,2022-12-22,126,29739
3k7FTBQkstaBcYHamx9jqe,KR,2022-12-29,170,23058
0pRlrqpg3TDfwtlUanEAz1,KR,2023-03-02,177,22030
0pRlrqpg3TDfwtlUanEAz1,KR,2023-03-09,118,30366
767c0C0cjoaQuiNl4CGXuL,KR,2023-01-12,156,22071
767c0C0cjoaQuiNl4CGXuL,KR,2023-01-19,93,30271
4axTxw4EXSVSGm6f6vxTdZ,KR,2022-09-22,74,32468
4axTxw4EXSVSGm6f6vxTdZ,KR,2022-09-29,158,19865
5xqdvCH8vYWqk90X0HJ2z3,KR,2023-05-11,182,25459
5xqdvCH8vYWqk90X0HJ2z3,KR,2023-05-18,167,26676
1hncbzqfhChm8PS0UeoVY6,KR,2023-04-13,178,26387
1hncbzqfhChm8PS0UeoVY6,KR,2023-04-20,198,24840
0MMIrw3mCssQj4uqJlBzdp,KR,2023-02-09,102,30190
0MMIrw3mCssQj4uqJlBzdp,KR,2023-02-16,184,20937
2L7hSYdvF0CtaM6JisfKEG,KR,2022-03-24,34,32596
2L7hSYdvF0CtaM6JisfKEG,KR,2022-03-31,88,18125
2xo84jGkxFPrZmmBtS3Pkd,KR,2022-03-24,36,31872
2xo84jGkxFPrZmmBtS3Pkd,KR,2022-03-31,89,18061
5Av3flFGhQPu960OvjeNhm,KR,2022-06-02,59,33174
5Av3flFGhQPu960OvjeNhm,KR,2022-06-09,184,15500
1UbjPSgETXPg3bdzYLCrhO,KR,2023-01-12,135,23308
1UbjPSgETXPg3bdzYLCrhO,KR,2023-01-19,125,25313
6Zr6W8j3jJ3z50XsBCvm3e,KR,2022-03-24,52,27052
6Zr6W8j3jJ3z50XsBCvm3e,KR,2022-03-31,67,20977
1XeOqgzh2fZhmgxnmyiIJ8,KR,2022-10-27,117,26983
1XeOqgzh2fZhmgxnmyiIJ8,KR,2022-11-03,168,20979
0fN27m84ofEpWHGwJ0THYz,KR,2022-08-25,75,29740
0fN27m84ofEpWHGwJ0THYz,KR,2022-09-01,158,17834
1kORQ9Qdgh9K0orCWx7FwO,KR,2022-12-01,128,24744
1kORQ9Qdgh9K0orCWx7FwO,KR,2022-12-08,165,22619
0JosgxxZKZ87QbW5TISJDE,KR,2022-10-20,107,26609
0JosgxxZKZ87QbW5TISJDE,KR,2022-10-27,171,20513
0jXneVxiitQZsbtftH7HHJ,KR,2022-03-24,53,26663
0jXneVxiitQZsbtftH7HHJ,KR,2022-03-31,70,20397
75hcx0Zao2wGlveS7kLIZo,KR,2023-01-05,110,27098
75hcx0Zao2wGlveS7kLIZo,KR,2023-01-12,198,19237
5cTnKClHyczcUhFT8MKBZe,KR,2023-01-05,123,25326
5cTnKClHyczcUhFT8MKBZe,KR,2023-01-12,173,20626
2LzRBroL4J9pXLf1Nsen4s,KR,2022-03-24,44,29455
2LzRBroL4J9pXLf1Nsen4s,KR,2022-03-31,107,16394
3v5o91PrUtf0nmO6j8J7dZ,KR,2023-03-02,188,21280
3v5o91PrUtf0nmO6j8J7dZ,KR,2023-03-23,176,23971
0R4axRx5Y4rwYY22UZhx2e,KR,2023-01-12,162,21466
0R4axRx5Y4rwYY22UZhx2e,KR,2023-01-19,145,23136
1IdM9JrXYuMYiTdM983oH4,KR,2022-04-14,114,16150
1IdM9JrXYuMYiTdM983oH4,KR,2023-04-06,156,28403
17WqzLortqHvftKKGRAxXu,KR,2023-01-12,166,21225
17WqzLortqHvftKKGRAxXu,KR,2023-01-19,143,23224
1DzJbVkBELu6jDu6q0T0tk,KR,2022-12-22,168,23338
1DzJbVkBELu6jDu6q0T0tk,KR,2022-12-29,197,20842
7Kg8zkls7jEP5H89mCG1vz,KR,2023-01-12,171,20708
7Kg8zkls7jEP5H89mCG1vz,KR,2023-01-19,138,23387
1sjObenL1HryPaQOiMDVZ9,KR,2022-06-02,73,29319
1sjObenL1HryPaQOiMDVZ9,KR,2022-06-09,200,14505
6b5UB8AvYPTYP5AC99BYjB,KR,2022-10-20,124,24494
6b5UB8AvYPTYP5AC99BYjB,KR,2022-10-27,190,19174
0oHn3CGVerdfLqIrN6CT42,KR,2022-03-24,47,28038
0oHn3CGVerdfLqIrN6CT42,KR,2022-03-31,119,15541
2lsXJ7F3QYJrQ9cQ9Icx1n,KR,2022-12-01,172,21761
2lsXJ7F3QYJrQ9cQ9Icx1n,KR,2022-12-08,187,21301
4T9hw59r85ZkesNoYWQIJg,KR,2022-03-31,55,23415
4T9hw59r85ZkesNoYWQIJg,KR,2022-04-07,76,19212
3lUOzabhWYyRImRszpJGOU,KR,2022-10-20,131,23481
3lUOzabhWYyRImRszpJGOU,KR,2022-10-27,200,18766
25osmdhvjltPlN7gI2Javd,KR,2021-10-28,31,27576
25osmdhvjltPlN7gI2Javd,KR,2021-11-04,79,14553
31t6jN64Fweo6BmYcMFbg2,KR,2022-05-26,109,19093
31t6jN64Fweo6BmYcMFbg2,KR,2022-06-02,104,22432
7pDDXE5HVFZBvMxjL4CjVp,KR,2022-09-29,132,21580
7pDDXE5HVFZBvMxjL4CjVp,KR,2022-10-06,156,19770
5RT8qSUlKvZqnJDjxM5Oma,KR,2022-05-26,99,20190
5RT8qSUlKvZqnJDjxM5Oma,KR,2022-06-02,115,20848
0a4svaW6XiBnyoXECjcmGw,KR,2022-03-31,57,22536
0a4svaW6XiBnyoXECjcmGw,KR,2022-04-07,87,18088
4ubg38wkWizzLsQwLuE6rM,KR,2022-03-24,65,22045
4ubg38wkWizzLsQwLuE6rM,KR,2022-03-31,86,18318
0c2wKRwXpqSCBrAImEFCNf,KR,2021-08-19,48,22664
0c2wKRwXpqSCBrAImEFCNf,KR,2021-08-26,62,17551
42zMiF3EFBg5CsYbgKdhj1,KR,2022-01-06,75,16346
42zMiF3EFBg5CsYbgKdhj1,KR,2023-01-05,141,23592
4Qs0LHbUWwhHFQ7iflUfht,KR,2022-11-17,189,19437
4Qs0LHbUWwhHFQ7iflUfht,KR,2022-11-24,185,20430
4j8hB6XdIYspmYbFsBk1DD,KR,2022-03-31,62,21423
4j8hB6XdIYspmYbFsBk1DD,KR,2022-04-07,97,17278
4JmRth9mDEINhUNIpDYLQi,KR,2022-09-29,168,19326
4JmRth9mDEINhUNIpDYLQi,KR,2022-10-06,167,19050
5kU7ejlQb3T56BIwYOiudl,KR,2022-03-31,72,19938
5kU7ejlQb3T56BIwYOiudl,KR,2022-04-07,91,17708
2eMgUo649JZjeZiGBECUtZ,KR,2021-11-18,43,23373
2eMgUo649JZjeZiGBECUtZ,KR,2021-11-25,103,13667
12jngD7Hu6if6sIzPkO2k4,KR,2021-06-24,47,22781
12jngD7Hu6if6sIzPkO2k4,KR,2021-07-01,138,13091
2ohOA4P55RsoU1bOanNGyB,KR,2022-03-31,76,19342
2ohOA4P55RsoU1bOanNGyB,KR,2022-04-07,106,16356
1YDFQz3UvYXhpySIW6BriH,KR,2022-08-11,158,17271
1YDFQz3UvYXhpySIW6BriH,KR,2022-09-22,192,18330
1DX08glq6CBGBA0N6uL3JV,KR,2022-03-24,69,20661
1DX08glq6CBGBA0N6uL3JV,KR,2022-03-31,136,14420
5gVCEqLQrHkZPQzLw8pTXC,KR,2021-09-23,37,23448
5gVCEqLQrHkZPQzLw8pTXC,KR,2021-09-30,112,11389
66hfy09gzJOp4NMZWD1jEy,KR,2021-12-02,63,20350
66hfy09gzJOp4NMZWD1jEy,KR,2021-12-09,121,14111
0tIkUSA5njpsBaTAx3z25z,KR,2022-03-31,81,18902
0tIkUSA5njpsBaTAx3z25z,KR,2022-04-07,112,15445
2Q4D2Pz1HDt1x4NukBID5Q,KR,2021-06-24,50,21742
2Q4D2Pz1HDt1x4NukBID5Q,KR,2021-07-01,149,12144
35jvwACXmrreYIEOAGc2Kr,KR,2021-10-28,39,22726
35jvwACXmrreYIEOAGc2Kr,KR,2021-11-04,137,10642
5NIjdxrVUW4GGyLIqXUw9K,KR,2021-08-19,56,19866
5NIjdxrVUW4GGyLIqXUw9K,KR,2021-08-26,87,13399
4HhjBzw5QUpkPzswMsIWZR,KR,2022-03-31,74,19421
4HhjBzw5QUpkPzswMsIWZR,KR,2022-04-07,142,13740
6o2Pu5qZcinw4mlDlQZFqu,KR,2021-10-28,43,22203
6o2Pu5qZcinw4mlDlQZFqu,KR,2021-11-04,139,10572
1ZpiUfzl9P0pMkA03xqmUy,KR,2021-10-28,41,22451
1ZpiUfzl9P0pMkA03xqmUy,KR,2021-11-04,147,10250
2hr3geQBSViX9Oi2OsnY3c,KR,2021-05-13,47,18854
2hr3geQBSViX9Oi2OsnY3c,KR,2021-05-20,71,13610
22PTmk4mzAVi92WiQPAcFp,KR,2022-08-04,180,16499
22PTmk4mzAVi92WiQPAcFp,KR,2022-08-11,190,15682
3zIvzPKUUdSpDCm1uua6Be,KR,2021-05-13,49,17568
3zIvzPKUUdSpDCm1uua6Be,KR,2021-05-20,70,14180
0eACCV3ys1LIIxMit2wLWn,KR,2022-03-31,91,17972
0eACCV3ys1LIIxMit2wLWn,KR,2022-04-07,147,13650
0bFiLUmBmFX0aWyhVqIwiN,KR,2021-10-28,50,21347
0bFiLUmBmFX0aWyhVqIwiN,KR,2021-11-04,149,10189
07jwaA0nfuC2DmZd5n1l7t,KR,2022-02-17,82,16197
07jwaA0nfuC2DmZd5n1l7t,KR,2022-02-24,103,15254
2rOA9vEsnpNB6L5XgmibKn,KR,2022-05-12,191,12937
2rOA9vEsnpNB6L5XgmibKn,KR,2022-05-19,110,18492
1qHYc2IqPbfu3tjm2qYpcq,KR,2021-12-09,85,17586
1qHYc2IqPbfu3tjm2qYpcq,KR,2021-12-16,123,13701
2alRAEyM5GvxE8G94Lav4R,KR,2022-05-05,118,17562
2alRAEyM5GvxE8G94Lav4R,KR,2022-05-12,169,13722
00Cxlg96EHYJG2VoTh7Q3D,KR,2021-08-19,61,18404
00Cxlg96EHYJG2VoTh7Q3D,KR,2021-08-26,95,12825
51iiXRaEmvYczLJwZDR2Ql,KR,2022-05-12,168,13758
51iiXRaEmvYczLJwZDR2Ql,KR,2022-05-19,125,17446
7EHJyuZqZ6PKX9HQg5llSc,KR,2021-11-25,64,17824
7EHJyuZqZ6PKX9HQg5llSc,KR,2021-12-02,116,13244
07qSCcSVuVLHIf0gUSrUNW,KR,2022-03-31,94,17506
07qSCcSVuVLHIf0gUSrUNW,KR,2022-04-07,152,13540
1AToLLvWghQgiBFef1iGuR,KR,2021-12-02,74,17676
1AToLLvWghQgiBFef1iGuR,KR,2021-12-09,131,13274
1x8waytyN4BfxrkuoQsBRT,KR,2022-08-18,193,14678
1x8waytyN4BfxrkuoQsBRT,KR,2022-08-25,187,15669
7CP1u7vb5Yyj9qz2e6Ulnk,KR,2021-11-25,70,16924
7CP1u7vb5Yyj9qz2e6Ulnk,KR,2021-12-02,113,13328
1WWskMa6hvLgHuNhc6suE2,KR,2021-04-01,54,16252
1WWskMa6hvLgHuNhc6suE2,KR,2021-04-08,67,13986
3OXAycDk6KZnCfYA0LABUr,KR,2021-09-23,50,20173
3OXAycDk6KZnCfYA0LABUr,KR,2021-09-30,151,10023
7gosH4fL73GpiJBd5GK2rC,KR,2022-02-17,84,15949
7gosH4fL73GpiJBd5GK2rC,KR,2022-02-24,126,13683
1hQtfLmNABXQMSjjYRXqAX,KR,2022-03-17,118,14305
1hQtfLmNABXQMSjjYRXqAX,KR,2022-03-24,115,14934
2TyDgN8q5NgOuiR8yYyBYj,KR,2021-05-13,57,16050
2TyDgN8q5NgOuiR8yYyBYj,KR,2021-05-20,76,13040
0KDCkxCsEBoSWj5fsyuvWq,KR,2021-06-10,68,17105
0KDCkxCsEBoSWj5fsyuvWq,KR,2021-06-17,122,11958
0DYvTdqBqW6erA1a7pFzVo,KR,2021-09-16,64,17894
0DYvTdqBqW6erA1a7pFzVo,KR,2021-09-23,126,10966
1TDlDMp9J4cpHj77DETvVb,KR,2022-03-03,89,15525
1TDlDMp9J4cpHj77DETvVb,KR,2022-03-10,129,13216
1Goejji6m1d0s0cv4OnL7f,KR,2021-11-25,77,16132
1Goejji6m1d0s0cv4OnL7f,KR,2021-12-02,130,12418
4VW2faw4vUjufimoFzMzbI,KR,2022-05-12,185,13092
4VW2faw4vUjufimoFzMzbI,KR,2022-05-19,159,15378
47Vgc15moDELPzmLAQSFgO,KR,2022-02-17,111,14334
47Vgc15moDELPzmLAQSFgO,KR,2022-02-24,122,13999
3zQyl7ko8alM35mvYWmHuu,KR,2021-08-19,67,16711
3zQyl7ko8alM35mvYWmHuu,KR,2021-08-26,117,11420
3OB2kHbwZESIxMSIrv7xit,KR,2021-05-06,50,17248
3OB2kHbwZESIxMSIrv7xit,KR,2021-05-13,116,10827
0AY4qmK5YRpqSpGsnjskDK,KR,2021-09-23,53,19043
0AY4qmK5YRpqSpGsnjskDK,KR,2021-09-30,194,8897
4bNa2MHnPB7zckROAHh8mR,KR,2021-11-18,74,16074
4bNa2MHnPB7zckROAHh8mR,KR,2021-11-25,130,11811
2dRiyL82K8xPV3gLBDJZMx,KR,2021-07-01,102,15756
2dRiyL82K8xPV3gLBDJZMx,KR,2021-07-08,140,11948
5ngy93w3QaZl3mN9YinIux,KR,2021-05-13,54,16567
5ngy93w3QaZl3mN9YinIux,KR,2021-05-20,104,11055
2OoG4BqX926Te1vGdMFB2F,KR,2021-09-23,60,18251
2OoG4BqX926Te1vGdMFB2F,KR,2021-09-30,180,9267
035HmS3BoIvFVe1ho1qxc4,KR,2021-06-03,83,14137
035HmS3BoIvFVe1ho1qxc4,KR,2021-06-10,107,13344
5wr4JYeZZz4POQao14IDFu,KR,2022-02-17,113,14287
5wr4JYeZZz4POQao14IDFu,KR,2022-02-24,142,13009
4O7tVdjaOQARI1rS6E6CCx,KR,2022-03-17,148,12742
4O7tVdjaOQARI1rS6E6CCx,KR,2022-03-24,131,14159
2b0RhgCNG1jIU8gc5HoGRM,KR,2022-02-17,121,13900
2b0RhgCNG1jIU8gc5HoGRM,KR,2022-02-24,143,12995
2iVsJ2ZuD6b0aHUSi6wcQG,KR,2021-04-01,64,14943
2iVsJ2ZuD6b0aHUSi6wcQG,KR,2021-04-08,102,11768
1hqukerMJf9N1qHo2sijii,KR,2022-01-06,104,14080
1hqukerMJf9N1qHo2sijii,KR,2022-01-13,161,12038
1XCoTc12Trl56sgCPP4R8M,KR,2022-03-17,144,12759
1XCoTc12Trl56sgCPP4R8M,KR,2022-03-24,155,13049
0lSEBny2a7deD0Yd8DNtVY,KR,2021-12-09,113,14563
0lSEBny2a7deD0Yd8DNtVY,KR,2021-12-16,174,11224
65aiZeH9Uld7iFC4w24tiR,KR,2021-05-13,68,14736
65aiZeH9Uld7iFC4w24tiR,KR,2021-05-20,106,11003
5pbQaprwbDRlzXBo8xVnCo,KR,2021-07-22,92,15360
5pbQaprwbDRlzXBo8xVnCo,KR,2021-07-29,173,10320
4h7CVH9xtHoYSlEV5Dpamk,KR,2021-07-01,121,14235
4h7CVH9xtHoYSlEV5Dpamk,KR,2021-07-08,152,11360
6I9Y6PHTWv72fgQV3tIHt0,KR,2021-12-23,153,12298
6I9Y6PHTWv72fgQV3tIHt0,KR,2021-12-30,140,13155
237OjBs3wvamAFpHp0yItw,KR,2021-12-09,130,13301
237OjBs3wvamAFpHp0yItw,KR,2021-12-16,164,11564
5E75Cr0oqxGoX0YYwdC3nZ,KR,2021-06-17,83,14931
5E75Cr0oqxGoX0YYwdC3nZ,KR,2021-06-24,194,9871
6LXNnUjcOBVyov7bH0NNnM,KR,2021-12-09,123,13961
6LXNnUjcOBVyov7bH0NNnM,KR,2021-12-16,179,10839
2xnNgKhyMl9MxBmRNGnBJP,KR,2021-02-04,63,13939
2xnNgKhyMl9MxBmRNGnBJP,KR,2021-02-11,198,10851
7JOkkNAKzq2xCZOPaalSld,KR,2021-06-03,116,11822
7JOkkNAKzq2xCZOPaalSld,KR,2021-06-10,115,12789
79IikGOqOg2Rnnz0Fo5Qao,KR,2021-12-16,165,11563
79IikGOqOg2Rnnz0Fo5Qao,KR,2021-12-23,132,13035
2qDEhEy3vSZYFVgWbRChzw,KR,2021-10-28,85,13761
2qDEhEy3vSZYFVgWbRChzw,KR,2021-11-04,134,10804
4NrmxVJURTgzMH0QKyYy1a,KR,2022-03-17,168,11790
4NrmxVJURTgzMH0QKyYy1a,KR,2022-03-24,162,12709
3LPGSFnV3zANLiXQiQGjOx,KR,2021-04-22,79,13828
3LPGSFnV3zANLiXQiQGjOx,KR,2021-04-29,120,10650
6aULghOfvWw67SrLrpgCDG,KR,2021-06-03,107,12519
6aULghOfvWw67SrLrpgCDG,KR,2021-06-10,129,11939
5QaqP49NaSt1geAPNgDxYE,KR,2021-05-06,63,15394
5QaqP49NaSt1geAPNgDxYE,KR,2021-05-13,165,8902
68bjO39GD3JEEL3qAu0bGC,KR,2021-12-23,175,11427
68bjO39GD3JEEL3qAu0bGC,KR,2021-12-30,146,12750
2fDv60k440Zif7SzI6jXUw,KR,2021-12-09,140,12980
2fDv60k440Zif7SzI6jXUw,KR,2021-12-16,175,11116
1twfAviUiBwfLOzfMfEluq,KR,2022-03-24,198,11515
1twfAviUiBwfLOzfMfEluq,KR,2022-03-31,190,12135
4ZB2yAZyPHI6SHdFPPT9sa,KR,2021-09-09,101,13241
4ZB2yAZyPHI6SHdFPPT9sa,KR,2021-09-16,153,10246
15OqAO7mTGP98dSylxy5J0,KR,2021-08-12,106,13057
15OqAO7mTGP98dSylxy5J0,KR,2021-08-19,163,10319
6mavVLsxaa4YcPje9qZKcf,KR,2021-04-08,97,12199
6mavVLsxaa4YcPje9qZKcf,KR,2021-04-15,111,11171
0OYN3vyfmDDxDknh12zUp8,KR,2022-02-17,159,11813
0OYN3vyfmDDxDknh12zUp8,KR,2022-02-24,185,11349
4WxthDZgaQqmj5tIuneDNX,KR,2021-04-01,90,12678
4WxthDZgaQqmj5tIuneDNX,KR,2021-04-08,123,10484
7aWZ76OniT1DUi5L9gjRkY,KR,2021-11-04,90,13085
7aWZ76OniT1DUi5L9gjRkY,KR,2021-11-11,165,9548
3ptp3j48p6tPwGEJUCbSu0,KR,2021-09-02,121,12478
3ptp3j48p6tPwGEJUCbSu0,KR,2021-09-09,169,10113
0fVDu1evgjX9CFD0cmuRrM,KR,2022-03-03,164,11432
0fVDu1evgjX9CFD0cmuRrM,KR,2022-03-10,180,10992
3wrw9wHpk6Fy298p5ISgii,KR,2021-07-29,125,12964
3wrw9wHpk6Fy298p5ISgii,KR,2021-08-05,188,9429
1f2lkuLldqRzvaFjJdjGXX,KR,2021-12-23,191,10903
1f2lkuLldqRzvaFjJdjGXX,KR,2021-12-30,174,11487
29bQQUKqMG4vTqUFxlaZCk,KR,2021-12-09,151,12107
29bQQUKqMG4vTqUFxlaZCk,KR,2021-12-16,198,10273
3N0gL4EypJfzJ6txDnIrDS,KR,2021-08-05,120,12633
3N0gL4EypJfzJ6txDnIrDS,KR,2021-08-19,187,9464
3uwqqyI7wOt14iz5aWglZb,KR,2021-08-26,105,12117
3uwqqyI7wOt14iz5aWglZb,KR,2021-09-09,182,9871
0ErzcmZ2gIwX7X0xSMQPix,KR,2021-02-04,130,10017
0ErzcmZ2gIwX7X0xSMQPix,KR,2021-02-11,166,11953
2bPyA0ZFM6CkRURyVcUYWm,KR,2022-02-03,147,11404
2bPyA0ZFM6CkRURyVcUYWm,KR,2022-02-10,180,10515
0KmgJyW4GDgonqsoyx0CZ3,KR,2021-05-13,90,12582
0KmgJyW4GDgonqsoyx0CZ3,KR,2021-05-20,149,9228
29Vfu3AZXW3EOxtalAajJ9,KR,2021-06-03,122,11542
29Vfu3AZXW3EOxtalAajJ9,KR,2021-06-10,167,10080
0DHh3p0g7qmNNfNdRNwL6N,KR,2021-08-05,130,12230
0DHh3p0g7qmNNfNdRNwL6N,KR,2021-08-12,191,9319
7hSxOrxogaR7YGpg4l8wmd,KR,2022-01-20,195,10614
7hSxOrxogaR7YGpg4l8wmd,KR,2022-01-27,186,10764
7weX6syqklVQocpVVmDNwI,KR,2021-10-14,116,11151
7weX6syqklVQocpVVmDNwI,KR,2021-10-21,135,10123
282R6Lvm9nLtpx8AzUwJe0,KR,2021-09-09,145,11201
282R6Lvm9nLtpx8AzUwJe0,KR,2021-09-16,160,9951
1zoyteFQmeUUqyOl2Xznpy,KR,2021-10-21,93,11969
1zoyteFQmeUUqyOl2Xznpy,KR,2021-10-28,187,8995
4RrFB4tKGUFc37B0AjUPmT,KR,2021-05-20,103,11102
4RrFB4tKGUFc37B0AjUPmT,KR,2021-05-27,153,9796
1mSdbey7RstGLY2udgXv74,KR,2021-08-19,192,9318
1mSdbey7RstGLY2udgXv74,KR,2021-08-26,113,11559
26YNVqHuwAPeBVfDscTPds,KR,2021-02-11,145,12706
26YNVqHuwAPeBVfDscTPds,KR,2021-02-18,134,8054
4nr85wYs3ZaCTSOm8oPa3J,KR,2021-07-08,158,11124
4nr85wYs3ZaCTSOm8oPa3J,KR,2021-07-29,191,9559
6shrCEEMcrT6Akxkk8IhLC,KR,2021-02-18,63,11332
6shrCEEMcrT6Akxkk8IhLC,KR,2021-02-25,107,9192
5JelBxGOmT607wiyQG6fxK,KR,2021-10-28,117,11539
5JelBxGOmT607wiyQG6fxK,KR,2021-11-04,199,8905
4KZRjOEqgMzgFW9NXj13XH,KR,2021-11-18,150,11021
4KZRjOEqgMzgFW9NXj13XH,KR,2021-12-02,196,9387
2lwOE4xj0tw2Bpjc6wmzUP,KR,2021-06-03,136,10964
2lwOE4xj0tw2Bpjc6wmzUP,KR,2021-06-10,200,9254
5uVgfUQLv2ZCgdx0t9vawz,KR,2021-11-04,173,9661
5uVgfUQLv2ZCgdx0t9vawz,KR,2021-11-11,146,10387
6wfj7DeUoTA9gXbpLz3XSM,KR,2021-02-11,144,12755
6wfj7DeUoTA9gXbpLz3XSM,KR,2021-02-18,167,7137
6YcJycTGtvfTt5ACVH29q7,KR,2021-10-28,196,8733
6YcJycTGtvfTt5ACVH29q7,KR,2021-11-04,132,10940
7HRJoeFhdhM0Ukv026dgAA,KR,2021-04-22,109,11681
7HRJoeFhdhM0Ukv026dgAA,KR,2021-04-29,200,7855
1YPVBl5ChyURFiHjZYJSzB,KR,2021-09-16,197,8965
1YPVBl5ChyURFiHjZYJSzB,KR,2021-12-16,190,10533
2TTtQx3bX6MOmbOGcIuio1,KR,2021-06-17,193,9327
2TTtQx3bX6MOmbOGcIuio1,KR,2021-07-08,189,10021
62tHYGbBOvOkpgmEXDlgu8,KR,2021-09-23,167,9467
62tHYGbBOvOkpgmEXDlgu8,KR,2021-09-30,160,9704
6SG8lh7fWQ2bahP5WBYePn,KR,2021-06-17,195,9307
6SG8lh7fWQ2bahP5WBYePn,KR,2021-06-24,196,9809
6bUdUyr92odwXgROPXQT5s,KR,2021-05-13,132,9990
6bUdUyr92odwXgROPXQT5s,KR,2021-05-20,155,8988
0zPbUxvYRlCGwruakkXPLI,KR,2021-05-06,142,9901
0zPbUxvYRlCGwruakkXPLI,KR,2021-05-13,161,9019
6Vnw4p90Onr9ykTKSimaJX,KR,2021-04-01,150,8972
6Vnw4p90Onr9ykTKSimaJX,KR,2021-04-08,141,9715
59ltMnCjkPJqUM4pBlc1o2,KR,2021-04-01,131,9727
59ltMnCjkPJqUM4pBlc1o2,KR,2021-04-08,173,8493
2LUQEcfWrlpMjODQ7NsVWt,KR,2021-02-25,105,9227
2LUQEcfWrlpMjODQ7NsVWt,KR,2021-03-04,131,8045
0br4r9VlPdofrWXxPorlYd,KR,2021-03-11,127,8247
0br4r9VlPdofrWXxPorlYd,KR,2021-03-18,126,8832
23EquxExXkNmGCCY96P0Iu,KR,2021-10-14,197,8348
23EquxExXkNmGCCY96P0Iu,KR,2021-10-21,198,8338
5OdNjYTpLjuDDPCBNWonRX,KR,2021-04-01,181,8013
5OdNjYTpLjuDDPCBNWonRX,KR,2021-04-15,200,7806
7FmMYtdjfJSeZjC2e2Pt6t,KR,2021-02-25,141,8114
7FmMYtdjfJSeZjC2e2Pt6t,KR,2021-03-04,149,7329
1bd4heB3yXc5iFTPoOMPuo,KR,2021-03-11,145,7654
1bd4heB3yXc5iFTPoOMPuo,KR,2021-03-18,181,7087
0JQHGu03YJikcND4SENdiW,KR,2021-02-18,183,6806
0JQHGu03YJikcND4SENdiW,KR,2021-02-25,174,7088
0qMip0B2D4ePEjBJvAtYre,KR,2021-03-04,192,6361
0qMip0B2D4ePEjBJvAtYre,KR,2021-03-11,199,6502
0paWX66K9n7sYR9AkKkyzB,VN,2024-02-29,2,977406
0paWX66K9n7sYR9AkKkyzB,KR,2024-02-29,8,241345
2jk6oBuLiCZJTDWhlJEzIw,VN,2022-02-10,1,454813
7jGda8nUxsBtYwaL57Jefh,VN,2026-04-30,34,404769
74BEdRSCBbSGYJe2TQvcrR,VN,2025-07-24,28,390304
4nNkpu8vY9BtDKUFnDc3YD,VN,2023-09-14,20,308637
7nzWhHGfHXnQx6OrqZWanu,VN,2025-01-16,75,281112
0eWDLVMI5mB2x3WWOjL6uu,VN,2025-03-13,96,267150
0eWDLVMI5mB2x3WWOjL6uu,KR,2025-03-13,71,94239
45R1FSVRRkLmLGVVkW7Vw7,VN,2026-06-25,93,251869
3TIMu3O0HyQVWBvtcwmcVt,VN,2026-06-25,95,249470
2fbSXTHYgjzxBCYVw4fGXC,VN,2026-06-25,100,242387
104KjF0t9EnlFOoxGLxiSQ,VN,2025-03-13,112,238233
104KjF0t9EnlFOoxGLxiSQ,KR,2025-03-13,104,73550
0kHZ0qrGL9MohF9R8Uw77Y,VN,2025-03-13,114,237520
0kHZ0qrGL9MohF9R8Uw77Y,KR,2025-03-13,122,68642
229P16G6GFOCDUNiUNusc4,VN,2025-01-23,112,236900
5MXcM263QvCTWriH3nVusc,VN,2026-03-05,88,235711
5MXcM263QvCTWriH3nVusc,KR,2026-03-05,34,158753
5nQVbMv0XEGLGB39wpneQI,VN,2025-02-20,109,235267
5nQVbMv0XEGLGB39wpneQI,KR,2025-02-20,180,50016
3aD3BRhj9F7fWK7T1Wrc9l,VN,2026-06-25,111,231164
0CKe6iIHpuoArjOsT4iese,VN,2023-10-12,45,230196
4RdWOIciJCKnVBRgo1BMMa,VN,2025-04-17,117,223774
7frRLER8KT0oAe2ueNalnf,VN,2025-11-27,116,222285
7m0duH1vdTNxM2g8BLfR0F,VN,2026-03-05,101,220034
7m0duH1vdTNxM2g8BLfR0F,KR,2026-03-05,51,136724
4IIUdXQlj60HWNCO5c8oFZ,VN,2026-07-09,130,212352
3mk9GfEWeM5BNTiloWHDSW,VN,2025-12-04,138,211684
775KVGrUJrYSllp4fTytF9,VN,2026-02-19,98,210409
6JxPl1KdegUGyoguXhJfko,VN,2026-06-25,134,208024
5UUNrCgGtC6JOrATM3y3ZT,VN,2026-04-30,136,206348
4ZbHPwPlbR7ia3OXfto6ZZ,VN,2026-04-30,139,204505
0rn7nzh03uvdY4Z9cSRZiZ,VN,2026-06-25,139,204187
24YjMHwrN1di1vXrpj4z3C,VN,2024-09-05,98,203366
6e7oHe23DEca4sEOgu5bPd,VN,2024-02-29,82,203319
08fvSPSKjoF4vmoEtcGain,VN,2025-02-20,139,202652
3lkfGCYBitMEXzwk6Alx9J,VN,2026-06-25,145,201470
4fG8iHZK5JAj0NLBJUiipu,VN,2025-07-17,127,201287
4ruk62afWx9OKRBndFAxjw,VN,2026-06-25,146,199794
1tMRh8jiYlmatpVeWWesCe,VN,2025-07-03,131,197342
1tMRh8jiYlmatpVeWWesCe,US,2025-07-03,165,2348079
4YvtUhbDWbX3ky3MsUJWeU,VN,2026-06-25,154,196582
2FGiCJWQeyW3jBBGPSPcIu,VN,2026-07-09,152,195359
3qQO2MjAVYnfu1GwBX4M8F,VN,2026-06-25,156,194531
3OLOtmRIxxLAVToh8M4P7N,VN,2026-06-25,161,193147
1x6rRJAgtPYgmlPOkZ6hpz,VN,2025-12-04,156,192741
2aoGg3figtbrChUCZIopCK,VN,2026-05-21,147,192016
0pAUE9YyAoaFRDASwTnHvX,VN,2026-09-17,135,191841
5m6oe6saYJkVSbouNrNfUw,VN,2025-02-13,144,191609
5G9kwWUmTzgKMAsbwwPiPC,VN,2025-09-11,132,188629
0IjFragIGhZPPhaF8HzJqo,VN,2025-10-30,158,187685
56oy6h8iM4m0zRMsOP1sQI,VN,2026-07-09,164,187202
5q88y8oPuzzYK5909j41JR,VN,2026-01-15,145,187048
1iRIdATb1I276VdKK7JVAB,VN,2025-03-13,161,186889
1iRIdATb1I276VdKK7JVAB,KR,2025-03-13,106,72807
3kEm1UlhFM5h0cJDRZ2q0m,VN,2026-09-17,142,186095
4Jjz6vzbNUU6naUSzQUFf7,VN,2026-04-30,168,185559
2tNsSp9VxJKpcQD4t0vVQS,VN,2026-07-02,161,185314
72hqOaj7KXAgd1X8nEdJBy,VN,2026-06-04,150,184967
3e8oOwbcardUYkgsZUcznc,VN,2026-09-10,145,182554
7Ap1JyVKsS8dWQgyKUCUwy,VN,2026-09-17,155,180478
0Y2ipMuhAlOnIkTXcCKWlL,VN,2024-11-21,156,180300
5JkQq7lTADn7UR4AzAQsnz,VN,2025-10-30,170,180091
2J8TwWj5xTKpN7jv8A2kHg,VN,2025-10-23,158,179867
3z6En4mQQJiDQquVkOcBam,VN,2025-02-20,171,179787
2FXmXlTqGYhglWhS00u4ZS,VN,2026-06-25,179,177976
0sbM5V9QzGRdDF3P6WXKTi,VN,2026-06-04,162,177941
01WTKtjZW9jIFstSj41CBX,VN,2026-07-09,185,176938
01prGWjCTxKBxJc400zwvQ,VN,2024-07-04,94,176869
5yl0184ULGd2nu4hgAvElc,VN,2025-04-10,175,176281
4t3Tcv5VOlBhhvPlSAtBjH,VN,2025-05-01,161,175822
7o3USPnppZ8FYnH3NpPblz,VN,2025-11-27,178,175540
2M37BJW2ZdqQcPWsEmMDcl,VN,2026-07-16,178,175297
3RXXovDca76weiVIH4WZCS,VN,2025-12-25,173,174517
5NWkYMp7RhANkoJqk3ZBGh,VN,2025-04-17,174,174347
2vtPL1AUtpBiRocmWpfwzB,VN,2026-06-11,163,173921
33lmTQ4XboC8k9wOPoelGD,VN,2026-06-04,173,173314
2ftb45L7iXYwp0WoTEuslG,VN,2024-05-30,108,173081
2ftb45L7iXYwp0WoTEuslG,KR,2024-05-30,110,49694
1jF6ctFxoebFqI4TFHssR6,VN,2026-03-19,171,172971
697QnPNL9d72qFBWXxZooY,VN,2026-01-15,167,172694
1EsZ1pSfROoEZ7gRHNuz0G,VN,2026-07-09,189,172585
2BKhVHyxHjbIAFVMfR4T3b,VN,2025-10-30,182,172276
2WGyA3UIA2w7s3s6hGfuzW,VN,2025-09-04,148,172252
5m1lauDigCdAj2bz3LunfZ,VN,2026-07-02,184,171477
2gJJvC4a3BJogzRciwTZU8,VN,2024-12-19,195,171033
2LmzeF872H0LKnYmvk9FEL,VN,2025-07-17,165,171022
3hxspVjHxJtCbgcQJ4gT9c,VN,2025-07-17,166,171006
7gKU5MXIczxyGlv25jWq7i,VN,2025-12-04,194,170841
3ga7GR2LumJOPQMbHN5sDr,VN,2026-04-09,191,170727
1OcT17F9VeSAvLBlk4GBc8,VN,2024-12-05,173,170690
2jI2eny6tiU4s9wS7aCegq,VN,2025-12-18,191,170459
1zUwftHI0sDVkNt0g3Drrn,VN,2026-01-15,169,170342
3ZFC6UAo6TRSyfcYQU1sWU,VN,2026-01-15,170,169988
0Gxnj8yTGYxMYyWcR4wawW,VN,2024-04-04,114,169542
0Gxnj8yTGYxMYyWcR4wawW,KR,2024-04-04,101,45236
5l1Opd9JCaSfH6jyxDM3pN,VN,2026-04-23,191,168570
1Gqm6KaobG2A1mFVjGnJsS,VN,2024-11-21,166,167152
6VvFEO2TRnAm3AIjItNSuU,VN,2024-06-13,119,164551
12u5BtXNMTifuzasyXzbOU,VN,2025-02-06,156,164106
6qRnm1fiL5ra9wVKQplxI4,VN,2025-10-02,184,163951
4TwsQmW5QUMflQ1YNDMPa2,VN,2026-09-10,171,163532
1b37pQbAKk1SH4Z4K9wTyh,VN,2026-01-08,184,163137
6EkzQNe7SEAuFZbeo4Gf1S,VN,2025-08-07,180,162905
38k1d65DQspqc7CkB1EbpX,VN,2026-02-19,155,162403
1t13rcJm5qtuxC3qDCDbR1,VN,2026-03-05,185,162069
4z8hRN2ykeruWRhreZWtpH,VN,2025-11-27,200,161824
3XRvVlOBvClOq1KpI50uKC,VN,2026-06-04,198,161342
7H8QQu5KgRyaUJ1OjEUqwr,VN,2025-09-11,172,161028
3YuKE46wptXv6Qfs7OuWT8,VN,2025-10-23,199,159014
0xYDRiqV2eA4LSFwi6IktS,VN,2026-03-05,187,158455
5fFdUV9NMDxPjgkS54My63,VN,2025-03-06,197,158386
6ImWeruCQWxZ9WNodYwjvg,VN,2024-11-21,179,158280
6HzNLSL3duYz4VnOrTSlvb,VN,2026-01-22,193,157623
5lGvFOz1d6659Llxqx1qAH,VN,2024-11-28,191,157535
3Gr6ucPp3qJbBZ3yrGmZTt,VN,2023-08-24,90,157443
6n3nyTFBZMpsEPDWdWkWaz,VN,2026-08-06,200,155289
0vzdnvBM4anarLRUjgftYS,VN,2023-10-19,99,154452
69GP0uR8ps0MAyWRvlCKSw,VN,2024-03-07,126,153575
1RQ4efnLx0zyowptKD5JEa,VN,2025-02-13,195,153159
5Q8NPbn3RTMedLUeWhNYsM,VN,2026-02-05,198,153052
3SQ4LCDmyIklMCQflf2nRZ,VN,2025-08-28,196,153017
0IaQqjhhn7Ls6jSQX2MoQ1,VN,2024-11-28,196,151605
2xBnMoZDDxFTxUeP6zFWV2,VN,2024-04-11,145,150920
6PECmWmlE4E6phMNUGTYWt,VN,2025-07-24,199,150329
4cdY6unqCUrHHI7KOELiaq,VN,2024-11-21,194,148625
02BHlLrO9jmkdCkP9V7722,VN,2025-07-10,199,146580
5c1jQljrWLboweMtHesFT1,VN,2024-10-10,183,144378
2jcdws2044suWnDo8DTcKC,VN,2024-10-31,200,143534
7zC89ef9MMffAGCnDMsatc,VN,2024-05-30,150,143424
7zC89ef9MMffAGCnDMsatc,KR,2024-05-30,120,46449
7mA9oPfWSMXKOdPZqyow55,VN,2023-11-09,124,140261
74WxAcXpJGlxjGee6elaiX,VN,2023-08-24,105,139968
3kwb99PcsCYFYcFB0jTr1a,VN,2024-09-05,166,139092
1B4oyFrY6oAfg2it7iMsyC,VN,2023-10-19,121,137903
2UB6ssUz3WGVbLK1rFPpgZ,VN,2023-10-19,123,137552
4tiTkoIBdra4zCsqr58od9,VN,2024-02-29,143,137295
074ZzFyAvexkC3IWB2E6kK,VN,2022-12-01,38,136451
6eB2sy8qqovVEuSS6cGRb7,VN,2022-12-01,39,136448
1KZVA4mJbjH6V9i7lP36FH,VN,2024-09-05,173,136169
2QCbYz4XN9mzi5LJBuB3iP,VN,2023-12-21,165,133691
6Rah0twMGdoudVfDpscqpo,VN,2024-08-15,181,133391
4MQBnk52HKbl59BX497xhM,VN,2024-05-30,165,133337
4MQBnk52HKbl59BX497xhM,KR,2024-05-30,116,47780
3BxudWClGx0k55q5VeIxl7,VN,2023-10-19,138,130459
5AmFbL7MClvRYfzae0EUHn,VN,2024-07-18,177,129120
33dIUFKBA7U5KHs1fdBw8b,VN,2023-03-09,104,128325
5ZFkQ67FtnmtWLVh2AkAhi,VN,2024-09-19,195,127580
6Aw2BvdahAs2gbOQdTPpMJ,VN,2023-10-19,143,127459
6o5y1iNvg3ORGfHtBEB8U4,VN,2024-05-30,182,126482
6o5y1iNvg3ORGfHtBEB8U4,KR,2024-05-30,124,46092
1B9HE8h6ZnljGk0LZ2H30D,VN,2024-05-30,184,126217
1B9HE8h6ZnljGk0LZ2H30D,KR,2024-05-30,115,47869
6W6kWAXbMS2aOJXoUpw7iI,VN,2024-04-04,192,125466
6W6kWAXbMS2aOJXoUpw7iI,KR,2024-04-04,107,42255
7kyUapJyppdjzoAWB6XS14,KR,2021-02-04,132,9970
7kyUapJyppdjzoAWB6XS14,VN,2022-06-02,21,125266
1SIbk8ESYxiPiYjzLG01m4,VN,2023-09-28,118,122264
0iTrYSvCB4NDvQR3DsFt6T,VN,2023-09-07,122,121773
11ezDNWw1dtowVz1dB0FHh,VN,2023-06-08,105,118997
0AncHqGegHhP6teMUwLRWr,VN,2024-05-30,199,118589
0AncHqGegHhP6teMUwLRWr,KR,2024-05-30,125,45482
1ljJzwUHz2yslZka3xajtU,VN,2023-09-07,127,118240
4zZ8Ulh3NTPoBLZjdVCm8e,VN,2023-09-28,124,116270
3yzV19yzE35hZWyJq8orC8,VN,2024-07-04,200,114252
1w1zYOYYyX45UMnn0LMHdI,VN,2024-06-20,199,111926
41mz9gDQLtdaQE02SJsdhS,VN,2023-11-30,195,110610
7mLFiKfni9wtK7slnQRNoS,VN,2023-10-19,181,109289
0MHiMXXoCcgzZVk33HLWmL,VN,2023-09-28,143,108500
7kghc6kM3HEZjPfJ94Oe2T,VN,2023-11-16,196,108219
5TJu0VfUnxLnTwNrDCqyd5,VN,2023-04-06,121,107870
0tfMfqHC3Pl6DG8kcIjXq9,VN,2023-11-09,200,107186
3xlhYIhZ7heAvohmw3uyfd,VN,2023-03-09,123,106967
4pVdTj38qEwfPNjv1LYbu0,VN,2023-11-02,199,105423
2mrvDc1KgFkHTDr2e2ryC7,VN,2023-08-24,163,105342
3nkG7srXxyvQpEgiMjQgDm,VN,2023-09-07,154,103599
0x4cMbCLC6L7aJQs3EiPaZ,VN,2022-04-21,39,103539
4sv3avxUjDUoGhamCwhtEi,VN,2023-10-26,194,102323
6eZXnm0149lcpJYP2GAPvP,VN,2023-09-07,164,99219
6C1uzaA6dThCNQt89fk4kJ,VN,2023-07-27,158,99001
2uUooJXRR6zCNUUCZiBiZQ,VN,2023-03-02,122,98516
7mXel6wlLmhjJD9ACeeOba,VN,2023-08-10,158,98339
5qxH7LdIp4QAf1HmSX2Kfu,VN,2023-03-30,140,96843
4Mne52NZGUzdlPZSzjQM5f,VN,2023-03-09,142,96261
1CbdvkjFxRkMNu3M2Cq1Hc,VN,2023-09-28,184,95997
4kyC7RSjMFeePlXQ5yZdiV,VN,2023-09-21,195,94862
3DeZcZrMIQFbWXHOKyDYJ5,VN,2023-09-28,189,94139
0uRpE3YtszcI37nUSBusmq,VN,2022-12-15,98,94019
06sp3j99RRlMFo6HQe9Ebg,VN,2023-08-17,171,93769
4zKM1dGCOYC2NYN8itGRQz,VN,2023-05-25,167,93594
7KXEhfjwdxHVra8VcT2QHH,VN,2022-04-14,51,93432
2SqS42nIu3vLVYOaFelbar,VN,2023-08-03,177,92794
4feNnnBOPGY8VaoIk1Q0Mp,VN,2023-09-07,198,91467
58cJoCGewytPG3zDeZPvoq,VN,2022-12-01,84,90900
4Pw2nBsmnww7dIyB12Fmw8,VN,2023-02-16,128,89878
3GAz3o5o3lZGUOPUSPG8ul,VN,2023-04-13,161,88506
44EXniDpWap2veS1gH1svO,VN,2023-07-13,176,87214
44EXniDpWap2veS1gH1svO,KR,2023-07-13,198,27271
1UDAnignfiklanSQ6MfPUE,VN,2022-12-15,106,86968
0VBv6oyMgeEBOIysaSV9aE,VN,2023-06-08,180,84987
78mj7RcaCM5lnectJluav8,VN,2022-11-24,89,84721
47zs6e5M9Tsr7HhK45Gh6a,VN,2022-06-16,75,82650
47zs6e5M9Tsr7HhK45Gh6a,KR,2022-06-16,105,24350
3KOr9UVnymiq3EoS2J9EKS,VN,2022-04-21,55,82559
1yDN8vbmiatv3HHWrBec3D,VN,2023-07-20,196,82078
3Tm4y9ks8etSMswVF3YIAV,VN,2023-06-22,179,81575
6xlrayjvJpj9nINodZRpOL,VN,2022-01-27,62,79169
2WBVjfhKzYXc6fhdpT0TtC,VN,2023-06-29,189,78917
7gSh8RNHaEciG0QUqlx2fN,VN,2021-11-18,50,78460
0ON38MgDpAMcRC9ULx7NOf,VN,2022-12-15,133,77434
2gFR7GK4iHlth9JzWxDwLn,VN,2023-04-20,193,77330
3Q5QdILpa7GDF4MvmsU8ZH,VN,2022-10-06,103,76260
20zr2Oef3PVeGRxjmSF5CC,VN,2022-02-24,67,72619
552KrACEuYhIixBjrUP3YB,KR,2021-02-04,174,8669
552KrACEuYhIixBjrUP3YB,VN,2022-04-21,70,71633
3BvH8QUXGFdPeFkQnHZILp,VN,2023-02-02,169,66487
2KN0NNlxStccgt4GGtOmxk,VN,2022-11-17,133,66386
7rBaTQRsf7BHcFfvXQBSHR,VN,2022-12-22,163,65707
6NtdcR3Lb0gAoEumwj2j4x,VN,2022-10-13,126,65018
3WBRfkOozHEsG0hbrBzwlm,VN,2022-07-21,98,64760
3WBRfkOozHEsG0hbrBzwlm,US,2022-07-21,112,1893705
3WBRfkOozHEsG0hbrBzwlm,KR,2022-07-21,135,19745
5oBMMo3xMAOIS2lLMpe9EO,VN,2022-12-08,172,64434
4F4tVfk4q95IDwy7pERDwA,VN,2022-12-22,170,64123
4av2EVm9R6KhtXjxKUGTW5,VN,2022-12-15,174,63598
3zBIQ5d87Lsbv6IbUOh0Mc,VN,2022-05-26,91,62904
06mzDTYkBVBfWlzinhom9I,VN,2022-12-15,181,61567
6QUgvULytadfCa7ElvAVij,VN,2023-02-09,194,60713
6IXoUck5836HxHL4y1DoYu,VN,2023-01-26,153,60119
6GDIW3Le2tM0hMWD3pvefH,VN,2022-10-06,136,60034
5vQyAs6eCsNbw6Va4DKYRm,VN,2022-11-24,151,59806
6JCgjW0daPZ2hkkciOPTX4,VN,2022-10-13,140,59475
7nmpSarD95GZjdlzIpSKZR,VN,2022-11-24,155,58863
1MNEQ0PDQUzmstnzfL9Q02,VN,2021-12-23,94,58450
5i17rzCuZfYVzoP441PXGu,VN,2022-07-07,107,57729
3ROFgxvjni5xjdOLUSTLlq,VN,2021-11-04,85,55251
4warbIYK76jjJOe87170eZ,VN,2022-11-17,168,55225
2aKeFpk9jaBdQeXuqqIZpm,VN,2022-01-20,100,54798
0y4JreJemfzXhr3NkKCm5g,VN,2023-01-26,173,54530
10SAggBfdhrIQgWgqfrJx8,VN,2022-11-24,174,54528
0TOsszupHDNUvzadopZv3A,VN,2022-09-22,178,53131
6sPPNhpEwwWte3OJslsr0f,VN,2021-11-18,92,52954
1fqAfBrK752gsSdZJ6OhLN,VN,2022-09-15,152,52845
7yXjGaBccbuWVv8jQR7aAZ,VN,2022-09-15,154,52384
1UeVC9gDeHxwlWOQyQJerj,VN,2022-03-10,118,52228
53JDP7TaGacjUtnStYQp51,VN,2022-06-16,152,50905
2LSsSV7V33wM9EKQA2xjGS,VN,2022-11-17,193,50771
4fGSJkVcl5pXQhXf4mTMXq,VN,2022-10-20,185,49607
4axSuOg3BqsowKjRpj59RU,VN,2022-06-30,140,48695
4axSuOg3BqsowKjRpj59RU,US,2022-06-30,85,2183909
0d0X8B4ZahEeCBdJ6JHPeN,VN,2023-01-26,198,48675
0gVqDsMxAOREJ6WcdOuVHk,VN,2022-08-04,153,48351
3HDdwbdH6Oxl2xyd4g5y3D,VN,2023-01-26,200,48267
5BO3cbaQDOtf9uZajElRAB,VN,2022-10-13,199,48157
5jlHKKprxQiWwKpfIZyHqr,VN,2022-06-23,150,47826
1m0yEldZVNu9SzmtqfFWRt,VN,2022-03-10,137,47209
6yox9CUPrQQp2HtXZsUJkz,VN,2022-09-01,185,47108
0x25VdiFOIBl1epNer9L3w,KR,2021-02-04,93,11423
6QJSSiIikbwPgXt7M1SO5g,VN,2021-11-18,104,46909
1j18WxScysqcVZnCSc90nV,VN,2022-09-15,184,46873
0mc8HGMSYoMxRuJma5bslY,VN,2021-12-02,107,46708
6fGXZwN5AkdZkqCN3UCS7D,VN,2021-10-14,98,46352
7ArVzlFsFsQXNseVXmdOyk,VN,2022-06-09,149,45736
5SCueETKJMI9LrMjrvlbjf,VN,2022-06-30,151,45424
7ztDtVVfNu7HWsMlN49QPa,VN,2021-12-16,130,45342
01kfSdF9zfcDLri5sSWEoL,VN,2022-05-05,156,45297
5usije28Kb2Dvzg1kZaa21,VN,2022-07-14,150,44717
2bCmM1oT89JOpA8EdDJ51g,VN,2022-02-03,119,44336
4PW3VlEsNdG9uWrYahzfJq,VN,2022-07-21,175,43944
2hLg1Pbi7UFMGGBqOPY5Rb,VN,2022-06-02,167,43644
5DM1JyPBs4DQMO2gVVRTUL,VN,2022-06-23,170,43155
2M09Pepre7eXD8TvDWVBny,VN,2022-02-03,126,42699
40Ct4hvauHT2EDpik4eVuz,VN,2022-02-03,128,42344
4bMLBGnjAGVFpjAfIkD0UY,VN,2021-05-20,124,41728
5pfZwzSEEys5qE7HQCib8M,VN,2022-06-30,176,41587
3IlRBIOd0MsAqPQo2711ne,VN,2022-05-05,175,41503
74bsZnXDo2BKMeFJcEPLb9,VN,2022-02-03,133,41491
4XzIYDVTvh1H4Egm50RuLw,VN,2021-12-23,150,41212
49ypjzcI4ETD52cZWRueMK,VN,2021-05-27,141,40967
5Ix3TvUO2MOoFjOhfsg9Xv,VN,2021-11-18,139,40784
0nZaV8LwxHeg8TqFy193IL,VN,2022-04-14,180,40627
6zQ47QN5H02keJTasLQ938,VN,2021-04-01,127,40511
2iL0W5qi0ivZ9WRXbZ74cS,VN,2021-05-20,130,40390
2iL0W5qi0ivZ9WRXbZ74cS,KR,2021-05-20,180,8326
5sPaFuUttXaGeMhq1HKJG5,VN,2022-06-30,190,40315
0Wm7K44iHmzz7hMIgf4YKc,VN,2021-12-23,157,40159
6eRUz27KzkmGy3s6ZMcHgt,VN,2022-06-30,199,39323
6eRUz27KzkmGy3s6ZMcHgt,KR,2022-06-30,132,19366
1Xmoej3kUKCFl9tvLsVe6U,VN,2022-01-06,155,39219
0Aq8BlViHe75gOYewwxCvn,VN,2021-11-18,151,38969
5Y2oddbjVGb9vr3ZQroSQF,VN,2022-06-30,200,38816
0I4CicY6MftmDgdd76LXss,VN,2022-03-03,166,38664
2ZiVvIvwAwNRL4dUO3TaF6,VN,2022-03-03,170,38217
6JbPyMiLnWaaKusic64bCq,VN,2022-03-03,171,37978
5oaIMITSxQkzWe03fh2FUU,VN,2022-01-20,163,37949
1UlnDZ5ubsSX3xrXu063dZ,VN,2022-03-03,174,37941
2cy3eWaTBoOFJwtFMR6jKb,VN,2022-03-03,177,37815
1XGmzt0PVuFgQYYnV2It7A,VN,2022-05-05,197,37591
1GPIdEcxPjPIYGmN08b1yf,VN,2022-03-03,178,37551
5qkYQT37xstGwBE3VigQlx,VN,2022-07-14,191,37494
5OXUwFDCnmT3eUWUYVRrk9,VN,2022-03-03,179,37430
0hukH4ZKPofZVmfTcEnLHN,VN,2022-03-03,182,37377
61AGetSScZlCLz9tPyWEKw,VN,2022-03-03,183,37338
0eXnDFk1jbNXFAWV1MWt2n,VN,2021-05-13,135,37103
53XrsilgguJmmsEtDsj0yY,VN,2022-03-03,185,37079
4Ut6UU8Yyihz1jCZWSCQpu,VN,2022-03-03,186,37001
5ANbXf5qR48a4jfFnSq80w,VN,2021-09-16,121,36826
7HhZAKSvFWz4bT5jsZLPeq,VN,2022-03-03,187,36825
6GwtJzM3yffZ4FJ39QuUcE,VN,2021-11-04,155,36680
0hwev90tfswBoZmgKnJ9F8,VN,2022-03-03,191,36649
4pzjU0AnZa6Vfphk292e9Q,VN,2022-03-03,192,36600
7vG0yTvfZZtQ4DoSyy5a61,VN,2022-03-03,193,36373
3x0SuB95K0XewiAKwNEiMZ,VN,2022-03-03,196,36315
4ou8XX6AM0XFVjWFuzllWP,VN,2022-03-03,197,36190
6KvxKIvaUtWN5BHkuKU7wZ,VN,2022-01-13,187,35995
2oreBXj6bWzpDOQ4EvL9WJ,VN,2021-11-25,185,35745
0zqBZqm5czQ3A4EoSdKFHj,VN,2021-12-02,166,35731
3nnTAS4qhgtZaWtx4MkKQ0,VN,2021-12-23,189,35234
6IQ4jy1T0Ddkfmo8gfrzL4,VN,2021-07-22,129,34698
5Ss7wCp22FOAbfeg75KllJ,VN,2022-02-24,189,34472
1ji3cJU0sobtsiNEZRvNVz,VN,2021-11-18,195,34164
6nBTovAdC3j5cCcBSkZRsu,VN,2021-05-20,161,33816
6h1FEOM6SNCZ0QIcLsXy0f,VN,2022-01-20,194,33569
7mZ19pGoinaWwanIDq0JTY,VN,2022-02-10,191,32988
7mZ19pGoinaWwanIDq0JTY,KR,2022-02-10,144,11861
6XBL9naPxZjATbmGAWGJ9V,VN,2021-06-03,177,32858
5cwCW4r6ybpSiHWMpMKHoJ,VN,2021-06-03,179,32698
1ojUtV3R0T0fKfFaAiCT2S,VN,2021-10-28,193,32675
5Yau5Tu3KRT9ojyIsv59Um,VN,2021-10-21,181,32261
6FE9EXi8TYg09hR4xv5PWJ,VN,2021-08-26,132,31882
6FE9EXi8TYg09hR4xv5PWJ,US,2021-08-26,47,2736798
6FE9EXi8TYg09hR4xv5PWJ,KR,2021-08-26,130,11089
0dD7DxOOanWPk2kmeAgHep,VN,2021-03-25,168,31763
6M5lQWpasGPlQKb2TRawMT,VN,2021-09-16,159,31698
7bmk1GEufZOrycr3HXZGN2,VN,2021-07-08,148,31669
38UDoZyudPWXLzXRAb71oP,VN,2021-09-30,160,31650
38UDoZyudPWXLzXRAb71oP,KR,2021-09-30,104,11708
2FfRZUJP9ArFl8sCxmdT5h,VN,2021-07-29,148,30665
4UxaMIzEAHLGmNeLoutSaL,VN,2021-05-06,180,30650
0cUw86tLTq8YMQXsVswO0i,VN,2021-06-10,179,30600
0glDqpRJ9WyPHI1AXk0GcD,VN,2021-05-13,185,30506
69EwGs863aPS8olgCWtZ8J,VN,2021-05-20,187,30506
5oCu6XaPGcaTmpMX3NnQ4m,VN,2021-07-29,149,30489
0xMIMrT7Vmwsejznw8LJAE,VN,2021-08-12,142,29749
0Ylo28AvtKUu1vqe5tOHlT,VN,2021-01-07,178,29009
6rAGFY9D3ah6Lb7fUgbNNH,VN,2021-02-25,167,28805
6rAGFY9D3ah6Lb7fUgbNNH,KR,2021-02-25,166,7385
5GyXgXR9L1ONhN2lSk8m6X,VN,2021-01-07,182,28324
0QrWEhI9Bb0MHQwfSIHfzL,VN,2021-10-07,200,27844
3hfN1wQSiLPa6b1RX5Kfbj,VN,2021-09-16,195,27795
5DlXq40tjFwd3SFp55AfKp,VN,2021-01-07,189,27779
2HGgi5G3TN4frhIsOfZdom,VN,2021-02-25,176,27441
0ZizZPEO4jmzNQjnLCJ37o,VN,2021-02-04,199,27370
6oQIjHdLBgbw8wbSB7t3f4,VN,2021-07-29,178,27297
0AIWtHPm3sH6YDzsTPXPPl,VN,2021-03-04,188,27200
0x8eOq82AlrU7mnsP28SYI,VN,2021-01-28,198,26944
546ce8vBSyZFwiEfOZ3fx1,VN,2021-08-05,177,26883
0jCE01ogBEQ4DCE9rqJRh5,VN,2021-08-05,180,26489
5Vv7AuoyX4aFz8zcztSwMB,VN,2021-08-12,171,26458
1kdWw77ZpYOkhxeuhzU1j6,VN,2021-01-14,199,26396
2raE5xoue46A4RsHOjhglu,VN,2021-09-09,192,25888
0hFTqyu0ZkpKI0Ar8jOyZT,VN,2021-08-26,190,25434
66orj0qtDgnU6DlmllAxbq,KR,2021-02-04,193,8147
0RB00aMsmBlr91i9r4Sfib,KR,2021-02-04,136,9820
2mhdhTWqT8RhkTlN2yWZZi,US,2024-04-11,11,8568534
6ocGUvvzNkvf4hAV9VFb4P,US,2024-04-04,20,7241537
2Az5ykbQiZtFWtACCMvWlP,US,2022-05-19,19,7069857
2Az5ykbQiZtFWtACCMvWlP,KR,2022-05-19,90,20487
3j3SfV4hAcR4XjCvW393Gr,US,2025-03-20,22,7047581
3j3SfV4hAcR4XjCvW393Gr,KR,2025-03-20,87,91936
5nhwuGvAsR1a3ITEv8SfG6,US,2024-12-26,51,6976907
21KeYjejBCDNNNyxtIP5pt,US,2024-12-19,33,6722973
4tMzIAFTFdqGBQLdfbPces,US,2023-07-13,22,6662604
7aQ1tSYr518KwnE4SVSQbT,US,2024-04-11,19,6585285
3lAEHk0eZzMKtCUFLXz8Ln,US,2025-03-20,26,6525145
3lAEHk0eZzMKtCUFLXz8Ln,KR,2025-03-20,134,67298
59151GHN7yr5g9B3bqlGdR,US,2024-07-18,24,6334236
7EiUtdeoWcKqLi5ELZCjYf,US,2023-08-03,25,6314577
21LCotDEwR7R8qOnqPVzi9,US,2024-07-18,27,6179349
19Fg3WrTfo35Ji3PtfZE6J,US,2022-05-19,26,6130599
19Fg3WrTfo35Ji3PtfZE6J,KR,2022-05-19,161,15090
59KOoHFcw5XfICnO57holu,US,2023-07-13,24,6066793
3fDTzkvrOo5xQIO480Qmsb,US,2023-07-06,9,5995177
3rssNOLucK9fzsRcKonhYu,US,2026-05-21,28,5974738
5ehXToeJ8Tgc4wMhY42Oul,US,2025-02-06,33,5893568
5ehXToeJ8Tgc4wMhY42Oul,KR,2025-02-06,106,65422
3koE8h6ORJ28j0xEPO4n6K,US,2024-04-04,33,5851569
50No7LiVffAJCWIChZodmU,US,2024-07-18,33,5844977
5PPUw4Xo3Hz6rl4GpBfd3c,US,2022-05-19,27,5792533
5PPUw4Xo3Hz6rl4GpBfd3c,KR,2022-05-19,196,13626
1pzN8bCzy017iK3vWzkk6Z,US,2025-03-20,35,5772941
21aDVa64pWR8SYQ7wBRMkd,US,2025-03-20,37,5737524
57ELn9TPDIhrpl0dasS465,US,2024-03-28,28,5714546
2EFZ9emtKWEglWUQGEQ3P9,US,2023-07-13,26,5704787
5cfsQZEFf1IpQr8F9vI9le,US,2025-07-17,21,5679183
5cfsQZEFf1IpQr8F9vI9le,KR,2025-07-17,177,57949
2Q0aElTZQtEUsoiaQfizu6,US,2023-08-03,29,5652510
7oZOCPjlLpHZtIebTXhlfZ,US,2025-03-20,40,5631949
1r3uOHPoiIv89Xb6K9bDH4,US,2025-07-17,22,5605471
1r3uOHPoiIv89Xb6K9bDH4,KR,2025-07-17,161,60930
2ydagYqcyFfRtQPzKc5E8l,US,2025-03-20,42,5601128
2ydagYqcyFfRtQPzKc5E8l,KR,2025-03-20,142,65811
7pBcryEKcUEaWHwAu1wUyP,US,2024-03-28,31,5555436
4IcbUXrAzBtn6iUO1LP471,US,2023-10-12,30,5527724
7xAvtuHf8nGi5OtXVPYgb3,US,2025-03-20,43,5513330
7DL2F2bueQycqYjqsjHYjG,US,2025-02-20,35,5506753
0DIcssPpatAMqFXLZCxZMN,US,2024-07-18,39,5485739
3surY3LebvLLdJezmiKUBO,US,2025-03-20,44,5372178
3evCfqmaP5ZFbWMeFI0E21,US,2024-04-04,40,5365092
4oFhT5d5TDTJnkc22hiczk,US,2024-12-05,52,5327596
5P03xImM2uFukzoty7NDw7,US,2025-07-17,27,5326833
76OC0zMt7wqgys9BpPfLag,US,2024-04-04,42,5319527
7EG3kXbKmNC1OismTn6ZG5,US,2024-04-04,44,5285780
4Kd9tBUgpXv26OfR6ugBv1,US,2024-08-22,34,5266182
0TsCBkrq3owPs06HP5Q9Z4,US,2024-04-04,45,5246495
12nBPF4Rh4XLFJV0YLN7uj,US,2023-07-13,27,5221557
6NZOc8kO0Fxo0fLPvIdLnW,US,2022-05-19,32,5201037
4XcZp2xqbiD8YsnPboNUDo,US,2025-03-20,46,5200008
5lVmzrKaqPpPYtF7udoiNq,US,2022-06-23,21,5198957
51D9PHMiMxuRGtGz61F4QN,US,2024-04-04,47,5159752
1SPI4AlK4121PEQPGSpdcY,US,2024-08-22,37,5134191
4q7y1JFDBJSBSLqXVgcI51,US,2024-03-28,36,5088379
3yNJkriPzWjkkDAWHIAVUq,US,2023-07-13,31,5063612
28xOPIPw0joNPwYd0asIT5,US,2024-03-28,37,5049459
2w5BtuWXISpB6NM4xPoeiR,US,2024-04-11,35,5032577
2JJFJEvFSWyQ59Pwl2gqSF,US,2025-03-20,53,4995056
5RMTsrJkrtumtiIZjy7dL6,US,2024-04-11,38,4971880
3LkXOTWDwskwciQoARFDzu,US,2024-07-18,46,4968344
7hVb3OyFkgxDgpTdrOX6dT,US,2024-02-15,34,4927468
7hVb3OyFkgxDgpTdrOX6dT,KR,2024-02-15,117,37539
0cJRr7kw5FkV5e8ejEB2j6,US,2026-08-06,24,4880017
3tmrwNhOKNDMUVg1Z924Aq,US,2024-04-04,49,4835932
3lcfs9Qjfxzy00VSVkixDv,US,2023-07-06,19,4829876
4IixOTCzviJgIigKleiVbo,US,2025-05-15,29,4814724
1YHQQFtKqFSFrqL4cNvstU,US,2025-02-20,50,4753430
5aIEFCKhVUM5sKkwOSdFiM,US,2025-02-20,51,4745666
3Vg7nPYlOrCkcV1abKbRQ1,US,2024-03-28,42,4718037
77sMIMlNaSURUAXq5coCxE,US,2021-04-15,20,4718031
1u2Fe70Qm9VFCIMPWFlfc1,US,2023-09-28,27,4712698
1mjAD7IYvI5UGiB7WnppMf,US,2023-10-12,38,4701293
3oZZfVvLJuDYc4Vn3A63Fw,US,2023-10-12,39,4659820
4Lojbtk7XNMdSKRHSFbdkm,US,2025-05-15,35,4646549
1nhNz1tWU8p5WvFAAgFW2h,US,2026-02-12,31,4636090
4rXxjHSAglOynjIF8Z34dx,US,2025-03-20,63,4625883
4GqhG9rDuRUoNyDSMJ0Brq,US,2025-02-20,55,4625737
0ArVfVP8B5svkfj8clHNzB,US,2023-10-12,40,4622598
2g042sh2sg0fmOrr1lApqi,US,2024-04-04,53,4618758
637oNhilCI9UlkWkUW4Grt,US,2025-02-06,49,4561069
0F1rlXkOcI1Iqfz9Y3BdO4,US,2026-05-21,51,4559707
76yJsfb1CUy5Um8nFL7jKQ,US,2025-03-20,65,4556405
4ZZJ7S4Z1pEIvTUgN1oRzS,US,2025-07-17,41,4545361
5v7Cm2PyrlJ1NIbVOvNcF5,US,2024-04-04,56,4520687
7CA0mEKqEZ0WFAIlTS4uEl,US,2024-04-04,57,4515315
1MJHXJ8bdoynpEtCLCbkWf,US,2022-06-23,26,4509884
4e5ayHsOLJNLTGfjau2mEw,US,2021-11-18,37,4504570
1U3A66OHQyTu4N2QTMsP86,US,2023-10-19,34,4472636
2yyO7EKRr7c3txi4xCXUFk,US,2024-02-15,44,4472608
2yyO7EKRr7c3txi4xCXUFk,KR,2024-02-15,178,28082
4evLyY5Ue1Wesc61t2KXAU,US,2023-07-13,40,4468096
1sqXfPaRD7npnH712RZQAF,US,2024-08-22,52,4465702
0rDQZJtSGgsB2rdkObpdFa,US,2023-10-19,36,4465480
73qMN9bXy7MSPwwGfH3wQr,US,2021-11-18,38,4450508
0bBnrokPXtfwXQarqCu1Gz,US,2024-07-18,63,4447342
6uMGHQvhZq8YyT4kdnG1L3,US,2024-07-18,64,4401128
20hTkA9oKKuxghkRptRczS,US,2024-08-22,53,4391192
6vAg7qqbiIrQhQtxPegLw1,US,2026-05-21,54,4372107
4pNApnaUWAL2J4KO2eqokq,US,2021-11-18,39,4361726
0NRHj8hDwwmSPaA41o379r,US,2021-11-18,40,4360038
7A2cNLRT0YJc1yjxHlKihs,US,2021-11-18,41,4354465
4ihV1wv7QmjbkLHaT9lA4s,US,2024-02-15,47,4325204
4ihV1wv7QmjbkLHaT9lA4s,KR,2024-02-15,190,27301
2YFhqZvhTpyK13gKXMKV7R,US,2024-06-27,55,4322772
2ut4BOQSqxLpcX5MtPjzYa,US,2023-11-23,33,4318942
4a6fLRXmH4R4dMu9c1MzE6,US,2024-04-04,65,4301302
3nwcQXP0mBmXmlrirQxCkz,US,2026-05-21,55,4297496
4a1fh9vJMMoRjNrBmEWoM0,US,2022-12-08,49,4272305
724YXkrlOINBst64isK3KP,US,2024-06-20,59,4268663
2xxb5zW09uwbgyLprALi9E,US,2025-02-20,62,4263433
1AFW3QBDjBmb4EL9gyiYhe,US,2026-05-21,56,4259359
4pPJQ2p8jIsBuvxEIW2R99,US,2026-02-12,44,4248430
4J9WveqdoaEUQu1aeoSH9X,US,2024-04-11,52,4219667
3FHO87BSOEVAsedSnCTnvz,US,2025-02-20,64,4214770
6jtqO14L18plBtpDTtUkFR,US,2026-02-12,45,4213980
72qABvaqn3TP6drO2tByA6,US,2024-03-28,54,4191671
11pn4LFXCIXyprWQk8RSlM,US,2023-07-06,31,4188439
4cwyp1aL1q3LfGCteqe8tL,US,2025-02-20,65,4183353
5IoPnNiYAOvHHJpz13wzRL,US,2025-03-13,52,4179724
5Ds51Ek912Zaprrt61JNO0,US,2024-12-26,108,4175603
3hZbi8AG14hRw5Skg7V8pl,US,2026-05-21,58,4174858
1eThXFmkENeSkdeLO8S86F,US,2024-02-15,59,4174357
1eThXFmkENeSkdeLO8S86F,KR,2024-02-15,171,29229
6pf7fmrtYcA4WpqTksuh68,US,2024-09-26,49,4166745
4XF9fk0STp9hx8xn5Suwpz,US,2024-03-28,55,4166348
4CD5aJNhq5fGYu3QaHJrm8,US,2024-11-14,44,4160212
6AX3i1TluzbvpJpKrY7NoD,US,2025-07-17,47,4143712
33BBo7zULt3O7mgE3pWMM5,US,2024-12-05,89,4141983
6nf4oqFOsVKLwJPEliYVwT,US,2024-08-22,59,4125289
1Y66A5zH3iPOWCDIuSDQR5,US,2025-02-20,67,4122648
5j0YSeIXeBWxvDFQkxXfeM,US,2024-03-28,60,4119170
6qouBO0wJtYc3k7DfKRUBx,US,2021-07-01,38,4115513
4b7vk8SRcYgnxpk0JOIS7r,US,2024-08-29,61,4111237
3a36nM6fPVA8K1vqq6d03o,US,2023-07-06,33,4110414
29JLgNBcOky7QB68OrvYxO,US,2025-05-15,49,4099748
7omJfT9s6V2IpQNBYyq5C8,US,2023-12-07,56,4089499
2OcpUR9GG6jOv6OXhFrUda,US,2024-07-11,64,4089302
1IzCS4zuowRsXu4YS8caOB,US,2024-08-22,64,4059221
0WCJSIy75ZVxqY51ce0enc,US,2023-07-06,36,4058767
5IcP1PPnleZ2kuwKDyfNC5,US,2022-12-15,65,4056919
2v0AG62ZHtD3I4YmTb3WYM,US,2025-02-06,61,4030567
4yLyVdEqV790aIXyGif85v,US,2024-01-18,47,4018187
7ucEkWU0SVy0XFdfXESgfY,US,2023-10-19,45,4007372
7JVAVLkkhpKOp8g4jX5Z12,US,2025-05-15,52,3995517
4LP6bmyAxdMNrqUrMpaVQ8,US,2026-04-02,37,3985434
4LP6bmyAxdMNrqUrMpaVQ8,KR,2026-04-02,121,101554
6R9c642Hs3tOdLowjYaWt2,US,2022-06-09,33,3956742
6R9c642Hs3tOdLowjYaWt2,KR,2022-06-09,105,22277
3NE6g9h77FZbQqCLzUpGRt,US,2024-11-07,48,3942911
38Vh0iUlilcvnBNWS4saSD,US,2021-12-16,38,3941416
5ZfOg71oANMaKmswvSEF2r,US,2026-02-12,56,3940962
0PV4VQCmE6Ujssr1bnswdF,US,2026-03-05,46,3934958
149r4BNMXwFRWjPYcKNNgc,US,2024-08-22,71,3932766
2vy9Ry1TNjCD85TiCbTz0r,US,2022-06-23,33,3927778
68vgtRHr7iZHpzGpon6Jlo,US,2024-02-15,67,3924116
22bPsP2jCgbLUvh82U0Z3M,US,2021-04-15,27,3923943
0OoNzMdPSgbkM5MkcuEZfm,US,2022-12-08,54,3919971
2nqio0SfWg6gh2eCtfuMa5,US,2021-04-15,28,3907269
0DMVrlMUn01M0IcpDbwgu7,US,2021-11-18,47,3892389
1YvT4ml5LQM8ZYcLvqsAkD,US,2024-06-20,76,3886946
1t2MQpMDtJT5VL2tAPHrGN,US,2024-07-04,80,3886353
4bWZz15GR1EE8E8x23rDWV,US,2026-04-02,42,3883586
4bWZz15GR1EE8E8x23rDWV,KR,2026-04-02,143,95927
7HCX1Ch3mklJyEdpwPZBFW,US,2022-05-05,18,3870290
0PKpNkxX3FkcfgxCQUXXds,US,2022-06-23,34,3868947
3Fq192aYDVyTn0DmwdofZm,US,2024-12-05,95,3853802
3VlW71ZRJPEjd17W0bW28D,US,2021-09-02,43,3846247
3VlW71ZRJPEjd17W0bW28D,KR,2021-09-02,82,16756
5GtUTcvOx52F5648wXQfc7,US,2024-02-15,69,3841374
2M8IvrzqvNMAJsAx7UYwXK,US,2024-07-11,76,3838039
59NTlSZN6G2eCs4jcf46C0,US,2021-12-16,39,3835701
3JR2RztQcOjUQGQSybxDIO,US,2021-09-23,34,3834647
0Sq6JK9kyC4MQa3KrJj5CB,US,2026-03-05,49,3828060
3CqT9ajcy6pY7TonEPiV4H,US,2023-03-09,59,3827492
4tMhjP02FRQ0KIUUEJ2oGK,US,2025-03-20,77,3824667
6L4XGeAdRRC32vVJpp8MdM,US,2022-12-22,75,3824252
39L3LdlHS3gqB62HPWaJRg,US,2023-10-19,50,3816116
7oSdhQFfq5ScVjRkVcj4Ua,US,2026-02-12,61,3808540
4oahRRZECfGud6eL7Lj7CO,US,2025-02-06,67,3803533
7GXOXYdU950eRvk5rUAE8F,US,2024-07-18,85,3802163
1SVhTS4l0sLFsP2Abme05l,US,2025-03-27,61,3794257
3NsqLy0x8l9VyNfOHQTNHs,US,2023-03-09,62,3786733
0Tqn5Th0wk55eLdga96vZM,US,2025-03-13,63,3777275
1pDbGAAH5GQ8U0KG4fI77H,US,2023-07-06,45,3766939
2tzgSUZOUKopYbRqQOVT8X,US,2022-05-05,19,3766083
4Dx4e0X5dR6TW85dtFU42x,US,2024-04-18,64,3765319
7FAND3cHMvepHjpBp8gOZ9,US,2021-12-16,41,3753448
550erGcdD9n6PnwxrvYqZT,US,2021-04-15,31,3749326
09UUDUFaudMcUkocm2iqR8,US,2023-03-09,63,3746164
1abwytAhbWeHrbsA9eODOy,US,2022-11-10,55,3745038
1abwytAhbWeHrbsA9eODOy,KR,2022-11-10,163,22225
15qnOSRK5HMWOgL5HURhrc,US,2024-07-18,88,3742486
1pbbsI2KGPOMu0HmuGccBu,US,2021-07-01,41,3741240
3JzVK0f8gqAAjyEDyXAys4,US,2024-07-11,84,3740520
3niLgyM9yJTaZMpeXjjSSk,US,2025-02-06,70,3731838
3i7xYNT3bjjuiIDvCABSVR,US,2024-12-05,99,3726881
5KW4KhJIAbVVSH6pJ4GPkb,US,2022-06-23,36,3723700
2t4H61OtTYgmDe61KxkjKH,US,2024-09-26,62,3717452
5shGj5OOnpmg4tQlFjyzZY,US,2025-11-27,44,3711889
1C9blfN8TSuM24qMLbd2HO,US,2025-11-13,40,3706601
0DM63CJEklNPKu6kHGyuEl,US,2024-08-22,79,3702851
3mRF0YNsDdFKFnxwg16hSz,US,2023-10-19,56,3698229
5EHfZq7dOhKGYRQyScX2eY,US,2025-05-22,71,3686641
5hrGuVnNc8tkRgkW38J5Vv,US,2024-07-11,87,3681570
41XsipI31N1fLKLVvWNuQC,US,2024-07-11,88,3673112
4pu58kqegTnOxPNJpY3kr9,US,2025-01-23,61,3665980
5P1z8XwsCStb74emERTx9v,US,2024-01-18,58,3658465
48axmFD7PUPnTOdSFMYrvj,US,2025-11-20,42,3657052
0ElVpg9XIswx3XWs6kUj6a,US,2025-03-13,69,3648452
2ydwqnjPOcM24MV0kLThwi,US,2023-07-06,48,3644084
5tRylsadMpm8TydUgq7NWj,US,2025-03-20,90,3639838
5uhxL7UwvTMV6FSCTpKcjc,US,2025-05-22,74,3634883
1fKT7RUtOf4xNEqctEFe5L,US,2023-12-14,75,3629324
6jp9WjJtKF0Fgks0Y9Kkni,US,2025-02-27,79,3620968
4rhSYWoLaBbkQccjme9UOJ,US,2024-08-22,84,3612914
0DhCbTQZfWD8P8pOlg3jv9,US,2024-09-26,65,3612062
34TiQsddaGhd8lmzJfxSzH,US,2021-09-02,46,3605367
34TiQsddaGhd8lmzJfxSzH,KR,2021-09-02,118,12844
5qzLdvRViHUrRNdkpakG7C,US,2023-10-19,59,3603661
1tTKy8pW1dMaXJm7bYrSzA,US,2024-04-11,74,3602684
4hNouIhwvI8FKeEMeWEvbg,US,2024-12-26,139,3584769
5jAIouBES8LWMiriuNq170,US,2021-11-18,52,3581708
4Hta7Oy5W9HD0UgT1P8PPV,US,2021-07-01,43,3573883
7JqH46zlr7XV7vMBt4slE6,US,2024-03-28,81,3571374
47Sa7pC00F7D5Z0i7HC5la,US,2025-09-18,51,3570051
3W5Y2d0HB3sgubDAYXGRKn,US,2025-02-06,75,3568239
4dKr81KWnnn3YqBrbV5Gjl,US,2026-01-15,43,3567709
1zUqoSVqUE2O5x3MJ0mHz9,US,2024-06-20,94,3566155
7cHhlnawdN87aZbjO6LMRN,US,2025-03-20,93,3563532
4GVpmmI4odFd3AfsN03CdF,US,2024-12-05,109,3560793
4EEjMyQub6tgFVshlM9j1M,US,2023-09-07,49,3558698
2BOpFmZQ89Rjm2wvmud1MU,US,2024-04-18,72,3558087
5eW508Gq23QlXHowyzW39m,US,2025-05-01,61,3555927
1Ijpng3ZLhTRcEd8iqh4p4,US,2022-05-05,24,3546639
4E64eAph6AYI98ucunrGH8,US,2024-01-18,64,3544953
0rAXLQ7JgPek5Wll0AXBMb,US,2024-12-05,110,3541985
00imgaPlYRrMGn9o83hfmk,US,2022-07-14,24,3540840
7L3OGWgJMQdXSbY3zgUt1Q,US,2025-12-25,102,3538038
6XkIQqAsFjk1XfD4L7G6qR,US,2024-04-11,80,3529153
06oRwfBISxd06rozMDDogR,US,2026-01-15,44,3528445
6Gp3pYkydEOkl8EHHJxa9s,US,2025-07-17,65,3528104
6IcD1PElC3dJof2jY3n3Yt,US,2025-02-20,88,3526557
4pcafPzLDSqQktqSpxHL3E,US,2023-10-19,61,3525305
3ySqZ8yGoh4Emi9HiPCCdP,US,2023-07-06,52,3524720
5Th1SPySWgYlkXXC6wLMwL,US,2026-02-26,49,3516915
3vJcz8exedHCjQ9ed95NqU,US,2022-01-13,37,3514648
3vJcz8exedHCjQ9ed95NqU,KR,2022-01-13,63,20395
0bcZ7xN9IcjSNxLerzR2yl,US,2025-02-06,80,3506080
2sOj9vyd6yiss9W1IK6chU,US,2022-09-01,32,3500083
0IdkFyYIDMhJqz0NL5zCk9,US,2023-03-09,72,3496352
5YL553x8sHderRBDlm3NM3,US,2021-04-15,35,3492637
3E3pb3qH11iny6TFDJvsg5,US,2021-06-10,39,3490635
7zBscbZUCr4jEABrfV9g03,US,2022-11-10,60,3487033
7zBscbZUCr4jEABrfV9g03,KR,2022-11-10,159,22392
5q9I5RmmrLC4U2mW2BnF3K,US,2025-09-25,50,3480937
3Hb28pse82bhnmW9sjTahL,US,2026-02-05,63,3478060
0UOG0zUn7t8m8QcxfzR7AH,US,2025-12-25,106,3476332
3tUwmCcdunuXKwHu8u2aBn,US,2024-05-16,112,3475632
2lophWrG2xqv9CSgSPca5k,US,2023-07-06,53,3469483
3u9PAti8muEXXvEjeFpQK0,US,2023-04-06,53,3459394
2aNaJLXE4SXbm9L23qpHTG,US,2026-02-12,74,3458918
56LQyaXsYWQZ2b7OPLAKEO,US,2025-02-27,85,3456637
0vtgMfyOVM2Y97DcVVJw3m,US,2025-07-03,58,3455662
3kw29NreyBGyArNmYARr63,US,2026-02-05,67,3454695
0FMAKUsgIBszj75WEENYDO,US,2026-02-05,68,3454074
5gGz4XkNZV335nYgs34Ro7,US,2025-05-22,79,3436870
1msEuwSBneBKpVCZQcFTsU,US,2021-04-15,37,3434413
1xwvjqcwflD2NEqRCNcCo2,US,2024-03-28,86,3433993
3WQ5w7ruC3c861lHXF9Gs2,US,2025-07-17,70,3427444
2vjFTjmvpFjFM01cNdG2ik,US,2025-02-20,95,3421099
3FtQes77xlbS9QTVts7p2u,US,2023-08-03,71,3418092
3FtQes77xlbS9QTVts7p2u,KR,2023-08-03,154,33570
7GVuAK4EmYP7gvlXA4JXqU,US,2026-04-02,57,3416121
0TDXeyH0hdiz0SZQo5w1nm,US,2024-07-18,105,3413186
4vziJcnB2Qyi9o4nIRUeN7,US,2023-11-09,53,3405873
4vziJcnB2Qyi9o4nIRUeN7,KR,2023-11-09,126,37562
0t5LNjml8LTuAPiEfD7zFN,US,2025-06-12,58,3403969
0bJAmhSAeMSfsyazOEUVFf,US,2024-03-28,88,3403750
4356Typ82hUiFAynbLYbPn,US,2024-02-15,85,3401011
72Z28IsvEVLjSWdUKEQgZ0,US,2025-12-25,110,3394901
21afd9hCjpQ6lE5DPbcPHP,US,2021-11-18,56,3393474
21afd9hCjpQ6lE5DPbcPHP,KR,2021-11-18,51,20733
7H6hs7WkNG48fS3agm63MR,US,2025-07-17,71,3392698
7aZDcmt34eouhqw29aMR91,US,2024-01-25,64,3382165
16Z0an8D4BJNm3VbWWpTnv,US,2025-11-13,56,3381228
1oPhkzw5Jt2izQmKj7CkVO,US,2025-05-22,83,3380443
4KD0lLJ4OGonZhBeKtct9I,US,2021-06-17,44,3379138
1jux3g1YXNub0NkYbLTLIp,US,2026-01-22,51,3376731
4OkFBMU18NidtaefaTjUq1,US,2022-10-20,37,3375518
1C7lXfx4Y5maVl4AgUVlHA,US,2023-10-19,73,3373220
5PAKAADzrSpMDxcaRpSDCm,US,2025-07-17,73,3369296
4pNzBbGcqXofx8mLBPTeih,US,2025-03-13,83,3366553
1PJH81OEIhWwT6WKTpKRlv,US,2024-12-05,117,3365100
6u378lxN4C0eUnx7ns9Epg,US,2023-12-14,99,3361631
3It5ZyIlvFxgrxAkiQLGBR,US,2024-08-22,96,3359945
2qqylaMQ54zfveakMkDULI,US,2025-07-17,74,3358040
5V5Xpbmqi2rp1xSJWZTvYu,US,2023-07-06,61,3357160
0SdpzQRdK8BdSV57rn6AZZ,US,2024-04-18,80,3355230
0gl5Yt7KlvwIb8LmPHmBTc,US,2026-02-05,72,3352899
41e8XO5tcG6Uesk2FhdsWm,US,2026-04-02,60,3351334
41e8XO5tcG6Uesk2FhdsWm,KR,2026-04-02,195,84340
5U4laaEEChW8FOtZXCu8C7,US,2021-11-18,57,3349947
5U4laaEEChW8FOtZXCu8C7,KR,2021-11-18,118,12584
31UNoCt5Oq4isrb3SSf1ZK,US,2023-07-06,62,3346145
6V1TqJxtw3P0ouCKICvl9l,US,2023-08-03,74,3340864
6V1TqJxtw3P0ouCKICvl9l,KR,2023-08-03,186,29432
22YmmVRHfFX49G6HY5NV3T,US,2024-06-20,116,3340567
26N5kAVhlqFOWAkuMQ5Kwe,US,2025-07-17,77,3338843
1BKT2I9x4RGKaKqW4up34s,US,2021-04-15,40,3337638
4KaCwku7yZUrDRcOc9rMmQ,US,2023-09-28,63,3336335
7ffZyi3DyQr8Q2612gcqwr,US,2025-01-09,76,3335086
4HeViKsdSOLkOvwfcRVkK8,US,2023-10-05,54,3331610
5imsnhkfPCm3wajS9ksb21,US,2024-03-28,93,3321129
4vsJWPwWPS27gRM4oLjBNO,US,2021-09-23,42,3319393
6pr7X9UZCDn8CruopaNVha,US,2022-09-01,36,3316488
38vhXqp4YdfkDvqkZdLBp0,US,2024-07-11,107,3312351
5Mc8XDfGQCMkOEZm9rS1cE,US,2023-11-23,61,3308633
5sUjBX08aJ1XdMw7p2SXgq,US,2023-03-09,80,3302393
3uKJ1sSJXGLCMItH0YNPkh,US,2023-03-09,82,3295984
4ppKM7xnkSAwSyKqD4QTY4,US,2024-11-07,74,3295977
5Qya13gFXqupr4sSmZMKDg,US,2025-03-20,104,3293755
1mEQbSq0PCNjyL6oMgHKFQ,US,2025-09-11,67,3289896
1mEQbSq0PCNjyL6oMgHKFQ,KR,2025-09-11,183,62681
3szI9hDVbyOYU0yd77G35n,US,2024-12-26,149,3289853
3OGCNLxpBmTYRxPZg2yDE5,US,2023-06-22,57,3286741
3sXsbaZlsTv2iJiEntsgM5,US,2026-01-22,55,3283342
1QCqedB1ibmRO9x7Ikb5LI,US,2021-09-02,51,3280727
1QCqedB1ibmRO9x7Ikb5LI,KR,2021-09-02,120,12742
4MTuL20LF3pWebeJbcNh7p,US,2023-08-03,75,3280627
7nWui6jiMM2m9qFmET1Mtj,US,2021-11-18,61,3277110
7bwLHhqhRu0fVTM3aaeK9V,US,2026-02-26,58,3276888
3hcivoswCVR8LZkHR8MYA5,US,2025-03-13,88,3272387
1L0OmJV0LnPDWuHCIGmBV6,US,2023-08-03,77,3271633
059qzhNaJb8tsqpdl2bHfF,US,2024-09-26,92,3268245
7a1D1K7sgFtumXN02ZdbUd,US,2025-02-27,93,3261337
5S8w0v3kqKckV8tyAZSkKO,US,2024-04-04,101,3258519
53wBhj706wDMNuBj4FJ0RI,US,2022-05-05,31,3257667
290Vqn3zZX5QarUQra9LT2,US,2026-02-12,91,3252061
5LNgnMLXaoG9KRkL47KlZu,US,2026-03-26,80,3249354
1E70pcxXiSQLtxdowVXkbM,US,2025-03-27,91,3247333
7Bot6AB2dsvZEyqzUL8AUH,US,2022-05-12,46,3243873
1rjvXhfeSpVVqERzW8qhRw,US,2024-06-20,121,3242021
0s3NwbrNRsUTVJVdBeD5Wa,US,2026-05-21,101,3241840
7gCautqfD7CCdrN33GrRd8,US,2025-07-17,82,3241006
0Oj2M3M04NoakUWdC9CQa9,US,2024-12-05,128,3239742
2DXK0YNGSqnaIEX5iaSIoK,US,2024-06-27,117,3234919
6yOHshc12fwMtM74xoy4je,US,2026-02-05,77,3234751
5KI7I4mEtulXcv5VQJaV35,US,2024-01-18,71,3229145
63bgBHUBX1rutghlrXZrvp,US,2025-02-27,97,3227572
1MKOPZWwR9WAzlP2B6tn5o,US,2025-05-22,91,3225425
6CYldrsUPBsiPtfLW4xZCl,US,2025-04-17,75,3224678
2Mph2Rvl5kVg0MYtfV60wZ,US,2023-11-23,66,3222765
5SxahezRlC0saXbCALfB7c,US,2025-04-10,79,3219048
0cAhE2iDJApegDnVRx6fCK,US,2025-12-25,127,3205381
0Ji9UonfwC90rbZ4IaQhOb,US,2025-09-18,67,3203863
50OMAX7jvslUk8MbBZVIFY,US,2024-12-05,134,3202763
4v9DYYPIivOlv2G3uMQ7mA,US,2026-02-26,62,3197636
0p1hBWPaSxUDTSa32PyhnU,US,2023-10-12,79,3191578
44gmXwbdHjwQsQvsiraj14,US,2023-12-14,108,3186123
5itTZ7kNRBl65Nn1QO9Ax9,US,2023-09-28,73,3179416
7HC7R2D8WjXVcUHJyEGjRs,US,2021-04-15,43,3174391
4yreExU3eRNTe2iJz6X6k3,US,2024-01-18,77,3172312
5YABYtKx9qa56vBjlXDbmw,US,2023-09-21,71,3171959
5YABYtKx9qa56vBjlXDbmw,KR,2023-09-21,79,45562
0ZhPWSfAKzeVQbRG08E1iI,US,2023-12-14,111,3171007
1c39AwcrkN9srI7Az5662I,US,2022-11-10,67,3168805
3lGs8BwNj35qaBx3uSOQdR,US,2025-05-15,89,3167547
2eQFYGegTZaObk2kuBz83Z,US,2024-11-21,90,3164669
5T0mnzMsyHtmWB7Kou51Ph,US,2025-10-02,71,3156406
0UDEtLcKGBU73D15u5g1r3,US,2026-06-11,65,3152533
0QRhtV1MwywpkLTvCdMaWq,US,2024-04-04,109,3151276
6o6cIHT9YvlrUD2bOHo4hB,US,2026-05-21,107,3148658
6U0vwOILZNn5O6w1IZ1Mzr,US,2021-12-16,61,3147928
1AIbZL0CDlzTJ1Bv4kBP4G,US,2024-08-08,107,3146864
1AIbZL0CDlzTJ1Bv4kBP4G,KR,2024-08-08,81,57112
2dyAiC9k6s0mWnMSQRQJGd,US,2024-02-22,87,3146155
7Lfwb4IjZiNYGuqtP65kIc,US,2024-08-08,108,3145376
7Lfwb4IjZiNYGuqtP65kIc,KR,2024-08-08,93,52389
5iHC401tsNlJRY46ECSYbo,US,2023-12-14,113,3145335
0cGn4vxyoBftN61XUv2aQk,US,2024-04-18,100,3139638
38VkGQ4Sumz99xja6TCs7z,US,2024-12-05,138,3132044
5Ja2u1FPlVxrxeMWEa2dcn,US,2022-06-09,56,3130853
5Ja2u1FPlVxrxeMWEa2dcn,KR,2022-06-09,126,19755
6kQF79mjbOkvuRvg0J2XZv,US,2023-07-06,75,3128490
588gFLoYJdlQ9zLSuR3IpJ,US,2026-02-05,88,3127628
7k2nR2eTRVuzAMCXUj3HMv,US,2024-08-22,117,3126601
0Awr3NZMkRHQFabkMxW1VT,US,2026-02-12,102,3124910
7soCc4TpT99bOhJoCiMqFN,US,2021-09-02,54,3123791
7soCc4TpT99bOhJoCiMqFN,KR,2021-09-02,147,11296
0NXRZaUn11do0EzDFlXkbj,US,2024-04-11,99,3122472
0FqBNLXlTNimxmVRdDMj6b,US,2022-11-10,70,3117596
5iG5cxNN8um3C4b4rDAWl8,US,2024-12-05,141,3114373
422PeUrBywndaCCxL6bDBj,US,2025-07-17,91,3112191
26YxqhG0XM48N7NgWFieHy,US,2024-03-28,103,3110452
33vrRiIiut4rOFmkgorJD6,US,2023-08-03,86,3105509
3HqGDrSOZ6LbBfX5EsiaAj,US,2023-03-02,61,3096530
4DvoYgOZXnqmKuc2GzzFHz,US,2026-02-12,109,3093683
0EqH5Wz93cJtfUGv3vtQPY,US,2026-02-12,110,3087901
7eResoqEJJAVTkQYSqvO3P,US,2021-04-15,46,3083215
2iCDO8ePNuCvMiMFc0FQdA,US,2022-01-13,49,3082586
6OC87jHRiovNPEUrgaqFSu,US,2025-03-13,104,3082581
01Ho3efkRrIbYnWxISj05V,US,2024-02-15,113,3082274
7b6sWLSnbZhSIeqNGrJ4py,US,2024-05-09,139,3079492
6LCGD2bl7itBHHayQ4ltPc,US,2025-08-07,74,3078131
16eZmQoeajKH8G2nPe2chk,US,2021-04-22,35,3076679
6wsnvu20sNYtL1MmJgbpv7,US,2026-01-15,66,3074182
0FfqyjhB6Kspvit1oOo7ax,US,2021-08-05,43,3073211
02Cp3VTUWNed8hr69BhKz6,US,2024-01-18,86,3068146
0YmcHurKqkzDQeHB8zuzk0,US,2025-08-07,75,3066622
7EBy2V93Ykyvfc5CMApTGc,US,2024-12-05,146,3065626
3unY0p45pcQVnABntzlX8B,US,2025-11-27,75,3062707
0i1bokCJ95evU1gb5HcXFy,US,2024-03-21,90,3061755
3mEzpEGoKm3D3gLwnPMBP3,US,2024-07-11,130,3058026
52DudaVZObvmBgEX6IObHX,US,2023-06-15,68,3050608
3yn01PcU95PTbiZ3xvop2j,US,2023-06-15,69,3049627
7eEnuNVAHQXEwg18zZnmdL,US,2026-01-22,66,3049137
587Ks4sb6Wd2qRVS5i9fdW,US,2024-02-01,97,3045672
2XMAWynSTIst5KmLSv0Npf,US,2022-08-04,46,3044574
5wjsJIUf6pdrwauPDae43o,US,2023-09-28,83,3044154
4DYKah8mcZf0O4l9Gt7woU,US,2022-11-10,78,3043417
11GUkH18CKNFLKCHORkceJ,US,2026-07-23,60,3042705
05CTjmZKjZoCKQvM1Ldq9M,US,2023-06-29,71,3041479
1AtC4WzAiT2RoDEkGknqMT,US,2021-12-16,67,3039532
4mFcwFOlSCxp6hjemRXwpd,US,2023-12-14,120,3035348
3ru3YfbjQNHbGjamBhxlsG,US,2025-05-22,109,3030844
4E2fOeF5A6onC10OtnjXJa,US,2024-04-11,112,3028061
3X6qK1LdMkSOhklwRa2ZfG,US,2023-06-08,73,3027613
0q3jlKYRjRw24PjrAwow1H,US,2025-08-14,69,3023609
3zyjnHtoi8AtiGgZFnJP7O,US,2024-04-11,113,3022021
1JtAIBbCgomz38qPBSJzCn,US,2025-01-23,90,3021587
3k4CoiIQXiNBrwrmbBMDxj,US,2022-08-04,47,3019820
6kHYpEnDpMCyGu0E2PlWY1,US,2023-07-06,83,3019675
6iO6ZLKaJF13fuF5HUFSEM,US,2025-12-25,141,3019010
1zKuSINcb2QSE7m6mk6J36,US,2024-12-05,153,3016527
3XMVk0KYK0Ez8NM91NTqBt,US,2024-07-11,135,3014567
4CuZSJLlmUrEfcXUm6pQk9,US,2022-05-12,54,3013463
7JyFwJC3uRpiNfq7oKafgn,US,2022-06-09,61,3011461
7JyFwJC3uRpiNfq7oKafgn,KR,2022-06-09,145,17568
3mXxKFehajiV2TiL8n8DwA,US,2025-05-22,113,3011327
6Pif6RkFoYzLygdqktus4Q,US,2022-05-19,64,3009084
2WNUYpLeOSMSlWgOmgGURl,US,2025-02-20,116,3008432
0k0vFacOHNuArLWMiH60p7,US,2021-04-15,48,3006973
7ks1bfjmiJZjug0jjyQDYt,US,2026-04-16,88,3006512
4zm8xZiV5FxJu62EHEvZaT,US,2021-11-18,72,3002963
4zm8xZiV5FxJu62EHEvZaT,KR,2021-11-18,129,11678
578CwfxpfH2HxlENOCHc2n,US,2025-02-20,117,2999605
0mwlZQjUxspUTpAzLwexw7,US,2025-07-17,107,2996543
3raBR3SY78nNv4uGEv3CNY,US,2026-05-21,119,2995534
6iiAfo4wTA2CVC3Uwx9uh8,US,2021-04-15,49,2991039
5tUETztMKNT9NDbMUVpxzl,US,2024-09-26,127,2990861
56Fu41EhpsPqqfDZsj3eaN,US,2025-11-27,82,2989289
56Fu41EhpsPqqfDZsj3eaN,KR,2025-11-27,71,94667
5pJBr57ff2dzpelkCQxnJE,US,2025-05-22,116,2986720
1YZOcaGiN1cCwANvG3Ib9G,US,2025-02-27,119,2983922
7qPiAhk71D2RqLRtnjDL76,US,2023-03-02,65,2982540
5giwUhMFuodJcRhA8tlLSQ,US,2024-08-22,137,2973581
1GN6qqehnqUfUHH1gfK81v,US,2023-03-16,74,2972400
5xEDRg4tI8ixoAvbrupsEg,US,2026-02-05,99,2971174
61rfO3U360zRDDjFW6ajrx,US,2026-01-15,78,2969799
3zakx7RAwdkUQlOoQ7SJRt,US,2022-07-14,40,2969222
4mahloUW5K6KeGijwnMGDr,US,2023-08-03,97,2967039
5Rv0O0Bv90IqC97T68zesG,US,2026-07-16,71,2963109
3mg9jYNC1NihbthlglzrWP,US,2024-11-14,103,2960645
0qWoOHqTirzo59FQ9eoECH,US,2026-03-19,90,2959795
0ZB5pdrM1leH58IgokDPZM,US,2023-11-23,83,2959200
0WDvsKwqhn9alx29Z80DmG,US,2025-07-24,109,2957534
565G1vHZu2xoxrnTyF06Qw,US,2026-04-02,93,2954913
0JeAKH2DCIgCCrZ9qBGthg,US,2026-06-11,80,2949091
25fLIFbAV7zBetOH077pDl,US,2026-04-02,96,2938628
3e6ebtUCZ0tZL1J7wvM8Xi,US,2021-09-23,51,2928489
2UQ2oUbHiB8wWYCE42JX0k,US,2022-12-15,115,2922836
6j5BK1cFX9TjJd5EXHGgAn,US,2023-03-30,86,2921234
30TcFxtFyju8isK6Hjo9KY,US,2024-03-28,119,2918819
6KhDb86ThnlKirRw1UBZGb,US,2026-04-02,101,2918111
30tk4sJS9DadhmnWDRv0hW,US,2024-07-11,145,2914692
5bLGQqcpsz5ISWeihZfJnR,US,2022-07-28,37,2910086
5bLGQqcpsz5ISWeihZfJnR,KR,2022-07-28,123,22549
21xf4oLo7SlAFxfjurqYws,US,2023-07-06,90,2908271
3ll9PUsB2KIliRoyGEUwFz,US,2023-04-13,82,2906271
030OCtLMrljNhp8OWHBWW3,US,2024-02-15,131,2905660
6M1vkKMDQZoh1sbH4asNcF,US,2025-09-25,82,2904884
0F60WLPs6Oz2slHomvLt9U,US,2024-11-07,108,2892392
2ItNKt19iqefEe590Z9GeE,US,2023-11-02,93,2892069
4JwsoOcsHk8nObYh0JVVE0,US,2026-02-26,82,2888391
2fpTRcMLt4aKlqULOwuXUP,US,2023-03-02,73,2888386
183WuVX0zsr0dHydHkKtGQ,US,2023-04-06,82,2887106
09xpQPfKWdio1wx6v17dGa,US,2021-07-01,63,2885563
0yYTRodDOWqZZ0AWa2qxHH,US,2026-02-19,103,2885279
1e3AdX6I8gaQKjQMONn9tA,US,2025-01-23,97,2884660
5dYyoRxPWVaV36XSD49yGS,US,2026-05-21,133,2883140
0fD7KBtQgPR1YCtuPAsyZJ,US,2026-04-02,104,2882266
0xaQ86cGRgcF8wwP1SkXsb,US,2025-07-17,117,2881032
7EBg0P4VY9IHBF5hq6WQZS,US,2022-05-05,50,2870492
0zwYtowNHP3r9DUHjo6AZl,US,2026-04-16,106,2869184
4TiwLUPOvPHrrVRt2qUGXt,US,2026-01-15,88,2867881
3v1zVVdzNVNt7vmI9VG2gq,US,2021-06-17,53,2866681
2KrpmVncX2Ht0Lw8zqpVaT,US,2025-08-07,97,2865597
4k8XSN1nCJ0rMf4OKF3zEz,US,2024-04-18,130,2864054
62fqMvguJbsSs9HKhhRfuS,US,2024-06-13,158,2862666
1Iw5iLfAwDvS6frI82gMoV,US,2025-07-31,105,2862056
7JHIwFNykc608c5mw9bwYx,US,2026-01-15,90,2859780
65t42trkFQjspA3vzjl7bF,US,2026-04-16,110,2858288
6J9ULUfgdVZfWnofbtLkfh,US,2024-04-18,132,2854306
7JRwdwgeTrYkJvwmecrPSW,US,2024-04-11,137,2852769
04hgBWsBDEyVP8pH0BCZbG,US,2023-10-19,107,2850594
3u8bblcJtOxxmGzJrviWLp,US,2022-05-12,64,2849493
1rydhdFtKe2CRkiaVb7aGF,US,2023-02-02,69,2847056
70pwY1UfPmSVE3ybPjFy0p,US,2022-02-17,46,2839976
5MhJ2XV5O6cWm5bCmlZmwE,US,2026-01-15,96,2839118
5M2ztfcb9GBGmZdUFkSzfQ,US,2025-11-20,92,2838590
6NdnvPwQvZb147DVa4x14h,US,2023-07-27,89,2836300
1NlK2NtpuUazpziLhnJwEV,US,2022-01-13,55,2822528
1NlK2NtpuUazpziLhnJwEV,KR,2022-01-13,95,15408
5UmyTT5HZdztMfDL3lva0r,US,2026-02-26,90,2822223
5MAnH0CFbD13INQBsnKI9y,US,2021-11-04,41,2817314
0U60hgxzGit7juEuHul2y3,US,2024-10-17,113,2817011
0JcD5qI9SxWqdEWmRjUX9X,US,2024-06-20,160,2816678
6nrSo5ZWhsai0oeX257rRF,US,2025-02-20,131,2815239
7aWeQwHSMD6TzPOepi1tlb,US,2023-12-14,142,2813913
2eZbaxXxKdzY8u3ZMZVFiP,US,2024-06-20,162,2812453
0EsJdOSOrBfTo816lWRW4Q,US,2026-05-21,147,2811180
11bJ1ws3dathgY9uzADUhL,US,2024-07-25,144,2810915
4f9wNNZET9wH7eMBgONd3d,US,2024-03-07,119,2809944
0YgyE3xIbYNzYhaPPHqrXJ,US,2025-06-19,92,2809160
4xKQtLZn8m2d2KJy13ZujE,US,2022-07-14,47,2808034
5j0McHPthKpOXRr3fBq8M0,US,2024-02-15,141,2807377
02Mqx9HzVRyfdCUpPNR6N3,US,2023-07-06,101,2806179
7FET9gtiECWn7llt0sfvtU,US,2023-04-13,89,2804944
2D8i2yY8z3kB5gRaUJ5weK,US,2025-07-17,123,2804636
17CWWoszMuoGecCJzmOubE,US,2024-01-18,109,2804026
17CWWoszMuoGecCJzmOubE,KR,2024-01-18,121,36646
3VFGA65JnN8EDmnRb5SHW2,US,2023-07-06,102,2802245
5hNsSrWcClSp0tg4Jdd4UY,US,2022-05-12,67,2800707
1dKUibfoGwiApjEYJhB9R2,US,2026-06-11,97,2800609
02YMpD1xbZZzpZbuZNvmD7,US,2024-08-01,139,2800098
5YiIOND9ZK72GaknWgiGqh,US,2025-07-17,127,2793706
7qVntDLi3qf0mm18Kd54lx,US,2026-01-15,101,2792600
6C1RD7YQVvt3YQj0CmuTeu,US,2026-02-12,138,2792330
3h3NKhcfHkr6GvEpC3FRI5,US,2021-06-17,54,2791297
2R9dLxXayvn5FJCws1qR7Z,US,2024-07-11,158,2791223
26QJuQfM8PVAWkIm1JRyqq,US,2024-07-11,159,2787193
1T4k0sw0HldDg004Kw4Oct,US,2022-10-20,52,2785806
1uFW6czrHk5PsK3s6gOI7C,US,2024-11-21,130,2784635
0KFXE2mLTFdOKkTZEDgJPv,US,2024-05-30,170,2781896
775a936b2Vzl3fw86FaVat,US,2025-02-20,137,2781481
6yDPFrHZLQbQa9Itd2J4Gp,US,2022-12-15,127,2778933
19cgfclwwxsGGwaEbOn0B2,US,2026-02-05,119,2778253
0203aGEIzVVlmvQ8lX4fmV,US,2022-05-12,69,2776168
2UqL5OiGs3hfY6W8gudKjm,US,2022-05-05,52,2775936
6yJCKvJQjY84hOid1klHOd,US,2025-11-20,97,2774653
6WGJ7hPYHXu3aQ6x8GzigX,US,2026-02-12,143,2773979
180AbZduI6bYQIzwCHRwu9,US,2023-10-26,95,2772318
5xMjhZKSo8yh5r9b5vrYRr,US,2024-09-05,136,2768965
7EOgQuWYzWIgCfe5zEe1dl,US,2026-07-16,92,2767205
2HolBGR6tpiWI80MXoV1dJ,US,2021-07-01,67,2761064
44L2bY93uD65CEHWbozpx4,US,2023-12-14,153,2760483
2FZcjBYK4dTt48q94pJbJD,US,2026-09-10,67,2759365
01U0X0ToQhK0AgvNUdyXQe,US,2025-07-03,108,2759190
5dUCixiCL0CcIUdlgUl1ct,US,2025-07-31,118,2756545
0b7UwotRCrS7qBoLDjfvSY,US,2022-06-23,60,2754625
1lloYB6uHOTDmheiWsq4DL,US,2024-09-12,136,2754576
2hA6oxAuJI94AydLWQ2qEU,US,2021-12-16,84,2754465
6YUrzxcR2tAV0jtwlcSvgt,US,2024-12-05,184,2752898
59vtqGF0p7RgNjnzC9Zk2p,US,2025-11-27,106,2748013
3kUHIvjJ8p9UzeaeeqHkfg,US,2026-02-12,150,2746413
6jDT7DB6k0psPX0nWNDI1K,US,2023-12-14,155,2745052
0CsR9Y9SnC6ZWmekmVqSHz,US,2021-07-01,68,2744951
4nhcjelU9PidsBzUkazfZs,US,2024-06-20,168,2743400
2lSDVBIWbWQ7z5Lw15GRNw,US,2026-01-22,94,2741065
4gIzhWC1f98N3NtNlyPfY5,US,2026-05-21,156,2738355
2iZ9yiTcL1iywzSUZxlJrZ,US,2026-02-19,118,2737607
6ZZf5a8oiInHDkBe9zXfLP,US,2023-05-11,97,2732649
6ZZf5a8oiInHDkBe9zXfLP,KR,2023-05-11,131,31582
1IwA4UYENdDLtR0IlfYFnE,US,2026-01-15,107,2732471
39YXI3na4MIpVZhJj3GFi7,US,2022-05-05,53,2732407
4uuEGH5SVuzkkSFjo2DEiY,US,2021-04-15,57,2730176
7DswEZZthZ6piQpL25qGAM,US,2024-02-15,154,2726593
1bIHv5s0rByq6ZOqDSt8K8,US,2023-07-06,108,2726234
2N1D5t5zkvlNElbH9q0vBv,US,2026-02-26,105,2724297
3mLDq0hbHkafZoy4GvF7EG,US,2024-06-20,171,2724239
6vBRAhaSk91csuuWtttPf8,US,2025-07-17,130,2722667
72dummgz1gSqm8faekYYQh,US,2021-09-02,66,2720471
72dummgz1gSqm8faekYYQh,KR,2021-09-02,184,9806
0X14bByEYHVw3vZlj5LuLp,US,2024-12-05,190,2715969
26Hgx0810XUis01XWvoftB,US,2022-10-20,54,2715478
5uXL0CN1mQxHJSJRHN44Od,US,2025-05-08,113,2715345
34V9RiEPe8MNdU32qJsJa1,US,2021-04-15,59,2715314
6FAsJDkg4y5JSWP9ZMKlDj,US,2023-03-16,90,2713887
05tGmdz9dVZ4yGqz4YJdPK,US,2024-02-01,131,2713387
5Xtm6aizhemUZMdjvLImeK,US,2024-06-20,173,2710874
7tZlvvEpX3FEFoYsOI55FB,US,2025-07-17,133,2710586
18wmUghxdWxTgFsW4leZnt,US,2025-07-17,134,2709177
22mPEYsHFBwVwjmkwx2cHT,US,2021-12-16,89,2709001
3Qervg7n4iuSBqH7Moc6Wn,US,2025-12-25,175,2708948
7IBLt4Qarf4JDLxIQDv2O5,US,2022-05-12,72,2707136
7IBLt4Qarf4JDLxIQDv2O5,KR,2022-05-12,151,14865
0uoWOZeZZiC90RMNDQBqj4,US,2025-03-13,140,2706239
2hAQCoAswuQ643VhIuRC2p,US,2026-08-20,80,2706109
6LAicOLiCrHw0bmaLBDbC8,US,2024-05-16,194,2705982
0B9D5rzkRgtuAVy4hQ84bD,US,2022-11-10,92,2704853
01QN0DfaIrazVmGEfZ5RVX,US,2025-02-20,146,2704750
1FpjiEapAG8XJdVSI0tvdc,US,2026-04-02,133,2702960
6D3t4w54PgLNGQ48R7th7R,US,2021-09-23,56,2694516
1h6w4POXM2LfG4ZD4xUfZQ,US,2023-06-15,99,2693117
3QQvSQKV8YmQxGolwwWe59,US,2025-02-13,147,2692623
5njYiWKlMfU1HkOyetTRg8,US,2026-05-21,168,2691507
3aNmAv9I8lqis2WjGbxArt,US,2025-02-06,153,2690662
2HrRwAKgIzjTeuKoaj4akH,US,2021-07-01,73,2689577
1D9XWqsoNWIfLEzjHcrgMx,US,2024-09-26,150,2688806
2X5m6irq8boS50Efx4oWew,US,2021-07-01,74,2688741
0cyN7uQYxTlqwgyh6rm1IH,US,2024-07-18,177,2688663
0GJwUAlBMJTbY4VE7iE761,US,2023-08-17,107,2688327
5lGd2E7qKxgsMjQcTPTek2,US,2025-06-12,106,2688206
6V7bxWg4mmuU4ILbYPQJvd,US,2025-06-26,108,2686064
6KlqjCLNImX7W9zYt2Xa7D,US,2023-06-01,101,2684748
0r75DNlHu4recmKUdZeMfG,US,2023-06-29,92,2681781
7fIIi2KQB2AUqRgmpreKYj,US,2025-11-27,116,2681635
1lYM9PgB0QOk3pDo8h0UiN,US,2026-02-12,156,2681042
3ZcJaN63FKEMxDWWPefsiW,US,2023-08-03,122,2680663
7qFtkIa3KfhJAlWLVE1GCI,US,2022-05-12,73,2680126
2Nig1jX8uBu3LdSSUrm7Fp,US,2025-11-20,108,2680045
1dHtMSJ1Ozg2Ja6GX4McAO,US,2023-06-15,102,2678238
6LJYBq1h5GElQO4sKFdRA9,US,2026-09-03,79,2677170
1TDeDFUYHjZKLsO6bzoVg1,US,2022-03-17,41,2674104
1TDeDFUYHjZKLsO6bzoVg1,KR,2022-03-17,137,13113
163l4Itf8oDEK7ZYdVm22N,US,2026-04-02,138,2672991
1BzXvBpIFWJgu0P8P6xmP4,US,2022-04-07,42,2671791
5mSRLKGJ0Uc7FW7SlJFKaP,US,2025-08-07,112,2671349
2uHgCkaiHwZKl7tDBTVsyW,US,2024-01-25,124,2670188
5OLmn2zkijgVleNhMRjYQp,US,2025-12-25,180,2668797
2tWioTW2rs0CXf1dTXlRrX,US,2024-12-05,194,2668088
5Fdj0DtH4ZhymltyN5xEv2,US,2026-07-30,94,2667534
4LreWoO3cpgiIfrRwbOUSF,US,2023-06-29,98,2662879
1KwIDHEK3CYbHPJUTMxxNu,US,2025-01-23,131,2662240
6G7QhTqDsP5vIdLQTYXXOU,US,2025-12-25,182,2659807
7H3lr9bsPBGFx5NyTuBBGc,US,2024-02-22,149,2659678
5EWPGh7jbTNO2wakv8LjUI,US,2026-07-09,108,2658303
3qGiNlNOuGjVocanXiM7mB,US,2025-02-06,160,2654797
3zs87EV3EZSh2UpiXxT52Y,US,2021-07-29,51,2653319
3zs87EV3EZSh2UpiXxT52Y,KR,2021-07-29,153,11319
3QQp1Y4zWok1YvzB4zutGy,US,2026-02-12,163,2653160
41DHDnlRXQiNJf3GbisIYk,US,2026-05-21,171,2652937
25uBGaikHi0DhMiGMfuXYE,US,2021-06-17,64,2649851
5UHK1rtK4MpBGb0KppIYh4,US,2024-06-27,170,2644579
4l4gr5KjRl1msqINS47y20,US,2024-08-08,156,2642609
0oJUk2PO3UVd9dZwPn0SRI,US,2025-03-27,138,2642323
5c9tBmJKbTdn1vhzXHeAwW,US,2024-06-13,184,2642001
3qgbmtmVEcIV6VYCbgj1cu,US,2025-03-06,139,2640066
4PRDNZEGrKlPj6Y0hMFdN8,US,2025-12-18,149,2636748
4sNG6zQBmtq7M8aeeKJRMQ,US,2024-05-30,192,2636356
7bO7a1KrtmGNDIOy2u3siZ,US,2025-04-03,131,2633219
48vIfHaK7by6x0T6ucpODL,US,2024-02-15,169,2629841
2wbcBAG51wD8fQw8ykL2Ab,US,2021-08-26,52,2625798
1NtyeXryylf8HWXnxVTD3v,US,2022-08-18,49,2623935
6mmPe3Y3SEtYb9HZsHTyrj,US,2025-02-20,155,2620642
5sWxZXRYjkAnRQr7894dRa,US,2024-09-26,162,2618757
7jEpRsSusmGqKFISucMnV7,US,2024-04-11,167,2616767
4MUlNqSrMeFAHA6VpJKMo8,US,2023-02-23,90,2610741
5waTXjl4V7YBw1Bo4CsjlM,US,2026-02-26,119,2609976
2JfyjfqbQrTXMzH8n0fOht,US,2026-01-22,109,2608719
4LYNt6hWctTuZWYiwafuD6,US,2021-08-26,53,2607580
5uSG6fUPRaehaV820zcpsK,US,2021-08-05,60,2606685
57L5EYzCfHS7Jd58rV33lW,US,2024-08-08,165,2605265
2Okh2n1EHlGhviAYv75MOB,US,2023-06-29,101,2605137
0wGVE3BxTW5KCjoLsNlVRB,US,2023-09-21,128,2601411
6S4WM9LW6oGkAtBFePffh2,US,2023-04-06,106,2600450
1yPfHKF0zxjDZt58hxhTxe,US,2026-04-16,147,2597764
7dSCxR4LqkmxoBrq9MzVSD,US,2025-11-06,106,2596887
5oEM9EDKL9y4XLTJzi0g96,US,2025-06-19,114,2596576
6k54kYFGcR5OqsYgp0PMlY,US,2024-07-11,184,2594802
4lqJsJd7kqWVvamQ4aFHA8,US,2024-11-21,158,2592407
23nW05dyMpuazGsFxdqBjB,US,2023-09-28,130,2588879
3Vlt0DKYBK0h3Vf92nywhp,US,2024-04-11,173,2586427
4CPcZHzSvIBM8AKhdHUwnL,US,2021-06-17,68,2586037
3ts6xK5GzfMAAriT9AIBmP,US,2024-07-04,194,2584890
3fopcCEKZaG9Mg6ZhNQzqm,US,2023-04-06,110,2583239
1lNEXDlxVhsWaq2DLBUDgC,US,2021-09-16,57,2580370
71jWljGDgSEpsa1LA5LHSg,US,2024-03-21,152,2579071
6Q9IUoBTNLHgBib1FSFGbj,US,2021-07-01,79,2578041
2FPmvXIMpjgzJQbUeJo8Iv,US,2022-07-21,48,2574944
18DEvCPCmzVpo2en9DeylA,US,2025-02-27,164,2574648
6FRKxwDHTDGr1lqQ0SEprH,US,2025-07-03,126,2569402
2NFadq6pUeiVEihLvUlOSr,US,2023-06-29,107,2567536
6ON9UuIq49xXY9GPmHIYRp,US,2021-04-15,66,2565608
4pDU8T52yTGZutyDQd8qSF,US,2026-07-09,116,2561357
28PeqNMnFfVQnXvXmyf88G,US,2021-05-20,60,2559947
1LsisG6aoqfsF1r6M4LpMO,US,2025-04-17,135,2559809
2JqkpMe2eJToJNHEqkJeCu,US,2024-10-31,171,2557848
3rXlcLZk3MCaRPND5g9QiW,US,2024-10-03,159,2557237
7My9ca9QEIR8MvIOdIrTWA,US,2022-06-30,54,2556138
3xytfOwki3uHqzhvMWI6HN,US,2025-07-17,147,2551737
3t5OV1asJHmOlf23T08CLv,US,2023-01-19,79,2551498
2dYXrWkNO40NXy2Q3IYLRc,US,2024-03-28,175,2549479
22xea6Z2a8BbyVeCksSBX9,US,2022-05-12,80,2548820
3Dmlm9uTQ6dKefftEUeSDa,US,2025-02-06,180,2547533
0wI5MvhcdTrVERaDOHiNnp,US,2025-06-12,128,2546552
2UbMJbQq6G0TJnmnubgolV,US,2022-08-04,64,2546172
3gOI5aQD4mOMLsP3aWrkon,US,2023-03-02,95,2545994
3YUHxgPuHedoZGt9KfGlqB,US,2023-12-14,178,2544261
0lOQaZwX9AkAiSvObh4G70,US,2024-04-18,184,2543082
0pchHye1t8VA9gTHK3hAAZ,US,2026-02-12,177,2540935
05gychGDaYtqT3sWQhZydb,US,2026-02-26,127,2540590
0O4vuJynWVVdyvoHvZtnk3,US,2025-12-25,198,2536119
5pjf75G1zn9EEFa8iaCV5h,US,2026-02-12,180,2534517
1v4m9GLt7lpFM5iOvwQZrU,US,2024-02-08,165,2533951
40EXFgNMOIQRQOwJZ8mJkC,US,2023-06-15,115,2530675
2wVWGFVkL5I3JGsoWBx2AZ,US,2022-10-20,66,2528594
1lb0KfG9EyfSBsEifTUtXY,US,2024-03-28,182,2526940
5smzdAtuOJOp3jEKjTno3p,US,2026-02-26,130,2524139
7yHRmaBkHKXKJmS1xMzicZ,US,2025-07-24,143,2520939
5QvW5lK6mkfTegpAK9JOO7,US,2022-07-14,59,2519273
6D4FK8x2fG9edfjYo7yDON,US,2025-10-02,114,2519091
1lfYsrLHXzo3s7NpHb1fIS,US,2021-09-30,55,2517194
6i5qhmmF9UNUBRyrPSGn4m,US,2024-11-21,173,2516847
5LBv48NNyHsknRYwFWC361,US,2024-02-22,175,2513577
7lcbpfihslisNObKdHjyLo,US,2025-01-09,154,2513291
5NU6kBZORKaoqS09mOqgXs,US,2024-04-11,189,2509364
7ILJ49So2Cu2V6ZoDjZ1Lp,US,2023-12-28,171,2509255
0gcbrwbpdxGHE9nW0TCoKP,US,2021-08-26,63,2503491
2d0UrqT7OYP0gcntGV2rsp,US,2026-07-16,122,2503247
0jkzxxDG8z3Y5OmfNl1VM0,US,2024-02-15,188,2502452
1cdqNRXIRrvT4HnApj6yw6,US,2023-03-09,129,2501360
3Ku0VYAQ4b6IomnonhjdVv,US,2025-02-20,173,2497452
5VEnzMXc8ocZko4M4TqnR2,US,2023-09-28,143,2497423
1hs54MGy1J69I52GvzsrbB,US,2022-05-12,85,2495073
5IBaJDzPGl6e2hOfhjymMb,US,2025-06-12,134,2491934
4WGk4UwyQD0mxTN6gEL4wl,US,2026-01-22,128,2491388
6nTiIhLmQ3FWhvrGafw2zj,US,2026-02-12,186,2489666
2P3SLxeQHPqh8qKB6gtJY2,US,2025-02-13,188,2487589
49GYvCcvMQq1SY3f7Y347h,US,2023-01-26,90,2487179
7kSBvPr9it26XjylB5LJkx,US,2023-08-24,124,2486770
239yM7BAQ2CkNc61ogPGXo,US,2021-07-22,59,2486241
239yM7BAQ2CkNc61ogPGXo,KR,2021-07-22,177,10247
5KvKGFFNm1Y7jHTjaJF74h,US,2021-08-26,65,2485063
2WfaOiMkCvy7F5fcp2zZ8L,US,2024-08-22,200,2482925
5INY1sXYVmFCN5I6cbwdmk,US,2026-01-01,103,2482000
5mzhLQCMA2A0K7KnYxPL52,US,2024-10-10,171,2477507
6AshXllQhobwSXsdpgp41w,US,2022-02-03,54,2474763
7iUtQNMRB8ZkKC4AmEuCJC,US,2024-04-04,194,2474185
5joiME4fAdb6FqrsXOs3u9,US,2021-11-18,90,2472580
5joiME4fAdb6FqrsXOs3u9,KR,2021-11-18,151,10941
5116BQqgzOZ24Dx0ZKkagU,US,2024-11-07,162,2468330
5oJw81e2Tzr2rC0lHXnDPb,US,2023-08-03,149,2467708
5oJw81e2Tzr2rC0lHXnDPb,KR,2023-08-03,185,29834
4wNKxMbE3n1gRm4F6OaCP1,US,2021-07-22,62,2466452
43ee3gqWBlPKe2MeGJ2S6I,US,2025-09-18,115,2465435
3ExweHKZF9B752DPQByRVT,US,2021-04-15,74,2454766
6MOst484piqXpzPPRRe8i5,US,2022-02-03,56,2453845
4nJb9mDNcIy7bWYUJlZoYV,US,2026-01-15,146,2449741
1HBv0BqHfm6sMsAUg5H3Yo,US,2024-08-15,190,2449110
3luic5gdP19rj3dZVNXFTE,US,2025-08-28,119,2444981
6wYGL3Qelrac1WxX70JWOa,US,2023-07-06,144,2444843
745JbQYxoYIegHzHTUxETp,US,2023-12-07,196,2442232
0LWkaEyQRkF0XAms8Bg1fC,US,2021-04-15,76,2440602
1mKNJs35ede94bTPWveVOo,US,2025-02-20,182,2440211
3run9sUbpxozM6Cw0k3VfA,US,2026-04-16,175,2439854
2l7UudWZ44l1WbHx6ANod9,US,2024-01-25,165,2439010
7kOletJ0Q5H4MWe7cfeZXP,US,2023-04-27,119,2438270
3Dah4SWoWwekrG4GShaHVP,US,2021-08-05,66,2437488
6TSHGfV9E66qCNu4UP6xZu,US,2026-08-20,113,2437360
0KoBrntyQ2x6Y1eZwgGe5P,US,2023-06-08,125,2437325
7MeAsrKeb2yyOvYn9cdYcb,US,2024-02-08,183,2437123
6rUkR30u6U1TZywQqeR5UT,US,2025-02-06,199,2435689
3Q7sDOGos4gxbOMkwVYgu8,US,2026-02-26,146,2435453
2buC0ru4cVutdUhxIjH9Bj,US,2023-08-17,135,2434901
2GUSz3vtf8jhVXri1CTrQX,US,2022-06-09,92,2429995
2GUSz3vtf8jhVXri1CTrQX,KR,2022-06-09,199,14533
2m3ObD945KvpE5y9A1eUWm,US,2021-04-15,80,2427849
2sW7X1G7xaNZZX7b92NP6X,US,2026-06-11,165,2426604
4waDoo5KL9b1F5esGSP4Sv,US,2026-01-15,149,2426508
5jhBwnqzNNrENXnYrAdoCe,US,2021-08-05,68,2426489
589jILaMtVqRiVxubmnLiF,US,2021-05-06,58,2425641
2q2HyvGHcDbIgHi9o5gpFQ,US,2023-01-26,99,2425042
0XOynYFi9hQfIXKnTct9A7,US,2026-04-02,173,2424964
1op74nrJWdANtkZH1tmqH5,US,2025-02-06,200,2424142
00Ga884hbpVvCNyeQdle1U,US,2023-03-16,119,2421207
6KFQdIB3njXBQNcg1xUh9U,US,2025-06-12,147,2419065
1hP3y3sr31ZVe1pJnqiKsJ,US,2023-09-07,151,2418875
4EXWkO8apwRtwoi6k6nWHe,US,2023-04-06,127,2417920
2fB5YRuD88drKpCXQOAk03,US,2024-02-29,186,2415380
2fB5YRuD88drKpCXQOAk03,KR,2024-02-29,175,29993
3Tgv4rvWBVwnbmUTlJwzk0,US,2025-01-30,172,2414320
77bNe6jYY8yHdP7orXrz5I,US,2026-08-27,116,2413371
750yKw4gINVQFdBeCGiCwP,US,2026-06-11,170,2412569
3Yd3J42s3GZaYty4Iy4ewT,US,2026-09-17,118,2412151
1cQQB9z7fNQQ2VzSkslt7Y,US,2025-07-03,156,2410244
60dwJ8dnqZ4WrIdiu7LkNR,US,2021-05-27,78,2410010
2sFEmuVVAa2klHwhFaT0rR,US,2023-04-06,128,2407957
0myPb7rgTdf5dTHnfwdvO9,US,2025-11-27,146,2405088
7qIDHVQsrNSk9qjYRsDzQI,US,2022-01-27,60,2400474
7JjciUzSALsonXv6MukgrP,US,2025-08-28,121,2400216
3bbjDFVu9BtFtGD2fZpVfz,US,2026-04-02,180,2399627
7ydu79RLStYQTOi1OM6Dvg,US,2025-07-17,169,2398794
00n83h3zn2IrySO4Q4aTrG,US,2024-01-25,178,2397198
1JvQhXD5FxkK2GjHCyFmZa,US,2025-07-17,170,2395796
4Z1ZlABSKDlVByJL3y5OVs,US,2023-04-06,129,2393252
5GQPBzoRBDxcAjwSSluQXD,US,2025-05-15,180,2392812
38Z8SRBxln5pP7yWLqRYwC,US,2021-06-17,73,2392121
4qUijfYU8EoIWiY6oSyrgT,US,2021-04-15,82,2391565
4dZTNKRngStyYNueXCO2FR,US,2021-12-09,98,2391264
6vQnpXl0KvwTfLpIhoOLHc,US,2021-06-17,74,2390762
5uu2OCGGrTRS1sIvlMgKwe,US,2024-02-08,196,2386715
2rjv9fXzpZDbB6lEeIoB3l,US,2023-06-22,125,2385582
4LGFc5Vv5YlqTvWIa37CbG,US,2026-02-26,155,2385393
3fKpSA5w8iqLe9sNdIDESW,US,2023-09-21,158,2384865
56jNpLhqZaI5IfJwwMdkRQ,US,2025-07-17,174,2382186
1De7cOMrdUnVpjWBaowMg4,US,2021-11-11,59,2382006
2bXJMQZSJND3UYq5mjV4cB,US,2023-06-29,133,2381058
41v5ExDEEEvJsWAPo91aoj,US,2026-01-15,156,2380998
15bnyEOUVRkwWlxR4F7xzF,US,2021-02-04,60,2380155
5ReqKJslVMTo52XRUaVcRq,US,2024-10-10,200,2379685
2beD5W9IkefQ04IO39XF7w,US,2023-06-01,141,2379321
3ytbtkmMnkfwMrBi32a7FD,US,2024-03-07,200,2379265
0aWHb6ujnlXkmmOI1ltStc,US,2025-05-15,183,2379030
7IM4xK4W4n06UAV48ZXMup,US,2026-02-26,156,2377958
3GkEnNf2RWmdwkA2FfjQ3g,US,2021-04-22,57,2376553
1Lhwn4PqeGpM4LTVUowW76,US,2026-05-14,181,2376484
11B7WTuoInwUvuP1BnnGWW,US,2023-08-17,146,2375458
3QQXpvZd9qmzHZ02wDf2im,US,2022-12-22,161,2373233
1aU1wpYBSpP0M6IiihY5Ue,US,2021-07-08,72,2372851
60glT2wsoSHV3B8yCRSB8v,US,2023-07-06,155,2370778
3Wx98ijEDnsxyMYePCuFNI,US,2022-04-28,60,2370769
5cwnxz6QPfbOf731UPqphs,US,2021-11-11,61,2369959
2OZfJcpzSFApBxUA0gXuJz,US,2023-05-04,123,2369268
7kLC499Jj7W8kZUfvZsq5S,US,2025-10-23,138,2365968
1S1WWTuydW6zljNeHOpZXe,US,2023-03-16,124,2363358
4st6K8nGBjANh0mKNvOpnt,US,2025-05-08,176,2362243
4UvlzGkC8W8Ltf2mQ34X3P,US,2026-01-15,160,2361884
5ZWNnO9MyPfGrUHiGWHESB,US,2022-07-28,58,2360811
5g74XKUBIGb6akymXK8QNg,US,2023-04-06,133,2360618
2EPxhPbZczxce6wHbuOlQ6,US,2026-08-20,123,2359733
5d86sS5sUryqkoHy6ZP0Fh,US,2026-06-11,175,2359135
7tTRFVlFzk6yTnoMcParmi,US,2021-04-01,68,2358328
7z84Fwf1R3Z2BwHCP620CI,US,2022-10-06,68,2357937
5OUtx1HW0cLbt1bCuSHlw8,US,2026-02-26,159,2356981
64zQbQTwu4ppBEfWyhst9t,US,2025-06-26,159,2354874
01QdEx6kFr78ZejhQtWR5m,US,2021-04-15,87,2354619
4T2zre0jqstNJ5Gt0WG9lz,US,2021-08-05,71,2354101
4YLizxRQsTqqnvzzYq2VaE,US,2024-11-07,187,2353419
3JXebpWufTcs8iegiRCBW7,US,2021-08-26,68,2353323
1bAv1DWUibxCIjAk9SlzRi,US,2025-04-03,180,2352362
0l6JC8K9Z4n9Gj4KBfgSvA,US,2025-11-27,156,2352021
6pxHjkpwGmg97Yn5HcwNTn,US,2026-04-02,192,2350610
1V0rl8HIvcfn1ztxPuYMFc,US,2025-07-31,162,2345594
7rQ84WsT2Wcnrz5gTmbGmw,US,2022-08-11,67,2345259
4rPl7ezxtoqshKnI1kk3dX,US,2025-09-18,132,2342880
6DzXaIgVIH7oLA1pkUtFaG,US,2025-06-19,159,2341566
6OFCzD4d8kjBOJHxz41gqA,US,2026-01-01,122,2341209
43zr9kKkeiQrshvYuvNtfM,US,2025-04-10,179,2340867
0O82CIwSU4tY11rQhxqAHC,US,2022-09-01,76,2339772
66YywMJbAgzQrGkFKjnSsK,US,2026-02-05,182,2339033
7JIIY2oDPFkURYMCLJuzhe,US,2022-03-10,62,2337458
180tYOjVoVnuDFZdTzgQRe,US,2023-02-16,125,2337320
3v3gyQkwRQGwDUZ7V2q2lF,US,2023-04-06,137,2336393
5S9hlmzNQwZuhynLfxZ8Lg,US,2023-06-15,138,2333941
2JoJrsEV15OzbijS47lids,US,2021-04-15,89,2332313
2gkVweydDn7MmHmqXAlEzk,US,2022-08-04,77,2332027
1lbjDy6IIerHFGZWKG0hno,US,2023-11-23,155,2329932
0w88s8d4hqv3jVYBwq7led,US,2025-12-18,197,2329360
0wLCuuprBD0HYiMZCHcdB6,US,2026-07-16,153,2327851
5E4mQ2mXblbeuI4tefnMZG,US,2023-03-09,146,2327392
04ld6agKMq46IDG1THZqTe,US,2026-02-05,188,2325041
4obgLgDkkjoGpRMa9lyFWW,US,2022-05-12,92,2324831
1IWDzlzjmhKZQp3dqXfv6W,US,2025-08-07,158,2324547
7BjcYqD0CqXnG45ezWSTYR,US,2026-04-16,200,2322466
69AHqDMcDKyxKL1lNNCIve,US,2026-01-22,160,2321967
4ugKUZExbqbkKXEmbTrTRW,US,2025-06-19,161,2321143
09riz9pAPJyYYDVynE5xxY,US,2022-08-04,78,2317784
7KaIFFdq8KgBcDDvdgTrIZ,US,2023-09-28,171,2317691
5vhrsx08dHh2QcVh1Rsiwt,US,2022-04-14,58,2317274
4OLT65TRsOx3Iv1TlCcQVb,US,2024-11-14,192,2316671
3txlvthoUa9vWvG1zr2Lnr,US,2025-08-28,137,2316017
3p4hRhMcb6ch8OLtATMaLw,US,2025-11-27,162,2315735
4J4SkI6qmb5ngZVw9mf9op,US,2021-08-26,72,2314320
3CNbrXrUrEARw8zeKNCdYo,US,2023-03-02,121,2311344
0e0JshRej2NwT7jahEmv52,US,2022-07-14,68,2310205
3SeNIwGVirXfaTWAOXcU2k,US,2023-04-06,144,2310166
0mfemgLsr0ucLSOBOc4xJ0,US,2025-05-29,189,2310164
3wuCCNCnBhJlwkIJTBZFiv,US,2026-05-14,191,2307826
1dj1bE6SpLu8jLotrzWsJF,US,2026-08-13,148,2307422
6WjwYL2tzzci2pvpv50rS4,US,2025-10-30,151,2306362
5ts6i8uvQcihNqmUcxRMFk,US,2022-01-13,82,2306240
0cuNKdwaFrDJ4G1hYxI6aI,US,2023-08-03,174,2305771
4Nf5EZ40JenjMUKXOiyRU5,US,2023-06-29,143,2303362
0JbSghVDghtFEurrSO8JrC,US,2026-07-09,163,2303239
56QNTK715IJeYmJP2grB5f,US,2023-10-19,174,2302661
6yTy7zuNnUglg5EIlD5vX4,US,2023-03-02,123,2301073
7ky2X6PAaUZTQjaDniHRot,US,2022-05-12,94,2294303
4N1dogCaVWnGyFdPjdqNWF,US,2025-05-08,194,2294211
1G1R0XgChe18Zr1o6tlmN6,US,2022-01-27,69,2293759
63kLorCFyk4ZHMHPhcWOtO,US,2023-05-25,151,2291881
3GEGJVMKsI9OcVGMQsZ46R,US,2025-08-07,163,2290957
4sIFi8LpJWPvI5xviWFyA6,US,2026-09-17,135,2289285
2NT5EOtSEOrjfisvwmSv5S,US,2026-05-14,197,2285313
5Lv5L45PQmp5CTjs5PlQ6e,US,2023-06-08,148,2283843
285SoOQEyRSjw1XF4cJ9Kw,US,2023-12-28,200,2282931
5Lfdb0KKLWKEns27p20uYt,US,2025-08-28,141,2281087
1lw3asU5xp73sdBy0rYsuK,US,2025-01-23,193,2281002
01VzuxoBYMAJLObfU0w6dI,US,2022-07-14,72,2280479
69qvqJ61NqTtr1eO29tapa,US,2023-10-19,179,2280201
76uwSqRmmSfRZVocIceH1b,US,2026-02-26,179,2279377
7Aj7gSqpF1HdkftImtgil8,US,2026-07-16,171,2278038
22f5gVlJXlTRSCezQDISFn,US,2025-07-17,192,2277839
1hS8xbWKEifaf0VuFpIY69,US,2023-06-22,136,2277566
60IGhnH20N82dNxKnc8jDd,US,2025-07-10,170,2277046
4ASBfwBwwo7DTT2zq9YSLP,US,2023-11-23,166,2276803
0tQ9vBYpldCuikPsbgOVKA,US,2021-04-15,93,2276341
7rzNKooM3JrKVT40fR22HI,US,2023-08-17,173,2273450
7soheVOGSiTE8boPNzDibi,US,2021-12-16,115,2270213
3dbgC2uwnzznQBJpJs1prF,US,2023-04-06,146,2269993
7wS6EAZast0FJGw79CXGND,US,2026-09-17,140,2269784
2Tif3Rjua8qfTCUFP6lFrV,US,2025-04-17,184,2269332
7aURTqVzpZxkJfboCvGc69,US,2025-04-17,185,2268369
45M6MPP3yI5I1PXse40lpR,US,2023-01-26,118,2267343
4L8wCqX7DmID3UJ64w8Mrw,US,2026-02-26,180,2266618
293QwzG48nRXlqk5lGDUbw,US,2023-06-08,153,2263407
5sVrb7EJxs2LriI1m3KuX2,US,2025-08-14,148,2262823
48QmKjg2FI6BfNW7SX1h86,US,2022-05-05,82,2261516
4gJfPoMIcSDGY0tMGxm6Fu,US,2023-08-17,175,2260545
4ZUNw5tDBZTOqzPEVIYyOy,US,2021-09-23,79,2259237
2krESug6AyfOL07tlaGwts,US,2022-07-14,74,2258333
6vOeokRJNZjouabFGDLH1C,US,2025-04-17,186,2254516
1iTBTk4xtwo4lBMcPVNoPh,US,2026-06-18,197,2254274
21DN44aYlSoyfOQcboC0IP,US,2021-11-11,66,2253084
3GXjlz7evuodm50dfiDDWo,US,2023-06-29,152,2250465
11QNo3ld81pncy71q6VIic,US,2025-09-18,148,2249004
5cAN3P7jWVf78gev1eF7TJ,US,2021-06-10,78,2248336
0BBaLX0AEwUCmsJyI5eJ6U,US,2022-10-20,88,2246168
0m9cSkuwYOCUWCf48IS5ds,US,2023-07-13,175,2246152
6f40eqAkAtDKodipTfThZc,US,2021-01-14,87,2245714
6805NqZ8c443YjfQERNoAq,US,2025-08-14,151,2245707
4inPxqHrj9VmjLx5JCDCV4,US,2023-05-18,156,2242398
0GONea6G2XdnHWjNZd6zt3,US,2026-07-09,181,2242295
6hP9uvjkqnt8u2i9u2xhJC,US,2022-01-13,84,2240167
6RhqlFP8FOZLZ4GWqokALY,US,2021-01-14,88,2238855
4CljUDO1I5hpKjwSNK6RWY,US,2023-11-23,172,2238426
3JEJwjqLkg2Jbau5922CAb,US,2023-01-26,123,2236664
2shcL1H6lVSrIaCtshedcl,US,2021-01-14,90,2236406
0NF7g7bRjrPHpwWmCAMXqk,US,2025-11-27,179,2235657
6b77gsnwtmE0mY1Xkv3Tyn,US,2025-07-31,191,2234926
5MqzNAzRgVj2dfp30LJ6s1,US,2025-11-13,172,2233987
56BtPjjWiRc0ch7DH8DNu9,US,2025-04-17,194,2233550
0nafF9MxcXJBQWv3BTKtdF,US,2025-06-26,190,2232274
39shmbIHICJ2Wxnk1fPSdz,US,2026-01-08,152,2230460
7dHblXsJTRemgyIvFNJE7t,US,2025-09-25,161,2227837
1c2ArpI0RmBOk62Tf81xLI,US,2026-01-29,165,2225037
36uNbyvWCUwSk3AnpQmu2I,US,2022-01-27,76,2224839
0DuylJNqsvjRN9hhWUdeJZ,US,2023-03-23,148,2224768
6XOwX1dEzysUrWRbJjJVta,US,2025-10-30,173,2224321
6Wxn79EwKPQvYerlctheGx,US,2025-11-27,184,2224068
6fQeVMxEg2FSKfsQm5ArVR,US,2026-08-06,181,2223605
6qmvAJSUfVGMubvI2awW7p,US,2022-10-06,77,2222613
6qmvAJSUfVGMubvI2awW7p,KR,2022-10-06,182,18010
4bDlONk2X1TMBHKaf8tjCn,US,2026-07-23,181,2222105
4b1QYjd7i5D1Gx2VjN21qI,US,2026-08-20,158,2221489
0uqsdBw9KvD8jSWmfMmMAp,US,2021-10-21,69,2220134
2wn0AYkmcF0Cm7PmvA7hJ7,US,2025-09-25,162,2218673
2l48XirhkqQ5qRqtwItNXn,US,2023-10-19,187,2218397
2ELp0EL65yitpfJYwc5983,US,2021-06-10,79,2218347
6dNOefmb6Lgl5vNtJsSajt,US,2023-06-08,166,2216559
7lJbTVbDEMa3w7NFamrwdq,US,2026-07-09,188,2213888
3p1wCo1LLu41XK83rHO4K8,US,2025-04-24,197,2213459
4s7TIubkdsgdtDEDFEAYVL,US,2021-10-07,60,2212606
3kKPZFQse4LtbnMRhnAlEO,US,2026-07-23,183,2209962
4qtxILwBcAHEHbG7R0xF4r,US,2023-08-03,187,2209208
77Jy02wGI2iU5HCcynsBmS,US,2026-09-17,150,2203655
6fcZVY3WjwKxVKlKFu84rF,US,2023-03-16,142,2203116
5ht9obvnnWeW4eoRtPAoQD,US,2023-02-16,145,2201378
7y2KhPccpkgRSMa3GDXjQq,US,2023-06-29,163,2200220
0fLGrGCrbziOu3dnjQMCWS,US,2023-04-13,153,2199860
4a4KvRWGEUaslwPzpVvJij,US,2025-10-16,167,2198856
2wdgjxZPgtrPd8OUqMSuYh,US,2022-10-20,95,2197934
5MnPcgXz4RXqx09nIqvHKX,US,2025-09-25,169,2197314
7wEs4bYaStkU6SsLZWaXH0,US,2025-08-07,194,2197290
5CC5krEgwJXuoA0F9scOFg,US,2021-07-01,104,2196117
5RsUlxLto4NZbhJpqJbHfN,US,2025-07-10,191,2193826
5x0zW1JcdON7Zli2umGEJg,US,2025-10-23,174,2193441
08XHGvYxioT9gMP6TPuaLR,US,2023-04-13,156,2192813
0UMqDSXk4xvoCNRrIEPf7T,US,2023-01-19,117,2191547
0wQy2OO7jKjm0OOmA7gv3f,US,2022-11-03,115,2188962
5xGqh5mjKgOhp9TOlFeCcJ,US,2021-11-11,70,2185872
6RUpJeXT6U4SPEafnr9Wr7,US,2021-04-15,100,2184825
5nYygW7bTgPOhckh3uDR9L,US,2023-06-29,167,2184529
0r9ZhD7QEbIAcvfhDkIsdV,US,2023-03-02,148,2183880
3lakLxKgelrvKBTyGwDXhX,US,2021-06-17,93,2182915
6Q7Tv7ZxmoOokvuPchcaO1,US,2021-06-17,94,2182334
5a6p56me3eFdKXcWnsPtLE,US,2026-07-23,193,2181759
6JY1IdkZGeIcPegKxjSKeb,US,2026-08-27,162,2178848
1GfBLbAhZUWdseuDqhocmn,US,2023-01-12,127,2178529
3PvChJcbDMKFCQppIRYQo9,US,2023-09-21,197,2177972
4egy2d8QiyXn5tzVQiptTb,US,2025-07-10,195,2177625
5D7PM5yNiHKnU85Y055vvb,US,2021-01-14,98,2177350
2aTf0R0TQCJJKcb0ipszD2,US,2025-09-11,158,2175911
4wH4dJgrsxONID6KS2tDQM,US,2025-11-06,178,2174113
4Dk42ykoREkq82ny0mWZnU,US,2023-07-06,192,2174009
6UAy9xYeTWjZB7h05p83e9,US,2022-01-27,82,2172855
2Ggr9IfS70wYQacW8nZKPG,US,2023-03-30,165,2172248
775hCSePn3GW4h9nZ636kq,US,2023-06-29,171,2169506
4wQmwPWCUn6gi11Gep2qsP,US,2023-10-26,177,2168342
2nGzxt4Ww10tUoyDdkNqWq,US,2026-07-16,199,2167839
5bhTUxSNkAZ4H3uFjSJRTY,US,2026-01-08,168,2166297
18JiNe32mvOL72aysWL2ob,US,2026-07-23,199,2165790
3gnBcl5KRYTzIQyCOQug6F,US,2025-09-25,177,2164260
3lIHa4fUwNKOCSS5k3Za0i,US,2026-09-17,161,2163278
0qAIiGFKLdV1xpNlEhjpq8,US,2023-08-17,195,2162616
0RBw4ODUQPO4cuAOZtBGga,US,2023-07-20,185,2161747
4JI9FH3KOYOushudtnZt0z,US,2025-09-25,181,2158928
6DoUDG1GJrJf6eGQLUBBnm,US,2026-08-13,193,2158709
67QVeMvttYHbB1Zuvh0cn6,US,2022-09-01,92,2155279
7HFyGCuGYFmHjxnjujBxM1,US,2022-05-05,95,2154263
2gJj6WtAxXjApMs3PXsCeX,US,2022-05-26,110,2153276
0syVTyo71ordJjSd8cuElB,US,2022-01-13,94,2153128
1dzQoRqT5ucxXVaAhTcT0J,US,2025-11-06,185,2152674
4mnjwMLCk3JZkhkok3u5g1,US,2021-08-26,87,2150342
6q4yusLwjDYEcF6jXHdt7J,US,2023-02-02,129,2148541
7Cj3tnMCpXpHgE8CIISbGq,US,2021-06-17,96,2145931
2itxcGh2MqEGswuXdeRlLL,US,2026-08-20,183,2143170
4M68xjcc42oxyphhzpOWXS,US,2023-11-23,197,2142292
6wj7wjtegmkziorQ2tt5Pz,US,2022-09-01,94,2141363
0kNYrbMehFxp1eleTwUjkP,US,2021-07-22,84,2137655
48oQGynnS8RLiYRFsJ6pDL,US,2022-07-14,87,2137385
2wzionesqIt3x5Sglb4n91,US,2021-07-22,85,2136969
1XRzIGsdYaLi0jHeGlcHGP,US,2021-10-21,75,2135405
64IcRXZ9TzOOqyse3EPA3Y,US,2023-03-23,161,2135282
1EnWTwagv0XR5OJ51WMdzj,US,2021-06-17,97,2135077
7k0wVBW3cvV6Xmb87JikIf,US,2022-03-10,85,2126895
7k0wVBW3cvV6Xmb87JikIf,KR,2022-03-10,179,11035
3QPLboX38WnMhQDWSDuqcY,US,2025-08-28,178,2126229
5s50vIGQHK8FG8LfSdHC5q,US,2026-08-20,191,2125867
4iz9lGMjU1lXS51oPmUmTe,US,2026-09-10,175,2123791
3IxMaULfjq4IT2IN6v54PB,US,2021-05-27,100,2123680
2hKdd3qO7cWr2Jo0Bcs0MA,US,2026-01-08,184,2122709
1dw7qShk971xMD6r6mA4VN,US,2023-03-02,158,2121560
0zotwiNo16aaUg76C4Fgl5,US,2023-03-02,159,2121208
2LCGFBu1ej6zt4r1VGPjny,US,2023-04-13,166,2120047
2QesOhDm8RV7gQ3xbu41xm,US,2026-01-01,157,2119545
40dlJFdqfm8CayhmmS9UB7,US,2021-10-21,77,2119384
6MF5JoJYj5uK07Si6fRAPM,US,2022-07-14,96,2119243
5NRtdsFFlmyE8qDMgS08PE,US,2023-02-16,162,2114635
79gv58G6usuURwl6TlmBTu,US,2022-06-30,93,2114336
0a2Yk4ORO4MsGaJ4DI03qx,US,2021-04-15,105,2114019
2hn2zOA2XFlv6DSmesylrL,US,2023-07-20,199,2111126
6N9U1wkWniSXD4TKD4ln0h,US,2022-07-14,98,2109334
4cZnOey9w6yxegFIzE982M,US,2025-08-28,183,2109087
1CrPPsibP3uTc3DSI5vQC5,US,2021-10-07,70,2105791
1n2wszmJyVkw6FHqyLnQsY,US,2021-04-15,106,2102529
3CEk3KwDixeCKOVPacup7L,US,2023-06-29,186,2097932
00zk0uua6s2ifh0Nc3ppfW,US,2023-03-02,166,2095391
2Ep9xSNftebXZkSQp1yM25,US,2022-01-13,99,2092933
4qfkZtOGVw2BXa05wqXKkV,US,2026-01-01,166,2091977
7LczcBaamU9pTkV4Cl9NyX,US,2022-03-24,89,2090850
0Dl965SLJGi9bB0SrvtPRx,US,2022-11-10,137,2089880
2ehLKvUsJq3EUAPpvT5GOM,US,2023-03-02,168,2087441
45Nc6nYgV3yBvAeRaZt689,US,2021-07-01,112,2082132
7g43YzKWtb1NMRcwD896ww,US,2021-06-17,104,2082097
5Qs6gTnyrG0KGYbuCzoK5k,US,2021-06-17,105,2080271
4CiVz4bw7X1zjCaJ5ZwxUS,US,2023-02-09,161,2078953
78aELoNP2X3DC3rjHEVLPy,US,2023-05-04,178,2078226
4Gm1VAxKdLS9aL7bkbZZyr,US,2022-03-31,95,2076320
12SqxMqtStXppn5fjDYr45,US,2022-08-04,100,2074566
42qNWdLKCI41S4uzfamhFM,US,2026-09-17,177,2074136
2MyQK6cKu9IAzNXiBm7TD0,US,2021-09-02,106,2071916
4RG7P0CXQ4pe0OeCAHjX5L,US,2023-06-01,186,2070018
0DmkBOGgEWMbUJlL6VwwF2,US,2022-07-21,94,2067322
0O3TAouZE4vL9dM5SyxgvH,US,2026-01-29,193,2064035
5eTaQYBE1yrActixMAeLcZ,US,2023-03-16,180,2063712
6YJYhPKP7MRzJSHqe3QI9K,US,2025-09-18,192,2059577
19n0UZuW8AArMVWNztoXu9,US,2022-05-05,110,2057976
2tnfun3wNXMb81Om05LczH,US,2022-11-24,135,2055116
5yAIrkplUEpMNeojW8Q30o,US,2023-03-02,177,2054815
6Ole34qqbgkZ60IyrcVm7e,US,2022-10-27,121,2054647
081Shn2hU3YxvQmGaCPegr,US,2021-11-11,82,2051995
7JIuqL4ZqkpfGKQhYlrirs,US,2026-09-17,186,2049498
2IHdMccpnU0PGHGltqM2Sq,US,2023-08-24,197,2048255
3xMnPIvsaWwzHzqqzaihEX,US,2023-06-08,195,2048189
1rpfEeYbtYDcnLWSBZBmNH,US,2023-03-16,184,2046463
22skzmqfdWrjJylampe0kt,US,2026-09-17,189,2045556
5r30gHLxvhp60XMc5TIIMh,US,2023-05-04,188,2044873
1cSFlSBdpT4F5vb1frQ231,US,2021-04-15,112,2044603
6rb3wFQ66EWR7DcPG0oEE1,US,2023-01-12,155,2044204
2kPlWEOm2tQlaZRE01IbBQ,US,2021-06-17,110,2042697
0YH1xT3Z7wR6dZyaCwSziK,US,2021-05-27,105,2041135
7H5Bv8j9chJ4CWTuoXF4EK,US,2025-09-11,193,2040535
31yydnZnSeCwkRPY7tlgQJ,US,2023-04-06,196,2038855
3lE8TCA1FKNQthjj73Sjrv,US,2023-01-26,165,2038707
3gjHnylel3PTRpjS44ocqr,US,2026-09-17,193,2037463
04HeNxRRVjcwctfp2K2kMu,US,2023-02-02,157,2037447
6w9GrSUaQQIaMBYtabge7p,US,2023-03-09,196,2035559
5EVzgDPaM0LCM3M5exl3z8,US,2021-07-22,94,2034956
0NvHg9fiix03UG7hdYx6DI,US,2021-06-17,111,2022707
6clDsO8HwhHEgJDDp88VdL,US,2023-02-02,163,2022578
0pytLWYHCQdheIWB2Ay5Dk,US,2023-05-04,197,2022235
5epEhWhXug9oAjJZVgIMVS,US,2023-03-02,185,2020370
1ZM8toCOlnfBKJdvR8GqUq,US,2022-04-28,96,2015453
7KDYKPhxFFRDBSbgcfLxUT,US,2022-05-12,131,2013789
15JINEqzVMv3SvJTAXAKED,US,2023-02-16,186,2013590
2Nc1v8I86FUGorwjXKo0in,US,2021-09-02,112,2012875
2Nc1v8I86FUGorwjXKo0in,KR,2021-09-02,185,9806
4bycD60yZgR6anIBtmU8UH,US,2023-03-02,187,2011371
1wGpEisE7VmhhSazD8hZ5l,US,2022-07-14,108,2008554
1h0rVgfuKa6V9DkVSLAc4Q,US,2023-06-22,196,2006897
4N4wemxs9Em6nJ5kXTjEsS,US,2021-06-17,113,2003638
0VQ3GSPdl4njPOr3lyaoaD,US,2021-04-08,90,2002430
1oSh0SKc4MwmXSGiTtqSXp,US,2022-09-01,118,2001024
4QSehYD2iCp1L3l4B3QNv0,US,2021-06-17,114,1999243
0vbmYCIWENdYyJ36Q4CdSz,US,2022-10-06,105,1996236
7xLfNI4gRNTu6FyXJlzBW5,US,2026-01-01,189,1996083
0lJrPatloYarTbsKciShJu,US,2023-03-16,195,1994754
1wNdGz7BlB9kH5lDc1eLLb,US,2022-05-05,113,1994593
7eTv2OTr3aY5iKtFdBusoA,US,2023-03-02,190,1994285
3vJKLsUYcC7mARUTOMUPaJ,US,2021-06-10,96,1994039
4UHyrGQCHu0Orh2utUxbNY,US,2022-03-31,105,1993407
32ny2YtiR7zKi7PBjiQ5Iy,US,2022-06-30,110,1991639
4HTY26kzdGCKJF1EqcRd2J,US,2021-10-07,84,1990504
4lfAwGFU3Zo2ZruXzRG8tw,US,2022-07-14,109,1990194
62tDpymKVSXEu0W3d4AMr9,US,2022-06-16,124,1982797
0lmRKkc33g1N9fWW9nZPVc,US,2022-06-09,131,1981748
3mXOssdHHkN6AvLw6ZgKiL,US,2021-07-29,92,1979461
6SroqZFR8fPAcvhteW5y9W,US,2023-01-26,181,1979277
2SiAcexM2p1yX6joESbehd,US,2023-02-02,171,1976449
2Q6NVIPwqtosYBXQ0C00d0,US,2021-01-14,118,1973859
1Fuc3pBiPFxAeSJoO8tDh5,US,2023-03-23,197,1969305
3U3Ff8ZvL6oEu1r98gCCWW,US,2023-02-16,198,1969064
58T4yPLn4NjBYXfRxeweyM,US,2021-07-22,103,1965307
2X7c8wSJD0urdk9aWzpu5D,US,2021-01-14,120,1963868
7gpIj4wMeTKptFxetrNKzY,US,2021-11-11,91,1962141
1luvsaicSpNDRLgOtRZxWO,US,2021-11-11,93,1957168
18zQTt3ifDv6iLni2YuXMg,US,2022-11-17,149,1956365
18zQTt3ifDv6iLni2YuXMg,KR,2022-11-17,193,19149
7nVERWQXlgZRQsYw4fHf3b,US,2021-08-12,89,1955556
51A8eKvvZz9uydvIZ7xRSV,US,2021-04-15,123,1950667
3MTm8eZ2wCEtpyZqqhP6Dn,US,2022-06-02,129,1948847
30vAfL9Wyu2fu07vdbZ1Xt,US,2022-06-02,130,1948103
3kT6P4hFj0IVr45TjKOLRp,US,2022-09-01,126,1943237
6vDyzD9o8aYhR1963oJpkO,US,2023-02-02,180,1942288
64pUytZWfCpeeMBN0XAadF,US,2022-06-30,114,1939731
7zy7iE31dGO70ShMXghsfj,US,2023-02-02,184,1934991
0bBd6K5X4W7t9GyXcaVOA7,US,2022-03-31,112,1934825
5BvfdAtqZXGbR3Ub1Bejb6,US,2022-11-03,145,1927670
4blMQHONplzay3YkNIUlcn,US,2021-11-11,96,1927634
0UmMT7DNXCOJvSmXXGNG5b,US,2022-08-11,107,1925819
1MJJcJnun68wUdIafVWBzZ,US,2021-08-26,102,1924724
3pcxxaUxAMSfz2zgetHydD,US,2021-11-11,97,1923096
7lNmcW2wW6ciV9Rhh8YOMe,US,2022-05-26,145,1920525
2d4XHh61JufZpNdm88TXXx,US,2022-09-01,129,1917281
5TXLMRrIet3CQxkyBZc3yE,US,2022-09-29,116,1917255
24YG5Z8Of1VHovrfXsbvCZ,US,2021-07-22,107,1915088
3rjwafyisDpLdoJ4RecHp6,US,2021-12-23,151,1914416
1TnfJHuRolxBBbweTa3qby,US,2022-08-04,119,1911217
7MFuhP7p3fPQc8sYyeWL1x,US,2021-01-14,127,1909967
4Agtk2MrapdZAVN7v6PuFO,US,2021-02-11,96,1909963
7iNGwN4yuxATUtv0qYXJ8Q,US,2021-02-18,86,1907775
267NGliXM8YLVZiKAD9Otm,US,2021-07-15,102,1903709
4wuMS7NGVbU7hdu94K5icd,US,2021-10-14,93,1903444
4wuMS7NGVbU7hdu94K5icd,KR,2021-10-14,88,12644
2L6lh2RmMs1yz4FQzdbwOn,US,2021-06-10,102,1900026
7newfXclX39UwWTw2gDswM,US,2022-06-16,140,1899513
5x8NgG7Ya18m9wafOvvWYk,US,2022-03-31,118,1898809
66bLKGXOk3kPWWHP7Tbrki,US,2022-02-17,131,1894721
6ja11GoXgF75QkEVqqAadn,US,2022-11-03,148,1893551
0tkgmjBMU6qSxolAKB3f2H,US,2021-12-09,157,1890840
0WSTCrEsC2rsM8zavpfM5I,US,2021-12-16,152,1889737
5TEib5VIhLhDVj3pmoeK7W,US,2022-03-31,121,1887559
4xTRiW8KxQjf6JxeyozXkZ,US,2022-01-13,122,1885325
28ZGbkz2MDnpvHhSRQw4f1,US,2022-03-31,122,1881940
7D7e6hm2LiNd6nLuJF6K9Q,US,2023-01-26,200,1878385
0Rq6JJwpZ9f1SU6Cfhgjv7,US,2022-02-03,112,1875705
0Rq6JJwpZ9f1SU6Cfhgjv7,KR,2022-02-03,141,11562
6HC6V5flWY29ON64Y7XNMS,US,2022-03-31,125,1870286
0oPpchtgx4hZ2J246g5mqn,US,2022-08-11,118,1870067
6luBKkFUt5wTwz7hpLhp12,US,2023-02-02,200,1867213
6IbCvfmmICEEAyDwQ9zcbt,US,2021-09-16,121,1865092
2Q2mcoXVkioh4OBcL8mm4p,US,2023-01-19,183,1864790
0muK9BAzu2TJXQgWPsEj6e,US,2022-07-07,112,1864731
2zpZkOV7sD9C4Cv0cukoHV,US,2021-12-02,131,1864390
64PsLB0bc1LJoZwogWO3ok,US,2021-09-16,122,1863679
37vVp2sWHuuIBOSl1NswP6,US,2022-11-10,168,1859852
041sluNZwBxTCOuu766eNi,US,2022-04-14,119,1859542
3x68DX7Rt8MhQQZ43ouiq5,US,2021-09-30,112,1859480
4FdPnT2cFrpWCmWZd7GXc3,US,2021-08-26,110,1858223
2aWVaW1p2kUc5yuKwBmRJi,US,2022-04-14,120,1857324
5OFEJMirg4NPz7G1zgXDYu,US,2021-07-15,109,1855874
3XfUFGzbr0LmwFVoLXd9cO,US,2023-01-19,186,1853961
3MK6OsCb4VJGdPxvXjW8Q9,US,2021-04-15,134,1850721
58eOTmtMDTcTxRPXbZAvcR,US,2022-01-13,128,1850123
3SWGtKHaCFEUqfm9ydUFVw,US,2022-06-30,130,1849572
3SWGtKHaCFEUqfm9ydUFVw,KR,2022-06-30,192,16097
5QYnNhTKsN3kE7OaqILA1U,US,2021-11-04,92,1848499
5QYnNhTKsN3kE7OaqILA1U,KR,2021-11-04,105,12066
1uYxHHZBRliM9cNzCxq93g,US,2021-05-20,117,1846836
0RkCnqwF8Tfl2QGPZwopyk,US,2022-04-21,116,1845943
0IUprcNjE2hDtlvY8rq2W9,US,2021-05-20,119,1831948
2YMCSqTmBTtcYA8dyUCvbT,US,2021-05-06,111,1831798
3MmvQKMKdN3UhVS3eGzJIW,US,2021-07-22,116,1831159
5vqJLLFlnmCaui7Ng7YAn1,US,2021-07-29,110,1830777
1KaRuTOGchQyTnrY3vWzfR,US,2022-10-27,161,1829860
62nb5YUYUqtYJhVPwRhCke,US,2021-06-10,117,1828937
1xBQDoxqFyloelbnfju8na,US,2021-06-10,118,1827811
1xBQDoxqFyloelbnfju8na,KR,2021-06-10,139,11252
4PuAqZlL1tkidkuxfDlLbF,US,2021-09-16,127,1827615
0yzj6eBs5a6X6d3P5qaQ5J,US,2021-05-27,128,1827170
4Hl9rOqYomojCmxYfr25im,US,2021-03-25,119,1826067
2BSl2gSFHdzJAMus74qzNj,US,2022-09-22,140,1822847
0jdbVCxHze7xkrdyac3Ksn,US,2021-08-26,115,1821171
0GqaZ1L5KAXMNngAZbGvLf,US,2021-04-22,105,1820666
6BiCjPFN5rM9JPy5eP5mCs,US,2021-08-05,119,1815034
2pumRJcJLkPPejrEvwLAlu,US,2021-12-16,176,1811675
1dH43IEzvkRIFu6HdXWCha,US,2022-08-11,131,1811002
2SUxn2O9NHL6GHGQFgwCY0,US,2021-11-04,101,1808624
2SUxn2O9NHL6GHGQFgwCY0,KR,2021-11-04,108,11725
2FWeNvUo79OeiHWoR1bUsO,US,2022-09-29,138,1807900
58cEG7FsVoipRiRKUMgOjo,US,2022-11-17,186,1807256
2OcbewDrWFNTYRqpSzJBCY,US,2021-10-14,106,1806739
4V5Dv8IjHNTk2YJzU9vgsW,US,2021-11-04,103,1806338
5eSRsILuZOdEz55igfg9qV,US,2022-11-24,177,1804220
2uir82NkzZ8yIT01L6UoJj,US,2022-01-13,137,1804148
6uDBSDI9pDM7C4Gm0hc2hI,US,2021-05-20,125,1798249
7av3s72hOwmgzA2VE5pWDa,US,2021-06-17,137,1795382
7tt5I7ztXfKzZRqyL2FCYb,US,2021-06-17,138,1794711
3I1Smy5zhzNEc9grpjwY1s,US,2022-05-19,181,1794629
0ky8syPEVEfD7qCxMTW49X,US,2021-04-22,110,1794562
4ZkQ2t966y0fmTW6TWNwR2,US,2021-05-20,126,1794458
6Y95jrYOOWDkh7uO6PSDBT,US,2022-11-03,171,1793190
2vdposMtmLoanI0pflut4F,US,2021-11-11,115,1791116
3RhyHYnYxuGnP8njFlNxHq,US,2022-06-02,160,1789928
0EYDsKvLtGMdvsA7PaUvJO,US,2021-09-16,132,1786943
1vERyqgnr9u4BnbLTKFNq6,US,2021-09-30,124,1785811
680qLWCMRfR6evrNNBCE9e,US,2021-03-25,130,1784081
680qLWCMRfR6evrNNBCE9e,KR,2021-03-25,182,7767
4VFGpluBaU1WcquEMzhSz6,US,2021-07-22,125,1783660
14dJexYlvd3t3XAtD1pYW1,US,2022-10-20,167,1783377
14dJexYlvd3t3XAtD1pYW1,KR,2022-10-20,171,20116
3Fi4yOHkFTfVzOE7Ac3AgN,US,2022-09-01,161,1781329
3uwYgNxFDfx1GoLB6tLoUn,US,2021-05-27,134,1781182
5CI4P97F6XAwK1kGnFYC0k,US,2022-09-15,149,1780478
0WA4APfzK7Y1pdzhvyhSwD,US,2022-09-15,150,1779269
7uCq4vBPffjaTMlE8EQzJD,US,2021-06-17,143,1778738
4HiC3ulkTgbEcYYsSuR6PO,US,2022-06-09,171,1774386
7iUmO03ChCW5VZdaycM4aX,US,2021-01-14,149,1774270
3MthJpM1IEYp2ulZe00LvP,US,2021-07-22,127,1774127
0PyJRNmJvJJ5OmffwQf5we,US,2022-05-12,181,1773279
3PT3dmokgfqJSsZxv4Njw5,US,2021-09-16,135,1772284
7IRe1bo7Zm0q5Fn9MlNMZM,US,2022-06-16,161,1768948
14UzhtAQyCRGsuSjInmiJi,US,2022-03-31,146,1767524
43Ykyd3WD3tfaFDhunMZHp,US,2021-06-17,145,1765659
7IwRg7xzgVtugj9KFFp07G,US,2021-07-01,143,1763108
3ZBeHiRJUj1vdiU8zzGPgb,US,2021-12-16,187,1759560
3BFxkzhkESwALQxjxOVFgJ,US,2022-08-18,147,1758534
0b5CzUhyShYuDdtW5J4wm2,US,2022-08-11,148,1757696
0b5CzUhyShYuDdtW5J4wm2,KR,2022-08-11,126,20535
5ChX0Yt1wPpRJFPPecJZPh,US,2021-09-02,141,1755681
4YtoipFgf4k0AfD17ZfD5X,US,2022-02-17,157,1754787
3a94TbZOxhkI9xuNwYL53b,US,2022-02-10,136,1754462
5uVW9FWVaQde0lfF4hYs4C,US,2022-09-01,166,1753958
4MTmAFWHpvB9kPMSRgLFRp,US,2022-01-20,125,1752075
0Vn54m592UkfxfuvAuSr3H,US,2021-08-26,131,1749462
3BGppswSnFNGUSFiJ6rj4n,US,2021-04-15,147,1747197
6vA7RdHmU23h3ygUPPFXz5,US,2022-08-18,153,1743499
7qQMtg44hxQ0ga7NhyyNxR,US,2022-04-28,158,1740539
7oPHGO39MQVukHZjdz4b9S,US,2021-06-17,151,1740537
5rIjbX7rQMj8Gh9Oxd4Vrc,US,2021-06-17,152,1739315
2gpaJPUWNx2xmOwy2NNLu8,US,2022-05-12,187,1739236
2dCmGcEOQrMQhMMS8Vj7Ca,US,2022-11-03,191,1737555
6WqvJZloeOpM8DihbMgIRJ,US,2021-01-14,157,1736387
5uSFGgIfHMT3osrAd9n9ym,US,2022-09-15,162,1736122
5uSFGgIfHMT3osrAd9n9ym,KR,2022-09-15,178,16961
3HGnIIdHYIbkowzLk8UHbE,US,2021-08-12,120,1733558
1IeCWMwZs4rCmwPOjZYWN7,US,2021-10-07,119,1729800
0HrWshW3SuFJ6nKS9ba9Mh,US,2022-08-11,157,1729308
03m2VS3eYqKwbHvEykTYl5,US,2021-04-22,118,1727891
6FyYMbtmEgQDCgy9mYrOX8,US,2022-10-20,186,1727455
23CKxEwKWsLs6LD5poGOLM,US,2022-03-31,159,1725580
5YbHnEYZFkOxLsp5syLMLy,US,2022-07-14,151,1723066
0aJMggmjMva3QFnAbmM2U9,US,2022-04-14,155,1722725
67drO2cIvjeyPkTzVJ8cxd,US,2022-10-20,189,1721384
0oMCHLbU1IcWfXMHeYSfn1,US,2022-03-10,155,1718488
25BIuLc3xxqGyg2kAAiFZ6,US,2022-10-20,190,1714839
5OypcrFg58e4k2iYHi69ED,US,2021-05-06,120,1714821
2659CRCrqaXCaYBMtKrdYi,US,2021-12-09,184,1714525
4qbEaaJ29p32GI8EWQmm6R,US,2022-09-29,166,1714013
5Mv7yjian35AddlklJgg1v,US,2021-11-11,131,1713847
3Bi3ws3uigvFSmfTcSLjnp,US,2021-06-24,124,1712188
7iqQz931tn59mK6IZ3knRx,US,2021-10-28,127,1710628
0HNKMJ2EKCaT2EqcCBj1EH,US,2021-10-14,121,1710363
4BBTalxG6c1Aoai1x1EA5g,US,2022-09-08,162,1708949
06BY7fb0Ztz7f7JPRWSBZ3,US,2021-05-27,142,1708443
3REELyDyt5SPKX2387Zubv,US,2021-12-02,168,1707168
6LoaYlv0bC1TyctuADqNFh,US,2022-08-04,165,1706645
0ZJLssJk51m0r4j9OvXcju,US,2021-08-26,135,1705251
5mt882Eqx22RwFOTE01jS8,US,2022-05-12,197,1703814
510mvRgE4jLSsJcBh2pH0j,US,2022-09-01,184,1703171
1vqhABGCfRUaN7UKK668jf,US,2021-09-30,143,1702468
4iHMpfDjapiXaYUv41Ssvq,US,2021-06-03,128,1701564
2aCj4aX6TXFFUn5zTFRH4w,US,2022-04-07,159,1700223
1fw2lym3kCvhxbIs8UQGHk,US,2021-12-16,198,1699861
2g3qKijfeHfDyM7Fmaoi5M,US,2022-09-29,172,1696576
2D6vfFZxQ5YzPPBODls1a9,US,2021-04-01,145,1694762
19kX6hSlYH31js2SL4jgrj,US,2021-05-27,145,1692738
19ZzEzb4BVK1wVO4brrmZz,US,2022-07-14,159,1691709
0XugRTkCzcwTJ0ZZJbeVHO,US,2022-03-31,169,1690654
4pR5ZEROnKQpJttWNn5er6,US,2022-03-31,170,1689438
0xPcT6j7JFdJjRvQelyGr6,US,2022-10-20,195,1689274
3oUuRNgyIuiqVTWLCChp3s,US,2021-01-21,153,1689107
5OJmt1xiOHZJGx8wTUAjEC,US,2021-11-18,167,1688131
3WSBP6JEf4Y2aKD2swQ8AG,US,2021-11-11,140,1681124
6oIahjoSHQ3GQJg0hrLdzY,US,2021-07-08,141,1680372
45vDAZmpEf8BGVd1EA9yLA,US,2021-12-09,192,1680139
7MmBhKBQnaa0I8TaDJs9ia,US,2021-09-16,159,1674313
0hRStjEfDhCLQ1F0gCefOQ,US,2022-07-28,155,1672721
3XyNi4ARXWBgzeDFKoJPqy,US,2022-04-28,176,1668504
0f6U1lMWlbjnyYBctfjji1,US,2021-06-17,163,1664581
5ycvEFxPeQqqkdOUgWhrJl,US,2022-07-07,155,1660783
1Hgko2YssPJNjOhfJgJ6uo,US,2021-09-23,160,1660284
6V74LEfuOKN9iz7YinOWpB,US,2022-08-18,181,1652700
7jjnn6K7p5MgOFuqLypAcM,US,2021-02-25,142,1652441
6gPPoRYJwCsoB2VVdPJfmo,US,2022-01-13,166,1650603
2AziR5bWTpniyTm2GQNer7,US,2021-06-17,167,1648661
1Jz1yhcPm1Yt6aoed3zact,US,2021-02-25,143,1648580
1huoY7hw3hGVGfuPPe9y8P,US,2021-06-10,142,1645478
6xRnDd8w5GkPTOiHC7zxsb,US,2021-11-11,151,1644999
3wGT3OycqbsHFjIKMZ8EEq,US,2022-08-04,181,1644728
46Tqp6TCGO2vQZyztZy8Te,US,2022-09-22,198,1644331
7z3rc7SCgjbAztt1cbXkVj,US,2022-01-20,155,1640057
3O0XntET8Ee1nFI3rDTwOJ,US,2022-04-07,175,1636087
3OM6qQmdFV6uy61GIqpRtf,US,2022-03-17,175,1631098
0jNFDcGAXPs5ahngmD5R6n,US,2021-10-14,136,1630075
6mM8gri8d2abYYomjOV4ut,US,2022-10-06,186,1628143
5UmCoA8uugbNcVAfKMW3P2,US,2021-01-14,176,1625333
4CzLJ2wsrk1QdhXXuT16gx,US,2022-07-21,168,1622996
1s3etXt5RKVEuC14ugwmHy,US,2022-02-03,173,1622016
2jfjyl9KksCBvkZFN2qd8e,US,2022-07-28,167,1618030
2FSVMyqLldC36p0deIYvI9,US,2021-04-01,162,1614501
6qBFSepqLCuh5tehehc1bd,US,2021-03-18,147,1614289
116HT0QgVhzSxydCwRgpTY,US,2022-01-27,164,1611503
2eYsZ2JEq63Q0S8LQVscBm,US,2021-10-21,154,1608734
3mLx5JNbIi12thSZ4ExWHg,US,2021-09-30,163,1608248
0ioTTk5l0Zz7Oh48qEocgj,US,2022-02-03,178,1606791
0hxRyDVC61KlZGS6m2Min4,US,2021-04-01,167,1603550
3CiF9D8iuVhZWDvvjf8HpG,US,2021-05-06,152,1600818
71qB68guEJjbvtjlkZ8DF5,US,2021-10-21,157,1598335
71qB68guEJjbvtjlkZ8DF5,KR,2021-10-21,127,10419
300RfAPZ57B0y6YYj9n6DN,US,2021-11-04,154,1594240
7xgTVcQqY25wPns8HYxPXc,US,2021-08-26,159,1594135
4wRJHXHDJnKSPr9IVn0BFR,US,2022-10-13,199,1591013
2wOnrN7fkzV4NsLqym2C6O,US,2021-08-26,162,1589117
465eCPwUAz2qz7IdQaxUui,US,2021-08-12,146,1589084
3e2bWR3uFw1utzl37g4z3S,US,2021-09-02,175,1588797
0qkA0NU7cDKWkFXNGRcNaB,US,2021-11-04,156,1585026
5DxA8tzKieKkOrvKnCrADi,US,2021-06-17,181,1584494
3Kwdm0iLyEiRB8InsZoo6n,US,2021-03-04,157,1584190
1fff5nZGyRJtFLkOrSSwOU,US,2021-11-11,164,1583397
4nNw167LUp6j2VvuJdbtv8,US,2021-06-10,158,1582145
0DNv3QYWibdoxgyLykB2l8,US,2021-04-01,179,1580149
2gbRKKSyW7e7vAkyvrJkte,US,2022-02-24,191,1577864
1iV2uSjP8BfHTXVLblBOxI,US,2022-07-21,179,1577236
1rICTKr67UUnoDVvOj4A8c,US,2021-03-11,166,1575779
2Qt8qG9SWPdtRiaWcPNJRm,US,2021-05-27,170,1575564
2JiHR4gCDjXwYVRDmwdk95,US,2021-11-04,159,1574920
2JiHR4gCDjXwYVRDmwdk95,KR,2021-11-04,184,9352
4c7LkE1lSNj3RR4cZo0jEi,US,2021-10-28,155,1574053
1jbXYNuBFgN0BiNRO2cGov,US,2021-07-22,161,1573651
0WWnuzqf8eUwNMpLIIOBuC,US,2021-08-26,166,1573157
681ZlxQVB8XBPRZD1Wk4oi,US,2021-07-29,149,1572385
1jOBlsvKhdqjZAlUAia4Qz,US,2021-01-21,178,1572254
3BMG9dnjNymT1OGUXQTAXl,US,2022-04-28,194,1572140
740gNyGWKk98gy8nJLhHrv,US,2021-04-15,179,1572078
27a0ydWvFCt4jgl9m61lS1,US,2021-04-01,180,1571396
2aQkTUbJUHk3F6nMipZLbz,US,2021-12-30,189,1571266
0KfNomDfIkM7suIHb105Oi,KR,2021-04-29,196,7951
0KfNomDfIkM7suIHb105Oi,US,2021-07-01,174,1571226
6LmNmPxViPRou1YAvyg1OS,US,2021-07-29,150,1570999
0PwFN7vRvY80Hnkoew2x3f,US,2021-07-01,176,1567931
7iqOIHHEmu6Vhw25GgQ2eA,US,2021-09-16,183,1567771
0GX0o6zfRAE50vvFoQQIph,US,2022-08-04,196,1567070
32FhTAAjKZaBein150o3Px,US,2022-07-21,185,1564667
58H8cWvvaFLFg2g7SdOO44,US,2021-06-17,190,1559737
63q3GlHZstxXzfb0zt7ZYY,US,2022-01-20,175,1559593
3jweuceENR5zzn10LhcjPH,US,2021-06-10,170,1556639
09b7tlISM5nQic0l2Qv9lP,US,2021-06-17,193,1555150
2hRlHXzOf14ArYmOPeAXsa,US,2021-04-01,186,1554976
1GAIibUEoZjvG4QsrabVWc,US,2022-02-03,196,1554958
5ikjIVLHoBrgaZ0zNrn6Ty,US,2021-08-19,150,1554886
3cqWSJzuxZCsglpaxWtosT,US,2022-02-03,197,1552034
1Knd3MtE5sEQMh6txcg0k0,US,2021-09-02,184,1543372
7kTlHVCARylJAqm40yVoWE,US,2021-03-11,178,1542751
0kYMwaQWABTkFff8AZjmYI,US,2022-02-03,200,1541373
2gzOFnP4J0AytvaPd86Rhm,US,2021-03-25,176,1540923
1RvoRAL612adAVrPUoAMHR,US,2021-02-04,176,1537766
5wRSnumY0x8O47QuxgqwhR,US,2021-08-19,155,1537500
08hYZJIjLZwUVDiMzzeu0q,US,2022-03-10,198,1534256
5irzewJoHob42Nq3P9kOYh,US,2021-10-14,158,1534247
1c1sdxrYLIiuJOlE7PPttb,US,2021-08-19,156,1531458
1c1sdxrYLIiuJOlE7PPttb,KR,2021-08-19,144,11112
31IfCad1R5g6xqsfdrKwnE,US,2021-04-01,188,1531341
0VYchQkqpeEyh95D1pWqy2,US,2021-08-05,166,1530209
3SDCwIs4eizbx4rDIgB9Lf,US,2021-07-08,169,1529175
0HC6S4VpCGAZvyxTdrMRIQ,US,2021-01-21,186,1527482
7nD5MiXspW533xaREDma2N,US,2021-01-28,177,1525482
7uWdDOhI3wydISWM1AXN0M,US,2021-07-15,166,1525090
1F4QwL9Rj3retjba8AmkfA,US,2021-08-26,174,1524776
5avVDmK9FVJpd3MDO8I3Zl,US,2021-07-08,173,1523127
3OEjvmEBRrdTYbbrkiXG8a,US,2021-09-16,194,1521700
1edgaGx2x2AQeWtL2OPEMW,US,2021-05-27,189,1521661
3Zg68ElzsOAHABZsfXlljo,US,2021-07-22,177,1518344
58ITRjekhkYqHvuE71NUc0,US,2021-09-16,195,1518228
4hxAZVGVvBibnz36zIF6QN,US,2021-06-03,169,1517011
7ipUYshiPzzUs9EdeOsBFO,US,2021-04-01,191,1512470
3hwjxbqGvTRUPi38fLgeM7,US,2021-07-22,180,1511597
6g478D6h32WUmvtlhcpbNE,US,2021-09-23,197,1508477
1PZDyestTVydtHpaIcfUJg,US,2021-03-25,186,1505905
73O30uMI7n6DuzBmbtO7kC,US,2021-01-28,182,1505688
1RSjxBz03F6vEqoHT9jWBa,US,2021-08-19,161,1500418
1giI9yVIG71xY8lPwSDzWY,US,2022-01-20,196,1498618
4f0xBbWvKWmuB17yebh24a,US,2021-07-22,185,1497545
0tQmgwFKw9069z1BXniOiA,US,2021-02-11,190,1495595
0vzSAyinyA619ZbrOaAi04,US,2021-08-19,163,1495003
1k7Sn04nBNcLKbSwORsFgJ,US,2021-11-11,196,1494993
6bCWyr3C3ngZdwizTYWQTG,US,2021-02-04,183,1494160
6hDgNvgXstF65ymjGlxpky,US,2021-11-11,200,1489534
7HiIy4QaA5ud7ZuuyBysKk,US,2021-04-01,200,1487387
0JoauGkPBGhYEHixggeYO4,US,2021-07-08,185,1486311
2dNhNlpZAtV4lwAFW45LIv,US,2021-05-20,190,1485555
2Kr11rtij0QQAaX6T5e4WB,US,2021-05-06,183,1485394
6KIKaWKE9wV6mLjho3w61y,US,2021-02-25,180,1485006
1IZGMPe57hATuLJgmMR4eP,US,2021-05-06,184,1484438
2EFqMCOdTTkcFYHoJH21Jr,US,2021-10-21,183,1484432
5LtzwqIWPXKEYfVcaY3bjc,US,2021-06-10,188,1481386
7N1TIml2jRQRgXUrpXgXrk,US,2021-09-02,195,1478755
5pteD2j5hzE9qeP8BrVT1o,US,2021-09-02,199,1467502
2Y0iGXY6m6immVb2ktbseM,US,2021-11-04,198,1466688
051zam2WDIKOLdu4XYpCaA,US,2021-08-05,185,1463944
779UN3kabApm2zfqX549vf,US,2021-04-29,174,1463385
53tv6ZbyeAwfAUwFaxYbfO,US,2021-04-29,175,1463144
73gEzDLKZNPJms5HkSwBmd,US,2021-07-22,195,1462459
7ClZUuzhHULLKjjrHEz6HF,US,2021-07-22,197,1456990
19n8izXThARSuQAXrOKNbO,US,2021-08-19,183,1456570
6SN1H9p6A0UbsNpfkxEEX6,US,2021-02-25,192,1450214
4qS2KPWvsQzLvRa9oCHw41,US,2021-10-14,190,1445309
43qcs9NpJhDxtG91zxFkj7,US,2021-06-24,194,1435895
4X4cPQicoAfannkUFUXmi9,US,2021-02-18,185,1431351
2cX2coZS1PYBfPs8wgbdWE,US,2021-04-08,197,1427030
4Ixc50wY5pbUvNEogTQ2wL,US,2021-06-03,200,1423608
3jbAzLVcHiI5hYSkcKe1Ty,US,2021-08-12,193,1420364
3jbAzLVcHiI5hYSkcKe1Ty,KR,2021-08-12,134,11612
2Q9nA56DKKJhj4cHMbHlAS,US,2021-08-19,196,1413778
478g4LSkyMB1PMkVOVmIaE,US,2021-02-18,194,1412901
6D7Y1ifRZYfqaTvffJ2zGT,US,2021-08-19,197,1412080
1Oi2zpmL81Q0yScF1zxaC0,US,2021-07-15,197,1400876
2Zza7LeJBNz3R2xprlfrFS,US,2021-04-29,198,1398094
4HyVMzg0sUQsdOxRvSO8Ka,US,2022-01-06,184,1397926
7wBrglFVTNCcW6IhdgBkm1,KR,2025-04-24,116,71029
1ET5lou3teBMA3a5cYeYzN,KR,2026-07-02,11,341032
0cbgFMxCXMzs80R2vxwApT,KR,2026-09-17,10,336210
0AQEShePVSsxMTM6a8ik6t,KR,2025-06-26,5,321282
02KRPJcx4TJFLCXt9qwEUE,KR,2026-09-17,16,296004
6BAnU4WVN9ArEfSi01JwhQ,KR,2026-09-17,18,286297
65pQCf5tMSFEZO9JSfRUe1,KR,2026-06-25,23,229061
0sRcVXli6eqbPASpVXTWB2,KR,2026-09-17,38,198860
75MJ2d8AmBWgf2yeZACwpa,KR,2026-09-17,47,183683
05m8pjsNyv5A2IYf5rndNt,KR,2026-09-17,51,170992
6hcT29EF7UYuwu76eqlys9,KR,2025-07-03,24,166088
1XP3q0p7HL1SKIXiHJ7TRI,KR,2026-09-17,53,164200
2A4rVwAcshN397FH3DVKNu,KR,2026-09-17,54,157884
0ln7N1GKt6zKzO2sdRVnnd,KR,2026-09-17,55,157609
6reXH16jrp0gq5dpV8dV31,KR,2026-09-17,61,150451
318Irz9qyCcwS0teqsaNcg,KR,2026-09-17,63,147862
1KXh1wk1SncHxBYhglT5I1,KR,2026-09-17,66,141943
2e3isF3ZvjBRyMxGvOqsXD,KR,2026-09-17,67,141235
5fpJ94BYW7USgFOM1K2Gwi,KR,2026-09-17,68,141175
0dJosfIiINXWnhO6CYe9wu,KR,2026-09-17,70,140344
3cLyIheSrKRgeVMOgNrEvA,KR,2026-06-04,61,137783
5MOIAV008posdOGmxiJBsi,KR,2026-09-17,87,126507
1fDbHRMmrjT0Jhkj5gOb2l,KR,2026-04-30,95,118282
4YHeXM7mgLvxpvaUGnybGK,KR,2026-08-20,73,114503
0z9hdX8QVspQcdvkapPlMz,KR,2026-04-16,111,114191
5JtOF5nBbjHmcvEhFKL79F,KR,2026-04-09,106,113495
1sB1Hp0LUzt56fAM2wuSl1,KR,2026-07-23,90,111364
1IOb9H50dKN0amB8LChG31,KR,2026-03-26,91,110126
3WTIt2n3W2AlSuzma3ePgc,KR,2026-07-23,95,109891
1tFqZ4Q423bWtiXf1CjcRi,KR,2026-06-11,110,109446
67bXdWqZFre6lPaBIaZHlO,KR,2026-09-17,125,109020
0kUNERs28NE0btoskAwaj9,KR,2026-04-09,120,107630
12j2uOHURUckRvAuFPJKdR,KR,2026-05-28,114,105106
7LVJBq2IZsv4UTHN9sCg9e,KR,2026-05-28,128,102768
1WJCmhRP27WfHstNpQiGpf,KR,2026-04-16,145,102289
6IsblvUWlwFjo5nA9TWpB9,KR,2026-03-26,106,102175
7dke6KEqVsre2xLiuG0aKR,KR,2026-04-23,166,101141
2iaZdQ2Yo1ZmlWXl7pTdtJ,KR,2026-07-23,114,100457
2D669vz7EzV5Byjnmb67jx,KR,2026-06-04,136,98577
3XhrGcoWqzCryMzGS7TJ7M,KR,2026-09-17,170,98369
4Xe0xzBX7entFSxr0iifQl,KR,2026-06-11,142,98204
4X0AxVnhlkSd4ggu78Tir1,KR,2026-06-04,139,97707
73lfEYepfxPGdHnplkgaNl,KR,2026-05-21,139,97469
4hsNNlV2DFit4LSs1wL5ux,KR,2026-06-18,155,97100
09AlOqeaIaKCiNrbXRGjJp,KR,2026-05-28,165,93821
4Oo5FV4sE9QttQHrLm2N26,KR,2026-04-02,158,93635
3qEqmnOldrSIkRGAP8H42r,KR,2025-09-11,79,93200
6VmavOAnMepekIwArBoEEH,KR,2026-09-17,193,92444
2ASsYNmcpoWXEVF9kvpcHR,KR,2026-09-10,164,92421
1KrOm6qJGVpGG7BVcUaFdD,KR,2026-07-23,150,92181
22HU7JLsrH52tANI9T78Gj,KR,2026-09-17,199,91667
0MEUp1Lx7eiDPnAFrKHd2S,KR,2026-07-09,130,90856
1y36TbOny4aWyqQyaGEnxk,KR,2026-04-30,192,90514
5TpPSTItCwtZ8Sltr3vdzm,KR,2026-08-13,154,89779
3BxWRi8BjQquBqW6zbpQxJ,KR,2024-12-05,72,88594
0EbfMfuMAPyFtv07DrRauE,KR,2026-08-13,164,88345
54b0oZVbZW4Ckh28SoCO4T,KR,2026-06-25,198,87964
04dsLeipiUTv5FWadYyYES,KR,2026-06-25,199,87786
5pHvpNgLfqR2w0Du9btykM,KR,2026-09-10,196,87488
7KuUHd6NsvSHzr5wsReyKJ,KR,2026-08-27,170,87121
503e19tHN0QmaraGxAQzt7,KR,2026-08-20,159,86894
6qnOvA4WbP3HdYd1DFRoCr,KR,2026-07-30,186,86578
0hC0ZRWbYnRxDJhRAPfzsy,KR,2026-08-20,163,85622
3KtwMkj9gml6BDeYlyS8nG,KR,2026-04-02,190,85315
71gIEGALhwT1kvp2QnpGmP,KR,2026-07-23,182,84697
6SZrM6wrWgWoUKA3ZkTR5r,KR,2026-06-04,199,84530
6xndk83L8mJQ4sKdGfP4ie,KR,2025-10-30,101,82424
5XyvfAC8S62CHQL2Z3BVYP,KR,2026-08-13,192,82264
5p3BybOa38IjjviVrN9xN1,KR,2025-12-18,113,82157
2O5MJS2DSGT1R9LtVesdiE,KR,2026-07-16,180,81545
1wZrHQvZhhe2vTwHFN6VKi,KR,2023-04-20,31,81288
4jCNLZieeYkijwEXXFeixK,KR,2026-08-27,192,80686
6CyRYi1FXygOyejKcfZeJI,KR,2026-01-22,135,80136
6aj9Cf3LDG3zehyw3qJyRu,KR,2025-12-11,125,79960
3gnwXOQg4qj6q9nYbVgqZn,KR,2026-08-20,199,79127
4F0ft3ZDmIN7xz4HxYW7y0,KR,2023-04-20,32,78853
2IvMayUNvcBnQDQM0VQO7a,KR,2025-11-27,112,78504
2yLRVW5TPUr2xbuaIx2EqY,KR,2025-09-11,113,77283
1zEDtR1s5RwARukQ28PHvT,KR,2025-12-04,127,77075
2aTs07BHIgEoelYtdYONw7,KR,2026-03-19,174,76407
0c6PVOqHNDuhH6uNfA13IX,KR,2025-06-19,105,76162
2VKGO4DNyUK5UxCQB3b3DF,KR,2026-02-12,172,75835
4HjWscTNLKHkeoV3YopC3m,KR,2025-10-02,139,74283
1xgGPtqNbxEejJhVDZ6TAJ,KR,2026-01-15,163,73840
3HC8n2oPye2Co2wuHH0tcw,KR,2025-06-19,114,73431
6gVCanPv8n8EFw8ibzaY9l,KR,2026-03-12,178,73079
7MGUDGEQpcqf29gWAmJyy4,KR,2025-09-25,150,72697
0HNIIJzAVqPXmUOZFx03Av,KR,2026-03-19,196,72301
3seYQZjm06TKo0l7hpmENo,KR,2025-02-27,104,72006
1AO9dgVC6GL4ILlh1RpBnC,KR,2026-02-19,187,71523
5ZuF7Gfj4f1IBta90LWrxI,KR,2025-07-17,115,71149
5QB4UqWDiTnKdmW4QXHj70,KR,2026-02-05,185,71098
67VMTaC74dpi1e2Z8Rs1O3,KR,2023-04-20,44,70995
3dgHBYs0bBgcVwgYZNR5Eq,KR,2025-12-18,160,70516
6Df7MebpSWzJmgzbW1ZyYF,KR,2025-06-19,121,70475
3XYn3mUiV8WezGfepKrU9h,KR,2025-12-18,168,69899
2StQuhn6KdemQlwsvLgwBy,KR,2025-04-03,110,69471
6u7J7OH56kiN2A7Pfv5D0i,KR,2026-01-22,187,69367
09PyC1qMkM0JVtqHHFnjKm,KR,2025-06-19,124,69344
0NsmpxrKw7ZWGKjnWVJtm5,KR,2026-01-22,189,69188
42UXtKXbWkK4AkqeoS3V4e,KR,2025-09-11,140,68715
5I6LZLgCnUkHmUtyj7BpIN,KR,2025-09-11,143,68361
6OPd1gGT2gRadClWhzcPit,KR,2025-06-05,112,68068
4iHYQwgtrY26p2uQG8Nstr,KR,2024-10-31,101,67844
25JImJVprKvTOZEJnPHJEP,KR,2025-10-30,161,67739
2m10VLkPg4RDnNywmh7OkU,KR,2025-09-11,151,67348
2FktPXK8yLMFyx6ZTQtRSm,KR,2025-03-20,133,67325
78W4mTLIh4qoLu92W4IQhO,KR,2026-01-08,200,66743
6AF3XZYqQXe8ZeohNrbFXH,KR,2025-06-05,117,66640
5g1BNy834qelaaS4xRdTTe,KR,2025-11-20,168,65880
5ppdmIeHPG2qLHm0SsmqfB,KR,2025-09-18,173,65812
54uNtM77iZ5gawWBQGnEar,KR,2024-05-30,76,65497
6yTVgo0aw7LGUm4WHGjRxy,KR,2025-08-28,132,64983
7jFJAE7kgapsVLd4b5Vsam,KR,2025-09-11,177,63766
19iJj3pCMwGxrA6pltPat3,KR,2025-11-27,194,63479
1JedlGqkzYvVUITKsvhbPh,KR,2023-11-02,67,63395
7hCUHXMZknrymWCyeMx8B6,KR,2025-11-13,183,63103
7qF0I6Chp4u0MwMXMFDQR3,KR,2025-06-19,149,62989
4fdolSsdFlJ6EKFu2BNuHj,KR,2025-10-23,185,62959
1VXv0ltyTJWcRltuEf5Qin,KR,2025-10-09,179,62791
6jgUrLEivd4DaiYb1izJLF,KR,2024-06-27,77,62353
2wRXvIGUTRWod4yp1k3bGN,KR,2025-07-24,152,62226
0mPYjKXaHYMPhtq0hCIkgn,KR,2025-10-23,199,60647
4OWKzw44sCXWih8qy4Av8K,KR,2025-05-15,137,60586
0mFkmiC5u1V4JBP6PsoVP0,KR,2025-05-29,151,60459
5MaPzLp2vwSqu8YyUZ4zR7,KR,2025-06-26,179,60435
4bGMm3NwFM8q8YC3Y6VLOE,KR,2025-06-19,170,60062
5hfKDfqthxHt6xsgCjimuO,KR,2024-09-05,83,60039
1amaLBTe7l6zyWrWoq2Acy,KR,2023-11-02,73,59943
0VdikQbDdOqxdWQyYsLmne,KR,2025-07-24,164,59688
3GFeuIIJQDgCpVHjsLkEgw,KR,2025-05-29,168,57896
36LrJYnDorTz6v7iEPfipp,KR,2025-07-03,187,57887
519ieUWSSFG5AuPCo0dy54,KR,2025-03-27,156,57705
403TlzPjfgom5QGWX11FCw,KR,2025-09-04,185,57638
5T1tCOZZuoAX9hA1e9xE8U,KR,2025-04-10,162,57009
27VnLN3KUpvEdKI8n1Zyid,KR,2024-11-14,119,56280
4jP982FpZoDv729D0X8BiN,KR,2022-06-02,18,56080
5q7uQrUfdGIrTnspd8tYu6,KR,2025-02-20,149,55959
3HEalV7Rp19wijgkBFZyje,KR,2023-04-20,63,55729
29sI2nRMCyKqmmpWZ6WJsi,KR,2025-07-17,194,55471
0warEAGkdMG9x2grXqKhlY,KR,2025-05-29,187,55083
4YmrTTR0fxBE3nBS8StToi,KR,2024-09-12,92,54359
0DWzK98hPUY5QxlK9TDBv7,KR,2025-05-22,187,54327
1u0BOAJnNyf6RV6B69MpMO,KR,2022-07-14,20,54095
4F8e1uEGDoefb784hyp6Et,KR,2025-01-16,153,53778
5iXD5rOKV99XGtkaiucHpM,KR,2025-03-27,181,52916
3USu1p2lKTzoKFIRDeeJf8,KR,2023-11-16,87,52853
1RTW9UthqmZwr8Od6CH4i8,KR,2024-12-19,147,52750
2FzUD2fJDnR8uEaBtZIN20,KR,2025-04-03,183,52127
4YPF8kjq2Q9hVzOwBjM2vg,KR,2024-12-19,149,52071
5tVnzVWIKrmmuOPGbXUbT4,KR,2025-08-07,199,51927
5Fb64pKATb2BrH4yMPHkW3,KR,2024-05-23,90,51568
46IsYXceKrIz46VHpGwRnr,KR,2024-10-24,155,51000
2L56YCM5eA8xWsUcGgo4zV,KR,2024-11-28,154,50764
39k6Kd9PcgJMkc4DRRztuq,KR,2025-01-02,145,50660
6X6b1RQFCkzhUCpHQlbOiW,KR,2024-11-28,158,50102
3fO6bY9AZndZu8ltaNexBz,KR,2023-07-20,87,49636
5LGk6HojDdgnWmSck7AwZi,KR,2023-04-20,77,49443
0wyChSpqIqOp1nxIBYlYZn,KR,2023-07-20,88,49327
6mbbLSTKMMG50xML4OzlVS,KR,2024-11-28,163,49245
3WcWE3cvBJpRoJSbrxrVkY,KR,2024-11-28,166,48765
13189A36QorREwPdLYzFIs,KR,2023-07-20,90,48623
7zgHEl7FKvSYoinueRFl1H,KR,2025-01-16,181,48389
2ub590isVV1Xy5u8JgBFuV,KR,2024-11-28,172,47986
5dUjBnP5zrWpWA5RGrr73g,KR,2023-11-16,99,47720
6uVpG6300TODQGjOAtXJjh,KR,2023-11-16,100,47707
7Kpom2pMTS0TxnJBittIFp,KR,2024-12-12,183,47024
7g97EfyxPG5XZgYmLig9ML,KR,2024-11-07,181,46550
6L22JhubMtyZNBEFuzeZKB,KR,2022-06-02,31,46112
11qnaqwCtB3UHjIDHsFuEK,KR,2025-02-13,199,45845
1EWTsgQAEsUrnQ8iawhDSN,KR,2023-06-08,80,45541
6lO6FeCzThbz1UmXCLLUlr,KR,2024-09-12,126,45257
5xwyQy35cGlBuheV8fvutf,KR,2024-11-28,190,45247
1IxFHdxSdC5vK1mvxCE0BM,KR,2024-11-14,185,45060
2zPqhdPGNCwzXnvSvj7WgD,KR,2023-11-16,108,44753
5UpOKgvHCp0HkXDgxmWM7F,KR,2024-10-17,161,44630
2ueLsqwiIflzdH8STALWRV,KR,2023-11-02,98,44407
0tHp91iPXT425nduoYRHlm,KR,2024-10-03,120,44334
1L3tUdD47eusTrxQRnr7IK,KR,2024-10-03,126,43871
2OQ30nbqnapjoMlcxKIAJu,KR,2023-06-08,85,43171
04A4WyCRyHQ8Nb3u3IsfzH,KR,2024-07-25,124,42826
5podb1asONjqwKk1iMVOeG,KR,2023-06-08,86,42728
59KQAhHozpW5Tl6CbS1nMH,KR,2024-05-30,134,42546
3EI3OLBeM89B0o0UsIGCOx,KR,2023-11-16,113,42369
3OhW68CiyfCoeGntozuUMl,KR,2023-06-08,91,41964
2Rz7TEBsIXbI1tKsfQOCjI,KR,2023-11-16,118,41876
4M27cSWrLO7bVW8ISJXwNU,KR,2023-10-12,99,41792
3CEm0R0huTRT1IcxYhuTWv,KR,2024-10-17,186,41751
6UrsyvM8b3RMperY8vybgK,KR,2024-08-08,120,41586
66XSjjwZLBJ55s5ZhdlxkP,KR,2023-06-08,97,41358
4GvyA3KLY4S83khi5kLsiP,KR,2023-07-20,120,41128
7k1c7yTyXKW0gLyQ2Nxiyd,KR,2024-01-25,107,40919
7jeccVuv2e6vHJJt7dbe3F,KR,2023-11-02,120,40865
5TTyyKNJZHONhjtAiXL1nG,KR,2024-05-30,141,40839
6dyXogYZZ45wBgRY1Wq3P1,KR,2023-06-08,101,40355
1hewNMWyHhb2zLZMOIPVWq,KR,2024-04-25,118,40280
1qzcBJjBNyxgnzVeUEELvG,KR,2022-09-29,55,40238
3OGSCPdVyj6FWJSm8bx70q,KR,2024-09-12,154,40146
34sW3HrJsxAmbNqlmSoYvu,KR,2024-09-05,161,40099
2uJEnyojuGg31VVlLTQFpp,KR,2023-11-16,125,40088
7qkv7ZLTIMkObkyhNo6sdQ,KR,2024-10-17,198,39997
6ojfWEW5oBSyXQqO9G72iM,KR,2024-07-25,131,39897
0fRcFAYeV3KXMufG8q1yBI,KR,2024-09-12,156,39832
4GZvo0OL3BsRxNrj4TBeP3,KR,2023-04-13,101,39690
0MvgUGhKvrStBo2XsPuwt6,KR,2024-07-25,133,39667
0HEeafoIUSw9baWulU9WYC,KR,2024-09-05,163,39656
0Qh8dlEJ3jVWk57Ql6XrdS,KR,2024-06-27,138,38777
5nTemr4PG8L9jQoqxsZu6w,KR,2023-11-16,131,38709
7iKbV28gTF43LAeovwznXT,KR,2022-06-02,43,38133
7dqUVy6c69qzuAtIFbNeZ8,KR,2023-06-08,110,37861
7dHJMkXIE1pzeX0h5VLUty,KR,2023-11-02,129,37557
2lcRmD1OrJq7PKidfQNb1S,KR,2024-01-11,116,37490
7h7p7gSIBzqTxEEoAR2lwL,KR,2024-07-18,144,36907
2KoeSRTm9cRulYnkaEyUaP,KR,2023-12-07,138,36892
2X9YntcmvOI7Ks0bkkfbL6,KR,2023-12-14,138,36730
12xk4SqP3omYgUZbPWF3nF,KR,2023-11-16,138,36726
0HV0U9vytBmG1zIIAQFUpI,KR,2023-06-08,115,36698
3frLzo91IiVjnFg5efPMsp,KR,2023-12-14,139,36624
0EGVwtzxVKpwRP30ydQ8mZ,KR,2023-11-02,133,36556
11YovYUVkZdLyOFncbecWL,KR,2023-11-30,139,36521
0Pd79ZmfbrE6690cuN9fHC,KR,2024-09-12,181,36450
3lLH0FlC2pYCeZEf05zKQn,KR,2024-09-12,182,36369
1RMnVmHGSvxlexnenQEXSb,KR,2023-10-26,130,36296
1HshHZrFIF5MRXWCZntOPr,KR,2022-10-13,61,36246
7hYGWflgiI2aa25jOgL6eg,KR,2023-11-23,142,36240
6n5M2Al3QgTScpO4AZH9OI,KR,2023-10-26,134,36155
6L54xAfRiWZrmqMaqOvUJV,KR,2023-03-02,84,36120
7aGZLiPMaMKupY4fwzDBb2,KR,2024-06-20,154,36066
6SePnvTZkIXZznc8Ftc6vM,KR,2023-07-20,141,35998
4eSaL5oRwSHcMGvmIrgYzP,KR,2023-04-27,122,35937
1DXomndYd10iSX9uZSPv6e,KR,2024-02-01,127,35903
0NhfkWo4IBjNk8PnOM8Obg,KR,2024-09-12,189,35857
122mDqTfKey7EyWmqrAPKU,KR,2024-04-18,142,35854
7rdGrVIoqwPWOULauvglio,KR,2024-10-03,175,35774
7D7oIpsm4trbxthAU7JMtB,KR,2024-05-02,135,35707
3W96Ba34ka0uGYTlPU3JvM,KR,2023-11-16,146,35327
1SaLI6o5GhfcaxPVAJoD3r,KR,2024-07-11,153,35295
249MAyb50uYCBMck0hSpz3,KR,2024-08-08,141,35233
0AnCWhBbUfDtiQa53CiESu,KR,2023-07-20,145,35222
6BBc24r3QbIP4Qt3gdUOtZ,KR,2024-06-06,164,35143
1T0hdoMSjzoKUPbKRmrDg3,KR,2024-07-25,162,35142
6M6ZNRplLNspFEn6Ab3mOv,KR,2024-05-23,148,35101
3sCalrI0FN3qZiMLkd8N7Y,KR,2024-06-20,162,35078
4RJHDWdfgBwc1WXdL2aWaj,KR,2023-09-07,133,34933
49eleLPCqnwgBSICKgcL0z,KR,2023-05-04,114,34714
1xsmVbbkSdzKcPAS1NQ662,KR,2023-12-21,143,34693
14sD1EmQ20kSJY3P0M82MY,KR,2023-04-13,116,34644
2mhrwBCeY8L0ZnIwQZjkbL,KR,2024-09-05,191,34532
27N2bd3ait2QOnprc4seCK,KR,2024-08-08,146,34503
4tIAHpF340zdoCCIBFcyit,KR,2024-07-25,171,34296
0Hj4YtlD0Q5O0srdZxJUtl,KR,2022-09-22,65,34277
3gYWGRS64XrGSrjD3vvtga,KR,2024-07-18,164,34224
4djqrmDdminiED4aruwxNT,KR,2024-05-02,154,34089
1mdtLny0zugh89vokWGG80,KR,2023-11-16,155,34061
5sSv2lotkWeHZ9YSTQrdbf,KR,2023-06-08,130,34003
6vt4R4q5YL4M2cxl7o6pTe,KR,2024-03-14,153,33947
3urRYZm3Xws15GeNNoqs7y,KR,2024-08-29,182,33819
08H8CT32rALUZvL8TE4ruD,KR,2024-07-25,172,33805
1EPw2pYx7WRlVMmLp3GHFP,KR,2024-04-04,173,33503
03e4A00khehPEsePxyWea5,KR,2023-12-14,163,33413
5rz9tS1TSNbpXmtTdJNGMw,KR,2023-07-20,161,33310
606Cy8x4IPNlYjKYd88pEr,KR,2023-07-06,153,33259
405FiklG3MAiE2SfxNSlNG,KR,2024-06-20,183,33125
0INxaaPlo9DnT0OYEzHdsk,KR,2023-09-07,142,33079
5k5npy7HGpTbzKHhu958ZJ,KR,2024-08-22,172,33008
53x0Yk1qOyurd2MefyF3Ny,KR,2024-05-02,162,33005
51Ku9WXBmDgg9Ni5jg5kuR,KR,2024-08-08,160,32877
46hCrsB4mC1IWcYOMQqNWA,KR,2022-09-22,72,32853
5Y1JLn2xFudNJolHkvoTXk,KR,2024-03-14,162,32846
7fcZk7OXeFWD7DWybltVVf,KR,2023-06-08,137,32678
6vMDcLqfihUWSnn2LAhbZ4,KR,2024-05-16,157,32624
7dTv6c4yQ4gBVFSC3fX0RH,KR,2023-11-30,166,32570
2L6QRccSHAsdZDc9gz6Bfi,KR,2024-05-02,171,32416
05QrjMU5kHV7dpyNmSxqdv,KR,2023-08-10,141,32382
54wqX30KnwGZdLmi8r0Wgo,KR,2024-04-25,187,32354
0Mwj2BjoZwV6ZsYlqj6vB0,KR,2024-08-29,191,32194
40PKBUQRjtW2pUg4zv3y7r,KR,2023-10-26,156,32182
5qm0xv82Tv0WRHUMLKy1OK,KR,2024-01-25,151,31988
1q4BCQssFe74UJmnWt5lov,KR,2023-08-24,147,31967
3PejDs8Z2jB24Y5HpnvFDM,KR,2024-08-08,173,31948
17IcI8xMok8qFNhSPRufjo,KR,2024-08-29,194,31905
4I95uQMtIwg7779WEDy8Mc,KR,2024-03-28,170,31804
6kniGjw06j9O7GFgEFwu8v,KR,2023-11-30,171,31620
008hCrBLW4a7BbC6c6UUBL,KR,2022-12-29,99,31608
2DJRPYt6QLeYlU6xzdSW5p,KR,2024-07-18,181,31580
1y8tPIOh9kR3eQE6TeBCwe,KR,2023-11-30,172,31579
3FxGTxebY5j4Etl1KbIIZl,KR,2022-09-22,78,31544
58xqapN458N2VjibN3uVrY,KR,2023-11-16,169,31541
2bOrjwAmNpzLZBIe51FAUq,KR,2023-10-12,157,31407
7uG8ZxJPQt6BMN0OE5sxYR,KR,2024-06-06,188,31316
549pkLJc17pBTeOENTYPS1,KR,2023-11-09,165,31295
1FTFDCKkVNGf0UCccm23LA,KR,2023-12-28,167,31104
33fUk4sBTnhJQnts8IGGBd,KR,2023-12-21,180,31088
0GLXQAdrh4tdvz0JLw8DX8,KR,2023-03-30,130,31025
0fu0pTLQa8qgymZAXT6ud7,KR,2023-05-11,135,31014
0Zlo4uGTlUdVnd7X4qJBzc,KR,2023-10-19,160,30838
7fQKDpB4i0hiQacjVCXVU2,KR,2023-10-12,159,30770
3uXTRQ41tZ7xwGJ1NnKnUC,KR,2023-07-06,170,30706
1YsU8rW2u8z4F0pwOBQ4Ea,KR,2024-06-27,199,30660
7CQhZA3qNDZBoTKWqjD7gR,KR,2022-10-13,80,30657
3kfQuU6FXW4OXHIHjuups7,KR,2024-08-01,180,30641
0y0uzuB1HxljAY2j0tLETp,KR,2024-03-21,179,30631
3ivdlmTbUSv5JN9W8Tk9V1,KR,2024-07-18,186,30539
3WFTUAPrXvqg3SXC0bsukz,KR,2024-03-21,181,30489
0IVwlMnmT0CS8opHfFZAWp,KR,2023-11-16,186,30329
1qzvzPfqzpNQ01ZBOEkVlf,KR,2023-10-26,171,30267
7rx73Y7UB1gy6bOLqJvsRe,KR,2024-05-23,180,30202
1D11R41GrNKopqfY4JsfTf,KR,2024-03-28,186,30161
77GfQKz4WzULTEoLL286cT,KR,2024-01-04,167,29744
6Vo3VtFuU8qHeXJpb5rDFa,KR,2022-12-29,114,29729
52qof5uEYA0TV0EpR7jNxs,KR,2023-11-16,192,29560
6T4o4xEh61CpgM9v4jG5DJ,KR,2022-10-13,89,29522
4CnDbDsp8M84paAlyPpVpf,KR,2024-08-08,188,29502
0YTM7bCx451c6LQbkddy4Q,KR,2023-10-05,154,29450
1n3XdyPzDSbbVoRUb9QSW7,KR,2022-09-22,86,29439
4zAPGonsOwjqDtRZ3Hh4Ho,KR,2023-06-08,156,29354
6i1PYoUEMHqxAsAUKHkqpe,KR,2024-05-23,190,29339
0LdpgzRupg6P511GEACdm2,KR,2024-03-21,191,29306
3dmZOzXDFXEZXdjPqJJPKt,KR,2023-11-30,190,29280
2rwJP8OEao5y3xexw52HfD,KR,2022-06-02,74,29262
3NJ5Ksj7LNbvfNgEtl3o6Z,KR,2023-05-04,148,29243
3e9z7v3fc6KBXACJwj0St1,KR,2024-07-18,199,29217
53qayme5jMFwTb3fF84uv6,KR,2022-12-01,109,29209
2guRuQxxz0WAMyUMvLGIV8,KR,2023-12-14,197,29194
05ib88vsMeLfwlAfrZyz99,KR,2022-10-13,92,29181
5qqWmtBkXylOHp8aUWsTuA,KR,2024-02-08,173,29181
3BMPko8xMjEBvBdin30Fw6,KR,2023-06-08,159,29111
5bwpbZBOY0mrmRhZ94c0kW,KR,2023-12-28,191,29047
66eZq38bO1ofzmpNa02XiL,KR,2022-09-22,88,29044
3OQWohbPUsvbXaH1AiRazX,KR,2023-11-16,195,29041
4e378M6XRmJBW30gNws2TE,KR,2023-04-13,155,28767
4YGjBlNqjaUinn2aRkWcLG,KR,2023-10-12,179,28762
6OXq1P3P8Z8ky2x8dDtHSH,KR,2023-09-21,165,28755
5r3VFyq4KrdCeRNUDtGfJq,KR,2023-11-16,198,28751
12Yy0hZrUebGnr3IrppPnW,KR,2023-06-29,168,28603
0rqCoWrvQaEqa0yMLzweSD,KR,2023-04-13,157,28522
36jIu8oPR1Z4cguMuHxUXA,KR,2023-04-27,166,28452
6iirdwpyu2Ohg3iVdu4vXl,KR,2023-04-20,161,28354
7EHHUyp0NsNSR25snPWW7f,KR,2023-10-19,182,28332
2SKBwYW23iHoB7CrYSeyC9,KR,2023-08-24,170,28301
7u3ihO1cH9EDCwsz0k620d,KR,2023-07-20,198,28185
7mLHba9b39oYWxxGVbPBXX,KR,2023-09-07,172,28135
2mW3Yc2PLKE6sfLpxkQrkm,KR,2022-12-29,127,28057
1K954KSlnbgKLOd9Zk7N52,KR,2023-06-08,167,27940
6gGtT4dIKt57gPubAGr9nY,KR,2023-11-30,198,27898
74l5BPqT3RbvADZg63Xz2g,KR,2023-10-19,189,27781
078fJxqEUz0LvbHSM6AoXJ,KR,2022-10-13,100,27701
3KvRIvP9kzP2JTljShpSJu,KR,2023-11-02,198,27628
2zlgwqw8BLX2JGB76LIFeF,KR,2024-01-04,180,27578
0Y9C5yhzY7Pa1AqjUFrizq,KR,2023-09-21,176,27556
6Es0Sxn1yE7L0T1YxrYHKX,KR,2023-10-26,195,27370
7oywdKWSg4V37AE05eT9bX,KR,2022-10-13,102,27324
6Dk5fHTvH897XrVzCO64Mx,KR,2024-03-07,192,27154
7hCNBVRhHzcsRAv0TQnOzq,KR,2023-06-22,185,27123
7qwmyLPHUwAT5zCYPRjBa2,KR,2023-06-29,185,26984
56kc7J5Enl1ayKv3ClHMsl,KR,2023-03-23,151,26884
2kJBakUhqFBNT2wNZQQaZY,KR,2022-10-13,106,26758
4fg42mtrSFuKQ9NYBboiiN,KR,2023-05-18,165,26742
3SB8fH05CZEkPTWJAgkAB2,KR,2023-01-05,113,26385
0cIEQ9hmlk2qJFvjZGgS82,KR,2023-01-19,114,26378
7yMSnQEier8Kp4iQuIvt0t,KR,2023-02-09,131,26307
51oDOYN8AOyzvOpcvRGyI8,KR,2023-09-21,195,26167
70l9WbRhCmYrnT02psPSMv,KR,2023-01-19,118,26076
7pYiTMBG8sgPJvXZZ476i1,KR,2023-06-22,199,25983
01nC1XQoc7jqWDJdv5IIfN,KR,2023-03-02,134,25914
5O7UzcP9xERulidcIULOEj,KR,2022-06-02,86,25767
6rB8dfmItwVjDKRVHriRhI,KR,2023-04-27,190,25664
2wvEHkGKifU1FCqUDi00co,KR,2023-03-23,159,25644
3tB10LUdisNWISpLw5gPCk,KR,2022-07-14,85,25261
1eHEEbaK26MZKmGhqj6bBo,KR,2022-12-01,127,24978
517YsJThPWarAX0KXrGPRK,KR,2023-05-11,186,24941
5pclRrU254BhS94sYWeCxt,KR,2023-04-20,197,24878
6KxgptZSrQC4Vv21ZBOG7S,KR,2023-05-04,185,24864
7fhQqMnAybWXKE2lidO3Wq,KR,2023-03-09,148,24786
65TacPD6oZ2KKxWJf2yPlh,KR,2023-01-05,130,24542
21VhZw8GUbgWUD5SNwLPua,KR,2023-03-30,175,24421
7a19SHGgpiev0KdxH7ajoS,KR,2023-03-23,169,24420
6dXt2gwVdumUj1pFEyGg6w,KR,2023-03-09,157,24282
6Uvj0I6nDoxTmIZQwOZqvQ,KR,2023-02-09,150,23990
2MRfEJTfX12xPY0vx4STNe,KR,2022-10-13,122,23660
6WY4wvlmgccWapnIg14Vy0,KR,2023-04-06,196,23437
1zd35Y44Blc1CwwVbW3Qnk,KR,2023-06-01,194,23419
7f9Nbqm1ds2kxGHioJtdf3,KR,2022-10-20,139,22785
5a3aBxwQjcZfT1Qswlc1cK,KR,2022-12-29,179,22754
7mWBvNosCez1ry9f1ba197,KR,2022-10-13,135,22666
2qhRIrEyGTMfbboHWRsUkf,KR,2022-10-13,136,22634
2RUMDEHxOEUoGbPEtRR4L1,KR,2022-10-13,138,22458
63zZufrRDgwcVMUbvbfcJh,KR,2023-03-16,187,22393
5P188CGPr5TKnhTrTGWme1,KR,2022-09-22,131,22171
20hbf8BuH3xZcZZiL8eu32,KR,2023-01-19,161,21964
1dHHWJNYz8SfuDnaV11e67,KR,2022-08-11,112,21878
71mbhY822FlcBmxMgeuUgA,KR,2022-09-22,135,21838
1JoWETByyP9pvWIS8xktfH,KR,2023-02-09,176,21806
0ilwFWjTwXszzwaG3XlNWj,KR,2022-06-02,107,21652
1Z5Dmg7Dvu0X4oSdqLZ3Lu,KR,2023-02-16,172,21570
24ebPi6UpTNw2vdzxGbO9n,KR,2022-09-22,139,21551
6410lt5ieSLvkczCmltXnc,KR,2023-01-05,168,21538
6MqXGSU0kh2auxtZivJ9kT,KR,2022-10-13,145,21506
0CXa72Y0ozZmM5QObUzMxE,KR,2022-03-10,52,21230
2wgYCc1xORV5CI8psWTroo,KR,2023-01-19,172,21193
0cxyNMJpgb3LsAk5XdBuqd,KR,2022-03-10,53,21183
1uIN3VCVKzMXqF2A2Qlw5q,KR,2022-07-14,115,21168
4xc3JpkI8kxLwk1SJafjzh,KR,2022-10-20,158,21116
4oy5p3PSyc3QGgBEUqdiXn,KR,2023-01-19,174,21085
28MATCYDctW5EiBa2repxb,KR,2022-12-15,198,20906
2HoieslRjno48m3VcZcWB6,KR,2022-11-24,176,20808
1zOOl8f7qkjj0AmvlCfLyQ,KR,2023-02-09,192,20629
0XVzQQ8m7CHmc58TDMJuRj,KR,2023-01-05,179,20622
2138nuFxkpawpBEkhyzZee,KR,2022-09-22,149,20559
3e10Ct9oFcIdgFjkDUBV2k,KR,2022-09-08,130,20460
12g9IeQzX7xECLNxz8dpb5,KR,2022-09-08,132,20344
51kQvG4aghW17VSZKkfxTp,KR,2023-01-19,187,20336
3VwwxnQlYfAIIIWwgvdAWR,KR,2022-08-25,125,20237
3wA4ronkc8ZcPXUP0fDgYA,KR,2022-09-22,155,20161
2kIvvkzrcrFqVdPGSHtKYO,KR,2022-05-26,100,20107
5kc5p2mwO2GFq93zw5ZFWV,KR,2022-06-02,127,20051
11JpW4h96X4TlGt6LFpNCC,KR,2022-07-14,121,19944
4wfMnEUQScYZdyRib4iON1,KR,2022-09-22,160,19922
6LZWHcYQBumgCzdeLsuqDe,KR,2023-02-02,193,19920
6keGLa1EdSAA5G0p2RFmVg,KR,2022-03-10,59,19796
3NVskN6estUcP26ZaMcMMu,KR,2022-09-22,166,19760
5bZ8iEjZ0iLq6Hr6GPWsUR,KR,2022-06-02,130,19725
6TFzDICsKe0OqhifV79uKr,KR,2022-11-10,189,19722
3KOM7GQcX4KytvirhfdlCW,KR,2022-10-27,184,19531
51oc6MEsXTpnPn6GOw5VuP,KR,2023-02-02,199,19438
6z1pJ3KUmQagUpMVqL62sa,KR,2022-07-07,123,19404
0OXdfW3Q6VJGpg1k5Ik1SW,KR,2022-09-29,167,19388
4kqaXPFAaaohgxUCFTOe6r,KR,2022-09-22,173,19364
72jCoLdx2R80PiQmZhHPKO,KR,2023-01-19,199,19319
5f2CcxzZoW7hNs1O8NhG6y,KR,2022-11-03,192,19221
5k1A6F2kRnr6XkYKpVt7V0,KR,2022-11-03,193,19173
2EKey8SiwOC7zMtgmAwss1,KR,2022-09-15,140,19140
0GtnPY1LePGHquWzIEiqMj,KR,2022-11-17,194,19018
3bPwNEZ0yLDT1j06XD4I9X,KR,2022-09-22,177,19017
5q6MTurViLpNl0fgHd76BA,KR,2022-09-29,172,18992
7IkuRNVAjwXpZ2DheQHL4L,KR,2022-10-06,171,18938
1nweLvsXxP02tHMOBY140B,KR,2022-09-22,178,18918
3P8LJzc8QBtHqmLQCyoCQe,KR,2023-01-26,182,18853
5Zt86CL16kbPvuwcmHMEg8,KR,2021-06-24,66,18769
6IOF912y8zCgs0b97no4lj,KR,2022-09-22,184,18576
3aUD2nXnCYiGd9V1UhfyRz,KR,2022-08-11,146,18112
1TE8BaHIA2VjE1twrZETS1,KR,2022-03-10,66,17805
4xZtkGQiFjG1DNA6bQYyHg,KR,2022-03-10,67,17775
7yfH1m18qMk1gAXPazWX0v,KR,2022-05-26,129,17546
0nEsLR5KTySCO9CfyC2yjg,KR,2022-08-04,166,17361
7cHXwaBnIBFUPuP376z07E,KR,2022-06-30,172,16973
63dt1BEeb05e452S14uTRB,KR,2021-11-18,65,16798
7sA2SKTo1QbTSSYn5YvJC4,KR,2022-06-30,178,16711
22FORLyoDr8bjJCVOeUan2,KR,2022-06-16,192,16497
0tYZo2UhV1lrUez5CA0Iyw,KR,2022-08-04,182,16434
6pllZAdgBf4QTcFUrF3DzL,KR,2022-04-14,108,16416
2tlJ22iQwiO1CWBQSma23n,KR,2022-04-14,110,16321
1afEbbD4hZvdA5orDq1sPj,KR,2021-06-24,81,16309
6GKShCAPVjtOWJTH5tcSoj,KR,2022-06-02,170,16277
3MJE5DoCeAWP7cDbW9Hgm5,KR,2022-05-19,142,16276
44ltZBbeCjk9wIediYkHNy,KR,2022-09-15,189,16244
3JISGU3qHjPaBdWSh6ZJdq,KR,2022-03-31,111,16149
6F2wRUS8oe71Hs9O58dMKb,KR,2021-09-23,66,16051
0iWFz0Q5Qha9bx325ocFWq,KR,2022-04-28,129,16009
03HYOtfzbzx0HPHMcfLFOe,KR,2022-03-17,94,16005
3HxtdKRmw0BNUs4VM7uYvE,KR,2021-09-23,67,15980
7awomfKxYCpcqUlfZav6PD,KR,2021-06-24,87,15909
7iD5HEWfQuOS9iC6IaNwu7,KR,2022-02-24,92,15813
2dGQn6Dqb5PPLqtbmvfcFf,KR,2021-09-23,70,15717
3QRJgF8HY4zEuboEy4Q1gd,KR,2022-07-07,186,15699
6KeIkgoC8SUeJ4VPw5Lkx8,KR,2021-07-29,87,15645
1C1quK9LCCHeUjrTONTH9C,KR,2022-05-26,160,15500
4eMNphhfsRMq7bl4MV1J9O,KR,2022-05-26,162,15454
51Je7qQ5Ee0LOyRwUWYlfX,KR,2022-07-21,195,15427
0iS6eGDbQRp3xqso9cqYns,KR,2021-12-23,95,15361
6pKbRl6JErq6Ck2PBWcLse,KR,2022-03-10,96,15271
1gLSIkfJc5TG1Nle8X4ImG,KR,2022-08-11,198,15198
2tECbcrE9TNFb8hn6WLzWS,KR,2022-04-28,145,15088
7IqYkjcFnqKPmwg6lWxXYv,KR,2022-05-12,147,15077
5LuX3XQmdRG327lafv1p50,KR,2021-09-23,77,15037
7BpqydHSxMviDR0DNTne6J,KR,2022-05-26,169,15006
0C9aH2f4LO8SPPqUWOrcbk,KR,2022-05-19,163,14918
2FKtn8qQx84O85wWABOwpd,KR,2022-03-10,103,14820
0qrI2HZIHthFCBjnS7t2jp,KR,2021-09-23,78,14775
1XlSkQeITGEv8r6HIZfpfX,KR,2022-05-12,152,14773
3q738cBTApcG0vo5G1OTZC,KR,2022-06-02,200,14729
2avJo0RwtC1zWiOx4CaGWG,KR,2021-06-24,101,14723
6LL5S3DGrUJ6cZRuDefguP,KR,2022-05-05,152,14616
6Go8Wuws8feT0R2VlaI3am,KR,2022-04-28,161,14475
60gTdTwaNtGAzIxKfeGVfJ,KR,2022-02-24,117,14291
4lM46UnoFn4FP074aYWGxS,KR,2022-02-24,121,14103
2aLH4EiEoZLpbeEQvTBbtH,KR,2021-07-29,108,14073
6M0njKf2lLXtFwB6XhFUgc,KR,2022-05-05,164,14069
7cAVVkcIXe4OfhzXdjyEtv,KR,2021-12-23,121,13887
7q92TuZKxN4C2FRZuWU8yY,KR,2021-12-30,121,13861
5fumVsa0IxAEJvHHu2F2k5,KR,2021-06-10,98,13734
63rtBJ1S3Rf8OhID4BEoxq,KR,2021-05-06,77,13697
4duZ9kMY4BvRubmBlKEWkI,KR,2022-03-10,125,13635
15wj06fykqiNYvyj8AVMnK,KR,2022-04-21,167,13612
7xgHy510SVkSgV1ZpzElW1,KR,2021-07-29,116,13566
6Y7sqASnFKn9G9Hlgne0mW,KR,2021-05-27,89,13300
0GxUJLTF4RanPVwY1YpcZ3,KR,2022-04-21,180,13213
0lbtRkC7Bs9aR3ZYvtZydi,KR,2022-03-10,131,13148
7A7Dn1p4jGK7I0pp5zzPQ4,KR,2021-05-06,82,13054
5XO1SOADQxkdqGLFxX8rLN,KR,2022-05-12,187,13009
238Ra1ggmx3wUkHyZ8EjST,KR,2021-06-10,113,12944
4JwtEBtS1pAc9oTFzm5bFY,KR,2022-04-14,181,12923
2rCPeuzBY9NEX9VNshkjmH,KR,2021-12-16,136,12898
3B60EkZSvq0tuY7xzjb9Fu,KR,2021-07-29,126,12879
7iUB3byx9Rcks8zW10JVkP,KR,2021-08-12,114,12790
7KZThhMaRjQpB9x6yIJvZ8,KR,2022-02-03,115,12641
6NBbpQfD2MZcCNBOy7iE7Q,KR,2021-12-23,145,12632
64xTu0cKbXu3ZSRkfXiBnx,KR,2021-06-10,119,12583
3V6pK4jdaGSfLh37vhYb5F,KR,2022-03-10,145,12514
07jOogwG0xr8UjtsxqdhPH,KR,2021-10-21,83,12483
4ZC7AurS3z0mdROZBUcAex,KR,2022-01-20,153,12304
53Vm51F3MnhnWAhwX7n78s,KR,2022-02-03,125,12215
4MGJsDj4jKDh4XPV8h3BAo,KR,2022-03-24,176,12158
55ZNU07XDdynQMykHXYglz,KR,2021-12-23,156,12117
1fDGXF4eJ24UFNIIgj8RuL,KR,2021-05-06,92,12087
3bpTDQcWK2MboRY4lKYEQx,KR,2021-05-06,96,11905
4bYY2C23dvjkF3IPNSWGd6,KR,2021-12-23,161,11870
4nF3APHarLJHV3igGVgTUJ,KR,2022-02-24,169,11859
2wJ1eOCIBwoQiN7xQtrTAY,KR,2021-12-16,157,11831
5GzpstdtupjJcu0JR5j3v6,KR,2021-12-09,161,11817
60wMNCIWYZwbOywZXgfQ9P,KR,2021-12-23,163,11817
7HGKvoju3ucB7UqVt1GoJu,KR,2022-03-03,153,11751
1Y8COP6Oqef3UxIONvzx6I,KR,2022-03-10,161,11724
4bvIzUmw8dl9r1PDz6OGZv,KR,2021-02-11,173,11579
5LBxMvApPk3HdsQdi6DT9L,KR,2021-02-11,175,11531
5HphhcOuLFWBj9IghbrKJB,KR,2021-12-16,167,11445
4hJhHbkhZFnxmWbAkZRoe0,KR,2021-12-30,175,11421
1U5ADd1X6PlAvQ2rqp4jIz,KR,2021-05-27,120,11291
245onUPHGD1DYuiacxTuW0,KR,2022-03-17,181,11283
6WY1LezPoU52ucPRuabple,KR,2021-05-06,106,11233
4MDdvtd216XIXnewQ0WunH,KR,2021-06-24,143,11190
3kfqYE0jGONOrkVpkPPOd5,KR,2022-01-20,175,11172
3q4EOtVCDGRvGSSjveqc6e,KR,2021-11-18,144,11129
0JCAyXUAaQDj4NgwviZ2sC,KR,2021-11-18,146,11105
5orHjvcyt71Sv1O4M1GSHf,KR,2021-07-29,159,11071
5u6CQi2rgD1EyiztQnrrwY,KR,2021-07-29,160,11011
0cLXk75Pan3mhRlWqHiynh,KR,2021-06-10,146,10991
0pl5A0K1kXws0xkClbd6iN,KR,2021-04-22,125,10983
4rChXUoYp281MB2tPL4vMm,KR,2021-04-22,128,10955
39Z2mZBU3dRBIMro4669uo,KR,2021-12-23,192,10901
4RAR8g8fZNB106ezUurnE0,KR,2022-03-03,187,10884
2VkuxjlbnbaBiWYpdBGVol,KR,2021-12-23,193,10868
6UL3gBsiP4vb8Yyc9nKKAf,KR,2021-06-17,141,10840
0zNo6vxprHTeiFXNTo65ga,KR,2021-04-22,133,10761
3LEgGAl9zLcQWGTp7ptqtQ,KR,2022-01-13,195,10717
70EfheCNy3zOrcT2meMQ1g,KR,2021-12-09,187,10664
093PI3mdUvOSlvMYDwnV1e,KR,2022-03-03,199,10605
3H7oAhHxkEkSf9iomv2mbG,KR,2021-07-15,168,10583
0yZ5nThTk7dZfgrhlQbxtT,KR,2021-06-03,142,10577
753sRMieYWBC6HGodwtkjI,KR,2021-09-09,161,10573
4hbTXShEqT58auNWQ7KCKG,KR,2021-11-18,157,10542
7cDeFoNeMJfp8ChAqaZUMC,KR,2021-06-10,156,10511
44AbcJTKmV3hipk9gKgUbA,KR,2022-02-17,199,10475
0b18g3G5spr4ZCkz7Y6Q0Q,KR,2021-07-01,198,10464
78SCmQ8A7KQSMdkem2SwBP,KR,2021-10-14,131,10464
3RNHlcwIRw9xMS9gcSz65P,KR,2021-12-23,198,10461
2AAYL6JwiPKHn33buQqo4P,KR,2021-11-04,142,10447
3aGqHdZJusdhT3ZzfLRnO7,KR,2021-05-06,129,10409
2fHfVTa76vV6DDy20M082T,KR,2021-06-24,174,10374
4yUrkvM634vJTljUN9gDxV,KR,2021-09-16,154,10242
49TMhR9I3DgsKdXcxFHi5w,KR,2021-09-23,144,10229
4M58f8RgOr3jr5ccG6hRTb,KR,2021-06-10,163,10187
3VWd1BwvIjkrkO0jbVvZeN,KR,2021-06-03,150,10145
2ZwIO3ufWLFYxtEoam9ydu,KR,2021-02-04,126,10104
2dDL9g8sC7p6T2oAuYMZgX,KR,2021-10-21,139,10024
6ffumbd6xyg8MiH3uWBwKj,KR,2021-06-03,152,10002
03NqHNdG3Ur6kciQWK6e8V,KR,2021-11-04,160,9942
5YkAqxoym5dZ1fYoaN0iCx,KR,2021-02-04,135,9896
7IDUo5rlyHw08w8l3UpAcE,KR,2021-04-22,153,9893
0qaKZzxxFzRGnbvGmfcs5S,KR,2021-04-22,155,9872
0qPAksIZUGLbj1y2nhdVD8,KR,2021-07-29,183,9851
7GqgAQAIRoRmijXWh7vw94,KR,2021-06-03,162,9757
6tvDAC8atHIjyLgvOEK1fK,KR,2021-09-09,187,9714
0HLhptvI8NozbOHRLNniFz,KR,2021-11-04,175,9650
6Q5e2XpyGzMLgA3ul491pu,KR,2021-09-09,193,9605
314oBdIvnoTPDwSP4zOP8p,KR,2021-09-09,194,9598
7DkqdEiDja7Gn9zvrfy7Vw,KR,2021-05-06,152,9575
0zcORXxG1FGC3QzWYOBzr4,KR,2021-08-19,180,9552
01ZedLPM6De5HPt5crdRQf,KR,2021-04-22,164,9485
1GeX7W2VtmtceoW9fzZ8Oc,KR,2021-09-23,166,9483
1PSDpiTgnkxHc7GhKrHCaA,KR,2021-09-16,178,9458
7IXi8qEDc9oASO5LTx19nT,KR,2021-02-04,146,9426
5tmxPmmXvgJPU7bIukFX8p,KR,2021-10-28,170,9419
21ezyolbj1IdlQunYV1alA,KR,2021-11-25,194,9403
2shyarF21wZvWew00TdaP3,KR,2021-07-29,199,9373
0qVbIVwY9X66HTtJkxlQ2W,KR,2021-12-02,199,9362
04Y9prsqB1VzZLYD2gXTVm,KR,2021-05-27,167,9348
2efHGBPyrh693oWpPd5R1v,KR,2021-11-18,190,9347
2DYNajnV0grOr2DOEZBtFn,KR,2021-05-27,168,9319
5Oqvhj2QYs66rGf6XjiZJh,KR,2021-06-03,174,9317
5by16CeSkrzyrSOrv1rdFx,KR,2021-11-18,194,9291
1cHsivhEucLnoMJPclrpHa,KR,2021-05-27,170,9271
1fxKKzZ6YmnrYmD7fCrBo9,KR,2021-05-06,163,9203
6ye2BBTpOipvPNjSPxgmRC,KR,2021-09-16,186,9173
0CyydmXI4QhgUWrZsPOTXA,KR,2021-04-08,156,9141
4ghTyKLeMMTZQ85LwRbej0,KR,2021-08-19,199,9139
3qT9sYQMgkKgubHpG15fVU,KR,2021-05-27,187,8894
63eV5hreY9feQP2CmYavpj,KR,2021-05-20,161,8883
15jxI2XwZfYo7FGKex8IEf,KR,2021-02-04,164,8874
2EcwTF3Qj2AuyK2YWUKIBT,KR,2021-06-03,195,8847
11RRkvXd7FvwxLWvtuBIR1,KR,2021-05-06,179,8747
2H3Hl20eU9cpzQUz43GtEc,KR,2021-04-22,184,8743
3ddNKnYpVx0uI8vcwbTQ5Y,KR,2021-08-26,200,8710
1hmcogF6Lz6QqiibEZqXjQ,KR,2021-10-07,186,8593
1bj5ZFpxGFP5ooQcctNVB4,KR,2021-10-07,193,8558
6syar8JKCt3R9ZBl11zmgI,KR,2021-03-18,140,8442
6LZ9FO9UsGIcTKbShnfNsG,KR,2021-03-18,144,8306
7cXJOM8t8pftyFgYp5Sm1N,KR,2021-04-08,181,8238
26vOBLHS116a4WNUVlvAUW,KR,2021-02-04,189,8220
3o8QzWsiiqTUVgBZfHgF58,KR,2021-02-04,191,8195
46aqH0mV4yiwWggx0ynrbw,KR,2021-05-13,192,8114
4YXWk4YOEmlu8bWlzNObD7,KR,2021-04-29,193,8003
0iZnSbdHxlNTnfXGno29l9,KR,2021-03-11,135,7967
3J6NzKxov6PDE1LC99gXV8,KR,2021-03-11,136,7961
05ABOPiW13nqIedJfqmfPM,KR,2021-02-18,139,7903
71TRhiwsRckqoqO9CcDIE6,KR,2021-04-01,190,7710
4QogPJfnO1pZWwJ0cbwFJE,KR,2021-04-01,193,7629
1bFoCHXsP2qd4YWi2JmlCN,KR,2021-02-25,163,7505
6WfaFTqUabc64Jjp5e3e7v,KR,2021-03-18,180,7114
5RhWszHMSKzb7KiXk4Ae0M,KR,2021-03-18,183,7015
6R1PVAFsQ8a37ibQQ7kvGj,KR,2021-03-11,176,6984
5AkyvofVWUqds8x1HHgDU9,KR,2021-03-18,193,6807
1q2Zb0v5ZGxKDktEz7wSPb,KR,2021-03-11,192,6680
1nenRWbemVvsxnxg296eFB,KR,2021-02-18,190,6644
1JZiSKaF6RRgwxv4IijBUm,KR,2021-03-04,197,6288
0YRuXgAFpfsIx8GgsJBJu3,KR,2021-03-04,200,6253
