spotify_track_id,title,artist,markets,max_wks
68Dni7IE4VyPkTOH9mRWHr,No Role Modelz,J. Cole,US,541
5Bti0azlFhMattVY76qFr9,Lạ Lùng,Vũ.,VN,440
3b34161QoxLwsqhWSPy9i5,Thanh Xuan,Da LAB,VN,417
2QjOHCTQ1Jl3zawyYOpxh6,Sweater Weather,The Neighbourhood,US,396
5rSAUmbOg4giDrM29vUyHe,Nơi Này Có Anh,Sơn Tùng M-TP,VN,373
0RiRZpuVRbi7oqRdSMwhQY,Sunflower - Spider-Man: Into the Spider-Verse,Post Malone,"KR,US,VN",339
6foY66mWZN0pSRjZ408c00,Whiskey Glasses,Morgan Wallen,US,328
003vvx7Niy0yvhvHt4a68B,Mr. Brightside,The Killers,US,316
4qJSUFwZFouto5VZUlln75,Thích Quá Rùi Nà,tlinh,VN,312
6gBFPUFcJLzWGx4lenP6h2,goosebumps,Travis Scott,US,311
25edeHHueINMguqu9emCyV,Lối Nhỏ,Đen,VN,309
2wZAvkgiOE5tyrnqhB69KA,Âm Thầm Bên Em,Sơn Tùng M-TP,VN,307
06KyNuuMOX1ROXRhj787tj,We Don't Talk Anymore,Charlie Puth,"KR,US,VN",303
3fqwjXwUGN6vbzIwvyFMhx,Tennessee Whiskey,Chris Stapleton,US,300
1J3SmWwlYAG68LGKr86MVH,Chúng Ta Của Hiện Tại,Sơn Tùng M-TP,VN,299
58ge6dfP91o9oXMzq3XkIS,505,Arctic Monkeys,US,295
2nR51wakN5K3AJENqGaNg9,Bài Này Chill Phết,Đen,VN,285
6uxuJ8Fr1AAfSPJUF9N1yr,Bước Qua Mùa Cô Đơn,Vũ.,VN,284
3pXF1nA74528Edde4of9CC,Don't,Bryson Tiller,US,282
4vfhartd7HDWGJbdVIycEu,Muộn Rồi Mà Sao Còn,Sơn Tùng M-TP,VN,280
4VXIryQMWpIdGgYR4TrjT1,All Girls Are The Same,Juice WRLD,US,280
6iXGivPFpsqKmrINhIbPvx,Buồn Thì Cứ Khóc Đi,Lynk Lee,VN,278
4Iz5EWPCAT8jYNk4IpLoll,Dù Cho Mai Về Sau,buitruonglinh,VN,277
1xoadYaxtOp9gHDwgmPDuz,Sài Gòn Hôm Nay Mưa,JSOL,VN,276
7KA4W4McWYRpgf0fWsJZWB,See You Again,"Tyler, The Creator","KR,US",272
0ofHAoxe9vBkTCp2UQIavz,Dreams - 2004 Remaster,Fleetwood Mac,US,272
5BqwC9kOBbqYkzdOKeXFFk,for lovers who hesitate,JANNABI,KR,272
2zRzmGerfTxc2epZHgaTdh,Cho Tôi Lang Thang,Ngọt,VN,271
1MiJk3dXC5jzhvLFP0dUM7,Thức Giấc,Da LAB,VN,270
7GX5flRQZVHRAGd6B4TmDO,XO TOUR Llif3,Lil Uzi Vert,US,269
3hB5DgAiMAQ4DzYbsMq1IT,Love Yourself,Justin Bieber,"KR,US,VN",264
285pBltuF7vW8TeWk8hdRR,Lucid Dreams,Juice WRLD,"US,VN",262
5BTzf3doGTigDIYUFtbkI9,Sinh Ra Đã Là Thứ Đối Lập Nhau,Emcee L (Da LAB),VN,260
1J12HjUuXfJnaUdubTEzSR,Nghe Như Tình Yêu,HIEUTHUHAI,VN,260
0QzuaeCEEOV40Pn7IvKEny,double take,Dhruv,"KR,VN",256
5T6j0rfpCDBzAxC8Fpd0N7,An Thần,Low G,VN,255
1izPmgSW7FV6XFdEOiTvOY,Em Không Hiểu,Changg,VN,255
4CUvVaAYuXtvYURLFz7EIL,Chuyện Đôi Ta,Emcee L (Da LAB),VN,249
5uyNAX6MazVAjBjVeOsTvp,3 1 0 7,W/N,VN,247
7yq4Qj7cqayVTp3FF9CWbm,Riptide,Vance Joy,US,247
6hUpxEKFSjS8metuA1yxlf,Vai Lan Don Dua,SOOBIN,VN,243
7KXjTSCq5nL1LoYtL7XAwS,HUMBLE.,Kendrick Lamar,"KR,US",243
78QR3Wp35dqAhFEc2qAGjE,Drip Too Hard (Lil Baby & Gunna),Lil Baby,US,243
7m9OqQk4RVRkw9JJdeAw96,Jocelyn Flores,XXXTENTACION,"US,VN",242
7sO5G9EABYOXQKNPNiE9NR,Ric Flair Drip,Offset,US,242
0ZP4bO2ywAv44HiEzzHaq5,Ngày Mai Em Đi,Lê Hiếu,VN,241
5nD5PVXUkIpv0WcwfNFrgS,Khi Em Lớn,Orange,VN,239
5U30iZBlmxkpHqzb1OSnBS,Yêu 5,Rhymastic,VN,239
2HbKqm4o0w5wEeEFXm2sD4,Money Trees,Kendrick Lamar,US,239
2o4dDfLK6NVI7TjBm5VoMv,Yêu Một Người Có Lẽ,Lou Hoàng,VN,237
1EmMFSLRVkOszCa4ul9z0F,3107 3,W/N,VN,236
7LVrrX8pkzI9fMF88nGabt,Đi Về Nhà,Đen,VN,236
50cmxP6KlnQA9IG3q5ckKD,Mascara,Chillies,VN,234
4S0uLMXRoAjFfIJOW7A8aW,Nến Và Hoa,Rhymastic,VN,233
0rKtyWc8bvkriBthvHKY8d,SLOW DANCING IN THE DARK,Joji,"US,VN",232
7kgzRBNkBRArtTPkYjWLYT,bao tiền một mớ bình yên?,14 Casper,VN,230
3WMj8moIAXJhHsyLaqIIHI,Something in the Orange,Zach Bryan,US,230
6Hs2xIgB8nzyGFDvVA8lFa,Có Em,Madihu,VN,229
3DLtPObflLQBodZN8qGODT,2AM,JustaTee,VN,227
4tqcoej1zPvwePZCzuAjJd,Wet Dreamz,J. Cole,US,227
2rxQMGVafnNaRaXlRMWPde,Beautiful Crazy,Luke Combs,US,226
7jLSThU5Kg1RWt19Leiaxm,Chìm Sâu,RPT MCK,VN,225
7AQim7LbvFVZJE3O8TYgf2,Fuck Love,XXXTENTACION,"US,VN",225
2WOpp4vm16unl0N3i3BNNv,Tình Đắng Như Ly Cà Phê,NÂN,VN,223
2pm7K14nHj2fLrpU8j9bit,10 Ngàn Năm,PC,VN,222
25h0TqC9H3BcMA7KjK5nHK,vaicaunoicokhiennguoithaydoi,GREY D,VN,221
5iZHnufFUgATzrpGgH1K0W,Ánh Sao Và Bầu Trời,T.R.I,VN,220
7fBv7CLKzipRk6EC6TWHOB,The Hills,The Weeknd,"KR,US",220
0hiQvlWSSTr7n1kc1X2Lus,Bật Nhạc Lên,HIEUTHUHAI,VN,219
5PjdY0CKGZdEuoNab3yDmX,Stay,The Kid LAROI,"KR,US,VN",218
0a4MMyCrzT0En247IhqZbD,Hype Boy,NewJeans,"KR,VN",216
7oBUoEbCDF748UkHnLusUB,Chuyện Rằng,Thịnh Suy,VN,215
2pIUpMhHL6L9Z5lnKxJJr9,Attention,NewJeans,"KR,US,VN",215
6VXVYATpQXEIoZ97NnWCmn,Vì Anh Đâu Có Biết,Madihu,VN,214
2BgEsaKNfHUdlh97KmvFyo,2002,Anne-Marie,"KR,US,VN",213
2a5hng9yXtbjtTVVm9UviC,Mo,Vũ Cát Tường,VN,211
0B1ZnYwYefkNhZeE8ZQpv5,Đông Kiếm Em,Vũ.,VN,210
3GCdLUSnKSMJhs4Tj6CV3s,All The Stars,Kendrick Lamar,"KR,US,VN",210
7JQH2lBMZ10ztDnpoeq6Ki,yours,데이먼스 이어 Damons year,KR,207
4iLqG9SeJSnt0cSPICSjxv,Attention,Charlie Puth,"KR,US,VN",206
7FAFkQQZFeNwOFzTrSDFIh,The Spins,Mac Miller,US,206
27Z9T0mSWHYWSj9SNOGvyt,Thằng Điên,JustaTee,VN,205
2PYDUM2IC01FOTDLQdFxJP,3 1 0 7 - 2,W/N,VN,204
3xKsf9qdS1CyvXSMEid6g8,Pink + White,Frank Ocean,"KR,US",203
27F22WcGDyl4Z2KylVJkXL,Đường Tôi Chở Em Về,buitruonglinh,VN,202
5KawlOMHjWeUjQtnuRs22c,Boy With Luv,BTS,"KR,US,VN",202
3cBsEDNhFI9E82vPj3kvi3,Wasted On You,Morgan Wallen,US,202
4EWCNWgDS8707fNSZ1oaA5,Heartless,Kanye West,US,202
0mflMxspEfB0VbI1kyLiAv,Stick Season,Noah Kahan,US,201
6K4t31amVTZDgR3sKmwUJJ,The Less I Know The Better,Tame Impala,US,201
04TshWXkhV1qkqHzf31Hn6,Lemon,Kenshi Yonezu,KR,201
7bFFUPBiF15n8m8RziqS4o,dự báo thời tiết hôm nay mưa,GREY D,VN,200
0uxSUdBrJy9Un0EYoBowng,20 Min,Lil Uzi Vert,US,200
0SmQ0UWeiHKQtxUej4Rem6,Tháng Năm,SOOBIN,VN,199
18x0Z8JUwLA2LhgsIHbNy3,Time of Our Life -Japanese ver.- - Japanese ver.,DAY6,KR,199
4rMEoXVYww6Xy7q9wSj4gy,Love Always Run Away,Lim Young Woong,KR,199
6PGoSes0D9eUDeeAafB2As,LOVE. FEAT. ZACARI.,Kendrick Lamar,"KR,US",198
7hDc8b7IXETo14hHIHdnhd,Passionfruit,Drake,US,198
3dYD57lRAUcMHufyqn9GcI,Take Me To Church,Hozier,US,198
4N99EuIjwSSFFFMDfTeOLU,Em Không Khóc,buitruonglinh,VN,197
2JvzF1RMd7lE3KmFlsyZD8,MIDDLE CHILD,J. Cole,"US,VN",197
6jcLKVmEKAQIXIVHJZ8vzS,tình yêu chậm trễ,MONSTAR,VN,196
3r8RuvgbX9s7ammBn07D3W,Ditto,NewJeans,"KR,US,VN",196
0AJi38NumMDXqo8pRw6zdh,LẦN CUỐI (đi bên em xót xa người ơi),Ngọt,VN,195
2qxmye6gAegTMjLKEBoR3d,Let Me Down Slowly,Alec Benjamin,"US,VN",195
79bSb2Ilugozn6VygdplEZ,1 Phút,Andiez,VN,193
71Q8QWLpvwvfQ6zM5BdCnm,Liệu Giờ,2T,VN,192
6z1kLsntE7FuzKZHZWrXYN,instagram,DEAN,KR,192
7fNHfgOxPLcg4mQLhCnOHB,XTC (Xích Thêm Chút) - Remix,Rapital,VN,191
65FftemJ1DbbZ45DUfHJXE,OMG,NewJeans,"KR,US,VN",191
2z9iLlNBt1aLZUCFgXby97,CÓ CHẮC YÊU LÀ ĐÂY,Sơn Tùng M-TP,VN,190
0dS2u2UFd88TIzDDaZDLvS,Here With Me,d4vd,"KR,US,VN",190
2LBqCSwhJGcFQeTHMVGwy3,Die For You,The Weeknd,"KR,US,VN",189
21jGcNKet2qwijlDFuPiPb,Circles,Post Malone,"KR,US,VN",189
1zi7xx7UVEFkmKfv06H8x0,One Dance,Drake,US,189
19Hg1UCZaCdpHB37L7x63X,EVERYTHING,The Black Skirts,KR,189
0VjIjW4GlUZAMYd2vXMi3b,Blinding Lights,The Weeknd,"KR,US,VN",187
54UNNgtE3zzERwTuWSQLqd,có hẹn với thanh xuân,MONSTAR,VN,186
3J3nv18iIrOhca1ZWNeuyW,Đã Lỡ Yêu Em Nhiều,JustaTee,VN,186
7K3BhSpAxZBznislvUMVtn,Last Night,Morgan Wallen,US,186
4exlWP8cokkWVCvyP3kg7c,nếu lúc đó,tlinh,VN,185
3YJJjQPAbDT7mGpX3WtQ9A,Good Days,SZA,"KR,US,VN",184
014DA3BdnmD3kI5pBogH7c,Cứ Chill Thôi,Chillies,VN,183
3EaJDYHA0KnX88JvDhL9oa,Dark Red,Steve Lacy,US,183
75ZvA4QfFiZvzhj2xkaWAh,I Fall Apart,Post Malone,US,183
1mMLMZYXkMueg65jRRWG1l,When It Rains It Pours,Luke Combs,US,183
5MwynWK9s4hlyKHqhkNn4A,Chasin' You,Morgan Wallen,US,183
3T03rPwlL8NVk1yIaxeD8U,Off My Face,Justin Bieber,"KR,US",183
4saklk6nie3yiGePpBwUoc,Dynamite,BTS,"KR,US,VN",180
4JK1kDUdH9RTBQrrSO1QfR,ベテルギウス,Yuuri,KR,179
1K0HQ30Wc11okzlcnFA7Ub,Không Thể Say,HIEUTHUHAI,VN,178
1w3eUC89GPspKpi62tPwjt,Nàng Thơ,Hoàng Dũng,VN,178
0u2P5u6lvoDfwTYjAADbn4,lovely,Billie Eilish,"US,VN",178
6dBUzqjtbnIa1TwYbyw5CM,Lovers Rock,TV Girl,US,178
2RLdkXSaiQjRbey5pvP8Kt,If We Ever Meet Again,Lim Young Woong,KR,178
2jidjmWNeRmKgLjXhW52Gz,"Our Blues, Our Life",Lim Young Woong,KR,178
4p4yxplNCSmt9xfaAMpcd5,Vancouver,BIG Naughty,KR,178
4MRXbWH2BzuUZcoabj6HRh,Blue Tequila,Táo,VN,177
0e7ipj03S05BNilyu5bRzt,rockstar,Post Malone,"US,VN",177
5SzJs9cwYXdSm9G3xcXuA2,Hôm Nay Tôi Buồn,Phùng Khánh Linh,VN,176
0ono6UCNVZ1XqOm6j78Blu,Filter,BTS,"KR,US,VN",176
6vN77lE9LK6HP2DewaN6HZ,Yes Indeed,Lil Baby,US,176
5TRPicyLGbAF2LGBFbHGvO,Flashing Lights,Kanye West,US,176
1mKDbug8bbfDmLe7I4CJpe,Gác Lại Âu Lo,Da LAB,VN,173
0tgVpDi06FyKpA1z0VMD4v,Perfect,Ed Sheeran,"KR,US,VN",173
3scRk3rUGIwpCg9kMNrtEQ,Amor,Baek A,KR,173
1u8c2t2Cy7UBoG4ArRcF5g,Blank Space,Taylor Swift,"KR,US,VN",172
7MXVkk9YMctZqd1Srtv4MB,Starboy,The Weeknd,"US,VN",172
50xSycnGMDy0Wg5jJcOv3S,Rainbow,Lim Young Woong,KR,172
4h3K653rm69JYWpO4du2BJ,Chờ Đợi Có Đáng Sợ,Andiez,VN,171
7qiZfU4dY1lWllzX7mPBI3,Shape of You,Ed Sheeran,"KR,US,VN",171
6I3mqTwhRpn34SLVafSH7G,Ghost,Justin Bieber,"KR,US,VN",171
4Cr43xPo7bwyCcL1g3yVCu,A bientot,Lim Young Woong,KR,171
45Mswno1F7FoZkcmQkp7fi,Thích Em Hơi Nhiều,Wren Evans,VN,170
4RvWPyQ5RL0ao9LPZeSouE,Everybody Wants To Rule The World,Tears For Fears,US,170
2lsRp40mCRkhqULWdMbOzn,I Love You,Lim Young Woong,KR,170
7CyPwkp0oE8Ro9Dd5CUDjW,One Of The Girls,The Weeknd,"KR,US,VN",169
3TXSdTpaqKBpWyUG3aJ3LK,Mượn Rượu Tỏ Tình,BigDaddy,VN,169
3ee8Jmje8o58CHK66QrVC2,SAD!,XXXTENTACION,"US,VN",169
3a1lNhkSLSkpJE4MSHpDu9,Congratulations,Post Malone,US,169
3azJifCSqg9fRij2yKIbWz,The Color Violet,Tory Lanez,US,169
7GxSshyjKx46dlIV2UoVrc,Anh Đếch Cần Gì Nhiều Ngoài Em,Đen,VN,168
3kxfsdsCpFgN412fpnW85Y,Redbone,Childish Gambino,US,168
3hRV0jL3vUpRrcy398teAU,The Night We Met,Lord Huron,US,168
3p6hnejEQYXkiTO1lAzVc0,Euphoria,BTS,"KR,US,VN",167
5UWwZ5lm5PKu6eKsHAGxOk,Everlong,Foo Fighters,US,167
2HRgqmZQC0MC7GeNuDIXHN,Seven,Jung Kook,"KR,US,VN",166
3P3rcI48wwVEgxF5vPM6pG,Buông Đôi Tay Nhau Ra,Sơn Tùng M-TP,VN,166
2UikqkwBv7aIvlixeVXHWt,You Should Probably Leave,Chris Stapleton,US,165
1o6cYDMHvKOfizi4d9Lqxr,id 072019,W/N,VN,164
3FR2yqZsG07NhXz7uPyUyC,You Were Beautiful,DAY6,KR,164
1w2hClDL1xH4FPZIipZ1FJ,I Guess I Loved You,Yoon Do Hyun,KR,164
3LGNVNZeEIUwdzDvnUO73V,Phút Ban Đầu,Vũ.,VN,163
4k6Uh1HXdhtusDW5y8Gbvy,Bad Habit,Steve Lacy,"KR,US",163
4KW1lqgSr8TKrvBII0Brf8,Father Stretch My Hands Pt. 1,Kanye West,"KR,US",163
6eT7xZZlB2mwyzJ2sUKG6w,White Iverson,Post Malone,US,163
6rdkCkjk6D12xRpdMXy0I2,New Jeans,NewJeans,"KR,US,VN",162
4Li2WHPkuyCdtmokzW2007,Ni**as In Paris,JAŸ-Z,US,162
1E14FuM0BRaHAJSJ9YxMVu,A Psalm of Life,Lim Young Woong,KR,162
5LQpQ6SDeaz6SIkR0lvsoC,đưa em về nhàa,GREY D,VN,160
3y6kYOBeVg8jtUiBdTR0pD,Già Cùng Nhau Là Được,TaynguyenSound,VN,160
4KULAymBBJcPRpk1yO4dOG,I Remember Everything,Zach Bryan,US,160
365znJ27Fb3faGsctmQYWR,Father,Lim Young Woong,KR,159
3Ua0m0YmEjrMi9XErKcNiR,Like Crazy,Jimin,"KR,US,VN",158
5p7ujcrUXASCNwRaWNHR1C,Without Me,Halsey,"KR,US,VN",158
02MWAaffLxlfxAUY7c5dvx,Heat Waves,Glass Animals,"KR,US,VN",158
5uCax9HTNlzGybIStD3vDh,Say You Won't Let Go,James Arthur,"KR,US,VN",157
7AD5F85waSb3yZxZxEXhJM,Có Ai Thương Em Như Anh,Tóc Tiên,VN,156
6ocbgoVGwYJhOv1GgI9NsF,7 rings,Ariana Grande,"KR,US,VN",156
4iZ4pt7kvcaH6Yo8UoZ4s2,Snooze,SZA,"KR,US",156
0JXXNGljqupsJaZsgSbMZV,Sure Thing,Miguel,US,156
6Hj9jySrnFppAI0sEMCZpJ,Robbery,Juice WRLD,US,156
0hqj5JBnFt1BHEz2UCFwrl,"How can I love the heartbreak, you're the one I love",AKMU,KR,156
4fj4Jn4nw8fGX8xdbCntJf,Sau Cơn Mưa,CoolKid,VN,155
0fGJiHH6xSUJU1MAVjxq5m,Bạn Đời,Karik,VN,155
3QFInJAm9eyaho5vBzxInN,family ties,Baby Keem,"KR,US",154
1oAwsWBovWRIp7qLMGPIet,Apocalypse,Cigarettes After Sex,US,154
7x3SGAkfIrzDr9paSslwMv,Lovely Touch,Lim Young Woong,KR,154
5J3m0taZ0W1E9HTE0MwcSv,Simp Gái 808,Low G,VN,153
6D94p9ASguBcYlDC0o56vx,NOLOVENOLIFE,HIEUTHUHAI,VN,153
3ukrFH17Zl6iEZ2QJ1Zwiy,Don't Côi,RPT Orijinn,VN,153
0f5yQttJS5nNxRAleF4kZO,Hãy Trao Cho Anh,Sơn Tùng M-TP,VN,153
7fveJ3pk1eSfxBdVkzdXZ0,Cowgirls,Morgan Wallen,US,153
01qFKNWq73UfEslI0GvumE,3D,Jung Kook,"KR,US,VN",152
5sdQOyqq2IDhvmx2lHOpwd,Super Shy,NewJeans,"KR,US,VN",152
4AgFXIVT7hVhBZ5DEOaLu3,tiny love,Thịnh Suy,VN,151
6MCjmGYlw6mQVWRFVgBRvB,夜に駆ける,YOASOBI,KR,151
3uT8QfoX0BE8ZJa4h98LDW,Wrong Times,Puppy,VN,150
3ET3xHCLMGd57u06A9RjJ0,Nói Dối,Ronboogz,VN,150
0pQ67Kp2kED4ISy1ieGPEq,Ghé Qua,TaynguyenSound,VN,150
1BxfuPKGuaTgP7aM0Bbdwr,Cruel Summer,Taylor Swift,"KR,US,VN",150
2xLMifQCjDGFmkHkpNLD9h,SICKO MODE,Travis Scott,"US,VN",150
1xK59OXxi2TAAAbmZK0kBL,Romantic Homicide,d4vd,"KR,US",150
3hxIUxnT27p5WcmjGUXNwx,Shut up My Moms Calling,Hotel Ugly,"KR,US",150
2KslE17cAJNHTsI2MI0jb2,Standing Next to You,Jung Kook,"KR,US,VN",149
3TQHPUEVdvdq8ejwEcHUlL,If I have you only (My love X Nerd Connection),Nerd Connection,KR,149
3hqOrxH5qPlvrApcb7Ac8c,Lan Man,Ronboogz,VN,148
6v3KW9xbzN5yKLt9YKDYA2,Señorita,Shawn Mendes,"KR,US,VN",148
6auT8cRBu3BgPRBrdVBY15,London Boy,Lim Young Woong,KR,148
0yfQBmmOIVqiwhV5u10EhN,Love Letter,Lim Young Woong,KR,147
51bYFYWODfYOZU0rwvjiCc,Cho Mình Em,Binz,VN,146
17phhZDn6oGtzMe56NuWvj,Lose Control,Teddy Swims,"KR,US",146
2tznHmp70DxMyr2XhWLOW0,Cigarette Daydreams,Cage The Elephant,US,146
0Bk064jKjWtfdOD8UkcImR,Và Thế Là Hết,Chillies,VN,145
7qEHsqek33rTcFNT9PFqLf,Someone You Loved,Lewis Capaldi,"KR,US,VN",145
56v8WEnGzLByGsDAXDiv4d,ETA,NewJeans,"KR,US,VN",145
2tA3NP12r4niSRhb9Y6AoY,Polaroid,Lim Young Woong,KR,145
1LJyhnPdYGRLerwJd8CmL1,Những Lời Hứa Bỏ Quên,Vũ.,VN,144
2uZmeuNAxSm7XfVIwLkhCx,nhắn nhủ,Ronboogz,VN,144
6UelLqGlWMcVH1E5c4H7lY,Watermelon Sugar,Harry Styles,"KR,US,VN",144
65aTHDZWUdh6WIafu9MtNF,ngủ một mình (tình rất tình),HIEUTHUHAI,VN,143
4TyQKEifYDWTfTSRwpxlYI,Bông Hoa Đẹp Nhất,Quân A.P,VN,142
5XeFesFbtLpXzIVDNQP22n,I Wanna Be Yours,Arctic Monkeys,US,141
02q0ZnV2L4XByzEvWZJqBC,Spring Day,BTS,"KR,VN",140
2Dct3GykKZ58hpWRFfe2Qd,Heading South,Zach Bryan,US,140
1HDrKXya87GMQfAGPlqNS9,Muốn Nói Với Em,T Team,VN,139
0KKkJNfGyhkQ5aFogxQAPU,That's What I Like,Bruno Mars,"KR,US,VN",139
3xkHsmpQCBMytMJNiDf3Ii,Beautiful Things,Benson Boone,"KR,US",139
152lZdxL1OR0ZMW6KquMif,Location,Khalid,US,139
3ZbZtdEw9U0uZW4tZItIwq,Chịu Cách Mình Nói Thua,RHYDER,VN,138
3a2Oftcs10wtzw6AmxuTMU,Rồi Ta Sẽ Ngắm Pháo Hoa Cùng Nhau,Olew,VN,138
38rjRVqEHSlDRrDWDvjkqW,Bước Qua Nhau,Vũ.,VN,138
18uwL0vNUanqZH0ro2QcOP,comethru,Jeremy Zucker,"KR,US,VN",138
2d8JP84HNLKhmd6IYOoupQ,Trap Queen,Fetty Wap,US,138
0VdwOoAKPe9aGahkpllfkH,A Letter,BUMJIN,KR,138
12HaeiaS5UJgoxvnLgU5ro,Cũng Đành Thôi,Đức Phúc,VN,137
6kCU6i8iRrAAmJJ8Sj4JYC,Nắng có mang em về,Shartnuss,VN,136
3A9A7mfVDVm3rrS9SMGhg5,Hư không,Kha,VN,136
5W4kiM2cUYBJXKRudNyxjW,You Proof,Morgan Wallen,US,136
3H6nzsPNMttEvUl3ai3xN8,Vùng Ký Ức,Chillies,VN,135
2dHoVW9AxJVSRebPRyV2aA,Gone,ROSÉ,"KR,VN",135
2P91MQbaiQOfbiz9VqhqKQ,I Like Me Better,Lauv,"KR,US,VN",135
0JP9xo3adEtGSdUEISiszL,Moonlight,XXXTENTACION,"US,VN",135
6Qyc6fS4DsZjB2mRW9DsQs,Iris,The Goo Goo Dolls,US,135
1YXot2MLAG9sttepCtBRM7,踊り子,Vaundy,KR,135
5ECHJ1llWBNYLVCYrllD3x,Chạy Khỏi Thế Giới Này,Da LAB,VN,134
7J9l9ebYB3IEs5ea5J1M7a,Nước Mắt Em Lau Bằng Tình Yêu Mới,Da LAB,VN,134
3aW0ds4A4tSQDIp75FqWTo,FAKE LOVE,BTS,"KR,US,VN",134
4Dvkj6JhhA12EX05fT7y2e,As It Was,Harry Styles,"KR,US,VN",134
1j4kHkkpqZRBwE0A4CN4Yv,Dusk Till Dawn,ZAYN,"US,VN",134
4nXrVH5xwN1w6TpmP7uu8n,Exit Sign,HIEUTHUHAI,VN,133
43PuMrRfbyyuz4QpZ3oAwN,Exchange,Bryson Tiller,US,133
4qYfRfSxsmhJ1WMaywtLyI,Từng Quen,Wren Evans,VN,132
5expoVGQPvXuwBBFuNGqBd,Hurt,NewJeans,"KR,VN",132
0s7RyyUlQfd8mnnboHe18n,Hẹn Gặp Em Dưới Ánh Trăng,MANBO,VN,131
2bgTY4UwhfBYhGT4HUYStN,Butter,BTS,"KR,US,VN",131
4fsQ0K37TOXa3hEQfjEic1,ANTIFRAGILE,LE SSERAFIM,"KR,VN",131
1fh5Sf3fFESFOS8D82RQiI,từ thích thích thành thương thương,AMEE,VN,130
1aKvZDoLGkNMxoRYgkckZG,Magnetic,ILLIT,"KR,US,VN",130
2gT5LL3uRANxvvmDxaULbQ,Thuong Em La Dieu Anh Khong The Ngo,Noo Phước Thịnh,VN,130
4gaxEUZE4z9pJAVTSFwgQI,một đời,14 Casper,VN,129
5zH2inEP6THOY8tomr3DdZ,Trên Tình Bạn Dưới Tình Yêu,MIN,VN,129
6UgaKUJSO0Xp47x6pL1LaA,Em Khong The,Tiên Tiên,VN,129
5Z3GHaZ6ec9bsiI5BenrbY,Young Dumb & Broke,Khalid,"US,VN",129
1GJ3suxtUVaguVQRemw6Zp,Suýt Nữa Thì...,Andiez,VN,128
3HJ0EW4kd9S1NRCm039Fsk,Diamond Cut Diamond,Hoàng Thùy Linh,VN,128
4tqXSj46umlymdIxqY8zso,giá như,SOOBIN,VN,127
5cn5oHiXJTLiuthgbgfkMh,Vet Mua,Vũ Cát Tường,VN,127
5cml547MByVlaVrKU2lJTg,Em iu,Andree Right Hand,VN,127
2qWP5ZarXRsdmxzz3L3BtP,có hẹn với thanh xuân,SUNI,VN,127
7j3XQm7RR8T2EzaYtYK4rc,Crush 2,W/N,VN,127
031jyNUkkD02vrkgZDGJxu,I Am Not Thuy Kieu,Hoàng Thùy Linh,VN,127
2MJz8BxxMsERULatmBikDH,At My Worst,Pink Sweat$,"KR,VN",126
5fZJQrFKWQLb7FpJXZ1g7K,A Bar Song (Tipsy),Shaboozey,US,126
5OELUCYgOHKFAvCERnAvfS,More Than My Hometown,Morgan Wallen,US,126
4jWmhzf53Q0ZvZMuGdiR9x,shhhhhhh..,WEAN,VN,125
5Odq8ohlgIbQKMZivbWkEo,Left and Right (Feat. Jung Kook of BTS),Charlie Puth,"KR,US,VN",125
2b8fOow8UzyDFAE27YhOZM,Memories,Maroon 5,"KR,US,VN",125
3WkvZbY9jVVIfBGhrcnVAL,Phố Không Em,Thái Đinh,VN,125
1LXX0v5Nk5YR6gip7WL7g1,Mười Năm (Lộn Xộn 3),Đen,VN,125
3YctJXK6kznnWl68TnYobN,Anh Đã Ổn Hơn,RPT MCK,VN,124
2wVDWtLKXunswWecARNILj,SOLO,JENNIE,"KR,VN",124
7dt6x5M1jzdTEt8oCbisTK,Better Now,Post Malone,"US,VN",124
2XHzzp1j4IfTNp1FTn7YFg,Love Me,Lil Wayne,US,124
1dUmmBh2nw8XzEI3au0uFs,Chết Trong Em,Thịnh Suy,VN,123
5IZXB5IKAD2qlvTPJYDCFB,I Had Some Help (Feat. Morgan Wallen),Post Malone,"KR,US",123
70LcF31zb1H0PyJoS1Sx1r,Creep,Radiohead,US,123
4fYte8ZvTK14NEhAOZocBi,I Ain't Worried,OneRepublic,"KR,US",123
43u5DDtK4vQ1coWXb4S5a8,HERO,Lim Young Woong,KR,123
05STjz8kmPBUebu3uu5sO0,Nest,Lim Young Woong,KR,123
6dOtVTDdiauQNBQEDOtlAB,BIRDS OF A FEATHER,Billie Eilish,"KR,US,VN",122
4WUpMUjdoi47LY7gBQBXe3,Grain of Sand,Lim Young Woong,KR,122
1Qrg8KqiBpW07V7PNxwwwL,Kill Bill,SZA,"KR,US,VN",121
696w9BHmEY62myVCSDyrYW,Có Em Đời Bỗng Vui,Chillies,VN,121
3qhlB30KknSejmIvZZLjOD,End of Beginning,Djo,"KR,US,VN",121
1x5sYLZiu9r5E43kMlt9f8,Symphony,Clean Bandit,"KR,US,VN",121
38tXZcL1gZRfbqfOG0VMTH,How Sweet,NewJeans,"KR,VN",121
7H0ya83CMmgFcOhw0UB6ow,Space Song,Beach House,US,121
3s761CQaziQ0GEN1yUkIsG,‎Good Night Good Dream,Nerd Connection,KR,121
255vSRpVq5YYKBJiem1BVx,Chơi Như Tụi Mỹ,Andree Right Hand,VN,120
0pqnGHJpmpxLKifKRmU6WP,Believer,Imagine Dragons,"US,VN",120
7BKLCZ1jbUBVqRi2FVlTVw,Closer,The Chainsmokers,"KR,US,VN",120
4SqWKzw0CbA05TGszDgMlc,I Love You So,The Walters,"KR,US,VN",120
5TXDeTFVRVY7Cvt0Dw4vWW,Revenge,XXXTENTACION,US,120
5g7sDjBhZ4I3gcFIpkrLuI,Locked out of Heaven,Bruno Mars,US,120
6DA7kCWYMggJjqPM84V2Ng,TOMBOY,HYUKOH,KR,120
31VNCmwspR7nVJ6kruUuJt,Đừng Làm Trái Tim Anh Đau,Sơn Tùng M-TP,VN,119
6RUKPb4LETWmmr3iAEQktW,Something Just Like This,The Chainsmokers,"KR,US,VN",119
19XpFsce28aByvCC4g89tJ,Too Sweet,Hozier,"KR,US",119
6393yGahSJ9slVdOwSxOVR,Pink Pony Club,Chappell Roan,US,119
2cxcqKwQtfKq7giphxjzOu,晩餐歌,tuki.,KR,119
4mqfe9XrgEOSsofvq5MyjR,Heavenly fate,LEECHANGSUB,KR,119
15HNdxGKNCIO9pgaY4n7FU,Pretender,OFFICIAL HIGE DANDISM,KR,118
2FWBdovgRvBSzA1JESUe0D,Làm Gì Phải Hốt,JustaTee,VN,117
08bNPGLD8AhKpnnERrAc6G,FRIENDS,Marshmello,"US,VN",117
5ocSQW5sIUIOFojwXEz9Ki,Supernatural,NewJeans,"KR,VN",117
1TE8AAk9koG0UJco6ZAUfx,Rock and A Hard Place,Bailey Zimmerman,US,117
1HbzxLqpNVPdiBXvpC7Ovb,Wondering Why,The Red Clay Strays,US,117
7tFwBnuaGXqiiONukPRaCo,Miên Man,Minh Huy,VN,116
5XfGQZA0ioQAWUjlyJRcHc,1000 Ánh Mắt,Shiki,VN,116
5J90ah0ppUSev1uahqQiN6,Anh Đánh Rơi Người Yêu Này,Andiez,VN,116
11hcyWq7qSwBE3bvv5Ialn,Dù Cho Mai Về Sau - Acoustic Version,buitruonglinh,VN,116
1zvL2X6HPrLfvtSY4DpopE,Em Mới Là Người Yêu Anh,MIN,VN,116
3e9HZxeyfWwjeyPAMmWSSQ,"thank u, next",Ariana Grande,"KR,US,VN",116
7iDa6hUg2VgEL1o1HjmfBn,Meant to Be,Bebe Rexha,"US,VN",116
0WbMK4wrZ1wFSty9F7FCgu,"Good Luck, Babe!",Chappell Roan,"KR,US",116
5tdz7T4hTxA1ipJMBe24uX,"ex's hate me, Pt.2",AMEE,VN,115
5eXBXreN3d1zdj6Sa8dS0u,Permission to Dance,BTS,"KR,US,VN",115
0ClPIeT6MSgfSgQ9ZrJbAq,Cheating on You,Charlie Puth,VN,115
2rGCYAabfA63PIzhQm7hVq,Internet Love,VSTRA,VN,115
34gCuhDGsG4bRPIf9bb02f,Thinking out Loud,Ed Sheeran,"KR,US,VN",115
0PAcdVzhPO4gq1Iym9ESnK,Thinkin’ Bout Me,Morgan Wallen,US,115
2eAZfqOm4EnOF9VvN50Tyc,The Way Life Goes,Lil Uzi Vert,US,115
1UQNU5O9VttUgO16pxUnjw,Đánh Đổi,Obito,VN,114
186NCtNk1tUYS7c2DxgJ7O,Christmas Tree,V,"KR,VN",114
7fa9MBXhVfQ8P8Df9OEbD8,Girls Like You,Maroon 5,"US,VN",114
4obHzpwGrjoTuZh2DItEMZ,7 Summers,Morgan Wallen,US,114
29MHN4pjwkSSKsGowRETGW,Episode,LEE MU JIN,KR,114
7tI8dRuH2Yc6RuoTjxo4dU,Who,Jimin,"KR,US,VN",113
5PGh9MyKry8slG5AfvD1eD,Hà Nội,Obito,VN,113
2HRqTpkrJO5ggZyyK6NPWz,Espresso,Sabrina Carpenter,"KR,US,VN",113
3znQ9i61vfe2E7URHlOiyc,I Love You 3000,Stephanie Poetri,VN,113
2qnnREp8mFVipaEoUlw9ya,Hai Triệu Năm,Đen,VN,113
3LWVXp636uLT356Rj08Jaz,Be Mine,Jimin,"KR,US,VN",112
04ZTP5KsCypmtCmQg5tH9R,I'm a Mess,Bebe Rexha,"US,VN",112
43zdsphuZLzwA9k4DJhU0I,when the party's over,Billie Eilish,"US,VN",112
21IYMdzTrzSe191Cy5eMap,Sailor Song,Gigi Perez,US,112
65OVbaJR5O1RmwOQx0875b,Wants and Needs,Drake,"KR,US",112
7eBqSVxrzQZtK2mmgRG6lC,Murder On My Mind,YNW Melly,US,112
5wujBwqG7INdStqGd4tRMX,Armed And Dangerous,Juice WRLD,US,112
69AIpwGNLxr4qS1X5ynx60,Buy Dirt,Jordan Davis,US,112
4zCcKPm03kHARVAiyzlDX8,Trust in me,Lim Young Woong,KR,112
2D1xAiDD33nqcxtSMH30hO,Love Station,Lim Young Woong,KR,112
45PPoUgqs3JrhkZGEzSUHT,3107 4,W/N,VN,111
5Msoarj5hk9LguTtiIyqug,Ngày Đầu Tiên,Đức Phúc,VN,111
41aMYNen9G7uUbqLfV65cF,Tay To,Rapital,VN,111
0lks2Kt9veMOFEAPN0fsqN,Lily,Alan Walker,VN,111
1ZrADntHAYV84R2y1Op3Eg,Bùa Yêu,Bích Phương,VN,111
1yxgsra98r3qAtxqiGZPiX,BUTTERFLY EFFECT,Travis Scott,US,111
2kIUILBPlz4exX9xIFS275,Lucky Girl Syndrome,ILLIT,KR,111
1IvOxLYTstsq5Z6pN3l3zm,Loving You,Lim Young Woong,KR,111
6Q2oEdOhRjZ1DTv2a7j0lN,Ghé Qua,PC,VN,110
3AejRjgBsFV4HWHjJmmEP7,lời tạm biệt chưa nói,GREY D,VN,110
1CyYcBdukmFjFibDZaDlHc,To The Moon,hooligan.,VN,110
25sgk305KZfyuqVBQIahim,Sweet but Psycho,Ava Max,"US,VN",110
0pYacDCZuRhcrwGUA5nTBe,eight(Prod.&Feat. SUGA of BTS),IU,"KR,VN",110
3GVkPk8mqxz0itaAriG1L7,Everybody Dies In Their Nightmares,XXXTENTACION,"US,VN",110
3FU6urUVsgXa6RBuV2PdRk,Heartless,Diplo,US,110
0gucTLf7trAf37Ua1uAyAu,Smells Like Teen Spirit - Remastered,Nirvana,US,110
1k68vKHNQXU5CHqcM7Yp7N,HAPPY,DAY6,KR,110
2plbrEY59IikOBgBGLjaoe,Die With A Smile,Lady Gaga,"KR,US,VN",109
28bxbqNcAuNxYDZYet6eZ7,Chỉ Một Đêm Nữa Thôi,RPT MCK,VN,109
3k6q0O9JnO2GhvD6C8fs20,Closer Than This,Jimin,"KR,VN",109
6PLNoijWdc3dWqc1KKjv73,Đâu Cần Một Bài Ca Tình Yêu,Tiên Tiên,VN,109
2rbDhOo9Fh61Bbu23T2qCk,Always Remember Us This Way,Lady Gaga,"US,VN",109
6A1Fp35pdTxUD5mb5BpjJE,Người Ta Có Thương Mình Đâu,Trúc Nhân,VN,109
5qaEfEh1AtSdrdrByCP7qR,Demons,Imagine Dragons,"US,VN",109
3440g8awr2l0E5Yy2X5Epk,Tại Vì Sao,RPT MCK,VN,108
3U4isOIWM3VvDubwSI3y7a,All of Me,John Legend,"US,VN",108
3siwsiaEoU4Kuuc9WKMUy5,No One Noticed,The Marías,US,108
2Z8WuEywRWYTKe1NybPQEW,Ride,Twenty One Pilots,US,108
7nBFpFa8ZFMUqzwPmWaD6u,"Hold On, We're Going Home",Drake,US,108
41DlPJXKTCypXdf2eSqa03,Bình Yên,Vũ.,VN,107
1rfofaqEpACxVEHIZBJe6W,Havana,Camila Cabello,"US,VN",107
1Zyd6zQnC6XIIzmg3hP7Ot,As If It's Your Last,BLACKPINK,"KR,VN",107
1mXVgsBdtIVeCLJnSnmtdV,Too Good At Goodbyes,Sam Smith,"US,VN",107
6fxVffaTuwjgEk5h9QyRjy,Photograph,Ed Sheeran,"KR,US,VN",107
6dgUya35uo964z7GZXM07g,Nonsense,Sabrina Carpenter,"KR,US,VN",107
43iIQbw5hx986dUEZbr3eN,From The Start,Laufey,US,107
7DfFc7a6Rwfi3YQMRbDMau,Thinkin Bout You,Frank Ocean,US,107
0d6dbFvKczX1Us3J7TsMMv,Lỡ Say Bye Là Bye,Changg,VN,106
4iJyoBOLtHqaGxP12qzhQI,Peaches,Justin Bieber,"KR,US,VN",106
5nujrmhLynf4yMoMtj8AQF,Levitating,Dua Lipa,"KR,US,VN",106
0Q5VnK2DYzRyfqQRJuUtvi,LOVE DIVE,IVE,"KR,VN",106
7FIWs0pqAYbP91WWM0vlTQ,Godzilla,Eminem,"US,VN",106
4XoP1AkbOurU9CeZ2rMEz2,F**kin' Problems,A$AP Rocky,US,106
66UcQu5LBo2A7AC0A5r0lI,Wi Ing Wi Ing,HYUKOH,KR,106
249gnXrbfmV8NG6jTEMSwD,Life Goes On,BTS,"KR,US,VN",105
7aiClxsDWFRQ0Kzk5KI5ku,hot girl bummer,blackbear,"US,VN",105
0tKcYR2II1VCQWT79i5NrW,Thunder,Imagine Dragons,"US,VN",105
2GiJYvgVaD2HtM8GqD9EgQ,Electric Love,BØRNS,US,105
7wLJ4xzxNss5abZ1kXs242,Closely Far Away,"Car, the garden",KR,105
6oNLSQX8bcAdbCElZYju3v,Supersonic,fromis_9,KR,105
7CkjU55ROZSwb95dzGan0o,Officially Missing You,Geeks,KR,105
3COYA2vgfcUhDyRlVpZy5p,PHÓNG ZÌN ZÌN,tlinh,VN,104
05X3a0YGmS1rbH50aL8lGF,Một Ngàn Nỗi Đau,Văn Mai Hương,VN,104
4SFknyjLcyTLJFPKD2m96o,How You Like That,BLACKPINK,"KR,US,VN",104
39TAKt2hL8sdhVTFCNfm2Y,Ai Đưa Em Về,TIA,VN,104
5SE57ljOIUJ1ybL9U6CuBH,DNA,BTS,"KR,US,VN",104
2tpWsVSb9UEmDRxAl1zhX1,Counting Stars,OneRepublic,"KR,US,VN",104
7Fw5i56my24ZBnGS7hFX2n,Pompeii,Bastille,US,104
0NPR33dSDeDdlWS4aaN3dc,My Starry Love,Lim Young Woong,KR,104
0e6fZkLArSmDIHnZcIua7t,Không Yêu Em Thì Yêu Ai?,Vũ.,VN,103
39KWnPNEvbXt423CzjvBfA,Anh Đã Quen Với Cô Đơn,SOOBIN,VN,103
39EXZNMxb4RBHlRjnRaOKp,Sweet Night,V,"KR,VN",103
4h4QlmocP3IuwYEj2j14p8,Sunroof,Nicky Youre,"KR,US,VN",103
5gDWsRxpJ2lZAffh5p7K0w,Stargirl Interlude,The Weeknd,US,103
3CRDbSIZ4r5MsZ0YwxuEkn,Stressed Out,Twenty One Pilots,US,103
5E30LdtzQTGqRvNd7l6kG5,Daddy Issues,The Neighbourhood,US,103
3Dah48XTdzVtbIl4dUn6l4,Get A Guitar,RIIZE,KR,103
7fCeYpR02Q8JVuD88hJZVT,Bầu Trời Mới,Da LAB,VN,102
7eDrdQ7PK9Xm1CZCKWsgmH,Anh Nhớ Ra,Vũ.,VN,102
2c0QMztYu6PCfFrGLqHXIV,Răng Khôn,Phí Phương Anh,VN,102
35mvY5S1H3J2QZyna3TFe0,positions,Ariana Grande,"KR,US,VN",102
4sgMbwl9lXGyHcHmtFYGMm,Supernova,aespa,"KR,VN",102
7EmGUiUaOSGDnUUQUDrOXC,Wolves,Selena Gomez,"US,VN",102
4OBZT9EnhYIV17t4pGw7ig,Best Part,H.E.R.,"KR,US,VN",102
59nOXPmaKlBfGMDeOVGrIK,WAIT FOR U,Future,"KR,US",102
42CeaId2XNlxugDvyqHfDf,Candy Paint,Post Malone,US,102
7mldq42yDuxiUNn08nvzHO,Body Like A Back Road,Sam Hunt,US,102
4xeugB5MqWh0jwvXZPxahq,Drowning,WOODZ,KR,102
7h2zqUH4bYyknNUxsYnS5V,Như Anh Đã Thấy Em,PhucXp,VN,101
6XJsQ5nqCu8RUv9pv1iz1x,Nguoi Hay Quen Em DI,Mỹ Tâm,VN,101
249fiLJ8fFXYLL4NNjjgXT,Muon Mang La Tu Luc,Mỹ Tâm,VN,101
2me4nvwIdLsSXA5omarKq5,Neu Anh Di,Mỹ Tâm,VN,101
6MWtB6iiXyIwun0YzU6DFP,Wow.,Post Malone,"US,VN",101
4ZJ4vzLQekI0WntDbanNC7,Pink Skies,Zach Bryan,US,101
42fw0rxRO2xbesF6mJfd4Y,Tequila,Dan + Shay,US,101
21ewxM3YvcdTj7cC0XwznO,Do or Die,Lim Young Woong,KR,101
0vkExWiBJSrfWnlMC7x48b,Không Yêu Xin Đừng Nói - Piano Version,UMIE,VN,100
2n00rcPaXcWfFB9irOKOmh,Anh Chỉ Muốn,Ronboogz,VN,100
0wwfocY1CfXcKfMcWSoGXc,Yêu Người Có Ước Mơ,buitruonglinh,VN,100
2gzhQaCTeNgxpeB2TPllyY,With you,Jimin,"KR,VN",100
0eFMbKCRw8KByXyWBw8WO7,Still With You,Jung Kook,"KR,VN",100
5QO79kh1waicV47BqGRL3g,Save Your Tears,The Weeknd,"KR,US,VN",100
7laWkT6uyoMDUXBqhcAN4V,Ngày Chưa Giông Bão,Bùi Lan Hương,VN,100
74X2u8JMVooG2QbjRxXwR8,Perfect Night,LE SSERAFIM,"KR,US,VN",100
0eaVIYo2zeOaGJeqZ5TwYz,No Pole,Don Toliver,US,100
1VLtjHwRWOVJiE5Py7JxoQ,Martin & Gina,Polo G,US,100
1osW08ygBwopWmjWzqWbfJ,Antifreeze,Yerin Baek,KR,100
2pn8dNVSpYnAtlKFC8Q0DJ,On The Ground,ROSÉ,"KR,US,VN",99
2DwUdMJ5uxv20EhAildreg,Cookie,NewJeans,"KR,VN",99
2gMXnyrvIjhVBUZwvLZDMP,Before You Go,Lewis Capaldi,"KR,US,VN",99
3QaPy1KgI7nu9FJEQUgn6h,WILDFLOWER,Billie Eilish,"KR,US",99
4EwNWRBWdZ6bgvxRHlZ8OO,CROOKED,G-DRAGON,KR,99
2xOhv7XudrBDtkID1jwsFE,Từng Là,Vũ Cát Tường,VN,98
3DarAbFujv6eYNliUTyqtz,Kiss Me More,Doja Cat,"KR,US,VN",98
4Ws314Ylb27BVsvlZOy30C,Lovesick Girls,BLACKPINK,"KR,US,VN",98
3FAJ6O0NOHQV8Mc5Ri6ENp,Heartbreak Anniversary,GIVĒON,"KR,US,VN",98
7Cnpb1vBbC46RgVyyKLH7p,Whiplash,aespa,"KR,VN",98
3QGsuHI8jO1Rx4JWLUh9jd,Treat You Better,Shawn Mendes,"US,VN",98
6AI3ezQ4o3HUoP6Dhudph3,Not Like Us,Kendrick Lamar,"KR,US,VN",98
6eYxmK9fdL4hwLnXG2zY3s,Look At Me!,XXXTENTACION,US,98
3sNVsP50132BTNlImLx70i,Bound 2,Kanye West,US,98
3GJ4hzg4lrGwU51Y3VARbF,Speechless,Dan + Shay,US,98
226ljdOTLM2clGpm4mZvAm,Love is,Dangrangto,VN,97
2GE2p2dFpxp7OIz2QOFBzW,"KIM PHÚT, KIM GIỜ","ANH TRAI ""SAY HI""",VN,97
4xqrdfXkTW4T0RauPLv3WA,Heather,Conan Gray,"KR,US,VN",97
3oDkdAySo1VQQG0ptV7uwa,Lean Wit Me,Juice WRLD,US,97
5yuShbu70mtHXY0yLzCQLQ,Go Flex,Post Malone,US,97
5C1O3fpMsiisJpHiB1uuDf,ĐỢI (Prod. RIO),52Hz,VN,96
4VrWlk8IQxevMvERoX08iC,Chandelier,Sia,US,96
3CmacJj7VC4W6daC8BWd0h,Mất Kết Nối,Dương Domic,VN,95
3QD2NfLEIvMRbzv2uTu4B7,Anh Chưa Thương Em Đến Vậy Đâu,Myra Trần,VN,95
2SykQzXuFSeprST1uDjj1m,trời giấu trời mang đi,AMEE,VN,95
7eJMfftS33KTjuF7lTsMCx,death bed,Powfu,"US,VN",95
2Fxmhks0bxGSBdJ92vM42m,bad guy,Billie Eilish,"KR,US,VN",95
5mBWIm9EGnhZRYBYgAS72m,De Mi Noi Cho Ma Nghe,Hoàng Thùy Linh,VN,95
4pUCKHjJ4Ijewc37rRrvHn,Kill This Love,BLACKPINK,"KR,US,VN",95
7FGq80cy8juXBCD2nrqdWU,Eastside,benny blanco,"US,VN",95
3IznIgmXtrUaoPWpQTy5jB,Not Allowed,TV Girl,US,95
33S16Xa5cZmLPhn6eZI4Nm,ĐỢI (SPECIAL VERSION),52Hz,VN,94
0bYg9bo50gSsH3LtXe2SQn,All I Want for Christmas Is You,Mariah Carey,"KR,US,VN",94
1Lo0QY9cvc8sUB2vnIOxDT,Fast Car,Luke Combs,US,94
6Gg1gjgKi2AK4e0qzsR7sd,Bandit,Juice WRLD,US,94
3QzAOrNlsabgbMwlZt7TAY,Ballin',Mustard,US,94
6yr8GiTHWvFfi4o6Q5ebdT,'Till I Collapse,Eminem,US,94
2SMq0lOqCTHayWa9juoI0d,We Are,Woo,KR,94
3HIDWyZGwSe5MhrSP890nc,Rhapsody of Sadness,Lim Jae Hyun,KR,94
1z5ebC9238uGoBgzYyvGpQ,toxic till the end,ROSÉ,"KR,US,VN",93
1MQ97OxIEAMm5BUHbS6yHv,Giữa Đại Lộ Đông Tây,Uyên Linh,VN,93
1U8bwOTAtnqlWMCn1mwYyj,Có Chàng Trai Viết Lên Cây,Phan Mạnh Quỳnh,VN,93
48XfojJC87VKLlUotYV0Gm,The Truth Untold,BTS,"KR,US,VN",93
4hQ6UGyWQIGJmHSo0J88JW,Back To You,Selena Gomez,"US,VN",93
2dpaYNEQHiRxtZbfNsse99,Happier,Marshmello,"US,VN",93
2Y0wPrPQBrGhoLn14xRYCG,Come & Go,Juice WRLD,"US,VN",93
5hVghJ4KaYES3BFUATCYn0,EARFQUAKE,"Tyler, The Creator","US,VN",93
2uIX8YMNjGMD7441kqyyNU,ocean eyes,Billie Eilish,"US,VN",93
3F5CgOj3wFlRv51JsHbxhe,Jimmy Cooks,Drake,"KR,US",93
7D0RhFcb3CrfPuTJ0obrod,Sparks,Coldplay,US,93
6uFn47ACjqYkc0jADwEdj1,Pop Out,Polo G,US,93
0B8QzDH7YWih85V5SEMnyJ,Money Longer,Lil Uzi Vert,US,93
3khEEPRyBeOUabbmOPJzAG,KICK BACK,Kenshi Yonezu,"KR,US",93
1TCkgf6YdQa9jzhWziWbjf,Elevator,Lim Young Woong,KR,93
4iJprGt1rt5iy0sxXXaRWn,OHAYO MY NIGHT,D-Hack,KR,93
7mblTCdc14ylJ1JW71MODb,Giờ Thì,buitruonglinh,VN,92
5VGOYjxkEaf19LoRPIolD2,Anh Muốn Nhìn Thấy Em,The Wind,VN,92
56n21o9wtl9IjFVsGe7BG1,Thuận Theo Ý Trời,Bùi Anh Tuấn,VN,92
3rUGC1vUpkDG9CZFHMur1t,greedy,Tate McRae,"KR,US,VN",92
3PfIrDoz19wz7qK7tYeu62,Don't Start Now,Dua Lipa,"KR,US,VN",92
3NdDpSvN911VPGivFlV5d0,I Don’t Wanna Live Forever (Fifty Shades Darker),ZAYN,"US,VN",92
3jjujdWJ72nww5eGnfs2E7,Adore You,Harry Styles,"KR,US,VN",92
3wYDgvDi82GUU1NPy2roYp,사랑의 바보,The NuTs,KR,92
0aZG8KWrpRnsGL0loUkfSj,plot twist,TWS,KR,92
0nbXyq5TXYPCO7pr3N8S4I,The Box,Roddy Ricch,"US,VN",91
1IHWl5LamUGEuP4ozKQSXZ,Tití Me Preguntó,Bad Bunny,US,91
4QTlxavdQGUVitxAvQqqkU,Mmhmm,BigXthaPlug,US,91
7yyRTcZmCiyzzJlNzGC9Ol,Broccoli,DRAM,US,91
0d28khcov6AiegSCpG5TuT,Feel Good Inc,Gorillaz,US,91
3AJwUDP919kvQ9QcozQPxg,Yellow,Coldplay,"KR,US",91
2Pwou3Q2Cf59RxdX2V6MgV,Có Đôi Điều,Shiki,VN,90
4BdB08vuS9r4HOoY7GkAxT,Nếu Ngày Ấy,SOOBIN,VN,90
4BLpd6QINAs4UXd1lVtdhj,Dangerously,Charlie Puth,"KR,VN",90
7n2FZQsaLb7ZRfRPfEeIvr,ELEVEN,IVE,"KR,VN",90
2IRZnDFmlqMuOrYOLnZZyc,Going Bad,Meek Mill,"US,VN",90
5RKQ5NdjSh2QzD4MaunT91,Don't Stop Believin' (2022 Remaster),Journey,US,90
4MzXwWMhyBbmu6hOcLVD49,DÁKITI,Bad Bunny,"KR,US",90
7EiZI6JVHllARrX9PUvAdX,Low Life,Future,US,90
3Ids3RXurYBgySph53qWnB,Từng Ngày Yêu Em,buitruonglinh,VN,89
36fgG6NiEuQXznNgf5y2Ck,một bài hát không vui mấy - Extended Version,T.R.I,VN,89
5oFEvbM7lGnx8jfAkuhVyo,MỘNG YU,AMEE,VN,89
7CAdT0HdiQNlt1C7xk2hep,Stay Alive (Prod. SUGA of BTS),Jung Kook,"KR,US,VN",89
6Fbsn9471Xd0vVsMWwhePh,Tháng Mấy Em Nhớ Anh?,Hà Anh Tuấn,VN,89
26KyYm1DSOiDJQNj7Sc4bM,Đi Qua Mùa Hạ,Thái Đinh,VN,89
7DFNE7NO0raLIUbgzY2rzm,Let Her Go,Passenger,"US,VN",89
3sK8wGT43QFpWrvNQsrQya,DtMF,Bad Bunny,"KR,US",89
2lTm559tuIvatlT1u0JYG2,BAILE INoLVIDABLE,Bad Bunny,US,89
1osfLqL6L2iQsirRf83ded,Worst Way,Riley Green,US,89
6Ozh9Ok6h4Oi1wUSLtBseN,BOP,DaBaby,US,89
2U5WueTLIK5WJLD7mvDODv,Wishing Well,Juice WRLD,US,89
5G0NPSOTLepHxUhEMlVjWj,サムライハート(Some Like It Hot!!),SPYAIR,KR,89
0HsRZwZzHoZ5AM5W2ZYI5c,Beyond Love (Feat. 10CM),BIG Naughty,KR,89
5h1BN75CEh8wdSwE1xrbSe,Slow Dancing,V,"KR,VN",88
3XEspwit4d8gwKKgeopfCv,Em Thích,SEANPOET,VN,88
5dZHey2U2xrNpvgyop8URS,Love of Ghosts,Hoàng Thùy Linh,VN,88
2zrhoHlFKxFTRF5aMyxMoQ,Next Level,aespa,"KR,VN",88
22LAwLoDA5b4AaGSkg6bKW,Blueberry Faygo,Lil Mosey,"KR,US,VN",88
3eekarcy7kvN4yt5ZFzltW,HIGHEST IN THE ROOM,Travis Scott,"US,VN",88
2XW4DbS6NddZxRPm5rMCeY,God's Plan,Drake,"US,VN",88
2BcMwX1MPV6ZHP4tUT9uq6,Knife Talk,Drake,"KR,US",88
1SjsVdSXpwm1kTdYEHoPIT,Sun to Me,Zach Bryan,US,88
3bidbhpOYeV4knp8AIu8Xn,Can't Hold Us,Macklemore & Ryan Lewis,US,88
3Ml2s37uS9jqRM2R3bfDiB,"Every day, Every Moment",Paul Kim,KR,88
4LxFRsy3TZjqAtAgIsjkez,"Rainy day (Feat. ASH ISLAND, Skinny Brown)",PATEKO,KR,88
2CGNAOSuO1MEFCbBRgUzjd,luther,Kendrick Lamar,"KR,US,VN",87
0Rx4GFPy8ISxPhRwkjl64b,"ex's hate me, Pt. 2",AMEE,VN,87
09IStsImFySgyp0pIQdqAc,The Middle,Zedd,"KR,US,VN",87
1K5KBOgreBi5fkEHvg5ap3,Life Is Good,Future,"US,VN",87
3swc6WTsr7rl9DqQKQA55C,Psycho,Post Malone,"US,VN",87
48UKTR66uUOT9LaUvooTNx,The Kind of Love We Make,Luke Combs,US,87
7EkWXAI1wn8Ii883ecd9xr,Freaks,Surf Curse,US,87
3wUp8eCTshIrJcYbjWaoyP,ThichThich,Phương Ly,VN,86
3yWacnoBnM0lrzLmXAk44d,"Em Không Sai, Chúng Ta Sai",ERIK,VN,86
2klsSb2iTfgDh95Ak9uWY2,Gái Độc Thân,tlinh,VN,86
5wANPM4fQCJwkGd4rN57mH,drivers license,Olivia Rodrigo,"KR,US,VN",86
1C7aNWtuAK07clP7lOQnno,So Close,Binz,VN,86
7kDUspsoYfLkWnZR7qwHZl,my ex's best friend,mgk,"KR,US",86
4WjH9Bzt3kx7z8kl0awxh4,Lean On,Major Lazer,US,86
11s5p72subU7SHJPzyR2Lq,Memories,RIIZE,KR,86
51ZQ1vr10ffzbwIjDCwqm4,we can't be friends (wait for your love),Ariana Grande,"KR,US,VN",85
4I2ne5vm5LJmrXAfqgjAG4,Tình Ca Tình Ta,kis,VN,85
4XkeDeEoSxS7V1B4cjDshU,Her Summer,Vũ.,VN,85
0uUNN1nSoUx1A4fkDCWDQ7,So Am I,Ava Max,"US,VN",85
6Qs4SXO9dwPj5GKvVOv8Ki,Dancing With A Stranger,Sam Smith,"KR,US,VN",85
3gmn76fCtpDazGMnN0QMHX,NIGHT DANCER,imase,"KR,VN",85
5yFSF6qQA1rcLsQRnBsZgb,All Falls Down,Alan Walker,"US,VN",85
4R2kfaDFhslZEMJqAFNpdd,cardigan,Taylor Swift,"US,VN",85
5nCwjUUsmBuNZKn9Xu10Os,Celebrity,IU,"KR,VN",85
5xrtzzzikpG3BLbo4q1Yul,LILAC,IU,"KR,VN",85
7IHOIqZUUInxjVkko181PB,Stay With Me,Sam Smith,"US,VN",85
0FIDCNYYjNvPVimz5icugS,Timeless,The Weeknd,"KR,US",85
7AeM1BGYM7emrqmQn1PuWv,I'm The Problem,Morgan Wallen,US,85
1R0a2iXumgCiFb7HEZ7gUE,Don’t Blame Me,Taylor Swift,US,85
2wAJTrFhCnQyNSD3oUgTZO,Work Out,J. Cole,US,85
5SqSckut3FcoQKmGkMWgp1,Often,The Weeknd,US,85
5jrdCoLpJSvHHorevXBATy,Dark Horse,Katy Perry,US,85
3Z2sglqDj1rDRMF5x0Sz2R,3005,Childish Gambino,US,85
5XVEx1pTUR4T7ABtXoGGxx,응급실,Izi,KR,85
3OVMe3H6iAxbLF8iD2UYrw,Chúng Ta Của Tương Lai,Sơn Tùng M-TP,VN,84
0JKEP4dB1riE6l7Kq5kJm1,Em Đừng Khóc,Chillies,VN,84
46HNZY1i7O6jwTA7Slo2PI,My Universe,Coldplay,"KR,US,VN",84
5qbjUmVV1yOOjcMOInNPYD,để tôi ôm em bằng giai điệu này,Kai Đinh,VN,84
3pyHABNUu0QxeyH1x8p7yf,Gặp Nhưng Không Ở Lại,Hiền Hồ,VN,84
5pf3f5rhtUnZ1PeTcHKVdz,Có Người,Vũ Cát Tường,VN,84
2RkZ5LkEzeHGRsmDqKwmaJ,Ordinary,Alex Warren,"US,VN",84
1TQXIltqoZ5XXyfCbAeSQQ,Dancing With Your Ghost,Sasha Alex Sloan,VN,84
7KiVghFxUSJjrSQXlb9tdh,Nhắm Mắt Thấy Mùa Hè,Nguyên Hà,VN,84
3Sg9sJ1VxG91hvcRFrVuH7,Nham Mat Thay Mua He OST - Original,Nguyên Hà,VN,84
2iUXsYOEPhVqEBwsqP70rE,Youngblood,5 Seconds of Summer,"KR,US,VN",84
5tz69p7tJuGPeMGwNTxYuV,1-800-273-8255,Logic,US,84
5TFD2bmFKGhoCRbX61nXY5,NUEVAYoL,Bad Bunny,US,84
1v7L65Lzy0j0vdpRjJewt1,Lose Yourself,Eminem,US,84
6TBJkXHPhu3EsMk1bshwuI,ONLY,LEEHI,"KR,VN",83
7wHBNIBO353lf9aVvmUydT,Cảm Ơn Và Xin Lỗi,Chillies,VN,83
6HU7h9RYOaPRFeh0R3UeAr,deja vu,Olivia Rodrigo,"KR,US,VN",83
4HBZA5flZLE435QTztThqH,Stuck with U,Ariana Grande,"KR,US,VN",83
3TSLqZssCoCdDlMhCJ08XW,Still Life,BIGBANG,"KR,VN",83
27GmP9AWRs744SzKcpJsTZ,Jumpman,Drake,US,83
1f5cbQtDrykjarZVrShaDI,Drowning,A Boogie Wit da Hoodie,US,83
1rIKgCH4H52lrvDcz50hS8,Lush Life,Zara Larsson,US,83
5BbdKBZO0TH0GhfxUfyhL9,Freestyle,Lil Baby,US,83
423WHvB4mKprM6hELzpH3F,Good Night Good Dream,Nerd Connection,KR,83
7G7mSV4BebkoHWwKTDvXu9,Winter Ahead,V,"KR,VN",82
0gzpqwLf1jhNjnSJEyweAX,Tình cờ yêu em,Kuun Đức Nam,VN,82
1kPhV0KQui1phEpjnWIqUN,Smeraldo Garden Marching Band,Jimin,"KR,US,VN",82
350jyz12XEeC1blsfcrYaG,Sao Em Lại Tắt Máy?,Phạm Nguyên Ngọc,VN,82
3CYH422oy1cZNoo0GTG1TK,Psycho,Red Velvet,"KR,VN",82
1yNHcXf3122hM5UJ0UWz4V,Gene,Binz,VN,82
6LxSe8YmdPxy095Ux6znaQ,Headlines,Drake,US,82
49zD0wr2S3d0lZPib0K4e1,F*ck Up Some Commas,Future,US,82
34HSEUn4YGAFBW9OHGIkU7,Boat,george,KR,82
1DVYafsLmcQySKkJnY4RCs,Phép Màu,MAYDAYs,VN,81
2JuHIbFudHwDqQssgqsH3i,Lệ Lưu Ly,Vũ Phụng Tiên,VN,81
4DpNNXFMMxQEKl7r0ykkWA,Play Date,Melanie Martinez,"US,VN",81
4n7jnSxVLd8QioibtTDBDq,On My Way,Alan Walker,"US,VN",81
4iDyFW4a7iCJh2VqSpwGQz,Ai Đưa Em Về,Tia,VN,81
1i1fxkWeaMmKEB4T7zqbzK,Don't Let Me Down,The Chainsmokers,"US,VN",81
6nmz4imkDcmtwMjocAzFSx,Hotline Bling,Drake,US,81
4WGyY671Z37inSpCTBJoIm,Earned It (Fifty Shades Of Grey),The Weeknd,US,81
6jmTHeoWvBaSrwWttr8Xvu,I Mean It,G-Eazy,US,81
6JeleVHUHrdvgiFESE33ZU,MELODY,ASH ISLAND,KR,81
4eeflgjzTF8xN8U2E0dech,NGỰA Ô,Dangrangto,VN,80
0oL2jCTf9P9a7flY5mCpYu,Trở Về,Wxrdie,VN,80
2aI2k39nfa3KFsa4JclQzw,DDU-DU DDU-DU,BLACKPINK,"KR,US,VN",80
1nahzW3kfMuwReTka28tH5,Hold On,Justin Bieber,"KR,US,VN",80
6qAzAmPBUpGrk7XADZHR5k,LOVE SCENARIO,iKON,"KR,VN",80
2ekn2ttSfGqwhhate0LSR0,New Rules,Dua Lipa,"US,VN",80
1rv46mRwDqMEhOBZ7vODg3,It's Beginning to Look a Lot like Christmas,Michael Bublé,"KR,US,VN",80
7AFASza1mXqntmGtbxXprO,changes,XXXTENTACION,"US,VN",80
58q2HKrzhC3ozto2nDdN4z,I Like It,Cardi B,"US,VN",80
4WFgvKVfEhb3IUAFGrutTR,Love Me Not,Ravyn Lenae,"KR,US",80
6J5kc12BW5HuP3d7C3vvx8,EoO,Bad Bunny,US,80
1wJRveJZLSb1rjhnUHQiv6,Swervin,A Boogie Wit da Hoodie,US,80
6RsWqX8zABZLhZydXxEFOm,Can't Feel My Face,The Weeknd,US,80
0v9Wz8o0BT8DU38R4ddjeH,No Problem,Chance the Rapper,US,80
5FkoSXiJPKTNyYgALRJFhD,ORANGE SODA,Baby Keem,US,80
6J2LdBN97cDWn0MLxYh9HB,July,Noah Cyrus,US,80
3s4U7OHV7gnj42VV72eSZ6,Rather Be,Clean Bandit,US,80
6wb6zxkNTBtcYVkXcvNyJp,No Type,Rae Sremmurd,US,80
68UrZQUuO3O6eUiD226xHg,The Chase,Hearts2Hearts,KR,80
6cc5PzJUddXskJGHJINw9F,DANCING IN THE DARK,SOOBIN,VN,79
7kpNUrBDYDoX6QKGzrBD1R,Thôi Em Đừng Đi,RPT MCK,VN,79
5Nd0com2T4rHRZO2YFwD2n,Ngày Tận Thế,Tóc Tiên,VN,79
2gYj9lubBorOPIVWsTXugG,After LIKE,IVE,"KR,VN",79
1TaQciB8qqRZ9fxWGhS65X,Don't Know What To Do,BLACKPINK,"KR,VN",79
2VxeLyX666F8uXCJ0dZF8B,Shallow,Lady Gaga,"KR,US,VN",79
3d2bsbugow8JiNvuaRupFH,Slow Dance,Jimin,"KR,VN",79
7gMfVc4zfNIxuMyMGglOHa,Rebirth (Intro),Jimin,"KR,VN",79
1WP1r7fuvRqZRnUaTi2I1Q,Stitches,Shawn Mendes,"US,VN",79
7qTaDOcld0VmBWXnkbUj45,Broadway Girls,Lil Durk,US,79
6fwdbPMwP1zVStm8FybmkO,X,21 Savage,US,79
20dP2DaMHIAmwWAbp7peSr,pick up the phone,Young Thug,US,79
7p54iuWHqvdeN224OglZ9t,I Don't Fuck With You,Big Sean,US,79
16qYlQ6koFxYVbiJbGHblz,G.O.M.D.,J. Cole,US,79
373fb3tsAbcShtD2RZ8edv,벌써 일년,Brown Eyes,KR,79
6je5cTal6PyeITNrOzkCoS,Welcome to the Show,DAY6,KR,79
2N0SPREDYqILVEFSsWF5N5,Love Me Again,V,"KR,VN",78
3wGx3gYPjECKZazGNuPEX2,Phải Chăng Em Đã Yêu?,Juky San,VN,78
4ZtFanR9U6ndgddUvNcjcG,good 4 u,Olivia Rodrigo,"KR,US,VN",78
3tjFYV6RSFtuktYl3ZtYcq,Mood,24kGoldn,"KR,US,VN",78
0V3wPSX9ygBnCm8psDIegu,Anti-Hero,Taylor Swift,"KR,US,VN",78
7ytR5pFWmSjzHJIeQkgog4,ROCKSTAR,DaBaby,"KR,US,VN",78
0nrRP2bk19rLc0orkWPQk2,Wake Me Up,Avicii,"US,VN",78
42VsgItocQwOQC3XWZ8JNA,FE!N,Travis Scott,"KR,US,VN",78
5qmq61DAAOUaW8AUo8xKhh,Truth Hurts,Lizzo,"US,VN",78
6XHVuErjQ4XNm6nDPVCxVX,No Guidance,Chris Brown,"US,VN",78
7qjZnBKE73H4Oxkopwulqe,back to friends,sombr,"KR,US",78
2fQrGHiQOvpL9UgPvtYy6G,Bank Account,21 Savage,US,78
3aWhZ1zeqy1kdjXiyMh22T,What They Want,Russ,US,78
21IVUjbu1ms4ZISGt74NCy,Skrr,HAON,KR,78
7gSQxwCpEMjg8wb6Y3oqe7,HÀO QUANG,"ANH TRAI ""SAY HI""",VN,77
0Lf0ydJp4nbcEkYgPtIUuD,Khi Mà,Ronboogz,VN,77
6A1IbMKwjvXibcrU1sdqKH,Em Là,MONO,VN,77
6DyotcCWPqKQT8YWireU6L,Tán Gái 505,Low G,VN,77
4Rbnxa7kFSpCHNPJ3uZhtR,Xin Đừng Nhấc Máy,B Ray,VN,77
1rgnBhdG2JDFTbYkYRZAku,Dance Monkey,Tones And I,"KR,US,VN",77
3AVXwaOGCEL8cmBecfcsFJ,Light Switch,Charlie Puth,"KR,US,VN",77
696DnlkuDOXcMAnKlTgXXK,ROXANNE,Arizona Zervas,"KR,US,VN",77
61AZsmFB3VoJdmraMk5ZSn,VIBE,TAEYANG,"KR,US,VN",77
45bE4HXI0AwGZXfZtMp8JR,you broke me first,Tate McRae,"KR,US,VN",77
19D8LNpWwIPpi6hs9BG7dq,Bubble Gum,NewJeans,"KR,VN",77
0eBFgRxyVSeuT4iyrbukdn,Where the Wild Things Are,Luke Combs,US,77
3EO58D1YpHnTvBy68gK8HE,Wind Up Missin’ You,Tucker Wetmore,US,77
3Qu3Zh4WTKhP9GEXo0aDnb,Thought You Should Know,Morgan Wallen,US,77
3vv9phIu6Y1vX3jcqaGz5Z,Roses,The Chainsmokers,US,77
51ODNNDZm21HU7wI7cccRr,Latch,Disclosure,US,77
0669gFIK8dYK9GGQ0K0QNF,Tràn Bộ Nhớ,Dương Domic,VN,76
6KgZf5gZgF1KLNxq1qZgHP,Anh Là Ngoại Lệ Của Em,Phương Ly,VN,76
78lw4wahFNotXb0mOEtPkM,BADBYE,WEAN,VN,76
62SFLTN7txImu8pQwBMP6A,Bật Tình Yêu Lên,Tăng Duy Tân,VN,76
0s7wXifcEHCo9OgELbNv8d,If,Vũ Cát Tường,VN,76
79cuOz3SPQTuFrp8WgftAu,There's Nothing Holdin' Me Back,Shawn Mendes,"KR,US,VN",76
0RGUIOZtmOXTWOy5EjvQbP,Paris in the Rain,Lauv,"KR,VN",76
3hUxzQpSfdDqwM3ZTFQY0K,august,Taylor Swift,"US,VN",76
09mEdoA6zrmBPgTEN5qXmN,Call Out My Name,The Weeknd,"US,VN",76
2kJwzbxV2ppxnQoYw4GLBZ,If The World Was Ending,JP Saxe,"KR,US,VN",76
0SGkqnVQo9KPytSri1H6cF,Bounce Back,Big Sean,US,76
2gam98EZKrF9XuOkU13ApN,Promiscuous,Nelly Furtado,US,76
5NQbUaeTEOGdD6hHcre0dZ,679,Fetty Wap,US,76
79s5XnCN4TJKTVMSmOx8Ep,Dior,Pop Smoke,US,76
32OlwWuMpZ6b0aN2RZOeMS,Uptown Funk,Mark Ronson,US,76
4jtyUzZm9WLc2AdaJ1dso7,0 To 100 / The Catch Up,Drake,US,76
6sDQ4uiWw9OdVrCXFLSlZt,Rap God,Eminem,US,76
7ueP5u2qkdZbIPN2YA6LR0,Sail,AWOLNATION,US,76
4ppKRxity3jJd2hGoVyD4u,No Make Up,Zion.T,KR,76
5WkuMbkHX7yR7nnBKCn7tV,vạn vật như muốn ta bên nhau,RIO,VN,75
3vkCueOmm7xQDoJ17W1Pm3,My Love Mine All Mine,Mitski,"KR,US,VN",75
3sV8ExJeOGXbanczafavZv,Bigcityboi,Binz,VN,75
7MAibcTli4IisCtbHKrGMh,Leave The Door Open,Bruno Mars,"KR,US,VN",75
5XWlyfo0kZ8LF7VSyfS4Ew,Drama,aespa,"KR,VN",75
6kPJZM97LwdG9QIsT7khp6,Solo,Clean Bandit,"US,VN",75
0OlnLZY4cmQzT6ZGttvWBM,So Far Away,Martin Garrix,"US,VN",75
2EjXfH91m7f8HiJN1yQg97,Rockin' Around The Christmas Tree,Brenda Lee,"KR,US,VN",75
5CZ40GBx1sQ9agT82CLQCT,traitor,Olivia Rodrigo,"KR,US,VN",75
4Dr2hJ3EnVh2Aaot6fRwDO,Blueming,IU,"KR,VN",75
1IcR6RlgvDczfvoWJSSY2A,It's the Most Wonderful Time of the Year,Andy Williams,"KR,US,VN",75
6NMNgWgEAzde5M8U3lc6FN,Fake Love,Drake,US,75
1Tt4sE4pXi57mTD1GCzsqm,Needed Me,Rihanna,US,75
2MbdDtCv5LUVjYy9RuGTgC,WHATS POPPIN,Jack Harlow,US,75
03tqyYWC9Um2ZqU0ZN849H,No Hands,Waka Flocka Flame,US,75
5GFDrUTLGJix84sNhjCG0g,Caroline,Aminé,US,75
4S4QJfBGGrC8jRIjJHf1Ka,Pain,PinkPantheress,US,75
6JQvHMSaR8flFsN53ypOfP,Noticed,Lil Mosey,US,75
0fea68AdmYNygeTGI4RC18,LA CANCIÓN,J Balvin,US,75
1wHZx0LgzFHyeIZkUydNXq,Antidote,Travis Scott,US,75
3r0NMcEl7lxAHkSlDk8b7U,Centuries,Fall Out Boy,US,75
4bjNOhOMvqFPflwHIaS7Fw,1:05,The Black Skirts,KR,75
30tYWTkLIQtZWnRIOqcHnJ,나무,"Car, the garden",KR,75
0tgxvf4rqBBeEB54h0nnRD,If you lovingly call my name,GyeongseoYeji,KR,75
13On7DYsJ3IrWxBWuOwM8t,Square (2017),Yerin Baek,KR,75
2dPJtlvoa3GDowCh035M8P,Nếu Những Tiếc Nuối,Vũ.,VN,74
265hQASPY3HFmUH38zZrSK,MOIEM,Dangrangto,VN,74
7ne4VBA60CxGM75vw0EYad,That’s So True,Gracie Abrams,"KR,US,VN",74
1Axzkl935WrIsBwDqk90yQ,Đưa Nhau Đi Trốn (Chill Version),Đen,VN,74
1jIMjbzcGCcCQn5iMu9CUc,That's Hilarious,Charlie Puth,"KR,US,VN",74
7vQbuQcyTflfCIOu3Uzzya,Jingle Bell Rock,Bobby Helms,"KR,US,VN",74
6zeeWid2sgw4lap2jV61PZ,Better,Khalid,"US,VN",74
7hxHWCCAIIxFLCzvDgnQHX,Lemonade,Internet Money,"KR,US,VN",74
21LtZQQMQYwVIxc9O9Ygq8,Cherish (My Love),ILLIT,"KR,VN",74
18vXApRmJSgQ6wG2ll9AOg,RAPSTAR,Polo G,"KR,US,VN",74
1rqqCSm0Qe4I9rUvWncaom,High Hopes,Panic! At The Disco,"KR,US,VN",74
2A22iI0x4EYAVXNpKPhNEM,weren't for the wind,Ella Langley,US,74
2gwkD6igEhQbDQegRCcdoB,Suge,DaBaby,US,74
5OOkp4U9P9oL23maHFHL1h,Panda,Desiigner,US,74
40YcuQysJ0KlGQTeGUosTC,"Me, Myself & I",G-Eazy,US,74
6ybZUqlfk938oS6WeBmDab,Missed Call,Treaty Oak Revival,US,74
40oKW22ZNNkEdZLJTScaQI,Roll In Peace,Kodak Black,US,74
60a0Rd6pjrkxjPbaKzXjfq,In the End,Linkin Park,US,74
4osgfFTICMkcGbbigdsa53,Novacane,Frank Ocean,US,74
2vWBUC9djv6BtiGlmKiQaH,YKWIM?,Yot Club,US,74
30bqVoKjX479ab90a8Pafp,Star Shopping,Lil Peep,US,74
0GO8y8jQk1PkHzS31d699N,Tongue Tied,GROUPLOVE,US,74
3vnaEaDxMKdBhqA1t0uAwl,Warmth,Lim Young Woong,KR,74
40pWxpbXoBYGPCiofujjZ6,Chăm Hoa,MONO,VN,73
0PBTlQ84CBJF0tBnKGmQa6,FRI(END)S,V,"KR,VN",73
59hBR0BCtJsfIbV9VzCVAp,Set Me Free Pt.2,Jimin,"KR,US,VN",73
703QXwWn5KdNaoviarYHAO,Trời hôm nay nhiều mây cực!,Đen,VN,73
0lizgQ7Qw35od7CYaoMBZb,Santa Tell Me,Ariana Grande,"KR,US,VN",73
7COXchtUOMd6uIT6HvmRaI,i'm so tired...,Lauv,"KR,US,VN",73
2QZ7WLBE8h2y1Y5Fb8RYbH,In My Blood,Shawn Mendes,"US,VN",73
6NFyWDv5CjfwuzoCkw47Xf,Delicate,Taylor Swift,"US,VN",73
4qu63nuBpdn0qHUHuObEj1,Leave Before You Love Me,Marshmello,"KR,US,VN",73
5QM0SsyzmBM0pbFY52Xj1X,I'm Not The Only One,Sam Smith,"KR,US,VN",73
7uzmGiiJyRfuViKKK3lVmR,Mine,Bazzi,"US,VN",73
6Sq7ltF9Qa7SNFBsV5Cogx,Me Porto Bonito,Bad Bunny,US,73
51eSHglvG1RJXtL3qI5trr,Slow It Down,Benson Boone,"KR,US",73
1XBYiRV30ykHw5f4wm6qEn,NIGHTS LIKE THIS,The Kid LAROI,US,73
6GG4yyk3UATdBfTHVgI8PB,Ain't No Love In Oklahoma (From Twisters: The Album),Luke Combs,US,73
6pcywuOeGGWeOQzdUyti6k,Glock In My Lap,21 Savage,US,73
2J6OF7CkpdQGSfm1wdclqn,Clouded,Brent Faiyaz,US,73
2ANLarE8yHVsLWW21nj79M,You Was Right,Lil Uzi Vert,US,73
4cxMGhkinTocPSVVKWIw0d,Losin Control,Russ,US,73
7BFI9QZPQKgYuR2HhDgwbG,Royals,Lorde,US,73
7kjVCymE7vn0HizmGCGFWQ,Heavenly Ever After,Lim Young Woong,KR,73
2PlsVMcOn6ujc2UEYs2Yat,Home,Lim Young Woong,KR,73
5Kbpcd3hOqu4ZRAJNAjIcg,What Would Have Been? (Feat. Lena Park),PSY,KR,73
2ZTU8atPwouhoQSvxv9aQj,Coming Of Age Story,LEE MU JIN,KR,73
4YTvuLSqKshDOJvwyDmAYS,Every moment of you 너의 모든 순간,Sung Si Kyung,KR,73
4wJ5Qq0jBN4ajy7ouZIV1c,APT.,ROSÉ,"KR,US,VN",72
7q1qYSyRkGT4ZaCc2ZQihP,Em Còn Nhớ Anh Không - Remastered,Hoàng Tôn,VN,72
2IDZxVWQypWxYIP6wqDzGN,em bỏ hút thuốc chưa?,Bích Phương,VN,72
5Z9KJZvQzH6PFmb8SNkxuk,INDUSTRY BABY,Lil Nas X,"KR,US,VN",72
70t7Q6AYG6ZgTYmJWcnkUM,I AM,IVE,"KR,VN",72
2FRnf9qhLbvw8fu4IBXx78,Last Christmas,Wham!,"KR,US,VN",72
5zFglKYiknIxks8geR8rcL,Beautiful Mistakes,Maroon 5,"KR,US,VN",72
2RUcwyW74Sv4VracHFrKdh,Promise,Jimin,"KR,VN",72
76cy1WJvNGJTj78UqeA5zr,IDGAF,Dua Lipa,"US,VN",72
45zLrK0668WQ5JFMyiYmCS,Interlude : Showtime,Jimin,"KR,VN",72
1lOe9qE0vR9zwWQAOk6CoO,Ransom,Lil Tecca,"US,VN",72
4xdBrk0nFZaP54vvZj0yx7,HOT TO GO!,Chappell Roan,US,72
0vjeOZ3Ft5jvAi9SBFJm1j,Superhero (Heroes & Villains) [with Future & Chris Brown],Metro Boomin,"KR,US",72
0PvFJmanyNQMseIFrU708S,For The Night,Pop Smoke,US,72
2EEeOnHehOozLq4aS0n6SL,iSpy,KYLE,US,72
2LawezPeJhN4AWuSB0GtAU,Have You Ever Seen The Rain,Creedence Clearwater Revival,US,72
5eWgDlp3k6Tb5RD8690s6I,Sugar,Maroon 5,US,72
4kbj5MwxO1bq9wjT5g9HaA,Shut Up and Dance,WALK THE MOON,US,72
3bnVBN67NBEzedqQuWrpP4,Tear in My Heart,Twenty One Pilots,US,72
7csMuPqdOPaFKby0AoRYL5,가시,BUZZ,KR,72
13z3GfR6WzmLUDxBHO3amM,Congratulations,DAY6,KR,72
2IgbYlOlFpiSFYnsqB39lM,Jasmine,DPR LIVE,KR,72
3K7RddI2L8Wiv7uIbrhfLc,Rồi Em Sẽ Gặp Một Chàng Trai Khác,The Masked Singer,VN,71
55Eo6NDkVhSRBonrT16kXM,Đến Đây Bên Anh,Cloud 5,VN,71
43zzuEWDotRcKlSFzrlJqs,Thêm Bao Nhiêu Lâu,Đạt G,VN,71
0u8rZGtXJrLtiSe34FPjGG,Like Crazy (English Version),Jimin,"KR,US,VN",71
0n2moJpAEWHwaPYYjkzMDl,Blue & Grey,BTS,"KR,US,VN",71
6i8MbzVn4nzyjUcSoVcz7B,Armageddon,aespa,"KR,VN",71
7rXcCpIAoOUCydkVDMcoPV,INVU,TAEYEON,"KR,VN",71
1t2qYCAjUAoGfeFeoBlK51,Black Mamba,aespa,"KR,VN",71
4qKcDkK6siZ7Jp1Jb4m0aL,Look Alive,BlocBoy JB,"US,VN",71
3B54sVLJ402zGa6Xm4YGNe,Unforgettable,French Montana,US,71
4XvcHTUfIlWfyJTRG0aqlo,2055,Sleepy Hallow,"KR,US",71
0fCwTrRNfoNk962ati8n2K,All Your'n,Tyler Childers,US,71
0B7wvvmu9EISAwZnOpjhNI,When I Was Your Man,Bruno Mars,"KR,US",71
7B9W7Qsy5M2kyUNjQYIEG8,DM,fromis_9,KR,71
6mKMGpkgP2cH5gmqILWe7b,vết thương,Fishy,VN,70
27xkOIER6uDLKALIelHylZ,Don’t Say You Love Me,Jin,"KR,US,VN",70
1K3CXUYKhLYN7koLW5WQjX,Xin Lỗi,Thắng,VN,70
5odlY52u43F5BjByhxg7wg,golden hour,JVKE,"KR,US,VN",70
7hU3IHwjX150XLoTVmjD0q,MONEY,LISA,"KR,US,VN",70
1dGr1c8CrMLDpV6mPbImSI,Lover,Taylor Swift,"US,VN",70
4a6q8CR2hzLk2plDkSxkfD,I.F.L.Y.,Bazzi,"KR,US,VN",70
7fFvPlrcO79gXfErRuqaoC,Nhung Ke Mong Mo,Noo Phước Thịnh,VN,70
2qg2jy3v50RwfV5FAqG3a2,Interlude : Dive,Jimin,"KR,VN",70
69bp2EbF7Q2rqc5N3ylezZ,Sorry,Justin Bieber,"KR,US,VN",70
6mrKP2jyIQmM0rw6fQryjr,Let You Down,NF,"US,VN",70
4gfrYDtaRmp6HPvN80V2ob,I Got Better,Morgan Wallen,US,70
04emojnbYkrRmv5qtJcgVP,What I Want,Morgan Wallen,US,70
4Km5HrUvYTaSUfiSGPJeQR,Bad and Boujee,Migos,US,70
0OWhKvvsHptt6vnnNUSM9a,Oklahoma Smokeshow,Zach Bryan,US,70
2hnMS47jN0etwvFPzYk11f,Santeria,Sublime,US,70
3U5JVgI2x4rDyHGObzJfNf,Unwritten,Natasha Bedingfield,US,70
2tgQaL85WoRfgEa4hFQgrE,Feathered Indians,Tyler Childers,US,70
5TgEJ62DOzBpGxZ7WRsrqb,Work Song,Hozier,US,70
7zrYKlgYQv1ELz7LGyjTd1,Bang Bang,Jessie J,US,70
3tbHqU6PKS2bIGWx9cn082,Forever Has Always Been,Redoor,KR,70
03qu1u4hDyepQQi2lNxCka,Traffic light,LEE MU JIN,KR,70
26zqmmkqUK6mCc87XDzPym,CHÂN THÀNH,"ANH TRAI ""SAY HI""",VN,69
3y66li7DIrH7HLKIZzxR5H,Lễ Đường,Kai Đinh,VN,69
4CVxKSRLUxqUuj2z9vn4fS,Xin Đừng Lặng Im,SOOBIN,VN,69
1RDvyOk4WtPCtoqciJwVn8,Dreamers [Music from the FIFA World Cup Qatar 2022 Official Soundtrack],Jung Kook,"KR,VN",69
7td8DTWoGC9u9db37mGHX6,Nấu ăn cho em,Đen,VN,69
5BJqg07SKgmFnVLOBmLFvq,Hẹn Một Mai,Bùi Anh Tuấn,VN,69
5YiqPAVbiFUj1G1qvbXo0X,Giấc Mơ Khác,Chillies,VN,69
2LKI0fGEKR3RWAiY2jqq8k,Một Cú Lừa,Bích Phương,VN,69
3rmo8F54jFF8OgYsqTxm5d,Bad Habits,Ed Sheeran,"KR,US,VN",69
6Im9k8u9iIzKMrmV7BWtlF,34+35,Ariana Grande,"KR,US,VN",69
6Uj1ctrBOjOas8xZXGqKk4,Woman,Doja Cat,"KR,US,VN",69
5TkvKPd7Bxv4xfU6cq6GGd,So Rang Em Biet Anh Con Yeu Em,JUUN D,VN,69
5WHuqG7vz4Hy0BU47fPpVp,Nghe Em,Thịnh Suy,VN,69
2wrJq5XKLnmhRXHIAf9xBa,"10,000 Hours",Dan + Shay,"KR,US,VN",69
3Fj47GNK2kUF0uaEDgXLaD,wish you were gay,Billie Eilish,"US,VN",69
0IGUXY4JbK18bu9oD4mPIm,TOMBOY,i-dle,"KR,VN",69
5Hfnps0jaWFpYg55WOPexG,Alone,Jimin,"KR,VN",69
3OdIiWnYRHPYtC313Z0Bwy,Face-off,Jimin,"KR,VN",69
5oaQsszgxYAdABuXoWEOUe,Christmas Love,Jimin,"KR,VN",69
3afkJSKX0EAMsJXTZnDXXJ,Strawberries & Cigarettes,Troye Sivan,"KR,VN",69
5IaHrVsrferBYDm0bDyABy,Taste,Tyga,"US,VN",69
7vGuf3Y35N4wmASOKLUVVU,Silence,Marshmello,"US,VN",69
1ZMiCix7XSAbfAJlEZWMCp,Falling,Harry Styles,"KR,US,VN",69
60ynsPSSKe6O3sfwRnIBRf,Streets,Doja Cat,"KR,US,VN",69
2771LMNxwf62FTAdpJMQfM,Bodak Yellow,Cardi B,US,69
6p8NuHm8uCGnn2Dtbtf7zE,Slippery,Migos,US,69
2Hh3ETdQKrmSI3QS0hme7g,Too Many Nights,Metro Boomin,US,69
6QeYSvYqYUsfBzsApbjDHO,Cigarettes out the Window,TV Girl,US,69
5oO3drDxtziYU2H1X23ZIp,Love On The Brain,Rihanna,US,69
4OHq2ao4pXmGq9OOuP3lxb,Johnny,Primary,KR,69
27zrFrtUtWl2urlvjOn5xc,Say Yes,Loco,KR,69
307iMiCYAKX6sUG7P4UKWt,See Tình,Hoàng Thùy Linh,VN,68
6B1Io9VDzMAmwFjrplDJw8,từ chối nhẹ nhàng thôi,Bích Phương,VN,68
6TD5xfffOnYHliuF1wzL6U,Sài Gòn Đau Lòng Quá,Hứa Kim Tuyền,VN,68
4umIPjkehX1r7uhmGvXiSV,Intentions,Justin Bieber,"KR,US,VN",68
2QyuXBcV1LJ2rq01KhreMF,ON,BTS,"KR,US,VN",68
0g1lSO4QxUCoxpVp0xvDmD,Đi Theo Bóng Mặt Trời,Đen,VN,68
2tHwzyyOLoWSFqYNjeVMzj,Please Please Please,Sabrina Carpenter,"KR,US,VN",68
5SxkdsY1ufZzoq9iXceLw9,no tears left to cry,Ariana Grande,"US,VN",68
5lkpeJwmQKgY3bX2zChjxX,Someone Like You,Adele,"KR,US,VN",68
4fFfyouye6vrX9o9z4PVMu,Never Not,Lauv,"KR,VN",68
0TlLq3lA83rQOYtrqBqSct,Nonstop,Drake,"US,VN",68
1bjeWoagtHmUKputLVyDxQ,Saturn,SZA,"KR,US",68
5fEB6ZmVkg63GZg9qO86jh,Break from Toronto,PARTYNEXTDOOR,US,68
7ghKr0pCYyPPyp7t1FH8k4,Les,Childish Gambino,US,68
1mea3bSkSGXuIRvnydlB5b,Viva La Vida,Coldplay,"KR,US",68
66hayvUbTotekKU3H4ta1f,Where Are Ü Now,Jack Ü,US,68
0uRrG2jRR5tuifsYIJHEao,Sand In My Boots,Morgan Wallen,US,68
79XrkTOfV1AqySNjVlygpW,Energy,Drake,US,68
7b71WsDLb8gG0cSyDTFAEW,Summer,Calvin Harris,US,68
02M6vucOvmRfMxTXDUwRXu,7/11,Beyoncé,US,68
3CeKc83EsgRPItgvlDHo5B,Head In The Clouds,Hayd,VN,67
0h7QMc9ZRzA9QJrbEHytn2,The Astronaut,Jin,"KR,US,VN",67
2OZTkXYCNbZS9TwPRy52Js,Đi Đu Đưa Đi,Bích Phương,VN,67
52oyR8Wjhdzg7zucr8keYl,Đường Một Chiều,Huỳnh Tú,VN,67
22vgEDb5hykfaTwLuskFGD,Sucker,Jonas Brothers,"KR,US,VN",67
1snWlbcbgQpJfknoI30DWG,Darkside,Alan Walker,"US,VN",67
2oBMZYteeO8DyXV9gDx6Za,Feel My Rhythm,Red Velvet,"KR,VN",67
02wk5BttM0QL38ERjLPQJB,Cool With You,NewJeans,"KR,US,VN",67
5qrSlOut2rNAWv3ubArkNy,Be Alright,Dean Lewis,"US,VN",67
7wqSzGeodspE3V6RBD5W8L,See You Again,Wiz Khalifa,"KR,US,VN",67
7KokYm8cMIXCsGVmUvKtqf,Karma,Taylor Swift,"KR,US,VN",67
1cTZMwcBJT0Ka3UJPXOeeN,Nice For What,Drake,"US,VN",67
5ry2OE6R2zPQFDO85XkgRb,Money In The Grave (Drake ft. Rick Ross),Drake,"US,VN",67
4rXLjWdF2ZZpXCVTfWcshS,fukumean,Gunna,"KR,US",67
6Ep6BzIOB9tz3P4sWqiiAB,Radioactive,Imagine Dragons,US,67
6aJn7Cst74cj4lNIiPRgav,Touch,KATSEYE,"KR,US",67
5FxasBmho2yEvgXrzp9MMW,"Untitled, 2014 - KR Ver.",G-DRAGON,KR,67
4g6XOg9rvB55GCTJcYchOG,METEOR,CHANGMO,KR,67
4OXAneZHFJyQV1RuzCzmH3,Buồn Hay Vui,VSOUL,VN,66
34uOIsoy6ETS2sxOTWBRDF,Trốn Tìm,Đen,VN,66
5cvW3PYJeQjRTnj9vHP5Va,Cà Phê,MIN,VN,66
5U5aFzSWZVGe5gg8eCc8ft,Nơi Mình Dừng Chân (Nhạc Phim Chị Trợ Lý Của Anh),Mỹ Tâm,VN,66
2rRJrJEo19S2J82BDsQ3F7,Falling,Trevor Daniel,"US,VN",66
6Yr49px8UOb8LEwY2eORNV,They Said,Binz,VN,66
396FqjKmViUZ92Wmm4rx3i,Illusion,aespa,"KR,VN",66
2X45nVBeYzmDlrXji9Av0Q,"Love, Maybe",MeloMance,"KR,VN",66
0aB0v4027ukVziUGwVGYpG,tv off,Kendrick Lamar,"KR,US",66
2BwO5K8Q7EPAJSGze3AAh9,Manchild,Sabrina Carpenter,"KR,US",66
5UJbgR4XF4y1DvbkxEqe8S,Sports car,Tate McRae,US,66
2uqYupMHANxnwgeiXTZXzd,Austin,Dasha,US,66
6me7F0aaZjwDo6RJ5MrfBD,Evergreen,Richy Mitch & The Coal Miners,US,66
6FE2iI43OZnszFLuLtvvmg,Classic,MKTO,US,66
4p0uVFAXKUISu8yp9gNtWE,Billyeoon Goyangi (Do the Dance),ILLIT,KR,66
7GOIrZTegzVty8mhNhRuA0,"IF I SAY, I LOVE YOU",BOYNEXTDOOR,KR,66
4NTanSVXBkQ2NmDEbr2vLE,Trái đất ôm Mặt trời,Kai Đinh,VN,65
53zusvCJkyGYjEZ6bnLIjh,Tháng Tư Là Lời Nói Dối Của Em,Hà Anh Tuấn,VN,65
1AAGvzJRWMTKx7PNfeTvP4,Missing You,Phương Ly,VN,65
3be9ACTxtcL6Zm4vJRUiPG,blue,yung kai,"KR,VN",65
3Vi5XqYrmQgOYBajMWSvCi,Need To Know,Doja Cat,"KR,US,VN",65
2SLwbpExuoBDZBpjfefCtV,Out of Time,The Weeknd,"KR,US,VN",65
4RVwu0g32PAqgUiJoXsdF8,Happier Than Ever,Billie Eilish,"KR,US,VN",65
1CPZ5BxNNd0n0nF4Orb9JS,Golden,HUNTR/X,"KR,US,VN",65
3iLBFgaQJ94iarMgzrTuWb,I Don’t Think That I Like Her,Charlie Puth,"KR,VN",65
7yNf9YjeO5JXUE3JEBgnYc,Babydoll,Dominic Fike,"KR,US",65
6HZILIRieu8S0iqY8kIKhj,DNA.,Kendrick Lamar,US,65
1jaTQ3nqY3oAAYyCTbIvnM,WHATS POPPIN,Jack Harlow,US,65
0WtM2NBVQNNJLh6scP13H8,Calm Down,Rema,"KR,US",65
0RLLvYBopDwooCyvnTwgYu,F.N,Lil Tjay,US,65
5nN8BwAQDJDguq7Dpd3JQQ,Where Ya At,Future,US,65
1ID1QFSNNxi0hiZCNcwjUC,Legend,Drake,US,65
6Z8R6UsFuGXGtiIxiD8ISb,Safe And Sound,Capital Cities,US,65
5EoV2HmAlkqN1XvsIjOBZZ,STYLE,Hearts2Hearts,KR,65
6RBziRcDeiho3iTPdtEeg9,Event Horizon,Younha,KR,65
2J194R0KIKbK7bTHfUHPDB,Boom Boom Bass,RIIZE,KR,65
2gyCwrOcC6JBoaJ8JGJ7T8,To. X,TAEYEON,KR,65
0NoeYUnwpb9R26mpylHcR9,Sugarcoat (NATTY Solo),KISS OF LIFE,KR,65
3Alwi53Ahc2GwHgvel42b2,Ngày Đẹp Trời Để Nói Chia Tay,Lou Hoàng,VN,64
07b849p3xuq03EdlAo4CKX,GIAYPHUT,kidsai,VN,64
3ZCTVFBt2Brf31RLEnCkWJ,everything i wanted,Billie Eilish,"US,VN",64
1nWB8isqs2tviWk20G5pow,Lie,BTS,"KR,VN",64
5doooVlMVRZztQbySqARMI,HOME SWEET HOME,G-DRAGON,"KR,VN",64
5G2f63n7IPVPPjfNIGih7Q,Taste,Sabrina Carpenter,"KR,US,VN",64
45Egmo7icyopuzJN0oMEdk,Love Lies,Khalid,"US,VN",64
2t8yVaLvJ0RenpXUIAC52d,a lot,21 Savage,"US,VN",64
7vfWgVGiLgnGbInU5lvSQg,I Took A Pill In Ibiza - Seeb Remix,Mike Posner,US,64
5jfhLCSIFUO4ndzNRh4w4G,"Burn, Burn, Burn",Zach Bryan,US,64
7rvyVWja33WG9R97oeJAjx,Envy Me,Calboy,US,64
3ESSGgWzRf1xvP7G5hHMhB,Again,Fetty Wap,US,64
2LLFl56eIFGFlnrplUC26f,"Flex (Ooh, Ooh, Ooh)",Rich Homie Quan,US,64
6Zoi4ue74UdUeYmHXItXnf,Vùng An Toàn,B Ray,VN,63
6f7M5UzYYeLFCMIBQhxk2J,Lặng,Rhymastic,VN,63
1fFvYVg1v3rpUSqKNCUh7b,Người Bình Thường,Vũ Cát Tường,VN,63
1yo967mk7CpjvruNxBecOY,Trước Khi Em Tồn Tại,Thắng,VN,63
7bn8ckDTI4EQIKZ6jRL4K0,Chúng Ta Không Thuộc Về Nhau,Sơn Tùng M-TP,VN,63
4LDhkOharOhue7nZMFYmCu,Cảm Nắng,SUNI,VN,63
24NuEDgyRIljwSyY0lsr7b,Black Swan,BTS,"KR,US,VN",63
2Gazl1MAVX8vmo8E659Vq8,Real Love,My Anh,VN,63
4MsUsFfWseB9M2plGJyuIw,ME!,Taylor Swift,"US,VN",63
2gkVEnpahpE3bQuvGuCpAV,Yes or No,Jung Kook,"KR,VN",63
2RSHsoi04658QL5xgQVov3,Bad Liar,Imagine Dragons,"US,VN",63
0mecMCPM6Szdr74FQCkIXo,Dung Hoi 'em,Mỹ Tâm,VN,63
1brwdYwjltrJo7WHpIvbYt,Faded,Alan Walker,"US,VN",63
2SAqBLGA283SUiwJ3xOUVI,Laugh Now Cry Later,Drake,"KR,US,VN",63
2tudvzsrR56uom6smgOcSf,Like That,Future,"KR,US",63
24Yi9hE78yPEbZ4kxyoXAI,Roses - Imanbek Remix,SAINt JHN,US,63
22VHOlVYBqytsrAqV8yXBK,Dial Drunk,Noah Kahan,US,63
6JV2JOEocMgcZxYSZelKcc,"CAN'T STOP THE FEELING! (Original Song from DreamWorks Animation's ""TROLLS"")",Justin Timberlake,US,63
2u7mxWSeoqTXndK5e08jMp,Nowadays,Lil Skies,US,63
1Knctxx9vGZxpZfF66BIEa,Legends,Juice WRLD,US,63
01Lr5YepbgjXAWR9iOEyH1,Love Sosa,Chief Keef,US,63
0mKnuxVkPi5h0kuvZl44VM,Cover Me Up,Morgan Wallen,US,63
1wZqJM5FGDEl3FjHDxDyQd,Come and See Me,PARTYNEXTDOOR,US,63
5InOp6q2vvx0fShv3bzFLZ,Know Yourself,Drake,US,63
6F5c58TMEs1byxUstkzVeM,Roar,Katy Perry,US,63
3WvM2dIR9iIxMGNMP7WsNw,Landing in Love,HANRORO,KR,63
11fB0pRXSdxOgoM8ity2D4,Trip,Leellamarz,KR,63
7eBpUuPnDTfbeP1P4P93CS,Fighting (Feat. Lee Young Ji),BSS,KR,63
0QIBqBajZLLcWfL6mpVsN3,Chuyện Chúng Ta Sau Này,Hải Đăng Doo,VN,62
5ydjxBSUIDn26MFzU3asP4,Rainy Days,V,"KR,VN",62
2dEpaH5nsfnzU61LQ9rJuH,Hoa Nở Không Màu,Hoài Lâm,VN,62
1Dyf0sRNi4bns4TeWgKpVY,Thói Quen (25 mét vuông),Hoàng Dũng,VN,62
2dHHgzDwk4BJdRwy9uXhTO,Creepin',Metro Boomin,"KR,US,VN",62
0O6u0VJ46W86TxN9wgyqDj,I Like You (A Happier Song),Post Malone,"KR,US,VN",62
2O4Bb2WCkjlTPO827OnBMI,EASY,LE SSERAFIM,"KR,US,VN",62
4VUwkH455At9kENOfzTqmF,Beautiful,Bazzi,"US,VN",62
7xapw9Oy21WpfEcib2ErSA,Mistletoe,Justin Bieber,"KR,US,VN",62
1Cv1YLb4q0RzL6pybtaMLo,Sunday Best,Surfaces,"US,VN",62
2RttW7RAu5nOAfq6YFvApB,Happier,Ed Sheeran,"US,VN",62
1ULdASrNy5rurl1TZfFaMP,Spicy,aespa,"KR,VN",62
0y60itmpH0aPKsFiGxmtnh,Wait a Minute!,WILLOW,"KR,US,VN",62
6tjituizSxwSmBB5vtgHZE,Holly Jolly Christmas,Michael Bublé,"KR,US,VN",62
3pzjHKrQSvXGHQ98dx18HI,What Do You Mean?,Justin Bieber,US,62
577YBGuskWkVDCxZrLRB4v,Pure Cocaine,Lil Baby,US,62
3JKgcAa7r07ocVWcV8bS0H,21,Polo G,US,62
7oJrVhiTPZGBXWPwhxjy9S,Lust,Lil Skies,US,62
5GJwmgyFOO0kHhTkgQP2Sp,Fancy,Iggy Azalea,US,62
5KcYtdjhsQrNNMjJOSAUEz,Team,Lorde,US,62
5FVd6KXrgO9B3JPmC8OPst,Do I Wanna Know?,Arctic Monkeys,US,62
39gaUtq2z4ejJbno7tWHbL,T.B.H,QWER,KR,62
7gXMkqirKU23zgdlSAb00a,Suddenly,BE'O,KR,62
6mzkkz2p0Nyyp43Eedv4mS,사이렌,HOMIES,KR,62
58wyJLv6yH1La9NIZPl3ne,Can We Kiss Forever?,Kina,VN,61
5IO873C4IP8pXdsXcJiBes,Chúng Ta Sau Này,T.R.I,VN,61
5H1sKFMzDeMtXwND3V6hRY,JUMP,BLACKPINK,"KR,US,VN",61
4Oun2ylbjFKMPTiaSbbCih,WAP,Cardi B,"KR,US,VN",61
6JIC3hbC28JZKZ8AlAqX8h,Cold Heart - PNAU Remix,Elton John,"KR,US,VN",61
3dbLT62Cvs46Ju7a8gpr36,Savage,aespa,"KR,VN",61
3lwK3WyKAI5bUuGY1OgGbZ,Smart,LE SSERAFIM,"KR,VN",61
5BZsQlgw21vDOAjoqkNgKb,DAISIES,Justin Bieber,"KR,US,VN",61
1bDbXMyjaUIooNwFE9wn0N,Rich Flex,Drake,"KR,US",61
3rOSwuTsUlJp0Pu0MkN8r8,Mask Off,Future,US,61
77khP2fIVhSW23NwxrRluh,A Holly Jolly Christmas - Single Version,Burl Ives,"KR,US",61
2BJSMvOGABRxokHKB0OI8i,Shoota,Playboi Carti,US,61
2Aa1wE8ofs2tu59TOQrZKW,Cake By The Ocean,DNCE,US,61
5kNe7PE09d6Kvw5pAsx23n,Die A Happy Man,Thomas Rhett,US,61
4qdBPJta3BVPXCS0wJZ6yO,Let Me Love My Youth,HANRORO,KR,61
12usPU2WnqgCHAW1EK2dfd,青のすみか,Tatsuya Kitani,KR,61
2FnXZhpEKgIab8vI6t2C7e,Perfect,Shiki,VN,60
0hVXuCcriWRGvwMV1r5Yn9,I Don't Care,Ed Sheeran,"KR,US,VN",60
2bT1PH7Cw3J9p3t7nlXCdh,If I Can't Have You,Shawn Mendes,"KR,US,VN",60
4HlHNLtfxP7Y5z03j3eNOi,CHẠY NGAY ĐI,Sơn Tùng M-TP,VN,60
5Hba2FufYnxr2mGjeyFv72,Biet Khi Nao Gap Lai,Mỹ Tâm,VN,60
6tDDoYIxWvMLTdKpjFkc1B,telepatía,Kali Uchis,"KR,US,VN",60
6DG2g1UhROp5pnM8fx7zH2,Starving,Hailee Steinfeld,"US,VN",60
1xzBco0xcoJEDXktl7Jxrr,Mo Bamba,Sheck Wes,US,60
14WWzenpaEgQZlqPq2nk4v,Work,Rihanna,US,60
6mAz8D1TmlTuef90dbNIiZ,Plug Walk,Rich The Kid,US,60
14mHfNsSHN0FbLftyjrV9g,Leave Me Alone,Flipp Dinero,US,60
3ncgNpxLoBQ65ABk4djDyd,PICK IT UP,Famous Dex,US,60
5uDASfU19gDxSjW8cnCaBp,Chill Bill,Rob $tone,US,60
5kqIPrATaCc2LqxVWzQGbk,7 Years,Lukas Graham,US,60
0q75NwOoFiARAVp4EXU4Bs,Love Galore,SZA,US,60
5AEOqLsRJFAoSS4ay4Jzao,Come As You Are - Remastered,Nirvana,US,60
4kTLpAbhuEGHAAdDjOIWaa,Pursuit Of Happiness (Nightmare),Kid Cudi,US,60
0PJIbOdMs3bd5AT8liULMQ,oui,Jeremih,US,60
6xXZlUoDIg9ez0n7QvZd9x,Only,Nicki Minaj,US,60
3cHyrEgdyYRjgJKSOiOtcS,Timber,Pitbull,US,60
06o2o3TpyR8eGU2ANK21Lp,Endangered Love,LEE CHANHYUK,KR,60
406IpEtZPvbxApWTGM3twY,HOT,LE SSERAFIM,KR,60
0Tq7v8YAmwdnAYBwyR1pZ4,"Earth, Wind & Fire",BOYNEXTDOOR,KR,60
0hqngwyh8WnPuYlLYHRQqp,DrunKen Confession,Kim Min Seok (MeloMance),KR,60
1omcLGGewAHTVBfL2DtT3C,Two fists,Lim Young Woong,KR,60
2daxUR0gVJr2dOmOtYvW8R,Anh Đã Không Biết Cách Yêu Em,Quang Đăng Trần,VN,59
5hkAuvgkOrd4KpDOlCNsvW,Waiting For You,MONO,VN,59
7Cjsw965r7mVK888ZqP6Wo,Mình Anh Thôi,Negav,VN,59
5zwwW9Oq7ubSxoCGyW1nbY,Pink Venom,BLACKPINK,"KR,US,VN",59
0dHUKYXP9PJMN0RpR9dpFR,hai mươi hai (22),Hứa Kim Tuyền,VN,59
3nw5vYaH4qVx8joq3qhtNx,Okeokeoke,Low G,VN,59
33weHbON0j21ZPUMc0ZKTt,Đúng Cũng Thành Sai,Mỹ Tâm,VN,59
4LOhNmNsr4JSSQqTIsrUo1,"Sau Nay, Hay Gap Lai Nhau Khi Hoa No",Nguyên Hà,VN,59
6KUE0HSSudAp9AOycaF6SH,Make It Right,BTS,"KR,US,VN",59
3cdPeiCDiGLGngdRdgB01Q,Dau Chi Rieng Em,Mỹ Tâm,VN,59
40T5GIqQ1CegGm2PTEl8Bu,idontwannabeyouanymore,Billie Eilish,"US,VN",59
6lanRgr6wXibZr8KgzXxBl,A Thousand Years,Christina Perri,VN,59
1tkg4EHVoqnhR6iFEXb60y,What You Know Bout Love,Pop Smoke,"KR,US,VN",59
0ENSn4fwAbCGeFGVUbXEU3,Hello,Adele,"US,VN",59
1sXUWdKx03aP9Gmzft58rt,Issues,Julia Michaels,"US,VN",59
4kKdvXD0ez7jp1296JmAts,Let It Snow! Let It Snow! Let It Snow!,Frank Sinatra,"KR,US,VN",59
0TFTAtCYhp2tQ9KcJIZb55,undressed,sombr,US,59
1VOSSXuWRcBj2rpfxNdX9v,Broken Window Serenade,Whiskey Myers,US,59
6i0V12jOa3mr6uu4WYhUBr,Heathens,Twenty One Pilots,US,59
4tCtwWceOPWzenK2HAIJSb,Work from Home,Fifth Harmony,US,59
5wG3HvLhF6Y5KTGlK0IW3J,Trance,Metro Boomin,US,59
4dVpf9jZjcORqGTLUaeYj9,Plain Jane,A$AP Ferg,US,59
1ThmUihH9dF8EV08ku5AXN,Faucet Failure,Ski Mask The Slump God,US,59
6Knv6wdA0luoMUuuoYi2i1,My House,Flo Rida,US,59
6xHI9KjUjYT0FPtGO8Mxa1,Hurricane,Luke Combs,US,59
4bHsxqR3GMrXTxEPLuK5ue,Don't Stop Believin',Journey,US,59
34oWbFBfGEElvgO0a5c9V4,No Flockin,Kodak Black,US,59
7t5m6zRwIEBxmPt8lNoPPi,Acquainted,The Weeknd,US,59
3uA8SjMyDtwtt0jLPMQbVD,D (Half Moon),DEAN,KR,59
2S9FuNX2H2cCwxcIoTUtbM,"Siren Remix (Feat. UNEDUCATED KID, Paul Blanco)",HOMIES,KR,59
0BX2eDMZJrGzApf4ZGXrFi,NGÁO NGƠ,"ANH TRAI ""SAY HI""",VN,58
4nyoalDFgUaZOzIKqj3aS5,Ngàn Năm Ánh Sáng,Đặng Vĩnh Thịnh,VN,58
6IHLOkgZftkcqS3fM0jMCT,Em Xinh,MONO,VN,58
63q4o5Nh1ykbhdo4rKEW9c,Dịu Dàng Em Đến,ERIK,VN,58
63qZf6349d3ngku9hrzLac,The Playah (Special Performance),SOOBIN,VN,58
7DSAEUvxU8FajXtRloy8M0,Flowers,Miley Cyrus,"KR,US,VN",58
67BtfxlNbhBmCDR2L2l8qd,MONTERO (Call Me By Your Name),Lil Nas X,"KR,US,VN",58
50nfwKoDiSYg8zOCREWAm5,Shivers,Ed Sheeran,"KR,US,VN",58
3n5te2xbUAPjzAnhLgA42z,Let's Fall in Love for the Night,FINNEAS,VN,58
7lthOBXNue2IvedLRfkod8,HOME,BTS,"KR,US,VN",58
13hvHEstJ4sNbzdroPrPI3,Kiss and Make Up,Dua Lipa,"US,VN",58
6v4VmNw4DFlbhuBQ1qFprN,Túy Âm,Masew,VN,58
4gxEY3Mh5FZZDAJAKPNrCS,CRAZY,LE SSERAFIM,"KR,US,VN",58
0FZ4Dmg8jJJAPJnvBIzD9z,ZEZE,Kodak Black,"US,VN",58
3s4mrPrEFFPF0LmAfutW0n,The London,Young Thug,"US,VN",58
4FyesJzVpA39hbYvcseO2d,Just Wanna Rock,Lil Uzi Vert,"KR,US",58
4pCbJC43j3gSqG6Fen6upD,Hey Driver,Zach Bryan,US,58
05od2qm2MTSKCHxy1GBp5W,12 to 12,sombr,US,58
3t6gUcGYLrUuqwpXjOFWQc,I Never Lie,Zach Top,US,58
527k23H0A4Q0UJN3vGs0Da,After Party,Don Toliver,US,58
6ZSO7kPn8IMJFymyticbJO,Gold,Kiiara,US,58
7aEtlGHoiPAfRB084NiDmx,Beer Never Broke My Heart,Luke Combs,US,58
5lFDtgWsjRJu8fPOAyJIAK,Back To Back,Drake,US,58
5W2opDlEE4V6azri6kC4aT,Don't,Ed Sheeran,US,58
7398yjipWAaoCGIl7ukaeX,Stolen Dance,Milky Chance,US,58
0FDzzruyVECATHXKHFs9eJ,A Sky Full of Stars,Coldplay,"KR,US",58
5EmCpD8tUj78VW3kgaEjME,Drunk in Love,Beyoncé,US,58
1WbTOu4D2oHK9fg2qR6msd,Ngày Này Năm Ấy,Việt Anh,VN,57
4UC3NBjtqbYcqPqRq1s57D,24H,Lyly,VN,57
2G5ujw3rrWcAXQqT8PVnrz,Đầu Đường Xó Chợ,Obito,VN,57
7gRFDGEzF9UkBV233yv2dc,Shut Down,BLACKPINK,"KR,US,VN",57
3rigEvSPZYJI3rAt9gVdXy,Mắt Xanh,Gill,VN,57
2m6Ko3CY1qXNNja8AlugNc,Angel Baby,Troye Sivan,"KR,VN",57
3U5WFUIgOaA1U7GdTs4yjQ,Va Vào Giai Điệu Này,RAP VIỆT,VN,57
4RZJObXQzsKQLd25LBjBG8,Em Bé,AMEE,VN,57
7vJyCz6Q8AE13xfPo6iQAz,I'm Still Loving You,Noo Phước Thịnh,VN,57
5AJ9hqTS2wcFQCELCFRO7A,MILLION DOLLAR BABY,Tommy Richman,"KR,US,VN",57
1oYIlcL9qhSRbqfKJJUamm,Em Moi La Nguoi Yeu Anh - Original,MIN,VN,57
7ovUcF5uHTBRzUpB6ZOmvt,アイドル,YOASOBI,"KR,VN",57
7rPLZ8Krm6CZIbraFUlnWZ,Make You Feel My Love,Adele,"US,VN",57
5kfNriitmkNE8mUbZ7gbq8,Saturday Nights,Khalid,"US,VN",57
4CpKEkdGbOJV51cSvx7SoG,Controlla,Drake,US,57
3pAVk6Ydn0dcGpG8gDyxSJ,Hell At Night,BigXthaPlug,US,57
2ZL7WZcjuYKi1KUDtp4kCC,Spin Bout U,Drake,"KR,US",57
1qMMYpVatbRITKCfq1gasi,PUFFIN ON ZOOTIEZ,Future,US,57
0W6I02J9xcqK8MtSeosEXb,Get Into It (Yuh),Doja Cat,"KR,US",57
6IBcOGPsniK3Pso1wHIhew,Forever After All,Luke Combs,US,57
6H0AwSQ20mo62jGlPGB8S6,It's A Vibe,2 Chainz,US,57
08dFHFTx6r67MTsYn5ilDR,One Man Band,Old Dominion,US,57
57RA3JGafJm5zRtKJiKPIm,Are You Bored Yet?,Wallows,US,57
2qOm7ukLyHUXWyR4ZWLwxA,It Was A Good Day,Ice Cube,US,57
30QR0ndUdiiMQMA9g1PGCm,"...And to Those I Love, Thanks for Sticking Around",$uicideboy$,US,57
6RtPijgfPKROxEzTHNRiDp,Rude,MAGIC!,US,57
7vS3Y0IKjde7Xg85LWIEdP,Problem,Ariana Grande,US,57
1Ser4X0TKttOvo8bgdytTP,Come Get Her,Rae Sremmurd,US,57
6B8CAgQ38mWf7xTvFtC0BB,Burn,Ellie Goulding,US,57
1MC8JLPV4fbvVBqvGSLoDf,Who (Rock Remix),Jimin,KR,57
10I5rhhFoWZDIN3kEc6Dbo,Who (Acoustic Remix),Jimin,KR,57
5BXr7hYZQOeRttkeWYTq5S,ASAP,STAYC,KR,57
5LuyL5o2BcFKK4FOJLYsSy,Nằm Bên Anh,Minh Đinh,VN,56
50zAEIE4B1QqhPjRMK2Xmh,Running Wild,Jin,"KR,VN",56
2CFC7iLurCyDYuXQcfem2l,Thủy Triều,Quang Hùng MasterD,VN,56
1vvcEHQdaUTvWt0EIUYcFK,Angel Pt. 1,Kodak Black,"KR,US,VN",56
3nAwC1qVqRQYiRCrp6q1dU,Say Đắm Trong Lần Đầu,Winno,VN,56
2FXd6kKCtBIc6UfN1gH1pA,FANCY,TWICE,VN,56
2AIWoHr9DF6y4KALCBKWQS,IDOL,BTS,"KR,US,VN",56
0oSNOJEcBIKNcQzRc5TfyR,Blood Sweat & Tears,BTS,"KR,VN",56
6cqH1q7g5GeRVQVMK1Vc7f,Weekend,TAEYEON,"KR,VN",56
3m660poUr1chesgkkjQM7P,Sorry Not Sorry,Demi Lovato,"US,VN",56
1qbmS6ep2hbBRaEZFpn7BX,Man I Need,Olivia Dean,US,56
3QiAAp20rPC3dcAtKtMaqQ,Blue Christmas,Elvis Presley,US,56
63cd4JkwGgYJrbOizbfmsp,Pure Water,Mustard,US,56
4Q3N4Ct4zCuIHuZ65E3BD4,Tunnel Vision,Kodak Black,US,56
7KOlJ92bu51cltsD9KU5I7,T-Shirt,Migos,US,56
5ihS6UUlyQAfmp48eSkxuQ,Landslide,Fleetwood Mac,US,56
6mapJIPnQ23RTAevUoE0DL,Swang,Rae Sremmurd,US,56
2TH65lNHgvLxCKXM3apjxI,Callaita,Bad Bunny,US,56
2wf9bp4MkChojtljddWpbO,PRBLMS,6LACK,US,56
10I3CmmwT0BkOVhduDy53o,Really Really,Kevin Gates,US,56
5lnsCyEKWofnC00U4Ax0ti,Bitch Better Have My Money,Rihanna,US,56
13HVjjWUZFaWilh2QUJKsP,Let It Go,James Bay,US,56
71ywEs45ClmTNRiaJ7YEsr,Maps,Maroon 5,US,56
69yfbpvmkIaB10msnKT7Q5,Radioactive,Imagine Dragons,US,56
5cbpoIu3YjoOwbBDGUEp3P,Car Radio,Twenty One Pilots,US,56
1ySWoGgrduSzvtJ3PUzO41,Who (Shibuyakei Remix),Jimin,KR,56
2Zr0bYRHwWXi7eM2wuE6Aj,VVS,MIRANI,KR,56
72NMPuJCRsOUoXQJdzVfdo,Track 06,Tyronee,VN,55
72ictTz6o0dusD2QpCn4bn,TETVOVEN,Wxrdie,VN,55
12DNdwLD9oZOPADqM10oyE,Forget Me Now,Fishy,VN,55
3dvkpe9FEekxxgaQtxOHQI,Mặt Mộc,Phạm Nguyên Ngọc,VN,55
0ibp5h8QATkvC6P5cO5TUV,PHONG,VSTRA,VN,55
4fnCQeozjJTzN1pKWuWeBO,Noi Minh Dung Chan (Nhac Phim Chi Tro Ly Cua Anh),Mỹ Tâm,VN,55
0k4d5YPDr1r7FX77VdqWez,You Right,Doja Cat,"KR,US,VN",55
3S0OXQeoh0w6AY8WQVckRW,I'm Yours,Jason Mraz,"US,VN",55
7vRriwrloYVaoAe3a9wJHe,"i hate u, i love u",gnash,"US,VN",55
4H6s1mTZcjHAMU36ZF3Xoz,Nothing Without Your Love,Jin,"KR,VN",55
2g0LdZQce9xlcHb1mBJyuz,strawberry moon,IU,"KR,VN",55
6kls8cSlUyHW2BUOkDJIZE,Hate Me,Ellie Goulding,"US,VN",55
4PS1e8f2LvuTFgUs1Cn3ON,The Christmas Song (Merry Christmas To You),Nat King Cole,"KR,US",55
3cZajhyr8LmtPfHZ9296tj,No Broke Boys,Disco Lines,US,55
5JCoSi02qi3jJeHdZXMmR8,favorite crime,Olivia Rodrigo,"KR,US",55
6KfoDhO4XUWSbnyKjNp9c4,Maniac,Conan Gray,"KR,US",55
0ESJlaM8CE1jRWaNtwSNj8,beibs in the trap,Travis Scott,US,55
4NYwy0R3NdvORX2B6OZXBT,Slow Motion,Trey Songz,US,55
2aSfmbpproCPOe2j01WT2a,Eternal Moment,Lim Young Woong,KR,55
7KZNgri6Jxw88FAfATw6i9,Who (Funky Remix),Jimin,KR,55
1Px44tw80Q4rcCl8FxDGOi,Who (Instrumental),Jimin,KR,55
2isRbZIIU4PqPrECffn7QO,Who (Beautiful Mind Remix),Jimin,KR,55
1QC4Ztt2GlFWpdSMLwt5ol,"LOV3 (Feat. Bryan Chase, Okasian)",Sik-K,KR,55
33xRp6ZX1DKraRFHR9ZDck,Forest,Choi Yu Ree,KR,55
4cGxjripxGYy1VrC9gzmlF,Don't Cry,HOZIHO,KR,55
4zCIxSnVWpGNghERX4uWZF,SMILEY(Feat. BIBI),YENA,KR,55
1ApIGNgp1azc0qB61x4GzG,Không Buông,Hngle,VN,54
2kauMp3YNHXULGXyJh4321,Phóng Đổ Tim Em,Wren Evans,VN,54
2w7jOvl0kpplNxisgfnCdT,Nếu Biết Đó Là Lần Cuối,Đức Trường,VN,54
2uxjHthUJd2A8PmWaUGGsI,Chờ Anh Nhé,Hoàng Dũng,VN,54
0Cy7uOfTjJrmHkNEPBBZxf,Bên Trên Tầng Lầu,Tăng Duy Tân,VN,54
527UV7H9SbnmTVkxBVg56X,Chắc Ai Đó Sẽ Về,Sơn Tùng M-TP,VN,54
62aP9fBQKYKxi7PDXwcUAS,ily,Surf Mesa,"US,VN",54
3bNNvJA7hsGw0wSpGkfOBm,Too Sad to Dance,Jung Kook,"KR,VN",54
1dS4l6xmdgEhCZTAhdOm4N,Serendipity - Full Length Edition,BTS,"KR,VN",54
0JmnkIqdlnUzPaf8sqBRs3,Moonlight,Kali Uchis,"KR,US,VN",54
2VJOpzv5sBpstCX9venJr5,Rollin',Brave Girls,"KR,VN",54
7FOgcfdz9Nx5V9lCNXdBYv,Red Wine Supernova,Chappell Roan,US,54
4SgRoETpc8GEkVgBh5OrZs,Black Beatles,Rae Sremmurd,US,54
5Eax0qFko2dh7Rl2lYs3bx,Efecto,Bad Bunny,US,54
1JSTJqkT5qHq8MDJnJbRE1,Every Breath You Take,The Police,US,54
31tf1qEai5o5f4r66Kd0pU,Me and Your Mama,Childish Gambino,US,54
4gmmRb6bZJffOOiww1JGTO,No Heart,21 Savage,US,54
7zVCrzzEJU7u24sbJPXA5W,What Ifs,Kane Brown,US,54
7bTwYGhBdSQ8vuXc76Xint,Ophelia,The Lumineers,US,54
67awxiNHNyjMXhVgsHuIrs,Turn Down for What,DJ Snake,US,54
651GMkAaR0JbpzZXRvdQ3D,ULSSIGU,Lim Young Woong,KR,54
4CRhJHHbH9Awx7z7xRAdPP,Unread Message,Lim Young Woong,KR,54
1TPHGTbSlEiZh9MvQDpMcY,Left in the Rain,Lim Young Woong,KR,54
0SPZ7y0fJiozsuWLSAocOl,Guilty,Dynamicduo,KR,54
6R5fYCySNHrqo4Og6O1ppn,Steal The Show,Lauv,KR,54
0UvCh63URrLFcPkKt99hHd,Don't Look Back in Anger - Remastered,Oasis,KR,54
775S83AMYbQc8SYteOktTL,Gradation,10CM,KR,54
3P3UA61WRQqwCXaoFOTENd,Through the Night,IU,KR,54
1uiqiUzPn2EJpvHDy84PEZ,KHÔNG ĐAU NỮA RỒI,"EM XINH ""SAY HI""",VN,53
5KYv3kORBKUmVEoqbRRWxt,Từng Là Của Nhau,Bảo Anh,VN,53
11OxuU5y7ebAJyKaY8dOl0,Lý Do Nào Để Quay Lại Với Nhau,PAR SG,VN,53
7paCdW3grnoEi95tjO1OkG,Thắc Mắc?,Thịnh Suy,VN,53
2J2Z1SkXYghSajLibnQHOa,Unstoppable,Sia,"KR,VN",53
2Ti4hlta29bCeyrfqVSyQr,Ghé Qua,TaynguyenSound,VN,53
1iQDltZqI7BXnHrFy4Qo1k,Trampoline,SHAED,"US,VN",53
05CwHjIk71RXVU40boRMnR,Call You Mine,The Chainsmokers,"US,VN",53
69vToJ9BMbbLlFZo7k7A7B,You Are The Reason,Calum Scott,VN,53
51vRumtqbkNW9wrKfESwfu,UNFORGIVEN,LE SSERAFIM,"KR,VN",53
3Ol2xnObFdKV9pmRD2t9x8,Look Back At It,A Boogie Wit da Hoodie,"US,VN",53
4u7EnebtmKWzUH433cf5Qv,Bohemian Rhapsody - Remastered 2011,Queen,"US,VN",53
3qQbCzHBycnDpGskqOWY0E,Ella Baila Sola,Eslabon Armado,US,53
7hR22TOX3RorxJPcsz5Wbo,Love Somebody,Morgan Wallen,US,53
2DQ1ITjI0YoLFzuADN1ZBW,No Limit,G-Eazy,US,53
3XiNC94b4Tq1xwv70sQJGN,Sanguine Paradise,Lil Uzi Vert,US,53
6NWl2m8asvH83xjuXVNsuG,Betrayed,Lil Xan,US,53
2M38X60UJnupGPbFTkVPNQ,Neon Moon,Brooks & Dunn,US,53
12REd1n8PeiHHWOh066tpr,Never Be Like You,Flume,US,53
0fv2KH6hac06J86hBUTcSf,NEW MAGIC WAND,"Tyler, The Creator",US,53
3Q3myFA7q4Op95DOpHplaY,do re mi,blackbear,US,53
7y2YUIyCuVhBidENVT0068,Love Me Like You Do,Ellie Goulding,US,53
7oGZAicScQt96OAW4AruYy,Want to Want Me,Jason Derulo,US,53
248OFOZef6ShXv6DGgbnxU,Saved,Khalid,US,53
5XzmZjXhMjDHr7ZfJ6DELQ,FourFiveSeconds,Rihanna,US,53
6jizk5lOUnfpaZXYMdfeC6,Trumpets,Jason Derulo,US,53
3wx2kQWPn9p5UppQbNhPAk,Leave The Night On,Sam Hunt,US,53
59hVbgr8rfYkDbHfr8RcGI,IRIS OUT,Kenshi Yonezu,KR,53
0CWk3LG8MXMA3TE61y5zPB,Wild flower,Lim Young Woong,KR,53
7hYI4QprQ3hMqp56ul6uEv,Melody for You,Lim Young Woong,KR,53
2penachGpHAHaMQGo1j1Tz,Wonderful Life,Lim Young Woong,KR,53
5qCu3KDSEoojJ4Rh5OzHm3,"I’m sorry, But…",Lim Young Woong,KR,53
2TOpItg5NsMsFV58nZm5XN,I’m HERO,Lim Young Woong,KR,53
0yamqkAFAmpdLNVcmJLSo8,Never Ending Story,BOOHWAL,KR,53
4QhnNyKDsAkXPwHkSnuc89,"Eve, Psyche & The Bluebeard’s wife",LE SSERAFIM,KR,53
2KNEK9rGKQKKNE6FTt8PvQ,Let's Say Goodbye,Parc Jae Jung,KR,53
6GUKRhIsWxA7VuZW8MKQLG,Không Thời Gian,Dương Domic,VN,52
10SRMwb9EuVS1K9rYsBfHQ,Yet To Come,BTS,"KR,US,VN",52
0Qs29ApstkrU5T8S5Hxazw,Ngõ Chạm,BigDaddy,VN,52
7BoobGhD4x5K96Me0hqC8Q,Build a Bitch,Bella Poarch,"KR,US,VN",52
70eFcWOvlMObDhURTqT4Fv,Beautiful People,Ed Sheeran,"KR,US,VN",52
5GXCpnyiCviIiAiZn13tzn,SO FAR,Binz,VN,52
296nXCOv97WJNRWzIBQnoj,FEARLESS,LE SSERAFIM,"KR,VN",52
4SSnFejRGlZikf02HLewEF,bury a friend,Billie Eilish,"US,VN",52
1bhUWB0zJMIKr9yVPrkEuI,Perfect Duet (Ed Sheeran & Beyoncé),Ed Sheeran,"US,VN",52
27SdWb2rFzO6GWiYDBTD9j,Cheap Thrills,Sia,"US,VN",52
6wBpO4Xc4YgShnENGSFA1M,Sour Grapes,LE SSERAFIM,"KR,VN",52
2pXpURmn6zC5ZYDMms6fwa,It's Beginning to Look a Lot Like Christmas,Perry Como,US,52
2Zo1PcszsT9WQ0ANntJbID,Feather,Sabrina Carpenter,"KR,US",52
4so0Wek9Ig1p6CRCHuINwW,White Christmas,Bing Crosby,"KR,US",52
0qRR9d89hIS0MHRkQ0ejxX,Rich Girl,Daryl Hall & John Oates,US,52
0YsIYFRoxkmEvbKCwTp0Tg,20 Cigarettes,Morgan Wallen,US,52
1e1JKLEDKP7hEQzJfNAgPl,Magnolia,Playboi Carti,US,52
40iJIUlhi6renaREYGeIDS,Fair Trade,Drake,"KR,US",52
698eQRku24PIYPQPHItKlA,She Got the Best of Me,Luke Combs,US,52
3ZaEs1O8BG581qYPHpQ8d6,I Smoked Away My Brain (I'm God x Demons Mashup),A$AP Rocky,US,52
0COqiPhxzoWICwFCS4eZcp,Bring Me To Life,Evanescence,US,52
6IPwKM3fUUzlElbvKw2sKl,we fell in love in october,girl in red,US,52
3ZhTT6yjZwpPph5MIJ53XY,Red Roses,Lil Skies,US,52
29TPjc8wxfz4XMn21O7VsZ,Sky,Playboi Carti,US,52
26rdOwwjC2UnweK3xeS58u,GDFR,Flo Rida,US,52
16bHRxM89ue0TiCKARYbRp,Sorry Not Sorry,Bryson Tiller,US,52
3iVcZ5G6tvkXZkZKlMpIUs,Alright,Kendrick Lamar,US,52
7ohibqc88AbCOYqCqjcE1a,Don’t look back at me,Lim Young Woong,KR,52
3oiMjDZ1bShIpFfOQf55IW,LOVE me,BE'O,KR,52
0oSc7X1uRQGuEqNRtXEeQL,Dù Cho Tận Thế,ERIK,VN,51
5u5AsK8JLgkr154QHZjJqh,NGƯỜI NHƯ ANH XỨNG ĐÁNG CÔ ĐƠN,"ANH TRAI ""SAY HI""",VN,51
6OWWZtNQORY1McaZmOrwhc,GO!,CORTIS,"KR,VN",51
0J2otOvMdg62gVMMjwOvSK,Hoa Hải Đường,Jack - J97,VN,51
2yjeXq5ahx6UUg2rHaUe6X,Angel Pt. 2,JVKE,"KR,VN",51
4vTgx6h4seHvkuFh84JXYP,My Time,BTS,"KR,US,VN",51
0piLGIj0C7RR4B2gowEqmO,Kho Ve Nu Cuoi,Đạt G,VN,51
2Qu80FRL83tdFP6Bnvh1gI,Lửng Lơ,Masew,VN,51
7AbqgE05nFl9qY4FRUiq2p,Shot Glass of Tears,Jung Kook,"KR,VN",51
0e8nrvls4Qqv5Rfa2UhqmO,THATS WHAT I WANT,Lil Nas X,"KR,US,VN",51
5JEx7HbmvHQQswJCsoo9rA,Close To Me,Ellie Goulding,"US,VN",51
6n4U3TlzUGhdSFbUUhTvLP,Walk It Talk It,Migos,"US,VN",51
6sGIMrtIzQjdzNndVxe397,So Easy (To Fall In Love),Olivia Dean,"KR,US",51
55lijDD6OAjLFFUHU9tcDm,WHERE IS MY HUSBAND!,RAYE,US,51
1NXbNEAcPvY5G1xvfN57aA,Dracula,Tame Impala,US,51
5lAnYvAIkSDNXqfo7DyFUm,Ain't Shit,Doja Cat,"KR,US",51
2BITQ360Knh6qNAOqR7Dyq,Miss The Rage,Trippie Redd,"KR,US",51
1IIKrJVP1C9N7iPtG6eOsK,Go Crazy,Chris Brown,"KR,US",51
2rPHUAeUPbNgTmK18FPTiZ,GO,The Kid LAROI,US,51
1wYZZtamWTQAoj8B812uKQ,Here,Alessia Cara,US,51
0fgZUSa7D7aVvv3GfO0A1n,Post to Be,Omarion,US,51
5PaqFdIb4vspKAmpCqDuzz,Am I Wrong,Nico & Vinz,US,51
0fYVliAYKHuPmECRs1pbRf,Renegades,X Ambassadors,US,51
78TKtlSLWK8pZAKKW3MyQL,Say Something,A Great Big World,US,51
3sOAwRg5esaxDcWnUigWPv,0+0,HANRORO,KR,51
0X28PqBpbQhWdi4usYw0w5,Tò Te Tí,Wren Evans,VN,50
0fK7ie6XwGxQTIkpFoWkd1,like JENNIE,JENNIE,"KR,US,VN",50
0dBKcPEAsdxWJsqNDNHcPz,Dân Chơi Sao Phải Khóc,Andree Right Hand,VN,50
1R1AFI3iNOYr0pGHwjFQBG,Cao Ốc 20,B Ray,VN,50
53iuhJlwXhSER5J2IYYv1W,The Fate of Ophelia,Taylor Swift,"KR,US,VN",50
3NPWH2UbMjch2vnS7qMFGM,Past Lives,11:11 Music Group,VN,50
1odExI7RdWc4BT515LTAwj,Daylight,David Kushner,"KR,US,VN",50
3NxuezMdSLgt4OwHzBoUhL,Way Back Home,SHAUN,"KR,VN",50
5KfJvZ0PZzRdwFRaTUDAA7,Somebody,Jung Kook,"KR,VN",50
4BiiOzZCrXEzHRLYcYFiD5,Hope,The Chainsmokers,"US,VN",50
22wpxXRD3JTy7l6G1GHk3X,Neu Co Buong Tay,Mỹ Tâm,VN,50
2G7V7zsVDxg1yRsu7Ew9RJ,In My Feelings,Drake,"US,VN",50
40UVUuyy5RfpO0awclCttA,FAMOUS,ALLDAY PROJECT,"KR,VN",50
2uFaJJtFpPDc5Pa95XzTvg,Let It Snow! Let It Snow! Let It Snow!,Dean Martin,"KR,US,VN",50
11KJSRSgaDxqydKYiD2Jew,Too Good,Drake,US,50
2pnPe4pJtq7689i5ydzvJJ,Run Rudolph Run - Single Version,Chuck Berry,US,50
1Y5Jvi3eLi4Chwqch9GMem,Super Gremlin,Kodak Black,US,50
5MPPttjfGap2C6j6eKcO6J,Baby (Lil Baby feat. DaBaby),Quality Control,US,50
2JPLbjOn0wPCngEot2STUS,Yonaguni,Bad Bunny,"KR,US",50
2B4GHvToeLTOBB4QLzW3Ni,Pepas,Farruko,"KR,US",50
7rbECVPkY5UODxoOUVKZnA,I Wonder,Kanye West,"KR,US",50
7nc7mlSdWYeFom84zZ8Wr8,Tell Em,Cochise,US,50
4jTiyLlOJVJj3mCr7yfPQD,This Could Be Us,Rae Sremmurd,US,50
1gSYptPgZodmxwSXqeCKSF,A Song For Us,Lim Young Woong,KR,50
0N8Xztr4pBHJ7V0moJWhbO,愛を伝えたいだとか,Aimyon,KR,50
5kJMW3pK49PvQDtpVryHf5,Forget About Her,JustaTee,VN,49
70hEVaGwwat644nPWkhKNW,yêu anh đi mẹ anh bán bánh mì,Phuc Du,VN,49
73fFRs03s0gtjggfMW213L,Ngã Tư Không Đèn,TRANG,VN,49
6xGruZOHLs39ZbVccQTuPZ,Glimpse of Us,Joji,"KR,US,VN",49
1Y3LN4zO1Edc2EluIoSPJN,Until I Found You,Stephen Sanchez,"KR,US,VN",49
7aGyRfJWtLqgJaZoG9lJhE,Mad at Disney,salem ilese,"US,VN",49
3VHjWEYUDpMRKUQlzQNzUj,Lớn Rồi Còn Khóc Nhè,Trúc Nhân,VN,49
0a3xKTdoRhkWC5zSWZ7nYf,Co Ay La Ai (Who Is She),Mỹ Tâm,VN,49
5AEtlRudpgdT5FtNiuly6Y,Let Me Go,Hailee Steinfeld,"US,VN",49
3nAp4IvdMPPWEH9uuXFFV5,Underneath the Tree,Kelly Clarkson,"KR,US,VN",49
6CcJMwBtXByIz4zQLzFkKc,i love you,Billie Eilish,"US,VN",49
3qCeq0rWK67SoBDgFd2sId,Feliz Navidad,José Feliciano,"KR,US,VN",49
5CtI0qwDJkDQGwXD1H1cLb,Despacito - Remix,Luis Fonsi,US,49
6wsqVwoiVH2kde4k4KKAFU,I KNOW ?,Travis Scott,"KR,US",49
51rfRCiUSvxXlCSCfIztBy,"I Love You, I'm Sorry",Gracie Abrams,US,49
6rjuKpPydT2SxN15TZpV7r,500lbs,Lil Tecca,US,49
7Fzl7QaTu47WyP9R5S5mh5,Lies Lies Lies,Morgan Wallen,US,49
07KXEDMj78x68D884wgVEm,High Fashion,Roddy Ricch,US,49
4RepvCWqsP6zBuzvwYibAS,I Feel It Coming,The Weeknd,"KR,US",49
0gEyKnHvgkrkBM6fbeHdwK,Linger,The Cranberries,US,49
4dASQiO1Eoo3RJvt74FtXB,Sucker For Pain,Lil Wayne,US,49
2Fn3coxd0xAZ09JtrgcgHa,Middle,DJ Snake,US,49
1aXV8GrmQLvgoFtBPERP7E,Jealous,Eyedress,US,49
1HXy5I3HTWq8OvxCn0z7G7,Heaven,Kane Brown,US,49
7cvxrDu7VIhVSOFRNgPegv,Break Free,Ariana Grande,US,49
12d5QFwzh60IIHlsSnAvps,10 Bands,Drake,US,49
1bzM1cd6oqFozdr4wK6HdR,Blessings,Big Sean,US,49
4i0HNuFEH6P6K4UnsY5uUh,Blue Valentine,NMIXX,KR,49
3y1Aq9UzyzhMGuVaS8i2oA,"question mark (Feat. CHOIZA Of Dynamicduo, Zion.T)",Primary,KR,49
3JIfmjJbanxJkwaPzYa2gN,REGRET,"ANH TRAI ""SAY HI""",VN,48
0L8LOav65XwLjCLS11gNPD,Typa Girl,BLACKPINK,"KR,US,VN",48
7uoFMmxln0GPXQ0AcCBXRq,Snowman,Sia,"KR,US,VN",48
1SzlLbTE7hTs75M2R1a1Tg,Em Hát Ai Nghe,Orange,VN,48
6TqXcAFInzjp0bODyvrWEq,Talk,Khalid,"US,VN",48
300fqwkGKipgr8Ith1YQo2,Hành Tinh Song Song,Vũ.,VN,48
5jQI2r1RdgtuT8S3iG8zFC,Lavender Haze,Taylor Swift,"KR,US,VN",48
7BRD7x5pt8Lqa1eGYC4dzj,CHIHIRO,Billie Eilish,"KR,US,VN",48
4uUG5RXrOk84mYEfFvj3cK,I'm Good (Blue),David Guetta,"KR,US,VN",48
1qEmFfgcLObUfQm0j1W2CK,Late Night Talking,Harry Styles,"KR,US,VN",48
2G1tXoGBaEMJ7FKGnkf6ud,Wake Up in the Sky,Gucci Mane,"US,VN",48
4pLwZjInHj3SimIyN9SnOz,Side To Side,Ariana Grande,"US,VN",48
0OyQns5ayNK2OVaES0Vb8t,Righteous,Juice WRLD,"US,VN",48
7scFxt9VhL4FJwuPSfRlfN,Choosin' Texas,Ella Langley,US,48
3Pbp7cUCx4d3OAkZSCoNvn,Scared To Start,Michael Marcagi,US,48
2UVbBKQOdFAekPTRsnkzcf,Stir Fry,Migos,US,48
3Vr3zh0r7ALn8VLqCiRR10,Stargazing,Myles Smith,US,48
1XRgIKC5TPwo7nWGyKqgG0,I Get The Bag,Gucci Mane,US,48
27OeeYzk6klgBh83TSvGMA,WITHOUT YOU,The Kid LAROI,"KR,US",48
1KZG1H1OCugGqIRmk1wF9m,Indigo,Sam Barber,US,48
6b8Be6ljOzmkOmFslEb23P,24K Magic,Bruno Mars,"KR,US",48
4BP3uh0hFLFRb5cjsgLqDh,Fortunate Son,Creedence Clearwater Revival,US,48
5SWnsxjhdcEDc7LJjq9UHk,Runnin,21 Savage,US,48
3kXoKlD84c6OmIcOLfrfEs,September,"Earth, Wind & Fire","KR,US",48
2ZWlPOoWh0626oTaHrnl2a,Ivy,Frank Ocean,US,48
3GZD6HmiNUhxXYf8Gch723,Lost,Frank Ocean,US,48
0wdKiSBUT7aZkXUIdJWcwC,2 Phones,Kevin Gates,US,48
1q676iYDR3GeJtOHdyggIU,All About That Bass,Meghan Trainor,US,48
7uolkTLavH97itenLjNmx9,Animals,Maroon 5,US,48
3keUgTGEoZJt0QkzTB6kHg,Truffle Butter,Nicki Minaj,US,48
6VwBbL8CzPiC4QV66ay7oR,Wicked Games,The Weeknd,US,48
6jYiHr12NVKLzn0X7K8aSK,FOCUS,Hearts2Hearts,KR,48
37YoRLUu1qId0ewavgvnkG,Blue Flame,LE SSERAFIM,KR,48
7uUuftbcr94tzGOCJSM25u,In Love,Low G,VN,47
3T7XHOdRcyhKU3QCB6kZG3,chẳng phải tình đầu sao đau đến thế,MIN,VN,47
2oVLEoBVDvYrGmzrU7dEm5,TRÀN BỘ NHỚ,"ANH TRAI ""SAY HI""",VN,47
29Tj2R8sZZ3fzlXZVe1OyY,Pin Dự Phòng,Dương Domic,VN,47
4TMdpMJNQdcawl8JjZEwLk,Nụ hôn Bisou,Lãng,VN,47
5tmA5oQDF0ULqRI12LKCDw,Chiều Hôm Ấy,JayKii,VN,47
3gLRyMbg5nWLcuKD46Uz72,Anh Là Ai,Phương Ly,VN,47
3ER1r0HipeSSu7YNImC6vd,Bước Za Đi Xa,Wxrdie,VN,47
41JPN7pZMTp1sumBOHOzHd,People Pt.2,Agust D,"KR,VN",47
42pZsfo15M63tgCpDeGCx6,3 1 0 7,W/N,VN,47
2MjpqyEA73TzenhDmj0RFN,Tình Yêu Ngủ Quên,Hoàng Tôn,VN,47
37BZB0z9T8Xu7U3e65qxFy,Save Your Tears,The Weeknd,"KR,US,VN",47
0ZaHfA4m7SlE2QHA3KNoXj,Em Có Nghe,Kha,VN,47
1kuGVB7EU95pJObxwvfwKS,vampire,Olivia Rodrigo,"KR,US,VN",47
6wo37KVqFJhtuxPTpLCcfe,Takeaway,The Chainsmokers,"US,VN",47
0vB6E5gTZtnpodQCCW29JN,sao anh chưa về nhà,AMEE,VN,47
6u7jPi22kF8CTQ3rb9DHE7,Old Town Road - Remix,Lil Nas X,"US,VN",47
6vBdBCoOhKHiYDDOcorfNo,Goodbyes (Feat. Young Thug),Post Malone,"US,VN",47
1almCHdsfikRPfVB9VrEdT,Little Do You Know,Alex & Sierra,VN,47
51Fjme0JiitpyXKuyQiCDo,Lalala,Y2K,"US,VN",47
3XF5xLJHOQQRbWya6hBp7d,you should see me in a crown,Billie Eilish,"US,VN",47
6I2tqFhk8tq69iursYxuxd,HOT,SEVENTEEN,"KR,VN",47
7fUYUcWy853HS8YJn0b3Sr,Sleigh Ride,The Ronettes,"KR,US,VN",47
3DXncPQOG4VBw3QHh3S817,I'm the One,DJ Khaled,US,47
4tHqQMWSqmL6YjXwsqthDI,Carol of the Bells,Mykola Dmytrovych Leontovych,US,47
6SwRhMLwNqEi6alNPVG00n,LOYALTY. FEAT. RIHANNA.,Kendrick Lamar,US,47
2LMkwUfqC6S6s6qDVlEuzV,White Ferrari,Frank Ocean,US,47
6QgjcU0zLnzq5OrUoSZ3OK,Feel It Still,Portugal. The Man,US,47
1Jo0Zg7XlrA6z0mFTZVdkn,Don't Stop The Music,Rihanna,US,47
2ZRo7axmMPeSVUvDbGkJah,Hope,XXXTENTACION,US,47
59J5nzL1KniFHnU120dQzt,wokeuplikethis*,Playboi Carti,US,47
04mf1OkXHZ6TPBNM9sBcSm,Famous,Kanye West,US,47
3muBQDekYAg7jm6hDu6R0Z,First Day Out,Tee Grizzley,US,47
2uwnP6tZVVmTovzX5ELooy,Power Trip,J. Cole,US,47
6oZDct1pcrRPMnNvP0OXea,Blurred Lines,Robin Thicke,US,47
5Xf2cIARIa9gwWf6m4DvME,Home Sweet Home,"Car, the garden",KR,47
4K8jDTlNhZWEdnzZVGRMtN,FEARLESS (2023 Ver.),LE SSERAFIM,KR,47
3W77mLoXjQEkNjxvYRifjG,tâm trí lang thang,Ánh Sáng AZA,VN,46
1Vla7vXcM0zimotYpresDT,tình yêu có nghĩa là gì?,tlinh,VN,46
6E3P4uOfKHYXJLK6Q3s0Tj,Cơn Mưa Cuối,JustaTee,VN,46
5wYQC7AuxV8ROALWcbVNxc,Giữ Anh Cho Ngày Hôm Qua,Hoàng Dũng,VN,46
1wvLeW8THXNent0N2sGSgF,Ngồi Nhìn Em Khóc,Sáo,VN,46
1SS0WlKhJewviwEDZ6dWj0,SPOT!,ZICO,"KR,VN",46
7skGrIrRzO0APhASzAKfNi,Gu - Cukak Remix,Freaky,VN,46
4uOBL4DDWWVx4RhYKlPbPC,Queencard,i-dle,"KR,VN",46
3AOf6YEpxQ894FmrwI9k96,Super,SEVENTEEN,"KR,VN",46
3lHqxXiZf1RjGDQwiCA6jr,Anh Chua Tung Biet,Mỹ Tâm,VN,46
6uFsE1JgZ20EXyU0JQZbUR,Look What You Made Me Do,Taylor Swift,"US,VN",46
6SpPr7K4YQ2wp8jU6uOTmQ,Queendom,Red Velvet,"KR,VN",46
5quFr5s5PXYfUX5jV2EBZ1,GANADARA (Feat. IU),Jay Park,"KR,VN",46
6EDO9iiTtwNv6waLwa1UUq,POPSTAR,DJ Khaled,"US,VN",46
2u9S9JJ6hTZS3Vf22HOZKg,NOKIA,Drake,"KR,US",46
4sjiIpEv617LDXaidKioOI,223's,YNW Melly,US,46
2bjwRfXMk4uRgOD9IBYl9h,Portland,Drake,US,46
7lAK3oHbfEnvUQWosrMMpR,YOSEMITE,Travis Scott,US,46
5Ohxk2dO5COHF1krpoPigN,Sign of the Times,Harry Styles,"KR,US",46
3E7dfMvvCLUddWissuqMwr,Party In The U.S.A.,Miley Cyrus,US,46
6kBp8w67thoYqTUOQVSGFg,Good For You,Selena Gomez,US,46
25oOaleife6E2MIKmFkPvg,Relationship,Young Thug,US,46
2hsza71y54ABzmabyNDtM4,Hide Away,Daya,US,46
23T0OX7QOiIUFShSzbJ5Uo,I Hope,Gabby Barrett,US,46
10M2Ex445zw585Ducldzkw,In Case You Didn't Know,Brett Young,US,46
41Fflg7qHiVOD6dEPvsCzO,Worth It,Fifth Harmony,US,46
2sNvitW3TxiTeC9xT9f2ZZ,Firestone,Kygo,US,46
4oE7MyJhqSD3BaHRpNs8Nl,JANE DOE,Kenshi Yonezu,KR,46
20QI1DhCFz7pN8rATkNguv,To Reach You,10CM,KR,46
4PBtSN6dNFXA9RUkx5e3W9,Sadder Than Yesterday,Woody,KR,46
5DB1UwivnS4gmcZ27TiYnE,Người Đầu Tiên,Juky San,VN,45
4bjN59DRXFRxBE1g5ne6B1,Haegeum,Agust D,"KR,US,VN",45
6KIhgRkprgyJNERRMu7Quh,Có Em Chờ,MIN,VN,45
170CNv2CAZn8wg6GxvHXYC,Ex's Hate Me,B Ray,VN,45
4ecdsGz3Hg6TKPwQ0ZOdJz,FaSHioN,CORTIS,"KR,VN",45
1XnpzbOGptRwfJhZgLbmSr,Pretty Savage,BLACKPINK,"KR,US,VN",45
0Ryd8975WihbObpp5cPW1t,boyfriend,Ariana Grande,"US,VN",45
7IerPeiRJsJfVaPW73GmbS,Bao Tiền Một Mớ Bình Yên,14 Casper,VN,45
3id2EVGKc3eFAMn9nFnB0r,Love Someone,Lukas Graham,VN,45
7foeH2Emgq8A3LWk3q6dat,Kitsch,IVE,"KR,VN",45
4pdPtRcBmOSQDlJ3Fk945m,Let Me Love You,DJ Snake,"US,VN",45
6f5ExP43esnvdKPddwKXJH,Better Days (NEIKED x Mae Muller x Polo G),NEIKED,"KR,US,VN",45
4XsJiRJQAK8TWcZCn0Dxlh,POWER,G-DRAGON,"KR,VN",45
7yHEDfrJNd0zWOfXwydNH0,Into You,Ariana Grande,"US,VN",45
5z0LSDpPpGwc2ZyJHpsE3J,Just In Case,Morgan Wallen,US,45
5rZlwNFl01HqLWBQGryKSm,Mood Swings,Pop Smoke,US,45
1zM8S2pnIclcdTmrfFnWtX,House Again,Hudson Westbrook,US,45
1LzNfuep1bnAUR9skqdHCK,Fade Into You,Mazzy Star,US,45
3Gn1zuHNLtGuGEOXwq0k7e,Think I'm In Love With You,Chris Stapleton,US,45
5lZsh9Qf7CbHI9Fcc7Zcsq,Bounce Out With That,YBN Nahmir,US,45
6lDo13SSgTv0WbyUQKgnjk,Light It Up,Major Lazer,US,45
4HUIsMWVGNHsxlhbc3YQ5y,Selfish,PnB Rock,US,45
5tf1VVWniHgryyumXyJM7w,Sugar,Robin Schulz,US,45
5k31cAfP8yymw8v0AYQIjr,Best Day Of My Life,American Authors,US,45
4kNvYhyl8R6m1vykVkcuBu,All Me,Drake,US,45
1HNs07uZxZniPNmniw2GTa,Apparently,J. Cole,US,45
3qHBjPdFZeS0tfXywAxOKq,Sunset Glow,BIGBANG,KR,45
5mtTAScDytxMMqZj14NmlN,love.,wave to earth,KR,45
4erzRRcwLlW1GdbQfTcw4I,Hate you,Lim Young Woong,KR,45
4t2FIqZJORKZGSKg30SShr,NAKKA,AKMU,KR,45
0rXtV4L8uQ7KHNxxKd2jGZ,Think About You,Joosiq,KR,45
3rtOU0GwlsbCNiCqEDLZUN,Tim Anh Ghen,Wxrdie,VN,44
69xohKu8C1fsflYAiSNbwM,Run BTS,BTS,"KR,US,VN",44
57FeZINjlat9NLEhYUejmd,NGTANOISE,VSOUL,VN,44
6VhuP99TE6gYNQRJIlAWFD,Until I Found You,Stephen Sanchez,"KR,US,VN",44
6jOP08e9PHDnoF3reZcePE,Qua Khung Cửa Sổ,Chillies,VN,44
2UU11hvjN1JIn4iihEodNT,Blue,V,"KR,VN",44
1njlnn8ZKHI77Pe9szIONR,SHEESH,BABYMONSTER,"KR,VN",44
4yAJOZ8ZBAKfXCI20hsVjf,Lời Đường Mật,Unknown Artist,VN,44
1AZjCZSGEjlxUufFQwSszF,Wild Flower,RM,"KR,VN",44
6RRNNciQGZEXnqk8SQ9yv5,You Need To Calm Down,Taylor Swift,"US,VN",44
0k0GtcnyQLMiXrdEDbLXmJ,Please Don't Change,Jung Kook,"KR,VN",44
2Emlw3C8Rqn9lAen25OItw,Cảm ơn,Đen,VN,44
1MUZitHRpmng5NevrvNx4T,DRIP,BABYMONSTER,"KR,VN",44
5sjnkOfTLCLNfkkchI2re2,UP - KARINA Solo,aespa,"KR,VN",44
2etHQJxIbV0soyPhelVs9Y,Best Friend,Saweetie,"KR,US,VN",44
6wf7Yu7cxBSPrRlWeSeK0Q,"What Was I Made For? [From The Motion Picture ""Barbie""]",Billie Eilish,"KR,US,VN",44
2YlZnw2ikdb837oKMKjBkW,Like I'm Gonna Lose You,Meghan Trainor,"US,VN",44
6D90VTeGEWYX5AkAtjHZh1,Like Crazy (Deep House Remix),Jimin,"KR,VN",44
5tDxLjAnkojfnXnjOk6mvh,Like Crazy (UK Garage Remix),Jimin,"KR,VN",44
0dA2Mk56wEzDgegdC6R17g,Stay,Zedd,"US,VN",44
23L5CiUhw2jV1OIMwthR3S,In the Name of Love,Martin Garrix,"US,VN",44
6LnEoRQKMcaFTR5UvaKuBy,Rock with you,SEVENTEEN,"KR,VN",44
6iu311jZAJFLPgoIWgrA72,BANG BANG BANG - KR Ver.,BIGBANG,"KR,VN",44
5f1joOtoMeyppIcJGZQvqJ,Be Like That,Kane Brown,"US,VN",44
6jbYpRPTEFl1HFKHk1IC0m,Like Him,"Tyler, The Creator",US,44
35ISBknsCeZQtq66xABI9g,Messy,Lola Young,US,44
6HMtHNpW6YPi1hrw9tgF8P,About Damn Time,Lizzo,"KR,US",44
1foCxQtxBweJtZmdxhEHVO,Santa Baby,Eartha Kitt,US,44
0hquQWY3xvYqN4qtiquniF,Vegas (From the Original Motion Picture Soundtrack ELVIS),Doja Cat,"KR,US",44
0InIeZW4P6VO7dUGRM4AKH,Sienna,The Marías,US,44
1YZfcVLbbJwfizR5cDOp3q,MotorSport,Migos,US,44
2uvE4L5ZsYKpv8hbK4TIOt,MUTT,Leon Thomas,US,44
6EpRaXYhGOB3fj4V2uDkMJ,Strip That Down,Liam Payne,US,44
5e9TFTbltYBg2xThimr0rU,The Chain - 2004 Remaster,Fleetwood Mac,US,44
0lnpnsrVaW9elGgRxpDCgE,Fancy Like,Walker Hayes,US,44
1G391cbiT3v3Cywg8T7DM1,Scar Tissue,Red Hot Chili Peppers,US,44
4pYZLpX23Vx8rwDpJCpPTA,New Freezer,Rich The Kid,US,44
6DLbBlGIOjjEj0dNN25zhZ,Tennessee Orange,Megan Moroney,US,44
3xdjjKMcMOFgo1eQrfbogM,Wagon Wheel,Darius Rucker,US,44
1WoOzgvz6CgH4pX6a1RKGp,My Way,Fetty Wap,US,44
2iUmqdfGZcHIhS3b9E9EWq,Everybody Talks,Neon Trees,US,44
7cgu4JBW3hq1GwTM1ilkKQ,Talking Body,Tove Lo,US,44
6kwAbEjseqBob48jCus7Sz,Elastic Heart,Sia,US,44
13P5rwmk2EsoFRIz9UCeh9,Cool Kids,Echosmith,US,44
72gGeQ0dZ7E8RlBeNJNJkb,The Monster,Eminem,US,44
0k6DnZMLoEUH8NGD5zh2SE,Ayo,Chris Brown,US,44
1HbcclMpw0q2WDWpdGCKdS,Tenerife Sea,Ed Sheeran,US,44
7hlEhmg5h9XuFtaGfgvqjF,Love Love Love,Epik High,KR,44
2GMKQPMXdOGXsQkDYBN6wF,시작의 아이 ハジマリのコ (Starting With You),MAKTUB,KR,44
6piGysTzX1hCj2l0mygEl9,Every moment of you,Sung Si Kyung,KR,44
5BGxDtIEw8zxoP29Fid69a,Ling Ling,The Black Skirts,KR,44
03YtYSkpHqqY3EBmHJkTjP,Till The End of Time,The Black Skirts,KR,44
1jRYyE9MEg7nxUgWEtsqFp,HAPPEN,Heize,KR,44
6Qwl74olNi1rl65FNxG5We,Và Thế Giới Đã Mất Đi Một Người Cô Đơn,marzuz,VN,43
0HAfl1uPBf5qTMiuAi6Ym7,Ừ Thì Chia Tay,CAPTAIN BOY,VN,43
2cJyuhqcXvd6ccvAn8NXsL,thế giới thần tiên,tlinh,VN,43
6Wi18yv3aoO0ZF4uulguof,Đá tan,Ngọt,VN,43
0o9zmvc5f3EFApU52PPIyW,Shinunoga E-Wa,Fujii Kaze,"KR,VN",43
3hxfMsWQOcS2o68G62SpuU,Chưa Quên Người Yêu Cũ,Hà Nhi,VN,43
7baBkATX7B3MCUYDyjlXPs,Lạc Vào Trong Mơ,SimonC,VN,43
5HaKldnT9gWe70hr8bstmh,Tình Nào Không Như Tình Đầu,Trung Quân,VN,43
6AQbmUe0Qwf5PZnt4HmTXv,Boy's a liar Pt. 2,PinkPantheress,"KR,US,VN",43
6ePyl2ns4b7MVYhjsj32ZK,Intro: Singularity,BTS,"KR,US,VN",43
5DqdesEfbRyOlSS3Tf6c29,It's You,Ali Gatie,"US,VN",43
0UaaFmF3xUwMjnuAHBq7qL,Love You With All My Heart,Crush,"KR,VN",43
3J8EOeKLTLXORtWPpOU5bE,Calling My Phone,Lil Tjay,"KR,US,VN",43
5Y35SjAfXjjG0sFQ3KOxmm,Nobody Gets Me,SZA,"KR,US,VN",43
1FhgmMvNlh3nJ1Ldc2eE6H,High Road,Koe Wetzel,US,43
0PDUDa38GO8lMxLCRc4lL1,PILLOWTALK,ZAYN,US,43
2fuYa3Lx06QQJAm0MjztKr,Let Down,Radiohead,US,43
42TtHTxWk782ZBiqyOi2d1,Dawns,Zach Bryan,US,43
6IZvVAP7VPPnsGX6bvgkqg,PRIDE.,Kendrick Lamar,US,43
3V8UKqhEK5zBkBb6d6ub8i,Te Boté - Remix,Nio Garcia,US,43
3jT2LKH0RSbQ8jIUNFzXm5,PTSD,G Herbo,US,43
0utlOiJy2weVl9WTkcEWHy,Neighbors,J. Cole,US,43
7jslhIiELQkgW9IHeYNOWE,Big Rings,Drake,US,43
6nCdW7lwO9AlPOepk689AF,Talk Dirty,Jason Derulo,US,43
4iZPNYqzI2L0uwuUKun7Aa,Stole the Show,Kygo,US,43
5pY3ovFxbvAg7reGZjJQSp,I See Fire,Ed Sheeran,US,43
6V2D8Lls36APk0THDjBDfE,Started From the Bottom,Drake,US,43
1k0JAiH11gHL9dc5dfQjQr,NOT CUTE ANYMORE,ILLIT,"KR,US",43
3om54iJe5sfQiUvSRQXyPZ,Michide -On The Road-,Sung Si Kyung,KR,43
0UnOf7i44YK0ULpkEGHe4R,Dear my X,KyoungSeo,KR,43
2FWquqPNxte8iqZ3ATQG0p,All I Wanna Do (K) (Feat. Hoody & Loco),Jay Park,KR,43
2kt7udEZmN2kj1Jsl118zY,0 AI NGHĨ,Wxrdie,VN,42
5B66uVtd4X6Tls9I2VQm4N,Lâu Lâu Nhắc Lại,Hà Nhi,VN,42
4JUPEh2DVSXFGExu4Uxevz,Ice Cream,BLACKPINK,"KR,US,VN",42
3VT8hOC5vuDXBsHrR53WFh,Astronaut In The Ocean,Masked Wolf,"KR,US,VN",42
79xFFmGKtEyky0I2G9U9Jg,yêu thì yêu không yêu thì yêu,AMEE,VN,42
0fQwc4J9fPyRac81VOtAC3,CUA,MANBO,VN,42
3Dv1eDb0MEgF93GpLXlucZ,Say So,Doja Cat,"KR,US,VN",42
2FVpOsjT1iquZ3SpCjZ9Ne,Telepathy,BTS,"KR,US,VN",42
6uMNe8s4p6DbVwzkbAK2qu,Liệu Giờ,2T,VN,42
5ONOlTiqymhzwcFjqcIT6E,Hate You,Jung Kook,"KR,VN",42
06Qo2fYR2KS1F7bL338iVT,Closer to You,Jung Kook,"KR,VN",42
1qAPA8TooLVEqAZ58fhcrt,BOOMBAYAH - KR Ver.,BLACKPINK,VN,42
5fpyAakgFOm4YTXkgfPzvV,ASAP,NewJeans,"KR,US,VN",42
7v1i5UkY3GmLeJDJ4TuCnN,Mong Cho Anh,Mỹ Tâm,VN,42
0YBTOtHOAYlb8cgdKXv7pe,Sau Tat Ca - Original,ERIK,VN,42
3hBBKuWJfxlIlnd9QFoC8k,What Lovers Do,Maroon 5,"US,VN",42
0ug5NqcwcFR2xrfTkc7k8e,Style,Taylor Swift,"US,VN",42
4Yg2w0P29BBBMixyeNjDtj,Do They Know It's Christmas? - 1984 Version,Band Aid,"US,VN",42
4UKCKdYiLN6IMA5ZESUTL7,the remedy for a broken heart (why am I so in love),XXXTENTACION,"US,VN",42
2yzshFeBIwH8tWIqHEFLeD,un x100to,Grupo Frontera,US,42
1vYXt7VSjH9JIM5oRRo7vA,Dance The Night (From Barbie The Album),Dua Lipa,"KR,US",42
3SAga35lAPYdjj3qyfEsCF,Feel It,d4vd,"KR,US",42
63Pi2NAx5yCgeLhCTOrEou,Headlock,Imogen Heap,US,42
5PTG6rrL6EPFD9E2QMI2pl,JAPAN,Famous Dex,US,42
4sWuPniHClkInYAnzXAYUF,Camelot,NLE Choppa,US,42
2TktkzfozZifbQhXjT6I33,Evergreen,Omar Apollo,US,42
5WoaF1B5XIEnWfmb5NZikf,Sky Walker,Miguel,US,42
7y9iMe8SOB6z3NoHE2OfXl,Bad At Love,Halsey,US,42
5EcG8eMMlwkHRVa4aTR1qd,Breakin' Dishes,Rihanna,US,42
3w1WjD2zJqjBjDz5fwqQPJ,Tyler Herro,Jack Harlow,US,42
53BHUFdQphHiZUUG3nx9zn,Bang!,AJR,"KR,US",42
19PJf5HzeiVW0mdk82Swmn,H.O.L.Y.,Florida Georgia Line,US,42
73DdlUXPj6SIOJQRrqgjld,Habits (Stay High),Tove Lo,US,42
3eze1OsZ1rqeXkKStNfTmi,Juke Jam,Chance the Rapper,US,42
6eLrCtqlpjroAkES2EHCx0,Sing,Ed Sheeran,US,42
5fyIGoaaKelzdyW8ELhYJZ,Feeling Myself,Nicki Minaj,US,42
72EngNlhSiPugQCQniZ0fY,We Dem Boyz,Wiz Khalifa,US,42
1qosh64U6CR5ki1g1Rf2dZ,Love Lee,AKMU,KR,42
2eLe81VDUQ5f0xFfc9cMWz,"MERRY-GO-ROUND (Feat. Zion.T, Wonstein) (Prod. Slom)",sokodomo,KR,42
5nfb7IPrj9awskmLFSykWr,Timeless,SG Wannabe,KR,42
3Nn9QjxOEj1pleW9xTG6cq,TÌNH ĐẦU QUÁ CHÉN,"ANH TRAI ""SAY HI""",VN,41
2e6uyFP80Vuaz7V7bDWD0e,Chạy Khỏi Thế Giới Này,Da LAB,VN,41
18iADruKMXIloyA9vCJXFE,Chàng Trai Bất Tử,An Vũ,VN,41
5gWnqeM0qdEWl2xQXcs1Kb,haydeanhduoccungemdau,SIVAN,VN,41
0DtarPcErIh4skfFtxzomo,Ngày Em Đẹp Nhất,Tama,VN,41
1m4BSQjgXAfoR4dBAapAr7,Lửng Lơ,Masew,VN,41
10IfXtjKQmOiON7tNAHv0y,Yours,Jin,"KR,VN",41
56y1jOTK0XSvJzVv9vHQBK,Paint The Town Red,Doja Cat,"KR,US,VN",41
3ndCsZfq8OVwwkz9mmZvUz,Stay,BTS,"KR,US,VN",41
3rZYyvpOtgZzRDs0EzGocq,Chỉ Muốn Bên Em Lúc Này (Lofi Ver.),Orinn,VN,41
5elW2CKSoqjYoJ32AGDxf1,Polaroid Love,ENHYPEN,"KR,VN",41
210JJAa9nJOgNa0YNrsT5g,GODS,League of Legends,"KR,US,VN",41
3edMkFV4BwGeqt45bPhzIw,HONGKONG12,Nguyễn Trọng Tài,VN,41
322tcqPhma7F6hfCeLisx0,"fuck, i'm lonely",Lauv,"KR,US,VN",41
3yWuTOYDztXjZxdE2cIRUa,Opalite,Taylor Swift,"KR,US,VN",41
5rJ7bdPmr8nfmm2JQ8xHOz,POP!,NAYEON,"KR,VN",41
5a8RPWgKSmcGBGcffmIrUi,Thunderclouds,Sia,"US,VN",41
5HK1vERAqCVgCWyRQBClAv,Ngày Khác Lạ,Đen,VN,41
4NBTZtAt1F13VvlSKe6KTl,This Feeling,The Chainsmokers,"US,VN",41
57vxBYXtHMk6H1aD29V7PU,Heartless,The Weeknd,"US,VN",41
116H0KvKr2Zl4RPuVBruDO,MIA,Bad Bunny,"US,VN",41
0azC730Exh71aQlOt9Zj3y,This Is What You Came For,Calvin Harris,US,41
2ipIPsgrgd0j2beDf4Ki70,Mystical Magical,Benson Boone,US,41
51rXHuKN8Loc4sUlKPODgH,King's Dead,Jay Rock,US,41
0l0vcZMU7AOeQmUIREoI2U,Qué Pasaría...,Rauw Alejandro,US,41
07MDkzWARZaLEdKxo6yArG,Meet Me At Our Spot,THE ANXIETY,"KR,US",41
7FGdjbZ32vMybPuP0IuE7d,Back In Blood,Pooh Shiesty,US,41
3GBlLqIYgB8zWaeWDNJzdh,Capsize,FRENSHIP,US,41
4ZT9FnbFu1PaBfV3itxiqT,i,Lil Skies,US,41
7zFXmv6vqI4qOt4yGf3jYZ,Get You,Daniel Caesar,US,41
2eAvDnpXP5W0cVtiI0PUxV,Dandelions,Ruth B.,US,41
7zBPzAjKAqQpcv8F8GCq5s,Uber Everywhere,MadeinTYO,US,41
40yJGQyEaBbIkXpwMFkXip,One Night,Lil Yachty,US,41
5J4ZkQpzMUFojo1CtAZYpn,Love Me Harder,Ariana Grande,US,41
5rph5sObvxskRcb1JLV70r,Don't Tell 'Em,Jeremih,US,41
5Sf3GyLEAzJXxZ5mbCPXTu,Waves - Robin Schulz Radio Edit,Mr. Probz,US,41
5ve0BYRZZ2aoHFqZMxqYgt,We Can't Stop,Miley Cyrus,US,41
4pq6q25ckZxU8oVRzLI6YJ,Geronimo,Sheppard,US,41
7GJClzimvMSghjcrKxuf1M,Budapest,George Ezra,US,41
6vgdsUtEcdRJtXbr1w9RT1,Money On My Mind,Sam Smith,US,41
1K3LRUEcUz5FMtPYyg0F45,Ho Hey,The Lumineers,US,41
3cLXrotzCjYCkN73PewALM,Good Goodbye,HWASA,KR,41
6HgeeiHqVpxxFCB0bjBRT6,The Snowman,Jung Seung Hwan,KR,41
7M7d0e8Ue3Z7QieuZe72J9,Love 119,RIIZE,KR,41
4KU23Zay3Q1W0c0yJCNczH,Baby I need you,JANNABI,KR,41
5VBjyOQzqlPNgdRPMM6prF,seasons,wave to earth,KR,41
4Tz8G2vbDj5GF3FDBC2Pnd,NO PAIN,Silica Gel,KR,41
5kPpA4aMFeAQnahSnTIOi4,To You My Light,MAKTUB,KR,41
1UhQ0VwKq2PGnLiAZOJYV1,Em,Binz,VN,40
0mcveJtBYTbLJa5dHvtxJJ,E Là Không Thể (Chốn Tìm Show),Anh Quân Idol,VN,40
4YSryHqsD82Krc81l1EJD5,ghệ iu dấu của em ơi,tlinh,VN,40
53v3fUJWax0fbEFyoMfMOC,Là Do Em Xui Thôi,Khói,VN,40
4HAOgAnILvXCbSODMoRnmD,For Us,V,"KR,VN",40
3nqQXoyQOWXiESFLlDF1hG,Unholy,Sam Smith,"KR,US,VN",40
5g1BARk25uUJtEPSUwcjnU,Hero,Cash Cash,VN,40
2J0X46UkpfLlWbuCXFgDLr,Waste It On Me,Steve Aoki,"KR,US,VN",40
4yYyidLY7wb22VEIL6Hzcj,That Girl,Olly Murs,VN,40
6OSWTtSplw9SWv33aDmKWB,Em Dạo Này,Ngọt,VN,40
5kZRoc6Gz7u5eu4a0YM2LS,Reality,Lost Frequencies,VN,40
6C734SmqoIYuRWo2qSCnpC,DICE,NMIXX,"KR,VN",40
0k1WUmIRnG3xU6fvvDVfRG,Way 2 Sexy,Drake,"KR,US,VN",40
6Hgh47WXVKtXN5zGOu0hjI,OTW,Khalid,"US,VN",40
6AGOKlMZWLCaEJGnaROtF9,Put Your Records On,Ritt Momney,"KR,US,VN",40
6WLS56xiRrXjSm9RSdL3zD,Never Forget You,Zara Larsson,"US,VN",40
1UHS8Rf6h5Ar3CDWRd3wjF,Bed Chem,Sabrina Carpenter,"KR,US",40
6DNtNfH8hXkqOX1sjqmI7p,Cold Water,Major Lazer,US,40
6gpcs5eMhJwax4mIfKDYQk,Slide,Calvin Harris,US,40
4E63weMCaNZuGPEFMnuEi8,exes,Tate McRae,"KR,US",40
0fySG6A6qLE8IvDpayb5bM,VIBEZ,DaBaby,US,40
2PyJAiQjp1OPkow2FJZKHR,you look like you love me,Ella Langley,US,40
2kE2HFBFkJ0VMw3igxYohz,Wild Ones,Jessie Murph,US,40
3yrSvpt2l1xhsV9Em88Pul,Brown Eyed Girl,Van Morrison,US,40
0bxPRWprUVpQK0UFcddkrA,Folded,Kehlani,US,40
6c7D34787LOtPm8tzhsLgH,Rake It Up,Yo Gotti,US,40
05ZACkzW8YbRq3eFgIfSNB,Springsteen,Eric Church,US,40
334S9SWZMjyRDN0wrHw7wk,Pop Style,Drake,US,40
6gxKUmycQX7uyMwJcweFjp,We Paid,Lil Baby,US,40
78O33U6jbQtNiNfbkZudpd,She Will,Lil Wayne,US,40
3NqBxTOMCJ3zW9CIP51td4,Jugaste y Sufrí,Eslabon Armado,US,40
4BHzQ9C00ceJxfG16AlNWb,Send My Love (To Your New Lover),Adele,US,40
3XgGQ1wjo5khvq2UImjyNF,ALL MINE,Brent Faiyaz,US,40
0pSBuHjILhNEo55xK1zrRt,Rolex,Ayo & Teo,US,40
4fTHdMTq0Znl3djLI1Typn,Cheerleader (Felix Jaehn Remix),OMI,US,40
4YJmZfvlheSziXem8HBWrj,Still Here,Drake,US,40
5tFep7dXGd7vEJ668wTPux,Both,Gucci Mane,US,40
0BU7nIcCZxYSE0hYcc5oZz,Too Many Years,Kodak Black,US,40
0UHB9METy4VCXNgkcGqHqS,Kiss It Better,Rihanna,US,40
610BVUQMZpmt3eROWX9ZC1,Say It,Tory Lanez,US,40
3lSR267IJfT54p0Gfuw7mi,Right Hand,Drake,US,40
6gK0tRpmvPiiYY8YHnbtpf,Hot N*gga,Bobby Shmurda,US,40
0N3W5peJUQtI4eyR6GJT5O,King Kunta,Kendrick Lamar,US,40
5PUawWFG1oIS2NwEcyHaCr,Uma Thurman,Fall Out Boy,US,40
4eyBiwsaGBRCjACGZKZsf7,If there was practice in love,Lim Jae Hyun,KR,40
4SQH8x0PnOqEWWgbAlXIXJ,Go Back,MeloMance,KR,40
2doGmsaPLdot51o80juiYU,Đánh Đổi (ft. RPT MCK),Obito,VN,39
0SLhB9JLM4Ksz1XdwK3aQD,Hà Nội (ft. VSTRA),Obito,VN,39
1r9gNSD1WUFscqTSA2Rcet,Hẹn Lần Sau,MAYDAYs,VN,39
3XCp5o1FUpAH0aj2Hmj5yz,Call Me,Wren Evans,VN,39
7mbWwlHgukuuW8r7Nc3FHv,Say Yes (Vietnamese Version),Chọn gì? Chọn đi!,VN,39
7FbrGaHYVDmfr7KoLIZnQ7,Cupid - Twin Ver.,FIFTY FIFTY,"KR,US,VN",39
7uQZVznj0uQOGC9KhV2Mg6,LALISA,LISA,"KR,US,VN",39
01WDJ9gcaXFuNzY5ir9CaE,"Run After Two Hares, Catch None",Hoàng Thùy Linh,VN,39
161DnLWsx1i3u1JT05lzqU,Talking to the Moon,Bruno Mars,"KR,US,VN",39
5u1n1kITHCxxp8twBcZxWy,Holy,Justin Bieber,"KR,US,VN",39
1aw1KeS9sT1mKPzs2hfqCz,Nếu Anh Đi,Mỹ Tâm,VN,39
3hIM9i6CkNDgvh0SbIgss2,Nắng Ấm Xa Dần - Onionn Remix,Sơn Tùng M-TP,VN,39
79esEXlqqmq0GPz0xQSZTV,Lost In Japan,Shawn Mendes,"US,VN",39
1m2PksrrMpIev63uPxT1V0,O.O,NMIXX,"KR,VN",39
6rVCUwfnuYTAsX4P9fIdIu,Dreams Come True,aespa,"KR,VN",39
5OepnJhqZoyJN8qWo2LZzy,PLAYING WITH FIRE - KR Ver.,BLACKPINK,VN,39
1cKHdTo9u0ZymJdPGSh6nq,I Was Never There,The Weeknd,"US,VN",39
4as4XEOR03oGm1STUKl6pa,BBIBBI,IU,"KR,VN",39
2E124GmJRnBJuXbTb4cPUB,FEFE,6ix9ine,"US,VN",39
4jvjzW7Hm0yK4LvvE0Paz9,Falling Down - Bonus Track,Lil Peep,"US,VN",39
3k3NWokhRRkEPhCzPmV8TW,Ojitos Lindos,Bad Bunny,"KR,US",39
1xOqGUkyxGQRdCvGpvWKmL,Gabriela,KATSEYE,"KR,US",39
5wbg8kepMFoMzHOEuxiI0q,Close To You,Gracie Abrams,US,39
1xzi1Jcr7mEi9K2RfzLOqS,CUFF IT,Beyoncé,"KR,US",39
7ycWLEP1GsNjVvcjawXz3z,Praise The Lord (Da Shine),A$AP Rocky,US,39
167NczpNbRF7oWakJaY3Hh,Slow Hands,Niall Horan,US,39
3obgSF06ki98lYNLNq5vCB,Wasted,Juice WRLD,US,39
6klLvorLoo1sxvZcjJIY8I,Make No Sense,YoungBoy Never Broke Again,US,39
22mek4IiqubGD9ctzxc69s,How Deep Is Your Love,Calvin Harris,US,39
4uhvMW7ly7tJil31YYscAN,Erase Your Social,Lil Uzi Vert,US,39
0hy1SOTEn9ifXTzOwnCwEr,All Eyes on You,Meek Mill,US,39
75rDNLl8v6qVYHXGzfHv4c,Planes,Jeremih,US,39
0Y0TOsE1q11qgbi7c5WZsG,R.I.C.O.,Meek Mill,US,39
7lL3MvFWFFSD25pBz72Agj,A Tale of 2 Citiez,J. Cole,US,39
7cG68oOj0pZYoSVuP1Jzot,Latch - Acoustic,Sam Smith,US,39
7s0lDK7y3XLmI7tcsRAbW0,My Songs Know What You Did In The Dark (Light Em Up),Fall Out Boy,US,39
02BcXEH1zJYbXSabPtNlKf,Lose My Mind,Don Toliver,"KR,US",39
0djkJ3iAARXRCbfbwwVc3o,Love wins all,IU,KR,39
3wJHCry960drNlAUGrJLmz,ただ君に晴れ,Yorushika,KR,39
0cxhv3PpIkmREXqobuB0zG,Like Crazy (Instrumental),Jimin,KR,39
54HsCR7lJJdwxmEnTY1JfF,Dun Dun Dance,OH MY GIRL,KR,39
1khMN4Adfi3LrZvxOq4YM5,Buồn Hay Vui,VSOUL,VN,38
4MCP9l0QB9YN2LCkIy8mz4,Dạo Này,Obito,VN,38
2UtFCtiSoc30GJ4MUcHDKr,Tell the kids i love them (ft. Shiki),Obito,VN,38
7GARzfC1mwhDuk4t9WOACq,MORE,j-hope,"KR,US,VN",38
6IAqflHsPVm4EpYghXauX7,Sinh Ra Đã Là Thứ Đối Lập Nhau,Emcee L (Da LAB),VN,38
5wxYxygyHpbgv0EXZuqb9V,on the street,j-hope,"KR,US,VN",38
6m1oexLqQpf9nbrkrHXOWc,từ chối nhẹ nhàng thôi,Bích Phương,VN,38
14rWuS6yllHOdfZ8sZsZUj,Feel Special,TWICE,"KR,VN",38
1vtQjPCcdE7FgrxQd5doWP,Sao Cũng Được,Binz,VN,38
5hnbE5BF2e8BCk9OMR1UVC,Mikrokosmos,BTS,"KR,US,VN",38
31qCy5ZaophVA81wtlwLc4,Anyone,Justin Bieber,"KR,US,VN",38
6NnCWIWV740gP7DQ8kqdIE,Nxde,i-dle,"KR,VN",38
7KNVYQdx7arRoeEJi9C9IR,Tinh Nhan Oi,Orange,VN,38
1D4VWPeg74fsfBfuTlPVam,Moi Anh Vao Team Em,Chi Pu,VN,38
4ksFIvvHptKIuhfyEomgtp,Khi Ta Yeu (Nhac Phim Chi Tro Ly Cua Anh),Mỹ Tâm,VN,38
00Blm7zeNqgYLPtW6zg8cj,One Right Now,Post Malone,"KR,US,VN",38
5L3MbNr4SMhjHFGcvOPNsp,Trót Yêu,Trung Quân,VN,38
51NFxnQvaosfDDutk0tams,bellyache,Billie Eilish,"US,VN",38
42ydLwx4i5V49RXHOozJZq,Scars To Your Beautiful,Alessia Cara,"KR,US,VN",38
3eR23VReFzcdmS7TYCrhCe,It Ain't Me,Kygo,"US,VN",38
47ohYW8e7dxCYn9qbUMBCI,Christmas (Baby Please Come Home),Darlene Love,US,38
28drn6tQo95MRvO0jQEo5C,Type Shit,Future,"KR,US",38
6WzRpISELf3YglGAh7TXcG,Popular,The Weeknd,"KR,US",38
1rXq0uoV4KTgRN64jXzIxo,One Thing At A Time,Morgan Wallen,US,38
2GGMabyHXnJmjY6CXhhB2e,Money,Cardi B,US,38
598yNsG1JFrGd4n2kMoz7F,Woah,Lil Baby,US,38
6gi6y1xwmVszDWkUqab1qw,OUT WEST,JACKBOYS,US,38
1fewSx2d5KIZ04wsooEBOz,Space Cadet,Metro Boomin,US,38
4aWmUDTfIPGksMNLV2rQP2,Despacito (Featuring Daddy Yankee),Luis Fonsi,US,38
4vVjPTApwXZwB2H3mBq3ml,HOTEL LOBBY (Unc & Phew),Quavo,US,38
4sQMalN597HdggTu196aL0,Say It,Flume,US,38
38WyDtxZhxm63jiythwemE,Ribs,Lorde,US,38
30MM5jWpUmOxtTNd9Ey5LZ,Unforgettable,Thomas Rhett,US,38
5RIVoVdkDLEygELLCniZFr,Watch Me (Whip / Nae Nae),Silentó,US,38
15EPc80XuFrb2LmOzGjuRg,Crew,GoldLink,US,38
1Bqxj0aH5KewYHKUg1IdrF,Some Kind Of Drug,G-Eazy,US,38
07nH4ifBxUB4lZcsf44Brn,Blame,Calvin Harris,US,38
4h0zU3O9R5xzuTmNO7dNDU,Lost Boy,Ruth B.,US,38
7FrhwOIrUFQPqVxWOshqOt,Let It Go,Idina Menzel,US,38
5APxbxUDWyUChpgjJ0YQzE,Dash,PLAVE,KR,38
745W6tNeXVKjskHoCsMJvV,Antifreeze,The Black Skirts,KR,38
5Jz2gbiZ4CL1MmNEPsqmY5,HARU HARU - KR Ver.,BIGBANG,KR,38
3d6F2aVQ2r0bqnUtSa44Tg,BLUE - KR Ver.,BIGBANG,KR,38
7ijWcf4FsoxoyPK4B9WGp6,LAST DANCE,BIGBANG,KR,38
7GNRUsU3M4XNDDB9xle5Dz,That That (prod. & feat. SUGA of BTS),PSY,KR,38
3gFcGnU4kTdMYLXDjH1TK8,RUN2U,STAYC,KR,38
3bUD1FmJClHcD0U7rIN0TR,"Romance Symphony (Feat. CHANGMO, Jay Park)",BIG Naughty,KR,38
3uKoBRThCMtgKss90CiXQc,Nightmare,ASH ISLAND,KR,38
6GM4ZOBDcDroldUxI8GZ2B,Ai Ngoài Anh,VSTRA,VN,37
446ygEWkggc5FMbBPQSMuM,SAO HẠNG A,"ANH TRAI ""SAY HI""",VN,37
39XiO6D9cuMfJXObD6gVjY,Nước Mắt Cá Sấu,HIEUTHUHAI,VN,37
27AEQr4wqfHyVpwgFgnGs6,Mời Em,Wxrdie,VN,37
7HoAJ6Hc1P91eoOrn1WY5d,Đáng Lý Ra Phải Là Anh,Đức Trường,VN,37
3nOQ8LlNDS2U9vohMlBWJq,"Girl Hà Nội (ft. Dangrangto, Lu, Rem)",SIXTYUPTOWN,VN,37
0eAuGrXyGFYwur9ARUe7LJ,Earrings,Malcolm Todd,"US,VN",37
5OE0IzdS8Bs4UaLvDoTXKD,Có Đâu Ai Ngờ,Cầm,VN,37
7pgbDdy7ax962o9d2xJceV,Slow Dancing (Piano Ver.),V,"KR,VN",37
5uOshbNqgCj1s4srEeQXOe,Shay Nắnggg,AMEE,VN,37
1oFAF1hdPOickyHgbuRjyX,Save Your Tears (Remix),The Weeknd,"KR,US,VN",37
59c2xv2kMzYM6HR9oY6BIa,Sweet Boy,Malcolm Todd,"US,VN",37
23zwIyB2kh1hMKBhs7edPJ,Suýt Nữa Thì,Andiez,VN,37
7ef4DlsgrMEH11cDZd32M6,One Kiss,Calvin Harris,"US,VN",37
54ipXppHLA8U4yqpOFTUhr,Bones,Imagine Dragons,"KR,US,VN",37
3LCwQoTrdQgHsGJE5gGVqx,Step Back,GOT the beat,"KR,VN",37
1DwscornXpj8fmOmYVlqZt,Stateside + Zara Larsson,PinkPantheress,"KR,US,VN",37
4keoy2fqgwGnbWlm3ZVZFa,Happy Now,Zedd,"US,VN",37
44bWd2zkd8Np8a7CCngL6F,Chuyen Buon,Mỹ Tâm,VN,37
3OalxlWH0v14kyBcNBMINt,Mercy,Shawn Mendes,"US,VN",37
27bIik73QCu8Xzt3xpG1bI,Candy,NCT DREAM,"KR,VN",37
0MMyJUC3WNnFS1lit5pTjk,"jealousy, jealousy",Olivia Rodrigo,"KR,US,VN",37
3tFed7YsjGnIfxeLEQwx3R,Sticky,"Tyler, The Creator",US,37
7J1uxwnxfQLu4APicE5Rnj,Billie Jean,Michael Jackson,"KR,US",37
21B4gaTWnTkuSh77iWEXdS,Juno,Sabrina Carpenter,US,37
6uIIdjYTxxpWOyWuVXrKQO,Que Onda,Calle 24,US,37
1BuZAIO8WZpavWVbbq3Lci,Powerglide,Rae Sremmurd,US,37
0ZNrc4kNeQYD9koZ3KvCsy,BIG BANK,YG,US,37
1VuAamHM7P3VQQEXYGG3Uu,Joy To The World,Nat King Cole,US,37
7EAMXbLcL0qXmciM5SwMh2,Heart To Heart,Mac DeMarco,US,37
3CJvmtWw2bJsudbAC5uCQk,Hands To Myself,Selena Gomez,US,37
4pi1G1x8tl9VfdD9bL3maT,Big Energy,Latto,US,37
7fEoXCZTZFosUFvFQg1BmW,Took Her To The O,King Von,US,37
2r6OAV3WsYtXuXjvJ1lIDi,Hello,Pop Smoke,US,37
7gBj0VgcuAgkXkiRRYvSmK,Stay,Kygo,US,37
3TJk0aoXM0knrOlgd1fnbx,Weak,AJR,US,37
6gU9OKjOE7ghfEd55oRO57,The Weekend,SZA,US,37
1sSNWjLtY4GwyhqAwAnPD9,"Sit Still, Look Pretty",Daya,US,37
6TaqooOXAEcijL6G1AWS2K,All My Friends,Snakehips,US,37
05nbZ1xxVNwUTcGwLbp7CN,Myself,NAV,US,37
2NyrXRn4tancYPW6JwtTl2,From The D To The A,Tee Grizzley,US,37
7xq3uN2toVZ8IbNzfTucyJ,Calm Down,G-Eazy,US,37
5uqphUYsR45kPYplrYSAQh,Throw Sum Mo,Rae Sremmurd,US,37
55pCe0UgAeaeWKKSQqdiWh,My whole world,"Car, the garden",KR,37
3GG5KPuvG7qokLoKReboHI,Paint On Spring - Remastering,Martin Smith,KR,37
41HriGdYdajxCJIOMiIBWs,My pleasure Is That You Ride The Bentley,Kim Seungmin,KR,37
26Iv7VGUF1lqU10rxQXFL8,Summer (Feat. BE’O),Paul Blanco,KR,37
1sZBzYhrQG40zcSuKkI93c,Good Parts (when the quality is bad but I am),LE SSERAFIM,KR,37
1IJxbEXfgiKuRx6oXMX87e,Ah puh,IU,KR,37
0KVClXxsZEKkyWRNXeRFrE,Hold my hand,IU,KR,37
7dlgEjrK3lHbP786dshKDV,CHỜ ANH VỀ,"ANH TRAI ""SAY HI""",VN,36
1XZE0InCx3SdCnLpVsPpZl,跳楼机,LBI利比,VN,36
23SUnSd024ACX7u1AUXsGc,Mưa Tháng Sáu,Văn Mai Hương,VN,36
4fouWK6XVHhzl78KzQ1UjL,abcdefu,GAYLE,"KR,US,VN",36
47Y12sZlWlug3AceKoS5Hh,Phố Đã Lên Đèn,Huyền Tâm Môn,VN,36
5spB6Z40wYgt7hzPhnZVbi,Sáng Mắt Chưa,Trúc Nhân,VN,36
6pUHvM8e4EFO4gWW9vo2UJ,XTC (Xích Thêm Chút) - Remix,Rapital,VN,36
6v2XzgdJRZIdRbxD5euMal,Tháng 4 Là Lời Nói Dối Của Em,Hà Anh Tuấn,VN,36
37F0uwRSrdzkBiuj0D5UHI,Reminder,The Weeknd,"US,VN",36
3nc420PXjTdBV5TN0gCFkS,Ocean,Martin Garrix,"US,VN",36
6fTt0CH2t0mdeB2N9XFG5r,Panini,Lil Nas X,"US,VN",36
5566hAPt0WmMPr9Xn749L7,Rope It,Jin,"KR,VN",36
4xhsWYTOGcal8zt0J161CU,Lovin On Me,Jack Harlow,"KR,US",36
2GxrNKugF82CnoRFbQfzPf,i like the way you kiss me,Artemas,"KR,US",36
02sy7FAs8dkDNYsHp4Ul3f,Soda Pop,Saja Boys,"KR,US",36
6f68Ac5tt5BQOpwr0BV9oN,I Just Might,Bruno Mars,"KR,US",36
7mXuWTczZNxG5EDcjFEuJR,LADY GAGA,Peso Pluma,US,36
4Na2HfNSr58chvfX69fy36,one of wun,Gunna,US,36
5RqSsdzTNPX1uzkmlHCFvK,QLONA,KAROL G,US,36
5RqR4ZCCKJDcBLIn4sih9l,Party Girl,StaySolidRocky,US,36
7CZyCXKG6d5ALeq41sLzbw,Take What You Want,Post Malone,US,36
6WatFBLVB0x077xWeoVc2k,Si Antes Te Hubiera Conocido,KAROL G,US,36
0Xek5rqai2jcOWCYWJfVCF,Enemies,Post Malone,US,36
7i2DJ88J7jQ8K7zqFX2fW8,Now Or Never,Halsey,US,36
0ada5XsQGLPUVbmTCkAP49,Hate The Other Side,Juice WRLD,US,36
4lH6nENd1y81jp7Yt9lTBX,Solo,Future,US,36
5hYTyyh2odQKphUbMqc5gN,How Far I'll Go,Alessia Cara,US,36
1cOyWWUr3oXJIxY0AjJEx9,YOUTH,Troye Sivan,US,36
1R0Ig5KYrSGWvIoPzY4T3l,Black & White,Juice WRLD,US,36
0T3ruvJQNQeTyK7tWKvdoX,Waves,Kanye West,US,36
376KnY4TrgBITxjlnbnmIy,Cut It,O.T. Genasis,US,36
7wDpMiQUBQkVIdwETkZHVy,Black Widow,Iggy Azalea,US,36
6ukMqDxnOPOgoHdak7Kyp3,Marvin Gaye,Charlie Puth,US,36
3G7XYAwtxtoGK7fAm4IlD9,Classic Man,Jidenna,US,36
6bRbeEgg8v8BQ0HuVuPE7v,Fight Song,Rachel Platten,US,36
08zJpaUQVi9FrKv2e32Bah,Planez,Jeremih,US,36
7MmG8p0F9N3C4AXdK6o6Eb,Outside,Calvin Harris,US,36
5b88tNINg4Q4nrRbrCXUmg,Happy,Pharrell Williams,US,36
6DEaND0SHv3sC11xobZLiy,Take Your Time,Sam Hunt,US,36
1VnjByC7TUx5A73A4qtgoo,우산,Epik High,KR,36
2VNpT9fRk1kyksT0S4coZR,The First Snow,EXO,KR,36
1N9TrsZZXX8GQvOvD3PV23,A Little Girl,OHHYUK,KR,36
52CBUrIdyf8tbZaUY9iawE,After School,Weeekly,KR,36
5IWlLl3xT95o8TSv3O8tRH,Rain Song (Feat. Colde),Epik High,KR,36
65st6HfPZyxq1RNTvqSIos,Thu Đợi,Wren Evans,VN,35
5JoQSuMrHdu7BcgIY9hDcX,Ánh Mắt Biết Cười,Quang Hùng MasterD,VN,35
5IAESfJjmOYu7cHyX557kz,Take Two,BTS,"KR,US,VN",35
55K3e7BGewGDUJ4ZQwkh7M,Người Đáng Thương Là Anh,Only C,VN,35
2Npr9vbXuQYcpnsouBIrHU,Ngày Mai Người Ta Lấy Chồng,The Masked Singer,VN,35
2nFXaYb2fWOoUJXMPb6y4C,Đầu Đường Xó Chợ (ft. Lăng LD),Obito,VN,35
46IZ0fSY2mpAiktS3KOqds,Easy On Me,Adele,"KR,US,VN",35
7e8Kt6pX4Y589CJL37mIWa,thay mọi cô gái yêu anh,AMEE,VN,35
5Ojsg9xR0wlTpDIW1qLYz2,Đom Đóm,Jack - J97,VN,35
4bCuBkeVRofawnFkGu05fu,Cần Gì Hơn,Tiên Tiên,VN,35
44WLOqH7QayQOQdeUHeKUK,We are Bulletproof : the Eternal,BTS,"KR,US,VN",35
2dZP47k5zETHUQWhxwv3hz,Em Là Hoàng Hôn,Vang,VN,35
1HfMVBKM75vxSfsQ5VefZ5,Lose You To Love Me,Selena Gomez,"KR,US,VN",35
3wNvWpjcNED10BStY9A4l3,Tay To,Rapital,VN,35
2P9M7q49JXnwiab4TosOpW,Anh Đợi Em Được Không,Mỹ Tâm,VN,35
1M4OcYkxAtu3ErzSgDEfoi,Up,Cardi B,"KR,US,VN",35
4w8niZpiMy6qz1mntFA5uM,Taki Taki,DJ Snake,"US,VN",35
2WTHLEVjfefbGoW7F3dXIg,Girls,aespa,"KR,VN",35
0wHFktze2PHC5jDt3B17DC,First Class,Jack Harlow,"KR,US,VN",35
3ebXMykcMXOcLeJ9xZ17XH,Scared to Be Lonely,Martin Garrix,"US,VN",35
59c0HrzmHfyQs6LgDw5cHe,LOCO,ITZY,"KR,VN",35
5knuzwU65gJK7IF5yJsuaW,Rockabye,Clean Bandit,"US,VN",35
43ZyHQITOjhciSUUNPVRHc,Gucci Gang,Lil Pump,US,35
2UW7JaomAMuX9pZrjVpHAU,La Bebe - Remix,Yng Lvcas,US,35
6uTPdRrEDeH8Fyg5L5qmeU,Never Lose Me,Flo Milli,US,35
5xlS0QkVrSH7ssEbBgBzbM,Little Saint Nick - 1991 Remix,The Beach Boys,US,35
6Xom58OOXk2SoU711L2IXO,Moscow Mule,Bad Bunny,"KR,US",35
5A8xI7PN4WDe9e61xEdt94,Yeah Glo!,GloRilla,US,35
5aIVCx5tnk0ntmdiinnYvw,Water,Tyla,"KR,US",35
4cSSL3YafYjM3yjgFO1vJg,Walk Em Down,NLE Choppa,US,35
25leEEaz1gIpp7o21Fqyjo,Here Comes Santa Claus (Right Down Santa Claus Lane),Gene Autry,US,35
0hta2Lb2zKJ7kEnAEZEE3G,Nope your too late i already died,wifiskeleton,US,35
1qRV1dKLOfH1s00b9J2LUQ,Midnight Sun,Zara Larsson,US,35
4MrfQL4TYQXJBlZYpAHTuE,"Baby, It's Cold Outside",Dean Martin,US,35
3VyjsVV24RmBIbWJAeUJNu,No Idea,Don Toliver,US,35
4wVOKKEHUJxHCFFNUWDn0B,Chicago Freestyle,Drake,US,35
42T2QQv3xgBlpQxaSP7lnK,One Last Breath,Creed,US,35
0jdny0dhgjUwoIp5GkqEaA,Praying,Kesha,US,35
0Fv5N0cHBsl4bzCbollCAS,Moves,Big Sean,US,35
0M955bMOoilikPXwKLYpoi,I Hate Everything About You,Three Days Grace,US,35
1QRJb5VY3sIkCKcTuIKCrk,Rubbin Off The Paint,YBN Nahmir,US,35
0sTlGEld0h8kIPZaKDYUf4,Notion,The Rare Occasions,US,35
6cREm4bV7V79Yxdilx9HDo,Once In a While,Timeflies,US,35
6EGAfJaLUFzhS4zRBIEQ2J,You Make It Easy,Jason Aldean,US,35
2374M0fQpWi3dLnB54qaLX,Africa,TOTO,US,35
0k9RIzZtAo4DTQu0ZM6lNZ,Childs Play,Drake,US,35
2bJvI42r8EF3wxjOuDav4r,Time of Our Lives,Pitbull,US,35
6Xs7OKt6i0Ddq8B4M5Dgvr,New Americana,Halsey,US,35
5uQOauh47VFt3B2kV9kRXw,My Shit,A Boogie Wit da Hoodie,US,35
27jdUE1EYDSXZqhjuNxLem,Magic,Coldplay,US,35
0mJBiaODgK0XjOLCN5fItq,Like I Can,Sam Smith,US,35
439TlnnznSiBbQbgXiBqAd,m.A.A.d city,Kendrick Lamar,US,35
5qu4qjrmG0YvwPNvhfXqqt,Chroma Drift,PLAVE,KR,35
2ZucVHbSVMb3MnDLMn7APE,RIZZ,PLAVE,KR,35
0T6J3Ipbe06lm7p3grH2bg,Melt Down,DAY6,KR,35
2i3HoDE1ZvQ2bh2ZmgpSug,Silently Completely Eternally,Nerd Connection,KR,35
5g2Ik0WJG9rqu97nCLcQhV,Limousine (Feat. MINO) (Prod. GRAY),BE'O,KR,35
7tOsgOjrzBVQqyaMDBlZV8,Oort Cloud,Younha,KR,35
7w6NWogvAAFdEhD9MA2uvv,LADY,Kenshi Yonezu,KR,35
49jhaFKylisSzgaReEP2Jt,Your Shampoo Scent In The Flowers,Jang Beom June,KR,35
2Dzzhb1oV5ckgOjWZLraIB,Overdose,natori,KR,35
7K31QxS2DmTBxdYldd8yqf,Tomorrow,lIlBOI,KR,35
3qKeW2XJFZU5CvOQKStQW6,NGƯỜI ĐẦU TIÊN,"EM XINH ""SAY HI""",VN,34
5zXCoF69UxPNLrpar8Rk7e,Còn Gì Đẹp Hơn - Mưa Đỏ Original Soundtrack,Nguyễn Hùng,VN,34
354swDEk1Zdo9y57fEqmRg,ĐOÁ HOA,TeuYungBoy,VN,34
3BlB5wlzdbgCJGkuPcNVIW,Khóa Ly Biệt,The Masked Singer,VN,34
3MJhPqL2IgGs7gHEB2M35q,Hard to Love,BLACKPINK,"KR,US,VN",34
2OzhQlSqBEmt7hmkYxfT6m,Fortnight,Taylor Swift,"KR,US,VN",34
4NjYMfjV1bonlQxQFUjE4Y,Mot Dem Say (X),Thịnh Suy,VN,34
6aeU5IH8DB1qHK5jRFTNUv,Hương,Văn Mai Hương,VN,34
1pQHqk6qWM5xbNeobMCGBZ,Dân Chơi Xóm,RAP VIỆT,VN,34
5k33vYUYx48HvbehpZhyel,overtired,Dab,VN,34
57lYw21pS9FprSeJimskIC,Mang Tiền Về Cho Mẹ,Đen,VN,34
74dZm72WtQx122nyIFhJAB,Em Đã Biết,SUNI,VN,34
3UHPGOkUcE4hE7sqBF4Snt,Film out,BTS,"KR,VN",34
70SyyW2Z1A5UNY3g8bPo5I,Truyen Thai Y,Ngô Kiến Huy,VN,34
3QH8rQGNFX8VLbCgZ7uPTS,Fly To My Room,BTS,"KR,US,VN",34
5llStJYcWGrEwjSOkMJ1JL,Đường Tôi Chở Em Về - Lofi,1 9 6 7,VN,34
7w05lsU2VLSeiT8Nukrv5M,Friends,BTS,"KR,US,VN",34
5IgjP7X4th6nMNDh4akUHb,Under The Influence,Chris Brown,"KR,US,VN",34
6b2RcmUt1g9N9mQ3CbjX2Y,How Do You Sleep?,Sam Smith,"US,VN",34
6JdS5rJvJaRA7B1tcm7kxZ,Dionysus,BTS,"KR,US,VN",34
3Wrjm47oTz2sjIgck11l5e,Beggin',Måneskin,"KR,US,VN",34
4kV4N9D1iKVxx1KLvtTpjS,"break up with your girlfriend, i'm bored",Ariana Grande,"US,VN",34
4BKOjYosPhw334moS3wlbO,Inner Child,BTS,"KR,US,VN",34
54bFM56PmE4YLRnqpW6Tha,Therefore I Am,Billie Eilish,"KR,US,VN",34
75FEaRjZTKLhTrFGsfMUXR,Running Up That Hill (A Deal With God),Kate Bush,"KR,US,VN",34
22ryCgQttpV7oCrn7llGRu,Magic Shop,BTS,"KR,US,VN",34
56bHclo7YNvpujMveLElQn,Forever Young,BLACKPINK,"KR,VN",34
1ZLrDPgR7mvuTco3rQK8Pk,Way Back Home,SHAUN,VN,34
4eWQlBRaTjPPUlzacqEeoQ,Never Be the Same,Camila Cabello,"US,VN",34
1qmcc6IRvBdhmqhLhSaJoo,Background,Jin,"KR,VN",34
7njKgVl3AnLflRad38o7AG,Paradise,Bazzi,"US,VN",34
2bZIDMpzVooosmPHn0tHnd,STEREOTYPE,STAYC,"KR,VN",34
1OAh8uOEOvTDqkKFsKksCi,Wild Thoughts,DJ Khaled,US,34
0IsIY8pfu1yaGkPUD7pkDx,Guess featuring billie eilish,Charli xcx,"KR,US",34
3WSOUb3U7tqURbBSgZTrZX,Casual,Chappell Roan,US,34
7sTyAjxDXq9afwfSQy6D0s,Bandit,Don Toliver,US,34
1haJsMtoBhHfvuM7XWuT3W,El Azul,Junior H,US,34
0WoVfPjxsf9MTvPt9ptqeE,SLUT ME OUT,NLE Choppa,US,34
2rb5MvYT7ZIxbKW5hfcHx8,Mi Gente,J Balvin,US,34
3PIDciSFdrQxSQSihim3hN,Christmas (Baby Please Come Home),Mariah Carey,"KR,US",34
7iHHxY2NLlJRAmlAmC4ahQ,Stuck In A Dream,Lil Mosey,US,34
2FvD20Z8aoWIePi7PoN8sG,TOES,DaBaby,US,34
2FAZskT9yRjp2Oow9szJD8,The Days - NOTION Remix,Chrystal,US,34
6PCUP3dWmTjcTtXY02oFdT,Castle on the Hill,Ed Sheeran,US,34
59CfNbkERJ3NoTXDvoURjj,Boyfriend,Dove Cameron,"KR,US",34
790MhTXPFrYkrqCKvpg4t1,Wanted You,NAV,US,34
6T506SFlFUVVNvnmCiVZR0,Dangerous Woman,Ariana Grande,US,34
1uL78kFWxhz3umTMWJu8n5,Sauce It Up,Lil Uzi Vert,US,34
2ZyuwVvV6Z3XJaXIFbspeE,Wild Things,Alessia Cara,US,34
3A2yGHWIzmGEIolwonU69h,Act Up,City Girls,US,34
70OTIpw8x8UXUsuCHW9i1i,Drag Me Down,One Direction,US,34
4PzovBqgnSHKd8opsP7IVM,Everyday We Lit,YFN Lucci,US,34
7aXuop4Qambx5Oi3ynsKQr,I Don't Mind,USHER,US,34
5a5so8nqDGq75MI5WMbBtT,Anaconda,Nicki Minaj,US,34
37jTPJgwCCmIGMPB45jrPV,Holy Grail,JAŸ-Z,US,34
4rHZZAmHpZrA3iH5zx8frV,Mirrors,Justin Timberlake,US,34
24rDDbSlFY9OHrlJb48CRh,404 (New Era),KiiiKiii,KR,34
3cnCdBXTlyBCKYrlHpXbIP,Island,PLAVE,KR,34
3CQw6HqsBu12wUj89vUQ5M,TIME CAPSULE,DAVICHI,KR,34
4fQfAP2jEIBID7hg0CZJY8,12:32 (A to T),PLAVE,KR,34
2kTKlEtnGx5z8oi4O06yqC,Discord,QWER,KR,34
0NyrI1tMvqcK3vU5z9DMdI,She Neva Knows,JustaTee,VN,33
3VkV6L37ub0rtuYQoawAqz,Tình Mình Lạ Kì,Lil Zpoet,VN,33
6TGwaBlfUGVoeZMBLzvXGP,thế giới của anh,Dangrangto,VN,33
0MJ5wKsPEeihONNfugHGy7,Tip Toe,HYBS,VN,33
0xzI1KAr0Yd9tv8jlIk3sn,Bad Decisions,benny blanco,"KR,US,VN",33
2XjbfQQZlPwOMTmJR2RLfC,Happy For You,Lukas Graham,VN,33
5PyDJG7SQRgWXefgexqIge,Agora Hills,Doja Cat,"KR,US,VN",33
6bXmKNVe9YIjoyDbz04nWg,Freaky Squad,Rhymastic,VN,33
5Fx8zxEEaPMkwzM00JFr3N,"Tự Sự - Original Soundtrack from ""Qua Bển Làm Chi""",Orange,VN,33
2tGvwE8GcFKwNdAXMnlbfl,happier,Olivia Rodrigo,"KR,US,VN",33
0eeeyCAGnGZInPtpkdYiPa,Jamais Vu,BTS,"KR,US,VN",33
5PYQUBXc7NYeI1obMKSJK0,Never Really Over,Katy Perry,"US,VN",33
2Gt0kVB7kHnJZi0GTJe4Qm,Lac Nhau Co Phai Muon Doi. - Original,ERIK,VN,33
1OhIn0L6iofnk5bjalWfHq,Sudden Shower,ECLIPSE,"KR,VN",33
466cKvZn1j45IpxDdYZqdA,Toosie Slide,Drake,"US,VN",33
2hnxrRNzF74mdDzpQZQukQ,There's No Way,Lauv,"US,VN",33
52iLDrSoRtf9lcgFuLVfqE,Older,Sasha Alex Sloan,VN,33
5O2P9iiztwhomNh8xkR9lJ,Night Changes,One Direction,"KR,US,VN",33
4hPpVbbakQNv8YTHYaOJP4,One Thing Right,Marshmello,"US,VN",33
0GOqhXyouUxqPEw9ypTOLm,TOO BAD,G-DRAGON,"KR,VN",33
7BqBn9nzAq8spo5e7cZ0dJ,Just the Way You Are,Bruno Mars,"KR,US,VN",33
1t8sqIScEIP0B4bQzBuI2P,MY BAG,i-dle,"KR,VN",33
1I37Zz2g3hk9eWxaNkj031,Your Idol,Saja Boys,"KR,US",33
52eIcoLUM25zbQupAZYoFh,redrum,21 Savage,"KR,US",33
3RXUgPNIbUgFxsDWuBQEt6,How It’s Done,HUNTR/X,"KR,US",33
3B4cjvGlPvyBLNG3AzEgkZ,E85,Don Toliver,US,33
5sBDrrtLGbV64QJnEqfjer,What It Sounds Like,HUNTR/X,"KR,US",33
7EW7Yivb93qKAtp5qEm5of,Dark Thoughts,Lil Tecca,"KR,US",33
2GAhgAjOhEmItWLfgisyOn,Low,SZA,"KR,US",33
4ck9vo0gEmjVHWUb5q2rYe,The Great Divide,Noah Kahan,US,33
2mpoNBkngUEwnaKoBhZ0vl,PRC,Peso Pluma,US,33
5vGLcdRuSbUhD8ScwsGSdA,Whoopty,CJ,"KR,US",33
0IKeDy5bT9G0bA7ZixRT4A,Bebe Dame,Fuerza Regida,US,33
47otoIkhx3fkdivEXL5OB6,Rudolph The Red-Nosed Reindeer,Burl Ives,US,33
7dSZ6zGTQx66c2GF91xCrb,PROVENZA,KAROL G,US,33
0wbnC9AUenxp613TYaJsGK,Narcos,Migos,US,33
3nS9a01VvXHQriLqJYwRqG,DOLLAZ ON MY HEAD,Gunna,US,33
6U0FIYXCQ3TGrk4tFpLrEA,SUGAR,BROCKHAMPTON,US,33
78rIJddV4X0HkNAInEcYde,Call On Me - Ryan Riback Extended Remix,Starley,US,33
3tt9i3Hhzq84dPS8H7iSiJ,La Bachata,Manuel Turizo,US,33
5f4Hy5mw5SRaUgXX9c6P5S,Sum 2 Prove,Lil Baby,US,33
5r5cp9IpziiIsR6b93vcnQ,Walking On A Dream,Empire Of The Sun,US,33
736PP5LTtREkDgktNmX3Gu,Superpowers,Daniel Caesar,US,33
6ZANrVuAMp2rpjhfbOuJly,Same Old Love,Selena Gomez,US,33
0SuLAslEMFZAXf0SwY7syi,All Time Low,Jon Bellion,US,33
1louJpMmzEicAn7lzDalPW,No Promises,Cheat Codes,US,33
17Q87zeXgsAi9iQQbMu9v0,Summer Sixteen,Drake,US,33
3yfqSUWxFvZELEM4PmlwIR,The Real Slim Shady,Eminem,US,33
7x5xYW5W42OGPAdHUyyguy,Locked Away,R. City,US,33
5T8EDUDqKcs6OSOwEsfqG7,Don't Stop Me Now - Remastered 2011,Queen,US,33
52izjvF7wwveRG1rDJsGWe,Love Myself,Hailee Steinfeld,US,33
7fPHfBCyKE3aVCBjE4DAvl,In The Night,The Weeknd,US,33
0H8XeaJunhvpBdBFIYi6Sh,Deja Vu,Post Malone,US,33
3DmW6y7wTEYHJZlLo1r6XJ,Shower,Becky G,US,33
6gj08XDlv9Duc2fPOxUmVD,Lips Are Movin,Meghan Trainor,US,33
7lGKEWMXVWWTt3X71Bv44I,Unsteady,X Ambassadors,US,33
7IAWwCJwJyDze679B3bSGP,Crash and Burn,Thomas Rhett,US,33
32tBNiuuQtkUG5eBWpC0oQ,Be Real,Kid Ink,US,33
3b4YlIUpzYs3CZ6s9GVmzT,너,SYSTEM SEOUL,KR,33
4e1aewX6ATPcdfQIqr7gqO,Sticky,KISS OF LIFE,KR,33
0wrppxeWurW1uRnxI6Ut9v,HANDS UP,MEOVV,KR,33
6pqyZNnLKyJKtrlf42FQoq,Nice Guy,BOYNEXTDOOR,KR,33
7F0MuIk5glqtowCUjbn9es,Impurities,LE SSERAFIM,KR,33
4FKmrrI6y8REWoCyV5tAhY,Just 10 centimeters,10CM,KR,33
2dkFOWqyiVFS3xsQUEdBJG,친구,BTS,KR,33
2CspwnypzT7rcWI9RfsoSb,Mantra,JENNIE,"KR,US,VN",32
498g7npirihKT5MPdVSfb0,Phonecert,Hoàng Dũng,VN,32
2bdVgAQgosGUJoViVDNeOV,LIMBO,keshi,VN,32
6gcuJpHu0Ey30D5WR76y98,You & Me,JENNIE,"KR,VN",32
6fDa6IEt8EAFkHH4hShFK4,Và Ngày Nào Đó,Trung Quân,VN,32
2QIRuHGVTmp9HL2u4irHMt,Tình Yêu Xanh Lá (juju),Thịnh Suy,VN,32
54DmTIv86D3sYdiawjULQ0,Dis-ease,BTS,"KR,US,VN",32
1HhNoOuqm1a5MXYEgAFl8o,Enemy,Imagine Dragons,"KR,US,VN",32
3BPoSr2pO34Aan6alFfVto,BBoom BBoom,MOMOLAND,VN,32
0dnkOK5hGUCmIJ7FDF0yHz,DUMB DUMB,JEON SOMI,"KR,VN",32
4q5YezDOIPcoLr8R81x9qy,I Can Do It With a Broken Heart,Taylor Swift,"KR,US,VN",32
5OCJzvD7sykQEKHH7qAC3C,God is a woman,Ariana Grande,"US,VN",32
4jAIqgrPjKLTY9Gbez25Qb,Lights Up,Harry Styles,"US,VN",32
3iPbmpKBMflYd7UjdYftoj,Alcohol-Free,TWICE,"KR,VN",32
32DGGj6KlNuBr6WaqRxpxi,How Long,Charlie Puth,"US,VN",32
2nMeu6UenVvwUktBCpLMK9,Young And Beautiful,Lana Del Rey,"US,VN",32
4WrkJNGb4zUwARc0FD3iNf,Loser,Jin,"KR,VN",32
5RdKO1lsHG9jhbG03LL7cv,With the Clouds,Jin,"KR,VN",32
3f7rVNaBNocDLtPmnds9eE,"To Me, Today",Jin,"KR,VN",32
7wBJfHzpfI3032CSD7CE2m,STARGAZING,Travis Scott,"US,VN",32
0nj9Bq5sHDiTxSHunhgkFb,squabble up,Kendrick Lamar,"KR,US",32
7aqfrAY2p9BUSiupwk3svU,First Person Shooter,Drake,"KR,US",32
15vzANxN8G9wWfwAJLLMCg,Paris,The Chainsmokers,US,32
541sN2qNfIlllGn9nGOQoC,Revolving door,Tate McRae,US,32
7tICCrK3CcyRFKza7yrR0z,Homewrecker,sombr,US,32
1iSqfoUFnQwV0QW1EfUit8,Suicidal,YNW Melly,US,32
75FDPwaULRdYDn4StFN2rT,Bartier Cardi,Cardi B,US,32
0bILU0UiNDmA5Ff6whhb2R,Religiously,Bailey Zimmerman,US,32
3kf0WdFOalKWBkCCLJo4mA,El Gordo Trae El Mando,Chino Pacas,US,32
4F7A0DXBrmUAkp32uenhZt,Party Monster,The Weeknd,US,32
7gKxCvTDWwV9wBhdeBbr3l,Nice To Each Other,Olivia Dean,US,32
6DH13QYXK7lKkYHSU88N48,Who Knows,Daniel Caesar,US,32
3hpm0fTeSqlhJbnqAgaLZs,Marlboro Rojo,Fuerza Regida,US,32
31i56LZnwE6uSu3exoHjtB,Neverita,Bad Bunny,US,32
6Jv7kjGkhY2fT4yuBF3aTz,"Lover, You Should've Come Over",Jeff Buckley,US,32
0qRZ9ydGdzeVk3S01pLGoJ,You & Me,Marc E. Bassy,US,32
0D21XvHcVsIvJM6FcGY2BT,OOOUUU,Young M.A,US,32
1WIZiOuNO3woKfdlSK2gNn,Transportin',Kodak Black,US,32
5RCfvwDewu6p2x1mEI6smX,The Race,Tay-K,US,32
2rMAtCaTj16NptyVfEIeAC,Cash Shit,Megan Thee Stallion,US,32
0OWZFobGSIW9GrSlQ9C5pc,Marry Me,Thomas Rhett,US,32
0LQtEJt7x0s6knb6RKdRYc,Chicken Fried,Zac Brown Band,US,32
69r7LebTGOlEXXmV6BaSuU,Devastated,Joey Bada$$,US,32
2XhWx5K2hFm1lsKSWa71rg,Look Alive,Rae Sremmurd,US,32
7E8jojFn5X3OPPuTx6TmPe,Tuesday,ILOVEMAKONNEN,US,32
6oDPg7fXW3Ug3KmbafrXzA,Wrecking Ball,Miley Cyrus,US,32
0sr5LOMv4x0jmTYfe6oOvP,Back Up,DeJ Loaf,US,32
6AoYWCzsDls6c61Zp5qTuU,$ave Dat Money,Lil Dicky,US,32
7q2f7lhHTv7j7EFG0vplwA,I Bet My Life,Imagine Dragons,US,32
7pBE8YpFoZ9ankC2Ci5z9X,BANG BANG,IVE,KR,32
1lTBkwEm0wim9RsMXqtqWy,My Name is Malguem,QWER,KR,32
2vNPGH1x5ZwxTjlvzLCyc2,Fate,i-dle,KR,32
5mdWIwsJAzR97ShGkt8gcR,New thing (Prod. ZICO) (Feat. Homies),ZICO,KR,32
6cMpMygFRbnQsI1m5oq8dp,SOBER - KR Ver.,BIGBANG,KR,32
7aqsfFKqJFNa2umM4tTLdA,Baddie,IVE,KR,32
4kSDi21MeOoSvpZs6MveI9,Teddy Bear,STAYC,KR,32
3NfgdU9mbIVhcJF3XvC0c9,Dolphin,OH MY GIRL,KR,32
0SLzsfxED15vyUccX4bCqo,HOP ON DA SHOW,tlinh,VN,31
2ZBi1KpCR0grEWRNgySqwg,Buông,Hngle,VN,31
4WZf4gJ2MvBec6XPdUiqcq,ANH BIẾT RỒI,"ANH TRAI ""SAY HI""",VN,31
2o1pb13quMReXZqE7jWsgq,intro (end of the world),Ariana Grande,"KR,US,VN",31
2ddbldKhKrYvOBbYa87cbj,Dành Hết Xuân Thì Để Chờ Nhau,Vũ.,VN,31
1RGA13K66cABN7nYek6WNk,Không Còn Em,Madihu,VN,31
4X2iEvLVDm1Acd8Xmxw1ZC,Bo Xì Bo,Hoàng Thùy Linh,VN,31
7yxogpPUBn4wVEKBgI5c7U,Yêu Từ Đâu Mà Ra,Lil Zpoet,VN,31
7rjtRM1AgmmraeTTX8tofW,THERE'S NO ONE AT ALL,Sơn Tùng M-TP,VN,31
5AaHvf9iO6RydAIissh0kz,Simple Love,Obito,VN,31
7lkWAB0Ru7WEa0mkdgiqJG,Gieo Quẻ,Hoàng Thùy Linh,VN,31
0gdxLgCTbLQUGaar06VrU4,Vệ Tinh,HIEUTHUHAI,VN,31
39t3ly1KisXk4u57D6fKSE,Em Đã Thương Người Ta Hơn Anh,Noo Phước Thịnh,VN,31
1egSj83G00A1G4rlRp6IyK,Đừng Như Thói Quen,JayKii,VN,31
5KWeHCDuYBslakPuaoQ9yB,Tu Phu,Hoàng Thùy Linh,VN,31
32K6zBYFUUxKrdsoZd7k3v,Berlin,Khoi Vu,VN,31
3rWDp9tBPQR9z6U5YyRSK4,Midnight Rain,Taylor Swift,"KR,US,VN",31
0kqTXMHiQiB7IECD0WwcPq,Talk that Talk,TWICE,"KR,US,VN",31
1wUnuiXMMvhudmzvcCtlZP,Get Up,NewJeans,"KR,US,VN",31
2FY7b99s15jUprqC0M5NCT,Natural,Imagine Dragons,"US,VN",31
2ZrHbO88rM6Ijeg0aJmSzl,Patient,Charlie Puth,VN,31
7jzOZuWgZ5gaMet9V5Ix1d,Fast Forward,JEON SOMI,"KR,VN",31
3IX0yuEVvDbnqUwMBB3ouC,bad idea right?,Olivia Rodrigo,"KR,US,VN",31
13HD3tYTiz8oSRxWzXEq7g,Be Her,Ella Langley,US,31
1yeB8MUNeLo9Ek1UEpsyz6,Rich Baby Daddy,Drake,US,31
7aRCf5cLOFN1U7kvtChY1G,Search & Rescue,Drake,"KR,US",31
5IMpnpD0tQVcqWlVIgtAtV,iloveitiloveitiloveit,Bella Kay,US,31
1udwFobQ1JoOdWPQrp2b6u,Surround Sound,JID,"KR,US",31
4eLDmhsJW3JoZTXCAozHor,Loco,Neton Vega,US,31
2VzCjpKvPB1l1tqLndtAQa,Por las Noches,Peso Pluma,US,31
6vWEAOUSxohKxhp0K1BsxL,Mixed Personalities,YNW Melly,US,31
5274I4mUMnYczyeXkGDWZN,Fine China,Future,US,31
2YVlDlk2zRceefo6XlC6DX,Ain’t That Some,Morgan Wallen,US,31
1H7KnK26kc1YyellpbINEn,The Woo,Pop Smoke,US,31
6UjfByV1lDLW0SOVQA4NAi,Gyalchester,Drake,US,31
6Um358vY92UBv5DloTRX9L,Que Vuelvas,Carín León,US,31
2fXwCWkh6YG5zU1IyvQrbs,Broken Clocks,SZA,US,31
7FlQk2gJ6TBrHHiidvdR2O,MAMIII,Becky G,"KR,US",31
2QfX9Pdz3q66fN3kCXl0Js,Revival,Zach Bryan,US,31
5uEYRdEIh9Bo4fpjDd4Na9,Goosebumps - Remix,Travis Scott,"KR,US",31
58k32my5lKofeZRtIvBDg9,HONEST,Baby Keem,US,31
200x8ONbPfFzByUr3fVz46,She Had Me At Heads Carolina,Cole Swindell,US,31
6OZh916QF8XNunWaP97WEZ,Fast Car,Jonas Blue,US,31
7B3z0ySL9Rr0XvZEAjWZzM,Sofia,Clairo,US,31
2mfUa8bLs2s5N4VaqJZ4lZ,Most Girls,Hailee Steinfeld,US,31
2Yer0p7uB2lVBUAtANuuQp,Magic In The Hamptons,Social House,US,31
6BbINUfGabVyiNFJpQXn3x,Wicked,Future,US,31
0Fs9cdPDhptWEDJmiCbkEW,She Knows,J. Cole,US,31
1LxKKYsJNPeBdOwdudsJzv,Down In the DM,Yo Gotti,US,31
6BDvCnkVLMqxRVyFFeKx4W,In My Room,Yellow Claw,US,31
0AICBlLzFCTpUqmAbtzB2z,Love Scars,Trippie Redd,US,31
5de7ci7TFqbQ1PFgKAD7MR,Horses,PnB Rock,US,31
1sNSG13fsK6KPKKNIQXXrh,You Know You Like It,DJ Snake,US,31
55OdqrG8WLmsYyY1jijD9b,Wyclef Jean,Young Thug,US,31
77sHtGTWrw6FyUHCLlssle,Heroes (we could be),Alesso,US,31
7aftSOGSOpSoIlVAQVBb71,Break Up In A Small Town,Sam Hunt,US,31
5lLWaxERQ4968sWjPyxxLm,Wiggle,Jason Derulo,US,31
1TwLKNsCnhi1HxbIi4bAW0,House Party,Sam Hunt,US,31
4Ld3RS6KBXGsvtfmnjxlVl,El Perdón,Nicky Jam,US,31
7DTlsMOQjGysXHpwwpHuPl,Lifestyle,Rich Gang,US,31
0i5el041vd6nxrGEU8QRxy,Cruise,Florida Georgia Line,US,31
3YVcnTV3v6DEFJeAnxGTBj,아크라포빅 (Akrapovic),hamo,KR,31
2NOMOpss7BmEXTL9f1koqn,WICKED,ALLDAY PROJECT,KR,31
4iZIvaus7v4wSjFvdF83NA,FLYING HIGH WITH U,VINXEN,KR,31
7sxUb59tfiuzagetBF47AN,"Even if you leave,",HANRORO,KR,31
2cEwQnP4284g37N6D7ETND,Talk Saxy,RIIZE,KR,31
4MokmgyM83qhJ6IAaChom5,Counting Stars,BE'O,KR,31
08T4C8obLBuhwzJiYWBVRT,WE GO,fromis_9,KR,31
0tGmDUHDoT8pxYhgAT3yNG,bé ơi từ từ,Wren Evans,VN,30
6r5o9yIc16ZvymXUKJQ1yy,2 4,W/N,VN,30
0eKIEiMHZv0pOxz4iGOXda,TOKYO Cypher,Lil Wuyn,VN,30
4W4fNrZYkobj539TOWsLO2,Die For You,The Weeknd,"KR,US,VN",30
4KLmT1bU7eyEBe35FzEjbd,Chim Quý Trong Lồng,K-ICM,VN,30
4Wdwvi2C5MD8zDi9Kg3x4X,Chúng Ta Sau Này,T.R.I,VN,30
5pjrSk2jdRrFUfQuCQrQC9,BLACKJACK,SOOBIN,VN,30
6OcOCgmPa1a57xAAF7qKkW,Querry,QNT,VN,30
1PSmJr2mHzDjYXrKvQPKb0,nàng thơ... trời giấu trời mang đi,AMEE,VN,30
6Bwfp26rlqnG7RKAYin4Ru,Chẳng Thể Tìm Được Em,PhucXp,VN,30
2qG81jL9UIP54uS8gYyP4k,Who,Lauv,"KR,US,VN",30
5aucVLKiumD89mxVCB4zvS,Rush Hour (Feat. j-hope of BTS),Crush,"KR,VN",30
5enxwA8aAbwZbf5qCHORXi,All Too Well (10 Minute Version) (Taylor's Version) (From The Vault),Taylor Swift,"KR,US,VN",30
0GU5GuJQQEnnREO2FxnVPT,달라달라 (DALLA DALLA),ITZY,"KR,VN",30
4pWF7uyalOeveT6oansXmy,Lạc Trôi,Sơn Tùng M-TP,VN,30
2CWnuF7ht55Ajyeg4WPvWu,DDU-DU DDU-DU - KR Ver.,BLACKPINK,VN,30
57Enap29zKl7NGRdDJjkjA,FOREVER YOUNG - KR Ver.,BLACKPINK,VN,30
3qoftcUZaUOncvIYjFSPdE,Bejeweled,Taylor Swift,"KR,US,VN",30
39Yp9wwQiSRIDOvrVg7mbk,THE SCOTTS,THE SCOTTS,"US,VN",30
38T0tPVZHcPZyhtOcCP7pF,STAR WALKIN' (League of Legends Worlds Anthem),Lil Nas X,"KR,US,VN",30
60SdxE8apGAxMiRrpbmLY0,Lucky You,Eminem,"US,VN",30
6SRsiMl7w1USE4mFqrOhHC,brutal,Olivia Rodrigo,"KR,US,VN",30
0CnpSTdL9l5vQM4YnzXtyo,Panorama,IZ*ONE,"KR,VN",30
2YSzYUF3jWqb9YP9VXmpjE,IDGAF,Drake,"KR,US",30
29iva9idM6rFCPUlu7Rhxl,YUKON,Justin Bieber,"KR,US",30
6IaieqiCVvsNvEt6Y7yOFa,Ball For Me,Post Malone,US,30
7iQXYTyuG13aoeHxGG28Nh,PERRO NEGRO,Bad Bunny,US,30
56cswAa9WdFBsjsTyPBAKA,Bad Things - With Camila Cabello,mgk,US,30
312z6PZ8wwREck8613PkJk,A Couple Minutes,Olivia Dean,US,30
5lKFO0PrOC9jmOlPEdjHsL,DOS DÍAS,Tito Double P,US,30
4DTpngLjoHj5gFxEZFeD3J,Codeine Dreaming,Kodak Black,US,30
2aPTvyE09vUCRwVvj0I8WK,Sundress,A$AP Rocky,US,30
7hrFCoyWwKep7qp1lP4oga,Back On My BS,BigXthaPlug,US,30
4oB8Xd7gMlUEtWoD8bmCXW,Morena,Neton Vega,US,30
2Ui2JtVjnbHZuExldryCOA,In My Room,Julia Wolf,US,30
0WSEq9Ko4kFPt8yo3ICd6T,Praise God,Kanye West,"KR,US",30
6kex4EBAj0WHXDKZMEJaaF,Swalla,Jason Derulo,US,30
2XIc1pqjXV3Cr2BQUGNBck,LA NOCHE DE ANOCHE,Bad Bunny,US,30
3WyRgi8CzQnhzO0xw79tTS,Goin Baby,DaBaby,US,30
4XiGKQqbmnMVxDzUj6j3f2,Worth It,YK Osiris,US,30
6fWa5CRgy0z30OeGZyMBvD,Heart On Ice,Rod Wave,US,30
7cGFbx7MP0H23iHZTZpqMM,Everybody,Logic,US,30
0De9jFjJ4eRLl7Yww2eBw1,Flower Shops,ERNEST,US,30
5nzhL67GpF9szXWg5y509A,Close Friends (Lil Baby & Gunna),Lil Baby,US,30
09mhA1SJjMHniZPF4Hcihn,Company,Justin Bieber,US,30
6i0NKfID7MlIoLOjdBxkaI,Jealous,Nick Jonas,US,30
63bniwRWWFGoasyhX2eQHJ,Boom Clap,Charli xcx,US,30
22DKsoYFV5npPXmnPpXL7i,Watch Out,2 Chainz,US,30
74fpNVAJrKGQuqHETi4WSt,Tennis Court,Lorde,US,30
0WA27lZzPKFJKAbiDRmQDc,RUDE!,Hearts2Hearts,KR,30
7sp5iTQjB7GHXX4TKrhOaO,나였으면,Na Yoon Kwon,KR,30
0vaxYDAuAO1nPolC6bQp7V,Midas Touch,KISS OF LIFE,KR,30
76AagMXtnwlwnrxi4AbtJe,너라는 별,고추잠자리,KR,30
7CZRguMolNqIobnXxpV735,Coin,IU,KR,30
1i5SZL7Ngz0sYFaKmwieyw,Chất Gây Hại,Quang Hùng MasterD,VN,29
25NLn8W1JxuVrXQTVrDA4c,hello em có khỏe không,Dfoxie37,VN,29
69CrOS7vEHIrhC2ILyEi0s,FLOWER,JISOO,"KR,US,VN",29
62bwj2FZsr0ljcap1FEf8g,Đi Giữa Trời Rực Rỡ,Ngô Lan Hương,VN,29
6ag0c7tBr3PIqPb00C2rK4,NGƯỜI NHƯ ANH XỨNG ĐÁNG CÔ ĐƠN - KHÔNG ĐAU NỮA RỒI,VCT,VN,29
5YiNxgEQQTuFi5dKLxxjWm,CATCH ME IF YOU CAN,"ANH TRAI ""SAY HI""",VN,29
3c8s2bCBk3cn8Taete6Q5B,Anh Chẳng Thể,Phạm Kỳ,VN,29
6hytdEPX4UcGh91gDBUZDv,Anh Cũng Đâu Có Muốn Tin?,Dab,VN,29
04bm7NsIhRfTlLGDoKMEw8,Có Không Giữ Mất Đừng Tìm,Trúc Nhân,VN,29
4r7hIDwLsasMfj6nk2Wrib,Thấy Chưa,Ngọt,VN,29
2tg8L2ls1k19B2SvRKBnJh,Hẹn Ước Từ Hư Vô - Live,Mỹ Tâm,VN,29
16wAOAZ2OkqoIDN7TpChjR,Yummy,Justin Bieber,"US,VN",29
4TgxFMOn5yoESW6zCidCXL,Savage Love (Laxed – Siren Beat) [BTS Remix],Jawsh 685,"KR,US,VN",29
3Z8FwOEN59mRMxDCtb8N0A,Be Kind,Marshmello,"KR,US,VN",29
7ju97lgwC2rKQ6wwsf9no9,Rain On Me,Lady Gaga,"KR,US,VN",29
4eMvGEz25irv76TvMRfzGp,Chân Ái,Orange,VN,29
4vUmTMuQqjdnvlZmAH61Qk,South of the Border,Ed Sheeran,"US,VN",29
3BBahK6YhmPosOymF45cMu,Speechless (Full),Naomi Scott,VN,29
1qE8DOtw7zdXHMgZm20eLM,The Feels,TWICE,"KR,VN",29
629DixmZGHc7ILtEntuiWE,LUNCH,Billie Eilish,"KR,US,VN",29
5y2ijHECwFYWqcAHKTZgzD,Risk It All,Bruno Mars,"KR,US,VN",29
3u1S1OmAUhx5DRlLrXqyp3,Rise,Jonas Blue,"US,VN",29
3qwSk0zC9bgfb5JwdoKVvQ,Bài Hát Của Em,TRANG,VN,29
0hQNbQKW2dDATH1ngj4TI6,WA DA DA,Kep1er,"KR,VN",29
0UMLejbZXf7YVgnfxURvVr,Ignite,K-391,VN,29
52xJxFP6TqMuO4Yt0eOkMz,We Don't Talk About Bruno,Carolina Gaitán - La Gaita,"KR,US,VN",29
1sUjTLLCJzcxC15GUBrOlg,Rich Man,aespa,"KR,VN",29
5v4GgrXPMghOnBBLmveLac,Savage Remix,Megan Thee Stallion,"US,VN",29
6CTWathupIiDs7U4InHnDA,Trip,Ella Mai,"US,VN",29
57wp7VFnV8X0pSVnYArGeJ,Whatever She Wants,Bryson Tiller,US,29
6XjDF6nds4DE2BBbagZol6,Gata Only,FloyyMenor,US,29
69phA1R4gmQsBFRQ3INW8C,ONE CALL,Rich Amiri,US,29
67nepsnrcZkowTxMWigSbb,MELTDOWN,Travis Scott,"KR,US",29
2wSTnntOPRi7aQneobFtU4,Shirt,SZA,"KR,US",29
59D4DOkspUbWyMmbAPQkxZ,VOY A LLeVARTE PA PR,Bad Bunny,US,29
1lRtH4FszTrwwlK5gTSbXO,AMG,Natanael Cano,US,29
5ViLKrbyL3HD6wsq3AB9eI,White Keys,Dominic Fike,US,29
5mHdCZtVyb4DcJw8799hZp,Escapism.,RAYE,"KR,US",29
5dXWFMwD7I7zXsInONVl0H,I Hate U,SZA,"KR,US",29
6a1hzBiTkgqTsDA0Xgfh9z,Santa Claus Is Coming To Town,The Jackson 5,US,29
3Yh9lZcWyKrK9GjbhuS0hR,Good As Hell,Lizzo,US,29
1GeNui6m825V8jP4uKiIaH,Bad Bad Bad,Young Thug,US,29
3lkYS3iMpWMVpaJ0yJAFrJ,I Saw Mommy Kissing Santa Claus,The Jackson 5,US,29
32sx78QsGg6pKXn42XvF9L,Scar Tissue - 2014 Remaster,Red Hot Chili Peppers,US,29
1eUGmzzvahJjOSWgDHuRlv,Girl With The Tattoo Enter.lewd,Miguel,US,29
550rQQCGkrTzvp4SfpOPzx,Hallelujah,Pentatonix,US,29
5vPUv0xziXbV4lnWeVNXNq,Roommates,Malcolm Todd,US,29
4Iedi94TIaB2GGb1nMB68v,On Me,Lil Baby,US,29
5TxRUOsGeWeRl3xOML59Ai,ARE WE STILL FRIENDS?,"Tyler, The Creator",US,29
5rb9QrpfcKFHM1EUbSIurX,Yeah!,USHER,US,29
7faDzZnZYqTyYThx2sbHVQ,Mistletoe And Holly - Remastered 1999,Frank Sinatra,US,29
1KGi9sZVMeszgZOWivFpxs,No Scrubs,TLC,US,29
5a7NdkF09AfD0H607eiOkX,On My Mind,Ellie Goulding,US,29
0k664IuFwVP557Gnx7RhIl,Juice,Lizzo,US,29
45S5WTQEGOB1VHr1Q4FuPl,Golden,Harry Styles,"KR,US",29
4gzsuuZypVbxs0Af1LSZyB,Lo Siento BB:/,Tainy,US,29
76Y0gxtTxN0FyDCYh5qYQj,Get Right Witcha,Migos,US,29
0lLDaAdXcjOQ7Mf2NXzXay,Downtown,Macklemore & Ryan Lewis,US,29
0pn6qyOJYNwP9nhGg3L7dV,Somebody,Natalie La Rose,US,29
2H8LPaY3NSjmOFMH2Rygnz,Running Out,Matoma,US,29
4bBrKDo8rchikwZOtmXbIH,The Night Is Still Young,Nicki Minaj,US,29
2N3U8uTYhjX2KwGT0pf5x0,Everyday,A$AP Rocky,US,29
3a8tAZFJxlmBwOtrf5L1oC,6 God,Drake,US,29
5zlC5d5umTrbcX9sLVVxzh,Prayer in C - Robin Schulz Radio Edit,Lilly Wood and The Prick,US,29
6HSqyfGnsHYw9MmIpa9zlZ,Forever,Drake,US,29
135Lf4Q0CzlMNfOxbEUsLH,GHOST TOWN,Benson Boone,"KR,US",29
5tEouf2s1SPwAIkOHnvWtQ,Aqua Man,Beenzino,KR,29
2VmWOZiKDnLq373THopgWC,プロポーズ,natori,KR,29
5zsMOF3yWT4U1Vw5eaMQFH,If You Ask Me What Love Is,Roy Kim,KR,29
27QLNrvWbFcwOYr8RpOpxg,I`m Firefly,Hwang Karam,KR,29
2y8vRHEoz15sYDmxyrDePO,"If I’m S, Can You Be My N?",TWS,KR,29
6f4CAdAmrOfGH3FOfwHMSV,Fry’s Dream,AKMU,KR,29
2RoYgkPzUY0vY7lhUuyus1,DASH,NMIXX,KR,29
618OKP1lBkNJL8uZdNSvQE,MANIAC,VIVIZ,KR,29
6kH1sKkvgN4Yikake52glq,We Ride,Brave Girls,KR,29
5xVCfx47vCXuLdpfbepqEo,Người Im Lặng Gặp Người Hay Nói,HIEUTHUHAI,VN,28
1lcBt7LoEikqYmhUoa2cez,number one girl,ROSÉ,"KR,VN",28
4acXEYw7ayyJnm9GXDrqiL,Hit Me Up,Binz,VN,28
317Lh6QCAz9JpWbV3oxrCf,EM ĐAU,Phùng Khánh Linh,VN,28
7sZgr8RsXkDwkmiQok691a,Mai Mình Xa,Thịnh Suy,VN,28
2AA4UcXp2WRvsU9cyHT6Vy,không một bài hát nào có thể diễn tả cảm xúc của em lúc này.,Hoàng Thùy Linh,VN,28
5mg3VB3Qh7jcR5kAAC4DSV,Cupid,FIFTY FIFTY,"KR,VN",28
7ne0bfecn1o29bXC0Xblj2,Một Mình Có Buồn Không,Thiều Bảo Trâm,VN,28
2xXhccBCgXADkx05KDi1hp,Bất Bình Thường,WHEE!,VN,28
1xfXXujIlLZAx5wpu46Nyk,Moon,BTS,"KR,US,VN",28
1xQ6trAsedVPCdbtDAmk0c,Savage Love (Laxed - Sired Beat),Jawsh 685,"US,VN",28
2SR0alFA2oWYXSoePGTj0V,I’ll Be There,Jin,"KR,VN",28
3apeXzypBMnUfYcZYNX6DH,I CAN'T STOP ME,TWICE,"KR,VN",28
1ic3Thr0mG0IsBE98pPcQ2,Dirty Work,aespa,"KR,VN",28
5QiNbIilmMiMBXvaAlf7lN,Who Do You Love,The Chainsmokers,"US,VN",28
4J4zx8xGJpuGndrVc06KaT,Diamond Heart,Alan Walker,VN,28
1lsBTdE6MGsKeZCD6llNu7,Done for Me,Charlie Puth,"US,VN",28
2DB4DdfCFMw1iaR6JaR03a,Bam Bam,Camila Cabello,"KR,US,VN",28
4OafepJy2teCjYJbvFE60J,breathin,Ariana Grande,"US,VN",28
5nq1uTNIR1cBR72T87viS0,Go Go,BTS,"KR,VN",28
2CvOqDpQIMw69cCzWqr5yr,Halo,Beyoncé,"US,VN",28
0jFHMDRXxKaREor3hBEEST,Gashina,SUNMI,VN,28
2OlWBmSjf1aUPGLNf0UI5A,One Last Time,Ariana Grande,"US,VN",28
4kWO6O1BUXcZmaxitpVUwp,Jackie Chan,Tiësto,"US,VN",28
1nX1b7kRg5a6XKAq7uQOpr,SNEAKERS,ITZY,"KR,VN",28
6wQlQrTY5mVS8EGaFZVwVF,Smile,Juice WRLD,"US,VN",28
2j1Es5qEl4pD8GEe2WsYgP,Darl+ing,SEVENTEEN,"KR,VN",28
5DxDLsW6PsLz5gkwC7Mk5S,Free,RUMI,"KR,US",28
1SV1fxF65n9NhRHp3KlBuu,Wonderful Christmastime - Edited Version / Remastered 2011,Paul McCartney,"KR,US",28
2lpygKqzPFtItQ4ss3cgfb,Cinderella,Mac Miller,US,28
27RYrbL6S02LNVhDWVl38b,Happy Xmas (War Is Over) - Remastered 2010,John Lennon,US,28
2yWlGEgEfPot0lv3OAjuG3,Just Keep Watching (From F1® The Movie),Tate McRae,"KR,US",28
5mjYQaktjmjcMKcUIcqz4s,Strangers,Kenya Grace,"KR,US",28
5Z8HZM6iQMhhqyPcCGY5g9,Hot,Young Thug,US,28
6s2wpWPFPAgKg2LXxi1Oee,"Santa Claus Is Comin' to Town - Live at C.W. Post College, Greenvale, NY - December 1975",Bruce Springsteen,US,28
7MSYSOobsombc1mbDWFxtD,This Christmas,Donny Hathaway,US,28
2gYTC8DsplN3RNdpdBcCOQ,Die On This Hill,SIENNA SPIRO,US,28
27PmvZoffODNFW2p7ehZTQ,Don't Mind,Kent Jones,US,28
04MLEeAMuV9IlHEsD8vF6A,No Stylist,French Montana,US,28
3EvZ03hGAFwGZ2Ebcu86YH,Tourniquet,Zach Bryan,US,28
2JPctdUgvkQSpnUdfROxvY,Te Quería Ver,Alemán,US,28
56uXDJRCuoS7abX3SkzHKQ,Myron,Lil Uzi Vert,US,28
15coTBAzEN1bOeipoNDZAR,"Merry Christmas, Happy Holidays",*NSYNC,US,28
73zawW1ttszLRgT9By826D,Man Made A Bar,Morgan Wallen,US,28
43SoxERu5UlXAgt4Es1VQU,Porch Light,Josh Meloy,US,28
4S2uhQE8L9V6p7rj7SiauJ,Suicidal (Remix),YNW Melly,US,28
0At2qAoaVjIwWNAqrscXli,Boo'd Up,Ella Mai,US,28
7ACW7VpgoKmfM1sKo15UhX,Who Want Smoke??,Nardo Wick,US,28
0f8eRy9A0n6zXpKSHSCAEp,Infrunami,Steve Lacy,US,28
6TBzRwnX2oYd8aOrOuyK1p,Fin de Semana,Oscar Maydon,US,28
103u49mLoJUge83B1CnLxI,TRUCK BED,HARDY,US,28
42et6fnHCw1HIPSrdPprMl,Semi-Charmed Life,Third Eye Blind,US,28
6s3GEN8wK0OMzzzZbXj0fu,Hymn for the Weekend - Seeb Remix,Coldplay,US,28
50a8bKqlwDEqeiEknrzkTO,ball w/o you,21 Savage,US,28
5PIfH6BzcmH04RDmtzF0BN,Outside Today,YoungBoy Never Broke Again,US,28
5gVCfYmQRPy1QJifP8f5gg,Fall In Love,Bailey Zimmerman,US,28
4z8sz6E4YyFuEkv5o7IJni,"Mary, Did You Know?",Pentatonix,US,28
0PT7nlpo11hYYyfnBgtilT,Nasty Freestyle,T-Wayne,US,28
0w3Q14i073jLoew1hgJkwD,Heartache On The Dance Floor,Jon Pardi,US,28
6BrppQL1SAkKVWqp6w0nNm,Pt. 2,Kanye West,US,28
160hN2OsDXnmgExwtG7cvD,Hollow,Tori Kelly,US,28
721ck9wLAK67z9hlGkxOPR,She Looks So Perfect,5 Seconds of Summer,US,28
60wwxj6Dd9NJlirf84wr2c,Clarity,Zedd,US,28
03fT3OHB9KyMtGMt2zwqCT,Play It Again,Luke Bryan,US,28
3m08yeqLjXsqblRU3KXPAp,"TICK TOCK (Feat. ZICO) (Prod. by ZICO, Crush)",HAON,KR,28
2cCC4S226r1tws0d2vDDdO,사랑은 봄비처럼...이별은 겨울비처럼,Lim Hyun Jung,KR,28
5rZN0PP6xZsf5SWxkpMm7k,Spring Is Gone by chance,Loco,KR,28
2aicRlZiaAEteaPsti8Hls,"Goodbye, My Summer",HANRORO,KR,28
3TPvrMAd1hbPRXuHCRX0Pl,AEAO,Dynamicduo,KR,28
6nICBdDevG4NZysIqDFPEa,Thirsty,aespa,KR,28
07trPhWMgiagFnSOlmpzl0,Complex (Feat. ZICO),BE'O,KR,28
1GFS1xMbcAWXf5W0tSuZev,"Meeting is easy, parting is hard (Feat. Leellamarz) (Prod. TOIL)",Basick,KR,28
46wDG6evLn2iPoQ0F8CUWk,My sea,IU,KR,28
7uulTURh3qtUEUnMNtgcA6,Feel At Home,B Ray,VN,27
2ZJTmYNOA8k21yUtLXJG57,ưng quá chừng,AMEE,VN,27
6xKs4CnVadRzdNZ48vhT27,Ngày Đầu Sau Chia Tay,Đức Phúc,VN,27
2Asy51yFMEG8Qjh15kvQeD,Tell the kids i love them,Obito,VN,27
3AjXaNF3TPcdi5vTiQZxva,Hai đứa nhóc,Ronboogz,VN,27
1sEOTXdVl8X7SzuJi0P1cq,Van Gogh,Dept,VN,27
2qc4FFBylFT5YhvMJMX50R,Đi Để Trở Về,SOOBIN,VN,27
7opF2QJ8gzlxbV0eBIqszE,ngủ một mình,HIEUTHUHAI,VN,27
0cGpKQ8RxxLOFqhktEURIj,wherever u r,UMI,"KR,VN",27
1IWNylpZ477gIVUDpJL66u,Sour Candy,Lady Gaga,"KR,US,VN",27
4y4spB9m0Q6026KfkAvy9Q,Lonely,Justin Bieber,"KR,US,VN",27
017PF4Q3l4DBUiWoXk4OWT,Break My Heart,Dua Lipa,"KR,US,VN",27
39LLxExYz6ewLAcYrzQQyP,Levitating,Dua Lipa,"KR,US,VN",27
1CIR7UAbM5j9hcThZS8Dkz,Một Giấc Mơ,Vũ.,VN,27
6lmJXxTcLTe6bdgwSfTqhO,MOT NGUOI VI EM,WEAN,VN,27
6tCssnvTUREcperDOUTqvA,WANNABE,ITZY,"KR,VN",27
2N9miXnewVmUrgl6JSK1FI,SPAGHETTI,LE SSERAFIM,"KR,US,VN",27
3ZCBSFcZSRM9Z48ew28Zrf,Souvenir,Selena Gomez,VN,27
2Xr1dTzJee307rmrkt8c0g,love nwantiti (ah ah ah),CKay,"KR,US,VN",27
0AfV1Fr2nWmXFxC3RkhawH,Ra Là Em Đâu Quá Mong Manh,Hương Tràm,VN,27
7En09qd0YkvVkWPoZ6jqmz,Em Mới Là Người Yêu Anh (Acoustic Version),MIN,VN,27
4r34Yi0eltsu1tp6z4lq3x,XOXO,JEON SOMI,"KR,VN",27
1AtFSBJibfaqfiOByQCwZ5,Small girl,Lee Young Ji,"KR,VN",27
10Igtw8bSDyyFs7KIsKngZ,Freaky Friday,Lil Dicky,"US,VN",27
5w40ZYhbBMAlHYNDaVJIUu,Chemical,Post Malone,"KR,US,VN",27
3aQem4jVGdhtg116TmJnHz,What’s Next,Drake,"KR,US,VN",27
4EAV2cKiqKP5UPZmY6dejk,Everyday,Logic,"US,VN",27
4RXpgGM7A4Hg7cFBoH5KyF,Hey Brother,Avicii,"US,VN",27
3w0w2T288dec0mgeZZqoNN,CARNIVAL,¥$,"KR,US",27
0MHStU0muAIEMbwdnebYu2,Takedown,HUNTR/X,"KR,US",27
73kIKvg65QWieOKXIwyLJP,All The Way,BigXthaPlug,US,27
5xeSd4HgzrYpNLEf3LfYLK,WHATCHU KNO ABOUT ME,GloRilla,US,27
0DWdj2oZMBFSzRsi2Cvfzf,TQG,KAROL G,US,27
4tYFy8ALRjIZvnvSLw5lxN,Party,Bad Bunny,US,27
2aYZaN5SmkRDLsrrV8GkBQ,LA PATRULLA,Peso Pluma,US,27
5uQ7de4EWjb3rkcFxyEOpu,Belong Together,Mark Ambor,US,27
5MFzQMkrl1FOOng9tq6R9r,Don't Wanna Know,Maroon 5,US,27
1C84d9abZVKWHT2YYpoean,Si No Quieres No,Luis R Conriquez,US,27
1EaKU4dMbesXXd3BrLCtYG,ELEMENT.,Kendrick Lamar,US,27
0HEytGQM3bG1vKxER7IgVK,Spotless,Zach Bryan,US,27
2QqJTIlGKRLJC3onkavYEz,Flex,Polo G,US,27
00ko9WaS4jOX1kEk3gvHjf,Hot Shower,Chance the Rapper,US,27
1j15Ar0qGDzIR0v3CQv3JL,Gnarly,KATSEYE,"KR,US",27
1nX9KhK3Fff27SnrIor2Yb,4 AM,2 Chainz,US,27
3avYqdwHKEq8beXbeWCKqJ,Last Friday Night (T.G.I.F.),Katy Perry,US,27
23Lyy7ZXRvzfgH4JtDkKrX,No Se Va - En Vivo,Grupo Frontera,US,27
7tqhbajSfrz2F7E1Z75ASX,Ain't No Mountain High Enough,Marvin Gaye,US,27
3cNjgVBKTJ1SvKhunrCdVy,Please Don't Go,Joel Adams,US,27
3NJG6vMH1ZsectZkocMEm0,Tiimmy Turner,Desiigner,US,27
16Ah4QqH4mgYVXqfC4mdSd,LUV,Tory Lanez,US,27
11iIikXxC6NP0Ma8vMD27x,Alien Blues,Vundabar,US,27
0zCgWGmDF0aih5qexATyBn,After Dark,Mr.Kitty,US,27
3jfZ9M23l0L7RxzYMTgBTv,Looking Out for You,Joy Again,US,27
53Y0kdCa1CZ9gRqEuknfwy,Bang My Head,David Guetta,US,27
4IWAyPf1KMq7JCyGeCjTeH,Whatever It Takes,Imagine Dragons,US,27
6splO3UF8hSmK33y5fJTNk,Lay It All on Me,Rudimental,US,27
6zLdXcmvIxnAXpz9sXFnIE,Craving You,Thomas Rhett,US,27
285HeuLxsngjFn4GGegGNm,Hey Mama,David Guetta,"KR,US",27
2YMhrXQYKkm4kXLcXKKd5z,Small Town Boy,Dustin Lynch,US,27
2RwmsAOxtiRezQPmvyejb8,Ex Calling,6LACK,US,27
4MFCXniy7I8tj0GXtf3wgC,Adventure Of A Lifetime,Coldplay,"KR,US",27
2yJ9GVCLMmzBBfQAnfzlwr,THat Part,ScHoolboy Q,US,27
0bXFIF7iL17TYLyx8JHziM,Patty Cake,Kodak Black,US,27
7zxRMhXxJMQCeDDg0rKAVo,Some Way,NAV,US,27
39hnH8WdPmNT3Q3yzwC9Rg,Why You Always Hatin?,YG,US,27
5IZc3KIVFhjzJ0L2kiXzUl,Promise,Kid Ink,US,27
2S5LNtRVRPbXk01yRQ14sZ,"I Don't Like It, I Love It",Flo Rida,US,27
1tYt8PbpbeTuqsNmprAZYY,Dessert,Dawin,US,27
4nVBt6MZDDP6tRVdQTgxJg,Story of My Life,One Direction,US,27
5suEtW2DUAfvroohjzgatb,Blasé,Ty Dolla $ign,US,27
0xwPzLmBAYro8BUz7MrtAo,Make You Miss Me,Sam Hunt,US,27
3nw9J97nUugT84SIJdjhAV,New Flame,Chris Brown,US,27
46lFttIf5hnUZMGvjK0Wxo,Runaway (U & I),Galantis,US,27
2O9bMJticxbQ8FH3NiQ7Xh,Catch Catch,YENA,KR,27
5juCu4WFTFRZ2XilopAMTy,Bam Yang Gang,BIBI,KR,27
2Gs0iF27my40p0dANv2rAg,MONTAGEM XONADA,MXZI,KR,27
44hqFxUWsADWewEJELnncj,No Doubt,ENHYPEN,KR,27
21ApmVGIzIAIDSBdHu6SVt,No Celestial,LE SSERAFIM,KR,27
3mQwOUjViw1cpwUYugndPV,"스물다섯, 스물하나",JAURIM,KR,27
2vA5M8uXee4amGQajyUMFR,When it snows(Feat.Heize),LEE MU JIN,KR,27
5pYLP5WAWJpnT1D5HyK9qm,The Eternal Moment,MAKTUB,KR,27
3y7ByLZ05tluscOTRgEJ9Y,Palette (Feat. G-DRAGON),IU,KR,27
68lbSrXDORS51pmyjZv712,SWIM,BTS,"KR,US,VN",26
1As8r6FTcDZDSKndGtJHMm,LÀN ƯU TIÊN,MOPIUS,VN,26
0KA8tBqZ81mBe2po59GK5j,Trạng Thái Mộng Mơ,Đỗ Hoàng Long,VN,26
27fqy8VruqYZlKiK1qfwEd,ghệ iu dấu của em ơi,tlinh,VN,26
3z7at2LZwJsg8UvqGw3JAv,Có Em Chờ,MIN,VN,26
2f8Ew6sB7KHlTiH9NTLvVM,Tình Bạn Diệu Kỳ,Amee,VN,26
6zrQLaZG0OlT63oUDwFKri,Càng Cua,Low G,VN,26
0IojBwrFi0lwPW1eE3BNdU,Sau Lưng Anh Có Ai Kìa,Thiều Bảo Trâm,VN,26
7lZ07tAiDnmUE7cKw0jfSZ,Người Ta Thành Đôi Hết Rồi,The Sheep,VN,26
0sVd1ZavOfbqd5AHspc1Tr,Yêu Em Rất Nhiều,Hoàng Tôn,VN,26
5xOkL4eAs735nm6mcnvfS6,#AiChoAi,Flo D,VN,26
7LUyhsof4Pwb6qJFNam0dA,Yeu Duoi,Hoàng Dũng,VN,26
3ESeHjnPRxAg4mW3KsFyXi,một triệu like,Đen,VN,26
4nK5YrxbMGZstTLbvj6Gxw,Supalonely,BENEE,"US,VN",26
5kRTXjVcdAHNCCbiUtJZTR,Tình Đắng Như Ly Cà Phê,Ngơ,VN,26
2yjlYDiNiQkdxVqTlaSrlX,Super Freaky Girl,Nicki Minaj,"KR,US,VN",26
71XAPIWKPk5fvPDWjykA1B,Sau Tat Ca. - Original,ERIK,VN,26
2lOX6Vi65F8C0r1ushxHVY,Cho Toi Lang Thang,TLDK,VN,26
5GKwq4sO5ZHKuWaDmdwMQc,Bad Boy,Red Velvet,"KR,VN",26
6nsLzJfvp5OLd4mgqUJkpq,Waiting For Love,Avicii,"US,VN",26
4F1yvJfQ7gJkrcgFJQDjOr,Playinwitme,KYLE,"US,VN",26
7mpdNiaQvygj2rHoxkzMfa,Bite Me,ENHYPEN,"KR,VN",26
3Vo4wInECJQuz9BIBMOu8i,Finesse - Remix; feat. Cardi B,Bruno Mars,"US,VN",26
37R0bQOQj5a7DOqh1TGzvB,One Call Away,Charlie Puth,"US,VN",26
0R6NfOiLzLj4O5VbYSJAjf,La Diabla,Xavi,US,26
4HEOgBHRCExyYVeTyrXsnL,Jingle Bells - Remastered 1999,Frank Sinatra,US,26
0FlcmZ13DGRmscCroro9GO,Body,Don Toliver,US,26
2SaWT781xr3hHLdbVt5DB7,Freakin’ Out,Dexter and The Moonrocks,US,26
1i9lZvlaDdWDPyXEE95aiq,TELEKINESIS,Travis Scott,"KR,US",26
3iEUDvanZwQhLCIqUmCR7N,The Spins,Mac Miller,US,26
67Ar9BnEeB5FU5vQBYhbGe,Be By You,Luke Combs,US,26
3kx21xR6IboC9HVdajgBoc,SABOR FRESA,Fuerza Regida,US,26
0A1hoCfMLkiAgvhWkkucJa,Body,Megan Thee Stallion,US,26
0MUXBhPUDF8or0kfQ0EHwV,Rein Me In,Sam Fender,US,26
4Zpe9VME8DiFjLdqSqPRoZ,Close,Nick Jonas,US,26
4EZUcj7c8n9pWIwHqN0DoH,Do You Hear What I Hear?,Bing Crosby,US,26
3xOi0YhDREKRURFHoNaAOQ,Nine Ball,Zach Bryan,US,26
2WsuSYJNXGKXVYkHPnq2yp,Ransom,Lil Tecca,US,26
1EJIcDYXwSqipW5dFe4uJz,EVERY CHANCE I GET,DJ Khaled,US,26
6piAUJJQFD8oHDUr0b7l7q,VALENTINO,24kGoldn,US,26
7BbaIYAdi3pg4MGl6PHwPv,Monëy so big,Yeat,US,26
58HvfVOeJY7lUuCqF0m3ly,MIDDLE OF THE NIGHT,Elley Duhé,"KR,US",26
5rU6kDNXZLXIinFezpbWbO,Tap,NAV,US,26
1FHIZknONrV2c20w0x5AVG,Don't Mind If I Do,Riley Green,US,26
7f1zjZG77S891Uv4O68yfk,Baby Sitter,DaBaby,US,26
7o4gBbTM6UBLkOYPw9xMCz,Moonwalking in Calabasas,DDG,US,26
0gb1J5UrTpzaU1s3nupgCd,No Money,Galantis,US,26
6AqwH2Y9FJwhUE2dCSkw1u,5 Foot 9,Tyler Hubbard,US,26
6gdLyYNuhWBzqwlOFSsXC7,Better Together,Luke Combs,US,26
7lQ8MOhq6IN2w8EYcFNSUk,Without Me,Eminem,US,26
61QSuw5VlC0LTS8WMO356g,All The Way Up,Fat Joe,US,26
33QRsLBBdWDYgCZfWEZqR6,The Fix,Nelly,US,26
6aRlUgqcLgrxQE3RMngjN5,Good Drank,2 Chainz,US,26
1iuljeYz6ZG3GTJOZZkoer,RGF Island,Fetty Wap,US,26
5JCi3pyggvk4B0yd0BK3ow,Stay High - Habits Remix,Tove Lo,US,26
71EnloViXmSKrQkrkaYFxF,Be Right There,Diplo,US,26
7m3povhdMDLZwuEKak0l0n,Wasted,Tiësto,US,26
7wdzLe2Gsx1RGqbvYZHASz,i,Kendrick Lamar,US,26
6IFa4RUo2iM5L33Hkx82lr,Same Love,Macklemore & Ryan Lewis,US,26
2jLjVXkSJmMprZpIV4gXLN,Reflections,MisterWives,US,26
1alWuqrk1v7xzECNR8ovRo,KISS KISS KISS (Feat. SUNWOO (THE BOYZ)) (Prod. by Hukky Shibaseki),NOWIMYOUNG,KR,26
4eFTh1opLS5wANDmZK9ghC,Cherry Blossom Ending,Busker Busker,KR,26
784rsBTfzmYwvwlFvUXyn5,Attraction,BUMKEY,KR,26
0znsc67nMhP4X9hjhvoyeP,Tick-Tack,ILLIT,KR,26
3o3bRIOKDwGOdqL9HBUNrO,Love Me Like This,NMIXX,KR,26
5OiD0uUNxZkSyG3opReDlx,Don′t do That,Leellamarz,KR,26
3ijq6sRH7PgRabMb83VvQO,Wake Up (Prod. CODE KUNST),Gaeko,KR,26
1XslqSASDWaMZdjhWa7Jb7,Bye bye my blue,Yerin Baek,KR,26
2lHmx4nJOTGHx2PkEFMADF,CREDIT,lIlBOI,KR,26
42AOwjuMmIN1ioyyWB60Lw,hoá ra…,GREY D,VN,25
0t8g66pWghsU8MphjUQIdg,Cảm Ơn Người Đã Thức Cùng Tôi - Original Soundtrack,Phùng Khánh Linh,VN,25
2qrpmvkxE0oz78ym1LEvXd,Kho Báu,(S)TRONG,VN,25
6HGOxrNik4iPurqStawTFQ,MAKING MY WAY,Sơn Tùng M-TP,VN,25
3vSmjbKFByNM6l31NmFlmB,đôi mắt kẻ tình si,GREY D,VN,25
6HpkHTTwfVmSoopeloHqOp,Anh Là Ai?,RAP VIỆT,VN,25
7ESH2ntyD5Bb1XckoJU554,Một Năm Mới Bình An,Sơn Tùng M-TP,VN,25
07tiPBhMqiKqHowwqDBtfK,id T41104,W/N,VN,25
5mG5cQE6SEYxnGCX3I09IC,Vì Mẹ Anh Bắt Chia Tay,Miu Lê,VN,25
2rKkfc4VZ74FQDc1FF1Zo6,Body to Body,BTS,"KR,US,VN",25
2DtUUBwYwEzKMTMDrc5EiO,girls like me don't cry,thủy,VN,25
7hzVxbVA6Y5t9YDzpSgdRS,Chạy Về Khóc Với Anh,ERIK,VN,25
2isSdmQfVv32j2haL6hk9x,Intro : Persona,BTS,"KR,US,VN",25
2cy0YoKwF55W5jL3VIzgm2,Rung Động,Dương Edward,VN,25
1lhm29o3syw122xynSKaAK,Love Me Like That,Sam Kim,"KR,VN",25
0TMGV2zMZXOILVtQLtkI3G,What Am I,Why Don't We,"US,VN",25
2QdH0rKlV3d9Y6lWzcnlBH,In the morning,ITZY,"KR,VN",25
03iCbZaM4OkRR4We6wIzvx,IDOL,BTS,"US,VN",25
6ksvjB1LSB7splNtvA49xX,Người Âm Phủ,Osad,VN,25
0jY5Kr6b9KCefb9mPruLU0,Loving You Sunny,Kimmese,VN,25
4D7BCuvgdJlYvlX5WlN54t,"You're On Your Own, Kid",Taylor Swift,"KR,US,VN",25
1Iq8oo9XkmmvCQiGOfORiz,Is It Over Now? (Taylor's Version) (From The Vault),Taylor Swift,"KR,US,VN",25
1oen3GpTcA486fTHaT7neg,FOREVER 1,Girls' Generation,"KR,VN",25
63SevszngYpZOwf63o61K4,Nevermind,Dennis Lloyd,"US,VN",25
4S8d14HvHb70ImctNgVzQQ,I Love It (& Lil Pump),Kanye West,"US,VN",25
5w9c2J52mkdntKOmRLeM2m,Con Calma,Daddy Yankee,"US,VN",25
1Qg9jWGDkKAGZXj5v2OG59,Wait,Maroon 5,"US,VN",25
4H7WNRErSbONkM06blBoGc,Stay,Post Malone,"US,VN",25
3QIoEi8Enr9uHffwInGIsC,Please Come Home for Christmas - Eagles 2013 Remaster,Eagles,US,25
3oh6SCCeLuXhFpEyepla6G,Thotiana,Blueface,US,25
6CvTEtGagmzQvkUzzyKR9k,HARLEY QUINN,Fuerza Regida,US,25
1dm6z1fWB0cErMszU25dy2,Después de la Playa,Bad Bunny,US,25
2RdEC8Ff83WkX7kDVCHseE,party 4 u,Charli xcx,US,25
6wWaVoUOzLQJHd3bWAUpdZ,"Never Recover (Lil Baby & Gunna, Drake)",Lil Baby,US,25
2009X8GyWTqyxIdzAEYW6N,The One That Got Away,Katy Perry,US,25
1kK6DwzyXJSp58u5HYWwuD,Go Loko,YG,US,25
24XihnoVPWXlKJ4BgXqjVM,It's ok I'm ok,Tate McRae,US,25
79OEIr4J4FHV0O3KrhaXRb,Splashin,Rich The Kid,US,25
6MzofobZt2dm0Kf1hTThFz,Diet Pepsi,Addison Rae,"KR,US",25
2rizacJSyD9S1IQUxUxnsK,All We Know,The Chainsmokers,US,25
2ajzBr7vwHTEBeqDzcsNRC,That Way - Bonus Track,Lil Uzi Vert,US,25
41oY4WCTj5kccfesTVFnvN,Tarot,Bad Bunny,US,25
7B3BwNecBhKvNwSMOOl7Gk,Fame is a Gun,Addison Rae,US,25
4YhY2qHdBmSX33uj8ms0oq,O Tannenbaum,Vince Guaraldi Trio,US,25
2zjGJ0dChMR0KxBZS15aqo,Baguettes in the Face,Mustard,US,25
1QL7nSDZCwZMnbisV4KOXt,t r a n s p a r e n t s o u l feat. Travis Barker,WILLOW,"KR,US",25
42lqBjPYlmL1EXpMDXvhSN,Somebody’s Problem,Morgan Wallen,US,25
4O2rRsoSPb5aN7N3tG6Y3v,Northern Attitude,Noah Kahan,US,25
72kGuWpRiuA149Bn5lDkIO,We Ride,Bryan Martin,US,25
4mHgYpuGHu99Mw69E83CP2,Taking A Walk,Trippie Redd,US,25
6IyoLWzljeR3ldQo4KWHT6,Out thë way,Yeat,US,25
2nLtzopw4rPReszdYBJU6h,Numb,Linkin Park,US,25
5TqBAOIBe0bQA0spNdcG3k,For Free,DJ Khaled,US,25
6XSqqQIy7Lm7SnwxS4NrGx,Classy 101,Feid,US,25
3zEN0ii6s4DHHBpnTp3RP7,We Are The People,Empire Of The Sun,US,25
7crplFzt7spG80NCbpmuCp,I Know What You Did Last Summer,Shawn Mendes,US,25
5KBARWIxeMGkvUax9VtVC9,My Type,Saweetie,US,25
3H7ihDc1dqLriiWXwsc2po,Breaking Me,Topic,US,25
6WbTTAGKrQtCQvmc5BuYfh,Girls in the Hood,Megan Thee Stallion,US,25
5ZEM9j0jrFr5RdHEbl2MYV,Sex,Cheat Codes,US,25
7jtQIBanIiJOMS6RyCx6jZ,Another Love,Tom Odell,US,25
4k3lPl8YTKuY8c1HelVnm3,'Til You Can't,Cody Johnson,US,25
3YeJXuRSNS5FYwOsDu44kD,Dark Knight Dummo (Feat. Travis Scott),Trippie Redd,US,25
2bSk87AVkCIIC3Bcligq1z,Life Goes On,Lil Baby,US,25
7kUtJKGZzLNgIkq1Galkt0,Wherever I Go,OneRepublic,US,25
4R8BJggjosTswLxtkw8V7P,No Me Conoce - Remix,Unknown Artist,US,25
6JjEVlMkfHWMeYavkEYzNO,Gassed Up,Nebu Kiniza,US,25
2AGottAzfC8bHzF7kEJ3Wa,Diamonds Dancing,Drake,US,25
70eDxAyAraNTiD6lx2ZEnH,Ex's & Oh's,Elle King,US,25
7pJgjBf82BrUQ3z7HdQvW1,The Heart Wants What It Wants,Selena Gomez,US,25
3QEdkjBmbgwTnfvuZL9U97,Steal My Girl,One Direction,US,25
33JcUj9qQDayKswunZP9ar,Best Friend,Young Thug,US,25
6xewr95ICoIUeNO5O4MJDl,No Tellin',Drake,US,25
4XPWKmy05Rcff6TLHNoNF8,Ghost,Ella Henderson,US,25
6uZ2x1Z6DSpOGAlVlvuhif,Lay Me Down,Sam Smith,US,25
05SBRd4fXgn8FX7bf8BCAE,I Need Your Love,Calvin Harris,US,25
7pUYFGnZwLa7I3UmDypJGy,It's Time,Imagine Dragons,US,25
32lm3769IRfcnrQV11LO4E,Bailando - Spanish Version,Enrique Iglesias,US,25
3a2tuvXCHbW5nuUckuHkKT,Little Talks,Of Monsters and Men,US,25
4t1DWpmfKVCv4ValVniwfc,사랑합니다...,Tim,KR,25
45OflED18VsURGw2z0Y6Cv,Girls Never Die,tripleS,KR,25
0oZT2aKB40fzyHzqcXE3H3,Let's not fall in love - KR Ver.,BIGBANG,KR,25
5TNMJ6Csb2NgSohuz76XJT,But Sometimes,BOYNEXTDOOR,KR,25
0GWNtMohuYUEHVZ40tcnHF,SPECIALZ,King Gnu,KR,25
3cGp1jXxLReLKz7QgVbWZR,Hello,JOY,KR,25
6262LmmRM1khHX1D4yk6MA,without me,Juho,KR,25
7IuuFQShxmy7zMZ3vZvMFj,Day & Night,Lee Young Ji,KR,25
73RcFjiDtStfP3GCW44vJu,Ngày Rời Chuyến Bay,Minh Huy,VN,24
4yy21UkGZ7gZEGbSERllpE,SỚM MUỘN THÌ,"ANH TRAI ""SAY HI""",VN,24
7kKu4NWeBh01I6aTIEP9bg,TRÓI EM LẠI,"ANH TRAI ""SAY HI""",VN,24
0pavLg3wbL6PVXAgXoWv4S,Một Nửa Sự Thật,24k.Right,VN,24
0bgJPIvefuRnEU4MNJuJSA,Em Đồng Ý (I Do),Đức Phúc,VN,24
5Oc66ca5a4aMjtYJTi228b,Sẽ Quên Em Nhanh Thôi,SOOBIN,VN,24
6UFvSmKzCZ16fxsybf4PhE,HONGKONG1,Nguyễn Trọng Tài,VN,24
5KaZWNVmNQlqM8LdENnxuL,Lao Tâm Khổ Tứ,Thanh Hưng,VN,24
3ho1OQb9SFtCt3MIiRZ8Si,Bắt Cóc Con Tim,Lou Hoàng,VN,24
4vGEfBrpiM4zfYzSyPpysX,Phi Hành Gia,Renja,VN,24
7iKDsPfLT0d5mu2htfMKBZ,Love To Hate Me,BLACKPINK,"KR,US,VN",24
4xalxj2hfKiU3Pws87fSeO,Yêu Sắc Yếu,Osad,VN,24
2oEi9mqbQFJSuS2Wny7bfp,Say You Do,Tiên Tiên,VN,24
5uye47llqkE8Oyn56Y3IkW,Nguoi Oi Nguoi O Dung Ve,Đức Phúc,VN,24
1J14CdDAvBTE1AJYUOwl6C,Arcade,Duncan Laurence,"KR,US,VN",24
7zKDCM8YoeC3tqHV5ZmFuy,Lời Yêu Em,Vũ.,VN,24
1rJyVbXb3njXbN3lokllKf,Người Hãy Quên 'Em Đi,Mỹ Tâm,VN,24
7mFj0LlWtEJaEigguaWqYh,Sweetest Pie,Megan Thee Stallion,"KR,US,VN",24
5rFj8OzffT0iggSjcBaeND,Fire On Fire,Sam Smith,"US,VN",24
3sqrvkNC6IPTIXvvbx9Arw,Enchanted,Taylor Swift,"US,VN",24
4ecVWqbtW6phQGpZMAyqIU,Not Shy,ITZY,"KR,VN",24
3uwnnTQcHM1rDqSfA4gQNz,Cool for the Summer,Demi Lovato,"KR,US,VN",24
6sI8Q7TTJeA9exw6hxEqq3,Blueberry Eyes,MAX,"KR,US,VN",24
0uewy2Kk4E5g9oXBo14gJ4,Tâm Sự Của Ta,Vũ.,VN,24
53CJANUxooaqGOtdsBTh7O,Old Town Road,Lil Nas X,"US,VN",24
4otPckwHKKGxSsIi97TCAD,Tìm (Lost),MIN,VN,24
1jXkl4Jv3iiX0Maj77witN,HEYA,IVE,"KR,VN",24
7sMBvZCSUl99bJLXZaLa0b,Smokin Out The Window,Bruno Mars,"KR,US,VN",24
2J0TRU2EDG29qlmxdGa4xa,SCIENTIST,TWICE,"KR,VN",24
6LuvVxHXQDtsPxtE07Ycbe,S-Class,Stray Kids,"KR,US,VN",24
7K7MUBCnzgBAvMVW2RTWNs,Body,Loud Luxury,"US,VN",24
3npzogdOEiVsieXmmhBepL,The Bones,Maren Morris,"US,VN",24
3qN5qMTKyEEmiTZD38BNTT,I'm Upset,Drake,"US,VN",24
3aSWXU6owkZeVhh94XxEWO,30 For 30,SZA,"KR,US",24
7ro0hRteUMfnOioTFI5TG1,WHERE SHE GOES,Bad Bunny,"KR,US",24
7u7IqryLFAygWFz6bsEB7y,Blue Strips,Jessie Murph,US,24
6UN73IYd0hZxLi8wFPMQij,Players,Coi Leray,"KR,US",24
1D3z6HTiQsNmZxjl7F7eoG,m y . l i f e,J. Cole,"KR,US",24
4ckuS4Nj4FZ7i3Def3Br8W,Sneakin’,Drake,US,24
6I6NX6tjGsxFAsIfGzY9lJ,Deja Vu,J. Cole,US,24
5aXgz1oKK8Q9z9xvTmSnrO,Topanga,Trippie Redd,US,24
0CokSRCu5hZgPxcZBaEzVE,Glorious,Macklemore,US,24
6zFMeegAMYQo0mt8rXtrli,HOLIDAY,Lil Nas X,"KR,US",24
4guBZjUyrGoHsTahO3IHdj,Did It Again,Lil Tecca,US,24
74fV8TuLZKVzSIOOGu8wwI,Go Stupid,Polo G,US,24
2cEnKRR4dYBB2VA1mjlb1z,Nevada,YoungBoy Never Broke Again,US,24
4MAsYGSgxsaj73dC2lvFC4,WORKIN ME,Quavo,US,24
030mot3ZKR3oskfMsqDB2R,Have Yourself A Merry Little Christmas,Judy Garland,US,24
1797zYiX4cKosMH836X9Gt,La Corriente,Bad Bunny,US,24
7k4t7uLgtOxPwTpFmtJNTY,Tusa,KAROL G,US,24
0afhq8XCExXpqazXczTSve,Galway Girl,Ed Sheeran,US,24
6WNqOfvfqmbyCk23ejRBwO,I'm Not The Only One,Sam Smith,US,24
39sDitIeCMrVX2QyXHY46t,Blue Hair,TV Girl,US,24
4dAMdQ6g4kGmnc1MDHsg77,Shotta Flow,NLE Choppa,US,24
0IuVhCflrQPMGRrOyoY5RW,she's all i wanna be,Tate McRae,"KR,US",24
2CPqh63wRVscbceKcPxwvv,The Ocean,Mike Perry,US,24
2vjmyyAnDUzilFYxOlTdO1,GUMMO,6ix9ine,US,24
7DbdUf8aHSYoliSjO6LZv6,"Sex, Drugs, Etc.",Beach Weather,US,24
3NLnwwAQbbFKcEcV8hDItk,Perfect,One Direction,US,24
086myS9r57YsLbJpU0TgK9,Why'd You Only Call Me When You're High?,Arctic Monkeys,US,24
7ms3VzLTfr7fXNOqA4Mkx9,Creeping,Lil Skies,US,24
6HEIBHUirx1J0JkUD24szt,Water,Ugly God,US,24
0qYTZCo5Bwh1nsUFGZP3zn,Felices los 4,Maluma,US,24
6KI1ZpZWYAJLvmVhCJz65G,You Don't Own Me,SAYGRACE,US,24
4orphgwPHHRsdEkfUmANSD,"Honey, I'm Good.",Andy Grammer,US,24
5oyUurs28XRagLa8lgm6V3,Too Much Sauce,DJ ESCO,US,24
5UPNBWFU2TEf9kauIITfBs,Saved,Ty Dolla $ign,US,24
6YhDHby2eVeENKJNa7C2z6,I Really Like You,Carly Rae Jepsen,US,24
1zWZvrk13cL8Sl3VLeG57F,T-Shirt,Thomas Rhett,US,24
6YwLgicpvVuMt1eE2OldwQ,Five More Hours - Deorro x Chris Brown,Deorro,US,24
3WKg25vrbjJlkhsgl2W4p3,Bright,Echosmith,US,24
63LAR8TGAGvpfLLM8Z1weo,Applause,Lady Gaga,US,24
731Pa6Gt7GAdADATMSEL0N,One Man Can Change The World,Big Sean,US,24
4YMqbFcDIFiCBd02PzUBcM,Thrift Shop,Macklemore & Ryan Lewis,US,24
7uc39NPTNiu86GQxTUMzGT,Show Me,Kid Ink,US,24
1hZ13x9jzNpcSXd6hWtqsw,100,The Game,US,24
5CXnIPD6rTjszYYQm6fY2P,Dirt,Florida Georgia Line,US,24
2TR7A4ulH9R1PNwMyd8o8U,This Is How We Roll,Florida Georgia Line,US,24
799rStkChWWYGLOIVFGFiW,"Touchin, Lovin",Trey Songz,US,24
5SsR3wtCOafDmZgvIdRhSm,Man Of The Year,ScHoolboy Q,US,24
6wJhz2jABaX2oMChhGy39Y,The A Team,Ed Sheeran,US,24
5dxiriLgC9mu2FbSNqudld,Paradise of Rumors,AKMU,KR,24
3yKUJbZjAWlteUSjnNv3UK,"Joy, Sorrow, A Beautiful Heart",AKMU,KR,24
2DbDefRFJ5YOfXCKOeCJJh,Igloo,KISS OF LIFE,KR,24
5qAfVxNUxjrELshgTpWxLf,OVERDRIVE,TWS,KR,24
26JeAi8xsSvLRoNsl9B8Js,FANTASTIC BABY - Japanese ver.,BIGBANG,KR,24
7iT56ss42YdtYnNQEnxp9Z,WHO YOU?,G-DRAGON,KR,24
0tSkMuKKrLXEfxc58cEhFX,Off The Record,IVE,KR,24
20SIjymeaQNEv0NkPLpa6N,I Missed You,WSG WANNABE(4FIRE),KR,24
1jxGBe4s8FwL2ZeNWszVuu,I'm Gonna Love You,D.O.,KR,24
7I7TTfKcDDAeSf6HPgbdPT,Foolish Love,M.O.M,KR,24
4T2cOfemKB0owJS2JOu7dF,Can I Love ?,Cosmic Boy,KR,24
07d8eaOuAWdC0DANq3tdPd,QUAY ĐI QUAY LẠI,"ANH TRAI ""SAY HI""",VN,23
6QFCMUUq1T2Vf5sFUXcuQ7,Beauty And A Beat,Justin Bieber,"KR,US,VN",23
3pmDpi2XUdGGInqXQbOIaM,Đổi Tư Thế,Donald Gold,VN,23
2QUU1AtY5fndKDNbr17EFk,người điên,tlinh,VN,23
6Wobsw9uZ0D0xkfOjxXSq9,Messy (From F1® The Movie),ROSÉ,"KR,VN",23
5pUFGyGOKRkR1gaCzCYlJD,GOODBYE ROCKY,Dangrangto,VN,23
3bmpXHVie1GTy37OkXJ7Vc,2.0,BTS,"KR,US,VN",23
5Fhr3wqeieN5WDkAsqL1JJ,MONA LISA,j-hope,"KR,US,VN",23
6UdpjBhLNMFl3dH46iXlGi,Nắng Ấm Ngang Qua,Sơn Tùng M-TP,VN,23
6iWPQ9xAYH3ZePu2Z209Y6,Chỉ Là Không Cùng Nhau (Live Version),Tăng Phúc,VN,23
0mjCVMElNTISeFwF2VdWJ3,Chán Gái 707,Low G,VN,23
64UWFwTIsfoHZolWAjKGgw,Dù Cho Mai Về Sau (Acoustic Version),buitruonglinh,VN,23
6hy9HCfQd8mISNWd6mnDoA,Khi Cô Đơn Em Nhớ Ai (Lofi),Vicky Nhung,VN,23
28a0aMV1OKoyNiCJuNsWrY,That’s Not How This Works,Charlie Puth,"KR,VN",23
314ZkcV7oLWG8yWE7LABvH,Make It Right,BTS,"KR,US,VN",23
3yOlyBJuViE2YSGn3nVE1K,My Oh My,Camila Cabello,"US,VN",23
0fzOCeKsKU1E0yOXWYGETp,Hong Kong 1 (RnB Version),Nguyễn Trọng Tài,VN,23
0ct6r3EGTcMLPtrXHDvVjc,The Nights,Avicii,"KR,US,VN",23
27kB4qLUCV8nZd2eOgj1Tk,KILLING ME,iKON,VN,23
6WbADFqMvR8N5u0BvtsWQE,Without You,Avicii,"US,VN",23
3GYlZ7tbxLOxe6ewMNVTkw,TV,Billie Eilish,"KR,US,VN",23
6ZRuF2n1CQxyxxAAWsKJOy,Nights Like This,Kehlani,"US,VN",23
0b9oOr2ZgvyQu88wzixux9,This Is America,Childish Gambino,"US,VN",23
7yotKA30dwTKNEGomV9ZsI,KOD,J. Cole,"US,VN",23
1Qi2wh8fFgDV7tl4Sj3f2K,Have Yourself A Merry Little Christmas,Sam Smith,"US,VN",23
741UUVE2kuITl0c6zuqqbO,Barbie World,Nicki Minaj,"KR,US",23
53qkszfgztIvkFyF31GfdQ,Dreams - 2001 Remaster,Fleetwood Mac,US,23
6T7FXSuXykeGktMLGp8WgE,All My Life,Lil Durk,"KR,US",23
36idurZmYRjJ56KQ8JD9bN,Boston,STELLA LEFTY,US,23
04a44cx2PJthIbN2aLMXhl,TIT FOR TAT,Tate McRae,US,23
5XVdHRf4CAJ2Jm0uMIy5qY,La Víctima,Xavi,US,23
0FA4wrjDJvJTTU8AepZTup,Watch This - ARIZONATEARS Pluggnb Remix,Lil Uzi Vert,US,23
2OQ6a4CfUeYskpTTgyawyJ,You Make It Feel Like Christmas,Gwen Stefani,"KR,US",23
2L9N0zZnd37dwF0clgxMGI,ceilings,Lizzy McAlpine,"KR,US",23
4kjI1gwQZRKNDkw1nI475M,MY EYES,Travis Scott,"KR,US",23
1Wf14bTyb6UeKojy8ykPYm,Happy Holiday / The Holiday Season,Andy Williams,US,23
0Fpen1PTuEnCmOJtUU9Iud,New Patek,Lil Uzi Vert,US,23
3rdAz1fbUfZxYgaCviYhRo,Todo De Ti,Rauw Alejandro,"KR,US",23
3D24ErT1MMmUfXWotSj2A2,ME JALO,Fuerza Regida,US,23
67XyC1GdSkKb9sbRRkUDXS,Shotta Flow (Feat. Blueface) [Remix],NLE Choppa,US,23
2MShy1GSSgbmGUxADNIao5,Calling My Spirit,Kodak Black,US,23
1N8TTK1Uoy7UvQNUazfUt5,SPIT IN MY FACE!,ThxSoMch,US,23
2n7ohqg1s68ToAHh4u9mcW,Vete,Bad Bunny,US,23
3qgPpwtuRu5oP8EtFSj8HE,SO DONE,The Kid LAROI,US,23
0SqqAgdovOE24BzxIClpjw,Yo Perreo Sola,Bad Bunny,US,23
7nD9nN3jord9wWcfW3Gkcm,All In My Head (Flex),Fifth Harmony,US,23
5qHirGR7M9tdm6C17DlzSY,REEL IT IN,Aminé,US,23
0gmbgwZ8iqyMPmXefof8Yf,How You Remind Me,Nickelback,US,23
4aarlAfLKVCTxUDNgbwhjH,Cry Baby,Megan Thee Stallion,US,23
1sx0XsWUusUoPstbvokZjP,A-O-K,Tai Verdes,"KR,US",23
6kig1UFggPUyZBCvXD3Wod,No Complaints,Metro Boomin,US,23
0NmeI6UpRE27dxxgosD5n9,NO,Meghan Trainor,US,23
07GilNHSfS5oicUgHgU7VG,Hype,Drake,US,23
1iPBD72u3nAyFEeardYuBV,Kamikaze,Lil Mosey,US,23
5PMNu7kMZ4msbxiKnDTOt0,With You,Drake,US,23
0OwX5aROoW1Iip8FV51Efg,Alarm,Anne-Marie,US,23
3jjsRKEsF42ccXf8kWR3nu,Washing Machine Heart,Mitski,US,23
5nA67Y0XX9JipZwYxX7Gl7,This Town,Niall Horan,US,23
6M0IsaUX4GNyto4niSegfI,No Option,Post Malone,US,23
2Foc5Q5nqNiosCNqttzHof,Get Lucky,Daft Punk,US,23
2nBI3iWLhupR7LyAJ5GGkE,Champions,Kanye West,US,23
3kkObn08oHrNmCFHSNR0jD,Flex Like Ouu,Lil Pump,US,23
0Gi17qCJh9e9RJxLaYkm9l,Dark Times,The Weeknd,US,23
2stPxcgjdSImK7Gizl8ZUN,The Man,Aloe Blacc,US,23
4FqMPJlvfY5Nfo3gRKcNxl,Colors,Halsey,US,23
7vFoFDWqTX0mHzLfrF1Cfy,Cheerleader - Felix Jaehn Remix Radio Edit,OMI,US,23
11BIoKDpTJHX5mZt6p566h,New Level,A$AP Ferg,US,23
7seTcUFOhn5caSDbiSfsp0,She Knows,Ne-Yo,US,23
5Nbe9vDQ1YJdreVIlhZEpP,Lay Me Down,Sam Smith,US,23
7pqgMEKsDMOHUdFQ7n0N9K,Dangerous,David Guetta,US,23
7wVeIwUxcUddK44joZ3bPO,Kick The Dust Up,Luke Bryan,US,23
4Y7XAxTANhu3lmnLAzhWJW,Fireball,Pitbull,US,23
6t2eIONH4Sax3R21QWiKNp,Believe Me,Lil Wayne,US,23
6PUIzlqotEmPuBfjbwYWOB,Summertime Sadness (Lana Del Rey Vs. Cedric Gervais) - Cedric Gervais Remix / Radio Edit,Lana Del Rey,US,23
7hpGGPTNTgdmyjtudEmLfX,My Nigga,YG,US,23
722tgOgdIbNe3BEyLnejw4,Black Skinhead,Kanye West,US,23
6XpfrI2hjCWLyOFAuLJ83z,On Top Of The World,Imagine Dragons,US,23
3hBAYbAECEix9raaTq8S3H,ヒロイン,back number,KR,23
34DtDWmIUacoop6Md298vE,Pump Up The Volume!,PLAVE,KR,23
7yZD4AVfQtAZD4cG8eRnPk,DIE 4 YOU,DEAN,KR,23
370HUQ80ZczhMaWuFZO54Q,FLOWER ROAD - KR Ver.,BIGBANG,KR,23
1klq7dgG1Pz0ijci5Pmae1,CASE 143,Stray Kids,KR,23
3BlFzuu8yqE4bMrHKTViee,Let's Stay Well (My love X Roy Kim),Roy Kim,KR,23
6eyVKpe2LGukVfC8wpd3D2,"One, Two (Feat. Punch)",Kim Seungmin,KR,23
2fCwv2ppU5nTRTckomIGsd,REDRED,CORTIS,"KR,VN",22
2nRMW95dnOILirpjbksLTs,Never Let Go,Jung Kook,"KR,VN",22
0A0oqleZkyD8FN6aW48Jzn,Yên Bình Có Quá Đắt Không,Khiem,VN,22
5TtNxUZBjYR4wgzOpHpS7h,LOVE SAND,"ANH TRAI ""SAY HI""",VN,22
56LSZ1PFm7nOo734RfbEDo,TIẾC CHO EM,RHYDER,VN,22
2ctmaWoBxLBYiZB7AKmK1D,Bảo Tàng,Low G,VN,22
2LhXE2daNpLVv9LYXvYm8F,Là Anh,Phạm Lịch,VN,22
20dAJsyno9ZoBLJtqgQnUI,Hooligan,BTS,"KR,US,VN",22
3l6LBCOL9nPsSY29TUY2VE,Lilith,Halsey,"KR,VN",22
0H4ugk6rhnXmTl47ayy9O5,Daechwita,Agust D,"KR,US,VN",22
3CqtQwaoQTdgDWLHyv7Twr,đứa nào làm em buồn?,Phuc Du,VN,22
64qXPpH0c7GkJOQcUj79Ia,Cô Đơn Trên Sofa,Hồ Ngọc Hà,VN,22
4AT7ZRCPu3jDxA4Y22IO22,Tự Tình 2,Trung Quân,VN,22
08mBjtIMyRWBh4Y4ubOuiK,"EYES, NOSE, LIPS - KR Ver.",TAEYANG,"KR,VN",22
79ME0P8ch9estARqe674HK,Tiền Nhiều Để Làm Gì,RAP VIỆT,VN,22
4kIpBfvK44bxqX7zo8K1oP,시작,Gaho,"KR,VN",22
2ZlCGeK30BLRNSPC832pNZ,Forever,Justin Bieber,"US,VN",22
5yvVYFDUpbnjcnRBgjwTzM,Dracula - JENNIE Remix,Tame Impala,"KR,US,VN",22
3ZYrI2prWaAm1RbpCqZzlO,CHẠY NGAY ĐI - Onionn Remix,Sơn Tùng M-TP,VN,22
3VBj0lzjmhTzVFPEDOjNCG,BATTER UP,BABYMONSTER,"KR,VN",22
6V9fHiv84WlVTg7CSnIVY2,Graveyard,Halsey,"US,VN",22
0eu4C55hL6x29mmeAjytzC,Life Goes On,Oliver Tree,"KR,US,VN",22
1iWHabUgUuuKLBa0TzTHfk,A Whole New World (End Title),ZAYN,"US,VN",22
1diS6nkxMQc3wwC4G1j0bh,We're Good,Dua Lipa,"KR,US,VN",22
3fRCAPMMZ8l8P9YKI6OCzD,drop dead,Olivia Rodrigo,"KR,US,VN",22
1trFxVLL8WKhYap543e74l,Airplane pt.2,BTS,"KR,US,VN",22
5icOoE6VgqFKohjWWNp0Ac,Here With Me,Marshmello,"US,VN",22
5tAa8Uaqr4VvA3693mbIhU,Ruin My Life,Zara Larsson,"US,VN",22
0lG6QM1jjbbX5UUn3DPmrZ,Lost Control,Alan Walker,VN,22
4ut5G4rgB1ClpMTMfjoIuy,High On Life,Martin Garrix,VN,22
6koKhrBBcExADvWuOgceNZ,Open Arms,SZA,"KR,US,VN",22
58Q3FZFs1YXPpliWQB5kXB,Right Now,NewJeans,"KR,VN",22
2LskIZrCeLxRvCiGP8gxlh,Arms Around You,XXXTENTACION,"US,VN",22
55CHeLEfn5iJ0IIkgaa4si,Savage,Megan Thee Stallion,"US,VN",22
5k38wzpLb15YgncyWdTZE4,Him & I,G-Eazy,"US,VN",22
0rHToGels2lt8Y0mCYoF90,Deck The Hall,Nat King Cole,US,22
6xV7Be6XEvkSnighmh2Tzj,Sugar On My Tongue,"Tyler, The Creator","KR,US",22
3XOalgusokruzA5ZBA2Qcb,pushin P,Gunna,"KR,US",22
2Uts1QFB4u2YNIMiqcb4de,peekaboo,Kendrick Lamar,US,22
5bcTCxgc7xVfSaMV3RuVke,Feels,Calvin Harris,US,22
4qW3BbQAwZsrnu8a3ZRdyT,Self Aware,Temper City,"KR,US",22
368eeEO3Y2uZUQ6S5oIjcu,TQM,Fuerza Regida,US,22
5zNW5ARjYhJQJz1AChP33n,Thot Shit,Megan Thee Stallion,"KR,US",22
53IRnAWx13PYmoVYtemUBS,Femininomenon,Chappell Roan,US,22
0jAfdqv18goRTUxm3ilRjb,Startender,A Boogie Wit da Hoodie,US,22
03fs6oV5JAlbytRYf3371S,Everything I Love,Morgan Wallen,US,22
4cacyP5c3PMlfnyjpg13xW,Betty (Get Money),Yung Gravy,"KR,US",22
32fSZSbxeVoiZShMQKLc6Z,My Kink Is Karma,Chappell Roan,US,22
0AluA5RNsa4Cx6XRhf2hWZ,10 Freaky Girls,Metro Boomin,US,22
7sSmQ1OuQqmOabSxLnOnT5,Loving Life Again,Ella Langley,US,22
56qiAh3R5y85Ng26tkAUD3,TGIF,GloRilla,US,22
2Ce5IyMlVRVvN997ZJjJJA,Selfish,Future,US,22
34D5CH3DKBGpAj8ktFOAUH,Dandelion,Ella Langley,US,22
0hvN2v6fAcB6xWyW7UaooA,(There's No Place Like) Home for the Holidays - 1959 Version,Perry Como,US,22
5W8jRrZ6tWrTrqnKRtIQBf,p r i d e . i s . t h e . d e v i l,J. Cole,"KR,US",22
1OjmlSFuzYflWjSMTCyTJv,Like It's Christmas,Jonas Brothers,"KR,US",22
5CzixCxDkRXX9mScCmah8O,Un Ratito,Bad Bunny,US,22
5VEuraNSVxMTzDTtrmL3lQ,Winter Wonderland,Bing Crosby,US,22
33iv3wnGMrrDugd7GBso1z,My Own Worst Enemy,Lit,US,22
7A20WnLkjtZU2d7hIB6Ziu,Start Wit Me,Roddy Ricch,US,22
7Ar4G7Ci11gpt6sfH9Cgz5,Listen to the Music,The Doobie Brothers,US,22
2DEZmgHKAvm41k4J3R2E9Y,Safaera,Bad Bunny,US,22
4qqArAiTPueDxIp7cf87h7,Final Song,MØ,US,22
01TnVDiet1DFTsyWKUKovl,NUMB,XXXTENTACION,US,22
4xqIYGwwZTEem9U8A42SPF,Broke In A Minute,Tory Lanez,US,22
4P92FrvmYQSAfOpp4cpFEi,Simple,Florida Georgia Line,US,22
747eWJy8c3u09N30NSqSTp,I'll Show You,Justin Bieber,US,22
7bCfHiRcfUjG0YVVNUL7Ve,E-GIRLS ARE RUINING MY LIFE!,CORPSE,US,22
2ncLdwTd8qzkxiJjlbiOgC,Mr. Rager,Kid Cudi,US,22
6Tm4Io4ct4w14nB1EUzsY3,Whiskey On You,Nate Smith,US,22
1FUViuNSldssMIawrOXF2i,I Got You,Bebe Rexha,US,22
472vIK1ldetTxRxG3ovaiY,Glad You Exist,Dan + Shay,US,22
4xkOaSrkexMciUUogZKVTS,Till I Collapse,Eminem,US,22
05Z7jet4VDNVgNQWcYHnrk,Party,Chris Brown,US,22
1m4dXbkplvaOO4Wbdjbwxs,Me Too,Meghan Trainor,US,22
4bEGp4AapA0B3Q5PpnSq3K,Fire & Desire,Drake,US,22
79reBHqpRoWXaQbjBBY3UC,All Day,Kanye West,US,22
4UJBJ4KqLFvAv8xJvYcRxq,Amnesia,5 Seconds of Summer,US,22
0QvdM0mzQpphLZVCqVGGjC,Sledgehammer,Fifth Harmony,US,22
33NHr7lu7tCMjK05jUj1v0,Black Magic,Little Mix,US,22
41Ypl7Pzkod2H0VlcZH5DS,Me And My Broken Heart,Rixton,US,22
3PqpjQPv4ciXBsPBT6rRtm,Strip It Down,Luke Bryan,US,22
5afHIkEcVhCF1Z1CTqMUXB,Ain't Nobody (Loves Me Better),felix jaehn,US,22
55h7vJchibLdUkxdlX3fK7,Treasure,Bruno Mars,"KR,US",22
7rdjfrTBMNt3KaaGvSv3YG,Nothing but Trouble - Instagram Models,Lil Wayne,US,22
4if4AqzRQgEtTF1xXddmoc,23,Mike WiLL Made-It,US,22
6VtPWQZDkP6mFoe3Zrjl0X,About the Money,T.I.,US,22
6m4ZFQb3zPt3IdRDTN3tfb,Partition,Beyoncé,US,22
6csiA8EczbxAHDewDL7QQl,The Way,Ariana Grande,US,22
5hjO388KpyXXAWIk1X2wZ4,Ass Drop,Wiz Khalifa,US,22
20tWEsVsKU6FfzXGt4IOuV,고백,DELISPICE,KR,22
2vOAHp8PBBFYqvQUWSoITY,インフェルノ,Mrs. GREEN APPLE,KR,22
51pREVFJeAJGvhJ1rYCKZH,jellyous,ILLIT,KR,22
0FVPOqIivjXR49CyJZAw7g,IF YOU - KR Ver.,BIGBANG,KR,22
1z4mivQugjaobIZAqR4N4U,Monologue,Tei,KR,22
71WZ7yFuwxmQz5jJUpvkGv,예뻤어 You Were Beautiful,DAY6,KR,22
7F7s8Hh6h1PgGUyVzpRfDs,Baby I Need You,Joosiq,KR,22
4ribiWWnI451QMRdOgByIP,Rain and You,LEE MU JIN,KR,22
36OyVzUmUFb1MTTzy3YXbh,"Sau Lời Từ Khước (Theme Song From ""MAI"")",Phan Mạnh Quỳnh,VN,21
5WIKVELHZYJ4vl3x3xlbZD,Ổ Quỷ,MR LANH,VN,21
66v7AvDs5gZfmkJgFMMtHL,A Little Dream Of Me,Công Dương,VN,21
6GPcbZOX4h9MWert6xWpYw,ANH LÀ THẰNG TỒI,Phùng Khánh Linh,VN,21
44XA6tVReCIX8T1c3l9f75,Chế Độ Im Lặng,MIN,VN,21
084taGXkVELabQBsFMFGL8,Vườn mây vừa hay,Ân ngờ,VN,21
23ep27rDA9gklIzuJ6qzRD,Yêu Em 2 Ngày,Dương Domic,VN,21
7HpIBZAsjJq5nW9S8ti7Fi,Cheri Cheri Lady,Maléna,VN,21
08MFgEQeVLF37EyZ7jcwLc,Pano,Zack Tabudlo,VN,21
7DF8lvLdV3htIbuTWpc7lR,Girl Of My Dreams,Juice WRLD,"KR,US,VN",21
0dcnrLo8s1rhjm8euGjI4n,DARARI,TREASURE,"KR,VN",21
0QHEIqNKsMoOY5urbzN48u,Made You Look,Meghan Trainor,"KR,US,VN",21
0myRViRgmQ3J8izICXEAVO,I Thought I Saw Your Face Today,She & Him,"KR,US,VN",21
0BOFCIDygXWLtAD08nJDFV,Nhạc Anh,Andree Right Hand,VN,21
1SOClUWhOi8vHZYMz3GluK,Infinity,Jaymes Young,"KR,US,VN",21
1pV9TLnQdOHbvourRO7x4m,comethru (bonus track),Jeremy Zucker,VN,21
3Ys2PYl1wyPKQIwyqhP9cQ,Stay Gold,BTS,VN,21
3Uo7WG0vmLQ07WB4BDwy7D,willow,Taylor Swift,"KR,US,VN",21
5Btp8j3VXJXOm1Xxu1xTTT,Ái Nộ,Masew,VN,21
2gQPv5jvVPqU2a9HhMNO1v,Toxic,BoyWithUke,"KR,US,VN",21
7F1CiKqrY44kh5cDqwHOnx,Love Is Gone - Acoustic,SLANDER,VN,21
7szuecWAPwGoV1e5vGu8tl,In Your Eyes,The Weeknd,"KR,US,VN",21
7iV733e1KacKrFRaBNxVEf,Intro: Serendipity,BTS,"KR,VN",21
6IRdLKIyS4p7XNiP8r6rsx,all the good girls go to hell,Billie Eilish,"US,VN",21
6MS9ShggpMO7lQMSQz3JhZ,Nep Vao Anh Va Nghe Anh Hat,Hoàng Dũng,VN,21
6mQLN3zRtAp6ovjusyYKrV,Rewrite The Stars,James Arthur,"US,VN",21
67BbMuItfrHmaNqDxBPF7c,WHISTLE - KR Ver.,BLACKPINK,VN,21
1fRaznZsAB2i63TtmYv2Hc,La Vie en Rose,IZ*ONE,VN,21
7uvXCImcEEKhjRRhLyjZLn,Thư Cho Anh,TRANG,VN,21
0G5x8z6rwAop7c0VksDS9M,Dau the Ma,Mỹ Tâm,VN,21
01AKUA3Pgpqm68mhNsC03t,Between us - Vietnamese version,SOOBIN,VN,21
3PEgB3fkiojxms35ntsTgs,More Than You Know,Axwell /\ Ingrosso,"US,VN",21
75JFxkI2RXiU7L9VXzMkle,The Scientist,Coldplay,"KR,US,VN",21
5LMoKDVzW2kDneNu2UbspP,Zero,NewJeans,"KR,VN",21
4ofvoCdXq99vpMZO4Cfp8x,Pray For Me,The Weeknd,"US,VN",21
6B8MM3PVQtUbZLay7tP7er,Hot Sauce,NCT DREAM,"KR,VN",21
1NDxZ7cFAo481dtYWdrUnR,Pretty Girl - Cheat Codes X CADE Remix,Maggie Lindemann,"US,VN",21
0CatzXH85XWyBqqdB6qPMB,Beatbox,NCT DREAM,"KR,VN",21
0YVsrgp4OOUhFuYMAVQazV,FXXK IT,BIGBANG,"KR,VN",21
2mvabkN1i2gLnGAPUVdwek,Christmas Tree Farm,Taylor Swift,"US,VN",21
22An65gG31JLf9n18qjdhZ,BAD!,XXXTENTACION,"US,VN",21
19WjVVgXjdKXfLXoaDPwTM,...Ready For It?,Taylor Swift,"US,VN",21
1eTaznNW4Xxtx9za2SMTXB,DENIAL IS A RIVER,Doechii,"KR,US",21
3bMfUUpzUzqWp9II00yRhE,Christmas Time Is Here - Vocal - Album Version,Vince Guaraldi Trio,US,21
5BKKy9fIJL5uM9fz1SnqyP,Chicago,Michael Jackson,US,21
61rwYQu9An4QWrcCUyFUyq,I Can't Love You Anymore,Ella Langley,US,21
3BovdzfaX4jb5KFQwoPfAw,Beat It,Michael Jackson,"KR,US",21
77fL8ATR0dpUDLI0XLmDBV,Orbiter,Noah Kahan,US,21
3kW4z2pIj5VY5fLjBrMRL5,P2,Lil Uzi Vert,US,21
6pk6E0SZxILzfaAGFngxEs,Willing and Able,Noah Kahan,US,21
4Jsus7N4d8hFB2G9gcRdBv,NOBLE,F3miii,US,21
2VdT56BGpdqNHUgOe1j5vc,Rich & Sad,Post Malone,US,21
1SRw5p2lVAi7RGlHEmZg66,Favorite Song,Toosii,US,21
6uvh0In7u1Xn4HgxOfAn8O,Matilda,Harry Styles,"KR,US",21
2za9t2qpWyUpIhnJcwopPt,Sleepless in a Hotel Room,Luke Combs,US,21
4Q34FP1AT7GEl9oLgNtiWj,Mr. Right Now,21 Savage,US,21
4OmfWzukSVD140NiAIEjem,Static,Steve Lacy,US,21
74lnM5V6ecvoTPV0fvptx9,Nuketown,Ski Mask The Slump God,US,21
5u6vkDnOyaf8LsteDAj2ub,Ghostface Killers,21 Savage,US,21
0QgwjxR1VchizzckKXwyBu,POP DAT THANG,DaBaby,US,21
25zlnOAzbVoOzIeXSvQFf1,Got It On Me,Pop Smoke,US,21
3jHdKaLCkuNEkWcLVmQPCX,BEST INTEREST,"Tyler, The Creator",US,21
2tTmW7RDtMQtBk7m2rYeSw,"Quevedo: Bzrp Music Sessions, Vol. 52",Bizarrap,"KR,US",21
6RcAHyC5sAUIbPTkhOQwd8,Y LLORO,Junior H,US,21
1KVczjazCcCCgM3gXXUl47,Roses,benny blanco,US,21
75lcPkAkUsKWHGBlGM476R,1400 / 999 Freestyle,Trippie Redd,US,21
7KxhSJOYiqCDclXDBNlFSZ,Kill Em With Kindness,Selena Gomez,US,21
0AUvWawuP0ibk4SQ3sIZjk,Daisy,Ashnikko,US,21
5SkRLpaGtvYPhw02vZhQQ9,All Falls Down,Kanye West,US,21
5Htb1uFQ1KrkFXlefS8oGj,Tell Me You Love Me,Demi Lovato,US,21
6nO3tr47nr2P7f3hXb8JIo,Champion,NAV,US,21
0NmuYnjETG3u3qx0OmEJev,Lil Bit,Nelly,US,21
6nxQdXa1uAL0rY72wPZu89,Love Me Now,John Legend,US,21
1CUVN2kn7mW5FjkqXTR2W1,Perfect Strangers,Jonas Blue,US,21
6f3Slt0GbA2bPZlz0aIFXN,The Business,Tiësto,"KR,US",21
2Jh3UqxnHJMyzMzku4uOtE,Feeling,Juice WRLD,US,21
55Am8neGJkdj2ADaM3aw5H,Train Wreck,James Arthur,US,21
18asYwWugKjjsihZ0YvRxO,The Motto,Tiësto,"KR,US",21
5IUtvfNvOyVYZUa6AJFrnP,Spicy,Ty Dolla $ign,US,21
0hNduWmlWmEmuwEFcYvRu1,Sunset Lover,Petit Biscuit,US,21
5gx2E5aIXMRBellPZW1up5,Pills & Automobiles,Chris Brown,US,21
1SF8piqsZWn86DajVKih8F,Kacey Talk,YoungBoy Never Broke Again,US,21
2qGfZAgDe1pV2y5xJAhi6R,Slime Belief,YoungBoy Never Broke Again,US,21
6RSNKGdv3nDTHqgw4bdzyF,Yours,Russell Dickerson,US,21
6j0teRL3WdExzqmy334sh5,Seven Million,Lil Uzi Vert,US,21
6WjmPTZKeDylStKmGHLcqQ,Confident,Demi Lovato,US,21
6zDaopn1sO8WUDTNdV8EdT,Somewhere On A Beach,Dierks Bentley,US,21
4RZMYKoQiDH27kh6UoIrI2,L.A.LOVE (la la),Fergie,US,21
3cU2wBxuV6nFiuf6PJZNlC,Dear Future Husband,Meghan Trainor,US,21
1dIWPXMX4kRHj6Dt2DStUQ,Chosen,Blxst,"KR,US",21
1PTqbs9FV8hSJCS7OOF5OC,Do It Again,Pia Mia,US,21
7GCElX2eJA5t0AFWw3WzKn,This Is How We Do,Katy Perry,US,21
1mKXFLRA179hdOWQBwUk9e,Just Give Me a Reason,P!nk,US,21
1qwnPVOIJjAFfCc40Etb1D,Homegrown,Zac Brown Band,US,21
1PS1QMdUqOal0ai3Gt7sDQ,Gold Digger,Kanye West,US,21
7Gkphzdh5ouurEt7JT49Yu,Come & Get It,Selena Gomez,US,21
6mw7j4oDrvYt9MsCFJ2ORH,No Flex Zone,Rae Sremmurd,US,21
2XRCxFtPqSsnY94jZCFuYu,From Eden,Hozier,US,21
6atDVsk39X4LS1C3hdgX5l,Lose Yourself - Soundtrack Version,Eminem,US,21
1jtlHteF4y7FFHKgYFld4f,REBEL HEART,IVE,KR,21
65X2koe1LhDgQmRkNdJFv9,AIZO,King Gnu,KR,21
5LCxeObb3oj4m2lUCm0OJW,애상,COOL,KR,21
4kWRjkhMIGMnyWpYc8L7no,The last stop of our pain,HANRORO,KR,21
0orRPUR6XYEknr7oLFkk5w,How To Go On,HANRORO,KR,21
0jYN8yREKgmXjKkVBfB198,Eternal love,BOL4,KR,21
2Ofqs4b2114JHEpkOoCfNE,josee!,데이먼스 이어 Damons year,KR,21
0qhreE12TQ0x669kJDfL3V,Flowering,LUCY,KR,21
1T6xi2QrnmwaebXGvWAjLg,WAY 4 LUV,PLAVE,KR,21
7qPzWJGFP6KO6JgDqKdjDK,BAE BAE - KR Ver.,BIGBANG,KR,21
5UOY3OZib7H4KFwTfsT66g,NOT SORRY (Feat. pH-1) (Prod. by Slom),Lee Young Ji,KR,21
1zJUr9Oo5zEjvJrdlg67jQ,Steady,NCT WISH,KR,21
6cwSbxCqAwBNbCqaLMZgbT,LOSER - KR Ver.,BIGBANG,KR,21
5eO04wLeM487N9qhPHPPoB,Gift,MeloMance,KR,21
3ybJERCKs3Jf3aT7xU1Vs4,Live My Life,aespa,KR,21
2Ghu1DdMwxS3VAyB7i38Wo,That's okay,D.O.,KR,21
1xWVYPdaLm909DbFmuPGOR,Slightly Tipsy (She is My Type♡ X SANDEUL),Sandeul,KR,21
6uEWYpv8HNAdbwHlqemG1F,Love story,BOL4,KR,21
3UX7FjJDl6RodnWekzFwEB,Exit Sign,HIEUTHUHAI,VN,20
3CyGK8BeJ5iCunpzvHyINs,Anh Luôn Như Vậy,B Ray,VN,20
5WkJN8HoGWMrd0yDI0OxwA,Vị Nhà,Đen,VN,20
5iMdP8UpQS4Vn43R30fhhs,Đau Để Trưởng Thành,Only C,VN,20
7h69br1nQFSSgdVQp6sPx6,Không Phải Gu,HIEUTHUHAI,VN,20
7hkvAaJNRlnetwv8Se2kDA,Một Ngày Chẳng Nắng,Pháo,VN,20
4JzCFEc3O2UEdjKzevvFH5,For Youth,BTS,"KR,US,VN",20
0ljbDAWHXvX6Fbqy2qs98U,"Giàu Vì Bạn, Sang Vì Vợ",RAP VIỆT,VN,20
2kqnQCChvRpDRAasIwc4Rh,Maria,HWASA,VN,20
1Uj89dqT3gdnnKZnaOMWI8,in the dark,TIA,VN,20
0b3N9S5FHJ4h9k7IsKDVSy,Thiên Đàng,Wowy,VN,20
1ZPpGPko8oULTmi34rozMh,Trivia 轉 : Seesaw,BTS,"KR,VN",20
2Oycxb8QbPkpHTo8ZrmG0B,Prisoner,Miley Cyrus,"KR,US,VN",20
4pvb0WLRcMtbPGmtejJJ6y,exile,Taylor Swift,"US,VN",20
1rbjic9uKr1p6nxnjLDHN6,Do You Love Me,Stephanie Poetri,VN,20
4EivmOT13NMpNSfTKn9p4s,Like That,Doja Cat,"US,VN",20
4lRwa7PKcGIuJMwtPIYKdy,Anpanman,BTS,"KR,US,VN",20
6Yx181fZzA0YE2EkUsYruq,Big Plans,Why Don't We,"US,VN",20
4BISvvJqO738LCWFWsaXF9,Doi La Giac Mo (Nhac Phim Chi Tro Ly Cua Anh),Mỹ Tâm,VN,20
0rhI6gvOeCKA502RdJAbfs,Sugar Rush Ride,TOMORROW X TOGETHER,"KR,US,VN",20
2zy9TMoZlYGuCNY4TLqG24,Don't Leave Me Alone,David Guetta,"US,VN",20
7s7tnNQDgYutWEPaeanT58,Tìm Lại Bầu Trời,Tuấn Hưng,VN,20
2ezKXygNO30pXyDQXkm6oD,LATATA,i-dle,VN,20
3vIkVVbhpMvsOJ1BKWT0nT,TAKE ME,G-DRAGON,"KR,VN",20
1qSgfEIyWNnDSmH1vBrZQ3,Lanh Lung,Mỹ Tâm,VN,20
7uuEfUMuPeQ7RlSWa0cES2,Can’t Help Falling in Love,Kina Grannis,VN,20
3UoULw70kMsiVXxW0L3A33,pov,Ariana Grande,"KR,US,VN",20
0DiDStADDVh3SvAsoJAFMk,Only Human,Jonas Brothers,"US,VN",20
2R8MZR1RCP4cIJITHDPRbY,Favorite (Vampire),NCT 127,"KR,VN",20
2FeBslNBMdR9V58uv6hd2t,N95,Kendrick Lamar,"KR,US,VN",20
5b1PngLlxc7hj3fJXrE2Zm,Glitch Mode,NCT DREAM,"KR,VN",20
3qnoOm4fwZPBS116f5hpgF,All Mine,Kanye West,"US,VN",20
5iJKGpnFfvbjZJeAtwXfCj,28,Zach Bryan,US,20
4MjDJD8cW7iVeWInc2Bdyj,MONACO,Bad Bunny,"KR,US",20
2MjXWroB9wlTG2kqv3avfS,Get It Sexyy,Sexyy Red,US,20
0je57Uq5eTk1wrPzn9sWbl,When Did You Get Hot?,Sabrina Carpenter,US,20
1cOboCuWYI2osTOfolMRS6,Tu Boda,Oscar Maydon,US,20
6K5ph5mq1qprHae3TrgTj5,Surface Pressure,Jessica Darrow,US,20
554qQSs9lpRVq6TlaaiIKT,4 Raws,EsDeeKid,US,20
4pkb8SbRGeHAvdb87v9rpf,Miles On It,Marshmello,US,20
19GxfaRs5KdurzPKLVX3Cq,"TAKEDOWN (JEONGYEON, JIHYO, CHAEYOUNG)",TWICE,"KR,US",20
7ABLbnD53cQK00mhcaOUVG,LALA,Myke Towers,US,20
2BkTPMr1v6Fr6JJwc4V7R5,Strategy,TWICE,"KR,US",20
2c7z5oRcPBbqRaBY2mLWcf,NEW DROP,Don Toliver,US,20
0lMbuWUpfTWhEmOKxppEau,Rollin,Calvin Harris,US,20
7gF2mPcjipv2hLGHY7bi17,"Rain Sounds for Sleeping, Pt. 06 (Continuous No Gaps)",White Noise Radiance,US,20
2habSXqcJGExM6JJyskY7O,Malibu,Miley Cyrus,US,20
4OMJGnvZfDvsePyCwRGO7X,Houdini,Dua Lipa,"KR,US",20
4eNOLmx8r2IJAVKvBBL1jv,Headshot,Lil Tjay,US,20
3x3K1RP3Zfi2qeMR8kyrNO,Sorry I'm Here For Someone Else,Benson Boone,US,20
3HOKxuTDmNVmIlCIpBiD8m,LAGUNAS,Peso Pluma,US,20
2LlQb7Uoj1kKyGhlkBf9aC,Thriller,Michael Jackson,US,20
4e0FYxSROat25pH16zMTZI,Love Me,Lil Tecca,US,20
0wXThIDxO3YRJCpPgnmbkw,Where It Ends,Bailey Zimmerman,US,20
0Q2n5yzl2XRqYbV77tZNYp,GOODMORNINGTOKYO!,TOKYO’S REVENGE,US,20
3o9kpgkIcffx0iSwxhuNI2,Numb Little Bug,Em Beihold,"KR,US",20
6ZOBP3NvffbU4SZcrnt1k6,Kryptonite,3 Doors Down,US,20
0lmdsH1MIoLsMymnNpd6HU,Let Me Hold You (Turn Me On),Dante Klein,US,20
299lFlaAsNQdgbIZNPmIA0,Christmas Time Is Here - Vocal,Vince Guaraldi Trio,US,20
2K7xn816oNHJZ0aVqdQsha,Softcore,The Neighbourhood,US,20
5eFxwmqKrHpSQDOEIFYlgY,Animal I Have Become,Three Days Grace,US,20
7ge7BHazYbVKi8qyZUX1Bm,Emotionally Scarred,Lil Baby,US,20
22oEJW6r2rMb9z4IntfyEa,"Hey Look Ma, I Made It",Panic! At The Disco,US,20
1yNyoWWWikbLhwIGWjZuDW,All Night,The Vamps,US,20
3V8sM5OOG6YfDuDLa2IIYJ,Used to This,Future,US,20
5VlTQnZO89Ioku8ssdbqJk,Dead Man Walking,Brent Faiyaz,US,20
2kS6td1yvmpNgZTt1q5pQq,Hayloft,Mother Mother,US,20
2h4cmbyb6S7e8igDZIITJU,3 Headed Goat,Lil Durk,US,20
6HUnnBwYZqcED1eQztxMBN,Solo Dance,Martin Jensen,US,20
5J5PXmMdQ2nh1lZOal8KmK,Litty,Meek Mill,US,20
5bgwqaRSS3M8WHWruHgSL5,8TEEN,Khalid,US,20
4ly1QBXEwYoDmje9rmEgC4,Head Over Boots,Jon Pardi,US,20
6mb6lVLNrcUgLnEN8QnDJd,How Far I'll Go,Auli'i Cravalho,US,20
19RevBdb9MKUaBIvxSbGd4,I Want You To Know,Zedd,US,20
0GR7iJLhj80KD5LkA14ZRn,Digital Dash,Drake,US,20
6WAxKNbZoGNzQTIvdMqkFs,Sex With Me,Rihanna,US,20
2uTG00P1DkhB97pdITkl2O,Live From The Gutter,Drake,US,20
2CyE2IRLBN1lWdrELMqgwx,Someone New,Hozier,US,20
2JI71GHwq2LN8mtq3iCLYo,CoCo,O.T. Genasis,US,20
4A57CXs3jAmyNTMAwWaV53,Believe,Mumford & Sons,US,20
11qh54D0PKkBwelpDxxiEU,Girl Crush,Little Big Town,US,20
1MLiJQozVUdCCNudp1cDbn,"John Cougar, John Deere, John 3:16",Keith Urban,US,20
3uqez7AQId9NZ15UF9QW9M,How Many Times,DJ Khaled,US,20
6p4ovCfKKvRmMlWyvStUY4,Berzerk,Eminem,US,20
3LbvNFkqDTrE1liGMmZBDL,Shotgun Rider,Tim McGraw,US,20
1D5L58KLBbceOynTP4DQnY,It's Me,ILLIT,KR,20
7FyKqLLICVzwBiAUtbVYUW,ONE MORE TIME,ALLDAY PROJECT,KR,20
6YniytuSunB9HefGf4IxO9,Ego,Crush,KR,20
4BtOh0Xwh3DHelPQ14MPVC,Hollywood Action,BOYNEXTDOOR,KR,20
1TiZWEsxN85yLJBq56K8mG,Like I Do,J.Tajor,KR,20
0CB3B5ir8I2KbB3dkGVtWF,At That Moment,WSG WANNBE (Gaya-G),KR,20
70efTlnBNM8BvfhfPiqOBN,Nobody Knows,KISS OF LIFE,KR,20
5xwBIieMMFUmLDgvG4DjFe,Fall In Love Alone,Stacey Ryan,KR,20
3DO8WRX72c1Z5hduVL1Nd5,선을 그어 주던가,1415,KR,20
02SbQgZbzMoylPoGr32ugF,Drama,IU,KR,20
3THdOskGxdJcRbp0DcS4s0,Life Is Still Going On,NCT DREAM,KR,20
462OPOKW0VMbvW9H7HIb0U,Don't Call Me,SHINee,KR,20
25U5ea5BGlFK5318WduEzI,"He's next to you, instead of me",TOIL,KR,20
1zzCiwKpbS6zNC3OAdejd2,I'M THINKING ABOUT YOU,"ANH TRAI ""SAY HI""",VN,19
6lRlM6bClcoOBLQi0zfA34,Chờ Tới Khi Anh Về,HIEUTHUHAI,VN,19
2QWEMqQMJR1KDf6hDjJOs6,Arson,j-hope,"KR,US,VN",19
5prZw3OHd2UhAq0VBKpqUM,mới hôm qua,GREY D,VN,19
0M5Vaj3y4yhNQ1PX471F8P,MD Anniversary,BAN,VN,19
2LykruN1mQlg9nuUaE7dvQ,Nàng Thơ,Hoang Dung,VN,19
2LhaQUFez282XCuTDSTDcV,Cô ta,Vũ.,VN,19
6Vx29sLFwzT8yvRhzP2Fge,Lời Nói Dối Sau Nụ Cười,K-ICM,VN,19
2fjqdDz6jJn6VPgrSDDMvp,YOU,GPG msmy,VN,19
4rPrBNnDgdZpS5gosHv0yr,để quên,Ngọt,VN,19
1WCAkmmTM06in2ojuQ9CK5,Ai muốn nghe không,Đen,VN,19
4EBMxcPgPg4UzWOWPbSHg3,iceman,Sol7,VN,19
3RauEVgRgj1IuWdJ9fDs70,The Man,Taylor Swift,"US,VN",19
6woeVu3fVMflqen1t4N6pg,Old Town Road,Lil Nas X,"US,VN",19
7lidXGPXPYLNThITAOTlkK,You should be sad,Halsey,"US,VN",19
7unqgXVmp0iFt6ZW465opZ,Rapcoustic 5,Đen,VN,19
6RnkFd8Fqqgk1Uni8RgqCQ,Like I Do,David Guetta,"US,VN",19
559f8rcNNZW07wz5Rfxnfh,Can't Control Myself,TAEYEON,"KR,VN",19
7ej7R4LjMWP6sdCtoayJSN,The River,Axel Johansson,VN,19
2LHNTC9QZxsL3nWpt8iaSR,Abracadabra,Lady Gaga,"KR,US,VN",19
7Ed6BkggCS2KaKY5YlINaF,MIC Drop,BTS,"US,VN",19
33IOhptvC2Qoy2UhjiHXLV,Flames,David Guetta,"US,VN",19
6156vnsRddJKe267tuaTRx,"Cung Anh - Ngoc Dolil, Hagi, STee - Original",Ngọc Dolil,VN,19
2xmrfQpmS2iJExTlklLoAL,I Miss You,Clean Bandit,"US,VN",19
2yCoz2MS4TuHqvRZaP0WtJ,Là,Vũ.,VN,19
2cc8Sw1OnCuA5bV8nqWqpE,You,Regard,"KR,US,VN",19
0TrPqhAMoaKUFLR7iYDokf,Know Your Worth,Khalid,"US,VN",19
630sXRhIcfwr2e4RdNtjKN,Rewrite The Stars,Zac Efron,"KR,US,VN",19
37Nqx7iavZpotJSDXZWbJ3,Girls Want Girls,Drake,"KR,US,VN",19
2OALaHcDdKkjYEpAr0Qzab,Lonely Together,Avicii,"US,VN",19
7A2eDNBgJrEVE87C8pOMqN,When We Were Young,Adele,"KR,US,VN",19
2UbVnbE5FH6008mAm6Mmgw,Run,OneRepublic,"KR,US,VN",19
3fpVWegR6YOS1Yk5HSMYIq,Paranoid,Post Malone,"US,VN",19
39N9RPD9MRb5WmoLzNzPeA,X,Nicky Jam,"US,VN",19
1CDQzbCz4KSQxHe7LMEgRM,Houdini,Eminem,"KR,US",19
1QoyuMHNBe7lg3YW4Qtll4,St. Chroma,"Tyler, The Creator","KR,US",19
4w2GLmK2wnioVnb5CPQeex,360,Charli xcx,"KR,US",19
2FPfeYlrbSBR8PwCU0zaqq,Have Yourself A Merry Little Christmas - Remastered,Frank Sinatra,US,19
7mOC6phfrfz3jfigg1aGsE,Wanna Be,GloRilla,US,19
0b0Dz0Gi86SVdBxYeiQcCP,Busy Woman,Sabrina Carpenter,US,19
3iU2qsthCTo5EeTE03l3Si,Doors,Noah Kahan,US,19
7rC5Pl8rQSX4myONQHYPBK,Mob Ties,Drake,US,19
4K06PO78fW4mnBVenxGNob,Conversations,Juice WRLD,US,19
2Yl4OmDby9iitgNWZPwxkd,Be Careful,Cardi B,US,19
76Ku9OBFK1NjMylR8r4WLK,Gang Baby,NLE Choppa,US,19
1sCxVKWImDZSZKvG0U9B23,Bad Liar,Selena Gomez,US,19
3DK6m7It6Pw857FcQftMds,Runaway,Kanye West,"KR,US",19
3wScL5W8H40zzCKN0atfBk,Uproar,Lil Wayne,US,19
7eqoqGkKwgOaWNNHx90uEZ,Nights,Frank Ocean,US,19
6GG73Jik4jUlQCkKg9JuGO,The Middle,Jimmy Eat World,US,19
1vvNmPOiUuyCbgWmtc6yfm,My Way,Calvin Harris,US,19
3Vd4fHzwS6pBS3muymjiDi,Let Alone The One You Love,Olivia Dean,US,19
2ksOAxtIxY8yElEWw8RhgK,China,Anuel AA,US,19
1lItf5ZXJc1by9SbPeljFd,Juju On That Beat (TZ Anthem),Zay Hilfigerrr,US,19
59ywHNwwchG4nZJMLyxSzd,Clout,Offset,US,19
4FAKtPVycI4DxoOHC01YqD,Yandel 150,Yandel,US,19
0lEjxUUlKqjqXrVlIHFduD,P power,Gunna,US,19
0rVJ6v23RQozOIvr1YotJP,Hell N Back,Bakar,US,19
1dg3qy5DjoJodawfOCgrTP,Run It Up,Lil Tjay,US,19
1mAey8kEPmDM2icL56kS9d,4 Da Gang,42 Dugg,US,19
1c0hsvHLELX6y8qymnpLKL,Soltera - Remix,Lunay,US,19
2xGjteMU3E1tkEPVFBO08U,This Is Me,Keala Settle,US,19
4Yxc55NX3tAXC2mHRAhtcW,All I Want,Olivia Rodrigo,US,19
2JfeUjJvP1lJkCSne9g0de,Grammys,Drake,US,19
7f5trao56t7sB7f14QDTmp,Juicy,Doja Cat,US,19
53mrVsi49rLHIaKBiSvElG,do re mi,blackbear,US,19
0P6RjFd2HgG2AXJadQuGfE,Working For It - Bonus Track,ZHU,US,19
21kOVEG3bDCVphKhXL8XmQ,Walk,Comethazine,US,19
68EkhVWIeULhHxcbi1QhzK,World's Smallest Violin,AJR,"KR,US",19
60xaS8mYBKUW4VQQ666N0T,All Night,Chance the Rapper,US,19
4vb4mFvYsr2h6enhjJsq9Y,Water Under the Bridge,Adele,US,19
26UxwWl9xCb83OynXELJcL,Masterpiece,DaBaby,US,19
2IVsRhKrx8hlQBOWy4qebo,Mr Loverman,Ricky Montgomery,US,19
1WniHvhq9zTkny0WvGXX8o,Chantaje,Shakira,US,19
1f3yAtsJtY87CTmM8RLnxf,Smells Like Teen Spirit,Nirvana,US,19
6BOtDFg6GJm0rPUDuNmx57,Wake Up,Fetty Wap,US,19
34i4yxPrHWquuR4kjiivFO,Somebody Else,VÉRITÉ,US,19
4jK1VQQGDnNOLfyVXCxGsR,MY PYT,Wale,US,19
1BECwm5qkaBwlbfo4kpYx8,Death Of A Bachelor,Panic! At The Disco,US,19
6wycnu8FWXsj68ig7BEot9,Blue Ain't Your Color,Keith Urban,US,19
0B5OTb36fzLayn6XQHg5A1,Scholarships,Drake,US,19
5Ou1XCyt2XD72ginDwg5FR,Sound Of Your Heart,Shawn Hook,US,19
4DRDMf5vftalExCy0fHbHl,No Limit,USHER,US,19
4IWGnyOHDrVZEtPWfs4s7q,Do What I Want,Lil Uzi Vert,US,19
6GnhWMhgJb7uyiiPEiEkDA,Weekend,Mac Miller,US,19
3LtpKP5abr2qqjunvjlX5i,Doja,Central Cee,"KR,US",19
0jx8zY5JQsS4YEQcfkoc5C,Angels,Chance the Rapper,US,19
7I5fYc4qKJddht8Ozhqqdx,Snapback,Old Dominion,US,19
4Pn0JlCUusD2QHjADuOzuV,Humble And Kind,Tim McGraw,US,19
44aN5xKL3kGHvQ5bXVk6B8,Ghost Town,Adam Lambert,US,19
5OfgGVovaV6pd9kQZUSRP7,Chains,Nick Jonas,US,19
7jT2PnjzkziqfxhiMgGs5r,2 On,Tinashe,US,19
2U8NXPTXZWG2O0ye2sYRiH,I Love It,Icona Pop,US,19
0xkRMasLtvGqw7AUli6b0e,Hold Me Down,Halsey,US,19
0p1HtkrNYxv0iDfEKwXSTp,Sangria,Blake Shelton,US,19
4iLPK8QnOvqm0Azbsk2GDn,Don't It,Billy Currington,US,19
7BVwi9cIzSc6tpyxsp47vJ,Mess Is Mine,Vance Joy,US,19
7kqcudBGM74MXVoYMaoWkC,Loyal,Chris Brown,US,19
1Sjs93mMgi9bX06FFU9Mcv,Heavy Serenade,NMIXX,KR,19
0z2KNZtMFEe1BvON8pT1Ay,KOLOK COLOK,KC,KR,19
04mHr76sMR8RSqVIgWl785,ATTITUDE,IVE,KR,19
5LlUJ3HHI2dS0xowdMDXC5,MEOW,MEOVV,KR,19
0VPFT123HKoQ2J6ipeDcI1,Standing Next to You (Usher Remix),Jung Kook,KR,19
3jxFmvoG55Cwv0JJBzRPce,Either Way,IVE,KR,19
0kdqcbwei4MDWFEX5f33yG,Bling-Bang-Bang-Born,Creepy Nuts,KR,19
7a86ARVnm366v2UY1z9Ak8,Poppy (Korean Ver.),STAYC,KR,19
36kGkexLBfRK1hqdJ6qmaE,BREATHE (Feat. MINO) (Prod. GRAY),Anandelight,KR,19
56kfw7CKOCgcYqaoDU5o0B,I’m not myself when I’m around you (Feat. 10CM),DINDIN,KR,19
1OQ3PoRZRtE7RH0NIh3p1O,Drawer,10CM,KR,19
0LMdtBOxbVgrYoA4n0Vwvv,ROYAL,IVE,KR,19
2k44rKotfi2k55hwwiCImN,Better,BoA,KR,19
2fzucOTof4pxCDG6u8iiGY,GONE,Leellamarz,KR,19
08Hvl1OJalM7dG6mf6jpx6,Love Game,Low G,VN,18
24eClW0wZh5fFEFwsUWdSG,Cầu Vĩnh Tuy,Wren Evans,VN,18
7yfcQynap4xcNqnydaFw83,Ai Mà Biết Được,SOOBIN,VN,18
4oGgxjxVOI69h9uOpHOzwn,Để Ý,Wren Evans,VN,18
7Ldcvhcl4Xj4eOTSWpZus5,ACAI,CORTIS,"KR,VN",18
4B4Q7zfd0aHcuhQBfCRnH5,NORMAL,BTS,"KR,US,VN",18
4rIBbB1vt0lEKDG2UTmfP0,Say Sóng,Tăng Duy Tân,VN,18
1nrC04lSCsxO6TwHktJKzj,SAIROI,Khoi Vu,VN,18
27FOde2nUw0pFuj7hlPbaS,愛人錯過,告五人,VN,18
37uug3gaq86yvFTjV6WkaV,Think About U,Kay Chau Anh,VN,18
0bAmqokpYHnFWAHpzqDOxB,Nghe kể năm 90s,Ân ngờ,VN,18
3TBZ2VchMRulZU8SbJx0Sc,Việc Nên Làm,Rocky CDE,VN,18
75weJdjMaaF016Df8BNl0f,Chấm Hết,Dangrangto,VN,18
0bYVPJvXr8ACmw313cVvhB,Tally,BLACKPINK,"KR,US,VN",18
04Mm3BineGdy0oNv8NivQT,Don't Break My Heart,Binz,VN,18
2pYFHEy0xp48Le5Bfw5vcX,Có Chơi Có Chịu,Karik,VN,18
2BqQ5ZM73pNugfd6NteCPe,Em Đã Có Người Mới,Tóc Tiên,VN,18
0dIJ538krx9Y8UrVzaVhV2,Qua Ngay Mai,Tiên Tiên,VN,18
5HrIcZOo1DysX53qDRlRnt,Shoong!,TAEYANG,"KR,VN",18
1c0LbgYt51JeBUMAzofjkq,Siren,TGSN,VN,18
4AlihYDqxXshKhvh5tnMfP,00:00 (Zero O’Clock),BTS,"KR,US,VN",18
200lsgWiY3PJOvmGeQYJ9H,Nói Chia Tay Thật Khó,Thùy Chi,VN,18
1vG1po7CMKs979IuxjXPAl,Mây Lang Thang,TaynguyenSound,VN,18
6wyr4ReB05D9sJB1Rsmcqo,Chicken Noodle Soup,j-hope,"KR,VN",18
1HbA4N1MiOsPthALesGFR1,Monster (Shawn Mendes & Justin Bieber),Shawn Mendes,"KR,US,VN",18
1iIhGHzzrzqQfuNkFI2qAn,Any song,ZICO,"KR,VN",18
4c1WgUnHXq2LEncGHKgj1I,Dream Glow (BTS World Original Soundtrack) - Pt. 1,BTS,"KR,US,VN",18
43OkLcIBJxhuIvyxY6Fqiu,ĐÃ TỪNG LÀ,Vũ.,VN,18
4IaxDf2FixiQXq0mW7key9,ZOOM,Jessi,"KR,VN",18
38sxHKwaMeDAn4ppmilyas,The Creaking,Hoàng Thùy Linh,VN,18
3707IBa4HnS3zDDoWfeUBl,I Warned Myself,Charlie Puth,"US,VN",18
24nK8tW7Pt3Inh2utttuoG,HIP,MAMAMOO,VN,18
78qd8dvwea0Gosb6Fe6j3k,Boss Bitch,Doja Cat,"US,VN",18
5KCbr5ndeby4y4ggthdiAb,Wonder,Shawn Mendes,"KR,US,VN",18
3eX0NZfLtGzoLUxPNvRfqm,Maroon,Taylor Swift,"KR,US,VN",18
0PG9fbaaHFHfre2gUVo7AN,Please Me,Cardi B,"US,VN",18
5p10VwQ8LRoyTc8LFrvPw6,Outro: Tear,BTS,"KR,US,VN",18
0AXYXHoam4tHLAcRkEescf,Cô Gái M52,HuyR,VN,18
0todbbT9g5uQGbeFCiBf2F,imagine,Ariana Grande,"US,VN",18
5Ek40FyMPprcvtyZDjqylX,What is Love?,TWICE,"KR,VN",18
40FLJc17FMZaPmCQEEZgB0,New Light,John Mayer,"US,VN",18
4sTlQPMyoFMPdhAJvErBN3,PASSO BEM SOLTO - Slowed,ATLXS,"KR,VN",18
0CZ8lquoTX2Dkg7Ak2inwA,1950,King Princess,"US,VN",18
6zZWoHlF2zNSLUNLvx4GUl,Better Things,aespa,"KR,VN",18
39afswHs17v53znQm1gDTY,Take A Bow - Main,Rihanna,VN,18
40uMIn2zJLAQhNXghRjBed,Motley Crew,Post Malone,"KR,US,VN",18
36orMWv2PgvnzXsd5CJ0yL,Post Malone,Sam Feldt,"US,VN",18
3QwiidVHfeE9y5jl4n2MTC,_WORLD,SEVENTEEN,"KR,VN",18
6oJ6le65B3SEqPwMRNXWjY,Higher Love,Kygo,"US,VN",18
514joG57v4yKTsfQmz7stz,Janice STFU,Drake,US,18
77DRzu7ERs0TX3roZcre7Q,euphoria,Kendrick Lamar,"KR,US",18
7wLShogStyDeZvL0a6daN5,TEXAS HOLD 'EM,Beyoncé,"KR,US",18
102YUQbYmwdBXS7jwamI90,Good Graces,Sabrina Carpenter,"KR,US",18
42VUCXerQ5qTr4Qp6PhKo4,Tears,Sabrina Carpenter,"KR,US",18
0NUqi0ps17YpLUC3kgsZq0,DIE TRYING,PARTYNEXTDOOR,US,18
7N3d1hsZZpmmnovfAtnVFU,Porch Light,Noah Kahan,US,18
5AqiaZwhmC6dIbgWrD5SzV,"Peso Pluma: Bzrp Music Sessions, Vol. 55",Bizarrap,US,18
6EUcP55GlbmsmCzfL2vxtZ,on one tonight,Gunna,US,18
56AMYGJzxBO6p8v0wEe9de,Hot (Remix),Young Thug,US,18
2hrycoFU1mZw6YPvMcn8yC,KEHLANI,Jordan Adetunji,US,18
11P4sSu6BH2lAbWk1sL6cK,Step Into Christmas,Elton John,"KR,US",18
4fEUmNN8KK5sNqvKjBstKg,End of August,Noah Kahan,US,18
44gRhRi2OhEf7moAUj6MD1,The Bigger Picture,Lil Baby,US,18
6Gy7rXB6Ku5vIWC7WGWsl3,KIKA,6ix9ine,US,18
5JYPXqMwYc0zTODQdjMEZN,Deli,Ice Spice,US,18
6rTInqW3YECMkQsBEHw4sd,Solid,Young Stoner Life,"KR,US",18
35RJhm1pEovTBwnNR0zWad,GREECE,DJ Khaled,US,18
5EnYT6F7wEcdege6mDHEfO,Signs,Drake,US,18
25F6MWrnFBCXVnpN4n76EK,Keanu Reeves,Logic,US,18
3yMC1KsTwh0ceXdIe4QQAQ,Fingers Crossed,Lauren Spencer Smith,"KR,US",18
5B0kgjHULYJhAQkK5XsMoC,WUSYANAME,"Tyler, The Creator","KR,US",18
4JdSXF2p71cr8uCY3UiJM0,Frágil,Yahritza Y Su Esencia,US,18
1jKXjxMWlq4BhH6f9GtZbu,TORE UP,Don Toliver,US,18
2KcQ0PbPj0O3P48B9YX7iN,Peaches & Eggplants,Young Nudy,US,18
5kVZxyMY1gfdCLiChsfjn1,Yo No Soy Celoso,Bad Bunny,US,18
0SA0mMXWh23raZ6xzOCU2V,She,"Tyler, The Creator",US,18
7IBSffWIu7P2MC7kMwy2FM,Hopeless Romantic,Wiz Khalifa,US,18
39OclE5hZematADrdfaWvE,Next Thing You Know,Jordan Davis,US,18
6ap9lSRJ0iLriGLqoJ44cq,CITY OF ANGELS,24kGoldn,US,18
57VeLYXrvNxe8Vs18K2M9W,Way Out,Jack Harlow,US,18
1fxYz1s15pyZLsJT0Hdh1m,Late At Night,Roddy Ricch,"KR,US",18
4RCWB3V8V0dignt99LZ8vH,Hey There Delilah,Plain White T's,US,18
0EhpEsp4L0oRGM0vmeaN5e,UN DIA (ONE DAY) (Feat. Tainy),J Balvin,US,18
4Z5FyQlevoHoa5FsIVKZju,PRACTICE,DaBaby,US,18
2ENexcMEMsYk0rVJigVD3i,Only Girl (In The World),Rihanna,US,18
2nYwV62UABTH0NanrwVIdQ,Perplexing Pegasus,Rae Sremmurd,US,18
2D0dj3hVkRQJCp63cxCPEx,Stunnin',Curtis Waters,US,18
6kp0inxIexxSiDJfWqq0ZL,TATI,6ix9ine,US,18
0k7wmahjkn389wAZdz19Cv,Drankin N Smokin,Future,US,18
6cy3ki60hLwimwIje7tALf,RITMO (Bad Boys For Life),Black Eyed Peas,US,18
1dyxS3YzBbL0t8rEVwVQ1K,God's Country,Blake Shelton,US,18
6GSkLS2y4ZnnZsuRAj975K,Project Dreams,Marshmello,US,18
4AOpEhqA7zHxQjkHmRrAp7,This Girl - Kungs Vs. Cookin' On 3 Burners,Kungs,US,18
0NiXXAI876aGImAd6rTj8w,Mama,Jonas Blue,US,18
7xrA11O07xo57Bbg6p4hck,Body Say,Demi Lovato,US,18
10xV5l9nhLvFpR8mqzs0bL,Numb,Marshmello,"KR,US",18
2RlcBZiskvuupu6pG8bsNe,Trust Nobody,Cashmere Cat,US,18
5NvOZCjZaGGGL597exlQWv,Line Without a Hook,Ricky Montgomery,US,18
7vldwy3gdhmPRKWSCi8H61,The Feeling,Justin Bieber,US,18
3fo6DYGktjENCiagUeU9yH,Pity Party,Melanie Martinez,US,18
5qbcsZMwL0x46sX7VO37Ye,Up,NAV,US,18
60lwJa695S26FsYbhCVFVa,Hurts So Good,Astrid S,US,18
0ckCyt1ghA2YpcLRm1q68s,in my miNd,Maty Noyes,US,18
12C1XYFQGZYXRYJNbsgDc7,Feel No Ways,Drake,US,18
0Di26AbdtizzHkFstPyt7A,No Shopping,French Montana,US,18
2qxaR31Te4xDR2yO6LqM8z,Rock Bottom,Hailee Steinfeld,US,18
2cnKEkpVUSV4wnjQiTWfH6,Escápate Conmigo,Wisin,US,18
3cCxoOgfi6hgt8MNteuiiD,Fade,Kanye West,US,18
07pJdL0L9XDGW0HBj0rIS2,Skateboard P,MadeinTYO,US,18
6W9W8dSswA8KNegvl3W97V,Think of You,Chris Young,US,18
1j8z4TTjJ1YOdoFEDwJTQa,Ain't It Fun,Paramore,US,18
6JEntXLt4z98CcDtIH9sU7,Animals - Extended,Martin Garrix,US,18
1KZyVnyptQcPzkx7ELCnZC,Hold Back The River,James Bay,US,18
2QVzUws1l5mzZ4v46tGHrC,Love You Like That,Canaan Smith,US,18
69XcvSymPaTke2Qb6f3W6P,Loving You Easy,Zac Brown Band,US,18
5HGibWoxnkYSkl6mHmAlOE,That's My Kind Of Night,Luke Bryan,US,18
6RKvUupmPZMrcftOJcthdy,Body Language,Kid Ink,US,18
4vfO4uu5VObHhGSrdV6TC5,A Letter For You,Kim Na Young,KR,18
0Yz3F0UGDibDe8uU69zmjn,And July,Heize,KR,18
5xqM1HOndjxfH7NmyD8SVS,Really Like You,BABYMONSTER,KR,18
12A7D36p9PqK66yVlfpYa4,AH AH,NOWIMYOUNG,KR,18
1nk9moKBnrWMsXoHxnaeJd,Y (Please Tell Me Why),freestyle,KR,18
5zBO8f5BKQX4VNR3ILfDXk,Impossible,RIIZE,KR,18
3lc6BSosCqVoNddw1izHXj,Siren,RIIZE,KR,18
0jd4aa9XgV5eom0ez0WBrD,Perfume,NCT DOJAEJUNG,KR,18
6tgVI8jFmgbCUhxxyCt2yD,We Higher (Prod. GroovyRoom),GroovyRoom,KR,18
1RHTdr5QfviCYI70QPPDJN,Generation,tripleS,KR,18
4YaKlkNVJNbrIqN82EKFsQ,A thought on an autumn night,JANNABI,KR,18
4t3Vgfjl9Sb6ZR5q5kGOUL,Without You (Feat. ASH ISLAND) (Prod. GRAY),BE'O,KR,18
1Z8TPHiKeCUyClxV6WTTIf,0X1=LOVESONG (I Know I Love You) feat. Seori,TOMORROW X TOGETHER,KR,18
0a32EBPjqAe47cYDPE5Ia5,Em,Binz,VN,17
11T61UpoNbbcewOMl1kcWN,Dạo Bước HongKong 1999,NHONHO,VN,17
34FhBswjcDbFzGx8zcPqoj,GÃ SĂN CÁ,"EM XINH ""SAY HI""",VN,17
3fpWkbEZMP1BgOOfymwoaS,drinks or coffee,ROSÉ,"KR,VN",17
5f4u0kPnU21qNe6fXgAUiV,Yêu Nắm,BigDaddy,VN,17
1ZgiJ8fiSEwd07OpB9ZuRz,Cắt Đôi Nỗi Sầu,Tăng Duy Tân,VN,17
7pqx5vF7DzkVtEdsXQ9iua,ĐẦU ĐỘI SỪNG,"ANH TRAI ""SAY HI""",VN,17
7asicziv1NB49eEA1ZPp2O,ANH VUI,Phạm Kỳ,VN,17
3kxFvcB92qQg9wl52CQ7aV,À Lôi,Double2T,VN,17
5H7UgZQk2p5x4nmeuDjmE4,Đau Nhất Là Lặng Im,ERIK,VN,17
1fgzQI6AtswiR0JMXulldH,Là Từ Lúc,Nguyễn Minh Xuân Ái,VN,17
2g68ePl7VMltuOiuSTAz7I,Để Anh Một Mình,RAP VIỆT,VN,17
2aRg0cOGQ5k0rs3AK5nJPD,Nhạc Trap Căng Nhất 2023,Wxrdie,VN,17
2vKNzC9T3kdU2JECcvob3V,YOUNGCREATORCREW,CORTIS,"KR,VN",17
3clfEGdaeSmWM6pDekmZ2G,đen đá không đường,AMEE,VN,17
0pNFrM5L0te1EXGxveeYiR,My You,Jung Kook,"KR,VN",17
7dJVE53hGAX9TcKH0abFic,Yêu Thầm,Hoàng Yến Chibi,VN,17
6mnkGSgd8eHVv1C38pDP9o,Người Như Anh,Mai Tiến Dũng,VN,17
47QP509sXnE54NwhzoMHAi,FOREVER,BABYMONSTER,"KR,VN",17
2h1KRcol4TvqCl1Lf8RWio,The Right Journey,RAP VIỆT,VN,17
7LzouaWGFCy4tkXDOOnEyM,Liar,Camila Cabello,"US,VN",17
1Qv4Gm6jCjK9wzZ9IXqFHE,Đánh Mất Em (Lofi Ver.),Quang Đăng Trần,VN,17
2F3N9tdombb64aW6VtZOdo,Down Bad,Taylor Swift,"KR,US,VN",17
2vqSyJpE0bwqFwEXtFkIlz,Hoa Nở Không Màu (Acoustic Version),Hoài Lâm,VN,17
0lhZsFfTpITnjK5q8lrDLR,NO ONE,LEEHI,VN,17
1Ov37jtRQ2YNAe8HzfczkL,Wildest Dreams (Taylor's Version),Taylor Swift,"KR,US,VN",17
0y675KDleCZEudjoeL1sQQ,Feelings,Lauv,"US,VN",17
7Feaw9WAEREY0DUOSXJLOM,Summer Days,Martin Garrix,"US,VN",17
14JwXWUeHXZ5OzK0fbxwvv,Người Ấy,Trịnh Thăng Bình,VN,17
5CLGzJsGqhCEECcpnFQA8x,These Days,Rudimental,"US,VN",17
6M3PsepEj5gyJoIi7Xvr7u,Take My Breath,The Weeknd,"KR,US,VN",17
5XGRqM9WBABc0yrAirEPVV,Giấc Mơ,YanBi,VN,17
42rziXmwGA04hNSMi2MliA,EVERYDAY,WINNER,VN,17
6LzTNjxQ67qJ2AxoQJvvVg,Thương Nhiều Hơn Nói,Masew,VN,17
27ycaQnQAxaPiyeg3nr2aB,Midnight Sky,Miley Cyrus,"US,VN",17
5iHGApnQkuLaXh4c5dpGa4,Em Gai Mua Cover - Huong Tram ft Anh Khang - Original,Anh Khang,VN,17
5WHTFyqSii0lmT9R21abT8,Don't Call Me Up,Mabel,"US,VN",17
5WvAo7DNuPRmk4APhdPzi8,No Brainer,DJ Khaled,"US,VN",17
1HLg6FbKd24hNyElvEVSbv,Everyday,SPACESPEAKERS,VN,17
3Z0oQ8r78OUaHvGPiDBR3W,Into the Unknown,Idina Menzel,"US,VN",17
1HYzRuWjmS9LXCkdVHi25K,Stay With Me,CHANYEOL,VN,17
0RbW8kWozrVSIGb4V13o0o,Hurricane,Kanye West,"KR,US,VN",17
4Ve8XzRxQcAMyFWgqITHFk,REALLY REALLY - KR ver.,WINNER,VN,17
3Tc57t9l2O8FwQZtQOvPXK,my strange addiction,Billie Eilish,"US,VN",17
5pyoxDZ1PX0KxBxiRVxA4U,BREAK MY SOUL,Beyoncé,"KR,US,VN",17
3Wu4lFjkhcXxB6WWaX9gtr,What Do I Call You,TAEYEON,"KR,VN",17
1LhMopPAallLeaeNutqbgS,Say Something,Justin Timberlake,"US,VN",17
2MuMD298IpYqKF367wegUd,Homicide,Logic,"US,VN",17
2gTYVoQCUh0QNUaFix01ld,Chun-Li,Nicki Minaj,"US,VN",17
3A7qX2QjDlPnazUsRk5y0M,2U,David Guetta,"US,VN",17
55pBIZO1cqoldeqpp5WR7H,the cure,Olivia Rodrigo,US,17
3U3hFkMr0Q90pD24EkE3Pr,BMF,SZA,"KR,US",17
7gtG45ieyQzKtNKobfLd49,American Girls,Harry Styles,"KR,US",17
7cjoZVmWe2xsGR4wcXiV2v,What You Saying,Lil Uzi Vert,US,17
5VuxWXbt7XENQCtE9TzpTv,Spoil My Night,Post Malone,US,17
6dpLxbF7lfCAnC9QRTjNLK,Home,Good Neighbours,US,17
4cgjA7B4fJBHyB9Ya2bu0t,Human Nature,Michael Jackson,US,17
7d6yK8v8J484SWH5prIQiE,VeLDÁ,Bad Bunny,US,17
46eu3SBuFCXWsPT39Yg3tJ,Don't Stop 'Til You Get Enough - Single Version,Michael Jackson,US,17
2O3MQ6H3gjrIWDcpeTrikT,"Santa, Can’t You Hear Me",Kelly Clarkson,"KR,US",17
17cia5k4BpGVlyEfqrFH50,Can’t Catch Me Now - from The Hunger Games: The Ballad of Songbirds & Snakes,Olivia Rodrigo,US,17
5UEnHoDYpsxlfzWLZIc7LD,River,Eminem,US,17
4NhDYoQTYCdWHTvlbGVgwo,GOOBA,6ix9ine,US,17
4WuOWVnAqvEQxgSRrspBgt,Niagara Falls (Foot or 2) [with Travis Scott & 21 Savage],Metro Boomin,US,17
6f8wbdo8KU5ETWJA7lapgS,BYE,Peso Pluma,US,17
4h5N4KyWZMtpeH9vhXSXjd,Life's A Mess,Juice WRLD,US,17
7bPp2NmpmyhLJ7zWazAXMu,TULUM,Peso Pluma,US,17
2qPQcfUgizNDOIv1orkTAd,Bloodline,Alex Warren,US,17
0YWUHZPJVg4iujddsJDwhM,My Only Wish (This Year),Britney Spears,"KR,US",17
5NNlUMcOEOdoOIwwaWXv0k,Cold,Maroon 5,US,17
2mnXxnrX5vCGolNkaFvVeM,La Jumpa,Arcángel,US,17
0AIpGG5dxEgnAymhdJRSZ0,Champagne Coast,Blood Orange,US,17
4dtIxANFBU6CfhI9c2hf2g,Coal,Dylan Gossett,US,17
44KKhCyI0BGS6LvVyDqJtH,Esskeetit,Lil Pump,US,17
21UkXrc9kD48rNpTMI2ecz,Never Left,Lil Tecca,US,17
4iHSE5R1U8jf84tRn52xRt,Prospect (ft. Lil Baby),iann dior,US,17
4QX5pZQpQTgVlkqfUTDim0,Silver Bells,Dean Martin,US,17
1zWMf9bVyhY5W3ZORbjNWt,LIKE I WOULD,ZAYN,US,17
4TIqzdAssasqx3DAe6cG9J,Ramen & OJ,Joyner Lucas,US,17
6VrQTLzzuyGIYjUDe4kAZk,Un Coco,Bad Bunny,US,17
6cx06DFPPHchuUAcTxznu9,Head & Heart,Joel Corry,US,17
1zsG4eaZmkA1dvjDDsAGLK,Échame La Culpa,Luis Fonsi,US,17
27ZZdyTSQWI7Cug2d2PkqV,BILLIE EILISH.,Armani White,"KR,US",17
2BrzlUj1u1CtvaJDGIKpsP,Make Me (Cry),Noah Cyrus,US,17
6rz0dTA0PdhXImFV5EjM0w,Hide,Juice WRLD,US,17
2HHLfzE7PkljuqyYU4vwmh,Me or Sum,Nardo Wick,US,17
14GwnOeC9qYEKEA6uOZepa,One Of Them Girls,Lee Brice,US,17
5hcisvFMidkMJlElTO9Qmw,Sensualidad,Bad Bunny,US,17
6JyuJFedEvPmdWQW0PkbGJ,Purple Lamborghini,Skrillex,US,17
0zO8ctW0UiuOefR87OeJOZ,Collard Greens,ScHoolboy Q,US,17
5GG3knKdxKWrNboRijxeKF,Run Me Dry,Bryson Tiller,US,17
6CbEf47L2P4wEKY96uu6W8,Ultralight Beam,Kanye West,US,17
0kdiUZDcLIFw0Buo9r0Q4z,Greatest Love Story,LANCO,US,17
2c8sgbZoEanC3QyFNZxUcA,Flexicution,Logic,US,17
2okC0OWtgS86P2LC18IzHy,Bake Sale,Wiz Khalifa,US,17
1dgWTMoHwTUnQhOQ8SR5fV,American Kids,Kenny Chesney,US,17
7iaw359G2XT14uTfV9feip,Lockjaw,French Montana,US,17
7MQREx2p9bXdqm8WTGVkGI,Beg For It,Iggy Azalea,US,17
2BqQQXuBOuhaWeUP7okEx0,Comfortable,K CAMP,US,17
2BeispT0rpKZX9RhI1H8vL,Break Up with Him,Old Dominion,US,17
1jQNuXoP9ppDtPbPqGibRA,Nobody Love,Tori Kelly,US,17
2yi7HZrBOC4bMUSTcs4VK6,Do You Want to Build a Snowman?,Kristen Bell,US,17
6PtXobrqImYfnpIxNsJApa,Bad,David Guetta,US,17
4cG7HUWYHBV6R6tHn1gxrl,Friday,Riton,"KR,US",17
6hr4weuSidHy2LNMw8UVJ2,Like A Wrecking Ball,Eric Church,US,17
4QAXLB2Hkx3n7LbOFxD34h,Drinking Class,Lee Brice,US,17
6uosenLUNFZtOIih5T0qfV,LOVE ATTACK,RESCENE,KR,17
7u0yW2XPSJozIGdUSRET19,Suddenly,I.O.I,KR,17
715UWzMdUnVbU30ZppNDYx,Born Savage,PLAVE,KR,17
6kxkMrPqppgT3TQjOyhAYk,Popcorn,D.O.,KR,17
3m5PgWSClkZ44vdFmPiqpq,"Yes or No (Feat. HUH YUNJIN of LE SSERAFIM, Crush)",GroovyRoom,KR,17
5BixWgatSIzqA2qViWsW8N,Flower,OVAN,KR,17
62JBtqVL1qQO3SE3JuFimS,Salty,데이먼스 이어 Damons year,KR,17
3XfngyuVjltVRHSsLjrCRO,MY WAY (Prod. R.Tee),저스디스 (JUSTHIS),KR,17
6zjk7Qbwb9DZ4ykUUoqknh,第ゼロ感,10-FEET,KR,17
3WUyu94psXrYV6HZbXgcFA,Rover,KAI,KR,17
7AGq5qaaF9awHDaKuCvVjj,Bad News,KISS OF LIFE,KR,17
59eluCMn0XbOWqeWQ91FTM,君はロックを聴かない,Aimyon,KR,17
0AF50NdDzZ3cze2O0SyjXf,Dissonance (Feat. AKMU) (Prod. GRAY),Mudd the student,KR,17
2tmX4T7ODY34NwvQ3DD3MC,Your Existence,Wonstein,KR,17
7od91jr6uXk0JoxVaIRA18,Chi Mat Ba Ram,Brave Girls,KR,17
1lqpNH8LG7mzaRTxdUEyIC,Wanna go get some abalone,YOUNGTAK,KR,17
332GJ8ykVuEt3jOT1sy7j6,Hello Future,NCT DREAM,KR,17
0RCqAz9JQJZim0N9WAYvf7,RE : WIND,ISEGYE IDOL,KR,17
68QnW4ShMGTk9vvE3Tihng,Do you want to hear,M.O.M,KR,17
7MXtr93z4ltQzhfIxYnYWX,Shiny Star(2020),KyoungSeo,KR,17
4edtsBlaX23OPYmhA4R0GP,12:45 - Stripped,Etham,KR,17
3orJ0XpgXRG1LTA521BpDz,parachute,John K,KR,17
20jbSiX29FDX4oQxBXyUEi,hate that i made you love me,Ariana Grande,"KR,US,VN",16
1FUdEz4fX1DxPcVAARlu6A,yêu em như…,GREY D,VN,16
486dVHo58R4EhBQjcYF2NX,Khi Cơn Mơ Dần Phai,RAP VIỆT,VN,16
1dwlNRSofg8qKgBTqfqbft,Tái Sinh,Tùng Dương,VN,16
7l4lXk92jV4Eg2r8ZRel4K,Giấc mơ từng rất thơ (ý thơ người ví em là ánh trăng lẻ loi...),Mer,VN,16
4UOxcZqszxN9FD42DqHrVi,VỀ QUÊ,RAP VIỆT,VN,16
1yX9gy5fK02j6nBnGJ1S3k,Sweet Dreams,j-hope,"KR,VN",16
5gBLuVQ6Ba7Ab6nlTROxFY,Kìa Bóng Dáng Ai,Pháo,VN,16
6Ov6L8Iy0SMEl9w1TOUvaG,Vinflow,Wxrdie,VN,16
3BwFxsC7QpRejdE9GXFQI4,Chỉ Còn Ta Và Ta Giữa Trời,D Blue,VN,16
1ISenZ6rcvWJHsBlW5kymp,Tình Yêu Đến Sau,Myra Trần,VN,16
2QyOYFAxW2khNYee4yeT6r,Thiêu Thân,B Ray,VN,16
17vw2n25C8g7KKCilJ3pER,anh sẽ đến cùng cơn mưa,Hứa Kim Tuyền,VN,16
7iAgNZdotu40NwtoIWJHFe,Bet You Wanna,BLACKPINK,"KR,US,VN",16
3IB5qOeMayvpOdHxYCL5tZ,ON (Feat. Sia),BTS,"US,VN",16
7qq0EOPW4RRlqdvMBmdd73,Crazy Over You,BLACKPINK,"KR,US,VN",16
0tCr7DoUBSdtdSl0rxZmct,Spring Snow,10CM,"KR,VN",16
0Lmbke3KNVFXtoH2mMSHCw,the boy is mine,Ariana Grande,"KR,US,VN",16
59qrUpoplZxbIZxk6X0Bm3,Take You Dancing,Jason Derulo,"US,VN",16
5L6UkGeVNHy7CurA8aVhpy,Yêu Một Người Sao Buồn Đến Thế,Noo Phước Thịnh,VN,16
6vjt2smGK75oc9r2OGFfgp,LEMONADE,aespa,"KR,VN",16
73mVGNhTlRQBod01zh3M0s,"Tell Ur Mom II - Gii, Hiderway Remix",Winno,VN,16
3AzjcOeAmA57TIOr9zF1ZW,Physical,Dua Lipa,"US,VN",16
3TZ7NHkMT82AhwuYsd00Hz,Your eyes tell,BTS,"KR,VN",16
5EgYDyMDCi8X0zDydTF7Rb,Heartbeat (BTS World Original Soundtrack),BTS,"KR,VN",16
3jsWXhE5NuPWQ4IHplv2zt,BIRTHDAY,JEON SOMI,VN,16
5Uw7Dut2lZfexn3Y09swpf,Find U Again,Mark Ronson,"US,VN",16
1HsSIPLTQT354yJcQGfEY3,Good Boy Gone Bad,TOMORROW X TOGETHER,"KR,VN",16
1reHbbphR273qQ651F6Vna,Chị Ngả Em Nâng,Bích Phương,VN,16
3wPPWcVuinAU7dXcJXtCID,La La La,Naughty Boy,"US,VN",16
1X7u3U0zsugJOqXtuUMYDF,Nếu Có Một Ngày,Uyên Linh,VN,16
05mDaV9Vb3wrzjF6OPZnhq,Saint-Tropez,Post Malone,"US,VN",16
3Qq6L7O8VejX6QHW8PFSuR,Giả Vờ Say,Đông Nhi,VN,16
3pWcj8hxj3fsb9TDAcMpEl,Somebody,The Chainsmokers,"US,VN",16
32LrGKCrQsOrlMHSt960D1,Da Biet Se Co Ngay Hom Qua,Nhiều người hát,VN,16
4Is1b37KJY9XVCgzp81FBW,BAAM,MOMOLAND,VN,16
1dytORtqcfaRkTqPyH2iQy,Send It,Austin Mahone,VN,16
2K50WrBB07VDrzO6Z3niHX,Bao Giờ Lấy Chồng,Bích Phương,VN,16
2ouguQxJZn4jXisuNREqe5,Life's Too Short (English Version),aespa,"KR,VN",16
1tNJrcVe6gwLEiZCtprs1u,3 Nights,Dominic Fike,"US,VN",16
4th1RQAelzqgY7wL53UGQt,The Days,Avicii,"US,VN",16
1BDLD4c07q0bmq2VCRsXoE,I Ain't Comin' Back,Morgan Wallen,US,16
2gyxAWHebV7xPYVxqoi86f,get him back!,Olivia Rodrigo,"KR,US",16
2KLwPaRDOB87XOYAT2fgxh,Pussy & Millions,Drake,"KR,US",16
7pdF27mSDuPWhppnHAmWHa,whoa (mind in awe),XXXTENTACION,US,16
7sWRlDoTDX8geTR8zzr2vt,Hollywood's Bleeding,Post Malone,US,16
5LYMamLv12UPbemOaTPyeV,Music For a Sushi Restaurant,Harry Styles,"KR,US",16
62Yo3FDddWY8ydu6PW2wyz,Nail Tech,Jack Harlow,"KR,US",16
51Zw1cKDgkad0CXv23HCMU,Daylight,Harry Styles,"KR,US",16
2dKkVF2m160z0RNDN2dddc,NISSAN ALTIMA,Doechii,US,16
4b1yxSdlumA8N4fEk4UOZp,The Family Madrigal,Stephanie Beatriz,US,16
6eLQXa6uk2EW8drsiKbABZ,TU SANCHO,Fuerza Regida,US,16
3pdQTWpq09XCBosbTtYIiZ,Winter Wonderland - Remastered,Bing Crosby,US,16
1ENdcyhqdylaLsPVgB83qq,Rags2Riches,Rod Wave,US,16
0XLOf9LhyazPX9Ld8jPiUq,Fetish,Selena Gomez,US,16
3Kd6Wp3lG5HXMB2dlvuy7y,Death,Trippie Redd,US,16
4CNcRgjGw1v9VQaTaytdnD,Tell Me U Luv Me,Juice WRLD,US,16
2SiXAy7TuUkycRVbbWDEpo,You Shook Me All Night Long,AC/DC,US,16
4SDgTLDYrJ2UrHbkRkg7MD,Panini - DaBaby Remix,Lil Nas X,US,16
5bJ1DrEM4hNCafcDd1oxHx,Self Care,Mac Miller,US,16
5dW1VZPcFqB4n0P08rGDgm,The Git Up,Blanco Brown,US,16
4mU5iXHeLgbR94siF7p1sY,Six Feet Under,The Weeknd,US,16
0cu0rhnlCnJ7JIeHRiLpj3,Ball If I Want To,DaBaby,US,16
33gwZOGJWEZ7dRWPqPxBEZ,Wolves,Big Sean,US,16
0UbesRsX2TtiCeamOIVEkp,Ch y la Pizza,Fuerza Regida,US,16
6ojiTSzyv2qPMWqyhUKAqz,Can't Stop - 2014 Remaster,Red Hot Chili Peppers,US,16
73vIOb4Q7YN6HeJTbscRx5,Miss You,Oliver Tree,US,16
6n3HGiq4v35D6eFOSwqYuo,Teenage Fever,Drake,US,16
4h90qkbnW1Qq6pBhoPvwko,Sidewalks,The Weeknd,US,16
5LWVXN39UpNyhkYnBvDfyq,Cool Girl,Tove Lo,US,16
5SruEBX3KpgpDvEcIuN53P,Baby Steps,Olivia Dean,US,16
2AaJeBEq3WLcfFW1y8svDf,By Your Side,Rod Wave,US,16
0E0DRHf5PfMeor0ZCwB3oT,Otro Atardecer,Bad Bunny,US,16
5WnfnSpuNEGXyEt78PBA6d,Costa Rica,Dreamville,US,16
44XjoNvtwevktFKjvVe1vH,Andrea,Bad Bunny,US,16
03ERnTvSV5fy8WAyvA4uNP,Big Gangsta,Kevin Gates,US,16
4nMlau89VAjmV7agkl7OY3,Fresh Eyes,Andy Grammer,US,16
5YHR8wBR5jXfGtP766NiAT,If It Ain't Love,Jason Derulo,US,16
2IePEfMAtqWS6rLXXFZIgI,His & Hers,Internet Money,"KR,US",16
2KvHC9z14GSl4YpkNMX384,Do Not Disturb,Drake,US,16
5W83ErFkO3aKAIS1WMi6u0,Secreto,Anuel AA,US,16
6yz0Jndhv0QjKdpcEMbOjz,Shake It Up,Trippie Redd,US,16
2Xo3rLHjXfdb4avN68aQyi,BEST ON EARTH,Russ,US,16
2yZax79pOrYuyIFVW2cZY2,Carry On,XXXTENTACION,US,16
43BlKpJcSrC9AsJ3F1DKg9,Still Trappin',Lil Durk,US,16
3mRcWCyteY2133a7xVMrYw,Comin Out Strong,Future,US,16
7Bar1kLTmsRmH6FCKKMEyU,Hit Different,SZA,US,16
2ZXxRC6V6AXzMdbLQZMHSB,LOT OF ME,Lil Tecca,US,16
0WCEaydwN65cvwaW8aqptF,History,Olivia Holt,US,16
4c2W3VKsOFoIg2SFaO6DY5,Your Song,Rita Ora,US,16
6f5i916F3jU6BhOOD7iGqf,Ned Flanders,MadeinTYO,US,16
46NBoIAHrmR7qcUGCIFEjR,This One's for You,David Guetta,US,16
5UGAXwbA17bUC0K9uquGY2,Antarctica,$uicideboy$,US,16
1ZIKpMTRPqhwAoVXWY3tXI,Chasing After You,Ryan Hurd,US,16
1rsAFUCa6BVMgRQ3FCQQsi,Boss,Lil Pump,US,16
4LiMQ6G9n84rDUBs9wtwz6,Singles You Up,Jordan Davis,US,16
4mAhZaSrcVD6cJWA6IqFrk,Running Back,Wale,US,16
4VAheJR9Er8P0QhX8yAgkX,Burnin' It Down,Jason Aldean,US,16
4qdgv45EPcQqpQ08tF34f8,Skateboard P,MadeinTYO,US,16
6bqtKURdSWkInAJHDkuaL0,I'm The Plug,Drake,US,16
5O2Yjlcs5pSpHq1gcA0cwg,Order More,G-Eazy,US,16
6Zo3wgDE076K2AuiGZF3CS,Fun,Pitbull,US,16
6CrdtJbckVyzxaXH8RIuLc,Not a Bad Thing,Justin Timberlake,US,16
6YNkwr96tYhGp76j8kceR1,Bed Of Lies,Nicki Minaj,US,16
4S7YHmlWwfwArgd8LfSPud,L$D,A$AP Rocky,US,16
5DSr1NMci58MEgS20vivSL,Let's Get Lost,G-Eazy,US,16
7o1Pm9jpH0wFpN5g793Lnq,Can't Remember to Forget You,Shakira,US,16
1qoHlIpgGxtmYsYdyiySiL,Often - Kygo Remix,The Weeknd,US,16
29gsi1zZrZxdStACmTQB0Z,Studio,ScHoolboy Q,US,16
4r23g3XYLDoNTwgTodatzT,Something in the Water,Carrie Underwood,US,16
6RS6rcjnWrdfVuu2U2W2dj,Make It To Christmas,Alessia Cara,"KR,US",16
4x0GAc6gDUttopqakXNezW,WDA (Whole Different Animal),aespa,KR,16
1x0mG2CyQW5mjBX17ZfTUG,Runaway,RESCENE,KR,16
2Xm0ZDPlAVCBd2ix3BWMKZ,HMPH!,PLAVE,KR,16
7hCdtQsaKCBXrITaPNK2iE,White Memories,fromis_9,KR,16
7t4Z19BqZ23ExgdiOP0nf6,LIKE YOU BETTER,fromis_9,KR,16
5PclMa9Pxs1OFWSAS6Nid9,I DO ME,KiiiKiii,KR,16
0x50cQ1pZeV4xl737GhKBk,Last Goodbye,AKMU,KR,16
1klePVubVctBqhlKJvibil,I Feel Good,BOYNEXTDOOR,KR,16
11lHFLhHJfEAJbUvPH6URk,DayDream,HYUN SEO,KR,16
1di1C0QI6Y92yZPYn6XYAZ,シルエット,KANA-BOON,KR,16
5jviSlh6YAznFM8JtMBEqV,Don`t you know(PROD.ROCOBERRY),ZO ZAZZ,KR,16
2ODZujtUNxCQDfKCxCeRxZ,Our Movie,PLAVE,KR,16
3W2kGv8CcwRl2MWQN5vxKL,STUPID IN LOVE,MAX,KR,16
0OaHZgVm77zLQNR3kwFf6n,Dangerous,BOYNEXTDOOR,KR,16
3V375E3xldRPEEcIKiw83l,Without You (Feat. ROSE),G-DRAGON,KR,16
4MTNimMDRyFZv37Thcktwa,God of Music,SEVENTEEN,KR,16
0139mjI8ijLp4SYOGjYZUG,Accendio,IVE,KR,16
0dpcP3g0O9uPkyruGfVKi8,Tik Tak Tok,Silica Gel,KR,16
1VOKnlCFYhzGW1al5M9cgv,상상더하기,LABOUM,KR,16
0k21uOz3txTfyA1a91QWTr,Acrobat 곡예사,Gwangil Jo,KR,16
5q3LwAHTqo9d3rET2EA9Nq,The Weekend,88rising,KR,16
3Iba59sFmGhQ4kbCY5L8AX,Little Bit of Love,Tom Grennan,KR,16
1abFkY2jm6KDFMZ7RD9YJh,Painkiller,Ruel,KR,16
6uA9tUGo5WUhFPUR93F4jO,toidaidot,GREY D,VN,15
1enwoOU8CFAp9D3TY475sh,Kho Báu,(S)TRONG,VN,15
6P7xEmk7ZZYz0AV84uOwiW,Cuộc gọi lúc nửa đêm,AMEE,VN,15
4D1eaEIisnWCVPMnYuMh7q,漫步香港1999,白浩贤BlueC,VN,15
2naHX4cacns359w3ugyt3P,ĐÂU PHẢI VỢ ANH,RAP VIỆT,VN,15
40jjlmDAskFndmzjWVoCQk,NẾU KHI ẤY,Negav,VN,15
0vXAYEWak7KiyGdbth8Gz6,Vì Điều Gì,buitruonglinh,VN,15
3Ndroo5HpBKKTRGYReAYHM,Chưa Được Yêu Như Thế,TRANG,VN,15
4IJsVXbSeGPUrgwpVoHmlg,The Planet,BTS,"KR,VN",15
2P6YMsU9jt22CXfizfudi3,Love Hangover,JENNIE,"KR,US,VN",15
5FFVQGnZuJt9iAYpasTeq4,nữ siêu anh hùng,tlinh,VN,15
28ncfVOBRp3HGweSZ6Wb8C,Đưa Nhau Đi Trốn - Chill Version,Đen,VN,15
4OXtP0DpAoBW5iqiWPqKd8,Like This,K-ICM,VN,15
7k3ohP9ZiGfhL6yD8oIPfk,chẳng giống giáng sinh,Lu,VN,15
7GDgpad2BQVuDUzaxHFakc,LIKE THAT,BABYMONSTER,"KR,VN",15
0b61A7v9agI08BG21jJPQ9,they don’t know ’bout us,BTS,"KR,US,VN",15
3JR0ducCexKbeK47g6AHm5,Butter,BTS,"KR,US,VN",15
5EaVikAxSRponyifRP6Fhp,Super Tuna,Jin,"KR,VN",15
5tg21NdePCn5m8F9BXOEeJ,Aliens,BTS,"KR,US,VN",15
0TngyWNQw9iWZzqdbKHC3N,Hồi Kết,Hà Nhi,VN,15
6B4AdZzwagId7wvWeJEkiq,Độ Tộc 2,Độ Mixi,VN,15
7aonAWn0J0AJ47ZU9WHCXC,INFERNO,Sub Urban,"KR,VN",15
1wtOxkiel43cVs0Yux5Q4h,Snow On The Beach,Taylor Swift,"KR,US,VN",15
1ZNolq7VI7efGlh2hb2VVr,Into the Sun,BTS,"KR,US,VN",15
3r9FFjLrAIQjoR8pSHVPC9,Outro : Ego,BTS,"KR,US,VN",15
2cHvbenIXJdO2yYWQry26q,Chân Tình,Quang Trung,VN,15
1e0Wxoraz9IzFhREDqgJAe,Butter (Instrumental),BTS,"KR,VN",15
2bAAj29XGc4h1G4oEGYCmg,MORE & MORE,TWICE,VN,15
3pvYWi5tsEn2pM9y3zaApN,2 5,Táo,VN,15
3CwALGfKDBlCwGdiMLSCTY,mama boy,AMEE,VN,15
3ksHvU75aLBENx2ZmO49Jx,Anh Thanh Niên,HuyR,VN,15
6YvqWjhGD8mB5QXcbcUKtx,Love Story (Taylor’s Version),Taylor Swift,"KR,US,VN",15
7bad461siaxECNlaYsmIo6,Love Story,Taylor Swift,VN,15
2XWjPtKdi5sucFYtVav07d,365,Zedd,"US,VN",15
6aHgd9wFzDZed8KnAqMLeD,Câu Trả Lời,Tiên Tiên,VN,15
3Kkjo3cT83cw09VJyrLNwX,Oh My God,Adele,"KR,US,VN",15
6QcERmfQKHKtRE4yW7f0cC,Everything I Need - Film Version,Skylar Grey,VN,15
2TOzTqQXNmR2zDJXihjZ2e,enough for you,Olivia Rodrigo,"KR,US,VN",15
0Jlcvv8IykzHaSmj49uNW8,the 1,Taylor Swift,"US,VN",15
4PLH2eXSZyXhWwJdlGEkQO,Dung co mo,ERIK,VN,15
0kHyKhJMukHEPfeh8s7rdM,Born To Be Yours,Kygo,"US,VN",15
782ET7GKMVvNPBez4nsurW,FAKE LOVE (Rocking Vibe Mix),BTS,VN,15
2p8IUWQDrpjuFltbdgLOag,After Hours,The Weeknd,"US,VN",15
32vE1nuG8T9c8bhmZdRY6d,Cooped Up,Post Malone,"KR,US,VN",15
4zRZAmBQP8vhNPf9i9opXt,8 Letters,Why Don't We,"US,VN",15
5KD6AEm19QnMbfWpfoOHMl,Now That We Don't Talk (Taylor's Version) (From The Vault),Taylor Swift,"KR,US,VN",15
2EK48RuuE8HHMDzD2rEDqL,Siren,SUNMI,VN,15
7boPPE857KEqCIHNwFkDop,Audio,Sia,"US,VN",15
7L8hkKW4hnemNfuOfEZcle,Epiphany,BTS,"KR,VN",15
6ZB76HLpRe1UcbxEBw4w5M,Yêu Lại Từ Đầu,Khắc Việt,VN,15
7BDHDiidJ8WV349p3HTxTV,MANIAC,Stray Kids,"KR,US,VN",15
2gpWyfu7eZ01zzncHpxOtA,Moth To A Flame,Swedish House Mafia,"KR,US,VN",15
34eF4BoV8FPk0uhAAoqU7h,SUN GOES DOWN,Lil Nas X,"KR,US,VN",15
6jA8HL9i4QGzsj6fjoxp8Y,There for You,Martin Garrix,"US,VN",15
2W4yABdLc4Jnds67Poi5Nl,Yellow Hearts,Ant Saunders,"US,VN",15
2FymmKBuog0loCuNXMwQID,Ready to love,SEVENTEEN,"KR,VN",15
76nqCfJOcFFWBJN32PAksn,Kings & Queens,Ava Max,"US,VN",15
5TVirkSwFEXF1nLJEebe2I,Beautiful,Bazzi,"US,VN",15
0Qh38w01QRXK6KHIv0e3hb,What About Us,P!nk,"US,VN",15
4ak7xjvBeBOcJGWFDX9w5n,Rodeo,Lil Nas X,"US,VN",15
78Du4CMFgnhdlG33gblkiP,Rich Men North of Richmond,Oliver Anthony Music,US,15
1a73gcEg6h6Re6hHXoVltJ,FTCU,Nicki Minaj,US,15
5S8VwnB4sLi6W0lYTWYylu,hey now,Kendrick Lamar,"KR,US",15
5uPaqMMt59KGrdKIitDRqa,"I Knew It, I Knew You",Taylor Swift,US,15
19RybK6XDbAVpcdxSbZL1o,Apple,Charli xcx,"KR,US",15
4SRShYMtFIGgnOU7iBicMH,Nobody’s Son,Sabrina Carpenter,US,15
2CSRrnOEELmhpq8iaAi9cd,Blind,SZA,"KR,US",15
3MJ6lFNV12FSHAOzTzkwxz,Smile,Morgan Wallen,US,15
25jgQBxuUkGDdCG1WGKKN9,House Tour,Sabrina Carpenter,US,15
6WTFHKrnZpwEBLRS10Ylqs,misses,Dominic Fike,US,15
7phmBo7bB9I9YifAXqnlqV,I Wrote The Book,Morgan Wallen,US,15
1D2L6MefbXon28PzIk9I3r,92 Explorer,Post Malone,US,15
5N1o6d8zGcSZSeMFkOUQOk,Hot Girl Summer,Megan Thee Stallion,US,15
3DoBTwfr8yi2LN08SBpFkN,Watch,Travis Scott,US,15
6gI9b2VsoWhjhIuIeToDVs,Die Hard,Kendrick Lamar,"KR,US",15
0ZxhtATQ0a6EvQNZ0z6NKV,Princess Diana,Ice Spice,US,15
7lq4b3sYM9cYSnCMxCafKe,TN,Morgan Wallen,US,15
5Se32hEA9raeboZerywxka,You Broke My Heart,Drake,US,15
4ukUoXLuFzMixyZyabSGc4,Sleigh Ride,Ella Fitzgerald,US,15
4o6BgsqLIBViaGVbx5rbRk,You Make My Dreams,Daryl Hall & John Oates,US,15
5ndfVSDyPq90jaIUhNPeby,Chained To The Rhythm,Katy Perry,US,15
1V0qqWBbIWt8hlAjxTZedR,What Christmas Means To Me,Stevie Wonder,US,15
0xUvi7wldroBzaZCengPa5,24,Money Man,US,15
733c1CWmIGymoQXdp7Us88,Numbers,A Boogie Wit da Hoodie,US,15
2Grb4G6t9VIqo6moKUloom,Don't Come Out The House,Metro Boomin,US,15
1zgHn1EqUyA0HqNYMdJ5ia,Best Time,Brent Faiyaz,US,15
43CIWpJaJHRcI4mUSjqgc2,Bad Boy,Juice WRLD,US,15
0OgGn1ofaj55l2PcihQQGV,Drew Barrymore,Bryce Vine,US,15
0fg8CqpjdojMyXLNzM2PaJ,Run Up,Major Lazer,US,15
2ZCe5vjgNDAmoWe73C46nc,damned,Miguel,US,15
5Ctzx0mMiUPAu9JqbAOY9n,Be Like a Woman,Chris Rainbow,US,15
6XEt23sq6sRgER8sSZbCR5,Johnny Dang,That Mexican OT,US,15
4pCEIQ6wBVuaJdER5bALtO,That's A Rack,Lil Uzi Vert,US,15
2vmfvSoZBFAt9hhRoEByLi,Volví,Aventura,"KR,US",15
3EmmCZoqpWOTY1g2GBwJoR,Just Hold On,Steve Aoki,US,15
7dH9TPjTWQ60wOJkmYay8a,Blastoff,Internet Money,US,15
7KXVIAuw3m2hxZanrpSXS3,Tomorrow 2,GloRilla,US,15
794QVQtFNy7hvtjQP1keQd,1942,G-Eazy,US,15
7IMwEtpAiJanqF6vQteZN2,Turks,NAV,US,15
4Hpib09wXgD84w4uwTPnYD,Tap In,Saweetie,US,15
5S1IUPueD0xE0vj4zU3nSf,Bigger Than You,2 Chainz,US,15
37F7E7BKEw2E4O2L7u0IEp,Limbo,Freddie Dredd,US,15
0VE4kBnHJUgtMf0dy6DRmW,Getaway Car,Taylor Swift,US,15
59fFsGRwFiuhxKDPc1k6xW,Opp Stoppa,YBN Nahmir,US,15
4lUmnwRybYH7mMzf16xB0y,Hats Off,Lil Baby,US,15
561jH07mF1jHuk7KlaeF0s,Mockingbird,Eminem,US,15
0nqhKXDjsyBMvbeWmgijD0,Wockesha,Moneybagg Yo,US,15
6osaMSJh9NguagEDQcZaKx,Loco Contigo,DJ Snake,US,15
6vFsBXYczYsP0H3lgunZOm,Cloud 9,Beach Bunny,US,15
5XQMr19TL7Mfksq9zihbOu,Questions,Chris Brown,US,15
20on25jryn53hWghthWWW3,Do It To It,ACRAZE,"KR,US",15
2bo0HCDcZj8BYjoht9zYgk,Time Today,Moneybagg Yo,US,15
0B8B8cVRFIG1yznoQe7c9s,Setting Fires,The Chainsmokers,US,15
43jBqV3j3Xi1g6wO0bhIMd,Now and Later,Sage The Gemini,US,15
2tOOcDDYkh0PSjr6GwPEAJ,Love Me Less,MAX,US,15
2XaInsPPUkZRkY4uFJ3AHK,Met Gala,Gucci Mane,US,15
6Nle9hKrkL1wQpwNfEkxjh,Chanel,Frank Ocean,US,15
5iwz1NiezX7WWjnCgY5TH4,Calma - Remix,Pedro Capó,US,15
2z4pcBLQXF2BXKFvd0BuB6,Tip Toe,Jason Derulo,US,15
0t3ZvGKlmYmVsDzBJAXK8C,Goodbyes,Post Malone,US,15
5fo4LbJ8lOaB54wcM5wPMv,Come First,Terror Jr,US,15
0FuTx2s3YH1ppmtiM6l0zI,September Song,JP Cooper,US,15
1jQsKN68yE94tMYml0wHMd,Jump Out The Window,Big Sean,US,15
4oeaIftdpT3JuZLcCkKmVE,False Alarm,The Weeknd,US,15
0HVj61S4pQJdQhgZP61G65,I Would Like,Zara Larsson,US,15
1cG0umU5TKStygKsPFZ9pY,Shed a Light,Robin Schulz,US,15
2eqUZAVXjK61mZqLl4LKJJ,I Got the Keys,DJ Khaled,US,15
56kXYt4KRoUq3rzkPdjquB,Audi.,Smokepurpp,US,15
3ZCDG0nujwGfxrEmZlZoEt,Something In The Way You Move,Ellie Goulding,US,15
56nMXANwYgYPBqGX9uEH2M,She's Kinda Hot,5 Seconds of Summer,US,15
6dlpABcXrQKRU9G00i6Zba,Back To Sleep,Chris Brown,US,15
5K6Ssv4Z3zRvxt0P6EKUAP,Heartbreak Anthem,Galantis,"KR,US",15
5HJId22hZ2IvFnvNSy6ZbE,Different For Girls,Dierks Bentley,US,15
6od5hFv9IT5JHc7NEF9HRv,Victorious,Panic! At The Disco,US,15
0lQJBl9YEsoMtE8D4yTE9g,From the Ground Up,Dan + Shay,US,15
5e9aFSdnkQUrm5y8Dhw0qN,Might Not,Belly,US,15
07rJ9xLSbBKLwJHW73CApr,Boys Like You,Who Is Fancy,US,15
06Hdbxh6NCy6TIhjdXTchB,Headlights,Robin Schulz,US,15
4oyWrvyORD6uCSYCLSRF6W,Powerful,Major Lazer,US,15
6I9CRrzpTrfkqo6KTfkpYZ,6 Man,Drake,US,15
4amvcCLMlTiU6mQfwFGRl8,21,Hunter Hayes,US,15
1i1rNVtxbE7rdFfpHuNq2j,Hold My Hand,Jess Glynne,US,15
6HTJZ0TQJVMSKkUGzAOe2h,Old Thing Back,Matoma,US,15
7gfb0CSyZkmZesObgbVGGB,Adore You,Miley Cyrus,US,15
6I3KeXBT0E9MoMqYz8srVq,White Walls,Macklemore & Ryan Lewis,US,15
04cxAqa9ZgLwvEskosNVsB,XO,Beyoncé,US,15
6JamfoPtweaGGgPzxy3Jvu,The Language,Drake,US,15
009ImBOrIUlWgla8U05RAC,Unconditionally,Katy Perry,US,15
7ty8xCQ2bCocWLGB6IFZ17,Rich As Fuck,Lil Wayne,US,15
1pBUzZE9PoKLoPxo6QxsG6,Deja Vu,RESCENE,KR,15
41d2WjuL0ikRKVjxmL7ZFz,BOOMPALA,LE SSERAFIM,KR,15
1tonXoW6dcb7GGNpec3PTl,WE GO UP,BABYMONSTER,KR,15
4XLfRpryO7Qn0SXp1ARIfj,123-78,BOYNEXTDOOR,KR,15
0kE4TRJ0pWoRKzKdtbx8To,Cosmic,Red Velvet,KR,15
1qRfAvzRIJQodWKBNFAb6C,"Smoke (Prod. Dynamicduo, Padi)",Dynamicduo,KR,15
1j8jqwFpFQ8YqsIJAiYFLZ,Wife,i-dle,KR,15
3HCGX2gmPLu6ttkbYvPGTR,すずめ,RADWIMPS,KR,15
0bMWoFtQIrnW5YyNMc4aKQ,I’ll See You There Tomorrow,TOMORROW X TOGETHER,KR,15
4LJgBT9yo0beHlaBesCFEv,Birthday,Red Velvet,KR,15
1LJT4ctFlHUSVsfZqMeaz0,Cheshire,ITZY,KR,15
4JmbtS0Muijl37KP9lDscy,Heart Burn,SUNMI,KR,15
56s2s5e8WuBsWVKnmz6J9L,BEAUTIFUL MONSTER,STAYC,KR,15
3pqgVtpnQbBAZoWT4AEm1B,Stay This Way,fromis_9,KR,15
049M1ZP4H2B13yB2ax6N7l,그대라는 시,TAEYEON,KR,15
0JL7DoEqAUcOntWmBuOSdh,For You,LEEHI,KR,15
5joNJn9LUvYcamWwa2iYCL,Nonstop,OH MY GIRL,KR,15
1aEsTgCsv8nOjEgyEoRCpS,this is how you fall in love,Jeremy Zucker,KR,15
7k9aYmnQ1nrp3RMTxNtUQV,EM CHỈ LÀ,"EM XINH ""SAY HI""",VN,14
4PCh6DAkUYKnEmvjV4ouOs,Nâng Chén Tiêu Sầu,Bích Phương,VN,14
7diH1qnFziArYzynk3vkr6,TNT,CORTIS,"KR,VN",14
6sH3hTKs0DcZvHASR7cQ6F,CẦM KỲ THI HOẠ,"EM XINH ""SAY HI""",VN,14
4qaIt8XGSKAJND4OXd4hPe,TỪNG,"EM XINH ""SAY HI""",VN,14
6MgCMS8q3NA89TnVuPLvIN,Baby Gọi Cho Anh,RAP VIỆT,VN,14
0RKggS4he8LozKqMv09IrM,WALK,"ANH TRAI ""SAY HI""",VN,14
7p106V3HRaa0lCVL5oepMg,Công Ty 4,Andree Right Hand,VN,14
35sOT7zq5F0i9IsJF5whxm,IT’S GON’ BE ALRIGHT,"ANH TRAI ""SAY HI""",VN,14
7dDbzI8ZchvQbrTHrpOUAA,ƯỚC ANH TAN NÁT CON TIM,Phùng Khánh Linh,VN,14
5yNB5nPXblrSwtS9d0ssAU,id 2022,W/N,VN,14
4LAdZsiks8vsw3e1iZQgVY,Không Phải Gu,HIEUTHUHAI,VN,14
33SYx5viijwLGMqfl50FKI,Badtrip,RPT MCK,VN,14
1HWa2i5mZzs2VImVqwwfuI,We Go Hard,RAP VIỆT,VN,14
0KmrKOdScRDVYwWS8hkkdv,FYA,BTS,"KR,US,VN",14
2IFND3phjzIG1RcPnHh2hP,Like Animals,BTS,"KR,US,VN",14
7gaA3wERFkFkgivjwbSvkG,"yes, and?",Ariana Grande,"KR,US,VN",14
4TfH2Syxsx2cAJShY8u6bT,Anh Luôn Là Lý Do,ERIK,VN,14
5NxZpeMGUQ5T5At5xZM5Hf,Anh Tự Do Nhưng Cô Đơn,Trung Quân,VN,14
1r9xUipOqoNwggBpENDsvJ,Enemy,Imagine Dragons,"KR,US,VN",14
3VegC0PZiHjGxb80DER8XU,Merry Go Round,BTS,"KR,US,VN",14
1eZ8S2yOGRhAE32pg27M1S,LayLaLay,Jack - J97,VN,14
7xNCacksfUkYXsXuSW4vNF,PS5,salem ilese,"KR,VN",14
5ACySwUCY89mWH3u38WD9m,"Tệ Thật, Anh Nhớ Em",Thanh Hưng,VN,14
5106KTen3ogiqKTYXnPbsW,Sài Gòn Đâu Có Lạnh,Changg,VN,14
66KCoeGPimoVR3FInucM9Q,BACK TO HOMETOWN (TRỞ VỀ QUÊ NHÀ),RAP VIỆT,VN,14
1UN5BrYtooQPLcobYEqMNH,Cự Tuyệt,Hồ Ngọc Hà,VN,14
42mIT9wfmgA48DTN8GmCxX,Giá Như,Chillies,VN,14
4qUmNOnS81p8wrMdBHRbS3,Heart on the Window,Jin,"KR,VN",14
5jxuw4S5IDEY6CjjAHvRAt,Falling,Jin,"KR,VN",14
38ZffdGref7ax4nX1JUDYT,Butter (Hotter Remix),BTS,"KR,VN",14
1sgDyuLooyvEML4oHspNza,Lose Somebody,Kygo,"US,VN",14
3TDUktzfYXMWjkWqwoT5F1,Lights,BTS,VN,14
1SO5RyYJZUAI0aHkAkrF2p,Everything I Need (From Aquaman: Original Motion Picture Soundtrack) - Film Version,Skylar Grey,VN,14
38td8VabuKlQt72Q2VnhbO,134340,BTS,"US,VN",14
31Rxc3kfQjI7WpaRKskQs2,Nụ Cười,Rhymastic,VN,14
2ygvZOXrIeVL4xZmAWJT2C,my future,Billie Eilish,"KR,US,VN",14
3n2P3ipLt5mPFVaM0fJHNR,Wrap Me In Plastic - Marcus Layton Radio Edit,CHROMANCE,VN,14
1eb9WBiWI2thidcVZTKWvP,Do Ai?,Vũ.,VN,14
5sbooPcNgIE22DwO0VNGUJ,POP/STARS,K/DA,"US,VN",14
645YBsxhFPSOKxGep3uHLv,Love Maze,BTS,"KR,US,VN",14
49j6SvuvWfbEKZKzsHCdLJ,stupid song,Olivia Rodrigo,"KR,US,VN",14
543bCW2ruMPmxUBWirQ3MR,Cross Me,Ed Sheeran,"US,VN",14
26wLOs3ZuHJa2Ihhx6QIE6,Teeth,5 Seconds of Summer,"KR,US,VN",14
184XtKkzoAl83quIarUAJP,YES or YES,TWICE,VN,14
1RRMwNycLH4pOgpdLj0iFk,Tiễn Khách,Bích Phương,VN,14
3DKpA54hrFIdPN6AtL9HXa,I'll Never Love Again - Film Version,Lady Gaga,VN,14
6G8kHiVZ1jW7vHMPVRNZU0,Don’t Matter To Me,Drake,"US,VN",14
5EzitieoPnjyKHAq0gfRMa,Ko Ko Bop,EXO,VN,14
4QIo4oxwzzafcBWkKjDpXY,xanny,Billie Eilish,"US,VN",14
0rIAC4PXANcKmitJfoqmVm,Motivation,Normani,"US,VN",14
4SPu0Ql902hTVXkBoNIYtq,NASA,Ariana Grande,"US,VN",14
7F9vK8hNFMml4GtHsaXui6,Back to You,Louis Tomlinson,"US,VN",14
34JfHOd0fcefm4FSPSrIhF,Cold Blooded,Jessi,"KR,VN",14
0E6PsO3ymCfUh7pJQjBgkj,APESHIT,The Carters,"US,VN",14
3zJw3rugfpVrmBeDDnUYzy,Happy Xmas (War Is Over) - Remastered,John Lennon,"US,VN",14
7nZmah2llfvLDiUjm0kiyz,Friends,Justin Bieber,"US,VN",14
0OA00aPt3BV10qeMIs3meW,Big Dawgs,Hanumankind,"KR,US",14
6vjpQIdABqntoe3zPazPec,Shabang,Drake,US,14
4kX7xkopoXZCfE1D6fNwl2,honeybee,Olivia Rodrigo,US,14
68qeaZhtMZ6abrJCYt6nQn,RATHER LIE,Playboi Carti,"KR,US",14
4nrPB8O7Y7wsOCJdgXkthe,"Shakira: Bzrp Music Sessions, Vol. 53",Bizarrap,"KR,US",14
4bkClAuofJULiaIZsuL3gT,expectations,Olivia Rodrigo,US,14
6jfiwkcwt8iYCdkbLukxeI,maggots for brains,Olivia Rodrigo,US,14
7sliFe6W30tPBPh6dvZsIH,Area Codes,Kaliii,US,14
3eP13S8D5m2cweMEg3ZDed,Virginia Beach,Drake,"KR,US",14
4HMop4Re0iucehmF7mgV27,act ii: date @ 8,4batz,US,14
34tz0eDhGuFErIuW3q4mPX,On BS,Drake,"KR,US",14
2e3YJ6Hm8tR5L5Zy8HzOtv,what’s wrong with me,Olivia Rodrigo,US,14
09IOPhEh1OMe0HD9b36FJk,Over Now,Post Malone,US,14
2Rd4eJ4KwXQQn2sMSToyUM,Moon,Kanye West,"KR,US",14
3FqUPvubYeRCMsdJ02QyZR,TÚ NAME,Fuerza Regida,US,14
0LTwdL5yZ6YOTEGUQPFuSN,ROSONES,Tito Double P,US,14
5AH31dDNgxCMGDdxubNNn4,NEL,Fuerza Regida,US,14
77pDO4WZPIdkwFve0iHWnb,Por Esos Ojos,Fuerza Regida,US,14
57Z6TJCTMACXxdrcwZ3Zvf,Phantom,EsDeeKid,US,14
0rzaRSujxA0bKyjJl6vHYq,Satellite,Harry Styles,"KR,US",14
4iYRa2btalAzPZoSYfROqF,XXX. FEAT. U2.,Kendrick Lamar,US,14
4LmAnpjlhWTahvRkYR8xJa,X,ScHoolboy Q,US,14
4TWflhgevIGo448fWc6mQq,Red Room,Offset,US,14
7n7VsX3sv66znBwA8b5uhp,Here Comes Santa Claus (Right Down Santa Claus Lane),Elvis Presley,US,14
5RcxRGvmYai7kpFSfxe5GY,Chanel,Becky G,US,14
3S68RFe1lsdCdTMPIMJM3X,Cash In Cash Out,Pharrell Williams,"KR,US",14
1GQ3cCJMAhLqWARyVZWxnO,Mele Kalikimaka - Single Version,Bing Crosby,US,14
3oTuTpF1F3A7rEC6RKsMRz,Raindance,Dave,US,14
0Ie5uiv54KgCr7P4sYDTHl,Baby It's Cold Outside (duet with Michael Bublé),Idina Menzel,US,14
13ZyrkCDmRz5xY3seuAWYk,Hear Me Calling,Juice WRLD,US,14
3T9BKc4kB7ukeNQrCqv6ZV,Sharing Locations,Meek Mill,US,14
2TSfStvlAMLw89u3tali79,Dah Dah DahDah,Nardo Wick,US,14
56oGoEjA9eTZYgsttEFKY3,The Thrill,Wiz Khalifa,US,14
1DgtQlVNotingln271ZKCx,White Horse,Chris Stapleton,US,14
3NanY0K4okhIQzL33U5Ad8,Boy's a liar,PinkPantheress,US,14
0qJeyYAgv6UpvewUxRXAhb,Rags2Riches 2,Rod Wave,US,14
51PIvodunv6NmX5250zxAh,The Cure,Lady Gaga,US,14
0W4NhJhcqKCqEP2GIpDCDq,Love,Keyshia Cole,"KR,US",14
7KSSdFCBHCfq4KPzz78ghk,Heatin Up,Lil Baby,US,14
55GiOwtxNajXVbpjjIzMnD,SWISH,Tyga,US,14
3BntzKsnLf2pc0dsvE3Zav,Bad Dreams,Teddy Swims,US,14
53tfEupEzQRtVFOeZvk7xq,DESPECHÁ,ROSALÍA,US,14
1r8ZCjfrQxoy2wVaBUbpwg,Thousand Miles,The Kid LAROI,"KR,US",14
2FDTHlrBguDzQkp7PVj16Q,Sprinter,Dave,"KR,US",14
735RSTb2xbtWbDtKD9XDYi,Somebody,Internet Money,US,14
3L19besdNQzd342qL78xqm,Demons and Angels,A Boogie Wit da Hoodie,US,14
4U45aEWtQhrm8A5mxPaFZ7,Vienna,Billy Joel,US,14
3Ytr1SUCUi6J3L9dRFx5iH,Know No Better,Major Lazer,US,14
0NJp8GyCOWnQh71xKSPfuV,Freaky,Tory Lanez,US,14
6pVW5LRWgeLaHudxauOTJU,Jingle Bell Rock - Daryl's Version,Daryl Hall & John Oates,US,14
0zl3PdjIl320fK0pxBGWNR,KEKE,6ix9ine,US,14
6ws54n2IzyrIxxyzlG2bVJ,Right On,Lil Baby,US,14
6755DFiZ7CWe2WMdTGW5C1,Ski,Young Stoner Life,"KR,US",14
09gysnJpfQ3ublBmJDfcEC,SAD GIRLZ LUV MONEY Remix,Amaarae,"KR,US",14
7LEydI5NfjY6mZfKwYIptZ,Down,Fifth Harmony,US,14
4vSoyDfL0uZyUoWu5NNNsQ,Self Control,YoungBoy Never Broke Again,US,14
2Lhdl74nwwVGOE2Gv35QuK,Cupid's Chokehold / Breakfast in America,Gym Class Heroes,US,14
3IyeQMpMEqNcEvFQGJ2eps,Focus,Ariana Grande,US,14
4hanO6Du5J7QEguNHYZHmw,Daddy,Blueface,US,14
0TCnOEVeLQMXOUrpPlM7uY,Guatemala,Rae Sremmurd,US,14
3wdfLVUhmX64lIyWIIEW8s,Ice Tray,Quality Control,US,14
0BOmhToQ03yOdpzYKMEnAg,Baby Birkin,Gunna,US,14
5eCkuGPZNl4mISFNPgr3Dd,Down,Marian Hill,US,14
5Ber68jZ7ytegr2UISEdb7,Santa Claus Is Coming to Town,Michael Bublé,US,14
51w9Jbat1pLeWINGCpnQUR,TAlk tO Me,Tory Lanez,US,14
1MJErNPIQUoEMu4YUUmecm,Neon Guts,Lil Uzi Vert,US,14
4Of7rzpRpV1mWRbhp5rAqG,Bruises,Lewis Capaldi,US,14
1E3VQQWFQAPJkXfYHjqWoI,Captain Hook,Megan Thee Stallion,US,14
3ZD3kjn80pQ9keYO8eqp9d,The Other,Lauv,US,14
7s49Um7G06hq2rulrHPsIy,Jimmy Choo,Fetty Wap,US,14
4uCAKqQQYJaIvyzq4sZkaO,9,Drake,US,14
3TRFq09DUgYj1mug6RRqJW,Lot to Learn,Luke Christopher,US,14
4gB7HrYHbJVJ5RFOjxmoq4,One Number Away,Luke Combs,US,14
0FQhAHyHGsrbSHvDURmFPn,my boy,Billie Eilish,US,14
6aHoPULNO7pSL2ZfUY0bU8,Knock Knock,SoFaygo,US,14
3jHCXrZNz8fQEEf4BpWCAj,Purpose,Justin Bieber,US,14
3A2OHirUAlQp2x73BJlEDA,Perfect Pint,Mike WiLL Made-It,US,14
1dl3vuXJS9anUXE7XnNP75,Get Ugly,Jason Derulo,US,14
7f08qp3HROTkfrtNpiYGGo,Dirt On My Boots,Jon Pardi,US,14
1trZGMI2CGyVT44STkpCoN,Let Me Explain,Bryson Tiller,US,14
28YLWwEB6xnJQYN7e062rH,Tell Your Friends,The Weeknd,US,14
1VoJttdilLYpbpYN142Zek,Real Life,The Weeknd,US,14
26hcyzSE154xMZCbFdtInA,Taped up Heart,KREAM,US,14
59e7E2LMPZ2bhW5G6aCwX8,Crazy Brazy,A$AP Mob,US,14
4cg1yakyRSIOjxKM2I7J1q,Digits,Young Thug,US,14
498ZVInMGDkmmNVpSWqHiZ,May We All,Florida Georgia Line,US,14
7K5dzhGda2vRTaAWYI3hrb,"Just Like Fire (From the Original Motion Picture ""Alice Through The Looking Glass"")",P!nk,US,14
5NUlOzzMdoIABFTnhizCQa,This Summer,Maroon 5,US,14
6LTsvaebP6V9tJFvZxqi5M,Pull Up,Wiz Khalifa,US,14
6KFaHC9G178beAp7P0Vi5S,Desperado,Rihanna,US,14
7rVrQF43tH4mI0542hijUC,Levels,Nick Jonas,US,14
2UMZjhZWNxZezcZiZvyvsZ,Aloha,Møme,US,14
4USkck1rAt5i460l5yvdOk,Body,Dreezy,US,14
0zg5XJPiga7E5FxiehriG2,Been That Way,Bryson Tiller,US,14
2070Tp3jRs1nwmikIvrXo4,Home Alone Tonight,Luke Bryan,US,14
6qMXubogFdMrvVMJwqATzd,Jordan Belfort,Wes Walker,US,14
6rXcizzkBRUeExD57bALen,BO$$,Fifth Harmony,US,14
7jjoaCQZ9QwpCF6aibDuCV,Hideaway,Kiesza,US,14
6C7RJEIUDqKkJRZVWdkfkH,Stronger,Kanye West,US,14
46ZfPS5VpSQVU5gb82hg3K,Anything Goes,Florida Georgia Line,US,14
0H9Q7Vzu8nYRDBZYKbtU8d,Sippin’ On Fire,Florida Georgia Line,US,14
6qC8Jj1XOxknPm8N7EbzKX,Flashlight,Jessie J,US,14
6HMHgBHdLBQ0QYIaOp2gse,I Don't Get Tired (#IDGT),Kevin Gates,US,14
38aECKrbMv2F5FsYYCewCQ,No Mediocre,T.I.,US,14
0kIHfcHGFGm5xb0dSlKEdp,Hood Go Crazy,Tech N9ne,US,14
6XXCvIN94wOQBnyfcx8q3I,#Beautiful,Mariah Carey,US,14
6olUplztLFFfU7fMYmFXOP,Sober,Childish Gambino,US,14
4c9CHyzibRaogeupFGzsFW,L[ ]VE,CHOIJUNSEONG (Jun S),KR,14
3g8mimqqxsAEtkktm1TYEk,"Love over hip hop, money over love",noahjooda,KR,14
3vJIaiTIHxHhYafTSPNiH4,Zoo,Disney,KR,14
5N5lZWepzoIlr7mFMEacKd,かくれんぼ (Hide and Seek),PLAVE,KR,14
6oBDhkYQDhFS2q0wQ6xZLO,Pretty Please,Hearts2Hearts,KR,14
1cgtNgk0bkBjKaHmhes7f0,Never Loved This Way Before,BOYNEXTDOOR,KR,14
0qkYuCno3SoU8vxkCdx0iJ,THUNDER,SEVENTEEN,KR,14
3yoNPRG7fYlOu7Mgwoc6WQ,SIGN,izna,KR,14
4rRDmXBKB2X2Jnb8yLzAKZ,Fly Up,RIIZE,KR,14
2e1gUS6Wv8GS8ZT6FMeE1J,ただ声一つ,Rokudenashi,KR,14
2WRag4aQzatDf8SZV7ohbb,Dial Your Number,#Annyeong,KR,14
3Zice5cXhiPVLwrdBJlyHc,See that?,NMIXX,KR,14
294hRgOqnGW2BemqP8D35X,Klaxon,i-dle,KR,14
1NubJcJa12xLssOkQfWZDZ,Watch Me Woo!,PLAVE,KR,14
1UyrFk2u0Asqmys76trMLi,From,PLAVE,KR,14
4mMtn8zhy4IaOwzNCgSbCT,Virtual Idol,PLAVE,KR,14
4tjE2J3OLy3oOM6JecEfCG,Merry PLLIstmas,PLAVE,KR,14
2UrBX2cG7ZSnN2SbgspmtK,Grrr - Spotify Singles,BLASÉ,KR,14
0qsv5I5fEnRoX2Enb3mBNr,V (Peace),Zion.T,KR,14
797EOD68bmVFiyalgBGeOZ,左右盲,Yorushika,KR,14
29j6SXQOmfSbiemMriO25W,Rose Blossom,H1-KEY,KR,14
0ra3bPUOj2YnY4FJHXtgHZ,BIBI Vengeance,BIBI,KR,14
3LTwMQ9kkn5VVhP3jipBlR,Stigma,BTS,KR,14
2j0MsDAMJ2ahsxP3z86ChI,Flu,IU,KR,14
0ckILmtBH2r5UFOtTf2cN0,Never Stop Me,i-dle,KR,14
6rcwrRWKyjaFyUL8b8GlIJ,Epilogue,IU,KR,14
3FNuG1PjKcOu7tAqZKB4kZ,BOP BOP!,VIVIZ,KR,14
1nInOsHbtotAmEOQhtvnzP,Stronger (What Doesn't Kill You),Kelly Clarkson,KR,14
6ELX356o21U28T73ZxruUj,Tìm Em,Hngle,VN,13
6CTdPSNvUYw7UjerVIkUia,xương rồng (intro),Dangrangto,VN,13
6BnPsHZv1jPbPAsQsm0s5b,Nếu Như Ta Chẳng Còn,RPT MCK,VN,13
5ze1OgIdC5fJLJfpvT9Jog,Mắt Môi Tay Chân,RPT MCK,VN,13
35gc5FTZehQ5DF2BI6wkgf,LƯỚT TRÊN CON SÓNG,RAP VIỆT,VN,13
4EIFwndJvGpgFjsEbNuYif,ExtraL,JENNIE,"KR,US,VN",13
44sYmL97Lv8mEbzgANFkPD,thật quá đáng.. để yêu,NICKY,VN,13
3rIQPhzwnHiF3PzfFVnXp5,Nắng Ấm Trong Tim,Duongg,VN,13
0SNgVYcHY0UPil9YGmwU5k,CỨ ĐỔ TẠI CƠN MƯA,"EM XINH ""SAY HI""",VN,13
6wvOfBj1mdlebpuVihkVhL,ĐẶT TRÁI TIM LÊN BÀN,Tùng,VN,13
2eVsKrWqJhTAVItaTRashw,Thanh Tân,VƯƠNG BÌNH,VN,13
4ZIwFLm8C7MUe7JR1G9CGa,vùng vẫy,Dangrangto,VN,13
5sGAdzerznua6nkFZr4jW6,TUYẾT TRÊN PHỐ,RAP VIỆT,VN,13
2jbwrUF3CCe68kztsvLsNC,Mục Hạ Vô Nhân,SOOBIN,VN,13
1S2CJruGeO5ZJmOFP87KMP,NGÂY THER,kidsai,VN,13
52cD79EubHFgrw4lW0AnGB,BAO LỜI CON CHƯA NÓI,"ANH TRAI ""SAY HI""",VN,13
5PCOOngROV9jWsUViSy4Ed,Killin' It Girl,j-hope,"KR,VN",13
1IthE5GNiRzFN5CVaCa445,Born Singer,BTS,"KR,US,VN",13
0ITwGfl4Tf7UOTbLCGVbm0,Chân Mây,K-ICM,VN,13
5C4ajMLziq5yB7I5K6EsLS,Giấc Mơ Của Em,MYLINA,VN,13
2YkWEClnZUYazZxq6GQ8OT,tâm,Mer,VN,13
6s3w7SUVtmm68Bw5KrKMh0,One More Night,BTS,"KR,US,VN",13
4ZOCzRRThD32cGu8aeqOBb,Hoa Cỏ Lau,Phong Max,VN,13
6GGtHZgBycCgGBUhZo81xe,Say Yes To Heaven,Lana Del Rey,"KR,US,VN",13
6dkCXQoMZoEonJbbFYH83r,Phận Hoa Rơi,K-ICM,VN,13
7GcnpaGXpoIT3TWYloSsSO,Đoạn Kết Mới,Hoàng Dũng,VN,13
0X5tCYwiVldeDynbhBshTl,Hẹn Kiếp Tương Phùng,K-ICM,VN,13
7ov3TDp5D00Rnu5R1viX4w,New Woman,LISA,"KR,US,VN",13
6SjnTRDyTM162pPOAM0O8M,Gieo Quẻ,Hoàng Thùy Linh,VN,13
1XpVhaI4HzWrhRWIpdfyJB,Please,BTS,"KR,US,VN",13
67Cxa088HT5J5OJ0SWB6Ip,Buông,Bùi Anh Tuấn,VN,13
1LAdQfi4bXzNR7EAqKeWCn,Nhà Bao Việc,RAP VIỆT,VN,13
3op7HNwLli54MBjFGzIlZO,Louder than bombs,BTS,"KR,US,VN",13
26hOm7dTtBi0TdpDGl141t,Die For You,Joji,"KR,US,VN",13
68HocO7fx9z0MgDU0ZPHro,Every Summertime,NIKI,"KR,VN",13
3LfiZlWffAqGOAQ6sKjoJP,khi cô đơn em nhớ đến ai,GREY D,VN,13
0OYyivKo7eLtmHzYagW60S,Quên Đặt Tên,Phạm Nguyên Ngọc,VN,13
4CoxD8tetisleUQDA7vn1B,What You Waiting For,JEON SOMI,"KR,VN",13
0k5hoseEJnCAbpRh38dNoI,Title,Meghan Trainor,VN,13
460WMeltK2dxce4qhcaCF7,Normal No More,TYSM,VN,13
0Sx4EKzhdNxFzquGRANPD3,Không Bằng - Rin Music Remix,Na,VN,13
2USlegnFJLrVLpoVfPimKB,Thunder,Gabry Ponte,VN,13
0vLXpeE2Z7iVvcba8PAwwI,Thế Hệ Tan Vỡ,Kai Đinh,VN,13
3wKCldl6riuEKxXlvuxFJ2,Pretty Savage - JP Ver.,BLACKPINK,"KR,VN",13
0UkWvPZauWiBjWGuXFhZQn,Tát Nước Đầu Đình,Lynk Lee,VN,13
6mXdCcFnPKQznj4CmMRmHC,Mean It,Lauv,"US,VN",13
1UL2QMgWPeNCJhznvr99Jk,Gene,Binz,VN,13
7M30L99pePlQ3wh8IxVUsD,With You - Instrumental,Jimin,"KR,VN",13
2x0RZdkZcD8QRI53XT4GI5,SOS,Avicii,"US,VN",13
4TArUx34wOehwpnbXlKBQY,LION,i-dle,VN,13
1jgTiNob5cVyXeJ3WgX5bL,Elizabeth Taylor,Taylor Swift,"KR,US,VN",13
03bTIHJElXZ0O0jqOQvAbY,Father Figure,Taylor Swift,"KR,US,VN",13
4tNXntkAzQ5A2dfYRYGIIQ,Easier,5 Seconds of Summer,"US,VN",13
0W0iAC1VGlB82PI6elxFYf,Guilty as Sin?,Taylor Swift,"KR,US,VN",13
68nqgUs4Wzhje6w4HrSWet,Butter (Sweeter Remix),BTS,"KR,VN",13
0xmEcb4yhUy5PS8MHdAvmc,Butter (Cooler Remix),BTS,"KR,VN",13
0mjAU3yKR1QnXnHtjGJqTM,Rescue Me,OneRepublic,"US,VN",13
36t6frENUtCYKuZus6aYDO,Who’s Afraid of Little Old Me?,Taylor Swift,"KR,US,VN",13
01dmH2IPkrLNWIMPNXlreE,Paradise,BTS,"US,VN",13
7Fg342AJtNsIDdwCfX0paC,Let Me,ZAYN,"US,VN",13
7IWTIkiWGWNQyYfOLdMrGD,Burn Out,Martin Garrix,VN,13
7FihoA0WgTT21DkWR7wbYR,"Ashes - from ""Deadpool 2"" Motion Picture Soundtrack",Céline Dion,VN,13
0GqAWZe1A5ecKadZrHk6XH,Chk Chk Boom,Stray Kids,"KR,US,VN",13
0xq4ZTcmwBfkPGo4RRKmMe,Gotta Go,CHUNG HA,VN,13
62bOmKYxYg7dhrC6gH9vFn,Bye Bye Bye,*NSYNC,"KR,US,VN",13
5cQB9fbuQCz4muQUFkv3rR,Serendipity (Full Length Edition),BTS,"KR,VN",13
68gQG2HpRMxIRom4pCugMq,Chill Kill,Red Velvet,"KR,VN",13
4B0RX7heYFgkxZY6K5HRg8,Như Lời Đồn,Bảo Anh,VN,13
6xTU6B6nFwKKTSZ9ySXS80,Remind Me to Forget,Kygo,"US,VN",13
5Fla3zyOCcIRqrDoKLU0DP,Let You Love Me,Rita Ora,"US,VN",13
1058fW9H3fZA6QjYCdOBad,Don't Go Yet,Camila Cabello,"KR,US,VN",13
3towKHKVOXCCcL1fHv6xFO,Capital Letters,Hailee Steinfeld,"US,VN",13
2DGa7iaidT5s0qnINlwMjJ,The Spectre,Alan Walker,VN,13
2x0WlnmfG39ZuDmstl9xfX,End Game,Taylor Swift,"US,VN",13
4wcBRRpIfesgcyUtis7PEg,"1 step forward, 3 steps back",Olivia Rodrigo,"KR,US,VN",13
0Zbbxnx4SGGHoIow4PpISP,Stargazing,Kygo,"US,VN",13
6jfEZdUJ2Yla6h7gTJgKuo,Walk Me Home,P!nk,"US,VN",13
2SsY5k7UWFqgye3PUMG3Oq,The Subway,Chappell Roan,US,13
3LPLRNr58Z9Pn0clnEtkXb,Anxiety,Doechii,"KR,US",13
6jlG8gBPNAgBgoivw2Ig09,DEVIL IS A LIE,Tommy Richman,US,13
6StwwqB84sJeLr7tZDTxEX,Guy For That (Feat. Luke Combs),Post Malone,"KR,US",13
6tNgRQ0K2NYZ0Rb9l9DzL8,obsessed,Olivia Rodrigo,"KR,US",13
3h5TiWTqGxjSjFrbruPFH9,Praise Jah In The Moonlight,YG Marley,US,13
6wHpLMmp98aHcV8L1JFrj8,Eternity,Alex Warren,US,13
1fXnu2HzxbDtoyvFPWG3Bw,Stand By Me,Lil Durk,US,13
16xRAbH0vI3iKvDEhWQ4ZO,less,Olivia Rodrigo,US,13
3e7Y6sfFlIdBMJhX7wpqVO,44 More,Logic,US,13
12Fkyg9lpmaz2zmKOfw2Y2,On The Road,Post Malone,US,13
6KXKcH4QO1MiGrMQOGoADP,PAINTING PICTURES,Superstar Pride,US,13
5P8Xvy5tzhmfyfA6GplQ8h,I Want a Hippopotamus for Christmas (Hippo the Hero),Gayla Peevey,US,13
0hv6276QhpMDnVJIMxEWPH,Bottom Of Your Boots,Ella Langley,US,13
2gbMPBrBVj3CuNTLp2dHYs,Off The Grid,Kanye West,"KR,US",13
4h5x3XHLVYFJaItKuO2rhy,Ghost in the Machine,SZA,"KR,US",13
2FUNBaa5DwItJtYEBgAblU,monster,21 Savage,US,13
3qXsX3mYSsD1DmAvc3PE3N,Love You Anyway,Luke Combs,US,13
609E1JCInJncactoMmkDon,BESO,ROSALÍA,US,13
7qM1BWAsZMTYh4BcYLb0uQ,Already Dead,Juice WRLD,"KR,US",13
2oWFJJW9d1bIra3zHjR6GO,bloodstream,Alyssa Grace,US,13
05KOgYg8PGeJyyWBPi5ja8,Free Smoke,Drake,US,13
0yUaLqhsVsguBpoOPL4cO7,In Ha Mood,Ice Spice,US,13
2WQ09wqQBIOor7Q0VpIDBK,Rock That Body,Black Eyed Peas,US,13
4rmVZajAF7PkrCagGPHbqa,Sticky,Drake,"KR,US",13
6MjNilJCVKJq0LfFvo5jWJ,Fast,Juice WRLD,US,13
2MuWTIM3b0YEAskbeeFE1i,Master Of Puppets,Metallica,US,13
3XoYqtiWHhsk59frZupImG,What Else Can I Do?,Diane Guerrero,US,13
3RA55zrRkyPK8Fd86hrMy8,LUNA,Peso Pluma,US,13
0IjdXwCEhZR7JIwq6Za8j5,Jane!,The Long Faces,US,13
6X6m4xmdFcz31p1h7Qg68c,EL LOKERON,Tito Double P,US,13
52NGJPcLUzQq5w7uv4e5gf,Private Landing,Don Toliver,US,13
1WC5UN1U79gJlxGLYDGIO7,Green Light,Lorde,US,13
2tPcTFiQF9MbVUyjZ3zDhA,Paramedic!,SOB X RBE,US,13
7tgjDlQsMR8RvkdlNCJA58,6 Kiss,Trippie Redd,US,13
54ELExv56KCAB4UP9cOCzC,Gato de Noche,Ñengo Flow,US,13
4nHJcUtNSUVjXRnjdP29Bk,You’re Gonna Go Far,Noah Kahan,US,13
1TUuhV75FeOF6UObRsABo2,Don't Think Jesus,Morgan Wallen,US,13
4IO8X9W69dIQe0EC5ALXhq,Immortal,21 Savage,US,13
0z5HSQGWgnjdNvwbOmhB2w,Merry Christmas Darling - Remix,Carpenters,US,13
62l3NSQPUxvcwwzKUmysrE,Bad Man (Smooth Criminal),Polo G,US,13
1SJtlNRJDeYHioymcvsqev,Crying in the Club,Camila Cabello,US,13
6AGON2BGdPmPMJGiiNuuwl,Immortal,J. Cole,US,13
1yoMvmasuxZfqHEipJhRbp,Hawái,Maluma,US,13
6toQdWWc4noiOk3Eo5mVDS,Beat Box 3,SpotemGottem,US,13
6ztvsy3C6hPjVg9j4x1XKJ,Tip Toe,Roddy Ricch,US,13
0c0YHn3DIQLl1opsQDd9kO,Wish,Diplo,US,13
6ya8ejoKgw906Y8LWclqrp,Racks In The Middle,Nipsey Hussle,US,13
5YSHygGN9D0mID1NsVd5my,Reminds Me Of You,Juice WRLD,US,13
7ATATJztoWLcqDAcVVof0C,BEBE,6ix9ine,US,13
5twSy6ffBrF03mnNUsUgJZ,Need A Favor,Jelly Roll,US,13
4pt5fDVTg5GhEvEtlz9dKk,I WANNA BE YOUR SLAVE,Måneskin,"KR,US",13
1ShRHPAiiIrh0arZbSFmx1,Heavy,The Marías,US,13
0xGZjxYqcNQ8WqxyeZ4eSN,RUBICON,Peso Pluma,US,13
0ntQJM78wzOLVeCUAW7Y45,Sex on Fire,Kings of Leon,US,13
4s6vwFgPdCtidpEw8KuQT6,REPEAT IT,Lil Tecca,US,13
0Zx8khUcEfCFK2AEoIhC92,Don't Leave,Snakehips,US,13
1VSuFS7PahCN3SWbOcQ98m,forget me too,mgk,US,13
76OGwb5RA9h4FxQPT33ekc,SNAP,Rosa Linn,"KR,US",13
38510fWvtOkrFjg2EDkJtT,Toothbrush,DNCE,US,13
0ibOcbkp2XG46Do8jcy0bL,Nephew,Smokepurpp,US,13
0qXP5fMhxGzxALOkXYUxfP,Loverboy,A-Wall,US,13
2Za1AlJNvksouPPWbXpR2X,Good Old Days,Macklemore,US,13
3AEgic4yp82NxMWUjHtxnO,Uno,Ambjaay,US,13
3TpBefRZ1vFcOH6z57PQRI,La La Land,Bryce Vine,US,13
4nA0biSjtvOL41Hd9MBXqR,Ain't My Fault,Zara Larsson,US,13
3tDqEKKUs6gf8zMvSuLyLA,Commercial,Lil Baby,US,13
7aV2mflaASUmGhCErm7kBO,The Mack,Nevada,US,13
2j2fIJGh4PMdXt9ULI5Tlc,Dura,Daddy Yankee,US,13
6HBRLaSQ7NB8MNlaqzYen1,What My World Spins Around,Jordan Davis,US,13
7E2C5rBLpCKwQlhJPVFBRS,You’re Mines Still,Yung Bleu,US,13
6mmPpaltUZK7xjNlBPQQ0p,Desesperados,Rauw Alejandro,US,13
61Emqg95O9zo1GNOcyxq4Y,For Tonight,GIVĒON,"KR,US",13
6t2ubAB4iSYOuIpRAOGd4t,Cake - Challenge Version,Flo Rida,US,13
5NT0aZqWImC9fTzkW4z48o,KOODA,6ix9ine,US,13
45npF3MKvCa1sO7s4y7qBf,Said Sum,Moneybagg Yo,US,13
1sYSP7gKa5kdKIfhANfori,Lights Down Low,MAX,US,13
40UroIGvsMPLPBYwH8rMNA,Steady 1234,Vice,US,13
2A69wys3S9uiPSmn6UZWJn,Written in the Sand,Old Dominion,US,13
1fEl5TPKRJAsuP6TqZ23hB,D Rose,Lil Pump,US,13
3xIMkM5LgbVDkpO74O3Np3,Rush,Troye Sivan,"KR,US",13
6qGgrhiZ20Qrir3MNGUJq4,Redemption,Drake,US,13
0q5DrtpnnGpOvBy5nnPMbe,Timeless (DJ SPINKING),A Boogie Wit da Hoodie,US,13
6giHzoNmL0kwyBZAXGIIc2,Miss You,James Hersey,US,13
3ZLyt2ndLFBh148XRYjYYZ,All We Got,Chance the Rapper,US,13
3Y3gChJoEUTqrtuqJCIPQk,Irresistible,Fall Out Boy,US,13
2gbCG4Rt9984UZ7Tc0dIFd,White Christmas (duet with Shania Twain),Michael Bublé,US,13
3jEPu6FD1icy9cLllhB2XK,Omen,Disclosure,US,13
0HMjXBAZmSYOTTi33WpMso,History,One Direction,US,13
6GG2tkV9PRYGN5rniXPFXZ,Cash Machine,DRAM,US,13
4STaHtfguDMkWbPEo6Fwcx,Not Nice,PARTYNEXTDOOR,US,13
4gowy3WT6D1yhMLgRBlf9C,Change Locations,Drake,US,13
4OjuzM3rTWp3q60mEldNSF,Hit the Quan - Original Version,iLoveMemphis,US,13
2ACys0pX0SjmpQmQWzp7wt,Jersey,Future,US,13
5fSPbm5lcwtqwXkeQQswW8,Record Year,Eric Church,US,13
6IFPfV8PNSYOmufzQ95hmm,Confession,Florida Georgia Line,US,13
63p3Slj0shAFP0Q7dQetj5,Used To,Drake,US,13
3icbmPGKTsKAa0IinkizCM,That's How You Know,Nico & Vinz,US,13
7FC9Lng8iXU081lbigu8m8,Heartbeat Song,Kelly Clarkson,US,13
6elNeXUhiuHPD9hH5rocQi,Trap Niggas,Future,US,13
6NPVjNh8Jhru9xOmyQigds,Happy,Various Artists,US,13
4i8zqvK7eQpu3N2f3EPOUE,In Your Arms,Nico & Vinz,US,13
1qC0pi9ZH47XDjvaNbg8ch,Lose My Mind,Brett Eldredge,US,13
6y35xDJFzpy1FIa6qCMA59,Buy Me a Boat,Chris Janson,US,13
7I2amOVnwKIZj0tXz6Lz3E,Flawless Remix,Beyoncé,US,13
3aIhJDHxr1kgTSnutJxPTH,Peanut Butter Jelly,Galantis,US,13
4tg1G3X26wDTmQbipgxhp5,Try Me,Jason Derulo,US,13
6GRDI9suQHikFP6euIXnpq,Hero,Family of the Year,US,13
477daPpd3DnneaHhvjM35l,Are You With Me,Lost Frequencies,US,13
0nmxH6IsSQVT1YEsCB9UMi,Ignition (Remix),R. Kelly,US,13
4vaC50FUEn6H8pPalM6jVA,Lemon Tang,Hearts2Hearts,KR,13
5bB7348yF6DXMmK1WQlBui,Money Checks (Prod. by Hukky Shibaseki),NOWIMYOUNG,KR,13
2c6xH9usslUoHnOzsRhpcP,XOXZ,IVE,KR,13
1tI8Ubt5VEMWDoGL08pomF,Come Over,LE SSERAFIM,KR,13
3uJN5Acv1WMsITAEvHuJox,Boong-Boong (Prod. by GroovyRoom),HAON,KR,13
4UwsXGVppRRJpKBHy0mtyK,NEMONEMO,YENA,KR,13
3x9zIsVAQUNvU3J2tR58Di,SOS,KANGDANIEL,KR,13
6DmGMahWoNUCqz54k986AP,Goldfish,HANRORO,KR,13
0UTtK6hregIBOsefavRI26,Holssi,IU,KR,13
2A3ShNautqXezP1lFDePwa,Give Love,AKMU,KR,13
6qkx0tenDglbF21CU4wa1k,200%,AKMU,KR,13
2pozUjd7AVIPwSNDqoU3ek,Baggy Jeans,NCT U,KR,13
2fiI6e0WxyZB3QnmRxYGPg,Vancouver 2,BIG Naughty,KR,13
58JkIC1jK1NZNSJeLXfpWt,AK47,Men's Tear,KR,13
29WxJqIfDRMo9isV07kbJP,PARANOIA,HEARTSTEEL,KR,13
5qI5EUqfDJpQ7w6sMECK7U,Super Lady,i-dle,KR,13
5ggGYQI6V2DS9Ypp6cxdNA,last day,Royal 44,KR,13
03MTY1omA35sy8rWJEtGcq,Soñar (Breaker),NMIXX,KR,13
7ehS6lPVr1MpddmIjqD7p6,In Bloom,ZEROBASEONE,KR,13
5LvFaKs1QN2nR65h4tJN4R,a sad invitation,YOON JI HWAN,KR,13
7t9d2YdmD87JC72pocMtlz,pocket locket,Alaina Castillo,KR,13
5xHVCtel1AeJTaK3mS8UDf,WHEN I MOVE,KARA,KR,13
7kaFsQygyiCqRboWCXztxZ,Do It Like That,TOMORROW X TOGETHER,KR,13
0S2GNnqAHC96zqB8ZIcxg4,Fxxxnds (Feat. Kim Min Seok of MeloMance),BIG Naughty,KR,13
1WKLxJpDqkQ9x1qEDNutoX,2 Baddies,NCT 127,KR,13
7Mmv4tVcaAAM0M9bn6h6zY,On the street (Feat. ASH ISLAND),Leellamarz,KR,13
34lKiKHCKhMe9PAfGcdFNE,Sparkling,CHUNG HA,KR,13
0rQJA3W3c58WQLJRQYr4Tg,Pitiful,YOUNGTAK,KR,13
13sAZcJP2b6D6Qjck3Ixc3,니가 왜 거기서 나와 (Narr. 고은아),YOUNGTAK,KR,13
64P4md3mdMM8Dog2aThmzj,Troll (Feat. DEAN),IU,KR,13
6MxIazgQENgaa6StpFxGpu,Maybe if,BIBI,KR,13
7muTXW7kGytN3zdomku6FV,TAIL,SUNMI,KR,13
7wDVvxMUdW5MtJUqFtuXUz,Bicycle,CHUNG HA,KR,13
1Y8tCOCqwav6RBvfNjYphx,FRIENDS,lIlBOI,KR,13
4L2xuczFpbb7cjXebOBNkt,Bắc Bling (Bắc Ninh) (Prod. by Masew),Hoà Minzy,VN,12
37ull7GiBZRLhWYDBIYZzW,ANH ĐÃ LÀM GÌ ĐÂU,RAP VIỆT,VN,12
4HgTGTXHt1zie3upsI50zm,Đi Giữa Trời Rực Rỡ (Original Soundtrack from “Đi Giữa Trời Rực Rỡ”),SK Pictures,VN,12
1ap1uhhvWmyZDJZ0HBWpvo,Nguyễn Văn Mười,RPT MCK,VN,12
0ezCZF82GYZFV1W6W1os7N,id thang máy,W/N,VN,12
5ca1aUHYwTDNO5E6unithq,Tiến Hay Lùi (Nụ Hôn Bạc Tỷ Original Soundtrack),Bùi Công Nam,VN,12
4HxGH28DitgAuuKpEVrLzN,two years,ROSÉ,"KR,VN",12
3y4q6bBdbXsTIaPiwiiUfy,3am,ROSÉ,"KR,VN",12
7C0kNQRFtNhs7Ibx1Q4sLy,HỀ,"EM XINH ""SAY HI""",VN,12
5OdI6v2L7Aez4cclpbojiZ,stay a little longer,ROSÉ,"KR,VN",12
77n3jFGqPPxYrEGwrWylNv,gameboy,ROSÉ,"KR,VN",12
12rIwDpMKwx77nV5O998nB,Băng Qua Cầu Giấy,Wxrdie,VN,12
6epn3r7S14KUqlReYr77hA,Baby,Justin Bieber,"KR,US,VN",12
4TQ0Jgrhe4V9MMqjKViub5,2GOILAYS,MR LANH,VN,12
0Diod35Qw0viH7ee30W0To,Chập Chờn,Dương Domic,VN,12
2rjjvcCCHF1CdnwptaXyF8,50 Năm Về Sau,F47,VN,12
457sdcnHnv9zqMfLT6OGLn,Lối Sống,Wxrdie,VN,12
3M0lSi5WW79CXQamgSBIjx,Swim,Chase Atlantic,"US,VN",12
3fw9v7CztM2mqu1jCtbg9f,Bóng Phù Hoa,Phương Mỹ Chi,VN,12
3Sx63dtDf3m5barUfoPjRJ,cô ấy của anh ấy,Bảo Anh,VN,12
4SqE2XLtd1AfppGm2xlkf4,Nắng Ấm Xa Dần,Sơn Tùng M-TP,VN,12
7CoOFEoC3xg3iJ2srBsizf,Muốn anh đau,Winno,VN,12
2X5LuMWLKierQu3O9H1Bxc,Sài Gòn Tôi Mưa,Tuyên,VN,12
0HYAsQwJIO6FLqpyTeD3l6,死ぬのがいいわ,Fujii Kaze,"KR,US,VN",12
4yD0oJQJOi8KknbskNpjGC,Màu Đỏ (Interlude),Wren Evans,VN,12
37GNTP4wB0QSkUwcTWLHKg,Fashion Tán Gái,Low G,VN,12
2pm1GTb24KWgbBHGKlYr0i,Victorious,K-ICM,VN,12
39kzWAiVPpycdMpr745oPj,You Never Know,BLACKPINK,"KR,US,VN",12
6Bh5qRgU4AysQh3Vv2N5Nt,vào hạ,SUNI,VN,12
2TqjLbM2E5I4ce6iWTdXly,Hơn Em Chỗ Nào,Thùy Chi,VN,12
3rAcN3CLeSrkhIZN8PHbwb,What You Want,CORTIS,"KR,VN",12
2Nib4r0saYQf2pUV4RFDhl,Interlude : Shadow,BTS,"KR,US,VN",12
7iabz12vAuVQYyekFIWJxD,BAND4BAND,Central Cee,"KR,US,VN",12
2UEMPLkYBXGkqdxzJHlNxh,Một Cú Lừa (Đu Đưa Version),Bích Phương,VN,12
2At18rPHOuTEjGEppwGV0A,Peter Pan Was Right,Anson Seabra,VN,12
6x6tK1jv76dr6soNQiRXdg,Điều Ta Viết Mùa Xa Nhau,Tiên Fami,VN,12
4P9Q0GojKVXpRTJCaL3kyy,All Of The Girls You Loved Before,Taylor Swift,"KR,US,VN",12
5a0nHa7F4S9hb0Zi0zLS8w,SUGA's Interlude,Halsey,VN,12
5XkyZyKMdFungjDb9cUKc3,A Brand New Day (BTS World Original Soundtrack) [Pt. 2],BTS,VN,12
1v1oIWf2Xgh54kIWuKsDf6,Runaway,AURORA,"KR,US,VN",12
3CyCjgTHFzqucmECajq8QA,DUN DUN,EVERGLOW,VN,12
1o844wI52S3TjXGBwvGcc7,Hold On Tight,aespa,"KR,VN",12
3yNZ5r3LKfdmjoS3gkhUCT,bad guy,Billie Eilish,"US,VN",12
5xDrO9DEDJGUQGfyoHvgDJ,Last Christmas,Ariana Grande,"KR,US,VN",12
1CPrkuipLCJH06r0prq4AL,Cưới Đi,2T,VN,12
4yI3HpbSFSgFZtJP2kDe5m,Look At Her Now,Selena Gomez,"US,VN",12
7oakQhQtktqkdRCY7au6xQ,AI BIET,WEAN,VN,12
3aAnwyBJY9OLNLqSgd4fZU,Deja Vu,TOMORROW X TOGETHER,"KR,VN",12
3fVnlF4pGqWI9flVENcT28,Wildest Dreams,Taylor Swift,"US,VN",12
5R0cvR5BMFkLomChhmcCzr,Kick It,BLACKPINK,VN,12
4pEylyftELdaYfRROnRhFs,Leyla,Mesto,VN,12
6F2r4HgpJnvKDmkN6JEN6J,As I Am,Justin Bieber,"KR,US,VN",12
0i0wnv9UoFdZ5MfuFGQzMy,Last Hurrah,Bebe Rexha,"US,VN",12
0q6boCcLaWYPIy2vOsksFg,Senorita,i-dle,VN,12
0EQMrxdeiBhry9JCxskko3,I'm Fine,BTS,"KR,VN",12
6GzApXoBQiiAjak3tOQfV3,Lie To Me,5 Seconds of Summer,"US,VN",12
4EjUFjzi4ErWjklOA3Aslu,Tempo,EXO,VN,12
27rdGxbavYJeBphck5MZAF,Nothing Breaks Like a Heart,Mark Ronson,"US,VN",12
7n2HVHWqFsyAOs5HqmE1Dl,I Love You,EXID,VN,12
2UsTwA22zxwLVlo3GTgTeA,Giac Mo Chi La Giac Mo,Hồ Ngọc Hà,VN,12
27c1dQQ84IxgifgC8cVDsJ,Thành Phố Xa Lạ,Phùng Khánh Linh,VN,12
53rB05bAi7JdNbUfgz72I1,ABCD,NAYEON,"KR,VN",12
06pC5yoM3PTGdJnms2VPXc,Đố Em Biết Anh Đang Nghĩ Gì (Madihu Remix),Đen,VN,12
0E9ZjEAyAwOXZ7wJC0PD33,In My Mind,Dynoro,"US,VN",12
0U1W2LZVUX7qTm7dDpqxh6,When You're Gone,Shawn Mendes,"KR,US,VN",12
1dMJhYvyH7I4RGcLUWAg3p,Gia Ngay Dau Dung Noi Thuong Nhau,Isaac,VN,12
3JJYIoJ5FyY9E0DGjr7SXF,Enemies,Lauv,"US,VN",12
3cqPu20DGTGUoZtbJH2Dmi,What If I Told You That I Love You,Ali Gatie,"US,VN",12
3ujORpm8Hf7QWEtfqSAZL8,Alone,Alan Walker,VN,12
3p7XQpdt8Dr6oMXSvRZ9bg,Eyes Closed,Ed Sheeran,"KR,US,VN",12
4QnIweD9RMqHKulopbJzsN,Hạnh Phúc Thoáng Qua,Noo Phước Thịnh,VN,12
5zqObw7wjBgL9TDiAymxPn,Our Song,Anne-Marie,"KR,VN",12
31sSFHIe4NaxltVFOEIcTa,working,Tate McRae,"KR,US,VN",12
2vXKRlJBXyOcvZYTdNeckS,Lost in the Fire,Gesaffelstein,"US,VN",12
0cqRj7pUJDkTCEsJkx8snD,Shake It Off,Taylor Swift,"US,VN",12
2SL6oP2YAEQbqsrkOzRGO4,Venom - Music From The Motion Picture,Eminem,"US,VN",12
5Q2P43CJra0uRAogjHyJDK,"Baby, It's Cold Outside",Brett Eldredge,"US,VN",12
6YJdPrH3i2POzu7hdHIRrb,Santa Baby,Ariana Grande,"US,VN",12
2Ec33AVlkTTq8BHFgBTdQs,Futsal Shuffle 2020,Lil Uzi Vert,US,12
0dbTQYW3Ad1FTzIA9t90E8,Mona Lisa,Lil Wayne,US,12
5NAOhPAZ57eFAXr3qatS6i,Breathe,Yeat,US,12
5ZLL6wYXeqg0k35ZkDRfhZ,Pour Me A Drink (Feat. Blake Shelton),Post Malone,"KR,US",12
46s57QULU02Voy0Kup6UEb,Major Distribution,Drake,"KR,US",12
5b3XJ1pjrHO5JtY2PcTjnI,Mamushi,Megan Thee Stallion,"KR,US",12
4Ilw2lD6z4WBqh65vUUZUf,my way,Olivia Rodrigo,US,12
2C6WXnmZ66tHhHlnvwePiK,Die For Me,Post Malone,US,12
6Hdc3IQeyCxG5d14uAcwQW,u + me = <3,Olivia Rodrigo,US,12
7igCS2ZsfV7bvxuhF4XgiQ,I'm A Little Crazy,Morgan Wallen,US,12
6De8sirPzVyAoBDlQpcutY,misery.,pupsies,US,12
05WVKTdZhlIMX4qqMLuo0f,BELLAKEO,Peso Pluma,US,12
6CUP2khYzdphXebxVTfPE3,Lo Mein,Lil Uzi Vert,US,12
2mWfVxEo4xZYDaz0v7hYrN,Juna,Clairo,US,12
2XlHu0HcujBCkWMdIAvrqt,Blem,Drake,US,12
1YYfyJ2yCvGFCxwjsIqEK9,Khé?,Rauw Alejandro,US,12
1gVCEnryJhkdQcuC0Kbvor,FIND MY WAY,DaBaby,US,12
5m0yZ33oOy0yYBtdTXuxQe,Low Down,Lil Baby,US,12
7wsmIIm0xWmtP7TmACXkJn,Oprah’s Bank Account (Lil Yachty & DaBaby feat. Drake),Lil Yachty,US,12
7wdwIaXUuzlu1grzWMFRJm,Mary On A Cross,Ghost,US,12
41wtwzCZkXwpnakmwJ239F,Si Veo a Tu Mamá,Bad Bunny,US,12
6EbVuwU7EnKeF2hdpViXCH,Die Young,Sleepy Hallow,US,12
0ezwvY7TkCwDEkKR49084k,GANG GANG,Polo G,US,12
2fOlBMkWR7lXJfqp5VTbDG,Futsal Shuffle 2020 - Bonus Track,Lil Uzi Vert,US,12
2Gl0FzuLxflY6nPifJp5Dr,First Time,Kygo,US,12
4bw8mcDUSRWfQo63ZTYRnU,Según Quién,Maluma,US,12
4B7fTyj1FIPvP9tT5X3DnR,Behind Barz - Bonus,Drake,US,12
7pMRoGLEJuFM2wl5pt0R99,Legacy,Offset,US,12
3oRW9ZGPRbLRMneQ5lwflt,Waiting On A Miracle,Stephanie Beatriz,US,12
17js0w8GTkTUFGFM6PYvBd,Igualito a Mi Apá,Fuerza Regida,US,12
36vmaZyO0iAE6FZ7287fg2,Dive,Olivia Dean,US,12
0O3U5iwTbiXCREMkvotJuN,EL AMOR DE SU VIDA,Grupo Frontera,US,12
4eL3XeuGaEoVT8ttDh3hwY,Too Easy,Gunna,US,12
3ZOEytgrvLwQaqXreDs2Jx,Can't Stop,Red Hot Chili Peppers,US,12
6cjSh516BbrNUs213jDAGm,Graduation,benny blanco,US,12
4PV0uE5pZSh44E3NqNNDEH,Selfish,Madison Beer,US,12
2MLHyLy5z5l5YRp7momlgw,Island In The Sun,Weezer,US,12
6N22FZs2ZhPBYi3b9XPajV,Still Don't Know My Name,Labrinth,US,12
0kCBorRrKZkSztd9m0QI3r,Chanel (Go Get It),Young Thug,US,12
204U3zjm9kkzX25Pr4Rdld,Kelly Price,Migos,US,12
63wx9vdskaXbYxyDx4oJCZ,B.S.,Jhené Aiko,US,12
7ohROa13QK43JBRqfCmz4P,What Happened To Virgil,Lil Durk,US,12
2alc8VZAzDgdAsL2QMk3hu,Skechers,DripReport,US,12
05bfbizlM5AX6Mf1RRyMho,AM Remix,Nio Garcia,US,12
3nOz1U41SZZ0N3fuUWr9nb,I AM WOMAN,Emmy Meli,"KR,US",12
7bRRHQelMfrP86QYQlCsAq,BILLY,6ix9ine,US,12
48zFZh27QU5qsrBjn4C2FA,Vaina Loca,Ozuna,US,12
7uH27oIt4a6cIFCA8ZPcyG,Baila Baila Baila,Ozuna,US,12
32BeYxKPrig1LefHsC0Xuo,Happier Than Ever - Edit,Billie Eilish,"KR,US",12
14X1WxiHXdVRJ99cMCBzOE,How I Move,Flipp Dinero,US,12
7aF09WaavZAmAWuUeYxlYD,Rich Love,OneRepublic,US,12
7vrJn5hDSXRmdXoR30KgF1,BICHOTA,KAROL G,US,12
2KqJC0koTBUyDlsMt5ok1V,Look What God Gave Her,Thomas Rhett,US,12
0G149jkGWKwrPXUGkEDgWM,Numb,21 Savage,US,12
0WtVtCK5SEFvyyA5V8D9CI,No Frauds,Nicki Minaj,US,12
6GNifiuBPrKFpwNBYnooFm,The Way Life Goes,Lil Uzi Vert,US,12
1is8gU4RVcN4J8xItxWoOY,I GUESS I'M IN LOVE,Clinton Kane,"KR,US",12
3wLtYwtqvKK2ewelSVPeDK,Die Young,Roddy Ricch,US,12
10SDxx0CFWGqgVVBeX22TP,No Pressure,Justin Bieber,US,12
5de9Ho64dovuQI8Uhn5gPD,I Don't Wanna Do This Anymore,XXXTENTACION,US,12
0JJP0IS4w0fJx01EcrfkDe,"Dear Maria, Count Me In",All Time Low,US,12
1KIJclzEbNhSVw8tiHPWwE,Young,Vacations,US,12
5JcxAgRw2S3hb67AA8Vk13,Mark My Words,Justin Bieber,US,12
6v0lAdFF4haL8xjBIUjtOw,Te Robaré,Nicky Jam,US,12
04CttTezSnv71USiiG9mIo,Lighthouse - Andrelli Remix,Hearts & Colors,US,12
4MSjMv3kpbLEeyGfIh52qH,U With Me?,Drake,US,12
2mfahQ0EaaZWq4cFNg6A1o,All on Me,Devin Dawson,US,12
3zoYkqS4y2BsGVShPL2nTE,Reggaetón Lento (Remix),CNCO,US,12
1m69ELEgE6k5ZWsap40ozt,Se Preparó,Ozuna,US,12
2Ae5awwKvQpTBKQHr1TYCg,Dynamite,Nause,US,12
1sTUEdVO85YU8Ymk2jeAls,Oh Lord,MiC LOWRY,US,12
5lLuArl5DPSd0pYVl9KOWD,There He Go,Kodak Black,US,12
746PsZ5jTdqIJ6LgJAHcEZ,Moolah,Young Greatness,US,12
5sv4LTz8qayQYnXlzaxg2x,Drifting,G-Eazy,US,12
7osBjxxoPSCceUMdkyFh9O,Valet,Eric Bellinger,US,12
422lAAWQO9TqL1LxIPdhOn,Random,G-Eazy,US,12
1aJARygfATnC8ByjyJBLjJ,Campaign,Ty Dolla $ign,US,12
316r1KLN0bcmpr7TZcMCXT,The Sound,The 1975,US,12
5MD2QLnFM2ChpKAh33z0zr,Hercules,Young Thug,US,12
1jNNHFZmRGXZFHlil5uhei,Drunk On Your Love,Brett Eldredge,US,12
6nUKELHbV6Tdj5OuQbksKH,"Huntin', Fishin' And Lovin' Every Day",Luke Bryan,US,12
6DcDdDevI94Dh4vc5anXBE,Wild Wild Love,Pitbull,US,12
05cXQMJcrM9msUYu11mOrs,Alive,Sia,US,12
0xrdZMsJIaxoTHAB4bvGnu,Pass Dat,Jeremih,US,12
5Llo0YjyWmLc7LJd4DLljJ,Should’ve Been Us,Tori Kelly,US,12
5maiP9UMnTSgoxPX8X3bdz,Na Na,Trey Songz,US,12
5M9jOReAKGZ2AttVefFjTY,Don't Look Down,Martin Garrix,US,12
0xPaZrF25ltzvz1a2Pm5DQ,All I Want for Christmas Is You,Michael Bublé,US,12
7v6EVHw0iUL8ww77IaoLCZ,Love Me Again,John Newman,US,12
5ml7wqgv2ZZ5JJ6U8ZLon9,Superheroes,The Script,US,12
6rjtB7KSIiJ6v9vrACMlqF,400 Lux,Lorde,US,12
50nzorQ9gi2md8UpFi8aJT,Somewhere In My Car,Keith Urban,US,12
1TKlBK9cSrM5u4CiL4SETS,Talladega,Eric Church,US,12
2sCl0FFOzZSmYZs90zOpd1,Cups (Pitch Perfect’s “When I’m Gone”) - Pop Version,Anna Kendrick,US,12
2rmq49FcJ4U3wh1Z7C9UxE,IV. Sweatpants,Childish Gambino,US,12
55UDXtbNJBAdTdUdbRu8T3,BAD,ATEEZ,KR,12
0KgetoSLg8qfJWIwoAQxBf,Bansanka,TAEYEON,KR,12
0M4O6UEu4F9SxImTsBuX9n,DUET,ZICO,KR,12
2SEvs7NMiNUhoxiHgNnt5k,Think I Am,PLAVE,KR,12
5iFbKoNv7Jc5Arpbf8D90B,LOOK AT ME,ALLDAY PROJECT,KR,12
3Qfjzd5Rd7xjlQBm5pGcuM,I'm happy,HANRORO,KR,12
2lC9w6JGMzBkiQrx8Wy6uM,When I stop thinking,Choi Yu Ree,KR,12
2ryzy7LSXUDFg5G05znHsL,Dear,QWER,KR,12
0mJohf6KCgFeCWbMBAS8RL,Serenade,BOYNEXTDOOR,KR,12
38MKW2tQHtyO8djIOKlEFF,Allergy,i-dle,KR,12
6odZjB2Z1T2iJTf5bbqUIe,Dare to Love,B.I,KR,12
1FBdX6uTlbunrv0bu3tFnF,CHRISTIAN,Zior Park,KR,12
6KiEF5zqzHiFjzdm8gChz7,KNOCK,LEE CHAEYEON,KR,12
121rSDpNoXL96bKOEdTGpW,CAKE,ITZY,KR,12
7M3POeMOBCs6pwtDkVhBTi,Flower in the Desert - Kor Version,Woody,KR,12
3sMyDgDEGNCAOIvlEs6PR7,MBTI (Feat. Coogie & Loco) (Prod. GRAY),BE'O,KR,12
2y4hHM6c48Qzk0bqh33XfB,Winter Sleep,IU,KR,12
1F5MRky5joGXiNlsfUdaXa,Memories of You and Me,YUMDDA,KR,12
7I5WT7DtpwSAhEeDLpZEfm,All 4 Nothing (I'm So In Love),Lauv,KR,12
5awNIWVrh2ISfvPd5IUZNh,PTT (Paint The Town),LOONA,KR,12
0yZ9MblP49OXpd9fwhgWi6,I Like You,CHO JUNG SEOK,KR,12
5rGMxvUu4su0Vg3BaV9BGe,Back In Time (The Moon during the Day X K.will),K.Will,KR,12
1Q6lzzQHM5dvtTCwcfeKDy,PARANOIA,KANGDANIEL,KR,12
3QyoC6OvQUmpQwQZ18iaTs,Overdrive,Conan Gray,KR,12
6vvPecFTmWxDfEJ6cYT1wa,Rockstar,LISA,"KR,VN",11
1cVc6XetpYuJRm4R1MhSW7,Text 07 (W/N ft. 267),W/N,VN,11
1TcmqSx576eBcuTxTtcEAk,NGÂN,tlinh,VN,11
50aQbgfdydBXABx2gATQHn,dance all night,ROSÉ,"KR,VN",11
1oVbTGLd8EgyeWBoqAYBD0,Vừa Hận Vừa Yêu,Trung Tự,VN,11
3VFb1YDFdoS6vRYW9n0egd,SAU CƠN SUY,RHYDER,VN,11
3tDF6qjNrabjnb23RB2rpa,too bad for us,ROSÉ,"KR,VN",11
3gJAFFELdZyIM8tiwLAikg,Handlebars,JENNIE,"KR,US,VN",11
5bOh5gwwjMQfMwgusZS78M,Em Còn Nhớ Anh Không - Htingale X Ryuuko Remix,Hoàng Tôn,VN,11
0WjdaO545q9Qn4SQtzRQu9,TRÌNH,HIEUTHUHAI,VN,11
6qgATU8r0ZPcPFPtZ5qA7B,Em Của Anh Đừng Của Ai!,Long Cao,VN,11
5dg4e5942EFejbNzdWEnmN,Thanh Tân - song ca Thùy Chi,VƯƠNG BÌNH,VN,11
786cTF2koRtvnQd4HZCrJi,CỨ ĐỂ ANH TA RỜI ĐI,"ANH TRAI ""SAY HI""",VN,11
0rKWJnmo6Q0ovoPOLoLm0t,TOO MUCH,The Kid LAROI,"KR,US,VN",11
10zywlg5b0gQOC3q1A7ADx,earthquake,JISOO,"KR,VN",11
4XkEva4YsNmPQBLe8V126L,Xoay Một Vòng,HIEUTHUHAI,VN,11
4uZs35Zm7ivjQCM7v5nQj8,Mamma Mia,HIEUTHUHAI,VN,11
7IezwtVIJIPC36LpKMR9d7,Violet,Connor Price,VN,11
78ByURsaVK39jjwTaerCAk,girls like me don't cry (remix) ft. MIN,thủy,VN,11
0Hzh4SoX1st9W22vZieLrm,Đủ trải sẽ thấm,Lãng,VN,11
6T17ZI0glfM2IGLdUwtnLK,JoyRide,CORTIS,"KR,VN",11
5sIgSa5Q1GEGWF0lrCQ0N6,Cô Gái Này Là Của Ai?,Krix,VN,11
73RbfOTJIjHzi2pcVHjeHM,What It Is (Solo Version),Doechii,"KR,US,VN",11
6IPNp9PfaEqrzotY47TIWy,SG,DJ Snake,"KR,VN",11
7MObIQOs5ESkbcihA9dcsz,Có Khi,Madihu,VN,11
1aKuG1GG76xPLUkjBbQo3W,UGH!,BTS,"US,VN",11
7fBS3lMEHU3XIzn6lXgH3X,Chim Sẻ Và Dâu Tây,RAP VIỆT,VN,11
3kwS7WlPS6NconVfVs6tTZ,NẮM ĐÔI BÀN TAY,Kay Trần,VN,11
3NkJNL3WqO1Lqc3uNDxvCN,Don’t Call Me Angel (Charlie’s Angels),Ariana Grande,"US,VN",11
3wrzXRNJVxwOByPpYjyujB,Và Ngày Nào Đó,Studio Party,VN,11
1lckfRbu1gHcUO8mVmkNSO,Tell Ur Mom II,Winno,VN,11
1YmY0HUm05BUpcHibc1bhB,Another Level,Jin,"KR,VN",11
5ZRsfmDqd04BcmCqJPB9AV,Cung Đàn Vỡ Đôi,Chi Pu,VN,11
0FOBJ5PbwOe5XBY9y0bnhi,BTBT,B.I,"KR,VN",11
4Eefey3uN90Abhbr47zKmC,WINTER FLOWER(Feat.RM),Younha,VN,11
2VqK7TIkcS7QYyubTvXqOW,Dễ Đến Dễ Đi,Quang Hùng MasterD,VN,11
1lNHWPDvKEbamKezpLq7HW,no song without you,HONNE,VN,11
40BomFCBuJok3OjxM9oG7e,Abyss,Jin,"KR,VN",11
6BToHhGtbW8eMQFaEv0i2d,Như Ngày Hôm Qua,Sơn Tùng M-TP,VN,11
5s7flUAYsDmcUWtHsMCihv,I will come to you,Jin,"KR,VN",11
1nH2PkJL1XoUq8oE6tBZoU,Sacrifice,The Weeknd,"KR,US,VN",11
55qNvU28lXUg71TKMqiXmM,"Send My Love / Sit Still, Look Pretty (Acoustic Mashup)",Landon Austin,VN,11
0VsGaRXR5WAzpu51unJTis,Best Part of Me,Ed Sheeran,"US,VN",11
2xdwCJLfKCkat14mlgR26M,Lost Cause,Billie Eilish,"KR,US,VN",11
5UeD0rVFJXXl3HGjKiZbrt,Muộn Màng Là Từ Lúc,Mỹ Tâm,VN,11
6czM6UMQD9qE5GAUp68oud,Confident - Single Version,Justin Bieber,"US,VN",11
0sY6ZUTh4yoctD8VIXz339,champagne problems,Taylor Swift,"US,VN",11
32h6yQGn4oAhZ0HRsTMX26,CROWN,TOMORROW X TOGETHER,VN,11
5kHMfzgLZP95O9NBy0ku4v,I Can See You (Taylor’s Version) (From The Vault),Taylor Swift,"KR,US,VN",11
2XKFnwB6djxrJCjR3PdeRb,My Bad,Khalid,"US,VN",11
2tnVG71enUj33Ic2nFN6kZ,Ride It,Regard,"US,VN",11
1TEL6MlSSVLSdhOSddidlJ,needy,Ariana Grande,"US,VN",11
5N5k9nd479b1xpDZ4usjrg,Promises,Calvin Harris,"US,VN",11
1ZEm9cJC05rawV2tptNfTS,Bed,Nicki Minaj,"US,VN",11
07Oz5StQ7GRoygNLaXs2pd,Good As Hell,Lizzo,"US,VN",11
14sOS5L36385FJ3OL8hew4,Happy Now,Kygo,"US,VN",11
5LTGmestwpHZ1BfCmpFQJx,Entertainer,ZAYN,VN,11
1EVVa8EtTKVMsCw35uJP0j,Change,Charlie Puth,VN,11
4QfNOZN7vrQCQKK1ZJ3XPb,Heaven,Julia Michaels,"US,VN",11
6q7Tz67loOULIPEXo941hk,Crush,Tessa Violet,VN,11
2Xe6Rd3pOVZ0cn9NMMVayS,Nu Hon Danh Roi - OST Thang Nam Ruc Ro - Original,Hoàng Yến Chibi,VN,11
21aOLk12MksET8AsbU0SI6,LO$ER=LO♡ER,TOMORROW X TOGETHER,"KR,VN",11
781JPAiOXdTwvueWI1iJky,Người Lạ Ơi - Hoaprox Remix,Châu Đăng Khoa,VN,11
4HDCLYli2SUdkq9OjmvhSD,BELIEVE IT,PARTYNEXTDOOR,"US,VN",11
2nC3QhMI9reBIOWutbU3Tj,Moral of the Story,Ashe,"US,VN",11
6IAZHEBUIGJ6NJKxxOBIEr,Rolling in the Deep,Adele,"US,VN",11
5hM6sP0Gh1jD57drszNueC,For You (Fifty Shades Freed) (& Rita Ora),Liam Payne,"US,VN",11
7Lbxvt42JsNSKVCaN63qhD,Wonderful Christmastime [Edited Version] - Remastered 2011 / Edited Version,Paul McCartney,"US,VN",11
3RaCGXCiiMufRPoexXxGkV,Slime You Out,Drake,"KR,US",11
04vLj9QUXoKdRlsp3gkURo,Mele Kalikimaka (Merry Christmas),Bing Crosby,US,11
393OFJFZKIIv66JmJcNm9D,National Treasures,Drake,US,11
45Z3m6yazmAi4jZuW0tzW0,Aperture,Harry Styles,"KR,US",11
57GsLpRtEtrzcPGPop20rS,What Did I Miss?,Drake,US,11
5lZZmityu9TAjNvSY6GLhR,Zack And Codeine,Post Malone,US,11
4tKGFmENO69tZR9ahgZu48,Murder On The Dancefloor,Sophie Ellis-Bextor,US,11
1zejeOnykpCoyVSit6Bwp3,hope ur ok,Olivia Rodrigo,US,11
1jQvUmf16VE9WQCPuK2e8K,STOOPID,6ix9ine,US,11
5qqabIl2vWzo9ApSC317sa,Wonderwall - Remastered,Oasis,"KR,US",11
7Ddk8FhoYKdsVoX9AOCPMm,STAYING ALIVE,DJ Khaled,"KR,US",11
3MmCFghNjzZMn3HKqbVizn,Blood On My Jeans,Juice WRLD,US,11
5VxmI3IdgAxWVvUnJoLuY2,Speed Drive (From Barbie The Album),Charli xcx,"KR,US",11
0LnS7aOdOdI1dNKZqdOLz4,Dua Lipa,Jack Harlow,"KR,US",11
1ACA277B6f46DYCgZW8di3,if u think i'm pretty,Artemas,US,11
4KmkJjHTNlr1jFY56Lyz4E,PINKY UP,KATSEYE,"KR,US",11
1uvyZBs4IZYRebHIB1747m,Purple Rain,Prince,US,11
5Uptvz6j1sjDKxidAcnH2L,SI NO ES CONTIGO,Cris MJ,US,11
5b5cPscqVEMChvDqscVw26,Training Season,Dua Lipa,"KR,US",11
6NfrH0ANGmgBXyxgV2PeXt,La Difícil,Bad Bunny,US,11
1AnkdcHl86kEhDvhaKDuIe,Stay High,Juice WRLD,US,11
41P6Tnd8KIHqON0QIydx6a,the perfect pair,beabadoobee,US,11
1YDebgap5OFwXEBG18NJvy,Red Light Green Light,DaBaby,US,11
5LxvwujISqiB8vpRYv887S,I Want You Back,The Jackson 5,US,11
0wfbD5rAksdXUzRvMfM3x5,The One,The Chainsmokers,US,11
41MCdlvXOl62B7Kv86Bb1v,Empty,Juice WRLD,US,11
6ZAuQOgLrNQb9s7BXheuTy,Sue me,Audrey Hobert,US,11
1MksGqIztTT6M9R1ErKVs8,No Favors,Big Sean,US,11
1RzjXhgnzqb3dMa5852itx,LA PEOPLE,Peso Pluma,US,11
2yPoXCs7BSIUrucMdK5PzV,Umbrella,Rihanna,US,11
7HsjuVBM93Z2RoxjpWLgTT,Richer,Rod Wave,US,11
33GkcZ89Aj254FaJoFwCl9,Cool Yule,Louis Armstrong,US,11
5rohUzwEoRsUvAA1Bf3DLo,Dos Oruguitas,Sebastian Yatra,US,11
2MRjYBbIbH1VTToIrO1mdi,The Chain - 2001 Remaster,Fleetwood Mac,US,11
3cPoiK69oQ1SdbB2j2ulGm,The Hardest Part,Olivia Dean,US,11
2jPCbFrFlyGbKgblxub8Lm,Your Love,The Outfield,US,11
7Bk0uXKk1uPT0XuQbpFzvs,Fiel,Los Legendarios,"KR,US",11
2Qz8kpCjxulML39zB6gQxY,Still Goin Down,Morgan Wallen,US,11
56bPsRfOKla3bGGmVz1uk4,Frecuencia,Los Dareyes De La Sierra,US,11
1Eck97uRMlprKOOJN9oO1E,Good Life,G-Eazy,US,11
3fjmSxt0PskST13CSdBUFx,Somewhere I Belong,Linkin Park,US,11
503OTo2dSqe7qk76rgsbep,Still D.R.E.,Dr. Dre,US,11
2KtGiBi5CrX2ERPD2PAS34,Dancin’ In The Country,Tyler Hubbard,US,11
6MF4tRr5lU8qok8IKaFOBE,Under The Sun,Dreamville,US,11
1MIGkQxcdAt2lDx6ySpsc5,SUVs (Black on Black),Jack Harlow,US,11
4iiWcajF1fEUpwcUewc464,Life Is Good,Future,US,11
67fNrBUMc7iWMofdCaoJV9,Bleed It,Blueface,US,11
1ZdhOMWyFR8Iv9eylMGYg2,Mount Everest,Labrinth,US,11
1RagpNpkD3KcjXMLGMe99V,Fr Fr,Wiz Khalifa,US,11
7foypmc7KZyU716Yv63BPe,Saint,Huncho Jack,US,11
7Fege3yv4dvehB3NdRBGwI,Banking On Me,Gunna,US,11
1ga4PztXOIw1yBbdUt2X8v,GATÚBELA,KAROL G,US,11
5jc4Qcs98R4ZDku8ictuE3,Tampa,Cico P,US,11
751srcHf5tUqcEa9pRCQwP,Tek It,Cafuné,US,11
0mCiEhtdRn5YYhefLXcxI7,Narrow Road,NLE Choppa,US,11
0YSJCrlSWF3meRTNCu54WI,Make Me...,Britney Spears,US,11
6cUHiQEECDl5m3WFGQ1GCR,Rich MF,Trippie Redd,US,11
7eX3um6NpOQKWJMGCi97XD,Real As It Gets,Lil Baby,US,11
1oGdVdYjeQvojGKDddxLQQ,True Colors,The Weeknd,US,11
6eVxH9Kyanzrw636zJRPcw,Errbody,Lil Baby,US,11
5vdp5UmvTsnMEMESIF2Ym7,Another One Bites The Dust - Remastered 2011,Queen,US,11
26BMsCXJpD7eYtP7ufhApC,Outside (Better Days),Blueface,US,11
6mtjo5kIHKlboGE84lf1FJ,Need It,Migos,US,11
0P2P1AxcRYhiZvoF5MyRmM,Rumors,Gucci Mane,US,11
0P6AWOA4LG1XOctzaVu5tt,The Weekend - Funk Wav Remix,SZA,US,11
6yL2kTsdVwYnGwPkKGtMd5,Everyday,Ariana Grande,US,11
1WGmhglF1ghRiHsx4YUq86,Love & War,Kodak Black,US,11
3DA4SE262k6rdEtlHteNyq,Die From A Broken Heart,Maddie & Tae,US,11
3WnTQDd9A3bpBfzCziElU9,Excitement,Trippie Redd,US,11
56eGOeSsqdg3FLxdo83TwV,Rumor,Lee Brice,US,11
3hLuHKzG1cmlRpq53ZVWd8,The Good Ones,Gabby Barrett,US,11
5f3MXmTmstozFg0BH1yPUk,If I Didn't Love You,Jason Aldean,US,11
1iTWoKAdilGEmit6xhQZje,Peek A Boo,Lil Yachty,US,11
5537GkcZu99NDs1gH9iCOY,Sober Up,AJR,US,11
74Ru27B7Jx8mBt5MGvGLLv,Light,San Holo,US,11
3H3r2nKWa3Yk5gt8xgmsEt,This City,Sam Fischer,US,11
5EzL7hGT9g2Tvqsy158Lu9,Pussy Talk,City Girls,US,11
5L9WFUodzACitS1TiGm7Mi,No Sense,Justin Bieber,US,11
2vBET2pmrQqafaS6zIaYta,GIRL LIKE ME,Black Eyed Peas,"KR,US",11
1KixkQVDUHggZMU9dUobgm,My Head & My Heart,Ava Max,"KR,US",11
6kl1qtQXQsFiIWRBK24Cfp,RAF,A$AP Mob,US,11
74ODGXs4byLTRdnKGM4s6E,Super Far,LANY,US,11
1D3ODoXHBLpdxolZRHWV1j,By Your Side,Jonas Blue,US,11
1W7zkKgRv9mrLbfdQ8XyH3,Gangsta,Kehlani,US,11
3I7krC8kr0gFR7P6vInR1I,Do I Make You Wanna,Billy Currington,US,11
39liuGHPxn2sAyvO6DINor,Back On Road,Gucci Mane,US,11
7zlF2G7QFPdj9lmmGNVuNq,Infinity,One Direction,US,11
6ZllZRW9urRfEUdmtMM3lE,Be Alright,Ariana Grande,US,11
1zv3WFUbZ5vPxFq9I2jAU1,We Found Love,Rihanna,US,11
1gZNqH0rDxD1mXLeul1Qq7,Time for That,Kevin Gates,US,11
46IdjlVO3EmaMqooXZ1Hcu,"Wat U Mean (Aye, Aye, Aye)",Dae Dae,US,11
3RiPr603aXAoi4GHyXx0uy,Hymn for the Weekend,Coldplay,"KR,US",11
5Eg6N02CTSSbdthjVc7wLA,Don't Hurt Me,Mustard,US,11
539HpTjkmnhbPn3p7mjByN,American Oxygen,Rihanna,US,11
5S5rw0WLVCAux5B5bWCehK,I Like The Sound Of That,Rascal Flatts,US,11
5BJSZocnCeSNeYMj3iVqM7,Love Runs Out,OneRepublic,US,11
0wsXdby1T3PWLauIkGUZzg,Hula Hoop,OMI,US,11
1rZah1UGXvgiQCqLVlq4hS,King of Everything,Wiz Khalifa,US,11
4pgrbQt8VYDC7bvpjZhL8s,Fire Squad,J. Cole,US,11
7FJP35tUJ2121EJsFpU1Gh,Beautiful Now,Zedd,US,11
3PBC860LAeS4utDAqlqIe2,F*ckwithmeyouknowigotit,JAŸ-Z,US,11
1R3o8b6rzqiH3V4MpsHWAw,Tom Ford,JAŸ-Z,US,11
57EH1IvuQYjfvUQOGTypd4,I'm Comin' Over,Chris Young,US,11
6dEnpbXyamib2EJnRhTt0G,Suit & Tie,Justin Timberlake,US,11
4HZujMI13c3T4oaYyqyjcE,Home To Mama,Justin Bieber,US,11
1EPmjXdSdJgP08mrrmnw7h,Burning House,Cam,US,11
38tKqQuqodiUYOsw6HWyeQ,Break the Rules,Charli xcx,US,11
0knbW9EwgSLfNFMWys1mQm,Love Me Like You Mean It,Kelsea Ballerini,US,11
24LS4lQShWyixJ0ZrJXfJ5,Sweet Nothing,Calvin Harris,US,11
6rje9f1wRFJDO2iTORw0lH,I Know,Big Sean,US,11
7FzDMnwPhj6qdTT2PRaSYi,Pinball,RESCENE,KR,11
0XyClpdRwhN06hxTNgIVHI,사랑이라 했던 말 속에서,can't be blue,KR,11
0LSmb1eo894EJ7eIWPaAgQ,The time of walking on remembrance,NELL,KR,11
7u2fcMmCUvboH1G2nYQFRP,actually,ZICO,KR,11
04HGddGSz9qgxiFJkR7oMy,Every Moment With You,JAESSBEE,KR,11
3dDZFJSvdT9N2nNAdsE9j2,残酷な天使のテーゼ,Yoko Takahashi,KR,11
1fP8o0lIaSIE5jEeblT8df,Roller Coaster,NMIXX,KR,11
1lODrFR40rSNAw5cX4j2J2,The 6th Summer,PLAVE,KR,11
2LowwiemmGMzzNSH1PJprK,It's Definitely You,V,KR,11
0VES0jpNQEdRpD31gYDIMe,LAW (Prod. Czaer),YOON MIRAE,KR,11
7qlA2Y1zPNnQxUd1BWx19x,Goodbye (Feat. Paul Blanco),ASH ISLAND,KR,11
1BCXUbnU0486n4eeTyyVIj,Loser,Charlie Puth,KR,11
02Vb9vfZUmqAKNhQwFjPSZ,I LOVE U,WINNER,KR,11
6P2IZsIyNVeOl712sFg4lc,Up!,Kep1er,KR,11
2SSbQoEqPHu6qAgi3pFobY,Alone (Feat. LeeHi),Coogie,KR,11
5SuOikwiRyPMVoIQDJUgSV,Comedy,Gen Hoshino,KR,11
4Pe0HCc3Gib0o5bEU9genz,Comforter,YOUNGTAK,KR,11
0z3ZZ2JKusRpapstADTxVf,Dive Into You,NCT DREAM,KR,11
60VaORSJ5x1D4ZPSc0g2En,Bambi,BAEKHYUN,KR,11
0u7b8p0mxUUNT7xeuYUtlP,Tiny Riot,Sam Ryder,KR,11
4HjBeRYorM50d1rCrl853a,50 CUỘC GỌI NHỠ,"TINH HÀ ""SAY HI""",VN,10
0GXZXSDFSbJjqdGifjSaig,Sớm Như Vậy,buitruonglinh,VN,10
4XhPOkcpNl60Wv5rTPHjdj,Trương Đình Hoàng,Lil Van,VN,10
0hB27T4dy9qBUcZabsrLOj,Dạo Gần Đây Anh Thấy Anh Không Bằng Ai Hết,HIEUTHUHAI,VN,10
5KGa9rEkL3qUNFuIhNo90e,IDNAT (IM ĐỢI NGƯỜI ANH THƯƠNG),"TINH HÀ ""SAY HI""",VN,10
6UO9nrihAk6sFGvVHDVTz8,海屿你,马也_Crabbit,VN,10
1U84HVkHzJ6yU9AUplQCr5,Hôn Lễ Của Em,Trọng Nhân,VN,10
21x7Ld7I7X7HQtDgS8al5Z,Quyền Anh,Wren Evans,VN,10
5oH4DQAuu1J1800RzUsBWa,That That (prod. & feat. SUGA of BTS),PSY,"KR,US,VN",10
1465dD5VklIYHkKfcfirkU,Tình Yêu Vĩ Mô,Wren Evans,VN,10
6a1uj8onBHUi6TKSREPxHY,Ghệ Mới,B Ray,VN,10
3bmqUlen7AJeTh3EKCEPHe,CÔ ĐƠN ANH CŨNG VUI,"TINH HÀ ""SAY HI""",VN,10
67siqMtQTGPpJZI4Dz8OpM,not the same,ROSÉ,"KR,VN",10
5a3tLTGA0HIDtrvnszXXBN,call it the end,ROSÉ,"KR,VN",10
3PJbFJImi0QMxDCUKFBfbU,Hồng không gai,Winno,VN,10
6CjmlnDoRepubCwg3hFO1H,Love My Friend,Shayda,VN,10
3PvxUf6vng5MtK1xDtbmFh,Nhiều Hơn,Low G,VN,10
3ztP5O7dJSha2PG429eUCb,Thiên Lý Ơi,Jack - J97,VN,10
2TtqD87P0jDPtIM0Mlw89p,em đi đi,Lil Liem,VN,10
59LeatGytui1mQleoiEnWM,Việt Kiều,Wren Evans,VN,10
0x5BqH8iC2Y2lTMxAkNAna,Từ Chối Hiểu,RAP VIỆT,VN,10
0lTrNLrN8c9swHGt4dAfoD,Cao Ốc 20,B Ray,VN,10
6GUGn0yUS6PvyYIXOoaT4j,Ai Mới Là Kẻ Xấu Xa,RPT MCK,VN,10
4pLNKd4adQqEUvDfm4Q6wC,Người Miền Núi Chất,RAP VIỆT,VN,10
11sirgYaEutV40tkvgpHN6,NEURON,j-hope,"KR,VN",10
6sIWcLjuMvOcxAfMOx1kbB,FEVER,Coldzy,VN,10
4DJZfZPvWYbSeFVFf2b2aS,"Đừng Yêu Nữa, Em Mệt Rồi",MIN,VN,10
3I024mr4TcQb8W9cNVe0ze,Nắng Lên,Rhymastic,VN,10
194xS2oTIYL5u1IK0Q0oj0,Ngỏ Lời,SUNI,VN,10
7gYKASXibOLyet8JTBJOO2,是你,梦然,VN,10
4Wxtt0dAbPrXZDu4wfR8dN,NÀNG,RAP VIỆT,VN,10
0bTmdKwQ8xb0Xbvizt2GMy,Một Khi Đã Yêu,K-ICM,VN,10
0wZq5TnD0ooJ3q4GVDTLjd,Xuân Hy Vọng,K-ICM,VN,10
6oG0E8FNTzwsKpOWFq6Wq2,Quên Anh Đi,MONO,VN,10
6523STZxyVjkdIKPB6CHfH,Người Ấy Là Ai,RAP VIỆT,VN,10
6pZI0hE72OTSbsG12p8Fx4,Chú Chó Trên Ô Tô,RAP VIỆT,VN,10
4z5dAyLMnkKSHkOkwbR1RX,Trò Chơi,SOOBIN,VN,10
5qNh5WtzMbfpSj2jLlBkoD,Your Power,Billie Eilish,"KR,US,VN",10
2KnLkZ3z7PO3kgVGHGqDpD,It'll Be Okay,Shawn Mendes,"KR,US,VN",10
0mwvf42OdAeiK27QFQv9M4,"Mashup Ngày Chưa Giông Bão, Always Remember Us This Way",Hoà Minzy,VN,10
6c1QaQHdDhtFMfUkhueuXK,Monster,Red Velvet - IRENE & SEULGI,VN,10
6MbHcqR7IBGUR8cUE9aLS4,In The Rain,hooligan.,VN,10
11RnXtNEodnEWOMjjPfGxY,Mùa Đông Chưa Bao Giờ Tới,Uyên Linh,VN,10
4Fae0Q4HddWHqAfTOnMlZ4,Đốt,Văn Mai Hương,VN,10
65uxT4ZGe6eOABj1g5V2Fj,Hướng Dương,Changg,VN,10
5YVmHTAsdWnoanWXB7AwZX,Like My Father,Jax,VN,10
5vFlFRtQE31wtUFl6lRWMJ,Nhớ Người Hay Nhớ,Khói,VN,10
4wKcqsZZz2tN4JV7WQfQ70,Outro,Hoàng Thùy Linh,VN,10
4KL3FJYexPrPuMdPagHPXp,Yours,Raiden,VN,10
5Ti3fqGTfjUsSdylFNy0Ng,Tomboy,Destiny Rogers,VN,10
2QpMK4mvdyFW5N0JYohVdW,Em Là Châu Báu,tlinh,VN,10
6Pgmqg15yVexuOgtzuxwoX,Dancing in My Room,347aidan,"US,VN",10
0OrwGH9aeguhopTVubv0VZ,tonight,demxntia,VN,10
4stGDwiLe6DYjxCDSo4Xqf,Chờ Anh Nhé,Hoàng Dũng,VN,10
0bMbDctzMmTyK2j74j3nF3,"Alone, Pt. II",Alan Walker,VN,10
2XXwLdtuAcE0HSCu61ijAb,My Boy Only Breaks His Favorite Toys,Taylor Swift,"KR,US,VN",10
5aUSEPNd3m5xliFK4pn5mU,Good Thing,Zedd,"US,VN",10
38DlSDrx9tgc5Gfq6y3aBa,MOONLIGHT SUNRISE,TWICE,"KR,US,VN",10
3Vevii7qKqrmW8CcyzBHDl,"So Long, London",Taylor Swift,"KR,US,VN",10
0GUbhhI5fRx7BlqlqlhjuB,Zimzalabim,Red Velvet,VN,10
1xwAWUI6Dj0WGC3KiUPN0O,Vigilante Shit,Taylor Swift,"KR,US,VN",10
6gunPOwkADFspLkQtmVuZT,CHOOM,BABYMONSTER,"KR,VN",10
46D0hYb1B7qiU33VtXt21W,Easy,Camila Cabello,"US,VN",10
5og4Qzt92jJzVDkOtSEilb,But Daddy I Love Him,Taylor Swift,"KR,US,VN",10
1WSGTYKLEpKfNQYYW5Oymt,"I Can’t Get Enough (benny blanco, Selena Gomez, J Balvin, Tainy)",benny blanco,"US,VN",10
5uHl2eYaITSX6xEX8bmaXy,Adios,EVERGLOW,VN,10
1IyaXs95EqH8emANUrhRwH,Nếu Ngày Mai Không Đến,Chillies,VN,10
4NmE2ytXI8S2svTRSmEdpO,Small Talk,Katy Perry,"US,VN",10
3CWq0pAKKTWb0K4yiglDc4,You’re Losing Me (From The Vault),Taylor Swift,"KR,US,VN",10
0hz5PNF2wejwUKCMpesQWt,Merry Christmas,Ed Sheeran,"KR,US,VN",10
11BKm0j4eYoCPPpCONAVwA,Bloody Mary,Lady Gaga,"KR,US,VN",10
71BqAINEnezjQfxE4VuJfq,"""Slut!"" (Taylor's Version) (From The Vault)",Taylor Swift,"KR,US,VN",10
5xqanki714S5lfCrhBnfGX,Gửi Người Yêu Cũ,Hồ Ngọc Hà,VN,10
6fl4Gu0lJm5hc8FM5JzCZD,ICONIC BY MISTAKE,LE SSERAFIM,"KR,US,VN",10
7JCi89HGiURxFpr6NITY7q,Snapping,CHUNG HA,VN,10
4UG2Fm0E98LhE2dlNxiAXx,this is what falling in love feels like,JVKE,"KR,US,VN",10
4QUjn6cprNKiyA8dMTOQ33,Bad Habits,SHAUN,VN,10
4CvId64YZSB0RfRdfzPIQU,So What,BTS,"KR,US,VN",10
4wNIkl5XGiAACjFBlDWuSd,What A Man Gotta Do,Jonas Brothers,"US,VN",10
33NAYATbWRoo5RuEP30JBZ,Love Shot,EXO,VN,10
4L4OcD9Kt9ae70wqrBUyaX,Friendzone (Yeu Ban Duoc Khong),JUUN D,VN,10
222B3aljXx6fFwKmFjuBED,Woman Like Me,Little Mix,"US,VN",10
7gr57cYekMWriyJYbT7oZ4,HANN (Alone),i-dle,VN,10
1Nj2oBISdFDSF8eDuXcALz,Start Again,OneRepublic,"US,VN",10
340UVheS8z3ncW9TTUhAbc,Nightmare,Halsey,"US,VN",10
3wSaplIToNlxXPV45K6NOT,Gật Đầu,Jun Phạm,VN,10
6qNALlmZa1ESnCxJmXE1K9,The Way I Am,Charlie Puth,VN,10
6T4MIHclKSaHN8ksUYRVW6,Vài Lần Đón Đưa,Hà Anh Tuấn,VN,10
2sXf2JdbB2GlNju00kw9WE,Skate,Bruno Mars,"KR,US,VN",10
281tmNk46TBQS9ACYMLYyA,Dance The Night Away,TWICE,VN,10
6FdShjf7nA2cqEnpv1tIia,Make A Wish (Birthday Song),NCT U,"KR,VN",10
37LhFxchiyAJVop5JgRZgY,Like Water,WENDY,"KR,VN",10
4ZLzoOkj0MPWrTLvooIuaa,Get You The Moon,Kina,"US,VN",10
4QVS8YCpK71R4FsxSMCjhP,Tie Me Down,Gryffin,"US,VN",10
5rW7qTn83sCKtqBoneJs63,edamame,bbno$,"KR,US,VN",10
7Acvy2L38SCipAeMPOK8Ro,HOLO,LEEHI,"KR,VN",10
0L1ysHvUkEaScDGGnqrdH2,Vung la Me Bay,Vo Vinh Du,VN,10
3QmolSZqjjLksTUvZJ6pPS,Cool,Jonas Brothers,"US,VN",10
4rPkN1FMzQyFNP9cLUGIIB,Love Again,Dua Lipa,"KR,US,VN",10
0ohcCrxZkBfFbkuRPOZQZX,dancing in the kitchen,LANY,"KR,VN",10
2jt2WxXMCD4zjACthkJQVE,The Ringer,Eminem,"US,VN",10
0VaeksJaXy5R1nvcTMh3Xk,"Darling, I","Tyler, The Creator","KR,US",10
3lMzT16MjAKKXF7pSZn13B,Tell Ur Girlfriend,Lay Bankz,"KR,US",10
0hKtu53OlIFXVuYkZwcn3o,Cinderella,Future,US,10
6XaJfhwof7qIgbbXO5tIQI,Igual Que Un Ángel,Kali Uchis,US,10
7yogx3TwxGwSxO2QITsT2q,A Nonsense Christmas,Sabrina Carpenter,"KR,US",10
34sOdxWu9FljH84UXdRwu1,all-american bitch,Olivia Rodrigo,"KR,US",10
2HSmyk2qMN8WQjuGhaQgCk,Champagne Poetry,Drake,"KR,US",10
3KC1yCIfkLrRaeeMUEKvg3,Superman,Morgan Wallen,US,10
2yUzr8Sr6ldG8vmHhZwTnz,née-nah,21 Savage,"KR,US",10
0iKo4pNNjHHdKUcFARlfCa,EL CLúB,Bad Bunny,US,10
5ffntNJnJOeFv7b7DCd0Bw,Takin' Shots,Post Malone,US,10
688QpQAwqsLdBR6lr13wK1,Same Bitches,Post Malone,US,10
2QxekHjOYDnzNO5w8hu2D9,Empty Out Your Pockets,Juice WRLD,US,10
5ZJGv7aGdIr9IGpxzSG18T,Everybody,Nicki Minaj,US,10
3WRgRy12YW4I9mjodKXWwy,American Cars,Noah Kahan,US,10
35D1RA5uVFVhMc1qX80TaQ,Balloon,"Tyler, The Creator",US,10
3i058E8uxTsYqJ5NWZzqSj,Little Freak,Harry Styles,"KR,US",10
6bLopGnirdrilrpdVB6Um1,The Greatest,Sia,US,10
4BHSjbYylfOH5WAGusDyni,YAH.,Kendrick Lamar,US,10
1fvC3CmNAbsx0V9ULMU8NB,Sarah's Place,Zach Bryan,US,10
2Lumsra3kuU61wXkEKzKaK,Disco,Surf Curse,US,10
0xxZY5C9xxij3D1HkzbnfC,Monster Mash,"Bobby ""Boris"" Pickett & The Crypt-Kickers",US,10
35po0dhj4pRkbVDeooNVBW,Staying Still,Noah Kahan,US,10
6thXB4RmajS4oZPNiBAKy0,Ghostbusters,Ray Parker Jr.,US,10
7hRLuo4QnzCsjICXUOhTE6,WHISKEY WHISKEY,Moneybagg Yo,US,10
6unndO70DvZfnXYcYQMyQJ,Never Felt So Alone,Labrinth,US,10
3KgHiAVuP88QoQs9CO4z1P,TATTOO,Tito Double P,US,10
2WL6GQzPuK9Nrpy9XwNEbz,Something In The Way - Remastered,Nirvana,US,10
0jcw8cJf3TNMZN0BXlueML,Hell N Back,Bakar,US,10
3XIIOCu6B8PuGq5j61asEM,The Greatest,Sia,US,10
33EcmYsTQVIGRGnGPOfTwu,Linus And Lucy,Vince Guaraldi Trio,US,10
1O9D7P7Z1wMJXW19zTXrXi,Go Away,Weezer,US,10
0JtgoDDf0ggWaoXCGhcOoT,Sunrise,Morgan Wallen,US,10
5T7ywazdGIydr6JCW6t02j,Smooth Criminal - 2012 Remaster,Michael Jackson,US,10
2RM4jf1Xa9zPgMGRDiht8O,"Big Bank feat. 2 Chainz, Big Sean, Nicki Minaj",YG,US,10
30KctD1WsHKTIYczXjip5a,Tequila Shots,Kid Cudi,US,10
1jo3TwNGCXfNdB5uba3ZVv,Killshot,Eminem,US,10
1f5PNhkNgUpvDEeZfcIlO1,I Do,Cardi B,US,10
7ujApz6iFP3PmKIDGcaGbe,Great Expectation,SIENNA SPIRO,US,10
1OWBh1eVxUdA1Z6UA8r4nh,the feeling,Steve Lacy,US,10
1CgmY8fVN7kstVDZmsdM5k,P.Y.T. (Pretty Young Thing),Michael Jackson,US,10
3fWibgdtgIie6LKTZ2rUoI,So Far So Fake,Pierce The Veil,US,10
7sd6zMrgGpEa7NkQm9TRrg,NADIE,Tito Double P,US,10
42Xba467wgGvYrR2EE6s0i,Cigarettes,Juice WRLD,"KR,US",10
2qcG0nZ6S3zZV0UrkY5nFo,Drip,Cardi B,US,10
6eiztdXRkooWsBt2xToMWI,Make Believe,Juice WRLD,US,10
4bl1HBZliBuYpFZjWgefE4,Peta,Roddy Ricch,US,10
3Q4gttWQ6hxqWOa3tHoTNi,Not You Too,Drake,US,10
3wwo0bJvDSorOpNfzEkfXx,Let Me Know (I Wonder Why Freestyle),Juice WRLD,US,10
7DsX5K72fewVGb47qj7Tbg,Pray,Sam Smith,US,10
3X2r2CnHOJeV5YekPTgBnK,Straightenin,Migos,"KR,US",10
4riDfclV7kPDT9D58FpmHd,Some,Steve Lacy,US,10
4KDNRh9Oor80z3XIxdWlui,Bubbly,Young Thug,"KR,US",10
0UvZcEfpzVyx47QsRbjyBz,El Apagón,Bad Bunny,US,10
5DfWF0jqMgZDCiu9zJENTA,Ring,Cardi B,US,10
7dR09k1an5JEq7ch0Y5hvV,Dijeron Que No La Iba Lograr,Chino Pacas,US,10
3wlIAXSDtlD9iU8ysld06Z,BIPOLAR,Peso Pluma,US,10
6Tof6kPUc2a17GKaKz4IXz,"You're A Mean One, Mr. Grinch",Thurl Ravenscroft,US,10
1Jl21sidRpEdlVBvYbssLx,Sin,Young Thug,US,10
4NN6N5TxBO5k9uqu0W4gfQ,Floating,ScHoolboy Q,US,10
35z5xJpu76nakf65i1BCMl,Do You Hear What I Hear? - Remastered 2006,Bing Crosby,US,10
57p8CBvPOxrvyCbn6ttl5r,Would You Ever,Skrillex,US,10
25CMmGsl22APKhfuj4Tp7j,It's Been Awhile,Staind,US,10
5xjei7JnROsAzLY2a7RdZU,Shots,Lil Tecca,US,10
4uP3pUP18ennmz0tb3GphR,Solo de Mi,Bad Bunny,US,10
08SB2OtZkaliju77WYEKxk,No Love,Summer Walker,"KR,US",10
000xQL6tZNLJzIrtIgxqSl,Still Got Time,ZAYN,US,10
1Ej96GIBCTvgH7tNX1r3qr,Otro Trago,Sech,US,10
4xBjsLUSjcx2h7PcRikpQp,OMG,Camila Cabello,US,10
3xRH6FPVtheDyNla3T1FE7,Hrs and Hrs,Muni Long,"KR,US",10
0yFvWTLs3iIwDbc91noXGT,GRoCERIES,Chance the Rapper,US,10
6PYnUsNEpYC7A4BS2sjw3L,Right Back,Khalid,US,10
6G2xXQRSZlEzYsUEb3uvuR,Está Dañada,Ivan Cornejo,US,10
25ZAibhr3bdlMCLmubZDVt,QUE PRETENDES,J Balvin,US,10
0fcq51a3gOI6gPvzc0YLsk,Wow. - Remix,Post Malone,US,10
5HwnezK198pJCEj1l2Adjy,She Loves Control,Camila Cabello,US,10
3cphb8kdsjElYR7r5icK3H,Nice To Meet Ya,Niall Horan,US,10
3d9DChrdc6BOeFsbrZ3Is0,Under the Bridge,Red Hot Chili Peppers,US,10
2AYEOC02WLhUiOoaig2SEH,Out of My League,Fitz and The Tantrums,US,10
1tp1xMJ1uaOktksskS0Fzs,Curve,Gucci Mane,US,10
14SaZBTjxlorHJQxXh01Hu,Girls Need Love,Summer Walker,US,10
00NAQYOP4AmWR549nnYJZu,Secrets,The Weeknd,US,10
5RubKOuDoPn5Kj5TLVxSxY,TE MUDASTE,Bad Bunny,US,10
474uVhyGgK5MtY9gMcDgGl,It's Called: Freefall,Rainbow Kitten Surprise,US,10
4v094LQ9eF10k2O2Te2ngK,Too Much To Ask,Niall Horan,US,10
0Kdj7nwaYQmvhxnqZaIQuW,Bezos I,Bo Burnham,US,10
1xqRKo0SDFDO5Jy8yEVD0X,ROLLIN N CONTROLLIN FREESTYLE,DUSTY LOCANE,US,10
5yorXJWdBan1Vlh116ZtQ7,WHOLE LOTTA MONEY,BIA,US,10
43ay9lQZ5rfNcOOHhRF2cM,The Greatest Show,Hugh Jackman,US,10
5kkaSMcf4BFlhRRICCKZb6,Something Special,Pop Smoke,US,10
5DEp4UmhxN7OLnYQacWZhh,At My Best,mgk,US,10
4Zxdw0Hno7YDu0IzvY76Qo,Rent Money,Future,US,10
3K07bGe8iljQ3mOKArHLDo,Starting Over,Chris Stapleton,US,10
25j0Sape7qZbq6ZPLFefTT,Buss It,Erica Banks,US,10
1IT0WQk5J8NsaeII8ktdlZ,King For A Day,Pierce The Veil,US,10
0hnvQLkV7yOjslEzflJSK4,La Curiosidad,Ivan Cornejo,US,10
2T5NBwKRySiCR78vVk08vr,BLIND,DaBaby,US,10
6XOYVSmNDjKUNMXooU4s4z,No Vacancy,OneRepublic,US,10
4eqne0oIdt9GW2ubiliny0,"Have Yourself A Merry Little Christmas - ""Meet Me In St. Louis"" Original Cast Recording",Judy Garland,US,10
24IgCW19L8lXKyFZwzFtD3,MAMACITA,Black Eyed Peas,US,10
4ejNoyrhgjrioqJbgTNPu3,On Me,Thomas Rhett,US,10
6ft4hAq6yde8jPZY2i5zLr,Paradise,MEDUZA,"KR,US",10
1CKd1PnqfYx0H12V9MSaIY,Get Low,Zedd,US,10
4NJpJ17Dgm5r4OYExFbxLk,Oceans Away,A R I Z O N A,US,10
6bvfJf4KjonPMuPfGfy3S2,La Jeepeta - Remix,Nio Garcia,US,10
5M4yti0QxgqJieUYaEXcpw,Eventually,Tame Impala,US,10
22nyEAEM29tcBRhukR089b,Icon,Jaden,US,10
4fv0mLkB3wY4Z2GAG1mWAN,Take Back Home Girl (Feat. Tori Kelly),Chris Lane,US,10
6WC5fhc9XMaCrUNKNjm9xE,Thumbs,Sabrina Carpenter,US,10
2jYmK1cb3Uya6FFsocdpzO,Why,Sabrina Carpenter,US,10
4qULqxfCRhJAXVc75UupQB,No Broken Hearts,Bebe Rexha,US,10
6cAKeFFYW2aClZSUyvqAEW,It's Gotta Be You,Isaiah Firebrace,US,10
50PWlIBU7PlGGwzgN8TiFJ,Million Reasons,Lady Gaga,US,10
4fC5jw1TI59GH1emfN1wtk,Poles 1469,Trippie Redd,US,10
3sJHkcxojoJD2Ytbo1yLLF,Two High,Moon Taxi,US,10
0OlS52TmtK2gPaEtdmr7DN,No Such Thing as a Broken Heart,Old Dominion,US,10
5uZm7EFtP5aoTJvx5gv9Xf,Jungle,A Boogie Wit da Hoodie,US,10
76kyKtPLsFbQkdQ86QrkF4,Plastic Bag,Drake,US,10
7n4Kv0ArEyRh8p4wO5fG78,Preach,Drake,US,10
378iszndTZAR4dH8kwsLC6,Cheap Thrills,Sia,US,10
3eGH1kOyOjq19khdfYg5R7,American Country Love Song,Jake Owen,US,10
4Uk3sHSRuKx7Z5cS0jlpZg,Peter Pan,Kelsea Ballerini,US,10
43Ei9NSyEjgFYXoKLISyz4,Magnets,Disclosure,US,10
7w87IxuO7BDcJ3YUqCyMTT,Pumped Up Kicks,Foster The People,US,10
7fBUnDgtSvYpYWuX4iAfns,Me & The Rhythm,Selena Gomez,US,10
5MMp4HNtX6T2xT9w6Xmaxn,Easy Love,Sigala,US,10
4ZIb6YivyYtpOD0Ur7kDEP,Only One,Kanye West,US,10
6br4Pc0BzU6dTD5fEmks2i,Electric Body,A$AP Rocky,US,10
5LtNBCM2ve0SxP0dlRVvMu,I'm Gonna Show You Crazy,Bebe Rexha,US,10
5e0vgBWfwToyphURwynSXa,Run Away With Me,Carly Rae Jepsen,US,10
5ihDGnhQgMA0F0tk9fNLlA,Thought It Was a Drought,Future,US,10
1FEiijYPJtyswChfcpv3p0,Summertime Sadness,Lana Del Rey,US,10
1V6gIisPpYqgFeWbMLI0bA,Heart Attack,Demi Lovato,US,10
3Z3D2hnbZnveVhTuOifJyt,I See You,Luke Bryan,US,10
1u6LOWtdWA2wwa3CryIBsS,Another You,Armin van Buuren,US,10
705nCbWCo1geLjX6T6P24u,Beggin For Thread,BANKS,US,10
1QLZKzC2pjP4ySf4ALrNhm,Christmas Without You,Ava Max,"KR,US",10
4IjGEOOCVNCYHKJDXnAMZQ,Sun Daze,Florida Georgia Line,US,10
2CY92qejUrhyPUASawNVRr,Try Me,DeJ Loaf,US,10
4FkgULes13bk2eHrsJg4q9,I Want Crazy - Encore,Hunter Hayes,US,10
3Te8uLyit6X3ncNW8Fp3K2,Immortals,Fall Out Boy,US,10
6duMPgTahOTUu2zMMqcpQM,Tonight Belongs To U!,Jeremih,US,10
79f5CcWzdkkDVD4XAIQgKr,LALALALA,Stray Kids,"KR,US",10
4cluDES4hQEUhmXj6TXkSo,What Makes You Beautiful,One Direction,"KR,US",10
26GehcyfHwgzfS0ok9yDYk,Pretty Girl,RESCENE,KR,10
1Q2fIiWWy0v5gS60EuEJRg,Lunar Hearts,PLAVE,KR,10
0k4IMjv3mF9LlphfeG8ZjA,"PUBLIC ENEMY (Feat. Roh Yun Ha, Wuuslime)",Sik-K,KR,10
3fEX9NgOeklq816Fw00uoo,HYPNOTIZE,XG,KR,10
0ZxYCSdLYFDrGS2o6rxN39,Don’t Twice,Roh Yun Ha,KR,10
5p8i6Pp37EBIqceXmfnrxa,KARMA COLLECTOR,KC,KR,10
3iJxBDym1SeqNqJqnvreHK,Never Ending Story,IU,KR,10
4LJJxB4a47mreJAfKwbGEM,body,DAYOUNG,KR,10
1Y3Z8ZgjFse47Nt2ZR4EFU,poppop,NCT WISH,KR,10
7tGDXCPLpAScEwmqab9YZd,Walking with you,Novelbright,KR,10
6vw9OTw8rBhatDSdlxVIuF,Pookie,FIFTY FIFTY,KR,10
4pimesHwLgyqCpvKtdYpcV,Walk,GongGongGoo009,KR,10
2bXfRqleAnaby2h4F6SnHR,Starting With You ❍,Park Da Hye,KR,10
6KYOlIwDHbrbeBbJEtQ0Fj,オトノケ - Otonoke,Creepy Nuts,KR,10
20JkEhlKCrKtzORT5qDdWE,"EYE (Feat. BIG Naughty, JUSTHIS) (Prod. R.Tee)",DON MALIK,KR,10
1Y5D7m2QtyBdvwvY3gAVNQ,Little Light,DOYOUNG,KR,10
4P5ozkI1bxiGxA5rZ27jlO,Bubble,STAYC,KR,10
5grkkSqOpUGHfl2KunfdD9,KIDDING,ISEGYE IDOL,KR,10
6QCPweR3aP6nj7P43WpiZs,Rising,tripleS,KR,10
5O7dUqcxMUVPFL9YAE9e7q,貴方の恋人になりたい,ChoQMay,KR,10
69Bx1c9Hzv7IZGkLyFCeMw,Hold Me Back,Heize,KR,10
10qiH1RJkexhTUuN562FsP,Braindead,Sion,KR,10
76qqDJijAjFph7sjUxNVG8,Shhh,KISS OF LIFE,KR,10
2QYnONicU24TXbkhtaemOM,Obsessed,Ayumu Imazu,KR,10
0LY4jOJChwNOYUp2dTNEss,Hopeless Romantic (Feat. LEE SUHYUN),BIG Naughty,KR,10
1uOFPJmg1yx3sfBqgv1JAS,I Do,D.O.,KR,10
5UJTNrW72ZMubW2wKBf8g2,TROUBLE (Prod. Slom),Don Mills,KR,10
4iMaBhUaR1xfkobeLEEQyx,"Waterbomb (Feat. Gaeko, Nucksal) (Prod. CODE KUNST)",Gwangil Jo,KR,10
0nsIi8do34jaxhKI8C6QLP,Drive,MIYEON,KR,10
00Coyxt9mTec1acC52qtWa,Starlight,TAEIL,KR,10
07o59OvDiUuVpAbGNntwCy,A Walk,Yerin Baek,KR,10
20BE9EAAuma1el03cT4bH6,Superstar,Mido and Falasol,KR,10
2pNJ0TsgiRc4mGdYHazD5w,water color,Whee In,KR,10
4a0OYMqeBOGuzCPLg5SfWU,On Rainy Days (2021),Heize,KR,10
1hyyH6xSgtcgwpNOR9cX1t,Do you want to walk with me? (Romance 101 X Jukjae),Jukjae,KR,10
0cSkn2l67csUljEy0EEBPn,炎,LiSA,KR,10
7326q9PcJDcKuAFcrSkN0t,Come My Way,Sơn Tùng M-TP,VN,9
0JBBsuv6YHi37NqzCNfr0d,SỰ NGHIỆP CHƯỚNG,Pháo,VN,9
02H58MSfVESkKyx4diDgu7,LOST!,RM,"KR,VN",9
66LE366537RxmOur0DcGFH,Vừa Tìm Thấy Đã Đánh Mất,Wren Evans,VN,9
2HEd2fkMbbIclpv8pYvWW0,để dành cho em,Dangrangto,VN,9
7134tEHq45eL6am9oVazZU,White Christmas,V,"KR,VN",9
3hjirCdXFnVJDZsXlOfhfd,Tình Yêu Buông Tha Cho Chúng Ta,Trungg I.U,VN,9
2R1sqa3gaeCXkqwjNF6YLC,AAA,"EM XINH ""SAY HI""",VN,9
7FX4Ae2nf5U6Y42AEMR9lc,Lối Chơi (Interlude),Wren Evans,VN,9
5K2VTtm9skwbbVP54E0I4E,Rolling Down,RAP VIỆT,VN,9
3vsmNXDJsCUt2ESWPwFaAv,ĐĐĐ,Wren Evans,VN,9
1VyXprVXZYNGWWZf1u4JfN,Blue Lips,CORTIS,VN,9
4cdlZnUEuT8EYisPQkf01g,Đi Tìm Tình Yêu,MONO,VN,9
01oJRNQrFwJu3jgGVo8K58,Thả Anh Ra,Quang Hùng MasterD,VN,9
4sUbVbW9m7WVX1KOZ4zLc9,Đã Lâu Rồi,Negav,VN,9
7iEFuVbCdZNcnFuMyYBYXb,Tết Đong Đầy,KHOA,VN,9
5gn0Df0Aa7EM98shC3daR6,Nỗi Đau Đính Kèm,Anh Tú Atus,VN,9
3NvH1v6NOxlawEoCXjg9sK,điều vô tri nhất,Kai Đinh,VN,9
1cbLoF2FHZrdcAuH28eZ97,Hai Thằng Bịp,Mason Nguyen,VN,9
6ecdnYq7ob5tvxlT3U2xwV,Nu Cep,Wxrdie,VN,9
5RuZw8NsvI4BSlmI2yqgeS,Anh Không Cố Ý,RAP VIỆT,VN,9
5HuDnBhNLj5m865LowtgZQ,kho báu đánh rơi,tlinh,VN,9
2qU7v0idyT8aTp8FVxl23c,Đó Chỉ Là Thành Phố Của Anh,Luxuyen,VN,9
3xRwKsEaxuxKtS3n9ZrWJ1,Tết Này Con Sẽ Về,Bùi Công Nam,VN,9
5fj32MKLHkut2Vod1UodcU,AMYGDALA,Agust D,"KR,VN",9
3c8uiVApPGVchcLqP2vlwf,Năm Qua Đã Làm Gì,Noo Phước Thịnh,VN,9
1YbrWGgFMzIoO6FP1vN975,Vườn Hoa Con Cá,Olew,VN,9
1XkMxUilV0E3ChDERZJUEq,SEXY NUKIM,Balming Tiger,"KR,VN",9
76zJmpyMFX49tGT3u06JaK,Luôn yêu đời,Đen,VN,9
6hLEsk1t37XKNwtTQ3iI1b,Cơn Đau,Wren Evans,VN,9
4HHtyJdZVuefcyRmBUcyth,Va Vào Giai Điệu Này,RPT MCK,VN,9
59u8Iu6cAugFqtA1avGFRT,Cơn Mưa Xa Dần,Sơn Tùng M-TP,VN,9
6XRcOMGLBYVWYbMHE70nK2,Nothin' on Me,Leah Marie Perez,VN,9
0P1Os2gcJDbstDJX2M2xnB,Gió (Lofi),1 9 6 7,VN,9
2sUJxpZyYIAtJjy4ptfTK2,CẢM NHẬN,RAP VIỆT,VN,9
7ssVARiCxa9KentfZXhZEr,Tèn Tèn Girls!,RAP VIỆT,VN,9
0aOOB0EuwnWuoAqzR4THA9,Ala Ela,RAP VIỆT,VN,9
06PmWcNQ2zyzzbC6w8CqZO,Hành Tinh Ánh Sáng,Vũ Cát Tường,VN,9
7HMmFQsKsljwTw8bS7lu19,Rare,Selena Gomez,"US,VN",9
37TSJmYKLxXmx8OehFpqMN,Respect,BTS,"KR,US,VN",9
2p56oIwLWTo2qh3c3SAZMk,Bet On Me,Walk off the Earth,VN,9
0hGuiTI3U6XjelBbPf4YqG,M.A.Y,RAP VIỆT,VN,9
5p7Zd8RAb4dLV1MK2owriM,Thang Dien,JustaTee,VN,9
70XnKsO3UnIT4FnEwChQXx,= (Equal Sign),j-hope,"KR,VN",9
7h5JV2j5wEwMP2hQE12Nk4,Roses,Finn Askew,VN,9
0167mYf0UIa3qBqy4NZgt5,CILU,JGKiD (Da LAB),VN,9
6Ib60kjsTqniNRCNsFprK1,I Don't Wanna Miss You,TRANG,VN,9
3Y7MHz19qCg1Pkxridtu1k,The Archer,Taylor Swift,"US,VN",9
4FYbo4yQzu3hGkj2Ix4ucW,Funny,Zedd,"US,VN",9
7ho5xWwyYi7KJzJxyM1sPJ,Chuyển KÊNH (Sản Phẩm Này Không Phải Là Thuốc),Ngọt,VN,9
3ryjLm3oupIjJFGc39naNi,dimple,BTS,"KR,VN",9
7FdUvDkaE24o3FPIWTvzv2,Follow You,Imagine Dragons,"KR,US,VN",9
3ZVFcD8Wlw9T9klGqmJf9F,Florida!!!,Taylor Swift,"KR,US,VN",9
2IAR0DziHCjSu16gR4ihvy,Nothing,Bruno Major,"KR,VN",9
2S1LebN6AXXQqJolBxlWgO,Earth,Lil Dicky,"US,VN",9
2TEQvxxQabwLQMqWMg1qGu,Wi$h Li$t,Taylor Swift,"KR,US,VN",9
5eXgqtg3T8Av0m1FUaGHex,The Life of a Showgirl,Taylor Swift,"KR,US,VN",9
4ytyLpIwUXbdFsNOvgNnmP,Four Seasons,TAEYEON,VN,9
2iLgHSA5ar3kJKUWvegGPm,Permission to Dance (R&B Remix),BTS,"KR,VN",9
1dfsPqH09vnzUWEOsN98Ex,28 Reasons,SEULGI,"KR,VN",9
2kJu14V7hbZw3I4K8L8SXb,Stupid Love,Lady Gaga,"US,VN",9
5INyAMdQg6xDb1dcm2ncJf,Anh Thuong Em Nhat Do - Acoustic Version,Am Mi,VN,9
4SHhui9S7lFYGHXikfneGo,Drugs & The Internet,Lauv,"US,VN",9
0usLRFLmYXYahKNgXxsuJc,Trivia 起 : Just Dance,BTS,VN,9
3BwqiNZaKgfv0t3ygYkvjl,NHẠT,Unknown Artist,VN,9
0yofHdFXozkLelQzMgkao4,Y.E.U (L.O.V.E) [Edm Version],MIN,VN,9
3jjBPF4NDMCU51psU8JPpR,34+35 Remix,Ariana Grande,"KR,US,VN",9
3vySEUpD0tc801F2WZDLYw,Freaky Deaky,Tyga,"KR,US,VN",9
1ahVFh0ViDZr8LvkEVlq3B,No Sleep,Martin Garrix,VN,9
45ZGEdLxCZvdMX9jWlsAAx,I Don't Belong In This Club,Why Don't We,"US,VN",9
3nY8AqaMNNHHLYV4380ol0,Dick,StarBoi3,"US,VN",9
7jqDzXJS0K0Re8uphYNit0,Sick Boy,The Chainsmokers,"US,VN",9
0RUTnY2B3s05fZuCHsNaUP,Alien,Sabrina Carpenter,"US,VN",9
1Fo4OvzP9PThFKMeMIAEYu,Superhero,Lauv,VN,9
09oZ9eXQ2fo6YDrPzJqAoP,Outta My Head,Khalid,"US,VN",9
3DH7Ogn4I781cKCxpEcRbd,Hongkong1 - Official Version - Original,Nguyễn Trọng Tài,VN,9
7wC5eZcFS1Q1BsQ35DU6H4,come out and play,Billie Eilish,"US,VN",9
079Ey5uxL04AKPQgVQwx5h,Baila Conmigo,Selena Gomez,"KR,US,VN",9
3T4UodGkfZObJ43RtA5KFU,Connection,OneRepublic,"US,VN",9
514mQDPkXmPzsYwGNmkBJZ,SEE U LATER - KR Ver.,BLACKPINK,VN,9
6LXIhiXK8z1KLd3giR904b,Smells Like Me,Charlie Puth,"KR,VN",9
5uBkUEZl3PRDCvs2K4vYLV,Người Khác (pianoRnB),Unknown Artist,VN,9
1iGQpclvzonFNzy7Ko89V7,Sticker,NCT 127,"KR,VN",9
7dfTn7gof01SMPeQf1Yw6N,Chắc Anh Đang (Remix),Tiên Tiên,VN,9
5TJEBoTCDbJXiKMdCN9pd3,Hold Me Closer,Elton John,"KR,US,VN",9
3iq9nhbI8fcnNamxMft1uv,Real Friends,Camila Cabello,"US,VN",9
6fOPuabPdAJ0HgqJFcDGb1,Apologize,OneRepublic,VN,9
1DWZUa5Mzf2BwzpHtgbHPY,Good News,Mac Miller,"US,VN",9
0tMSssfxAL2oV8Vri0mFHE,listen before i go,Billie Eilish,"US,VN",9
2r4JRwcbIeuAzWjH4YXlLs,Yikes,Kanye West,"US,VN",9
3XsaSIPWvM61RIFfeb0BBR,White Christmas - 1947 Version,Bing Crosby,US,9
6iycYUk3oB0NPMdaDUrN1w,EVIL J0RDAN,Playboi Carti,"KR,US",9
7KGHenqXZofXNm5MKDbT3J,Whisper My Name,Drake,US,9
7bxaFZ1O3cHkgLKMsdC3xR,Loser,Tame Impala,"KR,US",9
1LmkdWSxjCV7wKTPsCvYWN,Winter Wonderland - Spotify Singles Holiday,Laufey,"KR,US",9
5oIVNm56t6OIf9ZjdEG3ud,Coincidence,Sabrina Carpenter,US,9
6tZ3b7ik1QDXFAZlXib0YZ,Kevin’s Heart,J. Cole,US,9
5QMrH5nszZZR3nefIj6Mar,Defying Gravity,Cynthia Erivo,"KR,US",9
7hav1MHURQf5SAoPk0egqh,Baby Pluto,Lil Uzi Vert,US,9
1eIXYZWEfJO3Na2LCCnIJE,Love Language,SZA,"KR,US",9
2tUL6dZf1mywCj5WvCPZw6,No Friends In The Industry,Drake,"KR,US",9
4daEMLSZCgZ2Mt7gNm2SRa,Flooded The Face,Lil Uzi Vert,US,9
5ZAMlvo6ZUjVRZOGu2bJib,Dead Fresh,Lil Baby,US,9
0caJ2wkqp4UmXBwdR2JvB5,Dial Drunk,Noah Kahan,US,9
0dEAiKNbHt4mrjjoiL0loc,Corazón de Piedra,Xavi,US,9
2J0NXdHr6MYvKDSxB7k3V2,A Thousand Bad Times,Post Malone,US,9
6NjWCIYu1W8xa3HIvcIhd4,Nasty,Tinashe,"KR,US",9
0CFhbNsY7CsuSkBQOiLPzz,Or What,NLE Choppa,US,9
0AcgKF7kbSoCkh3n7vlHwK,Dirty Diana - 2012 Remaster,Michael Jackson,US,9
7ogpGbKc4Io6NCU6ydxXwZ,FEVER DREAM,Alex Warren,US,9
0M7mWKqwTIaVjYyxfZmtTa,"Courtesy Of The Red, White And Blue (The Angry American)",Toby Keith,US,9
06FCvd7rrRcF3DdvWH5Isp,LUST.,Kendrick Lamar,US,9
5jyyPsIGM2yqkZN9R3TmvN,The Ways,Khalid,US,9
38RIEav39FGi86jppxO0du,Ignorantes,Bad Bunny,US,9
4FRW5Nza1Ym91BGV4nFWXI,Lemon Pepper Freestyle,Drake,"KR,US",9
0WIv5qV41y6YjjB9V1biuC,Made For Me,Muni Long,US,9
5e0b9LgOfi3aJSKXFcOWRe,Beanie,Chezile,US,9
77KMttn3Lic7ZQKDlPqp8v,INTRO,DaBaby,US,9
0xl1w2q4VLojeXp4JfazPL,Sacrifices,Drake,US,9
69Naniu2KjKjaQOBUagE8U,"Homemade Dynamite (Feat. Khalid, Post Malone & SZA) - REMIX",Lorde,US,9
5LhI8m7n8xlQmNe3b7Rwis,Madonna,Natanael Cano,US,9
65irrLqfCMRiO3p87P4C0D,Frosty The Snowman,Ella Fitzgerald,US,9
7oOOI85fVQvVnK5ynNMdW7,Rock with You - Single Version,Michael Jackson,US,9
27a1mYSG5tYg7dmEjWBcmL,CAN'T SAY,Travis Scott,US,9
0oO1AbL92F6329z13C2qQH,Talk,Yeat,US,9
0kosUz0jePvjiz4ctmR6wL,Dai Dai,Shakira,US,9
6wyhUr4Xw8z5uSy0AhoZfU,I'M ON ONE,Future,US,9
36TO60sxDduIsO3xH8IcUh,Isis,Joyner Lucas,US,9
2gSNBigeWMVtY3QBIvPAEc,Bad - 2012 Remaster,Michael Jackson,US,9
1uA914Md6wsy9NDryyBypH,Man Of The Year,Juice WRLD,US,9
4jVBIpuOiMj1crqd8LoCrJ,FRANCHISE,Travis Scott,US,9
1oJ8EDr2pv94IvSd6ZmDgo,MAMA,6ix9ine,US,9
1JXBNvlDEl2epKSJ9EOgKX,Not Sober,The Kid LAROI,"KR,US",9
3yaYgjEFkRw3PVjW9mV1TO,Over The Top,Smiley,US,9
7fwXWKdDNI5IutOMc5OKYw,Mi Gente,J Balvin,US,9
0LWIiBYFmOnkqysugp0VKo,Spend Dat,Yung Miami,US,9
0L5gbpFGU06vqSHacOxgka,TU TU TU,Clave Especial,US,9
3t72JCbFJ3syOhFC7x9Pa4,M&M,Neton Vega,US,9
4fVoX6BG2jFhPx6uHKevpF,Thought It Was Love,Ty Myers,US,9
3E619cvUK3bgsm4xH9A34H,Lover Girl,Laufey,US,9
2uflssWlCaJ6CbTMOsUpNI,Aguacero,Bad Bunny,US,9
23ZdNaFSfH7VdSVU4U0Agb,You Stole The Show,SIENNA SPIRO,US,9
0MIp9iBm1V41ERxkZnmSUG,Pretty Little Poison,Warren Zeiders,US,9
5cXg9IQS34FzLVdHhp7hu7,Big Shot,Kendrick Lamar,US,9
0GzuHFG4Ql6DoyxFRnIk3F,Hawái - Remix,Maluma,US,9
3OnOomd79OjqSYHchCQ6ht,Notice Me,Migos,US,9
2gTdDMpNxIRFSiu7HutMCg,I Think I'm OKAY,mgk,US,9
7Lkxvfl2rkNYWS4kBDCQtN,Las Morras,Peso Pluma,US,9
4kfeRwpq5KUaqTkgi4TbDF,Solitaires,Future,US,9
1wOp7yTVyH176bW1z9WAiv,Carry You Home,Alex Warren,US,9
0sKEilrw1GrBlG6qsTCrP4,865,Morgan Wallen,US,9
4n4tC4qO2LeWQRM9Gbbtop,Shot Callin,YoungBoy Never Broke Again,US,9
2mNGL7mZILSqZHxGboJaO9,COMË N GO,Yeat,US,9
5SixeLvPsYpk7qq9lo5xYg,Have Mercy,Chlöe,"KR,US",9
6lruHh1jF7ezgbLv72xYmf,FML,Arizona Zervas,US,9
6FBzhcfgGacfXF3AmtfEaX,C U Girl,Steve Lacy,US,9
7bJ4mu7MHa3rHiNyKjOoSl,Ice Melts,Drake,US,9
0N0h5lXc4HOiLgGb9EZi8m,Rocking A Cardigan in Atlanta,lil Shordie Scott,US,9
0OI7AFifLSoGzpb8bdBLLV,Home,mgk,US,9
6uYgCE2OEulOw5zhHvZsHf,Love Me More,Trippie Redd,US,9
5HR4CYT5nPpFy8m9wJQgrr,Rockin’,The Weeknd,US,9
6BczFLHW9aIf9aWn5NFuNL,Don't Play That,King Von,US,9
25AvaE23MXl06YRtQcQoJS,Welcome to the Internet,Bo Burnham,US,9
27qAMKrDdKEs8HDXcvR24R,Driving Home for Christmas - 2019 Remaster,Chris Rea,US,9
2IlT65thKQQw248mhk2PjQ,JACKIE BROWN,Brent Faiyaz,US,9
0hPLZrnDgtKxrym1BHjDhd,can't leave without it,21 Savage,US,9
6BePGk3eCan4FqaW2X8Qy3,10:35,Tiësto,US,9
2ePtv8MlBO9nuuXABqAfEX,SugarCrash!,ElyOtto,"KR,US",9
3EikYy40GMSp8l5mDV6IQo,Foot Fungus,Ski Mask The Slump God,US,9
2R4AlwtrrkMaRKojcTIzmL,For the First Time,Mac DeMarco,US,9
13Irp51zj01BZu2XtDrnAg,2 Be Loved (Am I Ready),Lizzo,US,9
65jw6GhwQW3Db55PxlPEpS,Be Something,Polo G,US,9
4Q5yMlwAfAoitqg4r9oZHN,Quit,Cashmere Cat,US,9
0oT9ElXYSxvnOOagP9efDq,JUMP,DaBaby,US,9
0as7lPxkBPctZ7uVmchRNM,Miss You,Cashmere Cat,US,9
4bTZeO72FwMa6wKOiqoynL,Otro Trago - Remix,Sech,US,9
6hf0RpxTbOprT5nnwzkk8e,Qué Más Pues?,J Balvin,"KR,US",9
6Jrdb6CFOJEGaHjaa6c4WR,IDGAF,BoyWithUke,"KR,US",9
0NWqNXBJTpXbkI5rPWNy3p,All I Know,The Weeknd,US,9
4mqvE5F95nKSUrUvUH3YB7,Sooner Or Later,Aaron Carter,US,9
3wn8nOygkHLUQ9dlXM1rKW,Poppin,Yeat,US,9
5uu28fUesZMl89lf9CLrgN,Feels Great,Cheat Codes,US,9
4ja2gzrNh9VNigzoXfmbwD,Mariposa,Peach Tree Rascals,US,9
11ZulcYY4lowvcQm4oe3VJ,Slumber Party,Ashnikko,US,9
5ArQzSBevAdXTxRY6Ulhbq,Mama Said,Lukas Graham,US,9
5Ua3GXyHwiSfpNTMjq6m2z,Touch,Little Mix,US,9
21yRtB6B8EMounImAfHRCP,Who Dat Boy,"Tyler, The Creator",US,9
1pvgpkMqtQyOGePdYOTt9U,Romantic - NOTD Remix,Stanaj,US,9
0Wv5wuenRLI3BcwgT3HPIP,A Different Way,DJ Snake,US,9
5q5gzmbBS5yQzos2BvVr1t,Nights With You,MØ,US,9
5ovVcYo2MvjVydFwFyaaqy,I Should Probably Go To Bed,Dan + Shay,US,9
542Xd5qDeLBvgXZXhfW7LE,Obsession,Vice,US,9
6SpLc7EXZIPpy0sVko0aoU,Misery Business,Paramore,US,9
1Y3TlYJNhIa7k4YAvFkJAB,One Margarita,Luke Bryan,US,9
3uMO7jmdXxwSijvxNXDgE4,Overdrive,Post Malone,"KR,US",9
4qQwGRtGT7l6ckQtdPEFd4,Talk You Out Of It,Florida Georgia Line,US,9
042x9bsUBWW2fJgJ6fUh61,Not Going Home,DVBBS,US,9
0oH0OIeKJSAT5bdFkbz20A,Havin My Way,Lil Skies,US,9
60PAzFNW3vAiAiVK6DRJfB,Day 'N' Nite (Nightmare),Kid Cudi,US,9
08tq1XcHwVt5PHXUo87i0D,All To Myself,Dan + Shay,US,9
6jTQijAuYxOd8DjQ8D6UkL,What Do I Do,SZA,"KR,US",9
6m9qPYXmhge2QhBLfFKnVF,Same Drugs,Chance the Rapper,US,9
34kRg5EbCB3r20QXZbnGeY,FML,Kanye West,US,9
4dWVEAVhqNUjvsBHUo477f,Faithful,Drake,US,9
150xRZE9rtvEPdedbf3y3l,Life Is Worth Living,Justin Bieber,US,9
3vWxQ6wOfMr8zH1u7pVFI6,Bust Down,Trippie Redd,US,9
0iTCmKvuU1ReULiQB0rI7n,Tone it Down,Gucci Mane,US,9
2PUQu6RlN3DDJOoJ26JW8u,Prisoner,The Weeknd,US,9
0kN8xEmgMW9mh7UmDYHlJP,Versace on the Floor,Bruno Mars,"KR,US",9
1HOlb9rdNOmy9b1Fakicjo,#SELFIE,The Chainsmokers,US,9
0l4EfZzVD0LyJhibHIIVxo,One Night (Extended),Lil Yachty,US,9
5ONu4EF5vxDOCmBbQI6s0M,The Hanging Tree,James Newton Howard,US,9
1HwAeValR9dJzAf8Erlv3s,Came Here to Forget,Blake Shelton,US,9
3EofjRgUI1WrzqqtLb8NoF,Cheyenne,Jason Derulo,US,9
1Cj2vqUwlJVG27gJrun92y,The Sound Of Silence,Disturbed,US,9
6TNN9i2o484cOTck3KUARi,Hold Me Up,Conrad Sewell,US,9
0W1OeXDPntUH0BeyJtE9UM,Jugg,Fetty Wap,US,9
7vqUr6K2Js9Paq4kdNSOm6,Here for You,Kygo,US,9
5ajEdjV7VfH15GqSL8tSus,WILD,Troye Sivan,US,9
7cTrekacPXjNTQuEJGN4Ee,Jungle,Drake,US,9
7a6GeFdPlbQtd7BwVlZ52k,Ginza,J Balvin,US,9
7mykoq6R3BArsSpNDjFQTm,I Really Want to Stay at Your House,Rosa Walton,"KR,US",9
6cT5orvyKqwghJp6KB9vG0,Furthest Thing,Drake,US,9
5NUvj4WX2tAQGxOF4CWJ7I,Real Life,Jake Owen,US,9
5YYBvgHlTWPUmFtYCl3RAr,From Time,Drake,US,9
5NQJnRpJHRaupdegphntQT,Jealous - Remix,Nick Jonas,US,9
4qrSd9NMui1V19MEnIAhj7,Best Song Ever,One Direction,US,9
4ZPdnqOaT0kkrsl9ppWc1V,I Can't Stop Drinking About You,Bebe Rexha,US,9
2qq7sHFIexFKEvlNghevsj,Stay The Night,Zedd,US,9
33okDqzPPYo8vwC3Mc1pOr,Sparks,Hilary Duff,US,9
49SrrLoFCJgy3zHMq3COto,3500,Travis Scott,US,9
3n69hLUdIsSa1WlRmjMZlW,Breezeblocks,alt-J,US,9
4CLZ3D2RCI5ZCfB51D6NwB,The Other Side,Jason Derulo,US,9
2h9TDNEXRhcDIV3fsoEVq9,What Other People Say,Sam Fischer,"KR,US",9
7cpCU3Denug5NGZsSpQl8v,XO,John Mayer,US,9
0eyMfW9Y8Ogmc5VCF4Sb7s,SKY PASS (Feat. BOBBY) (Prod. by GRAY),OSUN,KR,9
0NqmROY1BA3g9A7ZqF8D6O,VIRAL,BOYNEXTDOOR,KR,9
4sKfiEkA7eCO0aztGv7kY7,EMERGENCY (Feat. J-Tong) (Prod. by Hukky Shibaseki),Fleeky Bang,KR,9
1OO2hWJmimNmsN2glZ9kyM,Blossom Parade,PLAVE,KR,9
0p5xMhVvw441Z10hNWsk5Q,BURNING UP,MEOVV,KR,9
16iOs2f9G9qRknDgM9cfAw,Who is she,KISS OF LIFE,KR,9
3GcTcXCJLVdy7iYhSKPGUp,비행기,Turtles,KR,9
1Vd8qFWC07LB8UvNHyIlzg,Bom,BOL4,KR,9
0iIcuwia47B5bzjVpyUwyI,Drive (From F1® The Movie),Ed Sheeran,KR,9
0OgOvU69S4QuJYTMlIurn0,Before spring ends（在春天消失之前）,Wang OK,KR,9
11gZL0HigsqfzjTHOpdFjE,MENTE MÁ,Nakama,KR,9
2mHw0KoEyDw8Yaw3yPoke6,3D (Justin Timberlake Remix),Jung Kook,KR,9
15D4iY3vp1lO871Ed37joF,Hope You're Doing Well,Kim Seungmin,KR,9
75bgkdHdg7ppBcHdLJkSBM,Why?,PLAVE,KR,9
7vjfnsnDXZGK4PSq54ISjc,1-800-hot-n-fun,LE SSERAFIM,KR,9
1QPV3QoWw3rRKPeYoX8kO8,GGUM,YEONJUN,KR,9
78ZYPq0f3afyzdYdpTOG9C,Walk,NCT 127,KR,9
6P1kcEdGjs06Wd3DKGuFna,LIES,BIGBANG,KR,9
5EtiQveQFQy0R05hLVDyKv,Fact Check,NCT 127,KR,9
6woV8uWxn7rcLZxJKYruS1,Hai Yorokonde,Kocchi no Kento,KR,9
4r1caIy3DscFsJuNXKIo5g,Wait for you,PLAVE,KR,9
0YlS16W4HY6CJVk7Q750Yu,Killin′ Me Good,JIHYO,KR,9
2s2PGt2yeQly8auhPuHGIn,"Young, Dumb, Stupid",NMIXX,KR,9
4mPOgPXaXFBQ9dCg6OGEFv,Yesterday,Jay Park,KR,9
4bml9BznT3E0sX4xpa0voN,Wasteland,KANGDANIEL,KR,9
2ahp0wvyEzyvgWfOhStHWp,Blue Flame (2023 Ver.),LE SSERAFIM,KR,9
2Tb9VdP35jbF4GJmC869uu,Supernova,KANGDANIEL,KR,9
7aNA0yQbOYu3HKWv9zElJX,"BLUE CHECK (Feat. Jay Park, Jessi) (Prod. by Slom)",toigo,KR,9
4XI5Kdm1zdSFxdIGd9xUVT,"gganbu (Feat. YUMDDA, ASH ISLAND) (Prod. TOIL)",KOONTA,KR,9
00vy9aiFjxMfnKniQAYzrC,Love Shhh!,JO YURI,KR,9
2M7a2Us8CEU1HZHj70byGX,Hi spring Bye,IU,KR,9
4aS8OY1JsRSBKGfnAkIOZH,You can't sit with us,SUNMI,KR,9
6PFfx4sEBWPuFqFB0mgX1D,GLASSY,JO YURI,KR,9
3XHJUG5I2zYqOEmEZUX68n,Thunderous,Stray Kids,KR,9
1wcr8DjnN59Awev8nnKpQ4,Drunk-Dazed,ENHYPEN,KR,9
7Bvb0ZuJCoIHq6mBEAna2U,Horangsuwolga,Tophyun,KR,9
0Z99Xe1lGBmq60RwJ5YU18,PING PONG,HyunA&DAWN,KR,9
2bPHxBNkKpnehnmEBYuW9n,Sleepless in Seoul (Feat. LEE SUHYUN),10CM,KR,9
6CdUgvL597jWmW4w8P5kHs,Fine,TAEYEON,KR,9
1hOEq5q9L41E2YbLhVvW5x,Aloha,CHO JUNG SEOK,KR,9
0siYMEsGrzzzlWLXK5zJfS,BED,Joel Corry,KR,9
5rZkRaL4AjykFgw49KULyo,Jam & Butterfly,DPR LIVE,KR,9
0CY9y1F7RcRSV3raHljdxu,THẾ GIỚI CỦA ANH,"TINH HÀ ""SAY HI""",VN,8
4VjLWbQhf8KUPMeuBO5H55,MVP (MƯA VỘI PHÓNG),"TINH HÀ ""SAY HI""",VN,8
3yDRcs0Y4pPzkvMbUfeF9H,Moonlit Floor,LISA,"KR,US,VN",8
1mcKvLkj1aEz2wWkSGJICD,Gió Đưa Tình,Wren Evans,VN,8
6cZ6NqFHytVdRMG2QB3n8q,Baby,RPT MCK,VN,8
5jCSifehmtV2KDWLoXgA8F,MOVE ON,Anh Trai Vượt Ngàn Chông Gai,VN,8
6uvw8GFIqdqaJ4Nr3kN8Rs,Come Over,BTS,"KR,US,VN",8
2WLwTRDgtO4vwjZReiOdNB,XOAY VÒNG,"TINH HÀ ""SAY HI""",VN,8
4XYIKLWUw0QYjcftHNvAYW,Dám Rực Rỡ,WeChoice,VN,8
7tDEWTNvUrVDCWdOrJWATZ,HERMOSA,"ANH TRAI ""SAY HI""",VN,8
3QjcsqERv4IfmopRvXFoWB,DÂU TẰM,tlinh,VN,8
1DpC4L3JjsGRW7y6eTHaMj,Ojos Tristes,Selena Gomez,"US,VN",8
3M8XPtbFW7xWyz2JmuDcce,Em Không Cần,Hannie,VN,8
3dCdcURa0Kk5UWXRY00HQy,Wassup,CORTIS,"KR,VN",8
5JTZCDMaElB4ZBJc41YhMB,Dẫu Có Lỗi Lầm,Bằng Kiều,VN,8
42i1d7gos5WvqZIFWCfE7E,"Có công mài ""Sắc""",Ngô Lan Hương,VN,8
7AdGloF1UHKe1vAZPbqIXH,The Happiest Girl,BLACKPINK,"KR,US,VN",8
19UnXjpLshSLobPspdyxlD,Less than a Lover,JENNIE,"KR,VN",8
3g0Dwgd36QRmPecFIoubg4,Đại Minh Tinh,Văn Mai Hương,VN,8
4FT18tLTmf3QNBzG5r6OTj,Mười Năm (Lộn Xộn 3),Đen,VN,8
0OB5hTu7ELKeVoD6JVRo6m,Thiên Mệnh,Quân A.P,VN,8
4fBZ8DOoxcZeEl7GyQdnUF,Chậm Lại,Vũ.,VN,8
2X2mIfNW5ZtLmVgpm9rgUX,Show Me Love,RPT MCK,VN,8
3i6VNcn9dFpU1K2ZaMFHTC,Đừng để nước mắt rơi,VSTRA,VN,8
3pgwxYRPbYIC6C1J2FPge8,Diễn viên tồi,Đen,VN,8
7AMGgAPFczs3wJgMqu6Eqi,Matsuri,Fujii Kaze,"KR,VN",8
5BL9QQTJNIuME3RE9Tgv3W,Chơi Vơi,K-ICM,VN,8
38MI5LpTajiO3A0DQGcCmu,Suit & Tie,RPT MCK,VN,8
37kfF2bDr3O2qmOYNTgDMT,11:11,MiiNa,VN,8
1JNKTIfq09N0nBw0U8ULsl,Ngày Em Đẹp Nhất,Nguyen Nhat Tu (Ntu),VN,8
250ZdIxcSXqXW4wC78bGX0,thế giới có nơi nào cho em,Sweet Liquor,VN,8
46V2ciN6F5bxjQWityNhkY,Moonwalkin',LNGSHOT,"KR,VN",8
4wYju2Z68SMqpBeJOkdS8a,Người Yêu Không Đá,CHOCO,VN,8
0YJ3fxavN7Sms9TlNxWUhf,BUỒN không thể BUÔNG (Piano Version),Miina,VN,8
2V4Fx72svQRxrFvNT1eq5f,THE BADDEST,K/DA,"US,VN",8
11VApNQCWLJdzxWrlmwzUa,Say So,Doja Cat,"US,VN",8
6cVohsG3hJgnctUZ1eLJFH,Đường Tôi Chở Em Về (Cukak Remix),buitruonglinh,VN,8
6lhrQC5IvCv4ICCGs9IZfo,Chàng Trai Sơ Mi Hồng,Hoàng Duyên,VN,8
5juiUHT5HSYUexbmPIVeOV,"xuân, hạ, thu, đông rồi lại xuân",AMEE,VN,8
3NMrVbIVWT3fPXBj0rNDKG,The Tortured Poets Department,Taylor Swift,"KR,US,VN",8
75NgcOsgURBLTPpRzAsxp0,Tháng 4 Là Lời Nói Dối Của Em - Live Version,Hà Anh Tuấn,VN,8
3i9UVldZOE0aD0JnyfAZZ0,Lover (Remix),Taylor Swift,"US,VN",8
0KU7sp0ABZQrJFWEeXagMO,OMG What's Happening,Ava Max,VN,8
4RhH1PzdkkFAZiWK3wpoVC,Cố Thức Đến Mùa Cây Thay Lá,Thái Đinh,VN,8
3z06k8YF9CqX0CGFrlekOK,everything sucks,vaultboy,VN,8
0rTV5WefWd1J3OwIheTzxM,Talk,Khalid,"US,VN",8
3ajU531gR5fW71wqsw4tFX,i wonder...,j-hope,"KR,VN",8
1appZ3c336FkPvCuywfmrs,CANCELLED!,Taylor Swift,"US,VN",8
1hJIbOjWpid6LtnozHmzRS,Diamonds,Sam Smith,"US,VN",8
5ylJtmaWPJ33cW3En7WOu0,Wood,Taylor Swift,"KR,US,VN",8
2x3mwb96B6TquRqMtbxUE1,Actually Romantic,Taylor Swift,"US,VN",8
62V2ZHslgQV98gH4AuVXnr,Ruin The Friendship,Taylor Swift,"US,VN",8
7zFBtYAVURF3bUVqEQ6UUu,ICY,ITZY,VN,8
5rurggqwwudn9clMdcchxT,"Calling (Spider-Man: Across the Spider-Verse) (Metro Boomin & Swae Lee, NAV, feat. A Boogie Wit da Hoodie)",Metro Boomin,"KR,US,VN",8
70cMlm2Ib00pnJHtjMem9b,Những Con Đường Song Song,Chillies,VN,8
2WyRfGeHo97VC5mP1BBSzr,Mother's Daughter,Miley Cyrus,"US,VN",8
4qmFC3Jz5aQ0erlk2OSi2X,Honey,Taylor Swift,"US,VN",8
5i2JGF65pHKSfMEjSMrBC3,Jesus In LA,Alec Benjamin,VN,8
2Eeur20xVqfUoM3Q7EFPFt,the last great american dynasty,Taylor Swift,"US,VN",8
2v1ivOOsgn64g5OywuH55L,The Smallest Man Who Ever Lived,Taylor Swift,"KR,US,VN",8
0z8hI3OPS8ADPWtoCjjLl6,Summer of Love (Shawn Mendes & Tainy),Shawn Mendes,"KR,US,VN",8
2UE9XGbAzicJIyo4bB6sqM,MAESTRO,SEVENTEEN,"KR,VN",8
73ipE4lfZ53pvBbJPXkiEK,seoul (prod. HONNE),RM,VN,8
3y3brCCecHC3Db18aIOnny,"Carry On (from the Original Motion Picture ""POKÉMON Detective Pikachu"")",Kygo,"US,VN",8
37DVuXUPIFPsYBmr6hBoxA,FLOWER ROAD,BIGBANG,VN,8
6xZ4Q2k2ompmDppyeESIY8,Level of Concern,Twenty One Pilots,"US,VN",8
6qVqWJxIpsabUKBILG7d6N,Welcome To MY World,aespa,"KR,VN",8
5600nq7TiBraBX2jobyJ3l,"Swan Song (From the Motion Picture ""Alita: Battle Angel"")",Dua Lipa,"US,VN",8
4eVkn18rN4GguUWOsR6Use,Answer : Love Myself,BTS,"KR,VN",8
2CYVETnhM9aytqrazYYwrK,Mr. Perfectly Fine (Taylor’s Version) (From The Vault),Taylor Swift,"KR,US,VN",8
55sgQENF3LY1sUcJUwasLl,Don’t Go,Skrillex,"KR,US,VN",8
2hloaUoRonYssMuqLCBLTX,bloodline,Ariana Grande,"US,VN",8
1DhRbox3xkceP64k3JeYfW,Antisocial,Ed Sheeran,"US,VN",8
4PkIDTPGedm0enzdvilLNd,Sixteen,Ellie Goulding,"US,VN",8
4B6cJ34Mkfiu4Xo8t8QU7F,Love poem,IU,"KR,VN",8
5itOtNx0WxtJmi1TQ3RuRd,Giant,Calvin Harris,"US,VN",8
3zIG0WuI5RoJsFYnErkFDU,Don't Leave Me,BTS,VN,8
5kI4eCXXzyuIUXjQra0Cxi,betty,Taylor Swift,"US,VN",8
1N7YeVU0ZwAFbOhwM61ef6,Head Above Water,Avril Lavigne,"US,VN",8
0Dy6DBLa5BHJJJBsYF43ga,Thu Cuối,Mr T,VN,8
5N4erncE7kuUccm7zEmwzk,Electricity,Silk City,"US,VN",8
5yNEdBlZMxpcVtGKz5NFk5,Side Effects,The Chainsmokers,"US,VN",8
6KgtcmCF9Ky68XC7ezxl3s,Rumors,Lizzo,"KR,US,VN",8
34ODRRWSsRbiB6sGI9R9Te,Badadu,MONSTAR,VN,8
01ZaDDio5yopDcpBU8DtCQ,Tinh Nhan Oi,Châu Đăng Khoa,VN,8
3Xwgu3mh0CF9x52voRR3IZ,24h,LyLy,VN,8
4D5Ode2OfZMxIwQyvmhUe8,Lil’ Touch,Girls' Generation-Oh!GG,VN,8
381g0b6QZxC13SzA2HRMIc,Power Up,Red Velvet,VN,8
6WkJ2OK163XXS2oARUC9JM,Dancin,Aaron Smith,VN,8
0DhkTGjEaIHaSxTfC14BFm,Lullaby,R3HAB,VN,8
7krbSH3rd8lhIZvuzTV3Bl,Naked,James Arthur,"US,VN",8
1CzLHMPSAQS7zAms8O6bYt,Drama Queen,Bích Phương,VN,8
7EQpvVujgytLVY8vKiDHAg,bad idea,Ariana Grande,"US,VN",8
1OqDvYVDhJyFZny7XlfIyZ,Let Go,BTS,"KR,VN",8
4nrDn3HEdKn524GrOSAll8,Charlie Be Quiet!,Charlie Puth,"KR,VN",8
5Z4aqpT39KpY8gbHoJWdou,Egotistic,MAMAMOO,VN,8
1mpD5Q8IM32I4bF6eCpU74,Up All Night,Khalid,"US,VN",8
7AWtaOSb7cgi16wJr3mkuf,REALLY - KR Ver.,BLACKPINK,VN,8
7hvxMYq9JW5W0vFwiu1Zdr,Dreamer,Axwell /\ Ingrosso,VN,8
1NbGcdgwRHZ5rbPIT9hdR3,Dance To This,Troye Sivan,"US,VN",8
54l9GJGQ1UCFKe2tzt1Vxt,Only You,Cheat Codes,"US,VN",8
7gvRJf1JjS4LfE75txsDSc,Em Ve Tinh Khoi,Lê Hiếu,VN,8
7j4OmvkjRz0PrjFADlHfQx,Set Fire to the Rain,Adele,"US,VN",8
1WVaTeWNuu3IWrfNo2lhls,Buồn Của Anh,K-ICM,VN,8
083Qf6hn6sFL6xiOHlZUyn,I'll Be There,Jess Glynne,"US,VN",8
5Xn4IyTtW6FUGIUyWjbUHG,Goodbye,Jason Derulo,"US,VN",8
25NG1nTtbmG38qlASoHZP3,Anh Đang Nơi Đâu,Miu Lê,VN,8
0939D7aT18uBDS2MTjWzct,Higher Power,Coldplay,"KR,US,VN",8
2QpGZOhTCHHiKmpSO9FW4h,Follow God,Kanye West,"US,VN",8
3wFLWP0FcIqHK1wb1CPthQ,fake smile,Ariana Grande,"US,VN",8
0wfwhnAYNXg104UAqqZCO5,Tâm Sự Với Người Lạ,Tiên Cookie,VN,8
18W92Zm1KjLCbUIszOhpkD,I Wanna Know,NOTD,"US,VN",8
3t4KHjd8uQpJJ2fa0fRIpR,High,The Chainsmokers,"KR,US,VN",8
18XlJEroUwFo0tLZxscgXE,Lost,Maroon 5,"KR,US,VN",8
3soOPBuMK8YMdWnV7xpEyf,Mad Love,Sean Paul,"US,VN",8
72TyiiduRmczEbDIEtKQdR,Wasted Times,The Weeknd,"US,VN",8
5Gd19NupVe5X8bAqxf9Iaz,Gorgeous,Taylor Swift,"US,VN",8
70khXICDeTTxgYtw3EysKH,sweetener,Ariana Grande,"US,VN",8
0Y4hwUppbGc8aIBmiTz30A,Familiar,Liam Payne,"US,VN",8
6dPyzkyZwoj9LqjQXOFdVv,Press,Cardi B,"US,VN",8
2OvV4NjEBRE9v8Oo7QeUCq,Jump,Julia Michaels,"US,VN",8
7HC3sppue0re7HPfo5zscF,You Make Me,Avicii,"US,VN",8
739vCwA3EpBSkk3uDsI2wB,Lemon - Drake Remix,N.E.R.D,"US,VN",8
447yWcDPg1ddgcHBLGpJC0,Better Not,Louis The Child,"US,VN",8
0mel2N9Ws9r4yLQn5QE21Y,Too Good At Goodbyes - Edit,Sam Smith,US,8
5RePVWy39tLpHH0WwXgBsK,Rah Tah Tah,"Tyler, The Creator","KR,US",8
3DK90400cDlV5WUJPraMph,Ran To Atlanta,Drake,"KR,US",8
5gOfC9UzZQzTyShqPMrpjT,wacced out murals,Kendrick Lamar,"KR,US",8
3xwMjQriBVW0OGEvNKo9c0,Been By Now,Morgan Wallen,US,8
5L3ecxQnQ9qTBmnLQiwf0C,K-POP,Travis Scott,"KR,US",8
6fPan2saHdFaIHuTSatORv,L’AMOUR DE MA VIE,Billie Eilish,"KR,US",8
2aYHxnMF2umAavtgBvmkY1,Thought I Was Dead,"Tyler, The Creator",US,8
3iPIDAFybaoyqX7hvAfWkl,Sharpest Tool,Sabrina Carpenter,US,8
04CyMEHliadfQWMUJb1w99,BURN,¥$,"KR,US",8
2UciqgwVDwro0fev3MFbxJ,ATM,J. Cole,US,8
5WEF0icHWmAZBBMglBd599,WELTiTA,Bad Bunny,US,8
6rlU0kRQNjMZ7t5I92yCIi,Dashboard,Noah Kahan,US,8
1AT4xjNarTswd0UZ5FlmKF,Motiv8,J. Cole,US,8
4j6kId9QIqhoXvqHKgSKa0,Grapejuice,Harry Styles,"KR,US",8
7cfvP13Bqb1EyCZQiYsLum,Can’t Take A Joke,Drake,US,8
6eT2V7nKXyMf47TwPbtgAD,Seek & Destroy,SZA,"KR,US",8
6OfOzTitafSnsaunQLuNFw,DOGTOOTH,"Tyler, The Creator","KR,US",8
3ouNEk0tv5TTi8VWMe1xbX,Animal,KATSEYE,"KR,US",8
4MUrUT38U98olfnyzMBCzm,KLOuFRENS,Bad Bunny,US,8
6pheMGrfMwwnypqafU7d4k,Run Rudolph Run - Spotify Singles Holiday,Mark Ambor,US,8
2E7a96qey4AzSOdK6H21vS,Scorsese Baby Daddy,SZA,US,8
4qWCFTuNnmGNdY4egtb4ZY,Otherside,Post Malone,US,8
7HDq8aEtkBeZq7gfzYjW28,Tweaker,GELO,US,8
7eGuPhpdS8sBjPJNuAShUX,What Is This Feeling?,Ariana Grande,US,8
1lTqq0aC6r2bXLviQ3oaVt,Ring Ring Ring,"Tyler, The Creator","KR,US",8
2LTlO3NuNVN70lp2ZbVswF,FEEL.,Kendrick Lamar,US,8
0Ymjv0OJeIIPXr6s9wi3iW,MATHEMATICAL DISRESPECT,Lil Mabu,US,8
3tYTyAt1q6BFBiGyYVOLhi,Silent Hill,Kendrick Lamar,"KR,US",8
4sx6NRwL6Ol3V6m9exwGlQ,Love Again,The Kid LAROI,"KR,US",8
7wcyO1rrH3Ru4t659IjG41,Crushed Up,Future,US,8
2XUx8PCXGpP1XhZJMGiUol,Chest Pain (I Love),Malcolm Todd,US,8
03auLpFLdCv4HozP4pQseu,ATM,Don Toliver,US,8
1QoG0Yqz1onMsdbOibZVke,Titanic,Juice WRLD,US,8
0JoWBcL61YWLXM5vW0YTHO,Bad Energy,Juice WRLD,US,8
3oZ6dlSfCE9gZ55MGPJctc,’98 Braves,Morgan Wallen,US,8
20MuVazoNMv6xjKPnRFOxG,WAKE UP,Travis Scott,US,8
54zcJnb3tp9c5OVKREZ1Is,MI EX TENÍA RAZÓN,KAROL G,US,8
4RVbK6cV0VqWdpCDcx3hiT,Reborn,KIDS SEE GHOSTS,US,8
47Xj8eIAp7hYOOqArmkqZE,Spin You Around (1/24),Morgan Wallen,US,8
1U90UBmMrQTx9GNweUA4LZ,Hit the Wall,Gracie Abrams,US,8
7y6c07pgjZvtHI9kuMVqk1,Get It Together,Drake,US,8
3WRIaWsws011vHMd9uzPjG,First Off,Future,US,8
11Z7sdkpC5IaaydoIvDn74,"Caroling, Caroling",Nat King Cole,US,8
46YjJXVXWHlQ21odKktg5e,MOJABI GHOST,Tainy,US,8
4ZYAU4A2YBtlNdqOUtc7T2,Red Ruby Da Sleeze,Nicki Minaj,US,8
4oPLjuY1WgGTL0Ja1doDOn,Magic Johnson,ian,US,8
5p3NP9mQblDsVJLdfNZJ3I,GOD.,Kendrick Lamar,US,8
7x9nXsowok1JszkVztI5NI,Writing on the Wall,French Montana,US,8
4paAidoE8VAemwU4jgCc6l,all my friends,21 Savage,US,8
0QCIpQV3twfqo9kh0t8Zza,Shake It To The Max (FLY) - Remix,MOLIY,US,8
5JiU3gLHz9AvUnrhXgOmos,Risk,Gracie Abrams,US,8
4nyF5lmSziBAt7ESAUjpbx,"I miss you, I’m sorry",Gracie Abrams,US,8
2AlYncTpVHKwHb55F9lF6O,Deep End Freestyle,Sleepy Hallow,US,8
36J0iaPDGbYGsHvYpaYs3k,Down Bad,Dreamville,US,8
779jpZikRmH99DiSVpwCHD,soak city (do it),310babii,US,8
35sZOqVnTQNIGWGURrFdLh,Dreamin,PARTYNEXTDOOR,US,8
51ChrwmUPDJvedPQnIU8Ls,Dive,Ed Sheeran,US,8
4NoOME4Dhf4xgxbHDT7VGe,X SI VOLVEMOS,KAROL G,US,8
4loIMejzvt11s97SGVEat8,Poco A Poco,Xavi,US,8
3GdWfmQBiiJrDUvSZS1bGv,Never Sleep,NAV,US,8
7zFio8WT0tTBqLs1pXYKqy,We Hug Now,Sydney Rose,US,8
5TTGoX70AFrTvuEtqHK37S,No. 1 Party Anthem,Arctic Monkeys,US,8
4d4ZXH4dr5bYfgErHiZCX2,Dos Mil 16,Bad Bunny,US,8
7ByxizhA4GgEf7Sxomxhze,All My Love,Noah Kahan,US,8
1gZFRYcPz3wKevEaNYRwfW,Time,NF,US,8
0HPD5WQqrq7wPWR7P7Dw1i,TiK ToK,Kesha,US,8
0PB0O24JqAuNdOAFVJljMS,Coco Chanel,Eladio Carrion,US,8
6tHVEMyRfxGgQuXRzl2yOF,I've Seen It,Olivia Dean,US,8
1orjH4IkSH9VrWmRCToKV8,Shotta Flow 5,NLE Choppa,US,8
3JYxIozjRsvEmHrIvfFhud,Street Runner,Rod Wave,US,8
71BWZa1liIRyUiuJ3MB66o,I Know You,Faye Webster,US,8
4zbr7Cp3UB00FurUovPU03,Matt Hardy 999,Trippie Redd,US,8
1BkY0N8ChFk2mdLbAUu8ZK,Pass The Dutchie,Musical Youth,US,8
23OYT3SFtoJqhiAUqktbc1,No Return,Polo G,US,8
45f6FcdWcuBGB4GvFuwr9f,Ayúdame,LOS DOS DE TAMAULIPAS,US,8
4w47S36wQGBhGg073q3nt7,TKN,ROSALÍA,US,8
6fMzgFFGzWCwiHMzDzNpp5,Lets Link,WhoHeem,US,8
10hMM5nsZQf66ldBlgWBfG,All For Us - from the HBO Original Series Euphoria,Labrinth,US,8
6Jkm5kUldvIqxzI1Pa7nXH,10 Things I Hate About You,Leah Kate,"KR,US",8
0JjM9bKm4wrwohMslcm892,Still Be Friends,G-Eazy,US,8
6PaWZ0PIMxx15YBgCohvXY,Gilded Lily,Cults,US,8
67G6iaOw8DZqp1z8STR89R,WHOLE LOTTA MONEY,BIA,US,8
1zsPaEkglFvxjAhrM8yhpr,Hey Mor,Ozuna,US,8
6cPyTS0Kk2sc4xQwC93kOg,Break Up Every Night,The Chainsmokers,US,8
2bPI4TKM4oTxl2SijUXM2J,AHHH HA,Lil Durk,US,8
6DB2KOEwHnjkgEnBt5SdeJ,Mask Off - Remix,Future,US,8
1brnLTvarI9D1hLP6z2Ar8,Thank God,Kane Brown,US,8
7e89621JPkKaeDSTQ3avtg,Sweet Home Alabama,Lynyrd Skynyrd,US,8
3ITvHA9zhZZdBJsOsAUegF,Amorfoda,Bad Bunny,US,8
6PfI6EeLNiNGVAVg11nv7D,Speed It Up,Gunna,US,8
4ZJPwET9Jrgpkqi4Vo3Yg8,Bad Bitch,Bebe Rexha,US,8
4X25mFLehFnxa1TwtLKcE2,All Of You,Stephanie Beatriz,US,8
3ihIZrJreMJPjQdNLrEXnP,In A Minute,Lil Baby,US,8
3TTMUI5dFcbeNSDTTDY9M8,Come Thru,Summer Walker,US,8
7uLFOXgLrS90tEYPO1DGXy,Man in the Mirror,A Boogie Wit da Hoodie,US,8
3whrwq4DtvucphBPUogRuJ,Havana - Remix,Camila Cabello,US,8
2ijef6ni2amuunRoKTlgww,Sin Pijama,Becky G,US,8
4svaKoxMMP7ImmKrD5hfQu,Victoria’s Secret,Jax,"KR,US",8
6mADjHs6FXdroPzEGW6KVJ,bloody valentine,mgk,US,8
1z7LV5wkExwW8YJk0IrPUA,Jumpin,NLE Choppa,US,8
0oufSLnKQDoBFX5mgkDCgR,Trust,Brent Faiyaz,US,8
67dyMPOUsbZ9Yg06PnfAAh,Draco,Future,US,8
0LEFmgIj8ABU7CelzGh5Bs,Oprah's Bank Account (Lil Yachty & DaBaby feat. Drake),Lil Yachty,US,8
0Gl5s8IhMmQE5YQwM8Qx1J,Never Enough,Loren Allred,US,8
0RoA7ObU6phWpqhlC9zH4Z,A Million Dreams,Ziv Zaifman,US,8
5hChuUMe5iHfjkXgzj1D4b,Track Star,Mooski,US,8
27oFpFktCq9JIXjJQRuv7a,GOTTI,6ix9ine,US,8
0chpIFSjgfd1CPrAxM7PWp,No Rest,Lil Skies,US,8
4DyBx5MYoq8RsU33cEAIxT,Twerk,City Girls,US,8
64EA2RKyciBwCuVczLH6Ct,masquerade,siouxxie sixxsta,US,8
51Grh1RyUDcMBbpuyUIUHI,rises the moon,Liana Flores,US,8
09TZsMHXEtQkdmMJZPLKup,Up The Smoke,Stunna 4 Vegas,US,8
3AMnOVxEHUgVrythGgqPhI,Say A',A Boogie Wit da Hoodie,US,8
5Cg98kiDYtCEHmjcKD0CJD,I Know You,Lil Skies,US,8
6j97zG4DDrh3oUa6rZbFOs,FeRRis WhEEL,Tory Lanez,US,8
6pDVjCUA3B1vg9waKutAsv,Attention,The Weeknd,US,8
4lUsBLTAiufWocWtg4H0my,J.,Ivan Cornejo,US,8
15hJmqqEtASVXl6sM7i4UF,trademark usa,Baby Keem,US,8
2v5JTeM6hSmi5wWy7jiwrI,I've Been Waiting (w/ ILoveMakonnen & Fall Out Boy),Lil Peep,US,8
2ZdCrBA52bb4pIG3tOOZiQ,Dark Queen,Lil Uzi Vert,US,8
4dV3okcjbQwTcg4ObIGr4N,Bitchuary,Shordie Shordie,US,8
3NxFTRr0692mbC5hD0nEZD,Onna Come Up,Lil Eazzyy,US,8
6vC90OOjZR165Hw8CpsqEm,Pretty Heart,Parker McCollum,US,8
2nUJvBO87SkxCViQsLc9Zr,Man's Not Hot,Big Shaq,US,8
15P8pXXsPIP0t2gsj33LFh,Team,Iggy Azalea,US,8
66WPXyhXqMlkM1kZhyEXWK,Christmas (Baby Please Come Home),Michael Bublé,US,8
5AnSllIrgGsCZzZJkVnApx,Eyes On You,Chase Rice,US,8
0AAyo5bMIVgVxv9DF6XV2B,Keep The Family Close,Drake,US,8
0P7HlSwSY8mJCWIk4yunb0,Weston Road Flows,Drake,US,8
0I1eFRytp4XRhLCjT6tZm7,I Can't Handle Change,Roar,US,8
4lozYCMRLtEc46exlhoK2Q,I'm so Groovy,Future,US,8
4gqMQftUs22F8pOGVn5Acr,Reminding Me,Shawn Hook,US,8
5hfpu8saHLGedbHRtNCYjm,Trap Paris,mgk,US,8
3mIf8Zk2cy7ITwvvNkC0l2,Been You,Justin Bieber,US,8
6Za3190Sbw39BBC77WSS1C,Criminal,NATTI NATASHA,US,8
4cqLCCMzG6GQ9Bch2PBzFp,The Christmas Song (Merry Christmas To You) - Remastered 1999,Nat King Cole,US,8
1a5Yu5L18qNxVhXx38njON,Hear Me Now,Alok,US,8
5bldrrpdHrTeaWNT1Kp5xs,What Do You Mean? - Acoustic,Justin Bieber,US,8
6ifUES3keWjwXgae8pXI3o,Me Rehúso,Danny Ocean,US,8
5C6uh95eAL0RBTSGXKQwvk,Hometown Girl,Josh Turner,US,8
4c0rkFPszqQTyC753tsCMU,My Boo - Hitman's Club Mix,Ghost Town DJs,US,8
2s76aKBWKShlwPC4xTtEEE,Wake Up Where You Are,State of Sound,US,8
4AMnUGvZUVJgDuY7rOPzUZ,Get Used To It,Justin Bieber,US,8
1HOUzEsetdIPSpAgRPhZQt,Nobody Else But You,Trey Songz,US,8
66UVpCZ5aH3VV3Ic3PBUrP,Shameless,The Weeknd,US,8
3px2rAPu74ltbkf9eZsZ8h,Emperor's New Clothes,Panic! At The Disco,US,8
6Zmu6xxHXVYccyNKxHvZCD,Star67,Drake,US,8
6y5N4LZdBP90Wg5hOLyuTn,Now & Forever,Drake,US,8
2Gxna051PLTjjQVWTOP67D,Consideration,Rihanna,US,8
5jangMgDgpE6CdtpqYBdDl,Madonna,Drake,US,8
2SbxV7nqgjIwgyibuUl9w3,Nothing Is Promised,Mike WiLL Made-It,US,8
1mzGywacjpeik00PVLBPpF,All of Me (Tiësto's Birthday Treatment Remix),John Legend,US,8
70mIuBKGTPrWMwWq9D4F56,Wavy,Ty Dolla $ign,US,8
7IAa7vUJ11STN7le8XaxsH,WTF (Where They From),Missy Elliott,US,8
2xLOMHjkOK8nzxJ4r6yOKR,Birthday,Katy Perry,US,8
3cpOqFZ30z5cUJUC9MYaar,Start A Riot,BANNERS,US,8
0w3Q3VFdrYzo24QUIGnBNy,679,Fetty Wap,US,8
7GMeRGZax4uDKgz6wALWQw,It Was Always You,Maroon 5,US,8
6oP02i1hRc3Qp9bd36Ya3Z,Red Lights,Tiësto,US,8
2gcWBtz13XcrxtKuPSICsh,Lord Pretty Flacko Jodye 2 (LPFJ2),A$AP Rocky,US,8
6wMeMFLaD4NCxXzkXgkuM1,Wrapped Up,Olly Murs,US,8
70yhaHLp9STtzI2Kzba6Tr,Best Mistake,Ariana Grande,US,8
7tsG3IBp4P3plOD5FaHNyn,Hold You Down,DJ Khaled,US,8
6pIZ0u32c2Lku8PmCWtnMy,King,Olly Alexander (Years & Years),US,8
085lgcfCstjd3AjWDAt2OX,Games,Luke Bryan,US,8
3U1TuSqHIubBA10cVP7Sk6,I Think I'm In Love,Kat Dahlia,US,8
7ehH993HyaSs8LjIsOpbGA,#icanteven,The Neighbourhood,US,8
5HOpkTTVcmZHnthgyxrIL8,The Fox (What Does The Fox Say?),Ylvis,US,8
7qFizcYCJj2NLTO9pPk9Lc,Beware,Big Sean,US,8
60jI0JgMLLj1VggHJVhtRs,Glory And Gore,Lorde,US,8
4yOn1TEcfsKHUJCL2h1r8I,Feel This Moment,Pitbull,US,8
51QEyJI5M7uyd8DOh9tqQY,Buzzcut Season,Lorde,US,8
2ULNeSomDxVNmdDy8VxEBU,22,Taylor Swift,US,8
2i6R62KnH4EfYlSSrW2AbF,You And Your Friends,Wiz Khalifa,US,8
6cRqxXoY6esNiFaOnl4EiC,Or Nah,Ty Dolla $ign,US,8
12tUCBq7V9qCF8qGOLpcnu,Love Somebody,Maroon 5,US,8
0HZWWaKieQ9ZETkTEUVTH2,Golden,Travie McCoy,US,8
3oZoXyU0SkDldgS7AcN4y4,Get Low,Dillon Francis,US,8
7vlPI45Zzzk0palLdKry4k,The Matrimony,Wale,US,8
70RQYCjVacuJgeYAmU2sXd,Vitamin ME,fromis_9,KR,8
2D5IrHXQhnltOsi0gE9YqV,Please Summer!,BOL4,KR,8
0FOReGSXypVBP1q3CLEbfN,SSAK (Feat. Loco) (Prod. By GRAY),OXYNOVA,KR,8
63JNA2B4qHmoedZCthpo0e,"ON to the next (Prod. by Crush, ZICO)",HAON,KR,8
0XqgE9UN4MCo5ooIwUYm7l,MONTAGEM HIKARI,BellyJay,KR,8
3Fse9qXqMNey4TL5mLy8IF,KISS N TELL,aespa,KR,8
5yfhzEct1ulyU6g5oVRraj,KNOW ABOUT ME,NMIXX,KR,8
1rVPj9cryjgB7MdaU6sqN3,Bom Bom Bom,Roy Kim,KR,8
5aVJRrcywxt8dtjkgihKsF,BBUU!,PLAVE,KR,8
3aB6czyTVQavHa1fz1x3HZ,Attraction,BUMKEY,KR,8
4jQDaI7FRGaDB0llURpnNf,HER,Block B,KR,8
4irSoWVMefjnL4ZjmmM25t,1999,Mark Lee,KR,8
2GquhrcHbl2zOnF5javAFp,Swan Song,LE SSERAFIM,KR,8
0UELBkb2esbSdwcVYfsRIm,青い珊瑚礁,Seiko Matsuda,KR,8
1c6kkrWnpy68eYDfBdxNtF,Shopper,IU,KR,8
5IFuZw0mqTVZn1xWzfYqbb,old song,Standing Egg,KR,8
5OehhztxLfJeCxUMbFfPy6,Broken Melodies,NCT DREAM,KR,8
0zqGsExr8GxWqoaYaa78xU,"Boys Like Girls (Feat. Gist, Jayci yucca)",Leellamarz,KR,8
43Pmqpiw4zFY77pT5QdxQ8,ISTJ,NCT DREAM,KR,8
4Fh1CzvLHIUn26tjbZZ1mR,カナタハルカ,RADWIMPS,KR,8
2sZEjTi51vnlwpmIAKdwgX,Somebody,D.O.,KR,8
4QL7JQXCrWoCGsRKnGkga1,Think About You,PATEKO,KR,8
5pN2AyWwjzwRoI7gukEVNd,さよーならまたいつか！- Sayonara,Kenshi Yonezu,KR,8
0pHylQR53epYtRcVIhUSCh,I Love My Body,HWASA,KR,8
5EBtIi8j2ARUCwxzB5gc82,Run Run,ECLIPSE,KR,8
3rmqiQbzPDx7A8p88IRFKg,Love U Like That,Lauv,KR,8
1amowbJ9HHFFSFdg2ubM7G,The Reasons of My Smiles,BSS,KR,8
0UXLLeFAFbo5JbSR9C4STe,Dear My Light,DAWN 던,KR,8
3IelG5zYpWWCZIH4cqWlPV,SHOOTING STAR,XG,KR,8
6hLDLjfNsCOs5Z7rCBnmqL,MMM,YOUNGTAK,KR,8
1pzMTqvKABFaYYde4coFSg,SUN GOES DOWN (Prod. R.Tee),저스디스 (JUSTHIS),KR,8
5oD7cKg3DRl2HFuybvVsI5,"Reset (Feat. Gaeko, Kid Milli) (Prod. CODE KUNST)",SINCE,KR,8
2xms6U7ngGDBYJ4RnRTPyz,스토커 Stalker,10CM,KR,8
7b4E6eJJwIKHZJvRqSHEXI,Only You,JSDK,KR,8
4Cgct9Vlype9cYZFW2wSnk,"Hey kid, Close your eyes",AKMU,KR,8
4YnVz2QRU6OnoJ8lt23QHM,Empty Cup,IU,KR,8
7nJc2Oxfn7xRX3eF4hltyl,Red Lipstick,LEEHI,KR,8
7uzmxEjFEAiadiCCXa0bhi,Good Night (Feat. BE'O),Coogie,KR,8
4D3Wo2n0MuTT0DL0zKFGFI,There For You,Kim Na Young,KR,8
0BBUGRUURDjwcXmDS3kQkN,Atlantis,SHINee,KR,8
2odm919sRfQIhH2na8YSKK,"Black Heart (Feat. leellamarz, BE′O)",TOIL,KR,8
1m8b3KFsAiGyjRc90ZfEB9,Run With Me 도망가자,sunwoojunga,KR,8
64EDGnUytmCV7TfOo67810,90's Love,NCT U,KR,8
5of3YtjEvlZdehqSyoutLA,Brand (Feat. Layone),BE'O,KR,8
2JZH5Rwp2WCAWzm3hXYzQf,SSD,W/N,VN,7
1PT8hWQvl2gRO1JhDcSUqN,Come back to me,RM,"KR,VN",7
1MQoZHbCAoL24LRCqLMnS9,Anh Tên Là,Anh Bằng,VN,7
4hdOYl6xm8ry6hZzn9pBqw,QUA TỪNG KHUNG HÌNH,RAP VIỆT,VN,7
703nPWb6qOClgjJljvUx7Y,ĐOẠN KỊCH CÂM,"ANH TRAI ""SAY HI""",VN,7
1mtmvJjTchdqDCoJbFv1Op,Tuyển Bạn Gái,OgeNus,VN,7
5WnIOTDM79zK6jwHVRL7bM,QUẢ CHÍN QUÁ,"EM XINH ""SAY HI""",VN,7
5dEzjwYpSq7LtHOGYU9iah,ĐÃ XINH LẠI CÒN THÔNG MINH,"EM XINH ""SAY HI""",VN,7
5aDTawTXK6FJjXTUsR03n2,DẪU CÓ ĐẾN ĐÂU,"ANH TRAI ""SAY HI""",VN,7
1pwyiEOvhXLvlpzTZcgfhe,CHÀNG KHỜ THUỶ CUNG,"ANH TRAI ""SAY HI""",VN,7
4sUO0zmF9LZL1XNe1LjHvV,không lời,Thiều Bảo Trâm,VN,7
0AdC9Nk4qMUQjqjvkdReUf,wrong times (interlude),Dangrangto,VN,7
2KadxdRVKWJy3ahMnlClhq,' CHẲNG CẦN BÌNH YÊN |,Hà An Huy,VN,7
64uzIqhEOq1veSVO03Ux7D,một bài hát không vui mấy,T.R.I,VN,7
2YXswOX5aKv6OHRKUcAMLQ,All Eyes On Me,JISOO,"KR,VN",7
78qgfGQXLCxLcJRShFeAyk,Mở Lòng Vì Ai - Thazh x Đông Remix,Inso,VN,7
3qllaNK66kKxX123f0eKpj,Mùa Mưa Ấy,Vũ.,VN,7
1sczjXEYHpbpCsaA25ZzPv,intentions,starfall,VN,7
1Ipu7wzbc2qM7muqszyiZD,Tâm sự,Solmee,VN,7
5OrpSDeWfWr33q0a5Ydfhr,MẸ YÊU CON,Cường Seven,VN,7
0dAAZHmjRcE3yEjeBZQvCg,Một Công Đôi Việc,RAP VIỆT,VN,7
5y4WmuvFX1t3NdSId0MFOh,Yeah Yeah Yeah,BLACKPINK,"KR,US,VN",7
6SdPpLl72QarBuaxv7FNGw,Sống Cho Hết Đời Thanh Xuân 4,RAP VIỆT,VN,7
2fDFssQASymjUb2B3XYdpf,ĐỀU LÀ CỦA EM,"ANH TRAI ""SAY HI""",VN,7
4g34IscInBSNfzaaaEqfZN,Đừng Vì Anh Mà Khóc,Quang Hùng MasterD,VN,7
7len778YJVqS6VHtUZ9SrG,Take It Easy,RAP VIỆT,VN,7
1Rl6XZjjYq7zBJGALyGTZH,YOU,"ANH TRAI ""SAY HI""",VN,7
2fZ2YiLZWcRGugosefLKJH,Vũ Trụ Có Anh,Phương Mỹ Chi,VN,7
2DzFmWhrnRHROJuxW5e1t2,Bao Nhiêu Loài Hoa Remix,KayC,VN,7
2BDE7KducbOuOPY4tlERyJ,Trăng Hoa Mây Mưa,Donald Gold,VN,7
3plyGpDgzfrnZbpElpfioV,No. 29,BTS,"KR,US,VN",7
1kmKeANKIVzsfKtMZ4Ei6Z,Giấc Mơ Của Em - Suy Version,MYLINA,VN,7
3yVR75LhLsVbpqORZscJZx,Trong Sương,RAP VIỆT,VN,7
5Fmtix3LkYpcXI7nVFpEyC,"Quá Khứ Đôi, Hiện Tại Đơn",Đức Phúc,VN,7
6Aq4aOWwYShupneZy71zE4,Tối Nay Ta Đi Đâu Nhờ,RPT MCK,VN,7
3Yfedn84e2VLXSVwmowqEn,There's No One At All (Another Version),Sơn Tùng M-TP,VN,7
1u3aGopt09bxmUDs8c94XY,Một Bước Yêu Vạn Dặm Đau,Mr. Siro,VN,7
3FZPp9lBUvhsxFxKJi3VkB,GO,BLACKPINK,"KR,US,VN",7
7EaPodlfG3tbhshy7MKzTL,Thờ Er,RPT MCK,VN,7
0lPAHloMDJcbdp9m7Xyjr1,Đâu Ai Dám Hứa,Czee,VN,7
3IDAHM41zXzh5PoexQuVhH,BOY,K-ICM,VN,7
2mwVxrwLORLTNznZRZBjK5,Ngôi Sao Cô Đơn,Jack - J97,VN,7
3cuFzsortMGytfYQ71PpUg,Sky Tour Intro,Sơn Tùng M-TP,VN,7
0E4Y1XIbs8GrAT1YqVy6dq,Afterglow,Ed Sheeran,"KR,US,VN",7
08RDjwmSMLc6QPmxrxXDq0,Gặp May,Wren Evans,VN,7
70pVCVMGjmIWPbWXDwf11e,petal,Ariana Grande,"KR,US,VN",7
6HE6jZ7J0T6Rry0lcGTZYv,"Gặp Gỡ, Yêu Đương Và Được Bên Em",Phan Mạnh Quỳnh,VN,7
4z623zW86trE9SxAtIf0Gm,Hôn Anh,MIN,VN,7
2axlAOp86SPuqSBlwLw4WM,101520,RAP VIỆT,VN,7
73SpzrcaHk0RQPFP73vqVR,No Time To Die,Billie Eilish,"US,VN",7
5smh1aMWQLiZUnAaGOTNaQ,Bỏ Em Vào Balo - Lofi,Freak D,VN,7
5LZtB6nxvjIhUoElp3Zqk0,Teach Me How To Love,Shawn Mendes,"US,VN",7
6QBZlIxCB2lAPU2bM1ut1p,Dynamite - Instrumental,BTS,VN,7
2P6PLe4ojigLUp4CWMkcAI,Tonight,Jin,"KR,VN",7
2ZTYlnhhV1UAReg7wIGolx,To Die For,Sam Smith,"US,VN",7
5ajjAnNRh8bxFvaVHzpPjh,Reckless,Madison Beer,"KR,US,VN",7
0l5rDugLBEOGS6L77GPsaT,Matchanah,Híu,VN,7
0gptQQwXDtDYkkgoQl1V9T,Permission to Dance (Instrumental),BTS,"KR,VN",7
0heeNYlwOGuUSe7TgUD27B,Question...?,Taylor Swift,"KR,US,VN",7
1jtrGtWxnZUeKtSN4Xxh1e,Dạ Vũ,Tăng Duy Tân,VN,7
6sCvvleqKbeyOkQDieBYgp,Lift Me Up,Rihanna,"KR,US,VN",7
11lfcenVcwQs5Y4xPgCZ28,Cháu Xin Lỗi Chú,Linh Thộn,VN,7
70sKIAQgaVN2zWEEyOpyMZ,All Night (BTS World Original Soundtrack) [Pt. 3],BTS,VN,7
6oKCYxUCLmB9PlqT4iQ8DP,Đừng Chờ Anh Nữa,Tăng Phúc,VN,7
0HK8DbhsuwSbDQKziQqbQI,Ooh Just You,Lê Thiện Hiếu,VN,7
2bnJ8IxZnVc2YmUaX0sZap,JIKJIN,TREASURE,"KR,VN",7
62HoDY1Km6lm47haFpUn9c,Eldest Daughter,Taylor Swift,"US,VN",7
6uqyE384HDSsuwpoF4mjrL,NDA,Billie Eilish,"KR,US,VN",7
3B4etxytImrRKQgV3XHjnR,Harleys In Hawaii,Katy Perry,"US,VN",7
4z0vfU3JiAsl99ZHL29hMm,Close to You,Jin,"KR,VN",7
4LWi5iOFhtccqLAWmInFXq,This Way,CARA,VN,7
7FmYn9e7KHMXcxqGSj9LjH,Mastermind,Taylor Swift,"KR,US,VN",7
44ADyYoY5liaRa3EOAl4uf,Slide Away,Miley Cyrus,"US,VN",7
22O2Zdfj3jnJZDSzlDMAJp,Heading Home,Alan Walker,VN,7
6RSG1dKPV5gEvILwJb4QtS,loml,Taylor Swift,"KR,US,VN",7
32107DdzIGbVs9Pi54MuRS,Hope Not,BLACKPINK,VN,7
6zAiRKvAMlXHxEtyO4yxIO,Phoenix,League of Legends,VN,7
1dhMTsEZz6ZEquGvmzVoHn,The Alchemy,Taylor Swift,"KR,US,VN",7
43rA71bccXFGD4C8GOpIlN,I Forgot That You Existed,Taylor Swift,"US,VN",7
5ecu1BvimgOepth3Scn0mK,hai triệu năm - Madihu mix,Đen,VN,7
3eZYOQO4UzKrUDYDghtnFw,test drive,Ariana Grande,"KR,US,VN",7
4fwo6czG5nvOQMzhOto1ya,Lonely,Diplo,"US,VN",7
24OeEKPQ8qqNZnPevRHxUT,Red Eye,Justin Bieber,"KR,US,VN",7
56JyMaElW79S7TDWh1Zw1m,On A Roll,Ashley O,"US,VN",7
3sW3oSbzsfecv9XoUdGs7h,Enchanted (Taylor's Version),Taylor Swift,"US,VN",7
76aSCJOsrOgKIxBEftvctX,Cô Gái Bàn Bên,Đen,VN,7
6nzmVDR2jqqIv4WQRFWB0n,Lộn Xộn 2,Đen,VN,7
3MZUXjn9DocImOTY2WS3oy,Người Hát Tình Ca,Uyên Linh,VN,7
2ZIgbaQoDlNoAwIHqLLK34,Vì Em Vẫn,Hari Won,VN,7
3Y7a0typ6ik1KscmebXd6D,No New Friends,Sia,"US,VN",7
06Pvy98db25O7wlfFFFIRM,Bon Bon Chocolat,EVERGLOW,VN,7
5QKR8XXpK6OfFyfVtv3uu2,Leader,Vũ Cát Tường,VN,7
3mmLyEhphJAaW7hyEXAD8l,Some,BOL4,"KR,VN",7
1roCmBlcpV7LzsmB7pmCyt,Let Me Down Slowly,Alec Benjamin,VN,7
6XqvFyJGdUD5IWee02ARKU,Polaroid,Jonas Blue,VN,7
2BNkTvg1kHAAfGvqh56x5a,Getting Over You,Lauv,"US,VN",7
0dsDNSBWvZz4egLxbYZm3r,Xin Lỗi Anh Quá Phiền,Đông Nhi,VN,7
2tdq0CeAGSfhI2l4Gwkvgx,Best Of Me,BTS,"KR,US,VN",7
3pUa0ZxdSeaJXm0EIydD3F,"Would've, Could've, Should've",Taylor Swift,"US,VN",7
2fbJ5Msx8KoDKpyufH5YsU,I'll Never Love Again - Extended Version,Lady Gaga,VN,7
3RKjTYlQrtLXCq5ncswBPp,"Hey, Mickey!",Baby Tate,"US,VN",7
2JWU1WwB4WU7ZjCLw9zp6K,,Thùy Chi,VN,7
44tTqUi3xi7E28QLzHVdUA,Anti-Romantic,TOMORROW X TOGETHER,"KR,VN",7
4e3wYOolOau2A9D7GYqtSG,Where's My Love - Piano Solo,SYML,VN,7
7h0d2h0fUmzbs7zeFigJPn,HIGHEST IN THE ROOM,Travis Scott,"US,VN",7
2hfoyc7ve6xM4ZEiNIiU1B,Gimme Love,Joji,"US,VN",7
1YNQscOx6OqBQjxgJVhEeW,Girls,Rita Ora,"US,VN",7
2SYa5Lx1uoCvyDIW4oee9b,MIC Drop,BTS,VN,7
3DGar7krWlmrXRFHBcQF6z,Whenever,Kris Kross Amsterdam,"US,VN",7
1xy4apMFecGGkgBeaHFZ2M,Chasing Fire,Lauv,"US,VN",7
2ls4PCJK1E9QwyqL33dOlr,Gửi Anh Xa Nhớ (Beat),Bích Phương,VN,7
37rnSr2ZCkzqmoUqGQtn4q,Christmas Tree - Inst.,V,"KR,VN",7
6jreFSOTUAViWjKyzOC4Kg,REMEDY,Alesso,"US,VN",7
69Sy7207dnixZ6w7RSV9Kb,RISE,League of Legends,VN,7
6hHrPwQYGp9kPL7xLZviBS,Universe (Let's Play Ball),NCT U,"KR,VN",7
60CFGgbdZ315nIOuK5nYmM,Water Ripples,Enno Aare,VN,7
4stnC77avygK0unHHsupJ9,Lời Chưa Nói,Trịnh Thăng Bình,VN,7
4lD7gHKF1e8Y9stQuVezZB,ghostin,Ariana Grande,"US,VN",7
6ZW5dAY9FXiU1zDCDLpMA1,Cho,Ngọt,VN,7
4j3GWI86JvSaF0BLdmgcfF,Summertime Magic,Childish Gambino,"US,VN",7
5XMfNYiXg6pBjIejLMwIsF,Một Nhà,Da LAB,VN,7
5SHhPFh68OhUmuRPymKX9d,Undrunk,FLETCHER,"US,VN",7
42fR3oINF3KfXCDtheoNiY,Don't fight the feeling,EXO,"KR,VN",7
6txVOdSbg928oeGhlVUrdK,Lemonade,NCT 127,"KR,VN",7
58QhkbaAkLFnn7JwAnAato,Fall,Eminem,"US,VN",7
28FGV3ORH14MYORd7s5dlU,Not Alike,Eminem,"US,VN",7
4m5Cd9kAbIxg6t9sMrQWtk,TIC TOC,6ix9ine,"US,VN",7
7qEKqBCD2vE5vIBsrUitpD,ilomilo,Billie Eilish,"US,VN",7
22NHkFYbgxB2Zirj29Gbp8,oh yeah?,Steve Lacy,"KR,US",7
7Mts0OfPorF4iwOomvfqn1,So High School,Taylor Swift,US,7
1kcwpPDQnqEqmezzXdJTCP,imgonnagetyouback,Taylor Swift,US,7
4K1Pg0FLno1ltzX3jeqT83,dodger blue,Kendrick Lamar,"KR,US",7
2prqm9sPLj10B4Wg0wE5x9,BLUE,Billie Eilish,"KR,US",7
5xHgo5JN0wfsV41HnRaos5,The Giver,Chappell Roan,US,7
6TGd66r0nlPaYm3KIoI7ET,THE GREATEST,Billie Eilish,"KR,US",7
1lfO0bqThTLimzHsvk3LrN,OWA OWA,Lil Tecca,"KR,US",7
5BQrp63SHCVf4bzCzJePne,Don't Cry,Lil Wayne,US,7
2duvkmcQAezPigFEGlERuA,begged,Olivia Rodrigo,US,7
6yzNzQxqsIY3zRsTwzLI3v,Mele Kalikimaka - New mono-to-stereo mix,Bing Crosby,US,7
7GeTsDIc5ykNB6lORO6Cee,Circo Loco,Drake,"KR,US",7
3Nl5OkkmS5DaBZvuYofpAt,the grudge,Olivia Rodrigo,US,7
2cnKST6T9qUo2i907lm8zX,a m a r i,J. Cole,"KR,US",7
0XkZmBCCcdMY0EPY8ij6Gb,Slim Pickins,Sabrina Carpenter,US,7
1Q9Efnm5csdCMFynISxL2x,PERFuMITO NUEVO,Bad Bunny,US,7
6QT6j7rKt7Vk3IuV2AUO9W,lacy,Olivia Rodrigo,US,7
39MK3d3fonIP8Mz9oHCTBB,"Annihilate (Spider-Man: Across the Spider-Verse) (Metro Boomin & Swae Lee, Lil Wayne, Offset)",Metro Boomin,"KR,US",7
7EulRO07ZgchxqKUHb8Pvc,1985 - Intro to “The Fall Off”,J. Cole,US,7
5tEaVciE2GnR28aN6W9cLS,FUK SUMN,¥$,"KR,US",7
0lodMO0qK83vfPiiD7FMEt,TOPIA TWINS,Travis Scott,"KR,US",7
6Ec5LeRzkisa5KJtwLfOoW,"Am I Dreaming (Metro Boomin & A$AP Rocky, Roisee)",Metro Boomin,"KR,US",7
6kYGOFNUMxpab09L5Ukoke,Rich Spirit,Kendrick Lamar,"KR,US",7
3AdXwuFn7j21HNiFMXvZXt,Caramel,Sleep Token,US,7
2NcQic8JxdjAlAHuNbOIRE,Keep Driving,Harry Styles,"KR,US",7
4NqkE7kRUvMDEdcqD96EDO,Used,SZA,"KR,US",7
3QS9ZCtoSCJhmaJ7QNXSAS,act ii: date @ 8,4batz,"KR,US",7
2PgjJ90q1zETqCX68dxgyd,Sweet Dreams,Koe Wetzel,US,7
1ZemPoaj7LBj1RAQrb89EC,Blame It On Me,Post Malone,US,7
7KZ5MMVgBVox9ycroB2UrI,CAROUSEL,Travis Scott,US,7
1mw0RgNXIpYRyyCdBQbLgA,Love Of My Life,Harry Styles,"KR,US",7
1YscJ7yVTlFxW3eF6pv5ba,Allergic,Post Malone,US,7
6RQ5IwG7uADz9LDWliJGjU,Special,SZA,US,7
0AAMnNeIc6CdnfNU85GwCH,Self Love (Spider-Man: Across the Spider-Verse) (Metro Boomin & Coi Leray),Metro Boomin,"KR,US",7
5NRpxJxtR6JkUhQS4F0um6,Emergence,Sleep Token,US,7
02HyFYmpzt02VJ8k0CqxKj,Ain't In LA,ADÉLA,US,7
0MrRAUcB8AZiB9ue2VOBYe,Sugar Wraith,Post Malone,US,7
6WhwHYd38f4ZB2CefpDgLo,GIRLS,The Kid LAROI,US,7
5KE9b4x7Zj2A8XtbkqhqTe,Staring At The Sun,Post Malone,US,7
45fY77CtQcaLXPSzuDgIV0,Santa Baby,Laufey,US,7
5t6VW9ocIgB84vD8uR5xXU,Dark Til Daylight,Morgan Wallen,US,7
0oiv4E896TUTTeQU0cmIui,Massive,Drake,"KR,US",7
3sBnSBnzpEYKpJYGsAIbup,Christmas Eve / Sarajevo 12/24 - Instrumental,Trans-Siberian Orchestra,US,7
4Z5KKoBGxpJo8YbDcGQXd5,Secondhand,Don Toliver,US,7
06JvOZ39sK8D8SqiqfaxDU,True Love,Kanye West,"KR,US",7
5lcIegmdblnWqT9nS9EhZj,Up Up And Away,Juice WRLD,US,7
74loibzxXRL875X20kenvk,Poland,Lil Yachty,US,7
23luOrEVHMfoX0AhfbQuS6,FEAR.,Kendrick Lamar,US,7
0gWrMbx6pbdH3n3nsLjE55,Mourning,Post Malone,"KR,US",7
7qLr3HMApUbyDkUvgIvHnB,Oh U Went,Young Thug,US,7
1Hohk6AufHZOrrhMXZppax,ALIEN SUPERSTAR,Beyoncé,"KR,US",7
1olWQ1LOUYs4VBwx5N8Lz9,In Your Love,Tyler Childers,US,7
2GHKo6nrSjruvBEQbzD7Fw,Tiramisu,Don Toliver,US,7
4VxTzYm00mg82MuoT35Ja7,CHANEL,Tyla,"KR,US",7
2jTujnt0y344ai1rNOywgr,KMT,Drake,US,7
1HvTxgCj0mTzQlEo0zLvFb,In My Head,Lil Tjay,"KR,US",7
0QwKxajohg1rAMMmv1AWe1,Burn,Juice WRLD,US,7
0OpC8hRrbsh24taKOsQBEX,Real Man,beabadoobee,US,7
6o79O9qBP3OAkWOXajAQIS,WAKA,6ix9ine,US,7
6g8cuDwreIt5rLEBlkukQa,Ghetto Love Story,BabyChiefDoit,US,7
1WmBVbFmLt0w6zPP37TeCG,Illegal,PinkPantheress,US,7
0cVyQfDyRnMJ0V3rjjdlU3,Lil Boo Thang,Paul Russell,US,7
3EMp20j5E42MxfFbsEsIvD,Churchill Downs,Jack Harlow,US,7
3pjUyVbFmM96tYhSaKJwTt,Change,J. Cole,US,7
6BQrmjAgPfPTwILoFEK3Hd,I Wish you Roses,Kali Uchis,US,7
0HTIrbUwwFn984RzVZm5Fk,Yale,Ken Carson,US,7
5GCU2LJWPzoP8Q6nexs61z,Let's Go,Key Glock,US,7
4dTiQezDWmEOWcdCbWVWMp,Numb Numb Juice,ScHoolboy Q,US,7
4NdXQlDTzxbOMkzJGWFtz3,Butterfly Doors,Lil Pump,US,7
4huBDGP4I3S0pYI0EaRN1c,City of Gods,Fivio Foreign,"KR,US",7
3wAI7MIQtTgwcRmwchPZBc,Go Legend (& Metro Boomin),Big Sean,US,7
4yJiXq86uM56uIfIZgE440,me & ur ghost,blackbear,US,7
7bywjHOc0wSjGGbj04XbVi,LUNA,Feid,US,7
3rV5y8rcQrwRt9fWGLmjOQ,All Eyes On Me,Bo Burnham,US,7
4KX8vXbouybtUptEyYxtIk,MoshPit,Kodak Black,US,7
0NaUT74rJ0NHS62fewzatU,I LOVE YOU HOE (w/ 9lives),Odetari,US,7
0oA9wBGDY4uyILLg4GymWP,Tom's Diner,AnnenMayKantereit,US,7
3EpF150nXMSNjiH0bbmXIL,Holy Smokes,Trippie Redd,US,7
25OeKzcqakFPaJlXHPE5lm,Primera Cita,Carín León,US,7
136BeIIoBGrrU9fI1jbcDR,daño,Peso Pluma,US,7
5tRmoZRoupvMYPV1oezFrH,X,Lil Uzi Vert,US,7
2H3wWrnO758y0fPH7Ilerg,Depression & Obsession,XXXTENTACION,US,7
5bvnqVuq7UFl0txSlHpsfS,Loyal,PARTYNEXTDOOR,US,7
4e76Ss3ji7HQZ4qwcPNkNA,MIENTRAS DUERMES,Junior H,US,7
5svL1PkWw8hPEAOdTNLexy,Paralyzed,Sueco,US,7
2kVHAQKVtczchKctctzbtK,Swish Swish,Katy Perry,US,7
4hqOmrCCJKyiuwDexd8c2t,Price On My Head,NAV,US,7
2xyx0o4xNOLLjBSbOOdcbA,Playing Games,Summer Walker,US,7
06s3QtMJVXw1AJX3UfvZG1,Hasta Que Dios Diga,Anuel AA,US,7
7r6LNJT2LqpLpEyZQJPygt,Patek Water,Future,US,7
0OcpVNf7hnJBPbTFMSG7CI,Frosty the Snowman,The Ronettes,US,7
14boA065HMHWvqyPPEeN4y,I don’t even speak spanish lol,XXXTENTACION,US,7
7BKUWh5sdtdS17crohRe4L,Black SpiderMan,Logic,US,7
5ZjV4yevHO1QhMw8AjyQbZ,Good Looking,Suki Waterhouse,US,7
1oc92BMKYkNxK17C2GtyRM,Distraction,Polo G,US,7
3O9lWje3TSupR4vObAg9Yu,Livin’ The Dream,Morgan Wallen,US,7
5LHHKZOwV8XW4LJP2C64mw,COOLER THAN A BITCH,Gunna,US,7
6pmNoWKk0r6zfIjWneJRxR,Lonely,DaBaby,US,7
4HfykP9fjZZJC3WBwFArb4,You Know You Like It - DJ Snake Remix,AlunaGeorge,US,7
1MX19fnaW1OUQoglWTYaOo,Dangerous,Morgan Wallen,US,7
2L9QLAhrvtP4EYg1lY0Tnw,Rudolph The Red-Nosed Reindeer,Dean Martin,US,7
3dPQuX8Gs42Y7b454ybpMR,Seven Nation Army,The White Stripes,US,7
5oeOWXjH8NZFOWP0SpSXqV,Chamber Of Reflection,Mac DeMarco,US,7
07FkzikE6FuHIa8Ma7zJGc,Lie,NF,US,7
07RmHXaYqBdUyfAESPZkRO,Sleigh Ride,Carpenters,US,7
4lsHZ92XCFOQfzJFBTluk8,You Got It,Vedo,US,7
76MjtLfZoTNc3BDqUVjuRH,Patek,Future,US,7
6G0FACzGN80Dj2v4ass5rq,gone girl,iann dior,US,7
6u3CPnFMKANYgfdiifFOiJ,Gravity,Brent Faiyaz,US,7
1LXbv9jiTtdBdHadZ317Gt,Designer,Lil Pump,US,7
5aZQrb2TXWEh9uZR4HEY3r,Even Though I'm Leaving,Luke Combs,US,7
6OTKVgVpVaVjhRLYizPJKA,Just for me,PinkPantheress,"KR,US",7
6JjPBQfI2Y8nIjnm65X6Pw,X - Remix,Nicky Jam,US,7
2MnLkFqY9Rpg9s3Zv6ZJdK,Botella Tras Botella,Gera MX,US,7
3LxG9HkMMFP0MZuiw3O2rF,Good Things Fall Apart,ILLENIUM,US,7
3FkeNbs9Zeiqkr3WkbOiGp,Envolver,Anitta,"KR,US",7
04sN26COy28wTXYj3dMoiZ,Bored,Billie Eilish,US,7
2cKovq3l6OJjhVVDbVKOsr,The Other Side,Hugh Jackman,US,7
3eeyKNIBrt5TH4y0y3QkOu,Hot Now,YoungBoy Never Broke Again,US,7
2xCzUIQwX5Y3wEFJnHoc3J,123,Smokepurpp,US,7
6EtKlIQmGPB9SX8UjDJG5s,Formula,Labrinth,US,7
0jOfl1nZf6sVBTG08Q4brn,Call Casting,Migos,US,7
2vaMWMPMgsWX4fwJiKmdWm,Undefeated,A Boogie Wit da Hoodie,US,7
0YHUITU3w6ws1v8ehT264g,Shout Out to My Ex,Little Mix,US,7
4apiNNK0jp9uqn3JDG9My1,Dark Knight Dummo,Trippie Redd,US,7
7CFfqRW50ffULvBv7lfIIg,Violent,carolesdaughter,US,7
57Oi4yqY27uJzCyqFWIP5q,3 Musketeers,NextYoungin,US,7
4iXDn9pu5Q9sxv45vE8Lak,Famous Friends,Chris Young,US,7
1xK1Gg9SxG8fy2Ya373oqb,Bandido,Myke Towers,US,7
5tmu5pAFHkUSl8Fo8ncyA4,Civil War,Russ,US,7
7j31rVgGX9Q2blT92VBEA0,Teenagers,My Chemical Romance,US,7
6Up545NUflOiXo8cEraH49,You Say,Lauren Daigle,US,7
7y4JznkAv2W3IKw9T1o2VK,New,Daya,US,7
7rTzrRdc5UbvLr0gwI1J3E,Out Of Love,Lil Tecca,US,7
3JVTsvTldB6arHVlmxmTnM,Company,24kGoldn,US,7
7LAmsNJpBaNvNg7VZPXxSv,As the World Caves In,Sarah Cothran,US,7
0RYXEibxMami3QuT8kn4Iz,Marmalade,Macklemore,US,7
6ERR6e7h6wCqGoz1TjiUJb,Knockin' Boots,Luke Bryan,US,7
3VCYe6mCXebBgcfzaxCVNI,Both,Gucci Mane,US,7
1170VohRSx6GwE6QDCHPPH,Kilby Girl,The Backseat Lovers,US,7
1yOL7ZiXGx5ULeLoktAUAg,Bubblegum Bitch,MARINA,US,7
3I0FBDc1c1BLNtXWKVjmFg,untitled 02 | 06.23.2014.,Kendrick Lamar,US,7
4TCc369aRPRubv1m8R1TBG,Got What I Got,Jason Aldean,US,7
638fKB27P7UAmu3Aq0vEJ3,Still Falling For You,Ellie Goulding,US,7
1nYzjrdVQ8RpF93M0jPFW7,Remember That Night?,Sara Kays,US,7
1xMvdOFQaql3EBkHmuh2TK,Batman,LPB Poody,US,7
2DgdHcjWmO3qd50RzuBLgZ,House of Memories,Panic! At The Disco,US,7
0bI7K9Becu2dtXK1Q3cZNB,Don't Be Shy,Tiësto,US,7
6oeCLDX1ML2tPOPT1JuyaJ,Views,Drake,US,7
6waqLPcT6ruMhmd36OhmFO,Losing Sleep,Chris Young,US,7
4VFE6ZNqa8jHAmbYICoAFg,"God, Your Mama, And Me",Florida Georgia Line,US,7
4uoumbAMEMaKdtiv763jKz,TG4M,Zara Larsson,US,7
6O8I0ffpEtyMQmMYo0bj4N,Children,Justin Bieber,US,7
1m6FkAtWVloxIRHKl7pBDP,We Are,Justin Bieber,US,7
1RM7XdyfDnksC1ukt4y67n,Losers,The Weeknd,US,7
5AKlnLpP3WLwZseNbjquND,Let Me Love You,Ariana Grande,US,7
1Ui3r0Ih8F2MroiCWreCYi,Rise,Katy Perry,US,7
30KcJZaETkOl3kabw7R7D3,Addicted to My Ex,M City JR,US,7
2AYTGaclgKXACh13nJRVcV,All The Way Up (Remix),Fat Joe,US,7
4Z1t1aMRif8ES212kTN8H2,Whole Heart,Gryffin,US,7
4vNeJ6DoAlTPzoYO9W4mJH,Wishing,DJ Drama,US,7
7mhk9WyqZZzvTTCQKfh2iV,Law,Yo Gotti,US,7
5sqHFfmw7MMc1L85BN8802,THat Part - Black Hippy Remix,ScHoolboy Q,US,7
5vTPxzm4h2bY9rYyVrGEU5,Really Don't Care,Demi Lovato,US,7
4kqxy0SvQ2N34nOJ9ggfMu,"Yeah, I Said It",Rihanna,US,7
6m3ZWIXhjoV76syT1j2oE9,Coming Over,Dillon Francis,US,7
6ImxYXeLDQPIv4qo7bMhSk,Company,Drake,US,7
2WFb9JwoOvZMoiuzZrCfR4,High By The Beach,Lana Del Rey,US,7
1cEhrSF6EylAEqdhUGuNpX,LET IT GO,DJ Khaled,"KR,US",7
5QDGKcQLqOJvoiu8eScEaM,Let Em' Know,Bryson Tiller,US,7
3556vNt6SuQPqt15VFfRWv,Used To Love You,Gwen Stefani,US,7
17AS0y6FnHdYImAPUydAJg,Jump Out the Face,Meek Mill,US,7
3rsOs39rDAYxIOrDTHAgR9,Play No Games,Big Sean,US,7
0VYQK5I08homNvX8SRS37R,Heroes (we could be),Alesso,US,7
5o9JHeY8e47bXCjSZOnD7b,Winter Wonderland / Don't Worry Be Happy,Pentatonix,US,7
3Y9xtYyVyF13po6xePV5Cp,Bailando - English Version,Enrique Iglesias,US,7
3qqho4PnTn3zlMPBzWhFFD,Ugly Heart,G.R.L.,US,7
3pfdwzqLYcN20GvoYno1Oz,Girls Chase Boys,Ingrid Michaelson,US,7
4MJlgdrGLaayCTPtdn0kII,Do What U Want,Lady Gaga,US,7
5t54WbqXtMwT5yF1nQSuKz,Baby Don't Lie,Gwen Stefani,US,7
5HdUMBc7AhPFhlPDZUpSwf,Prayer In C (Robin Schulz Remix) [Radio Edit],Lilly Wood and The Prick,US,7
467EtYDw801TKMxMtGCsFO,Stuck On a Feeling,Prince Royce,US,7
2cGxRwrMyEAp8dEbuZaVv6,Instant Crush,Daft Punk,US,7
5CMjjywI0eZMixPeqNd75R,Lose Yourself to Dance,Daft Punk,US,7
5MVkWRKMBO3r05oihuNbzM,Warriors,Imagine Dragons,US,7
3zkyus0njMCL6phZmNNEeN,LET GO,Central Cee,"KR,US",7
4qBejt9FeqLI9blHI1Nq1x,Jingle Bells,Michael Bublé,US,7
6QicTxeiSaRkPnkGDUvYOs,Pretty Girls,Britney Spears,US,7
289hx4t6fH2BBe8p6cnXo1,Neon Light,Blake Shelton,US,7
3Wb4T8OJg4obJNBMUYgfPm,Blind Heart,CAZZETTE,US,7
74Xdx4ezYQQlg8wKswq25T,I Need Your Love,Shaggy,US,7
6g73xyG7lRnce4mw7hbk3q,#thatPOWER,will.i.am,US,7
5r00wpsojd4mBYaQFDvni7,Roller Coaster,Luke Bryan,US,7
1zbcFS5hS92oXNL3UZDfY0,Lonely Tonight,Blake Shelton,US,7
3rbNV2GI8Vtd8byhUtXZID,Clique,Kanye West,US,7
4iEOVEULZRvmzYSZY2ViKN,Left Hand Free,alt-J,US,7
1lAnSi0iSTbto9WnRcnyC1,Nothing Without Love,Nate Ruess,US,7
5f0WLQquCf955JPSnt7JvR,Something Big,Shawn Mendes,US,7
46FDaONYM0jiJWTBIQCLUB,War Paint,FLETCHER,US,7
5BpGjOHSvuRdZNQZMvGxsJ,Lil Bit,K CAMP,US,7
2qHiyBpxyOXnRGG3t2iE96,"Gone, Gone, Gone",Phillip Phillips,US,7
6maTPqynTmrkWIralgGaoP,If We Ever Broke Up,Mae Stephens,"KR,US",7
2XEl9DfBj88c8p2bdfx1qu,One Hell Of An Amen,Brantley Gilbert,US,7
5EnCFISDzoIMWMaicJxxX9,Lovin' So Hard,Becky G,US,7
4tnnfGGLBYWwotE4Q8H5jf,Sugar - Remix,Maroon 5,US,7
5HQVUIKwCEXpe7JIHyY734,"Young, Wild & Free",Snoop Dogg,"KR,US",7
6nwGzLCRMyD8FbUk4tIzH3,Good Thing,Sage The Gemini,US,7
3caqaSvtldUKLY5Fd5msk2,Surfin' Boy,Red Velvet,KR,7
2ytQFMxdreEFPPZTtyDdqM,BLACKHOLE,IVE,KR,7
76oCvJj6LRoed2754GybpH,mosi mosi?,楽音,KR,7
6w9SgpKIzB54R2xHml1UPP,Love Language,Kim Min Seok (MeloMance),KR,7
3BWXNAPGGWhCJwsOFolnBB,Delulu,KiiiKiii,KR,7
145tqlcE6YFsjNfxi9K3AE,"LOVE, MONEY, FAME",SEVENTEEN,KR,7
5b6dITYpnJlneZgDDA01a0,Can't Have You,Bank,KR,7
12tWYSmupB8x0B4HyalBAm,Glow Up,RESCENE,KR,7
3JKv5rt1H6o3TomGYdSsai,Grown Ups,Sondia,KR,7
6yrSg5ltrGVOoha4TtUBZ3,Good bye-bye,TOMIOKA AI,KR,7
0Sccj6S9qYCEdxHudsQjbB,Mess,KANGDANIEL,KR,7
1oFqKeepmT5S8BCGqJl7Ar,革命道中 - On The Way,AiNA THE END,KR,7
6QqrxJe1iQxwLY6he6FLFo,Midnight Fiction,ILLIT,KR,7
2Xiaplc23BureS4EDeE8xa,My World,ILLIT,KR,7
1bPMPSOQPIinoU6ZBDWtgb,Travel Again (Feat. Cautious Clay),Beenzino,KR,7
2QS8VmtgJ40DBQbOfK4W9U,NIGHT DANCER - BIG Naughty Remix,imase,KR,7
3uzUBVCNTdVnmJMumFA4Ce,Click Like (Prod. Crush) (Feat. Paul Blanco),Crush,KR,7
4wQDjZtXjsFtU3BLSiIH4t,Salty & Sweet,aespa,KR,7
2KwOuFfwQyT9mZqjvchd81,Ay-Yo,NCT 127,KR,7
6x7SB38tuekpu4xpH9OIPY,地球儀,Kenshi Yonezu,KR,7
4IiSP6seUj7QwhgDgXdS11,Right Now (Feat. Crush),Coogie,KR,7
1Xnha5ko8j7yY8O3ATe0Vs,I WANT,IVE,KR,7
39382sUtIOwIXftX0i76do,H.S.K.T.,LEEHI,KR,7
1nTzXNZCnZ0T7S8BqkL98r,how deep?,Tai Verdes,KR,7
3ISOK4T54v6O1g1AB8FiEK,INVITATION (Feat. Gaeko),JUNNY,KR,7
1BuA7GJXWD6P9LMShz7YSt,Heart,DK,KR,7
2cKiHG16JBiqHdi7Llq0r7,マリーゴールド,Aimyon,KR,7
5bdmWBCaiaHk2HbqKOXLyJ,Underwater,KWON EUNBI,KR,7
2FA4veLVh3jf7O8q5VhNh5,Somebody!,Loco,KR,7
1c2hJSwcCfoPEw1su83Sw0,Hold My Hand,Lady Gaga,KR,7
0o420trQgUtPnbMgCEAEKi,"08Basick (Feat. Yumdda, punchnello)",Basick,KR,7
5KkAIk1aWPPIWIkSGnEmJg,MR. BAD (Feat. Woo),pH-1,KR,7
1dmi9lVthTKjuemmO8ucWm,Love Theory,TAEYONG,KR,7
0M4EDkH7RpbKlWwrZ9o17N,haeyo (2022),#Annyeong,KR,7
0xqISi4w8BriYg33tK8aJF,너의 로맨스에 내 이름을 써줘 (prod. IVY GROUND),104,KR,7
0U5HgFCn3EJN2zZqI0KGfJ,Tell me you love me,Tophyun,KR,7
1I4lCSP69P74nU3a6Su5L2,Jiggle Jiggle,Duke & Jones,KR,7
0y5iPq7pRaJV8iCGybWebp,Sticker picture,21univ.,KR,7
1s3AJx7XASsPSA2cKJdXG6,Lovey Dovey (Feat. meenoi),BIG Naughty,KR,7
0PCthiXmn3MFXzvn0eAiBY,B.B.B (Feat. The Quiett),Leellamarz,KR,7
6ZiEWet0uFRwWBCEKCQ8rY,逆夢,King Gnu,KR,7
7GkHIsnziYgk6j1lx2TK6H,"Very, Slowly",BIBI,KR,7
0lsE1vjZQazyEnexXpD4B1,Summer Rain,Sam Kim,KR,7
63CGV6P4cEYZvUgvVhZWAl,WHAT WOULD YOU DO?,HONNE,KR,7
6EyYB3ZoftFC3VmmtVBRxK,THRILL RIDE,THE BOYZ,KR,7
13KR2yNRDrbKwR3dOKCDl4,SO BAD,STAYC,KR,7
4TmcmTzr88j02kCDh19VNt,SECRET,"TINH HÀ ""SAY HI""",VN,6
7aBUKC55ymgBw7M5gdppte,MRT,"TINH HÀ ""SAY HI""",VN,6
2ZqTbIID9vFPTXaGyzbb4q,Neva Play,Megan Thee Stallion,"KR,US,VN",6
4oZqNyQWRIYB4hzrLNong1,IDK,RPT MCK,VN,6
6gmXMeStkiDoAbNaUeHbqU,Liệm,RPT MCK,VN,6
1RJ18rerySdcshTdnc0oOk,Câu Trả Lời,J.ADE,VN,6
2dQTfXmi5NldikBZPotZDs,CILU,Da LAB,VN,6
1k9KzeTfQTmUDVtVWdSYAM,Wtf Bby I'm Lit,RPT MCK,VN,6
3SJBCyImil9sNCH8lcCnqO,Xa Xôi,RPT MCK,VN,6
5S2ObREaW7Dl1XMMC7SxGX,Miền Mộng Mị,AMEE,VN,6
0oLdpAqSgmSyqzXJo4XHig,Ôm Em Thật Lâu,MONO,VN,6
5cJXrld8l8ZW6dAIo4P0O6,Anh Không Muốn Nó Dễ Dàng,RPT MCK,VN,6
0S1uRwIQF1AWR6gp4iXntl,Nỗi Đau Giữa Hòa Bình,Hoà Minzy,VN,6
3fn11I2vovWj0bVnGh3ATs,Hôn Vào Đây Đi,VSTRA,VN,6
0BR4Hdge19djSuyrU0kT9F,Còn Ai Ngoài Anh Với Em,B Ray,VN,6
3cZH38witMhkLvATILgEe5,EASIER,"EM XINH ""SAY HI""",VN,6
5ip4iGkbZNrihMGHAqOgMl,ĐA NGHI,"ANH TRAI ""SAY HI""",VN,6
3A7t1MTPFJTq014WEOwOWm,Tây Thi,RPT MCK,VN,6
34o6gteNy2T5rieA0xYAgo,Don't ever say love me,Colde,"KR,VN",6
50WjeoNacrSiDum2P3yWtb,ADAMN,Donald Gold,VN,6
3ldVGQB1yQd3zZKzBKNEWi,SO ĐẬM,"EM XINH ""SAY HI""",VN,6
3rxbssNItXaXyqc0wJUsYC,2000 câu hỏi vì sao,AMEE,VN,6
0tzMqBkDlDMqKKYfw2zvQS,WE BELONG TOGETHER,"EM XINH ""SAY HI""",VN,6
7roD87qxMavNuGydYSRtI2,Ngồi Nghe Em Khóc,Đạt G,VN,6
7r9qRZOkoBz4lx0VLS8GOX,I'LL BE THERE,"EM XINH ""SAY HI""",VN,6
62oJI8qLl1kFx77NQiCFo7,Kỵ Sĩ Và Ánh Sao,Đông Nhi,VN,6
76UWLyJm10LudXC3rdYSRO,Mùa Hè Năm Đó,B Ray,VN,6
4ElFTH8hqX7XkzRbCtktfi,"Ngày Này, Người Con Gái Này",Vũ Cát Tường,VN,6
015GG73Q1VmvLAiPIF1w8O,chẳng giống giáng sinh,Lu,VN,6
3LZ9j8ja4j6ycSUpCA8fXX,海屿你,马也_Crabbit,VN,6
6roVxIZN2frBQoXFomdWW5,Tấm Lòng Cửu Long,Ricky Star,VN,6
4XdwiyFDTF1oM8rALFmyZx,Bánh Mì Không,Đạt G,VN,6
1Up8B0iFpeg5IN2C7gFFNa,Từ Em Mà Ra,Lil Zpoet,VN,6
6qyK9SquQSHvNzrGHEUYNV,23:40,Hào,VN,6
1vshOAKaZpnnrJF9QvcKd1,Ngày ấy (Yesterday),Em Ellata,VN,6
2OBZtEg8DXhICWYd6yvicf,Từ A Đến Z,RAP VIỆT,VN,6
7sEIHN9lpk8ad8iIAYnR5Y,Dear,GONZO,VN,6
1QKaj0g8pammcGn0JU8nnd,Sự Mập Mờ,SUNI,VN,6
1Wwh6gmMeolwzbRzfZMY5b,Ready For Love,BLACKPINK,"KR,VN",6
37od1g713ZvI32VA2diR9L,Có đau thì đau một mình,Orange,VN,6
1TJtZKZFq2rdh9Wfpm15Nw,những đốm sáng,tlinh,VN,6
5BKiMkWucQVb7wrFi29VtX,3D (Alternate Ver.),Jung Kook,"KR,VN",6
5Yn6iA7o8aUHxB4sJQmVwu,是你,梦然,VN,6
4qrWuGE4Qu9RRVZVpMKWyw,"Hot Shot, Dlow",RAP VIỆT,VN,6
5YSkDxmHvzSDWTu4MaEtfa,Smoke Sprite,So!YoON!,"KR,VN",6
0MiqYGVwVZnuQiOupJVwO4,Đố Anh Đoán Được,Bích Phương,VN,6
37vIqMH3XV6ZbObcKE9GXC,Cô Đơn,Hngle,VN,6
1QwSqNlknVSTdmmtjsOGM9,dằm trong tim,SUNI,VN,6
7CVdUE4KKpZkmHYAGVN0o4,Khác Biệt To Lớn Hơn,Trịnh Thăng Bình,VN,6
12hD59WtTU92K1VcCXqLlw,Still Life,RM,"KR,VN",6
2vwoaTIi1Go2twne3uetcV,Anh Chưa Biết Đâu,Mỹ Tâm,VN,6
6BPcUXYERAahpunmb0AovH,Ma Meilleure Ennemie - from the series Arcane League of Legends,Arcane,"KR,US,VN",6
4fwYALz7GwmXgS8QTRjDEJ,moonchild,RM,VN,6
3wEr5lmE7oaC3qhCbJTY8B,Hectic,RM,"KR,VN",6
3XKI5295qhFbwNesz3ollU,Forg_tful,RM,"KR,VN",6
5ky45fGKbzGYilDewlBD6Z,No.2,RM,"KR,VN",6
3OKyAD1Z2dJhxMJQFW4YJs,What Love Is…,RAP VIỆT,VN,6
2MkPA0iNF3F1rpwfSPWHOw,năm ngoái giờ này (after all),Phùng Khánh Linh,VN,6
3kY1Z7YzHrgp70d7c8hPZw,Không Thầy Đố Mày Làm Nên,RAP VIỆT,VN,6
5AmBIWCnsLscPSYsfCApBy,Closer,RM,"KR,VN",6
2bxVMMRP6AHvUVXHQrIBy9,Một Ngày Tôi Quên Hết,Hứa Kim Tuyền,VN,6
1KJEuUZ6NbHL2V9WZKxDdv,Cuộc Gọi Cuối,T.R.I,VN,6
3MQjm78PRVb372BkzVtAjO,Chạy Ngay Đi (Sky Tour 2019),Sơn Tùng M-TP,VN,6
2me5SocGcxPzFwPe03my19,,Sơn Tùng M-TP,VN,6
6bYJAOHKCvy9cSEAUR8NvG,Fire,BTS,"KR,VN",6
3nHbNyuUsVmtwHAcpeOrZR,Đây Là Rap Việt,RAP VIỆT,VN,6
29QQoKCiBil8wTBeP1GDBm,Dynamite - Acoustic Remix,BTS,VN,6
5cRKj1kynNFqiliT2ndZ3y,Akuma no Ko,Ai Higuchi,"KR,VN",6
3kwgqoBqTwoAH4nT29TYrq,Nobody's Love,Maroon 5,"US,VN",6
3cYuUgWTz0qBGnR877SJXd,Thở,Da LAB,VN,6
1wl7BgRuEYJfmINb0ncS5b,Walk On Da Street,16 Typh,VN,6
5vLcKUGXx6dc6aHponXgsy,Cơn Mơ Băng Giá,Bằng Kiều,VN,6
0wavGRldH0AWyu2zvTz8zb,Sweet Nothing,Taylor Swift,"KR,US,VN",6
39p4Z2pUEn6B9OeSXcqOGP,Bỏ Em Vào Balo,Tân Trần,VN,6
0A1JLUlkZkp2EFrosoNQi0,Labyrinth,Taylor Swift,"KR,US,VN",6
4uqh9bualXNHXXwO2wPorc,Daisies,Katy Perry,"US,VN",6
2DmRXiyn03tOqKgEJXlaiJ,Oh my god,i-dle,VN,6
5sDfLKhaLMbVffAmmnIkXc,Chương 2 Của Tương Lai,WEAN,VN,6
3pbbEjmAWUHbGgWV8evyfd,Em Chào Tết,Bích Phương,VN,6
4btFHqumCO31GksfuBLLv3,Overpass Graffiti,Ed Sheeran,"KR,US,VN",6
4AsvGVDWs16fqIiIdDzyvX,Happy New Year,ABBA,VN,6
4Jp3HONKA2ztto0nDs8Qgt,Mượn Rượu Tỏ Tình,King Of Rap,VN,6
0ffweDHrg4bZqdG4IfGYuo,Pied Piper,BTS,"KR,VN",6
71vPAjlG1x606483GTJNhY,FIESTA,IZ*ONE,"KR,VN",6
1MgV7FIyNxIG7WzMRJV5HC,my tears ricochet,Taylor Swift,"US,VN",6
3fO566xJgwxIa3qGCGBvIC,Fresh Out The Slammer,Taylor Swift,"KR,US,VN",6
3AWDeHLc88XogCaCnZQLVI,Cry For Me,The Weeknd,"KR,US,VN",6
6qtrL9Np30qyQpy1Od4AmG,anh nhà ở đâu thế,AMEE,VN,6
0zzVTGyRrWpQu8Fr28NRAv,OK Not To Be OK,Marshmello,"US,VN",6
5WrEilrRI5cIW0DxMvQYPZ,Jopping,SuperM,VN,6
6NriykdkRrjQMZo1sfVYUo,"no body, no crime",Taylor Swift,"US,VN",6
0vrmHPfoBadXVr2n0m1aqZ,Heaven,Avicii,"US,VN",6
5Pm00siVfiAzfwKiYa3C4U,Vậy Cũng Vui,Mỹ Tâm,VN,6
3l8yQMdniG6Os8gUBNXV57,Outro: Her,BTS,"KR,VN",6
1q3C6brbmRrULTyo2mseKF,FLASH,X1,VN,6
2AyFIMdLgqv5yjbPzIF6Qx,Live Fast - PUBGM,Alan Walker,VN,6
22DH8NChecsgPxDjA4pqer,Tough,Quavo,"KR,US,VN",6
7tXQdx76iQVFeaBGDzXpZ2,DDU-DU DDU-DU - Remix,BLACKPINK,VN,6
6XS7CujJyF26td7QjNQA18,Anh Thương Em Nhất Mà,Thùy Trang,VN,6
6VsvKPJ4xjVNKpI8VVZ3SV,invisible string,Taylor Swift,"US,VN",6
4a5zacCsHLtMC2mcxkqWwn,Sad Forever,Lauv,VN,6
08296C4KKLpfOKCuznfU8y,Mơ,Đen,VN,6
1h4hJA0Jjb9Qv2p4DQs3DL,5Am,Cá Hồi Hoang,VN,6
5GkQIP5mWPi4KZLLXeuFTT,motive,Ariana Grande,"US,VN",6
6ATgDc6e4sPn84hvJsAmPt,hate u love u,Olivia O'Brien,VN,6
3pIigjAWkzwAonXpJ1fmSF,Everybody Hates Me,The Chainsmokers,"US,VN",6
5BYl3SodS3rGmafWXRWmB7,The Great War,Taylor Swift,"US,VN",6
6BeOJPXMstvXolxKbL09kR,My Universe - SUGA's Remix,Coldplay,"KR,VN",6
6aHCXTCkPiB4zgXKpB7BHS,Trivia 承 : Love,BTS,VN,6
3jzbpOzoYa22FvzBkNkLvC,Bigger Than The Whole Sky,Taylor Swift,"US,VN",6
6J834IBcZJMH38ksrgAqwF,Paris,Taylor Swift,"US,VN",6
6tsOcBnaKgzK22yEiqRh8P,MONOPOLY,Ariana Grande,"US,VN",6
5WL2NwqPmiHVJFzHQH9lk6,Vùng Lá Me Bay,Dương Hồng Loan,VN,6
6qyz1KOlGJsKYJ4ZsRmRSD,TWIT,HWASA,VN,6
3i0FkJYlU4MFfYkjFHXXAM,I'm Not Here To Make Friends,Sam Smith,"KR,US,VN",6
7ILEWkpfdK6AjH2D7jppWk,Don't Check On Me,Chris Brown,"US,VN",6
5SwEgzUFDHwpWHKrbnP32Z,Youth feat. Khalid,Shawn Mendes,"US,VN",6
006LuHbY5Tt9dhbdSOnVq6,RBB (Really Bad Boy),Red Velvet,VN,6
4heFQCyiW0RUEX1Q1lb008,Different World,Alan Walker,VN,6
1XJ93XskwJf7PCyIVLbNBt,Anxiety,Julia Michaels,VN,6
5wIMMlbIGCNAXnGy0ijojN,MILLIONS,WINNER,VN,6
6Cg4aBvl9tArRHFsbw94Yc,Tôi Là Ai Trong Em (Đồi Thông) (Taxi! Em Tên Gì Ost),ERIK,VN,6
61E8GfD4TChH9vhbwGGws3,Doi Lua,Nguyễn Đình Vũ,VN,6
0lsRatBUs9HNIZAmoGABzk,Trampoline,SHAED,"US,VN",6
1WhrvAkEw5MgrfJxVD1uBE,Sự Im Lặng Dễ Chịu,Lê Hiếu,VN,6
1iLlcwUV6MmaH6K7BPyWhS,Khong Con Mua Thu,Hoàng Dũng,VN,6
5F1ZmucV0uJY14y2dYKePa,Sanctuary,Joji,"US,VN",6
12XbrFW5mJcPb3s2ZBzrYW,Nho Nguoi Yeu,Dan Nguyen,VN,6
1v3ffoscTSqrw9W8jmhk8O,Em Không Quay Về,YanBi,VN,6
0CBFOvHlyqy30Q5tbyNHfQ,Want To,Dua Lipa,VN,6
7pT6WSg4PCt4mr5ZFyUfsF,If We Have Each Other,Alec Benjamin,VN,6
21uTv4ytzeEAW9S3d7Joqv,Nocturnal,SHAUN,VN,6
5HaYRuf3zAfCb8RSO9LLea,Child,Mark Lee,"KR,VN",6
6gp6sejiJXYU1i6xHPf8hh,This Moment,Bela Nemeth,VN,6
7fYRg3CEbk6rNCuzNzMT06,Potion,Calvin Harris,"KR,US,VN",6
1hSOt9IeshMkuKP9ri4hOf,Bloom,Troye Sivan,VN,6
3QPBocWfIcOCdFFvmqn60F,Just Look Up (From Don’t Look Up),Ariana Grande,"KR,US,VN",6
1cA4wEmLkKlttS6N89LbJh,Wandered To LA,Juice WRLD,"KR,US,VN",6
3UWNIhKkuuUehpKaraVSSM,Bức Thư Tình Thứ Hai,Hồ Quỳnh Hương,VN,6
7xTOqnsOV6qHBPWoCWpzGM,I'm Not Cool,HyunA,"KR,VN",6
6TodWdTSDfzwgYynTZSvJn,Midsummer Madness,88rising,"US,VN",6
285Bh5EkbxGGE76ge8JDbH,Lucid Dream,aespa,"KR,VN",6
75ls0gurX68lUmMjE7QcsE,all the kids are depressed,Jeremy Zucker,VN,6
4gvrJnKCKIPiacNsWVQwEU,love nwantiti,CKay,"KR,US,VN",6
4AhSkRYioEIfGvCV19peYN,Suncity,Khalid,"US,VN",6
4Ga0wapepaQ3iZqcjTSreH,Xa Em Kỷ Niệm,Unknown Artist,VN,6
4Uy3kNxW2kB8AEoXljEcth,Familia,Nicki Minaj,"US,VN",6
42ZrMq4BKsWDrrbMnMRYaK,Jail,Kanye West,"KR,US,VN",6
4T652DlATVHe0jdLKaN3Bw,in my head,Ariana Grande,"US,VN",6
2poOAWEj1CStqTVPgIHZ8s,Try Me,The Weeknd,"US,VN",6
7uiBocndm12aKbsdnQ3Scx,Undecided,Chris Brown,"US,VN",6
6Bg7MznA9X0dIhlAsLyBYj,Ghost Town,Kanye West,"US,VN",6
6X29iaaazwho3ab7GNue5r,8,Billie Eilish,"US,VN",6
1v1IXPXl73Z7zy6f5tUa9n,Emotionless,Drake,"US,VN",6
4uloft7ZE54WflsuqFmjC7,Elevate,Drake,"US,VN",6
6Poyf51k7W3NKnsGwAI90B,Barbie Dreams,Nicki Minaj,"US,VN",6
3eh51r6rFWAlGQRlHx9QnQ,Push Ups,Drake,"KR,US",6
1YdtGoSYDvVQKoUqSDXX41,Noid,"Tyler, The Creator","KR,US",6
0lSZh5W0wDeurkGzLYY6hf,Turks,NAV,US,6
3EMfeKtNK4q4k3sVjwg5Yy,My Man on Willpower,Sabrina Carpenter,US,6
1qyw5wSUkEvH8DtaCdx7Lg,Go Go Juice,Sabrina Carpenter,US,6
4s7QLoImIwmPi9L6dq1nVW,TSU,Drake,"KR,US",6
00syWkRGIVQvYsg2OwfBUw,East Side of Sorrow,Zach Bryan,US,6
0CBQ0m3mufWH75LTYB3s6h,Let It Fly,Lil Wayne,US,6
35TyJIMR3xRouUuo2sjS6v,Cinema,Harry Styles,"KR,US",6
61S79KIVA4I9FXbnsylEHT,In The Bible,Drake,"KR,US",6
69w5X6uTrOaWM32IetSzvO,Daydreaming,Harry Styles,"KR,US",6
4w2Furap0ZzaiK4J14E9sR,Think U The Shit (Fart),Ice Spice,US,6
0e4u0sFRGxHL4U2iFBrUvZ,cigarette smoke,Olivia Rodrigo,US,6
5egD7A5x9AHdVO2fMo3Wbo,Silly Watch,Lil Uzi Vert,US,6
09LrGvT9KsACH66RHYMDyR,Don’t Smile,Sabrina Carpenter,US,6
4c2Pc0NrfkesPR0jff6q3F,KETU TeCRÉ,Bad Bunny,US,6
6VNXmo59yDYgcwLS17UNAW,CAFé CON RON,Bad Bunny,US,6
3i8fIJNV0yuC4kXT3SkVBZ,Popular,Ariana Grande,"KR,US",6
5goGDc74vVREyN8al8CkPh,Diplomatic Immunity,Drake,US,6
1Jrj3k5L36dPkU6KAclU7g,Blue Tint,Drake,US,6
2jNyiavSywmA472t2m6ZBz,What Was That,Lorde,US,6
5xMw6qCcpd2gBXPGTegC4W,SOS,SZA,"KR,US",6
6Kj17Afjo1OKJYpf5VzCeo,Pain 1993,Drake,US,6
5JRYVSZ6K2jY0kznYBmoqr,Wind Up Missin' You,Tucker Wetmore,US,6
1f18HzFpegqvH4ibGJyeMJ,2 hands,Tate McRae,US,6
5ixdmTpCmH5diBA1j154wN,UN PREVIEW,Bad Bunny,US,6
1zhvxTuSha22nsUT5Nw8gE,15 Minutes,Sabrina Carpenter,US,6
14QaXYIK3K3QPtezqxRRPN,PIToRRO DE COCO,Bad Bunny,US,6
6OaVWaGfhXn70ZJfdVcabn,NO BYSTANDERS,Travis Scott,US,6
1pacwLXyRO47ka0v6LTIiY,Raindrops (Insane) [with Travis Scott],Metro Boomin,US,6
4SZepBIPDRwPaHIjAKwRDb,R.I.P. SCREW,Travis Scott,US,6
6CfrYuD3YRDYdYvH9jNtXY,No Long Talk,Drake,US,6
1xYpVRspgaLxdJLOTQkTjg,STOP TRYING TO BE GOD,Travis Scott,US,6
2Sjx8DWZO5zaTyTAmgo2gY,Gone Girl,SZA,"KR,US",6
0jo6Nd4iJU0UFHqS0Xd4l4,Fighting Demons,Juice WRLD,US,6
2e2AXpIiJpet5b4qg85Gh6,F2F,SZA,US,6
1Y373MqadDRtclJNdnUXVc,Paranoid - 2012 - Remaster,Black Sabbath,US,6
0y9uTzK9cNKSAEHnpeRG8C,DUCKWORTH.,Kendrick Lamar,US,6
1n4jwRVXdkK2U34nBDUKKT,BLOOD.,Kendrick Lamar,US,6
6tarvNiKnEjYMj1VZhlDqR,66,Lil Yachty,US,6
3cmdqMDc0Fj4TgPeyDOYTM,Us Vs. Them,$uicideboy$,US,6
5Eh1nj7IjV9lwpcKAkidyY,One Of Your Girls,Troye Sivan,"KR,US",6
2fkeWbM6iqTw7oGHTYm2lw,4422,Drake,US,6
76gUmNLXGQVOsGhfcshkFP,Madiba Riddim,Drake,US,6
5QZKcQDp0tCcvMdyqEciBV,Tommy Lee,Tyla Yaweh,US,6
13e6f8t7RKXuxZ0JdaaJRG,Jorja Interlude,Drake,US,6
6d9Cs2D2RSIl9c0ulgnFe8,Gemstone,Don Toliver,US,6
1IfGOnXoMBkiKC9xljlSfa,Jealous Type,Doja Cat,"KR,US",6
2cvOfKHOHgwQlLiuLKP2xR,Myself,Post Malone,US,6
6DuHcOuuGWXNvF3uocsrBa,Can't Die,Juice WRLD,US,6
4jyyma8YdFC4S4llusSFRu,butterflies.,Brent Faiyaz,US,6
6zJjw0iXY0aMBEUyCG1NsA,"Loser, Baby",Andrew Underberg,US,6
2NM0qHzx4Ohy8iXHEEgwlO,Having Our Way,Migos,"KR,US",6
2QN9zL3SzXdGqqmXO68gFp,Somebody's Watching Me - Single Version,Rockwell,US,6
5b2QnYcT9rQIkhRWt4HztQ,Walk On Water,Eminem,US,6
1L3NV7VrCiuE8C5QlhdeQL,Filthy,Justin Timberlake,US,6
2jrAaawDRCn1JjeouxAyDN,Had Enough,Don Toliver,US,6
51hyZpbJlIgZIaX3TtMxmu,run for the hills,Tate McRae,US,6
5CFJRZRq6sdKKtRwNPWbYv,Show Out,Kid Cudi,US,6
69vlMrzHwATKzupwNcUPyK,La Santa,Bad Bunny,US,6
4BHzHISX21PYwGXiBEUQ70,BBO (Bad Bitches Only),Migos,US,6
1k1Bqnv2R0uJXQN4u6LKYt,Ain't No Sunshine,Bill Withers,US,6
1sUdq3kWa9dJXHu3eYOUll,"Spooky, Scary Skeletons - Undead Tombstone Remix",Andrew Gold,US,6
1TZv3bujNaYz646eezRE91,Seeing Green,Nicki Minaj,US,6
6gzIcEUuswJQGfJNPYMjjv,Hard Work Pays Off,Future,US,6
7CkbRn6S0itJqcqn88AtSV,going down!,XXXTENTACION,US,6
2HbpYFQbairMoU2YFyOP2x,Motorcycle Drive By,Zach Bryan,US,6
1ckLp8lCl8LipXI0ypX72m,I'm Gonna Be,Post Malone,US,6
3VTNVsTTu05dmTsVFrmGpK,Fairytale of New York,The Pogues,US,6
1ojBtNRMzjL7ptLPZCzfRz,Thinking with My Dick,Kevin Gates,US,6
0t3pcqgBjuAVBgY2oEUIlH,It Depends,Chris Brown,US,6
5zA8vzDGqPl2AzZkEYQGKh,Uptown Girl,Billy Joel,US,6
2NMjggapJcXXM7WccGEBUO,Enséñame a Bailar,Bad Bunny,US,6
0HtOJj7Kl74s1Ngf3MWeif,She's Mine Pt. 1,J. Cole,US,6
28GCbKgjlVD9eDmasGbe0T,Me Fui de Vacaciones,Bad Bunny,US,6
59dLtGBS26x7kc0rHbaPrq,Nothin' on You,B.o.B,US,6
6oCXDaFZYL7sHnowv6pdXb,Spring Into Summer,Lizzy McAlpine,US,6
3MKhTroJs5GF9H7LqN9fiw,Devil in Disguise,Marino,US,6
7vv89PswQvqGKCGJ1rw5on,FIELD TRIP,¥$,"KR,US",6
3jq1RpStaB1YGyN3rRZGca,Sauce!,XXXTENTACION,US,6
6HJIZUOiZDE814XMhRGSZN,Soy El Unico,Yahritza Y Su Esencia,US,6
51KCex2aoD4Ni2cRF5mFWe,Winter Wonderland,Darlene Love,US,6
2zHu4GAsQIw2skGszWEMFY,The Little Drummer Boy,Bing Crosby,US,6
2Tq2R8sRftNEqdgJK5HadO,My My My!,Troye Sivan,US,6
2DTpP3caqX3QdJIEoS83mD,Your Heart,Joyner Lucas,US,6
12VH4g5pTMZmrUVzfJq7F7,M a k e I t T o T h e M o r n i n g,PARTYNEXTDOOR,US,6
43MifzVnh8W3jJN0xqU9jR,Wasted Summers,juju<3,US,6
1Hd2XLitkt1PYCWSbfF5qV,Wish Wish,DJ Khaled,US,6
64SCQtbRtmO28ks1QhS3w5,Warning,Morgan Wallen,US,6
1CCDIow4pPYyJYzhtTUYz2,RAW SHIT,DaBaby,US,6
5pRTz4O2qOkr5nawemy6Wb,Tombstone,Rod Wave,US,6
3e32UUqXzrI4g2y5kNZrwC,dopamina,Peso Pluma,US,6
2PpruBYCo4H7WOBJ7Q2EwM,Hey Ya!,Outkast,US,6
2wZjsbwmWfNVslgV5afl1L,Out The Mud,Lil Baby,US,6
30VrBsh1STRBoIrhQOAwzK,Disturbia,Rihanna,US,6
71d7LaAgPcNcUopu3OzmP7,Make It Rain,Pop Smoke,US,6
1QgTBfRN5m81a5K01qens6,444+222,Lil Uzi Vert,US,6
505v13epFXodT9fVAJ6h8k,AMARGURA,KAROL G,US,6
6urLjX35oXXRYtcH1b3dCh,Dubai Shit,Huncho Jack,US,6
2n1xrggQtAGEV1AgzvooGB,The Man with the Bag,Kay Starr,US,6
0FlfN5cbUUpIHCRH8X1M44,The Climb Back,J. Cole,US,6
5gNOINI5dXZVom2b36LMOd,PICK UP,DaBaby,US,6
57bgtoPSgt236HzfBOd8kj,Thunderstruck,AC/DC,US,6
1W6wxOOYyJyyok8fqYSZ3m,Top Off,DJ Khaled,US,6
0kzN7YAMSbmlHOvxlbQW9y,Di Que Si,Grupo Marca Registrada,US,6
7ehhnVu3JUWMaSJzY1zC4k,Silver Bells,Bing Crosby,US,6
6PJ8FF6UR8FZXfEvpHkIVN,How Would You Feel (Paean),Ed Sheeran,US,6
0TFVOjSvPTjFHkiZZekK5k,Pineapple,Ty Dolla $ign,US,6
1VJwtWR6z7SpZRwipI12be,Candy,Doja Cat,US,6
3qk4wRMDlaeagZGjSYbsOV,Sober,G-Eazy,US,6
2UwbhMie1EAYuTZ0QXeMwl,Save Me,XXXTENTACION,US,6
65u1dHQyQyE4y4aN2eDmMF,$$$ - with Matt Ox,XXXTENTACION,US,6
0tdCy39PgWN8LFWu34ORn3,Rap Saved Me,21 Savage,US,6
170DNUSnQRp1tGpppF26pA,Epidemic,Polo G,US,6
4qSsjDGXplb6422X2INvFW,Say Amen (Saturday Night),Panic! At The Disco,US,6
5UNMyX2AzF8X90wAYAxG6Q,Heart Like A Truck,Lainey Wilson,US,6
6UTmrvq4nRmx1iQ6iMd1FD,Almost (Sweet Music),Hozier,US,6
3QWjljChcOMkRDYSzF33Qr,Whippin,Kiiara,US,6
35Xf2ABjPzUXKz19akd7Jj,Famous Hoes,NLE Choppa,US,6
6ZIuit0z4eQg77F1RGkp0L,Nico And The Niners,Twenty One Pilots,US,6
3xby7fOyqmeON8jsnom0AT,Nightcrawler,Travis Scott,US,6
4dZTZbmJBCCofAExHwefda,Lottery,K CAMP,US,6
5cx7vkF8BQ0iOsVpfvZbnz,Sleazy Flow,SleazyWorld Go,US,6
4cTm3Ev9bUvy4ChJjB1nhl,Juicy,Doja Cat,US,6
4at3d5QWnlibMVN75ECDrp,Pretty Little Fears,6LACK,US,6
3jlxX3VXPiY3lvBBbppQD3,TELL ME WHY,The Kid LAROI,US,6
48AJSd42lXpicsGqcgopof,X ÚLTIMA VEZ,Daddy Yankee,US,6
380HmhwTE2NJgawn1NwkXi,Rojo,J Balvin,US,6
4JE6agBLHGA5TaF6FlqfBD,As the World Caves In,Matt Maltese,US,6
2YzmfPLqUx5CJOaw5ThsBV,Plain Jane REMIX,A$AP Ferg,US,6
7BlBVFwvbWvcwNcUarQmjk,"Yo x Ti, Tu x Mi",ROSALÍA,US,6
5i7ThJfYLAzp2DyZuFpF6j,Heart Of Glass (Live from the iHeart Music Festival),Miley Cyrus,US,6
7s95nPLMfiLTPoQ7pqUFmO,Adderall (Corvette Corvette) - Remix,Popp Hunna,US,6
5BJMeoCXXgbRAWfp6fTulr,Shotta Flow,NLE Choppa,US,6
1W24W6jQegnNh0x5DfBBPT,The Grinch,Trippie Redd,US,6
1N90cV79gbBgO0bOs74Y0t,Heatstroke,Calvin Harris,US,6
1LIqNVhaIgxXUt2eVoIQJ3,HP,Maluma,US,6
7JDWhC422Gtk1Bq0mL3OTC,feel something,Bea Miller,US,6
6LcauUZjF1eXQrgqMUecHX,Ayy Macarena,Tyga,US,6
2grAr8pWMuLWn8ZYEE9wDV,Never Seen the Rain,Tones And I,US,6
4bEcoz1OcfMgUbp2ft8ieQ,911 / Mr. Lonely,"Tyler, The Creator",US,6
0nGXi46VcQQ56ZJR428MKS,Does To Me,Luke Combs,US,6
30z4LVkScpeNhwHFIB8Ewa,I Love,Joyner Lucas,US,6
1qzckO538IWjqa7eCQdSJ4,Throat Baby (Go Baby),BRS Kash,US,6
6HlE9t71z9DjGi7KqSyEpA,Deep End,Fousheé,US,6
2fuCquhmrzHpu5xcA1ci9x,Under Pressure - Remastered,Queen,US,6
7cQMJ0wDqVS5iM0JIvP6Ay,The Last Of The Real Ones,Fall Out Boy,US,6
2SZy40PLDk3vFucXUGFCFA,You Don't Know Me,Jax Jones,US,6
7MVEiuVeoSxi4iTjQM699B,Gucci On My,Mike WiLL Made-It,US,6
5xNUR50KxswPRAvx7S163g,Come Alive,Hugh Jackman,US,6
0HDdyhtep8nLbCbcjFNlcz,Real Friends,Kanye West,US,6
4lESS6vuruP6a79KWRaQou,Corazón,Maluma,US,6
2m2ZGfJcs3lHWNPzhWH3XH,La Modelo,Ozuna,US,6
3y9cCbnBn0zjkJa2YkOj70,Black Barbies,Nicki Minaj,US,6
2S2od3hT7ceytw7d1pTRuE,Again,Noah Cyrus,US,6
35UUpTmrcFXNIVIN26ujXl,Relación - Remix,Sech,US,6
4PpuH4mxL0rD35mOWaLoKS,Lemon,N.E.R.D,US,6
4vgVpxNTdfmcbBvk6hMPn4,Wolves,Kanye West,US,6
5AezhHjX3R1bmxcAEgrFpS,End of the Day,One Direction,US,6
1PSBzsahR2AKwLJgx8ehBj,Bad Things,mgk,US,6
6Pw3Gvw4wNMZfTYZa6IQal,The Way I Are (Dance with Somebody),Bebe Rexha,US,6
0hKBQO2KtkDw99y7oUaTPf,Shining,DJ Khaled,US,6
0ZExP2I5Ej92PsnG4G1jVG,Uh Huh,Julia Michaels,US,6
34hoCwSsssai61QCqzGYtX,Bored To Death,blink-182,US,6
28kwfhqP0K1f6ll0lpHg45,Words,Daya,US,6
4JeOesjcWWlprTAvucDSJX,People Watching,Conan Gray,"KR,US",6
2vwvGMStv1nEuoOTd4xgMu,Tiimmy Turner - Remix,Desiigner,US,6
1Uq3IOIy1CUlHUgP6vWpum,Smoke Break,Chance the Rapper,US,6
4r6eNCsrZnQWJzzvFh4nlg,Firework,Katy Perry,US,6
1DmnEYXa4WfbdhAPwNzgD8,30 for 30 Freestyle,Drake,US,6
5JvTl9PGOapS3D7BIGjlSk,Angel,The Weeknd,US,6
5NU40QTlXrDUJzDBdv79bg,Deserve You,Justin Bieber,"KR,US",6
6oLHyWvmk6bKrA91EIYZBp,Wednesday Night Interlude,Drake,US,6
7bqtkOsSx4q6YUtmv60ffR,You & The 6,Drake,US,6
1NM1XuictEIvPuscutKMZV,Bet You Can't Do It Like Me,DLOW,US,6
02ILwrgX3DDx9mclP2EI41,I'm Ready,AJR,US,6
6jFGs4RjefAi5Kf7F35bht,The Blacker The Berry,Kendrick Lamar,US,6
55fA0W0L1GqJRfZ7HLrf6O,Ain't No Time,Future,US,6
0j2O6RH0weEh6i3YFBqfuo,Dirty Mind,Flo Rida,US,6
3iZqyq5JXvhkpWHDIjDYIM,Snake Eyes,Mumford & Sons,US,6
15uFqHGAOvaGCqikvgiW6w,Sleepless,CAZZETTE,US,6
0rBMP6VVGRgwnzZCLpijyl,Canal St.,A$AP Rocky,US,6
5dcYoYFAXh0f0qI05AoufB,Ghost,Halsey,US,6
5u7o3wXWJI7AN1b9KIf3m8,Liquor,Chris Brown,US,6
6TzJLISIitIzn1WtjDY0Op,Hallelujah,Panic! At The Disco,US,6
7KgIWoRGSobVvaEjHBnpeD,Wu-Tang Forever,Drake,US,6
4gkl7QbQvBd3TM9PhlWFkI,Love Yourz,J. Cole,US,6
5lOK3NCvbvgK6cohyTTQ4Z,No Good For You,Meghan Trainor,US,6
6LJW6UDLOgHKo3jS1ZuFCe,Pound Cake / Paris Morton Music 2,Drake,US,6
1DnSNqCQM3LUxqFuXt184Q,Have Yourself a Merry Little Christmas,Michael Bublé,US,6
5XKXMWPACPq51OiqzxenZo,Do What U Want,Lady Gaga,US,6
7M4wvKVDluQDvZ6BncDe9c,Ex To See,Sam Hunt,US,6
7jOvEsDIjHRH0LwCkwZSHS,Crazy in Love,Sofia Karlberg,US,6
6ft6fL3IKdIzzkl6Ldbpks,Get On Your Knees,Nicki Minaj,US,6
36c4JohayB9qd64eidQMBi,Doin' it Right,Daft Punk,US,6
6RB9YvNyP0RZfCUcMtZELH,Freedom,Pharrell Williams,US,6
7fj6W4dMyCsEGgwx6f68E8,Work,Iggy Azalea,US,6
37EDnGj3yFe5Hs4Zk3s3YF,Monster,Meek Mill,US,6
007lsEHi6fP9LoYB7czYUa,Divine Sorrow,Wyclef Jean,US,6
4L2K7JKseFCBoHMZEAszW0,Jealous,Labrinth,US,6
5OFKWrKbS8iTIGxgjyHDzW,Coffee (F***ing),Miguel,US,6
0xCA70t1ZA4fa9UOE0lIJm,I'm a Mess,Ed Sheeran,US,6
3lvjylsu8P2mScgru26w1X,Work B**ch,Britney Spears,US,6
71O1jD7bF3cdMPvPi186V6,I Will Wait,Mumford & Sons,US,6
4oH7nCpSYnAfd9dO76zuvd,Fight Night,Migos,US,6
6uaBPdNeTvL4yH9CVJOg6K,Midnight City,M83,US,6
7rWq6WfZNwilZgRvZUw6CQ,Try,Colbie Caillat,US,6
6vscP7Fweq7fwosyliwjRq,I Love It When You Cry (Moxoki),Steve Aoki,US,6
5VHuGRvkB61pvdQjAgUazm,Next to Me,Emeli Sandé,US,6
2UN0lp72LAusrXi8LLVomt,2step,Ed Sheeran,"KR,US",6
6t6oULCRS6hnI7rm0h5gwl,Some Nights,fun.,US,6
64XaqRfp8sxAWM5qd6t7jG,Life Of The Party,Shawn Mendes,US,6
3bi8yEuK44vLcbjHkPH0u1,2 Heads,Coleman Hell,US,6
6q5vZHAzu2uSWu7qYKSse0,Flicka Da Wrist,Chedda Da Connect,US,6
0USn5f2VZGbHjHkbjcijzU,Pop Off Pop Off,KiiiKiii,KR,6
5u77QBJa2fUREcFTM7PwME,MDLZ (With. PENOMECO),Marv,KR,6
1my8zFESgULmuj3D2tzK1R,Candy Pink Magic Hole Flip Phone,KiiiKiii,KR,6
2bJI4NceMjye26SmzewutW,Surf,NCT WISH,KR,6
3Va1GWNQ53gcPiB4KxuCd5,Whenever (Feat. JUNNY),dress,KR,6
2MYEjz9rwWyvSbhwiJvR1g,Flashback,N.Flying,KR,6
18AMT576rBlQFMzUTS7WBa,THIS IS FOR,TWICE,KR,6
7k1zf9Ch2n8dgNQ0UxbxJ9,내 머리가 나빠서,SS501,KR,6
6Yj8kVuVR3UPxx9r5eFEoV,Miniskirt,AOA,KR,6
1xkhh2mQI71CJJUrIbyKwk,No Words Can Say,Roy Kim,KR,6
7dTW21YAJxnAOiUh7Rtu9S,怪獣の花唄,Vaundy,KR,6
0BIutvdEclGIwaFeekFNCC,WHERE YOU AT,ALLDAY PROJECT,KR,6
2QmoGPYjajOOCtiv3wQseI,DROP TOP,MEOVV,KR,6
1Yy0eOzubrYK75bXH3rFbF,Hug,RIIZE,KR,6
7JxPQzxhJSsBBNu1D76ig2,JEALOUSYVALHALLA,YANGHONGWON,KR,6
6jl91VgNuRjpwO0MJQw29F,Vivid LaLa Love,LEE CHANHYUK,KR,6
7HaUkQ34NYlOXFFspHeoG6,Falling,Jin,KR,6
6tTEVnwV1CChwKMshrd9V5,WE LIKE 2 PARTY - KR Ver.,BIGBANG,KR,6
22TC1XBg8FZWTQHWsDvZ0s,ONE SPARK,TWICE,KR,6
3tgWMPOY4stCdKYj5NjrAe,F*ck My Life,SEVENTEEN,KR,6
0mlxHb4jbPr1PUBUv0WHRS,Stamp On It,GOT the beat,KR,6
3drPHXPtY4FQ4H55QVLHbY,"COMPASS (Feat. UNEDUCATED KID, SUPERBEE) (Prod. R.Tee)",KHAN,KR,6
5cSpLa9JzWalPQ0yktfrWf,Party O'Clock,NMIXX,KR,6
1Zr1SoGePJ3iKKakmmZaMR,SET ME FREE,TWICE,KR,6
1UjN1QVbHnzJiqjkqzWmZK,Love War (Feat. BE'O),YENA,KR,6
3Owz3vrIE44Hvt0sLsfwHI,My Satisfaction,IVE,KR,6
6JIm38KbaDGfi65VGETDi9,Ordinary Confession,LEE MU JIN,KR,6
6stn0schvLBMoRHsDeYiIi,LOVE ROCKETS,The Birthday,KR,6
26ZVy8n9X8K59DXFyZtkT0,SEOUL DRIFT,ZICO,KR,6
2ERZ0YZSFysdePb3G7t0p4,Thorn (Prod. CODE KUNST),Gwangil Jo,KR,6
6AB530RfPBhjaqikjc04Ay,Say I Love You,Woody,KR,6
2qd4cLpENPf0gBia8WFi0m,Next Stop,IU,KR,6
4vJfBno2d0mTjMcYn5lEln,Ballroom Extravaganza,DPR IAN,KR,6
5EAfUqytXYbH0yUZR3QGli,Never Goodbye,NCT DREAM,KR,6
6XQ79k5r81pcYZSutBED2t,Real Love,OH MY GIRL,KR,6
4rOODw637hsmsq0uzT0DN3,Advice,TAEMIN,KR,6
5FsdBmqWWfS6S5X4NfmxSh,Hula Hoops,DPR LIVE,KR,6
6KZ5tQzMzradTe0pxsfObz,Yellow Cab,DPR LIVE,KR,6
7GLn0324YKGYxbYN7GH8Ip,Joker (Feat. JAMIE),BIG Naughty,KR,6
6MVhgdbH0AKZlEef2dgJ92,To the Moon (Feat. UNEDUCATED KID),YUMDDA,KR,6
40mxAPW0mpgZ4EGPWiFxt9,iPad,The Chainsmokers,KR,6
4gMPlHHAjOQnUrhsuqHivn,To My Youth,BOL4,KR,6
4ShxDU7CHNQVi2wwgSdqfF,Loving You Girl,Peder Elias,KR,6
0du67LyuJeUjQChxl8rTa8,26,Lauv,KR,6
1iNvVaWmlKJns2LNTXN39Q,aenergy,aespa,KR,6
3QD0Y1tTngihByjdWC99lG,Killing Me,CHUNG HA,KR,6
4cK8aSO2Ec4gmIjhtHfAKd,Right Through Me,DAY6 (Even of Day),KR,6
5fIncTfHKPZUV0ddlAhDnr,The Giving Tree,LEE SEUNG YOON,KR,6
4so85rrFc5TCgT6rd2vweV,서툰 이별을 하려해,Yountoven,KR,6
3Y4SnP9NDIjEj69mMY4NVp,You make Me,DAY6,KR,6
1sHEEu15zcW0654NkXGyaZ,Make it,2PM,KR,6
3jHg6QE70y2FTdnsxSrCbv,GingaMingaYo (the strange world),Billlie,KR,6
6KE3Fs6LMzi4hJI3eFqyLC,Don't,eAeon,KR,6
0KGn1PDH5cqmD4B8GMVfae,SPICY,CL,KR,6
6SvC0ocJPoolWLaEV8UE58,What Type of X,Jessi,KR,6
1kZwWtijucTV6LRUrGn51f,One More Night (Feat. lIlBOI),ASH ISLAND,KR,6
0utN0m9bi6E5oqZz7cK4QD,Carabiner (Prod. GroovyRoom),ASH ISLAND,KR,6
31l7az7JT4boi5BjUth78k,Cheap talk (Feat. JUSTHIS) (Prod. CODE KUNST),Gaeko,KR,6
2qwplOI7upNGwg2mLVrraw,Nerves,DPR IAN,KR,6
7f5np1evozJ5kXUXXztTSm,Hate that…,KEY,KR,6
1eykKBqxHgasGHwjOQIvbt,UNNATURAL,WJSN,KR,6
6FZAc2XaVYc8G8jaDnBshv,"You, Clouds, Rain",Heize,KR,6
1Fhb9iJPufNMZSwupsXiRe,beside you,keshi,KR,6
3aHYf6AXlWujDG9CzzT95i,Like 1999,Valley,KR,6
382vwoXF6ksNuaPbMYiQy6,"LOVE DAY (2021) (Romance 101 X Yang Yoseop, Jeong Eun Ji)",YANG YO SEOP,KR,6
149wehc4FMDdj685CAAFRK,All I Wanna Do,Jay Park,KR,6
1djpbpGI8DlsH7l2uDtqUg,Thiên Đường Với Người Thương,Phương Mỹ Chi,VN,5
6gmvd9Lld9MiNR9r6I9eFE,Panorama,Richie D. ICY,VN,5
50xuQI5QlXggFKpq66IBON,Sandwich & Story,MONO,VN,5
4WFfPxJv1KRekG6mxn837K,EYES CLOSED,JISOO,"KR,US,VN",5
0uNiJnKGuiX9SaUoLpXG96,BIGTEAM BIGDREAM,BIGTEAM All Stars,VN,5
2ix8KB1Xm7rRGzkh3i8P1d,NGƯỜI YÊU CHƯA SINH RA,"ANH TRAI ""SAY HI""",VN,5
6IxPiUQI4Cd0mL0pBIOjAg,Hết Yêu,HIEUTHUHAI,VN,5
1HIGvBEkqODXGfmfK3eJgc,Vạn Sự Như Ý,Trúc Nhân,VN,5
4QNH4OjJ9W10afDYAHi03I,Anh Nên Đi Khỏi Đây,HIEUTHUHAI,VN,5
0gxXkhbz8x0P0GNN2Pc3lm,Kịch Bản,Táo,VN,5
15YePdrwoWzDN68BanP7r4,BẮC THANG LÊN HỎI ÔNG TRỜI,"EM XINH ""SAY HI""",VN,5
7KNmIjcmGJIBrhP2s5Vioe,Born Again,LISA,"KR,US,VN",5
0aPZbnkMoWJaJ5CNVLCj8S,That Should Be Me,Justin Bieber,VN,5
7i6r7tGMyE8ckRD8yeMSTz,RUN,"EM XINH ""SAY HI""",VN,5
7DKTqxctuNjAUsU2a8jVv2,MỘNG DUYÊN,"TINH HÀ ""SAY HI""",VN,5
2U2u397Ae67nMMB4tje3Sq,NOT MY FAULT,"EM XINH ""SAY HI""",VN,5
5ss0vVhjoxD7Dvmnq30yyT,một người như thế,"TINH HÀ ""SAY HI""",VN,5
2vRVkMbH5quR47CYV3Dsyb,Tình Yêu Giữa Mùa Đông,Phan Mạnh Quỳnh,VN,5
5r6Rae4kq7CikBuoTaj6RF,người còn thương em không,Tóc Tiên,VN,5
2xxneabRzrlVgHRv0HtHxl,RƠI TỰ DO,"EM XINH ""SAY HI""",VN,5
3GB4HXnN9unbC4SqxSF3dW,' NHỨC TIỀM THỨC |,Hà An Huy,VN,5
3vWCRttEOSRmXZs8jfAPSX,01 Chuyện Dở Dang,Ngọt,VN,5
2UIHeKm20W1GwNgDq4uaFe,No Alcohol,HURRYKNG,VN,5
7cSGNw7yAauscxAkPrOCts,1/2,Lee À,VN,5
3A0QLMQn0XqmCrJMInLhYg,Phong Long,Low G,VN,5
1XwSFfIlwB7pZrbovT9Kvo,Hẹn Hò Nhưng Không Yêu - Remix,Wendy Thao,VN,5
4keuUM29CtIWgsPRzRhXoW,WOKE UP,XG,"KR,VN",5
6vRpcm8c6b8My9BCs14rHf,Đừng Để Tiền Rơi (Special Version),Low G,VN,5
0g7d8Y9Y2BP8qFZDzngnSz,Finding You,Chi Pu,VN,5
2duOZC2662k9GdBjjFKewq,Gặp lại năm ta 60,Orange,VN,5
2OSjnBrQQ0CNKxIUM2GQDk,Crying Over You,JustaTee,VN,5
3IA9LkBEVhJDOxOnh1nf8a,Butter (Holiday Remix),BTS,"KR,VN",5
0jV9S5sUnQSEvwMSXQ2u4l,Người Được Chọn,RAP VIỆT,VN,5
43qX7PiMfluhGyrJrjcP9p,I Need U,BTS,"KR,VN",5
5P7kRfpLaQRQsHKhgqximh,Tay-Lai Pr0 (Tây-Lai Pr0),RAP VIỆT,VN,5
0SipHvQl82LyuU4t9Zkf8Z,HÚT,"ANH TRAI ""SAY HI""",VN,5
7HEXZEi0o68fflNYw4xhKB,Vành Khuyên Nhỏ,RAP VIỆT,VN,5
4hNVgNMncBxoYrb5D7dikN,pages,WIMY,VN,5
5BE96iX1TLgVHFDJPcKpkp,Sài Gòn ơi,Obito,VN,5
0phm7GkRTCRI9OQqTJvG6q,làm lành chữa tình,tlinh,VN,5
4A4Qdq6Jl4XilO2FS1sq2y,Thủ Đô Cypher (RPT Phongkhin Remix),Rapital,VN,5
6N1K5OVVCopBjGViHs2IvP,The Joker And The Queen,Ed Sheeran,"KR,US,VN",5
4CKGjLQYTZv9S1eDuUG7DG,Vì Em Chưa Bao Giờ Khóc,Hà Nhi,VN,5
64MtOI3pXkAdqluI5VH2bC,Vành Khuyên Nhỏ,RAP VIỆT,VN,5
1edcyazKIdKrIuz9cWpXU6,twilight zone,Ariana Grande,"KR,US,VN",5
29cUOvKfTmx9SFDC73QHv5,Cuốn Cho Anh Một Điếu Nữa Đi,RPT MCK,VN,5
4RwQ5UUOgphhjBM8zF62RQ,Ném Câu Yêu Vào Không Trung,Hoàng Dũng,VN,5
1Rweq7vNjK4kZBbGrmxQsl,bye,Ariana Grande,"KR,US,VN",5
7sPYGMt8D7FVdIdXmekdPt,Hoa Ngũ Sắc,K-ICM,VN,5
50y0OQgar3BnwTt1pXdYsM,Lonely,RM,"KR,VN",5
5UZFK9JGgU2BoDAWwhH9rC,Đi Đu Đưa Đi,Bích Phương,VN,5
74ewFAgDzRkhZ7EX2eLtfZ,Winter Bear,V,"KR,VN",5
2lGGlexu72TnPQPUHd8NWt,Hạ Phỏm,Hoàng Thùy Linh,VN,5
55Ctj6nVfobn9AcPe6sLG2,Like,BTS,"KR,VN",5
40xpKrnumGPEvHcw1kuL9R,Yun,RM,"KR,VN",5
40SuiVcQ5NyDk48nZSADK3,All Day,RM,"KR,VN",5
2DeraySaI3fomlDF6S2NZa,Bài này không để đi diễn,Anh Tú Atus,VN,5
3RkSwrsIadAvqVtMp5yhaB,XO (Only If You Say Yes),ENHYPEN,"KR,VN",5
5xfeQsy7aUdM1pHvTRZMDI,Bao Nhiêu,Chillies,VN,5
2LX16d9LWQxmlUiOfxHKYO,Em Trang Trí,Ngọt,VN,5
5jL0h9UUmy8NXq5Kz0E7Po,"3 1 0 7 7 - W/N ft. ( titie, Duongg )",W/N,VN,5
788R2DoEe7XIzeZamawv6U,Đừng Gọi Anh Dậy,Phuc Du,VN,5
1rh2FhrUQ7YIPkbUePmBvw,Tam Giác,Anh Phan,VN,5
3OdkC5pG8vc26S26qHyBo8,まつり,Fujii Kaze,"KR,VN",5
00I41xsW6SunZDJ5fB8KAd,Safety Zone,j-hope,"KR,VN",5
6juLaduD4STCUDWT0AYun4,MORE,K/DA,"US,VN",5
266QhbDtB6QapuIYRBaLFe,Christmas EveL,Stray Kids,VN,5
6IrjIvxxqZuidkENjW72Q5,tình em là đại dương,Hoàng Dũng,VN,5
6mLXOeT21ES6iZB8bfiGI6,SÀI GÒN CÓ EM,RAP VIỆT,VN,5
3efpTAvesRrJYCTx4w2UVc,Killin' It Girl (Solo Version),j-hope,"KR,VN",5
3fidy9x1CoAeDGZIsOTOKE,Chúng Ta Không Thuộc Về Nhau (Sky Tour 2019),Sơn Tùng M-TP,VN,5
4pZi0VxU2C8zuxCYfEtFuL,BiiiG,BIGBANG,"KR,VN",5
1KMjX7474LqjPPMRMGqDhm,Mặc Sự Đời!,RAP VIỆT,VN,5
37t9Z9e3sGpBsYlKOolrUB,Lạc Trôi (Sky Tour 2019),Sơn Tùng M-TP,VN,5
0msVGxdGh0ApoYekheII8k,Em Của Ngày Hôm Qua (Sky Tour 2019),Sơn Tùng M-TP,VN,5
4Sav8RLaXMBpTZX6xNPj0K,Try Again,JAEHYUN,"KR,VN",5
0PoAZ7SLFpqpYR9LSCYAo8,CRY FOR ME,TWICE,"KR,VN",5
5tGyy0xulegIEiuJij70WY,Intro,Hoàng Thùy Linh,VN,5
5FiXhM80sP4yg6tEnHkZZn,HWAA,i-dle,"KR,VN",5
5Pixk2d6ey48MKVq5W6HWt,DRAMA,G-DRAGON,"KR,VN",5
3Mj39aPp9Ts9utchsXZcjZ,Lo Xa,Tiên Tiên,VN,5
1zAYWqTX6qyRCKe9KuCUx0,Seven,Jung Kook,"KR,VN",5
58KiGWbcsEbejvZjmDhrLV,Hãy Trao Cho Anh (Sky Tour 2019),Sơn Tùng M-TP,VN,5
2slqvGLwzZZYsT4K4Y1GBC,Only The Young - Featured in Miss Americana,Taylor Swift,"US,VN",5
2KdKh9vHbKW0tZLqtpxxI0,Honest,Justin Bieber,"KR,US,VN",5
1RsD951uUUlJx0MRioZfev,Cry About It Later,Katy Perry,VN,5
4nsNzuB6sGMr5MHaIJaW5k,Trên Tình Bạn Dưới Tình Yêu,MIN,VN,5
2h3MDMf8sd9s4XIzpTBIjX,I Can Fix Him (No Really I Can),Taylor Swift,"KR,US,VN",5
4fXGWiVhlOLdhwRDP6pIFG,Lemon Tree,Fools Garden,VN,5
4MdcsdRj7i8eBm0qFjO4L4,Feel Me,Selena Gomez,"US,VN",5
4QnC1bIaMSfDQvF4XDhV5M,Boyfriend,Selena Gomez,"US,VN",5
1fipvP2zmef6vN2IwXfJhY,I’m Ready,Sam Smith,"US,VN",5
4NioO5R9sHEZh4cGzMHyNt,Say Don't Go (Taylor's Version) (From The Vault),Taylor Swift,"KR,US,VN",5
59WeKh3mfvP7fs20pywNHL,Người Chơi Hệ Đẹp - Cukak Remix,16 Typh,VN,5
0ZNU020wNYvgW84iljPkPP,mirrorball,Taylor Swift,"US,VN",5
77dcmf2tTedc3BuOPF13Ma,We don’t talk together,Heize,"KR,VN",5
41WQUSINanQHfhfKpFDsms,Used To Be Young,Miley Cyrus,"KR,US,VN",5
1UlhrRvYzbHEyugEDspXUB,Clara Bow,Taylor Swift,"US,VN",5
6KJqZcs9XDgVck7Lg9QOTC,seven,Taylor Swift,"US,VN",5
4yyX2Iu4xJjW9xMvBZKSBi,Met Him Last Night,Demi Lovato,"KR,US,VN",5
0bGJHUPR6ems9tzIljlPFR,Begin,BTS,"KR,VN",5
44V6EzbUSYgyfsNiP0FrlA,Visiting Hours,Ed Sheeran,"KR,US,VN",5
23ZDBFvc07Nq0iWGDyNgd7,,Hà Anh Tuấn,VN,5
7pWK1kMgHy5lNNiIfuRbkP,Used To Love,Martin Garrix,VN,5
029B34AzPVXzOQCyaJpkdH,Changes,Lauv,VN,5
3KdoeNlEN0BoAKWzaRLNZa,Solar Power,Lorde,"KR,US,VN",5
1WdnyGs1uSntpCLgjwc3ps,Cô Thắm Không Về,Phát Hồ,VN,5
4jp4Z02kzzg8gK0NmDGgml,Play,K-391,VN,5
7kt9e9LFSpN1zQtYEl19o1,this is me trying,Taylor Swift,"US,VN",5
4y5bvROuBDPr5fuwXbIBZR,Paper Rings,Taylor Swift,"US,VN",5
2NmsngXHeC1GQ9wWrzhOMf,illicit affairs,Taylor Swift,"US,VN",5
4dF0mDPTlpjThf1mJyK83B,tokyo,RM,VN,5
4KwxMQu99ZgqpsSKzXT2ep,In the Night,Le Mousche,VN,5
7nUzeF9FfqecGYMGwa3d2s,Enhanced Depth,Trance Demon,VN,5
2IHLaN6wwYKQ3S24NsQqpA,I Love Me,Demi Lovato,"US,VN",5
7IdqwdeD9kZCMzCNLOSDgo,Em Có Còn Dùng Số Này Không,Thái Đinh,VN,5
5UXJzLFdBn6u9FJTCnoHrH,Memories,Conan Gray,"KR,US,VN",5
0FFsgUoFibYISzMxuGS61W,I Don't Do Drugs,Doja Cat,"KR,US,VN",5
6xf52NA2f59iYA3PVcyp9N,,Phương Ly,VN,5
4kaOjoMZnc6FzPCYk4eJPA,,Vũ Cát Tường,VN,5
5BK0uqwY9DNfZ630STAEaq,gold rush,Taylor Swift,"US,VN",5
2VlLbhGLVJgdOW7kKdWWFc,Six Feet Under,Billie Eilish,VN,5
4cbdPT6uaBOgOQe3fLMofl,Power is Power,SZA,"US,VN",5
6E7jAJN2e3znSHyPCdQqx8,gogobebe,MAMAMOO,VN,5
4356PL6jkERzJouVfQQkZo,High Infidelity,Taylor Swift,"US,VN",5
1bZNFcnyCmlnbs337baR0b,FIANCÉ,MINO,VN,5
05mAIVLkIWc2d1UBYZBCp8,1999,Charli xcx,"US,VN",5
1ToprX3cpBiXoAe5eNSk74,Eleven,Khalid,"US,VN",5
6RJBrG3VHz2hPITjv88chh,Glitch,Taylor Swift,"US,VN",5
5fCDWDX2Kv9jc1s7nZfzOi,forever rain,RM,VN,5
4GBkffrtA51p17JH35irGA,‘tis the damn season,Taylor Swift,"US,VN",5
0hmRGjLznEdlzBf80x37Xt,Krazy,Touliver,VN,5
0PurA4JVJ8YQgSVopY8fn6,tolerate it,Taylor Swift,"US,VN",5
0mL82sxCRjrs3br407IdJh,Is There Someone Else?,The Weeknd,"KR,US,VN",5
7CHi4DtfK4heMlQaudCuHK,Lose Control,MEDUZA,"US,VN",5
3C4JO6WYTsq8xdmkJjWUeu,Mảnh Ghép,Andiez,VN,5
1SL1m8JtOZml2zDr7qIyrC,Anh,Hồ Quỳnh Hương,VN,5
4mGdjNMo0RonTlOEb7cYg4,11 Minutes,YUNGBLUD,"US,VN",5
0ZJcKRLc0dZp24G6MkvSnq,Xin loi anh qua phien,Đông Nhi,VN,5
2IiLNuIJjoW8Nlv2jxLSFu,Ánh Nắng Của Anh (Chờ Em Đến Ngày Mai OST),Đức Phúc,VN,5
0Dq49j3dELbttQVUJbtn0c,Nervous,Shawn Mendes,"US,VN",5
4gJAWJnE5cvAAWyTMTxgdY,You Are The Reason - Duet Version,Calum Scott,VN,5
6tTeRmhhuwDl5Y4UiJdHuO,Attention,OMAH LAY,"KR,US,VN",5
0Z26mbSHJ1dkUu7g9DDgif,Trigger,Major Lazer,"US,VN",5
575NJxNUVDqwJGdzBrlLbv,Lost In Japan - Remix,Shawn Mendes,"US,VN",5
1PNs0uGru3TcrA94kpyGnc,Do We Have A Problem?,Nicki Minaj,"KR,US,VN",5
20GrahbI4AzAOWxpYfDKkf,I DID IT,DJ Khaled,"KR,US,VN",5
0YammaEkYSeo9vQYZ1OwS6,Say My Name,David Guetta,VN,5
1ArLnG0bHaHPXqf08sEKM0,Consequences - orchestra,Camila Cabello,"US,VN",5
66pF9pnRmL30d5dSs3UEDq,Trong Trí Nhớ Của Anh,Nguyễn Trần Trung Quân,VN,5
5MvLsT03RBp67RLoeISCdl,Do You Mean,The Chainsmokers,"US,VN",5
6Upu6yjkdi0DVI8E3IBZEU,Don't Wanna Cry,SEVENTEEN,VN,5
3lSM3Wn3RJbzAAHzJ3sX1f,I'm so sick,Apink,VN,5
5roIqBOfs7unk4KsPEEbar,Fall In Love,Hoàng Thùy Linh,VN,5
520eDvPVFz226AeEyeWX7v,Phố Mùa Đông,Phạm Anh Duy,VN,5
42tFTth2jcF7iSo0RBjfJF,피카부 Peek-A-Boo,Red Velvet,VN,5
7GbAp0HKPQW7WnFJAzMoRk,Thru These Tears,LANY,"US,VN",5
02NkFtyzVNT3ZYAjCmVpby,Lieu anh co the yeu em,Khắc Việt,VN,5
60fOQ17VEfVTYzQ9GEXgX3,Kém Duyên,Rum,VN,5
2GjxDcfAZjYhrxjz2t4qat,Love You Anymore,Michael Bublé,VN,5
75scDPqGs75FotglJSoOI2,MIC Drop (Steve Aoki Remix) [Full Length Edition],BTS,"KR,VN",5
6p8eEdiZLKJH8tcjGZuNTK,Run,Joji,"US,VN",5
5mqzhMuUpvnMfwNz6iepmO,Welcome to the Party,Diplo,"US,VN",5
5QskYLFPX9y7pLU0VEMNbr,Like To Be You feat. Julia Michaels,Shawn Mendes,"US,VN",5
2XTquzYQAdT1Hk78bOUwsv,Greatest,Eminem,"US,VN",5
2gsNpSn7VvvJuSrIDfRoYy,Kamikaze,Eminem,"US,VN",5
79JBjIq90BrQ8Ws0pUhlzD,Mad Love,Mabel,"US,VN",5
13wNEvWmBsWaWVtiLPRIW5,Hurt You,The Weeknd,"US,VN",5
5fcM0StdQxMjzulVGhFkHN,8 Out Of 10,Drake,"US,VN",5
3c3XJ9P1BjOtmNXKvdVyHK,For A Better Day,Avicii,"US,VN",5
7p4vHnYXkxlzvfePJVpcTr,Feels Like Summer,Childish Gambino,"US,VN",5
1wFFFzJ5EsKbBWZriAcubN,Family Matters,Drake,"KR,US",5
62E2nR0od0M5HYxuYLaDz7,The Black Dog,Taylor Swift,US,5
4S8PxReB1UiDR2F5x1lyIR,meet the grahams,Kendrick Lamar,US,5
2cZOYofOX4d6g0OXxkaIjA,ALL RED,Playboi Carti,"KR,US",5
18WFFUIsewmA8g31KAeo3e,The Prophecy,Taylor Swift,US,5
08LwMWf5Tcfsd752EPzFV0,i n t e r l u d e,J. Cole,"KR,US",5
7COiiObIVJIdBcW3J43Iy2,2 Hard 4 The Radio,Drake,US,5
3h5T5JypYU7huFiVYhv1dr,BbY WOW,KAROL G,US,5
1CsMKhwEmNnmvHUuO5nryA,SKINNY,Billie Eilish,"KR,US",5
6s8WSX1MxNThrot8ThI6fG,4X4,Travis Scott,"KR,US",5
5Bedn0svl0ZD7RGmJkmKKw,How Did It End?,Taylor Swift,US,5
7l2nxyx7IkBX5orhkALg0V,Privileged Rappers,Drake,"KR,US",5
5B3GZOZYXNzWpUXQC42hxZ,Sugar Talking,Sabrina Carpenter,US,5
1LLUoftvmTjVNBHZoQyveF,THE DINER,Billie Eilish,"KR,US",5
45pUWUeEWGoSdH6UF162G8,Broke Boys,Drake,"KR,US",5
5CscrLqFBgPfZR8fGtikov,making the bed,Olivia Rodrigo,US,5
0bhnUFDQFCEHCBlsQfHnj5,Photograph,J. Cole,US,5
4tVVmShMF2PYdLqcejrsy2,Goodbye,Sabrina Carpenter,US,5
6jy9yJfgCsMHdu2Oz4BGKX,Papi’s Home,Drake,"KR,US",5
5tGnphp8D9Doa2ZULhJSMx,Downfall,Noah Kahan,US,5
5sp71CUt0jXRNqHblPGp7b,ballad of a homeschooled girl,Olivia Rodrigo,US,5
26QLJMK8G0M06sk7h7Fkse,love is embarrassing,Olivia Rodrigo,US,5
34D6FJysnQioVingDKufuf,N 2 Deep,Drake,"KR,US",5
0hL9gOw6XBWsygEUcVjxEc,HYAENA,Travis Scott,"KR,US",5
4rECUI03C2RMqr5GYvqjlJ,Haircut,Noah Kahan,US,5
5Ndn1irZG8l6xpcLMGeNvc,purple,Olivia Rodrigo,US,5
3nNmRE0DxHC6ZaKkrpUumS,FINA,Bad Bunny,US,5
1EDPVGbyPKJPeGqATwXZvN,The Emptiness Machine,Linkin Park,"KR,US",5
0w1ZtnzQmtmuuoKxHT0pLL,Summer Games,Drake,US,5
0GMiRrUnQuoGddKMsxGPIZ,Fear and Friday's,Zach Bryan,US,5
2FoahzOSxJnalPA8aBUme3,all of me,21 Savage,US,5
6hZvOA9oBZZM812GNDLjEb,Holiday Road - Spotify Singles Holiday,Kesha,US,5
410ZZP746AQeiywhKvXWCo,SORRY NOT SORRY,"Tyler, The Creator",US,5
7tCuCjhxzjX2XCz4JiiAsp,TURiSTA,Bad Bunny,US,5
79x7xtoCLpf6l32Zz6mWo4,BOKeTE,Bad Bunny,US,5
5QEAqQ7NzbTP8Px5N3Ggmi,Eyes Are Closed,Morgan Wallen,US,5
3G7agPwWfcORnWCAGMDOpm,LA MuDANZA,Bad Bunny,US,5
7EWtB4NKYY3NqBl31PVip9,LA PEOPLE II,Peso Pluma,US,5
5FMyXeZ0reYloRTiCkPprT,Which One,Drake,"KR,US",5
3xYJScVfxByb61dYHTwiby,Hits Different,Taylor Swift,US,5
2Yt4SXIgmoaPZHGdRafp4P,Umbrella,Metro Boomin,US,5
4ThbwJaIWVxXZ1qJaHQBCz,Travelin' Soldier,Cody Johnson,US,5
3h76tbaYIamSeJL81X7ZwI,Cry,Benson Boone,US,5
2OZVskV28xxJjjhQqKTLSg,PIXELATED KISSES,Joji,US,5
11xC6P3iKYpFThT6Ce1KdG,Attention,Doja Cat,"KR,US",5
5M2lX0ZAYSAzCs1xPPi9BX,Fat Juicy & Wet,Sexyy Red,US,5
7lFNXsbcbds699xCWO3pSe,Dear Reader,Taylor Swift,US,5
11kDth1aKUEUMq9r1pqyds,5% TINT,Travis Scott,US,5
4f8Mh5wuWHOsfXtzjrJB3t,I THINK,"Tyler, The Creator",US,5
4fnNBPN9W6AoOYSQS3FJxT,Notice Me,SZA,"KR,US",5
4VQO1UdVIecQqB49PlANHz,It's Up,Drake,US,5
4YcWzLSnGqLjSCycuSMHnn,Prices,Lil Uzi Vert,US,5
4Km9FSF9iaQiTLnFPdbPom,6 Months Later,Megan Moroney,US,5
2XSO13Gyndo7MDdtYibIxO,Screw Juice,Juice WRLD,US,5
4oEf84vBYVftf6KmZexhVo,Northern Attitude,Noah Kahan,US,5
1LjSbD1yQ0RQc6mwxGHw4m,Ms. Whitman,Bhad Bhabie,US,5
1Hg0e997pObvZ91w1FCPFk,LO QUE LE PASÓ A HAWAii,Bad Bunny,US,5
4ROknQyR1wOGPfmpTtB3z4,Try That In A Small Town,Jason Aldean,US,5
41eiwHEX8iegmqmS2cf7oX,The Heart Part 4,Kendrick Lamar,US,5
0YThXX1dqUpYBLyJNAsF9N,If We Being Rëal,Yeat,US,5
0BiK5BbYNFLb88CCOxBFJe,LUMBERJACK,"Tyler, The Creator","KR,US",5
4qmG24ebshLXtKu9HIShBP,Lace It,Juice WRLD,US,5
12cZWGf5ZgLcKubEW9mx5q,HOPE,NF,US,5
2RJAKIw6nIkgZVsAIKhmqz,In My Head,Juice WRLD,US,5
1OdvKyTexzm8ZEmdCxhGsX,Call Me When You Break Up,Selena Gomez,US,5
6BJbOXDlgVAXSaq6wYFYT2,NC-17,Travis Scott,US,5
6oUUmBcUbZa5O48V5pjgAD,Hootie Frutti,KATSEYE,"KR,US",5
6ZXL1A1BVshe1JZ1IY734k,Poison - Hazbin Hotel Original Soundtrack,Blake Roman,US,5
4TJUS843fKiqqIzycM74Oy,Should've Been A Cowboy,Toby Keith,US,5
4KYS9GK68yeuUJ8vJfPxrq,WHO? WHAT!,Travis Scott,US,5
6a9Z1jUms915w4O7N1PxjY,Santa,Rvssian,US,5
3MWlVSkoLS1e66nlZ2tuWJ,For Whom The Bell Tolls,J. Cole,US,5
0IpnZchq8ek2A6pGEP2Qb1,Bean (Kobe),Lil Uzi Vert,US,5
328p9YLeNTjWUnL6qCXqmv,Napoleon,$uicideboy$,US,5
00B7TZ0Xawar6NZ00JFomN,Best Life,Cardi B,US,5
4qP2V09IpTct5A1ZSnr1zh,"You're A Mean One, Mr. Grinch",Thurl Ravenscroft,US,5
58TaFP5j5i9swOf584yon2,HOUSTONFORNICATION,Travis Scott,US,5
5HDPtsnyb3maFmPL8LLUTG,New Man,Ed Sheeran,US,5
5f5r2N4Lp9WoULWPH9zp2W,Can't Have Everything,Drake,US,5
5Z75FvRFiultmPFWHx5jQ7,7 Dias,Gabito Ballesteros,US,5
2z3joGXrdGL2iEjIKQTiN1,Ville Mentality,J. Cole,US,5
5496lks6V3fh1mZAB6IAap,Alibi,Sevdaliza,US,5
0BFQC00Y58JtjMyTXOJazO,S91,KAROL G,US,5
2Gk6fi0dqt91NKvlzGsmm7,SAY MY GRACE,Offset,US,5
7Mg5CBO37Rifk2RyDJ8fzd,Boogieman,EBK Jaaybo,US,5
37CoOXIsgF3NzbK1zHZetk,Mona Lisa - Spider-Man: Across the Spider-Verse (Deluxe Edition),Dominic Fike,"KR,US",5
1GtVGc1UYin3zpMUdNSSpM,Midnight,Logic,US,5
6ug9fUi5oLLgQgOF1G8WkM,California Breeze,Lil Baby,US,5
2yR2sziCF4WEs3klW1F38d,KEEP UP,Odetari,US,5
59JWp4PjZ9TRM8cmtaDYB1,Yessirskiii,Lil Uzi Vert,US,5
2pJZ1v8HezrAoZ0Fhzby92,What Do I Know?,Ed Sheeran,US,5
18HOjcvTVV7W8YzBuOsAPS,Un Verano Sin Ti,Bad Bunny,US,5
76HKOVWqsEg26SECtmw7Rz,The Way You Make Me Feel - 2012 Remaster,Michael Jackson,US,5
0BnTBAGmr9FtYwkZrwKhwS,Just Us,DJ Khaled,US,5
6LtHYDgYHRCHoKK3snfr2w,I'm Tired,Labrinth,"KR,US",5
1vvnYpYEMVB4aq9I6tHIEB,4 Your Eyez Only,J. Cole,US,5
6i33LrYcqEjfhDudr0PRy9,Motion Party,BossMan Dlow,US,5
2ktxr00GpTtbMNeBjNeY8D,Who Needs Love,Trippie Redd,US,5
3B0swL7Qil9bB7eKzBREBK,VVS,Peso Pluma,US,5
3eZcmEO0X0nsfV8E3NZelo,Take Me Back (Leave Me There),Cody Johnson,US,5
58is1MxJ0mafkdwalyYanU,Backup Plan,Bailey Zimmerman,US,5
6bpq1jGkVz66Q3LYeoXdjZ,SCOOP,Lil Nas X,"KR,US",5
01DOm09B2AbiTARAbXVI6g,CHopstix,ScHoolboy Q,US,5
40gk32E7YaTFoQwDIWv2SY,Christmas Kids,Roar,US,5
643PW82aBMUa1FiWi5VQY7,Babushka Boi,A$AP Rocky,US,5
1N1ZpYUJc9fwrqk53FGgWv,Santa's Coming for Us,Sia,"KR,US",5
4rMNgxEwGWoPHIUcvB5BrB,It Will Rain,Bruno Mars,US,5
0tDfp0vFR95Gg6Mrhza3lX,Call It What You Want,Taylor Swift,US,5
4jnFqNWeJCeCRHc4HCdxfd,Remember the Time,Michael Jackson,US,5
3pC1ILr9KzmQLMe8Kn5QBG,To the Max,DJ Khaled,US,5
1dtIaSlyrLI04sqYa8nLyN,Rudolph the Red-Nosed Reindeer,Gene Autry,US,5
43TP6JCWXgkc2D7Xjz5hBr,RAP DEVIL,mgk,US,5
3K4HG9evC7dg3N0R9cYqk4,One Step Closer,Linkin Park,US,5
6Z165JvPnS8PYvGW8oLGLc,Flowers,Lauren Spencer Smith,US,5
1fvCggAYrW0VtCljtqv4h2,Last Memory,Takeoff,US,5
1YmF9PvLhIISIANoMLIYGq,A$AP Forever,A$AP Rocky,US,5
7J2gyNghNTzl4EsLhXp01Q,infinity (888),XXXTENTACION,US,5
0UTyLmkQgPOEIz95OVAJTR,range brothers,Baby Keem,US,5
6lbhWl34Il0WXm5pX1fM9E,Up Down (Do This All Day),T-Pain,US,5
6RKkHI2fkmgZq7uQPPav8f,Gang Gang,Migos,US,5
4YmsnZcxHEGEqHB3K0vdt0,DON'T KILL THE PARTY,Ty Dolla $ign,US,5
5DQU4Fmdx7Hs7pwtcZMSTK,The Painter,Cody Johnson,US,5
2tnlNVAhuQGgoFJxALVeXx,Uptown Vibes,Meek Mill,US,5
6Uekkm0MOVT4WznQy0ktVR,God Rest Ye Merry Gentlemen,Bing Crosby,US,5
3RZftiuTcLOqpsd8ZlwNhr,Hop Off A Jet,Young Thug,US,5
3Lfiu5sZ4M4B6JaKMBc0FU,Barcelona,Ed Sheeran,US,5
1oUudyBYVGMIC8JXeIsFzq,CLOSE,Rae Sremmurd,US,5
7GwYENSg87oERcW0Wacd6m,SKYBOX,Gunna,US,5
1lJOLxDS8kS2rihrqezMcv,Century,EsDeeKid,US,5
7icwQvajsokotDfM3tefW6,SkeeYee,Sexyy Red,US,5
4VuS959DSpr82t3qBqCrWG,Supermarket Flowers,Ed Sheeran,US,5
0lTurWECr2XL607eJAj1A3,I'll Be Home,Meghan Trainor,US,5
3QCU8BT0zDS9LPVfEhRFEE,ALWAYS DO,The Kid LAROI,US,5
1otG6j1WHNvl9WgXLWkHTo,After The Storm,Kali Uchis,US,5
12iDo4Kdw9vA2X1lN3UTVu,Focus,Bazzi,US,5
2z0IupRlVRlDN5r2IVqHyN,Shy Away,Twenty One Pilots,"KR,US",5
3uYDO9dPLTVrgfwg7EYXSf,Lift Yourself,Kanye West,US,5
0dOg1ySSI7NkpAe89Zo0b9,Born in the U.S.A.,Bruce Springsteen,US,5
65wJpouyr3pA2Bua9c6WJ7,Blow My High,Dee Mula,US,5
2xt2piJx6jlFkjS77YiqpL,Like a Stone,Audioslave,US,5
4Iu73sdCNxZXZUIyClMoPZ,Better Me For You (Brown Eyes),Max McNown,US,5
1fjOitI0vZ41P63p1MQLcc,I'll Be Home For Christmas - Single Version,Bing Crosby,US,5
0ifooM33X1iBxVYyOkSbXW,A Lonely Night,The Weeknd,US,5
4KGGeE7RJsgLNZmnxGFlOj,Falling Behind,Laufey,US,5
1ZDmxwg7Lywlx68b7SsJjj,MEGATRON,Nicki Minaj,US,5
6uvMKqNlrSvcC4NaKnrwjZ,Body (Remix),Tion Wayne,"KR,US",5
2KEux6D75xjj6fdabXpeAu,Mac 10,Trippie Redd,US,5
15k2nBQJ0teDmPZHrOXL2N,Ordinary Life,The Weeknd,US,5
57qiTKh8bVX0VtfUNTQqhw,Nothing Without You,The Weeknd,US,5
1qRA5BS78u3gME0loMl9AA,For What It's Worth,Buffalo Springfield,US,5
5HeKOKc4phmLn8e4I7EkzD,My Blood,Twenty One Pilots,US,5
18ddJHQ7CUzNBiy55L0Xjj,WFM,RealestK,US,5
0vp1sk3FzuDBeLMLcRhQdL,HANDSOMER (Remix) (Feat. Ktlyn),Russ,US,5
4bV5sf2B4hWBBd5HQ8S7KB,Nobody Like U,4*TOWN (From Disney and Pixar’s Turning Red),US,5
6Kfoo60npYPdvNxMPMiDpX,Wrapped Around Your Finger,Post Malone,"KR,US",5
075qcpR3BnxD5CWUIx1HTr,This Bar,Morgan Wallen,US,5
5QTxFnGygVM4jFQiBovmRo,(Don't Fear) The Reaper,Blue Öyster Cult,US,5
2Igem6Q4sfvXGJ3JkG7Baw,Modern Day,Migos,US,5
5kRPPEWFJIMox5qIkQkiz5,Sweet Creature,Harry Styles,US,5
2VKf0WEOpq06JE5PTNr9wa,Jettski Grizzley,Tee Grizzley,US,5
0hWzB4dR1zwcokPvccww0k,When I Grow Up,NF,US,5
34chhNX59Wo9HMFCsI3K8Y,Memory,Kane Brown,"KR,US",5
1r0faljjM2b876iNoaDUh5,Sacrifices,Big Sean,US,5
4XkrlDVc8UQUvsyRsxvU0M,Wild Side,Normani,"KR,US",5
2D2w9943rsnJOGCrI4aMQp,My Choppa Hate Niggas,21 Savage,US,5
48KXAIruJ07kJVCWOGohMV,P*$$Y Fairy (OTW),Jhené Aiko,US,5
4atJ40xfasjdM9ZF3p07BV,Halfway Off The Balcony,Big Sean,US,5
4lkDky0afnOb8QZZsbeS2Y,Perfect Illusion,Lady Gaga,US,5
5W8HXMOMLtXLz0RGKUtnlZ,Last One Standing,Skylar Grey,"KR,US",5
12o6dxWGk29uIAP3OWY0pM,Homemade Dynamite,Lorde,US,5
6cFZ4PLC19taNlpl9pbGMf,Somebody To Love - Remastered 2011,Queen,US,5
1u0CD4fcBUB1xrG9fNgejh,Clout,Ty Dolla $ign,US,5
7d8dqy6GbiUqotcTSs0jXg,Look Who’s Inside Again,Bo Burnham,US,5
4gavOCQdZ2g86gkvi17FM7,Wonderful Christmastime - Remastered 2011 / Edited Version,Paul McCartney,US,5
4F6yN5FsFW10Ucx7cLCzBh,Ready,Lil Baby,US,5
3ggtU1ZOKO8ZNiqPNyXGcm,Dinero,Trinidad Cardona,US,5
0DuWDLjriRPjDRoPgaCslY,Love In The Dark,Adele,US,5
1pZdegOXTZ2ftINo3oUuRZ,Bedroom Floor,Liam Payne,US,5
0Gux2yTMWYOlcBUNjGJu5p,Pull Up N Wreck (With Metro Boomin),Big Sean,US,5
68MTDH8Kk4jBEV1ah0n89s,EA,Young Nudy,US,5
2Ty7EDf9XLYzEUqEIwJfDC,Twerkulator,City Girls,US,5
0SvxydoxEEkXt9aMAqTfpB,Wait,Maroon 5,US,5
6sn8WaooLLVhQvU96wtEAm,Save That Shit,Lil Peep,US,5
6tUgfsOa8PLkoede5nOR7D,Lemon,N.E.R.D,US,5
35Dh5MnCUPLN3XyAVtQff3,Do It,Chloe x Halle,US,5
0G2zPzWqVjR68iNPmx2TBe,Volando - Remix,Mora,US,5
7cWh3ScxjhvasLI0CBRoZk,I Like Girls,PnB Rock,US,5
1VGzxJnVQND7Cg5H5wGj14,YEAH RIGHT,Joji,US,5
5Ts1DYOuouQLgzTaisxWYh,Love Grows (Where My Rosemary Goes),Edison Lighthouse,US,5
6OcCk1dbAb7XNHsC098oEM,I Quit Drinking,Kelsea Ballerini,"KR,US",5
3R9j8urSPiBbapNbyuSYkE,Grinding All My Life,Nipsey Hussle,US,5
278kSqsZIiYp8p3QjYAqa8,NI BIEN NI MAL,Bad Bunny,US,5
7x4ASXYEKfQBCewcZhK776,"Ay, DiOs Mío!",KAROL G,US,5
104buTcnP2AsxqB7U1FIZ4,Heavy,Linkin Park,US,5
7L6G0wpIUiPXuvoo7qhb06,oops!,Yung Gravy,US,5
13VXVxePp4NUiXwtmQ0viz,Said Sum,Moneybagg Yo,US,5
2Q5q1q01KOdHt5fM00WUJ8,"Colombia, Mi Encanto",Carlos Vives,US,5
2xQShwyOMYlX10w8dxbFX1,Shit,Bo Burnham,US,5
3WefHNGtjexZvi66ZEx9u4,Hurts Like Hell,Madison Beer,US,5
5R9k9x85lAYbamdUoKAJvj,Dior,Pop Smoke,US,5
4tXzPOr4UaBoA7k7pnpJI1,My Kind Of Woman,Mac DeMarco,US,5
1s9DTymg5UQrdorZf43JQm,Fell In Luv,Playboi Carti,US,5
6E39QsoWB7JjphPF9xCQSN,Outlet,Desiigner,US,5
0zMAvsQmaQ4DGsmXtKixpn,Burning Pile,Mother Mother,US,5
6XcfKZvJio9Z0fQy11GnNX,broken,lovelytheband,US,5
2ZE3DJuizYTad2S4CvRRhK,Easy Love,Lauv,US,5
6G16j2Y8y2fMqvxMYFItvW,Feedback,Kanye West,US,5
11GGSyTB8cS9TgONHBOhEX,Home With You,Madison Beer,US,5
5FmvaZGd6fulojSToozLRD,"One Beer (HARDY feat. Lauren Alaina, Devin Dawson)",HARDY,US,5
4f1QbCjIAgQwnf7ms9NXWx,Me You,Russ,US,5
1839RWzPRZCVgvamu4sHSN,All My Love,Cash Cash,US,5
0VhgEqMTNZwYL1ARDLLNCX,Can I Be Him,James Arthur,US,5
6lDx96uizO7bKiytk0t6KU,Technically Single,Tayler Buono,US,5
36xxq7VDZZsGwARsn6Clo7,Living Single,Big Sean,US,5
1wIQtB3UQ1TfjNMZZqO6eh,everybody dies,J. Cole,US,5
00IH8ZjI9ZGB51WRX1Oesj,Trust,Justin Bieber,US,5
19W5OTEcQI3ZoRW1HERMyy,Cancer,Twenty One Pilots,US,5
7JNh1cfm0eXjqFVOzKLyau,Mayores,Becky G,US,5
5abwHwUhywLGNli5NDcEN7,Magic,Thomas Gold,US,5
7qs2GAglLWfxEfmO8u2u0A,High Without Your Love,Loote,US,5
04CpzA2BdOLEz7EMp5uwTU,Summers Over Interlude,Drake,US,5
3klzr0269NpGoBpe9BUNXN,Froze,Meek Mill,US,5
1ZWLWVqeEMWMKTlteS0yLH,Love You Goodbye,One Direction,US,5
4kP50JQmyFrl9pLSmnFPZr,All In It,Justin Bieber,US,5
7L7KnCltNM8yXWs3ozuUY1,Dang!,Mac Miller,US,5
3fgehc497TFqKH1zBL2YNK,Heavy Is the Crown,Linkin Park,"KR,US",5
1dB3Hsi3LfViWtqE8Sj8pr,iT's YoU,ZAYN,US,5
0rHJxNaQRMGK6Y4TUx3xRO,Castro,Yo Gotti,US,5
3krZxyBsWEHfEfJegYaWTd,Come Through,H.E.R.,"KR,US",5
5h2RIt544riNwCr3EH9xGe,Different Now,Fetty Wap,US,5
0aJ6PIOxiWnhCRGBPFJzgG,All Eyez,The Game,US,5
3NMNNcNGnNz7bBSCinr5hv,Gold Slugs,DJ Khaled,US,5
2HMvIK2S3oC6OABl2YXAx1,Gameboy,KATSEYE,"KR,US",5
6DaE3A1uIvDqVrVSNvUy6B,Grass Ain't Greener,Chris Brown,US,5
7wwifjNAb172PtDpKK3CoR,V. 3005,Childish Gambino,US,5
72qycEqCDiAYtzXd0nGbQg,By Chance,Rae Sremmurd,US,5
13wYXGimJ5fANFu0y2pqG1,Wasted Time,Keith Urban,US,5
5mZJwWdxAOR4xUvSGZvvMU,6PM In New York,Drake,US,5
5qypSLa0K04QxzJah44Oez,Xanny Family,Future,US,5
4LujRMTMwAfFKjm45tixHY,Straight Outta Compton,N.W.A.,US,5
3sHPSPSfMzziQD1v6U6vz0,Wrist,Chris Brown,US,5
37k7igIs7IrMVUadwWKHJ6,Make Up,R. City,US,5
57hCSu4zMTdnSum7NBL1Ye,Lord Knows,Meek Mill,US,5
6HFywc5eQYRRYHYTatCb5Y,Where Do Broken Hearts Go,One Direction,US,5
4txn9qnwK3ILQqv5oq2mO3,03' Adolescence,J. Cole,US,5
6NyhBA9M6KK0fuVsojxL00,January 28th,J. Cole,US,5
0dEIca2nhcxDUV8C5QkPYb,Give Life Back to Music,Daft Punk,US,5
4PVm8e67skz8B8wiJP2kwk,New Thang,Redfoo,US,5
6VozF95hunDkTVm1z01zLG,Own It,Drake,US,5
6kIh5c8x8vzOe6OKW1X59U,Too Much,Drake,US,5
6fM3f2FhAR0UqqrhuW1EXy,Shots,Imagine Dragons,US,5
3K2YM0zZwJMjQrzMqpkOSQ,Coffee,Miguel,US,5
3qRHCvn70YpVFFkx3lrAYf,Body on Me,Rita Ora,US,5
1oxRy7LzzzV9g6oaWoFON5,Pullin Up,Meek Mill,US,5
59PL9AwYjIrIpP04n9gmMR,Ride Out,Kid Ink,US,5
4aTiThKK4OKENvL0z3cihR,Oceans,JAŸ-Z,US,5
0GZoB8h0kqXn7XFm4Sj06k,Yellow Flicker Beat,Lorde,US,5
5vZDl7Jr6GmtJjnziKSBqN,Check,Meek Mill,US,5
6DlJZmRXDfHzGzAVo1yjfP,Picasso Baby,JAŸ-Z,US,5
6eE5LWw0DpIbTOdKwDUoE8,Secrets,Tiësto,US,5
2V65y3PX4DkRhy1djlxd9p,Don't You Worry Child,Swedish House Mafia,US,5
07oiSjg6TiehyOS3pRJo0l,I Like Tuh,Carnage,US,5
7ovHWYxyEGS0X4n0DvchHB,Let It Go,Demi Lovato,US,5
70b5Sq3ePOu3Gqg0hjlOtR,For the First Time in Forever,Kristen Bell,US,5
4Yv6T3BqrdDqaklemAWgfl,Guts Over Fear,Eminem,US,5
73ucpKq91TuejrLHgzDNHK,Poison,Rita Ora,US,5
5aj0xPGiEUN3aI2oOYu14S,I Don't Dance,Lee Brice,US,5
6phKkVuSzTNEriX3uciCb5,Pretend,Tinashe,US,5
1soxUgYIZb1qx1c7o1Lc7z,Drunk On A Plane,Dierks Bentley,US,5
5NetSTs4dgiR6GLrZOQcwJ,Can't Stop Dancin',Becky G,US,5
6ZefpwYVS8XuynOQz5L7bs,Ready Set Roll,Chase Rice,US,5
6ZixfeFT8V0Nle1rMZAekY,Next to Me,Otto Knows,US,5
2ec6A7BVwscwirxa0gnWHj,Together,CAZZETTE,US,5
7oEk2RVJdDxMK9OYIVpJtB,Bartender,Lady A,US,5
2kWowW0k4oFymhkr7LmvzO,Come with Me Now,KONGOS,US,5
530J9GupahE2O4a1iVkQxB,Classic Man - Remix,Jidenna,US,5
4Pwjz3DfvfQWV0rO2V8jyh,"Bitch, Don’t Kill My Vibe",Kendrick Lamar,US,5
6sKAs2tdtTVTO2U0IgJAur,Emergency,Icona Pop,US,5
6HfOzLLjsaXsehIFEsrxTk,Trophies,Young Money,US,5
6gf1xlPETW9CwjsdnUzW3g,HeadBand,B.o.B,US,5
5xGIqIiGr1do6RRpIviwGG,Love More,Chris Brown,US,5
2sE61ZmvYH8wiOx5jygkHH,Say You Do,Dierks Bentley,US,5
2DP5IaZ0WEUhibImafxF1Y,Wild for the Night,A$AP Rocky,US,5
3hdIglZzRAvK3sTXNoj1h1,Smoke,A Thousand Horses,US,5
2RkZZh5XQ4y3sG8gCu96Tz,I Like That,Bazzi,"KR,US",5
1OR2QkSykQUPvdSu5ALd8D,Woke The F*ck Up,Jon Bellion,US,5
6XujyDupMstcvXN2wLjlCV,Trampoline,Kalin and Myles,US,5
0R4vpVecKzG3QNjB5rj4TQ,Home,Edward Sharpe & The Magnetic Zeros,US,5
2xAmWeTvhRhuYY8Adwp1LD,Buffalo Bill,Moxie Raia,US,5
4lnnde7PnrXR3pUzQKBe6X,Little Toy Guns,Carrie Underwood,US,5
1OLAjffdDJibTrUGAwApVk,ICONIC HEART,Hearts2Hearts,KR,5
3VxmXJ4FdtbWI27p3Gx4Wh,Mono,i-dle,KR,5
7Cy79KgYPsjOTX7VITI1U1,CELEBRATION,LE SSERAFIM,KR,5
1ttNlwhsAwCvSKWGxA6fDk,Stick With You,TOMORROW X TOGETHER,KR,5
5D5vkXfYyYeURaWIbMA2nP,ddok ddok ddok,BOYNEXTDOOR,KR,5
0kPlZm0R1uQpv6VerQF9cM,GG EZ,M.Sasuke,KR,5
2fIiY0jV9YUBYLNAw2h9BJ,행복하지 말아요,M.C the Max,KR,5
4pH8rClaLsi6QcDGrw2VgV,SPINNIN′ ON IT,NMIXX,KR,5
6EIejWXtCAxXCPrxID1VFq,작은 봄,고추잠자리,KR,5
4itdtYMMJAZYSzH8DKgShG,사랑은 봄비처럼...이별은 겨울비처럼... - Bonus Track Version,Lim Hyun Jung,KR,5
1CB7xt4rCsyh0RY2eKA2oH,ROSE,YANGHONGWON,KR,5
3p6T0olYiiL1LJoYM1xKDp,RIZZ - Japanese Ver.,PLAVE,KR,5
4bjFq0GBM3UxCortwNuDEg,4 Seasons(1.12),YANGHONGWON,KR,5
5N6fTybfq5EVPB9ftKlMzq,Chroma Drift - Japanese Ver.,PLAVE,KR,5
0zXGUUy3TtLH9Oo0FRgbB8,HOT SAUCE,BABYMONSTER,KR,5
1WNc4sGUuEArGDUIaTTRXe,Mamma Mia,izna,KR,5
0ti0CEUPplsI7AZDyexrXy,Countdown!,TWS,KR,5
3B2VbQSEVhwGfZp5nU3zud,Love Game,2BIC,KR,5
7zUD9iJoEOBRUE3UtHhdwR,かくれんぼ (Hide and Seek) - Korean Ver.,PLAVE,KR,5
0CN7xUFQbPRzffogC4FgBR,What If,PLAVE,KR,5
6oBBMles8dHGlGRT4sZvhJ,FLIRT (Feat. Leellamarz),Way Ched,KR,5
3tAdTGraj8pxbFnycDLMke,Strategy,TWICE,KR,5
03mzVQAvot3ENKJAShELBv,Fall in Fall,VIBE,KR,5
748MqeDRJ401KBqwCn5zHB,Seven,Jung Kook,KR,5
2jaapqz7L9MpMf7vpkqU9I,Smoothie,NCT DREAM,KR,5
2FZKBbotZtXLQyedIV965w,Mars,D.O.,KR,5
0v6wAlWCzHYj1OuJrVuH7J,FRI(END)S (Sped Up),V,KR,5
4njgp1LC4XoUsnF3pN0WXX,FRI(END)S (Slowed Down),V,KR,5
3v7M2SwKHQZ8domnAQV2DJ,Complex (Feat. G-DRAGON),Zion.T,KR,5
0luFANDtNNjcBXKazh3dV8,Candy (Feat. Zion.T),Jay Park,KR,5
0NnXG9qhpf0E6elVQdWLE7,I stan U,IU,KR,5
77WBsNSTTDrp7rkZEsbAcv,Blue Moon,N.Flying,KR,5
4eF3keUr7n9TXSl4NaZQOS,FAKE IDOL,QWER,KR,5
253P6uwLnelVQ6MdwXMIJk,Chili,HWASA,KR,5
4srbKZGPFWK1rqVFS9KDFR,Love me or Leave me,DAY6,KR,5
5xKO9fHKGG5qzTCKuc9OGK,One Kiss,RIIZE,KR,5
2CnJMXdMj1uytoZbs4MPbO,UNTOUCHABLE,ITZY,KR,5
2VV1RIhTgeJ4PEMYz6TqDB,HARD,SHINee,KR,5
5yilfTuo2JyDZUoBPQ4Vjs,Te Quiero,KISS OF LIFE,KR,5
0kQANryNS3gaQ1OAA1yPNg,Say,keshi,KR,5
0TU3HvHsqJyKVBP8eFIUFQ,Pixel world,PLAVE,KR,5
2YmfV4lAjrAQvuggKCUX6m,Sweet Venom,ENHYPEN,KR,5
4CtEpNW39gY6bHWFDfoXKG,"Ugly duckling (Feat. sunwoojunga, BOBBY) (Prod. R.Tee)",rosy,KR,5
1F6qqwgyBjcIMzen8RrOXQ,Beautiful Liar,MONSTA X,KR,5
5F3032rq3MJG7cDjRtj0wo,Can't Get Over You,Paul Kim,KR,5
4QoOoFKhAWYOylWw2io6va,WE (Feat. Jay Park) (Prod. by Slom),J'Kyun,KR,5
70yszWsLJvNZuZwaHNMROf,PANDORA,MAVE:,KR,5
3lnn14odZPgqyNooN6jQBa,"PPAK (Feat. Paloalto, JUSTHIS) (Prod. R.Tee)",DON MALIK,KR,5
31MNHKE86sEXzIglbGQ6mu,Got Me Started,Troye Sivan,KR,5
6jdwbcH788txYS6Doy1F1j,Step Back!,1nonly,KR,5
0CTjpVWIfGtKKrluFFF0Ua,My Ultimate First Love,10CM,KR,5
6USuf8mq2X9jgvvv6MZldZ,Nostalgia,Woody,KR,5
05QUYSOApWLr8oBbpONl7p,"24/7, 365",elijah woods,KR,5
6tAPw1Rtt3SGEOm6ohYi8l,7PM (Feat. Peder Elias),BSS,KR,5
1TN8defSgxLPMwtzN7gUbb,FRIEND THE END,BOL4,KR,5
3UMjZ9bAT1AnpcWD4aKyP8,DINOSAUR,AKMU,KR,5
1cYDmIZtF2SGveyqhc7X1Y,"MOSS (Feat. MINO, BOBBY) (Prod. MINO)",Mudd the student,KR,5
4kPlQKwtPrnqLgrmmKFSlA,ドライフラワー,Yuuri,KR,5
3gAXVQOR0h7Ks71lsr5MFZ,Animal Farm,BIBI,KR,5
6L2TOTO0JjlVuKBnIuWcVY,Bad,Christopher,KR,5
69XHRP8AyobIbFELKSdOHp,Tictoc Tictoc Tictoc,AKMU,KR,5
54nu7eSOHY3YJu154hUPsN,What Happened?,YOUNGTAK,KR,5
1aOl53hkZGHkl2Snhr7opL,How Do I Say Goodbye,Dean Lewis,KR,5
7rvgQ3kGUqwVkt0V5JpPeT,Clink Clink,Unknown Artist,KR,5
52nOiyRgQ7B7N7FjXhCCgz,BENCH,AKMU,KR,5
1Q03Eti3fdmnN7DA2Y6gAp,Some Nights,TAEYEON,KR,5
7CZJHd0s62v8OPqw0VLQyX,Limit,Yerin Baek,KR,5
53NYRM8s4mm4yeCsmsvTik,Freak,ZICO,KR,5
66NRKCEurE3Oq12BViuqAQ,Stupid love song,AKMU,KR,5
42wkZTMDrlzWGth9akHF0p,TANG!♡,MINO,KR,5
3UKKwGrpWWamc0XNSKXjmz,YEPPI YEPPI,aespa,KR,5
0ChOY3JIaKJ4H5ThhjW4dC,Envy None,Chang Kiha,KR,5
0hUH6MXHQn9coBKHMXWpD8,OUT OF MY SIGHT,Leellamarz,KR,5
60ReNXcPcsVFd7nUuQw5HZ,ミックスナッツ,OFFICIAL HIGE DANDISM,KR,5
7ncPjJBktLEOpstY5JOUMK,一途,King Gnu,KR,5
6sPE6WNzrGLu5YYKnhfGQJ,I hate trot,Lim Changjung,KR,5
2pIgqVUhK5KsNuoFBo6uoh,Daisy,MIRANI,KR,5
7ecbsiAQ6PNdiAq0hplVZo,Blessed-Cursed,ENHYPEN,KR,5
33H4jpDv7tK6UxPukAiabA,Lover Like Me,CL,KR,5
6VYY26Wws3jIS1DdqeOsXZ,365&7 (Feat. JAMIE),pH-1,KR,5
4SC39HUSx4BmtRT3txyA89,Remember me,B.I,KR,5
1NAyq9TrQIpLHWStUX4xAQ,ex i never had,LANY,KR,5
3b80IqPWhMgFA4RXFQLpFz,Achoo,MIRANI,KR,5
6Dy1jexKYriXAVG6evyUTJ,OUT OUT,Joel Corry,KR,5
3promGTTwsn1N5D6RzaFMV,I'm not Pretty,JESSIA,KR,5
3TG88ES1Z5sMfuondaDZXV,Spaceman,Nick Jonas,KR,5
5YaskwnGDZFDRipaqzbwQx,Your Love (9PM),ATB,KR,5
193luTcDfusSUv3yqs1gGj,CATCH ME IF YOU CAN,"ANH TRAI ""SAY HI""",VN,4
0OIed6UFpfT2nW4BffD7Js,pho real,Low G,VN,4
22GCbN9OyrCa1tC1jZnX8O,Gội Đầu,Thắng,VN,4
71luUs5K7N1fdf7ecMKg04,Cho Con (Lullaby pt.2),B Ray,VN,4
5eIlFqBhWf2LBupYIj29T2,‘ NHỨC TIỀM THỨC |,Anh Trai Vượt Ngàn Chông Gai,VN,4
102XJmW0OH1WATZMW9avu2,Nếu,Binz,VN,4
331pu1rdL2Yn7Z3F1RNXBR,Come My Way (softer version),Sơn Tùng M-TP,VN,4
015cWxefajYwEUZodBvpfn,Chúng Ta Còn Ở Đó Không? - Tet 2025 Movie “Bộ Tứ Báo Thủ” Original Soundtrack,Orange,VN,4
6u3he5hPpYDoNNacBUR7vX,đôi khi,Obito,VN,4
1GvilcxzSotX6bFHuwCJiz,NỢ EM CẢ BẦU TRỜI,Anh Trai Vượt Ngàn Chông Gai,VN,4
2hS6LfQmkTvbax0FN9a7rs,ĐÊM GIÁNG SINH MÙA HẠ,"ANH TRAI ""SAY HI""",VN,4
1HLesWEjgNhGaxgxefNrqZ,The One,B Ray,VN,4
0PCmfXVEN74USLLa0P5qOa,Không Thử Sao Biết,Wren Evans,VN,4
1tR4UxGC18cVRH6sCha0ec,MẤT LA BÀN,"TINH HÀ ""SAY HI""",VN,4
6CygbhaDoDGTlRq8LiEwpt,Hững Hờ,Binz,VN,4
6flvrswWSzDqDeY238yqmk,TRỜI SAO,"EM XINH ""SAY HI""",VN,4
0Vz146N2GxkVJw4kSGXrNi,You & Me (Coachella ver.),JENNIE,"KR,VN",4
4QkTMKgtkI6P9v9NRzSswS,CHỜ MỘT NGƯỜI,RAP VIỆT,VN,4
0y9syFsnSuYnf0RUqxE1Ah,MỘT NGÀY NÀO ĐÓ,Hoàng Dũng,VN,4
2gyJ83K0VJk7Ug1J4Qoaki,tựa đầu,GREY D,VN,4
07iOBFmjZk97JBvPONW8Sj,Cay,Khắc Hưng,VN,4
3MlvHVRytWiXpSHEeZVF0I,1TINHYEU,RAP VIỆT,VN,4
5H7c7TWQaFz7qQs3UCmtHZ,Tâm Sự Tuổi 30,Trịnh Thăng Bình,VN,4
6lsKF7KXLuCeKGluqpZoI6,tốt cho anh,Dangrangto,VN,4
7hF5DFtzMER5KzHA1nCTYq,Giá Mà Anh,CAPTAIN BOY,VN,4
30CXPFiHrPmKxAxPpiMlLw,Không Ra Gì,Trúc Nhân,VN,4
3KYa0rTROMqJ0NczMbumZ4,tết tình,"TINH HÀ ""SAY HI""",VN,4
4ncTUgTfUV3wrjTPzKvn01,Yet To Come (Hyundai Ver.),BTS,"KR,VN",4
52GJXifolHXkHoKWDjrm2c,Mình Lượn Lờ Làm Wen (NOVINA),VCC Left Hand,VN,4
3w2fCdA3FeCyAwptmwtfwa,Cỏ Dại Và Hoa Dành Dành,F47 Cover,VN,4
5Fv8djIhchi4t8qGZJIvic,Trộm Vía,Vũ Thuỳ Linh,VN,4
3f0OEJd7mlPNhmH3fUOrqy,Mention Me,CORTIS,VN,4
4wuiHjpRp6Wm0SbNPvDs0W,Mưa Thâm Lặng Giời,BigDaddy,VN,4
0PADv2Kfs3qzP7IXXdcB7v,RED FLAG,"EM XINH ""SAY HI""",VN,4
7bgTQM4WaCDHMVxYxP78qq,GIÀU NHẤT KHU PHÙ HOA,JustaTee,VN,4
1He7z9P4RbIAa0rNCUaIMN,Những Kẻ Mộng Mơ,SOOBIN,VN,4
2z2Ji5HoUkiA4mxq5DOyTo,I Love You,Bùi Công Nam,VN,4
5PFMVgxcZ5BXQQHCi8vsCM,Truy Lùng Bảo Vật,RAP VIỆT,VN,4
69CA72t8PPWgEFExXhuqII,Trống Cơm,Cường Seven,VN,4
0UM2y4ZKtbVAxyG1aukNMk,Nắng Dưới Chân Mây - NVT Remix,Nguyễn Hữu Kha,VN,4
0SMpkybKsjUeONDdUCW69e,Thờ ơ,WEAN,VN,4
7D9tiidrBDQRgCENeIhko0,Vì Em Tất Cả,Mỹ Tâm,VN,4
1Cv9w0KLlrz0t4ExKO76QE,TALAGI,kidsai,VN,4
6XrPzwKeGzEvtan3acn7VH,HUH?!,Agust D,"KR,VN",4
0PcydKNpMjC1Yygy6CdQhr,Ôm em lần cuối,NIT,VN,4
7JWa8tcjothiOfTVUUbuzL,Không Muốn Một Mình,Vicky Nhung,VN,4
3keyZ8cXkQ57melgiAsJ5m,Người Ôm Pháo Hoa (The Moon In The Sun),Đông Nhi,VN,4
2YF6BpVt9vvmrCSdYYLGpq,Anh - Uyên Linh Version,Chị Đẹp Đạp Gió Rẽ Sóng,VN,4
474VqnPDr0251lsQBB8sQB,Butter - Megan Thee Stallion Remix,BTS,"KR,VN",4
0eM8iGaE97UCf9yYbDiMA4,HÚT,"ANH TRAI ""SAY HI""",VN,4
7gv3UYPh05ZDP7Io5BIsn7,Life Goes On,Agust D,"KR,VN",4
4jWxeq0IpdNhEaBzkNNwTf,Đừng Xa Anh Nhé,Kevindauroi,VN,4
5v3J1lYjtJgEM1buAa1Oe5,M.,16 Typh,VN,4
1eXc2ZMStMsQ5cuUrFCnlO,Mất Tích,Ngọt,VN,4
26b3oVLrRUaaybJulow9kz,People,Libianca,"US,VN",4
1mFpMoeZfkIqtqW2AfQ8ba,THE GIRLS - BLACKPINK THE GAME OST,BLACKPINK,"KR,VN",4
3RwWW7KeVhHGayYJgUL5eZ,eternal sunshine,Ariana Grande,"KR,US,VN",4
5ppEcbmLECxrMYgDxwIJaP,Anh Đếch Cần Gì Nhiều Ngoài Em,Đen,VN,4
1i9QtsQs2gPY5MysvB50VC,Mở Mắt,Lil Wuyn,VN,4
6Z9kpBWGd5PX1OCwTHvnTl,Cẩm Tú Cầu,Rayo,VN,4
22W6wI4hDTjMAYKKBQW9dU,D-Day,Agust D,"KR,VN",4
0Pf2hR940vgS9iVk4CriZX,Trên Những Đám Mây,Chillies,VN,4
4zWupGvCuWHKCOkJfvZ6AX,Khúc Ca Vàng,RAP VIỆT,VN,4
7jbnA8sL3dpOYRrFrVURf0,Người Lạ Trong Danh Bạ,ERIK,VN,4
6pj8ntaFwK9Ds3aJy9TOXu,Thanh Âm Miền Núi,RAP VIỆT,VN,4
34IGOyXR6cn0YI9VBu8m0y,Snow Flower,V,"KR,VN",4
4YrI4tUJTzqi1hfvICCJPD,Gió - Official,JanK x N2L,VN,4
53UddVPWHb9p46hhcq5ix4,Tự Lau Nước Mắt,Mr. Siro,VN,4
2zYc8JUkCUqY7r567OzpUc,Replay trên con Guây,Phuc Du,VN,4
43BJVWcBzHRIDaQCg7abnX,Champion,BLACKPINK,"KR,VN",4
7vPMugKcYwnX9Dh7SrLFHF,Change pt.2,RM,"KR,VN",4
0qIXFTy61iT1Lqu6aA70H1,wo ai ni - orei Remix,Trash Dee,VN,4
4j3M8NrbGSXdMPwEVsnfHE,Snooze,Agust D,"KR,VN",4
0glPN37HvVqCUh1qCWBKo7,Lúc Thấy Lúc Không,Hoàng Thùy Linh,VN,4
5fR6dFtAbWjJV0VAIT6Vzi,Em Ơi,Vũ Cát Tường,VN,4
1VBJ2QBJjgbcGgsXJbHslR,CLME,Andree Right Hand,VN,4
0PJSXtjkdTjJzZAMyNus02,Music Box : Reflection,j-hope,"KR,VN",4
2On611HXKQAbaYkuc4NQAm,Pandora's Box,j-hope,"KR,VN",4
1hyDeosKOqqI4YcqFgzNlQ,Hình Trái Tim,Thắng,VN,4
54EzTMmlLYab5d9psfwmxZ,Bắt Vía,Hoàng Thùy Linh,VN,4
2Zos792uWaDCqqnmPaBH1x,Trưởng Nữ Chạy Trốn,Hoàng Thùy Linh,VN,4
1XIIvx9S19CZVc7eow7EX7,STOP,j-hope,"KR,VN",4
5FLcMjsPJrLxQpKulcyRqR,Có Chàng Trai Viết Lên Cây,Unknown Artist,VN,4
0ymILt2M0bSmIr6wQzodN0,Million Dollar Boy,16 Typh,VN,4
0Puudh380z6cOCgMaTNm7h,Future,j-hope,"KR,VN",4
1fNwwml8UcKvhfM6YEVIRh,What if…,j-hope,"KR,VN",4
12t0f9NV6eEQXX8SPaI6AJ,Luật rừng,Binz,VN,4
1nut0CDNqlXFtV4U3Md5ds,Phải Lòng,Tăng Duy Tân,VN,4
42h7yc9Rda1IOMYLACVgld,Cream Soda,EXO,"KR,VN",4
22oXPVbCf30gA4uMIvPvpP,Thói Quen,Wren Evans,VN,4
3j9BMKKE8DpDSBXVI0IdfA,Nhường Lại Em,Vũ.,VN,4
4qgMPzf9QOETWQFUcFkHD4,Love Me,RealestK,VN,4
4RBzxQOpAVbDmX8WVHnWdj,Thanh,Thịnh Suy,VN,4
5vlnF0r5xACeurZwjgn0Ij,Bloody Paradise,ENHYPEN,"KR,VN",4
6PZ4fBBsfcCxyo0v5H4fri,Mặt Trời Khóc,Emcee L (Da LAB),VN,4
0NbEWzChj7p6A6ZiyPvEot,Soju Love,Obito,VN,4
0xi7bCx9m2rgPbCN6Xhlel,vaicaunoicokhiennguoithaydoi - Acoustic,GREY D,VN,4
5Bl7J9ezXIutJh6nkzFMp8,Thành Thật,RAP VIỆT,VN,4
3BnD2G2bRvtRiLssSQY8oE,Buồn Không Thể Buông,Trung Quân,VN,4
4wC1f4Of7cufpkMCESrvAn,Không Thích,Low G,VN,4
4inMQ83GNpQ2OHDredH5hW,24h,Lyly,VN,4
6wf0EooFR9eCHQ0AbBbC6q,NGHE - NÓI,RAP VIỆT,VN,4
2qNZU7RSIDSzbQ27gtaC0q,KHÔNG PHẢI TẠI NÓ,RAP VIỆT,VN,4
5eGbP1SbQNRmgARjGclv1m,Chưa Quên Người Yêu Cũ (Live Version),Hà Nhi,VN,4
7tyv8XsM7pHGMtSrU6sfWr,Cypher Nhà Làm,Low G,VN,4
6SlgEjTI7VVT7FVFfDAx17,Lạc,Rhymastic,VN,4
6NCBemUJvjspFiLuATSUm3,Ms. May,Chillies,VN,4
5C0ivQMxes2lWuOANhvVAm,GIANTS,True Damage,VN,4
7z7kvUQGwlC6iOl7vMuAr9,Dancing In The Flames,The Weeknd,"KR,US,VN",4
1HZ5LJMCzClg2pdomCnEPw,Dynamite - EDM Remix,BTS,VN,4
0V0dOlfZ3tuZwHnL2eZ9Al,Ngày Xuân Long Phụng Sum Vầy,Bích Phương,VN,4
1hjRhYpWyqDpPahmSlUTlc,Style (Taylor's Version),Taylor Swift,"KR,US,VN",4
52iqc0W2KlifPTp5IIwQvn,Chắc Ai Đó Sẽ Về (Sky Tour 2019),Sơn Tùng M-TP,VN,4
0rRjGruFonCGOt0S5zAJNQ,The Other Side Of Paradise,Glass Animals,VN,4
7aFZahAkizjYeDdr7R0MpK,Mê Ly,BigDaddy,VN,4
5fkyesfeEjnyQb7JDLA0WO,Vì Một Câu Nói,Hoàng Dũng,VN,4
3CqgVDokbqGmpoZNfl4F8X,Remember Me (Sky Tour 2019),Sơn Tùng M-TP,VN,4
6kKC35sKUh2FUx4M0qAL44,Candy,BAEKHYUN,"KR,VN",4
6Ccb3cFj64fgEWFikrwZdk,"Ngày Chưa Giông Bão (Theme Song From ""Người Bất Tử"")",Bùi Lan Hương,VN,4
7kEva2rxsNMn07fyfZMRRn,Cure For Me,AURORA,VN,4
5QVVjX0ZItqlVpEuVCM9Yg,This Love (Taylor’s Version),Taylor Swift,"KR,US,VN",4
45wMBGri1PORPjM9PwFfrS,Blank Space (Taylor's Version),Taylor Swift,"KR,US,VN",4
2ljLbFotsy2hFxAkjpsfbb,Dumhdurum,Apink,VN,4
7r6bu5Xd0q2TK1QQMduxb8,Dynamite - Tropical Remix,BTS,VN,4
2SHmQF0qnt5gLH4eY3Ttkg,Ngày Chưa Giông Bão,Tùng Dương,VN,4
214nt20w5wOxJnY462klLw,Miss Americana & The Heartbreak Prince,Taylor Swift,"US,VN",4
0ifrzLr6KZEas3V3DEZV6P,GIẢ VỜ,Ngọt,VN,4
4sVDVvUWxrcff0RED8Is3O,Ôm Trọn Nỗi Nhớ,Rum,VN,4
17wevXT0DwStJFo9La7f3G,EM CÓ CHẮC Không (?) (Bài Ca Rebound),Ngọt,VN,4
6QKBc1tmxsGs5vuyDZDDmy,Xuân Thì,Hà Anh Tuấn,VN,4
5pcjystBtalYeqaiXCcgEY,You All Over Me,Taylor Swift,"KR,US,VN",4
12M5uqx0ZuwkpLp5rJim1a,Cornelia Street,Taylor Swift,"US,VN",4
045ZeOHPIzhxxsm8bq5kyE,Out Of The Woods (Taylor's Version),Taylor Swift,"KR,US,VN",4
2Di5jJ8J7RrK4k43my50hb,021,Binz,VN,4
5cRFdpJblsJpXTDqEhs5jQ,Người Ta Đâu Thương Em,Lyly,VN,4
1LLXZFeAHK9R4xUramtUKw,London Boy,Taylor Swift,"US,VN",4
5a64AElaxSpK6Fd3tw1hIq,"Càng Trưởng Thành, Càng Cô Đơn",Hồ Ngọc Hà,VN,4
4cGqn0E8JCSY9gQllQj4Mf,Let Somebody Go,Coldplay,"KR,US,VN",4
2aTKrdenCq5qBOoJPFdn4P,Here's Your Perfect,Jamie Miller,VN,4
7MZF7YLxOP2to9iblSulLc,Modern Loneliness,Lauv,"US,VN",4
2qMPzm1zqE6RadT3UHkjCR,Cô Gái Vàng,HuyR,VN,4
3UYiU57SMiAS5LqolhHJw1,Shameless,Camila Cabello,"US,VN",4
49euWwcjQTzVCynY53tvH5,Spark,TAEYEON,VN,4
0Z2aGSjqO9RI3AKNwLSonR,Buồn Làm Chi Em Ơi,Hoài Lâm,VN,4
2YWtcWi3a83pdEg3Gif4Pd,I Think He Knows,Taylor Swift,"US,VN",4
0s3OUtMwTA79PkhDHUtfp3,Ngày Đôi Ta Là Của Nhau,Đông Nhi,VN,4
4fpd6aRKixkz7usrx7QQkh,Who,Chillies,VN,4
2QDyYdZyhlP2fp79KZX8Bi,mad woman,Taylor Swift,"US,VN",4
3TKpJrY9q49Mj1JOsM9zGL,Family,The Chainsmokers,"US,VN",4
6muALFzH8p6LSY7b4vwOdi,Cánh Hoa Tổn Thương,Hoàng Yến Chibi,VN,4
4GGSmoTmc5LClrowB4SmEw,Mind Is A Prison,Alec Benjamin,VN,4
08fa9LFcFBTcilB3iq2e2A,epiphany,Taylor Swift,"US,VN",4
7vgv8KZBSo0TPzyIWG9yzV,Salt,Ava Max,VN,4
0ycFQvBTfuo1LCdG0HhszL,Tattoos Together,Lauv,"US,VN",4
1wmYHps3Ww2wfG6FEmjzuX,Cho Không,Suboi,VN,4
56bTF9sBtgTeGqaDzlwpYl,Độ Ta Không Độ Nàng,Khánh Phương,VN,4
1OBb2wZMXKNmtdyyejLIyL,Uh-Oh,i-dle,VN,4
1ayaOin9hxCtyhg4UsBTpg,Kick It,NCT 127,"KR,VN",4
7MbT4I8qGntX4fMdqMQgke,peace,Taylor Swift,"US,VN",4
6nhc3daOpKaZBRj2ZFWfc7,My Universe - Acoustic Version,Coldplay,"KR,VN",4
2EhvCzRw0C7anZHsj284oX,AH YEAH - KR Ver.,WINNER,VN,4
58AGoOGbwsQMhBbH0eFLRR,Over Now,Calvin Harris,"US,VN",4
2LVwkOFHlh3fsIVTBh946S,Stardom,Vũ Cát Tường,VN,4
2dURSB1lDn5qiOyHLEZ34I,Be A Fool,Vũ Cát Tường,VN,4
7xTDT7gyIrv0xWpwwXExxU,Celestial,Ed Sheeran,"KR,VN",4
0NbOsvRJuzKhaDlPxTNFih,San Francisco,Vũ Cát Tường,VN,4
2tAd0IDLH3nE8gJlxuB1bt,Nobody,Vũ Cát Tường,VN,4
2rFtGypqjyOZUzuXue6T4M,One Second,Vũ Cát Tường,VN,4
1ex8euBuzVyqjThnYfwY2k,HELLO,TREASURE,"KR,VN",4
6osYEcGOlS3jEedcW96GlM,Gucci in Town,Vũ Cát Tường,VN,4
6FB3v4YcR57y4tXFcdxI1E,I Knew You Were Trouble.,Taylor Swift,VN,4
3frUvGrmGcay91lvFbOgsN,Like It Is,Kygo,"US,VN",4
3KyKxJ4P3pVCgaZwaq2rUC,Gasoline,The Weeknd,"KR,US,VN",4
03lDAXtQ1vEiYzYA8ts6rA,Đã Đến Lúc,SOOBIN,VN,4
73YUReisjb3A9ActdLLjJQ,happiness,Taylor Swift,"US,VN",4
1NRLsf1eNCIwwUCzWcY3x5,This Love,Vũ Cát Tường,VN,4
7DKYA93lgKbhxzqE2ojtCS,everythingoes,RM,VN,4
4Q8aDd3H6LF8t4eY7So9O8,Light It Up,Marshmello,"US,VN",4
3YG6hGI0I4DGLSRzZih9Po,The Party Song,Vũ Cát Tường,VN,4
7hjWFO88DN3FroDMRIcehn,uhgood,RM,VN,4
2kOGB96DXpW34tQbbuhLCq,Ta Còn Yêu Nhau,Đức Phúc,VN,4
5XWCc9wQes7X5uyYH9h5JR,Baby,Clean Bandit,VN,4
5B03nSG8pLE48jh7kmasuL,Levels,Avicii,"US,VN",4
6PRy17C5LiiN7VCLS6IA98,Future Perfect (Pass the MIC),ENHYPEN,"KR,VN",4
4KF3h8VsjWi6kR8kuw0cvj,Duyên Phận,Tố My,VN,4
1NhjYYcYTRywc0di98xHxf,Here We Go… Again,The Weeknd,"KR,US,VN",4
0N8MGHEDAq29ip7RrlrTeN,Beach House,The Chainsmokers,"US,VN",4
4CkgMiMqZ5JzW9iYXSTMTL,I Bet You Think About Me,Taylor Swift,"US,VN",4
1tZR4NH8Gedou0A2C7BfEN,Chạm Đáy Nỗi Đau,ERIK,VN,4
6UMdOpiOeDhuvmDPMLpJQx,,Unknown Artist,VN,4
01K4zKU104LyJ8gMb7227B,Nothing New,Taylor Swift,"US,VN",4
19CSr8rwW05VJL2F91KFNK,ivy,Taylor Swift,"US,VN",4
1ulza3FB6CpNkTSJsmrA6l,Ket Nguyet,Đông Nhi,VN,4
0vVMlbdYx2080Oa9FndPZr,long story short,Taylor Swift,"US,VN",4
6CSZO82B0cM4CUgnrjPSfJ,"1, 2, 3!",SEUNGRI,VN,4
6FeeQT5agGN6bB6ZqBPqxR,Người Yêu Cũ,Khởi My,VN,4
2zLIP4R6Yt3afkyh7uhmar,Put Me Back Together,Cheat Codes,"US,VN",4
0s8e1RIjFzRie2Ch0OCKma,Dem Mau Xanh,JUUN D,VN,4
7E1jVNoWuemqUryI4FxsVD,off the table,Ariana Grande,"US,VN",4
5PaajTuYoHO1zJXWUeA6LP,Anh Mơ,Anh Khang,VN,4
462WpZ67nBcpboTjHGgNMK,Xe Đạp,Thùy Chi,VN,4
7Dx9Z6Aon1qPS2N0rHSWTe,just like magic,Ariana Grande,"US,VN",4
0WdR2AyLW1Drd3OUdwezM0,everytime,Ariana Grande,"US,VN",4
6yecmEZr6eI8L6P8MLO861,KILLING ME - KR Ver.,iKON,VN,4
4MoW6zhYoCABj2dGcep01s,Chuyện Tình Không Dĩ Vãng,Quỳnh Trang,VN,4
1aDarBap4uQgOt9k4fxWd8,Lullaby,GOT7,VN,4
7nKQ5WAcjnG48knyLuo8gO,빨간 맛 Red Flavor,Red Velvet,VN,4
172e82oK9vGoBPvc6SqMm5,Is That Alright?,Lady Gaga,VN,4
748ooJMZmrsPcQ3MdSZwsF,HURT,Jasmine Sokko,VN,4
1l9G7M8gNyQsgOGWZGoQsT,Look What I Found,Lady Gaga,"US,VN",4
1pz24zu5H9A0S1a2NKT4F0,SoulMate,ZICO,"KR,VN",4
02itaCXOdC54J0ISjqqFAp,All Around The World (La La La),R3HAB,"US,VN",4
0lOQZ7Vfz9YtsZJFmYYw4m,Phận Tơ Tằm,Tố My,VN,4
4z2XPrpHz1raJibarWFY7Z,Maybe It's Time,Bradley Cooper,VN,4
27356GVuMPFWiJSZCragoM,make up,Ariana Grande,"US,VN",4
1uru26I2JKd2mQZt0MDCUe,Empty Space,James Arthur,VN,4
14gkWVFMwdxBMyqBw1wmIg,safety net,Ariana Grande,"US,VN",4
1tT55K6VEyO6XFDxK4lDQe,In My Head,Peter Manos,"US,VN",4
2YUZINWrKTEcXEDWI1CUNg,Mùa Viết Tình Ca (Song Ca),Isaac,VN,4
2Pvr8rYuh5J8V7QglJhH6W,Want You Back,5 Seconds of Summer,"US,VN",4
4hIhoGN4UTZdNpHn5PbvoC,Rumors,R3HAB,VN,4
4jDh4RT0QYyUvn6rUg58AK,4S,Cá Hồi Hoang,VN,4
1oc3jna2ablnfIKLYbKujl,If You're Over Me,Olly Alexander (Years & Years),"US,VN",4
5vnpANH92iEajvGwE2oQ6r,Real Friends,Camila Cabello,VN,4
1USJRpWDFhxwhCajPXBeel,You Owe Me,The Chainsmokers,"US,VN",4
0STK94RxUulYqWzwFlyAb5,Sober,Demi Lovato,"US,VN",4
5sdb5pMhcK44SSLsj1moUh,I Found You,benny blanco,"US,VN",4
2BVVmJQZv4fOPWavI9mkIj,Broken Arrows,Avicii,"US,VN",4
0evt4UZbdhnHtcAnxkm6A1,Normal,Eminem,"US,VN",4
26Fqtv4Aa7kyd1WWGHai6A,Privilege,The Weeknd,"US,VN",4
71SEHJPt1iDwGkBhUOAXDP,Survival,Drake,"US,VN",4
3Yw09dj3cTXsAzlLjgBfIP,Talk Up,Drake,"US,VN",4
47EiUVwUp4C9fGccaPuUCS,Dakiti,Bad Bunny,US,4
0RgjEkSbeuStKfT2Pa4Zai,reincarnated,Kendrick Lamar,"KR,US",4
79AHPJd8upvNxyK2qQcY8J,HISS,Megan Thee Stallion,US,4
7ogK4lJDVDMU6A6vYR5rvD,thanK you aIMee,Taylor Swift,US,4
1SGvjfc85yzqKXsfKcCxn2,heart pt. 6,Kendrick Lamar,"KR,US",4
4EF6IyONolQy0bIQXm2EmX,The Albatross,Taylor Swift,US,4
6T0sEnqjmHISIKwFETeeiP,Suburban Legends (Taylor's Version) (From The Vault),Taylor Swift,US,4
4eE16RJFDKf2WxBTqqfylu,Dust,Drake,US,4
3hlGuz3loYoLfI3bpwieWq,I Hate It Here,Taylor Swift,US,4
1rmEsOezwf2lmIZTMAO5Ag,Chloe or Sam or Sophia or Marcus,Taylor Swift,US,4
23NWj2izXAJ4yL6Nah73wf,Pop Style,Drake,US,4
0wshkEEcJUQU33RSRBb5dv,BackOutsideBoyz,Drake,"KR,US",4
1pnDvUuAEd6z8bKEsbAjk1,We Don't Trust You,Future,"KR,US",4
3cLCA9LSb6UiOeNvTZoaav,Plot Twist,Drake,US,4
0wgOhYnqZKjOHr6bmdz0aN,gloria,Kendrick Lamar,US,4
1Zai5UJ2di3qEuR2HeT2s8,I Look in People's Windows,Taylor Swift,US,4
3OxL6MuctgZp1e0zxoAZhH,Young Metro,Future,US,4
53dtP2iUMvaF28JZcHnFuU,logical,Olivia Rodrigo,US,4
05zd5Nv0e02ZqrlC8A2cwx,United In Grief,Kendrick Lamar,"KR,US",4
3xClevycpBON8bkyxFbAna,Taste Back,Harry Styles,US,4
3Sz8P5ZFLARe2oJeb0qsyb,MILLION DOLLAR BABY (VHS),Tommy Richman,US,4
6ie0uyyvOKTTuIFBMPiNIl,Judge Judy,"Tyler, The Creator",US,4
0QPdjsMOUhwouq1NS3HwfQ,Coming Up Roses,Harry Styles,US,4
4VCbgIdr8ptegWeJpqLVHH,Love All,Drake,"KR,US",4
1PdUyYYw9sGU0yhLrpeHKt,Never Getting Laid,Sabrina Carpenter,US,4
4BSR9I4ExlCJdXJo2GpBD5,Take Your Mask Off,"Tyler, The Creator",US,4
2913xXOVAIDAqxzV2g4VcU,The Bolter,Taylor Swift,US,4
3zMDGj4D8ogaYgAIZPeU7S,Peter,Taylor Swift,US,4
5R691ipUYRDYW6ehapjoj6,9 5 . s o u t h,J. Cole,"KR,US",4
6eODMWDVi22dpEZJoqg5h7,Winter Wonderland,Laufey,US,4
7DpUoxGSdlDHfqCYj0otzU,BITTERSUITE,Billie Eilish,"KR,US",4
4xIhSUJantE6BMl3u8dtCJ,Father Time,Kendrick Lamar,"KR,US",4
1sPLURKAosM3Jampgp9AWq,Sandra’s Rose,Drake,US,4
0Y7di9ZCmB6Elad5WISaPc,Dedicate,Lil Wayne,US,4
4ygJHbpMGwZknVFaRikdFr,B's On The Table,Drake,US,4
1eIsyfDHoEbemSnQFsgyAv,Party Girl (Remix),StaySolidRocky,US,4
6ZprqcYFC6D9eIZaCoqrSn,Gently,Drake,US,4
6x9pCndnXEoea0CMcfjs9W,n.h.i.e.,21 Savage,"KR,US",4
1PH2MDbcBAU094DlgTIND1,THANK GOD,Travis Scott,"KR,US",4
6wkYQMrFfb0huLB5Qn19Iv,We Almost Broke Up Again Last Night,Sabrina Carpenter,US,4
0sSRLXxknVTQDStgU1NqpY,Hours In Silence,Drake,"KR,US",4
1ymWIr4E5x6xORlDO0bXlP,Tobey,Eminem,US,4
57lsYy0OZLNb5OQ7fEa3Hs,Did It First,Ice Spice,"KR,US",4
5VhvD0AKRprEaFtPNKGBQR,Dumb & Poetic,Sabrina Carpenter,US,4
5Nz7hI3cCOHmMR4vSLJ1An,GIMME A HUG,Drake,US,4
11pEKMLmavDu8fxOB5QjbQ,Pipe Down,Drake,"KR,US",4
5cGpjfgAvidLy6znwkCxkP,Can't Be Broken,Lil Wayne,US,4
6qj02zSeEJGWZ4c0dn5QzJ,Boyfriends,Harry Styles,"KR,US",4
3rFF7kSm5qBOOPs6ljFgPp,The Cut Off,J. Cole,US,4
2VYb3Fb5iK5Y8HGZ8oEEkp,Violent Crimes,Kanye West,US,4
7DY756WOLyOz2Xnhw4EFiC,São Paulo,The Weeknd,"KR,US",4
5sWbwccBcyHsg5LEKWGZo9,BRACKETS,J. Cole,US,4
6OICC2Us0JVbUgGXFJJOzZ,Deny Deny Deny,Noah Kahan,US,4
4IvenHmD0spfFDOKphoUDp,After Dark,Drake,US,4
6vxU64pcIuQ38O015Zy4qj,Homecoming,Lil Uzi Vert,US,4
0FlwhvrncUKrEAhzunmCKm,Forever,Noah Kahan,US,4
3jipFRgLyKK0oJoG1pKicx,Jaded,Drake,US,4
01p5urrGw5fuFCcfT7PBgc,GO BABY,Justin Bieber,"KR,US",4
21IVPfi81m6ywNgOvqTj1i,Don’t Worry I’ll Make You Worry,Sabrina Carpenter,US,4
0SVsEdvot6vU4byv5yW0oj,That’s How You Feel,Drake,US,4
2hwOoMtWPtTSSn6WHV7Vp5,Blue World,Mac Miller,US,4
7F9cT6hIRhnFCYP6GKS0tf,IMY2,Drake,"KR,US",4
7pj6P5WnxkZsw3XRc8eMe1,Count Me Out,Kendrick Lamar,"KR,US",4
3c9EsIo34kil8Oj1reaozB,American Nights,Zach Bryan,US,4
2ETQsbiuGm2WLOSOr2I19A,Dear god,Tate McRae,US,4
590bUp2TKTfTS9NfiD4Nmn,Finesse,Drake,US,4
2nKYHpmwjLaEOXS3o7QMiz,Baby,Quality Control,US,4
4IFd7EVCyJsUHesBMXI8ju,Parking Lot,Mustard,"KR,US",4
4xvEn1vhrF9JbPFWqTXsH4,I know love,Tate McRae,US,4
2CIXO1jQbrV1hlfI7FUKld,Wrong Ones (Feat. Tim McGraw),Post Malone,US,4
7x5ziCOQFir0AQN8dFisK6,16 CARRIAGES,Beyoncé,US,4
1HwDRgozGBMyfJTQUfz09A,Ticking,Zach Bryan,US,4
4R67rQNSbbsR4TdUVOIdez,ESCAPE PLAN,Travis Scott,"KR,US",4
4waPZF96vX1Oz5pzH6dB0h,I'll Take Care of You,"Tyler, The Creator",US,4
2bqLj0NvdtGbPCl9PdBtP2,Purple lace bra,Tate McRae,US,4
1vj47xD8v9wIhQrmQY2Dkv,Better Days,Zach Bryan,US,4
5Lgqu1th1KqlG97OF2gWGe,Window Pain - Outro,J. Cole,US,4
5Jh1i0no3vJ9u4deXkb4aV,so american,Olivia Rodrigo,US,4
6TUf119oQrkteMSKTE1SOf,"Skoal, Chevy, and Browning",Morgan Wallen,US,4
73uxnSsFMeJ15POpd3zgrV,Believe What I Say,Kanye West,"KR,US",4
4w3tQBXhn5345eUXDGBWZG,9 to 5,Dolly Parton,US,4
4I4G0LD277PWvfblYtSf91,Needle,Nicki Minaj,US,4
1ulH5PIntNj0ro2K69W4Fx,Damocles,Sleep Token,US,4
2jCJjRc9mz6VYBMhLy3H9i,Plastic Cigarette,Zach Bryan,US,4
6iF4RgIjDvDqyW13PezSj3,Single Soon,Selena Gomez,"KR,US",4
3x0J8f16jDLhOr4ohzoq9u,Dan,Noah Kahan,US,4
72EqPCCpe79JBwtLlVsdZ6,Where'd That Girl Go,Morgan Wallen,US,4
0GnNHCDj2WOJl70UUcvAEP,Falling Apart,Morgan Wallen,US,4
63y2aL2dT6zzw8FOSLaNrp,This Is Halloween,The Citizens of Halloween,US,4
2xsTsnA5QOFCnFXdEHGkli,STAY HERE 4 LIFE,A$AP Rocky,US,4
0CrcwVLUe8wzLUIXgjXVZJ,Kill Bill,SZA,"KR,US",4
3Ga7Uele3zN57vQ4F0HPTW,Tennessee Fan,Morgan Wallen,US,4
7u90MSvVyEjL0c8icaE7jl,Contra,Logic,US,4
52ChYmfu792MW2Ezv0whpk,5 Leaf Clover,Luke Combs,US,4
50kjUO9iWqTamrb3va05hu,Kick Myself,Morgan Wallen,US,4
6RsRMf9e4KUyo3MecGffNL,I Want It,Juice WRLD,US,4
5UusfWUMMLEXLMc1ViNZoe,@ MEH,Playboi Carti,US,4
2Jw3VjB1xy5KHBqEeAC6VK,Eat Your Young,Hozier,US,4
19KlZwqlT3fguP2BeHF1Q1,Disease,Lady Gaga,"KR,US",4
2sfZgYusD8bBvB7qWekvSx,I Know,Post Malone,US,4
4jTs7ny5eSRnKTzxdrFv5I,Smoking on my Ex Pack,SZA,US,4
6wmKvtSmyTqHNo44OBXVN1,VOID,Melanie Martinez,US,4
1bRO28yzxgO3y3UmNR29TZ,"I Do It (ft. Big Sean, Lil Baby)",Lil Wayne,US,4
7z4xW9WY86uH3gd1V9pfCM,JUGGERNAUT,"Tyler, The Creator","KR,US",4
1d966178PJg6b4kcXqoYF3,The Thin Grey Line,$uicideboy$,US,4
4kvjThnfQIsPOKjxx0aZDu,Dying Man,Morgan Wallen,US,4
6l8mgVN9Xf1hiDIFGA6CTE,AMERICA HAS A PROBLEM,Beyoncé,"KR,US",4
0HGItm7Ox9AnHZbx26nkE4,HEAT STICK,Shoreline Mafia,US,4
7ACxUo21jtTHzy7ZEV56vU,Crazy Train,Ozzy Osbourne,US,4
3vhOv5qBOX9urPOC9VyhWl,Kiss Her In Front Of You,Morgan Wallen,US,4
0R6Jlsq25eZB3Wftpxi3oF,Jonestown (Interlude),Post Malone,US,4
4hTej08FutmriOs7S1hWWy,Conceited,SZA,US,4
3Rfre3qkrhwdZZ7dyznwbN,Lonely Road,mgk,US,4
4RzpCjByV1NWUGKVQGuej6,Internet,Post Malone,US,4
4YQImHflXSiIMXntcwPkx8,Bongos,Cardi B,US,4
38iBHQloAVZNpKsFVU8aAd,MR RECOUP,21 Savage,US,4
4tfOoCcYPtb08J5HWlSo3r,Another Life,SZA,US,4
4MXhiYIRDMGAuvZc5IFTwC,ASTROTHUNDER,Travis Scott,US,4
6XO8RlYuJCiI0v3IA48FeJ,Bye Bye,Marshmello,"KR,US",4
18uSfZqFBxQFi8CsXOIbhy,DJ Play A Christmas Song,Cher,US,4
7jPdqwZug0ovtDZsY5uK4T,I’m Just Ken (From Barbie The Album),Ryan Gosling,US,4
6Ab81Bs9fcOwaTYuBsUUpI,Eazy,The Game,"KR,US",4
5wttBUDyaHAR5q9fYnN3YF,prove it,21 Savage,US,4
6NMtzpDQBTOfJwMzgMX0zl,SKELETONS,Travis Scott,US,4
1Qvo9ZyBWoedUiOc0zTCbm,Illusion,Dua Lipa,"KR,US",4
0j7cf4wWPAvvvLPbCA6nBC,Jaded,Koe Wetzel,US,4
1NaSrCqTnZdlusQ82SJhGN,TWENTIES,GIVĒON,US,4
6MbH1QiphMCPTqVEVC7UYi,Nothings Into Somethings,Drake,US,4
5QvBXUm5MglLJ3iBfTX2Wo,RUNNING OUT OF TIME,"Tyler, The Creator",US,4
28irpKCCK9nn9DZSik2zEx,Glow,Drake,US,4
16yVaWo0Gmvs2wlnmJbcH7,Call Back,Don Toliver,US,4
7quUr3mlWKcQuBRfl6g5Sn,Don't We,Morgan Wallen,US,4
79RJg6MqIJlBuedcMqB9F0,My Body Isn't Ready,sombr,US,4
17Yq72h0p15OhCbZ5lJ5gd,Bickenhead,Cardi B,US,4
77IAeEz8LEchPN8UNjaTJ2,Foldin Clothes,J. Cole,US,4
4mUIe9gfsdtsVP2zFIl74x,Maze,Juice WRLD,US,4
4w9soAM7IrmYDhSXLp14p6,Peaches,Jack Black,US,4
3PzeZR8CqtwXmSn5AVao7J,DEATH,Melanie Martinez,US,4
3EApebexZ7YqDIqw2EMTDh,I Might Need Security,Chance the Rapper,US,4
3AAY8YicetRPlDAkibHLiS,Jaded,Miley Cyrus,US,4
2Na0z2gfN67Rzf0vp74Wi3,Lose You,Drake,US,4
6JvIjI8H3yxpigROd3Cv9N,Stuff,Lil Baby,US,4
3THVfoVD5kdCxPviVaCPi7,Internet Girl,KATSEYE,"KR,US",4
3uJFmluXzYedoJcvhpC1AW,Hot Shit,Cardi B,"KR,US",4
3s3VVLE1kB7Xk2AoJKlGmr,Overnight,Logic,US,4
2IOFZdYYkFxEHVz1w34PoL,Cherry,Harry Styles,US,4
1yHVHoz6Ny29gbbWJYVnFt,Heaven,Niall Horan,"KR,US",4
7uJUDd92ZfawO5clVSY0dq,Maui Wowie,Kid Cudi,US,4
0OdTRhhGt8aq4UXh67CKQg,Someday At Christmas,Stevie Wonder,US,4
19kHhX6f6EfLU7rcO3RqjO,Back On 74,Jungle,US,4
3EG9FJ0ToLfgnc1IG2Z1wz,SWEET / I THOUGHT YOU WANTED TO DANCE,"Tyler, The Creator","KR,US",4
3FSwpQ9dBZBeBV6UdYHI2R,712PM,Future,US,4
1IzJxbARcQrOWMZgPw1PNj,Go Hard,Lil Baby,US,4
2dfqS3MRtbLZSZA1IL8xY5,Skepta Interlude,Drake,US,4
3XLbDUB5BX2WqL2qoAsvtb,thought i was playing,Gunna,US,4
1WYrTfvKjQYaYfVziGG1ET,Linger - Remastered 2026,The Cranberries,US,4
4zTPYAf5scZdp0LnwPPeWK,Deep End Freestyle,Sleepy Hallow,US,4
5YbDA37CN0YcgZXF6L2cBX,FDO,Pooh Shiesty,US,4
3rKjT23XeGg3pbqE1T1fpd,Breathe,Malcolm Todd,US,4
65aS53swxB9LUGbHDKdvvB,Look at My Life,Gracie Abrams,US,4
5qN4HFkapdAOV94XPryVof,Black Panther,Kendrick Lamar,US,4
6vuVCtwukUA57ioTnKKeuL,Bluest Flame,Selena Gomez,US,4
7l6nGz4gp6HGs5Cvmdeqe4,Fight The Feeling,Rod Wave,US,4
5h68SoVFGleijCtjEja3xG,365,Charli xcx,US,4
03eJ2DclFWXYU8GWgANdmZ,bad vibes forever,XXXTENTACION,US,4
3BUc2A0MJ53FHwiy3eohBt,Nobody New,The Marías,US,4
3dVvWnj4D8JGkKvo6Hucso,TROLLZ,6ix9ine,US,4
5JUu0unA8VwhTZ9LkMWUVI,Since Way Back,Drake,US,4
2uMTscYuCT3BZ0OCzH3MwN,"If I'm Lyin, I'm Flyin",Kodak Black,US,4
5rmcjZTrE9JR1YrbNZDFNW,She's Mine Pt. 2,J. Cole,US,4
4aPB8rSxGFISs0o6V2LrTy,Gold Roses,Rick Ross,US,4
7o3xJRQhpHRZ6IbyQX2xrp,we never dated,sombr,US,4
0v36cov6Z6aEV5ZgIlqZMk,Rockstar In His Prime,Juice WRLD,US,4
3DcfXXPsVIjU1UgY0YBtAM,Boyz Don't Cry,Rod Wave,US,4
6fYcQVXEuqmyS3HqSZ6rTd,Touch Me Like a Gangster,Jessie Murph,US,4
7bUcBztfGqO7cSI2gMZeCI,Opps,Vince Staples,US,4
3zBhihYUHBmGd2bcQIobrF,(Sittin' On) the Dock of the Bay,Otis Redding,US,4
5R4Yrc2j4jw1itr4hKcN26,Feline,Juice WRLD,US,4
4ZYlzwjjAJrflwWg4DJTlT,MORNING DEW (DONK),Beyoncé,US,4
0io16MKpbeDIdYzmGpQaES,Embrace It,Ndotz,US,4
3LgWsmilsrWXiPYQFRD0T7,goodbye,Billie Eilish,US,4
1Y1jtaZOJYgXBl7lKdLc9o,A Cold Sunday,Lil Yachty,US,4
4LKYOetuIF5c9XjeLBL9av,Naked In Manhattan,Chappell Roan,US,4
4GyMIm2BEMoOXjmIvSpfLi,King Of My City,A Boogie Wit da Hoodie,US,4
0wihfILRNOwE2156Shezc8,Agosto,Bad Bunny,US,4
2sqsNXfN0HtgDEgaHXiUTa,Won't Be Late,Swae Lee,US,4
74cVJfmK18rhWnscIpGXjt,Thru Your Phone,Cardi B,US,4
41EOhpn50qvd8iZSKw531W,LOS CUADROS,Peso Pluma,US,4
2KrQbq3aqGOFGnkTKnN2XA,LATINA FOREVA,KAROL G,US,4
3iBgrkexCzVuPy4O9vx7Mf,Glue Song,beabadoobee,US,4
39NDBdU5Xkm5pCFGa5kZtI,Ladders,Mac Miller,US,4
2IoZOYOZDrWCOLoZoYedxQ,One Call,Gunna,US,4
3FhZPYvMGSjFc6boVYKlCv,SHAKE SUMN,DaBaby,US,4
2BJWxD8xKrDv8vneTvTIm9,Beat the Odds,Lil Tjay,US,4
4IdXngKo4g5exqZ0fQTecu,Jingle Bell Rock,The Anita Kerr Singers,US,4
2dfHh7ECGxfNqZTQno09Vk,Hearts Don't Break Around Here,Ed Sheeran,US,4
6PhRhocBXP4y7NpciGmzra,Después De La 1,Cris MJ,US,4
2AfWCBwGGCsZtvVnGF3QYE,Intro,J. Cole,US,4
0JzG1wJuB4v9UPkSE7LMXi,Hotel,Montell Fish,US,4
4LaGu95Ui2s4vprSQYWUAZ,Bout A Million,Pop Smoke,US,4
0qCPD6ilr9nXkI4KVZgcns,Abcdario,Eden Muñoz,US,4
35QZaWQRkmnAVqBF1TLCxQ,Nancy Mulligan,Ed Sheeran,US,4
1B4gJRq61xTs6r1O0Uq2iY,Casper,Takeoff,US,4
6DdPacpAdYkxV8MCzsjaXu,Growin' Up and Gettin' Old,Luke Combs,US,4
3ZYwSDF9knZI0RVlKR4PHC,Bad Company,A$AP Rocky,US,4
1QFh8OH1e78dGd3VyJZCAC,Boys Don't Cry,The Cure,US,4
1JgknGBbrfmEHeOZH051SS,ecstacy (slowed),SUICIDAL-IDOL,US,4
2BSbCCbaSCzkOEZa6N5901,Flaws And Sins,Juice WRLD,US,4
6O7fPYTsb2mY0PiFt2ymDB,Aim For The Moon,Pop Smoke,US,4
78pn8k7RogKo2oxl0DyX6d,One More Sleep,Leona Lewis,US,4
03B2SfXuvDh1m9F4tqrX07,Skin,Sabrina Carpenter,"KR,US",4
456WNXWhDwYOSf5SpTuqxd,Dog Days Are Over,Florence + The Machine,US,4
7cLnbmx7ZUWAwyocrKz3wL,Let Go,Aaron May,US,4
0N9C80kcgL0xXGduKnYKWi,Love Lost,Mac Miller,US,4
0DJBgBiYeSn6n1AXAkFVE8,I Am,Jorja Smith,US,4
2AAyBZmMVZSZfgzXRYJOWQ,emo girl,mgk,US,4
27BgDmciSjoxTG0almHTpZ,Love To Lay,The Weeknd,US,4
7J6bnDDitOwfelaJNixHhL,Modern Slavery,Huncho Jack,US,4
0DGTcMqvVR7fmBXgiG6jz4,Just A Cloud Away,Pharrell Williams,US,4
1fDsrQ23eTAVFElUMaf38X,American Pie,Don McLean,US,4
3FZoov0ORtnr8TznSNI1y2,brand new chanel$,Slayyyter,US,4
6DHPLbudo5JXNdUlG7zDcC,Please Don't Go,Wyatt Flores,US,4
6cQnrSlTxhHCCiUpKrs7g3,Jumpsuit,Twenty One Pilots,US,4
76YSWx6L6FNsuaP6GWBb8P,All For Us,Labrinth,US,4
0tXPhc8LvM4dPvoRwI66XQ,I'll Be Home for Christmas,Michael Bublé,US,4
3kOi5KZTcCOdqFlUjF9CDZ,Neon Eyes,Morgan Wallen,US,4
2oe6dDthgthqUkfL3czpEd,"ALONE, PART 3",XXXTENTACION,US,4
4r87anpJZfl5p6OsBZnrZs,The First Noël,Andy Williams,US,4
1NF9EkR5OpMaoVWbsllcm9,Under Enemy Arms,Trippie Redd,US,4
7zjEyeBsaw9gV0jofJLfOM,Livin It Up,Young Thug,"KR,US",4
5NhcE6cuJjVYyVEKp97zOt,More Surprised Than Me,Morgan Wallen,US,4
137mSruegm1u6x9NvwiagR,Unstable,Justin Bieber,"KR,US",4
2wOXxtHZgRkkrkEbKLzzqs,1.5,21 Savage,US,4
2xE16muNCmhZwSOv3i1d1H,Mood Swings,A Boogie Wit da Hoodie,US,4
06tNJ27nVxbDwhiQMChWyr,GOOD LOYAL THOTS,Odetari,US,4
4wONXG4GqWSscEyZlx300W,justified,Kacey Musgraves,US,4
79nEEoEPY2w8EXj9hjn5oc,Ginseng Strip 2002,Yung Lean,US,4
1JkrD47SDpAbyvqKtolcea,Thotiana,Blueface,US,4
2AWY8422GKdGpGw6ejB1Ys,Chula Vente,Luis R Conriquez,US,4
6r6IPuFvUX72kQGc9b46rk,Amor,Emmanuel Cortes,US,4
2OKo7g3KfmCt3kyLvUAL0g,The Search,NF,"KR,US",4
6G12ZafqofSq7YtrMqUm76,Monotonía,Shakira,US,4
0H1zX27yxoDrsrQA1hk5Uq,O Come All Ye Faithful,Nat King Cole,US,4
4AEzAEnbm9uRgbmTdeI63K,MIDDLE CHILD,PnB Rock,US,4
1uh1iaMqBdx4XyrXhssKGD,It's Beginning To Look A Lot Like Christmas,Bing Crosby,US,4
628Ueb4sRiXApObhcU9iPU,Black & Chinese,Huncho Jack,US,4
14oOKFGuXu8DqvOe1W8vao,Bon Appétit,Katy Perry,US,4
67AdiJcurlf6gocGobfaXs,"Going, Going, Gone",Luke Combs,US,4
1a019wP7IdYLexwbmfZPm3,Flawlëss,Yeat,US,4
6VrCmhRBFnuGKmtNfk4jDs,Spotlight,Marshmello,US,4
6LcX2hBbXaJcK4AuefE936,What You Need,Don Toliver,US,4
7qeWNGBqqagdwf4KnjRzGZ,U Played,Moneybagg Yo,US,4
6keKIzkXWdbwJWMBJQUwYl,The First Noel - Remastered 1999,Frank Sinatra,US,4
17vGPZ5EsdvtgAOCD4FLWI,AP - Music from the film Boogie,Pop Smoke,US,4
6Vgtvd7I5yopJdBuxqjBd2,Your Man,Joji,US,4
34slXA5D75T5S0dwYYRd4J,Without You,Luke Combs,US,4
6I9VzXrHxO9rA9A5euc8Ak,Toxic,Britney Spears,US,4
4hXDobvUaXyDFLnmecoY0z,Dip,Tyga,US,4
2NnJpRXIlx35Vij3bPZO0h,DAYWALKER!,mgk,US,4
1jkEorRvoRQNo1WZfD1X5q,Hey Julie!,KYLE,US,4
6nDSLDomNqfet6w0r1GHAz,RELENTLESS,Gunna,US,4
16x9bQHw8TBNaGDyULvwad,before I close my eyes,XXXTENTACION,US,4
5O8x1YlmLQopQHErxtDfi9,UnFazed,Lil Uzi Vert,US,4
2qMnZF5Ja2WvmfbblByQza,Soltera (Remix),Lunay,US,4
7MRyJPksH3G2cXHN8UKYzP,American Girl,Tom Petty and the Heartbreakers,US,4
5Zx9VpLotu9aFYqq61NAip,2 Vaults,Tee Grizzley,US,4
7snQQk1zcKl8gZ92AnueZW,Sweet Child O' Mine,Guns N' Roses,US,4
1A8990rtwHQ417l3yADe5t,GNF (OKOKOK),Polo G,US,4
5v6gozUHFv9OoNdFYz6p8V,Six Feet Apart,Luke Combs,US,4
0awuNCj9gwJEM0seER22DW,CHICKEN TENDIES,Clinton Kane,US,4
1NHlyKgtR4roNylOhidKSv,Girls Have Fun,Tyga,US,4
0n2bvWvMwr0gbjcuTm92eW,Love,Lana Del Rey,US,4
3yv7994DWTEk3ihwy75YBQ,Don’t Stop,Megan Thee Stallion,US,4
2JdIqJBbIiwEah4ejqIWGj,Big Rocks (Offset feat. Young Thug),Quality Control,US,4
1q0PYXTbDsirp2l74ng6pn,In Da Getto,J Balvin,US,4
5IUOU5xkzGHsRFOYNu3GSK,No Judgement,Niall Horan,US,4
3SeeaIXnrCfT88vHVCRWHl,Last Night Lonely,Jon Pardi,US,4
2wUwC1gBJIC05JH87v2hgN,Brothers,Lil Tjay,US,4
0So2sgVa8aJiARPl2P29u2,Pope Is a Rockstar,SALES,US,4
2rurDawMfoKP4uHyb2kJBt,Te Felicito,Shakira,US,4
1miln1rdxYSBD0NOeIQeJG,Temperature Rising,Tory Lanez,US,4
4heBcjj4Lw3X2sQVFNbLbz,Scared Money,YG,US,4
3X0V4uEujns3TlpoDa2TvP,From Austin,Zach Bryan,US,4
7sB2rmolvEt77KFPCraSNc,Rover 2.0,BlocBoy JB,US,4
2uSLx5uwRIhiA3sJJraNqX,Help Me Out,Maroon 5,US,4
5qDsijQM75KTdv3RtSPx91,Hold On,Lil Tjay,US,4
0WSa1sucoNRcEeULlZVQXj,Can You Feel My Heart,Bring Me The Horizon,US,4
3LVcKphzONOdQ2EATazlZq,Final Warning,NLE Choppa,US,4
6tfPsgvkgbGHWGwq2PpzCI,Goodbye,Bo Burnham,US,4
7idmHTAQQPUFqdjXkoooXD,Beer Can’t Fix,Thomas Rhett,US,4
59LUh4amaXhgrWh6mWKbCn,Aries (YuGo),Mike WiLL Made-It,US,4
40IQooNkPRVtn4zlE3ZFpA,untitled 07 | 2014 - 2016,Kendrick Lamar,US,4
0Odu228D0yGcFySGuxU4rY,The Take,Tory Lanez,US,4
2iObjOsy2vpsariW4Y7hQg,Costa Rica,Bankrol Hayden,US,4
6lUNNXp7M8boA7gUEd6PSm,Love Ain't,Eli Young Band,US,4
3IkWmgGsXbsafrunwPojXO,From Now On,Hugh Jackman,US,4
6qNB2ChCVPepl5ZjVJJTUW,STUPID,Ashnikko,US,4
40riOy7x9W7GXjyGp4pjAv,Hotel California - 2013 Remaster,Eagles,US,4
0Al3wN3keprGTSgG8NBwjr,I Hope You’re Happy Now,Carly Pearce,US,4
47EWMOElkkbMp5m9SBkx7d,IDK You Yet,Alexander 23,US,4
4lzxJ4jCuFDXXGkE1LmpKR,Verte Ir,DJ Luian,US,4
5qFeMRz4TvetPmzjre9Dq7,No Es Justo,J Balvin,US,4
7DrluKkTviBwCc8AV3VGmf,Clandestino,Shakira,US,4
7iL6o9tox1zgHpKUfh9vuC,In Da Club,50 Cent,US,4
0oaY19dUwZimIgzn3ZZLZO,2 Much,Justin Bieber,"KR,US",4
1AH60dMaEfNjzDoUIFwIQi,Beast Mode,A Boogie Wit da Hoodie,US,4
2YK01AIIWuywG24gsbuizE,Congratulations - Remix,Post Malone,US,4
4w2iAP3X4FkpPb5kjRdIDx,On Hold,The xx,US,4
4vkVvmjIiQibQ6zJnC1Q9z,Sucker for You,Matt Terry,US,4
7aely3H8kMj9o0gt6vXHE1,Die For You,Justin Bieber,"KR,US",4
7EI6Iki24tBHAMxtb4xQN2,Anywhere,Rita Ora,US,4
4dmCMIu39DqyalBCENwSxk,Highlights,Kanye West,US,4
5dONhl6aXFuN86UBdayF6W,Olivia,One Direction,US,4
0iSWAT0EL8TwmzcgBjKMh6,What a Feeling,One Direction,US,4
4ANIyqDu9QunO1w6DqCDTJ,I Miss You,Grey,US,4
3gfmFoJgmn9LiIj5mV8oSS,I Just Can't,R3HAB,US,4
6yMxfx9wpiuhhdb8vHDVMu,Whatever You Need,Meek Mill,US,4
2Vo3sVSCltAaYU1u0f9ASz,Chill Bill REMIX,Rob $tone,US,4
5jZF1nvKORdaHNjNNMRbFl,You Broke Up with Me,Walker Hayes,US,4
27UcQ6dAvQrgH9C880rCM3,Love You Different,Justin Bieber,"KR,US",4
1ZyjmRCQy5J11z5gqywVvP,Nikes,Frank Ocean,US,4
5CRVwXGikmqzoRO6q7FeAg,If I Could Fly,One Direction,US,4
0WCbhE2evMrIwRM0DlMy9k,Mixtape,Chance the Rapper,US,4
5omYVLodGmaxnhua99xIE8,A.M.,One Direction,US,4
2tB9OFgAHjAds3cqquLlvp,Loved By You,Justin Bieber,"KR,US",4
5QrT8pNtw1UnjqFuSUsenv,P**** Print,Gucci Mane,US,4
6WSBZroxQaO3FYEpT2ACFH,Baptized In Fire,Kid Cudi,US,4
4zrwPfq5ENLzjq41Txs2HR,Want Her,Mustard,US,4
5FjZyY1U0ofktPtn3kF3J6,No More Parties In LA,Kanye West,US,4
22eADXu8DfOAUEDw4vU8qy,Ahora Dice,Chris Jedi,US,4
4QeBlVCl2KzUEcQZiuskRd,Sway,NexXthursday,US,4
3m62bJJXGyQKdR9XyRocnl,"Two Birds, One Stone",Drake,US,4
7qT7NUDywO7vNJNTNxqWiN,Wrist,Logic,US,4
5hmO72DpMfddRFBbVdPoEX,As You Are,The Weeknd,US,4
3sPM57pMiIJnrB8K0Pds9G,All Your Fault,Big Sean,US,4
2fh3bZ8jZhMxOcfESE9nQY,Don't Threaten Me With A Good Time,Panic! At The Disco,US,4
7xsktt3inEVSrjzPg5S0ce,CRZY,Kehlani,US,4
0mHGftgYtmpH4y17T3VZ2E,@ my worst,blackbear,"KR,US",4
02DoXNeIVYvONhTk1fGQrz,Nothing Really Matters - Afrojack Remix,Mr. Probz,US,4
2fmCA13dwQQOGBIbIOWRiJ,LA Devotee,Panic! At The Disco,US,4
4Tid4MwqgR1CfKCun3tFon,Kings of Summer - Single Version,ayokay,US,4
1gpSrGUfU3F9TOzPlEyLxH,Gotta Lotta,2 Chainz,US,4
3JishuJqpf1m7Y1dFr15QV,Woo,Rihanna,US,4
3RJ2kQSMtkNm8Q7rETa1u1,Same Ol’ Mistakes,Rihanna,US,4
6YZdkObH88npeKrrkb8Ggf,DUELE EL CORAZON,Enrique Iglesias,US,4
1hlwA8qvXx0Bl6iYuDbIuD,I'm Up,Omarion,US,4
4QRWA5UqYU1st9aO0UfxOj,Fade Away,Logic,US,4
3CBWtVFHhxeaHVm4VverBG,Fourth Of July,Fall Out Boy,US,4
5v1yAVGillOAN3yqJ6pmPL,PROMOTION,¥$,"KR,US",4
7F6dvy7bF5dirhM756oB9a,"""Hit the Quan"" #HTQ",iLoveMemphis,US,4
4rra3z09djKcOviLkHWN6l,100 Grandkids,Mac Miller,US,4
48td6xvpokdYwvbl3JIiXP,Love Never Felt so Good,Michael Jackson,US,4
2dyyOwe0KxTZTJjjXDeLmU,Feelings,Maroon 5,US,4
4IJ7ZoJ8z8cAIbqYShF3ZZ,Tuscan Leather,Drake,US,4
4immekPm8Har57BB9DcDSj,1Hunnid,K CAMP,US,4
7fy0Y6uzX0O1UeW0UWeXvh,White Christmas,Dean Martin,US,4
5rgrBsAFYMun6yhtnLKRPz,Right My Wrongs,Bryson Tiller,US,4
3I8MbKRkS2IBDuslhCS3iT,Excuse Me,A$AP Rocky,US,4
1jTQ10igsDvLBp8CVo9Dbh,The Hills - Remix,The Weeknd,US,4
60cxstE8pABTrgaEs0jCBI,Seventeen,Alessia Cara,US,4
6JdMhQybpCiM754NZDw2pm,Player,Tinashe,US,4
5Z0C84Bheh6tWReHCUSwJ0,Paradise - Extended,Big Sean,US,4
6s9m5J92By7jii22Q2XtY2,Somethin' Bad - (Duet with Carrie Underwood),Miranda Lambert,US,4
4viUsO0ZnlZrVCM945K6on,Whip It!,LunchMoney Lewis,US,4
6oF3Es1YzzmLKjGBfThUvD,Worst Behavior,Drake,US,4
7w1GRePfGhlEsPQiJEslb0,Winter Wonderland,Connie Francis,US,4
3JjnGLK8IxkNLvo8Lb3KOM,18,One Direction,US,4
6iVRoBnBCakPVqSNGRshSL,Survival,Eminem,US,4
6AzCBeiDuUXGXjznBufswB,Stockholm Syndrome,One Direction,US,4
4cAgkb0ifwn0FSHGXnr4F6,New Slaves,Kanye West,US,4
6ZOzA95b9cxxJ1ISw8FJcy,Irresistible,Fall Out Boy,US,4
5CQW2BVIEgl6FroWmPZj1t,The Kids Aren't Alright,Fall Out Boy,US,4
4FPrAERfkPKOBKrRoyuxLu,Cold December Night,Michael Bublé,US,4
6IdQwdngrfUKWmB4ucQ4OD,Schemin Up,OB OBrien,US,4
69DR48pXzSabFUfQfDDJDb,Make Me Wanna,Thomas Rhett,US,4
7hZW3cbGT0q0xTFqvemfLl,American Dream,MKTO,US,4
6fTuAHCLc9vvaNVpSC8ijM,Somewhereinamerica,JAŸ-Z,US,4
7n6ibfsRHhCb1Ccl9Fg2CZ,Scream & Shout,will.i.am,US,4
4wOYt5nULk1Cu8pwJWk26m,Wildfire,John Mayer,US,4
0vR2rIVORmgeKiGIgNT0fV,By Your Side,Calvin Harris,"KR,US",4
3FS2e59gXFXrcg7sN2mL5z,Shots & Squats,Vigiland,US,4
0c4IEciLCDdXEhhKxj4ThA,Madness,Muse,US,4
4zLBcDtvYNVtF9fnG6lme3,Sun Goes Down,Robin Schulz,US,4
6TfuliyS3QlEeuP2VtVG09,The Love Club,Lorde,US,4
2U9kDk5mlHYunC7PvbZ8KX,That's Christmas to Me,Pentatonix,US,4
6GBUsjHfZuweYf5lQEz6mP,Crash My Party,Luke Bryan,US,4
7fex2V7RzWl9nCKyILjibB,Say You Love Me,Jessie Ware,US,4
1s9xuJxhYM0LdVqksjegcg,Fairly Local,Twenty One Pilots,US,4
7gpy7sfWPNuOKmUNs3XQYE,Carry On,fun.,US,4
4XbQLaWyFkXTwPK33kxWQJ,I Was Made For Loving You,Tori Kelly,US,4
6BVBkKpZK09NmifUMZqj1z,Every Other Freckle,alt-J,US,4
4HxT6Vro8dsBoNMB3VZmfO,One Time,Migos,US,4
7qAwgcPpNmJRUzbTUTjbC3,Pills N Potions,Nicki Minaj,US,4
0HVba4HUwHnGlkHNitXMEL,Bad for You,Meek Mill,US,4
6s9ICeczYOfbHHIaSMq9jd,Get Your Shine On,Florida Georgia Line,US,4
1hWYT0w2R0J19rlVkiez7X,Battle Scars,Lupe Fiasco,US,4
2SHnUyZq0zwmvRIl4WY77G,Alive,Krewella,US,4
4Sfa7hdVkqlM8UW5LsSY3F,Take a Walk,Passion Pit,US,4
4mqVUkv3epcKid8O9tlgtl,Dreams,Beck,US,4
16PNN9wK1LbedzcTp7y8y0,A Guy Walks Into a Bar,Tyler Farr,US,4
4T68kUBWZZJGMw7wUZVuDV,Cherry Wine - Live,Hozier,US,4
6Ua9Ylv2V1BXtjAaa3MPDs,Cool,Alesso,US,4
6393Du1axGG1NvAMq0OcfU,I Know There's Gonna Be (Good Times),Jamie xx,US,4
7Jpb9OejYYIwsBIVQwceRy,SUN KISS,TUIDE,KR,4
3DNvKQeuZNaLxcStAhMasl,"PAJAMA (Feat. WOODZ) (Prod. by ZICO, Crush)",Raf Sandou,KR,4
3Ce7m66BjXf97IDrvUVGbP,GAME OVER ?,HANRORO,KR,4
7IbvjT2EMzYFDUiu0VpkuN,Animal (Feat. E SENS) (Prod. by Hukky Shibaseki),NOWIMYOUNG,KR,4
6TUuxnabfrlNbFi0FJSz5G,"PUBLIC ENEMIES (Feat. OSUN, Iyaan, Jeffrey White, Raf Sandou)",Sik-K,KR,4
6tTz1LRQ89JkBdD9iUBPO9,NOW IM YOUNG (Prod. by Hukky Shibaseki),NOWIMYOUNG,KR,4
5XQw9UwZuHeXs5tO83nhYy,Paid with Bugs,AKMU,KR,4
1TtqALMlSp0o2RUu91Auz8,GRLS,TUIDE,KR,4
08aIVRb9ucpxKdAJb50HAx,Ode to Love,NCT WISH,KR,4
1d6kunWR5HXPjhzuMuRog5,DDI RO RI,MEOVV,KR,4
3MC7fwjrvN8Qz4Ky9L45qy,MR. ROCKLEE (Feat. JUSTHIS) (Prod. by Lil Moshpit),Lil Moshpit,KR,4
0BlndWgd48bhj9ui9xiEtS,Do your dance,RIIZE,KR,4
1p8jrcf4HP5RtXS9h0yVuU,Spring Colors,AKMU,KR,4
6GSdBUjAnJmIjxMAYz5WCa,BUMPA,BIBI,KR,4
35kftu3tYZnhWFBuKGyS1p,You and I,HANRORO,KR,4
27x2IrIGwr56QWkqJ4cu9I,"Bye, Summer",IU,KR,4
0F6XPZ5gxXC1zaiaDhrV73,ADIOS!,BOYNEXTDOOR,KR,4
3XA1fxXtO6khwi4Eb7oL1B,Smile Boy,Roy Kim,KR,4
227IgqbtZJtyODxqJ4wazb,SUGAR HONEY ICE TEA,BABYMONSTER,KR,4
10aWlzB6sD6iF58yKPMgVB,Ice Cream,YEONJUN,KR,4
1nEhhkEidrTOtc46fCvRFp,Fame,RIIZE,KR,4
00x6bVmgpINfHaxUQWv2OY,OUTTA SPACE,KC,KR,4
2Zr9Wogx6N95V7meyHYGEj,THAT’S A NO NO,ITZY,KR,4
60DwXD4XZgBGMRwViDqBm6,When the Day Comes,TOMORROW X TOGETHER,KR,4
4C2KCXzqC0kwNyTilyRLUx,IBELONGIIU,G-DRAGON,KR,4
7oT5JOWwxnwcZRI6NLzhWs,No matter where,M.C the Max,KR,4
5SQPTxNUunDOhBMOggDmX7,Then Then Then,Supreme Team,KR,4
6fmhKXTt98FlguELVyqVOf,Bag Bad Back,RIIZE,KR,4
5Q4DLsIx0Fl0IDCCWHsLlH,Lips Hips Kiss,KISS OF LIFE,KR,4
0YjIGs3jqdOgJxHCRWvDS1,BEEP,izna,KR,4
5o4U0weUIAXolji4sEAnjI,Ash,LE SSERAFIM,KR,4
1Hw8WhXlRjfUFDMykf92gA,So Cynical (Badum),LE SSERAFIM,KR,4
5XsrVitCrmP41A6pq827Yq,CLOSER,JEON SOMI,KR,4
0ofqcEBPdlyczRjUhjCiIS,CBZ (Prime time),BSS,KR,4
1DSDmBpBFHObaeKo1WTstK,Step By Step,BOYNEXTDOOR,KR,4
6tmlmf1h3v9mIJqPAlCbzY,Square's dream,IU,KR,4
1Uxr0oBXAZRuLkAz27TkLc,Letter To Myself,TAEYEON,KR,4
15c7KZTrsCUxCQcOdUVELc,Galaxy,BOL4,KR,4
5UuOwk4n77Z62CypOgly5n,피차일반,UmYull,KR,4
0Yox4FlUiFAtWVrSJhPheU,OTL (OFF THE LEASH),Loopy,KR,4
0VrZodRby4IfK3rZIxSajI,Young Man,HYUKOH,KR,4
7jKekT7CT9hmvLjWtht5Oi,うたたね,Leina,KR,4
6ZpoRaO2cfXR1dti2N4TLs,Over The Moon,TOMORROW X TOGETHER,KR,4
0nE98tyBe5oz0BfrAzTEfY,BODY,MEOVV,KR,4
3wluV5HGCW1Dq1CYsjIdLu,Sexy In The Air,TAEMIN,KR,4
411fZBnpfU4eIDIZmDKswx,Pierrot,LE SSERAFIM,KR,4
7qBtrHeh3R41pfe9t0j5ZP,As we are (Seungmin),Stray Kids,KR,4
6VG3H64odw9YFcvY0NUZpL,Touch (ft. YEONJUN of TOMORROW X TOGETHER),KATSEYE,KR,4
1RF5Sh64ddycjZJ5WGLWZr,ENGLAND,YANGHONGWON,KR,4
6G3myAs4HemIdtLYhhjGLP,FRI(END)S (Instrumental),V,KR,4
1gh9hWNAzDR46rn52uyoiV,+82 Pressin',Mark Lee,KR,4
2AIdJeRi6mlNXhJRdqlm0A,Monet,Beenzino,KR,4
5IY8i6WnkqvmRnIrF4lqDx,Taxi Blurr (Feat. NATTY of KISS OF LIFE),Jay Park,KR,4
20uUaRkfRJZG15mXfn7LaU,"Shh.. (Feat. HYEIN, WONSUN JOE & Special Narr. Patti Kim)",IU,KR,4
6BteP1uOVCsGfA58E3L8Fu,990 (Feat. Kim Ximya),Beenzino,KR,4
6e5L42GYpMs0jHODC9VEes,She Smiled,DAY6,KR,4
35ytd9cmG15jXG0RKWC9p4,Graduation,NCT DREAM,KR,4
0ZPjVmof45INEERgYfadtv,Chasing That Feeling,TOMORROW X TOGETHER,KR,4
3cJgwAm8FRkgjRIGatdRct,But I Like You,BOYNEXTDOOR,KR,4
3X76Lal4GwBFqriHz1FbLU,SOS,FIFTY FIFTY,KR,4
00Luoss7SGaxzTEy94cfia,High High,GD&TOP,KR,4
5fCKBIJ7BwaCpxxwZCbS5X,We got so much,LE SSERAFIM,KR,4
0Tc5rJmMphUeuOp1mTUPAu,Coca Cola Red (Feat. oygli),Beenzino,KR,4
6DSGb5CmwHX4pvclq8HUU1,No-Return (Into the unknown),LE SSERAFIM,KR,4
5eC84hN3UbRhSfnJLdUNLv,No Tomorrow - Spotify Singles,CHANGMO,KR,4
049uXN76j7jCn0OrQiSDCm,Into You,N.Flying,KR,4
2lDOkJgVMNz4iMmoAHhhqC,Say My Name,Say Yes!,KR,4
2SBnYX6QFYotZEeVgxr0nv,NOSAE NOSAE,HOMIES,KR,4
2avdbiswb0d5AFmyyz68xP,Blue Blood,IVE,KR,4
3aUySszCHEifnEOqm0nCKr,Chi-Ka,Tabber,KR,4
6vSpm3PAXA1PLyEINx3DJC,hey! hey!,TWS,KR,4
1XvOEvWtfa879Wk1wKHZ1M,Cheers to youth,SEVENTEEN,KR,4
3ym9bzwGG4uxVaJ0pLoQbM,Nothing,KISS OF LIFE,KR,4
0WUYhwQ1U4BETRP71oTKNF,I Just Love Ya,PLAVE,KR,4
7mD6UISuxA2uqWAQh7oSjV,AJUSHI,CRUCiAL STAR,KR,4
0dRSOmb7pqkkmjXCu5BYbe,Lips,IVE,KR,4
6fzio74FGqFFsenYkbGPzR,I'm Unhappy,aespa,KR,4
3dQHlnZMraJowb43SREjEb,Dear. PLLI,PLAVE,KR,4
5ms7rcVKjBFUtoVh8hE0Y9,Hate Rodrigo (Feat. YUQI),YENA,KR,4
4jMwQaDiDICry8Ia1gFnAn,Guilty,TAEMIN,KR,4
1JxRZB6gjp3nsn2jUIaXMs,TAP,TAEYONG,KR,4
36DcCSKGShF6p3h2JMcPDg,Nirvana,KANGDANIEL,KR,4
18FgZS3SkPGifWyVGYO9Gh,"Flick (Feat. BE′O, HAON) (Prod. GroovyRoom)",Roh Yun Ha,KR,4
046Gh1kXtPynYPaKep5M8E,So life goes on,Heo Hoy Kyung,KR,4
3HAkoNmThZhyFejhpRXXYI,예뻤어,DAY6,KR,4
5LWWAw887ODAUvR2LR1kDg,Don't Go Insane,DPR IAN,KR,4
7s3ma1B1cC7rImNDYAHNxu,이제 우리 꿈에서만 만나,Yyeon,KR,4
4Kw1ykVLHoFQxOPSVd8R2E,Like A Dream,MINNIE,KR,4
5S0GA5OmvNrsehPVADlfux,No Hope For Your Return,Jehwwn,KR,4
6r1Jwbd0UwCpuLzPG4y9Ub,Ghosting (Prod. CODE KUNST),Woo,KR,4
4njyS3c6btHwlhVuYt4ks5,Fuckin' New Year,Yerin Baek,KR,4
6uTPA1xlcsk6dbchB2dhzl,Back for More,TOMORROW X TOGETHER,KR,4
0V8fsKaS2pdhTkDfJKBCTY,Lovin' Me,FIFTY FIFTY,KR,4
6dy7pDUqBlNQqxYj5Kt8bT,Heaven(2023),Lim Jae Hyun,KR,4
7ix35I3PNAN63JeV7feOG9,Pisces,Yerin Baek,KR,4
6oKcSOOwqdyNjyL4HiviRH,"BE ! (Feat. Paloalto, lIlBOI) (Prod. PEEJAY & Slom)",sokodomo,KR,4
0CqZryIJnJhwCCnECIC7Lr,Need To Know,Jay Park,KR,4
57XAvyTHdoBycdsJ9h9dKK,"FACE TIME (Feat. GIRIBOY, pH-1, Gaeko) (Prod. CODE KUNST)",SINCE,KR,4
2JIaYEoBsURkmNab7EgYwA,Because we loved,KANG MINKYUNG,KR,4
1t9FZ4govN4TS6RcA6QpYH,You,IU,KR,4
56Tn22SAFIGYpyHrf7TV0X,Love Letter,IU,KR,4
6hHjsUiAuUcTtsvDXFvPFk,GRIPPIN’THEGREEN,JANNABI,KR,4
5aNxPBx1Fq6gAxlr0OQzv1,Hallyang-ga,YOUNGTAK,KR,4
6RTF5urAOB5C52nLxeRK5h,Pose,Red Velvet,KR,4
3wS47sXPddjE6rbhU7u20w,Je T'aime,JOY,KR,4
1c3WMOE7Q0dCFN6bjT8KWo,EVEREST,AKMU,KR,4
2Cew0ywp4F00wLsN0txKdW,Whenever,Yerin Baek,KR,4
3tOXDbhmpjSGxBFo2yp1eJ,DAYDREAM,HIGHLIGHT,KR,4
4NgBGkkjK006wySQL4IaBA,"UP (Feat. Jay Park, Woo) (Prod. CODE KUNST)",SINCE,KR,4
4b9LMCUaw55QajVRfrfPyS,Seoul,BOL4,KR,4
08xMOoUaMWWlNStVUdBTBC,Because,ASH ISLAND,KR,4
1TUkEXQrskATO9SoB4QMUN,Amusement Park,BAEKHYUN,KR,4
5YAO57ujV1cs5eubzyOL1E,긴 밤,Seori,KR,4
4kTZPPL28sYltXKMJramko,TAIJI,CHANGMO,KR,4
0MWiSBKm8Avs8iDIxcertp,Kiss My (Uh Oh),Anne-Marie,KR,4
3aeZV1y0ck9CMIUIdeOjBj,Summer,The Volunteers,KR,4
05EjphKqE2EJVMy0iORf1l,Love Or Lust,24kGoldn,KR,4
3bm7XUKbcBSHTciUGRAaCR,Celebration,BewhY,KR,4
200110T27gmATYagfNYzkF,욱 (UGH!),BTS,KR,4
0kGnxJUOZgCemWBfpgVe6H,Party Forever,Simon Dominic,KR,4
1ee336VqMtJzZzZKRqNXAK,I Need You (Prod. By VAN.C),OVAN,KR,4
3gxNkvcP8scSzL6mGznTn3,Awake,BTS,KR,4
31ZAhjSUqcNutSdVcd93a9,Fall in Fall,LEE MU JIN,KR,4
4lpvCG7eNzHAXwvMxWUNjz,No Blueberries,DPR IAN,KR,4
3uUuGVFu1V7jTQL60S1r8z,Where Are You Now,Lost Frequencies,KR,4
7IRknQOMvsycACYS1fVGex,Error (Feat. Loopy),ASH ISLAND,KR,4
2Qcbspnftnon37jibwyvMU,I'll Be There,Jin,"KR,VN",3
1MhXchY126AX5Iuv4Odbe8,LV Bag,Don Toliver,"KR,US,VN",3
6IUEwlNgVnT5CYeBuq6DTH,Anh Là Ai?,RAP VIỆT,VN,3
5W766aUjYvSbUH3oinhH6M,Lưu Niên,Jack - J97,VN,3
4M0JP3vybYgPQSnIvPrRuW,Ác Mộng Đẹp,Đạt G,VN,3
1W4dKR6vz6LxhRtMTl9fPx,Nhớ Ems,Rocky CDE,VN,3
2SQbLJNXEiCG4AnVvvRDgI,Người Dưng,Jack - J97,VN,3
48SDjh34zzai5fZMbvoqUb,Gói Con Tim Làm Quà - Bò Sữa Bay Original Soundtrack,Nguyễn Hùng,VN,3
4wD6v7xAl1Hhfl2rli4q0n,Vacheron Louie V,HIEUTHUHAI,VN,3
3JKn7BN79L1WOPMYUCZg1m,NGONGIODEMQUATRANGSANGDEMNAY,RPT MCK,VN,3
5BBkvXH2jYROUzKIB7WX7S,intro (end of the world) - extended,Ariana Grande,"US,VN",3
15EbINtnOI4c2jPXXskywy,MOTION,CORTIS,"KR,VN",3
2DFFgJxAuNhRII2aR5QsXG,ĐƯỜNG CHÂN TRỜI,"ANH TRAI ""SAY HI""",VN,3
3HNcWoUo4jot56Kw1Kc6vN,mộng tình,GREY D,VN,3
5KFKDA7Gp8pHXKRWgp3G3l,Giữ Anh Em Cũng Làm Không Xong,Lyly,VN,3
2L3R75fV5mZIGDVm3nDKqI,Nhà Tôi Có Treo Một Lá Cờ,DTAP,VN,3
6HfodJwwVoCsygZqZ2xKYN,HƠN LÀ BẠN,"ANH TRAI ""SAY HI""",VN,3
3Kw7zkALCVxY4wmlnh2IWC,Cupid - Twin Version,FIFTY FIFTY,"KR,US,VN",3
4DM8buF9J04zNPtYVMUt74,GIẢ VỜ,Phùng Khánh Linh,VN,3
3nglEHRDn1MEy3vmMNfLl5,ĐỘC NHẤT VÔ NHỊ,"ANH TRAI ""SAY HI""",VN,3
4NLtxANI9YZgZbrZdOaSZJ,VỖ TAY,"EM XINH ""SAY HI""",VN,3
6rEWOmyRZwZ4Aouth1YBSX,Tệ Hại Và Xấu Xí,B Ray,VN,3
7vKjOiBl4LiaQaPM3M0UwW,HUSTLANG ALL DAY,RAP VIỆT,VN,3
4Uy9pyHaLhahrxOeW8DSA9,Dạt Vào Tim Em,Anh Trai Vượt Ngàn Chông Gai,VN,3
2MaQyCgCkHDodQeO54XT8i,1001 câu trả lời,GREY D,VN,3
2UvqD395dhlJWO0SxHJ89n,Đáng Lý Anh Nên Yêu Em Hơn,HIEUTHUHAI,VN,3
33Omv0QYK1IvSHvpxoLzJz,Ở Trong Khu Rừng - Cảm Ơn Người Đã Thức Cùng Tôi Original Soundtrack,Nguyễn Hùng,VN,3
4PG6OJ4kUp0CaHVECGWdWx,Không Ngừng Suy Nghĩ,Dương Domic,VN,3
5DrsJFu6xuC7ZwFgUKExq5,144,Wren Evans,VN,3
6avf87RlBlDYMbdcRx2tDK,TRAI HỌ VŨ,RAP VIỆT,VN,3
2UntIOBeaSlLJrZbc3bdmD,Cơ Hội Cuối,An Vũ,VN,3
3yrQAZrdlrMVtI4DN9FTIc,3 Bích,Pháp Kiều,VN,3
5e21jDDiJOuoAMd2k8FNn2,Ai Lớn Cũng Phải,CAPTAIN BOY,VN,3
5cG5hU8eGu9hZ1RVsQgb8O,CÁCH (YÊU ĐÚNG) ĐIỆU,"EM XINH ""SAY HI""",VN,3
424j44lR59R0U17l4BZK7G,bài hát này dành riêng cho mình em,CONGB,VN,3
6LakfNLAPklxBWkexiRfD0,ĐỢI,52Hz,VN,3
6ns1vEKfjtzBuz7vflsBOf,baby anh đợi có lâu?,Dangrangto,VN,3
41BMz3IQeR78smfT5aifuW,Như Cách Anh Đã Từng Thôi,HURRYKNG,VN,3
22GBoFAjFPlJ44Mef8mnOb,CÓ GÌ ĐÂU MÀ CAY,"TINH HÀ ""SAY HI""",VN,3
6o7CaOFyXiBSSkl8jHW5ou,MAY KIN THANH DO,Richie D. ICY,VN,3
6qDzk36tXJDLqHCSlmb885,hãy đến đây bên anh trong một chiều mùa thu,Dangrangto,VN,3
4p2djURll4u7nNvhLMDAVB,ĐỒNG DAO XINH GÁI,"EM XINH ""SAY HI""",VN,3
6u7HUAnyWxVjrKnFGYSQZp,Tình Cờ,SOOBIN,VN,3
6SaSFVlIQC1L6Fh1QKLeFi,start a war,JENNIE,"KR,VN",3
15iAH8qPmwHTSSkHkAG4eX,"RỰC RỠ (Theme Song From ""Nghỉ Hè Sợ Nghỉ Hưu"")",CODYNAMVO,VN,3
5YPU2SdqR2pOsfFs5AW25q,Kém Duyên,Rum,VN,3
0vbmSk6huZt5H6vhpfI6BX,Lá Ngọc Cành Vàng,Kiều Anh,VN,3
1rT8AzuWBXNbB6BFrGmxYV,Quá Muộn,MIN,VN,3
3AF1fXVAtkscCkW7mEVxUY,Lửa Gần Rơm,Quân A.P,VN,3
1ahMIChLwnLRGDu5AhMWZI,Chăm Em Một Đời,Đức Phúc,VN,3
0TdY6uqmdRfnR7LgmxQHnG,First Dance (Mải mê),UPRIZE,VN,3
75QkBCdRc5DGgcyPiVSg4b,FALLEN ANGEL,JENNIE,"KR,VN",3
5vODf231esazyTFBRN6Tdc,Cause I Love You,Noo Phước Thịnh,VN,3
4ZIJScWMgbLgM0hhfY19Oy,Có Em Là Nhà,MIN,VN,3
2vxMUUjyqpBzI9PHm7YtKQ,Thành phố phía Đông,VƯƠNG BÌNH,VN,3
5jFxI1Rqwp5AFhRogCkjEp,Em Không Quay Về,Hoàng Tôn,VN,3
6AH74QQxzjqTsvj7lFQoqy,ĐOÁ PHÙ DUNG CUỐI CÙNG,"ANH TRAI ""SAY HI""",VN,3
6HjYE79OOCGEhkIRfXLqrz,Damn Right,JENNIE,"KR,VN",3
0RRaMSF6sPNAvMTntUiv8m,Đại Lộ Mặt Trời,Chillies,VN,3
5KLL3jbaiks9Shy5ohz6oG,Giờ Thì Ai Cười,HIEUTHUHAI,VN,3
2chbuybiy6aDDBC985tJcP,ZEN,JENNIE,"KR,VN",3
5XK9xF4Wu2ch0zSPSHHuqv,Nước Hoa,Kay Trần,VN,3
2k6iN3YG0R1uIWIhY4GsH9,Sau Ngần Ấy Năm,Hà Nhi,VN,3
6LUkKVBSUFAVCxOZLBMwAr,EM XINH EM BLING,"EM XINH ""SAY HI""",VN,3
3O3h5nceJQgZ6wMIPCoJzj,NGÂN NGA,"ANH TRAI ""SAY HI""",VN,3
10AZ3ChoIGMxvcCoFsoFjf,nhạt-fine,GREY D,VN,3
758HpAro9xbPugUESFncw0,Chài Điếp Noọng - Anh Yêu Em,Double2T,VN,3
6omqlTpk0xulezHygipOZx,Chợt Nghe Bước Em Về,Tự Long,VN,3
2MFqzQ3eJPM1dHCaioyU1s,SOS,"ANH TRAI ""SAY HI""",VN,3
5S1qhBgTprx5CFkLmmU95i,Lựa Chọn Của Em,buitruonglinh,VN,3
3lgCCIj5kUu8IAbJarm9oz,Hoàng Hôn Nhớ - Hoa Vương Original SoundTrack,Anh Tú,VN,3
1UHkDovEFqHzHCPyNe0BTy,Scenery,V,"KR,VN",3
0f4VzzQxojITMkyHY6LCci,SÓNG VỖ VỠ BỜ,"ANH TRAI ""SAY HI""",VN,3
0TcbY7JJzalPExhhqpgAQM,DON'T CARE,"ANH TRAI ""SAY HI""",VN,3
29VSQCxul5FNmpi4gVR7Qn,THI SĨ,"ANH TRAI ""SAY HI""",VN,3
5IPyVAKgMFP99F2DqUoohG,Seenderella,Chi Xê,VN,3
0zCGKGZB5aySnQQSHWRGIT,có hẹn với thanh xuân,MONSTAR,VN,3
7nxoUuqcsDfv3PsPGeciWy,Tell Me It's Not a Dream,10CM,"KR,VN",3
3ReXtnFdKpqqMLk9bPZC7Z,OVER,Khoi Vu,VN,3
4Sib57MmYGJzSvkW84jTwh,ME!,Taylor Swift,"US,VN",3
0PXd9WwmX3Y04KfHAaldDS,Run,BTS,"KR,VN",3
3VpQYlxX46P0yZ2D4xLk8A,Quên Dần Quên,CAPTAIN BOY,VN,3
1XEOrZGHhmBxYciyWkkrs3,"Ổn Không, Brô",RAP VIỆT,VN,3
3529wOVotXNadk5EkWERZQ,Xin Đừng Nhấc Máy,B Ray,VN,3
5OYTgAmnGKMRo5lDXINPch,Nơi Ta Sống,RAP VIỆT,VN,3
1bRsQtD0IJN7D0aCslMg44,Bet On Us,RAP VIỆT,VN,3
5VrUjGueLevc05YEGULG7K,đôi mình,Chuột Sấm Sét,VN,3
0o3ua5ufFK7nfRzbDUNoGA,don't wanna break up again,Ariana Grande,"KR,US,VN",3
7KlTFTpy7dXLzr2NtLkvG6,Not Today,BTS,"KR,VN",3
2vRoAkwc3UBEPW2udvN0u9,SDL,Agust D,"KR,VN",3
3JSodIIStqTwXSH7nXOuhe,Polar Night,Agust D,"KR,VN",3
1fflhv9kqRw6rm50KaXcYm,Just Say Hello,Melo-D,VN,3
7rzzByujLJIBXpyOCnJhfx,with the IE (way up),JENNIE,"KR,VN",3
3oIKYROTi2wREKdnqq3yAp,CẦN GÌ NÓI IU,Wxrdie,VN,3
0M7ai1yfYyb4OlyRgdmtTK,Intro,j-hope,"KR,VN",3
0TAEZOaoZx5LBXEkePNrt4,Đôi Mi Em Đang U Sầu,Đông Nhi,VN,3
02Jf3KszL1FB1kG6CILEWE,Vì Yêu Cứ Đâm Đầu,MIN,VN,3
6TPpCbn9z0IY5Te048iy5R,Your Love,JISOO,"KR,VN",3
3puPTaE5acvWNGaNSoM3wT,Bao Giờ Lấy Vợ,RAP VIỆT,VN,3
28L64pcFeZY706DYM9dtmt,Khi ông mặt trời khóc,Tiên Tiên,VN,3
4GVwjLRT7oSsKby7Vy8EHr,Skit,BTS,VN,3
5MkTNoZ8xaMZYh1XMwAPtA,quý cô say xỉn (secret sunday),Phùng Khánh Linh,VN,3
0XBecTa1OyEoZ3XKqXopY8,Đoản Xuân Ca,Bích Phương,VN,3
1DmMJL7KrTEC5MDTvYpfLD,Không Cần Phải Nói Nhiều,tlinh,VN,3
0TTJufXrJgRZUUV7brd2hT,nằm ngủ emru,Bích Phương,VN,3
7sZgN8O9VpGPbNv4TWfvTy,Trao,Wren Evans,VN,3
5sh8NLB5FULZqYZoLl1wac,Bất Chấp,WHEE!,VN,3
5S5Pnnyx7I4WLtOYeeVSVM,Danger,BTS,"KR,VN",3
3i8GllbdGuwIXaVrlIoE0r,What do you think?,Agust D,VN,3
05mKTB04qMaCRHwuVf9HGv,Nắng Thủy Tinh,Avin Lu,VN,3
0SJ7vFES0Lj6pnumh3DhCe,People,Agust D,"KR,VN",3
14Y6vaDKyaUzjoZT0VA6pB,Mấy Khi,Ngọt,VN,3
61S4hrzyLe5EwFPePSIFQz,Phố Đã Lên Đèn - Cukak Remix,Huyền Tâm Môn,VN,3
3q5U9H4GzUPnJ6USUKH6h1,Bận Lòng,Pay,VN,3
7rIPVGTU46ILYVrrblSu4P,Đánh Đố,Hoàng Thùy Linh,VN,3
5bvVA6idKl1R38C5G4tuxC,Know me,Gemini,VN,3
5pbc99769AMASq8pREi52a,Kỳ Vọng Sai Lầm,Tăng Phúc,VN,3
5e6hUjvQG2inD4Svco0PvP,Let Me In,EXO,"KR,VN",3
142PiXzA84lmEw2RstFHFa,supernatural,Ariana Grande,"KR,US,VN",3
2g4tRvSuOVNAz4p3Yfwy2O,Anh Không Thể,MONO,VN,3
1Wg83IToHimkgKtzQExO6s,Anh Chồng Quốc Dân Của Em,RAP VIỆT,VN,3
6NAlg9IZh3T3uQVeBtmjo3,Dáng Xinh,Low G,VN,3
7pRF83cjFfTtUYX2P4pYgX,My Everything,Tiên Tiên,VN,3
5EqUfkBN8YnVeG6jFpFCmU,Tình Xa Lúc Ban Chiều - Piano Version,K-ICM,VN,3
6Y2YbfCkR3C0oIysWzU36H,Hy Vọng,RAP VIỆT,VN,3
2rIFRse00Znv6FfpQBdthx,Xem Như Anh Chẳng May,Chu Thúy Quỳnh,VN,3
2sp32rIevQhpbo0Z4aQzoe,My Universe - Instrumental,Coldplay,"KR,VN",3
4OAuvHryIVv4kMDNSLuPt6,Red (Taylor's Version),Taylor Swift,"KR,US,VN",3
2zI9NSx3dncJHCw0QClcx0,Know Me Too Well,New Hope Club,VN,3
6oghyOqPnFUCB7C8modJ2D,Chúng Ta Làm Bạn Được Không?,Thiều Bảo Trâm,VN,3
4MZkrUWN2C0dhc7Xn1LPug,Nhìn Những Mùa Thu Đi,My Anh,VN,3
0ObH6HhEWiI2kXBJ4tusbQ,i don't know,j-hope,"KR,VN",3
1exxGxUMlJWD1h9YcE9YZH,Opening Sequence,TOMORROW X TOGETHER,"KR,VN",3
2PsDFHnuQAHL3fiqMp2Xaw,Con Nhà Người Ta,RAP VIỆT,VN,3
6Rbz4nzR4ytexB7Zx28AmL,Mê,Hoàng Duyên,VN,3
6bHUW6F0VTOHoiXVX7IjHA,NICOT!NE,hooligan.,VN,3
1eB1JymprhH8QTLA8m1AsB,Lose My Breath,Stray Kids,"KR,VN",3
6m6cuH6pqAMAPcEmWwoHHC,Nếu Anh Thấy Lòng Mình Yếu Đuối,Tùa,VN,3
4VMRsbfZzd3SfQtaJ1Wpwi,Double Fantasy,The Weeknd,"KR,US,VN",3
1WRTkAAByYdNhoTLIf49bV,Love Rosie,Thiều Bảo Trâm,VN,3
6v0UJD4a2FtleHeSYVX02A,I Drink Wine,Adele,"KR,US,VN",3
04CqLjewJiSAqM210vZAmT,River,Miley Cyrus,"KR,US,VN",3
2NMmW0mCNfLghRxcE7TyjM,?,RAP VIỆT,VN,3
5qr3vaUs2uL0kdyPnNG3VA,Một Cái Tên,Chillies,VN,3
1hR8BSuEqPCCZfv93zzzz9,Welcome To New York (Taylor's Version),Taylor Swift,"KR,US,VN",3
2CEgrZAeXJteCa5jOj3QfF,Chúng Ta Đều Là Người Chiến Thắng,RAP VIỆT,VN,3
2W1AL3O272UMcHjWur2IV7,Đường Tôi Chở Em Về - Remix,Cukak,VN,3
6w8ZPYdnGajyfPddTWdthN,Can I Get It,Adele,"KR,US,VN",3
7gWaeGCFmoR2VTGb7BJYz9,Yêu Là Phải Nói,RAP VIỆT,VN,3
3ZMAHJ3O5wGASx1JHMCcvs,Skyler,Sơn Tùng M-TP,VN,3
7pyjX48CPTw2AOc40AnJrc,Đắm,Xesi,VN,3
7LEMGMfmJDd1iLsGD9eV5l,Love Somebody,Lauv,VN,3
1KR9TkyhxqqpOk45WAm7bM,Running Out of Roses,Alan Walker,VN,3
46WaBBaEHzgbN88Ew0nh50,MAGO,GFRIEND,"KR,VN",3
2XD5I0ZeUVwM4LFSEKmKst,Hold,WINNER,VN,3
3FARQP8fA49bSsTWjNyWmY,Secret Story of the Swan,IZ*ONE,VN,3
5SXEEYJxc5OPoOn5H9SHvX,Crystal Snow,BTS,VN,3
5dHe8aNoKN8mMkpZgTNnMV,Cưới Thôi,Masiu,VN,3
4WnhR3ZI5fcs1EZpC874ue,Đừng Xin Lỗi Nữa,ERIK,VN,3
6mZWfZeqbw6707PJCpMY7O,Diệu Kỳ Việt Nam,Bích Phương,VN,3
6E8XQOxgrJKNW2iPEoIY37,những ngày mưa cô đơn,Trung Quân,VN,3
149BxWeweaCqmsyedkNiiE,Wrecked,Imagine Dragons,"KR,US,VN",3
1pmfd0ohjfh1qXPWvjaC1o,NOT BY THE MOON,GOT7,VN,3
79uDOz0zuuWS7HWxzMmTa2,Back To December (Taylor's Version),Taylor Swift,"US,VN",3
1NfcsXY3m1BHJ0PfqZevL1,Ex's Hate Me,B Ray,VN,3
1SymEzIT3H8UZfibCs3TYi,Afterglow,Taylor Swift,"US,VN",3
1qqK7QDTqnmxyjt33x61Wb,Castle In The Sky,Logan Harris,VN,3
0yEIvBtPsxh7K7VHC2b7vT,H In My Arms,Kha,VN,3
1fzAuUVbzlhZ1lJAx9PtY6,Daylight,Taylor Swift,"US,VN",3
4Gt2kh3QbAGU6yquOWn4aW,Fake,Lauv,"KR,US,VN",3
0AaV4MJrgmLV3XhoiWXjjb,evermore,Taylor Swift,"US,VN",3
48ioMyJ1s4suqxLobM1Dl1,Rồi Tới Luôn,Nal,VN,3
53H3sGmqiXWO4MwuZAJfyn,Devil by the Window,TOMORROW X TOGETHER,"KR,VN",3
4IFoXTW2u2ZaLVDM9xUs9F,Sơn Tinh Thuỷ Tinh,RAP VIỆT,VN,3
20dKGpfnO9Nl36cculKee8,HẾT THỜI,Ngọt,VN,3
2fTdRdN73RgIgcUZN33dvt,"Baby, I'm Jealous",Bebe Rexha,"US,VN",3
1N0vwih6TUIb9kYtynvlRc,"Someday, The Boy",Kim Feel,VN,3
0WmGOvUFa7ExVKIDowGGhw,NỨT (Đôi Chân Đôi Tay Đôi Mắt Trái Tim),Ngọt,VN,3
3yIVAk7Wv2A0KZlPhYzh3M,VÉ ĐI Thiên Đường (Một Chiều),Ngọt,VN,3
6wBYuqmKsq1Nfn0D3vf12U,Dĩ Vãng Nhạt Nhòa,Hà Nhi,VN,3
459mRPsscVLMvVL59gr7EM,Happy,TAEYEON,VN,3
1MErPCAzRBqnDzsrdFxcbB,Chắc Anh Đang,Tiên Tiên,VN,3
0f0SbtoKGe41cX5LzlnX6X,Tinnitus (Wanna be a rock),TOMORROW X TOGETHER,"KR,US,VN",3
4RwoZ9d4jEBiUmWVaEKYa3,MẾU MÁO (T.T),Ngọt,VN,3
4HKgjgXUNnpvVsmxtVnNtn,Mặt Trăng,Bùi Lan Hương,VN,3
6sWd8ZAH5bWWyjwb7ZV2Zb,LALALAY 날라리,SUNMI,VN,3
0mP9kFlZJQjJxXUJiCJUWH,MÀU (Đen Trắng),Ngọt,VN,3
6MWoRt97mnSTXZhu3ggi9C,hoax,Taylor Swift,"US,VN",3
3yTkoTuiKRGL2VAlQd7xsC,0X1=LOVESONG (I Know I Love you),TOMORROW X TOGETHER,"KR,VN",3
0vQcyuMEfRBd21ojZ62N2L,Boys Will Be Boys,Dua Lipa,VN,3
2DuPBbS5mIldXnh7Wum8Cy,My Little Love,Adele,"KR,US,VN",3
3As0OA5B06BxLfADvYyG8L,Stay Tonight,CHUNG HA,VN,3
69cVm2zymPuNBHJW20fqi9,Còn Thương Thì Không Để Em Khóc,Miu Lê,VN,3
2dgFqt3w9xIQRjhPtwNk3D,Death By A Thousand Cuts,Taylor Swift,"US,VN",3
1daDRI9ahBonbWD8YcxOIB,Angels Like You,Miley Cyrus,"US,VN",3
48H56UlDTFVIpEmmKWg9O1,Tỉnh Giấc Khi Ông Trời Đang Ngủ,TRANG,VN,3
1RSBK5VWdjPjHEmRhAkS4Q,Sacrifice,Bebe Rexha,"KR,VN",3
5iK5lpNdNI9kZeOCnnoawg,Tomorrow,Vũ Cát Tường,VN,3
67O8CWXxPsfz8orZVGMQwf,End of Time,K-391,VN,3
49dFIRQCQxPWgoH0m38XQ5,Summer Feelings,Lennon Stella,"US,VN",3
3nsfB1vus2qaloUdcBZvDu,All Too Well (Taylor's Version),Taylor Swift,"KR,US,VN",3
2r5oD7twaQTsv5KoRS6v16,Really,BLACKPINK,VN,3
6clzeGvi1CFioMOolbAOlX,Stay With Me,Calvin Harris,"KR,US,VN",3
4FObSSNE4O4dgzD4iHFprW,"How can I love the heartbreak, you`re the one I love",AKMU,VN,3
7MtVPRGtZl6rPjMfLoI3Lh,Fuck it I love you,Lana Del Rey,"US,VN",3
2KoHxhRyWxJzA0VafWd5Nk,My Oasis,Sam Smith,"US,VN",3
7N06jo3EnV792VFaG8vuW6,Close Your Eyes,felix jaehn,VN,3
0dSE54vYYvRNWzVTxE2xTL,Me & You,EXID,VN,3
6kWxIqQDsKFYCJGbU4AjCX,Hardest To Love,The Weeknd,"US,VN",3
44UFK3c62FzOHSemTpz8ZM,Trong Tri Nho Cua Anh Cover - Original,ERIK,VN,3
0ahbzg4GCq3wJzUM3cjS3N,Violeta,IZ*ONE,VN,3
3R8iyJpmhI9ABDmTpetV2D,Blue,TAEYEON,VN,3
3Wf2YGdYT8xVdNsQSoRKk9,Youth,Shawn Mendes,"US,VN",3
5RsKelNxucrDxgMbZ3vd3W,Young & Alive,Bazzi,"US,VN",3
4tyX1rw9X309WkEdh2As4B,coney island,Taylor Swift,"US,VN",3
50WeOnXhM1H7AZEeIDoWfZ,Show Yourself,Idina Menzel,"US,VN",3
1Pz3QmQFBFuI60rxCQBeW6,Kills You Slowly,The Chainsmokers,"US,VN",3
3M9Apu4OZfylLTFKvgEtKa,Ritual,Tiësto,"US,VN",3
2Ghp894n1laIf2w98VeAOJ,How Do I Make You Love Me?,The Weeknd,"KR,US,VN",3
0psS4i5YooJrXfDnGvWRLi,Lo Vas A Olvidar,Billie Eilish,"KR,US,VN",3
25LrmDEewmgvoG7Sw93MPH,Ai Là Người Em Thương,Quân A.P,VN,3
4WghJOMjDpGdlk3b8aJIgy,up at night,Kehlani,"KR,US,VN",3
7h5MKRZUiYDshjH5UgAbNp,Rainbow Halo,Red Velvet,"KR,VN",3
2D4dV2KXDTszzJ3p3cFqhA,Less Than Zero,The Weeknd,"KR,US,VN",3
5Qg0xK4s85tINbQcJD3GDq,badbye,RM,VN,3
7hzlzoOwCZ4D3Ow5YZK4kj,Insomnia,Daya,"US,VN",3
4WzhjxvLP95y7AMDy0Atwb,Out Of Love,Alessia Cara,"US,VN",3
3Kuu5vASpXK8oRsxOvau6P,Think About You,Kygo,"US,VN",3
0Oqc0kKFsQ6MhFOLBNZIGX,Doin' Time,Lana Del Rey,"US,VN",3
3q4Hos3DFYo6ab2yHbOI5p,Chuyen Tau Hoang Hon,Dan Nguyen,VN,3
3ko9jEHNt4O5fjKN65ULJp,shut up,Ariana Grande,"US,VN",3
1EHUQesfVKwbthtNcpBi9g,WITHOUT YOU,The Kid LAROI,"KR,US,VN",3
4Koz7WRKWUg7OgftYj7cKd,Phố Đêm,Sơn Tuyền,VN,3
2nRm7BbBcpVaInDBCag61K,Lovedrunk,Epik High,VN,3
3PzzEHFguYl6Ev0dIbxsz3,GOODBYE ROAD - KR Ver.,iKON,VN,3
4TkgDciQo9zE6Nfrvug0GM,Y.E.U (L.O.V.E) [Acoustic Version],MIN,VN,3
73F87Sqh6jQWucOOvz1WFx,Genius,Sia,"US,VN",3
3VSHKRxlsVYAt497j7K8in,Về Đâu Mái Tóc Người Thương,Hoài Lâm,VN,3
2LEDtBvipXO7mxlNqJJPkm,Con Đường Mưa,Cao Thái Sơn,VN,3
6OG05bPAwUuV3OMvy2Vy1P,Mariners Apartment Complex,Lana Del Rey,"US,VN",3
10jwzPwNFJA08mzL8heWIF,Đường Về Nhà,Ái Phương,VN,3
57jBcQUCJaIUTRbqBmW7D1,Song Request 신청곡,Lee So Ra,VN,3
0wKEfbXGQHgzqDJxUyiHuM,KAHEDA,Tóc Tiên,VN,3
2IKJtXeR5UsaUjZB46fTOK,six thirty,Ariana Grande,"US,VN",3
3567eNX2L3RkkMkwspncMH,Lie To Me,5 Seconds of Summer,VN,3
0CQskMydQ8AhtKhJUAolvE,Tallis One,Samuel Lindon,VN,3
5WtfUKzXircvW8l5aaVZWT,What A Time,Julia Michaels,"US,VN",3
6cp4s1rgbb1WMK5HkPi0Dz,You Are Mine,Vũ Cát Tường,VN,3
6Ed1q0X8oSKSm4IIhiQbYg,Daylight,Joji,"US,VN",3
2HO0uCyq8jOveEzvmo4JEu,Fly,Marshmello,VN,3
4BGZF4oLbTL0pWm7C18pbv,Scared To Live,The Weeknd,"US,VN",3
198PKBB9nG4ZkOKezX60ll,Điều Vô Lý Thứ Nhất,Nguyên Hà,VN,3
6b5P51m8xx2XA6U7sdNZ5E,Alone Again,The Weeknd,"US,VN",3
3ZbJMlEL4Kcme0ONRO7Slx,You Can Cry,Marshmello,"US,VN",3
4kmp56RAtXEzHOANS0BaLX,花요일 Blooming Day,EXO-CBX,VN,3
0iDNTChZawpNnw69AtoCDc,Mâu Thuẫn,Bùi Lan Hương,VN,3
5IXk9TVBuxG87sFrwclBJw,Music To My Eyes,Lady Gaga,VN,3
7n5wCJR30V6XnucySiIa7T,Lunisolar,SHAUN,VN,3
1sv0BhPPnrUgQ6dziZlmuM,Why Did You Do That?,Lady Gaga,VN,3
6XlSyYFTU1nodeWwwzVgTV,Sangria Wine,Pharrell Williams,"US,VN",3
5PwQ5qGvf9izB2w3TjaI40,Không Phải Dạng Vừa Đâu,Sơn Tùng M-TP,VN,3
0AtP8EkGPn6SwxKDaUuXec,Remember The Name,Ed Sheeran,"US,VN",3
43wzy7JxMEfvCh8ZFeZKYk,Right Now,Nick Jonas,VN,3
4E5IBDRu8kJbzUv1qaZM1t,Forget to Forget,shy martin,VN,3
3xVDR2MudkcOjkb9gj4FT8,Có Một Nơi Như Thế,Unknown Artist,VN,3
4HYNtH7n3TrbbtRa94sA0K,Talk,Why Don't We,VN,3
0BOEuUKoHdy8in20fG5smd,Messy,Kiiara,VN,3
59D6pNWyn8UXPpos5fbAqm,We Don't Care,Sigala,VN,3
2m3APyY0OVxZdFB2V9RnOl,Mơ,Trịnh Thăng Bình,VN,3
0u7NBmZTEJfOPo5o8kAxUj,Buồn Không Em (Masew Remix),Masew,VN,3
2esni8gsdqBdHEd67GX6mp,Cảm Ơn Tình Yêu,Uyên Linh,VN,3
2w5ESrw6neu9NHNxotjESN,Anh Khong Sao Dau,Chi Dân,VN,3
5I8oEqbk2ZBmQfXCrZbUFb,Fallin' All In You,Shawn Mendes,"US,VN",3
0sdbFOyfgAhAhWq8DpzkaW,the light is coming,Ariana Grande,"US,VN",3
2qsQ8eVDPmobZpvDxQCVQu,Barbie Tingz,Nicki Minaj,"US,VN",3
1WqLtczgKdbHFHhefOU0y7,Self,Khalid,"US,VN",3
1xWH8zYtDeS9mW1JJG23VZ,R.E.M,Ariana Grande,"US,VN",3
14kYOiFVPb7E7NfFbqhdln,goodnight n go,Ariana Grande,"US,VN",3
60Z57Wdrn0pEVpHI7d7GAX,Stepping Stone,Eminem,"US,VN",3
0Uv5Kp8sEnriJjkX4oLfNI,Paul - Skit,Paul Rosenberg,"US,VN",3
6tvQzeCPwOytDlBYCIOY0n,Breathe,Jax Jones,"US,VN",3
0XOnMqLQDO89iAg7dWWwnG,pete davidson,Ariana Grande,"US,VN",3
09FfQO3PqHO4HIJL511Ksi,Nice Guy,Eminem,"US,VN",3
4g32MdRoqwGKQd3NXIRhpU,Good Guy,Eminem,"US,VN",3
3JX0dOCIAiaR8MP3ryXWuM,What About Me,Lil Wayne,"US,VN",3
5ho7VSXSmI2KM2nDjcnLyz,man at the garden,Kendrick Lamar,"KR,US",3
6zuPQl2RVqQ4y5nAH61CFC,II MOST WANTED,Beyoncé,"KR,US",3
55wlsNYqcfiQsHuX8l0jmF,Make Them Cry,Drake,"KR,US",3
1BxkZE73h9BN3qwuA15TA3,Drip Too Hard,Lil Baby,US,3
57rkFdhoKjgkg16fsS4pgg,Make Them Pay,Drake,US,3
3Umj02ZNl4d356pS1D38mn,Hey Jane,"Tyler, The Creator",US,3
0i4qKfuKJ3juUsEwnJAxk3,"Ready, Steady, Go!",Harry Styles,US,3
3aZptNYC6Z1YoumeqZcDcQ,gnx,Kendrick Lamar,US,3
0g4fMVo4JjwnIpTfFfLdxS,Cassandra,Taylor Swift,US,3
2n9fC0A4ptmWqYeMXEVaok,GOOD CREDIT,Playboi Carti,"KR,US",3
2nibvvDdAQkVraYP00z2RS,Calling For You,Drake,"KR,US",3
3VdooJLOy4tLxKpnn46SMP,CRUSH,Playboi Carti,"KR,US",3
1ijYk2EYwj0rGqYwtjiAUJ,Burning Bridges,Drake,US,3
3GdwjAsCsoE79ObhsJFyYb,I Killed You,"Tyler, The Creator",US,3
3dG6tjetoR4GMmUGZUprLt,Wouldn't Leave,Kanye West,US,3
3KCNiDi9Pza6ZD8FggNoaw,MODERN JAM,Travis Scott,"KR,US",3
4ZT0wGKwlJRjpMUuwZVy3p,Daylight,Drake,US,3
6Y4rniIxibegzsg8cdWAWV,BODYGUARD,Beyoncé,US,3
7G0gBu6nLdhFDPRLc0HdDG,Mine (Taylor's Version),Taylor Swift,US,3
6GXgd1BPD9bUpqw5AntGV5,All You Had To Do Was Stay (Taylor's Version),Taylor Swift,US,3
4sLvxpKLvagQ4lZHUpymza,Big Poe,"Tyler, The Creator","KR,US",3
7mOe6qQYMq1MCzJcifwPu4,Paid Time Off,Noah Kahan,US,3
2SasoXZyv82yYgHiVOvxQn,On God,Kanye West,US,3
3JWiDGQX2eTlFvKj3Yssj3,Closed On Sunday,Kanye West,US,3
6W9l02gRsXVxzIuQC1oc1X,pretty isn’t pretty,Olivia Rodrigo,US,3
2vPMoMDXxu9uX1igWZmXSG,New Romantics (Taylor's Version),Taylor Swift,US,3
42m3eP1JJhtzffal9B136J,7am On Bridle Path,Drake,"KR,US",3
2UDARQiksl207HcSduDpov,LEVII'S JEANS,Beyoncé,US,3
7LSpFCvRZZot2AlmkUzy9k,SIRENS,Travis Scott,"KR,US",3
1icgLGTpX2fQXKRe4D7w2b,BACK TO ME,¥$,"KR,US",3
1d7q712nXjG98HiwHk7HFS,a p p l y i n g . p r e s s u r e,J. Cole,"KR,US",3
2QoOyCFpDo4NblMLP7vBRT,Is There More,Drake,US,3
6EuE9M1viu9gkdFSafia9o,I Thought About Killing You,Kanye West,US,3
2RAeY8dPj6KmStROfEigjV,Peak,Drake,US,3
028i7HBfp8uE5epmx5ieMA,Pop,Harry Styles,US,3
4n6NDfYake476trCjJRNl0,1 0 0 . m i l ‘,J. Cole,"KR,US",3
5il0jwWUlvgtIzWvzJi12z,Lie To Girls,Sabrina Carpenter,US,3
3yw3m8wgRB4ptDyAvtdhq5,Tomorrow,"Tyler, The Creator",US,3
5pIVEk6Di7n1v5khOzJaJL,Overtime,Zach Bryan,US,3
39JRmdKFka1Oe09FoOCPI4,Selah,Kanye West,US,3
2ZlABhxMMa43COmZ97kKsJ,Jumbotron Shit Poppin,Drake,US,3
4Flfb4fGscN9kXPOduQLrv,Treacherous Twins,Drake,"KR,US",3
4MXzdffMz78GLlLM7mDa9v,The Man He Sees in Me,Luke Combs,US,3
0GAyuCo975IHGxxiLKDufB,l e t . g o . m y . h a n d,J. Cole,"KR,US",3
4u43I0LP2Xf85OAS85eG0R,CN TOWER,PARTYNEXTDOOR,US,3
0YeUVm23SAkUruwEx9LWnt,Savior,Kendrick Lamar,"KR,US",3
0OEe83mMZ5kaNw5uZQ7ilG,DELRESTO (ECHOES),Travis Scott,"KR,US",3
410TZrK18uRjtsTunG14cl,Middle of the Ocean,Drake,US,3
3EnTGnmNu1TDEcpbbTajuo,23,Noah Kahan,US,3
0w3Mfe4PIVjuFjJbe3OlYv,8am in Charlotte,Drake,US,3
7eOuUmpnHBlg5zsm8Cs7c3,Summertime's Close,Zach Bryan,US,3
2Q3jFbyE61mCjS3SkW4toJ,Race My Mind,Drake,"KR,US",3
04WxWo7XeVyx22xEsrWRUb,GOD'S COUNTRY,Travis Scott,"KR,US",3
5pfn68duSmBKo4FhYknOms,FATHER,Kanye West,"KR,US",3
6wZOZ0votPhc8qdg4UFPtH,dandelion,Ariana Grande,US,3
1xcOYJxDa5pObgxY1r0I9c,I'm Sorry,Lil Uzi Vert,US,3
24bnCCysWnbNRNUT4LpHcP,Everything We Need,Kanye West,US,3
0bkV1iQHSxBaksUqgEkcbc,SKITZO,Travis Scott,"KR,US",3
76gcXhY3Zv6wW0BTe9nHJo,TIL FURTHER NOTICE,Travis Scott,US,3
1DdgqEZk4Hqfpl3drdXJun,No Mistakes,Kanye West,US,3
7sVbKoBdhXtYCEOO6qC1SN,We Still Don't Trust You,Future,"KR,US",3
6onwlDmIVKE8bBgyBRSuS0,FRIENDS,J. Cole,US,3
29YW2xXlo6Pc6M0SBTCXYN,More M’s,Drake,US,3
3FjK86616FbluOfTxNK2gY,A N X I E T Y,Sleepy Hallow,US,3
4Q9ExJGFgL9Jd9kmYH3nXs,Miss possessive,Tate McRae,US,3
7fesNTgTEMEH0ye8MOgEDY,teenage dream,Olivia Rodrigo,US,3
7DIMKlmJ0CL6eROkbptoqi,Sucka Free,"Tyler, The Creator","KR,US",3
50ceCGZ3oD3U5caQV5bP6f,You Only Live Twice,Drake,"KR,US",3
0oPOuDmmkVp3h6puekhs6P,Use This Gospel,Kanye West,US,3
0YFqKxV9uNu6LUeYkLOKRS,On Time,Metro Boomin,US,3
1yfKakY4rvI17lk20ekuRA,Crocodile Tearz,J. Cole,US,3
5fdhThPDe6jQQDqCyWrdAn,Jolene,Dolly Parton,US,3
6cYGpGmnMeK9qWhRpaZOZ5,Don’t Worry,Drake,US,3
0Px86mRlxdB3YqpK6KXWlr,Once an Addict - Interlude,J. Cole,US,3
3d1oTMjtfVySbAYQp3v4MU,like i do,Ariana Grande,US,3
57ENogEkvFsU7Wmt3lvQMG,Two Six,J. Cole,US,3
3itgPtXSu4I9mr2QD6yrzP,Holy Roller,Zach Bryan,US,3
1PDP7mLiAMwhfmgIwzhOm2,Yebba’s Heartbreak,Drake,"KR,US",3
3uC4r2daXertBxxc8BpbbN,Lithonia,Childish Gambino,US,3
4GL9GMX9t7Qkprvf1YighZ,CIRCUS MAXIMUS,Travis Scott,"KR,US",3
16x6tqeSkIjoLEf7SJLlYy,Ratchet Happy Birthday,Drake,US,3
3gWzTnziivUYzqXtnvgN8q,Jonah,Kanye West,"KR,US",3
4y3VBhJPEztyRmNxfK3tZ5,All Them Horses,Noah Kahan,US,3
25B5fGr9K0VdZJiRFsnMO4,Celebration Station,Lil Uzi Vert,US,3
67aaFVnfvFWjxVQMd0jDb5,Smaller Acts,Zach Bryan,US,3
5lLNBIyjp72btcnrjBG751,t h e . c l i m b . b a c k,J. Cole,"KR,US",3
3BYIzNZ3t9lRQCACXSMLrT,Venetia,Lil Uzi Vert,US,3
1BAU6v0fuAV914qMUEESR1,Born With A Beer In My Hand,Morgan Wallen,US,3
2ewSCWOL7EAjgmgqfI1UlS,Whiskey Friends,Morgan Wallen,US,3
2PsbT927UanvyH9VprlNOu,Devil Don’t Know,Morgan Wallen,US,3
2oHDJHNondITqbl8xZ9vPn,Bigger Than Life,Lil Uzi Vert,US,3
7C1BLYzAvR0KdBpov3GpUZ,El Dorado,Zach Bryan,US,3
0LZy30mVmxqUpdQmaXKXBd,ADIVINO,Myke Towers,US,3
41bmnQZoDMQdDh5zyomtW7,Endless Fashion,Lil Uzi Vert,US,3
4VYEnxm7lmtG5sEEbcmORB,Ok Ok,Kanye West,"KR,US",3
4Zj2uX6ApCFK9XzjwIhCIr,Boys Of Faith,Zach Bryan,US,3
3B2ZpJeewPvhAkjXtTkdtJ,NOBODY'S GIRL,Tate McRae,US,3
4qSEvFGCpde73gqIuq3sho,HIBIKI,Bad Bunny,US,3
2Ejyg4CavumEr7lFUkk9aF,Rendezvous,Don Toliver,US,3
05r1GGg1Rhs0RcUg27C82a,Famous,Lil Wayne,US,3
45mVT3DCE7AATXgESSdfee,Don't You Worry Baby,"Tyler, The Creator",US,3
08XWh5c0BMyD1nKVxxl91z,Fountains,Drake,"KR,US",3
3edzl4zvKFi0D3iuF6cs2f,PASS OUT,Quavo,US,3
4a9RlnJ0v1T7HgLtps1HvI,This Is Halloween,Disney Characters,US,3
2ZUJsR8HEktit58X6FuPQM,Heaven and Hell,Kanye West,"KR,US",3
5BwQjRasNcdRPuVWKcHto2,h u n g e r . o n . h i l l s i d e,J. Cole,"KR,US",3
6JyEh4kl9DLwmSAoNDRn5b,4th Dimension,KIDS SEE GHOSTS,US,3
5fbHRCsGpFIOLRtlhCRFDR,LEMONHEAD,"Tyler, The Creator","KR,US",3
3SYLoL8KHxdQPYIkfwmUjN,Remote Control,Kanye West,"KR,US",3
2K9Ovn1o2bTGqbsABGC6m3,Too Late,The Weeknd,US,3
0gucUyFMFRMlUiVn9US4YX,Losers (Feat. Jelly Roll),Post Malone,US,3
221qmpQeBNV87sUjQeUTVH,Around Me,Metro Boomin,US,3
7trGQmK2IAYxLb3wgqfawy,Missing,Morgan Wallen,US,3
40IiSjljbAhrSbdJ3HxSfH,March 14,Drake,US,3
0a4SMs889NwP8oWI7Vemle,LOOOVE,Travis Scott,US,3
3BHFResGQiUvbYToUdaDQz,Enough Is Enough,Post Malone,"KR,US",3
7up5MwPUHQdv4DkzQRHRWP,Pure Souls,Kanye West,"KR,US",3
7ijJ5crvsnCvCLJbHpyq3j,Final Fantasy,Drake,US,3
3cLBx0lEWPKSM99hx5RVcx,I Saw Your Face,Malcolm Todd,US,3
710dGcMZzo15JzqhJmDjOR,If You Were Mine,Morgan Wallen,US,3
7pDfRnoEDRkcz7bQsOjnPc,Enough (Miami),Cardi B,US,3
6qo8v2y2MHUSPLs7VBc6cG,Dancing Through Life,Jonathan Bailey,US,3
5ImJTOd6BMsvwuRgnlmyr7,Genesis,Morgan Wallen,US,3
0VSzREd1OjEWJ9tXoFHRQH,Those Kinda Nights,Eminem,US,3
0SCIwbS0Q4etwJmDyNjHaQ,Diamond Boy (DTM),SZA,"KR,US",3
0GQ5bFTVFFKpwNPc7KwQnB,You Gon’ Learn,Eminem,US,3
1sGl3liCZn91OcFpjOJXIE,Do You Hear What I Hear,Bing Crosby,US,3
66tlRqExpkn4kRyuxelzs5,ANYTHING BUT LOVE,Tate McRae,US,3
3WlbeuhfRSqU7ylK2Ui5U7,Snowchild,The Weeknd,US,3
1myZ6GQewhAzMH2dKtKSWK,Dance With Me,Bruno Mars,US,3
3orEOtd8CPL8GFlpRpKuoE,Faith,The Weeknd,US,3
4FhxN8PTyjkBVfwlCnr9Om,Days That End In Why,Morgan Wallen,US,3
1sOW4PuG5X3Ie3EXUhAopJ,Escape From LA,The Weeknd,US,3
3VPeA7IW68QRNTfgzb6biZ,Kitchen,SZA,US,3
3fNMgjG8yXaSam46swhz7w,KNIGHT CRAWLER,Trippie Redd,US,3
3onYsG7nB3FwEVHYYWCrIM,No Child Left Behind,Kanye West,"KR,US",3
0br9vcQnqeqp9PKCGsrxAF,No One Mourns the Wicked,Wicked Movie Cast,US,3
1nXZnTALNXiPlvXotqHm66,A BOY IS A GUN,"Tyler, The Creator",US,3
0sci7ppTZFm4mjcH3nu8yO,nasty,Ariana Grande,US,3
7p2ewixAShLpjDZrnzZK7c,Get Up 10,Cardi B,US,3
2HGymMoOdB4ZYv0AAqYmgF,Famous,Mason Ramsey,US,3
1xemKSmCnH59ze3KX5wwgH,Demons,Doja Cat,US,3
4mxj6SQ7BxfQ90CBTbxcwH,The Wizard And I,Cynthia Erivo,US,3
2qYbtIf8dRkBkKIcZVGFDq,Drive,SZA,US,3
0314PeD1sQNonfVWix3B2K,ENERGY,Beyoncé,US,3
6syO6UTl8QiiWADJy3Uy2d,Santa Claus Is Coming To Town,Frank Sinatra,US,3
1GiwvmI57OTGcKGNigZFJb,Neon Star (Country Boy Lullaby),Morgan Wallen,US,3
38iBrrbbXyWaSPkmuDNgjZ,The Adventures of Moon Man & Slim Shady,Kid Cudi,US,3
0jqBo5RYn008f4ZY8kPewW,Indica Badu,Logic,US,3
75pQqzwgCjUOSSy5CpmAjy,Pero Ya No,Bad Bunny,US,3
3JJL91ilRV6fXhKqu0FGXs,HOT WIND BLOWS,"Tyler, The Creator","KR,US",3
4E0P1xs3JNmsNr5c5nFTZJ,Back To Me,The Marías,US,3
78RdTKcI2CediltTnGLIqr,"Are You Going to See the Rose in the Vase, or the Dust on the Table",$uicideboy$,US,3
1g7pFO1WtclKCuIQiS8sNM,Crybaby,SZA,US,3
7w6PJe5KBPyvuRYxFkPssC,No More Tears,Ozzy Osbourne,US,3
4AO1XhrgJczQ9bNVxdfKQe,WHAT TO DO?,JACKBOYS,US,3
3ruoIF2UnoXdzK8mR61ebq,Rich Nigga Shit,21 Savage,US,3
1MpCaOeUWhox2Fgigbe1cL,I'M THAT GIRL,Beyoncé,US,3
2mqTtvbKxH7SoEQ2oGAnsA,CHURCH GIRL,Beyoncé,"KR,US",3
0B6g379TMw0nYGXA7y5xHz,"All The Way Live (Spider-Man: Across the Spider-Verse) (Metro Boomin & Future, Lil Uzi Vert)",Metro Boomin,US,3
2A5cwtDZpk7RvsPolrF4UL,Excavator,Don Toliver,US,3
3bkpVSoNvBkvt9LJMFT5at,Doomsday,Lyrical Lemonade,US,3
6uJONCdr2rC65BNmCnTBWK,GANG GANG,JACKBOYS,US,3
3DnZfpfe8wLeJgzc00gKeW,On Me,Meek Mill,US,3
1E6DEDWDKHoOW0fcFuDghV,Don't Pretend,Khalid,US,3
41onDks2UPbyjer5fMeUWf,Christmas In Hollis,Run–D.M.C.,US,3
44mYhOVgerj2qPjkGDVA6n,It's Beginning To Look Like Christmas,Bing Crosby,US,3
1560osUcXrnov6yuOjXvc1,No Face,Drake,US,3
0BUvxX1tTOSJcsn6Y24Bsp,Say Why,Zach Bryan,US,3
139nLHDFZNr3anx8CpUy7u,Outside,Cardi B,US,3
4muwDurKeVOB1WBjTVRWlD,War Bout It,Lil Durk,US,3
5KVciTEfXvpcFHR3RFbtJy,Wassup,Logic,US,3
5CE0V7z1ePOZQNJNpWxYGA,Confessions of a Dangerous Mind,Logic,US,3
5jbDih9bLGmI8ycUKkN5XA,Perfect,Logic,US,3
6Ova4U0AcZrDqTaP0BWDjg,"I Love You, I'm Sorry - Live From Vevo",Gracie Abrams,US,3
364spZLB5bhNlnPrzvUB41,Reply,A Boogie Wit da Hoodie,US,3
6HexNTb392JS071DoTGo0y,Hummingbird (Metro Boomin & James Blake),Metro Boomin,US,3
6u7gmPOz7pzzaeR9xSBpsR,my hair,Ariana Grande,US,3
554p4ro2rs7dHqGPwQX67H,Some of Your Love,PARTYNEXTDOOR,US,3
38UYeBLfvpnDSG9GznZdnL,Tormenta,Gorillaz,US,3
4UkUxO2WlKLc0Q1iEutGGh,CONTIGO,KAROL G,US,3
4lMyi03aRk8nPBLLGyqAVz,It's Getting Hot,NLE Choppa,US,3
0mKGwFMHzTprtS2vpR3b6s,COZY,Beyoncé,US,3
0D5CXSUx8GOCHSY8KWgi9h,Yuck,Logic,US,3
1TgStpMGTflN84asKJ8VU3,U My Everything,Sexyy Red,US,3
7uSLF2yhpjLlYBLtyPX3Lb,PLEBADA,El Alfa,US,3
0QpiyJbgWUjyAQNqjIA5tO,Hate Me,Lil Yachty,US,3
1eroCliWpJrEu1V7VSObcO,Circadian Rhythm,Drake,US,3
3CDVMejYHnB1SkEEx0T1N4,Many Men,21 Savage,US,3
2mYDDUkBcgFNBqkWctyyuc,Overdue,Metro Boomin,US,3
7sFMOSnRBa6td4lZa1oiTI,How Does It Feel To Be Forgotten,Selena Gomez,US,3
25wdC7CJmCJPgnKw9rYquJ,maybe,mgk,US,3
0ZBg0OsGKgZajDgFtryiz7,Prada Dem,Gunna,US,3
4vzXLFqUnsA3qaopkRKNbI,WENT WEST,BabyChiefDoit,US,3
0q85C1JiECyYIQthz1posA,obvious,Ariana Grande,US,3
504V1vhYyHGHusNhEKvOV5,Hell’s Greatest Dad,Andrew Underberg,US,3
3uVPLtkmDu8pDkYEAVqbgS,Real Shit,Juice WRLD,US,3
4j4w4CXm6BSr0s25wAWrrX,Bichiyal,Bad Bunny,US,3
2ycWek3FNNVHBhz2TcnOzZ,Wizard Of Oz,Logic,US,3
7u3BVQ9DG1KA9c3Q8W3BLr,Love In A Bottle,Hazbin Hotel,US,3
0ydx75YiFzLjjQknKFNFwt,Burning Down,Alex Warren,US,3
1vBeIXlzbAieGoDqInav5j,Money Bag,Cardi B,US,3
4Po97bPnn3ISdEkuJBMt2f,Stayed Gone,Andrew Underberg,US,3
38R5sydMbsBzSPGPMfmtpb,MR. TAKE YA B*TCH (FEAT. CHRISEANROCK),Lil Mabu,US,3
4olWlfIzbDyD53NhWyvdDJ,is it cool?,Steve Lacy,US,3
1QvDl9tBq6PsMVE7Bf2ZOV,smoke & a light,Ole 60,US,3
7oolFzHipTMg2nL7shhdz2,Eraser,Ed Sheeran,US,3
3i6sCTU7ENlnHpHvrHUitW,Sometimes,Juice WRLD,US,3
07oO1U722crtVcavi6frX6,Double Life,Pharrell Williams,US,3
2A0G0bPmlkUXUbvWqrAXzg,Not Finished,Lil Baby,US,3
3kfhS2L56Wj8fBcu7xE47H,Turks & Caicos,Rod Wave,US,3
7mEUjhl6aTztdHCrxoTgBG,Wash Us In The Blood,Kanye West,US,3
3QQAeMQbbjZXVFbF8DgFWT,FIRST LOVE,Oscar Ortiz,US,3
6fI3tBVND8zUXZi9rr2Yps,Take One,Kodak Black,US,3
0AcicReEGm1qcENjqzh1Tg,Love Scars 3,Trippie Redd,US,3
4rPJSqrov3zqGwXlemLBMw,Escapism. - Sped Up,RAYE,US,3
1rNSCrsOoWyhKH4g47mehU,Super Graphic Ultra Modern Girl,Chappell Roan,US,3
6JsHgIkMYHcbNtKfsal2Mg,Jerry Sprunger,Tory Lanez,US,3
0CfmNX2TXk7yoJqHJiixnp,She Bad,Cardi B,US,3
5kDgJffgJ0lYHTSiaXFWNw,BABY I'M BACK,The Kid LAROI,US,3
0yOf4dgkVq8jbB2zxVK8Zj,August 10,Julie Doiron,US,3
5p7GiBZNL1afJJDUrOA6C8,Hurt Feelings,Mac Miller,US,3
6YeDjSHCDmJKgU8foiaruL,Santa Claus Is Comin' to Town,Frank Sinatra,US,3
75dLEqanQTupF3dtP9exT5,Yikes,Nicki Minaj,US,3
1N8klHEbZ0bFOHnMVs8C9S,Fell In Love,Marshmello,US,3
1Y500yrabUJY2mIQS3RDt4,RONDO,6ix9ine,US,3
6osMzmRHCVETbZMHceLRmh,Dreamcatcher,Metro Boomin,US,3
7uZqvqXzzYMKrexKxdcGmd,Diamonds Dancing,Young Stoner Life,US,3
1wTopxO5eQBpxrBXPSbsUn,A&W,Lana Del Rey,US,3
6q2uIyLqASSpv2SIv2ehWK,VACATION,Tyga,US,3
01z2fBGB8Hl3Jd3zXe4IXR,Come Back to Earth,Mac Miller,US,3
4no0eHn4fEB7tN1yZSXMma,C7osure (You Like),Lil Nas X,US,3
6WlxcZKpEV6Bwe9InoVhMp,WIFI LIT,Future,US,3
6Z4rmc0uujCpl8yXe3yjgI,Whip,2 Chainz,US,3
0Li1OuXXfi7950ilZUFGkF,Cardigan,Don Toliver,US,3
71ezJk95rLJphmD7LnYYYi,Call On Me - Ryan Riback Remix,Starley,US,3
3m2aDCqn8eT5ElXDUiboGU,Get Dripped,Lil Yachty,US,3
25r6MZ4Gtd76l43qnZI1DG,Flocky Flocky,Don Toliver,"KR,US",3
2OWv3lRR8PtOVuHWzQNRs2,Rompe La Dompe,Peso Pluma,US,3
06scTb0zbkxYNgpAB3J9fN,B.I.T.C.H.,Megan Thee Stallion,US,3
3C0nOe05EIt1390bVABLyN,On The Floor,Jennifer Lopez,US,3
1hg3RlqFZXJb5YgRoK9qmF,Gangstas,Pop Smoke,US,3
1I3ZAmPmbFV78oNKnibOiW,Jumpin on a Jet,Future,US,3
73S4fsK22WH929PLFNYgOj,JEALOUSY,Offset,US,3
6SznMYPQJHzr3IwsAHLId2,Bibia Be Ye Ye,Ed Sheeran,US,3
4LwU4Vp6od3Sb08CsP99GC,The Next Episode,Dr. Dre,US,3
6HrALJOMsfPCCbUo5cJCON,ESCAPATE,Tito Double P,US,3
1oOEkBNp4zWnkD7nWjJdog,Snow On Tha Bluff,J. Cole,US,3
0ATmjiSoHDCHeeQ9FcvZOW,The Return,Logic,US,3
0y7Ao3CVJsyKFmqdjutiIF,WUNNA,Gunna,US,3
04d5HlcQX6zH5MMqffXOon,MATADORA,KAROL G,US,3
374EllG6WyKdKvklfanNZT,ay!,mgk,US,3
0hCHNYL8ApQCGNwJrYN1FY,Bad Girls,Lil Skies,US,3
33KU9huHP1Lv1UWWVkuTYd,Impostor Syndrome,Sidney Gish,US,3
6bGwKHXHNLmTy6yt147FPh,If You Know You Know,Pusha T,US,3
2INhKpUdzh7v0j041gZNsz,DHL,Frank Ocean,US,3
4JJcP0Rv9AgyPD6ZGaC8EE,durag activity,Baby Keem,"KR,US",3
6TIU9Ehmi6dMzZK73Ym4yj,Save Myself,Ed Sheeran,US,3
6vc2Jq2vaGu8z326kSrw92,Your Love Is My Drug,Kesha,US,3
4S4Mfvv03M1cHgIOJcbUCL,In My Room,Frank Ocean,US,3
77qLAmRzMPetmXywybpH15,Chains of Love,Charli xcx,US,3
40mjsnRjCpycdUw3xhS20g,GATTI,JACKBOYS,US,3
2QgfDF0fQ4sskDthP8MG5w,asmr,21 Savage,US,3
50eJOxJiGmJ7PBZaTKpje1,make up sex,mgk,US,3
7fSM2taFBEB1WNZl8AOIoo,Detox,Lil Baby,US,3
3pZO6GoVPeSYDxxsH6vCdj,Sunset,Dreamville,US,3
6cZH4rX1KTt1aJ3Ql6Ynja,Me and My Guitar,A Boogie Wit da Hoodie,US,3
4KXwFI9pgJLpUIAc9oSL8j,Bloody Waters,Ab-Soul,US,3
2B9wgj9XzbJZLty03PRbVo,Bezerk,Big Sean,US,3
4yugZvBYaoREkJKtbG08Qr,Take It Easy - 2013 Remaster,Eagles,US,3
69PkhA9q3xCWU2CzoZnLAu,LOSE IT,Quavo,US,3
6tpHfEM8eaETzlPOARYWfZ,Drug Addicts,Lil Pump,US,3
1QV6tiMFM6fSOKOGLMHYYg,Poker Face,Lady Gaga,US,3
6tWGe6nvXFWT0KhGCXM89q,Devil You Know,Tyler Braden,US,3
6otePxalBK8AVa20xhZYVQ,MIENTRAS ME CURO DEL CORA,KAROL G,US,3
7v4pPS4A7NgY7bxFA3Etv3,HOT DEMON B!TCHES NEAR U ! ! !,CORPSE,US,3
5kB6WithhB8Iv08EMNmAbt,Memory Lane,Old Dominion,US,3
3lyeSiAIdLoZUHhV8psOTI,Feed Me Dope,Future,US,3
5R2rsbwCDXORX2tLfprRmM,Yacht Club,Lil Yachty,US,3
5VHRiH48pBB008CAkrIBwP,Good News,Shaboozey,US,3
4H5DcBcHSt6ReloheY37Yi,A COLD PLAY,The Kid LAROI,US,3
4vwfOiyWxXeEdx4ejAJgdx,Eye 2 Eye,Huncho Jack,US,3
1piak4R3yW4otWWyaSqyCH,El Tsurito,Junior H,US,3
2D3JfPyY2LkzXgNOb7qziR,red,HARDY,US,3
5hM5arv9KDbCHS0k9uqwjr,Borderline,Tame Impala,US,3
1ei3hzQmrgealgRKFxIcWn,In The Stars,Benson Boone,US,3
4D1k6x4MXTaSnljSvAXhaf,GMFU (w/ 6arelyhuman),Odetari,US,3
7JDfWHxOFo63yQmVs5wSPM,YOUR WAY'S BETTER,Forrest Frank,US,3
6dmXZ9B5HdFAyzHeTneYBK,LA FAMA,ROSALÍA,"KR,US",3
6MDdceLYec4AxohmorE4vH,Face Of My City,Jack Harlow,US,3
5UMMPHPp6vRP6ghPpSUOzp,CLOUDS,NF,US,3
4ricyQVd20UQde1jpXCSuJ,Winter Wonderland,Tony Bennett,US,3
5LYQSNHZxEA880URXFHg6h,Lust for Life,Lana Del Rey,US,3
5xyLeb2q1lxDf7hXKYlC1H,Mind of Melvin,YNW Melly,US,3
4JAmBKnHyq2avqNvJ81Mao,Last One To Know,Gavin Adcock,US,3
7Fa7EcDrcGw2SUh8WjX3zo,Watermelon Moonshine,Lainey Wilson,US,3
6HsXpHn2s6S9arU3Wy7ndc,Whiskey’d My Way,Morgan Wallen,US,3
6XbtvPmIpyCbjuT0e8cQtp,Columbia,Quevedo,US,3
25FTMokYEbEWHEdss5JLZS,Teenage Dirtbag,Wheatus,US,3
4Yf5bqU3NK4kNOypcrLYwU,Faint,Linkin Park,US,3
1F9kEuwT29fgqlovIclu81,love race,mgk,US,3
01FvQEvHETjWqcDpQDJdTb,Your Bartender,Morgan Wallen,US,3
74ZovzRxHBvCq5yIwe8boh,OKRA,"Tyler, The Creator",US,3
05bnEv2dpFzmGVLGdjD9UP,Orlando,XXXTENTACION,US,3
5reQI13tWWYDLMrGcUF4Mk,Nuestra Canción,Monsieur Periné,US,3
2bLqfJjuC5syrsgDsZfGmn,The Way I Are,Timbaland,US,3
76iVOVsliCHlWqKuDnCfhE,Redemption,Zacari,US,3
4ygQ5wSuzzNRevVjup1qV2,El Gavilán,Luis R Conriquez,US,3
3v84EI4rMdsqJ95MxwIjQa,Sleepy Hollow,Trippie Redd,US,3
3PAptX72PPmjj1Igms0zjo,Triggered (freestyle),Jhené Aiko,US,3
0gO3E51A3fqp0ypJ26QbVP,"T.D (Lil Yachty & Tierra Whack feat. A$AP Rocky & Tyler, The Creator)",Lil Yachty,US,3
5M98ml69pyn28o5XvAUN0r,Cruel Intentions,Delacey,US,3
0hPRWztAIbNkt6GcFcLiqF,Matte Black,$uicideboy$,US,3
3tcoEYOZUHKB3RKNByIN13,For Real,Lil Uzi Vert,US,3
43YQDj1KOPMFAUcTEPKy4p,Millions,Young Thug,US,3
2MZrOmrVxRmmOoFW6dhenG,LOST,NF,US,3
2vQwlW8H1jFveGNXwZfJCV,Dead Inside (Interlude),XXXTENTACION,US,3
2i2qDe3dnTl6maUE31FO7c,Mad Max,Lil Durk,US,3
0yYwS7CXKIPC4kWPvZQfsT,No Way!,Bazzi,US,3
7g7raxdQpiLZT7aOlib4S1,Motorcycle Patches,Huncho Jack,US,3
1DIXPcTDzTj8ZMHt3PDt8p,Gangsta's Paradise,Coolio,US,3
1nO2NjuFkGaAWcMdJ1pNrp,Cocky,A$AP Rocky,US,3
488HG8lR11JswT2YgcWGRB,Blue Notes 2,Meek Mill,US,3
6qCsKKS7Ol63SJW3LOIX5R,Plastic Hearts,Miley Cyrus,US,3
5woaU1FNkqCwg6WzWiQPW5,Tap In,Saweetie,US,3
2PI3qpTqYowwMzOSQRuj73,Weeeeee,Trippie Redd,US,3
6K2anECyrckidwf5wxS78Q,NBAYOUNGBOAT,Lil Yachty,US,3
4ka1FkKAMde6dQAFFMXKac,i hope ur miserable until ur dead,Nessa Barrett,US,3
2Ox2c1WEJDeQCHTXPE3YKM,Shottas (Lala),Moneybagg Yo,US,3
6f44p3Kc4ayD9VtbC9Clkr,"Come On, Let's Go","Tyler, The Creator",US,3
13EW51DKru044OJDJ9Bm8o,TRAGIC,The Kid LAROI,US,3
2xB46Bj9HZ4cr058yN4Pla,Secrets,A Boogie Wit da Hoodie,US,3
3LR0t8XqZ1FUj6nj01sXN0,Who Want The Smoke?,Lil Yachty,US,3
4JB0EAT4BkLShTyTt50FmO,Ego Death,Ty Dolla $ign,US,3
2EBnvom1dTybtm75a3Xh1T,feel like shit,Tate McRae,"KR,US",3
39xWBHPM4E9MwzEy5gbM7p,Last Time That I Checc'd,Nipsey Hussle,US,3
1u0MOgWF1bbylVxpJG2ZjB,Owe Me,Big Sean,US,3
6pGuOWYOFDcSgmVvFWRWSv,The Flute Song,Russ,US,3
1aUq8rjW1EwkAkMri4VfJy,LOKERA,Rauw Alejandro,US,3
5CKtlUULFD5aPVX4PL02H6,Broke Leg,Tory Lanez,US,3
5tVA6TkbaAH9QMITTQRrNv,Free Fallin',Tom Petty,US,3
2fgAJeky8Cpsr8Cfvn2NVp,untitled 03 | 05.28.2013.,Kendrick Lamar,US,3
7kph8uPhOXHMfKzPJvIeah,Rich Sex,Nicki Minaj,US,3
7sMu0DXeCVYwTivw9kBl99,DND,Polo G,US,3
2CdTLdDjwZdVcm0bresVWx,Otra Noche Sin Ti,J Balvin,"KR,US",3
6OG1S805gIrH5nAQbEOPY3,You'll Be Back,Jonathan Groff,US,3
2stbjvpFujerfDUuUUPX7o,breadwinner,Kacey Musgraves,US,3
3dP0pLbg9OfVwssDjp9aT0,Satisfied,Renée Elise Goldsberry,US,3
3hhs1XHsWvbH0mP9D1BT2Z,Stop Snitchin,YG,US,3
6yVkakCN460KOVol9ZazjH,Reggaetonera,Anuel AA,US,3
35rozLoS6QLE8HX8qswM3k,Rescue Me,Marshmello,US,3
2UxfcZJCphbEkfbZ6nLiDx,Kids in Love,Kygo,US,3
6fIjnWrv46njJHLDAY2JdC,Dedication,Nipsey Hussle,US,3
1DMEzmAoQIikcL52psptQL,TEST DRIVE,Joji,US,3
11EDhDAVDtGPoSar6ootYA,Strangers,Halsey,US,3
0xBsZrUrsZcCCrpxryZDHc,Liability,Lorde,US,3
71DSaeKtXQaMAqnvMT7Uoc,Mona Lisa,Dominic Fike,"KR,US",3
5QqyRUZeBE04yJxsD1OC0I,Summer Bummer,Lana Del Rey,US,3
2jey6aQoRNao7Ou9ftOXFC,she ready,Lil Yachty,US,3
2FVMbLuIxo0dz3KLXgN6Jh,24,Money Man,US,3
1Tfxi7N3DW4zvAuVjt9g8X,Moana,G-Eazy,US,3
3wkKkFAtYSTRwqOydW6T0I,Please Don't Go,Mike Posner,US,3
2mb6YdoavL6db22p7XKJQZ,Burning,Sam Smith,US,3
0w5Bdu51Ka25Pf3hojsKHh,Hard Times,Paramore,US,3
0OsYwz3SCLD98IvWfdLeRQ,Shotta Flow 3,NLE Choppa,US,3
0DYNL4xbYWgNzppUamtyR4,"F*CK YOU, GOODBYE",The Kid LAROI,US,3
4fzyvSu73BhGvi96p2zwjL,Christmas Lights,Coldplay,US,3
1wC93sZRGcTgKLN2UWRSwW,Perfect Places,Lorde,US,3
3DxZfFYJLwKDJtUwnLEhkL,Solitaire,Gucci Mane,US,3
365wwIjijQdlRJEjUWTidq,PROUD,2 Chainz,US,3
4TTV7EcfroSLWzXRY6gLv6,Alexander Hamilton,Leslie Odom Jr.,US,3
2hDe0Ls5mVqs1XJqv7sbcM,Fútbol & Rumba,Anuel AA,US,3
4v1TTTCadimzZkTuDTnYBc,HANDSOMER,Russ,US,3
2rE9TX3VQ0WNt7kziFhKep,Homemade Dynamite - REMIX,Lorde,US,3
2RBsmtiaD90yNFtqkFjBVW,FTP,YG,US,3
6VVqPBFZIbcmv14zNfOc13,She Likes It,Russell Dickerson,US,3
3vWzyGTu6Ovo1GdrcJqH6e,Scared of the Dark,Lil Wayne,US,3
4hWgC5BV5M7EtTleKVXNxw,Playing Games,Summer Walker,US,3
7LAhKXDNWwq3CmnFP3UIOP,Nightmare,Offset,US,3
5wihevBA7MO9PNYyWyTfkh,Brown Paper Bag,Migos,US,3
0nYvjcSlCgjcwogQAwIwNp,Lovin' On You,Luke Combs,US,3
5t3Vk8bRKylx4fjj7qlbib,bitches broken hearts,Billie Eilish,US,3
6dnrppGRbt8fie18Lcd9Dd,B.I.D,Tory Lanez,US,3
2qG5sZ7Si6sdK74qLxedYM,Con Altura,ROSALÍA,US,3
6M47gaKejso9772SKTa3yH,Face Off,Tech N9ne,US,3
3Ho13bRS28xEvGvgW4LOFM,On Go,Sheff G,US,3
5gmkw2031VVIboYqPIjSWB,1 Scale,Young Dolph,US,3
7FjZU7XFs7P9jHI9Z0yRhK,So Close,NOTD,US,3
6HR1z11h0ROUlWP4Kx8Z7G,Mad Stalkers,21 Savage,US,3
4mIHgQ3ofK2RK34UdbqMbe,Ambition For Cash,Key Glock,US,3
2zYzyRzz6pRmhPzyfMEC8s,Highway to Hell,AC/DC,US,3
6nBQFAIVFmAx2oZ8p6lUg6,Tempo,Lizzo,US,3
54Sc7mZQ1RM03STpk4SfaA,Helpless,Phillipa Soo,US,3
4P6IttK2PRBjyr3fm0pP7t,Past Life,Trevor Daniel,US,3
1gb6riq7CCP5clGpSD0XPH,Sorry,Future,US,3
3buwFfY33H32wfZ6X9poV3,Somebody,Justin Bieber,"KR,US",3
5z51HY4ei5QhTjcvwq5Msw,On Chill,Wale,US,3
7F1LWA9sIlTorHUo4amGqk,Reminder - Remix,The Weeknd,US,3
5KdPyhcsQ5PvkvPBq6lLti,All I Want For Christmas Is You - Original Version,Mariah Carey,US,3
5rX6C5QVvvZB7XckETNych,All Summer Long,Kid Rock,US,3
0QULNNd9z5s35entfiiXoa,Drunk (And I Don't Wanna Go Home),Elle King,US,3
5w7wuzMzsDer96KqxafeRK,COPYCAT,Billie Eilish,US,3
1ttPzkTSpQUFcEGx8bjerL,Every Season,Roddy Ricch,US,3
0bPnT6i9H1p8Vd85GS6Z7I,Night Shift,Jon Pardi,US,3
1KhrAWvLIjRlQIJtSTgvsi,Would You Go With Me,Josh Turner,US,3
2dzja72gQodveSpguIQGJl,Need Me,J.I the Prince of N.Y,US,3
1KZ0Xo6Mmeprp1Sw5xCHYz,Trap Trap Trap,Rick Ross,US,3
6eUncuJutsFi9BGO1JaBHh,If I'm Lucky,Jason Derulo,US,3
2Es3LsoQwFJNfpQYRWxfS9,Tu Sabes Que Te Quiero,Chucho Flash,US,3
0QpOqKz66ZxHNqj2PPHiFF,Backyard Boy,Claire Rosinkranz,US,3
3OKjDHmSJVKOn6V4hCR8bq,Brothers,Lil Tjay,US,3
7rdP71W8x4UbJ0KAKBACbo,Never Enough,One Direction,US,3
1tlBuoIRrtqFs9bE9dmli5,Extra Luv,Future,US,3
3JKhmIlixlYwFLzrkc6drb,Learn To Let Go,Kesha,US,3
0GVuLQtPXFaL18ijEOqoAa,Tightrope,Michelle Williams,US,3
270aLuFCbX32hhBr8MQyPM,Love U Better,Ty Dolla $ign,US,3
4s2BWgnSQ9NZiOQM4PP4HB,44 Bars,Logic,US,3
57IRaiAB4hBZu3gnNVZC0v,No Smoke,YoungBoy Never Broke Again,US,3
0nhVrTiCGiGRCoZOJiWzm1,Danger,Migos,US,3
0sM1hCHeHkGEGo4XXktCHg,I Love Kanye,Kanye West,US,3
5gIRPQWULwrvIt0F6pY7ph,Stranger Things,Kygo,US,3
1r53kDsIVmyTwdjeGRAber,Freestyle 4,Kanye West,US,3
1GI5NXx8MFhFl17cJtOZ2n,Guwop Home,Gucci Mane,US,3
2Xcvt8NRLw0xbB3ClfW8MI,Temporary Fix,One Direction,US,3
1GkHyypTFkUf0QQKwYoXH4,You,benny blanco,"KR,US",3
5YYjsDIxJKpVgNLkPpBmRA,Up,Desiigner,US,3
70mkjE0eVDfuuVKXX7KZXB,Facts (Charlie Heat Version),Kanye West,US,3
4EbULzyWMuFx94aoIY1MlJ,A$AP Ferg,NAV,US,3
608R6FvRtAqf2dvgKMzebP,I Want to Write You a Song,One Direction,US,3
370oYn3s5EKu7ziUpMQQTr,White Christmas,Amy Grant,"KR,US",3
4hJfmMjy3wFIOknfYwhouY,Wolves,One Direction,US,3
6p5GuyEqQH5pv02ouEyogQ,My Girl,Dylan Scott,US,3
1py4qzrEEkOvU8uTHYLuOW,Super Mario World,Logic,US,3
2tNNECuPFrnG9ezMCGZXow,Frank's Track,Kanye West,US,3
4E7FUbLDezvkVS6BCkKIup,30 Hours,Kanye West,US,3
5ALc7rbru6QOLGodVSDocc,Floyd Mayweather,Young Thug,US,3
1ZycJRpLOazlLcoFGxGROO,Walking in the Wind,One Direction,US,3
7ofgPlilLgcw6G7fd2zNpT,BeFoUr,ZAYN,US,3
2oaK4JLVnmRGIO9ytBE1bt,Dark Necessities,Red Hot Chili Peppers,US,3
4wckW1OjAM2z6elKQdqUpi,One Of Them,G-Eazy,US,3
5Y84czsBksjUIF4jqe8PkH,Rudolph The Red Nosed Reindeer,Burl Ives,US,3
2fl0B0OaXjWbjHCQFx2O8W,Summer Friends,Chance the Rapper,US,3
1GfRjLG3DivFZEr85b6k7G,CEREMONY,Stray Kids,"KR,US",3
2YSbHu9XF4bNYWt3MnIhgE,Bohemian Rhapsody,Panic! At The Disco,US,3
7bPLo5Fv7h15E2fW3g1mVQ,Wanna Know Remix,Dave,US,3
1FMLd0ANP4dWhyTORMy298,Kids,OneRepublic,US,3
1NMYfyq8eE4qUCj2SXvrJd,I Want,MadeinTYO,US,3
4VJ7mnW4wjjIgPBM6KWvPu,Do You Mind,DJ Khaled,US,3
2Vhd5uZB4brKHmM0MNxkZo,Raging,Kygo,US,3
3eDk8vNTpDnoso8D2qmYFi,Make You Feel Good,Fetty Wap,US,3
7sG2bWi2eDtvX9vX8yC1Gn,Inside Out,The Chainsmokers,US,3
4q6oNFTjZmJqkIgPdp8iR1,Lord Willin',Logic,US,3
09OojFvtrM9YRzRjnXqJjA,Rockin' Around the Christmas Tree - Rerecorded Version,Brenda Lee,US,3
5CYRfPViGWqsLoypm1bX4u,LA Confidential,Tory Lanez,US,3
50prNXlssUmo8p5Agh0gHJ,Know Better,Kevin Gates,US,3
01gNiOqg8u7vT90uVgOVmz,Whole Lotta Lovin',Mustard,US,3
7tk5tOCj84jine8kKJkPYs,Memo,Young Thug,US,3
62uuztuThFtrMuigPgbGuR,Higher,Rihanna,US,3
1KAkTstWzEOT24VqCDkKdl,Jet Black Heart,5 Seconds of Summer,US,3
596ShP1KQsIzk7dTpJNXJi,Lights Come On,Jason Aldean,US,3
5cgEadiGKjtTP1Q6NJqVP5,A-Team,Travis Scott,US,3
67citk3uzWs5qbaIVKTeg8,Church Bells,Carrie Underwood,US,3
0IGMI8uzDaLhRVkRjIDYZ7,Fix,Chris Lane,US,3
4PgJ0NUYaDDh659TW5mWBK,The Wolf,Mumford & Sons,US,3
3zSCNTXI7Ed0PiidZVmzIe,Ignition - Remix,R. Kelly,US,3
2CIYemjFXdmCWpJnfbtrD6,New Normal,Khalid,"KR,US",3
0j4giTw6pwgbFEHwMm4VWe,Zero,Chris Brown,US,3
5RqsqQU0erB0OgLbwem6pU,Rambo,Bryson Tiller,US,3
18FgkffvQN7dBgUKndmDhH,Dance of the Sugar Plum Fairy,Pentatonix,US,3
4qRjfovbhI4EwP7VQNfxVW,St. Tropez,J. Cole,US,3
3wdag47U7DTtAFjj0frtrJ,Connect,Drake,US,3
6tbNaE7kvGNqS7FvJ0dzLB,I Got The Boy,Jana Kramer,US,3
30Chv2SmIry70YwtmtaKnj,Hello,J. Cole,US,3
2gAGWaK4wvt2xrFUlR4mK8,Jukebox Joints,A$AP Rocky,US,3
6AHNkRbVzkh95xilnYzDT7,Holy Ghost,A$AP Rocky,US,3
6qQJLFpmM0bx5FKNr5pDfV,Bad Guy,Eminem,US,3
5CDy1I6rSt6vXdqIb87A6f,Come Thru,Drake,US,3
2WxzLbJfPA2vJGxQiKd7Jq,Fine Whine,A$AP Rocky,US,3
7i9763l5SSfOnqZ35VOcfy,Heavydirtysoul,Twenty One Pilots,US,3
6rnl5HwEvhsD3wZ6MXZzBp,Like That,Jack & Jack,US,3
54oFXvBXWRGYRN88zjFKkH,Tompkins Square Park,Mumford & Sons,US,3
29ZSk6XmWPx3DX69xBb7Yi,M'$,A$AP Rocky,US,3
3Z39gbqdaGL3WJXBG0gcuE,Telepath,Conan Gray,"KR,US",3
42GcjriRK6srwHkfbkBqVl,Blood On The Leaves,Kanye West,US,3
3ctALmweZBapfBdFiIVpji,The Game of Love,Daft Punk,US,3
2rvHIXjN4TCFuFLZk3qAxn,All About It,Hoodie Allen,US,3
0oks4FnzhNp5QPTZtoet7c,Giorgio by Moroder,Daft Punk,US,3
34aYkYrY3sXhEU9O4VQgtB,Fireproof,One Direction,US,3
0HMCdlOPJkAGlB0MlSWIcO,I Am A God,Kanye West,US,3
05dL7chWJaVjMJnGO1YCKk,Untouchable,Tritonal,US,3
7iOSJjuGo5vDvuw1T19nSz,F.U.T.W.,JAŸ-Z,US,3
7EKOezTOQmncyU306Ltdd9,Hotel,Kid Ink,US,3
7oaEjLP2dTJLJsITbAxTOz,Touch,Daft Punk,US,3
6pdIwUDwQzoz9ENNsPKqDM,I Lied,Nicki Minaj,US,3
6DN9kjhkonicpAAXXo2UlQ,Love Is an Open Door,Kristen Bell,US,3
7cAbyA8NVQCdly0u15UYeS,Love Game,Eminem,US,3
5nIu0VwPOsjkF61zfevLKh,Hold My Liquor,Kanye West,US,3
4S4w9cBe2mH9dODjhGQmZF,I Got the Juice,Meek Mill,US,3
7iqD9ktummia7eVgBCXLHc,Crown,JAŸ-Z,US,3
4rp9VuotsR67aWNUxpBBTc,Where It All Begins,Hunter Hayes,US,3
7uOPlTS0GfAQKQ8lzZr4PM,Sleigh Ride,Johnny Mathis,US,3
6emZxtfjGssHVoUvo0qhhS,Classic,Meek Mill,US,3
6wwPtKxaMEbQYc6atQmhTE,JD,A$AP Rocky,US,3
2gSh6B45bWv4gDOhawR8C2,Part II (On The Run),JAŸ-Z,US,3
1pdXNiUyh8qCNpIfEdqvHU,Once In A Lifetime,Flo Rida,US,3
1lguQJjlNrIOoOylYVZN3M,The Judge,Twenty One Pilots,US,3
7LJvu7phiwZFva8VraUqWn,Yesterday,David Guetta,US,3
4WN4QfkUN3upNkGOzW0Xc7,Drive You Crazy,Pitbull,US,3
5CgFGKdTn8R5dXGEPEX6Gm,Luxury,Jon Bellion,US,3
4UAgqZjJnWW1sBxtTo6gOA,What I Like About You - Studio Mix,5 Seconds of Summer,US,3
0gpoeZamw0GIJllSNTzvIB,Undressed,Kim Cesarion,US,3
58TLNkv8YIIX9rEcw1PVOt,White Winter Hymnal,Pentatonix,US,3
5JvD469hg7VQu2qobOAnuy,Never Been In Love,Cobra Starship,US,3
6TwhBJgvrPrdNe57lYVV55,Kiss You In The Morning,Michael Ray,US,3
4JaLkM90MJutDAl5jD9BZX,No Control,One Direction,US,3
4tVEJTR4VgBvvb2R6phA2v,Pusher Love Girl,Justin Timberlake,US,3
2utgliHzGNN3oFGF4BUhJ1,The Trillest,Meek Mill,US,3
4bm3nRCNGrFDINkMxEAGrf,Push It,iSHi,US,3
352zfYbDFG8sxkmOAhVeuj,Under Control,Calvin Harris,US,3
5NWzO9jLluZ3R7FHFDtMqS,Can't Stop,Theophilus London,US,3
5hGFM9MDbFG7quJVXrP9kK,Tuesday,ILOVEMAKONNEN,US,3
6fAyRZ0GHuuvSOEIOwi58N,Backseat Freestyle,Kendrick Lamar,US,3
1mFIiPjGUudqmMDgjH8QOO,Ambitionz,Meek Mill,US,3
2P61EK6DMGyVyssLWS4fKy,Lane Boy,Twenty One Pilots,US,3
7BRznalOl4E2k3Ck9cMxqw,Been That,Meek Mill,US,3
6dshconh2KBbGxVh7GtSTC,Booty,Jennifer Lopez,US,3
4nOi8Y22QaxmAEkIrpb5Fv,Stubborn Love,The Lumineers,US,3
3Du5FgiwsC9lJKqcMcJxKI,Hot Gates,Mumford & Sons,US,3
7wMq5n8mYSKlQIGECKUgTX,Hall of Fame,The Script,US,3
3ShCJTrnhjvUpL234S4QbJ,Stay,Shaun Reynolds,US,3
7xg0VYYx82O2SeoIqwq4zg,Boys 'Round Here,Blake Shelton,US,3
09Ua1o00SlYsiN7Mn3t7ji,What Kind Of Man,Florence + The Machine,US,3
0onyaPj0bXrPJPBxzuOWM1,Ignition / Do You... (Mashup),Phoebe Ryan,US,3
7zLUZyE6sNuU5pMRieg3at,That's My Shit,THE-DREAM,US,3
59yvXUFVjsaZQsDs09T7eA,Crystals,Of Monsters and Men,US,3
09jbT6iy5Kok3RruyVv7cn,Biscuits,Kacey Musgraves,US,3
5WQ1hIc5d2EVbRQ8qsj8Uh,Hey Ya! - Radio Mix / Club Mix,Outkast,US,3
7s1upm7yr7ZjrzXMwHawtG,Sexual Healing - Kygo Remix,Marvin Gaye,US,3
7AeYomUuCNb965CWyfLTjK,Somewhere to Run,Krewella,US,3
1PBk2knn4anq0vaS5KGDG2,In My Head,Galantis,US,3
1FO03aL21QcvllpoCMN4kM,Heavy Crown,Iggy Azalea,US,3
0O45fw2L5vsWpdsOdXwNAR,SexyBack,Justin Timberlake,US,3
776vLcNy6mHNmPisdejR0I,Nostalgia,BIG Naughty,KR,3
4nKnOIDXFjRSMG4vkXDwzY,Rendezvous,AHOF,KR,3
6bpJO1TVdHHHosDvE2h4WG,1111,HANRORO,KR,3
3ewkk2oDhpmhz0geDTlnLI,112,HEEDAE,KR,3
0QLTEaLCsqQrgf54EtPMkt,LIVE FAST DIE SLOW,TAEYANG,KR,3
0GB2Y83tCVDoanc5kQXQxR,No Manners (Feat. Jay Park) (Prod. by Lil Moshpit),Lil Moshpit,KR,3
04yT8FjRwt4LeN7mw4ymyI,W.I.N. (Feat. BewhY) (Prod. by GRAY),OSUN,KR,3
3KQ3fLAkMYyCWQLCi60zeE,Sunshine Bless You,AKMU,KR,3
6g02YqJTLBjqJ7sGvW1wDB,Brainwash,HEEDAE,KR,3
1JXTGQBCf19wY5LxLZI8ay,Zankokuna Tenshino Teeze (Korean Ver.),HANRORO,KR,3
1r39YFcEeZwF9SM66pE8xK,Sticky,NCT WISH,KR,3
7GRZqYKsoE1Ls98sr2o8xQ,Lovey Dovey (Solo Ver.),BIG Naughty,KR,3
599L9ptR3PXQq6Dzn9uLP0,Naughty Talk + VANCOUVER FLOW,ksmartboi,KR,3
63gCdrDtZlt1PMIGrzYEqt,Love Options,BESTie,KR,3
7pauGQxCVkdonnbRZiJh8l,Crescendo,NMIXX,KR,3
4BT0LtYtDN8bBaCPN0CPo1,Yarrr,HAON,KR,3
6mfSO0YMhvKFMNiEYIpO8J,HEAVEN,NOWIMYOUNG,KR,3
1mX9SZZfCeTbetghcrp8Jr,Nice to see you again (Korean Ver.),TWS,KR,3
2pwI28OQiOmf75EQEqbXG4,Checkmate,Royal 44,KR,3
37hxZGWZi8mURYxOcJ6Guh,여전히 아름다운지,TOY | YOO HEE YEOL,KR,3
29lXkyQjeQGU3auxcbtgV1,INSIDE OUT,DAY6,KR,3
1XDSuZ5ZSExGZYC7IuiU5l,Maybe Tomorrow,DAY6,KR,3
3gug38ZhXQWJbwN7sh0YRR,A midsummer night's sweetness,San E,KR,3
2vYRiFZ6HuKqO5asZ5YlyS,It's You (Feat. NO:EL),Han Yo Han,KR,3
2dl3pNKU8pr0fcI4XrKcGF,Odd (GAEUL Solo),IVE,KR,3
3KcHHPN23AwgnSkq7TouwW,Dirty Work,aespa,KR,3
3OTSFhD4vXLOH10i0FUPgA,Prince of the sea,박명수,KR,3
1JcrxF5NysDqpik9nZ1Sa4,Count To Love,BOYNEXTDOOR,KR,3
1jZBYmBLMTEtRvUB1w2QeF,GYRO-DROP,G-DRAGON,KR,3
2CfVDYfw0B4WUHaWxyjsU3,Pearlies (My oyster is the world),LE SSERAFIM,KR,3
07ZkZzMHE6EEbHD50WUrgk,SPAGHETTI (Member ver.),LE SSERAFIM,KR,3
46SiQnMkzPXPgnxnr1t5Lr,Dream Bus,DAY6,KR,3
2y3opu08ybnMRziQFdvcZv,NASA,DEAN,KR,3
4TZpuTW62a7qcfpAiALD6R,Awoong-Dawoong,Yyeon,KR,3
5EzhW71tVR5Rad6TdvdYKq,Daydream,WENDY,KR,3
6fbS9Lbyv6L4tz7tcmBGKh,보나마나 (BONAMANA),G-DRAGON,KR,3
3GyX3O435KaZORawhjFWh0,As Time Goes By,BOYNEXTDOOR,KR,3
3SYveDpgawfdQtiMDlm4gi,MUSIC (Feat. LEE CHANHYUK),BIG Naughty,KR,3
0jnelJPBaLQcN5IearNmdi,Apple Pie,Hearts2Hearts,KR,3
7LFwi4RolcCPnVEXXXVfQP,Season of Memories,GFRIEND,KR,3
3vC63Nh3rSREo7qDHgnx8I,DANCING ALONE,KiiiKiii,KR,3
6VedlO2MtaEjAITax6vQyg,Toki Yo Tomare,ILLIT,KR,3
02jsJ8Jxl5sfpAsrXQByLh,Is That True?,BOYNEXTDOOR,KR,3
1YI0uK36eupTmw9F8kHysr,Sunday Morning,Maroon 5,KR,3
1iHLurrRAWHisZAmzp9Uio,Melt Inside My Pocket,NCT WISH,KR,3
0IjaSeBp6SHXTELm4C9ifk,FOREVER,D.O.,KR,3
1qVOxNk88HMDXteLce4fyD,Set The Tone,aespa,KR,3
2Zb18lrOnbvvIA1ZnpxXYE,Next Mistake,BOYNEXTDOOR,KR,3
7zi7dD55ORKCGEjDNwSa1n,Get Loud,KISS OF LIFE,KR,3
7fiSE0NQwgJPj5QHhln8L1,Summer Was You,H1-KEY,KR,3
02mGPF4589DiiSdoH0pu1d,Derre,BIBI,KR,3
45LdjIY5Ot4SAxOKfmcG2J,GOSLOW,YANGHONGWON,KR,3
22iBm7pEbvQk4HPrKWOuqQ,TOXIC,MEOVV,KR,3
2v7aUMUc1kerJyaRmIx9zd,I'll Like You,ILLIT,KR,3
7D2B5pj751b3MIaU4TwE6e,R.E.M,KISS OF LIFE,KR,3
7kZDgpf6ebA3dlgt0vdRv2,EVER,Hebi,KR,3
2E2p6VOMfshuvw15de3C1f,In Bed/Makgulli,Beenzino,KR,3
4hCKVecuybp8IrwRfN8fr1,CLIK CLAK,BABYMONSTER,KR,3
1hm2mXrSIKD0ol3Epwy3at,Horizon,TAEMIN,KR,3
7twsZBhfSJFeaDp2rFHP1d,One and Only,BOYNEXTDOOR,KR,3
2lkhdnz6pWlErZuRLnBXTt,IYKYK,XG,KR,3
2022n4pxaEaDC2YvzVl1w7,Pleasure Shop,KEY,KR,3
2llGaRhftbXIr1UgbpQpWq,Licorice,aespa,KR,3
13U2hhhgeN57hffBCuaUcw,Pineapple Slice,BAEKHYUN,KR,3
1fr9b1MIyas7cpt1QY3h9d,봄이 좋냐?? What The Spring??,10CM,KR,3
1dY5W7IZHUSpvTuCUWeXNE,BAHAMA,aespa,KR,3
3nSyllwWNp9XuLKqCWswVv,Monster,DAY6,KR,3
5i2qsnB4cF2j7KdxjhTbzV,OST ( Feat.CHANMINA ),ASH ISLAND,KR,3
6aCVF5N988EPzYCsVQfkPy,Love Dilemma,JUNE,KR,3
4YJlv9lK1EsszlUZ4ekj7I,Stay With Me (Feat. Skinny Brown),ASH ISLAND,KR,3
7goJkLIyjtlskr2JCD9F6h,Lemon,Beenzino,KR,3
6IBVgRiEsCo3XkUK7IzaCX,Like A Fool (Feat. Y2K92),Beenzino,KR,3
1fCKxY62wMnayTNSr3S3GN,Heaven,TAEYEON,KR,3
3VHD84tIdyxRTtRc167YSR,WORK,ATEEZ,KR,3
3Me33RhzAgPcS97lkhIT1u,Sandman,Beenzino,KR,3
7liPa1ogr6uKLBBfuKuCJh,The knight who can't die and the silk cradle,LUCY,KR,3
7b8SkcdeiTuo6FQXdPgPWW,Wish You Hell,WENDY,KR,3
03S9ATtLIBqudkXFQsajpQ,Honestly,RIIZE,KR,3
1hXs7BduDW3yGSSwolP8eh,Hero,AKMU,KR,3
4stu4P8xHdm8ywpX1YpdFJ,Prologue,aespa,KR,3
4RswMuoJPErLTTdpYG5Qb0,ADHD,Lee Young Ji,KR,3
5fgjRRJwE86CpvnZvR3bM6,Sunkissed (Feat. MARK of NCT),BIG Naughty,KR,3
1Lkd4pjGFQilS5zPoMnLL7,Be There For Me,NCT 127,KR,3
7v8v911KfBuFkqXvuDOtNm,Dust,SEVENTEEN,KR,3
3TVPGk9hkCLnUP17yOAxAJ,No One Likes Us (Prod. Nochang),Swings,KR,3
2IWjd02V6f5FBiC9ZDbe9R,ERI ERI (Feat. Homies),NSW yoon,KR,3
3bSiun4NYEYvoer5zfSMPt,Dunk Shot,NCT WISH,KR,3
6fJW5vgrTBrKksFKApn7v2,Jelly Pop,BOYS PLANET,KR,3
3szFx3SyWFpRbehaPxpyqq,Expectations,Anne-Marie,KR,3
59oJpXOayvcKGbTXbrZjzF,Over Me,Overdose,KR,3
3acGHJqr9xU1cnCEfLX1Lx,I Don't Understand But I Luv U,SEVENTEEN,KR,3
3p6aAa50gOAzb6QAOuYNb2,When you alone,Woody,KR,3
33D9IBi6eTFEPldy7jQ8og,By Your Side,Crush,KR,3
3F2BLyGt6zYLrHYpbdTw5L,I Want That,i-dle,KR,3
18jf8iBa6OdMPDhLbgcsbC,"55 (Feat. Yerin Baek, WENDY)",CODE KUNST,KR,3
5VuH5mBWdaZi5oNzrFhigj,Trippy,Beenzino,KR,3
1m9TZ1dpYEQnczSsI6z9Ku,"Pure Imagination (from ""Wonka"")",Timothée Chalamet,KR,3
33zyxtEENVeaXiAZc8s6Wa,"BINGO (Feat. meenoi, george) (Prod. by Slom)",jambino,KR,3
3rjkAbJY6OLWCmSE0f8k3f,Must Have Love,Brown Eyed Girls,KR,3
1Nt4hDwC9bGT8P9NU5TuFX,These Tears,Andy Grammer,KR,3
3nW7zEVZamOeAYnWp5LqVh,WONDER,ASH ISLAND,KR,3
1hkeifGMiDQjXlvAsIoDaa,All Night,IVE,KR,3
7njDhlprmHJ1I9pM0rxMON,Barbie Dreams,FIFTY FIFTY,KR,3
25QGSFaB28MnIp7CIX1Nkk,HANGANG (Feat. BIG Naughty),Paul Kim,KR,3
685eV6j7d4WjDjKUmB5eU9,Sweet Sorrow of Mother,BIBI,KR,3
0XirDL81ptA2KlrZVpjP0k,Yogurt Shake,NCT DREAM,KR,3
2X3TAhWaAlTet44mabfdXl,Higher,FIFTY FIFTY,KR,3
1lUNlmwyhsJy6kXmmrO11t,As It Was - Spotify Singles,SEUNGKWAN,KR,3
34vqTQQDhOppwZDbpOJoip,ILLELLA,MAMAMOO,KR,3
0Hy3JNYKAJu4ttcyQHzzYA,Big world,Yerin Baek,KR,3
2MS6xZ1HG8Mur5AGrvuVUG,With me,BIG Naughty,KR,3
7cjojsJwncbiCI0rqOOf9j,To My First,NCT DREAM,KR,3
3YxK7NqMCWDpmrQ82Wvx25,STEP,KARA,KR,3
41KiFWhvIgjdVura4h93Zh,Upside Down,KANGDANIEL,KR,3
4b3rGL8LDSkbARUUA20136,VENOM,Stray Kids,KR,3
4QDpsNBlllaLGj8zbF2EE0,Charmer,Stray Kids,KR,3
6zdgPI0zkt6xJSUoTLud8v,Hopefully (Feat. Jung In) (Prod. TOIL),KOONTA,KR,3
1ZEFYW6nPEvIcsIvymgsLk,WA-R-R,Colde,KR,3
1JUfVQxyt17lszAHbno101,Winter Spring,ISEGYE IDOL,KR,3
3F7ONltjlWoXuvpzK01YSK,Celeb,PSY,KR,3
4SkwI7BxrIk5t5bpbvcrs6,Why Me?,Yerin Baek,KR,3
3660VWl7PCUsXhZlakn0KY,SMARTPHONE,YENA,KR,3
1pdFdv8R6ezIAUUNkn785b,CHEERS,SEVENTEEN,KR,3
0RErLzcXg9K3FtjN86e4gm,Beige coat,Grizzly,KR,3
11gYMzMkvro6P9YG69BIxm,Sweaty (Prod. GRAY),GRAY,KR,3
4Mk6OBjJZpnrSzPW1e5WlD,WHISPER,THE BOYZ,KR,3
5g6GKZXBoEnPmBl6G261CG,Go Back,Yerin Baek,KR,3
66wSpvsxSBGBBnHax8VB9S,Can′t Slow Me Down,MIRANI,KR,3
6l1dTAhX7P6EKvA11NLNuW,I'll Make You Cry,aespa,KR,3
4h4Ibc1LSJmpLpVm0PBaPV,Next episode,AKMU,KR,3
3vG5ilGpaYA2MhVtyTORF1,My Youth,NCT DREAM,KR,3
2JEaSgRiEra5OQrZlnyqXG,Diggity,NCT DREAM,KR,3
68kHuoBxtNcWZWxBu1V007,Crush,SEVENTEEN,KR,3
3gep0yiV6og5gWPAVwyVXm,Brown Umbrella,YOUNGTAK,KR,3
2pD74s7WAlBWUXjrTsKgdS,Kids Are Born Stars,Lauv,KR,3
62eXXGkcDrsf7eyhTDFlgy,SIGN (Feat. Mirani) (Prod. CODE KUNST),SINCE,KR,3
2GyBnXC1hlCtfD81JLw473,Press F5 (Feat. GRAY),Geegooin,KR,3
6adPuBjUw3Zh6wK27d8Rgv,VILLAIN DIES,i-dle,KR,3
3EFNqXf54nYARxXm5b7kGT,Irreplaceable,NCT DREAM,KR,3
1KudezVPwBoBUNeMrIeRyN,Take It Slow,YOUNGTAK,KR,3
2PmLP4DNUPJC98L78mrkal,Reference,LEE MU JIN,KR,3
3ulX3obs7oJGzluQNzcIDX,Garion (Feat. Dynamicduo) (Prod. Primary),Gwangil Jo,KR,3
002wiS64p2qXaYYVAP7KOW,Set Myself On Fire,TAEYEON,KR,3
6neQsYjtYlp98ioxs2XhZn,Self Isolation,Leellamarz,KR,3
3j0x2BUUtm2obQXS1lZuN3,Dilemma,Apink,KR,3
4XGdr0bJNCLjwQ4k3HWAGP,Siren,TAEYEON,KR,3
5bMHrigI1EAmZdiyRzKoQi,ICONIC,aespa,KR,3
73pehvxZUb87PhgyJJpTlw,Toddler,TAEYEON,KR,3
6A4iYPzPVM4OSjIMgxMYnY,Gray So Gray (Feat. Younha),Epik High,KR,3
0nW8KgIzm3Q6DCLHUtEHDh,Save,NCT 127,KR,3
0JQgYzXuL2wCTAv6z4mESW,One Snowy Day (Feat. SOLE),GIRIBOY,KR,3
0Rzx0irygv7gZd8YlvK5aO,With,Kim Taeri,KR,3
0cq9psWsFf2UKiYhbrbKwW,Nothing (Feat. Hwa Sa & MINO) (Prod. GRAY),BE'O,KR,3
3zpGIFghtnVlwMXWyKW474,Fire In The Sky,Anderson .Paak,KR,3
2bk43y1inDfHx8fFdXar3l,Rose,D.O.,KR,3
44QDTpkTR3eLLfXEKTjyul,Free,Xydo,KR,3
4QqROKO0RtV5CvxE7g90uw,Cry For Love,BAEKHYUN,KR,3
4rrGSoMxUV0diSX4zpoCTf,Is It Still Beautiful,SEVENTEEN,KR,3
7ssJMybqD4c4dkpoU81mlZ,Next Level,A$ton Wyld,KR,3
31LHplV8BL8F0Uu9YbvTAY,Rosario,Epik High,KR,3
6zSTivatZLiVJ63bRzjIF1,Yours - Instrumental,Jin,KR,3
7B8JKfqm63AO8MCHFO3pIb,BAD LOVE,KEY,KR,3
7v8wKvNQQIxkugCFFjrkaO,残響散歌,Aimer,KR,3
347PJwH4XqRbeaKaIW9sX3,Bittersweet,WONWOO,KR,3
12FGJeMWeTVRjK31NIUIMQ,Play (Prod. TOIL),ASH ISLAND,KR,3
1VjIS4qoyD6JS2rNZQgE00,BEAM BEAM,SOYEON,KR,3
1cRY1p6f4k8B1fGt7hnP5H,A LOT,John K,KR,3
4hzeoIOERTL4jdTXAQ0FWr,Go!,DOKYEOM,KR,3
34U33Fr2hM6wWkjvdpiwS6,Antidote,KANGDANIEL,KR,3
6tRzqvMtnfDZY80WRh4csu,Tie a Cherry,CL,KR,3
2jqwPBpJYLtn2ozWN5zgd7,Magic,TOMORROW X TOGETHER,KR,3
3VSA53dOtVkhwyJ0nsAnRt,NOT THE END,HIGHLIGHT,KR,3
5yv6tEdYkY3EfWXGSMSnWj,Beautiful,Anne-Marie,KR,3
0ox4uVLjlsGh0XseBN2fZa,First Love,NCT 127,KR,3
6aDsgHPZsMztSbZernzlF8,Someday,OneRepublic,KR,3
27Mp1HAFIhnLBsGXdFcGXG,COMING HOME,HONNE,KR,3
6Lgbf4b6c9fwz24eFEWONX,My Universe - Supernova 7 Mix,Coldplay,KR,3
5FOnZ5yGWaKk0bxHOigYQk,X,CHUNG HA,KR,3
4d79iPe88TzFewhFk2vrcy,Life is a Bi…,BIBI,KR,3
76JA4ie9OkTaCXu909a93V,Heart Attack,SHINee,KR,3
4WwfMajCmOe3ApD9eF5B15,BACK ON TOP,HONNE,KR,3
1Zsy7gMUcHDhxC0bbyZmC2,GAMBLER,MONSTA X,KR,3
03TdLY0nav9sQ3kyjbyJ9t,Love should not be harsh on you,Lim Changjung,KR,3
187yTccJjpINpPGWH1qtDy,Cold (Feat. SUPERBEE) (Prod. Way Ched),D.Ark,KR,3
1SgUjGzbmmMOsGFTVwQ59L,seaside_demo,SEB,KR,3
12n9WBfLII5EdQFzQiQFqv,Wish,Choi Yu Ree,KR,3
06L1apH8kLF47dbhZ4Zg9A,BREATHE,LEEHI,KR,3
46E1ic6n099e76t5J1TbHn,View,SHINee,KR,3
4A6BplRJXLfp9GsDwzk3LV,CØDE,SHINee,KR,3
14bycLXzjEIFKVQCe2K6M2,Marry You,SHINee,KR,3
7MUksmMcnTI2Sf3bzplnQc,Body Rhythm,SHINee,KR,3
0sGuE1QPupKA3D0LyZbTaN,No Blueberries,DPR IAN,KR,3
7JrvYwKnJRe3p3orzKXwaS,Kiss Kiss,SHINee,KR,3
0rNLaGUleZ91DXMxmZNq5v,Fireworks (I'm The One),ATEEZ,KR,3
7b4Qu8lHzGX8PiQJ3Q1al4,Kind,SHINee,KR,3
5SEvxpu5ImOFOcXyeM8fbx,Dream of You,CHUNG HA,KR,3
4EaQ0ouIydfeAgQUz284EF,"People, Pt. 2",Agust D,"KR,VN",2
5p8ThxM2OhJ0igfxkz0Z1q,Wild Flower,RM,"KR,US,VN",2
1IWEzoYndBj6ntPQ1nYiFP,LAVIEM,"TINH HÀ ""SAY HI""",VN,2
7oDd86yk8itslrA9HRP2ki,Die For You - Remix,The Weeknd,"KR,US,VN",2
4UAnQaQTSMjKjHkqjKwEYx,Permission to Dance - Live,BTS,VN,2
5SDFTxET9I8w7EW3UPBcaU,5 THÁNG,"TINH HÀ ""SAY HI""",VN,2
2AVDBKzxzTjLB91WVTfIlA,ANH BIẾT RỒI,"ANH TRAI ""SAY HI""",VN,2
6ykJ7J55R2qQkiyWDAuj6S,VƯỢT NGƯỠNG TÌNH YÊU,"TINH HÀ ""SAY HI""",VN,2
1zyNO73bPNPC6KBi3raNmZ,CLICK,JISOO,"KR,VN",2
7kb6IV0z8Nd7vejSdAq0YN,Stop The Rain (TABLO X RM),TABLO,"KR,VN",2
46KcOYalDgmgZJWRNjiMQ8,Một Cái Ôm,RPT MCK,VN,2
0ZRat7fxorLEemc5WI89iX,Đao Của Anh Vừa,RPT MCK,VN,2
2JBPFxhktonEWpIYS8csms,Yêu Anh Giết Anh,RPT MCK,VN,2
5QjIMYxulJvh8sOr0zQgTP,Dưa Chua,RPT MCK,VN,2
1VWiDyYTrqQhhmnWANWkFa,SaWaDiKa,LISA,"KR,US,VN",2
4px414ErA1FdHPYoJE3vJm,Anh Yêu Em (我爱你),Jack - J97,VN,2
2ZhPTxaMGhbLeN443dHYxy,Là Gì Của Nhau,RPT MCK,VN,2
7Ebm9NxzNhUX2FxzBl1kwm,02 Mơ Làm Ma,Ngọt,VN,2
5o5ITFH6KuV6OrdTJqZ80A,THIÊU THÂN,"ANH TRAI ""SAY HI""",VN,2
635E47CCnfNqNGvygqQemO,Ngân Hàng Nỗi Nhớ,Đạt G,VN,2
0DJ0BWAlfW9h8xC5XxXEwr,Night In Prague,RPT MCK,VN,2
7lbVxN06wsMIXHniG8MdCW,Em Đã Biết,SUNI,VN,2
24NU99R1NGEVlVIOPO0Ahg,"Có Công Mài ""Sắc"" (Afrobeats ) [DJ Kim Chol Remix]",Ngô Lan Hương,VN,2
04vZ4wvtdjMs35KgDIjNsG,Hút và Hút,RPT MCK,VN,2
1KxHecfnS2u53hVKAxLTqs,CHẠM,"ANH TRAI ""SAY HI""",VN,2
6jyL2hO6lUnLM5YbmfnbUx,Vỡ Tan,Anh Trai Vượt Ngàn Chông Gai,VN,2
7C88TYaBatVPICTghIKt61,NỠ LÒNG ĐỒNG Ý,"ANH TRAI ""SAY HI""",VN,2
73dH6RaEMaOICGPp7wwkP3,GIẢI CỨU THẾ GIỚI,"TINH HÀ ""SAY HI""",VN,2
4bx274sF0zGXBHtr9h4mlU,Đừng Xa Anh Nhé,Kevindauroi,VN,2
3ZX71GsU4YKr4ZsAMty3i0,ẾCH NGOÀI ĐÁY GIẾNG,"EM XINH ""SAY HI""",VN,2
2acb6cq9WgmMRoZcRnwd24,Viết Em Bản Tình Ca,B Ray,VN,2
3gHfyMW0ppwsUCEHVRE8rx,1001 câu trả lời,GREY D,VN,2
4vVTI94F9uJ8lHNDWKv0i2,Eenie Meenie,Sean Kingston,"US,VN",2
2RU8W7BYkURayqMwImzMGr,Đến Khi Nào,YanBi,VN,2
4L0zBncAEvt5RLAI0IbTKs,Viết Tiếp Câu Chuyện Hòa Bình,Nguyen Van Chung,VN,2
4Mj7X2aDCWrvs4zKSF5cYY,Y Chang Em,B Ray,VN,2
7bRV274z4g3Lns0xV8xYzY,CHILL GUYS NGON ZAI,"ANH TRAI ""SAY HI""",VN,2
2NIsWvMUHXqCplwCygJMjP,NOWME,WEAN,VN,2
5KzRocC5BSxcmR73kP4N1V,Đâu Có Ai Nhìn,HIEUTHUHAI,VN,2
4rBRRLgdB9DYJhqA9uVcWt,FXCK UP THE WORLD,LISA,"KR,US,VN",2
76LJNZFUi9NOGkpZnIIRVX,Beautiful nightmare (interlude),AMEE,VN,2
5AsZiMkbxLlR68WM3HHKWZ,29,Wxrdie,VN,2
5GH5F5HsKGirC3qKwW0wEN,"Gửi em, người bất tử",Ân ngờ,VN,2
11m89XC93dD5eFGRzcMqQE,Em Muốn Được Bay,VSTRA,VN,2
72tHDLv1AtIC6kuAPOowIL,Ngủ Quên,Wren Evans,VN,2
6o6RzXslASwDh3ekSlDwhI,Bản Tình Ca Không Tên,Anh Trai Vượt Ngàn Chông Gai,VN,2
1NOgO6fXONLPCdNhPPQR9D,RUN TO YOU,"TINH HÀ ""SAY HI""",VN,2
4aHt5tkyVoMonpPGAehUcD,Are You Sad,B Ray,VN,2
3PoxzIOD0t4uhYs68hrOVu,Lò Vi Sóng,Quang Hùng MasterD,VN,2
0cA80rjlWyN7iF8qDjYQeq,Chờ Trong Trăng,Wren Evans,VN,2
7CuYlxVy87LrB2pQOP6i9z,Chưa Phải Là Yêu,HURRYKNG,VN,2
1wG0HYACxdu3Kdz3mI4ca6,Thèn Chóa,Wxrdie,VN,2
7oaphyU2sth0QMzgGHOxs9,CAN I GET YOUR LOVE?,"ANH TRAI ""SAY HI""",VN,2
7dfHNBhidNnAxzvx40FhcT,PERFECT,"EM XINH ""SAY HI""",VN,2
03lqBJVdEg5oPZPhtNANFn,Đầu Tư Cho Trái Tim,Quang Hùng MasterD,VN,2
0Cha5Fz6qQ7M6YjkeQrMMk,Bút Chì Bạc,Thắng,VN,2
0NDMUgq5VLeo7D14NqlfYO,"(từng là) Boyfriend, Girlfriend",MIN,VN,2
67SnHLuHADZ2r5FkYbON0A,Nơi Ta Sống,RAP VIỆT,VN,2
1MAmEpLRV1JKdafGcZ6jdY,Xuân Thì,Phan Mạnh Quỳnh,VN,2
6yLbighkE0kn1OH9zd4aBi,03 Hay Là,Ngọt,VN,2
3NlPQh6nzQBvYsSrQYAOrl,DUYÊN,"EM XINH ""SAY HI""",VN,2
6Ymfomc8oUF5vNy73Xjh10,Khuôn Mặt Đáng Thương,Sơn Tùng M-TP,VN,2
0pkKpktoYIYzVMH5AGrdc8,một lời đồn,Bệt Band,VN,2
5FdSbWlwpUTKGjtCPNAI4W,Mong Năm Mới Trải Hoa,HIEUTHUHAI,VN,2
5sTLGx6c7YRwnrWm6O091n,Supernova Love,IVE,"KR,VN",2
1DkYLzjwHaesQYObT2c3X2,Nhật Ký Vào Đời,Karik,VN,2
5DiQp1ZULnFOYoz8LI4r8g,LỜI THẬT LÒNG KHI SAY,"EM XINH ""SAY HI""",VN,2
2Xmxj5V4TkFETbmrUcpqFC,跳楼机 - 1.1x,LBI利比,VN,2
59EkpaI6Bp5GSdA0hgvAAV,nước,Obito,VN,2
5jXFK9Xl68NbtnFnajSRzA,Hoa Trong Đá,Jack - J97,VN,2
1wbBii1kJbBnMr35bOo5gv,Sau Này Em Cưới Ai Rồi - Zeko Remix,Kiều Chi,VN,2
5MI9rnOsAayuxi7pKVydNg,Priceless,Maroon 5,"KR,VN",2
5Bq05H6sE8g5NLfgjyapfr,"ex’s hate me, Pt.2",AMEE,VN,2
2rDtJL39iMme6RgWnETEWP,Ikigai,Tăng Duy Tân,VN,2
4mZzqlaG67gUD0lAQIEVMs,Vệt Nắng Nhạt Phai,Kai,VN,2
1ejRnO9sknaTpp7Fog7ART,Kiếm Đâu Bây Giờ,Nguyễn Hùng,VN,2
5WqyMMhbVsV7yR8lSNy5EI,Não Cá Vàng,Only C,VN,2
3EvZ9Ztgy03uUhxlv8PLf3,người đẹp ngủ,tlinh,VN,2
05RlEsnD2yUygC5Ukjy7RW,BLACKJACK,SOOBIN,VN,2
1D9QWphMtRcxYybdzM6JUa,Biên Giới Long Bình,Obito,VN,2
6ahYdGHGTfy83VwR4AhQi9,Nơi Tình Yêu Kết Thúc,Bùi Anh Tuấn,VN,2
56tf3cHQkwmvoplotk5QXd,Interlude : Dawn,Agust D,"KR,VN",2
1ZSwYD21wiQCx3VYrnQHMm,FRIENDSHIP,Đen,VN,2
7vtmmFlpMpBxWaKGiGbFFc,Trước Khi Em Tồn Tại,Việt Anh,VN,2
2I9QJOvD1lamK9tHffY4La,Miền Đất Hứa,Hoàng Thùy Linh,VN,2
6AknCCsxOsrJ2mkSdCtET1,Agust D,Agust D,VN,2
0bqiS4Vi6vWtOj9woYfAJM,đừng làm nó phức tạp,tlinh,VN,2
6TOI8hhlfebwsTYRCVpRMn,Xuất Phát Điểm,Obito,VN,2
414Mr8wR2m7fs2K0n8Bx3I,若月亮没来（若是月亮还没来）,王宇宙Leto,VN,2
2oAmC0f5DWBDyXqsKO00ov,TRUE,YOARI,VN,2
4H2C2CDs2QrO9xuStligzF,Thuyền Không Bến Đợi,Trungg I.U,VN,2
6MCJdudhQY41K3IhluuNuq,Một Chiều Mưa Bất Ngờ,K-ICM,VN,2
6eOD2p1cGmxLiYA0UR03O1,Như Hoa Mùa Xuân,Phùng Khánh Linh,VN,2
6vUlAOoP5qqS3nPQmyc0Yc,twin,JENNIE,"KR,VN",2
63sss8NjI2cmUWe1D3WwnS,Đợi đến tháng 13,Vũ Thịnh,VN,2
4xjMsuPSMtGwFvwdnEFDKn,Em Có Nhớ Anh Không ?,Hiya,VN,2
4zUob9iYFS9TgAR0hgo5pR,Seoul City,JENNIE,"KR,VN",2
37KEMM9tMw5Tb5GWlBmOVM,Dành Cho Em,Hoàng Tôn,VN,2
6PmjpeFEpxxAmuVmGkdWPJ,Nhà Văn Vở,RAP VIỆT,VN,2
0mhfW8VkkCQBUSDqHJKJnA,Miễn Chê,RAP VIỆT,VN,2
4ZVb8ZUjzUJOTP1RNqUC9y,tình wá akk,2Pillz,VN,2
1q83e1qvjHBPCgOvdGSKZ0,Say Bye!,RAP VIỆT,VN,2
4CrTXVuKQnFlIoscIDgMCq,Có Nhiều Cái Khó Nói,RAP VIỆT,VN,2
1W5kZCi3DyAwUu1flTIHdZ,Sinh Nhật Của Xinh Nhất,24k.Right,VN,2
0tRpWjAPI6SCNcOMQGw4z5,Việt Nam Muôn Đời,RAP VIỆT,VN,2
37C9dPZpyhW1BIg1SoMw9P,Khum Hề Giả Trân,RAP VIỆT,VN,2
0KnWLhf5GqPEC4m7sHhxrY,Cơn Mưa Rào,Văn Mai Hương,VN,2
2tZjAcLcg7k0p0c1wA3Ggk,Tiếp Đất,Low G,VN,2
4ZEcVT9Po6mt11r7dr95jB,Vẫn,24k.Right,VN,2
60GKmFakXVwnmiUFN2X5Kn,Ngày Mai Người Ta Lấy Chồng,Thành Đạt,VN,2
719Z1dnp95fwmbs2st1PKn,Ai Cũng Có Thể Là Quán Quân,RAP VIỆT,VN,2
4LWcvlsVnpYDflrviNR3SM,Khóc Ở Trong Club,Hiền Hồ,VN,2
2vRkwfiy4Se8ddUSkdMTmQ,Beautiful Monster,SOOBIN,VN,2
5KFUnnRbtef0hgKXfeCoOv,Mẹ Biết Mẹ Buồn,RAP VIỆT,VN,2
1kVyThG6NhcbgNorq7xweu,Kéo Em Về Làm Vợ,RAP VIỆT,VN,2
6uhCnqc4Tncn1vqkuGubPO,HEAVEN,JENNIE,"KR,VN",2
6eAeHA1D7ONFYUuw0LlhGN,Nhạc Cho Mẹ,RAP VIỆT,VN,2
15yC0BCinDyknKpjk0VLku,Tết Nhà Mình,Hoà Minzy,VN,2
5qgyOHMJFZwJMQ2Vi7uzgV,Enjoy Cái Moment Này,RAP VIỆT,VN,2
3rtMytBKFkyD0HygMUl727,Hết Thương Cạn Nhớ,Đức Phúc,VN,2
0soE3o6dUx6YiSzpUkfyBE,MONEYMONEYMONEY,CORTIS,"KR,VN",2
4kjA6oaloTf6ndyntyhZx8,"Cậu Ấm, Cô Chén",RAP VIỆT,VN,2
0HH3DAz5feqJmDA50yQ52M,906090,Tóc Tiên,VN,2
2Nwi8X3bmgKU1zMQUsDTah,Thị Mầu,Hoà Minzy,VN,2
0TKCUjfV3YGuY99MxCKM5w,Knife,ENHYPEN,"KR,VN",2
2e0b6AaC1Abz5mFyCS3fXY,Tình Là Gì Đây Em Ơi,K-ICM,VN,2
1nwdfbj4UyRMpa9L98a4Yi,Blue Side,j-hope,VN,2
72sfmdpuO5r8cBDgs7MqZZ,UNDERSTAND,keshi,VN,2
14kyXBpg91RVq8bNRDS1q2,true story,Ariana Grande,"KR,US,VN",2
2sR1e5YFAvXVN6EiIwR2is,Nuts,RM,"KR,VN",2
4u43avsuHboJHfogNT5EX1,Đừng Yêu Người Nổi Tiếng,7UPPERCUTS,VN,2
2mgzUVvDpb1zMSB4glLQ6T,Life's Too Short - English Version,aespa,"KR,VN",2
1hlT8F0X27uf3fpOWawjbY,Intro: Boy Meets Evil,BTS,VN,2
5cQX9BexkPIEESTZijJhXg,i wish i hated you,Ariana Grande,"KR,US,VN",2
3aKXtIPNRoD73KLpsNnNoK,lock / unlock,j-hope,"KR,VN",2
5SMCxRA6hB2jEhroaYfw6N,IT'S YOU,MAX,"KR,VN",2
5uHrWZqndnheP1qtYr6xGC,Moonlight,Agust D,"KR,VN",2
7wxxk3WQhBERNIhkYg5adk,Hồ Điệp Hoa Niên,K-ICM,VN,2
6XXKB32Om6WuXg3uEWwTob,imperfect for you,Ariana Grande,"KR,US,VN",2
6GoFIkTKX9CIGgM9APx5UB,No More Dream,BTS,"KR,VN",2
1JDAQRGExgNj3HrhUQZcnS,Hoa Bấy Bì,T.R.I,VN,2
2kenOIzz3AlVKF7wGqzH3F,Đáp Án Cuối Cùng,Quân A.P,VN,2
13jRSCLoWbCoU1XEdJRbgn,Saturn Returns Interlude,Ariana Grande,"KR,US,VN",2
4kBr5XX61vLb4tejJajOT8,Groin,RM,"KR,VN",2
17AFcTj1bj9qhWrHbsLDSb,Boy In Luv,BTS,"KR,VN",2
1qBhlpdpjgsevbE4FCe3KN,Heaven,Calum Scott,VN,2
1PcWKm3zxxc4KyAY0VWBRV,Người Tình Mùa Đông,Đức Phúc,VN,2
37PyxXH5vlbNcYwxOHbfFn,A Veil of Mist,SPACESPEAKERS,VN,2
13CVSGLSFl4UxpDVR6u3dq,Strangers By Nature,Adele,"KR,US,VN",2
0API9o2omhCk5DEKyQcVEP,ALL KILL,T-ARA,VN,2
2QJR9Bbk7bEUGNhKzapLnl,Anh Yêu Em Cực,Linh Thộn,VN,2
1F7kjQhF92Al8CSu2jP5rH,Nhìn Những Mùa Thu Đi - Em Và Trịnh Original Soundtrack,Bùi Lan Hương,VN,2
0OFfNvr1GufcoJwFufmwOV,Chợt Nhìn Nhau,Vũ.,VN,2
4V2MZcxyltQ4oKSdXOZoV0,DYNAMIC DUO,HIEUTHUHAI,VN,2
2LTNFan0VgVJzbbPvSwm7e,Đốt,Ngọt,VN,2
68z9t6zihQgqzBGtexjTRG,Happy For You,Lukas Graham,VN,2
32gvR8ySw32FThelwi9yWQ,Dope,BTS,"KR,VN",2
5OlieB5VdsOMuBuCtllXGW,BTS Cypher Pt.3: Killer,BTS,"KR,VN",2
02it69GkrLMFN7Jisv8NGO,016 Tan Du,Sol Silva,VN,2
5P5lTAd4r6ro0rMpjwg34u,Mình Yêu Đến Đây Thôi,Tóc Tiên,VN,2
2mYjBkAtCUXRG2ioQmv3Rm,Phân Thân,Low G,VN,2
6BZq8affbEduMNidJYonV1,Em Là Nhất - Cukak Remix,Cukak,VN,2
20pl0RVGT7P6L1Jr9p51nw,Trust Fund Baby,TOMORROW X TOGETHER,"KR,VN",2
6AOrC7t2WS5ykYcnoHpiS2,Lonely Boy (The tattoo on my ring finger),TOMORROW X TOGETHER,"KR,VN",2
04CHEoMbrLOiX8co3EG5dO,Thursday's Child Has Far To Go,TOMORROW X TOGETHER,"KR,VN",2
1rCurScVWswOm8jVmCOLxn,Mưa Hồng,Hoàng Duyên,VN,2
7BfjDCN9OneES5E3TtcA30,Tương 3+1,W/N,VN,2
4s9KzC1CduhQWbekLNCLLB,Red Rum,Táo,VN,2
4i6cwNY6oIUU2XZxPIw82Y,Karma,Taylor Swift,"US,VN",2
5ZblwtW67ZlZp8gXCcrGzn,Ði Trong Mùa Hè,Đen,VN,2
1vwc311aNYEooNkbFKLvzP,DO IT FOR FLY TEAM,RAP VIỆT,VN,2
0gKSm3EHJhyFeolcmO6mYS,'yêu yêu yêu' mashup,GREY D,VN,2
4rF72sAKXnQ2t2Q5aZlreW,You (Prod. SUGA of BTS),ØMI,"KR,VN",2
3DyHgXBOxAsKyy0diFTSOS,Not About Love,Khoi Vu,VN,2
6SM3TJaWkmT8Iq8l9J0BIS,Dynamite - Holiday Remix,BTS,VN,2
2MT5rzYA4ZPCRZlbXyV660,Về Nghe Mẹ Ru,NSND Bach Tuyet,VN,2
1n5vwy1usk9prr2Yuh9Lt8,Có Lẽ Anh Chưa Từng,Only C,VN,2
4aIrVhmrJHTnklK2wRxK11,NO LOVE,RAP VIỆT,VN,2
1efLujNOuRkB1zwpNKGeea,CÒN THỞ CÒN GỠ,RAP VIỆT,VN,2
6Zt20XamCzXeAC38401oso,Càng Lớn Càng Cô Đơn,JayKii,VN,2
4Wc98oLOg1IuVCGqIhTDVj,Mình Là Gì Của Nhau,Lou Hoàng,VN,2
39FVuCV5zsWGVsmw7utaUJ,CÁNH CỬA VÀ NGƯỜI ĐÀN ÔNG,RAP VIỆT,VN,2
0HeiYo9WwMT8ujirrWzarf,SOMEBODY,keshi,"KR,VN",2
6Sj5Gf5PE2VVZs6WRYReKS,Chọn Bạn Mà Chơi,Rtee,VN,2
4KjASaPtCvRJ4YArYpz6je,Strange,Agust D,"KR,VN",2
1Hu38aQQgK4WLF1SGCmxcJ,Downtown Baby,Rtee,VN,2
0oVWgjtymHKFBLsflvDg7l,Nhìn Vậy Mà Không Phải Vậy,Orange,VN,2
569B75eNRVDABuNz286Npc,Đìu Anh Luôn Giữ Kín Trong Tym,RPT MCK,VN,2
4bTID1qPjca9WuTZGkGRKE,28,Agust D,VN,2
5rvn7zGZYmFDq27Y2P7tPu,Tết Real Khum?,Wowy,VN,2
0ILLzffYNqZih4UcS4ZXIm,Hết Nhạc Con Về,Duy B,VN,2
5TJohyIwsWZnsvH2FmuFyN,Ngủ Đi Để Thấy Nhau Còn Hồn Nhiên,Hoàng Dũng,VN,2
1X0cRJUAsFhEnaBhs4H7Yj,Mộng Du,Chillies,VN,2
43mnNatwMMydJ4CxMdQVnJ,"Farewell, Neverland",TOMORROW X TOGETHER,"KR,VN",2
7kOkCq8MPpSciLHQiKliJs,Hương,Văn Mai Hương,VN,2
4sccoCUvKgarfGmvfAWoVV,No Internet,7UPPERCUTS,VN,2
5qJF3xMbNjsPuqQDRkfUl1,Dear my friend,Agust D,VN,2
3LlEZ4J1ORcgP1WmTF9pIX,Nói Dối,Pháo,VN,2
6lBrTMmXE8XtnPNQdUocSo,Tiến Hoá,RAP VIỆT,VN,2
0gwKIieG4w3IZHVPb7XGPw,Dive - KR Ver.,iKON,VN,2
43T0YSkbVXO2gBTJriZhdU,ai buồn giơ tay,MONSTAR,VN,2
0MOxfxgqBnCmy63x58ChdP,Đừng Tin Her,B Ray,VN,2
3y9LcWrqeDqNpGRVT4OJEc,sao anh chưa về nhà,AMEE,VN,2
77LZvE2XLYn2AW55UxIG8H,Happy Fools,TOMORROW X TOGETHER,"KR,VN",2
1lNJbioKb7Zue9sf2wcaWN,LAVIE,WEAN,VN,2
7cglinrg7CaX0X93Lxsc0b,Thiên Hà Trước Hiên Nhà,Datmaniac,VN,2
6SiVDtUuESkBzjUl2raZkN,Da Lau Roi,Cheung,VN,2
5hQSXkFgbxjZo9uCwd11so,False God,Taylor Swift,"US,VN",2
2BHDOJZCAvJ4JZT4AsYmwd,Túy Họa,K-ICM,VN,2
6SqOpxXMMS8axhJoqz8Nel,BOY,TREASURE,VN,2
10ImcQk9tihY1EKMDIbvXJ,To Be Loved,Adele,"KR,US,VN",2
1Kw6A6tQnEI82QVSdWL2ev,Gu Của Anh Là Châu Á,RAP VIỆT,VN,2
67XDF7KTKW0aBj1Sj3gi6x,I Don't Know,WEAN,VN,2
7vJS1DPc3FzBtqBs8n3mW5,Bad To You,Ariana Grande,"US,VN",2
0PUkanqCGTb6qseXPKOw1F,I Don't Think I'm Okay,Bazzi,VN,2
4AYtqFyFbX0Xkc2wtcygTr,Soon You’ll Get Better,Taylor Swift,"US,VN",2
2JZPlXE8c0oLZoCsqFFmgo,Dynamite - Poolside Remix,BTS,VN,2
2qI0Uchpdc2RkzuhbRnnZ8,Can't You See Me?,TOMORROW X TOGETHER,VN,2
55PY9Ns2ordQceP1eqltNN,Thế Là Tết,Đức Phúc,VN,2
4zazrdH47Bkgunb3riXVlJ,I LOVE YOU,TREASURE,VN,2
0E13SojrSD7WpPyvzqZaKR,Anh Đừng Đi,Lyly,VN,2
605Ny4xVontWu5MKpfe3Wl,Một Triệu Năm Ánh Sáng,Vũ Cát Tường,VN,2
3G1fVPBoTuw2T3p9xnFcMg,Tết Về Sớm Nhé,Phan Mạnh Quỳnh,VN,2
09u787BYeYIGd2mFIJ505t,Cry Your Heart Out,Adele,"KR,US,VN",2
2MtRG3dLVn8DymzMPoRDuU,Tương Tư,Táo,VN,2
7u0Rlbd5CVJhiUHMipovPH,Chưa Từng Vì Nhau,Karik,VN,2
0EMD15EVNwDlgGH2CH6ZEL,Ridin',NCT DREAM,"KR,VN",2
27RL5VLQz9RnSLo3R7vRZb,Chuông BÁO THỨC (Sáng Rồi),Ngọt,VN,2
496vIKS2INz840xZaKncvR,All Night Parking,Adele,"KR,US,VN",2
6nwPpjXk97fYF2aOUq2fcp,cô đơn sớm tối,Phùng Khánh Linh,VN,2
129tzbtZ8PRLVo33ymZigS,Anh Vẫn OK,RAP VIỆT,VN,2
2Pgv8ThZruhUSi8z3cTYnJ,(Sau Đây Là) DỰ BÁO THỜI TIẾT (Cho Các Vùng Vào Ngày Mai),Ngọt,VN,2
7F17i7f7tfJlDXPie58l4X,g9 - Outro,AMEE,VN,2
1SmiQ65iSAbPto6gPFlBYm,It’s Nice To Have A Friend,Taylor Swift,"US,VN",2
6bGMSP3H9YqkmaLnaJTIoF,Hold On,Adele,"KR,US,VN",2
4IQkfUsrwXol38VV3U7t7T,Run,Taylor Swift,"KR,US,VN",2
5Fx6NM1LIdv7ll0LtwHwbf,Hạ Còn Vương Nắng - Lofi Chill,Vu Trung Quan,VN,2
1dLXLETYiZohIZWnse4ypG,Better,ZAYN,"US,VN",2
0O22hXRIdbyrnMQk7VldC9,Punch,NCT 127,VN,2
60M8FSYZP8MA0Wy2huOADL,LA DI DA,EVERGLOW,VN,2
7fK0csBoqbcgUuWGV0cpoD,Obsession,EXO,VN,2
2c6xRsQBv7pynuhYhWoHxo,Woman Like Me,Adele,"KR,US,VN",2
0cTXvTgdpy5bfqh03r6wPG,(Tôi) ĐI TRÚ ĐÔNG,Ngọt,VN,2
6AtZLIzUINvExIUy4QhdjP,I Knew You Were Trouble (Taylor's Version),Taylor Swift,"KR,US,VN",2
1t3RSSFeh4fuE5Xsesv096,Phiêu Lưu Ký,RAP VIỆT,VN,2
7o0AuPw89jvh0GiRNQQffR,Mùa Mưa Ngâu Nằm Cạnh,Vũ.,VN,2
4sjQXeWDFxp4GVhVpZGpX2,Cùng Anh,Ngọc Dolil,VN,2
2j3GxEsbNYNeEzz86wDY4J,Love Is A Game,Adele,"KR,US,VN",2
1pJ2smpPxbfAYqPsrbcXFP,Dau Nho Gap Tram Lan,Nguyên Hà,VN,2
62yjCIcPBDX9v2XubelRxt,Bet On Me,Suboi,VN,2
6vZrJCQTnOkfdA08lOO7ZQ,Rằm Tháng 7,RAP VIỆT,VN,2
3AyLh4R4D3fQfyqCsTdFf3,See U Later,BLACKPINK,VN,2
3yII7UwgLF6K5zW3xad3MP,22 (Taylor's Version),Taylor Swift,"KR,US,VN",2
40nPimvmG05WYS7983bawZ,Cry for Me,Camila Cabello,"US,VN",2
0PaLXP1iIqdP58gHEiSvUV,Chẳng Biết Điều Gì,Emcee L (Da LAB),VN,2
6G7DuXoSGeAf6BZivJdEjF,달라달라 DALLA DALLA,ITZY,VN,2
2fJ70dRX7J4jiVxKUQQp7C,DUMDi DUMDi,i-dle,VN,2
463PQggkmk5tTw8ug0ahOX,The Other Side (from Trolls World Tour),SZA,"US,VN",2
4uBLaFDw6coxRWyB6pfgKY,(Bé),Ngọt,VN,2
6dGsBRuavumBs5BghcXF3D,Give You My Heart,IU,VN,2
60pJ6NR2JO29w8CHmF2aG3,dreAMEE (Intro),AMEE,VN,2
61HVbcNeRACZpyvHrc3AnD,All Is Found,Evan Rachel Wood,VN,2
5hff5RQeE84pznOt8WEWeO,Birthday,Anne-Marie,"US,VN",2
6DG3LXLQjz8Z9QvWGkf6gS,virgo,Jadu Jadu,VN,2
5YqltLsjdqFtvqE7Nrysvs,We Are Never Ever Getting Back Together (Taylor's Version),Taylor Swift,"KR,US,VN",2
16MQETUgqXwY4lZcyRafU3,Love Me More,Sam Smith,"KR,VN",2
6hLkeOMrhZ2CMLBp2of576,Wanted,OneRepublic,"US,VN",2
2MsNSKQNQNRklkKFxxvIav,9 and Three Quarters (Run Away),TOMORROW X TOGETHER,VN,2
3z6XUommYDWPHeFhmhhT6j,Message In A Bottle (Taylor's Version) (From The Vault),Taylor Swift,"KR,US,VN",2
2a3dopgTF1q4rMVDJ1rwBU,Push My Luck,The Chainsmokers,"US,VN",2
5XbA7TAqsD0fj0dGBrbb0D,I Heard You’re Married,The Weeknd,"KR,US,VN",2
3w9VRlKPvNxj40RdUGRweH,dorothea,Taylor Swift,"US,VN",2
6lzc0Al0zfZOIFsFvBS1ki,State Of Grace (Taylor's Version),Taylor Swift,"KR,US,VN",2
7BiEgR5r0yMmFoWC9kOTGf,DON QUIXOTE,SEVENTEEN,"KR,VN",2
1rY4wQxVlIdHAyD6CAjj2p,RU MÌNH,Ngọt,VN,2
2Wu7ahSQVJq1OdD43zdhPt,,JayKii,VN,2
6jmZlyf9DxcIoRrjw02YXm,Old Town Road - Remix,Lil Nas X,"US,VN",2
3S7HNKPakdwNEBFIVTL6dZ,Treacherous (Taylor's Version),Taylor Swift,"US,VN",2
1LdS1ULS9e18oW3M2C1MUj,"always, i'll care",Jeremy Zucker,VN,2
3o1CUVeHIid49sabk6A6Nf,Forever Yours - Avicii Tribute,Kygo,"US,VN",2
1XjHRolIXL2M1EEOUsGGR4,cowboy like me,Taylor Swift,"US,VN",2
6krYS8KtmNAYyb5uTZiYW4,Dawn FM,The Weeknd,"KR,US,VN",2
4u6Ib5oyD7dlz3xo0Ht7Gh,,Masew,VN,2
5YN0zHycJ0Yxz31A5QsVov,These Are The Times,Martin Garrix,VN,2
01qNYhckxucVq3VEytIbcG,Còn lại gì?,Vũ.,VN,2
6yE1ZSflbG8mIPtICmM3ig,Ơ Sao Bé Không Lắc,BigDaddy,VN,2
1jg9clsGCDqOumfS0X5xm9,Living Proof,Camila Cabello,"US,VN",2
1hP4QCP5yWtqrqK6iyh1Dz,Xin Phép Được Cô Đơn,Vũ.,VN,2
7tN0ceaX3JAz6aVtyXn9mn,Chills,Why Don't We,VN,2
7fftC401ke4BzA3ucPIXES,All about you,TAEYEON,VN,2
7vBNFh3NIZTj6tB5s1IBjE,marjorie,Taylor Swift,"US,VN",2
6uZya2oCjigBaM7uRhuGZ6,Khi Co Don Em Nho Ai,JUUN D,VN,2
0Dz7ssdlwxiLtgWCuxF9OH,Trời Sáng Rồi - Trời Sáng Rồi Ta Ngủ Đi Thôi OST,Nguyên Hà,VN,2
3VMiWCp61FygYAaPM8WkfL,Đau Đầu,Isaac,VN,2
3TGCkHnk2as7Uxd5OeHOU9,Có Thể Là Tại Sao?,Vũ.,VN,2
4dwwfiOzRNlKNUSgfx4Z2k,Outta My Head,JEON SOMI,VN,2
5RAYEUvggcL8YdODsu5w35,Con Gai Nhu Em,Mỹ Tâm,VN,2
3XoflnowYPFRPOh3uFvHcm,Selfish Love,DJ Snake,"KR,US,VN",2
6FuGJB290AQMAHTfjOYVaK,"Mood (Remix) feat. Justin Bieber, J Balvin & iann dior",24kGoldn,"US,VN",2
5RhFmJifQe83FpQ6ZFFTZ5,"I am not a woman, I'm a god",Halsey,"KR,US,VN",2
6zGPytJiZmFuyVq7RTNO9G,Get Me,Justin Bieber,"US,VN",2
4fR6oYtlMOiVmCUJGuJTYh,Tinh Lo,Lệ Quyên,VN,2
6T6D9CIrHkALcHPafDFA6L,Vibez,ZAYN,"US,VN",2
4XZxalvnG4Yo8YZLuiT1kV,Tough Love,Avicii,"US,VN",2
4YXKVaWzHaVyDq2pVS5cgR,Proud,Marshmello,"US,VN",2
54Hx3tZnpjd9F8X60YYdPM,"Hành Tinh Song Song, Pt. 2",Vũ.,VN,2
6JqpFboOH2bq9pzaYbkKBn,R.I.P.,Sofía Reyes,"US,VN",2
3MhcevYY8fyxliwiLqw1FA,Da Lo Yeu Em Nhieu - Original,JustaTee,VN,2
0BpYqwnOgzzcTM1B8rFSkP,Rơi Quá Khứ,Vũ.,VN,2
6EbuJBDcteJbAhHq4n288W,Một Đêm Say,Thịnh Suy,VN,2
4IvYOjLfnv5aUFrZc8xwVb,Dung Ep Toi Uong Ruou,Da LAB,VN,2
65wvbMx87q6IHOBWTKAhWr,Spring,Park Bom,VN,2
2o9LAypwGH4ctV0i9boo6d,Come Around Me,Justin Bieber,"US,VN",2
507tQXutCPYNFkpOq8tmKF,Don't Worry Bout Me,Zara Larsson,VN,2
3MpwwsTFVtbEunR1dUMJUc,DNA (Pedal 2 LA Mix),BTS,VN,2
6MmA4x5xhjZODiULZf0ujS,Đổi Thay,Hồ Quang Hiếu,VN,2
3ih6rxgO4gNvJY4z6XVaEf,Lắng Nghe Nước Mắt,Mr. Siro,VN,2
2U6RSyXFnDVNYoD9iUgi09,Bomb Bomb,KARD,VN,2
3LcJPA0Iz2PDHLtQk5ewP9,Trái Tim Em Cũng Biết Đau,Bảo Anh,VN,2
7t9QsMH2wmu2Cx9pCLksht,Yêu Chưa Bao Giờ Là Sai,ERIK,VN,2
4LkNurbbROI94ZpTagpXJC,Những giấc mơ dài,Mỹ Linh,VN,2
096hrPBPEtvHbJg1N8mOfP,,Như Quỳnh,VN,2
6rcn967QN5JtkPOBDwYIuT,BOOM,NCT DREAM,"KR,VN",2
51wrmElSLxFzc0vSQPeTxs,Where Were You In The Morning?,Shawn Mendes,"US,VN",2
1pfgsjmxVZhoZpeDx6POKv,Bones,Galantis,"US,VN",2
6uHoPVdPEqXlH1Kd3KqTIJ,I’M OK,iKON,VN,2
6muOWhMh7Tf0UFUtMDBhUR,Orphans,Coldplay,"US,VN",2
1PfUKiMDKIlPEF9FfdJawc,hope is a dangerous thing for a woman like me to have - but I have it,Lana Del Rey,VN,2
3EuOQ0v6LxsNFSf3BF5wrw,Mot Nha,Da LAB,VN,2
5jCI806RxsJtOtoucjzYGp,Ánh Sáng Đời Tôi,Thu Minh,VN,2
18ssFhD04lWo1RzpcohnrG,Anyone,Demi Lovato,"US,VN",2
4Tvw0lweq9l2JPQKFbpbBQ,Better When You're Gone,David Guetta,VN,2
3DPkMPJ1rUrMgXGUwtpMuV,Vũ Điệu Cồng Chiêng,Tóc Tiên,VN,2
1J1p6A3mObvLDtHsvWplC9,Sao Em No - Original,JayKii,VN,2
4jtFwhZOqiZOuhteLWa0nA,,Trịnh Đình Quang,VN,2
421eObjg0DTm2qajJl5OJm,Into the Unknown - Panic! At The Disco Version,Panic! At The Disco,"US,VN",2
3FBk3DcCOC5gkhX50rbHbC,Magnetic,Strange Imagining,VN,2
6gwjsbT8PCGMUtHSNIXfyP,A Lamenting Song,Max Richter,VN,2
2tnBkiyJWLnQGsjyz4BuJJ,STAY - KR Ver.,BLACKPINK,VN,2
7jvvFlL3CetuZv9QJqrAXR,Lại Nhớ Người Yêu,Ngoc Lan,VN,2
3WDIhWoRWVcaHdRwMEHkkS,Mama,Clean Bandit,VN,2
3RIgHHpnFKj5Rni1shokDj,Norman fucking Rockwell,Lana Del Rey,"US,VN",2
5TyCTVsBsHeeutZcU2uP5s,Home,SEVENTEEN,VN,2
7mWcoztyPVDjYxErcYPJjY,Tinh Ca Pho,Quoc-Bao,VN,2
3bAYYNg2NpyeXvMKGoy71L,Vẫn Đợi,QUANGHUY,VN,2
2WusoL0p5HmFzhR5DLGUVx,Lady,EXID,VN,2
32ve5FYPLF7h1GDqC4lu4J,Neu Chung Minh Cach Tro,Che Linh & Thah Tuyen,VN,2
4oqm7XzkfEJI7vlhaBE7UK,Lạc Giữa Nhân Gian,Ngô Kiến Huy,VN,2
36lU6TzOMouiIo151hg1Ig,Yêu Dấu Theo Gió Bay,Hien Thuc,VN,2
5Zpe48RJ5Vs1YuFRodYdeS,Game Over,Martin Garrix,VN,2
7jhlKPpAUqgV1m6AOTO19U,Too Much,ZAYN,VN,2
1e3JUGxqyfe94XBFnWdP11,Talisman Stallion,Bela Nemeth,VN,2
0R4oywOD4wsKOoxnjFUL5y,AIR,WINNER,VN,2
5rBZF2fl4Avi4K0tvrQ0YF,Fingers,ZAYN,VN,2
3IktbbAbZqczBDQxCoJOyP,Spring Breeze,Wanna One,VN,2
2sMgXJCjURi8Y0I4Qp0hh1,,Trịnh Thăng Bình,VN,2
5WAD7GRAHPQUy9Il1hM7wL,Bracelet,Lauv,VN,2
0Q9vERfeSuxNbEOUDJGA0h,Muon Di Dau Xa Gap Ai Do La - Original,Đại Nhân,VN,2
6oDX7N6VnXSyLdyGsDP5jV,Something New,TAEYEON,VN,2
6aoGtdWXBkYQ2O2wnyIz2x,Not Ok,Kygo,"US,VN",2
2VVqxQhALecXvaArlZSVXr,Lo Siento,SUPER JUNIOR,VN,2
24SQSZdpLwtPkfKeMj5kD0,Mới Đây Thôi,Phùng Khánh Linh,VN,2
0w8hawIcpRaOLKVnFs8Abe,Goi Em Di,Đông Nhi,VN,2
1pIMxRddmCGalHnRbLFkWg,Have It All,Jason Mraz,VN,2
003eoIwxETJujVWmNFMoZy,Growing Pains,Alessia Cara,"US,VN",2
5mTJcvxRxq3uF5wUjjciDw,Lucky Strike,Troye Sivan,VN,2
50bmtRopDv1lmxhq5yI61S,Roi Bo - Original,Hoà Minzy,VN,2
3I1RVszVaaMrdXrS3RGWpX,Doi Thay,Hồ Quang Hiếu,VN,2
2rNOpPhsHR0Hpdr14PWM6u,Chuyen Hoa Sim,Dan Nguyen,VN,2
6SLMyJPRTh2zCX9SJJHTZQ,Written In The Stars,John Legend,VN,2
7bu8i7HwACY0m1H5lXFSpw,Meant to Be - Acoustic,Bebe Rexha,VN,2
5KGTKwOePys7aH4o6EzXEP,I'm Still Here,Sia,VN,2
2QeKmU5YzNGGArU0s9jLke,Đắp Mộ Cuộc Tình,Hữu Khương,VN,2
6e2PtJYcltVk76nLwxBzRn,One Day,Logic,"US,VN",2
0o8Me8RJf5MaDENCh3pWHD,Em Mới Là Người Yêu Anh (English Version),MIN,VN,2
17yZuELUrVRZaGkeWrVi76,Loanh Quanh,Mademoiselle,VN,2
5eRo6g2COIM4OE3UEHMA4g,Heal Me,Lady Gaga,VN,2
3WKnfkgwrARwElktHSU5Ik,La Vie En Rose,Lady Gaga,VN,2
54EFFF1yDIN0uPTa0GERsp,Em Viết Nên,TRANG,VN,2
1OvwmUN6NBbwn1msFw1biQ,Mân Côi,Linh Cáo,VN,2
6yLggmxuoQevDRGRdO4f0J,Hồi Ức,Unknown Artist,VN,2
3otAtzQb3f7adNdiCgdECo,Starving - Acoustic,Hailee Steinfeld,VN,2
1kznDMHz1kpzk7sMYIkrQ5,Thinking Of,SHAUN,VN,2
2dKJ58ulM3MN7FxmGRscE8,Như Giấc Chiêm Bao,Tuấn Hưng,VN,2
1VjQaJyjsnq5larEjhRcAM,Vì Người Không Xứng Đáng,Tuấn Hưng,VN,2
5xgYmoQpLz2IeavYzpDVtm,Thanh Pho Sau Lung,Dan Nguyen,VN,2
2QBk6HiFiv2exuwGaupOoE,Girls Like You,Maroon 5,VN,2
1QAhYSzRkWZCeObevQ7B0V,Dumix Class A,Tim Binker,VN,2
5M4mOGs6mLUReuJknjzdLI,Dumix High,Tim Binker,VN,2
0JyLLZpbWFcY1EZn4v9DBO,Dumix Trap B,Tim Binker,VN,2
1OefKIXqITs8wWfnYUcpxX,Dumix Band,Tim Binker,VN,2
2BX8ryIFtWGXNqPEtlh7Rb,Loi Chua Noi,Trịnh Thăng Bình,VN,2
4ZPPRN9VShItZlgY30kNkm,Về Với Anh Đi,Andiez,VN,2
2GGGm4MLQynB3I4E4ycIYC,Drink About,Seeb,VN,2
0v2LUO8oTHnkjQ8MmKuXyk,raindrops (an angel cried),Ariana Grande,"US,VN",2
5YeHLHDdQ4nKHk81XFWhCU,successful,Ariana Grande,"US,VN",2
6B3zy3LOKHndqsviCr2z15,Em Calls Paul - Skit,Eminem,"US,VN",2
7tGEAA1f8MydT7eVbbO9Zy,WHEN I WAS OLDER - Music Inspired By The Film ROMA,Billie Eilish,"US,VN",2
7u6DMPznGbpziuEgCE0JGQ,get well soon,Ariana Grande,"US,VN",2
3NbTQ8ZbHU6MSEVUFAVCJ9,better off,Ariana Grande,"US,VN",2
1VxEaXbIq3xAvqh80xP67w,JOLENE,Beyoncé,US,2
5nk6BxN9bM5rLNkA3pMOzn,Tweaker,Ball Brothers,US,2
53KaP77tkliz36LPxWGlWK,Fear Of Heights,Drake,US,2
5zyZM1EiSqrniyqtprwxpv,Falling Back,Drake,"KR,US",2
5p56JT5F9a1z9pwXnqTg7d,Worldwide Steppers,Kendrick Lamar,"KR,US",2
0RAvy97QRPzO2AfK5Dw6j3,We Cry Together,Kendrick Lamar,"KR,US",2
2ByBBvpR9b7IynvRmnG7kG,Clean (Taylor's Version),Taylor Swift,US,2
1DTRUYVd8rYpla9hhVVwjo,The Manuscript,Taylor Swift,US,2
3MytWN8L7shNYzGl4tAKRp,Sparks Fly (Taylor’s Version),Taylor Swift,US,2
7s7v5EoNLD6TwDu4Nw51Oy,Are You Listening Yet?,Harry Styles,US,2
55u5QIlEuzCipJBtZPdJio,Renaissance,Eminem,US,2
43y1WpBdnEy5TR9aZoSQL9,I Wish You Would (Taylor's Version),Taylor Swift,US,2
0rNgWFQJtfttOYIHfDOHCg,BACKD00R,Playboi Carti,"KR,US",2
1GpWY5RiInhezB8wGWs6oN,7969 Santa,Drake,US,2
5SIvP6TdWc9DNvKbENjnYc,PHILLY,Playboi Carti,"KR,US",2
401160izncPtca3CmX3dvM,Purple Hearts,Kendrick Lamar,"KR,US",2
0Mrnt1YqVuW2bqmwu4VxDt,Amen,Drake,US,2
0NwGC0v03ysCYINtg6ns58,Better Than Revenge (Taylor's Version),Taylor Swift,US,2
2CnjDMdpRjlWv04Xk3s6MW,Robin,Taylor Swift,US,2
57ZUX6TNyKLBydAdVVd02x,p u n c h i n ‘ . t h e . c l o c k,J. Cole,"KR,US",2
0tV6LXuVzJR4yifqwQuNwN,The Waiting Game,Harry Styles,US,2
3pv7Q5v2dpdefwdWIvE7yH,Shake It Off (Taylor's Version),Taylor Swift,US,2
5In8B6Om5OKrhwBMB4tXSi,Fuel,Eminem,US,2
1zU8j1x3yi9xalMF96pzKp,Dear John (Taylor's Version),Taylor Swift,US,2
7I3RalBqE7ZE0RSxgGlGlm,Habits,Eminem,US,2
3WRUvGqySBZC6RkB5c2w1S,MOJO JOJO,Playboi Carti,"KR,US",2
4ABYxlb92WBIjHu7TIKmml,Castles Crumbling,Taylor Swift,US,2
70ToiXlzl8N1EgfC07ZcZE,Ice Attack,Future,US,2
1xO3PpGchMqMmmF6OEtH5Y,Make Them Know,Drake,US,2
2XcmjSdYqdhFjyWFdbnBaY,Little Birdie,Drake,US,2
2ve0kuaWUCt4Zx8x4bf1MR,Wonderland (Taylor's Version),Taylor Swift,US,2
2f0GI2ZLUtbGqFx8t2Gk6A,I Know Places (Taylor's Version),Taylor Swift,US,2
5xXqyjLicvEpch72qEryFT,Speak Now (Taylor's Version),Taylor Swift,US,2
73ycOMnODtUc2Ggj6EfCpO,Make Them Remember,Drake,US,2
1jDbQz6tr52WgScCTXMnaN,POP,Lil Uzi Vert,US,2
75W3SngKzTuoQ94uLf3y82,How You Get The Girl (Taylor's Version),Taylor Swift,US,2
5IvdLxVB8gwwcgnEkXSSW2,Dark Side Of The Moon,Lil Wayne,US,2
0VV0AMmgLBUhzuFedr3F3e,Dance No More,Harry Styles,US,2
1DAibqbopEYULPEtE8WHTE,What Would Pluto Do,Drake,US,2
4UwqOWDpdeIDVQDuKT6iza,You Are In Love (Taylor's Version),Taylor Swift,US,2
64FzgoLZ3oXu2SriZblHic,Bad Blood (Taylor's Version),Taylor Swift,US,2
6GteP2UCnpHRWSZTL63QHe,Season 2 Weight Loss,Harry Styles,US,2
4e3ZNTAV6PCrdYMUrUlMpQ,Electric Touch,Taylor Swift,US,2
0zo975x58DlXbZllWvfYhg,When Emma Falls in Love (Taylor’s Version) (From The Vault),Taylor Swift,US,2
4s8BIKx4Zh6ryAEz8RTlaU,Foolish One (Taylor’s Version) (From The Vault),Taylor Swift,US,2
4evMMKc2HD6fV9slMfgkMx,TOXIC,Playboi Carti,"KR,US",2
3JZjcKImHcmOI9ylL4zrSc,Bahamas Promises,Drake,US,2
1eaqMiiUn2P7MnqJK4XeK0,TALKING,¥$,"KR,US",2
4HMUrFl8y6rQCzEbaGEkcj,Somebody Save Me,Eminem,US,2
72PVbRKkUimweUPV0nKAPs,ALL I CAN TAKE,Justin Bieber,"KR,US",2
3IHt4j5uAEl7iBu8Utn985,Tried Our Best,Drake,US,2
4jXl6VtkFFKIt3ycUQc5LT,Circles,Mac Miller,US,2
3LJeR75SmszOUSvE1qNZDF,BLACKBIIRD,Beyoncé,US,2
79mFFAOYcG8ZF6AN1JecAL,FINE SHIT,Playboi Carti,"KR,US",2
0lok0VDJn0zRvHLBCITSSw,kiss me,Ariana Grande,US,2
7uqcLJFlSYjVPLUz1vPxkY,Guardian angel,XXXTENTACION,US,2
5MMW4CZsZiZt2iuqAXzzWC,The Heart Part 5,Kendrick Lamar,"KR,US",2
77pfjsq0gSZwO8bYVTVROo,Brand New Dance,Eminem,US,2
00iLTetTLAeImmBlh6jOJh,K POP,Playboi Carti,"KR,US",2
6YAxCn4juTWn5hWl2hzHGw,You Better Move,Lil Uzi Vert,US,2
0K9tfzrxJyCQIf7oAlPwaK,YA YA,Beyoncé,US,2
6q2PbvM9UEig4r8xku7VIb,HBA,Playboi Carti,US,2
30Y4CV7A6YqtQtTTo7Ue4j,Mean (Taylor's Version),Taylor Swift,US,2
7a5fliY9SsZENrQWQBZron,Texts Go Green,Drake,"KR,US",2
70cHKK8bHAfJrOGVnfRG9J,Nicole Kidman,ADÉLA,US,2
3QuRLv8zkIYH31O5VgEpmo,Carla's Song,Harry Styles,US,2
5ScbulRnixQ2XAdvrPMFjz,Get Along Better,Drake,"KR,US",2
0QltPqkR4dnhbINyBOU5SY,stay,Ariana Grande,US,2
0hhzNPE68LWLfgZwdpxVdR,us.,Gracie Abrams,US,2
6xRWoYwfwIKnT8bQGzKbxR,God Is,Kanye West,US,2
6dTA6y0C2ReQklntzZl8l3,The Story Of Us (Taylor's Version),Taylor Swift,US,2
2SjnvpedDUU0Ga69bxnoCa,ALL THE LOVE,Kanye West,"KR,US",2
5DZOKNtaoVEssXu9ltcMjx,oh well,Ariana Grande,US,2
0O6lm9N6qJclxNFHl51nkr,Hoe Phase,Drake,US,2
1HCdems7PQZRj42QDWLA0A,Timeless (Taylor’s Version) (From The Vault),Taylor Swift,US,2
0pvZCv4JOS5WBu7JITYef6,I Hope You Find Your Way Home,"Tyler, The Creator",US,2
1xzUQMiCoY5pdego0pHMeV,She Knows This,Kid Cudi,US,2
5UcUppRaEIBMIHXiUFl7LI,SPAGHETTII,Beyoncé,US,2
6QletrrmpkUpeJkipX9pgf,Cha Cha Cha,Bruno Mars,US,2
27a8HLPwti6tmgQ6FR8aVI,DAUGHTER,Beyoncé,US,2
0bxRSMz5WY1VuMmOhanE4b,Baptized In Fear,The Weeknd,"KR,US",2
2GLWhy9iiO1wrLUF5l4FtJ,Slimed In,Future,US,2
1dPNJDYuW9QAtkOpK3eBvO,God Breathed,Kanye West,"KR,US",2
1sVBT215CDmVJvfy1E2OCU,God Was Showing Off,Bruno Mars,US,2
347AQK5Lyhn6RvB8tBGYxt,STARS,¥$,"KR,US",2
454Epa1vrCGFddHXKyC1kb,Water,Kanye West,US,2
3aUFrxO1B8EW63QchEl3wX,Feel The Love,KIDS SEE GHOSTS,US,2
1WnqWQcWcuQbVzgE7ecfCY,Every Hour,Kanye West,US,2
3WgFhZfyk5nb6v7hkwPmD4,Mommanem,"Tyler, The Creator",US,2
2AwyHlbA6f641SEkizD5JG,Dope Niggaz,Lil Wayne,US,2
0LutvoC2HqCfnaRSjrhtzo,WALKING AWAY,Justin Bieber,"KR,US",2
17IBDpAl3J39swaoPlfGpp,Another Late Night,Drake,US,2
2VtgzixdB967bHDNu5A1nh,Metro Spider,Metro Boomin,US,2
1aF9TeHZbe6OVo9dtjPuzK,Junya,Kanye West,"KR,US",2
5547x0ZawobhfSeh2QKAca,O Holy Night,Céline Dion,US,2
1PIgY9ybyFT9uWLM5POYGY,All The Parties,Drake,US,2
4mUR5Tv0CvJtpmnUtzeIgd,Garden Of Eden,Lady Gaga,US,2
24FUBxaAYSBlWsbSnEzDcn,Members Only,Drake,US,2
1IF3hx6HU46Pitm0dOdVJO,Stop Playing With Me,"Tyler, The Creator",US,2
7zvfDihYiJ8RQ1nRcpKBF5,Mr. Morale,Kendrick Lamar,"KR,US",2
03rwnftfgpYVO6QDWOZcG6,Drew A Picasso,Drake,US,2
7DBFslKWQzoRgO0HBBkL3u,24,Kanye West,"KR,US",2
4axYWgXASdsCBHuwInAubT,I don’t let go,XXXTENTACION,US,2
0BCWfP8NXjwmINTW1MyMu1,We Go Way Back,Noah Kahan,US,2
0nAZGkBGKQCXyaoSJfRhC1,A Keeper,Drake,"KR,US",2
4Mteyd60tfstDuzfkGqXx1,Too Late,SZA,US,2
2pUYbyOIOSfDfsnCR3KceZ,Jake's Piano - Long Island,Zach Bryan,US,2
6MFSqc8pzXlwfzXqWZEKd4,big feelings,Ariana Grande,US,2
1ODFVLQszq0hCOdZtqV5wq,MR. OCTOBER,Bad Bunny,US,2
1j8TmNa6vaFAEAws43kP0Q,THINGS YOU DO,Justin Bieber,"KR,US",2
74NI58MQexwZjNu1Gu6GjT,Far,SZA,US,2
1097cG16gzkhlPgkUt6KA0,CHAMPAIN & VACAY,Travis Scott,US,2
0lJNSfWnwJMIh94Dv9jQUt,What Don't Belong To Me,Post Malone,US,2
4hqJ4bSlYJOXb6Z4SRmzxs,Long Live (Taylor's Version),Taylor Swift,US,2
2DnH4XlEkghUdE8ymdVom5,Open Letter,Lil Wayne,US,2
1rQEgtQNsj63xIUzEmKbML,DUMBO,Travis Scott,US,2
4YiY551vHi6glMtgVxuqAy,c l o s e,J. Cole,US,2
1UsQe17Ef7tV1ahFqHEFR3,Walk Em Down (Don't Kill Civilians) [with 21 Savage & feat. Mustafa],Metro Boomin,US,2
6Otmq7JokHh38wKSqUimcS,Tradesman,Zach Bryan,US,2
5NzfnUyVaNrxa2VtoyBWlR,Tennessee Numbers,Morgan Wallen,US,2
18nzftpeT2fUyazRK3rDek,Headed North,Noah Kahan,US,2
3R8CyhJfVjvgIROd5RSGhQ,I Can See,Mac Miller,US,2
0q2vG0UVuy6ajjcpkQHdZM,Unaccommodating,Eminem,US,2
31bsuKDOzFGzBAoXxtnAJm,I Guess It’s Fuck Me,Drake,US,2
5SiZJoLXp3WOl3J4C8IK0d,Darkness,Eminem,US,2
2iGvsJuc2mC4mDVOVMNAP6,DO IT,¥$,"KR,US",2
3RkNXZvOSMMElmmXztDc94,F*****g Fans,Drake,US,2
55srcWA7TioKV0LZVNXltY,never get over me,Ariana Grande,US,2
4OmFmE0fzcMG6g0Y8p4eSD,Better Man (Taylor's Version) (From The Vault),Taylor Swift,US,2
0stJVUUSrbEwyFHOp2dRu0,Open Hearts,The Weeknd,"KR,US",2
2Yv2mHzr5AQavVdwQjEokV,Hand Me Downs,Mac Miller,US,2
0DA8aZZvG73AijDYT00ki1,bloodonmyhands,Tate McRae,US,2
44IXD2J5yyr7PpOZzz2cmQ,Fear and Friday's (Poem),Zach Bryan,US,2
4qvsNsA4gQKC9HLrmPC2Vx,TRIM,Playboi Carti,US,2
1F6nHHDJyTHLgDDFj1ZZDt,SOMETHING ABOUT YOU,PARTYNEXTDOOR,US,2
3uayvzcbqFydIbgUeC6EJh,closure,Taylor Swift,US,2
2cH8wHImerFokgmhjyhCTU,Huntin’ Wabbitz,J. Cole,US,2
46mT9NR7N9Zf5MolcrBgE3,Chrome Heart Tags,Lil Uzi Vert,US,2
2Ej3iV0nulryy9S3UQvjSx,Hope That’s True,Morgan Wallen,US,2
6zZvy88xp6FIjJKhqwnJeQ,WNBA,Drake,US,2
56k68P3bFQvnKw89hizJFZ,Paint By Numbers,Harry Styles,US,2
2IwbW2jd0Ncv99Aroe77Ru,Crown,Kendrick Lamar,"KR,US",2
7r6aR2f57resC5r93LwMfK,Hands On,Kanye West,US,2
5DRS7YEe1bwGJLDGviT3CD,Don't Tap That Glass / Tweakin',"Tyler, The Creator",US,2
6qAcApH8obo8eqatCKUHd9,Bad Blood,Taylor Swift,US,2
2K7sv1mno9PvbXVBpqvSKn,sneaky,21 Savage,US,2
51RN0kzWd7xeR4th5HsEtW,IGOR'S THEME,"Tyler, The Creator",US,2
4Jc7252S1P99DjQ1lNGEOc,CYBERTRUCK,Bad Bunny,US,2
3E9IzxNXsk7yFfc1SHpiG1,"Dum, Dumb, and Dumber",Lil Baby,US,2
2Hc1LaV6bzFil3dE71eORA,Aye,Lil Uzi Vert,US,2
4CcozggmhXmndssEDH6YHR,High Road,Zach Bryan,US,2
0Shd736f6A7tJxzCTUI69X,Spoiled,Noah Kahan,US,2
7sT7kZEYd1MrmzLLIRVZas,Calling My Name,Drake,"KR,US",2
05aZ9sAU1YXndHv0FMi9iW,Demons,Drake,US,2
3NhstUmrlhaN1M6hP8zMbb,BABY NUEVA,Bad Bunny,US,2
3NtCIBBz5pEAVGeHL4h5mS,TYRANT,Beyoncé,US,2
3WfSNAoj2D8C9noPSGZZFM,Complicated,Mac Miller,US,2
3nQ24dxqvxZEVwlHTeuLz0,Sympathy is a knife featuring ariana grande,Charli xcx,US,2
4mHM5d2fK3n8xgymjf92w2,ordinary things,Ariana Grande,"KR,US",2
6pYNq0ZwpPVazKzsqpf0G8,The Very First Night (Taylor's Version) (From The Vault),Taylor Swift,US,2
7IaeavdRzXYQWfu2Wt5GlU,Currents,Drake,US,2
23d8v6tU6lR77pFKsApMtF,NADIE SABE,Bad Bunny,US,2
2gyHr9WqZeMtzJOpWGuGo6,Reflections Laughing,The Weeknd,US,2
2N9LEu6Pf8nDcp3GjWJT1Z,I Can't Save You (Interlude) [with Future & feat. Don Toliver],Metro Boomin,US,2
4wBcaYqLPm7EtDVoJQORU4,Bust Me,Lil Uzi Vert,US,2
47yD0e9MCRIB8dgUXPfyW3,pop ur shit,21 Savage,US,2
6QhsCYcFdfyMbPWCiViI8K,freak,Ariana Grande,US,2
0fyP96TikhD9sM4eKqw5Yp,dangerous,21 Savage,US,2
6zJ68ym0Buv2TpuUu8tw9A,HELICOPTER,A$AP Rocky,"KR,US",2
6myUpr3GDR80Dg3zqNTmmG,Another Day,Kid Cudi,US,2
4zK082ykqJzJGzC64NXjp1,LIKE WEEZY,Playboi Carti,US,2
2jnezASa7o0lP6aif6VrIf,TEFLON DON,Future,US,2
0BeR2fJmYnKNn7IORw3GR9,warm,Ariana Grande,US,2
08F16baYbciTva9P4BvpiI,MAFIA,Travis Scott,"KR,US",2
1MTXYvJ9TSqg9x6WPCDx2n,3AM on Glenwood,21 Savage,US,2
105Fwh9wijwT41rrfgSnrE,Dangerous,Sleep Token,US,2
6iXgIXqpqn13pbw0ZUhf0E,Purple Gas,Zach Bryan,US,2
4FUQtedaG22FWZ6lGyRApm,Rosary,Don Toliver,US,2
2y4ZR0BUAVePljHSsZyIgj,PAID,¥$,"KR,US",2
4ueTr01dkL360w1knfh21C,Oklahoman Son,Zach Bryan,US,2
1cCXT1cErAY6tmIqHbodrt,The Remorse,Drake,US,2
3Ac4AjYkqsvop2ydbSAhTX,Why You Wanna Fight?,Bruno Mars,US,2
2MIpkAQVJqQIDf9k4YWoHR,past life,Ariana Grande,US,2
4D2DFuqs2PwLiHbcf6CX47,Hampstead,Ariana Grande,US,2
4uoADk7q83CHvXHW3k1etM,OLYMPIAN,Playboi Carti,US,2
1vcJdUJDM2NVXBsGncmLyh,Keith Whitley,Morgan Wallen,US,2
01ppKlDRCmPpusO3yNrSRY,TELEFONO NUEVO,Bad Bunny,US,2
5EA2rqylBTFpUVQUKiWFXs,Number 3 and Number 7,Morgan Wallen,US,2
4zmXWmILSBkn7gTvIyCiNi,bad thing (bunny hop),Ariana Grande,US,2
0ubdf6zWT1It2saK41SkO0,Problems,Lil Wayne,US,2
2kZoOj1n5vk9BuF0sih58M,SOMEBODY LOVES ME,PARTYNEXTDOOR,US,2
7oHkit3F3vimtsBbnZkU0G,Fire,KIDS SEE GHOSTS,US,2
2H2ytI7ompfNmRkI2sq8Uk,I LUV IT,Camila Cabello,"KR,US",2
3SsJ17EnPIu1B4GZshqjIS,Feel The Fiyaaaah,Metro Boomin,US,2
46oHvXwpEZOFX518we1nJD,CORSO,"Tyler, The Creator","KR,US",2
2aw1aEAxMe05MZIS5XiK8U,In The Bible,Morgan Wallen,US,2
5fHrHoJKfCgBd35zwIBmUK,D4L,Future,US,2
2rvd6akG8qEtBNUvQpN7iY,How Bad Do U Want Me,Lady Gaga,US,2
7GRTrWsP3yo2Fx8umJfA1X,Freeee (Ghost Town Pt. 2),KIDS SEE GHOSTS,US,2
4JeD0FGslDsMeeahEGZa2L,DEEPER,PARTYNEXTDOOR,US,2
2r9CbjYgFhtAmcFv1cSquB,I Almost Do (Taylor's Version),Taylor Swift,US,2
6bOkaEXc5CopinGazSLokx,WHAT'S GOOD,"Tyler, The Creator",US,2
1E5Xu8dur0fAjSP1VpVhAZ,Best Friends,The Weeknd,"KR,US",2
4Xzq2WibDHR5Eufi21HlEZ,should've wore a bonnet,21 Savage,US,2
7zQirOExB0VR8yWUOqYeio,DOLLA SIGN SLIME,Lil Nas X,"KR,US",2
5LOiuvbH62YGtnwe6Ltt4T,Mirror,Kendrick Lamar,"KR,US",2
4uyBm26e7ElRigCH6vRbpc,DEVOTION,Justin Bieber,US,2
3ra4PQCtSVULClEqj2XXf7,Let It Snow! Let It Snow! Let It Snow!,Frank Sinatra,US,2
3Qa944OTMZkg8DHjET8JQv,Woods,Mac Miller,US,2
3aCPResPDNae3pXTocGpYe,LIL DEMON,Future,US,2
5eAR1QuDO23Em4r8o5yLul,Lighthouse,Noah Kahan,US,2
1YnChEM51BVZ5dRhbVFEMl,SEDA,Bad Bunny,US,2
4i4BVY2JiH4mDSLIBdNGKD,On My Soul,Bruno Mars,US,2
4NoOpkVBJsRB2YTiP9vRJD,Interlude,Morgan Wallen,US,2
3XbIhTYl6a0uXPyO43eiXa,Oak Island,Zach Bryan,US,2
4IlOyxGATYUp7YVy5zrSW8,Keep My Spirit Alive,Kanye West,"KR,US",2
3SIRBp4RRQ2AO5H4NO7xfq,VULTURES,¥$,"KR,US",2
6DDEfqOoLlasIbPdzboOu4,Signs,Tate McRae,US,2
25uMKq5kygC2woAfeetEfE,Nosedive (Feat. Lainey Wilson),Post Malone,US,2
57nOpVSc3j9o03Cr928ZM4,what are you so afraid of,XXXTENTACION,US,2
0wEC0GNF74lAqrEFZJMl1m,PUPPET,"Tyler, The Creator",US,2
5H4mXWKcicuLKDn4Jy0sK7,Time Flies,Drake,US,2
5lar0mCUejpILVkAz50s2J,Train food,XXXTENTACION,US,2
5JbnupagBhD0AanbkCELdH,"nowhere, nobody",Ariana Grande,US,2
6AyWdCtEn1DdxjnxPeojR2,Live Off My Closet,Lil Baby,US,2
5s6pKnF3ZPtuqvEx1i1V7U,Hittas,Lil Wayne,US,2
4HWDNZ1i6gyzu9tUbNhC2C,Revelation,Morgan Wallen,US,2
56JwgcQcxo08w7YXrBzrA5,Jesus Lord,Kanye West,"KR,US",2
3sJLoIc9y1b4gKAP8ZNsR9,SAFETY,J. Cole,US,2
7gHZGXSJzM29WA384suYY2,Secure The Bag,Lil Uzi Vert,US,2
1ZvBVbsaNqHEP6ymXaPGlj,Lion King On Ice,J. Cole,US,2
3HfKlhohNNTLIv2t9uvmzz,FEAR,NF,US,2
34sUWOEjFKrj8Rzk1HHicq,It Feels Like Christmas (Spotify Singles Holiday),Fall Out Boy,US,2
7f1w2rZoIf7g56McEUTh5W,Jail pt 2,Kanye West,"KR,US",2
3AD73lKeY2c9JhsHRqWkOw,KICK OUT,Travis Scott,US,2
2OcSE0EXzgUuqkM1NIJPHJ,Wasting Angels,Post Malone,"KR,US",2
0y6kdSRCVQhSsHSpWvTUm7,The Last Time,Taylor Swift,US,2
7u2iWRkkz8GBYFe4apxVBl,I Deserve A Drink,Morgan Wallen,US,2
1NvpO1o8SpkdH3txtJQQc7,Lemon Tree,Post Malone,"KR,US",2
7eQj6r5PIdYKEIZjucBMcq,Stay Stay Stay (Taylor's Version),Taylor Swift,US,2
23Z3bbYcl1PdcPJemLa4zc,Flight's Booked,Drake,US,2
4kUZvXB3LC3an3HX6h0s17,Cudi Montage,KIDS SEE GHOSTS,US,2
1uxiaf3DUS4vpOqNGu4MzL,LA DURANGO,Peso Pluma,US,2
6saYisCUAZXc505blie9kZ,Otaku Hot Girl,Megan Thee Stallion,US,2
6p0Ai6wRjz9CmjqkhoKOwf,Road Trips,Drake,US,2
0YevRlTDW9tyIwViCyke8Q,Anxiety - Intro,Juice WRLD,US,2
2GPTiPR5db727wu1tFvFt4,New Again,Kanye West,"KR,US",2
1hz7SRTGUNAtIQ46qiNv2p,"GONE, GONE / THANK YOU","Tyler, The Creator",US,2
6SQLk9HSNketfgs2AyIiMs,She,Harry Styles,US,2
68eDGmSTQgxJde9JTG7b71,Me + All Your Reasons,Morgan Wallen,US,2
7qEUFOVcxRI19tbT68JcYK,Everything Has Changed,Taylor Swift,US,2
4jIy1KWDGEptJGq94tqB5Y,The Way Back,Zach Bryan,US,2
0v4z1tuZvn6LGknom9Qx7d,Babe (Taylor's Version) (From The Vault),Taylor Swift,US,2
7EgI0dCaQuHFe3OTj5EpWI,Open Safe,Lil Wayne,US,2
4vsarEetbprJa5Z2ZJ4RL7,Miami,Morgan Wallen,US,2
0S3gpZzlT9Hb7CCSV2owX7,"Mama, I'm Coming Home",Ozzy Osbourne,US,2
7eYAHC0RbBF9eaqWzT34Aq,Desires,Drake,US,2
5YwBaDW36fztKNnoiHQar3,Couldn’t Make It Any Harder,Sabrina Carpenter,US,2
1OuN92HcVG6NVpWbeESNB3,Everybody,Mac Miller,US,2
0Uvf2v96tJ5CuyK0LtyAgd,Past Self,Sleep Token,US,2
2TJ1FOCmCBkKm418MjVw5D,Donda,Kanye West,"KR,US",2
444vevlQjTnKioLLncteGv,Something Real,Post Malone,"KR,US",2
0AAVJIN4plafvmNKqRCltG,I'M DAT N****,Future,US,2
3VW6HJYa5l0uzGcCRA222P,Ca$ino,Baby Keem,US,2
7sBgFMWqDWQgrsNSpIBoe8,Jesus Is Lord,Kanye West,US,2
7fxSLnklnayJNBIKntXedZ,Slidin,21 Savage,US,2
5KQxun2WxwDMsV7HCN2ONK,Rich MF,Trippie Redd,US,2
4fZxGiES1FKbNqJPrI4L3s,BoomTrap Protocol,Logic,US,2
7AxXJXqJOMRqkgZxvG3r6E,TRYING ON SHOES,Tate McRae,US,2
2U3jOPfO4wZZFaaWS4Dcj6,stranger,Olivia Rodrigo,US,2
6vnfObZ4Ys70SBAtti1xZ9,COFFEE BEAN,Travis Scott,US,2
093MlZS93ZKlHpGkmb3k3W,BROTHER STONE (FEAT. KODAK BLACK),Don Toliver,US,2
1AXsHbdIYx2OyKmdOcIL5T,PUNK ROCKY,A$AP Rocky,US,2
12BjylmI6NS7ydikIzbuD0,Single Than She Was,Morgan Wallen,US,2
77kye8TttXpEbvgoiVjZdo,F150-50,Morgan Wallen,US,2
4whkhyXTrTgHKZzkUvdwoq,My Old Ways,Tame Impala,US,2
3W4JFzOQdo5J2Wgt9DFg24,Warm It Up,Logic,US,2
0QosomGFiJYOxj2ViZfqng,Selfish,Justin Timberlake,US,2
0TlcczkVTGpinpkGJpT81L,Drag Path,Twenty One Pilots,US,2
5JiH89mHrv9oWHlD0T326z,To Be So Lonely,Harry Styles,US,2
2I3dW2dCBZAJGj5X21E53k,Kids See Ghosts,KIDS SEE GHOSTS,US,2
3BUWNzPWz2mDbptZmGEXpB,Let It All Work Out,Lil Wayne,US,2
6iYMfxznTBlcVOgRHab2W0,"Sunflower, Vol. 6",Harry Styles,US,2
7J4b3LVCIGO4CMBDFLPoP6,Holy Ground (Taylor's Version),Taylor Swift,US,2
2FycFFuNMVVYIiIqeldXF5,STOLE YA FLOW,A$AP Rocky,US,2
1OjNUHE1W7Cxeph9DJzKbe,Jack and Jill,Morgan Wallen,US,2
1Dk3CfJEtqvj7Xg2AWwfEn,Took His Time,Lil Wayne,US,2
2meHtZ7N97pJfvTL4hYtfv,Insane,Post Malone,"KR,US",2
3obGrchYRmtO5rk4O2ZtLZ,No More Hiding,SZA,US,2
06GcodDliPWAYFX2LSFLIu,Vertigo,Khalid,US,2
4cYllEeJVH7dWKwQxpbk42,The Abyss,The Weeknd,US,2
1qrpoAMXodY6895hGKoUpA,You Belong With Me (Taylor’s Version),Taylor Swift,US,2
3oGVx9RBmiYGv5ZCecWLkx,Forever Winter (Taylor's Version) (From The Vault),Taylor Swift,US,2
3HyR1j49TY5ACP2lseF1jx,SUMMER RENAISSANCE,Beyoncé,"KR,US",2
53WWD2BBC6Jcip8wy5CniE,cLOUDs,J. Cole,US,2
3Y1ZpXS4HETFHDdBNfNU0I,OPPOSITE,Don Toliver,US,2
4ydmav4vl7hebadtfZtMrg,SIR BAUDELAIRE,"Tyler, The Creator","KR,US",2
3aD33slymVwdEcdbKUBnDu,cliché,mgk,US,2
33gSkDn6P9uS7ofaYiyBP6,Come Back As A Redneck,Morgan Wallen,US,2
67dU06KGaJHLLlo5Y5bkD2,Reputation,Post Malone,"KR,US",2
4IxeKzzxUSEgivgtbSbyIK,I Cannot Be (A Sadder Song),Post Malone,"KR,US",2
79DPYZ6x8FfzgSgPoPhpC3,Last Time I Saw You,Nicki Minaj,US,2
6ZelF5APDN5r6XnFqcnvWR,Give No Fxk,Migos,US,2
2lJn77IeZAP9cmv6DPXOrL,Deeper Well,Kacey Musgraves,US,2
5o0hD6Bs6RdyZxfYBoEEc8,No Good Deed,Cynthia Erivo,US,2
2gciS7UJjv59l7608DFGNl,Driving Home for Christmas - Spotify Singles Holiday,Dasha,US,2
3K68JyPFh5fV8bdWesIqdb,Islands in the Stream,Dolly Parton,US,2
3zAWhIscp6ehzXv3KHorwb,Half The Plot,Lil Tecca,US,2
2TE4xW3ImvpltVU0cPcKUn,Merry Christmas Everyone,Shakin' Stevens,US,2
7ovB5FvDwq1g7AG9ICYaNY,overseas,Ken Carson,US,2
3TYOH7ta0101NYssoH5GlU,MERCEDES CAROTA,Bad Bunny,US,2
2goHCrsDJaflEwQ930ef0o,MASSA,"Tyler, The Creator","KR,US",2
5CpsIb7SMFHjmAG8RvIWfq,Leaving Heaven,Eminem,US,2
4hnzXzE7JiU5QAZFF9OUsI,What Christmas Means to Me,John Legend,US,2
373gDROnujxNTFa1FojYIl,Lost,Linkin Park,US,2
13HsOwrwTA5HgLuoaDHncP,RUNITUP,"Tyler, The Creator","KR,US",2
4UddKz4WBKn5b9tDB6tq2L,Tell Me What It Is,"Tyler, The Creator",US,2
05GsNucq8Bngd9fnd4fRa0,Begin Again (Taylor's Version),Taylor Swift,US,2
3grVoZ10bm2jUGpo7BxpuF,DEAD RIGHT NOW,Lil Nas X,US,2
6DZz58CbF0AKw5PCKqNKcM,Come to Life,Kanye West,"KR,US",2
7rWCWzPRftzZTZtIyQtaDU,KEEP IT BURNIN,Future,US,2
7sOfmPd18RWp3FoCzpa7Kw,Soliá,Bad Bunny,US,2
1whfVLMKWqAX3uk97VXsNN,west side,Ariana Grande,US,2
7Dj2wqPYXfSRFwa6qyOztr,In Too Deep,Eminem,US,2
0SeTP12t4EwBJ6zsjHn9Wa,I'm Spent,Drake,US,2
6zzdyvVWjGrQBraSvuqJPY,Starry Eyes,The Weeknd,"KR,US",2
3ZEno9fORwMA1HPecdLi0R,HAPPY,NF,US,2
7eCVm5KcpFrDhx6XHkF3t6,Love Me 4 Me,SZA,US,2
4t2OeILB07eMGTXSUbMPEu,Oxytocin,Billie Eilish,"KR,US",2
6NYtLvyThMT0oALFdJFdzq,love language,Ariana Grande,US,2
0oPRfdP48RM4bd3xBFyiRo,Wine Into Water,Morgan Wallen,US,2
0b6UoVjUzFyZNpHI0aAhKt,Celebrate,DJ Khaled,US,2
1xKGnsdKOh8jx8pzSZAgXE,5 Dollar Pony Rides,Mac Miller,US,2
5pobX21I8uZdHM8YOWItU7,The Dead Dance,Lady Gaga,US,2
1kwnxJNVl7cwcU98RvMBaR,Surf,Mac Miller,US,2
2xGO2UjzxeVQSIkyg98vck,Thank God It's Christmas - Non-Album Single,Queen,US,2
3kCwyvhvVTyehIzYN2I0nF,Omertà,Drake,US,2
1HLL8X0LH20F6Z9SLXLIjr,No More,Metro Boomin,US,2
3vcLw8QA3yCOkrj9oLSZNs,I Know - PR1SVX Edit,Kanii,US,2
5YRFttxjAEgm2nq5Z2tlqK,Lord I Need You,Kanye West,"KR,US",2
4HOryCnbme0zBnF8LWij3f,Getting Older,Billie Eilish,"KR,US",2
3KixNgUEaDtrKJVzdqjU5q,Landed,Drake,US,2
36OpC3NK7kQzcOo8qiCHaA,The Visitor,SIENNA SPIRO,US,2
2KnuaZYoGzDoHiBTNYOTXG,Billie Bossa Nova,Billie Eilish,"KR,US",2
5sHeIGDbdzw8DeO57XZKIy,Good Flirts,Baby Keem,US,2
40U8d12pC5UHqmHwXjHjjl,Repeat After Me (Interlude),The Weeknd,US,2
2W1Aq2c6PUSHBC0golgHLK,You Wouldn't Understand,Juice WRLD,US,2
0qpdzfTxAkOREtvvGO5oew,Chill Baby,SZA,US,2
1xmvq1fYLs9TEgikaFilGW,Thick Of It,KSI,US,2
2vsuel3g4zaLYSOY0mOMbi,Bad Luck,Khalid,US,2
0Fl4eWzVaMUOdXcOrj6F1q,VIRGO'S GROOVE,Beyoncé,US,2
5fROvzNghPid8mbKNDYvpJ,YO VISTO ASÍ,Bad Bunny,US,2
58cvckETahSOG74RP5WE99,State Of Emergency,Logic,US,2
1lO9CZo6eDrOy0S7khgryG,No Regrets,Eminem,US,2
5IPl8JpkbtSH1mdyq5ctSx,YUKON (INTERLUDE),Joji,"KR,US",2
4Q6LSSmQwn94hioXfvzdbU,180 (Lifestyle),Morgan Wallen,US,2
6tlZIGGXozhQpYyKesjwWL,Back in the Saddle,Luke Combs,US,2
5A1w94uzc1kO1Zhe8WWxC3,Right Back,Khalid,US,2
181yGUB8xEh4LfK8KhC4Wa,Siren sounds (bonus),Tate McRae,US,2
4cpHvqL4dvporE8JlQwkec,Potential,sombr,US,2
1N8dX8FWPUzVuSlKJA25FK,Miami,Morgan Wallen,US,2
3znSvEwBq09We4cxxmwlZM,Chains & Whips,Clipse,US,2
6ly0Zc4mrK1W0XLeuAk5Dv,Losin' Streak,Hazbin Hotel,US,2
4avmVqU2f00LGiYMuOAuVy,My Turn,SZA,US,2
5LisHkYlpdkqNYl1HZ5cKd,Good Girl Gone Missin’,Morgan Wallen,US,2
7yt6eiZQCkVFEzwGp4Pbor,Supastars,Migos,US,2
25qk9xa71F1POdI4vj7rbi,Black Hearted,Polo G,US,2
6ufcuVInt0ocHrUimDjGlb,PLASTIC OFF THE SOFA,Beyoncé,US,2
1z9kQ14XBSN0r2v6fx4IdG,Diamonds,Rihanna,US,2
5S4PZ7AuYlYiVIVik3wHUf,TALES OF DOMINICA,Lil Nas X,US,2
4XJRpBOG0bU3Nxnvam3FnC,LOVE YOU BETTER,Future,US,2
76O7oz3bvW0WCBqXs9Tkuf,River Washed Hair,Zach Bryan,US,2
2OsDoAzo5SGq10qwmKSQBv,Jet Lag,Future,US,2
1xUddpWyEuYl5T3mduKnOJ,Lady Killers II - Christoph Andersson Remix,G-Eazy,US,2
1qwMkkRiD5jqLeUUjfgblh,Lock It Up,Eminem,US,2
1rlIrbWboTRGeKfHhgbJRZ,FLIP THE SWITCH,Quavo,US,2
2KokOIKdw4zZutDil85Ugh,White Sand,Migos,US,2
2dSKFFNoNXKo3hPnlwUdPe,They Don't Love It,Jack Harlow,US,2
1NpHJ96ljWvqdbjlyc9GtT,FWU,Don Toliver,US,2
7HUhMOrlvwBPfBq3c0ajh0,JOYRIDE,Kesha,US,2
2dono2Koz7DEvGwxUsmMLq,Linger - SiriusXM Session,Royel Otis,US,2
2O4dfLvOE0VBqDmGQiw7fR,A Few Of Your Own,Noah Kahan,US,2
1efXUbx5gsLd2sqjszBtx1,Headphones On,Addison Rae,US,2
3IOQZRcEkplCXg6LofKqE9,Iron Man - 2012 - Remaster,Black Sabbath,US,2
4CIyxiObT9G35HrSItAblR,HVN ON EARTH,Lil Tecca,US,2
3Kh8X9lHztqVBTgw30HbXn,Cobra,Megan Thee Stallion,US,2
5KEixB30VO3hb8etUPkMEq,Favorite Lie,Lil Tecca,US,2
5kYSScXYOZYyi0fxramiW6,BEAUTIFUL,DJ Khaled,"KR,US",2
7bcy34fBT2ap1L4bfPsl9q,I Didn't Change My Number,Billie Eilish,"KR,US",2
4NqQaovM14WR2hNPMFxgjb,25/8,Bad Bunny,US,2
2DDo2QqElDO9PgOHeGtQiy,Madeline,Zach Bryan,US,2
2LUD3874dlzeRa34Hi7ohW,Talk talk featuring troye sivan,Charli xcx,US,2
5iwUwADk4uQUvgMF6PlTRl,Upset,Brent Faiyaz,US,2
5kqNIqFjijuzvVLhuY9B8j,La Zona,Bad Bunny,US,2
4pftaoQbbheCXSdleWIeDK,GBP,Central Cee,US,2
5unjCay0kUjuej5ebn4nS4,Down In Atlanta,Pharrell Williams,"KR,US",2
0VOMBffX1llDu37yQUt3u3,Pop Out,Lil Baby,US,2
5LHPcY9yd0hWVFIW4yfOCJ,Pika Pika,Chuyin,US,2
4lAQfuREAHG8IC0PiiigBt,Strawberry Peels,Lil Uzi Vert,US,2
6phY2gnvf9WwCiXlLMQOY3,HeMotions,Juice WRLD,US,2
6LOCAhFzZiavHcLJucLuDy,Don't Quit,DJ Khaled,US,2
2c7sRekhMGlj7u1WIIzoQu,Fighting My Demons,Ken Carson,US,2
34d7sGX6WUqq8f04e7CSNF,Marsh,Eminem,US,2
2M9ro2krNb7nr7HSprkEgo,Fast Car,Tracy Chapman,US,2
4r9jkMEnArtWGH2rL2FZl0,A Tu Merced,Bad Bunny,US,2
76ODTQOl0JZQbhfxs6nRV9,I Am Not Okay,Jelly Roll,US,2
1VsHc0qIeyjYOyvN5HIEQG,Mejor Que Yo,Anuel AA,US,2
01vv2AjxgP4uUyb8waYO5Y,Morph,Twenty One Pilots,US,2
6th8IdY4lYeM0QlSQJhhkp,LOST IN THE CITADEL,Lil Nas X,US,2
5A0M6B0RBSXSNWv0wcppZ9,I DON'T LOVE YOU ANYMORE,"Tyler, The Creator",US,2
6YmZrYfrOd1ACzgsPmlliq,SHYNE,Travis Scott,US,2
53v2u51nq3CxiKUNphRzP1,Que Malo,Bad Bunny,US,2
19SwuhO0bMiAcg2kyJydmj,THE CONTORTIONIST,Melanie Martinez,US,2
26QApq0cuO9brJigr0C0W4,HACIENDO QUE ME AMAS,Bad Bunny,US,2
2kAIpGWnlFLQh48iut6Zzq,Free Spirit,Khalid,US,2
3wH4eUkJ1rL5xTU8PZZyOy,Rose Colored Lenses,Miley Cyrus,US,2
1ypwNj8eK2qAMDEs4EiIIX,Miss You - Bonus Track,Oliver Tree,US,2
3zpGLSQ8QbbUnNjweWPLMD,Doja,$NOT,US,2
3BIIJgBJJ7NhhCv4MI6n7w,Alien Boy,Oliver Tree,US,2
7LR85XLWw2yXqKBSI5brbG,Run This Town,JAŸ-Z,US,2
6PoKfDY78ih5OveWirggRX,Off White VLONE (Lil Baby & Gunna feat. Lil Durk & NAV),Lil Baby,US,2
4D7NrSeqkTarBrJ80b2sBc,Leaders,Lil Uzi Vert,US,2
4saHEjXw7O1NXJOzBkUKKG,Está Cabrón Ser Yo,Bad Bunny,US,2
7G7tgVYORlDuVprcYHuFJh,Don't Dream It's Over,Crowded House,US,2
1w7cgGZR86yWz1pA2puVJD,HEATED,Beyoncé,US,2
1LCm0lFnEsxR2oPqyHLGX9,THIQUE,Beyoncé,US,2
6a4GH1gljLL7VvmO9u5O92,Don’t Break My Heart,The Weeknd,"KR,US",2
789CxjEOtO76BVD1A9yJQH,Stay,Rihanna,US,2
551xyaSJsg8hILXFq9JdST,The Plan,Travis Scott,US,2
2PljnVsnl2PRwCvfhbdQup,Plan B,Megan Thee Stallion,US,2
5ZSIExfQuVv69tw5Qw3yDl,break da law,21 Savage,US,2
0T1tCsZ2qPRf6fwphjlNPM,Sober,Hudson Westbrook,US,2
4zhdSsssstuVDXyGDb3pYi,Bodies,Offset,US,2
1JIgFmCP5OCTEGV866WP3b,Rich Minion,Yeat,US,2
2XDhuJvvx2wcIROXbfTTYr,Believe,Eminem,US,2
4ZO4HvFADvujrrEidSatEC,Are You Even Real,Teddy Swims,US,2
7HEWQj82REyDOKMAAlB9pc,Fly As Me,Bruno Mars,"KR,US",2
18dlAFKaajLjRgBNZZ4ThU,Not My Fault,Reneé Rapp,US,2
4oVO4fGNRRvEn0CRuFO4qv,La Perla,ROSALÍA,US,2
740kQ8xwSGloumdiKR5Cwz,Trillionaire,Future,US,2
4l2rsMfr20dj6nf6i6F3Y8,Might Not Give Up,A Boogie Wit da Hoodie,US,2
7sjFIZ1g5QLJLGja3k592K,44 BullDog,Pop Smoke,US,2
1eMNW1HQjF1dbb4GtnmpaX,Slay3r,Playboi Carti,US,2
23OXdR7YuUBVWh5hSnYJau,Chlorine,Twenty One Pilots,US,2
1eunv1DeEi29UfAcVEoLTt,POR SUS BESOS,Tito Double P,US,2
4SCnCPOUOUXUmCX2uHb3r7,Outta Time,Bryson Tiller,US,2
7lcI4X8RZxK4zIknJcwpBq,Bussin,Nicki Minaj,US,2
1HF6P40Z7nfExGaB1Gk99v,Got The Guap,Lil Uzi Vert,US,2
3jiKUMXqwEodB7gVv1RMZU,After Last Night,Bruno Mars,"KR,US",2
1hoeP1oPYlhcv6iRCtB7pT,Man Of The Year,Lorde,US,2
2TsD9kSbgYx5fSNRsoNURE,POP STAR,DaBaby,US,2
5SHpuW2qjkQtFRpE6P9Nks,The 30th,Billie Eilish,US,2
5YLGlPYkZBDXieMwzVve7g,MOVE,Beyoncé,US,2
7oqftogUN82Q7VNy2TmTJW,MOOD 4 EVA,Beyoncé,US,2
64dLd6rVqDLtkXFYrEUHIU,New Gold,Gorillaz,US,2
4lLtanYk6tkMvooU0tWzG8,Grenade,Bruno Mars,US,2
6UW10CbMTvqciT3X3Ldeox,EVIL,Melanie Martinez,US,2
1Py8c3dkLF0YczcAyBFBEM,Never Hating,Lil Baby,US,2
5W0RVQViQC7xocvAUnIs6Z,Call Your Friends,Rod Wave,US,2
6CWwdHPWZDshoiplMtx2Jb,TEKA,Peso Pluma,US,2
6kxaaIeowajN7w21PfMLbu,So Good,Halsey,"KR,US",2
6qzBOV7lg2pnYm1tIvjxo3,Heyy,Lil Baby,US,2
5n6gBhdEjCuj3obgCoTEFD,That’s It,Future,US,2
5XFoaqV1Z8XaLJidchVWhh,love.,Kid Cudi,US,2
2Lz4iCypeUTy62CP3Xwk6i,Stayin' Alive,Bee Gees,US,2
4qG7hWhljsqqENL5PaLA2z,Let The Light In,Lana Del Rey,US,2
0boodYr1uIpSVmGSP65Fmk,25k jacket,Gunna,US,2
2qlBAT108lYOzlXhBxBqEv,"Home (Metro Boomin & Don Toliver, Lil Uzi Vert)",Metro Boomin,US,2
5J7teKIJGtqVypgYI6sqXj,Una Vez,Bad Bunny,US,2
65kp3OFn7JXbCvkm3m2Ui2,Two®,Lil Uzi Vert,US,2
3yDi4w5cuQQEpQXrozMW2B,Blue Jean Baby,Zach Bryan,US,2
2igNvPf7RLTZG688Mx8GtU,"girl, get up.",Doechii,US,2
0HEckRWFSknIupbGzavk5d,Hundred,Khalid,US,2
4zxpssj8DyrfZcEUSUiNxG,Ring Ring,Juice WRLD,US,2
1xIibyoUvyxwoNqx8quHSz,"My Swisher Sweet, But My Sig Sauer",$uicideboy$,US,2
0WoAkdHmgPmEXfiBox1flk,GOSPEL,DaBaby,US,2
0UioblV1x795s55Ur58c6c,The Race,22 Savage,US,2
0XER3HPMx223xWaAgNKp4Y,My Mind & Me,Selena Gomez,"KR,US",2
0EwS8XJQspgrj1zSUXhFkl,KANGA,6ix9ine,US,2
4rlQza35DE4Prh5yonxnCs,After Midnight,Chappell Roan,US,2
0tgBtQ0ISnMQOKorrN9HLX,Last Train Home,John Mayer,"KR,US",2
46DwQbCUzWr4bT0Uu2lDK8,Lonesome Train,Stan Kenton,US,2
4f1XXGjZZ9EkFkrbPJek6X,gun smoke,21 Savage,US,2
3GbQcjKWT7eVpUfzqwUjxv,Late To Da Party,Lil Nas X,"KR,US",2
5XsAal7ZcWg1I5T4NcRjkv,Halley's Comet,Billie Eilish,US,2
1fPnUpoXCpD2NDI4vPVeLw,Stupid Again,Tory Lanez,US,2
5esKpsrB3TbGHwFaAjIGMx,Move Ya Hips,A$AP Ferg,US,2
6x59lSlNU7TvsJZy7134uC,ROSONES,Fuerza Regida,US,2
2NK6dtSujGIyilnEgbw8MX,Outlaw,Morgan Wallen,US,2
3Nc86B5XmDlG1KuEeSLD8x,Ew,Joji,US,2
3e39X4Q74yJzsYUEeyf4ws,OFF THE RIP,DaBaby,US,2
5O4erNlJ74PIF6kGol1ZrC,Could You Be Loved,Bob Marley & The Wailers,US,2
7hvO2qCwJVZxiyoA7c9i5d,BLOW,Ed Sheeran,US,2
2SBr3MK1sdMs8IxdRcN6qz,Santa Baby,Kylie Minogue,US,2
2ZGEjmwyeZ3rpEezkZwqOP,mop,Gunna,US,2
3oHkMCVJyOcjg5FhfLc2Rq,A$AP Forever REMIX,A$AP Rocky,US,2
3wHRgXJJTTwS2CkusTpn56,Big Shot Cream Soda,$uicideboy$,US,2
3q5qgzl5xwEtbrZVi3agEJ,Dry Spell,Kacey Musgraves,US,2
6isTQfKXhNO3EyJd9mSxx8,AM I DREAMING,Lil Nas X,US,2
3anaHXs7z8NwLUatPxqJlE,Amen,Shaboozey,US,2
5BfMJ6iytQnu1r7iiCYSXe,Intro,Khalid,US,2
0ZKKJTv21zJpNrKiL0LYyV,out for the night,21 Savage,US,2
1dp8aQANyTRKssDeAYPiZe,Scrape It Off,Pusha T,US,2
6igOR5QCn09zAVF2ikZjsV,Surf,Young Thug,US,2
4s76r7AbquJcTccqJiqdVu,Hold Me Down,Daniel Caesar,US,2
2dgrYdgguVZKeCsrVb9XEs,What's the Use?,Mac Miller,US,2
3XjvMZqm2AQ8thMCD6w9w2,Mas Rica Que Ayer,Anuel AA,US,2
4GyD3o5hWoyCuYpdlzZlRL,Doin' This,Luke Combs,US,2
6QTGiIuNopQu1iV2aa0fDS,Pink (From Barbie The Album),Lizzo,US,2
754kgU5rWscRTfvlsuEwFp,Kiss Me,Sixpence None The Richer,US,2
7IqsNN0EMckx9YqddgXlwg,bread & butter,Gunna,US,2
7DuvVy7JfFgXwWlVzyyPys,Pull Up N Wreck (& Metro Boomin),Big Sean,US,2
7ySUcLPVX7KudhnmNcgY2D,S&M,Rihanna,US,2
4DByEumlGTZKSzuVEZ35eo,PURE/HONEY,Beyoncé,US,2
2rd9ETlulTbz6BYZcdvIE1,War Pigs / Luke's Wall - 2012 - Remaster,Black Sabbath,US,2
1SxagO9GK0UUeEYLmH8Pln,Toxic Waste,Trippie Redd,US,2
3pTScODwk9tggZzmuH6xDY,What's the Move,Young Thug,US,2
7pBzCp7qNLlsH6rzEFkSwN,FREAKED OUT,Fat Papi,US,2
1a7onn7lPqqRWul5ogyMyX,ANSIEDAD,Fuerza Regida,US,2
0ZPCxNK4DIrF8KqrN3DxfA,Negative Energy,Trippie Redd,US,2
4mOkfIYbMX9PXx27hj8NTi,Betrayal,Trippie Redd,US,2
2UwALqx6yOsXTFt7zRxnts,Tell The Vision,Pop Smoke,US,2
4GrcvxYshSyTp9pylMNtNc,Wish I Didn't,Megan Moroney,US,2
7IECs9d4Rrlpa7tiHOCE1w,My Window,YoungBoy Never Broke Again,US,2
3riRdhyMDfEQz5nKrxfbwv,MUTT,Leon Thomas,US,2
5awaEIMiJboRO7ycF6UOot,Someone Said,Swae Lee,US,2
2p6hbwOB2u5hI4Uc8FDNL3,Wonderin’ Bout The Wind,Morgan Wallen,US,2
3zOYmiNOuyDL0ClxJcEJ0T,Stop The Wedding!,Ashe,US,2
1R6VwZ8TuHRzxZUxe88n4I,Rule The World,2 Chainz,US,2
0rc1HCVoReqzzXF9jssqZk,Special,Lizzo,"KR,US",2
5H0NU2sHWUnWCcZyYlX46X,65th & Ingleside,Chance the Rapper,US,2
66FltlEV09mPJYAyfYm8De,Bang Bang,YNW Melly,US,2
2QrXzOqLCVDRZHkToA0tSR,Never Go Back,Dennis Lloyd,US,2
1uN0f4NqMDcReSwXO6PLuG,Where Have You Been,Rihanna,US,2
3q9PVufz68TRvOao25IMNk,MOTTO,NF,US,2
5r67bGhYXZNqk2m2Wupfmu,Pour It Up,Rihanna,US,2
2Egoo3acImq7hV6TfYV90E,Everybody Dies,Logic,US,2
3rLIv187BhjyweFe89SgLn,Somebody To Love,Justin Bieber,US,2
06LFFPPS7MylCZXps3cO4m,Who Shot Cupid?,Juice WRLD,US,2
5JSVa5i6lFPoyOzK4gj0Ox,No Shame,5 Seconds of Summer,US,2
2T8yuUKl1nhmtaIocqWo4i,Berghain,ROSALÍA,US,2
5ie5OPdaP9fivYaKcjwKF1,Alone,Rod Wave,US,2
3dj4wgM3cPeuLwMNHDuBon,The Door,Teddy Swims,US,2
0B3FovCVaGKS5w1FTidEUP,BROWN SKIN GIRL,Beyoncé,US,2
32iPykTXUNZ9oGyACGUybq,How Did I Get Here,Offset,US,2
0y8Pu7x5jXgUjOIJvQIF5L,"Link Up (Metro Boomin & Don Toliver, Wizkid feat. BEAM & Toian) - Spider-Verse Remix (Spider-Man: Across the Spider-Verse )",Metro Boomin,US,2
6flur5o18COKeafnjLHRiJ,Be Like Me,Lil Pump,US,2
55ZATsjPlTeSTNJOuW90pW,Shorty Party,Cartel De Santa,US,2
6fOOKqQWcSy33ApU1wqkkW,Paradise,Khalid,US,2
2igwFfvr1OAGX9SKDCPBwO,Empire State Of Mind,JAŸ-Z,US,2
6r7ULK6c5CLVvImjTIztl1,Floor 555,XXXTENTACION,US,2
1NgCWYuBLfqBDA3b8MgSVU,Twenty One,Khalid,US,2
15qKrPi4Kg0z7g9HlwWyeb,The Jackie,Bas,US,2
1xsP6AITcWNigBYBYVnVZw,Handsome,Chance the Rapper,US,2
6Ql76QUTIXajTh9cVjrAZl,Vodka Cranberry,Conan Gray,US,2
6OrTKLtcF7EBayOV2QqkSK,Hold That Heat,Southside,US,2
25GyyK9CyZRiDCsPY51fIT,Not In The Mood,Lil Tjay,US,2
48WidxP9CqyYtk97pwGZ3c,Wasting Time ( feat. Drake ),Brent Faiyaz,US,2
5bzaS5tAni5oUpW7bWVdtY,I Wanna Rock,G-Eazy,US,2
6vB8bdQCCTDDIH8fhRfuXA,734,Juice WRLD,US,2
0cgjvHVCoiafozhMk3Z7Sg,Silver Lining,Laufey,US,2
5UwA4sYMyaLALd3F2hUgjR,poochie gown,Gunna,US,2
52WWw9qNZXZZtWU336TtKG,Cross The Globe,Lil Durk,US,2
5VKG8ary0JW6iKemhmznzS,Grown Man,Marshmello,US,2
6mCqxnyOhr4tHMbRbQL4Yn,Enzo,DJ Snake,US,2
5vnuJ8EopkP5dHukpOmT3L,What Would Meek Do?,Pusha T,US,2
2Rbkkd9pKlLtBOhsp5NmSI,Lost Boys,Phoebe Bridgers,US,2
4O3RwH1TFG1EjPezLIYehI,Life's A Mess II,Juice WRLD,US,2
77Xwqkw7VrV8E5FCq9JhO8,Dolly,Lil Tecca,US,2
7IP0lO9tHfNwBWZ9X6TJ84,Single Again,Big Sean,US,2
6rAGFgcGtlIdYxlhDizXNo,SMASH!,XXXTENTACION,US,2
47IySiC5o08gz0z5VDiH93,Juice WRLD DID,DJ Khaled,US,2
1HLaJowFbNM3MPyqnk5vjW,Labios Mordidos,Kali Uchis,US,2
49W1ZqawgaAwbIY3Hlrp0K,how you did that,Gunna,US,2
02FaKXXL7KUtRc7K0k54tL,Cozy Little Christmas,Katy Perry,US,2
0mb3uDw5vfFUcZfJYFOMRu,Gifted,Cordae,US,2
66ZcOcouenzZEnzTJvoFmH,The Sweet Escape,Gwen Stefani,US,2
0QV16pno66L6K3fn4W13b7,No Sleep Leak,Lil Uzi Vert,US,2
6OQea06z3cbOqYgG2O6eOZ,Killing Spree,Logic,US,2
6uP0XLqjRqFx8HAfesdcAg,X Gon' Give It To Ya,DMX,US,2
0CfPMZ1DSdzglsMRpLDM2H,Only Thing That’s Gone,Morgan Wallen,US,2
2m6HgwjakjAXimujX8m4sk,BLEED,The Kid LAROI,US,2
1ipcb9qXpSHWhSUvdxJhsx,"Forever and Ever, Amen",Randy Travis,US,2
5XzombolzpiaOSTdj1W0VS,Bleed,A Boogie Wit da Hoodie,US,2
4bJygwUKrRgq1stlNXcgMg,All The Things She Said,t.A.T.u.,US,2
6P7tj3Pkm6iXlnZmGiS1VS,LEMONADE,Forrest Frank,US,2
4ak9GGe6afmi2HbxEjvhIC,Male Fantasy,Billie Eilish,US,2
7iMDaY1LnASwCk2uUpMtii,High,Young Thug,US,2
6X5WZbJzXtk6aO03HlxuZ9,Así Lo Quiso Dios,Eslabon Armado,US,2
5HnxL39pSgVVQMLP7WnSfv,Missing My Idols,Trippie Redd,US,2
2qzUpSVI4NnPyWxbXwumTj,BLACK PARADE,Beyoncé,US,2
3k0YJnqMKRZb8swo86vCkq,drunk face,mgk,US,2
2fBvSCdG3lDjImqJvnYtvq,Mountain With A View,Kelsea Ballerini,US,2
7jzldCBnJjpJM3epzJ85KE,Tongue Tied,Marshmello,US,2
2FTeQQ5Rg9tBpgpTF5mnhE,Still Think About You,A Boogie Wit da Hoodie,US,2
01TyFEZu6mHbffsVfxgrFn,Show Me How,Men I Trust,US,2
6rDaCGqcQB1urhpCrrD599,Album of the Year - Freestyle,J. Cole,US,2
3FvTHuefYV6TxE3Kseqno8,LOU LOU,Gabito Ballesteros,US,2
0fgsKar6uBO08vzHXkTjWi,P FKN R,Bad Bunny,US,2
6VYAzAQGFsfEAwdorQaZuU,Die 4 Me,Halsey,US,2
3Dwq1oiOFys6Sxr5SslmXw,Carolina,Harry Styles,US,2
6PRh0ilIMEP1xlUHqalnkD,Put a Date On It,Yo Gotti,US,2
1gnwGVoG7V08vMX3hyr90x,Tints,Anderson .Paak,US,2
5I30ByMf5nhgbSokY1EZiN,Anybody,Young Thug,US,2
2RkMSIqUdveO3p8KVpYBYI,I Know,Kanii,US,2
4nZi6XNe36Ut4Nij3IQ1yC,Silver Springs - 2004 Remaster,Fleetwood Mac,US,2
6ECp64rv50XVz93WvxXMGF,This Love,Maroon 5,US,2
5vuiHi3QYbwcm1OKJOYnrf,Huncho Jack,Huncho Jack,US,2
2dKtWPLZvbCzwLRliNn8UI,Can't Love,Trippie Redd,US,2
7q8cy4uoA2itYATsKeXhcq,Multi Millionaire,Lil Pump,US,2
6ho88pvz4c8WCSFbdVXNia,a&t,21 Savage,US,2
5lw8Mgb4LyhriPIC86gV6e,RNP,Cordae,US,2
2QIBJFl8DJR1mDh9GwfZef,Don’t Play,Polo G,US,2
4gKWtJGlhxKKSyV65llt2G,OOGA BOOGA!,Ski Mask The Slump God,US,2
7zl7kehxesNEo2pYkKXTSe,Killer,Eminem,US,2
2bdqU7C4softKNcMYDFi96,chaotic,Tate McRae,US,2
6HN5XPJEV31RQJGoyqZ81K,Take It Back,Logic,US,2
5JWPUEov2wlX7c0jhYZpeB,Lost In Yesterday,Tame Impala,US,2
3nkW3TPQjBip1lER4h78NX,papercuts,mgk,US,2
3NWrHCwvyII4fTx05PN3IO,Enjoy Yourself,Pop Smoke,US,2
5RUUkFNqH3GRKHg1xjprOb,Old Me,5 Seconds of Summer,US,2
4bi9YrkOvmg4Eb7h00AW2c,Fall Threw,Rich The Kid,US,2
7y3xU9vEC1s8DSuuoSYKih,Been Like This,Doja Cat,US,2
16dUQ4quIHDe4ZZ0wF1EMN,CAIRO,KAROL G,US,2
5uz5v1hRZLjNGatcPtOWUv,LV Sandals,EsDeeKid,US,2
69b0SDYOymaqYwm3la237H,Ye vs. the People (starring TI as the People),Kanye West,US,2
4VMiNOpnjRwSCwmHaUfOMM,Realer N Realer,Future,US,2
0FLBNqc5oAiTt4J2e3fe3y,Blurry,Puddle Of Mudd,US,2
1ayV64ur8VWgc6OPtPRl1q,Options,Doja Cat,US,2
3ia3dJETSOllPsv3LJkE35,California Love - Original Version,2Pac,US,2
03TzvVWdkVbLT9pzewYiDw,I Don't Sleep (ft. Takeoff),Lil Wayne,US,2
5ivClJh64rX5PvFeyqI4Ew,Keeps Me Sane,Tyler Nance,US,2
4PA1wK0leCjmRZlP5dQ8Lv,El Cielo,Sky Rompiendo,US,2
2g8HN35AnVGIk7B8yMucww,Big Poppa - 2005 Remaster,The Notorious B.I.G.,US,2
3kQfBtkQqgN1fAMfhks8TU,Need 2,Pinegrove,US,2
2J051fjLklkoPbzOoTAACZ,"Sally, When The Wine Runs Out",ROLE MODEL,US,2
5Y3Tj0wJhKAaPbwWxXxZGS,Feelings Mutual,Lil Uzi Vert,US,2
3d0WouFnFmr0K3kjeza3fF,Hips Don't Lie,Shakira,US,2
3lb5fWSG2p7x8ik8HN9oFR,Dangerous,Meek Mill,US,2
7MYFKS7XpVz1JQDK38pr8N,Knocked Off,YoungBoy Never Broke Again,US,2
0REv856zadB0e8IM1brlwr,29,Demi Lovato,US,2
26jYPsHHSOxCTz4cLt6SbQ,FEEFA,6ix9ine,US,2
1EWkw4Fa6IlnsAihLUlFFM,WRONG,The Kid LAROI,US,2
7iEoaTyBCqLaAwJnOP1BTn,The Games We Play,Pusha T,US,2
1dQ84P0W0lOckT02lPEhhP,Millidelphia,Meek Mill,US,2
6oVxXO5oQ4pTpO8RSnkzvv,Dress,Taylor Swift,US,2
6uVZddXkgQIArp8myEHs4x,Mercury,Steve Lacy,US,2
4g2j0YZdGB8x5vQjXmJsKN,Untouchable,Eminem,US,2
0u695M7KyzXaPIjpEbxOkB,SICKO MODE - Skrillex Remix,Travis Scott,US,2
0AcHbiMs86CCgprvc7E1gs,i Shyne,Carnage,US,2
2pzuU8vLaG8W1P31X65ZP9,Voices In My Head/Stick To The Plan,Big Sean,US,2
52nTQQahs46s1iHFQ3Wv5Q,Pissed Me Off,Lil Durk,US,2
6dFn6my1sHK2bcf23GlHwM,2009,Mac Miller,US,2
58kwvMXeOlsvzPqUlyj75Y,Confess,Logic,US,2
3FUXVbi9ugVUqJ3rPrfd2G,Before I Let Go - Homecoming Live Bonus Track,Beyoncé,US,2
4Z6YruMINNspGet1gQyYlK,Supplies,Justin Timberlake,US,2
0VlpgNPHWCyh8xxLcaK2fp,Petty Too,Lil Durk,US,2
7MRCoIgpn1if1BcH9QpI9G,Deep Reverence,Big Sean,US,2
4Hqh0dS4x07zuRw6eBTO7p,20/20,Lil Tjay,US,2
1mCsF9Tw4AkIZOjvZbZZdT,Break My Stride,Matthew Wilder,US,2
3DMs7bahbQTnoxCjgP7qoK,Demeanor,Pop Smoke,US,2
6Zc5f20q7sOe1IC1c1jQvZ,Without Me,Halsey,US,2
4hbcs8vaamKTPevPIJsY7N,Satish,Tee Grizzley,US,2
7kQJCw0ZkvHgfJqRwPblmG,Neck & Wrist,Pusha T,US,2
568OIKgeHyGRD3uWR44JbO,Racks 2 Skinny,Migos,US,2
2Y0ktCGrGoGcQFXsGztvhi,Naughty List,Liam Payne,US,2
0FktnzDqjClqU6iqOZVEs2,BYE ME FUI,Bad Bunny,US,2
0lnIJmgcUpEpe4AZACjayW,Sorry,Beyoncé,US,2
0qFX9pVJQB4lBMxRoFXqGr,End Of Discussion,Rich The Kid,US,2
3yAVrwXhueRFZMUjxkh2ia,Leave Me,Rich The Kid,US,2
35cOyocq8Gb6UcT0NWeTwn,Seasons,Mozzy,US,2
1zwvbkUqTozLnmIECvBfgs,ROOF,DaBaby,US,2
3ydI3CesHBnaY01Qff9jOr,Choker,Twenty One Pilots,US,2
1HNywa8Bk0TmzRwQrzhtPo,I Guess I Just Feel Like,John Mayer,US,2
637YZncqOkeFzcTmr7YijJ,STILL CHOSE YOU,The Kid LAROI,US,2
5e0RPsQUTQu0A29wqD6bZR,Super Trapper,Future,US,2
0fWBFDRTIuk8ZgNdZqhCer,So Good (& Metro Boomin),Big Sean,US,2
53F1MVa1BWUkTBbVqgVAfN,Kinfolks,Sam Hunt,US,2
77fvnWALKJR0ws1VUx09CY,X,Jonas Brothers,US,2
3oxCefEI6Tc6Z6t20J4IvH,Disrespectful,21 Savage,US,2
5xbrhx2tMMcN68IT3cJbhS,Ayala (Outro),XXXTENTACION,US,2
6Gg25EZRbQd4IHiJz2KSY0,Testimony,Kodak Black,US,2
6oAa31g091sMNe1TKo5LBS,Stoned at the Nail Salon,Lorde,US,2
42SOtYBdnfj9zEdZSlAq5k,Finally // beautiful stranger,Halsey,US,2
7iXF2W9vKmDoGAhlHdpyIa,Forgot About Dre,Dr. Dre,US,2
7gVwgc8b3XnO87TpmXXFA5,Diva,The Kid LAROI,US,2
31mzt4ZV8C0f52pIz1NSwd,Shut up My Moms Calling - (Sped Up),Hotel Ugly,US,2
4uHscE8VF6F6mKU3ECjIKr,Cry Alone,Lil Peep,US,2
0qHPxjC83zQYcxe39xSShx,thailand,Roddy Ricch,US,2
4FpfU1O7WCLBnmwu5XAFk4,Redemption Interlude,Zacari,US,2
50wkDxcIfamIajKwmgp0iB,HANDGUN,YG,US,2
6r9xnueU24r4eoG3HXC87E,Bestie,DaBaby,US,2
4svZDCRz4cJoneBpjpx8DJ,I Did Something Bad,Taylor Swift,US,2
16umSNZfofRpDqTvf8DIAo,Wings,Mac Miller,US,2
02WDt2eCNOU2mt0DF5w678,Heavy,Nigo,US,2
1pJQAHpD51J7GYaFrrFO9S,Don't Say,The Chainsmokers,US,2
6pK5edDoyrn4mWwRSVc2a5,Amor Genuino,Ozuna,US,2
0rzNMzZsubFcXSEh7dnem7,Hold Up,Beyoncé,US,2
7rSnKi58HPIVC0FVyh04Q1,Shake The Room,Pop Smoke,US,2
2vl0D1b0M6UHlD1Fjh5j1m,JETSKI,Internet Money,US,2
2j7mcsEz4n5XxMMqqjjB6p,100 Shooters,Future,US,2
2ZGvw7BpnUHG89yt8fNxH7,Out Of Luck,Lil Tecca,US,2
5hHvFrMnwic82WwRLr4WY0,Her,Megan Thee Stallion,US,2
759ndr57jb0URg4j9YSWml,A Tale By Quincy,The Weeknd,"KR,US",2
1q3RiD1tIWUpGsNFADMlvl,All Too Well,Taylor Swift,US,2
1vVNlXi8gf8tZ7OhnEs4VE,A Lie,French Montana,US,2
07twUUK8jWUCVsrSoEgbLW,Back At It,Lil Mosey,US,2
1ZRjLZcNTm1vUgrexBp3px,All In,Lil Baby,US,2
20McUFi8KCIVdNDLrkTDuZ,Goosebumps,HVME,US,2
4K1vOdIFqskQv3zoI0FdAk,Say It First,Sam Smith,US,2
16dXg2YuFOxwDC3cTf5jde,Conscience,Kodak Black,US,2
7KwZNVEaqikRSBSpyhXK2j,Hypnotize - 2014 Remaster,The Notorious B.I.G.,US,2
25VQoiuyc0HkC5FQTj1a8G,Son Of A Sinner,Jelly Roll,US,2
1AGXmKhp5H6d1B2OwZwQdQ,Silverado For Sale,Morgan Wallen,US,2
0URaKGzNTtzKRtsJN1RkA9,Light,Big Sean,US,2
14nAQy3fHVzDb7LKxpS7Ld,Pretty Mami,Lil Uzi Vert,US,2
19HA9J80qZfIkAnp2g8N2S,Famous,21 Savage,US,2
5MVdzbNmCVf9cWbkqFakkr,Big Stepper,Roddy Ricch,US,2
6DEMMeWXfmFAXgDUMMzeg6,All I Ask,Adele,US,2
7cWmR9RLLMY6bj28q4bhvz,Tic Toc,Rich The Kid,US,2
5XqCz18k96K8tx6DAYM97i,PA' ROMPERLA,Bad Bunny,US,2
2rUwQj4SWaP2anuGDtNpYR,Self-Made,Bryson Tiller,US,2
0QVvkAOstRG26pVYN95CeL,Carter Son,YoungBoy Never Broke Again,US,2
2lUDBd7JrgAMltcp6dcd7D,25 million,Roddy Ricch,US,2
2WWruw7ul9N7eqoHELyMc2,The Beautiful & Damned,G-Eazy,US,2
1yjY7rpaAQvKwpdUliHx0d,Still Into You,Paramore,US,2
7uDTc1eJwsD7iMZLhdp8LH,Who Needs Love,Tory Lanez,US,2
6WI33r2QRxyxttn3KH0XkC,Will - Remix,Joyner Lucas,US,2
6g0Orsxv6glTJCt4cHsRsQ,Formation,Beyoncé,US,2
26AuyrZGzWWiYZPSd3XBIg,Bloodstream,The Chainsmokers,US,2
7po7c8LzxTZ0ybU41qT5gD,Show & Tell,Melanie Martinez,US,2
6zpXc7WJ3TqYWb02B6sKyF,Bigger Than Me,Big Sean,US,2
2oJInAFXiQYLgz0jh9MrXf,Saturnz Barz,Gorillaz,US,2
6V9kwssTrwkKT72imgowj9,My Type,The Chainsmokers,US,2
3dmqIB2Qxe2XZobw9gXxJ6,Mary Jane's Last Dance,Tom Petty and the Heartbreakers,US,2
01uk7IzZyFNfQTDBXxx6NB,One Last Song,Sam Smith,US,2
1faIb3PPSzEifCHUOJ691R,Broke As Fuck,Cordae,US,2
5ymVfeMK8cDew5vzntTuc7,Sleigh Ride,Andy Williams,US,2
2rTnVB1bvwxHtaIl4uVu7f,Slide,H.E.R.,US,2
33SNO8AaciGbNaQFkxvPrW,Kiwi,Harry Styles,US,2
0W1ZfgXpC23RYQPDq7RM5I,"Pink Toes (Offset, DaBaby feat. Gunna)",Quality Control,US,2
7mcdgAXmb35dakBnfDIv3q,Narcos,Anuel AA,US,2
5eU0KDvZVfFl4ehleRwGGF,Sick and Tired,iann dior,US,2
2MnJoNVtf0pw7HUn3I1Tih,Bad Business,21 Savage,US,2
5i0eJv1DzuyhaYnro4wTKg,Crazy Story,Only The Family,US,2
4oLuMvGQ4WJfU2s4OM6nfE,Culture,Migos,US,2
12mGwph2YzDIlChtq3EdXP,Alone,Marshmello,US,2
7iAiOtm19uRwipMm7TH6lw,Zoom,Future,US,2
1CoYSKw2gTtSfrK2704AEz,I'm Not Goin',Gucci Mane,US,2
4vLBnQtece15fFhqWxZvJP,Your New Boyfriend,Wilbur Soot,US,2
4iVD0fTHGxV9JWloujsL3s,Double Up,Nipsey Hussle,US,2
4mXGooManGPH6xAWRAtRJU,Hell Of A View,Eric Church,US,2
0Z5ok0QLLttAKsujOZYOXf,Chasing Pavements,Adele,US,2
4XW5PGlQ3S4B8Bti7meocj,Fear Inoculum,TOOL,US,2
6Kq3dPaKCOeA1BcU3JgK42,Somethin Tells Me,Bryson Tiller,US,2
4xdHI4eFNst0vTZuuKrWjr,Black Hole Sun,Soundgarden,US,2
0RlsFYqkOzlg4ZxVQs9YJA,Lay Wit Ya,Isaiah Rashad,US,2
4FuRG9hTnc4s4EYb05st0p,The Little Drummer Boy - Remastered 2006,Bing Crosby,US,2
4u9Y4Z9i9VaAbBK7rW1Rha,Meet Me in the Hallway,Harry Styles,US,2
3IJPE9ICRq5PxVZxdv1sEv,Incredible,Future,US,2
2yBb1CRq98SSWRuDSn36SZ,Life Of The Party,Kanye West,US,2
1rLhKgfBTu7qGEz98IpQxo,Refrigerator Door,Luke Combs,US,2
3a2jFwnts4Cf0OwJbK61SL,Gospel,Dr. Dre,US,2
3CyICSGQGqUaFeYvMJgpnt,High Demand,Future,US,2
3yOs8FffuG6hPbzQG9lIqV,I Don't Know About You,Chris Lane,US,2
3V8vWoCbKbfjNrPaQ4YtSg,untitled 05 | 09.21.2014.,Kendrick Lamar,US,2
3j1xkzTW8owIphkWV51V9s,Like I Love Country Music,Kane Brown,US,2
5WNYg3usc6H8N3MBEp4zVk,Boredom,"Tyler, The Creator",US,2
4xmauQDU8n3QZ2kzfa3wTH,Ascension,Gorillaz,US,2
4B1rpPmQXwj78wk6aIGwwU,Two Ghosts,Harry Styles,US,2
60PTOzcoFycWBICdumIsFQ,FOR FUN,Lil Uzi Vert,US,2
33bURv895AN4FkBvgFo2dx,Woman,Harry Styles,US,2
7n0lXKEOaFxrAU0R93fIQh,Do The Most,Tory Lanez,US,2
0KCSJzsQVxkloxoT7dyrqV,The Rumbling (TV Size),SiM,US,2
3BDxv4ORzOpXAsa4lWVl4i,(Fuck A) Silver Lining,Panic! At The Disco,US,2
4cxvludVmQxryrnx1m9FqL,My Shot,Lin-Manuel Miranda,US,2
1U13SSgDOxK98L1FTWYrjQ,untitled 04 | 08.14.2014.,Kendrick Lamar,US,2
71X7bPDljJHrmEGYCe7kQ8,The Schuyler Sisters,Renée Elise Goldsberry,US,2
7KKh0ujp8agIiCrkiJhf81,Jangueo,Anuel AA,US,2
68m6iwhKElLTBaGRG1LLwE,Get It Right,Diplo,US,2
6pRoE3RdW4w1Fjd8epVWjZ,Use Me,Future,US,2
5ZX1X9Rl4zbx1Wwyn3idVD,No Peace,Sam Smith,US,2
0Xcy81PsJCOO6mhLZaQyQ4,Perfecto,Mac Miller,US,2
5sICkBXVmaCQk5aISGR3x1,Enter Sandman,Metallica,US,2
3Z3QhZAZpqwZa1phsbQ3JZ,Driving Home for Christmas,Chris Rea,US,2
3Ga6eKrUFf12ouh9Yw3v2D,Downtown,Anitta,US,2
0V5zAGdvO780GT3gtdxzLt,Andromeda,Gorillaz,US,2
4t2dQ3OQaAJQn52BNszPnY,Materialism as a Means to an End,$uicideboy$,US,2
2ZFrEp20VO25BXYhMxh0GW,Get Along,Kenny Chesney,US,2
3Osd3Yf8K73aj4ySn6LrvK,No Church In The Wild,JAŸ-Z,US,2
3QqYZWQLn0evKMIRlGJeeR,Bundles,Kayla Nicole,US,2
76DNqvSyzL9VCkhlnByqLf,La Modelo,Lean Trap,US,2
1n8wr8tRHs5jmBxNWXedcn,Bands,Shoreline Mafia,US,2
3hmrgEKcLEQi0rlk3mJfZ7,The Plan,G-Eazy,US,2
0j2WBxWZnWti5TpSxjJvPb,Love on the Weekend,John Mayer,US,2
37AGgp9VP8TVJBfEat74Bj,Candy,mgk,US,2
2Xb6wJYGi0QXwURw5WWvI5,Right Down the Line,Gerry Rafferty,US,2
4QtiVmuA88tPQiCOHZuQ5b,"1, 2, 3",Sofía Reyes,US,2
7EqpEBPOohgk7NnKvBGFWo,Wait for It,Leslie Odom Jr.,US,2
5byWPNSh2hi0ULmDxBgLyV,BIG PURR (Prrdd),Coi Leray,US,2
36HbtBrGbRWfeeSq50orF6,Moon Over Mexico,Luke Combs,US,2
4M2t7bP4Mq87mGMn0PObUX,untitled 06 | 06.30.2014.,Kendrick Lamar,US,2
6hLZzCS4E7AWo3PRBWy6az,Whole Lotta Choppas,Sada Baby,US,2
3nmfktGzQJe0B77Ilcce1o,LAMB TALK,Quavo,US,2
7sO0dVFCfixpLshm4daMH3,What The Price,Migos,US,2
3NeiYiBn3rQBgurfVk92Zm,Humility,Gorillaz,US,2
4sf2L157iEgAR7yrCNLgSq,Breaking Up Was Easy In The 90's,Sam Hunt,US,2
6SPYOjTjqvidDI24Hy9lwX,DrIP DrIp Drip,Tory Lanez,US,2
3jbT1Y5MoPwEIpZndDDwVq,Adicto,Tainy,US,2
0xta6Gah3inmeHbj0e3F9a,Headshots (4r Da Locals),Isaiah Rashad,US,2
0P1O6JO2i19etVxXqgPHpa,Lost It,Rich The Kid,US,2
79LAFAkR1ATb4iIQvZuCL0,Most People Are Good,Luke Bryan,US,2
5bBUDJUfGcG7eFy3Bf4fXv,untitled 08 | 09.06.2014.,Kendrick Lamar,US,2
3SawmGBjjq8EOYZJV11cJm,Only Wanna Be With You - Pokémon 25 Version,Post Malone,"KR,US",2
1TwQ0XtQfCgcstxhpOSg7t,Cry No More,G Herbo,US,2
1xa5pXOwLoxHuBDU0JiUdn,Eyes Closed,Halsey,US,2
3f5lA8nnc4YYF1qf78WpHw,Ella Quiere Beber - Remix,Anuel AA,US,2
7GqWnsKhMtEW0nzki5o0d8,Killer Queen - Remastered 2011,Queen,US,2
5tFgCPC2Hdw4qu9b7RkWhR,Lose It,Kane Brown,US,2
042nVrQvpEVrsrW6yeeHB2,Gucci Flip Flops,Bhad Bhabie,US,2
3WNx4pJLzQgYapuBWS4mUG,Shooters,Tory Lanez,US,2
6SkeXwlWEHhjSZPNVSpJae,Up Down,Morgan Wallen,US,2
0PpfPNtQOOvbMNVJijTQj0,Backin' It Up,Pardison Fontaine,US,2
48qaQk75LoWs5qgsZgbkA5,sHe,ZAYN,US,2
6gHWMJzCYkbDcsqKHoycJw,FaceTime,21 Savage,US,2
7L9g4cPfohScjJ8mGwLQWr,TEMPTATION,Joey Bada$$,US,2
5eFfsbjSouG8qOpg9ZqDl6,Downtown's Dead,Sam Hunt,US,2
4pbJqGIASGPr0ZpGpnWkDn,We Will Rock You - Remastered,Queen,US,2
42zd6DYQ4o4SECmTITrM1U,Dreams and Nightmares,Meek Mill,US,2
7vF3xkCMvZjAe2nTWY0uQZ,Made For You,Jake Owen,US,2
5wIeuNURiubue1VTcglU57,Woman,Kesha,US,2
3uFmweGlFudKNiX13XFwFm,Molly,Lil Pump,US,2
0luqG2fhUz17ncifrWqrut,Real Thing,Tory Lanez,US,2
0JnSoyZMTYZLWFVdVT1JFZ,you were good to me (bonus track),Jeremy Zucker,US,2
6wQlT5VQU5eM4NYBIJ6wO5,Bring It Back,Trouble,US,2
7vbjH8laThXpcBXeLNPm3M,Run Up the Racks,21 Savage,US,2
1UVuZnfWsGvS9TzZTVIkdv,Personal,HRVY,US,2
2FSGUA0gFgGeQdprjtGM2M,EL MAKINON,KAROL G,US,2
6tMdpUXfT70TD6Eh3XfB1p,My Ordinary Life,The Living Tombstone,US,2
341lTIxmhybbQsgydwJiFx,Stuntin' On You,Tyla Yaweh,US,2
4fLTtg48X0QtKrj0Jv8I3v,Hey Angel,One Direction,US,2
6FopJmIHgp2ADIHEDrJixZ,A-YO,Lady Gaga,US,2
4AFgK4wP1iD5i8BYaLr9Vf,You Da Baddest,Future,US,2
45w70aQhNwke1yrQZO0ffm,Do Right,Glades,US,2
2vvdTrdryjsl8DmPIMDWZU,EL BAÑO,Enrique Iglesias,US,2
5xVOqZL4oKJKcXgQvrfx2z,Bring Dem Things,French Montana,US,2
53MHr9cjIlwet0mpmqNvjC,Go Off,Lil Uzi Vert,US,2
6HL9fQAZ5jwajChlEIqVzf,Colombia Heights (Te Llamo),Wale,US,2
5cljAxD4iQ4cwWM3Lc49Ju,Low Lights,Kanye West,US,2
14EgW52HVqnLHd30bgbPxg,Darkside,Ty Dolla $ign,US,2
2UFOh8iMQ2DON7sl3lqGJH,Long Way Down,One Direction,US,2
6m6Oy3F6GG0zRwH03rWmTv,Still Serving,21 Savage,US,2
3wUX7HpXS382s1DHTRouVk,We The People....,A Tribe Called Quest,US,2
6jA8JUuPCGYjFcgw0AoM5T,Me Niego,Reik,US,2
2LKlHBPHxLG5ArAXfF148n,Lemon - Edit,N.E.R.D,US,2
1JuChOEPH0Rceq573FGQSK,Hymn,Kesha,US,2
0eneujAc4PxkdjP25Gsue1,False Prophets,J. Cole,US,2
4WfjYOo0JxommRm1PyObJl,High For Hours,J. Cole,US,2
7vg47qMIEdLfNdTE3WLf0T,Darth Vader,21 Savage,US,2
7sLDnUauivS2vN6Z9EfUJT,1942 Flows,Meek Mill,US,2
4nDfc6F2uVcc6wdG7kBzWO,Bom Bidi Bom,Nick Jonas,US,2
4dVJyyeCPEONr44NIrXvie,The Jam,Logic,US,2
4YmS7BALpAU0h4EAF4fYuh,SPEED DEMON,Justin Bieber,"KR,US",2
3SErMoIKdRELto2OspGs5L,idfc,blackbear,US,2
2q0VexHJirnUPnEOhr2DxK,Biking,Frank Ocean,US,2
5geeTRRcsIg0MS5TvtBtHU,Crew REMIX,GoldLink,US,2
1Mb187X5w3OUQNH6P5M28Y,Ex,Ty Dolla $ign,US,2
63OQWdXMq0Pe6pRpWY5gO0,Star Of The Show,Thomas Rhett,US,2
312WNtMs3F28cUukaPY9bo,American Teen,Khalid,US,2
6UUSdhj9yqzVum2YDIs3KE,My Favorite Part,Mac Miller,US,2
73mE3nfR4jSuJMGHmcGOlp,Cheerleader - Felix Jaehn vs Salaam Remi Remix,OMI,US,2
5tkDCf3xKRZjT5RbCb3sZB,Big Amount,2 Chainz,US,2
1aGOdZZE1uE0m3UYjcl3CP,Rake It Up,Yo Gotti,US,2
2rKmNEYrQxaOPZrOWKZpOc,Up There,Post Malone,US,2
7EAFj7eJcMF5koWSRJVZcL,The Fighter,Keith Urban,US,2
7pda6TLAbVGxUjIUtbiNt0,Dope Dealer,ScHoolboy Q,US,2
2QkwobFFcaQ9KJhi1NiB7Y,Girls Talk Boys,5 Seconds of Summer,US,2
48EjSdYh8wz2gBxxqzrsLe,Cranes in the Sky,Solange,US,2
3z40poMPmOkS6799tbXGKz,Whateva Will Be,A Tribe Called Quest,US,2
0WyFpxYlBCgH1gMXd26OOr,Flatliner,Cole Swindell,US,2
7iCeaYJSEdGWeFNTAEqUzJ,wRoNg,ZAYN,US,2
0oWdtU4ius3XfFkEm0elVq,Greedy,Ariana Grande,US,2
2VQc9orzwE6a5qFfy54P6e,Blessings,Chance the Rapper,US,2
73cnVqsbZygieKi8xF10sO,psychofreak,Camila Cabello,"KR,US",2
5VnpYqIzm02X9gOhVElQo3,Telephone Calls,A$AP Mob,US,2
1h33ETRG7JVDtGT7daBW5B,Solo,Frank Ocean,US,2
2LlOeW5rVcvl3QcPNPcDus,Always,Daniel Caesar,"KR,US",2
5LlsD7LdSMkGV4Iu0a2Zq0,Waste A Moment,Kings of Leon,US,2
6RBfz4bNLNzvt37HycN1Xf,Present,Khalid,"KR,US",2
6V68ItawQkQlZhYIf1S86C,Crazy=Genius,Panic! At The Disco,US,2
1QXg7pVx5hpAZWw8KIAcGw,Merry Christmas Darling - Album Version/Remix,Carpenters,US,2
4ztaHDRJVuQe61KVCIpgqw,You Got Me,G-Eazy,US,2
5hc71nKsUgtwQ3z52KEKQk,Somebody Else,The 1975,US,2
1QxIFMs4M8qd5cbJJu80v4,Skyline,Khalid,"KR,US",2
2EqlS6tkEnglzr7tkKAAYD,Come Together - Remastered 2009,The Beatles,US,2
0tISnxqgVmxqhVghsTi2Rr,With Them,Young Thug,US,2
26jrY21NkSefFPxpndtu4z,Of All Things,G-Eazy,US,2
2I0Q1wxFRdnDYtG6Q8W47S,Winterbreak - Tiësto's Deep House Remix,MUNA,US,2
3viZcRlE38APncWJ5VGM4q,Sober,Selena Gomez,US,2
3fwKVZ73y7UUGMyR6rVCRa,Golden Days,Panic! At The Disco,US,2
5eoZTdiq4C4aoEfUwAN0ha,"The Good, The Bad And The Dirty",Panic! At The Disco,US,2
1Ci4wASMY4xtKVMeHA6Sd5,through the late night,Travis Scott,US,2
0sHxp844QRmAnmTRObE2qM,Key to the Streets,YFN Lucci,US,2
4oWmroatZtMmlgc3havMrv,Writing's On The Wall,Sam Smith,US,2
0KiKfllNTmhImvXVIHqR0z,Young Jesus,Logic,US,2
0iA1unTbTbDOWUSlbwJ1pS,It Don't Hurt Like It Used To,Billy Currington,US,2
1N0j6Gw5lmfI7kipAgYcma,Mind Reader,Dustin Lynch,US,2
5qfZRNjt2TkHEL12r3sDEU,Everglow,Coldplay,US,2
6bM3GKo47KVgvj3gHdWS0U,Like Woah,Logic,US,2
10Z9RbwrTbQ0gQeNRJ2dC1,Lifetime,Justin Bieber,"KR,US",2
2YXYKrW2HtvLIVCMD3eXXj,James Joint,Rihanna,US,2
6y6xhAgZjvxy5kR5rigpY3,Chasing Stars,Alesso,"KR,US",2
02yRHV9Cgk8CUS2fx9lKVC,Anyway,Chris Brown,US,2
66ztPJrqqzwWTowxO90JZB,Fly Shit Only,Future,US,2
6PZpNMstpIiRenGK5UyG5D,Good Ones,Charli xcx,"KR,US",2
3B46hBinRy0KDDytDUmI21,Photo Copied,Future,US,2
3ylFvJfARlPKxGWAJv6Bvf,Hey Everybody!,5 Seconds of Summer,US,2
63Kd1PdGiJk3RYgZAenL80,Fine By Me,Chris Brown,US,2
2IuUMx3uxxJAHcH41aYtn0,Winter Wonderland - Remastered 2006,Bing Crosby,US,2
2R2f8j9YbaRTva04R4tDir,Wilder Mind,Mumford & Sons,US,2
62iE88Z0WJqRWnWlIWMdcg,West Coast - Rob Orton Mix,Lana Del Rey,US,2
1usLCyaUZ2y0uoPmKj1uYo,Reaper,Sia,US,2
7KLB6Jptw9wyQXkSLiO8qh,Might Be,DJ Luke Nasty,US,2
0osvOdeD3YXZiWkT8MKolJ,Lifestyle,Jason Derulo,"KR,US",2
5902W4uHWzhtOff1UK7the,When I’m Gone,Alesso,"KR,US",2
05BgC2247XGi8ySwBzOO0o,Heartbeat,Carrie Underwood,US,2
1z15fhSgN6U2k4gqA1Zu4j,Something New,Zendaya,US,2
5Y6nVaayzitvsD5F7nr3DV,West Coast,Lana Del Rey,US,2
771lQyKAtqXRpZ7iM4JsbP,Fuck Tha Police,N.W.A.,US,2
3BkNgzupdjdDgUkQ8ZfiEv,Alive In Us,New Community Church,US,2
7mP2XBaut3xUNz972eyUxl,305 To My City,Drake,US,2
1otonPYqofxM6B8ejJHXjg,Burn Slow,Wiz Khalifa,US,2
51EC3I1nQXpec4gDk0mQyP,90210,Travis Scott,US,2
6WKFO9WM8WatQexlcUgRRE,Brooklyn Baby,Lana Del Rey,US,2
3ek4HgBlmvkTWgfT5sTSe9,Drive,Halsey,US,2
2VPZMOVWSPVz7AQQj2KcXJ,Live Young Die Free,FLETCHER,US,2
47W8cXL6JXzn9WJojjAtId,I Hate U I Love U,gnash,US,2
6YhtdyvzbVL3mxrCdMtSxA,Uptown Funk - Trinidad James Remix,Mark Ronson,US,2
5O6yk6U8L3rTbFsIwuqe8H,Turning Tables,Adele,US,2
1PzKBUHhyD035EQM9GNMfV,Army,Ellie Goulding,US,2
7G0zCTiFXuMsLovPWU3BPQ,This Christmas,Chris Brown,US,2
6Dq3Jw7jNQ2XfdDsLhBsGk,"Win Some, Lose Some",Big Sean,US,2
46W2wkCzFerbeQbNz3EIaa,Smoke Break,Carrie Underwood,US,2
5z9x3YY4jnP5W9earHccWu,Back Together,Robin Thicke,US,2
4SBqydJCEhcroni09XgT2c,ID - Ultra Music Festival Anthem,Kygo,US,2
7hwFeYcUGP8IL2ledCR8Ex,Just Smoke,Mumford & Sons,US,2
1gqkRc9WtOpnGIqxf2Hvzr,On Sight,Kanye West,US,2
5cYZm4KeDKM8Pw8z5XRKJt,Wavybone,A$AP Rocky,US,2
7GtGeeChOx4NS77bqK8SUx,Ready to Run,One Direction,US,2
1Rq4GtIucW9CAcF8B6PAbW,I Serve the Base,Future,US,2
5BYSRfo4ocx0rO4rn1rn7K,Monster,Mumford & Sons,US,2
5UgsZiYk1lkEobuPHmRtWm,Girl Almighty,One Direction,US,2
4HnRDqwTESSGHC7JAB9RO9,Deep,Big Sean,US,2
4wuOxtRDeD9YiQOcmgay7e,Max B,A$AP Rocky,US,2
0L5gFNrzHyh4OhMwEz6DGS,Fool's Gold,One Direction,US,2
7GNsze9yYjuEYqZbehl9sc,Rhyme Or Reason,Eminem,US,2
7tpdug67Oc6vLljNx7lZGI,Where You Belong,The Weeknd,US,2
7s80NnSB9FYNetgXYz8QKF,Rockin' Around The Christmas Tree,Jaymes Reunion,US,2
1M0LbVsj6oLbcObEYtdXFo,Note to Self,J. Cole,US,2
3F97NSex1rBX2ekPQsHAsT,Bad Girls,MKTO,US,2
7KsJrA7gJkq9EEHYPdTYcl,Legacy,Eminem,US,2
6PjitpdnGluMNLv0VeCVe5,Raindrops,SNBRN,US,2
7lyBCsRPkQxkJuSznd8RFE,Headlights,Eminem,US,2
52NmkyHsGsHGb1UX8fTkMg,I'm In It,Kanye West,US,2
7FC1GhSAwnvdxRyYJQ0yvn,All Things Go,Nicki Minaj,US,2
6J9FgTr3z44Bw6ABeVL415,Pharsyde,A$AP Rocky,US,2
7Bxv0WL7UC6WwQpk9TzdMJ,Within,Daft Punk,US,2
0k1xMUwn9sb7bZiqdT9ygx,Beyond,Daft Punk,US,2
6aphz6iYE6b4gJ4vsbPJVm,The Crying Game,Nicki Minaj,US,2
7d0R90VzB45UWf3Aey0X22,Jet Pack Blues,Fall Out Boy,US,2
57yL3161hUMuw06zzzUCHi,Doubt,Twenty One Pilots,US,2
6Awse1ZNLjbR0z1iHVwrEZ,So Far...,Eminem,US,2
6ibWCCEne6WEqDBAv7BeXv,Clouds,One Direction,US,2
6ycYqFnXnjMOwMvEMbEpUk,Blow a Bag,Future,US,2
4pwnOQ2t6ufHIbou1kJ5Pz,Buy A Heart,Nicki Minaj,US,2
5nBUdWsCOEi6y5166bOh99,Favorite,Nicki Minaj,US,2
4lrC9aBnzlG9U5DDoHMnyt,Spaces,One Direction,US,2
4bqIFmnVAsndYWuXxAwQet,Act My Age,One Direction,US,2
0fySyVgczjbjbxMwNrdwkp,Leave Your Lover,Sam Smith,US,2
511stzj94eZPxWOLFuqREz,Gold,Imagine Dragons,US,2
6T3kHlJAwEZwfzy0q3K86c,"Sugar, We're Goin Down",Fall Out Boy,US,2
2m0HT6YzBjf3tJnrn1542Q,Heaven,JAŸ-Z,US,2
2skzofTV9Ys3eN70pghEHL,Change Your Ticket,One Direction,US,2
5GhJq5J9ZWIEDZdyw7EWzt,Real Sisters,Future,US,2
1vWBbt0kwG2eENxsgJBDWw,Broad-Shouldered Beasts,Mumford & Sons,US,2
5MhsZlmKJG6X5kTHkdwC4B,I'm an Albatraoz,AronChupa,US,2
5b7bw99d54cVx1kEJHqGA1,Beach Is Better,JAŸ-Z,US,2
5ohiklvvNq3Imt1bkH0FrH,American Beauty/American Psycho,Fall Out Boy,US,2
7iEo3ipnJoBKW1ejz9vPYe,Bad Intentions,Niykee Heaton,US,2
5pzVYgKZS2NYtcvGWfK5G2,Backpack,Justin Bieber,US,2
2KHRENHQzTIQ001nlP9Gdc,Contact,Daft Punk,US,2
0ftpc9EOGzCOFzeTioekK3,BBC,JAŸ-Z,US,2
6GmkJJMe9U1tEcrJ3Hq3A1,Polarize,Twenty One Pilots,US,2
79koEJRtKOOGJ0VSAF3FMk,Motherboard,Daft Punk,US,2
0IedgQjjJ8Ad4B3UDQ5Lyn,Fragments of Time,Daft Punk,US,2
3nHbQNMuGuEtIVhPGVfFbF,Better Things,A$AP Rocky,US,2
6oztjkmPuV8iqw8Od7cjsa,Everywhere I Go (Kings and Queens),New Politics,US,2
60BVxPevV4Jr3Dj4M7Md0z,Good Lovin,Ludacris,US,2
6XVhftVkMt5Eo50gyBUltu,Only Love,Mumford & Sons,US,2
7LVHVU3tWfcxj5aiPFEW4Q,Fix You,Coldplay,"KR,US",2
20fAoPjfYltmd3K3bO7gbt,Stick Talk,Future,US,2
6L7dnAXgUzJCJGJknplfG7,Weekend,Priory,US,2
3RySVukMPe4R7lAP8oGI17,West Side Highway,A$AP Rocky,US,2
1jmHb63g94JWrQC2lN3LKK,Cold Arms,Mumford & Sons,US,2
3e6s8Z4MRSNgvNhVvpuUiw,Ditmas,Mumford & Sons,US,2
41FxRrhwqe2LvFcU3WapS1,Back Home,A$AP Rocky,US,2
2GPaAr882x4ZteZnxywolL,Arrows,Fences,US,2
0FA8Pw164j1qW4YEfpaVRy,Rotation,Future,US,2
713OHccA7nAHi1yo5EjZzl,Bugatti,Ace Hood,US,2
6T2vocVm6BFUo4OipxEEmb,Groupies,Future,US,2
7cmu369bIyXA9M6jABDsMS,Secrets,Mary Lambert,US,2
7elDiCv3YYTvleiVftumV5,Phenomenal,Eminem,US,2
7unZ7zDyrTs2L7167dqm2Y,Freak Hoe,Future,US,2
4Bt9yX2Gq7Q1biRF45EN1C,Lil One,Future,US,2
6TwfdLbaxTKzQi3AgsZNzx,Daylight,Maroon 5,US,2
1xmctspTzQxisNXKY6Gxf6,Don't Wanna Fight,Alabama Shakes,US,2
6ST7cNaZJ7xqgqUVDpYz9e,Who Do You Love?,YG,US,2
6dCAwfYpyw8yKHpBNckgAM,Sure Be Cool If You Did,Blake Shelton,US,2
7K6LFPfjdnN6QqvGzhvpRO,Like Real People Do,Hozier,US,2
2onCHFrhTinyUc6OawwU4Z,Rich $ex,Future,US,2
4Oyl6oYSNeeZZP0OAxPVaU,Message Man,Twenty One Pilots,US,2
22OqansuvEMQu9W0EfiGTI,We Don't Believe What's on TV,Twenty One Pilots,US,2
7sGZDsOCYpvqkIv8eH4jOG,Slave Master,Future,US,2
2JqNypbkqPNtCLBeuUqmnm,Dreams (Interlude),A$AP Rocky,US,2
1yCVsVH2hQ72SxNI8QTDaB,The Percocet & Stripper Joint,Future,US,2
4sqK3chS8d96laonwg2xVq,Cold Hearted,Meek Mill,US,2
7e8leMfs0mZpSZ9FZ42MiT,I Don't Get Tired (#IDGT),Kevin Gates,US,2
1jk9c0gZI0wbn5GvAj7PBV,Check,Young Thug,US,2
1Gzv0cMy3xm7sgN5gd7WkU,Sun Is Shining,Axwell /\ Ingrosso,US,2
0gofTjF3sOsAX1ZDhU5xx1,Ryda,The Game,US,2
5EkuOFd5T2c2ceITcbB0CW,Baby Blue,Action Bronson,US,2
5P3yUXUC9rZPJPNmYGKEAz,Goner,Twenty One Pilots,US,2
7qxjGHW485TL8ciwkHD5MK,Not Today,Twenty One Pilots,US,2
40sRwFjfrRnaTdYPJIg4CP,Hometown,Twenty One Pilots,US,2
3qcTnkyiU6w416H1Yo8Oio,Puss (Prod. by Rhymer),JIMIN,US,2
3wO19rAQ7aya5YFPQ6Ts0A,California Roll,Snoop Dogg,US,2
1Qg0JhbqPhYki1a5bv7NgH,Save Me,LISTENBEE,US,2
6Cii1ZyAnPza5Z1CUHbRhw,Like Me,Lil Durk,US,2
0rUAPRZSwifI4HY8dMqJ40,face the sun,Miguel,US,2
3dEFa9KjOLEZl980ctEEv1,Ship To Wreck,Florence + The Machine,US,2
15X35tF6ZanQFygFEz87ky,Back of the Car,RAC,US,2
0LJDalpISq604gw21RVwIV,What Went Down,Foals,US,2
7EcMaRZ5PeKgsF1PhpXUZf,How Bad Do You Want It (Oh Yeah),Sevyn Streeter,US,2
0TwBtDAWpkpM3srywFVOV5,Crazy In Love,Beyoncé,US,2
451GvHwY99NKV4zdKPRWmv,Banana Pancakes,Jack Johnson,US,2
5IxXl4qLDoh16PJ5E7lnql,Around The World,Natalie La Rose,US,2
2WZc4I9CUOD0ZPoWOjJgIx,Delilah,Florence + The Machine,US,2
0FxnKrx0noMmQWusERQ2O7,My Kind,Hilary Duff,US,2
02IxhazqV9GcLz2dJYm6an,Bang That,Disclosure,US,2
0lHAMNU8RGiIObScrsRgmP,Titanium,David Guetta,US,2
33HucJaMg7OBQLqmaVx58p,Video Games - Remastered,Lana Del Rey,US,2
50bNVLLx2S3BjsWm5Npdk7,Pony - Single Version,Ginuwine,US,2
4IXiFMhtXEbSEG8UoAeTwD,Go Hard or Go Home,Wiz Khalifa,US,2
2bl9hO5BkcBgvY1hucWHQ2,Off The Rip,French Montana,US,2
3Z4BxvgOJ8KupcDIV3OV2f,In Your Fantasy,ATEEZ,KR,2
2L1dsjU3R3U4SX27qIiPrq,Skibidi,Girls' Generation-HRS,KR,2
0dt0DccOIWLtzX45F6uZ1I,MAMA (Feat. UNEDUCATED KID) (Prod. by Lil Moshpit),Lil Moshpit,KR,2
2CO0qu8M2UrT2IxRdYbGOg,"R.I.L + King′s gambit (Feat. ZICO, Gaeko, Sik-K, VINXEN) (Prod. by ZICO, Crush)",HAON,KR,2
77U0fCBBkM4MfTBUZBzaF9,4AM IN IBIZA,Mark Vank,KR,2
40qwbrvCXsiOPh9xOupCMp,DNA (More Than A Game),Andrea Bocelli,KR,2
4XdW9YaG8lXOYXswzxmuEB,Blow Your Mind,Yorch,KR,2
2i47cFChkfqOd1zCfdsltH,Problem Child,NOWZ,KR,2
2kpmBZqu52h6uCZXFTIXJK,Lemon Drop,ATEEZ,KR,2
2myJJbL0e5qY2VkbqErKJN,"New New (Feat. Jay Park, BIG Naughty, Lee Young Ji) (Prod. by GroovyRoom)",Tray B,KR,2
4GgwuDH7G6WxsAw2wWDsaz,Camouflage,aespa,KR,2
4fLEhL7E1SJhvZNL4ZSCpW,2 Chainz & Rollies 2026 (Feat. The Quiett) (Prod. by Lil Moshpit),ZENE THE ZILLA,KR,2
7xKWA46U2YLr2fcJVpx8I2,SOOM (Feat. Crush) (Prod. by Crush),HAON,KR,2
16VomaSiUmaRdubMxh4FyY,"paw, paw!",ILLIT,KR,2
3TPPESvMtVS5zt7FAX2M9n,SWEET SOUR,KiiiKiii,KR,2
2X9RbCpuBRR6ztXn83AK5U,"You, You",TWS,KR,2
1JymZBT39MAPXffPcKkaPW,What's a girl to do,DAYOUNG,KR,2
3NXNXRW5tDFiLre0EpSDkE,METRONOME,izna,KR,2
3ylp1dzetwndaWcpHBQUXv,Ever2Late!,KiiiKiii,KR,2
7oo5LoPOZh5GQ1k0zQyp91,saranghae,CurlyBand,KR,2
2SYd2f0QpEelLsoMqQSXus,2.0 (TWO POINT O),NCT WISH,KR,2
0VGeaj4sDq9UnwzSxiVgkZ,STAY on FIRE,Sik-K,KR,2
23PT32JYvOlXt37SGQnwGB,Like it,Yoon Jong Shin,KR,2
3xTcC2GxIavh97lAkIVHw6,Motto,ITZY,KR,2
3Gpdzw72aBVJSrm5J1leVK,"헤어지지 못하는 여자, 떠나가지 못하는 남자 Can't Breakup Girl, Can't Breakaway Boy",Leessang,KR,2
5bI8Nv7j6qlPZWCKvkNI3Q,BOY MEETS GIRL,NCT WISH,KR,2
7gpltSNRhehG6t8mX5Y3RI,Shiny Star - 2026 ver.,Ha Yea Song,KR,2
6tesMK7YkPOig4yPffZNEP,Passionate Goodbye (Feat. Sung Si Kyung),PSY,KR,2
1L00vG2kGAmaAw47GQUNNI,I'll Never Love Again,WOODZ,KR,2
6jYIzFli1Conyd8FLR3Zov,Bubble Love,MC MONG,KR,2
54tBIDmNdxGp04gPNWCCbi,How Sweet (Instrumental),NewJeans,KR,2
7H9e5GKSY1PQTW1edqvHb9,Episode,KANGDANIEL,KR,2
5VWjUgKTeDoX5GJGgfUSXM,"Yin and Yang (Feat. DEAN, PENOMECO) - FANXY CHILD Ver.",ZICO,KR,2
7bUyB6btwXllCHQhNBWZ2C,in the pool,kensuke ushio,KR,2
1qaQyHIAzk6vAMEhACi0tH,World is Mine - Kaguya&Yachiyo Runami ver. - CPK! Remix,ryo (supercell),KR,2
0kmEQrcYk6anjGIqOp5C2I,Kill It,aespa,KR,2
4823f9W4xmR3n1BebPyNaR,Supernatural (Instrumental),NewJeans,KR,2
7BRP4zawz4T1PhAdj2Nr4Z,COLOR,NCT WISH,KR,2
38pEX03GFZ0PfFDaOrpKOM,Bad Desire (With or Without You),ENHYPEN,KR,2
7wEmOuZxqVJDPvArxyaSBw,Mondegreen,데이먼스 이어 Damons year,KR,2
3v2tiYwjQ7ld3O9kQAoVsE,Ember to Solar,RIIZE,KR,2
6PYyVPaD3pzSbrdQKEDHm6,Promise,Wonstein,KR,2
3Mx87CknATHrk0QVs5q7nj,Live In Paris,BOYNEXTDOOR,KR,2
3wBeIjb0vtiTwIQPce2stZ,Love Language,TOMORROW X TOGETHER,KR,2
4SinziOMDPR58wWHakWP9v,Good Day 2025 (Telepathy + By the Moonlight Window),G-DRAGON,KR,2
3JqLJslhKt5BMClN2utLiv,Chains,Love Is,KR,2
4pi0Elz7B7cLfw37J3bYm9,Growl,EXO,KR,2
2HhIndg75YiKjuUgGiMjSA,Air,YEJI,KR,2
6IYvOX6K6tbBmj00JRU5Rw,Beautiful Strangers,TOMORROW X TOGETHER,KR,2
1FavaeOrzS5LtUz0ftzPdU,Zombie,MilliMax,KR,2
5VFCXa64nmh1ivo8cKmqjy,24YB (Intro),YANGHONGWON,KR,2
0XWf8CRB6IptewumZDi5b6,WANTCHU,keshi,KR,2
4dIhOd9VXoBDsq1RUO6rvK,Well…?,YANGHONGWON,KR,2
4fqWeOA8LcipNx6NOlFqtM,1000,NCT WISH,KR,2
20s4CVeJ9VgW2jdNLKr1EL,"잘 지내자, 우리",Choi Yu Ree,KR,2
0hRr7x68aApt0TX1AIAA9W,깨어 (Are You Alive),tripleS,KR,2
3krJCIstTKbY7BH9dOJ6Uj,Flowers,aespa,KR,2
7bsNhzXyqkgr64SibwXbGD,Red Sneakers,IU,KR,2
49txvOVNLAHwG9bMtdKP6a,"Flights, Not Feelings",aespa,KR,2
5voKDnuTGXBnIZbAqWnb8R,Ghost Girl,TOMORROW X TOGETHER,KR,2
53T5mZuqAjvm0pinUfwIXr,Bird On The Edge,LEE MU JIN,KR,2
20JYmd4p72UjSiF3DLAHXA,Odyssey,RIIZE,KR,2
64OBIfBNnGEQ22tMgk93YE,October 4th,IU,KR,2
4dA19AW8ehIYVOScdWu4IT,May the TENDERNESS be with you!,JANNABI,KR,2
6UuivqCFXWCZDDEAJACA3S,"BY COLOR, WHITE COLOR (Feat. KOVV)",YANGHONGWON,KR,2
04PSKcBV1ad3QEmmnZCn2N,Supernova - Japanese Version,KANGDANIEL,KR,2
1ajXUIVrPdWBeskIrHrYUt,SAHARA,YANGHONGWON,KR,2
2YUUYGB1kMtXKTQ6ajAjTA,High Horse,NMIXX,KR,2
4SbfYv8PHH5KOxLLOUBxex,Silly Dance,NCT WISH,KR,2
3RUVLIRUNA3KHLt8pd8PL6,Golden - Acapella,HUNTR/X,KR,2
5mxK8CuKCqxW7HlBjBtmRS,Red Sun!,VIVIZ,KR,2
3hCNZGL794VRnTB20oEYp3,Hero Death (Feat. Sion),BIG Naughty,KR,2
4j0W96NZvBFqwIyhCb9uGX,Unconditional,JAEHYUN,KR,2
4w8zAz3oVqVa5OMteT0TuV,Design,NCT WISH,KR,2
31UtyhPu6vu9LJBzoygDiQ,IYKYK (If You Know You Know),ILLIT,KR,2
44qlcokPO2RjD8791ohJFR,Bored! - NINGNING Solo,aespa,KR,2
2xoA126GEgFhrYzRaTH7E4,Spark - WINTER Solo,aespa,KR,2
6pIuPm3u7QgUFAX1V0D9wY,Dopamine - GISELLE Solo,aespa,KR,2
1UoXctDvnI2KLshhi6SpE4,Ice On My Teeth,ATEEZ,KR,2
4D4ZahE2dwJwvrmJVARlgk,PALISADE,YANGHONGWON,KR,2
1tDvNjVn4dRAMwp9nSpndC,Mine,aespa,KR,2
3druZC9WrM7UUv82PX0SfA,Crazier,LE SSERAFIM,KR,2
4zXViIlvKDAjvIG5Keff87,A Boy,G-DRAGON,KR,2
3yRdRil3CldYFNS3eYAf1X,Tangerine Love (Favorite),NCT DREAM,KR,2
26afS9UlHQBInOGsPDlWlj,G.O.A.T,TAEMIN,KR,2
1BIDArMQ6U9u9GbnUYJ90R,Stinky Kiss (Intro),Beenzino,KR,2
15cQVPbbwv0sZXrHRIAZeX,When I'm With You,NCT DREAM,KR,2
1nz7kG4CUPMQHp5hRVKOtc,Say Less,TAEMIN,KR,2
0yk26h1woY0vi3q7etlF94,Just Another Girl,aespa,KR,2
3vyPgFsMkRil69QdxtMiUG,BAD BOY - KR Ver.,BIGBANG,KR,2
4UToDzb0OxKTPQNZt1aL4x,Shxtty Game,DAY6,KR,2
61Jmp8gGCF2pZDlGZ3d9D2,Help Me Rock&Roll,DAY6,KR,2
13pBzwQaDMXfIjFKa44uEv,The Unknown Sea,TAEMIN,KR,2
1nS7nL6Kyh8p0DOglJTdfD,Even for a moment,Sung Si Kyung,KR,2
6f0DlyudChM3b2olFTsr7d,LOCKDOWN,ISEGYE IDOL,KR,2
0ATIeBo4fQnecpNzm3CUFm,UNLOVE (prod. HONNE),Zion.T,KR,2
5royC4vK6AQGfkRwbnL0Qa,Still There,DAY6,KR,2
44h13LO85kPl04MrAKMA9j,Crush,TAEMIN,KR,2
4G5DHbtJTydBqRPNPmYr3p,Dope As (Interlude),Beenzino,KR,2
7bUezNEU1BnjkbYrG0KP2Y,Deja vu,TAEMIN,KR,2
0guoHdAofMWLQELiKSZfsf,Starry Night,FIFTY FIFTY,KR,2
0ioPVzKGYu2TTbZZ5Wo4Kd,Walk With You,NCT DREAM,KR,2
6kEU60ykxhb0shZMTiPWZL,Smoke,JAEHYUN,KR,2
4BZuHDcmgmRaAwPd6IO7MY,What Should I do,GIRIBOY,KR,2
6t34W4GkIQxh0RFDEj30jy,Trippy (Feat. Lance Skiiiwalker),Beenzino,KR,2
3bqmErC7qZn0BMQHGfnxby,Dandelion,JAEHYUN,KR,2
3UQqoKVHxCodlqcdy8yeLb,Golden,KEY,KR,2
2T7gEWrBetDarvBXexyw8Z,Moon,NCT DREAM,KR,2
4yjDMKCAeLovlo9ih0AgXW,OMG (FRNK Remix),NewJeans,KR,2
4xun4NeTMbv8dCzORoPA0w,Overthink,KEY,KR,2
14uc1xI1MOdI6w4Yia6Cz7,Stranger,Zion.T,KR,2
1l4aQeJKuPVUVtMVZw1fTf,Long Chat (#♥),aespa,KR,2
0oDDoTLcHPMnHJNmB2Ts40,COUNTER,DAY6,KR,2
6JVXVLqCPaodBSEwRFUN8w,Ditto (250 Remix),NewJeans,KR,2
3YDuuc8zxwDHVNCeLHRKms,Radio,Beenzino,KR,2
1v4Jh705vsTcn74IMDNa4s,Take My Breath,NCT DREAM,KR,2
3lboRjzlrZ8tFxR0y59Yny,I Know,KEY,KR,2
4UXmlYr1AbcsWsIbrUz2DC,Good Bones,LE SSERAFIM,KR,2
1dfAQuOg86yN3iOuvJP8jd,Camp,Beenzino,KR,2
2hqn75Y9fEzL0qPoPRXCvX,Fire,SEVENTEEN,KR,2
7KUb5GsTcXfpG0phkbL2mR,Let off steam,Leellamarz,KR,2
3LUi9n9mMOR1eK3kle7oCe,Combo,RIIZE,KR,2
0sNfFxw3pJkVmRsgY781vM,"FEARNOT (Between you, me and the lamppost)",LE SSERAFIM,KR,2
6mSCY4xjKyt5xLlgOXXHSk,Slow Dancing (FRNK Remix),V,KR,2
3SJuomeDUOX6OAWwhH973s,ICN > YVR,BIG Naughty,KR,2
1t4a4bAObtfBiiNo0a0vle,Gonna Be A Rock,BOYNEXTDOOR,KR,2
0y7bQzg9ksTSEGUWQbquQb,Gym,Beenzino,KR,2
1VQwQsaa6aUHg9gQP0llyU,Sunﬁsh,Younha,KR,2
5KyOUICJIvO0z71MBdPGiX,BOUNCY (K-HOT CHILLI PEPPERS),ATEEZ,KR,2
4hm8BZ7nLceFNZUexWTxx4,530,¥$,KR,2
1FpVJ7HpZInE2GvhVE2TwT,Legends Never Die,League of Legends,KR,2
74cpuIw43kA8xPgbQEPdss,Flash Forward,LE SSERAFIM,KR,2
1hYQUY06GbO7YR8QeO7Qdk,On A Ride,Red Velvet,KR,2
3x6unDluyCL4v5AeGrAVGA,Balloon in Love,SUNMI,KR,2
2nW48vXnZZ5EYka46v7GOk,Attention (250 Remix),NewJeans,KR,2
7rIXkPCaibFJTs4rKS29OS,April shower,SEVENTEEN,KR,2
7cl2rrUX3x8GVDF7Du2Bnf,I GOT YOU,TWICE,KR,2
3Jshe6lnGtBKqEJosdHa8M,Melody,aespa,KR,2
5NxmDq0yXBYGfCbMqvIXuv,UNDEAD,YOASOBI,KR,2
4uagvpI1cLBr4CX6lKItFG,UNKNOWN,NCT DREAM,KR,2
2cZtazNq0IRRFymK7UaRa0,Melt Away,TAEYEON,KR,2
7rEoxvquS9aZYSe6wM4REi,Architect,Livingston,KR,2
3BhyxulZ13uWZS6LqiYiCj,Cheeky Icy Thang,STAYC,KR,2
4lAVyAcjOFWqxTcUACeFt3,Change,Beenzino,KR,2
1HHsrROZRpv7NN9Hy72JLq,Hell yea,Leellamarz,KR,2
78BNKlQLeKRQxkqKI11n2F,"Crime (Feat. Bek Hyunjin, 250)",Beenzino,KR,2
32W1dyO4NTHAthKprlz1vd,BONA BONA,TREASURE,KR,2
7BIKVETLdqi8hWKPVKTtMo,Beginning,DOYOUNG,KR,2
45xiC13XQsLhV57FxQLlLV,LALALI,SEVENTEEN,KR,2
54Nmnszi5JHkDad4HJ5Cul,Get The Hell Out,DAY6,KR,2
7y0jebgMdsAEofK2Ye0e6g,Sunflower,Red Velvet,KR,2
31jZYFQEtq0ud5y9fDN4cw,Slow Dancing (Cautious Clay Remix),V,KR,2
55q5IR87NQcWjFfosyAbOS,9 Days,RIIZE,KR,2
6dmMXI9tVrDgFmxpjttZmF,LOVE,i-dle,KR,2
7hISGBkDeWIXNhEwYpCTCy,Nirvana - Solo Version,KANGDANIEL,KR,2
6CUKsv928uT4561qJovhhG,Hype Boy (250 Remix),NewJeans,KR,2
44mJS0YRReMdwrY0jFu9Cd,"Holiday (Feat. lIlBOI, GIRIBOY) (Prod. GroovyRoom)",BLASÉ,KR,2
53Hz9bD45MzeIRHqaBIctp,Pure Blood,Dareharu,KR,2
3oTDi9MWC0JB39FcsLRon3,SOS (Prod. Marshmello),SEVENTEEN,KR,2
3FAmnX3nUGsue2TcNEnq0t,Miracle,TOMORROW X TOGETHER,KR,2
4OSVR8gq2l3ceJiXNR7iiM,BYE BYE,Red Velvet,KR,2
2iSkLo11WjyzRVdxeSMkCf,HELIOT EMIL,CHANGMO,KR,2
7q42PoHsjWMNJOxg3mn2rM,Ghost,KANGDANIEL,KR,2
1v520W6rEa0nB2vvqAxnU3,"WITCH (Feat. Jay Park, So!YoON!) (Prod. by Slom)",Lee Young Ji,KR,2
04xYbJK43PdehhM2AA4fhi,Selfish,KANGDANIEL,KR,2
4Q1mkQI9zKjEPsbI19hpsN,"Name Tag (Feat. Sik-K, Coogie) (Prod. GroovyRoom)",BLASÉ,KR,2
6SKwQghsR8AISlxhcwyA9R,Marry You,Bruno Mars,KR,2
05RlBHEZg1RmL9DnPgv9Qq,Fire in the belly,LE SSERAFIM,KR,2
7FXAik3QQacggiaSJ2QTbA,COME TO MY STU (Feat. Leellamarz),QM,KR,2
171vXOYrexGMVNEMA5rs00,Heroine,IVE,KR,2
68Jm50sJpUdqu3IyMdFaXp,Sad Ending,DAY6,KR,2
16tDqrBYdacZT2UTYoOIed,Sanso (Interlude),Beenzino,KR,2
7uRWaWF70gvKmLhpY3FuaJ,WISH - Korean Ver.,NCT WISH,KR,2
6GukZESVRKPnnz4vZGUNxC,Only you,Tophyun,KR,2
3VQH9MYoFvxmXmWECnqdRg,Just One Day,Beenzino,KR,2
1tzeAVyGwvoHcVzDit0UeT,섬찟 (Hypnosis),IVE,KR,2
7n1yuwnzs5jTEitJ7eecS8,미쳐버리겠다 (MAD),BE'O,KR,2
7gJD9BarjoFwL2BNQ0rpWT,ファタール - Fatal,GEMN,KR,2
3MUmPh3UxWs9p25e6B3M7N,Love Is Ugly (Feat. Hwa Sa),Jay Park,KR,2
7CHDUDw89DCR8vvI0yTXGa,Beautiful Restriction,NewJeans,KR,2
6jegxcQgUGKzQPnNa04vdn,동창회,TimeFeveR,KR,2
60Uio68M57PwKEgZxSutL6,'Til We Meet Again,aespa,KR,2
4lIAPwAU6R8PAy2WhykC4i,#menow,fromis_9,KR,2
6KgkuACjbs8BCaGwwZt4Fj,"Diamonds (Feat. lIlBOI, Spray)",BLASÉ,KR,2
4xzrnTQ0CVRj6LBisVyTum,SOMETHING AIN'T RIGHT,XG,KR,2
6wXYyw7TBQlJ0qh3RNP8MD,Change,i-dle,KR,2
2wsRZURBbDbaQUuVT9piu1,Mine,IVE,KR,2
2nL60sTHzYNKL8uaStAXDy,"BAD BAD (Feat. Tabber, Jay Park)",CODE KUNST,KR,2
3MOa6IKagO2lT9n0sI8fZQ,I NEED U - Spotify Singles,ENHYPEN,KR,2
18OjYSOz2ryc2vLmAeG2de,ZOOM,Red Velvet,KR,2
6JpjIy1M7oxvPJ3uVdUKTe,Creep - Acoustic,Radiohead,KR,2
4WRzvrqXTdzpEB6KaO1Oqh,Go Back,Jvcki Wai,KR,2
6tQEQqw6LInoszJ1k19v8k,Burn Up (Feat. Dynamicduo) (Prod. R.Tee),rosy,KR,2
05aq7OhxdoLiUKOigmiqcj,NOT YOUR GIRL,IVE,KR,2
6faF0N0fecqw3dopttNP9i,Panorama,LEE CHANHYUK,KR,2
3k7FTBQkstaBcYHamx9jqe,Beautiful Christmas,Red Velvet,KR,2
0pRlrqpg3TDfwtlUanEAz1,Sensei season 1,SILKYBOIS,KR,2
767c0C0cjoaQuiNl4CGXuL,rain bird interlude,CODE KUNST,KR,2
4axTxw4EXSVSGm6f6vxTdZ,Designer,NCT 127,KR,2
5xqdvCH8vYWqk90X0HJ2z3,I Will Survive,Gloria Gaynor,KR,2
1hncbzqfhChm8PS0UeoVY6,Rock With You - Spotify Singles,Jay Park,KR,2
0MMIrw3mCssQj4uqJlBzdp,LUNCH,BSS,KR,2
2L7hSYdvF0CtaM6JisfKEG,FREEZE,Stray Kids,KR,2
2xo84jGkxFPrZmmBtS3Pkd,Lonely St.,Stray Kids,KR,2
5Av3flFGhQPu960OvjeNhm,March,SEVENTEEN,KR,2
1UbjPSgETXPg3bdzYLCrhO,Daydream,MONSTA X,KR,2
6Zr6W8j3jJ3z50XsBCvm3e,Beg For Me,Red Velvet,KR,2
1XeOqgzh2fZhmgxnmyiIJ8,残機,ZUTOMAYO,KR,2
0fN27m84ofEpWHGwJ0THYz,Forever Only,JAEHYUN,KR,2
1kORQ9Qdgh9K0orCWx7FwO,Ride 4 U - Remix,KANGDANIEL,KR,2
0JosgxxZKZ87QbW5TISJDE,The Hydra,LE SSERAFIM,KR,2
0jXneVxiitQZsbtftH7HHJ,BAMBOLEO,Red Velvet,KR,2
75hcx0Zao2wGlveS7kLIZo,"Way up (Feat. CAMO, JUSTHIS) (Prod. R.Tee)",rosy,KR,2
5cTnKClHyczcUhFT8MKBZe,HALAZIA,ATEEZ,KR,2
2LzRBroL4J9pXLf1Nsen4s,"Waiting For Us (Bang Chan, Lee Know, Seungmin, I.N)",Stray Kids,KR,2
3v5o91PrUtf0nmO6j8J7dZ,LEFT RIGHT,XG,KR,2
0R4axRx5Y4rwYY22UZhx2e,LONE RANGER,MONSTA X,KR,2
1IdM9JrXYuMYiTdM983oH4,"Not Spring, Love, or Cherry Blossoms",HIGH4,KR,2
17WqzLortqHvftKKGRAxXu,Crescendo,MONSTA X,KR,2
1DzJbVkBELu6jDu6q0T0tk,Nothing Is Lost (You Give Me Strength),The Weeknd,KR,2
7Kg8zkls7jEP5H89mCG1vz,Deny,MONSTA X,KR,2
1sjObenL1HryPaQOiMDVZ9,Domino,SEVENTEEN,KR,2
6b5UB8AvYPTYP5AC99BYjB,Reset,i-dle,KR,2
0oHn3CGVerdfLqIrN6CT42,"Muddy Water (Changbin, Hyunjin, HAN, Felix)",Stray Kids,KR,2
2lsXJ7F3QYJrQ9cQ9Icx1n,Parade,KANGDANIEL,KR,2
4T9hw59r85ZkesNoYWQIJg,Arcade,NCT DREAM,KR,2
3lUOzabhWYyRImRszpJGOU,CHAINSAW BLOOD,Vaundy,KR,2
25osmdhvjltPlN7gI2Javd,To you,SEVENTEEN,KR,2
31t6jN64Fweo6BmYcMFbg2,The loved one,Yerin Baek,KR,2
7pDDXE5HVFZBvMxjL4CjVp,COOL (Your rainbow),NMIXX,KR,2
5RT8qSUlKvZqnJDjxM5Oma,It was me,Yerin Baek,KR,2
0a4svaW6XiBnyoXECjcmGw,It’s Yours,NCT DREAM,KR,2
4ubg38wkWizzLsQwLuE6rM,In My Dreams,Red Velvet,KR,2
0c2wKRwXpqSCBrAImEFCNf,Knock On Wood,Red Velvet,KR,2
42zMiF3EFBg5CsYbgKdhj1,As You Wish,WJSN,KR,2
4Qs0LHbUWwhHFQ7iflUfht,CHECKLIST,KyoungSeo,KR,2
4j8hB6XdIYspmYbFsBk1DD,Teddy Bear,NCT DREAM,KR,2
4JmRth9mDEINhUNIpDYLQi,Summer,JANNABI,KR,2
5kU7ejlQb3T56BIwYOiudl,Drive,NCT DREAM,KR,2
2eMgUo649JZjeZiGBECUtZ,Hyperstar,CHANGMO,KR,2
12jngD7Hu6if6sIzPkO2k4,Anyone,SEVENTEEN,KR,2
2ohOA4P55RsoU1bOanNGyB,Saturday Drip,NCT DREAM,KR,2
1YDFQz3UvYXhpySIW6BriH,My Little Lambs,The Black Skirts,KR,2
1DX08glq6CBGBA0N6uL3JV,"Good, Bad, Ugly",Red Velvet,KR,2
5gVCEqLQrHkZPQzLw8pTXC,Breakfast,NCT 127,KR,2
66hfy09gzJOp4NMZWD1jEy,High (Feat. LeeHi) (Prod. GRAY),Anandelight,KR,2
0tIkUSA5njpsBaTAx3z25z,Better Than Gold,NCT DREAM,KR,2
2Q4D2Pz1HDt1x4NukBID5Q,Heaven's Cloud,SEVENTEEN,KR,2
35jvwACXmrreYIEOAGc2Kr,Imperfect love,SEVENTEEN,KR,2
5NIjdxrVUW4GGyLIqXUw9K,Better Be,Red Velvet,KR,2
4HhjBzw5QUpkPzswMsIWZR,Fire Alarm,NCT DREAM,KR,2
6o2Pu5qZcinw4mlDlQZFqu,2 MINUS 1 - Bonus Track,SEVENTEEN,KR,2
1ZpiUfzl9P0pMkA03xqmUy,PANG!,SEVENTEEN,KR,2
2hr3geQBSViX9Oi2OsnY3c,Rocket,NCT DREAM,KR,2
22PTmk4mzAVi92WiQPAcFp,New To You,Calvin Harris,KR,2
3zIvzPKUUdSpDCm1uua6Be,ANL,NCT DREAM,KR,2
0eACCV3ys1LIIxMit2wLWn,Replay,NCT DREAM,KR,2
0bFiLUmBmFX0aWyhVqIwiN,I can't run away,SEVENTEEN,KR,2
07jwaA0nfuC2DmZd5n1l7t,Timeless,TAEYEON,KR,2
2rOA9vEsnpNB6L5XgmibKn,ASTEARSGOBY,JANNABI,KR,2
1qHYc2IqPbfu3tjm2qYpcq,"Timing (Feat. Yumdda, BIG Naughty) (Prod. TOIL)",KOONTA,KR,2
2alRAEyM5GvxE8G94Lav4R,You Move Me,PSY,KR,2
00Cxlg96EHYJG2VoTh7Q3D,Pushin' N Pullin',Red Velvet,KR,2
51iiXRaEmvYczLJwZDR2Ql,summerfallwinter sprinG.,JANNABI,KR,2
7EHJyuZqZ6PKX9HQg5llSc,wot wot (Feat. Queen WA$ABII) (Prod. TOIL),365LIT,KR,2
07qSCcSVuVLHIf0gUSrUNW,Rewind,NCT DREAM,KR,2
1AToLLvWghQgiBFef1iGuR,I`m a B,HWASA,KR,2
1x8waytyN4BfxrkuoQsBRT,"Drivin’ (Feat. Layone, BIG Naughty)",Kim Seungmin,KR,2
7CP1u7vb5Yyj9qz2e6Ulnk,"CHAMELEON (Feat. SUMIN, Dbo) (Prod. SUMIN)",Don Mills,KR,2
1WWskMa6hvLgHuNhc6suE2,Love Scene,BAEKHYUN,KR,2
3OXAycDk6KZnCfYA0LABUr,Focus,NCT 127,KR,2
7gosH4fL73GpiJBd5GK2rC,Cold As Hell,TAEYEON,KR,2
1hQtfLmNABXQMSjjYRXqAX,ALREADY,i-dle,KR,2
2TyDgN8q5NgOuiR8yYyBYj,Rainbow,NCT DREAM,KR,2
0KDCkxCsEBoSWj5fsyuvWq,Paradise,EXO,KR,2
0DYvTdqBqW6erA1a7pFzVo,Savior,LEEHI,KR,2
1TDlDMp9J4cpHj77DETvVb,The Song,BTOB,KR,2
1Goejji6m1d0s0cv4OnL7f,Rush Hour,MONSTA X,KR,2
4VW2faw4vUjufimoFzMzbI,LADYBIRD,JANNABI,KR,2
47Vgc15moDELPzmLAQSFgO,You Better Not,TAEYEON,KR,2
3zQyl7ko8alM35mvYWmHuu,"Hello, Sunset",Red Velvet,KR,2
3OB2kHbwZESIxMSIrv7xit,Two Days,The Black Skirts,KR,2
0AY4qmK5YRpqSpGsnjskDK,The Rainy Night,NCT 127,KR,2
4bNa2MHnPB7zckROAHh8mR,Bite Me,Avril Lavigne,KR,2
2dRiyL82K8xPV3gLBDJZMx,Bungee,NCT DREAM,KR,2
5ngy93w3QaZl3mN9YinIux,"Countdown (3, 2, 1)",NCT DREAM,KR,2
2OoG4BqX926Te1vGdMFB2F,Road Trip,NCT 127,KR,2
035HmS3BoIvFVe1ho1qxc4,Day By Day,JOY,KR,2
5wr4JYeZZz4POQao14IDFu,Heart,TAEYEON,KR,2
4O7tVdjaOQARI1rS6E6CCx,ESCAPE,i-dle,KR,2
2b0RhgCNG1jIU8gc5HoGRM,No Love Again,TAEYEON,KR,2
2iVsJ2ZuD6b0aHUSi6wcQG,All I Got,BAEKHYUN,KR,2
1hqukerMJf9N1qHo2sijii,To Life,Jay Park,KR,2
1XCoTc12Trl56sgCPP4R8M,POLAROID,i-dle,KR,2
0lSEBny2a7deD0Yd8DNtVY,"Journey (Feat. Ailee, Hangzoo, Gaeko) (Prod. CODE KUNST)",Gwangil Jo,KR,2
65aiZeH9Uld7iFC4w24tiR,Be There For You,NCT DREAM,KR,2
5pbQaprwbDRlzXBo8xVnCo,up to me,LANY,KR,2
4h7CVH9xtHoYSlEV5Dpamk,18,Jeremy Zucker,KR,2
6I9Y6PHTWv72fgQV3tIHt0,Merry Christmas ahead,IU,KR,2
237OjBs3wvamAFpHp0yItw,Peaches,KAI,KR,2
5E75Cr0oqxGoX0YYwdC3nZ,"Peaches (Remix) feat. Ludacris, Usher & Snoop Dogg",Justin Bieber,KR,2
6LXNnUjcOBVyov7bH0NNnM,A Long Day (Feat. Zion.T) (Prod. Fisherman),Basick,KR,2
2xnNgKhyMl9MxBmRNGnBJP,right here,keshi,KR,2
7JOkkNAKzq2xCZOPaalSld,No Rules,TOMORROW X TOGETHER,KR,2
79IikGOqOg2Rnnz0Fo5Qao,Dreaming,NCT DREAM,KR,2
2qDEhEy3vSZYFVgWbRChzw,Love On The Floor,NCT 127,KR,2
4NrmxVJURTgzMH0QKyYy1a,LIAR,i-dle,KR,2
3LPGSFnV3zANLiXQiQGjOx,Healer,DAY6,KR,2
6aULghOfvWw67SrLrpgCDG,If Only,JOY,KR,2
5QaqP49NaSt1geAPNgDxYE,Sorry Not Sorry,ITZY,KR,2
68bjO39GD3JEEL3qAu0bGC,Text Me Merry Christmas,Straight No Chaser,KR,2
2fDv60k440Zif7SzI6jXUw,"+82 (Prod. Dynamicduo, THAMA)",Paloalto,KR,2
1twfAviUiBwfLOzfMfEluq,"너, 너",The Stray,KR,2
4ZB2yAZyPHI6SHdFPPT9sa,In The Dark,Swae Lee,KR,2
15OqAO7mTGP98dSylxy5J0,CHANGGWI,Ahn Ye Eun,KR,2
6mavVLsxaa4YcPje9qZKcf,When This Rain Stops,WENDY,KR,2
0OYN3vyfmDDxDknh12zUp8,Ending Credits,TAEYEON,KR,2
4WxthDZgaQqmj5tIuneDNX,Privacy,BAEKHYUN,KR,2
7aWZ76OniT1DUi5L9gjRkY,Butterfly Effect,BOL4,KR,2
3ptp3j48p6tPwGEJUCbSu0,Just Like This (Feat. george),Loco,KR,2
0fVDu1evgjX9CFD0cmuRrM,LAst dAy oN EaRTh,Tai Verdes,KR,2
3wrw9wHpk6Fy298p5ISgii,When Dawn Comes Again,Colde,KR,2
1f2lkuLldqRzvaFjJdjGXX,Santa Claus Is Comin' to Town,Mariah Carey,KR,2
29bQQUKqMG4vTqUFxlaZCk,"Double Up (Feat. Yumdda, The Quiett, MUSHVENOM, Layone)",KOONTA,KR,2
3N0gL4EypJfzJ6txDnIrDS,I Know Where The Rainbow has Fallen,JANNABI,KR,2
3uwqqyI7wOt14iz5aWglZb,"never mind, let's break up",LANY,KR,2
0ErzcmZ2gIwX7X0xSMQPix,BOSS,NCT,KR,2
2bPyA0ZFM6CkRURyVcUYWm,"walk again (Feat. Heize, BIG Naughty)",TOIL,KR,2
0KmgJyW4GDgonqsoyx0CZ3,Astronomy,Conan Gray,KR,2
29Vfu3AZXW3EOxtalAajJ9,Happy Birthday To You,JOY,KR,2
0DHh3p0g7qmNNfNdRNwL6N,Try Again,DallasK,KR,2
7hSxOrxogaR7YGpg4l8wmd,I will be your shining star,Song I Han,KR,2
7weX6syqklVQocpVVmDNwI,Love Back,Why Don't We,KR,2
282R6Lvm9nLtpx8AzUwJe0,Run It,DJ Snake,KR,2
1zoyteFQmeUUqyOl2Xznpy,Tamed-Dashed,ENHYPEN,KR,2
4RrFB4tKGUFc37B0AjUPmT,GENIUS (Feat. CHANGMO),D.Ark,KR,2
1mSdbey7RstGLY2udgXv74,Essence,Wizkid,KR,2
26YNVqHuwAPeBVfDscTPds,Forever (약속),aespa,KR,2
4nr85wYs3ZaCTSOm8oPa3J,One Day More,BIG MAMA,KR,2
6shrCEEMcrT6Akxkk8IhLC,gimme gimme,NCT 127,KR,2
5JelBxGOmT607wiyQG6fxK,Pilot,NCT 127,KR,2
4KZRjOEqgMzgFW9NXj13XH,Lambo!,MIRANI,KR,2
2lwOE4xj0tw2Bpjc6wmzUP,Be There For You,JOY,KR,2
5uVgfUQLv2ZCgdx0t9vawz,MAVERICK,THE BOYZ,KR,2
6wfj7DeUoTA9gXbpLz3XSM,Freak,lIlBOI,KR,2
6YcJycTGtvfTt5ACVH29q7,"Face ID (Feat. GIRIBOY, Sik-K, JUSTHIS)",Epik High,KR,2
7HRJoeFhdhM0Ukv026dgAA,everyday we fight,DAY6,KR,2
1YPVBl5ChyURFiHjZYJSzB,One Day,MONSTA X,KR,2
2TTtQx3bX6MOmbOGcIuio1,My House,2PM,KR,2
62tHYGbBOvOkpgmEXDlgu8,Who's In Your Head,Jonas Brothers,KR,2
6SG8lh7fWQ2bahP5WBYePn,We don't talk together (Prod. by SUGA),Heize,KR,2
6bUdUyr92odwXgROPXQT5s,Dear you,OH MY GIRL,KR,2
0zPbUxvYRlCGwruakkXPLI,BAD SAD AND MAD,BIBI,KR,2
6Vnw4p90Onr9ykTKSimaJX,BACKPACK (Feat. CHANGMO) (Prod. Way Ched),YUNG CHENS,KR,2
59ltMnCjkPJqUM4pBlc1o2,There She Go,Justin Bieber,KR,2
2LUQEcfWrlpMjODQ7NsVWt,I Really Want You,SHINee,KR,2
0br4r9VlPdofrWXxPorlYd,Why Why Why,iKON,KR,2
23EquxExXkNmGCCY96P0Iu,Hailey,Justin Bieber,KR,2
5OdNjYTpLjuDDPCBNWonRX,At My Worst,Pink Sweat$,KR,2
7FmMYtdjfJSeZjC2e2Pt6t,Attention,SHINee,KR,2
1bd4heB3yXc5iFTPoOMPuo,slower,Tate McRae,KR,2
0JQHGu03YJikcND4SENdiW,Blue Hour,TOMORROW X TOGETHER,KR,2
0qMip0B2D4ePEjBJvAtYre,紅蓮華,LiSA,KR,2
0paWX66K9n7sYR9AkKkyzB,Standing Next to You - Sped Up - Remix,Beat Record,"KR,VN",1
2jk6oBuLiCZJTDWhlJEzIw,Airplane,j-hope,VN,1
7jGda8nUxsBtYwaL57Jefh,Người Đầu Tiên (Cut Ver.),Juky San,VN,1
74BEdRSCBbSGYJe2TQvcrR,Blood Sweat & Tears - Live,BTS,VN,1
4nNkpu8vY9BtDKUFnDc3YD,Miên Man,Huỳnh Thanh Kiệt,VN,1
7nzWhHGfHXnQx6OrqZWanu,Phonecert,Minh Nhựt,VN,1
0eWDLVMI5mB2x3WWOjL6uu,Intro : JANE with FKJ,JENNIE,"KR,VN",1
45R1FSVRRkLmLGVVkW7Vw7,Thịt Lợn,RPT MCK,VN,1
3TIMu3O0HyQVWBvtcwmcVt,Slippery,RPT MCK,VN,1
2fbSXTHYgjzxBCYVw4fGXC,Không Cần Lo Cho Tao,RPT MCK,VN,1
104KjF0t9EnlFOoxGLxiSQ,Filter,JENNIE,"KR,VN",1
0kHZ0qrGL9MohF9R8Uw77Y,Starlight,JENNIE,"KR,VN",1
229P16G6GFOCDUNiUNusc4,Cứu Lấy Âm Nhạc,Wren Evans,VN,1
5MXcM263QvCTWriH3nVusc,Me and my,BLACKPINK,"KR,VN",1
5nQVbMv0XEGLGB39wpneQI,Hugs & Kisses,JISOO,"KR,VN",1
3aD3BRhj9F7fWK7T1Wrc9l,Che Phủ,RPT MCK,VN,1
0CKe6iIHpuoArjOsT4iese,Giờ Thì Ai Cười,HIEUTHUHAI,VN,1
4RdWOIciJCKnVBRgo1BMMa,Tháp Drill Tự Do,Koon,VN,1
7frRLER8KT0oAe2ueNalnf,Ở ĐÂY AI CŨNG THƯƠNG CON,"ANH TRAI ""SAY HI""",VN,1
7m0duH1vdTNxM2g8BLfR0F,Fxxxboy,BLACKPINK,"KR,VN",1
4IIUdXQlj60HWNCO5c8oFZ,Công Tử Văn Thơ,MONO,VN,1
3mk9GfEWeM5BNTiloWHDSW,Sau Tan Ca,Quang Hùng MasterD,VN,1
775KVGrUJrYSllp4fTytF9,Tết Ơi Tết À,Hoà Minzy,VN,1
6JxPl1KdegUGyoguXhJfko,Oanh M = Thuoc,RPT MCK,VN,1
5UUNrCgGtC6JOrATM3y3ZT,Sắp Nổi Tiếng 2,HIEUTHUHAI,VN,1
4ZbHPwPlbR7ia3OXfto6ZZ,Đâu Cần Gì Hơn,HIEUTHUHAI,VN,1
0rn7nzh03uvdY4Z9cSRZiZ,Intenpol,RPT MCK,VN,1
24YjMHwrN1di1vXrpj4z3C,06 Quen Lắm,Ngọt,VN,1
6e7oHe23DEca4sEOgu5bPd,04 Thắp Hương 05 Hoá Vàng,Ngọt,VN,1
08fvSPSKjoF4vmoEtcGain,TEARS,JISOO,VN,1
3lkfGCYBitMEXzwk6Alx9J,Elegie,RPT MCK,VN,1
4fG8iHZK5JAj0NLBJUiipu,Không Thuộc Về Nơi Này,B Ray,VN,1
4ruk62afWx9OKRBndFAxjw,Cảm Ơn,RPT MCK,VN,1
1tMRh8jiYlmatpVeWWesCe,On My Mind,Alex Warren,"US,VN",1
4YvtUhbDWbX3ky3MsUJWeU,Nhìn Kẻ Thù Của Tao,RPT MCK,VN,1
2FGiCJWQeyW3jBBGPSPcIu,adrenaline,Pham Dinh Thai Ngan,VN,1
3qQO2MjAVYnfu1GwBX4M8F,Ghet Xog Lai Thik,RPT MCK,VN,1
3OLOtmRIxxLAVToh8M4P7N,Huh,RPT MCK,VN,1
1x6rRJAgtPYgmlPOkZ6hpz,Khóc Đấy,Thắng,VN,1
2aoGg3figtbrChUCZIopCK,Mắt Bão,Tọi,VN,1
0pAUE9YyAoaFRDASwTnHvX,Lạng Quanh,Hngle,VN,1
5m6oe6saYJkVSbouNrNfUw,Lac Nhau Co Phai Muon Doi (Music From “Cho Em Den Ngay Mai”),ERIK,VN,1
5G9kwWUmTzgKMAsbwwPiPC,Thịnh Vượng Việt Nam Sáng Ngời,buitruonglinh,VN,1
0IjFragIGhZPPhaF8HzJqo,CỜ NGƯỜI,Phùng Khánh Linh,VN,1
56oy6h8iM4m0zRMsOP1sQI,Giá Như,CoolKid,VN,1
5q88y8oPuzzYK5909j41JR,Yêu 4 Real,Wren Evans,VN,1
1iRIdATb1I276VdKK7JVAB,F.T.S.,JENNIE,"KR,VN",1
3kEm1UlhFM5h0cJDRZ2q0m,Tam Thái Tử,Jack - J97,VN,1
4Jjz6vzbNUU6naUSzQUFf7,Interlude Nước Mắt Cá Sấu,HIEUTHUHAI,VN,1
2tNsSp9VxJKpcQD4t0vVQS,dư âm,Obito,VN,1
72hqOaj7KXAgd1X8nEdJBy,Gặp Lại,Binz,VN,1
3e8oOwbcardUYkgsZUcznc,món quà,Dangrangto,VN,1
7Ap1JyVKsS8dWQgyKUCUwy,Để Dành Khi Thức Giấc,SIVAN,VN,1
0Y2ipMuhAlOnIkTXcCKWlL,Get Money,Wxrdie,VN,1
5JkQq7lTADn7UR4AzAQsnz,TÂM SỰ VỚI ĐÊM MỘT MÌNH,Phùng Khánh Linh,VN,1
2J8TwWj5xTKpN7jv8A2kHg,SAO BĂNG,RHYDER,VN,1
3z6En4mQQJiDQquVkOcBam,Chỉ Cần Có Nhau,Vũ Cát Tường,VN,1
2FXmXlTqGYhglWhS00u4ZS,Envy,RPT MCK,VN,1
0sbM5V9QzGRdDF3P6WXKTi,King,Binz,VN,1
01WTKtjZW9jIFstSj41CBX,Váy Cưới,ERIK,VN,1
01prGWjCTxKBxJc400zwvQ,Rockstar - Extended,LISA,VN,1
5yl0184ULGd2nu4hgAvElc,Hôm Nay Tôi Buồn - Remastered 2023,Phùng Khánh Linh,VN,1
4t3Tcv5VOlBhhvPlSAtBjH,Máu Đỏ Da Vàng,ERIK,VN,1
7o3USPnppZ8FYnH3NpPblz,THỨC,"ANH TRAI ""SAY HI""",VN,1
2M37BJW2ZdqQcPWsEmMDcl,'một đời' x 'Người Tốt Nhất Cho Em',Anh Trai Vượt Ngàn Chông Gai,VN,1
3RXXovDca76weiVIH4WZCS,AI YÊU ANH NHẤT,"ANH TRAI ""SAY HI""",VN,1
5NWkYMp7RhANkoJqk3ZBGh,Anh Đã Chờ Rất Lâu,Sixkie Dawgz,VN,1
2vtPL1AUtpBiRocmWpfwzB,Dù có cách xa,Đinh Mạnh Ninh,VN,1
33lmTQ4XboC8k9wOPoelGD,Không Ai,Binz,VN,1
2ftb45L7iXYwp0WoTEuslG,"Right People, Wrong Place",RM,"KR,VN",1
1jF6ctFxoebFqI4TFHssR6,Cho Em An Toàn,HIEUTHUHAI,VN,1
697QnPNL9d72qFBWXxZooY,Nội Bài,Wren Evans,VN,1
1EsZ1pSfROoEZ7gRHNuz0G,đường về,GREY D,VN,1
2BKhVHyxHjbIAFVMfR4T3b,ẢO ẢNH,"ANH TRAI ""SAY HI""",VN,1
2WGyA3UIA2w7s3s6hGfuzW,Made In Vietnam,DTAP,VN,1
5m1lauDigCdAj2bz3LunfZ,"crazy, stupid, love",UPRIZE,VN,1
2gJJvC4a3BJogzRciwTZU8,Dưới Tán Cây Khô Hoa Nở,Jack - J97,VN,1
2LmzeF872H0LKnYmvk9FEL,ĐẾN LÚC NÀY THÌ...,2Pillz,VN,1
3hxspVjHxJtCbgcQJ4gT9c,Selfish Man,B Ray,VN,1
7gKU5MXIczxyGlv25jWq7i,Hẹn Hò Nhưng Không Yêu - Remix,Wendy Thao,VN,1
3ga7GR2LumJOPQMbHN5sDr,hơi thở của gió,GREY D,VN,1
1OcT17F9VeSAvLBlk4GBc8,Hồn Lỡ Sa Vào,Binz,VN,1
2jI2eny6tiU4s9wS7aCegq,Trà Và Cà Phê,Chi Xê,VN,1
1zUwftHI0sDVkNt0g3Drrn,gắn bó né tránh sợ hãi (interlude),Wren Evans,VN,1
3ZFC6UAo6TRSyfcYQU1sWU,mưa chưa tạnh (interlude),Wren Evans,VN,1
0Gxnj8yTGYxMYyWcR4wawW,on the street (solo version),j-hope,"KR,VN",1
5l1Opd9JCaSfH6jyxDM3pN,Dạo Bước HongKong 1999,RPT MCK,VN,1
1Gqm6KaobG2A1mFVjGnJsS,Ca Khúc Cuối,Wxrdie,VN,1
6VvFEO2TRnAm3AIjItNSuU,Hướng Dương,Thắng,VN,1
12u5BtXNMTifuzasyXzbOU,Không Yêu Xin Đừng Nói (Piano Version),UMIE,VN,1
6qRnm1fiL5ra9wVKQplxI4,ALL EYES ON US,"ANH TRAI ""SAY HI""",VN,1
4TwsQmW5QUMflQ1YNDMPa2,dự báo thời tiết hôm nay mưa - storm version,GREY D,VN,1
1b37pQbAKk1SH4Z4K9wTyh,Quá Khứ Kia Của Anh,WOKEUP,VN,1
6EkzQNe7SEAuFZbeo4Gf1S,Ướt Lòng,Văn Mai Hương,VN,1
38k1d65DQspqc7CkB1EbpX,Tết Ổn Rồi,Đông Nhi,VN,1
1t13rcJm5qtuxC3qDCDbR1,Xem Như Tôi Từng Cưới Được Cô Ấy,F47,VN,1
4z8hRN2ykeruWRhreZWtpH,CŨNG MAY LÀ Ế,"ANH TRAI ""SAY HI""",VN,1
3XRvVlOBvClOq1KpI50uKC,giữ lấy làm gì,MONSTAR,VN,1
7H8QQu5KgRyaUJ1OjEUqwr,Lỡ Một Mai Tôi Quên Tên Người,Khiem,VN,1
3YuKE46wptXv6Qfs7OuWT8,KHÔNG VẤN ĐỀ,RHYDER,VN,1
0xYDRiqV2eA4LSFwi6IktS,Đứa Trẻ Mùa Đông Chí,Jack - J97,VN,1
5fFdUV9NMDxPjgkS54My63,Dream,LISA,VN,1
6ImWeruCQWxZ9WNodYwjvg,Anh Freestyle,Wxrdie,VN,1
6HzNLSL3duYz4VnOrTSlvb,Hoa và Váy (RnB ver),Quốc Thiên,VN,1
5lGvFOz1d6659Llxqx1qAH,NẾU ANH LÀ CỦA EM,Chị Đẹp Đạp Gió Rẽ Sóng,VN,1
3Gr6ucPp3qJbBZ3yrGmZTt,ái,tlinh,VN,1
6n3nyTFBZMpsEPDWdWkWaz,Khởi,TonDee,VN,1
0vzdnvBM4anarLRUjgftYS,Trốn Chạy,Obito,VN,1
69GP0uR8ps0MAyWRvlCKSw,MD Anniversary,BAN,VN,1
1RQ4efnLx0zyowptKD5JEa,Từng Ngày Như Mãi Mãi,buitruonglinh,VN,1
5Q8NPbn3RTMedLUeWhNYsM,Mưa Đá (2.0),Quang Hùng MasterD,VN,1
3SQ4LCDmyIklMCQflf2nRZ,LỘI NGƯỢC DÒNG,"EM XINH ""SAY HI""",VN,1
0IaQqjhhn7Ls6jSQX2MoQ1,LOVE SOMEBODY,RAP VIỆT,VN,1
2xBnMoZDDxFTxUeP6zFWV2,Em Ơi Sau Này,Đặng Trí,VN,1
6PECmWmlE4E6phMNUGTYWt,EM KHÔNG CÓ ƯA,"EM XINH ""SAY HI""",VN,1
4cdY6unqCUrHHI7KOELiaq,Cả 2,Wxrdie,VN,1
02BHlLrO9jmkdCkP9V7722,từ 1 sẽ thành 2,Kai Đinh,VN,1
5c1jQljrWLboweMtHesFT1,Vạn Sự Tuỳ Duyên,Thanh Hưng,VN,1
2jcdws2044suWnDo8DTcKC,NẮNG,RAP VIỆT,VN,1
7zC89ef9MMffAGCnDMsatc,out of love,RM,"KR,VN",1
7mA9oPfWSMXKOdPZqyow55,Little Love (But No Limit),Phương Ly,VN,1
74WxAcXpJGlxjGee6elaiX,ghệ iu dấu của em ơi (ft. Khoi Vu),tlinh,VN,1
3kwb99PcsCYFYcFB0jTr1a,09 Chuyện Thường,Ngọt,VN,1
1B4oyFrY6oAfg2it7iMsyC,16,Obito,VN,1
2UB6ssUz3WGVbLK1rFPpgZ,Vô Điều Kiện,Obito,VN,1
4tiTkoIBdra4zCsqr58od9,Biết Đâu Sẽ Mất,Kejo,VN,1
074ZzFyAvexkC3IWB2E6kK,Anh đánh rơi người yêu,Trần Quang Ngọc,VN,1
6eB2sy8qqovVEuSS6cGRb7,Yêu một người có lẽ,Trần Quang Ngọc,VN,1
1KZVA4mJbjH6V9i7lP36FH,Say Yes (Vietnamese Version),OgeNus,VN,1
2QCbYz4XN9mzi5LJBuB3iP,Chúng Ta Rồi Sẽ Hạnh Phúc (Hướng Dương Ngược Nắng),Jack - J97,VN,1
6Rah0twMGdoudVfDpscqpo,Phù Hộ Cho Con,24k.Right,VN,1
4MQBnk52HKbl59BX497xhM,Domodachi,RM,"KR,VN",1
3BxudWClGx0k55q5VeIxl7,Con kể Ba nghe,Obito,VN,1
5AmFbL7MClvRYfzae0EUHn,NỖI ĐAU NGÂY DẠI,"ANH TRAI ""SAY HI""",VN,1
33dIUFKBA7U5KHs1fdBw8b,50/50,RPT MCK,VN,1
5ZFkQ67FtnmtWLVh2AkAhi,ĐOÁ HỒNG CHƠI VƠI,"ANH TRAI ""SAY HI""",VN,1
6Aw2BvdahAs2gbOQdTPpMJ,Backstage Freestyle,Obito,VN,1
6o5y1iNvg3ORGfHtBEB8U4,? (Interlude),RM,"KR,VN",1
1B9HE8h6ZnljGk0LZ2H30D,Heaven,RM,"KR,VN",1
6W6kWAXbMS2aOJXoUpw7iI,what if… (dance mix),j-hope,"KR,VN",1
7kyUapJyppdjzoAWB6XS14,Outro: Wings,BTS,"KR,VN",1
1SIbk8ESYxiPiYjzLG01m4,CÁM ƠN,16 Typh,VN,1
0iTrYSvCB4NDvQR3DsFt6T,supїdo,фрози,VN,1
11ezDNWw1dtowVz1dB0FHh,ghệ iu dấu của em ơi (ft. Hoāng),tlinh,VN,1
0AncHqGegHhP6teMUwLRWr,Around the world in a day,RM,"KR,VN",1
1ljJzwUHz2yslZka3xajtU,all night,lucidbeatz,VN,1
4zZ8Ulh3NTPoBLZjdVCm8e,Hai Đứa Trẻ,Phương Mỹ Chi,VN,1
3yzV19yzE35hZWyJq8orC8,Anh Thôi Nhân Nhượng Cover,Kiều Chi,VN,1
1w1zYOYYyX45UMnn0LMHdI,Da Key,GUrbane,VN,1
41mz9gDQLtdaQE02SJsdhS,Hai Thằng Bịp,Mason Nguyen,VN,1
7mLFiKfni9wtK7slnQRNoS,Champion,Obito,VN,1
0MHiMXXoCcgzZVk33HLWmL,Vroom Vroom,TEMPEST,VN,1
7kghc6kM3HEZjPfJ94Oe2T,Gặp Lại Năm Ta 60,The Masked Singer,VN,1
5TJu0VfUnxLnTwNrDCqyd5,Cupid Twin Version,World the Kid,VN,1
0tfMfqHC3Pl6DG8kcIjXq9,Make Me Feel,Binz,VN,1
3xlhYIhZ7heAvohmw3uyfd,00,RPT MCK,VN,1
4pVdTj38qEwfPNjv1LYbu0,Những Câu Hỏi Khi Say,Bảo Uyên,VN,1
2mrvDc1KgFkHTDr2e2ryC7,kết thúc = mở đầu,tlinh,VN,1
3nkG7srXxyvQpEgiMjQgDm,Lối Đi Riêng,RAP VIỆT,VN,1
0x4cMbCLC6L7aJQs3EiPaZ,Look Here,BTS,VN,1
4sv3avxUjDUoGhamCwhtEi,Một Ngày Buồn,Kiều Chi,VN,1
6eZXnm0149lcpJYP2GAPvP,Anh Không Xứng,RAP VIỆT,VN,1
6C1uzaA6dThCNQt89fk4kJ,Từ Khung Cửa Sổ Này,SUNI,VN,1
2uUooJXRR6zCNUUCZiBiZQ,Người Rất Tốt Không Gặp Sẽ Tốt Hơn,Hiền Hồ,VN,1
7mXel6wlLmhjJD9ACeeOba,Thầy Bói Xem Voi,RAP VIỆT,VN,1
5qxH7LdIp4QAf1HmSX2Kfu,Cupid Twin Version (Sped Up) - Remix,Music Factory,VN,1
4Mne52NZGUzdlPZSzjQM5f,99,RPT MCK,VN,1
1CbdvkjFxRkMNu3M2Cq1Hc,DIVE,TEMPEST,VN,1
4kyC7RSjMFeePlXQ5yZdiV,Lying to myself,Dab,VN,1
3DeZcZrMIQFbWXHOKyDYJ5,Bluetooth,TEMPEST,VN,1
0uRpE3YtszcI37nUSBusmq,Điểm Đến Cuối Cùng,Ngọt,VN,1
06sp3j99RRlMFo6HQe9Ebg,Trước Khi Em Tồn Tại,Trần Quốc Cường,VN,1
4zKM1dGCOYC2NYN8itGRQz,Retrograde,NAOMI,VN,1
7KXEhfjwdxHVra8VcT2QHH,Skit: Billboard Music Awards Speech,BTS,VN,1
2SqS42nIu3vLVYOaFelbar,Hổng Có Ưa,RAP VIỆT,VN,1
4feNnnBOPGY8VaoIk1Q0Mp,Huhu Haha,RAP VIỆT,VN,1
58cJoCGewytPG3zDeZPvoq,Lời tạm biệt chưa nói,Trần Quang Ngọc,VN,1
4Pw2nBsmnww7dIyB12Fmw8,I Do,911,VN,1
3GAz3o5o3lZGUOPUSPG8ul,Intro : DT sugA (Feat. DJ Friz),Agust D,VN,1
44EXniDpWap2veS1gH1svO,Hear Me Out,EXO,"KR,VN",1
1UDAnignfiklanSQ6MfPUE,Bạn thỏ tivi nhỏ,Ngọt,VN,1
0VBv6oyMgeEBOIysaSV9aE,Anh Ơi Ở Lại,Chi Pu,VN,1
78mj7RcaCM5lnectJluav8,Anh Chua Thuong Em Den Vay Dau,Inkle,VN,1
47zs6e5M9Tsr7HhK45Gh6a,N.O,BTS,"KR,VN",1
3KOr9UVnymiq3EoS2J9EKS,Du Hành Vào Tâm Trí,GiGi Hương Giang,VN,1
1yDN8vbmiatv3HHWrBec3D,Né,RAP VIỆT,VN,1
3Tm4y9ks8etSMswVF3YIAV,Just Say Hello - Acoustic Version,甘草片r,VN,1
6xlrayjvJpj9nINodZRpOL,進撃の防弾(SONPUB REMIX),BTS,VN,1
2WBVjfhKzYXc6fhdpT0TtC,可不可以 - 抖音热歌,张紫豪,VN,1
7gSh8RNHaEciG0QUqlx2fN,We On,BTS,VN,1
0ON38MgDpAMcRC9ULx7NOf,Em Trong Đầu,Ngọt,VN,1
2gFR7GK4iHlth9JzWxDwLn,Về Với Em,Võ Hạ Trâm,VN,1
3Q5QdILpa7GDF4MvmsU8ZH,Đa Đoan,Phan Mạnh Quỳnh,VN,1
20zr2Oef3PVeGRxjmSF5CC,Blue Side (Outro),j-hope,VN,1
552KrACEuYhIixBjrUP3YB,Just One Day,BTS,"KR,VN",1
0ihrymhKLLBxLhQVfNacR7,Tune Of Joy,MaziteLo,VN,1
4qUNKAWZcggMTQeq8aIlbj,Sleep In My Time,MaziteLo,VN,1
3NAkkL1FgELfASDwSqPRh5,Finding Your Strength,MaziteLo,VN,1
4b09zQpjTiLpYd7XbVzRsa,Easy Moves,MaziteLo,VN,1
5SJVYZG1FO4XztCPaPPfMg,Beautiful Chances,MaziteLo,VN,1
3BvH8QUXGFdPeFkQnHZILp,Người Em Từng Yêu,Ngân Ngân,VN,1
2KN0NNlxStccgt4GGtOmxk,Anh Đếch Cần Gì Nhiều Ngoài Em - dongvui harmony,Đen,VN,1
7rBaTQRsf7BHcFfvXQBSHR,Mưa Cứ Rơi,Mr.A,VN,1
6NtdcR3Lb0gAoEumwj2j4x,Intro,Sơn Tùng M-TP,VN,1
3WBRfkOozHEsG0hbrBzwlm,Everything Goes On,Porter Robinson,"KR,US,VN",1
5oBMMo3xMAOIS2lLMpe9EO,U Mê Em,Kay Trần,VN,1
4F4tVfk4q95IDwy7pERDwA,NOEL Biết Yêu,Tiên Tiên,VN,1
4av2EVm9R6KhtXjxKUGTW5,Đêm Hôm Qua,Ngọt,VN,1
3zBIQ5d87Lsbv6IbUOh0Mc,Bỏ Em Vào Balo (Lofi),Tân Trần,VN,1
06mzDTYkBVBfWlzinhom9I,Gieo,Ngọt,VN,1
6QUgvULytadfCa7ElvAVij,Roi Mot Ngay,Dewie,VN,1
6IXoUck5836HxHL4y1DoYu,Về Nhà Ăn Tết,BigDaddy,VN,1
6GDIW3Le2tM0hMWD3pvefH,ถ้าเธอรักใครคนหนึ่ง OST.บุพเพสันนิวาส 2,Ink Waruntorn,VN,1
5vQyAs6eCsNbw6Va4DKYRm,căn gác mùa hè (sweet summer),Phùng Khánh Linh,VN,1
6JCgjW0daPZ2hkkciOPTX4,Lonely Love,Trang Hàn,VN,1
7nmpSarD95GZjdlzIpSKZR,Thay Doi,Thịnh Suy,VN,1
1MNEQ0PDQUzmstnzfL9Q02,Em Gái Quê,K-ICM,VN,1
5i17rzCuZfYVzoP441PXGu,1 Cọng Tóc Mai,Tóc Tiên,VN,1
1UbP4wgY0XuLoEq9XollNZ,Lần Cuối,Ngọt,VN,1
3ROFgxvjni5xjdOLUSTLlq,21st Century Girl,BTS,VN,1
4warbIYK76jjJOe87170eZ,Đơn Giản - Champagne Shots Remix,Low G,VN,1
2aKeFpk9jaBdQeXuqqIZpm,Sick enough to die (Feat. JAMIE),MC MONG,VN,1
0y4JreJemfzXhr3NkKCm5g,Khúc Giao Mùa,Trung Quân,VN,1
10SAggBfdhrIQgWgqfrJx8,Cho Ngày Không Còn Nhau,T.R.I,VN,1
0TOsszupHDNUvzadopZv3A,Ngổn Ngang,Rhymastic,VN,1
56TN7WmUvOh57440D7N1zt,Dicki Track Anedr,William Laura IiO,VN,1
6sPPNhpEwwWte3OJslsr0f,TIKI TAKA,T-ARA,VN,1
1fqAfBrK752gsSdZJ6OhLN,Sau chia tay ta còn gì?,Vũ.,VN,1
56O7RnxPu3GTNrJurOHgIe,Lacey Trail Ingv,William Laura IiO,VN,1
7yXjGaBccbuWVv8jQR7aAZ,Cuộc Đối Thoại Không Hồi Kết,Vũ.,VN,1
1UeVC9gDeHxwlWOQyQJerj,First Love,BTS,VN,1
0Ia6Os4Kj07tSF1TqgDaOF,Howell Station Ssgar,William Laura IiO,VN,1
4PuoXNKCcdqyC1ZVTjdp74,Alyce Branch Ema,William Laura IiO,VN,1
53JDP7TaGacjUtnStYQp51,CƠN MƯA NGANG QUA - REMIX 2022,Sơn Tùng M-TP,VN,1
2LSsSV7V33wM9EKQA2xjGS,Con La Brisa,Foudeqush,VN,1
4fGSJkVcl5pXQhXf4mTMXq,Lúc Em Cần Anh Đang Ở Đâu,Bảo Uyên,VN,1
7nBXXUpjMKXMFIlFwg1Bbt,Keira Springs Bsonc,David Sarah UuI,VN,1
4axSuOg3BqsowKjRpj59RU,Carolina,Taylor Swift,"US,VN",1
0d0X8B4ZahEeCBdJ6JHPeN,Đường Về Quê,Bùi Anh Tuấn,VN,1
6oBMG2foiygWSokNBD4iKW,Klein Lodge Sthe,David Sarah UuI,VN,1
1lWlERjL0eTTQtElvKiLJG,Jewel Ford Ivi,David Sarah UuI,VN,1
0gVqDsMxAOREJ6WcdOuVHk,Understand,MELOH,VN,1
7GeF0UQR5nucuRKDTzyGcZ,Deanna Junctions Ninl,David Sarah UuI,VN,1
3HDdwbdH6Oxl2xyd4g5y3D,Xui Hay Vui,tlinh,VN,1
6w87h79R8nvVtRQgdq7Iyt,Garrick Crest Proh,David Sarah UuI,VN,1
5BO3cbaQDOtf9uZajElRAB,Thơ,Low G,VN,1
5jlHKKprxQiWwKpfIZyHqr,Diễm Xưa,Kiên Trịnh,VN,1
1m0yEldZVNu9SzmtqfFWRt,give it to me,Agust D,VN,1
6yox9CUPrQQp2HtXZsUJkz,Queen of Hearts,TWICE,VN,1
0x25VdiFOIBl1epNer9L3w,Burn It,Agust D,"KR,VN",1
6QJSSiIikbwPgXt7M1SO5g,chiếc hộp,Bích Phương,VN,1
1j18WxScysqcVZnCSc90nV,Celina,WEAN,VN,1
0mc8HGMSYoMxRuJma5bslY,NGÀY MAI LÀ TƯƠNG LAI,RAP VIỆT,VN,1
6fGXZwN5AkdZkqCN3UCS7D,vâng anh đi đi (liu riu version),Bích Phương,VN,1
7ArVzlFsFsQXNseVXmdOyk,NVMD,Denise Julia,VN,1
5SCueETKJMI9LrMjrvlbjf,LOVE COUNTDOWN,NAYEON,VN,1
7ztDtVVfNu7HWsMlN49QPa,BỎ TÚI,RAP VIỆT,VN,1
01kfSdF9zfcDLri5sSWEoL,RAVE,Dxrk ダーク,VN,1
5usije28Kb2Dvzg1kZaa21,Vì Sao,Chillies,VN,1
2bCmM1oT89JOpA8EdDJ51g,Hanh Phuc Xuan Ngoi,Noo Phước Thịnh,VN,1
4PW3VlEsNdG9uWrYahzfJq,Là Mây Trên Bầu Trời Ai Đó,ERIK,VN,1
2hLg1Pbi7UFMGGBqOPY5Rb,Đếm Ngày Xa Em,Only C,VN,1
5DM1JyPBs4DQMO2gVVRTUL,Tuổi Đá Buồn,Juky San,VN,1
2M09Pepre7eXD8TvDWVBny,Về Nhà Ăn Tết,JustaTee,VN,1
41A89rj3GoMG6ktN37L7PG,Alice,Lady Gaga,"US,VN",1
40Ct4hvauHT2EDpik4eVuz,Xuân Xuân Ơi Xuân Đã Về,Bích Phương,VN,1
4bMLBGnjAGVFpjAfIkD0UY,Believers,Alan Walker,VN,1
5pfZwzSEEys5qE7HQCib8M,Trôi,Kha,VN,1
3IlRBIOd0MsAqPQo2711ne,2AM,JustaTee,VN,1
74bsZnXDo2BKMeFJcEPLb9,Chúc Tết Mọi Nhà,Hồ Ngọc Hà,VN,1
4XzIYDVTvh1H4Egm50RuLw,Trên Chuyến Xe Lên Đà Lạt Chiều Nay,Tóc Tiên,VN,1
5Ncjypx5upZS5ZZTaqUzIf,Honsool,Agust D,VN,1
49ypjzcI4ETD52cZWRueMK,Em Là Điểm Yếu Của Anh,traitimtrongvang,VN,1
5Ix3TvUO2MOoFjOhfsg9Xv,NGỌN NẾN,RAP VIỆT,VN,1
0nZaV8LwxHeg8TqFy193IL,Where You From,BTS,VN,1
6zQ47QN5H02keJTasLQ938,Sài Gòn Đau Lòng Quá (Live at XHTĐRLX),Hứa Kim Tuyền,VN,1
2iL0W5qi0ivZ9WRXbZ74cS,We Are The People,Martin Garrix,"KR,VN",1
5sPaFuUttXaGeMhq1HKJG5,Cross Your Mind,Calum Scott,VN,1
6zrJLhslleCHby0wbUnvVy,Future Nostalgia,Dua Lipa,"US,VN",1
0Wm7K44iHmzz7hMIgf4YKc,When You Knock On The Door,hooligan.,VN,1
3wS2dXzQw58b1e3AR8YStR,Interlude : Set me free,Agust D,VN,1
6eRUz27KzkmGy3s6ZMcHgt,NO PROBLEM,NAYEON,"KR,VN",1
1Xmoej3kUKCFl9tvLsVe6U,lửa gần rơm lâu ngày cũng bén,Phùng Khánh Linh,VN,1
0Aq8BlViHe75gOYewwxCvn,EM,RAP VIỆT,VN,1
5Y2oddbjVGb9vr3ZQroSQF,Nắng Thủy Tinh,Hoàng Dũng,VN,1
0I4CicY6MftmDgdd76LXss,Outro: Do You Think It Makes Sense?,BTS,VN,1
67hCnVpFk6nLBAlxAVjpaB,Chờ (Điều Tốt Nhất),Cá Hồi Hoang,VN,1
2ZiVvIvwAwNRL4dUO3TaF6,Outro: Luv in Skool,BTS,VN,1
6JbPyMiLnWaaKusic64bCq,Intro: Never Mind,BTS,VN,1
5oaIMITSxQkzWe03fh2FUU,TẦNG TẦNG LỚP LOVE,RAP VIỆT,VN,1
1UlnDZ5ubsSX3xrXu063dZ,Intro: 2 Cool 4 Skool,BTS,VN,1
2cy3eWaTBoOFJwtFMR6jKb,Outro: House of Cards,BTS,VN,1
1XGmzt0PVuFgQYYnV2It7A,Payphone,Maroon 5,VN,1
1GPIdEcxPjPIYGmN08b1yf,Outro: Circle Room Cypher,BTS,VN,1
5qkYQT37xstGwBE3VigQlx,Phonics Song,Gracie's Corner,VN,1
5OXUwFDCnmT3eUWUYVRrk9,Like - Slow Jam Remix,BTS,VN,1
0hukH4ZKPofZVmfTcEnLHN,Skit: Soulmate,BTS,VN,1
61AGetSScZlCLz9tPyWEKw,"Intro: O!RUL8,2?",BTS,VN,1
0eXnDFk1jbNXFAWV1MWt2n,Thưởng Thức Nỗi Buồn,Tiên Cookie,VN,1
53XrsilgguJmmsEtDsj0yY,Skit: R U Happy Now?,BTS,VN,1
4Ut6UU8Yyihz1jCZWSCQpu,Skit: Circle Room Talk,BTS,VN,1
51CcyloBVIi3VarN6KbSjv,Lạnh Từ Trong Tim,Quang Vinh,VN,1
5ANbXf5qR48a4jfFnSq80w,PLAYING WITH FIRE,BLACKPINK,VN,1
7HhZAKSvFWz4bT5jsZLPeq,Intro: The Most Beautiful Moment in Life,BTS,VN,1
6GwtJzM3yffZ4FJ39QuUcE,Anymore,JEON SOMI,VN,1
0hwev90tfswBoZmgKnJ9F8,Outro: Love Is Not Over,BTS,VN,1
4pzjU0AnZa6Vfphk292e9Q,I Need U - Remix,BTS,VN,1
7vG0yTvfZZtQ4DoSyy5a61,Intro: Skool Luv Affair,BTS,VN,1
3x0SuB95K0XewiAKwNEiMZ,Outro: Propose,BTS,VN,1
4ou8XX6AM0XFVjWFuzllWP,Run - Alternative Mix,BTS,VN,1
6qI0MU175Dk2DeoUjlrOpy,911,Lady Gaga,"US,VN",1
6KvxKIvaUtWN5BHkuKU7wZ,"We Are Bulletproof, Pt. 2",BTS,VN,1
2oreBXj6bWzpDOQ4EvL9WJ,LUCKY BOY,RAP VIỆT,VN,1
0zqBZqm5czQ3A4EoSdKFHj,Man On The Moon,Alan Walker,VN,1
3DXdjHnePKnh6oXw2ZgGSl,Smile,Katy Perry,VN,1
3nnTAS4qhgtZaWtx4MkKQ0,TẶNG MỘT MÓN QUÀ,RAP VIỆT,VN,1
5WCY0AFVATAcrI1qLGq5S5,Hiếm Có Khó Tìm,JSOL,VN,1
4w67UkDLWGysW1YLVPpgCL,Giàu Sang,Rhymastic,VN,1
6IQ4jy1T0Ddkfmo8gfrzL4,Lava,Suboi,VN,1
5Ss7wCp22FOAbfeg75KllJ,Chạy Về Nơi Phía Anh,Khắc Việt,VN,1
5pwCqHxCsbnWgUmSldLSP9,Ở Nhà Quê Mới Lên,RAP VIỆT,VN,1
1ji3cJU0sobtsiNEZRvNVz,Bad example,takayan,VN,1
1V8bPfh3pgdsHU5mORlB1M,Blurred Lines,Oda Kirkwood,VN,1
6nBTovAdC3j5cCcBSkZRsu,Mẩy Thật Mẩy,BigDaddy,VN,1
1nYeVF5vIBxMxfPoL0SIWg,Hallucinate,Dua Lipa,"US,VN",1
6h1FEOM6SNCZ0QIcLsXy0f,Khung Trời Khác,Thành Nghiệp,VN,1
7mZ19pGoinaWwanIDq0JTY,TOUCH,keshi,"KR,VN",1
6XBL9naPxZjATbmGAWGJ9V,飞鸟和蝉,Ren Ran,VN,1
1SdLedoEjrMRu5AnvK2EYk,PLAY,CHUNG HA,VN,1
5cwCW4r6ybpSiHWMpMKHoJ,Just The Two of Us,Kauai45,VN,1
1ojUtV3R0T0fKfFaAiCT2S,FALLING ON YOU,RAP VIỆT,VN,1
5Yau5Tu3KRT9ojyIsv59Um,em bỏ hút thuốc chưa? (liu riu version),Bích Phương,VN,1
6FE9EXi8TYg09hR4xv5PWJ,Mood Ring,Lorde,"KR,US,VN",1
1fMLlneaBGENo5jhG1nZrM,Ở Lại Đây,RAP VIỆT,VN,1
0dD7DxOOanWPk2kmeAgHep,Như Mùa Tuyết Đầu Tiên (OST Goblin),Văn Mai Hương,VN,1
6M5lQWpasGPlQKb2TRawMT,5 10 15 20,Lê Thiện Hiếu,VN,1
7bmk1GEufZOrycr3HXZGN2,Sickerrr,Suboi,VN,1
38UDoZyudPWXLzXRAb71oP,After All,Elton John,"KR,VN",1
1S2bDD6ShRSHgcC5m9Qkf0,cô gái nhân ái,Phùng Khánh Linh,VN,1
2vT4jc3nAqE9R76lIeC9pN,Mượn Rượu Tỏ Tình,Emily,VN,1
5Upw9t03LLGGgOE7LhftjN,xuân hạ thu đông rồi lại xuân,AMEE,VN,1
6uAFJ75WDAoAPyCWJAtvks,Good In Bed,Dua Lipa,"US,VN",1
2FfRZUJP9ArFl8sCxmdT5h,Cô Ấy Nói (Lofi Ver.),Ngô Anh Đạt,VN,1
4UxaMIzEAHLGmNeLoutSaL,So Close,Binz,VN,1
0cUw86tLTq8YMQXsVswO0i,Đong Tình,Hương Tràm,VN,1
0glDqpRJ9WyPHI1AXk0GcD,Đường Chân Trời,Chillies,VN,1
69EwGs863aPS8olgCWtZ8J,Phiến Lá Tĩnh Lặng,Thùy Chi,VN,1
5oCu6XaPGcaTmpMX3NnQ4m,Youngz,Wxrdie,VN,1
6F36SoTLd7pky1n7rwxxm0,Longing Heart,Mayar Jenisk,VN,1
6ErDr31vwdDHBu332QTeEl,Bức Bình Phong,Trịnh Thăng Bình,VN,1
4rhDwHl0UM6vk5ivKwRfCr,Mình Đồng Da Sắt,RAP VIỆT,VN,1
0xMIMrT7Vmwsejznw8LJAE,Giấc Mơ Rất Thơ,M.E.R,VN,1
2nMOodYNHBAQ3Kc1QNimZU,Cool,Dua Lipa,"US,VN",1
4L6ihclQPu1hqP9r3WNJjQ,Free Woman,Lady Gaga,"US,VN",1
6hyQVqfHFvsJDjcmj4qrHf,Fun Tonight,Lady Gaga,"US,VN",1
11Ey4yJVeWEsA73KjACkVY,Ring,Selena Gomez,"US,VN",1
04yRkePgHWUARIDPquxPeR,Sau Tất Cả,Various Artists,VN,1
0Ylo28AvtKUu1vqe5tOHlT,SLOMO,VY Jacko,VN,1
0zzsyWc45eUcSjw4FNHxeN,Sine From Above,Lady Gaga,"US,VN",1
6rAGFY9D3ah6Lb7fUgbNNH,Fake A Smile,Alan Walker,"KR,VN",1
0IpbLjg5HE1Ju4k1rhYqvp,Dynamite - Slow Jam Remix,BTS,VN,1
7JDbfYUHjDzQPFSDh5lzGs,Enigma,Lady Gaga,"US,VN",1
5GyXgXR9L1ONhN2lSk8m6X,Có Chàng Trai Viết Lên Cây,Hà Anh Tuấn,VN,1
4YAg8h8WliHZlW5wuv8Jpk,To Be Young,Anne-Marie,VN,1
40ZLOoPhvn8HkMBBJRP1kq,Remember,WINNER,VN,1
0QrWEhI9Bb0MHQwfSIHfzL,em bỏ hút thuốc chưa,Bích Phương,VN,1
6ceLbOqD2zrnUollgXkKMn,Dynamite - Bedroom Remix,BTS,VN,1
3hfN1wQSiLPa6b1RX5Kfbj,WHISTLE,BLACKPINK,VN,1
5DlXq40tjFwd3SFp55AfKp,2021,Lauv,VN,1
0wiIuHFABKAtdRlzB4Vv6k,Rager teenager!,Troye Sivan,VN,1
30mCoJIAVtCfEy7VJ3DG5q,Dynamite - Midnight Remix,BTS,VN,1
2HGgi5G3TN4frhIsOfZdom,Giữa Mây Ngàn,Nguyễn Trọng Tài,VN,1
0ZizZPEO4jmzNQjnLCJ37o,Do For Love,B Ray,VN,1
6DXZiYUbrYgrVIhfX3U9Z2,Pretty Please,Dua Lipa,"US,VN",1
3F1P0QzdXtBz0MXy7KIO5w,Fever,Dua Lipa,VN,1
6oQIjHdLBgbw8wbSB7t3f4,Soft Lips,BlankCh3ck,VN,1
6o68wjAJpFjTMHzglmmVqs,Mot Dem Say (X) - Original,Thịnh Suy,VN,1
0AIWtHPm3sH6YDzsTPXPPl,anh thèm được ngủ,Khói,VN,1
0x8eOq82AlrU7mnsP28SYI,Lời Cảm Ơn,tlinh,VN,1
7oQh96s9YemWG3A4zkIbrU,pporappippam 보라빛 밤,SUNMI,VN,1
546ce8vBSyZFwiEfOZ3fx1,Giấc Mơ Rất Thơ,Mer,VN,1
7icOlPlKJ3JSuZUo1FNdzs,Love Is So Sweet,Missing Seoul,VN,1
4BMFHmawdG3nYzpS7VHbaW,Hot,Wxrdie,VN,1
6YndZBGmLySgsVScckWkmO,Take Yourself Home,Troye Sivan,"US,VN",1
0jCE01ogBEQ4DCE9rqJRh5,Đoạn Đường Sao Băng,Kha,VN,1
5Vv7AuoyX4aFz8zcztSwMB,baby i told u,MONSTAR,VN,1
1kdWw77ZpYOkhxeuhzU1j6,it’s time to go - bonus track,Taylor Swift,VN,1
7MnOJ97nPEVj0Kh7erbBq2,nhìn em mà xem (look at me now),Phùng Khánh Linh,VN,1
4HjLFhVR4yfuoGi4lzBORm,Rồng Rắn Lên Mây,RAP VIỆT,VN,1
0bDYceyQd1jnJO4sK47YxU,Dingga,MAMAMOO,VN,1
38HY8JklUp2o1hcC3K2vdM,Miser,WAVYVIBE,VN,1
2raE5xoue46A4RsHOjhglu,100 Years Love,Nam Đức,VN,1
5gUOQs9CMpueBkmHYeX0uJ,Alone,WEAN,VN,1
3BaMpfFx9wCAz1eOoDgJdm,,ERIK,VN,1
4xeOxHpKth9IdzNNIZnzhX,Dynamite - Retro Remix,BTS,VN,1
5FLgwSb4vP10d0nIo5N0tR,Gặp Nhau Làm Skrrtt,RAP VIỆT,VN,1
7sKbyYeJnITO1Eh9xd0lKd,Replay,Lady Gaga,"US,VN",1
0hFTqyu0ZkpKI0Ar8jOyZT,Dĩ Vãng Nhạt Nhòa - Remake,Hà Nhi,VN,1
3gwoz4xZuye0agjYgrC2je,Easy,Troye Sivan,VN,1
7lpsRzaJqisoBa3x4WxlC4,Cạn Dòng Nước Mắt,Hồ Ngọc Hà,VN,1
6ikDZX0oc8EKGj2vdMAEDv,Didn't I,OneRepublic,VN,1
7D9wW1L7g8a8qvboXuysOw,Giấc Mơ,QUANGHUY,VN,1
3CidPLqWXqgesJlwYVJZdy,Plastic Doll,Lady Gaga,"US,VN",1
0oQc0F6KUE7QY7k5TU6bic,Chromatica II,Lady Gaga,"US,VN",1
1ShHhJlzaLuoZbJ3aP4z0m,Invisible Things,Lauv,"US,VN",1
5CcPj2miBzqHAxmxE0U4mR,Thinkin of You,Chan Se Park,VN,1
4YvtgtEH5E1pahZu9uzKRy,Into the I-LAND,IU,VN,1
5IafbciyUDdQCtfCHhjrKr,Chạy,RAP VIỆT,VN,1
5QiiYSr4pJMPOESQznu2IC,WAYO,BANG YEDAM,VN,1
5z8uLrYMcUVvzTV28twt44,Slow Grenade,Ellie Goulding,VN,1
1K9SAX3O4mRp73Q12cDaYJ,Tìm Người Nhà,Ngọt,VN,1
0E3LHQbZTPLyw06z6XvmNn,MORE & MORE - English Ver.,TWICE,VN,1
12O32dy4WbI8QR0HnkHPsA,thương,Mademoiselle,VN,1
6AAZ5ZZYtw5VLSbx6q16Be,Savage Love (Laxed – Siren Beat) [BTS Remix] (Instrumental),Jawsh 685,VN,1
1xAcTjxxWFJtzMIcJQ5jbI,Có Như Không Có,Hien Ho,VN,1
74V9ZohSbzUZwoamLZ1jkN,Run away,MINO,VN,1
1jTDLsnuuAWcJnW3zj3yC7,Stream Đến Bao Giờ,Độ Mixi,VN,1
6coide5u4P7zEuPQA6X6fU,Dieu Em Lo So - Hien Thuc,Hoang Muoi,VN,1
0UnTaVkntyh3vqvLEvbpQx,In Your Eyes,The Weeknd,"US,VN",1
6DY7tKFQwgqcUBNd8gidJK,Tình Yêu Khủng Long,Fay,VN,1
5DttNeiizFqWUON9hZBqTY,Babylon,Lady Gaga,"US,VN",1
1LYzMbBLdXn7AAS1HKK6Pk,Hạt Cát Bụi Vàng,RAP VIỆT,VN,1
3CGZ7wfk4skmuyQgua1C1K,Chromatica I,Lady Gaga,"US,VN",1
3WdCkvx0UuxVaSIWibty1g,Chẳng Thể Giữ Lấy Chẳng Đành Buông Tay,Ngô Kiến Huy,VN,1
6dpKoYdLYvBDemWVibWQUJ,Mơ Anh,Chi Pu,VN,1
4s0dJmVknlUl7V6oK3puzZ,Zombie,DAY6,VN,1
0vsaqiO3zRCcXBAcbImdfd,Chot Thay Em Khoc,Noo Phước Thịnh,VN,1
3G7867O6gqh3UmpQeeMLDW,Sit Down!,NCT 127,VN,1
66orj0qtDgnU6DlmllAxbq,Left & Right,SEVENTEEN,"KR,VN",1
0qUcpOOna3kkrwfqky85e1,Eyes Blue Like The Atlantic,Sista Prod,VN,1
62hTXlVQacy3pjBW4ntRPl,1000 Doves,Lady Gaga,"US,VN",1
733yOf6BYdGuFOgaedo9BK,Make It Right,BTS,VN,1
3cyiJx525ymVDe9ZwxMs13,tài liệu không có tiêu đề,Khói,VN,1
3aA6xB0tOilDDX17fIJ0Bl,Freak,Doja Cat,"US,VN",1
2ICse7t8MB60EFk6o9aUyw,Who's Laughing Now,Ava Max,VN,1
5MJgMHroAGmTvMN2Q1aCNH,umakeme,Xuân Nghi,VN,1
4PIDYDoXyBUAh5Tzndtk9K,Boom,NCT 127,VN,1
7jL2RrkkCdWCZ2sgMbOD5x,Sau Chia Tay...Ai Cũng Khác,T.R.I,VN,1
0WSTInLqMrT9po0LAHpZCJ,UN Village,BAEKHYUN,VN,1
5AVPelpkccFdZdepfo2GhM,Sirenen,Kontra K,VN,1
40qyPyljksBEqlNw5sW37T,Habitual,Justin Bieber,"US,VN",1
6PPbs1c7f7Ove5JHUPmNZ2,Beautiful Ghosts,Taylor Swift,VN,1
4W8JUrnAtcMpWjou1monpg,Cô Đơn Trong Nhà Mình,Hoài Lâm,VN,1
3OHVqIth4PeFoDpwXcjpAq,Goodnight,WAVYVIBE,VN,1
78Bx5oc9IuQZPZ4jeYIrj1,Dừng Thương,DatKaa,VN,1
1PnAx788sAvcI3ZxTlEyX8,Second Emotion,Justin Bieber,"US,VN",1
5T9S5x5hEOvgGKWysm683a,not ur friend,Jeremy Zucker,"US,VN",1
11OwAR3GlBj9E35Cznf7Lj,Vulnerable,Selena Gomez,"US,VN",1
0Ekfndt5fc7A4toIU87X0X,Ăn Sáng Nha - Original Version,ERIK,VN,1
4F9qxQqmkFnBjIvrpiQ7jV,Leo,BOL4,VN,1
3xvYvJAa0iUVKKsYcuDNlK,Hard On Yourself,Charlie Puth,VN,1
7D0UANcuwQCT4hRta2fbxD,Bất Lực,Nguyễn Trọng Tài,VN,1
0NTtPK7yNN4xT1YQTMxu9y,Krazy,Touliver,VN,1
5sK3o66yupTNIK6gWgzGjf,Dance Again,Selena Gomez,"US,VN",1
3zDMUqo3OlHypgseQr0zsl,Giac Mo Co That,Lệ Quyên,VN,1
42rme4MN6ki6mXgl4yaZtV,Tầng Thượng 102,Cá Hồi Hoang,VN,1
2SjNAO9lrQYRlXJK5pXWcn,The Old You,Vũ Cát Tường,VN,1
1l83as8Stl45f1OkiXZi8v,,Quang Lê,VN,1
521Os1SMlxmsoevsqyjNmJ,Changes,Justin Bieber,"US,VN",1
0MHnLceZUrdtNGydSnBM6J,Gió,Vũ Cát Tường,VN,1
3pSsZeyISzQZiAUeHkXlQS,Nếu Anh Cần Tôi,TRANG,VN,1
1Ju2yM8mqYm5b9V6aEFohK,+DONE161201+,CL,VN,1
63mdJr3NMY3wReOkNE6c6W,People You Know,Selena Gomez,"US,VN",1
0y2tNViyMIGWO0vhNVQaj7,What are you up to,KANGDANIEL,VN,1
7w3pIUjz7BTTqj9uAws40m,So What,LOONA,VN,1
3rOLGorBiUJG71AOfrYoSy,Em Giấu Điều Gì Trong Đôi Mắt,Phạm Toàn Thắng,VN,1
56wVfJKtnwlSZtC4NVgIrf,說好不哭,Jay Chou,VN,1
05Kms0excTlHRel656GZ3U,Monsters,Katie Sky,VN,1
2C0hTkdEoikhKzDCJl32QZ,Crowded Room,Selena Gomez,"US,VN",1
5LILPLYXMhiJqSW19s4k1t,CALL ANYTIME,JINU,VN,1
7sJwGtoWgkVRwzujlyT3cp,Sims,Lauv,VN,1
4aTtHoSBB0CuQGA6vXBNyp,Home,Martin Garrix,VN,1
4QPEwDdOMhY7rNS05mTyMR,Own It,Stormzy,"US,VN",1
3xeo2seNDIp712sUmZycAN,Here I Am,TAEYEON,VN,1
5qSoW3ewNlhRN3FNZPmVns,Umpah Umpah,Red Velvet,VN,1
4cz6qkluxG6mdp7vsTHtqm,,Noo Phước Thịnh,VN,1
63BGyvr6NuhA0q5NimghaG,The Only,Raiden,VN,1
4TsP3ww5zEXxuUdmkWIcqp,Love You Like Crazy,TAEYEON,VN,1
696Y3Jx3k4Rjsw8gm2q4l4,Close To Me - Red Velvet Remix,Ellie Goulding,VN,1
2Bgjj3t5bOh34DfENfgyUY,Wine,TAEYEON,VN,1
5BGXDMMS8twN5BeAiG1YqB,Minh Yeu Nhau Di,Bích Phương,VN,1
6efaWmqWQxnWFGcFN2BqDW,Noi Nay Co Anh,Sơn Tùng M-TP,VN,1
6tOyEmIo6e3VzO9wJg5pVE,Tuổi Gì Mà Chẳng Thích Lì Xì,Bích Phương,VN,1
0vatkYYyTAq7PSTP1EkIEV,,Hien Thuc,VN,1
4D7ERaKgv8NAeck8RzUtRz,Younger,Jonas Blue,VN,1
42MwPTHQWWe4WUNwvdUh6Q,Demons,Alec Benjamin,VN,1
43jklZIdc4MZeqEa4VmBPV,Người Tình Nhỏ Bé,BigDaddy,VN,1
1o4Tp1Qr2FWdyXqDAct5oh,Acid8,Cá Hồi Hoang,VN,1
6rVNnvyNeibts1uOqdSNIw,Mother,Charlie Puth,VN,1
3cXV5WmmOQrNQ9MHstm5hy,Ve Dau Mai Toc Nguoi Thuong,Quang Long,VN,1
2fPA07dIaAh4xT4w13d16D,I Still Do,Why Don't We,VN,1
5MwnYDHwsOOMh4xod90uzc,Tinh Yeu Mau Nang,NHD media,VN,1
4vsAUbPb6q9FpC4AGBFdVh,tomorrow tonight,Loote,VN,1
7oEm5Q1virEUB9H0XjWZzF,Don’t Need Your Love,NCT DREAM,VN,1
6MVkOZHOUDcuGd8fAnbU7f,Noi Minh Dung Chan (Remix),Mỹ Tâm,VN,1
3ZDj9ogLWLHgUkSfmyzSbl,,Bảo Anh,VN,1
7xRENqyuG51i9ZJNt6XM5M,Giấc Mơ Trưa,Thùy Chi,VN,1
5toh9Auk3FfWnOw8Kx7IX9,Anh Không Muốn Bất Công Với Em,Hồ Quang Hiếu,VN,1
4yJ6CHGtEjUnMsZ4IMqReH,Noir 누아르,SUNMI,VN,1
1Spmq0UazGU6ovMIlGldZX,Dumb Blonde,Avril Lavigne,VN,1
1PsMieVYFXrSeXMxuE2SbG,Must Have Been The Wind,Alec Benjamin,VN,1
6vjymPak0JRQC2P84XlI9t,Unholy,Miley Cyrus,"US,VN",1
4t6jh6az9ZMUZNVXPnRjAg,Chưa Bao Giờ,Trung Quân,VN,1
2bfdESDDRQsbY2X2cx7Z3A,7 Cuộc Gọi Nhỡ,Khói,VN,1
6D6TRWCOVKi4YrKUskJTM2,Khong Phai Dang Vua Dau,Sơn Tùng M-TP,VN,1
6ZpXDhe3keeGru2PBWfoMc,,Bích Phương,VN,1
4p3ufgZuxjSmj8EQfzHVQl,Hongkong1,Nguyễn Trọng Tài,VN,1
1rg5qgIv4MC1LMDoFu1fPe,Tinh Yeu O Lai,Hồng Nhung,VN,1
0h2YjuMEaunO5WPvLDy1fH,Go Cua Trai Tim,Quang Long,VN,1
5OTsspiqZPQPPuouZtjykB,Better Man,Westlife,VN,1
1sn24gM7ifkeH0005USdLH,Đừng Gọi Anh Là Idol,Đen,VN,1
7wfbHZcNtENuAcbog7c6kQ,Ooh La La La,EXO,VN,1
6E0VuU01XFwmeCdAKPF2wH,24H. - Original,"LyLy, Magazine",VN,1
3tbNT2X5tfMIVeUflYbZUZ,Alone (Feat. Big Sean & Stefflon Don),Halsey,VN,1
7dsEsd0rlVs6PddRJj64ho,Sally Walker,Iggy Azalea,VN,1
4jhnUht7BRH6TqEt0GE7kw,Dau Mua Trung Quan Idol,Chi Dân,VN,1
4zb3kFL9fXrrfTwIY4CcDy,Flux,Ellie Goulding,VN,1
0RB00aMsmBlr91i9r4Sfib,Save ME,BTS,"KR,VN",1
5e65ztMz6TUp7UvfmHRU7n,Tuy Am,Xesi,VN,1
1qXD01iPYxl6VVyFAJRC9b,Chỉ Là Số Hai,Emcee L (Da LAB),VN,1
5JTKHTv2LQEkRYp31rB1KY,Em Mới Là Người Yêu Anh,Min,VN,1
4uLmKWOb8hl49MYYAc4bnn,What You Waiting For,R.Tee,VN,1
40wjxPDHp3HymPbxESvaoh,,Châu Đăng Khoa,VN,1
2VDTgXwf3F6kcpX4HI0BKy,Heaven Can Wait,Sia,VN,1
2dxyp4ycfgokHoFmeIZwg4,남자 남자야 - Instrumental,하숙자,VN,1
2MqK2bA1U6MO0EbUpCOG2r,Sign,EXO,VN,1
7pujAmCo5rUu4MLcgy1O3H,Doi Mat,WanBi Tuấn Anh,VN,1
1AomonGQcgcVdEHS6ADCjj,Em Không Là Duy Nhất,Tóc Tiên,VN,1
7kcCB7oh6X4bSoFCvrHLvG,24/7,EXO,VN,1
201qzjLx3TtYS60gFCXgXk,,Hoàng Tôn,VN,1
4734o8iRwdI2NkyvdAPHMG,Lac Troi,Sơn Tùng M-TP,VN,1
6ebNVBMPY0VP3ZX7dY5ZJZ,Tôi Đã Quên Thật Rồi,Isaac,VN,1
5ouNakSA4Ys0aJvoFBJtXn,Honest,Bazzi,VN,1
4YfbHXy4bbCR4Y0NaGXaNm,Hạ Cuối,Hà Anh Tuấn,VN,1
6YVDFHYt2YSkdkbAeqnAeH,คิดมาก - เพลงประกอบภาพยนตร์ Friend Zone ระวัง..สิ้นสุดทางเพื่อน,Namfon Indee,VN,1
4EtIza2cKMmR2XP7idebXG,Hello My Love,Westlife,VN,1
66dXPA2DjjchbG5OIayOTn,Thật Xa Thật Gần,S.T Sơn Thạch,VN,1
4fJCpN7FSKLMt22aKQxSuJ,Eternal Sunshine,Epik High,VN,1
1oxpV4sfC8cqOuEeTlbZxS,Lai Nho Nguoi Yeu,Dan Nguyen,VN,1
5unCIQfJLMtcsiU6MP5zmB,I’m So Hot,MOMOLAND,VN,1
5lnvm0uO6GI4wqQpxwjult,Sheep (Alan Walker Relift),LAY,VN,1
0JN8LCqXsqyeedSAHhzaBd,,Khởi My,VN,1
5SkQThmerj0t27qPYYHVGf,Gravity,EXO,VN,1
0wUxh6XMc698xPCfgBaPRV,Dreamer,Martin Garrix,VN,1
1LQn7eHlYpkxyUxtts8JlC,Bài Hát Của Em,Uyên Linh,VN,1
3asJVXjbxNEOwPUL47wvcc,INTRO : Ringwanderung,BTS,VN,1
3fd5jcZKAzoiivM4ZDwhyU,Two of Us,Louis Tomlinson,VN,1
1WKNbEkRHvkPxjeNsFCDzc,Em Muon,M-A,VN,1
4NSW0Km5ZG60L8FthUebPJ,What I Like About You,Jonas Blue,"US,VN",1
49ATdDBSasXb6wsHdrB2xQ,No Candle No Light,ZAYN,VN,1
2AA1f7utyvXpmtKsEvp5lz,dayfly,DEAN,VN,1
4gnZPWL9c1ZunZuqc8Asbu,Mountains,Sia,VN,1
79qxwHypONUt3AFq0WPpT9,Rainbow,Kacey Musgraves,"US,VN",1
12ip0ceCeszDTDFxDY1AXJ,You Be Love,Avicii,VN,1
2inspKXlLHEJVaJ328S2mh,Dung Nguoi Dung Thoi Diem - Original,Thanh Hưng,VN,1
6ubYbyeGfFFSMXPGKQ1wiM,Vi em qua yeu anh,Đông Nhi,VN,1
4cS5TlYZ4OlOVKYaSvmZK3,Ngay Ở Đây Ngay Lúc Này,Bích Phương,VN,1
420AcdRTLLJDMNhmqzBQZG,Xin Giữ Em Cho Hoàng Hôn,Uyên Linh,VN,1
0480MUEkj8KwH1u0yaSzIB,Gọi Em Đi,Đông Nhi,VN,1
41dykwc7XRMk44xgg8hykQ,Ferrari,Bebe Rexha,VN,1
0yCxbk63mOCcatXwrVTQ0d,,Mr. Siro,VN,1
3sygLAUhHsJsQ0cBk6fxRd,No,CLC,VN,1
5jARwyAOnzz8HwfYeqUtI5,Ve (Acoustic Version),Trúc Nhân,VN,1
52EB2Gk1nkxZmbomJOXUde,Are You Lonely,Steve Aoki,VN,1
3vKvLGxQqoQ0HYp4qAptyw,Dong cua then cai Tram xi mang,Đông Nhi,VN,1
4UNkRwQUd2KTpiWPjyTqSc,With You,EXO,VN,1
4CdxYNTy4dHVOAFxNDVW85,TURN OFF THE LIGHT (MINO SOLO),WINNER,VN,1
2TBoaEjn4wy7RAQSBzNSR9,,WanBi Tuấn Anh,VN,1
5eGX87IiKsGuzS3iw4CfCX,September - Recorded at The Tracking Room Nashville,Taylor Swift,"US,VN",1
09v29mkcEKSpc1FnCkU4vS,Doi Bong,Như Quỳnh,VN,1
0xIVvRmjztR1AwuHrkhH41,Addicted To You,Avicii,VN,1
3jevgr3fYdv9wYO3IDJq2a,Awaken,League of Legends,VN,1
6pQadiopoIsS4x78tjSkJt,LA Girls,Charlie Puth,VN,1
2rZfKyWzXoxQe2DBlvZ2sP,No Place,Backstreet Boys,VN,1
1nhMnpxfNIIkViyCDNQvNH,Smile On My Face,EXO,VN,1
4RAbhYd6P5zR877A0uLsUt,Oasis,EXO,VN,1
0qrPZ27AhOahJivGsDbUSS,OUTRO : Crack,BTS,VN,1
2bNrvWD9d5Zn9tS8XvcaMk,I Could Be The One (Avicii Vs. Nicky Romero) - Nicktim / Radio Edit,Avicii,VN,1
1nO67wic65N413c11zKxM7,Silhouettes - Original Radio Edit,Avicii,VN,1
4Si7e8NSgR03i1ppV2fUcr,Cơn Gió Lạ,Phuong Linh,VN,1
4YLtrBhzjsI2LT6ybXQHeD,SoulMate,Justin Timberlake,VN,1
1e4abttwx42taQB02Mbsmu,Roi Nguoi Thuong Cung Hoa Nguoi Dung - Original,Hien Ho,VN,1
4caEPudXQ1xDd1garjHPFv,Like That,Kris Wu,VN,1
5J783SDlyitqvLFAzTm0jU,Chances,Backstreet Boys,VN,1
1Fj0T1XKuhRu7EZzJ7NJIK,Delicate - Recorded at The Tracking Room Nashville,Taylor Swift,VN,1
2qwyjoSsSr3M7HTt611Q5O,Wind flower,MAMAMOO,VN,1
6Pqc7nJCJcxfTMrmNMNTr6,Animals,SUPER JUNIOR,VN,1
22jgvbdXMcVdvu5Lc4V4yL,Bad Dream,EXO,VN,1
6J7ZSdEEYo3ns4gnHdwRL0,Seek Bromance - Avicii Vocal Edit,Tim Berg,VN,1
1NxiNFHHtQHEjOg679F7kw,,Trung Quân,VN,1
5KgRBx9jvzuQJlxc44WWVd,,Big Daddy,VN,1
2bzitsPcImYC6DZWvvLCQi,Zero,Imagine Dragons,VN,1
2CTN6UuO2dNEVZXR0DJVk2,Only Want You,Rita Ora,VN,1
4yk9WkboHKMinZ8O580DDE,Noi Buon Gac Tro,Phương Dung,VN,1
7uowi8hg7oAnwhOddWyy5r,Chú Mèo,Bích Phương,VN,1
0eYP6uVKRanxz52OW1MAPR,Animal,Troye Sivan,VN,1
1MU2oGnL6EdBDQ02wVUOMX,Dung Tron Trong Phong,Da LAB,VN,1
2xy1vphGnqDD6v48WTIL3h,Damage,EXO,VN,1
2BkyYZmU4JuWW2sYi9EzpC,7 Minutes,Dean Lewis,VN,1
0AHHzF3cdau1XNBCM9l7Ky,Tết Là,Mademoiselle,VN,1
5dott857o3Z6rXYU7m8Ba8,Nguoi tung noi,Đông Nhi,VN,1
23HHvIWcMGZxIXoDqv2iBO,EM khong muon nghi ngo,Đông Nhi,VN,1
4mLkiFppf8Xvem6BSY34qw,blazed,Ariana Grande,"US,VN",1
7gevvAspxft2qQmcvJjNBH,A Good Night,John Legend,VN,1
6lBje32Q2mPWFRsCkxzz8j,You of Yesterday,Sơn Tùng M-TP,VN,1
6MiGIhcqRysLfTTeTEgSuv,%%(Eung Eung),Apink,VN,1
0GIsLh8ly8RuFc2pZshRPl,Remember,KATIE,VN,1
3XDOYWA0vnqzQYG0qIFpEt,Vì Anh Là Vậy,(S)TRONG,VN,1
5xesHO6GLWTrjsKOjAXRmf,Checklist,Normani,"US,VN",1
6rxD5I67aNS4Zt3in5rPLs,FOR,WINNER,VN,1
1TgroQMDYrNxzukbylyqeO,Nothing In Your Eyes 2,VA,VN,1
1xSYBj6IbFfCCcTFZP3NOY,Da Lo Yeu Em Nhieu,JustaTee,VN,1
4JViGq60SvqtQXI3WK0OLS,Oh My!,SEVENTEEN,VN,1
3PPeqAc0fCfFdh8cUYShn6,I Don't Know What Love Is,Lady Gaga,VN,1
2iXclx3wUBGDnVXseACeS5,Cho Em Một Lần Yêu,Đông Nhi,VN,1
5zxwumO0laRosoeOvbVSvc,Bright Blue Skies,Mitch James,VN,1
0ejqzi8uUJmwp023wseM8B,Dung de anh danh roi em nay,Đông Nhi,VN,1
3QQqs7Yz4xHmWwz8M89ZA1,,Dan Nguyen,VN,1
1jPfemojB921TBvUhRsC42,Biết Đến Bao Giờ,Lưu Ánh Loan,VN,1
61sqsOPon94ecMskeEXwev,Better To Lie,benny blanco,"US,VN",1
3pDHW8LsKjbX6nVSbs8uGU,Everything I Need,Skylar Grey,VN,1
4YAgH8s0JFfwikTNwe0aIk,Daydream (백일몽),j-hope,VN,1
2BEhWLVwLuM7qQ7pjbkz4j,Tempo - Chinese Version,EXO,VN,1
3SzyCumCyxIFHeHFKc24bj,HAVE A GOOD DAY,WINNER,VN,1
3CpX2k2Vi2Cy9YZSYVGMcG,Khong Phai Dang Vua Dau,Hoang Minh Tuan,VN,1
5Gi8lLH3edcexP99srU1Nl,Waiting For Tomorrow,Martin Garrix,VN,1
2gKMdQT7B9a3TFcS3ph33e,Song That Lau Vao De Ma Thay - Original,ĐINH HƯƠNG,VN,1
226q4gIbBXEsaqHubcnN19,Hold On Tight,R3HAB,VN,1
1zedfw5iu7XzKJT8CupEIP,Simon Says,NCT 127,VN,1
0sPJELXHyWpFgkxlzvvRFI,Hard 2 Face Reality,Poo Bear,VN,1
3roMGtDfleE2N8M56E2WFs,We Do,R3HAB,VN,1
3jrEwnoMIdVjqMQcTB3B08,,Bảo Thy,VN,1
7oVKKYFeHdQ2e0gStX2X2T,Rainberry,ZAYN,VN,1
1MUL6DO2gVimj2YrVedubd,Creep On Me,GASHI,"US,VN",1
4uGY9CqDtGtaTTLg1cgsWD,Machine,Imagine Dragons,"US,VN",1
1HT5BF1nnjRQuusixH2g0Q,Cơn Bão Nghiêng Đêm,Lê Cát Trọng Lý,VN,1
1V3KLMwIPrpvWHeZWH4gB9,#BabyBaby,MONSTAR,VN,1
5chgte6PLqxDVWXIUhVwBn,Caution,Mariah Carey,VN,1
4F5uyGKR83bMUbGXC2Pj1E,Anh Cô Đơn Quá,Nguyễn Đình Vũ,VN,1
3bbqxv8GN3RhaPnrWxFbmP,All Out Of Love,Air Supply,VN,1
7aSvPfoqiM0zwPqupLGaHd,BOY,Charlie Puth,VN,1
4b7mLZQWsy0rLnrMtPA9fQ,borderline,Ariana Grande,"US,VN",1
3Mvd9KPeMf2YQa1MiQGKmV,Told You So,Little Mix,VN,1
24fJGanAPRHwjFP9Oo9tTH,Em Gai Mua - Huong Tram - Original,Hương Tràm,VN,1
6TapyDFlRUlZ4cmIaqJx4k,Slow It Down,Charlie Puth,VN,1
15fZrZhdK0g1BS9sDeW6sD,Love No More,Loud Luxury,VN,1
2LYrKoikNduqUK7ef8HMXm,Hoàng Diệu,Những Đứa Trẻ,VN,1
49HmLcTG7tsqz32TF3rnCC,YOUNG,BAEKHYUN,VN,1
4lownRPM9rXqZmIrauvsPR,Anh Sai Rồi,Cao Thái Sơn,VN,1
5MwfxCtqMFGYp9Nc1BkTrS,Wow Thing,SEULGI,VN,1
2D3wyaOqwTMR1QPbf3hjVO,I PROMISE YOU (I.P.U.),Wanna One,VN,1
3bEAVuzTJ1Pd4ZGj2ykqnB,Nói Thương Nhau Đừng Làm Trái Tim Em Đau,Bích Phương,VN,1
1hYEnW3hjGnnvTuEUlAD6h,Introspective,Josie O'Connor,VN,1
62bHyrzzw48JR3ex1hFqGW,,Han Sara,VN,1
21bwxku9Du0GM9JvVN9TXf,Radio Silence,R3HAB,VN,1
01GttEhbqMrVWdq26icFku,một file âm thanh nhỏ.mp3,itsnk,VN,1
7AvXrOVEVRcfXxme2wo6Im,러시안 룰렛 Russian Roulette,Red Velvet,VN,1
6X6SdJzxyw7GzxwP2fr9WV,All I Am,Jess Glynne,VN,1
7j56HrjR9cGzvekvZY3Faz,HandClap,Fitz and The Tantrums,VN,1
0tgbSxoFjZ20MjfoKwWevV,Your Love,David Guetta,VN,1
0JQPxSYL6alc9UvsPvBoFA,Light,Wanna One,VN,1
6sOBI67H8F3S1cNS6CM5p7,Get It,PRISTIN V,VN,1
5br7roRMvno5sXHu5GAqXf,With You,Mariah Carey,VN,1
3iYYUkgkIgZy20xUVaOyLU,Diggin' My Grave,Lady Gaga,VN,1
18gChZrFfhblyCJkhy7bBf,DON'T LET ME KNOW - KR Ver.,iKON,VN,1
2p65VUAbynlAXP873GpfiA,Đường Tình Đôi Ngã,Giao Linh,VN,1
47BBI51FKFwOMlIiX6m8ya,I Want It That Way,Backstreet Boys,VN,1
4uEWyY4kHBcZACf1wmDqKt,Điều Ước Giản Đơn,Akira Phan,VN,1
2vNyWYQtbrgOKcSG64SZMJ,Space for Two,Mr. Probz,VN,1
3MBHhhVQiGLX28NolyIdY1,GTFO,Mariah Carey,VN,1
6UiQFxMYJgILcLTjLrO0OQ,Seventeen,Troye Sivan,VN,1
7FFfYM4JE1vj5n4rhHxg8q,Babe,Sugarland,"US,VN",1
5r49JKf2vWBF0CQjZewJ0O,Melody,Lost Frequencies,VN,1
0II3DVK7qhdhzcUGjikmXq,Em là mưa,Vũ.,VN,1
2S5oQ1s3p0cl5Zss33bVg5,Dem Buon Tinh Le,Dan Nguyen,VN,1
38TgLPNHsPzgqri5G4SPun,Majesty,Nicki Minaj,"US,VN",1
79dGPzulHMR0W8w1b8CgO8,Twin Peaks Theme,Henrik Janson,VN,1
2S5bgjLeEbCvuQBCfRUbio,Qua Con Me,Duy Khánh,VN,1
09eYSoem8gQWelNj1G9Aqa,N-Sao?,Suboi,VN,1
1MobXMNPi9e1onV0ElsPEj,Be Somebody,Steve Aoki,VN,1
0kg36eEw4un3UwGvnf93xT,Hooked,Why Don't We,VN,1
3b5Li4QKDVBx1x7fQuu54a,Tired,Alan Walker,VN,1
6lM6yIDZ7kxFsgQCCfaLE2,Monster,EXO,VN,1
6wvlEKW2qxucJSBXYpMV2P,TOOTIMETOOTIMETOOTIME,The 1975,"US,VN",1
1csB4kgdyglOQdH0EyFIqy,Say Love,James TW,VN,1
5Z5nbOXhsSbySVC7WUc6y9,Four Out Of Five,Arctic Monkeys,"US,VN",1
2JpmckIi59S3oG6ABo5Qe0,Ngày Tình Phôi Pha,Lê Hiếu,VN,1
0gT7Glb4D2JmmgXqsAZdkU,Whiplash,R3HAB,VN,1
57R1JsVEckL0Q0n3KBvmhc,Sau Tim Thiep Hong,Dan Nguyen,VN,1
5CpkVOosLFc83LbwqO6hnI,Just Got Paid,Sigala,VN,1
7yqkSfpsdd0R1mMlOQ7t3b,One I Love,BATE,VN,1
32UJH1F38AMSjZilQyBzOE,I See Love,Jonas Blue,VN,1
4ZvK6zu3f1MhlrUx20eXF5,Buong Tay Lang Im,Ưng Hoàng Phúc,VN,1
6KtTamTrKpg7K42Y0naU6l,Hương Đêm Bay Xa,Hari Won,VN,1
4hDoWaIklSVAKLocU3IDBr,Im Gonna Be,Post Malone,US,1
2mhdhTWqT8RhkTlN2yWZZi,7 Minute Drill,J. Cole,US,1
5raTDhlbxFDnpn89bxArdH,That Way,Lil Uzi Vert,US,1
6ocGUvvzNkvf4hAV9VFb4P,AMERIICAN REQUIEM,Beyoncé,US,1
2Az5ykbQiZtFWtACCMvWlP,Rich - Interlude,Kendrick Lamar,"KR,US",1
3j3SfV4hAcR4XjCvW393Gr,POP OUT,Playboi Carti,"KR,US",1
5nhwuGvAsR1a3ITEv8SfG6,We Wish You A Merry Christmas,The Weavers,US,1
21KeYjejBCDNNNyxtIP5pt,Christmas Child,Burl Ives,US,1
4tMzIAFTFdqGBQLdfbPces,Haunted (Taylor's Version),Taylor Swift,US,1
7aQ1tSYr518KwnE4SVSQbT,Whatever She Wants [BONUS],Bryson Tiller,US,1
3lAEHk0eZzMKtCUFLXz8Ln,RADAR,Playboi Carti,"KR,US",1
59151GHN7yr5g9B3bqlGdR,Trouble,Eminem,US,1
7EiUtdeoWcKqLi5ELZCjYf,LOST FOREVER,Travis Scott,US,1
21LCotDEwR7R8qOnqPVzi9,Evil,Eminem,US,1
19Fg3WrTfo35Ji3PtfZE6J,Auntie Diaries,Kendrick Lamar,"KR,US",1
59KOoHFcw5XfICnO57holu,Last Kiss (Taylor's Version),Taylor Swift,US,1
3fDTzkvrOo5xQIO480Qmsb,Suicide Doors,Lil Uzi Vert,US,1
3rssNOLucK9fzsRcKonhYu,Firm Friends,Drake,US,1
5ehXToeJ8Tgc4wMhY42Oul,Wake Me Up,The Weeknd,"KR,US",1
3koE8h6ORJ28j0xEPO4n6K,PROTECTOR,Beyoncé,US,1
50No7LiVffAJCWIChZodmU,Lucifer,Eminem,US,1
5PPUw4Xo3Hz6rl4GpBfd3c,Savior - Interlude,Kendrick Lamar,"KR,US",1
1pzN8bCzy017iK3vWzkk6Z,WAKE UP F1LTHY,Playboi Carti,US,1
21aDVa64pWR8SYQ7wBRMkd,CHARGE DEM HOES A FEE,Playboi Carti,US,1
57ELn9TPDIhrpl0dasS465,Claustrophobic,Future,US,1
2EFZ9emtKWEglWUQGEQ3P9,Never Grow Up (Taylor's Version),Taylor Swift,US,1
5cfsQZEFf1IpQr8F9vI9le,BUTTERFLIES,Justin Bieber,"KR,US",1
2Q0aElTZQtEUsoiaQfizu6,PARASAIL,Travis Scott,US,1
7oZOCPjlLpHZtIebTXhlfZ,JUMPIN,Playboi Carti,US,1
1r3uOHPoiIv89Xb6K9bDH4,WAY IT IS,Justin Bieber,"KR,US",1
2ydagYqcyFfRtQPzKc5E8l,I SEEEEEE YOU BABY BOI,Playboi Carti,"KR,US",1
7pBcryEKcUEaWHwAu1wUyP,Magic Don Juan (Princess Diana),Future,US,1
4IcbUXrAzBtn6iUO1LP471,Away From Home,Drake,US,1
7xAvtuHf8nGi5OtXVPYgb3,CRANK,Playboi Carti,US,1
7DL2F2bueQycqYjqsjHYjG,MOTH BALLS,PARTYNEXTDOOR,US,1
0DIcssPpatAMqFXLZCxZMN,Antichrist,Eminem,US,1
3surY3LebvLLdJezmiKUBO,TWIN TRIM,Playboi Carti,US,1
3evCfqmaP5ZFbWMeFI0E21,ALLIIGATOR TEARS,Beyoncé,US,1
4oFhT5d5TDTJnkc22hiczk,Misfit,Juice WRLD,US,1
5P03xImM2uFukzoty7NDw7,KICK OUT,Travis Scott,US,1
76OC0zMt7wqgys9BpPfLag,SMOKE HOUR ★ WILLIE NELSON,Beyoncé,US,1
7EG3kXbKmNC1OismTn6ZG5,MY ROSE,Beyoncé,US,1
4Kd9tBUgpXv26OfR6ugBv1,Finer Things (Feat. Hank Williams Jr.),Post Malone,US,1
0TsCBkrq3owPs06HP5Q9Z4,RIIVERDANCE,Beyoncé,US,1
12nBPF4Rh4XLFJV0YLN7uj,Innocent (Taylor's Version),Taylor Swift,US,1
6NZOc8kO0Fxo0fLPvIdLnW,Mother I Sober,Kendrick Lamar,US,1
4XcZp2xqbiD8YsnPboNUDo,WE NEED ALL DA VIBES,Playboi Carti,US,1
5lVmzrKaqPpPYtF7udoiNq,Intro,Drake,US,1
51D9PHMiMxuRGtGz61F4QN,JUST FOR FUN,Beyoncé,US,1
1SPI4AlK4121PEQPGSpdcY,California Sober (Feat. Chris Stapleton),Post Malone,US,1
0T6RSXxFhW8dRTWHI604ld,One Minute,XXXTENTACION,US,1
4q7y1JFDBJSBSLqXVgcI51,Runnin Outta Time,Future,US,1
3yNJkriPzWjkkDAWHIAVUq,Ours (Taylor’s Version),Taylor Swift,US,1
4KpKyRFwN0gcwj58Uqjv7q,STARING AT THE SKY,XXXTENTACION,US,1
28xOPIPw0joNPwYd0asIT5,Fried (She a Vibe),Future,US,1
2w5BtuWXISpB6NM4xPoeiR,Pricey,J. Cole,US,1
7Hc3YL8oDiAzbiAW32KXrw,Dive,Kid Cudi,US,1
2JJFJEvFSWyQ59Pwl2gqSF,MUNYUN,Playboi Carti,US,1
5RMTsrJkrtumtiIZjy7dL6,H.Y.B.,J. Cole,US,1
3LkXOTWDwskwciQoARFDzu,Guilty Conscience 2,Eminem,US,1
27oVCAziETRbNuo5A8LNpg,Mr. Solo Dolo III,Kid Cudi,US,1
7hVb3OyFkgxDgpTdrOX6dT,KEYS TO MY LIFE,¥$,"KR,US",1
0cJRr7kw5FkV5e8ejEB2j6,warning signs (interlude),Ariana Grande,US,1
3tmrwNhOKNDMUVg1Z924Aq,FLAMENCO,Beyoncé,US,1
3lcfs9Qjfxzy00VSVkixDv,I Gotta,Lil Uzi Vert,US,1
4IixOTCzviJgIigKleiVbo,Even In Arcadia,Sleep Token,US,1
1YHQQFtKqFSFrqL4cNvstU,SMALL TOWN FAME,Drake,US,1
5aIEFCKhVUM5sKkwOSdFiM,CRYING IN CHANEL,Drake,US,1
3Vg7nPYlOrCkcV1abKbRQ1,Everyday Hustle,Future,US,1
77sMIMlNaSURUAXq5coCxE,Fearless (Taylor’s Version),Taylor Swift,US,1
1u2Fe70Qm9VFCIMPWFlfc1,Deep Satin,Zach Bryan,US,1
1mjAD7IYvI5UGiB7WnppMf,BBL Love - Interlude,Drake,US,1
2koUj1Fn5TKFEkChSmBPIb,Heaven On Earth,Kid Cudi,US,1
3oZZfVvLJuDYc4Vn3A63Fw,Polar Opposites,Drake,US,1
4Lojbtk7XNMdSKRHSFbdkm,Look To Windward,Sleep Token,US,1
1nhNz1tWU8p5WvFAAgFW2h,Poor Thang,J. Cole,US,1
4rXxjHSAglOynjIF8Z34dx,COCAINE NOSE,Playboi Carti,US,1
4GqhG9rDuRUoNyDSMJ0Brq,SPIDER-MAN SUPERMAN,PARTYNEXTDOOR,US,1
0ArVfVP8B5svkfj8clHNzB,Screw The World - Interlude,Drake,US,1
5itzep0nGnq7hxCfFNsTIR,difference (interlude),XXXTENTACION,US,1
2g042sh2sg0fmOrr1lApqi,II HANDS II HEAVEN,Beyoncé,US,1
637oNhilCI9UlkWkUW4Grt,Enjoy The Show,The Weeknd,US,1
0F1rlXkOcI1Iqfz9Y3BdO4,Fortworth,Drake,US,1
76yJsfb1CUy5Um8nFL7jKQ,OPM BABI,Playboi Carti,US,1
3IvMYBE7A3c7to1aEcfFJk,Deep Pockets,Drake,US,1
4ZZJ7S4Z1pEIvTUgN1oRzS,FIRST PLACE,Justin Bieber,US,1
4nuAslShoN77tq12fzwjUq,Sad People,Kid Cudi,US,1
5v7Cm2PyrlJ1NIbVOvNcF5,DESERT EAGLE,Beyoncé,US,1
7CA0mEKqEZ0WFAIlTS4uEl,SWEET ★ HONEY ★ BUCKIIN',Beyoncé,US,1
5TCBWmEBrin7etRa4Lswr1,When To Say When,Drake,US,1
1MJHXJ8bdoynpEtCLCbkWf,Overdrive,Drake,US,1
4e5ayHsOLJNLTGfjau2mEw,The Lucky One (Taylor's Version),Taylor Swift,US,1
2n7Ao4nyESBa5ti8gcAbBt,Damaged,Kid Cudi,US,1
7ccTcabbJlCJiIqtrSSwBk,Premonition - Intro,Eminem,US,1
1U3A66OHQyTu4N2QTMsP86,GRACIAS POR NADA,Bad Bunny,US,1
2yyO7EKRr7c3txi4xCXUFk,PAPERWORK,¥$,"KR,US",1
4evLyY5Ue1Wesc61t2KXAU,Superman (Taylor’s Version),Taylor Swift,US,1
1sqXfPaRD7npnH712RZQAF,Have The Heart (Feat. Dolly Parton),Post Malone,US,1
0rDQZJtSGgsB2rdkObpdFa,VOU 787,Bad Bunny,US,1
6y4pOReFqH2wzo4CV91cZC,Mess,Lil Wayne,US,1
73qMN9bXy7MSPwwGfH3wQr,Sad Beautiful Tragic (Taylor's Version),Taylor Swift,US,1
0bBnrokPXtfwXQarqCu1Gz,Road Rage,Eminem,US,1
6uMGHQvhZq8YyT4kdnG1L3,Temporary,Eminem,US,1
20hTkA9oKKuxghkRptRczS,Goes Without Saying (Feat. Brad Paisley),Post Malone,US,1
2GriTXl7gRSBv1A2IGZtnL,Juice WRLD Speaks From Heaven - Outro,Juice WRLD,US,1
5KlPy74NOEAt8jC3FYURnQ,Urgency,Lil Uzi Vert,US,1
0veNpTQFqfmTX0rsJmO2rO,"The Man, The Myth, The Legend - Interlude",Juice WRLD,US,1
6vAg7qqbiIrQhQtxPegLw1,High Fives,Drake,US,1
4pNApnaUWAL2J4KO2eqokq,Come Back...Be Here (Taylor's Version),Taylor Swift,US,1
0NRHj8hDwwmSPaA41o379r,The Moment I Knew (Taylor's Version),Taylor Swift,US,1
7A2cNLRT0YJc1yjxHlKihs,Starlight (Taylor's Version),Taylor Swift,US,1
4ihV1wv7QmjbkLHaT9lA4s,BEG FORGIVENESS,¥$,"KR,US",1
2YFhqZvhTpyK13gKXMKV7R,"The girl, so confusing version with lorde",Charli xcx,US,1
2ut4BOQSqxLpcX5MtPjzYa,Evil Ways,Drake,US,1
4a6fLRXmH4R4dMu9c1MzE6,OH LOUISIANA,Beyoncé,US,1
3nwcQXP0mBmXmlrirQxCkz,Slap The City,Drake,US,1
3ZVw1HR1QAQoKBygbhG4CE,I Love You Dwayne,Lil Wayne,US,1
68lOQPb5tX8U2cQRuas0L2,Used 2,Lil Wayne,US,1
4a1fh9vJMMoRjNrBmEWoM0,All The Money,Metro Boomin,US,1
724YXkrlOINBst64isK3KP,ATTITUDE (FEAT. CHARLIE WILSON & CASH COBAIN),Don Toliver,US,1
2xxb5zW09uwbgyLprALi9E,RAINING IN HOUSTON,Drake,US,1
1AFW3QBDjBmb4EL9gyiYhe,Cheetah Print,Drake,US,1
4SnlSaLJJ7reJMCHM5YUuX,Lotus,Lil Uzi Vert,US,1
4pPJQ2p8jIsBuvxEIW2R99,Run A Train,J. Cole,US,1
4J9WveqdoaEUQu1aeoSH9X,Ready ‘24,J. Cole,US,1
3FHO87BSOEVAsedSnCTnvz,BRIAN STEEL,Drake,US,1
6jtqO14L18plBtpDTtUkFR,Bunce Road Blues,J. Cole,US,1
1kaxyXcAi5ZHF3Q94QXsHK,Demon,Lil Wayne,US,1
72qABvaqn3TP6drO2tByA6,Ain't No Love,Future,US,1
11pn4LFXCIXyprWQk8RSlM,Crush Em,Lil Uzi Vert,US,1
4cwyp1aL1q3LfGCteqe8tL,PIMMIE'S DILEMMA,Pimmie,US,1
5IoPnNiYAOvHHJpz13wzRL,Vanish Into You,Lady Gaga,US,1
5Ds51Ek912Zaprrt61JNO0,White Christmas (02-04-54),Clyde McPhatter & The Drifters,US,1
3hZbi8AG14hRw5Skg7V8pl,Classic,Drake,US,1
1eThXFmkENeSkdeLO8S86F,HOODRAT,¥$,"KR,US",1
0YkUwXxnTkeJBvt5upeEtP,From Florida With Love,Drake,US,1
6pf7fmrtYcA4WpqTksuh68,SKI,Future,US,1
4XF9fk0STp9hx8xn5Suwpz,GTA,Future,US,1
4iQ5gmTAzWfK8JyFC2LBox,What's Free,Meek Mill,US,1
4CD5aJNhq5fGYu3QaHJrm8,This World's A Giant,Zach Bryan,US,1
6AX3i1TluzbvpJpKrY7NoD,SWEET SPOT,Justin Bieber,US,1
33BBo7zULt3O7mgE3pWMM5,The Party Never Ends,Juice WRLD,US,1
0udOCZp7yk0Ml92C0k8H8D,That's On Me,Mac Miller,US,1
6nf4oqFOsVKLwJPEliYVwT,Hide My Gun (Feat. HARDY),Post Malone,US,1
1Y66A5zH3iPOWCDIuSDQR5,Bad Reviews,Sabrina Carpenter,US,1
5j0YSeIXeBWxvDFQkxXfeM,Empire Now,Hozier,US,1
6qouBO0wJtYc3k7DfKRUBx,MANIFESTO,"Tyler, The Creator",US,1
4b7vk8SRcYgnxpk0JOIS7r,Drugs You Should Try It,Travis Scott,US,1
3a36nM6fPVA8K1vqq6d03o,x2,Lil Uzi Vert,US,1
29JLgNBcOky7QB68OrvYxO,Gethsemane,Sleep Token,US,1
7omJfT9s6V2IpQNBYyq5C8,MY HOUSE,Beyoncé,US,1
2OcpUR9GG6jOv6OXhFrUda,The Great American Bar Scene,Zach Bryan,US,1
4IIuCotvqijraSdnVLaFnM,Beautiful Trip,Kid Cudi,US,1
6wqWfSOZvTK18SAczoYm1L,Start This Shit Off Right,Lil Wayne,US,1
1IzCS4zuowRsXu4YS8caOB,Missin’ You Like This (Feat. Luke Combs),Post Malone,US,1
0WCJSIy75ZVxqY51ce0enc,Pluto to Mars,Lil Uzi Vert,US,1
5IcP1PPnleZ2kuwKDyfNC5,Forgiveless,SZA,US,1
2yg7MXp8nSPaf61HVkhEr3,The Void,Kid Cudi,US,1
2v0AG62ZHtD3I4YmTb3WYM,Niagara Falls,The Weeknd,US,1
4yLyVdEqV790aIXyGif85v,red sky,21 Savage,US,1
7ucEkWU0SVy0XFdfXESgfY,LOS PITS,Bad Bunny,US,1
021lWIHJrURZrmvYQ1xcM8,All Bad,Future,US,1
7JVAVLkkhpKOp8g4jX5Z12,Provider,Sleep Token,US,1
4LP6bmyAxdMNrqUrMpaVQ8,KING,Kanye West,"KR,US",1
6VzcQuzTNTMFnJ6rBSaLH9,Fine Line,Harry Styles,US,1
6R9c642Hs3tOdLowjYaWt2,Love/Hate Letter To Alcohol,Post Malone,"KR,US",1
67xBtV07CC73eFw7z5oCvU,Do You Remember,Chance the Rapper,US,1
26G5nmIx7Yvq79bIIluyZV,Once A Day,Mac Miller,US,1
3NE6g9h77FZbQqCLzUpGRt,Light Year (Practice),Lil Uzi Vert,US,1
2BcnxwxBuar5wjCaLqm5N3,Until I Bleed Out,The Weeknd,US,1
38Vh0iUlilcvnBNWS4saSD,Doom,Juice WRLD,US,1
5ZfOg71oANMaKmswvSEF2r,WHO TF IZ U,J. Cole,US,1
0PV4VQCmE6Ujssr1bnswdF,Something Serious,Bruno Mars,US,1
149r4BNMXwFRWjPYcKNNgc,Devil I've Been (Feat. ERNEST),Post Malone,US,1
2vy9Ry1TNjCD85TiCbTz0r,Liability,Drake,US,1
68vgtRHr7iZHpzGpon6Jlo,My Boo,USHER,US,1
22bPsP2jCgbLUvh82U0Z3M,The Way I Loved You (Taylor’s Version),Taylor Swift,US,1
0OoNzMdPSgbkM5MkcuEZfm,Lock On Me,Metro Boomin,US,1
2nqio0SfWg6gh2eCtfuMa5,Fifteen (Taylor’s Version),Taylor Swift,US,1
0DMVrlMUn01M0IcpDbwgu7,Girl At Home (Taylor's Version),Taylor Swift,US,1
1YvT4ml5LQM8ZYcLvqsAkD,Remember Him That Way,Luke Combs,US,1
1t2MQpMDtJT5VL2tAPHrGN,Cowboys Cry Too,Kelsea Ballerini,US,1
4bWZz15GR1EE8E8x23rDWV,PUNCH DRUNK,Kanye West,"KR,US",1
4sWGHlZGM1XA7TyWdtBAbA,Moon Relate,Lil Uzi Vert,US,1
19Ec2gbNtQTE44IizcPjtD,Wassup,Lil Uzi Vert,US,1
7HCX1Ch3mklJyEdpwPZBFW,FOR A NUT,Future,US,1
0PKpNkxX3FkcfgxCQUXXds,Down Hill,Drake,US,1
3Fq192aYDVyTn0DmwdofZm,AGATS2 (Insecure) [with Nicki Minaj],Juice WRLD,US,1
3VlW71ZRJPEjd17W0bW28D,Donda Chant,Kanye West,"KR,US",1
5GtUTcvOx52F5648wXQfc7,PROBLEMATIC,¥$,US,1
2M8IvrzqvNMAJsAx7UYwXK,Bass Boat,Zach Bryan,US,1
59NTlSZN6G2eCs4jcf46C0,Not Enough,Juice WRLD,US,1
3JR2RztQcOjUQGQSybxDIO,ONE OF ME,Lil Nas X,US,1
0Sq6JK9kyC4MQa3KrJj5CB,Nothing Left,Bruno Mars,US,1
3CqT9ajcy6pY7TonEPiV4H,Me To Me,Morgan Wallen,US,1
4tMhjP02FRQ0KIUUEJ2oGK,DIS 1 GOT IT,Playboi Carti,US,1
6L4XGeAdRRC32vVJpp8MdM,Face 2 Face,Juice WRLD,US,1
6fLVTVaHWaEfVKfEgbkf4D,Losses,Drake,US,1
4E3qImtJzRqLt8ZZyLceOE,Perfect Strangers,Lil Wayne,US,1
39L3LdlHS3gqB62HPWaJRg,NO ME QUIERO CASAR,Bad Bunny,US,1
5IhzJOXNE7ki0IIJbZbnGq,Canyon Moon,Harry Styles,US,1
7oSdhQFfq5ScVjRkVcj4Ua,Legacy,J. Cole,US,1
6CrnvqCxBKVWahSiQwOesM,Hands,Mac Miller,US,1
4oahRRZECfGud6eL7Lj7CO,Opening Night,The Weeknd,US,1
6O10oTtZIZ4DkkUqyfCbrR,Higher,DJ Khaled,US,1
7GXOXYdU950eRvk5rUAE8F,Head Honcho,Eminem,US,1
1I55Ea0zVoSKs6MqW7DQ3i,War,Drake,US,1
1SVhTS4l0sLFsP2Abme05l,Just Us,Jack Harlow,US,1
3NsqLy0x8l9VyNfOHQTNHs,Last Drive Down Main,Morgan Wallen,US,1
0Tqn5Th0wk55eLdga96vZM,Perfect Celebrity,Lady Gaga,US,1
1pDbGAAH5GQ8U0KG4fI77H,Spin Again,Lil Uzi Vert,US,1
2tzgSUZOUKopYbRqQOVT8X,MASSAGING ME,Future,US,1
4Dx4e0X5dR6TW85dtFU42x,Red Leather,Future,US,1
7FAND3cHMvepHjpBp8gOZ9,Go Hard,Juice WRLD,US,1
550erGcdD9n6PnwxrvYqZT,Hey Stephen (Taylor’s Version),Taylor Swift,US,1
09UUDUFaudMcUkocm2iqR8,Money On Me,Morgan Wallen,US,1
1abwytAhbWeHrbsA9eODOy,Feeling Like The End,Joji,"KR,US",1
15qnOSRK5HMWOgL5HURhrc,Bad One,Eminem,US,1
1pbbsI2KGPOMu0HmuGccBu,WILSHIRE,"Tyler, The Creator",US,1
3JzVK0f8gqAAjyEDyXAys4,Sandpaper,Zach Bryan,US,1
3niLgyM9yJTaZMpeXjjSSk,Given Up On Me,The Weeknd,US,1
3i7xYNT3bjjuiIDvCABSVR,KTM Drip,Juice WRLD,US,1
5KW4KhJIAbVVSH6pJ4GPkb,Tie That Binds,Drake,US,1
2t4H61OtTYgmDe61KxkjKH,PLUTOSKI,Future,US,1
5shGj5OOnpmg4tQlFjyzZY,For Good,Cynthia Erivo,US,1
4J9SI7do4KOEsCexqEbjmR,Rockstar Knights,Kid Cudi,US,1
1C9blfN8TSuM24qMLbd2HO,I Run,HAVEN.,US,1
0DM63CJEklNPKu6kHGyuEl,Yours,Post Malone,US,1
3mRF0YNsDdFKFnxwg16hSz,VUELVE CANDY B,Bad Bunny,US,1
7vTspUAmMKFkUpKL9HLZNL,Trap This Way (This Way),Lil Uzi Vert,US,1
5EHfZq7dOhKGYRQyScX2eY,The Dealer,Morgan Wallen,US,1
5hrGuVnNc8tkRgkW38J5Vv,Boons,Zach Bryan,US,1
41XsipI31N1fLKLVvWNuQC,Mechanical Bull,Zach Bryan,US,1
4pu58kqegTnOxPNJpY3kr9,Funny Papers,Mac Miller,US,1
6jiwr6xTHqjdun5d3cEwXV,Elsie's Baby Boy (flashback),Kid Cudi,US,1
7cG6SxmQ24hQWnR8UThrk2,Dope New Gospel,Lil Wayne,US,1
5P1z8XwsCStb74emERTx9v,letter to my brudda,21 Savage,US,1
48axmFD7PUPnTOdSFMYrvj,WHO I WAS,NF,US,1
0ElVpg9XIswx3XWs6kUj6a,Zombieboy,Lady Gaga,US,1
2ydwqnjPOcM24MV0kLThwi,Amped,Lil Uzi Vert,US,1
03mMSLEJCPoGJwQhHpN5y0,Treat People With Kindness,Harry Styles,US,1
5tRylsadMpm8TydUgq7NWj,OVERLY,Playboi Carti,US,1
5uhxL7UwvTMV6FSCTpKcjc,Leavin's The Least I Could Do,Morgan Wallen,US,1
1fKT7RUtOf4xNEqctEFe5L,Barbie Dangerous,Nicki Minaj,US,1
6jp9WjJtKF0Fgks0Y9Kkni,Like I do,Tate McRae,US,1
3Uw2se3aQU1UFrpRBvBnB4,Sept. 16,Kid Cudi,US,1
3JdwGk8j7lHN5qdzJZklam,Lovin’ Me,Kid Cudi,US,1
4rhSYWoLaBbkQccjme9UOJ,Never Love You Again (Feat. Sierra Ferrell),Post Malone,US,1
0DhCbTQZfWD8P8pOlg3jv9,TOO FAST,Future,US,1
34TiQsddaGhd8lmzJfxSzH,Tell The Vision,Kanye West,"KR,US",1
5qzLdvRViHUrRNdkpakG7C,BATICANO,Bad Bunny,US,1
1tTKy8pW1dMaXJm7bYrSzA,Stickz N Stonez,J. Cole,US,1
1Szfm2XAx3Kgl55dyl8sTU,Time,Lil Baby,US,1
00gpGR84M27moP7AFuqHIx,Bounce Out With That FT. YBN Nahmir,DJ A1,US,1
4hNouIhwvI8FKeEMeWEvbg,Winter Wonderland,Michael Bublé,US,1
5jAIouBES8LWMiriuNq170,State Of Grace (Acoustic Version) (Taylor's Version),Taylor Swift,US,1
4Hta7Oy5W9HD0UgT1P8PPV,RISE!,"Tyler, The Creator",US,1
7JqH46zlr7XV7vMBt4slE6,scared of my guitar,Olivia Rodrigo,US,1
47Sa7pC00F7D5Z0i7HC5la,DOG HOUSE,Drake,US,1
3W5Y2d0HB3sgubDAYXGRKn,Take Me Back To LA,The Weeknd,US,1
4dKr81KWnnn3YqBrbV5Gjl,Appetite,Zach Bryan,US,1
1zUqoSVqUE2O5x3MJ0mHz9,Thorns,$uicideboy$,US,1
7cHhlnawdN87aZbjO6LMRN,SOUTH ATLANTA BABY,Playboi Carti,US,1
4GVpmmI4odFd3AfsN03CdF,Cuffed,Juice WRLD,US,1
4EEjMyQub6tgFVshlM9j1M,Margaritaville,Jimmy Buffett,US,1
2BOpFmZQ89Rjm2wvmud1MU,Out Of My Hands,Future,US,1
5eW508Gq23QlXHowyzW39m,Money On Money,Young Thug,US,1
6lt8iodSkYWEV0ifKCSlfg,Stripes Like Burberry,Future,US,1
1Ijpng3ZLhTRcEd8iqh4p4,GOLD STACKS,Future,US,1
4E64eAph6AYI98ucunrGH8,see the real,21 Savage,US,1
0rAXLQ7JgPek5Wll0AXBMb,Party By Myself,Juice WRLD,US,1
00imgaPlYRrMGn9o83hfmk,LOOSE CHANGE,Brent Faiyaz,US,1
7L3OGWgJMQdXSbY3zgUt1Q,O Holy Night - Spotify Singles Holiday,Ravyn Lenae,US,1
1g3ErLqysBJ5EIGdYYMWFZ,All Day Long,Chance the Rapper,US,1
3QVHSV8YKYq4L8tI5rnFgj,Stepdad,Eminem,US,1
0AhJag7VI8uFf3mJFsTwvf,I Can Show You,Lil Uzi Vert,US,1
6XkIQqAsFjk1XfD4L7G6qR,Fever,J. Cole,US,1
06oRwfBISxd06rozMDDogR,Bad News,Zach Bryan,US,1
6Gp3pYkydEOkl8EHHJxa9s,2000 EXCURSION,Travis Scott,US,1
6IcD1PElC3dJof2jY3n3Yt,MEET YOUR PADRE,PARTYNEXTDOOR,US,1
5mZXWEH2eh8zMZGCxT5aW0,Yah Yah,Eminem,US,1
4pcafPzLDSqQktqSpxHL3E,THUNDER Y LIGHTNING,Bad Bunny,US,1
3ySqZ8yGoh4Emi9HiPCCdP,Werewolf,Lil Uzi Vert,US,1
5Th1SPySWgYlkXXC6wLMwL,House Money,Baby Keem,US,1
4V9ynsDPwHtdItksqjuRu0,Brand New Draco,21 Savage,US,1
3vJcz8exedHCjQ9ed95NqU,Every Angel is Terrifying,The Weeknd,"KR,US",1
0bcZ7xN9IcjSNxLerzR2yl,I Can't Wait To Get There,The Weeknd,US,1
2sOj9vyd6yiss9W1IK6chU,GOD DID,DJ Khaled,US,1
0IdkFyYIDMhJqz0NL5zCk9,PAINTING PICTURES,mxmy,US,1
5YL553x8sHderRBDlm3NM3,White Horse (Taylor’s Version),Taylor Swift,US,1
3E3pb3qH11iny6TFDJvsg5,Voice of the Heroes,Lil Baby,US,1
7zBscbZUCr4jEABrfV9g03,Before The Day Is Over,Joji,"KR,US",1
5q9I5RmmrLC4U2mW2BnF3K,Safe,Cardi B,US,1
3Hb28pse82bhnmW9sjTahL,All The Signs,Don Toliver,US,1
0UOG0zUn7t8m8QcxfzR7AH,"Merry Christmas, Please Don't Call",Bleachers,US,1
3tUwmCcdunuXKwHu8u2aBn,BOA,Megan Thee Stallion,US,1
3LbZIhU0smEU5SUnxod4j4,Breathe Deeper,Tame Impala,US,1
2lophWrG2xqv9CSgSPca5k,Nakamura,Lil Uzi Vert,US,1
0G9rmRmQDFk9O2tzZLyRkc,Emoji A Chain,Migos,US,1
76PwajqH3ej4hnk9tgaJpp,Outstanding,Gunna,US,1
3u9PAti8muEXXvEjeFpQK0,WHARF TALK,"Tyler, The Creator",US,1
2aNaJLXE4SXbm9L23qpHTG,The Let Out,J. Cole,US,1
42Tohunwlh34o0mgxYx5iq,My Dawg,21 Savage,US,1
56LQyaXsYWQZ2b7OPLAKEO,Greenlight,Tate McRae,US,1
0vtgMfyOVM2Y97DcVVJw3m,Shapeshifter,Lorde,US,1
3kw29NreyBGyArNmYARr63,Tuition,Don Toliver,US,1
0FMAKUsgIBszj75WEENYDO,Long Way To Calabasas,Don Toliver,US,1
5gGz4XkNZV335nYgs34Ro7,Drinking Til It Does,Morgan Wallen,US,1
1msEuwSBneBKpVCZQcFTsU,Forever & Always (Taylor’s Version),Taylor Swift,US,1
1xwvjqcwflD2NEqRCNcCo2,WTFYM,Future,US,1
3WQ5w7ruC3c861lHXF9Gs2,SWAG,Justin Bieber,US,1
3WaDoMDQRqDdgtCDLxanpN,Snitches & Rats,21 Savage,US,1
2vjFTjmvpFjFM01cNdG2ik,LASERS,PARTYNEXTDOOR,US,1
3FtQes77xlbS9QTVts7p2u,Too Cool To Die,Post Malone,"KR,US",1
7GVuAK4EmYP7gvlXA4JXqU,WHATEVER WORKS,Kanye West,US,1
0TDXeyH0hdiz0SZQo5w1nm,Breaking News - skit,Eminem,US,1
4vziJcnB2Qyi9o4nIRUeN7,Now And Then,The Beatles,"KR,US",1
0t5LNjml8LTuAPiEfD7zFN,Hip-Hop,Lil Wayne,US,1
0bJAmhSAeMSfsyazOEUVFf,girl i’ve always been,Olivia Rodrigo,US,1
4356Typ82hUiFAynbLYbPn,DJ Got Us Fallin' In Love,USHER,US,1
72Z28IsvEVLjSWdUKEQgZ0,White Christmas,The Drifters,US,1
21afd9hCjpQ6lE5DPbcPHP,Blast Off,Bruno Mars,"KR,US",1
7H6hs7WkNG48fS3agm63MR,GLORY VOICE MEMO,Justin Bieber,US,1
2BjNjFJAQTxqUPGpOnrese,Come This Way,Lil Uzi Vert,US,1
7aZDcmt34eouhqw29aMR91,Skin and Bones,David Kushner,US,1
5Py8zRKGkZvgHniVVtvNCN,All Around Me,Justin Bieber,US,1
16Z0an8D4BJNm3VbWWpTnv,Past Won't Leave My Bed,Joji,US,1
1oPhkzw5Jt2izQmKj7CkVO,Nothin' Left,Morgan Wallen,US,1
4KD0lLJ4OGonZhBeKtct9I,Avalanche,Migos,US,1
1jux3g1YXNub0NkYbLTLIp,ORDER OF PROTECTION,A$AP Rocky,US,1
4OkFBMU18NidtaefaTjUq1,Real Spill,Lil Baby,US,1
1C7lXfx4Y5maVl4AgUVlHA,ACHO PR,Bad Bunny,US,1
5PAKAADzrSpMDxcaRpSDCm,SOULFUL,Justin Bieber,US,1
4pNzBbGcqXofx8mLBPTeih,Killah,Lady Gaga,US,1
1PJH81OEIhWwT6WKTpKRlv,Celebrate,Juice WRLD,US,1
6u378lxN4C0eUnx7ns9Epg,Are You Gone Already,Nicki Minaj,US,1
3It5ZyIlvFxgrxAkiQLGBR,M-E-X-I-C-O (Feat. Billy Strings),Post Malone,US,1
2qqylaMQ54zfveakMkDULI,DADZ LOVE,Justin Bieber,US,1
5V5Xpbmqi2rp1xSJWZTvYu,"Mama, I’m Sorry",Lil Uzi Vert,US,1
0SdpzQRdK8BdSV57rn6AZZ,Drink N Dance,Future,US,1
0gl5Yt7KlvwIb8LmPHmBTc,K9,Don Toliver,US,1
4EjbAh7YHU3VARkfkamZ8R,The Pale Moonlight,Kid Cudi,US,1
41e8XO5tcG6Uesk2FhdsWm,THIS A MUST,Kanye West,"KR,US",1
5U4laaEEChW8FOtZXCu8C7,Put On A Smile,Bruno Mars,"KR,US",1
3eV2WT9YhfzkxbufnBF8wK,Creature,Pop Smoke,US,1
31UNoCt5Oq4isrb3SSf1ZK,Patience,Lil Uzi Vert,US,1
6V1TqJxtw3P0ouCKICvl9l,Novacandy,Post Malone,"KR,US",1
22YmmVRHfFX49G6HY5NV3T,Burgundy,$uicideboy$,US,1
26N5kAVhlqFOWAkuMQ5Kwe,WHERE WAS YOU,Travis Scott,US,1
1BKT2I9x4RGKaKqW4up34s,Ruff Ryders' Anthem,DMX,US,1
4KaCwku7yZUrDRcOc9rMmQ,"Pain, Sweet, Pain",Zach Bryan,US,1
7ffZyi3DyQr8Q2612gcqwr,Outfit,Lil Baby,US,1
4HeViKsdSOLkOvwfcRVkK8,Mamaw's House,Thomas Rhett,US,1
5sCwso3aURYAdieWEFI1nE,Icy,Logic,US,1
5imsnhkfPCm3wajS9ksb21,Seen it All,Future,US,1
4vsJWPwWPS27gRM4oLjBNO,DONT WANT IT,Lil Nas X,US,1
6pr7X9UZCDn8CruopaNVha,BIG TIME,DJ Khaled,US,1
38vhXqp4YdfkDvqkZdLBp0,Memphis; The Blues,Zach Bryan,US,1
43dOwOq0mB4i6j4SpcSkqC,Higher We Go - Intro,Migos,US,1
5Mc8XDfGQCMkOEZm9rS1cE,Red Button,Drake,US,1
4EmunTy7kNBYQivOa8F6b8,Alfred - Interlude,Eminem,US,1
5sUjBX08aJ1XdMw7p2SXgq,Had It,Morgan Wallen,US,1
3uKJ1sSJXGLCMItH0YNPkh,Outlook,Morgan Wallen,US,1
4ppKM7xnkSAwSyKqD4QTY4,Chill Bae,Lil Uzi Vert,US,1
5Qya13gFXqupr4sSmZMKDg,WALK,Playboi Carti,US,1
4VLTxHOyFX5FRtkpsFm5Pc,Lithuania,Big Sean,US,1
23XjN1s3DZC8Q9ZwuorYY4,TE DESEO LO MEJOR,Bad Bunny,US,1
1mEQbSq0PCNjyL6oMgHKFQ,LOVE SONG,Justin Bieber,"KR,US",1
3szI9hDVbyOYU0yd77G35n,A Marshmallow World,Dean Martin,US,1
4qNWEOMyexn7b8Icyk29t9,Little Engine,Eminem,US,1
3OGCNLxpBmTYRxPZg2yDE5,back to the moon,Gunna,US,1
3sXsbaZlsTv2iJiEntsgM5,PLAYA,A$AP Rocky,US,1
26w9NTiE9NGjW1ZvIOd1So,BOOKER T,Bad Bunny,US,1
1QCqedB1ibmRO9x7Ikb5LI,Ok Ok pt 2,Kanye West,"KR,US",1
4MTuL20LF3pWebeJbcNh7p,Don't Understand,Post Malone,US,1
7nWui6jiMM2m9qFmET1Mtj,Ronan (Taylor's Version),Taylor Swift,US,1
7bwLHhqhRu0fVTM3aaeK9V,Birds & the Bees,Baby Keem,US,1
3hcivoswCVR8LZkHR8MYA5,LoveDrug,Lady Gaga,US,1
1L0OmJV0LnPDWuHCIGmBV6,On The Radar Freestyle,Drake,US,1
059qzhNaJb8tsqpdl2bHfF,Una Velita,Bad Bunny,US,1
6cS9PmLky2NhLOhpIsUlow,Gnat,Eminem,US,1
7a1D1K7sgFtumXN02ZdbUd,No I'm not in love,Tate McRae,US,1
5S8w0v3kqKckV8tyAZSkKO,AMEN,Beyoncé,US,1
53wBhj706wDMNuBj4FJ0RI,CHICKENS,Future,US,1
290Vqn3zZX5QarUQra9LT2,Drum n Bass,J. Cole,US,1
5LNgnMLXaoG9KRkL47KlZu,Rethink Some Things,Luke Combs,US,1
1E70pcxXiSQLtxdowVXkbM,Sunset Blvd,Selena Gomez,US,1
74gykWHknHDrg4eMdcmdRq,Farewell,Eminem,US,1
7Bot6AB2dsvZEyqzUL8AUH,I'd Do Anything To Make You Smile,Jack Harlow,US,1
1rjvXhfeSpVVqERzW8qhRw,Lone Wolf Hysteria,$uicideboy$,US,1
0s3NwbrNRsUTVJVdBeD5Wa,Gen 5,Drake,US,1
40YbWniIEmqy6s58fYXLUh,Never Love Again,Eminem,US,1
7gCautqfD7CCdrN33GrRd8,405,Justin Bieber,US,1
0Oj2M3M04NoakUWdC9CQa9,Goodbye,The Kid LAROI,US,1
2DXK0YNGSqnaIEX5iaSIoK,RELOJ,Peso Pluma,US,1
6yOHshc12fwMtM74xoy4je,McArthur,HARDY,US,1
5KI7I4mEtulXcv5VQJaV35,just like me,21 Savage,US,1
63bgBHUBX1rutghlrXZrvp,Means I care,Tate McRae,US,1
1MKOPZWwR9WAzlP2B6tn5o,LA Night,Morgan Wallen,US,1
6CYldrsUPBsiPtfLW4xZCl,"Henry, come on",Lana Del Rey,US,1
2Mph2Rvl5kVg0MYtfV60wZ,The Shoe Fits,Drake,US,1
4Kw3CztmD15X1QGDnnHmLD,Auto Pilot,Migos,US,1
5SxahezRlC0saXbCALfB7c,End of the World,Miley Cyrus,US,1
7roKDmJDOzkpfGpUQJ5EnL,Business Is Business (Lil Baby & Gunna),Lil Baby,US,1
0cAhE2iDJApegDnVRx6fCK,Twelve Days Of Christmas,Bing Crosby,US,1
0Ji9UonfwC90rbZ4IaQhOb,City Walls,Twenty One Pilots,US,1
50OMAX7jvslUk8MbBZVIFY,Love Letter,Juice WRLD,US,1
4v9DYYPIivOlv2G3uMQ7mA,Medicine,Megan Moroney,US,1
0p1hBWPaSxUDTSa32PyhnU,She Calls Me Back,Noah Kahan,US,1
44gmXwbdHjwQsQvsiraj14,Let Me Calm Down,Nicki Minaj,US,1
0Lsis3LB0XAK6XlTHXaJk2,MALDITA POBREZA,Bad Bunny,US,1
5itTZ7kNRBl65Nn1QO9Ax9,Dead or Alive,Lil Tecca,US,1
2vs5ubqg8QUbfyWZpMfvWe,Astronauts,Future,US,1
7HC7R2D8WjXVcUHJyEGjRs,Breathe,Taylor Swift,US,1
4yreExU3eRNTe2iJz6X6k3,american dream,21 Savage,US,1
5YABYtKx9qa56vBjlXDbmw,Snooze (Acoustic),SZA,"KR,US",1
0ZhPWSfAKzeVQbRG08E1iI,Big Difference,Nicki Minaj,US,1
1c39AwcrkN9srI7Az5662I,NIGHT RIDER,Joji,US,1
3atCD3dVosUsd3KM2yzfeC,Grandpa's Space Ship,Logic,US,1
75nKBP8jQu681pTNCtrEnn,Running Over,Justin Bieber,US,1
3lGs8BwNj35qaBx3uSOQdR,Infinite Baths,Sleep Token,US,1
2eQFYGegTZaObk2kuBz83Z,Tú Con Él,Rauw Alejandro,US,1
5T0mnzMsyHtmWB7Kou51Ph,Gorgeous,Doja Cat,US,1
0UDEtLcKGBU73D15u5g1r3,Difficult Love,Malcolm Todd,US,1
0QRhtV1MwywpkLTvCdMaWq,Lady Killers II (Christoph Andersson Remix),G-Eazy,US,1
6o6cIHT9YvlrUD2bOHo4hB,White Bone,Drake,US,1
5erLs80hB2TbFWgSAbVQpe,No Auto,Lil Uzi Vert,US,1
6U0vwOILZNn5O6w1IZ1Mzr,From My Window,Juice WRLD,US,1
1AIbZL0CDlzTJ1Bv4kBP4G,SLIDE,¥$,"KR,US",1
2dyAiC9k6s0mWnMSQRQJGd,Psycho CEO,Yeat,US,1
7Lfwb4IjZiNYGuqtP65kIc,FRIED,¥$,"KR,US",1
5iHC401tsNlJRY46ECSYbo,Beep Beep,Nicki Minaj,US,1
0cGn4vxyoBftN61XUv2aQk,Show of Hands,Future,US,1
38VkGQ4Sumz99xja6TCs7z,Adore You,Juice WRLD,US,1
5Ja2u1FPlVxrxeMWEa2dcn,When I’m Alone,Post Malone,"KR,US",1
6kQF79mjbOkvuRvg0J2XZv,Died and Came Back,Lil Uzi Vert,US,1
588gFLoYJdlQ9zLSuR3IpJ,TMU,Don Toliver,US,1
7k2nR2eTRVuzAMCXUj3HMv,Right About You,Post Malone,US,1
0Awr3NZMkRHQFabkMxW1VT,Bombs in the Ville/Hit the Gas,J. Cole,US,1
7soCc4TpT99bOhJoCiMqFN,Junya pt 2,Kanye West,"KR,US",1
0NXRZaUn11do0EzDFlXkbj,Pi,J. Cole,US,1
0tjZv2hChdHZCW1zFXpy1J,HOY COBRÉ,Bad Bunny,US,1
0FqBNLXlTNimxmVRdDMj6b,1AM FREESTYLE,Joji,US,1
0jWm0VyD8p3MrSInczpows,BLAME IT ON BABY,DaBaby,US,1
5iG5cxNN8um3C4b4rDAWl8,Condone It,Juice WRLD,US,1
422PeUrBywndaCCxL6bDBj,TOO LONG,Justin Bieber,US,1
26YxqhG0XM48N7NgWFieHy,Fare Well,Hozier,US,1
33vrRiIiut4rOFmkgorJD6,Aquí Te Espero,Ivan Cornejo,US,1
2ZDRkJrKbceJRgLKkuex14,4 Da Kidz,Kid Cudi,US,1
3HqGDrSOZ6LbBfX5EsiaAj,Split,Yeat,US,1
3qHgGyJY4GpXNOK4WL4NSo,Red Eye,YoungBoy Never Broke Again,US,1
4DvoYgOZXnqmKuc2GzzFHz,39 Intro,J. Cole,US,1
2yUy5eFAFWAichjrySJWA2,Happiness Over Everything (H.O.E.),Jhené Aiko,US,1
0EqH5Wz93cJtfUGv3vtQPY,29 Intro,J. Cole,US,1
0bjgQ24UZGwKikldIyEOgf,Yea Yea,Pop Smoke,US,1
7eResoqEJJAVTkQYSqvO3P,That’s When,Taylor Swift,US,1
36DHxTW2xdr9GG15T9oK9L,EL MUNDO ES MÍO,Bad Bunny,US,1
3GX2hFAekmSduZzcS52OnR,iPHONE,DaBaby,US,1
2iCDO8ePNuCvMiMFc0FQdA,alotta cake,Gunna,US,1
6OC87jHRiovNPEUrgaqFSu,Shadow Of A Man,Lady Gaga,US,1
01Ho3efkRrIbYnWxISj05V,KING,¥$,US,1
7b6sWLSnbZhSIeqNGrJ4py,These Walls,Dua Lipa,US,1
6LCGD2bl7itBHHayQ4ltPc,"Oh, What a Wretched Man I Am!",$uicideboy$,US,1
4LH1gsNA3wUS6QKkGZoJN8,XXL,DaBaby,US,1
16eZmQoeajKH8G2nPe2chk,Proud of You,Young Stoner Life,US,1
6wsnvu20sNYtL1MmJgbpv7,Runny Eggs,Zach Bryan,US,1
0FfqyjhB6Kspvit1oOo7ax,GOLDWING,Billie Eilish,US,1
0Tcw8w9pvPrZoORgxsNASW,Over Your Head,Future,US,1
02Cp3VTUWNed8hr69BhKz6,dark days,21 Savage,US,1
0YmcHurKqkzDQeHB8zuzk0,COUNT YOUR BLESSINGS,$uicideboy$,US,1
7EBy2V93Ykyvfc5CMApTGc,Barbarian,Juice WRLD,US,1
3unY0p45pcQVnABntzlX8B,HORSESHOE,Tate McRae,US,1
0i1bokCJ95evU1gb5HcXFy,Never Lose Me,Flo Milli,US,1
7f2voPcnDEAzX4yB8SLnU2,Lord I Know,Kid Cudi,US,1
0ROE31C8Wu4neZoR9stM9e,Sasuke,Lil Uzi Vert,US,1
7vxGCUPJhe0fXfBkwVPFcP,REALLY,DaBaby,US,1
3mEzpEGoKm3D3gLwnPMBP3,Like Ida,Zach Bryan,US,1
52DudaVZObvmBgEX6IObHX,No Complaints,Noah Kahan,US,1
3yn01PcU95PTbiZ3xvop2j,Call Your Mom,Noah Kahan,US,1
7eEnuNVAHQXEwg18zZnmdL,NO TRESPASSING,A$AP Rocky,US,1
35ffVv9x4mtzBh5rF1K9sP,CC,Migos,US,1
587Ks4sb6Wd2qRVS5i9fdW,Big Foot,Nicki Minaj,US,1
2XMAWynSTIst5KmLSv0Npf,AMERICA HAS A PROBLEM,Beyoncé,US,1
5wjsJIUf6pdrwauPDae43o,El Jefe,Shakira,US,1
4DYKah8mcZf0O4l9Gt7woU,Dissolve,Joji,US,1
11GUkH18CKNFLKCHORkceJ,Good Reason,Gracie Abrams,US,1
05CTjmZKjZoCKQvM1Ldq9M,Parade on Cleveland,Young Thug,US,1
1AtC4WzAiT2RoDEkGknqMT,Relocate,Juice WRLD,US,1
4mFcwFOlSCxp6hjemRXwpd,hurt my feelings,Tate McRae,US,1
3ru3YfbjQNHbGjamBhxlsG,Whiskey In Reverse,Morgan Wallen,US,1
4E2fOeF5A6onC10OtnjXJa,Trae The Truth in Ibiza,J. Cole,US,1
3X6qK1LdMkSOhklwRa2ZfG,Danger (Spider) (Offset & JID),Offset,US,1
5tBdxqz8gauIO8Hh8qwo0H,Money Spread,Lil Uzi Vert,US,1
24FR8mXTaiGZPrxnkf1kcP,Hit My Line,Logic,US,1
0q3jlKYRjRw24PjrAwow1H,Bowery,Zach Bryan,US,1
3zyjnHtoi8AtiGgZFnJP7O,Stealth Mode,J. Cole,US,1
1JtAIBbCgomz38qPBSJzCn,DJ's Chord Organ,Mac Miller,US,1
3k4CoiIQXiNBrwrmbBMDxj,ALL UP IN YOUR MIND,Beyoncé,US,1
6kHYpEnDpMCyGu0E2PlWY1,All Alone,Lil Uzi Vert,US,1
1FmdAhS8FqRoEJ4jcSfuKZ,ICONIC (ft. Jaden Smith),Logic,US,1
6iO6ZLKaJF13fuF5HUFSEM,O Come All Ye Faithful - Spotify Singles Holiday,Jordan Davis,US,1
1zKuSINcb2QSE7m6mk6J36,Best Friend,Juice WRLD,US,1
3XMVk0KYK0Ez8NM91NTqBt,Towers,Zach Bryan,US,1
4CuZSJLlmUrEfcXUm6pQk9,Young Harleezy,Jack Harlow,US,1
7JyFwJC3uRpiNfq7oKafgn,Euthanasia,Post Malone,"KR,US",1
3mXxKFehajiV2TiL8n8DwA,Working Man's Song,Morgan Wallen,US,1
50I7FNN2rl2rWiNwGxS146,No Opp Left Behind,21 Savage,US,1
6Pif6RkFoYzLygdqktus4Q,The Foundations of Decay,My Chemical Romance,US,1
2WNUYpLeOSMSlWgOmgGURl,GREEDY,PARTYNEXTDOOR,US,1
0k0vFacOHNuArLWMiH60p7,Tell Me Why (Taylor’s Version),Taylor Swift,US,1
7ks1bfjmiJZjug0jjyQDYt,We Know Us,Ella Langley,US,1
4zm8xZiV5FxJu62EHEvZaT,777,Bruno Mars,"KR,US",1
578CwfxpfH2HxlENOCHc2n,CELIBACY,PARTYNEXTDOOR,US,1
0SfG57HqtBNqKN9O27fo1s,Racks on Racks,Lil Pump,US,1
0mwlZQjUxspUTpAzLwexw7,P.O.V.,Clipse,US,1
3raBR3SY78nNv4uGEv3CNY,Hurrr Nor Thurr,Drake,US,1
1b6tPXXCV2fSNtR3SKWUQA,Available,Justin Bieber,US,1
6iiAfo4wTA2CVC3Uwx9uh8,You’re Not Sorry (Taylor’s Version),Taylor Swift,US,1
5tUETztMKNT9NDbMUVpxzl,READY TO COOK UP,Future,US,1
56Fu41EhpsPqqfDZsj3eaN,Do It,Stray Kids,"KR,US",1
5pJBr57ff2dzpelkCQxnJE,Crazy Eyes,Morgan Wallen,US,1
1YZOcaGiN1cCwANvG3Ib9G,Nostalgia,Tate McRae,US,1
7qPiAhk71D2RqLRtnjDL76,No morë talk,Yeat,US,1
7Ks4VCY1wFebnOdJrM13t6,Wesley's Theory,Kendrick Lamar,US,1
2EhJijFUs0WUmNClDBpYJq,Make It Back,Juice WRLD,US,1
5giwUhMFuodJcRhA8tlLSQ,Nobody's Soldier,Hozier,US,1
1GN6qqehnqUfUHH1gfK81v,Thousand Miles,Miley Cyrus,US,1
5xEDRg4tI8ixoAvbrupsEg,Sweet Home,Don Toliver,US,1
61rfO3U360zRDDjFW6ajrx,Skin,Zach Bryan,US,1
3zakx7RAwdkUQlOoQ7SJRt,"GRAVITY (FEAT. TYLER, THE CREATOR)",Brent Faiyaz,US,1
4mahloUW5K6KeGijwnMGDr,Sign Me Up,Post Malone,US,1
2SDFznsHkeFXiPFwN0npVM,COMMANDO,Logic,US,1
5Rv0O0Bv90IqC97T68zesG,California Girls,Future,US,1
1nal3Tf1OCV53KigMZXsZ7,None Of Your Concern,Jhené Aiko,US,1
16oi4OiKmkO51l60F5R9kR,LIGHTSKIN SH*T,DaBaby,US,1
3mg9jYNC1NihbthlglzrWP,+57,KAROL G,US,1
0qWoOHqTirzo59FQ9eoECH,All I Did Was Dream of You,beabadoobee,US,1
0ZB5pdrM1leH58IgokDPZM,Stories About My Brother,Drake,US,1
0WDvsKwqhn9alx29Z80DmG,ALAMBRE PúA,Bad Bunny,US,1
565G1vHZu2xoxrnTyF06Qw,HIGHS AND LOWS,Kanye West,US,1
0JeAKH2DCIgCCrZ9qBGthg,Malcolm In The Middle,Malcolm Todd,US,1
1OmmCrliFMIWzNke437KHE,GP4,Logic,US,1
25fLIFbAV7zBetOH077pDl,MAMA’S FAVORITE,Kanye West,US,1
3EQ9QP2E7wjYQba8OSPBst,Intro,Meek Mill,US,1
3CJbxqRQ0JNCqboWDNUUeX,I Will,Eminem,US,1
3e6ebtUCZ0tZL1J7wvM8Xi,VOID,Lil Nas X,US,1
2UQ2oUbHiB8wWYCE42JX0k,My All,Polo G,US,1
6j5BK1cFX9TjJd5EXHGgAn,The Light,Juice WRLD,US,1
0GRc3eGTg8HBdWLRGYgqIc,Azizam,Ed Sheeran,US,1
30TcFxtFyju8isK6Hjo9KY,Where My Twin @ - Bonus,Future,US,1
6KhDb86ThnlKirRw1UBZGb,BULLY,Kanye West,US,1
30tk4sJS9DadhmnWDRv0hW,Northern Thunder,Zach Bryan,US,1
2Mfv5HaqnI18Q9JRv9hqnn,Still Learning,Halsey,US,1
41hwbZ1yF705MxJ7H9bwEu,No Pressure - intro,Logic,US,1
5bLGQqcpsz5ISWeihZfJnR,Are You Entertained,Russ,"KR,US",1
1gOyBTO1fDLDTH8Ap12Wyp,Motion,Khalid,US,1
21xf4oLo7SlAFxfjurqYws,The End,Lil Uzi Vert,US,1
3ll9PUsB2KIliRoyGEUwFz,Peaches (from The Super Mario Bros. Movie),Jack Black,US,1
030OCtLMrljNhp8OWHBWW3,Hey Daddy (Daddy's Home),USHER,US,1
6M1vkKMDQZoh1sbH4asNcF,Pick It Up,Cardi B,US,1
6VDz4m1vEGHDDqQojf1mpc,"Wu Tang Forever (ft. Ghostface Killah, Raekwon, RZA, Method Man, Inspectah Deck, Cappadonna, Jackpot Scotty Wotty, U-God, Masta Killa, GZA)",Logic,US,1
7FtZFla3ZH6PqsAJ9MvVCM,Steppin On Niggas,21 Savage,US,1
5sBplhIrmzA4kQGyIOpmDf,Lemonade (Feat. Roddy Ricch & Don Toliver) [Remix],Internet Money,US,1
0F60WLPs6Oz2slHomvLt9U,We Good,Lil Uzi Vert,US,1
2QEnZJ8FwpBoyLKcFcgceT,Government Official,Future,US,1
2ItNKt19iqefEe590Z9GeE,Five Nights at Freddy's,The Living Tombstone,US,1
1AI7UPw3fgwAFkvAlZWhE0,Take Me Back to London,Ed Sheeran,US,1
4CstQ0SUkl0YkoeZkIZlIx,100 Miles and Running (ft. Wale & John Lindahl),Logic,US,1
4JwsoOcsHk8nObYh0JVVE0,Cloud 9,Megan Moroney,US,1
2fpTRcMLt4aKlqULOwuXUP,Shmunk,Yeat,US,1
183WuVX0zsr0dHydHkKtGQ,TUNNEL VISION,Melanie Martinez,US,1
4n4BflhWjCHIxrI4v7Xt9s,How Bout Now,Drake,US,1
1vYh9x8UmFTLbXiizk9Qc5,I Believe,Jonas Brothers,US,1
09xpQPfKWdio1wx6v17dGa,SAFARI,"Tyler, The Creator",US,1
0yYTRodDOWqZZ0AWa2qxHH,wrong faces.,Brent Faiyaz,US,1
1e3AdX6I8gaQKjQMONn9tA,Stoned,Mac Miller,US,1
5dYyoRxPWVaV36XSD49yGS,New Bestie,Drake,US,1
0fD7KBtQgPR1YCtuPAsyZJ,PREACHER MAN,Kanye West,US,1
0xaQ86cGRgcF8wwP1SkXsb,So Be It,Clipse,US,1
4rWC4tiO4NCwRHdh6vyu6b,Big,Juice WRLD,US,1
2y3mrzWEWaAFqb2jf5fED8,Snitches & Rats (Interlude),21 Savage,US,1
7EBg0P4VY9IHBF5hq6WQZS,HOLY GHOST,Future,US,1
0zwYtowNHP3r9DUHjo6AZl,You & Me Time,Ella Langley,US,1
4TiwLUPOvPHrrVRt2qUGXt,Dry Deserts,Zach Bryan,US,1
3v1zVVdzNVNt7vmI9VG2gq,Malibu,Migos,US,1
1AqemxWsT0iGg5Lvkm16Bt,Fukk Sleep,A$AP Rocky,US,1
2KrpmVncX2Ht0Lw8zqpVaT,Now and at the Hour of Our Death,$uicideboy$,US,1
4k8XSN1nCJ0rMf4OKF3zEz,Jealous,Future,US,1
5BibcbKVdZUuTttSG02JTp,MODUS,Joji,US,1
62fqMvguJbsSs9HKhhRfuS,Talk talk,Charli xcx,US,1
1Iw5iLfAwDvS6frI82gMoV,End Of Summer,Tame Impala,US,1
7JHIwFNykc608c5mw9bwYx,DeAnn's Denim,Zach Bryan,US,1
3t8pnImpBpOwxdtYBpKvA9,The Motion,Drake,US,1
65t42trkFQjspA3vzjl7bF,Broken,Ella Langley,US,1
6J9ULUfgdVZfWnofbtLkfh,All My Life,Future,US,1
7JRwdwgeTrYkJvwmecrPSW,3001,J. Cole,US,1
04hgBWsBDEyVP8pH0BCZbG,Jennifer’s Body,Ken Carson,US,1
1wGnp7ejkCuXRsehXx0PNP,RIP Luv,21 Savage,US,1
3u8bblcJtOxxmGzJrviWLp,Movie Star,Jack Harlow,US,1
1rydhdFtKe2CRkiaVb7aGF,the BLACK seminole.,Lil Yachty,US,1
4loAa1lBkE83qJXU1ddmCV,Too Much Jewelry,Migos,US,1
0uDdI4fAXCuNhQbmxENdsO,Can I,Kehlani,US,1
1usK5eLBzpQTMwDt8SR2dr,Snake Skin,Trippie Redd,US,1
70pwY1UfPmSVE3ybPjFy0p,Worst Day,Future,US,1
5MhJ2XV5O6cWm5bCmlZmwE,Drowning,Zach Bryan,US,1
5M2ztfcb9GBGmZdUFkSzfQ,SORRY,NF,US,1
6NdnvPwQvZb147DVa4x14h,Heartbroken,Diplo,US,1
5LeStoyvjAHpM52IYogOq0,Eternal,Chance the Rapper,US,1
1NlK2NtpuUazpziLhnJwEV,Phantom Regret by Jim,The Weeknd,"KR,US",1
5UmyTT5HZdztMfDL3lva0r,Wedding Dress,Megan Moroney,US,1
5MAnH0CFbD13INQBsnKI9y,Demon High,Lil Uzi Vert,US,1
0U60hgxzGit7juEuHul2y3,25,Rod Wave,US,1
0JcD5qI9SxWqdEWmRjUX9X,Mental Clarity Is a Luxury I Can't Afford,$uicideboy$,US,1
6nrSo5ZWhsai0oeX257rRF,Please Please Please,Sabrina Carpenter,US,1
1rP5gAqMlm8d6UnfseuzSm,Real Baby Pluto,Future,US,1
40KuvsFD0zpUFuCcmt5Xm0,Ex Bitch,XXXTENTACION,US,1
7aWeQwHSMD6TzPOepi1tlb,Fallin 4 U,Nicki Minaj,US,1
2eZbaxXxKdzY8u3ZMZVFiP,Misery in Waking Hours,$uicideboy$,US,1
0EsJdOSOrBfTo816lWRW4Q,Outside Tweaking,Drake,US,1
11bJ1ws3dathgY9uzADUhL,In The Night,Childish Gambino,US,1
4f9wNNZET9wH7eMBgONd3d,Doctor (Work It Out),Pharrell Williams,US,1
0YgyE3xIbYNzYhaPPHqrXJ,Tic Tac Toe,Lil Tecca,US,1
4xKQtLZn8m2d2KJy13ZujE,PRICE OF FAME,Brent Faiyaz,US,1
5j0McHPthKpOXRr3fBq8M0,Love in This Club,USHER,US,1
02Mqx9HzVRyfdCUpPNR6N3,Fire Alarm,Lil Uzi Vert,US,1
67ACYA3UI6QMNtHX6b34wX,LA DROGA,Bad Bunny,US,1
7FET9gtiECWn7llt0sfvtU,CAREFUL,NF,US,1
2D8i2yY8z3kB5gRaUJ5weK,MM3,SoFaygo,US,1
003VDDA7J3Xb2ZFlNx7nIZ,YELL OH,Trippie Redd,US,1
17CWWoszMuoGecCJzmOubE,J CHRIST,Lil Nas X,"KR,US",1
3VFGA65JnN8EDmnRb5SHW2,Zoom (Bonus Track),Lil Uzi Vert,US,1
5hNsSrWcClSp0tg4Jdd4UY,I Got A Shot,Jack Harlow,US,1
1dKUibfoGwiApjEYJhB9R2,High Hopes 3000,ROLE MODEL,US,1
02YMpD1xbZZzpZbuZNvmD7,Sideways,Gordo,US,1
3Ddny34bFoYBb8dIGq5lwp,Zoo York,Lil Tjay,US,1
5YiIOND9ZK72GaknWgiGqh,STANDING ON BUSINESS,Justin Bieber,US,1
2FhEj9lvEIaJihjFprRrGt,Snitching,Pop Smoke,US,1
7qVntDLi3qf0mm18Kd54lx,Santa Fe,Zach Bryan,US,1
6C1RD7YQVvt3YQj0CmuTeu,Diles,Bad Bunny,US,1
3h3NKhcfHkr6GvEpC3FRI5,Toxic,Polo G,US,1
2R9dLxXayvn5FJCws1qR7Z,Funny Man,Zach Bryan,US,1
26QJuQfM8PVAWkIm1JRyqq,ss,Ken Carson,US,1
5f9JYuHSIHjp6rggue13RS,Mahogany,Lil Wayne,US,1
1T4k0sw0HldDg004Kw4Oct,Forever,Lil Baby,US,1
01JMnRUs2YOK6DDpdQASGY,Grace,Lil Baby,US,1
1uFW6czrHk5PsK3s6gOI7C,Se Fue,Rauw Alejandro,US,1
0dIz1I7IwX5ardG47AHxCZ,Stain,A Boogie Wit da Hoodie,US,1
0KFXE2mLTFdOKkTZEDgJPv,Attitude,Don Toliver,US,1
775a936b2Vzl3fw86FaVat,OMW,PARTYNEXTDOOR,US,1
6yDPFrHZLQbQa9Itd2J4Gp,Water (Drowning Pt. 2),A Boogie Wit da Hoodie,US,1
19cgfclwwxsGGwaEbOn0B2,Pleasure’s Mine,Don Toliver,US,1
6pUBrvKfJL4qmn95mxU7rC,Respect The Game,Meek Mill,US,1
0203aGEIzVVlmvQ8lX4fmV,Side Piece,Jack Harlow,US,1
2UqL5OiGs3hfY6W8gudKjm,WE JUS WANNA GET HIGH,Future,US,1
6yJCKvJQjY84hOid1klHOd,HOME,NF,US,1
6WGJ7hPYHXu3aQ6x8GzigX,Old Dog,J. Cole,US,1
180AbZduI6bYQIzwCHRwu9,A Night To Remember,beabadoobee,US,1
77mLzdHEWRB60CLlV02TV2,America,Logic,US,1
5xMjhZKSo8yh5r9b5vrYRr,Tailor Swif,A$AP Rocky,US,1
7EOgQuWYzWIgCfe5zEe1dl,Fukk A Interview,Future,US,1
27P4XoNXXEV4lTc3sB61RK,Up To Something,Metro Boomin,US,1
4Wjhj0WjkyECccfHVIgaTq,Trust Issues,Drake,US,1
4CzhtKifG867Lu5DNQVBSA,Vamp Anthem,Playboi Carti,US,1
2HolBGR6tpiWI80MXoV1dJ,Payday,Doja Cat,US,1
44L2bY93uD65CEHWbozpx4,Pink Friday Girls,Nicki Minaj,US,1
2FZcjBYK4dTt48q94pJbJD,Bass Persuades,Miley Cyrus,US,1
01U0X0ToQhK0AgvNUdyXQe,Hammer,Lorde,US,1
57crda5Lx9OVaYCzb4Wrnd,CAN'T STOP,DaBaby,US,1
5dUCixiCL0CcIUdlgUl1ct,Oneida,Tyler Childers,US,1
0b7UwotRCrS7qBoLDjfvSY,U-Digg,Lil Baby,US,1
1lloYB6uHOTDmheiWsq4DL,Ruby Rosary,A$AP Rocky,US,1
2hA6oxAuJI94AydLWQ2qEU,Feel Alone,Juice WRLD,US,1
6YUrzxcR2tAV0jtwlcSvgt,Jeffrey,Juice WRLD,US,1
0F13K9dwYH2zpTWiR8d628,Go2DaMoon,Playboi Carti,US,1
59vtqGF0p7RgNjnzC9Zk2p,As Long As You’re Mine,Cynthia Erivo,US,1
3kUHIvjJ8p9UzeaeeqHkfg,The Fall-Off is Inevitable,J. Cole,US,1
6jDT7DB6k0psPX0nWNDI1K,grave,Tate McRae,US,1
0CsR9Y9SnC6ZWmekmVqSHz,Naked,Doja Cat,US,1
4nhcjelU9PidsBzUkazfZs,ICE AGE (FEAT. TRAVIS SCOTT),Don Toliver,US,1
2lSDVBIWbWQ7z5Lw15GRNw,STOP SNITCHING,A$AP Rocky,US,1
35J4wXQeRuHNOEArMy6FOe,Tic Tac Toe,Meek Mill,US,1
4gIzhWC1f98N3NtNlyPfY5,BBW,Drake,US,1
2iZ9yiTcL1iywzSUZxlJrZ,other side.,Brent Faiyaz,US,1
6ZZf5a8oiInHDkBe9zXfLP,Curtains,Ed Sheeran,"KR,US",1
1IwA4UYENdDLtR0IlfYFnE,RATHER BE,The Kid LAROI,US,1
39YXI3na4MIpVZhJj3GFi7,VOODOO,Future,US,1
4uuEGH5SVuzkkSFjo2DEiY,Don’t You (Taylor’s Version) (From The Vault),Taylor Swift,US,1
7DswEZZthZ6piQpL25qGAM,On My Mama,Victoria Monét,US,1
1bIHv5s0rByq6ZOqDSt8K8,That Fiya,Lil Uzi Vert,US,1
2N1D5t5zkvlNElbH9q0vBv,$ex Appeal,Baby Keem,US,1
3mLDq0hbHkafZoy4GvF7EG,KRYPTONITE,Don Toliver,US,1
6OkOFxU6j0UufR97VgSnS7,untitled 01 | 08.19.2014.,Kendrick Lamar,US,1
6vBRAhaSk91csuuWtttPf8,my mind is a mountain,Deftones,US,1
72dummgz1gSqm8faekYYQh,Jesus Lord pt 2,Kanye West,"KR,US",1
0X14bByEYHVw3vZlj5LuLp,Floor It,Juice WRLD,US,1
26Hgx0810XUis01XWvoftB,Stand On It,Lil Baby,US,1
5uXL0CN1mQxHJSJRHN44Od,Me Prometí,Ivan Cornejo,US,1
34V9RiEPe8MNdU32qJsJa1,We Were Happy (Taylor’s Version) (From The Vault),Taylor Swift,US,1
6FAsJDkg4y5JSWP9ZMKlDj,You,Miley Cyrus,US,1
1qtHdSxiavDgUPZgpGqehx,!,Trippie Redd,US,1
05tGmdz9dVZ4yGqz4YJdPK,La Intención,Christian Nodal,US,1
4OGIeHtYhRTJ8iW21UUyZW,Bad Bitch From Tokyo (Intro),Pop Smoke,US,1
5Xtm6aizhemUZMdjvLImeK,Front Door Famous,Luke Combs,US,1
7tZlvvEpX3FEFoYsOI55FB,THERAPY SESSION,Justin Bieber,US,1
18wmUghxdWxTgFsW4leZnt,I CAN TELL,GIVĒON,US,1
22mPEYsHFBwVwjmkwx2cHT,Until The Plug Comes Back Around,Juice WRLD,US,1
3Qervg7n4iuSBqH7Moc6Wn,A Marshmallow World,Darlene Love,US,1
7IBLt4Qarf4JDLxIQDv2O5,D.M.B.,A$AP Rocky,"KR,US",1
0uoWOZeZZiC90RMNDQBqj4,Don't Call Tonight,Lady Gaga,US,1
2hAQCoAswuQ643VhIuRC2p,The Governor’s Waltz,Phoebe Bridgers,US,1
6LAicOLiCrHw0bmaLBDbC8,whatsapp (wassam),Gunna,US,1
0B9D5rzkRgtuAVy4hQ84bD,BLAHBLAHBLAH DEMO,Joji,US,1
01QN0DfaIrazVmGEfZ5RVX,Bad State of Mind,Treaty Oak Revival,US,1
694vvR5o19xHPhhJ5QdLN7,NO HALO,BROCKHAMPTON,US,1
1FpjiEapAG8XJdVSI0tvdc,SISTERS AND BROTHERS,Kanye West,US,1
0O7mJ0noFBLn8MMUJrFaF1,PROLLY HEARD,DaBaby,US,1
7ejepEh5DJ79YI6owGRfkk,New N3on,Playboi Carti,US,1
1FxTz4x5X7ewAICkKhB3kA,Hate Me,Trippie Redd,US,1
0bMyxvtbPa7HFemLjzw0xX,Young Wheezy,NAV,US,1
6D3t4w54PgLNGQ48R7th7R,LIFE AFTER SALEM,Lil Nas X,US,1
1h6w4POXM2LfG4ZD4xUfZQ,The Hillbillies,Baby Keem,US,1
3QQvSQKV8YmQxGolwwWe59,CATFISH,Doechii,US,1
6l26j7uCiDstBiYTuiaInV,In The Dark,YG,US,1
5njYiWKlMfU1HkOyetTRg8,True Bestie,Drake,US,1
6Q36XucqrejMId3RydVhch,BIGGEST ALLEY OOP,Quavo,US,1
3aNmAv9I8lqis2WjGbxArt,Big Sleep,The Weeknd,US,1
2HrRwAKgIzjTeuKoaj4akH,MOMMA TALK,"Tyler, The Creator",US,1
1D9XWqsoNWIfLEzjHcrgMx,BAD TIME,Lil Tecca,US,1
2X5m6irq8boS50Efx4oWew,BLESSED,"Tyler, The Creator",US,1
0cyN7uQYxTlqwgyh6rm1IH,Guess Who’s Back - skit,Eminem,US,1
0GJwUAlBMJTbY4VE7iE761,UNA NOCHE EN MEDELLÍN - REMIX,KAROL G,US,1
5lGd2E7qKxgsMjQcTPTek2,Sharks,Lil Wayne,US,1
6V7bxWg4mmuU4ILbYPQJvd,Mr Electric Blue,Benson Boone,US,1
6KlqjCLNImX7W9zYt2Xa7D,Pelle Coat,Lil Durk,US,1
0r75DNlHu4recmKUdZeMfG,Wit Da Racks,Young Thug,US,1
7fIIi2KQB2AUqRgmpreKYj,Cold,BigXthaPlug,US,1
1lYM9PgB0QOk3pDo8h0UiN,The Villest,J. Cole,US,1
3ZcJaN63FKEMxDWWPefsiW,Socialite,Post Malone,US,1
7qFtkIa3KfhJAlWLVE1GCI,Talk Of The Town,Jack Harlow,US,1
2Nig1jX8uBu3LdSSUrm7Fp,GIVE ME A REASON,NF,US,1
7zLMYtNJcabv4h4wBnjNQI,M3tamorphosis,Playboi Carti,US,1
1dHtMSJ1Ozg2Ja6GX4McAO,Paul Revere,Noah Kahan,US,1
6LJYBq1h5GElQO4sKFdRA9,serena joy,Olivia Rodrigo,US,1
11XegnWeJHBDtj9IsNwngu,Said N Done,21 Savage,US,1
1TDeDFUYHjZKLsO6bzoVg1,OPEN A WINDOW,Rex Orange County,"KR,US",1
163l4Itf8oDEK7ZYdVm22N,I CAN’T WAIT,Kanye West,US,1
1BzXvBpIFWJgu0P8P6xmP4,Stick,Dreamville,US,1
01GmGxOPy22EdAZGC0X6q1,We Go High,Chance the Rapper,US,1
5mSRLKGJ0Uc7FW7SlJFKaP,Full of Grace (I Refuse to Tend My Own Grave),$uicideboy$,US,1
2uHgCkaiHwZKl7tDBTVsyW,No Caller ID,Megan Moroney,US,1
3tkFCUaISwablf9MJydsuB,Lesbian,Metro Boomin,US,1
5OLmn2zkijgVleNhMRjYQp,I've Got My Love To Keep Me Warm,Ella Fitzgerald,US,1
2tWioTW2rs0CXf1dTXlRrX,I’m Not That Girl,Cynthia Erivo,US,1
5Fdj0DtH4ZhymltyN5xEv2,Camera,Charli xcx,US,1
42w7pX3r1TpLR0i55Ek5ND,Bluffin',Khalid,US,1
6IAgarq2wDeYzpsY2Kx0Hw,Almeda,Solange,US,1
4LreWoO3cpgiIfrRwbOUSF,Rosa Pastel,Peso Pluma,US,1
1KwIDHEK3CYbHPJUTMxxNu,Do You Have A Destination?,Mac Miller,US,1
6G7QhTqDsP5vIdLQTYXXOU,The Christmas Waltz - Remastered,Frank Sinatra,US,1
7H3lr9bsPBGFx5NyTuBBGc,Stand On It,Yeat,US,1
5EWPGh7jbTNO2wakv8LjUI,Free Bird,Lynyrd Skynyrd,US,1
1pF74yw15wXk12A1NPVWHD,BANG!,Trippie Redd,US,1
3qGiNlNOuGjVocanXiM7mB,Give Me Mercy,The Weeknd,US,1
3zs87EV3EZSh2UpiXxT52Y,Better Believe,Belly,"KR,US",1
3QQp1Y4zWok1YvzB4zutGy,Lonely at the Top (Bonus),J. Cole,US,1
41DHDnlRXQiNJf3GbisIYk,Rusty Intro,Drake,US,1
1yYzuNd0KRyHVJ3NH8apBt,Donald Trump,Mac Miller,US,1
25uBGaikHi0DhMiGMfuXYE,Painting Pictures,Polo G,US,1
4zI04ezdmrN0lT2pHykYrd,Pain = BESTFRIEND,XXXTENTACION,US,1
5UHK1rtK4MpBGb0KppIYh4,VINO TINTO,Peso Pluma,US,1
08TILUAN56HJoS1d9mNRty,Circles,Megan Thee Stallion,US,1
4l4gr5KjRl1msqINS47y20,6AM Thoughts,NAV,US,1
0oJUk2PO3UVd9dZwPn0SRI,Younger And Hotter Than Me,Selena Gomez,US,1
5c9tBmJKbTdn1vhzXHeAwW,Sympathy is a knife,Charli xcx,US,1
5kqQoLsjAHHxXmVe4oBT83,Institutionalized,Kendrick Lamar,US,1
3qgbmtmVEcIV6VYCbgj1cu,Doot Doot (6 7) (Bonus Track),Skrilla,US,1
4PRDNZEGrKlPj6Y0hMFdN8,WHERE YOU FROM,21 Savage,US,1
7uWVT3UkCAZyANvv0bdyQn,These Walls,Kendrick Lamar,US,1
4sNG6zQBmtq7M8aeeKJRMQ,Brazil,Declan McKenna,US,1
4YhJ3a6kBPGJWX4Ek77sDd,TOP FLOOR,Gunna,US,1
7fRfIvHPH6bHdMDjPFwTMh,Hallelujah,Logic,US,1
7bO7a1KrtmGNDIOy2u3siZ,FOMDJ,Playboi Carti,US,1
1qyFlfPREPbRcS2BNszdYI,Dreams Money Can Buy,Drake,US,1
2ap9kKsIEiWa4bzsjqACEx,SWAG,YG,US,1
48vIfHaK7by6x0T6ucpODL,Make You Mine,Madison Beer,US,1
1vi9adPJiD4d22ybGp25hy,Cops Shot The Kid,Nas,US,1
2wbcBAG51wD8fQw8ykL2Ab,MP5,Trippie Redd,US,1
1NtyeXryylf8HWXnxVTD3v,Yungen,Rod Wave,US,1
6mmPe3Y3SEtYb9HZsHTyrj,WHEN HE'S GONE,PARTYNEXTDOOR,US,1
7JGyxh8G8QZnu4AMJuCqlj,Saint Laurent Mask,Huncho Jack,US,1
0H1Had94fszD13qsFsP1U5,Sex with My Ex,Lil Peep,US,1
5sWxZXRYjkAnRQr7894dRa,OCEAN,Future,US,1
2Imn5iTu2xD3gXCqpBqubu,Tick Tock,Joji,US,1
7jEpRsSusmGqKFISucMnV7,Please Don't Fall In Love With Me,Khalid,US,1
4MUlNqSrMeFAHA6VpJKMo8,No Time Wasted,Polo G,US,1
5waTXjl4V7YBw1Bo4CsjlM,Circus Circus Free$tyle,Baby Keem,US,1
2JfyjfqbQrTXMzH8n0fOht,DON'T BE DUMB / TRIP BABY,A$AP Rocky,US,1
2gtFMLjQpCTGekMi4oXZxN,Wells Fargo,Dreamville,US,1
4LYNt6hWctTuZWYiwafuD6,Danny Phantom,Trippie Redd,US,1
5uSG6fUPRaehaV820zcpsK,OverHeated,Billie Eilish,US,1
2rozzUGTRWqhTa2NzJAl8I,Like Home,Eminem,US,1
57L5EYzCfHS7Jd58rV33lW,HIGHJACK,A$AP Rocky,US,1
2Okh2n1EHlGhviAYv75MOB,Cars Bring Me Out,Young Thug,US,1
0wGVE3BxTW5KCjoLsNlVRB,Come See Me,Rod Wave,US,1
5T03itPFOPGGkvVPvPiyla,Put It All on Me,Ed Sheeran,US,1
6S4WM9LW6oGkAtBFePffh2,STUNTMAN,"Tyler, The Creator",US,1
3EtyEzMpfKSaoVhPunvbRV,Leave Me Alone,NF,US,1
2c3qwFINQyRGwyqI97UQiA,Forever Ever,Trippie Redd,US,1
1yPfHKF0zxjDZt58hxhTxe,Low Lights,Ella Langley,US,1
7dSCxR4LqkmxoBrq9MzVSD,Psycho Killer,Talking Heads,US,1
0JYAsQJWIuaYUvZGF1qapT,RERUN,Quavo,US,1
5oEM9EDKL9y4XLTJzi0g96,Scornful Woman,Oliver Anthony Music,US,1
34PhB0kHT00utubP3aTau8,Burn The Hoods,Ski Mask The Slump God,US,1
6k54kYFGcR5OqsYgp0PMlY,Lucky Enough (Poem),Zach Bryan,US,1
4lqJsJd7kqWVvamQ4aFHA8,Revolú,Rauw Alejandro,US,1
732btJLGu7gYNHHNdzshrG,Ink Blot,Logic,US,1
23nW05dyMpuazGsFxdqBjB,Gun,Doja Cat,US,1
3irKogkH8P1B1nONmEcHgY,YSIV,Logic,US,1
3Vlt0DKYBK0h3Vf92nywhp,OKLOSER,Doja Cat,US,1
52eYVUkFTOVozbVFIaFrnV,Tony Tone,A$AP Rocky,US,1
4CPcZHzSvIBM8AKhdHUwnL,Clueless,Polo G,US,1
3ts6xK5GzfMAAriT9AIBmP,Barefoot Blue Jean Night,Jake Owen,US,1
3fopcCEKZaG9Mg6ZhNQzqm,NYMPHOLOGY,Melanie Martinez,US,1
1lNEXDlxVhsWaq2DLBUDgC,simple times,Kacey Musgraves,US,1
71jWljGDgSEpsa1LA5LHSg,Baby Please,Ivan Cornejo,US,1
6Q9IUoBTNLHgBib1FSFGbj,Love To Dream,Doja Cat,US,1
5UpXJ75CXod4PCoBQP6MAP,Intro,21 Savage,US,1
2FPmvXIMpjgzJQbUeJo8Iv,Sunshine,Steve Lacy,US,1
18DEvCPCmzVpo2en9DeylA,Doot Doot (6 7),Skrilla,US,1
5jZ32WOU7sqzDYbzINwMUk,SORRY PAPI,Bad Bunny,US,1
5NOUjBikzECEJyZMTxtErD,The Code,King Von,US,1
6FRKxwDHTDGr1lqQ0SEprH,Favourite Daughter,Lorde,US,1
2NFadq6pUeiVEihLvUlOSr,"Rauw Alejandro: Bzrp Music Sessions, Vol. 56",Bizarrap,US,1
6ON9UuIq49xXY9GPmHIYRp,The Best Day (Taylor’s Version),Taylor Swift,US,1
6ChpgWt7s2ksM1Y3l0D9sk,SAD SH*T,DaBaby,US,1
4pDU8T52yTGZutyDQd8qSF,God Bless The U.S.A.,Lee Greenwood,US,1
28PeqNMnFfVQnXvXmyf88G,Fractions,Nicki Minaj,US,1
1LsisG6aoqfsF1r6M4LpMO,Blakk Rokkstar,Ken Carson,US,1
2JqkpMe2eJToJNHEqkJeCu,Forever Yours,Brent Faiyaz,US,1
3rXlcLZk3MCaRPND5g9QiW,Blow for Blow,Tee Grizzley,US,1
7My9ca9QEIR8MvIOdIrTWA,From The D 2 The LBC,Eminem,US,1
0QSt5KmJzRqU1gFJJfQJ0Q,Introduction,XXXTENTACION,US,1
3xytfOwki3uHqzhvMWI6HN,ZUMA HOUSE,Justin Bieber,US,1
3t5OV1asJHmOlf23T08CLv,Lady May,Tyler Childers,US,1
45CCe4gu08OYG1I4MH8TU6,Trauma,Meek Mill,US,1
20Yz5dzjdTCVjXte9KrJbi,Get Ugly,Lil Baby,US,1
2dYXrWkNO40NXy2Q3IYLRc,Puntería,Shakira,US,1
0wdV94AXGRphrbkDWLNzVC,Roaring 20s,Panic! At The Disco,US,1
22xea6Z2a8BbyVeCksSBX9,Like A Blade Of Grass,Jack Harlow,US,1
3Dmlm9uTQ6dKefftEUeSDa,Drive,The Weeknd,US,1
0wI5MvhcdTrVERaDOHiNnp,Welcome to Tha Carter,Lil Wayne,US,1
2UbMJbQq6G0TJnmnubgolV,Genesis,$uicideboy$,US,1
3gOI5aQD4mOMLsP3aWrkon,TUS GAFITAS,KAROL G,US,1
1JDhNQ0oOT7XpclZn3aQ8F,West Coast Shit,Pop Smoke,US,1
4vIKzWqtn44umal5jXq4wE,1000 Nights,Ed Sheeran,US,1
1OfLNb6dQ9dra1B58iT9Ex,3am,Halsey,US,1
3YUHxgPuHedoZGt9KfGlqB,cut my hair,Tate McRae,US,1
5rFGVn8fCFjnRwCebW0XbS,DROP,DaBaby,US,1
0lOQaZwX9AkAiSvObh4G70,All to Myself,Future,US,1
39RWYLt6hgk9BbhkDgaHW9,Crush A Lot,Lil Baby,US,1
1yQvL8SzbF5JCroRKk9F07,Belly (Lil Baby & Gunna),Lil Baby,US,1
0pchHye1t8VA9gTHK3hAAZ,Life Sentence,J. Cole,US,1
05gychGDaYtqT3sWQhZydb,Dramatic Girl,Baby Keem,US,1
0O4vuJynWVVdyvoHvZtnk3,Christmas Canon,Trans-Siberian Orchestra,US,1
5pjf75G1zn9EEFa8iaCV5h,I Love Her Again,J. Cole,US,1
1v4m9GLt7lpFM5iOvwQZrU,2 days into college,Aimee Carty,US,1
3ALgsy4RtDm58xl3VNoSgZ,BABY DADDY,Lil Yachty,US,1
2MfcvcvWSUkstTDZXYIakq,Transformer,Future,US,1
5ozqshq2dtU7SYCpCBu0NE,One More Year,Tame Impala,US,1
4LUAIXN6bpnEVaJZOLfuDt,Here We Come a-Caroling / We Wish You a Merry Christmas,Perry Como,US,1
6qZANDqrSAvfuSjcxBP1PD,10AM/Save The World,Metro Boomin,US,1
2OBzYCYMNsD6yhBZZSs0xg,Easy Lover,Miley Cyrus,US,1
40EXFgNMOIQRQOwJZ8mJkC,Who Told You,J Hus,US,1
3fFBZvG777xoKyvcrBq7lc,Red Bentley,Future,US,1
2wVWGFVkL5I3JGsoWBx2AZ,EDGING,blink-182,US,1
1lb0KfG9EyfSBsEifTUtXY,someday i'll get it,Alek Olsen,US,1
0pegcONe6MuDQRoPCtCBRf,THERE HE GO,DaBaby,US,1
5smzdAtuOJOp3jEKjTno3p,I Only Miss You,Megan Moroney,US,1
5G6Gt9RtNaeIE418pd4yre,Smithereens,Twenty One Pilots,US,1
4KTU5aa5s547f1JF5DImhF,Man of the Woods,Justin Timberlake,US,1
7yHRmaBkHKXKJmS1xMzicZ,Punkrocker,Teddybears,US,1
6ImrWnhjEOw5re3cGLMIHJ,Buck Shots,A$AP Rocky,US,1
5QvW5lK6mkfTegpAK9JOO7,Paris to Tokyo,Fivio Foreign,US,1
6D4FK8x2fG9edfjYo7yDON,Ninja,Young Thug,US,1
7e0nXDIIa6hFqI4HmuanLP,Soul Food II,Logic,US,1
1lfYsrLHXzo3s7NpHb1fIS,No Where,YoungBoy Never Broke Again,US,1
6i5qhmmF9UNUBRyrPSGn4m,Two Faced,Linkin Park,US,1
5LBv48NNyHsknRYwFWC361,"yes, and?",Ariana Grande,US,1
7lcbpfihslisNObKdHjyLo,IA,Clarent,US,1
60brXKLTC15vK0av5gIldm,Confirmation,Justin Bieber,US,1
7kjEqI6eZ7YlFrGhxixnlN,ANTES QUE SE ACABE,Bad Bunny,US,1
5NU6kBZORKaoqS09mOqgXs,23,Chayce Beckham,US,1
4dOmgE4ULbySxpeGObN8RL,Syphilis,Juice WRLD,US,1
7ILJ49So2Cu2V6ZoDjZ1Lp,Silver Bells,Bing Crosby,US,1
1Znlc3UZAbSodFaMBjdpsX,love yourself (interlude),XXXTENTACION,US,1
0gcbrwbpdxGHE9nW0TCoKP,Demon Time,Trippie Redd,US,1
2d0UrqT7OYP0gcntGV2rsp,Konnichiwa,Future,US,1
0jkzxxDG8z3Y5OmfNl1VM0,Homesick,Noah Kahan,US,1
1cdqNRXIRrvT4HnApj6yw6,if looks could kill,Destroy Lonely,US,1
3Ku0VYAQ4b6IomnonhjdVv,Rearrange My World,Daniel Caesar,US,1
5VEnzMXc8ocZko4M4TqnR2,ONE MORE TIME,blink-182,US,1
0sXvjZV7p4uvyPN4uQo3FH,Neon Gravestones,Twenty One Pilots,US,1
0McI9sOmkpfd4E72njtU0G,Borrowed Love,Metro Boomin,US,1
1hs54MGy1J69I52GvzsrbB,Poison,Jack Harlow,US,1
42zePe03Iq8tvFcJAIKkp8,D.R.E.A.M.,Miley Cyrus,US,1
5IBaJDzPGl6e2hOfhjymMb,Bells,Lil Wayne,US,1
4WGk4UwyQD0mxTN6gEL4wl,AIR FORCE (BLACK DEMARCO),A$AP Rocky,US,1
7uenITonAmg7wXmFd3kkms,I Tried Loving,Trippie Redd,US,1
6nTiIhLmQ3FWhvrGafw2zj,American Idiot,Green Day,US,1
2P3SLxeQHPqh8qKB6gtJY2,Poetic Justice,Kendrick Lamar,US,1
49GYvCcvMQq1SY3f7Y347h,wait in the truck,HARDY,US,1
7kSBvPr9it26XjylB5LJkx,Barely Holdin' On,Polo G,US,1
12VqHHz4wvVcnEdSivjLeQ,Alive,Khalid,US,1
239yM7BAQ2CkNc61ogPGXo,Shot in the Dark,John Mayer,"KR,US",1
5KvKGFFNm1Y7jHTjaJF74h,Super Cell,Trippie Redd,US,1
3KJ3opyV29269SXkPrc19l,120,Bad Bunny,US,1
4MZSqgwlE71CWZ6qQ3gkKm,<3,Bad Bunny,US,1
2WfaOiMkCvy7F5fcp2zZ8L,Take on Me,a-ha,US,1
5TnLXSd4h6G06Fbt2ApOpa,Mannequin Challenge,Young Thug,US,1
5INY1sXYVmFCN5I6cbwdmk,Such A Funny Way,Sabrina Carpenter,US,1
4W9XGjEUVG9junR70FOLii,Lick,Offset,US,1
5mzhLQCMA2A0K7KnYxPL52,Brain Stew,Green Day,US,1
6AshXllQhobwSXsdpgp41w,Johnny P's Caddy,Benny The Butcher,US,1
7iUtQNMRB8ZkKC4AmEuCJC,LA FALDA,Myke Towers,US,1
5joiME4fAdb6FqrsXOs3u9,Silk Sonic Intro,Bruno Mars,"KR,US",1
6QeUzTuBoasiii8nevDciq,Trapped In The Sun,Future,US,1
5116BQqgzOZ24Dx0ZKkagU,delusional,Ken Carson,US,1
5oJw81e2Tzr2rC0lHXnDPb,Speedometer,Post Malone,"KR,US",1
4wNKxMbE3n1gRm4F6OaCP1,Coupe,Pop Smoke,US,1
5rYpwP1dHWGVMrSZbTmt3e,Life is Beautiful,Lil Peep,US,1
43ee3gqWBlPKe2MeGJ2S6I,RAWFEAR,Twenty One Pilots,US,1
5iZ5wjTTxSIv8Cfrhj6Jla,What That Speed Bout!?,Mike WiLL Made-It,US,1
6irE4Fbjbry3czv7mTxVSB,24/7,Meek Mill,US,1
6PFoEnjp0PAe5siGswjH9i,Dancing's Not A Crime,Panic! At The Disco,US,1
3F57PtOdqRpD6euFYqtKXX,I Am (Lil Baby & Gunna),Lil Baby,US,1
6Dq8FZrvx9S28iyaKSwn9x,Jealous,DJ Khaled,US,1
3ExweHKZF9B752DPQByRVT,Change (Taylor’s Version),Taylor Swift,US,1
64ydkbrt0xhdJXRaam06Mc,Mile High,James Blake,US,1
6MOst484piqXpzPPRRe8i5,vice city,XXXTENTACION,US,1
4nJb9mDNcIy7bWYUJlZoYV,South and Pine,Zach Bryan,US,1
1HBv0BqHfm6sMsAUg5H3Yo,Blue Green Red,Drake,US,1
57q6BgYP4gN6hPQViCB3um,Distorted Records,A$AP Rocky,US,1
0OMt4Qyetdbw2eUEvKBdHH,Remind Me,Eminem,US,1
7dxKdQC9Vo1hDxIUnt1z0Q,Rollercoaster,Jonas Brothers,US,1
3luic5gdP19rj3dZVNXFTE,Snow White,Laufey,US,1
6wYGL3Qelrac1WxX70JWOa,CS,Lil Uzi Vert,US,1
5DTOk0tCrmicVQP4mc6hkr,Championships,Meek Mill,US,1
745JbQYxoYIegHzHTUxETp,"Everywhere, Everything",Noah Kahan,US,1
3B36YnwXzR3VKm4hHYmGtr,Burberry faygo,Lil Adrei,US,1
3QSLoxRguKgK0knOG7EGyn,TALK ABOUT IT,DaBaby,US,1
0LWkaEyQRkF0XAms8Bg1fC,Party Up,DMX,US,1
5hwUsRKvnO5yThjVrxHQVt,Unbothered,Ski Mask The Slump God,US,1
1mKNJs35ede94bTPWveVOo,GLORIOUS,PARTYNEXTDOOR,US,1
3run9sUbpxozM6Cw0k3VfA,Speaking Terms,Ella Langley,US,1
2l7UudWZ44l1WbHx6ANod9,Homesick,Noah Kahan,US,1
7kOletJ0Q5H4MWe7cfeZXP,Alone,Kim Petras,US,1
0UNeNA0dcfUMsGxvLwf2p3,Pay You Back,Meek Mill,US,1
3Dah4SWoWwekrG4GShaHVP,From The Garden,Isaiah Rashad,US,1
6TSHGfV9E66qCNu4UP6xZu,Bobby,Phoebe Bridgers,US,1
0KoBrntyQ2x6Y1eZwgGe5P,"Givin’ Up (Not The One) (Don Toliver & 21 Savage, 2 Chainz)",Don Toliver,US,1
7MeAsrKeb2yyOvYn9cdYcb,Out For Love,Andrew Underberg,US,1
6rUkR30u6U1TZywQqeR5UT,Red Terror,The Weeknd,US,1
3Q7sDOGos4gxbOMkwVYgu8,Who Hurt You?,Megan Moroney,US,1
43IfdE75ficQgsI8QGBvwb,Mama/Show Love,Logic,US,1
2buC0ru4cVutdUhxIjH9Bj,SUPPOSED TO BE LOVED,DJ Khaled,US,1
39nTNk5MfyiiRupTwn1iyC,Take It Out On Me,Justin Bieber,US,1
2GUSz3vtf8jhVXri1CTrQX,Waiting For A Miracle,Post Malone,"KR,US",1
0f1G5SHFoFC9lO03gHCGVS,Pretty Boy,Joji,US,1
3L0IKstjUgDFVQAbQIRZRv,R.I.P.,Playboi Carti,US,1
2m3ObD945KvpE5y9A1eUWm,Jump Then Fall (Taylor’s Version),Taylor Swift,US,1
7jKUnzzOGhAlPjr7LkIUlE,Momma I Hit A Lick,2 Chainz,US,1
6m3LlhdZ0HWn4D7Nnm06MQ,Together,Trippie Redd,US,1
2sW7X1G7xaNZZX7b92NP6X,Gun To My Head,Malcolm Todd,US,1
4waDoo5KL9b1F5esGSP4Sv,Anyways,Zach Bryan,US,1
5jhBwnqzNNrENXnYrAdoCe,Everybody Dies,Billie Eilish,US,1
589jILaMtVqRiVxubmnLiF,On Me (Remix),Lil Baby,US,1
09WAnxdBuebQopKhJT3oZS,TRELLAS,Bad Bunny,US,1
2q2HyvGHcDbIgHi9o5gpFQ,DARK BROTHERHOOD,Trippie Redd,US,1
0XOynYFi9hQfIXKnTct9A7,Click Clack Symphony.,RAYE,US,1
1op74nrJWdANtkZH1tmqH5,Hurry Up Tomorrow,The Weeknd,US,1
00Ga884hbpVvCNyeQdle1U,Violet Chemistry,Miley Cyrus,US,1
6KFQdIB3njXBQNcg1xUh9U,One Thing,Lola Young,US,1
1hP3y3sr31ZVe1pJnqiKsJ,It's Five O'Clock Somewhere,Alan Jackson,US,1
6xVhqLT40s5sVhepe9Mckc,Weather the Storm,DJ Khaled,US,1
4EXWkO8apwRtwoi6k6nWHe,SPIDER WEB,Melanie Martinez,US,1
2fB5YRuD88drKpCXQOAk03,Love On,Selena Gomez,"KR,US",1
5ZOEulH7fvK4ZkMLTOyKL0,Demonz,Juice WRLD,US,1
3Tgv4rvWBVwnbmUTlJwzk0,Do I Wanna Know? - Live At the BBC,Hozier,US,1
0QBRshHeQLEThdj2TqxM9n,Slide Around,Chance the Rapper,US,1
77bNe6jYY8yHdP7orXrz5I,I Will Always Love You,Dolly Parton,US,1
750yKw4gINVQFdBeCGiCwP,X's & O's,Malcolm Todd,US,1
3Yd3J42s3GZaYty4Iy4ewT,So Good,Jhené Aiko,US,1
7MywASx2OFZngfoORjo1yy,31 DAYS,Future,US,1
1cQQB9z7fNQQ2VzSkslt7Y,Current Affairs,Lorde,US,1
60dwJ8dnqZ4WrIdiu7LkNR,Saturday,Twenty One Pilots,US,1
71avPtayHSPwC2MUfRLOdC,Amazing Grace,Andrew Andraos,US,1
6NaVCCFGylOLZAgk5eTTid,Marni On Me,Future,US,1
2sFEmuVVAa2klHwhFaT0rR,"BOYFRIEND, GIRLFRIEND (2020 Demo)","Tyler, The Creator",US,1
2YwC2IM0ykBxtMBH9aMe5m,Money Talk,Rich The Kid,US,1
3cWmqvMwVQKDigWLSZ3w9h,Rockstar Made,Playboi Carti,US,1
0myPb7rgTdf5dTHnfwdvO9,Gravity,Hazbin Hotel,US,1
6CvTbrBxxc5jFwqsivhpxh,Anziety,Logic,US,1
4RgoqOBE34Q6zZj8K7RUAx,Go,Huncho Jack,US,1
1ggYjU6zdFHgANcku82boU,Afterthought,Joji,US,1
2n6red10oCd6YhlEUp6jXy,Used To Be,Jonas Brothers,US,1
1hHe7cirScEJWgAS0JFqTL,7 Am Freestyle,Future,US,1
4TAifFqlNkBvrycHbWV9Ew,Too Playa,Migos,US,1
7qIDHVQsrNSk9qjYRsDzQI,Flossin (Bonus),YoungBoy Never Broke Again,US,1
7JjciUzSALsonXv6MukgrP,Box Me Up,BigXthaPlug,US,1
1uULQtJ8rbsX5TwjPpPc9Q,4L,21 Savage,US,1
3bbjDFVu9BtFtGD2fZpVfz,WHITE LINES,Kanye West,US,1
7ydu79RLStYQTOi1OM6Dvg,CONTEST,Travis Scott,US,1
7fsNNSLGG8Wi0nFbufCU6L,Know My Rights,6LACK,US,1
00n83h3zn2IrySO4Q4aTrG,Down With Me,Lil Tecca,US,1
1JvQhXD5FxkK2GjHCyFmZa,Ace Trumpets,Clipse,US,1
6Zisja44KqMZj4GM4UY6Yv,Balenciaga Challenge,6LACK,US,1
6PzOPrXx8tJEqace76yrv2,E.T.A.,Justin Bieber,US,1
4Z1ZlABSKDlVByJL3y5OVs,HEAVEN TO ME,"Tyler, The Creator",US,1
5GQPBzoRBDxcAjwSSluQXD,Pretty Little Baby,Connie Francis,US,1
38Z8SRBxln5pP7yWLqRYwC,Party Lyfe,Polo G,US,1
6A9wHAasMxed0firnDao1K,No Sucker,Lil Baby,US,1
4qUijfYU8EoIWiY6oSyrgT,Bye Bye Baby (Taylor’s Version) (From The Vault),Taylor Swift,US,1
4dZTNKRngStyYNueXCO2FR,Young N Dumb,Polo G,US,1
2mdEsXPu8ZmkHRRtAdC09e,Cinnamon Girl,Lana Del Rey,US,1
2PRKaIkl62537yLUt8VhHR,Love Sick,Trippie Redd,US,1
6vQnpXl0KvwTfLpIhoOLHc,Boom,Polo G,US,1
066QkK1heGoXBUPBbcOhEG,The Glorious Five,Logic,US,1
284fVGdbsPtigjjI0jmKXo,Loyalty Before Royalty,Trippie Redd,US,1
5uu2OCGGrTRS1sIvlMgKwe,i am not who i was,Chance Peña,US,1
6cPnE82DKBLd7sg02ZNg8K,Splash Warning,Meek Mill,US,1
2rjv9fXzpZDbB6lEeIoB3l,rodeo dr,Gunna,US,1
4LGFc5Vv5YlqTvWIa37CbG,No Security,Baby Keem,US,1
1q9jq5X5vwmewjOa2mHtQ1,Same Yung Nigga,Gunna,US,1
3fKpSA5w8iqLe9sNdIDESW,Call Your Mom,Noah Kahan,US,1
56jNpLhqZaI5IfJwwMdkRQ,VELOUR,Don Toliver,US,1
1De7cOMrdUnVpjWBaowMg4,Ex For A Reason,Summer Walker,US,1
2PCKWNZYcwyFKd4lVRWE8k,LA LA,Ski Mask The Slump God,US,1
2bXJMQZSJND3UYq5mjV4cB,CARNAL,Peso Pluma,US,1
62ljuuXo0zrcrtJnnOhfxT,Dear April (Side A - Acoustic),Frank Ocean,US,1
41v5ExDEEEvJsWAPo91aoj,Slicked Back,Zach Bryan,US,1
15bnyEOUVRkwWlxR4F7xzF,Finesse Out The Gang Way,Lil Durk,US,1
5ReqKJslVMTo52XRUaVcRq,Blame It on the Rain,Milli Vanilli,US,1
2beD5W9IkefQ04IO39XF7w,My wrist,Yeat,US,1
3ytbtkmMnkfwMrBi32a7FD,Like What (Freestyle),Cardi B,US,1
0aWHb6ujnlXkmmOI1ltStc,Burning Blue,Mariah the Scientist,US,1
2drEUEg0TYQR6dDEHkpuPE,Patience,Tame Impala,US,1
7IM4xK4W4n06UAV48ZXMup,White Feather Hawk Tail Deer Hunter,Lana Del Rey,US,1
1xIgz2QjA85ZpXiIoj6mMo,What You See Is What You Get,Luke Combs,US,1
2b7rt5gCEy2p2zTp656s4U,How,Lil Baby,US,1
3GkEnNf2RWmdwkA2FfjQ3g,Came and Saw,Young Stoner Life,US,1
1Lhwn4PqeGpM4LTVUowW76,You Rock My World,Michael Jackson,US,1
6IpvkngH89cA3hhPC84Leg,Wish - Trippie Mix,Diplo,US,1
11B7WTuoInwUvuP1BnnGWW,bigger thën everything,Yeat,US,1
7K8vPC3GPWafq2zXHuUGXz,Mama Mia,Lil Wayne,US,1
3QQXpvZd9qmzHZ02wDf2im,I Dream of Chrome,$uicideboy$,US,1
1aU1wpYBSpP0M6IiihY5Ue,Renegade,Big Red Machine,US,1
4pnIUqhf1AQMFrJPd4BbrT,Ballin Flossin,Chance the Rapper,US,1
60glT2wsoSHV3B8yCRSB8v,We Didn’t Start The Fire,Fall Out Boy,US,1
3Wx98ijEDnsxyMYePCuFNI,Dreamin Of The Past,Pusha T,US,1
1VsqQEYObJsOPaeZwEXRPg,Love Thru The Computer,Gucci Mane,US,1
1OS9fNE87zO4Z696lBXriv,LamboTruck,Dreamville,US,1
5cwnxz6QPfbOf731UPqphs,Bitter - Narration By Cardi B,Summer Walker,US,1
2OZfJcpzSFApBxUA0gXuJz,Common Ground,Jack Harlow,US,1
0OVhQZkNe7lh0fQeH96EFW,Don't Get Too High,Bryson Tiller,US,1
7kLC499Jj7W8kZUfvZsq5S,Graveyard Whistling,Morgan Wallen,US,1
572BChNcXOIvtfn2TGmTKc,ON GOD,Juice WRLD,US,1
3PdgIdRXJjgxfOr7slldel,Work Out,Chance the Rapper,US,1
1S1WWTuydW6zljNeHOpZXe,Muddy Feet,Miley Cyrus,US,1
4st6K8nGBjANh0mKNvOpnt,peliculiando,Fuerza Regida,US,1
6Q3K9gVUZRMZqZKrXovbM2,I'll Wait,Kygo,US,1
4UvlzGkC8W8Ltf2mQ34X3P,Cannonball,Zach Bryan,US,1
7liO3TEHfUqLnIlN54CW1D,Million Dollar Play,Future,US,1
5ZWNnO9MyPfGrUHiGWHESB,Pressurelicious,Megan Thee Stallion,US,1
5g74XKUBIGb6akymXK8QNg,LIGHT SHOWER,Melanie Martinez,US,1
2EPxhPbZczxce6wHbuOlQ6,Kill Me,Phoebe Bridgers,US,1
5d86sS5sUryqkoHy6ZP0Fh,Free.99,Malcolm Todd,US,1
7tTRFVlFzk6yTnoMcParmi,JUST LIKE YOU,NF,US,1
5Ta1sXtO9tXOaUacYm7tH8,BiPolar,Gucci Mane,US,1
7z84Fwf1R3Z2BwHCP620CI,This Is Why,Paramore,US,1
7nv5sYNKHjk55fSJZVg6tk,u,Kendrick Lamar,US,1
5OUtx1HW0cLbt1bCuSHlw8,Highway 95 pt.2,Baby Keem,US,1
1bx4Jw8A7GQtImIQGccI6D,Almost Slipped,Meek Mill,US,1
2MdMjF20umbTe4y2FgdnG8,Chloraseptic,Eminem,US,1
64zQbQTwu4ppBEfWyhst9t,Papasito,KAROL G,US,1
01QdEx6kFr78ZejhQtWR5m,Forever & Always (Piano Version) (Taylor’s Version),Taylor Swift,US,1
4T2zre0jqstNJ5Gt0WG9lz,Not My Responsibility,Billie Eilish,US,1
4YLizxRQsTqqnvzzYq2VaE,Mr Chow,Lil Uzi Vert,US,1
3JXebpWufTcs8iegiRCBW7,Tick Tock,Young Thug,US,1
5gCg2qMPzKkW4jS4dBKdDs,Puesto Pa' Guerrial,Bad Bunny,US,1
1bAv1DWUibxCIjAk9SlzRi,2024,Playboi Carti,US,1
0l6JC8K9Z4n9Gj4KBfgSvA,Brighter,Hazbin Hotel,US,1
7e1VoRlNumuEkXlITMHKLE,Me Gusta,Anitta,US,1
6pxHjkpwGmg97Yn5HcwNTn,BEAUTY AND THE BEAST,Kanye West,US,1
2zIAPysksDdMAiG33qH6kW,Ordinary Day (ft. Hailee Steinfeld),Logic,US,1
1V0rl8HIvcfn1ztxPuYMFc,Have A Baby (With Me),Daniel Caesar,US,1
7rQ84WsT2Wcnrz5gTmbGmw,Big 14,Trippie Redd,US,1
4rPl7ezxtoqshKnI1kk3dX,Drum Show,Twenty One Pilots,US,1
6DzXaIgVIH7oLA1pkUtFaG,The Contract,Twenty One Pilots,US,1
6OFCzD4d8kjBOJHxz41gqA,Clean Baby Sleep White Noise (Loopable),Dream Supplier,US,1
43zr9kKkeiQrshvYuvNtfM,Someone To Call My Lover,Janet Jackson,US,1
0O82CIwSU4tY11rQhxqAHC,USE THIS GOSPEL,DJ Khaled,US,1
66YywMJbAgzQrGkFKjnSsK,Ok Love You Bye,Olivia Dean,US,1
7JIIY2oDPFkURYMCLJuzhe,Elliot's Song,Dominic Fike,US,1
180tYOjVoVnuDFZdTzgQRe,Rude Boy,Rihanna,US,1
3v3gyQkwRQGwDUZ7V2q2lF,WHAT A DAY,"Tyler, The Creator",US,1
6bMIExEulvwM2X6zsuiYwr,MiAMi,Tory Lanez,US,1
0ro5QCkSCtbfhMHnvMase3,How To Talk,Lil Uzi Vert,US,1
7bTH8LgGSwyNNE4r1k95Zp,Moon Rock,Huncho Jack,US,1
0Hgqglypzt6Qs5Duqskcqs,Heaven,Khalid,US,1
5S9hlmzNQwZuhynLfxZ8Lg,"Your Needs, My Needs",Noah Kahan,US,1
2JoJrsEV15OzbijS47lids,Today Was A Fairytale (Taylor’s Version),Taylor Swift,US,1
1vuUbnY82fCNjfzqjLmblw,all I know,mgk,US,1
2gkVweydDn7MmHmqXAlEzk,Fucking Your Culture,$uicideboy$,US,1
4SIB2yxKoFOrbkjA4zfQbB,Beautiful Pain (Losin My Mind),Polo G,US,1
0YAQnYt2oB8OdoaeqnHyTI,Tribe,Bas,US,1
5p9ufaI7TwrlXtmiKCz3q3,Bad Husband,Eminem,US,1
1lbjDy6IIerHFGZWKG0hno,"I swear, I Really Wanted To Make A ""Rap"" Album But This Is Literally The Way The Wind Blew Me This Time",André 3000,US,1
0w88s8d4hqv3jVYBwq7led,STEPBROTHERS,21 Savage,US,1
0wLCuuprBD0HYiMZCHcdB6,Tank Top Pluto,Future,US,1
5E4mQ2mXblbeuI4tefnMZG,Self Medication,Logic,US,1
04ld6agKMq46IDG1THZqTe,POSSESSION,Melanie Martinez,US,1
4obgLgDkkjoGpRMa9lyFWW,Parent Trap,Jack Harlow,US,1
1IWDzlzjmhKZQp3dqXfv6W,Carried Away,$uicideboy$,US,1
2664gDzsUz6oHnSFyfKjcq,Crown the Kings,Migos,US,1
6cpsixIHI63L0hwh3CwZg3,Infrared,Pusha T,US,1
62zKJrpbLxz6InR3tGyr7o,JACKBOYS,JACKBOYS,US,1
7BjcYqD0CqXnG45ezWSTYR,RUNWAY,Lady Gaga,US,1
1Bdptrvb7nQkq8kCw3siE9,Feels,Ed Sheeran,US,1
4MzhmCOgPB7xb87f1CXjlA,Thug Love,A Boogie Wit da Hoodie,US,1
69AHqDMcDKyxKL1lNNCIve,WHISKEY (RELEASE ME),A$AP Rocky,US,1
4ugKUZExbqbkKXEmbTrTRW,Won't Stop,Gunna,US,1
3EVzllf30zIBAtKb75bs1W,Forever,Lil Baby,US,1
09riz9pAPJyYYDVynE5xxY,1000 Blunts,$uicideboy$,US,1
7KaIFFdq8KgBcDDvdgTrIZ,Wet Vagina,Doja Cat,US,1
5vhrsx08dHh2QcVh1Rsiwt,LONDON,BIA,US,1
06Gyf2pFDVmN5K8XAawG96,No Cap,Future,US,1
2K4XbdyLxi9jhqVQeyUKRK,Under The Mistletoe,Kelly Clarkson,US,1
4OLT65TRsOx3Iv1TlCcQVb,Presidente,Gabito Ballesteros,US,1
3txlvthoUa9vWvG1zr2Lnr,infinite source,Deftones,US,1
3p4hRhMcb6ch8OLtATMaLw,Cry,Cigarettes After Sex,US,1
4S2WtfT03YDIlXEwSX4Tjd,Nothing Left For You,Sam Smith,US,1
4J4SkI6qmb5ngZVw9mf9op,Molly Hearts,Trippie Redd,US,1
3CNbrXrUrEARw8zeKNCdYo,GUCCI LOS PAÑOS,KAROL G,US,1
0e0JshRej2NwT7jahEmv52,ROLLING STONE,Brent Faiyaz,US,1
3SeNIwGVirXfaTWAOXcU2k,FAERIE SOIRÉE,Melanie Martinez,US,1
0mfemgLsr0ucLSOBOc4xJ0,CHAMPAGNE,Tito Double P,US,1
0zNHMc1cGKe4MO5rtGtKRh,Sup Mate,Young Thug,US,1
0baYVkFX4vIXXmIuHRWXDN,Out My Way,Juice WRLD,US,1
3wuCCNCnBhJlwkIJTBZFiv,They Don't Care About Us,Michael Jackson,US,1
1dj1bE6SpLu8jLotrzWsJF,Still,KAROL G,US,1
0PQsrLxPbOBBwwmXCnGvcF,Diamonds,Megan Thee Stallion,US,1
6WjwYL2tzzci2pvpv50rS4,Beautiful Things,Megan Moroney,US,1
5ts6i8uvQcihNqmUcxRMFk,idk that bitch,Gunna,US,1
0cuNKdwaFrDJ4G1hYxI6aI,Texas Tea,Post Malone,US,1
5h0Jgt873QtgL6nJRBGfT6,That's Life,88-Keys,US,1
4Nf5EZ40JenjMUKXOiyRU5,NUEVA VIDA,Peso Pluma,US,1
0SQ8yalm13UIJuebuZkQlH,Wild Wild West,Offset,US,1
0JbSghVDghtFEurrSO8JrC,Country Girl (Shake It For Me),Luke Bryan,US,1
56QNTK715IJeYmJP2grB5f,Singapore,Ken Carson,US,1
6yTy7zuNnUglg5EIlD5vX4,How it go,Yeat,US,1
7I3skNaQdvZSS7zXY2VHId,The Hype,Twenty One Pilots,US,1
16QjPRt5HYK0dnLGmGRCvf,Deep End (Lil Baby & Gunna),Lil Baby,US,1
6rJmWa5DvQ3Nby3tdcX2L0,East Atlanta Love Letter,6LACK,US,1
0Goo25lbtpwor5vb0K2r21,Nowadays Pt. 2,Lil Skies,US,1
61TklWcG8PbT5hvUTzwLaY,Drop,G-Eazy,US,1
7ky2X6PAaUZTQjaDniHRot,Lil Secret,Jack Harlow,US,1
4N1dogCaVWnGyFdPjdqNWF,COMO CAPO,Clave Especial,US,1
1G1R0XgChe18Zr1o6tlmN6,Watercolor Eyes,Lana Del Rey,US,1
63kLorCFyk4ZHMHPhcWOtO,Life Goes On,Ed Sheeran,US,1
3GEGJVMKsI9OcVGMQsZ46R,Chain Breaker,$uicideboy$,US,1
4sIFi8LpJWPvI5xviWFyA6,D>E>A>T>H>M>E>T>A>L,Panchiko,US,1
0KPiSFlz5OUCgw7nwvhYWe,Only You,Metro Boomin,US,1
02mYw61RoS1vXvkD9Q5dpN,BLINDFOLD,Gunna,US,1
2NT5EOtSEOrjfisvwmSv5S,Material Lover,SIENNA SPIRO,US,1
4U6ubKsTd8RBDP5tPPhh7I,You Stay,DJ Khaled,US,1
5Lv5L45PQmp5CTjs5PlQ6e,Silk & Cologne (EI8HT & Offset) - Spider-Verse Remix,EI8HT,US,1
285SoOQEyRSjw1XF4cJ9Kw,Frosty The Snowman,Bing Crosby,US,1
5Lfdb0KKLWKEns27p20uYt,i wish i knew how to quit you,sombr,US,1
1lw3asU5xp73sdBy0rYsuK,Friendly Hallucinations,Mac Miller,US,1
19eeh4pgEGHdSTc26U1y89,CHAMPION,DaBaby,US,1
01VzuxoBYMAJLObfU0w6dI,ADDICTIONS (FEAT. Tre' Amani),Brent Faiyaz,US,1
69qvqJ61NqTtr1eO29tapa,Donde Estás,Ivan Cornejo,US,1
76uwSqRmmSfRZVocIceH1b,I am not a Lyricist,Baby Keem,US,1
0z36JaXXoFXuPuQucKEsdx,ZTFO,Big Sean,US,1
7CWiWkccuRRdrmaW6AjVEf,How U Feel,Huncho Jack,US,1
7Aj7gSqpF1HdkftImtgil8,One Two,Future,US,1
5eEQCfq7MXQr6aHLNRUZLs,Keii,Anuel AA,US,1
22f5gVlJXlTRSCezQDISFn,NO COMMENTS,Don Toliver,US,1
1hS8xbWKEifaf0VuFpIY69,Bluffin,Gucci Mane,US,1
2PsZsnqSMXt4oKi0xHVvgF,BOOM!,Lil Yachty,US,1
60IGhnH20N82dNxKnc8jDd,Knee Deep,Zac Brown Band,US,1
4ASBfwBwwo7DTT2zq9YSLP,Wick Man,Drake,US,1
0tQ9vBYpldCuikPsbgOVKA,Untouchable (Taylor’s Version),Taylor Swift,US,1
5kuxtUHQr23zov47Wn35Of,Beast,Migos,US,1
7rzNKooM3JrKVT40fR22HI,Not Even Ghosts Are This Empty,$uicideboy$,US,1
6NzuJWrNriXAbSmscAuSIq,Codeine,NAV,US,1
2lvOt6VAufWlstrqutilVb,Fire Starter,Trippie Redd,US,1
0DUHmrwC8ZviGGC2o2JBy1,Sleeping On The Floor,Future,US,1
7soheVOGSiTE8boPNzDibi,My Life In A Nutshell,Juice WRLD,US,1
3dbgC2uwnzznQBJpJs1prF,BATTLE OF THE LARYNX,Melanie Martinez,US,1
7wS6EAZast0FJGw79CXGND,onsra,comehelpglo,US,1
2Tif3Rjua8qfTCUFP6lFrV,Lord Of Chaos,Ken Carson,US,1
7aURTqVzpZxkJfboCvGc69,LiveLeak,Ken Carson,US,1
3fx31TjnwvwZIyAGHhOhA1,Forever,NLE Choppa,US,1
45M6MPP3yI5I1PXse40lpR,FULLY LOADED,Trippie Redd,US,1
4L8wCqX7DmID3UJ64w8Mrw,Stupid,Megan Moroney,US,1
6e7hIhOLH9zvb3zP5O5gt0,BOY BYE,BROCKHAMPTON,US,1
4YrS33mjBWWchoLJTkAKwt,Go In,Lil Tjay,US,1
52i143Ph5c3RQaQFBXWix1,Word On The Street,Lil Baby,US,1
293QwzG48nRXlqk5lGDUbw,Keep It Low,Moneybagg Yo,US,1
5sVrb7EJxs2LriI1m3KuX2,just say dat,Gunna,US,1
48QmKjg2FI6BfNW7SX1h86,BACK TO THE BASICS,Future,US,1
4gJfPoMIcSDGY0tMGxm6Fu,OKI DOKI,KAROL G,US,1
6WCXBUFa0z3l9DoOY3k5Xe,Instant Destiny,Tame Impala,US,1
51wFQM8W0YfXTmHusXUr5i,MAMACITA,Tyga,US,1
4ZUNw5tDBZTOqzPEVIYyOy,V12,iann dior,US,1
15LOSQ3z91ZB2wMiMhiCjZ,Desire,Juice WRLD,US,1
4aOOExMBUyxKnEYb39SrTg,Riot,XXXTENTACION,US,1
5duCElafuovM4ZSmkQL4hn,100 Bands,Mustard,US,1
2krESug6AyfOL07tlaGwts,GHETTO GATSBY (FEAT. ALICIA KEYS),Brent Faiyaz,US,1
1V8XneTrX6kKeoxYbk4x6h,Hablamos Mañana,Bad Bunny,US,1
1Bg2CNZw6S4e9cGWPmi0uI,Place,Playboi Carti,US,1
6vOeokRJNZjouabFGDLH1C,Levels,BigXthaPlug,US,1
1iTBTk4xtwo4lBMcPVNoPh,RUBBERZ,Fenix Flexin,US,1
21DN44aYlSoyfOQcboC0IP,Throw It Away,Summer Walker,US,1
5FYu8uBB6E11mepU601601,Not For Radio,Nas,US,1
3GXjlz7evuodm50dfiDDWo,Want Me Dead,Young Thug,US,1
7cW1wHpSLYgKWzoWlOCPFJ,Global,Lil Baby,US,1
11QNo3ld81pncy71q6VIic,Downstairs,Twenty One Pilots,US,1
5cAN3P7jWVf78gev1eF7TJ,Still Runnin,Lil Baby,US,1
5KYhIFNTp4VQUqlsbLWTTu,Just How It Is,Young Thug,US,1
5N521RK66Z1FP0Oz6B4OlT,Gunz N Butter,A$AP Rocky,US,1
6KjbNLbRjuoa8rEq5yNA6H,Honest,The Chainsmokers,US,1
0BBaLX0AEwUCmsJyI5eJ6U,Perfect Timing,Lil Baby,US,1
0m9cSkuwYOCUWCf48IS5ds,Project Walls,Lil Tjay,US,1
6f40eqAkAtDKodipTfThZc,Blame It On Me,Morgan Wallen,US,1
6805NqZ8c443YjfQERNoAq,Lost,Bailey Zimmerman,US,1
08dz3ygXyFur6bL7Au8u8J,Over,Playboi Carti,US,1
6zEgnpM0qYmHLDnh8WPejL,Amarillo,J Balvin,US,1
0dyiHoYbYjYaOEXLpmzQZG,Supercut,Lorde,US,1
4inPxqHrj9VmjLx5JCDCV4,Waffle House,Jonas Brothers,US,1
0GONea6G2XdnHWjNZd6zt3,Summer Of '69,Bryan Adams,US,1
4CYTQpr2jc4uBScYvpEK2w,Beno!,Playboi Carti,US,1
2kJAhu7mesSEkML8zviSNX,Only 1 (Interlude),Metro Boomin,US,1
0ERnYArznxdTBEIj1VSta8,man i is,Logic,US,1
6hP9uvjkqnt8u2i9u2xhJC,south to west,Gunna,US,1
6RhqlFP8FOZLZ4GWqokALY,Me On Whiskey,Morgan Wallen,US,1
3HgA5R5alihocnOYE9ihpS,Hard Piano,Pusha T,US,1
4CljUDO1I5hpKjwSNK6RWY,Water - Remix,Tyla,US,1
5sHde7fFQ5TthEulnBllhi,California,Childish Gambino,US,1
3JEJwjqLkg2Jbau5922CAb,Her Way,PARTYNEXTDOOR,US,1
2shcL1H6lVSrIaCtshedcl,Beer Don’t,Morgan Wallen,US,1
72HP2M4jjw4t0AIGdEVGEF,Take Me Home For Christmas,Dan + Shay,US,1
0NF7g7bRjrPHpwWmCAMXqk,Thank Goodness / I Couldn’t Be Happier,Ariana Grande,US,1
6b77gsnwtmE0mY1Xkv3Tyn,Eatin' Big Time,Tyler Childers,US,1
6CeZoh6Oemi28WQRpa004x,The Way,Trippie Redd,US,1
5MqzNAzRgVj2dfp30LJ6s1,Out The Window,Kehlani,US,1
56BtPjjWiRc0ch7DH8DNu9,Trap Jump,Ken Carson,US,1
0nafF9MxcXJBQWv3BTKtdF,Verano Rosa,KAROL G,US,1
4KaIJ1FWXUoAAnOts1YWjD,Prayers Up,Calvin Harris,US,1
39shmbIHICJ2Wxnk1fPSdz,Should I Stay or Should I Go - Remastered,The Clash,US,1
0VJYhKhrHgJ7fgjGaC2k07,The Explanation,XXXTENTACION,US,1
1yhft6ZqYadd4GOrKrmK3a,Dicked Down in Dallas,Trey Lewis,US,1
11cCVYamncF0ezwjj1irQ0,Where U From,Huncho Jack,US,1
7dHblXsJTRemgyIvFNJE7t,Magnet,Cardi B,US,1
6BKAKoo7J2vwJGZJs5dhGD,CrasH,ScHoolboy Q,US,1
1c2ArpI0RmBOk62Tf81xLI,Last of a Dying Breed,Joji,US,1
36uNbyvWCUwSk3AnpQmu2I,thought it was,iann dior,US,1
0DuylJNqsvjRN9hhWUdeJZ,NASTY,Russ,US,1
6XOwX1dEzysUrWRbJjJVta,Root of all Evil,Daniel Caesar,US,1
6Wxn79EwKPQvYerlctheGx,The Girl in the Bubble,Ariana Grande,US,1
6fQeVMxEg2FSKfsQm5ArVR,AH HA,Cardi B,US,1
0LVaWrTztFOuN7g7gcyLs8,Luv Is Art,A Boogie Wit da Hoodie,US,1
6qmvAJSUfVGMubvI2awW7p,uh oh,Tate McRae,"KR,US",1
4bDlONk2X1TMBHKaf8tjCn,Minibar,Gracie Abrams,US,1
4b1QYjd7i5D1Gx2VjN21qI,Haunted,Phoebe Bridgers,US,1
2mNbgyi0gori4b1rFSPgIb,Sober,Lorde,US,1
6PHbWsTTlmQKF9i9VC1KFv,Ridin Strikers,Future,US,1
0uqsdBw9KvD8jSWmfMmMAp,Stressed,Young Thug,US,1
2wn0AYkmcF0Cm7PmvA7hJ7,Pretty & Petty,Cardi B,US,1
2l48XirhkqQ5qRqtwItNXn,Paranoid,Ken Carson,US,1
2ELp0EL65yitpfJYwc5983,2040,Lil Baby,US,1
1zjSuvvLpPoJwnywiFIX7E,Celebration,Logic,US,1
7Ge141qhUeuglcOvgAkWBy,Movie,Megan Thee Stallion,US,1
6dNOefmb6Lgl5vNtJsSajt,Ocean Spray,Moneybagg Yo,US,1
2hgk8iKN9UdoM4ILlJ9F5N,Love Her,Jonas Brothers,US,1
5stbfxsPi8gcOH2LCuA4Le,pad lock,21 Savage,US,1
2uBhGx3m5iJrtsql8Qk00j,Levitate,Twenty One Pilots,US,1
7lJbTVbDEMa3w7NFamrwdq,Fishin' in the Dark,Nitty Gritty Dirt Band,US,1
5TX0mfUkpGlU6j2xa00ERx,OG Beeper,A$AP Rocky,US,1
3p1wCo1LLu41XK83rHO4K8,The Bell,Yeat,US,1
4s7TIubkdsgdtDEDFEAYVL,Intro (Hate On Me),Meek Mill,US,1
7rKKh8AGVXuNXgLBpTBTFH,One Day (ft. Ryan Tedder),Logic,US,1
1j2l6jMz85PaXuDiF08Vcv,Bird Shit,Trippie Redd,US,1
3oHiR89Y8gn6xt3YGAAzFj,NASTY,DaBaby,US,1
3kKPZFQse4LtbnMRhnAlEO,doom,Steve Lacy,US,1
4qtxILwBcAHEHbG7R0xF4r,Hold My Breath,Post Malone,US,1
2ppse4DOEFlzaW7Xu3U76r,A.L.L.T.Y. 3,Trippie Redd,US,1
0LQ1J0BCzA2qnAgp9MkkNE,MALA,6ix9ine,US,1
6GeD5g9vZTz25Egf8kxoIY,Last Day Alive,The Chainsmokers,US,1
77Jy02wGI2iU5HCcynsBmS,Obsessica,Malcolm Todd,US,1
68r3esIMdWpIeZqWZQDnfY,Burnin' Up,Jonas Brothers,US,1
6fcZVY3WjwKxVKlKFu84rF,Handstand,Miley Cyrus,US,1
55ZcA6PazdlXjE1jO5GrzJ,Ashley,Halsey,US,1
5ht9obvnnWeW4eoRtPAoQD,Fact,Ghostluvme,US,1
7y2KhPccpkgRSMa3GDXjQq,77,Peso Pluma,US,1
0fLGrGCrbziOu3dnjQMCWS,PANDEMONIUM,NF,US,1
4a4KvRWGEUaslwPzpVvJij,Gravity,Hazbin Hotel,US,1
2wdgjxZPgtrPd8OUqMSuYh,From Now On,Lil Baby,US,1
5MnPcgXz4RXqx09nIqvHKX,Hello,Cardi B,US,1
7wEs4bYaStkU6SsLZWaXH0,GREY+GREY+GREY,$uicideboy$,US,1
3FHXUqaUer9o231Je1zxIN,I Don't Want Your Money,Ed Sheeran,US,1
5CC5krEgwJXuoA0F9scOFg,Imagine,Doja Cat,US,1
1AGPmw3QJBNfOK6XioDhZp,Never Stop,Future,US,1
2OaKHGvIxoOzIYjyMsxcT8,3 Headed Snake,Gunna,US,1
75MSZRbAbQuzfUV3Pefvut,None Of Your Concern,Jhené Aiko,US,1
0p0jvYdazuWBMC8QacxpUH,World Is Yours (Lil Baby & Gunna),Gunna,US,1
5RsUlxLto4NZbhJpqJbHfN,Jessie's Girl,Rick Springfield,US,1
5x0zW1JcdON7Zli2umGEJg,No Reply,Tame Impala,US,1
5uAMiB0RMCjdq7p5mEjfY1,TALK TO ME NICE,Lil Yachty,US,1
08XHGvYxioT9gMP6TPuaLR,NASTY - Extended Version,Russ,US,1
0UMqDSXk4xvoCNRrIEPf7T,King Snipe,Gucci Mane,US,1
3QGppKBPd9gHOgHJzRbVIw,Hate The Way,G-Eazy,US,1
107CfwBqfICzcKur8k7UCA,Tragic Endings,Eminem,US,1
1ABQT5SxlUTNapSbSzblGx,F9mily (You & Me),Lil Nas X,US,1
0wQy2OO7jKjm0OOmA7gv3f,Thriller - 2003 Edit,Michael Jackson,US,1
4ve2uzqdwnHr20G5YgMMqr,Missin You Crazy,Russ,US,1
5xGqh5mjKgOhp9TOlFeCcJ,Reciprocate,Summer Walker,US,1
4wqeeFv3mIFWpyvKYX29nJ,Hood Politics,Kendrick Lamar,US,1
0nWMTq3fBceV1uZlhFn6of,Oxy,Future,US,1
5cpJFiNwYyWwFLH0V6B3N8,Del Mar,Ozuna,US,1
6RUpJeXT6U4SPEafnr9Wr7,Where The Hood At,DMX,US,1
5nYygW7bTgPOhckh3uDR9L,Hellcat Kenny,Young Thug,US,1
1FBi1YWCAxlRmfuUbMINqO,Runaway,Lil Peep,US,1
0r9ZhD7QEbIAcvfhDkIsdV,Bëttr 0ff,Yeat,US,1
5CMUThHlepHR8c1xD0QYzs,They Afraid Of You,Trippie Redd,US,1
2BuBXn15gj4MNYZydyWgrk,Come Back Baby,Pusha T,US,1
3lakLxKgelrvKBTyGwDXhX,Antisocial,Migos,US,1
6Q7Tv7ZxmoOokvuPchcaO1,Heart of a Giant,Polo G,US,1
5a6p56me3eFdKXcWnsPtLE,The Knife,Gracie Abrams,US,1
24eP9hGnGR6RCQvllQVkCm,Don't Throw it Away,Jonas Brothers,US,1
1BpKJw4RZxaFB88NE5uxXf,ILoveUIHateU,Playboi Carti,US,1
1Wc1SQwiThvSu9dMc5opth,SaintLaurentYSL,Lil Yachty,US,1
1KcOU0q9AMXV9xi4tSzzCc,Posthumous Forgiveness,Tame Impala,US,1
1c9hQ4jqgVP10plon2B259,Tycoon,Future,US,1
6JY1IdkZGeIcPegKxjSKeb,Since U Been Gone,Kelly Clarkson,US,1
2qRN7PWiHRLprw4FpDeI9N,Nothing On You,Ed Sheeran,US,1
1GfBLbAhZUWdseuDqhocmn,Rumble,Skrillex,US,1
3PvChJcbDMKFCQppIRYQo9,Balut,Doja Cat,US,1
4egy2d8QiyXn5tzVQiptTb,Can't You See,The Marshall Tucker Band,US,1
5D7PM5yNiHKnU85Y055vvb,"Rednecks, Red Letters, Red Dirt",Morgan Wallen,US,1
41cpvQ2GyGb2BRdIRSsTqK,Moon River,Frank Ocean,US,1
2aTf0R0TQCJJKcb0ipszD2,SOMEBODY LOVES ME PT. 2,PARTYNEXTDOOR,US,1
4FFC7McrnnwAWKbAqbckTP,Woodlawn,Aminé,US,1
6LkawpJyy0TZJ6Z41gMVyy,The Bees Knees,Juice WRLD,US,1
4wH4dJgrsxONID6KS2tDQM,Maneater,Nelly Furtado,US,1
4Dk42ykoREkq82ny0mWZnU,Days Come and Go,Lil Uzi Vert,US,1
6UAy9xYeTWjZB7h05p83e9,Cold December,Rod Wave,US,1
2Ggr9IfS70wYQacW8nZKPG,labour,Paris Paloma,US,1
66VenHDtrQAw7FCjyF2J56,The Christmas Song (Shawn Mendes & Camila Cabello),Shawn Mendes,US,1
76F54HHrw84yqAYqrAJkbr,Every Single Time,Jonas Brothers,US,1
775hCSePn3GW4h9nZ636kq,GAVILÁN II,Peso Pluma,US,1
4wQmwPWCUn6gi11Gep2qsP,IT GIRL,Aliyah's Interlude,US,1
2nGzxt4Ww10tUoyDdkNqWq,Snow in Skyami,Future,US,1
5bhTUxSNkAZ4H3uFjSJRTY,LOVE YOU LESS,Joji,US,1
18JiNe32mvOL72aysWL2ob,Death Wish,Gracie Abrams,US,1
333OkWOgbV6C8I5wRLfuSx,I Got You (Always and Forever),Chance the Rapper,US,1
5d1rmWWF1725tnYjq6rMDB,Way To Break My Heart,Ed Sheeran,US,1
3xo4Q43ei0ypZOvd2W1IqZ,Like You Do,Joji,US,1
3gnBcl5KRYTzIQyCOQug6F,Dead,Cardi B,US,1
3lIHa4fUwNKOCSS5k3Za0i,nothing,Steve Lacy,US,1
40Rpg3LkZwwzuHJ3GdjMma,Gnarly,Kodak Black,US,1
0qAIiGFKLdV1xpNlEhjpq8,New Romantics,Taylor Swift,US,1
0RBw4ODUQPO4cuAOZtBGga,Hurts Me,Tory Lanez,US,1
5b6zjsBrZCqe6RFycLz2tc,schizophrenia,XXXTENTACION,US,1
2hLu8L8SNfCN4yKyPdX0h3,That's What Love Is,Justin Bieber,US,1
4JI9FH3KOYOushudtnZt0z,Bodega Baddie,Cardi B,US,1
6DoUDG1GJrJf6eGQLUBBnm,Ahí,KAROL G,US,1
5nexAvWNhwg51EavnDgViy,Toxic,Kehlani,US,1
67QVeMvttYHbB1Zuvh0cn6,LET'S PRAY,DJ Khaled,US,1
2fhePAlCSsJplwkjqMYpVm,LOVE AGAIN,Daniel Caesar,US,1
7HFyGCuGYFmHjxnjujBxM1,THE WAY THINGS GOING,Future,US,1
2gJj6WtAxXjApMs3PXsCeX,Heavy Eyes,Zach Bryan,US,1
0syVTyo71ordJjSd8cuElB,private island,Gunna,US,1
1dzQoRqT5ucxXVaAhTcT0J,Just Dance,Lady Gaga,US,1
4mnjwMLCk3JZkhkok3u5g1,Change My Clothes,Dream,US,1
55xNjVrGJxgqcEFqCyejTM,letter 2 my momma,21 Savage,US,1
6q4yusLwjDYEcF6jXHdt7J,Do You Like Me?,Daniel Caesar,US,1
40rOlDoGejXXF4B0BYsjx8,Tangerine,Glass Animals,US,1
7Cj3tnMCpXpHgE8CIISbGq,Bloody Canvas,Polo G,US,1
5YP6yKgGGsXKukqxXypVAf,F&N,Future,US,1
2XEsbmynS9dLSzNSuZzfXF,Same Thing,Lil Baby,US,1
1jlnBQGP2DtSEhMgQaz7a7,Haute,Tyga,US,1
2itxcGh2MqEGswuXdeRlLL,The Outside,Phoebe Bridgers,US,1
2LOkdHHNKdEx24cQELBaD8,Open It Up,Migos,US,1
5q4BpnMrYEFzLO0dYODj6J,The Louvre,Lorde,US,1
4M68xjcc42oxyphhzpOWXS,Great Gatsby,Rod Wave,US,1
6wj7wjtegmkziorQ2tt5Pz,Dance Now,JID,US,1
18czZN7uruOjftj71Kt8oj,PAID MY DUES,NF,US,1
71pEiUWwfDFiRO6RmFpnBf,MOJAITA,J Balvin,US,1
0kNYrbMehFxp1eleTwUjkP,Genius,Pop Smoke,US,1
48oQGynnS8RLiYRFsJ6pDL,FYTB (FEAT. JOONY),Brent Faiyaz,US,1
2wzionesqIt3x5Sglb4n91,More Time,Pop Smoke,US,1
4HPTladgOGcGzleMR3I0FK,Carbonated Water,Ski Mask The Slump God,US,1
1XRzIGsdYaLi0jHeGlcHGP,Rich Nigga Shit,Young Thug,US,1
64IcRXZ9TzOOqyse3EPA3Y,All Things End,Hozier,US,1
1EnWTwagv0XR5OJ51WMdzj,Go Part 1,Polo G,US,1
03It1uO69CjGWP3yyVe465,Chun Swae,Nicki Minaj,US,1
7k0wVBW3cvV6Xmb87JikIf,Last Call,Khalid,"KR,US",1
3QPLboX38WnMhQDWSDuqcY,Clockwork,Laufey,US,1
5s50vIGQHK8FG8LfSdHC5q,I Can’t Wait,Phoebe Bridgers,US,1
5Tp5zlCgbwXLMa3pgYsNMl,Elevate & Motivate,Trippie Redd,US,1
5t8djD6oZcfAyqF4cTQfFb,Real Rich,Wiz Khalifa,US,1
4iz9lGMjU1lXS51oPmUmTe,Homecoming,Kanye West,US,1
3IxMaULfjq4IT2IN6v54PB,Mask,Dream,US,1
1aMokXl3uKDvCh4BBcjFOA,Lil Top,YoungBoy Never Broke Again,US,1
2hKdd3qO7cWr2Jo0Bcs0MA,Drops of Jupiter,Train,US,1
1dw7qShk971xMD6r6mA4VN,PERO TÚ,KAROL G,US,1
0zotwiNo16aaUg76C4Fgl5,I GUESS IT'S LOVE?,The Kid LAROI,US,1
2LCGFBu1ej6zt4r1VGPjny,GONE,NF,US,1
2QesOhDm8RV7gQ3xbu41xm,Leviticus,$uicideboy$,US,1
1CiR9MK8zVPKtGrHe4LFPb,Potential,Gucci Mane,US,1
40dlJFdqfm8CayhmmS9UB7,Here We Go,Mac Miller,US,1
6MF5JoJYj5uK07Si6fRAPM,HEAL YOUR HEART (INTERLUDE),Brent Faiyaz,US,1
69LvvkHnFFnX3d5eNObtMo,kiss kiss,mgk,US,1
6e9biVAugkOfydEN8OiJpi,Pose,Yo Gotti,US,1
4kDgnKgZTX6puRz9EoNjle,title track,mgk,US,1
2iES5ck2jsznpywJWMMzWR,NITROUS,Joji,US,1
2lLG56qpLP3UbcLuzMvkWX,Stop Breathing,Playboi Carti,US,1
4LkEHc33eXcXFQNwxruw7W,ARGENTINA,Gunna,US,1
5NRtdsFFlmyE8qDMgS08PE,Running Out Of Time,Paramore,US,1
79gv58G6usuURwl6TlmBTu,Outrunnin' Your Memory,Luke Combs,US,1
59XHPyb0MTMElZpkG0Wp69,Change Lanes,Kevin Gates,US,1
0a2Yk4ORO4MsGaJ4DI03qx,Whipski,$NOT,US,1
7EB2UpfRbS4QVjZQlKLi3Z,Promise U That,Future,US,1
2hn2zOA2XFlv6DSmesylrL,QUEMA,Ryan Castro,US,1
6N9U1wkWniSXD4TKD4ln0h,WASTING TIME (FEAT. DRAKE & THE NEPTUNES),Brent Faiyaz,US,1
4cZnOey9w6yxegFIzE982M,Mr. Eclectic,Laufey,US,1
0viGbbEJ9xV6qNJsTaXruz,I Need You Christmas,Jonas Brothers,US,1
3xBHLZwRfi0fjO9euaj5zf,WRLD On Drugs,Future,US,1
50Hv5NZIM0puIUoBttjpfb,King Of The Clouds,Panic! At The Disco,US,1
3clpchqQ6A3p8jjPgKdhk0,Cat Piss,Ski Mask The Slump God,US,1
0IH3D0P8OrQFs6ajcqbm0R,Dangerous,ScHoolboy Q,US,1
1CrPPsibP3uTc3DSI5vQC5,fue mejor,Kali Uchis,US,1
5Tj4faD9lGyMw8ZatUYR6G,Flood My Wrist,A Boogie Wit da Hoodie,US,1
1n2wszmJyVkw6FHqyLnQsY,Come In With The Rain (Taylor’s Version),Taylor Swift,US,1
4j30n3zuJQJ5qGA6rSTaST,Too Gone,Rich The Kid,US,1
7daBwTiPNOVgoMUG4SICgh,Pet Cheetah,Twenty One Pilots,US,1
4LKSaRoKNnlpKXTT663BrT,Santeria,Pusha T,US,1
1FQpGAJiQgVd65IIBYkRVP,Upgrade,Joji,US,1
1985nAkGJf1oOrgHCWftoN,Matrix,NLE Choppa,US,1
4y1GxT1XnufGddKkrFkbtC,Funeral,Lil Wayne,US,1
6RiMRVxOiEYd4QSu1cxrls,Far Gone,Ski Mask The Slump God,US,1
76ZrqdtkKxhMl42xAQTnFm,AfricAryaN,Logic,US,1
2WqTKOAUmv7hz9ZzGnXHrY,Realist In It,Lil Baby,US,1
72794Eag03xdy7TO0KNuid,Cayendo (Side A - Acoustic),Frank Ocean,US,1
3CEk3KwDixeCKOVPacup7L,ZAPATA,Peso Pluma,US,1
2SxR5RitJdsG6wINvJLBSD,Tunnel Vision (Outro),Pop Smoke,US,1
4Qxn47gWPSucovKrMyRf1z,Stretch You Out,Summer Walker,US,1
1wGYcpJZ59rePkNu4zHmLu,CALLDROPS,A$AP Rocky,US,1
00zk0uua6s2ifh0Nc3ppfW,Nun id change,Yeat,US,1
7yoe9vbbzakNAXwb1UaWLS,Same Time Pt. 1,Big Sean,US,1
2Ep9xSNftebXZkSQp1yM25,livin wild,Gunna,US,1
0jqLv5PuEUA0GthFjdtlS1,Oodles O' Noodles Babies,Meek Mill,US,1
4qfkZtOGVw2BXa05wqXKkV,bckpckbyz,Peso Pluma,US,1
1k0QMCm5kF3CBjCQ37vDLl,9.13,Khalid,US,1
7wxDKfgFtRTbupcG4xDhtj,Oh Wow...Swerve,Dreamville,US,1
7LczcBaamU9pTkV4Cl9NyX,Blick Blick,Coi Leray,US,1
0Dl965SLJGi9bB0SrvtPRx,girlfriend,hemlocke springs,US,1
1BCBBO8VUEFOb6RBct4XDp,Broken Smile (My All),Lil Peep,US,1
2ehLKvUsJq3EUAPpvT5GOM,Kant Nobody,Lil Wayne,US,1
2LqoYvMudv9xoTqNLFKILj,good day,21 Savage,US,1
2eLPefNqdtcTN1pCEqlrWr,Amazing Grace (My Chains Are Gone),Pentatonix,US,1
6gFtgkh8ShkrJn52Cbdhxy,Cut My Lip,Twenty One Pilots,US,1
2ySRRtrAwDUF4FipiF1Djt,My Own Thing,Chance the Rapper,US,1
45Nc6nYgV3yBvAeRaZt689,Alone,Doja Cat,US,1
353IDEfNzPJmGNRnOi5kJ1,Wildflower,5 Seconds of Summer,US,1
7g43YzKWtb1NMRcwD896ww,Jane,Migos,US,1
75izAeHlGuOgA865CFDyIv,For Free? - Interlude,Kendrick Lamar,US,1
5Qs6gTnyrG0KGYbuCzoK5k,Vaccine,Migos,US,1
4HfaOznGhHYWqPtpLYz2PB,Rocket Ship,Future,US,1
4lc61NBCDzy2srBHDQeTfN,RACKS BLUE,Future,US,1
4CiVz4bw7X1zjCaJ5ZwxUS,Watch The World Burn,Falling In Reverse,US,1
3K6U7TamNyVSWcFH8pCQHX,Love Hurts,Playboi Carti,US,1
78aELoNP2X3DC3rjHEVLPy,Is That Ight?,Jack Harlow,US,1
6PXhPHhZy1MpxuTNA1Ad4L,Stop The Madness,Lil Skies,US,1
3yaq0WhtGS0Y6r7vDkw4lc,Good Dope,Future,US,1
0IAkpYTRomExXOUJonNMTR,Expensive,Ty Dolla $ign,US,1
4Gm1VAxKdLS9aL7bkbZZyr,drug dealer,mgk,US,1
0ZN72tCEgbwPXEtj6TPMxK,Still Ballin,Logic,US,1
2Am26UXisQ91vBLYdqd7Pa,Underdog (Lil Baby & Gunna),Lil Baby,US,1
12SqxMqtStXppn5fjDYr45,Escape From BABYLON,$uicideboy$,US,1
42qNWdLKCI41S4uzfamhFM,Duvet,bôa,US,1
5LWprrbySabBAMm0aE447a,Roo,Chance the Rapper,US,1
3cFHCXuBZKMJd8Q4Wt8RB3,Harlem Shake,Future,US,1
6GK5du9ndZ7ZwMBrTRTGMH,Plastic,Future,US,1
2MyQK6cKu9IAzNXiBm7TD0,CHOPPA SHOOT THE LOUDEST,Lil Tecca,US,1
6Ww0J5EFjiPxkgZpEkRQVN,Nowhere Fast,Eminem,US,1
4RG7P0CXQ4pe0OeCAHjX5L,Wild as Her,Corey Kent,US,1
0DmkBOGgEWMbUJlL6VwwF2,Helmet,Steve Lacy,US,1
1GO9vCm5Cra5uWGSWQ5mGK,In the Dark,Camila Cabello,US,1
4SVTus5gJc5cfkFZ8ELK1p,Years Go By,Bryson Tiller,US,1
4Z9cAwlkruSbWblPBthygg,10 Feet,Juice WRLD,US,1
0O3TAouZE4vL9dM5SyxgvH,Fashion Killa,A$AP Rocky,US,1
5eTaQYBE1yrActixMAeLcZ,Miracle,Calvin Harris,US,1
6GivWRmlYtefJr28jev6e0,Leray,Trippie Redd,US,1
4L6QpiLxCLok9wZfFIdiqF,Open Mic\\Aquarius III,Logic,US,1
4Rh4UxgPaRTaFfKumWtUbM,if i were u,blackbear,US,1
6YJYhPKP7MRzJSHqe3QI9K,Garbage,Twenty One Pilots,US,1
19n0UZuW8AArMVWNztoXu9,Frozen,Lil Baby,US,1
5ExHDzOoOhC4xZGPh9zyQZ,Shorty,Future,US,1
07NMFSwppnky8JyIQIxAQZ,This Ain't That,Trippie Redd,US,1
0AUurCHJ6A8Ua4yXyKXNuM,Jet Lag,A$AP Ferg,US,1
2tnfun3wNXMb81Om05LczH,Twin,Roddy Ricch,US,1
5yAIrkplUEpMNeojW8Q30o,OJOS FERRARI,KAROL G,US,1
2rkb8ijsPapKDMEh0cSe8I,My Kind Of Present,Meghan Trainor,US,1
6Ole34qqbgkZ60IyrcVm7e,Cooped Up / Return Of The Mack,Post Malone,US,1
4Q9vx0KwTiOMaRjOZkaxst,My Collection,Future,US,1
7eTyfz4GA647lpSA3PCRyl,Flooded,Migos,US,1
081Shn2hU3YxvQmGaCPegr,Unloyal,Summer Walker,US,1
7fiFJADUcHwTdYLmnZeLAy,Hesitate,Jonas Brothers,US,1
03sEzk1VyrUZSgyhoQR0LZ,Pneuma,TOOL,US,1
7JIuqL4ZqkpfGKQhYlrirs,The Only Exception,Paramore,US,1
5oeKHrUHPT4lUKrDRVlWNp,She Gon Wink,Takeoff,US,1
2IHdMccpnU0PGHGltqM2Sq,Turn Yo Clic Up,Quavo,US,1
3xMnPIvsaWwzHzqqzaihEX,"Nonviolent Communication (Metro Boomin & James Blake, A$AP Rocky, 21 Savage)",Metro Boomin,US,1
1rpfEeYbtYDcnLWSBZBmNH,Wildcard,Miley Cyrus,US,1
6EPxapAlha7pEyn5kXgW3R,lonely,mgk,US,1
22skzmqfdWrjJylampe0kt,Can't Hold Us,Macklemore & Ryan Lewis,US,1
5r30gHLxvhp60XMc5TIIMh,Denver,Jack Harlow,US,1
1cSFlSBdpT4F5vb1frQ231,The Other Side Of The Door (Taylor’s Version),Taylor Swift,US,1
6rb3wFQ66EWR7DcPG0oEE1,We Caa Done,Popcaan,US,1
2kPlWEOm2tQlaZRE01IbBQ,Picasso,Migos,US,1
5tyMJlMqaggzvuX7TtlrTe,Love song,Lana Del Rey,US,1
0YH1xT3Z7wR6dZyaCwSziK,24 Hours,A Boogie Wit da Hoodie,US,1
7H5Bv8j9chJ4CWTuoXF4EK,Different Species,Offset,US,1
53LkLW4k4w7EOayzvx70O9,Mos Definitely,Logic,US,1
31yydnZnSeCwkRPY7tlgQJ,Hot Boy,Nardo Wick,US,1
6dxU7Xf9j2yNI7aCcT8W1g,Stay Blessed,Bryson Tiller,US,1
3lE8TCA1FKNQthjj73Sjrv,Gangsta Boo,Ice Spice,US,1
3gjHnylel3PTRpjS44ocqr,Zombie - 2025 Remastered,The Cranberries,US,1
04HeNxRRVjcwctfp2K2kMu,the ride-,Lil Yachty,US,1
1KeZgPUr54C8iz3FjqzVoz,Young,The Chainsmokers,US,1
2ShRJbppDksFugwquBFyjx,Space Legend,Porky Slim,US,1
5dl8x4xLEzZC0f927WBTUG,High Hopes,Joji,US,1
3ucRKbRlikYHyoI17gfR0c,All Me,Kehlani,US,1
6w9GrSUaQQIaMBYtabge7p,Embarrassed,Don Toliver,US,1
5EVzgDPaM0LCM3M5exl3z8,Manslaughter,Pop Smoke,US,1
43mwjiAXLMqkOv4vtlNweU,Revenge,Joyner Lucas,US,1
7BzjpnOxxngXt1LZiVXhND,POA,Future,US,1
0OTBOHjEaoqroFlfut1ZsH,Royalty,XXXTENTACION,US,1
7pVzUPjJ83QojsVcOthmxP,HUNCHO DREAMS,Quavo,US,1
5xhJmd0I15jFcEdqxfCzKk,It Won't Kill Ya,The Chainsmokers,US,1
1CHhAINmT48RpXE5owAo3Q,Big Fish,Chance the Rapper,US,1
5INKIG4QNuD4xq7qZcfPzp,Bandito,Twenty One Pilots,US,1
2iP3unJbxZvRuqyrS0ocZy,Heartless,Polo G,US,1
0uIfrUwwg0Z7KTitul7E3T,YO LE LLEGO,J Balvin,US,1
66z5CuZkqkb18VhFTRwbZk,Hard To Choose One,Future,US,1
2Wf2u3sZ8rR1sdiBuSbeR0,DadBod,Logic,US,1
2gXOzCwbVXACCaYRj4Qrep,Temptation,Future,US,1
0NvHg9fiix03UG7hdYx6DI,So Real,Polo G,US,1
6clDsO8HwhHEgJDDp88VdL,Two Tens,Cordae,US,1
4bb94wZVF1cX66vQjNeJTX,A Sweeter Place,Selena Gomez,US,1
0pytLWYHCQdheIWB2Ay5Dk,Ambitious,Jack Harlow,US,1
5ixKkLQSriCQakDWbdW8qD,We Should,Lil Baby,US,1
5epEhWhXug9oAjJZVgIMVS,Joe,Luke Combs,US,1
1yBbxDXEfr8boXM1ubvBHi,Ecstasy,Young Thug,US,1
78ldtCaBRJVp2i91B715L0,Broken Glass,Kygo,US,1
6VLkgf5YmLixsabdqiCVGU,At Least For Now,Justin Bieber,US,1
0NPpHHVwyiq5PgWFK4YyI9,Faygo,The 7 Dimensions,US,1
6cbsrCcgGstNCgWFKnrQmc,Mr. Hollywood,Joji,US,1
0v75ti1d2M6pd0sC42UNNN,Salem's Interlude,Khalid,US,1
40wyhIkaVvuZUAbAiTOkHI,High Top Versace,2 Chainz,US,1
1ZM8toCOlnfBKJdvR8GqUq,Rock N Roll,Pusha T,US,1
7KDYKPhxFFRDBSbgcfLxUT,SI SUPIERAS,Eslabon Armado,US,1
15JINEqzVMv3SvJTAXAKED,Love The Way You Lie,Eminem,US,1
3LHYmz86DxGInsRp3wiiW5,Ganja Burn,Nicki Minaj,US,1
2Nc1v8I86FUGorwjXKo0in,"Belly, The Weeknd - Die For It (ft. Nas)",Belly,"KR,US",1
4bycD60yZgR6anIBtmU8UH,MAÑANA SERÁ BONITO,KAROL G,US,1
3MEruRteiUZXkStfTlZqRn,Back to the Streets,Saweetie,US,1
5uYqmEN6TAAE8ss8YmprNV,Teen X,Playboi Carti,US,1
1wGpEisE7VmhhSazD8hZ5l,ROLE MODEL,Brent Faiyaz,US,1
5trCWbYtza0QUxdmF9HAPX,One Of The Drunks,Panic! At The Disco,US,1
1h0rVgfuKa6V9DkVSLAc4Q,back at it,Gunna,US,1
1A85fOmviQuGgkF6Lww6Nd,Midnight Train,Sam Smith,US,1
5v1STk4ZTTDrhgCs6LD3nd,HiTek Tek,Future,US,1
4N4wemxs9Em6nJ5kXTjEsS,Type Shit,Migos,US,1
0VQ3GSPdl4njPOr3lyaoaD,Dancing With The Devil,Demi Lovato,US,1
3thLnNvO9IctWoccbsZyJV,Different,Future,US,1
1oSh0SKc4MwmXSGiTtqSXp,KEEP GOING,DJ Khaled,US,1
7CKR3FcBqSsGcgce0ECe1z,LLC,Nicki Minaj,US,1
6RZmhpvukfyeSURhf4kZ0d,Is It True,Tame Impala,US,1
4QSehYD2iCp1L3l4B3QNv0,Broken Guitars,Polo G,US,1
0XIsaklmegqPEdOr38DVEt,clickbait,Logic,US,1
1LV5cAo02H8h5YlZNcjULM,Always Forever,Bryson Tiller,US,1
48KTGG6wBPpleE5KsTuiwy,Identity Theft,Kodak Black,US,1
0vbmYCIWENdYyJ36Q4CdSz,90 Proof,Smino,US,1
6C9SwoZ5OrxcvkntgA5t8s,4pm in Calabasas,Drake,US,1
7xLfNI4gRNTu6FyXJlzBW5,ni pedo,Peso Pluma,US,1
62hpoPrA3rtfeX1aWONig5,Split/Whole Time,Lil Yachty,US,1
0lJrPatloYarTbsKciShJu,Island,Miley Cyrus,US,1
1wNdGz7BlB9kH5lDc1eLLb,Goin Up,Lil Tjay,US,1
7eTv2OTr3aY5iKtFdBusoA,BESTIES,KAROL G,US,1
3vJKLsUYcC7mARUTOMUPaJ,Who I Want,Lil Baby,US,1
4UHyrGQCHu0Orh2utUxbNY,fake love don't last,mgk,US,1
32ny2YtiR7zKi7PBjiQ5Iy,Real Talk,Roddy Ricch,US,1
0QDBNUrc51sGxzmMTvH5kF,Normal People,Joji,US,1
5UVNjOSh27encRBqTpBWup,CUDDLE MY WRIST,Future,US,1
4HTY26kzdGCKJF1EqcRd2J,Feelin' Like Tunechi,Lil Wayne,US,1
4lfAwGFU3Zo2ZruXzRG8tw,VILLAIN'S THEME,Brent Faiyaz,US,1
6Dqja51kHdm93TJGkX7T16,Real Feel,Trippie Redd,US,1
1qUdAB72nSWPZwDqH9KMYD,BULLETPROOF,YG,US,1
6bKUUSlzDua0gt0g13OKqw,Diamond Minds,Trippie Redd,US,1
57nQyFocXZrKvWg5ZPYSoG,Malfunction,Lil Uzi Vert,US,1
7C9Yhom0eOTVIACJu4DBWo,Dreams,Lil Wayne,US,1
3OJ4LEE50iFELaHiZ09zif,Purple Emoji,Ty Dolla $ign,US,1
4OENnoidV0h8gJV6bhrw7r,Only You Freestyle,Headie One,US,1
62tDpymKVSXEu0W3d4AMr9,Do What I Want,Kid Cudi,US,1
0lmRKkc33g1N9fWW9nZPVc,"New Recording 12, Jan 3, 2020",Post Malone,US,1
6qWSHYcZEvE0MIcH2WmB23,Amigo,Lil Tecca,US,1
2MF4HtZHBoUliOi9nOAbS0,Purity,A$AP Rocky,US,1
3mXOssdHHkN6AvLw6ZgKiL,SAME ENERGY,The Kid LAROI,US,1
6SroqZFR8fPAcvhteW5y9W,KRZY TRAIN,Trippie Redd,US,1
6NGeKy2lLt86dxDjJAtBFk,Breathe,Lil Skies,US,1
0XPpkGBVE0QIOGSvW1nMEz,The Big Day,Chance the Rapper,US,1
2SiAcexM2p1yX6joESbehd,LLYLM,ROSALÍA,US,1
17DjWsC0G9YQtAiepG3c5v,Stunting Ain't Nuthin,Gucci Mane,US,1
2Q6NVIPwqtosYBXQ0C00d0,Country A$$ Shit,Morgan Wallen,US,1
1IlJZCRthVEPlksVzj3JWY,Whole Lotta Choppas (Remix),Sada Baby,US,1
5VlstKgCJPHDIMCQO4jHcQ,Sunday Morning Jetpack,Big Sean,US,1
3qIV7Rnj3ZxLs2JcLPUbFV,Kick It,Lil Nas X,US,1
1Fuc3pBiPFxAeSJoO8tDh5,En Paris,El Chachito,US,1
3U3Ff8ZvL6oEu1r98gCCWW,Pon de Replay,Rihanna,US,1
1YqXXJDSlDHrp66g9as4uo,Change Your Life,Kehlani,US,1
5LABCxgmP7DATATIJXOh6n,Ever Since New York,Harry Styles,US,1
58T4yPLn4NjBYXfRxeweyM,Woo Baby,Pop Smoke,US,1
2X7c8wSJD0urdk9aWzpu5D,Somethin’ Country,Morgan Wallen,US,1
3hwQhakFwm9soLEBnSDH17,Venice Bitch,Lana Del Rey,US,1
2O1qYJTA2BI5ypFFqEZhh4,Early 20 Rager,Lil Uzi Vert,US,1
7gpIj4wMeTKptFxetrNKzY,You Don’t Know Me,Summer Walker,US,1
7b2elHA9vOwpckUKm8SMyR,777,Joji,US,1
4Tc9PHEoeP17PQj3OOKXPu,Diana,Pop Smoke,US,1
1Gno5IBUHh6vUKp4nxu2Yd,Love Drugs and Sex,A Boogie Wit da Hoodie,US,1
3nTDO6k4R6i3FpKx0QNgJ5,So High,Ski Mask The Slump God,US,1
1luvsaicSpNDRLgOtRZxWO,Constant Bullshit,Summer Walker,US,1
18zQTt3ifDv6iLni2YuXMg,Born Again,Rihanna,"KR,US",1
4x3mum2YGHtIBrgUKiNt4F,Don't Need Friends,NAV,US,1
7nVERWQXlgZRQsYw4fHf3b,Lose,KSI,US,1
5B3I6RdYli0nmeS5IR4CcB,Movin' Too Fast,Migos,US,1
1unFtbwcAnSGgYPmp52vc0,Wit It,Gunna,US,1
51A8eKvvZz9uydvIZ7xRSV,Superstar (Taylor’s Version),Taylor Swift,US,1
3MTm8eZ2wCEtpyZqqhP6Dn,gfy,blackbear,US,1
6aKDdFwPJLgHT4aNktrQmb,Take It To Trial,Young Stoner Life,US,1
30vAfL9Wyu2fu07vdbZ1Xt,See Wat I’m Sayin,Moneybagg Yo,US,1
28mrq1UKIVItTbPqyub52b,Close My Eyes,21 Savage,US,1
4loM16743hROPC6uIJG6wM,MET GALA,Gunna,US,1
29ZZAShKhwRUuKULSNtxX6,Switch,6LACK,US,1
7EkiMl81fUHVwpItgtzI4r,I'll Kill You,Summer Walker,US,1
3yIZgYN7AKO3cDueyhpuCS,This Week,Lil Baby,US,1
46hDiH4YvAWXE04GskkIHS,Why Would I Stop?,Big Sean,US,1
4czcw3NVLY0of5hTD7OufN,Days in The East,Drake,US,1
3kT6P4hFj0IVr45TjKOLRp,PARTY,DJ Khaled,US,1
41mzryVlFLlz6b1BCtJAjx,Light It Up,Young Thug,US,1
3FAO4AyAGNI7QSSnyZD256,White Christmas,Bing Crosby,US,1
6vDyzD9o8aYhR1963oJpkO,pRETTy,Lil Yachty,US,1
0dj1CtyRxZ4bnIT4Q20jNT,Wake Up Alone,The Chainsmokers,US,1
42XnD59SFcomCJu55EPhqJ,Big Bidness (& Metro Boomin),Big Sean,US,1
7KVPsVMOK3NL7subwJ0dZj,Who You Foolin,Gunna,US,1
18xmRkPWE0sGUzFyNNAAhN,Dying In LA,Panic! At The Disco,US,1
64pUytZWfCpeeMBN0XAadF,Psychic,Chris Brown,US,1
40FUPlp2KJvdHY5ABnK100,GUESS WHAT,Russ,US,1
572NmogOEHowA9JdNqh036,Might as Well,Future,US,1
24vhQnVsbHHwlIXH7hD9Eh,Cold Shoulder,Gucci Mane,US,1
5md87aD3pGXRghKUbZdyh8,Strangers,Jonas Brothers,US,1
0n22yqkitWec0PV6tibWEO,Nervous,Famous Dex,US,1
1e3GEwsaXtBNtPfooQimDn,5200,ScHoolboy Q,US,1
7zy7iE31dGO70ShMXghsfj,running out of time,Lil Yachty,US,1
0bBd6K5X4W7t9GyXcaVOA7,Sigue,J Balvin,US,1
3CS5zwqrjggxlRD0QGJAva,the other girl,Kelsea Ballerini,US,1
3AFPGvRzeKeNJbIbLwcz4G,HIM,Sam Smith,US,1
5BvfdAtqZXGbR3Ub1Bejb6,bank account,Baby Keem,US,1
4blMQHONplzay3YkNIUlcn,Toxic,Summer Walker,US,1
430qNtapCS3Ue1yoSql1oV,I Ain't Got Time!,"Tyler, The Creator",US,1
0UmMT7DNXCOJvSmXXGNG5b,Umm Hmm,YoungBoy Never Broke Again,US,1
7mv4eldXEFbf3s3ZEfbmlC,Stripper Bowl,Migos,US,1
1MJJcJnun68wUdIafVWBzZ,Finish Line,Trippie Redd,US,1
6Ur6u4Ici7NYBiuGEEkNMP,Flooded,Lil Skies,US,1
666PdikRnUzdvjT9p5wWND,Tomorrow's Dust,Tame Impala,US,1
4T6QFouj6rIQObxgwt9ELL,Reasons,Luke Combs,US,1
3pcxxaUxAMSfz2zgetHydD,Insane,Summer Walker,US,1
6KuXb26rHuRy3ZDse1VRmx,Where This Flower Blooms,"Tyler, The Creator",US,1
3IkACj2ZEsmDLzhQNBW2XH,Offended,Eminem,US,1
5dkZ2DrcPJrqwlRQe6Q35e,#PROUDCATOWNERREMIX,XXXTENTACION,US,1
4ut9fdC5ncgcvCo0KaphNY,Thank You (ft. Lucy Rose & The RattPack),Logic,US,1
4gJUBncw0XCMTBHneTjqGx,Like Mike,Rich The Kid,US,1
064tgRK6FYBwikCdxaHFV1,Comeback,Jonas Brothers,US,1
7lNmcW2wW6ciV9Rhh8YOMe,Something in the Orange - Z&E's Version,Zach Bryan,US,1
3yhhv0VCmKkAWD9ysDLpTE,Shots Fired,Megan Thee Stallion,US,1
4Q3HHwkLVwHrSVad0RUz3V,Hot Now,Wiz Khalifa,US,1
5FDCDBFDKpf7TLzDx6r2Lp,Big Boy Diamonds,Gucci Mane,US,1
2d4XHh61JufZpNdm88TXXx,IT AIN'T SAFE,DJ Khaled,US,1
5TXLMRrIet3CQxkyBZc3yE,No Se Va,Grupo Frontera,US,1
7os53rdrgA0OU6xC5xJruX,concert for aliens,mgk,US,1
24YG5Z8Of1VHovrfXsbvCZ,30,Pop Smoke,US,1
0FnxK9FEAQyPJ284QcieNb,5 Am in Toronto,Drake,US,1
3rjwafyisDpLdoJ4RecHp6,moved to miami,Roddy Ricch,US,1
1eTdTVIxLlhHwwA50vEzZa,nothing inside,mgk,US,1
40ijlFtuamT3J2zR2mwfmm,Will,Joyner Lucas,US,1
6BfdcIPOdGPMxlLKhgDW4f,Never Change,Trippie Redd,US,1
5kkxyqYSQrnHpfsmkjKi81,NEW ORLEANS,BROCKHAMPTON,US,1
1TnfJHuRolxBBbweTa3qby,In Constant Sorrow,$uicideboy$,US,1
4tQcyj5488alHT1ZgFduzn,How Much A Dollar Cost,Kendrick Lamar,US,1
7MFuhP7p3fPQc8sYyeWL1x,Quittin’ Time,Morgan Wallen,US,1
4Agtk2MrapdZAVN7v6PuFO,Roadtrip,Dream,US,1
5qdaaB2RYHohGB1vglLuAf,Lookin Exotic,Future,US,1
7iNGwN4yuxATUtv0qYXJ8Q,What It Feels Like,Nipsey Hussle,US,1
3NelcGZ46JmV9LqOD1pnxA,Faith,NAV,US,1
1MGWgLxUXDodD8Tw8TFppN,Lil Baby,Young Thug,US,1
0KVEBQA98JvkmB5ZydQ13k,Fine By Time,YoungBoy Never Broke Again,US,1
3HxYOwZZHZn5mC1drqPQqR,It's A Slime,Young Thug,US,1
6k0DJqW2v2e4809Z1zN0YU,FDT,YG,US,1
1GxHeBvQ9935Dd3cSfsfBa,Best I Ever Had,Drake,US,1
4IdAIZRVkwuQQnHpi529cn,No Longer Friends,Bryson Tiller,US,1
267NGliXM8YLVZiKAD9Otm,De Museo,Bad Bunny,US,1
4wuMS7NGVbU7hdu94K5icd,Prada,24kGoldn,"KR,US",1
57OBlxZRcRyHFdlXlsHP7G,Strawberry Shortcake,Melanie Martinez,US,1
4dFtIGQBrYjiskk7fN5Wmx,Glittery,Kacey Musgraves,US,1
2L6lh2RmMs1yz4FQzdbwOn,Up The Side,Lil Baby,US,1
7newfXclX39UwWTw2gDswM,Tread Carefully,SZA,US,1
5x8NgG7Ya18m9wafOvvWYk,Lost and Found Freestyle 2019,A$AP Rocky,US,1
0oVxGuRMnawFgA8aduocfc,Forever,Tory Lanez,US,1
3aQV6E290SJvasp2VOgvBz,What I Please,Smokepurpp,US,1
5iAyI5SlSs1hyWOQeBXvab,Wicked,Trippie Redd,US,1
7unx2Rvsq8D0RfOLRXclTA,For Sale? - Interlude,Kendrick Lamar,US,1
66bLKGXOk3kPWWHP7Tbrki,Celebrity Skin,Doja Cat,US,1
40Zb4FZ6nS1Hj8RVfaLkCV,Slide,French Montana,US,1
03XfngWwNfhEjrnEga73Rg,Swivel,Dreamville,US,1
5GK1GYXH16RdfmltogHhAk,Heart Of Glass (Live from the iHeart Festival),Miley Cyrus,US,1
4txKMpsSfZRV6durPuHVq0,New Tank,Playboi Carti,US,1
6ja11GoXgF75QkEVqqAadn,Ain’t Safe,Trippie Redd,US,1
1Qxj5nxpN2zXWYngetSiRi,OG Kush Diet,2 Chainz,US,1
6QTPacyXkZWG9FMwq6L1hJ,Love You For A Long Time,Maggie Rogers,US,1
0tkgmjBMU6qSxolAKB3f2H,MERCEDES,Brent Faiyaz,US,1
1KbCc89SxYma4BnBChkJBs,1993,Dreamville,US,1
1CDVadnneswMxi6gBqJTtC,Legend,Twenty One Pilots,US,1
0WSTCrEsC2rsM8zavpfM5I,Eminem Speaks,Juice WRLD,US,1
5TEib5VIhLhDVj3pmoeK7W,god save me,mgk,US,1
0jcZ1uIHmvh6Is9T6hXOUk,The Other Guy,Luke Combs,US,1
3IJ6BBFLD2I2CH3hHFQj3O,4 da Gang,Future,US,1
7CdoE8U5DwrwCaLoyf3ME0,All In,YoungBoy Never Broke Again,US,1
4xTRiW8KxQjf6JxeyozXkZ,you & me,Gunna,US,1
4kfm1uI9QGaoN9qm6CkAMn,What I've Done,Linkin Park,US,1
0wyja8xD9cNhDtfuY0dVMP,Leave Right Now,Thomas Rhett,US,1
11p2ty4w5GpoFL4vcK0Cru,Name in the Sand,Lil Skies,US,1
5bmSver2b3ZXyuyLKtgnFI,BAD CON NICKY,Bad Bunny,US,1
28ZGbkz2MDnpvHhSRQw4f1,die in california,mgk,US,1
29s4u1adFGLWtGehbR5xkq,Touch The Sky,Future,US,1
50le2HSqQAIqB4BGD4cE9e,Black Magic,Eminem,US,1
12ZpiGAd2uPgJiofgoZMue,One Of My,Future,US,1
7D7e6hm2LiNd6nLuJF6K9Q,Hex,80purppp,US,1
3djWN7th03XZtmF5s3C1Lv,J'OUVERT,BROCKHAMPTON,US,1
4cBlIM5AjnQ74f52Dv7T5K,Change,NF,US,1
0Rq6JJwpZ9f1SU6Cfhgjv7,Arya,Nigo,"KR,US",1
4LvRT9c5IKxC8GHVPAAaHb,Let's Go On The Run,Chance the Rapper,US,1
5qu3j7Ou6LyQFSU9N7Sb5x,4 Phones,Rich The Kid,US,1
6HC6V5flWY29ON64Y7XNMS,born with horns,mgk,US,1
0oPpchtgx4hZ2J246g5mqn,Home Ain't Home,YoungBoy Never Broke Again,US,1
35FjZytt5TukIgJD86UybL,I HATE EVERYBODY,Halsey,US,1
6MR5IBSNfDmiwnrlQpVw4w,Club Paradise,Drake,US,1
2993VQSr7a2Dj5hI5xcWG0,Do It On The Tip,Megan Thee Stallion,US,1
6luBKkFUt5wTwz7hpLhp12,drive ME crazy!,Lil Yachty,US,1
13QU8HBEBaSTZGq1HzQe9S,Euphoria,Don Toliver,US,1
2f8y4CuG57UJEmkG3ujd0D,NASTY GIRL / ON CAMERA,Gunna,US,1
12rbR0qoFJQ7rRGzgXrzHy,Wow Freestyle,Jay Rock,US,1
4ChD9wq9iakg5UdeSzmgPE,Don't Hit Me Right Now,Dreamville,US,1
70YPzqSEwJvAIQ6nMs1cjY,In Your Arms,ILLENIUM,US,1
6IbCvfmmICEEAyDwQ9zcbt,I Don't Wanna Talk (I Just Wanna Dance),Glass Animals,US,1
2Q2mcoXVkioh4OBcL8mm4p,On Wat U On,Moneybagg Yo,US,1
0muK9BAzu2TJXQgWPsEj6e,Separate Ways (Worlds Apart) - Bryce Miller/Alloy Tracks Remix,Journey,US,1
0IuE6FnXPCdZ8NLuuvJRhb,On Track,Tame Impala,US,1
5Lbsc65org0b85kNsPkluY,Only Angel,Harry Styles,US,1
2zpZkOV7sD9C4Cv0cukoHV,Always Been You,Jessie Murph,US,1
64PsLB0bc1LJoZwogWO3ok,good wife,Kacey Musgraves,US,1
4tKEWCeBSeiSJVB9ZURgUz,Dame Tu Calor,Eslabon Armado,US,1
3gbN8NCqagIB9JO567Nw5C,420 Freestyle,Wiz Khalifa,US,1
4jT3GU6bhC8mrtDPZsNd0S,Know You Know (ft. 2 Chainz),Lil Wayne,US,1
6fvqvUQr12qghH4N8gpAch,Believe,Meek Mill,US,1
37vVp2sWHuuIBOSl1NswP6,i'm yours,Isabel LaRosa,US,1
3pm4XtcsRIFFtH2UErk62R,CANCIÓN CON YANDEL,Yandel,US,1
2RxC2peY3FtrurYmbbmanr,Qué Maldición,Banda MS de Sergio Lizárraga,US,1
041sluNZwBxTCOuu766eNi,POLTERGEIST!,CORPSE,US,1
3x68DX7Rt8MhQQZ43ouiq5,On My Side,YoungBoy Never Broke Again,US,1
0JR7iZZ6Ql79sXW3rbiS3F,Ain't Livin Right,Future,US,1
78YTl0P96kBCBXUSzKoqAm,Control,Playboi Carti,US,1
5LTgI9VsuL3NKrv2WHBgNx,Have Some Love,Childish Gambino,US,1
4FdPnT2cFrpWCmWZd7GXc3,One Mississippi,Kane Brown,US,1
4c7obYnJE084ZBtxnHIRVt,Momma,Kendrick Lamar,US,1
4ANFPo7dzs2DdPuONXC9bp,Please Tell Me,Future,US,1
2aWVaW1p2kUc5yuKwBmRJi,I WANNA SEE SOME ASS,Jack Harlow,US,1
384Oc8MQzITdL2DGyCeivN,Kept Back,Gucci Mane,US,1
1p1SbqeipOd4ezKUpxqaz6,"Baby, You Make Me Crazy",Sam Smith,US,1
5OFEJMirg4NPz7G1zgXDYu,ARE YOU WITH THAT?,Vince Staples,US,1
3XfUFGzbr0LmwFVoLXd9cO,Billete Grande (En Vivo),Fuerza Regida,US,1
6TL3MOcVW8i1UiJkvhpDbR,Carry Me Away,John Mayer,US,1
3MK6OsCb4VJGdPxvXjW8Q9,BANKROLL,BROCKHAMPTON,US,1
2xKDKtJBLDPd7BF3VmSQQO,Invincible,TOOL,US,1
58eOTmtMDTcTxRPXbZAvcR,too easy (Remix),Gunna,US,1
5rSVQzJQ5nMUcFJDkJMfzL,First Place,Polo G,US,1
3SWGtKHaCFEUqfm9ydUFVw,Disaster,Conan Gray,"KR,US",1
619pVMIK3WvX529JIkQTY3,Give Yourself A Try,The 1975,US,1
2iW6Hb6kfrz2K7EhPibFiq,33,Polo G,US,1
5QYnNhTKsN3kE7OaqILA1U,First Times,Ed Sheeran,"KR,US",1
0j2CNrgtalXRGIvHMO2vzh,Letter To Nipsey,Meek Mill,US,1
1uYxHHZBRliM9cNzCxq93g,Itty Bitty Piggy,Nicki Minaj,US,1
7hynhxDoDpgMIV12JuVtNa,UN PESO,J Balvin,US,1
22fRl49GSpRdu3J2EPj1i6,Benz Truck - гелик,Lil Peep,US,1
0RkCnqwF8Tfl2QGPZwopyk,Shake It,Kay Flock,US,1
6sq5mqtS3jwJjvBHALknJH,Hair Down,SiR,US,1
2plUcsOZm6pi1kFUncqLni,Wheels on the Bus,Melanie Martinez,US,1
1WAwILvz37MkmZfmGnEXfg,Alfred - Outro,Eminem,US,1
1wb7Mqon4o1ViLjaLV9f8U,Loaded Gun,6LACK,US,1
05CgKydlFJALNy4JTHeMgs,Framed,Eminem,US,1
1FUVCa49nKsPRuznGVrIFY,Bossanova,Lil Tecca,US,1
17UwOJOXHbggzJfAreIgII,HEARTEATER,XXXTENTACION,US,1
7thTA3hqO2MgOlzo0rPInX,Color Blind,Diplo,US,1
5cHPAqi6V5JPMy0vqS4lK6,Stuck Together,Rich The Kid,US,1
6kqPWdv1pNXp6A2CowGSFA,Gang Gang,ScHoolboy Q,US,1
4YfNO7sdbAKlkGpIFDDPXU,MAYBE,The Kid LAROI,US,1
1yP6g2Ka4CisR3i2cuIcjK,FEEL SOMETHING,The Kid LAROI,US,1
1G2CAJeP7rCwOZjlSJ0Zw3,Que Calor,Major Lazer,US,1
39oeKRgsLeynDIbWuXyA47,CAN'T GET OVER YOU,Joji,US,1
0ITqOOwNtw5DP2GLYAlTQx,No Question,Rich The Kid,US,1
5vAEnWrHxLv78uwZrAJcX6,Thought I Knew You,Nicki Minaj,US,1
0IUprcNjE2hDtlvY8rq2W9,One Day,Lovejoy,US,1
2YMCSqTmBTtcYA8dyUCvbT,Spiral,21 Savage,US,1
3MmvQKMKdN3UhVS3eGzJIW,Brush Em,Pop Smoke,US,1
24QjawKdGJmsAIVe3EhzGH,F&MU,Kehlani,US,1
5vqJLLFlnmCaui7Ng7YAn1,OVER YOU,The Kid LAROI,US,1
1KaRuTOGchQyTnrY3vWzfR,Aston Martin Truck,Roddy Ricch,US,1
6DibqiBTKMob2SjBwKqRfS,Happy When I'm Sad,Jonas Brothers,US,1
62nb5YUYUqtYJhVPwRhCke,How It Feels,Lil Baby,US,1
1xBQDoxqFyloelbnfju8na,u love u,blackbear,"KR,US",1
4PuAqZlL1tkidkuxfDlLbF,23,Sam Hunt,US,1
0biVzpdI2z0vAxwfU9xuuA,Too Comfortable,Future,US,1
0yzj6eBs5a6X6d3P5qaQ5J,The Outside,Twenty One Pilots,US,1
16wWFYS9S4hKBk2Ofj3Ss6,Attention,Rich Brian,US,1
23XTYrwfHXY8H1PuQYJbDA,Harder Than My Demons,Big Sean,US,1
2CqMWqcHywYRvwzdw2Wh4P,Wannabe,Logic,US,1
4Hl9rOqYomojCmxYfr25im,White Dress,Lana Del Rey,US,1
2tFwfmceQa1Y6nRPhYbEtC,CÓMO SE SIENTE - Remix,JHAYCO,US,1
4Dbn05LNVX5giGbgbz5fdQ,Out Yo Way,Migos,US,1
78Vm1H6bT8WQyPNyx7HBhP,No Wind Resistance!,Kinneret,US,1
7rpNuuoMbid56XkDsx2FjE,Black And White,Niall Horan,US,1
2BSl2gSFHdzJAMus74qzNj,Backstage Passes,EST Gee,US,1
6ERZ30cRjVWGtVLhczX9aL,The greatest,Lana Del Rey,US,1
4OtHGdb0KqEbaWb6edUnR9,Cut You Off,Selena Gomez,US,1
7dHui7yOhsoj7HdWSuJTW7,Who's Stopping Me (& Metro Boomin),Big Sean,US,1
0jdbVCxHze7xkrdyac3Ksn,The Path,Lorde,US,1
0GqaZ1L5KAXMNngAZbGvLf,Paid the Fine,Young Stoner Life,US,1
4nw0S8MtvcLSpXCS9M8ciL,Got Me,Dreamville,US,1
3W3FVHEDetkiRkkGKDmdir,Draft Day,Drake,US,1
0w7IgpqkxKyRBTqGuQbZNp,Priice Tag,Desiigner,US,1
3fEpuoSr8ufvyRR7s2jB3U,Hot Summer,DJ Durel,US,1
3XAWpSxJMPeIwxXc5g9en1,Made Men,Migos,US,1
7enaBBJnekyUCcXRuwGEH6,Posted With Demons,Future,US,1
6BiCjPFN5rM9JPy5eP5mCs,RIP Young,Isaiah Rashad,US,1
7ikRId3U9AXd6tfF2fbItC,Rodeo,Lil Nas X,US,1
2pumRJcJLkPPejrEvwLAlu,Juice WRLD Speaks 2,Juice WRLD,US,1
5R2pz8i4k4bvRAqiIFXzKz,Faceshot,Future,US,1
1dH43IEzvkRIFu6HdXWCha,Faster,Lil Tecca,US,1
2gxqozTaq2NYylvS8jd57G,Into It,Camila Cabello,US,1
2O8gSQ9z52tZSLJnuzjkcG,West Coast,G-Eazy,US,1
2SUxn2O9NHL6GHGQFgwCY0,2step,Ed Sheeran,"KR,US",1
5MoU7TaAvgBa8W0XVwXAd7,Trust,Jonas Brothers,US,1
2FWeNvUo79OeiHWoR1bUsO,Put It On Me,YoungBoy Never Broke Again,US,1
7BxpObs6K7Yio5lVb3sMYX,G Walk,Lil Mosey,US,1
3JBvJ9PwrYA1oeUzI3FMRI,Otherside Of America,Meek Mill,US,1
58cEG7FsVoipRiRKUMgOjo,PUNTO 40,Rauw Alejandro,US,1
4T7cJdrTRqOBESPYfvfj2x,My Jeans (Lil Baby & Gunna feat. Young Thug),Lil Baby,US,1
2OcbewDrWFNTYRqpSzJBCY,5X,Don Toliver,US,1
4V5Dv8IjHNTk2YJzU9vgsW,Eat It,Megan Thee Stallion,US,1
1Dp7JGFNjvg8Nk0CtMCcnr,Hard Feelings/Loveless,Lorde,US,1
4hUR3thIs01mQUtVmZFJ8F,The Overpass,Panic! At The Disco,US,1
18AIesWCXvIbXu8RqQw1E1,Cinderella Story,A Boogie Wit da Hoodie,US,1
1eto1iY3lVWyJhejV6Mi6J,100 Shots,NLE Choppa,US,1
1TfqLAPs4K3s2rJMoCokcS,Sweet Dreams (Are Made of This) - Remastered,Eurythmics,US,1
5eSRsILuZOdEz55igfg9qV,Break My Heart,Rod Wave,US,1
2uir82NkzZ8yIT01L6UoJj,flooded,Gunna,US,1
6752EZMgXswvRBH3N2PilO,Unica,Ozuna,US,1
2TtWdYXulGcHCeUJUWwZ4M,Buckets,Rae Sremmurd,US,1
0AKwYorDdgm3NtusTmPlkn,Blue Strips,Lil Skies,US,1
3s2Qd1rsWqbvOoxpFTRp8D,Kraazy,Likybo,US,1
0aWMostcnfyjuCEcO7sTz5,GHOST,Jaden,US,1
0uFForNKQPvgSCnxlZIhQy,Let Me Get Me,Selena Gomez,US,1
00R0fEFZGb5hyTgF1nrRCq,Look Over Your Shoulder,Busta Rhymes,US,1
4qUtC2BwFC154Ha8YQRrkk,How to disappear,Lana Del Rey,US,1
6uDBSDI9pDM7C4Gm0hc2hI,Castaways,The Backyardigans,US,1
2Mm239hUicUXlB44D2AACJ,Head On,YoungBoy Never Broke Again,US,1
4XLu3tTSZiPFVC9mmuR6Zp,All These Years,Camila Cabello,US,1
66c7n8ZXmYQQeXyNVfiArc,clementine,Halsey,US,1
7wTA0NKIm6T7nP2kaymU2a,Sacrifices,Dreamville,US,1
7av3s72hOwmgzA2VE5pWDa,Content,Bo Burnham,US,1
7tt5I7ztXfKzZRqyL2FCYb,Birthday,Migos,US,1
3I1Smy5zhzNEc9grpjwY1s,what would you do?,Tate McRae,US,1
0ky8syPEVEfD7qCxMTW49X,Slatty,Young Stoner Life,US,1
4ZkQ2t966y0fmTW6TWNwR2,Emergency,21 Savage,US,1
6P2ffRHZZ8CdH3GfWq71Ci,Castle,Eminem,US,1
4EJHKSnHENfjOxXWryyNtL,MÁS DE UNA CITA,Bad Bunny,US,1
6Y95jrYOOWDkh7uO6PSDBT,Bag Talk,Polo G,US,1
1WlU4jsJ8AoTB96dgd8LJA,Call the Coroner,Future,US,1
1Bp5LdIxR3XlprIigqp4en,Adults Swim,Ski Mask The Slump God,US,1
33i3xxHB4YSYGYbtJrwwO8,Foreword,"Tyler, The Creator",US,1
2vdposMtmLoanI0pflut4F,Circus,Summer Walker,US,1
6pgN3d6oBrhmrSAKBfWNsf,"1, 2 Many",Luke Combs,US,1
3tZ4zv4UuenjJGSNUMfBNG,XanaX Damage,Future,US,1
0Me3TlqFkaIzoZzAGU1EDh,Street Dreams II,Logic,US,1
3RhyHYnYxuGnP8njFlNxHq,don't come back,Tate McRae,US,1
7M62jxrvr7UJdo6DchAFf3,Inspire Me,Big Sean,US,1
6DZ9UsN80HCp3ppmzxGGTf,Reborn To Rebel,Ski Mask The Slump God,US,1
0EYDsKvLtGMdvsA7PaUvJO,star-crossed,Kacey Musgraves,US,1
1vERyqgnr9u4BnbLTKFNq6,Life Support,YoungBoy Never Broke Again,US,1
4sbtM9ORGwmxGkXfctXbJq,NO FUN,Joji,US,1
680qLWCMRfR6evrNNBCE9e,MLK Interlude,Justin Bieber,"KR,US",1
4VFGpluBaU1WcquEMzhSz6,Wild Blue,John Mayer,US,1
14dJexYlvd3t3XAtD1pYW1,Oh Caroline,The 1975,"KR,US",1
73kAUSAht4YOR7xNPmNb2L,Zombies,Childish Gambino,US,1
7glCSQqV5o6NU88Cn4zPZn,Estamos Bien,Bad Bunny,US,1
1IF5UcqRO42D12vYwceOY6,From the Dining Table,Harry Styles,US,1
438wODjSTL2jgn1nePaNew,SUGAR (Remix),BROCKHAMPTON,US,1
3Z6O6zNyxqmqevwy5Dy4cs,Out Of Sight,Logic,US,1
3Fi4yOHkFTfVzOE7Ac3AgN,Raydar,JID,US,1
3uwYgNxFDfx1GoLB6tLoUn,Good Day,Twenty One Pilots,US,1
5CI4P97F6XAwK1kGnFYC0k,Dead Shot,NAV,US,1
0WA4APfzK7Y1pdzhvyhSwD,One Time,NAV,US,1
7uCq4vBPffjaTMlE8EQzJD,That Funny Feeling,Bo Burnham,US,1
4GUj9MfPPkjpZskxb45uiX,Angels & Demons,jxdn,US,1
18ULKfQl3KpCnklAKFfO2t,Old Fashioned,Panic! At The Disco,US,1
0JZUiKHoEDpsLvXfeqbZxV,MOTW,Gunna,US,1
4HiC3ulkTgbEcYYsSuR6PO,Danger Zone,Kenny Loggins,US,1
7iUmO03ChCW5VZdaycM4aX,Heartless - Wallen Album Mix,Morgan Wallen,US,1
3MthJpM1IEYp2ulZe00LvP,Shouldn't Matter but It Does,John Mayer,US,1
6SYSu569pfYdkDT9A5lZqi,CUIDAO POR AHÍ,J Balvin,US,1
0PyJRNmJvJJ5OmffwQf5we,State Fair,Jack Harlow,US,1
1wWRtPIKD7ZNvtsrzLyTev,All da Smoke,Future,US,1
3PT3dmokgfqJSsZxv4Njw5,cherry blossom,Kacey Musgraves,US,1
0BpYTh0O2ut5wvt0QtDGt4,Beauty In The Benz,Tory Lanez,US,1
7p9zIciejn8GXnsRdG9EQR,Center Point Road,Thomas Rhett,US,1
0bNVNlZSHj3xSuMJWfzxuT,All Over Again,Luke Combs,US,1
14PWHDV87nXiSuClZDsEYC,Richard Millie Plain,Gunna,US,1
3bAzFi7wGuOXJdgOYyFDSW,Losses,Lil Tjay,US,1
593W4qZOwwdqF6YnimJjL6,Doves In The Wind,SZA,US,1
7IRe1bo7Zm0q5Fn9MlNMZM,more than life,mgk,US,1
3wGkYZLDYtULqg635DyKw8,Bing James (ft. Jay Rock),Lil Wayne,US,1
14UzhtAQyCRGsuSjInmiJi,5150,mgk,US,1
7oTE1KmtU2ml9zBhv9Reao,California,Lana Del Rey,US,1
1snt6FNtZASSQrJuS9serg,Pop Style,Drake,US,1
6nI74KsH94IN0J2vp5shdT,Bedtime Stories,Rae Sremmurd,US,1
7ikkUWdCqtyEGgSPyVxePq,5 Hooks,Logic,US,1
40j4RoqmLiivqzRObbQ4BF,I Know,Polo G,US,1
0pJPdSVti6cTM1Q6xYGmcf,Faking It,Calvin Harris,US,1
2IoVnTEyj8NdFBpWoEFrMZ,Overtime,Big Sean,US,1
0KtxdSPi1ZbDc3wwD2IGF0,Blue Collar Boys,Luke Combs,US,1
43Ykyd3WD3tfaFDhunMZHp,Zooted Freestyle,Polo G,US,1
0qp8MuZNKelOGTK2HPlXBA,Kids Turned Out Fine,A$AP Rocky,US,1
56NDFbD0tCUawnqeU2wcvv,Girls Love Beyoncé,Drake,US,1
7IwRg7xzgVtugj9KFFp07G,ADMIT IT,Ski Mask The Slump God,US,1
0aQA9DP54h37OevE7hRc2a,My Stress,NF,US,1
3uQVotHaLudJ5C0OJ0iEZ9,Early Morning Trappin,Rich The Kid,US,1
7gPHxxAq4YjK7GoLT3Vch3,Lies,ScHoolboy Q,US,1
3usM520kfIRpWNaYOwdnYI,Rider,Juice WRLD,US,1
6M1qLtDxfOeBSbM5HnIo54,OOPS,Lil Yachty,US,1
0ycIrEpkyb4lrqE7M1emju,Inhale,Bryson Tiller,US,1
3Q33RhbyoFul9LdKKjticI,Unfair,6LACK,US,1
3ZBeHiRJUj1vdiU8zzGPgb,WYD Now?,Sadie Jean,US,1
7namdlOhbtsc8FvoSafOQt,Lost in the Woods,Jonathan Groff,US,1
3zxiTHxE4MxwuYf8aLQ9ax,Anyway,Lil Baby,US,1
3BFxkzhkESwALQxjxOVFgJ,Budget,Megan Thee Stallion,US,1
2cEnYJKLSZPH7MFSk6C05c,Wala Cam,Chance the Rapper,US,1
0b5CzUhyShYuDdtW5J4wm2,Obsessed,Calvin Harris,"KR,US",1
45PxuJqJBnPXZKLxoo9Apj,SUPERPOSITION,Daniel Caesar,US,1
5ChX0Yt1wPpRJFPPecJZPh,Dreams Unfold,Joyner Lucas,US,1
4YtoipFgf4k0AfD17ZfD5X,"Nuthin' But A ""G"" Thang",Dr. Dre,US,1
3a94TbZOxhkI9xuNwYL53b,Black Summer,Red Hot Chili Peppers,US,1
5ppDdMho96v8gdDm7HKEbK,Nothing Like You,Luke Combs,US,1
5uVW9FWVaQde0lfF4hYs4C,CODE,Offset,US,1
5UzUZULhZL8bW4BqI1ZNOF,Work Hard,Migos,US,1
0HJvoOkpflwYJb21VkTmGD,"Left, Right",Lil Tecca,US,1
4MTmAFWHpvB9kPMSRgLFRp,WHERE WE ARE,The Lumineers,US,1
10vS4ZLi4XWlIsNXSQXgqh,JU$T,Run The Jewels,US,1
0Vn54m592UkfxfuvAuSr3H,Supernatural,Trippie Redd,US,1
2iVsPIS2yjS4xhs5Rdy65O,jawbreaker,mgk,US,1
3g8sG483Es7NcJyXgkF1nT,Big Booty,Gucci Mane,US,1
2U3LJfQB0ALLxC7Yy0QW7l,Unicorn Purp,Future,US,1
0Qd2KYCmwGYiTF3A0opS6b,Real Ties,Lil Skies,US,1
3BGppswSnFNGUSFiJ6rj4n,Show Me Up,Lil Tecca,US,1
1RrQK0BIyxZaOooNDVSEaZ,Social Distancing,Lil Baby,US,1
4fdXiz0uJKg3HUOVj1p6iL,Pieces,Tory Lanez,US,1
6vA7RdHmU23h3ygUPPFXz5,Ungrateful,Megan Thee Stallion,US,1
0RFgKcpWImLWmK9WSSHAiC,play this when i'm gone,mgk,US,1
1OeEpViPwVi1FfdNkOoIci,Little Things,Louis The Child,US,1
2FBpJGt00G0h1q0RHuqaGO,Yummy - Summer Walker Remix,Justin Bieber,US,1
7qQMtg44hxQ0ga7NhyyNxR,Brambleton,Pusha T,US,1
7oPHGO39MQVukHZjdz4b9S,Fame & Riches,Polo G,US,1
6n3q5ybuUQFT97ddyuxsFh,Sleep Deprived,Dreamville,US,1
4WHN0WjvjnIR9v1MrU0U4c,Immortal,Trippie Redd,US,1
37PJvlIfYWqEX6fgjHlnTf,WTF Do I Know,Miley Cyrus,US,1
5rIjbX7rQMj8Gh9Oxd4Vrc,Light It Up,Migos,US,1
2gpaJPUWNx2xmOwy2NNLu8,DOS MORRITAS,Eslabon Armado,US,1
4RAEVQeHanpXyK2lrEUkMk,Freaky Girls,Megan Thee Stallion,US,1
4fRzunTZ51UC0oNwoVqiKB,Nurse's Office,Melanie Martinez,US,1
7L95O7D34EWhwtDCQkwGMR,No Issue,Future,US,1
2dCmGcEOQrMQhMMS8Vj7Ca,Super Freak,Rick James,US,1
6WqvJZloeOpM8DihbMgIRJ,Whatcha Think Of Country Now,Morgan Wallen,US,1
5uSFGgIfHMT3osrAd9n9ym,Forget Me,Lewis Capaldi,"KR,US",1
7IWV29mryrqtO0JVgnPtfv,Cold As You,Luke Combs,US,1
5ehN5A3B3lDwmFCYO63Wk6,2016,Sam Hunt,US,1
3HGnIIdHYIbkowzLk8UHbE,Wishful Drinking,Ingrid Andress,US,1
5syD6f38Jhckk5g9DgoCta,Bought A Bad Bitch,Future,US,1
0Ws8D3EWUDgY962Xftb0h5,Cash Out,Calvin Harris,US,1
5FTrzXtDMz3adIbLmVShk4,UKA UKA,Trippie Redd,US,1
5YSfZJE0EYrGVsWeYqv9xo,Double Trouble (Quavo feat. Meek Mill),Quality Control,US,1
5kTn07V96U8LyoQgz6DZzX,When You Down,Lil Tecca,US,1
2rPSFKzGeqUWwfcCFVkkq3,Poke It Out,Playboi Carti,US,1
1IeCWMwZs4rCmwPOjZYWN7,Poke It Out,Wale,US,1
0HrWshW3SuFJ6nKS9ba9Mh,Vette Motors,YoungBoy Never Broke Again,US,1
4otQJBpb8okSeykALR3eCH,Something Real,Summer Walker,US,1
49NhxprbG9oTtMunQCSXxA,TAlk tO Me,Tory Lanez,US,1
03m2VS3eYqKwbHvEykTYl5,shots in the dark,iann dior,US,1
6FyYMbtmEgQDCgy9mYrOX8,Shiest Talk,Lil Baby,US,1
6BORJ0ZazxMBpM3cWg79Id,Forever ... (is a long time),Halsey,US,1
0CIGZEXjZ8L52lOrqUljJt,Let Her Go,6LACK,US,1
4QL6NHf6sl3Sx58AFKc1GQ,POWER,YG,US,1
23CKxEwKWsLs6LD5poGOLM,Over,Lucky Daye,US,1
2oPQVgCTYqA4FBknwAroWf,Saint Laurenttt,NAV,US,1
2ulB68v8LGCfQMk0giZZ5S,AMAZING GRACE,DaBaby,US,1
5YbHnEYZFkOxLsp5syLMLy,BAD LUCK,Brent Faiyaz,US,1
0aJMggmjMva3QFnAbmM2U9,Changed On Me,Fivio Foreign,US,1
59iGOjPSOcPLGl3vqEStUp,Kinda Crazy,Selena Gomez,US,1
4yoQbSPoj8H3O8M3EKvC74,Won’t Let Go,Juice WRLD,US,1
5BVVgL1FJ0wAEyNH0Mc8yX,Trust Nobody (ft. Adam Levine),Lil Wayne,US,1
67drO2cIvjeyPkTzVJ8cxd,Waterfall Flow,Lil Baby,US,1
2iz3EDFoPOjPRZs9wt5iNh,Thug Of Spades,YoungBoy Never Broke Again,US,1
0oMCHLbU1IcWfXMHeYSfn1,Turbo,DaBaby,US,1
5HCXMBxZIVaVLXpyoqPM3g,Leave The City,Twenty One Pilots,US,1
3Z9vHQOOPvRtOnTPyXLkWD,Til The End of Time,Trippie Redd,US,1
5SxlUF7J8tyFIEF22EomeP,Pothole,"Tyler, The Creator",US,1
79GsUxLyzxgnN4I1E11dtO,Make Me Feel,Janelle Monáe,US,1
25BIuLc3xxqGyg2kAAiFZ6,Double Down,Lil Baby,US,1
5OypcrFg58e4k2iYHi69ED,SORRY NOT SORRY,DJ Khaled,US,1
2659CRCrqaXCaYBMtKrdYi,One Way!,Autumn!,US,1
7c3K8ifIoaVZ2MSUuGo0Co,Nonchalant,6LACK,US,1
4qbEaaJ29p32GI8EWQmm6R,dumb dumb,mazie,US,1
5Mv7yjian35AddlklJgg1v,Switch A Nigga Out,Summer Walker,US,1
4AlrLQ2RMxOwz1gTTkb4vQ,Deadz,Migos,US,1
3Bi3ws3uigvFSmfTcSLjnp,Drugs N Hella Melodies,Don Toliver,US,1
7JrAZVBsIxO42bLi9HnRYp,WHEN I THINK ABOUT IT,Future,US,1
6KhmSJf9FvdAcq1tr8LcYD,Status,NAV,US,1
1r33iukEx0COYuBzyXPmPP,Hun43rd,A$AP Rocky,US,1
7iqQz931tn59mK6IZ3knRx,Dealer,Lana Del Rey,US,1
5fmTiyocDfiXbUZ4SpdXRm,Live This Wild,Lil Mosey,US,1
0HNKMJ2EKCaT2EqcCBj1EH,Way Bigger,Don Toliver,US,1
3TciLI5wo7RddPtAFhiU9V,Don't Believe The Hype,Polo G,US,1
2DjLLLV2r88a8TO0hVTVrS,Rembrandt...Run It Back,Dreamville,US,1
6h2wpo2pshM8QnAvRySEO0,Soulmate,Lizzo,US,1
5FxKZ4IajYIRDjAWAboiB4,Pimpin Ain't Eazy,Kodak Black,US,1
4BBTalxG6c1Aoai1x1EA5g,Sin Fin,Romeo Santos,US,1
5QxqypupYWHrY8IkGCSObQ,All Ass,Migos,US,1
1kvt3N2KmoSAunaEJNrgNM,GIVE IT TO EM,Quavo,US,1
06BY7fb0Ztz7f7JPRWSBZ3,Switch it Up,Pooh Shiesty,US,1
6xqZi5JTTk6XIMLvy7w5JJ,Lonely Child,YoungBoy Never Broke Again,US,1
3fsH9s00dbn9mSgUu7Yi9D,Bring U Down,Lil Nas X,US,1
3REELyDyt5SPKX2387Zubv,Chandelier,Will Paquin,US,1
4TzXqUIcdpAmre24puQ6Uu,Tats On My Face,Offset,US,1
6LoaYlv0bC1TyctuADqNFh,$uicideboy$ Were Better In 2015,$uicideboy$,US,1
4BOikd4oZjOYMde9AXfrTo,Feels,Kehlani,US,1
3uW1lWgdTN494vIxu3R9Or,I'm Scared,Young Thug,US,1
0YdIIMb2MHuxoUudkAY9gS,Face To Face,Rex Orange County,US,1
0ZJLssJk51m0r4j9OvXcju,California,Lorde,US,1
1ko2lVN0vKGUl9zrU0qSlT,Just the Two of Us,"Grover Washington, Jr.",US,1
5kXDF4OmM5COyeo6z97nEk,Harmony Hall,Vampire Weekend,US,1
6vn5wV2qwx5sengy1kZHnJ,Zombie,Kodak Black,US,1
5mt882Eqx22RwFOTE01jS8,Sleazy Flow,SleazyWorld Go,US,1
6KASl3S3bdyrn8GxjlVimb,Heard Em Say,Logic,US,1
510mvRgE4jLSsJcBh2pH0j,NO SECRET,DJ Khaled,US,1
7MRY4VpCuZvBmFda6ZCk2G,Love It If We Made It,The 1975,US,1
1vqhABGCfRUaN7UKK668jf,Bad Morning,YoungBoy Never Broke Again,US,1
4iHMpfDjapiXaYUv41Ssvq,Lucid Dreams,Juice WRLD,US,1
72i5s3SBDEkaRUOgUTlkfO,In Your Head,Eminem,US,1
33QXHN1SzNgHIRPr7qYknV,PIKACHU,The Kid LAROI,US,1
2aCj4aX6TXFFUn5zTFRH4w,Big tonka,Yeat,US,1
1jzOG0T6JjvaOoHgzl91Nd,Style Stealer (Lil Baby & Gunna),Gunna,US,1
1fw2lym3kCvhxbIs8UQGHk,Juice WRLD Speaks,Juice WRLD,US,1
25AEevSO1lu4EKMIP5Sy5p,By My Lonely,Kevin Gates,US,1
2AEtYwT9qg2eY6G9m8wOxW,My Business,NAV,US,1
6LUE5WlMgrpLouGxzJAUVv,Run It Up,NAV,US,1
4RMqA9GixWNB7H6coZFXJN,What You Want,Belly,US,1
2g3qKijfeHfDyM7Fmaoi5M,Blow,Moneybagg Yo,US,1
6D2w3GPnTpLJt56dHEIuWW,Boogieman,Childish Gambino,US,1
2D6vfFZxQ5YzPPBODls1a9,Hard For The Next,Moneybagg Yo,US,1
1jWHtG4UXwH7JkEGY559Pa,Drug Addiction,YoungBoy Never Broke Again,US,1
7C0BHTRLmWUONc8OYjOPdW,Freak N You,DJ Khaled,US,1
19kX6hSlYH31js2SL4jgrj,Mulberry Street,Twenty One Pilots,US,1
3TgMcrV32NUKjEG2ujn9eh,It's Not Living (If It's Not With You),The 1975,US,1
19Fcrc0nJiwMKom00gS9SW,Good Form,Nicki Minaj,US,1
19ZzEzb4BVK1wVO4brrmZz,Beers On Me,Dierks Bentley,US,1
06Y14QBRyzmPRqrswAfF4J,Drunk,ScHoolboy Q,US,1
0XugRTkCzcwTJ0ZZJbeVHO,mainstream sellout,mgk,US,1
6sBB5CBuzKJhDooro1IraE,Baby Girl,21 Savage,US,1
4CXSzoyTD2MmedFArsSIUp,DTB 4 Life,A Boogie Wit da Hoodie,US,1
72hFOhhhnOJZnnp6uVOgPn,Complexion (A Zulu Love),Kendrick Lamar,US,1
4pR5ZEROnKQpJttWNn5er6,twin flame,mgk,US,1
0xPcT6j7JFdJjRvQelyGr6,Everything,Lil Baby,US,1
3oUuRNgyIuiqVTWLCChp3s,Wellerman,The Longest Johns,US,1
5OJmt1xiOHZJGx8wTUAjEC,let you,iann dior,US,1
4W598w0KcHVG5Nwqk0qMpj,Three,Future,US,1
69CQe4ekUZ7txcSfEXYFW9,NO DRIBBLE,DaBaby,US,1
1D1oE9i8sxo8fJ1Jbgr3Ys,Terrified,Childish Gambino,US,1
0chdEzeIcgfNYbWJBpgvzR,Arose,Eminem,US,1
2p72O2JobPc9sVz520Hil5,Reality Check,Swae Lee,US,1
4CWgevZ4xGjy6o5qMPgYR0,Gore,Trippie Redd,US,1
0LLsvPLHxlUk1x8r77H2b6,Things Change,Bryson Tiller,US,1
475jSz0H6U3duJyNiDS0tT,Right Now,Playboi Carti,US,1
0aMHIW1lqrulVCx0LLlr6a,Cocoa Butter Kisses,Chance the Rapper,US,1
3PAwprj5tcrX8vV9BbBL9X,Revival (Interlude),Eminem,US,1
3C4FUqrrjuvWoHwsumWfIu,Cruise Ship,Young Thug,US,1
3WSBP6JEf4Y2aKD2swQ8AG,4th Baby Mama,Summer Walker,US,1
6MmtDonkpvSoRx9ACwrGDu,Brotha Man,A$AP Rocky,US,1
6jmngk8Fwup05JZ6kgXEGX,Walking The Wire,Imagine Dragons,US,1
6oIahjoSHQ3GQJg0hrLdzY,I Believed It,dvsn,US,1
45vDAZmpEf8BGVd1EA9yLA,Unapologetic,Polo G,US,1
6akBF8JWM8lrpqejdwIfYI,16 Lines,Lil Peep,US,1
5xE8cBcKRjKEDdJwmh1ixN,"The Adventures Of Stoney Bob (ft. Kajo, Slaydro, Big Lenbo)",Logic,US,1
45uPKvMUFmObuDYka9AnKa,Pardon My Ego,Logic,US,1
4hQ6o8ECY5MyHyodnyOHEw,U Deserve It,Trippie Redd,US,1
7MmBhKBQnaa0I8TaDJs9ia,issues,Baby Keem,US,1
35KmOEIUqAGn02t7n4qaIr,Morado,J Balvin,US,1
5TXQCMKN6TgemTL3c4wRTn,Sorrows,Bryson Tiller,US,1
0hRStjEfDhCLQ1F0gCefOQ,Space Cadet,Lil Uzi Vert,US,1
73pDDTXW6SKqM52N4Rdred,So Alive,Trippie Redd,US,1
2Bv0MbaqYx2IrQa7Z6xBT0,T'd Up,Rae Sremmurd,US,1
7oDTApxHeWzTQOR7GPPxw4,Heat,Eminem,US,1
0bcEHhsuLRDm712CQHomdm,Awful Things,Lil Peep,US,1
0DILU9jjSTnCv1dcbUH3ib,Sick and Tired (ft. Machine Gun Kelly and Travis Barker),iann dior,US,1
1hHbmfNfXIwHyHCYO8ae3I,Hard White,Nicki Minaj,US,1
19hh7DkfRBrpRGYfKlw7jb,Valentine,5 Seconds of Summer,US,1
3XyNi4ARXWBgzeDFKoJPqy,Let The Smokers Shine The Coupes,Pusha T,US,1
3sMC6vfTTSa0mMAPTwzDVD,I Get Lonely,Drake,US,1
0F7FlaQBiyNkV8iakTocsW,Stick to the Models,Future,US,1
3Uvi9diL18dYSUc3vcKk0n,SELF MADE,Lil Yachty,US,1
5JoUwqXt9IPLbiJ6pXwarL,White Label,Nas,US,1
17UUYZ290omPaJY4wKeyHh,Me Dijeron,Ozuna,US,1
3XaNHbNa9Chz9plhRpcaof,everything,Nas,US,1
7alOsNr36sJ8CyOEP4aILq,ODIO,J Balvin,US,1
1GFvYZ72Ca67UG9Kdjjk3C,Thug Life,21 Savage,US,1
5lehoWkVPujeOAwb8BO0uK,Only,NF,US,1
0f6U1lMWlbjnyYBctfjji1,Losses,Polo G,US,1
49K3jbwZmZKaDGTfjpIVg0,My Dawg,Quality Control,US,1
3X7H1FAiWAW937WvsFeMhe,One Too Many,Keith Urban,US,1
6viCrMdt8zgjOygIuJMC5X,Lunchbox Friends,Melanie Martinez,US,1
1BPBcKcunC2olMIDEyQejT,Move On,Lil Tjay,US,1
6uS8KevqrhUjVjFZfWxsTh,Limitless,Logic,US,1
5ycvEFxPeQqqkdOUgWhrJl,New Money,Calvin Harris,US,1
3BoPOp7YNORLqMUjE5XAh9,Big On Big,Migos,US,1
1Hgko2YssPJNjOhfJgJ6uo,Colors and Shapes,Mac Miller,US,1
011ZwIM48eD8ee2UBpG8nK,12.38,Childish Gambino,US,1
0m2orA1i5lLZUOt9XLwSd0,He Like That,Fifth Harmony,US,1
57QievAWQ13DWl20Obiz8E,Father Of 4,Offset,US,1
3iKALqmeWDBWRlQU8z03kA,To My Grave,NAV,US,1
1h9P5WJwyvK8OB7O2YiXgp,Ibiza,Ozuna,US,1
36fmvm49vZC9VM5X2DQJVe,Who Run It (Remix) [Feat. Lil Uzi Vert],G Herbo,US,1
30P6RIDu6Pf48NyqQrlPRC,Be Yourself,Trippie Redd,US,1
3X9OVlc4YaL9nowxAVcJex,Stay Woke,Meek Mill,US,1
2rYyq0b3XWwmWl0k727OVG,Nuh Ready Nuh Ready,Calvin Harris,US,1
3AQrryq4mc956K3RtLZAFo,Tonight (I Wish I Was Your Boy),The 1975,US,1
4O1uCappFiU3bisYUdUBWy,I Am Who They Say I Am,YoungBoy Never Broke Again,US,1
6V74LEfuOKN9iz7YinOWpB,Stone Rolling,Rod Wave,US,1
7jjnn6K7p5MgOFuqLypAcM,PILL BREAKER,Trippie Redd,US,1
0NXeZp31dd0cJ9t8FdKsTg,Rockstar Chainz,Future,US,1
7AMK6RdMOQlpMI3cpjLW1m,Clap For Em,Lil Wayne,US,1
32zhF8yXc1lej5EcudJXp7,Back,Lil Pump,US,1
6ACiYjq5Q7e6BlhZEHz7cd,Garden Shed,"Tyler, The Creator",US,1
6gPPoRYJwCsoB2VVdPJfmo,Miserable Man,David Kushner,US,1
1AVu7Kc2MRrLfOG1RCEf07,Aura,Ozuna,US,1
3IaxObCWKEaGtIT78GsEpP,GIMMICK,Gunna,US,1
6TrdeNEgbKuBqIToRfdWMY,Everybody Business,Kehlani,US,1
2AziR5bWTpniyTm2GQNer7,Comedy,Bo Burnham,US,1
1Jz1yhcPm1Yt6aoed3zact,Go Crazy (Remix),Chris Brown,US,1
7j3aRaky6Xr1fpuqmB3s4w,Dear Today,Luke Combs,US,1
1zmv0tPVWdbCuvBw90MYwO,I'm Ready For You,Bryson Tiller,US,1
5jGUJXnELDaDTgiRjD9lsg,200 Mph,Bad Bunny,US,1
7HLglWbzDheHZ3VZUbxGLC,Seals Pills (Lil Baby & Gunna),Lil Baby,US,1
1huoY7hw3hGVGfuPPe9y8P,Still Hood,Lil Baby,US,1
6xRnDd8w5GkPTOiHC7zxsb,Closure,Summer Walker,US,1
3wGT3OycqbsHFjIKMZ8EEq,"No Matter Which Direction I'm Going In, I Never Chase These Hoes",$uicideboy$,US,1
46Tqp6TCGO2vQZyztZy8Te,Cabo,Koe Wetzel,US,1
0EA2RhRHL4KWeNa7JfD1Yw,So It Goes,Mac Miller,US,1
1zaDh3qaGSeSmulNyWlUxm,SI ELLA SALE,Bad Bunny,US,1
7z3rc7SCgjbAztt1cbXkVj,Today,Cordae,US,1
7fYNunIzTO7yAHBQtvq8Fc,The Principal,Melanie Martinez,US,1
6RIe8KbX9YMO9hFSuowqII,Dark Place,Logic,US,1
5aqu5xhPqoOWqF71PkfgM8,ATTENTION,Joji,US,1
3lG6OtGDsYAOALxEmubQQm,Happiness is a butterfly,Lana Del Rey,US,1
6w4PV16oMh5I6ZOCvig0hK,Stay Down,Lil Durk,US,1
5NwCPmFHJAoKe0PSw2ltJD,New Every Day,Luke Combs,US,1
4hGZxsGcFnuCJXn25EWj5j,Need Me,Eminem,US,1
4gT3mNJA8lnlkYFqGZ8IA2,Small Worlds,Mac Miller,US,1
193Dm5SqYy3hTSbuzxbwKc,Writer In The Dark,Lorde,US,1
3O0XntET8Ee1nFI3rDTwOJ,3G,Yeat,US,1
3QBnJDkME3teXvf52Sfslk,"Ladies, Ladies, Ladies",Dreamville,US,1
6H7fWtwEUHVfTyZD7zeG4w,when the party's over - Recorded at Spotify Studios NYC,Lewis Capaldi,US,1
0mOp9tWdCRHfYwwVaO8ezw,Derek Fisher,Gunna,US,1
2j8MsmmNqmc6UBEA54KOlY,American Dream,Jeezy,US,1
3OM6qQmdFV6uy61GIqpRtf,AMAZING,Rex Orange County,US,1
6kmSmIbfnGTaGCgwFW7umS,Tales,ScHoolboy Q,US,1
3JWh19WsndEFg0UFRFeTiU,Minute,NAV,US,1
0jNFDcGAXPs5ahngmD5R6n,XSCAPE,Don Toliver,US,1
6mM8gri8d2abYYomjOV4ut,Stop Breathing,Roddy Ricch,US,1
2LNMhZ3YijTO7USmqjgJfG,CLOUT COBAIN | CLOUT CO13A1N,Denzel Curry,US,1
4ot7u8Ij91aHKohSV2QYZi,Water,Kehlani,US,1
0wE6AaKnovGUAnwmSxHFrr,Water,ScHoolboy Q,US,1
5UmCoA8uugbNcVAfKMW3P2,Need A Boat,Morgan Wallen,US,1
0gGfmw4csswZmFPj9YK8GW,7empest,TOOL,US,1
1KAhsLqLYiqCZ1G8ljKDtB,Midnight Summer Jam,Justin Timberlake,US,1
369g3Kv6MXsl0wn7PNtWvO,Boy Back,Young Thug,US,1
2P0NiuAfypaw5UZJoo0n0o,It Might Be Time,Tame Impala,US,1
2m9axSosHP92250FvnnobM,Slime Mentality,YoungBoy Never Broke Again,US,1
3NEjuId3qYDT482ykUBbeI,Get A Bag,Chance the Rapper,US,1
0BSPhsCKfwENstErymcD80,Adam and Eve,Nas,US,1
4CzLJ2wsrk1QdhXXuT16gx,Buttons,Steve Lacy,US,1
1s3etXt5RKVEuC14ugwmHy,Push It,NLE Choppa,US,1
7knLcYCOSaURD0d7HUULFM,COMO UN BEBÉ,J Balvin,US,1
5bWYPkdp7tPbp1dhE9AX43,Yao Ming,Gunna,US,1
6GCIYIWUBSLontW6divqsw,Stay Flo,Solange,US,1
6HM2tjTLqJi0poAkCdnNTB,One Shot,YoungBoy Never Broke Again,US,1
4uNV7GyGEBZzPDdetEEvhS,Heartless,Diplo,US,1
2jfjyl9KksCBvkZFN2qd8e,"I Love Life, Thank You",Mac Miller,US,1
2xUHiyGeGrWmmfv7NbDTWC,Jodeci Freestyle,Drake,US,1
2otTuKRISADOYA47CmIT4W,Stop Playin With Me,Lil Wayne,US,1
1yHdfeCpeKPmSzQdfqHtq8,SHINE,Quavo,US,1
2FSVMyqLldC36p0deIYvI9,TRUST,NF,US,1
6qBFSepqLCuh5tehehc1bd,LIKE I WANT YOU,GIVĒON,US,1
3O7lxdQoe1aNWs93VSHsJg,On GOD,Mustard,US,1
47Ad1NzqPuUFbCIURd94Oj,North Star,Offset,US,1
71hBQ9qHsZU2M3vDF8MtaN,By Yourself,Ty Dolla $ign,US,1
67LB1vZuG114LqRN8h8bQ2,Recap,NAV,US,1
2Jv5zlZ7iCZP7K1j26izha,5 Year Plan,Chance the Rapper,US,1
116HT0QgVhzSxydCwRgpTY,Fish Scale,YoungBoy Never Broke Again,US,1
1KXFoiT2n4QXRsFvhWNI4I,Why,Shawn Mendes,US,1
2iicKPnvOKfbJZJZtuQnjy,Neighbor,Juicy J,US,1
1mmAqhLcvPrknbslMiDlyU,Particular Taste,Shawn Mendes,US,1
3Be7CLdHZpyzsVijme39cW,What's Love Got to Do with It,Kygo,US,1
2093eVNfimjmNjU1gk1ES7,Unsainted,Slipknot,US,1
2eYsZ2JEq63Q0S8LQVscBm,Day Before,Young Thug,US,1
7yOoJXW6wkpzlJpfjDKhIV,She Never Been To Pluto,Future,US,1
3mLx5JNbIi12thSZ4ExWHg,Wockesha,Moneybagg Yo,US,1
0IhTEIjFaRt3B2NQYf9azQ,Thing For You (With Martin Solveig),David Guetta,US,1
2aSM4sbNN7cSmpYOG0sf46,My Affection,Summer Walker,US,1
0ioTTk5l0Zz7Oh48qEocgj,KEEP IT UP,Rex Orange County,US,1
7vxLj7MREliG5i5vSnqSVr,Body,Summer Walker,US,1
6KCt9V6Lev0M04rFUj8ANC,ICE,Gucci Mane,US,1
0k7Qyc2J6cUryNNhf0pPEL,Ok 4 Now,Lil Skies,US,1
29eSqQBrdva2tPLYMneFzP,No Debate,NAV,US,1
0hxRyDVC61KlZGS6m2Min4,3 O'Clock Things,AJR,US,1
1SDtZ69uALD5zW8k9S8hTf,Nate,NF,US,1
1D07CwYBPqu8NbQTdu9C1g,Good as You,Kane Brown,US,1
3APKvzQ6xiu7Fcu9Y1EKni,Every Little Bit Helps,Luke Combs,US,1
3KnLHwhRhJGuQM822JVSoI,Morning Light,Justin Timberlake,US,1
7sTtHHrD0zDpmzQzH3zegz,Consequences,Camila Cabello,US,1
2JmFRXaJrkAUD2cs6U20KG,Jet Fuel,Mac Miller,US,1
7EUfNvyCVxQV3oN5ScA2Lb,Next To Me,Imagine Dragons,US,1
3CiF9D8iuVhZWDvvjf8HpG,Country Again,Thomas Rhett,US,1
4F8V44j8cbjHnXjfW2HruU,BOSS,The Carters,US,1
3OB5BAGCGtnEYHRh7B6UH9,Year 3000,Jonas Brothers,US,1
3OXhib7pxAWnmwwoUI6HqY,Off Deez,JID,US,1
71qB68guEJjbvtjlkZ8DF5,Undeniable,Kygo,"KR,US",1
4uu7gKd1PffC7QEMcMk0Ro,One Take,Lil Tjay,US,1
61KoN6PlBhQD7sivCcf0hA,Compensating,Aminé,US,1
6R59nB9CEaOqrRVxu7JAoR,Cocaine,Logic,US,1
2hIFuoXhzcZGvmdtSE35lc,Best Man,Huncho Jack,US,1
07VJGBnywGutMZ72kRyEop,Hurt To Look,Swae Lee,US,1
10xuH52YSXHWFwCaF1fsDd,Hard To Forget,Sam Hunt,US,1
11QvWp3CsEPd0YLE6xKGyx,My Boy,Wale,US,1
07NxDD1iKCHbAldceD7QLP,This Is Why We Can’t Have Nice Things,Taylor Swift,US,1
3zesxb7sOGbeSwUrzLUP0f,Palace,Sam Smith,US,1
300RfAPZ57B0y6YYj9n6DN,Superstition - Single Version,Stevie Wonder,US,1
7xgTVcQqY25wPns8HYxPXc,Secrets from a Girl (Who's Seen it All),Lorde,US,1
4EWBhKf1fOFnyMtUzACXEc,Pluto Projector,Rex Orange County,US,1
3s9f1LQ6607eDj9UYCzmgk,Running the Streets,Rick Ross,US,1
6wVnQMRXd1z2iPEo24f9db,Lucky Me,Big Sean,US,1
54ucfuN596MU25jQD3KjCL,Sober II (Melodrama),Lorde,US,1
4vfsh1GHqHZtTlkusq9j5E,Wiggle It,French Montana,US,1
133V82vMO7TB1WYehNUMwW,Outta Time,Future,US,1
4wRJHXHDJnKSPr9IVn0BFR,To The Bone,Quavo,US,1
5D0YYVfsYxLmcrVAfoBPxR,Chanel,Rae Sremmurd,US,1
6eGMMPRVYzpssGgednRvzU,Cherry,Lana Del Rey,US,1
37pf8jSeCGlzgQPIfVHO6X,Class Fight,Melanie Martinez,US,1
2uEuo87JC9tc1dzmPUtOxj,Returns,NF,US,1
01kOu8BA8yzAHx9LUidTi9,All For Me,Trippie Redd,US,1
4Xbotg4PCLJw9cDx2dtZLK,Some Things Never Change,Kristen Bell,US,1
2wOnrN7fkzV4NsLqym2C6O,Already Won,Rod Wave,US,1
465eCPwUAz2qz7IdQaxUui,Rare,Nas,US,1
3e2bWR3uFw1utzl37g4z3S,The Tradition,Halsey,US,1
7hlhojpax9zg2FNdBLY5ox,Because I Had You,Shawn Mendes,US,1
192RjH0gN6en7nE6ElN96T,Wishing For A Hero,Polo G,US,1
5Ryu0SlsYjKh78RkJUONFr,Flex Up,Lil Yachty,US,1
4v8jmsVox8VwU5js3JHOJZ,Gimme What I Want,Miley Cyrus,US,1
56IGGA6VwAbIni6KoN7VC5,IF YOU PRAY RIGHT,BROCKHAMPTON,US,1
0qkA0NU7cDKWkFXNGRcNaB,Sandman,A$AP Rocky,US,1
39u2PsqrAZpZ0KPx6CjasV,Droppin' Seeds,"Tyler, The Creator",US,1
5DxA8tzKieKkOrvKnCrADi,Roadrunner,Migos,US,1
1kba7DS6vtzVlbEcPA9cqO,Diamond Teeth Samurai,YoungBoy Never Broke Again,US,1
3Kwdm0iLyEiRB8InsZoo6n,Talk To Me,Drakeo the Ruler,US,1
1fff5nZGyRJtFLkOrSSwOU,Slow Down Summer,Thomas Rhett,US,1
4EsYkJjHKMejYLp54woB9c,Letterman,Wiz Khalifa,US,1
03hqMhmCZiNKMSPmVabPLP,Groupie Love,Lana Del Rey,US,1
7tbyiwnLhtKYXNMjCZ60BT,Intro,Quality Control,US,1
4nNw167LUp6j2VvuJdbtv8,Man of my Word,Lil Baby,US,1
56S5YTNqlsXSnR5T1S2oyJ,Sickening,Trippie Redd,US,1
3wE9jU1zReHLMHLgAsWIYX,ST. PERCY,BROCKHAMPTON,US,1
4ehkZtzPTbjsRULRfQSWYu,Inside Friend,Leon Bridges,US,1
0DNv3QYWibdoxgyLykB2l8,Star Shopping,Rap Nation,US,1
42vD3VJBNhxLQ1SWmryw8C,Cash War,Gunna,US,1
4U34WsyOvppOMnRfq7DuOy,Night Crawling,Miley Cyrus,US,1
15dnkAHcHC0vrIUlbiPiqU,I Don’t Know Why,Imagine Dragons,US,1
2gbRKKSyW7e7vAkyvrJkte,Pray,Jessie Murph,US,1
2CoMYp2uIKsT09nreEZnZn,BENDICIONES,Bad Bunny,US,1
1iV2uSjP8BfHTXVLblBOxI,Grrrls,Lizzo,US,1
4CxFN5zON70B3VOPBYbd6P,you were good to me,Jeremy Zucker,US,1
3Jo2cNQKU6Je7LVClYyJH9,Top Down On Da NAWF,Migos,US,1
1rICTKr67UUnoDVvOj4A8c,Thugged Out,YNW Melly,US,1
3xWwPvpAv1HbKFmTwf6uKR,Breakfast,Jaden,US,1
2Qt8qG9SWPdtRiaWcPNJRm,Maybach,42 Dugg,US,1
2JiHR4gCDjXwYVRDmwdk95,Tides,Ed Sheeran,"KR,US",1
0pxNyJJiL2zZZ5GgJ4JhsQ,6 Inch,Beyoncé,US,1
4c7LkE1lSNj3RR4cZo0jEi,Switches & Dracs,Moneybagg Yo,US,1
2i4WKnGYntsN4jEvDjkKBE,CHAMPAGNE ROSÉ,Quavo,US,1
1jbXYNuBFgN0BiNRO2cGov,What’s Crackin,Pop Smoke,US,1
0WWnuzqf8eUwNMpLIIOBuC,Vibes,Trippie Redd,US,1
6oEVnWKgPqIEPc53OYDNqG,Could've Been,H.E.R.,US,1
0EzRnjtN5ER0wu1IudNom8,Bop,Tyga,US,1
681ZlxQVB8XBPRZD1Wk4oi,MONEY ON ME,Lil Tecca,US,1
1YaLBadQjS701ZLZRGjPMX,queen of broken hearts,blackbear,US,1
1jOBlsvKhdqjZAlUAia4Qz,Lie Lie Lie,Joshua Bassett,US,1
3BMG9dnjNymT1OGUXQTAXl,Diet Coke,Pusha T,US,1
740gNyGWKk98gy8nJLhHrv,Slippin',DMX,US,1
3gdewACMIVMEWVbyb8O9sY,"Rocket Man (I Think It's Going To Be A Long, Long Time)",Elton John,US,1
27a0ydWvFCt4jgl9m61lS1,THAT'S A JOKE,NF,US,1
2aQkTUbJUHk3F6nMipZLbz,O Holy Night,Etta James,US,1
0KfNomDfIkM7suIHb105Oi,Wave of You,Surfaces,"KR,US",1
6LmNmPxViPRou1YAvyg1OS,Stay High - Childish Gambino Version,Brittany Howard,US,1
4Y0TtDriFlN3XZoQx6PYsu,"Don't Give Up On Me - (From ""Five Feet Apart"")",Andy Grammer,US,1
74wpYGsVh2J13iAmmg1Uln,The Mantra,Mike WiLL Made-It,US,1
2xRyZfWe9bnRfH1ZfhYO98,Sorry,6LACK,US,1
4mq14Qa6OehdiyZFtHcdCH,13 Beaches,Lana Del Rey,US,1
2HsSzwrvvgiYSCdsYLiJWB,Young Grizzley World,Tee Grizzley,US,1
0PwFN7vRvY80Hnkoew2x3f,2/Catorce,Rauw Alejandro,US,1
7iqOIHHEmu6Vhw25GgQ2eA,Una Nota,J Balvin,US,1
7dnSXaCjLdFiWZa8s5wP1n,Self Love,Dreamville,US,1
0GX0o6zfRAE50vvFoQQIph,Ashes of Luxury,$uicideboy$,US,1
3s2rQnjOKEENte75MloNMq,Scrape,Future,US,1
7A3ETuOrieyx9KSF0sn0Zf,You Ain't Gotta Lie (Momma Said),Kendrick Lamar,US,1
2xEvCnhZMxvvRwaF4le8UV,COUNT ME IN,Lil Yachty,US,1
3GxGAhRowXixzk521JQpZu,MICKEY,Lil Yachty,US,1
4a3ll3Qqy2bl1YhXsZiVQy,Throw It Away,Trippie Redd,US,1
7qaoXmlsSrndaQeDRPpOeW,FEIGNING,Gunna,US,1
32FhTAAjKZaBein150o3Px,because i liked a boy,Sabrina Carpenter,US,1
6TwcRSQgztJFw8tQDrs35D,The Thrill Of It All,Sam Smith,US,1
6MHwMfBCNVCE49tBAVWNJK,Sun Come Down,Chance the Rapper,US,1
3HP3VodiF28Bcr3dlProO4,Taking Chances,NAV,US,1
0pzWCDSuVRX7m95EFOxVa0,Drunk Dialing...LODT,Summer Walker,US,1
7oFnyYm3SIqDJCAYAA1oZI,A2Z,Logic,US,1
58H8cWvvaFLFg2g7SdOO44,What You See,Migos,US,1
63q3GlHZstxXzfb0zt7ZYY,BRIGHTSIDE,The Lumineers,US,1
2nx0EIlIKMnMgWnj40O0HQ,Freedom,Kygo,US,1
6FXsrAH7Zol1jusSeJIoYA,Body Language,Big Sean,US,1
6SKYMNROdeh9V601G6pPn5,Blue Pill,Metro Boomin,US,1
6t4rYZeShwJai1YSs0tWOQ,Scars,Sam Smith,US,1
3jweuceENR5zzn10LhcjPH,Okay,Lil Baby,US,1
2aR4gdgyCgacqHGqUZ91YS,Talk Shit Like a Preacher,Future,US,1
67lKDoCZbRCJDa4RT68eme,Secret,21 Savage,US,1
4B2OmQGLBVB51aYNgUvXeM,Blowing Smoke,Bryson Tiller,US,1
09b7tlISM5nQic0l2Qv9lP,For the Love of New York,Polo G,US,1
2hRlHXzOf14ArYmOPeAXsa,DRIFTING,NF,US,1
1GAIibUEoZjvG4QsrabVWc,Loser,Sueco,US,1
5ikjIVLHoBrgaZ0zNrn6Ty,"If Self-Destruction Was an Olympic Event, I’d Be Tonya Harding",$uicideboy$,US,1
7F5oktn5YOsR9eR5YsFtqb,New Year’s Day,Taylor Swift,US,1
4sxLB4ibrNZko2Y9wHfwZ3,Get Mine,Bryson Tiller,US,1
3zM2prB16NRn1zggh1KCY0,She’s The One,Juice WRLD,US,1
7wR5r0KYGXBpyWXCdyYs3F,Nina Cried Power,Hozier,US,1
3iEqGBZ2wcpVzhiAcwXVC6,If You’re Too Shy (Let Me Know) - Edit,The 1975,US,1
07FOCFJhMmCVQDyWX1d3gR,Algorhythm,Childish Gambino,US,1
3jRHehB5ulTMKfK5WaqDqc,What’s New,Megan Thee Stallion,US,1
7jI9cnrZof9mRNpIsA7QQN,Out Tha Mud,Roddy Ricch,US,1
1m8WpLYXEiNVZchsWEcCSy,Come Through and Chill,Miguel,US,1
5IdAcHb4cwtexqMlOojWhR,In Control,YoungBoy Never Broke Again,US,1
5P3oaNpPDVLRJsL3152SEs,Cool Again,Kane Brown,US,1
32ypPhtgTaETvFn3ZIHXTW,Fade Away,The Kid LAROI,US,1
3cqWSJzuxZCsglpaxWtosT,Before I Knew It,Mason Ramsey,US,1
6qLkTJidtiVuNmW7ETJlic,How You Feel,Trippie Redd,US,1
2aOPvzjpMwikBgngKcxsA9,Introduction (instructions),XXXTENTACION,US,1
4KgTrzmfiWNcVneh2Dd1Ou,Sometimes...,"Tyler, The Creator",US,1
40shLUuowIKHOAc7pPFpky,Lil Wayne,Trippie Redd,US,1
7GfhZZq8plOVTeqsDMbftc,Higher Higher,Justin Timberlake,US,1
7y06b4wdIvUa5mEiEClTA3,Damage,Future,US,1
6Vur2D5ks3pdAZqqmLIeab,Savage Time (& Metro Boomin),Big Sean,US,1
1ITsmuChPVC05ogvorAyVu,Boys,Lizzo,US,1
2HrMDMckfCyM4OcZxXuiRn,NOT FAIR,The Kid LAROI,US,1
2QbGvQssb0VLLS4x5NOmyJ,RICKY,Denzel Curry,US,1
4LM5AgiA94oHVtalcwaTRm,I Try,Trippie Redd,US,1
17HlhTU351nr8MncIGppDk,Enormous,Gucci Mane,US,1
1Knd3MtE5sEQMh6txcg0k0,Bells in Santa Fe,Halsey,US,1
7kTlHVCARylJAqm40yVoWE,Stay Next To Me,Quinn XCII,US,1
18CK4TdFJhPYQtUX2fq8D8,Reanimator,Joji,US,1
0kYMwaQWABTkFff8AZjmYI,Hayloft II,Mother Mother,US,1
4SBVWkRIMJ6WBCYPvr5Bwr,Make It Better,Anderson .Paak,US,1
2gzOFnP4J0AytvaPd86Rhm,Te Acuerdas,Sech,US,1
1U4W2b7SdGXjNuJ7K591Re,The Most,Miley Cyrus,US,1
5UmRDaMPkV6g2HVMWoKx8u,Circle of Bosses,Young Thug,US,1
1RvoRAL612adAVrPUoAMHR,Bandaid On A Bullet Hole - Bonus,Morgan Wallen,US,1
5wRSnumY0x8O47QuxgqwhR,Life Is but a Stream~,$uicideboy$,US,1
5075foWfaIxJZr3hGMopXO,Deserve,Kris Wu,US,1
3DB14jHq2qNoByUN5W2gz1,Party Up The Street,Miley Cyrus,US,1
08hYZJIjLZwUVDiMzzeu0q,HOME,Mike Dimes,US,1
5irzewJoHob42Nq3P9kOYh,Seduce,Russ,US,1
6o6XM9jgPHopOG6SMTyHoE,WIN,Jay Rock,US,1
5i8AHhRU9tfp8c3drQetaa,Up the River,Future,US,1
2oPCR02nduYVpj7CTfsA0d,Blue Tacoma,Russell Dickerson,US,1
13H2hdEQe1gZZZhtBK9xcq,Mo Paper,Rich The Kid,US,1
3uouaAVXpQR3X8RYkJyitQ,CYANIDE,Daniel Caesar,US,1
5TI10v8sy9VPp5YhVRVK1f,Lonely If You Are,Chase Rice,US,1
0Zl4G9qcdXV5hVhdOirNHG,Goddamn,Tyga,US,1
6eL1ncVDtQHgSm3E288TS7,Big Fish,Vince Staples,US,1
1c1sdxrYLIiuJOlE7PPttb,Love Me Now,Kygo,"KR,US",1
31IfCad1R5g6xqsfdrKwnE,SoulFly,Rod Wave,US,1
3GOZyiebYv432EnVy9XwzE,Oomps Revenge,Trippie Redd,US,1
2ya9d4B06EQ8Fpj5SSqiTH,Drip on Me,Future,US,1
0VYchQkqpeEyh95D1pWqy2,Wat U Sed,Isaiah Rashad,US,1
0o7Zga5TFy35CcivyPDO5m,Jumped Out the Window,Young Thug,US,1
1VbClJ27jcsMNmOxHnXlKV,Coffee,Quinn XCII,US,1
3SDCwIs4eizbx4rDIgB9Lf,Vaccine,Logic,US,1
6CN7FuZ7o1xle9TNxApGeQ,Holding On,iann dior,US,1
1Fraz3CzCuOULnToogIwWW,Bad News,Kehlani,US,1
6cX1iTffMIAU8lEWSOYIIO,Leanin',Lil Peep,US,1
0HC6S4VpCGAZvyxTdrMRIQ,De Una Vez,Selena Gomez,US,1
0p3tGNjc5enjSCnH1GljiH,Me Likey,Trippie Redd,US,1
1s71G3V7XQaVo5IOR6gLbp,homecoming queen?,Kelsea Ballerini,US,1
3SGgeDQ3cAuNSFb03PjXtv,ADDYS,Gunna,US,1
13TMuxC8tdSfthXpHG9D26,1 SIDED LOVE,blackbear,US,1
7nD5MiXspW533xaREDma2N,Buck 50,DJ Scheme,US,1
4eZKAB9uNMIG0yNri34PBp,Bussin,Blueface,US,1
7uWdDOhI3wydISWM1AXN0M,My Potna Dem,$ilkMoney,US,1
33NEAJosK5zyLY2D4OG7AE,SLAY,YG,US,1
1F4QwL9Rj3retjba8AmkfA,Fallen Fruit,Lorde,US,1
7lxZbmtC6SkUc2yXBgDOdO,On Everything,DJ Khaled,US,1
5blHL2xSCGv00fr1DGuvEf,I Love My Country,Florida Georgia Line,US,1
5avVDmK9FVJpd3MDO8I3Zl,"Wine, Beer, Whiskey",Little Big Town,US,1
0rrfXLr1p1yxsUy7LrKoYT,Mutual,Shawn Mendes,US,1
6XH0KeCZ0nRysAeSJYRFFg,Devil's Work,Joyner Lucas,US,1
2VIPU72L6tIR4w8J8ap6Kp,Mercy,Brett Young,US,1
0lG7iyNSstVOLV6faMIHdD,6 Summers,Anderson .Paak,US,1
18O00Y7yrkJ0pRXm1n21Og,Eleven,Khalid,US,1
6wXgnhpmOPEJ7cUweSyy2B,Dance with Me,Diplo,US,1
3OEjvmEBRrdTYbbrkiXG8a,cocoa,Baby Keem,US,1
1edgaGx2x2AQeWtL2OPEMW,Never Take It,Twenty One Pilots,US,1
0S56ARhyAIZ5OzFX54H2pH,Rules,Doja Cat,US,1
2swZ0X1njeU32SNJeBKIfW,Inmortal,Aventura,US,1
3Zg68ElzsOAHABZsfXlljo,Mr. Jones,Pop Smoke,US,1
58ITRjekhkYqHvuE71NUc0,camera roll,Kacey Musgraves,US,1
2b1yiFEFZYuvlBnClvNJHP,Taco Tuesday,Migos,US,1
5mJAediEZEv8KKpWxrNIqf,Legacy,Logic,US,1
4adrh1YMaPAhtqalhG8hIH,Vroom Vroom,A Boogie Wit da Hoodie,US,1
4hxAZVGVvBibnz36zIF6QN,Nobody Special,Hotboii,US,1
5b06JZjts6dgyyuY1m7roq,200,Future,US,1
1CdEcheLJU6SgxnbFEj2WX,Moving On and Getting Over,John Mayer,US,1
7cyeGclH71MayOuQ7qtLFl,BIG,Young M.A,US,1
7Cw3yXDA8Uui37SI5FFaA7,What’s Your Country Song,Thomas Rhett,US,1
2j9YmQRxtjuVwb4XN95oT8,OMG,Gryffin,US,1
7HuBDWi18s4aJM8UFnNheH,King Of My Heart,Taylor Swift,US,1
72OGJT4cL9BQjHTa8h28tz,Young And Menace,Fall Out Boy,US,1
5A6tFAdihqILHJrWuR6wD4,Rich As Hell,YoungBoy Never Broke Again,US,1
4HWQFfYzolhGISAqveJYo9,Die Wit Em,ScHoolboy Q,US,1
7ipUYshiPzzUs9EdeOsBFO,LAYERS,NF,US,1
3hwjxbqGvTRUPi38fLgeM7,Why You No Love Me,John Mayer,US,1
3xXBsjrbG1xQIm1xv1cKOt,One More Light,Linkin Park,US,1
2N7KguJOBZtV2Px3T1z5sB,Lullaby,Lil Uzi Vert,US,1
19EnyPZhNPbRoCxAuv5pKD,Pineapple Skies,Miguel,US,1
0kCygKyDa4KT1Whx3wHIhh,Tap Out,Jay Rock,US,1
3fKdTr6Uv8HTb92Ih3QWxa,Pretty Girls,iann dior,US,1
6g478D6h32WUmvtlhcpbNE,Breakdown,G-Eazy,US,1
4T2dHb8XBYHlVj7Dyo1cW9,100 Racks (Offset feat. Playboi Carti),Quality Control,US,1
73IE87H0g2MBmdn41lkVto,Paris Morton Music,Drake,US,1
2ImaJZH7XqxrzbQZpYDmol,Addison Rae,The Kid LAROI,US,1
3hR48Bj9Wgl6xunDG4nsRZ,Leader Of The Delinquents,Kid Cudi,US,1
4yn0ftNHQSwsWE81h33y4K,Legendary,Tyga,US,1
1PZDyestTVydtHpaIcfUJg,Chemtrails Over The Country Club,Lana Del Rey,US,1
73O30uMI7n6DuzBmbtO7kC,Antes,Anuel AA,US,1
5MqPHMhLXyZDDPHMGEF6MQ,Routine,Wale,US,1
1dzwFgBlZNxt28aQOinNGn,Changes,A$AP Rocky,US,1
5sNESr6pQfIhL3krM8CtZn,Numb / Encore,JAŸ-Z,US,1
0NZUqq4iLQddokgtiC44Kb,PIE,Future,US,1
5p3JJehpKHjr9pJT5eD2Lz,Que Se Joda,Anuel AA,US,1
1mohfLaTJtB2RplHLQVM70,La Jeepeta - Remix,Nio Garcia,US,1
7vejWqYK7NFsxbxQsAjTrC,Better Luck Next Time,Kelsea Ballerini,US,1
55PZSFcKQxXH5BOOcDA6yI,The Greatest Show,Panic! At The Disco,US,1
1RSjxBz03F6vEqoHT9jWBa,5 Grand at 8 to 1,$uicideboy$,US,1
45pufTUf5x1CWEyXJxGdA6,Freshman List,NAV,US,1
2EPbvVyo2qrrmeiEm57Cfl,Don't Judge Me,Ty Dolla $ign,US,1
3EludUFeAoJAwSixWGG5Wg,Wrong,Luh Kel,US,1
249c7UYQRwLb8tUykq8IwX,Sauce,Justin Timberlake,US,1
1giI9yVIG71xY8lPwSDzWY,Bring The Hook,YoungBoy Never Broke Again,US,1
7GG1QIQ547taCwl1uLaTf5,TOO COCKY,YG,US,1
4nTIY6vSiw19IzzPKKqCU9,Lost Me,Internet Money,US,1
4f0xBbWvKWmuB17yebh24a,Til the Right One Comes,John Mayer,US,1
3V6c2SccJOuAez9YbpALf8,Ill Nana,DRAM,US,1
4IO2X2YoXoUMv0M2rwomLC,Long Time - Intro,Playboi Carti,US,1
1883mCuSqnfnrWoq8i3myH,Programs,Mac Miller,US,1
3X7xCWOmb7UdYJDGP4oNIx,Baby Boy,Childish Gambino,US,1
0tQmgwFKw9069z1BXniOiA,Provide,G-Eazy,US,1
0vzSAyinyA619ZbrOaAi04,Steal My Love,Dan + Shay,US,1
1k7Sn04nBNcLKbSwORsFgJ,Session 33,Summer Walker,US,1
3i01Zk9c0FQ5HA1WJjflXI,Kung Fu,Cordae,US,1
6bCWyr3C3ngZdwizTYWQTG,Onna Come Up,Lil Eazzyy,US,1
7JwmlNz8ic9ATnLn7DyAKx,I Don’t Wanna Break Up,Future,US,1
09L4qpS3qvz725z6K8yW0M,Glow Up,NAV,US,1
0mBKv9DkYfQHjdMcw2jdyI,Chunky,Bruno Mars,US,1
6ABrDJwa6iVFuT1O1F9ZUm,Love Songs,Kaash Paige,US,1
1Yu378yDTmy6EIDYNIEALh,Richer Than Errybody,Gucci Mane,US,1
6hDgNvgXstF65ymjGlxpky,Dat Right There,Summer Walker,US,1
500l6Cwe40hkPqS7Sf7ufY,Foreign,Playboi Carti,US,1
0kPeZAyIhIfeZNrtfjJGDB,Bluebird,Miranda Lambert,US,1
3PwtBxiuJGVGHFfHjOjTpY,My Kinda Folk,Luke Combs,US,1
7HiIy4QaA5ud7ZuuyBysKk,STORY,NF,US,1
0JoauGkPBGhYEHixggeYO4,If It Wasn’t For Trucks,Riley Green,US,1
2dNhNlpZAtV4lwAFW45LIv,AM,Nio Garcia,US,1
2Kr11rtij0QQAaX6T5e4WB,Shit Crazy,Gucci Mane,US,1
6KIKaWKE9wV6mLjho3w61y,worst behavior,Ariana Grande,US,1
0nA2zH7QBV92QkSuwdCZbi,Hold Your Breath,NAV,US,1
1IZGMPe57hATuLJgmMR4eP,BODY IN MOTION,DJ Khaled,US,1
2EFqMCOdTTkcFYHoJH21Jr,Inside Outside,Mac Miller,US,1
65wnZsZLKJimfK1cTFOfa1,Seeing Blind,Niall Horan,US,1
48t1aADyfDbDA3TzxqQHrN,Say Na,Moneybagg Yo,US,1
5LtzwqIWPXKEYfVcaY3bjc,Lying,Lil Baby,US,1
2QApWGconWQE8BjaNfh7ik,KEEP THAT SHIT,Quavo,US,1
02opp1cycqiFNDpLd2o1J3,Big Lie,Post Malone,US,1
2bwN9oZIn9XXSd8RlJ4FDM,Lovin',PnB Rock,US,1
7N1TIml2jRQRgXUrpXgXrk,Easier than Lying,Halsey,US,1
73SBAGI4fPFm4VkB3NjXq8,I Want You To Love Me,Fiona Apple,US,1
0YP8kt3sAYTj6eEyesreQH,Glass House,mgk,US,1
0p0ljM6RxgpGt7wthGqBZa,Finest Hour,Cash Cash,US,1
0Y9D1Bc4fAkeZnVsGKdij6,WANTED U,Joji,US,1
5oZps6mYqU5s7A4WjUZggJ,Lockdown,Anderson .Paak,US,1
5qk0TivMEVkujTu7xJLKu7,Off Dat,Future,US,1
6wOCaV1MY8CN2ujNJSfr5z,Pray For Me,G-Eazy,US,1
5PxFv9yJEg9dxvbZggykro,So It Goes...,Taylor Swift,US,1
4FUDWkguOUVpLRAVn5C20z,Blu,Jon Bellion,US,1
3h1LpNOGh1NgKVQPetS2Ed,Bankroll,Future,US,1
77zIq99gy96DGkMak3a2wF,Poppin' Tags,Future,US,1
35k5ePiDMMdacA7jIF9RFY,Intro,Big Sean,US,1
6asKJPlXOTx6BLyGnEAagB,GET MONEY BROS.,Lil Yachty,US,1
5pteD2j5hzE9qeP8BrVT1o,Lilith,Halsey,US,1
6EudabsFkMkxL9ZDVDqn0W,Kid That Kidd,Trippie Redd,US,1
2Y0iGXY6m6immVb2ktbseM,Little Dark Age,MGMT,US,1
3AALcuKu2uN5VChEChnD7v,RED LIGHT,Future,US,1
1iWAx1WGCY6j2zAMdACQ6E,Black Folk,ScHoolboy Q,US,1
7I7JbDv63ZJJsSi24DyJrz,Dancing With Our Hands Tied,Taylor Swift,US,1
3tdjTdCCgKtwacsICCtPZZ,Costa Rica,Bankrol Hayden,US,1
5o4yGlG0PfeVUa6ClIyOxq,Boys,Charli xcx,US,1
203xmWRHAyqwW6AkGkhhVM,The Space Program,A Tribe Called Quest,US,1
051zam2WDIKOLdu4XYpCaA,Claymore,Isaiah Rashad,US,1
4EnEGf9JzAJhF1XNY9DJcD,West Coast,G-Eazy,US,1
779UN3kabApm2zfqX549vf,when was it over?,Sasha Alex Sloan,US,1
53tv6ZbyeAwfAUwFaxYbfO,Hellcats & Trackhawks,Only The Family,US,1
4XDpeWqPADoWRKcUY3dC84,November,"Tyler, The Creator",US,1
0fAVi8b6VX6NgT4j1aRLdT,Drunk Me,Mitchell Tenpenny,US,1
73gEzDLKZNPJms5HkSwBmd,Beat The Speaker,Pop Smoke,US,1
195gauSXE6Q2IKmCrarHut,The Voice,Lil Durk,US,1
1tyjWMMINb9S0YBynTvJ7s,No Flag,London On Da Track,US,1
0jPLBur1qXRfj3pbuJSX03,Killed Before,Young Thug,US,1
21PYvZScoUng2OZNj21VTh,Trap Check,2 Chainz,US,1
0U06Yqe0nkkJlptlr7O4uO,DOH DOH,Future,US,1
4Vxu50qVrQcycjRyJQaZLC,Life Changes,Thomas Rhett,US,1
3tuyK9qfen7lPMji9Saw3d,We Both Know,Bryson Tiller,US,1
34I0nBvoE0ZXmqbKiJ5BWS,Stranger Things,Joyner Lucas,US,1
23TwR29GSeJBfXnXhmDlwR,"Crazy Story, Pt. 3",King Von,US,1
07QfuFPazJYuzRtcWW0U2y,Silent Night,Carpenters,US,1
5xGH4fqJwvMynXn3dcmbpr,You Got It,Bryson Tiller,US,1
7ClZUuzhHULLKjjrHEz6HF,Top Shotta,Pop Smoke,US,1
19n8izXThARSuQAXrOKNbO,Avalon,$uicideboy$,US,1
1DFD5Fotzgn6yYXkYsKiGs,Piece Of Your Heart,MEDUZA,US,1
425n8Gs1ySmwawv03ZwQ97,Mortal Man,Kendrick Lamar,US,1
6sDCgB1Ulh7aw92mk0opyd,But A Dream,G-Eazy,US,1
12hVQgYR254ZziANtiKVWQ,Hatchback,Cochise,US,1
1LfWibYjk0TD8YNPtzym9A,33 “GOD”,Bon Iver,US,1
2u9kn2AZkrMCb11SuaGGGi,Riot,Childish Gambino,US,1
6SN1H9p6A0UbsNpfkxEEX6,Hit Bout It,Lil Yachty,US,1
0IGQvkMGwRuL0wWzVQw1Bc,Illuminati,Lil Pump,US,1
4FQJyi8gnbhKy623wNx6Ps,All I Want For Christmas (Is My Two Front Teeth) - Remastered,Nat King Cole Trio,US,1
2W4yTO3qHdqyvbz2UxfIPh,Submission,Gorillaz,US,1
4qS2KPWvsQzLvRa9oCHw41,You,Don Toliver,US,1
5M8goiFYynmNxhueYW6grR,Nobody But You (Duet with Gwen Stefani),Blake Shelton,US,1
14mgSrrQRN8K9HaVHhKjze,Nothing Compares - Bonus Track,The Weeknd,US,1
7IL3UOlcJ6nmcCMwpnlfcA,Something's Gotta Give,Camila Cabello,US,1
0AUyNF6iFxMNQsNx2nhtrw,Blood // Water,grandson,US,1
1iDPB2WNsGEWuKycQyDGn6,Crazy,Lil Pump,US,1
2c09gumRCmu3qmbcqdQbUN,THUG LIFE,BROCKHAMPTON,US,1
43qcs9NpJhDxtG91zxFkj7,Fiel - Remix,Wisin,US,1
5lyikKk6KFWfWCuDDir9Fx,Rockin' Around The Christmas Tree - Recorded at Spotify Studios NYC,Miley Cyrus,US,1
2IjgKCbrk8CtqmsOC5DhVd,Fuck That Check Up,Meek Mill,US,1
7DHNcoR73yUYCSn6PqBgkH,10 F*CKS,Tory Lanez,US,1
4X4cPQicoAfannkUFUXmi9,That Go!,Young Stoner Life,US,1
4J2RaG4UH2HCThcqzDpeAF,Start Over,Imagine Dragons,US,1
6R6ihJhRbgu7JxJKIbW57w,Provider,Frank Ocean,US,1
5ruzrDWcT0vuJIOMW7gMnW,The Adults Are Talking,The Strokes,US,1
6pmZMP2ET1OJi5rKfLO8jD,3:15,Bazzi,US,1
756ZV0boQJ6Kbk3WFBuVjD,Chloraseptic,Eminem,US,1
0bLwBXrMd3z96utPHeuQDK,On the Regular,Meek Mill,US,1
7j8k8M9korrPWTERMyD7mM,Stand Tall,Childish Gambino,US,1
2cX2coZS1PYBfPs8wgbdWE,More Than A Woman,Bee Gees,US,1
4Ixc50wY5pbUvNEogTQ2wL,100 MILLONES,Bad Bunny,US,1
5cHorcEr5z7GC0DjKxiWF1,Even The Odds (& Metro Boomin),Big Sean,US,1
5xi2SXmF3A5AIsuGXiUIZu,Inside Out,Camila Cabello,US,1
3jbAzLVcHiI5hYSkcKe1Ty,Love Runs Out,Martin Garrix,"KR,US",1
1k9B8MqhGKbVV3dTpwUxn5,Maintain,Belly,US,1
0qtK3XwbuG153dmwB8iepL,Glitter,"Tyler, The Creator",US,1
2Q9nA56DKKJhj4cHMbHlAS,Ugliest,$uicideboy$,US,1
478g4LSkyMB1PMkVOVmIaE,LOCATION,KAROL G,US,1
6D7Y1ifRZYfqaTvffJ2zGT,alone in a room full of people,blackbear,US,1
02iYJG3KLBJODa5JkQ4O6y,hooligan,Baby Keem,US,1
4f80SteKqaB6M2JytEUrwT,Chasing_(Demo),NF,US,1
70nMgdn0StiYRaDqTGJeCO,Fresh Air,Future,US,1
5OZWMzv3qSpxhyodm3IPou,make daddy proud,blackbear,US,1
7rdK9NSJIRBZAiXC0vuBS9,I'd Be Jealous Too,Dustin Lynch,US,1
2WxUIiq06XXPYWl9YcRJnD,Our Time,Lil Tecca,US,1
1Oi2zpmL81Q0yScF1zxaC0,"Bills, Bills, Bills",Destiny's Child,US,1
0B48113ZG9UfkWWt7qD9xX,Younger Now,Miley Cyrus,US,1
269xqcgGTN9PlivhUkOLhX,In My Feelings,Lana Del Rey,US,1
6DLSa36zH0cSTO7bWCCxx0,Nothin New,21 Savage,US,1
2Zza7LeJBNz3R2xprlfrFS,Litty,Young Stoner Life,US,1
0frzpcv2zCUk13mn0X824T,Mall,Gucci Mane,US,1
4HyVMzg0sUQsdOxRvSO8Ka,Megan's Piano,Megan Thee Stallion,US,1
6Wo5YxkdXgwzKQZbDg2r17,Either Way,Chris Stapleton,US,1
2XdgSB4TtzUHQYCMfSHbFI,High End,Chris Brown,US,1
6AUuRg513AfT50d52O60fS,One Day At A Time,Sam Smith,US,1
54eUv9Q3D9MZuOGS5PSflp,Some Girls,Jameson Rodgers,US,1
4nBhjVklA3Mtnyzshg4KmD,In Check,Bryson Tiller,US,1
7sMBRW8Y8iL19IchYMAogN,Feds Did a Sweep,Future,US,1
57BrRMwf9LrcmuOsyGilwr,Crawling,Linkin Park,US,1
7BpYWzZwrsljT1eIjb0TqR,Told You So,Paramore,US,1
4GP2Idcs08NqAjfEV0rsl6,Waiting Room,Logic,US,1
3nBXOlFTADNvG9nkqy2O2W,"Woman, Amen",Dierks Bentley,US,1
2mDYYGaGd9uXKkK2YhDA3i,Brooklyn Bridge To Chorus,The Strokes,US,1
1SySkCqhEG6Z68o2n07Bsr,In Your Eyes,The Weeknd,US,1
7Jd3almoehzurMOYuy2eIE,Built My Legacy,Kodak Black,US,1
6rdEEYHsLavlklAypD5cre,Runnin' Down A Dream,Tom Petty,US,1
67gmXPQZL1ISSh13OJJ1Pu,Blue Cheese,2 Chainz,US,1
1OwNWr75pNTyhifOTT0uIG,Real Love,Future,US,1
6ZCsp2zQsSTCilvGVefGVN,High Stakes,Bryson Tiller,US,1
7gSQv1OHpkIoAdUiRLdmI6,I Won't Back Down,Tom Petty,US,1
40FrkaBaV1XUfpUH1W6319,Testify,Future,US,1
3LyNsopPP3hXf8bZBE7cDk,Please Shut Up,A$AP Mob,US,1
77V8N0imMUga8hUL0gxXHT,Skir Skirr,Lil Uzi Vert,US,1
2pmYug1wWd0WoK5tpbsbKL,Dead People,21 Savage,US,1
2mrZYZGmPFV3QOyYPZ1zsn,Straight Up & Down,Bruno Mars,US,1
0GWS6wkQrqZd0BAhq28haq,Changing,John Mayer,US,1
2Pn76oik9rWyoBShTSNY9Q,White Mustang,Lana Del Rey,US,1
5wTVNpi5WDByxBgKgUE6MU,Supermodel,SZA,US,1
54h8xHewdRPnYzmbEHBhOO,I’ll Make It Up To You,Imagine Dragons,US,1
2ClE3QfsNx9p0zjPKxmUYq,Iced Out My Arms,DJ Khaled,US,1
3O7p9Itz8PXUoAjD2vmuM6,Beautiful People Beautiful Problems,Lana Del Rey,US,1
4Tulf6yVo59f2ofSi3YUqW,Glow Like Dat,Rich Brian,US,1
1ZeDWXJnkZOLOmbGEOPSMe,Want You Back,HAIM,US,1
06gD2ZtK3Dzc1BYqWExQJJ,Broken Halos,Chris Stapleton,US,1
4OEOEsOhlzDqQuewiuPJAc,Whiskey,Maroon 5,US,1
31mqc7EKPsJf3pe6H5jEfC,ROCKABYE BABY,Joey Bada$$,US,1
1c5Lbn9mYwNYbnNiizw6D0,Iced Out,Lil Pump,US,1
0zcmVx57BsnlYaPu7k2e2e,Whole Lot,21 Savage,US,1
2c5D6B8oXAwc6easamdgVA,Don't Sleep On Me,Ty Dolla $ign,US,1
5uMVjsPAVOc8v3iTgVkkrz,Church,Fall Out Boy,US,1
2RCp9QBnFSxdKe8RD4xF8s,Momentz,Gorillaz,US,1
1a8051h021Rfl01OhAjjV6,Wave,Justin Timberlake,US,1
3awU4bBZTmisGbeJJ4xb3c,Kids...,A Tribe Called Quest,US,1
5cw7g1XATH9ghXX1Qm82BX,The Night Me and Your Mama Met,Childish Gambino,US,1
1xpXnpIpuvzpx9jz15baJF,Call Me,NAV,US,1
5AWAcZFEwggTEqYez32DF6,X Men,Lil Yachty,US,1
7vAXN57IQ0sj049wZGIboE,Rise Up,Imagine Dragons,US,1
1YqcGlCHNquxBhlUZsjhMT,,Dj Ozuna,US,1
2zGvXOnaY9owBpYz3ZLjw5,Hallucinating,Future,US,1
06RzVT7uWMYv2fPTyiOy1m,Money Convo,21 Savage,US,1
6uJwPeBGb3swi85TSr9iIz,Miracles (Someone Special),Coldplay,US,1
0rGipWrGwAnZsaVkyiJpap,Day for Day,Kodak Black,US,1
2Te14aSrBgFj1CE2sBBVMX,Alone,Halsey,US,1
5FxVTEpoBress37MmlMhbZ,By Design,Kid Cudi,US,1
6qcuRcbz8DCLG6nG4or8Uo,Cherry Hill,Russ,US,1
4Mr73gFwZUeFnrfRov23we,Slave II,Logic,US,1
4at9j7aC7FvDlsllpOvsAC,What U Sayin',Lil Pump,US,1
33z5crv3IO5U2BOi8xod92,Something New,Wiz Khalifa,US,1
6RFGykMl5wP1gMPccCY9oB,Dance with the Devil,Gucci Mane,US,1
6e6ag4qyhhn8JRF1xmMJYR,Beauty and the Beast,Ariana Grande,US,1
6DxqrwlrHERRkUw9yXIGjd,I Love You so Much,DJ Khaled,US,1
3pJkBPHadRAxBBo484RipI,Sixteen,Thomas Rhett,US,1
0WQcnrsEqrY2e5nexGe3HX,Walk On Water,A$AP Mob,US,1
1U3XdjHLA6TgpVEGTikNcp,7 Min Freestyle,21 Savage,US,1
2hfuZh5FuIOFMoUPU01fjv,Harley,Lil Yachty,US,1
4IcwdrlHrNF7IxMMMloEBh,When I Was Broke,Future,US,1
64wR8Jdm7ikY3IbJOt5F9Z,Realize,2 Chainz,US,1
74ABBu8osxqmuFOAKcWWpG,Forgiveness,Paramore,US,1
7rfiXyFb5M9BqdkvKvVEiB,My Love,Wale,US,1
0dvu4Irbq0SM5BWny30rRR,Disrespectful,GASHI,US,1
0TvQLMecTE8utzoNmvXRbK,Bad Blood,Taylor Swift,US,1
4U9arGcc4ATa7shChhLQP0,Walk On Water,Thirty Seconds To Mars,US,1
4ToSbnK7fD5vE9R5sgWPsy,Cleopatra,The Lumineers,US,1
52LjL3x9tNh6C4eI6SMceX,Rain On Me (Intro),Bryson Tiller,US,1
5DLTuH4A5VZB2HKpqHQR6t,Patient,Post Malone,US,1
57IT5XRc5ImuTqxwrFZFdd,Not Afraid Anymore,Halsey,US,1
40WxFAbt8UEK7jKLmIxRNY,Offended,Meek Mill,US,1
35tWhD29yvWwB0IDRr6zsL,Yeah Right,Vince Staples,US,1
0NyOeqzqjVM9j7IuWp2oJ6,Feel Good,Gryffin,US,1
6XGddj522FQRHXEhBtjiJu,Strobelite,Gorillaz,US,1
5mAxA6Q1SIym6dPNiFLUyd,All Night,Steve Aoki,US,1
0tPQPaOKM32WgMSbPCYyRH,Dirty Sexy Money,David Guetta,US,1
3qmvK8QARSPkFTuKeIXSbs,Bleed It Out,Linkin Park,US,1
7hf89cT5FEmLV5E9fjrjG7,Beamer Boy,Lil Peep,US,1
6oNZ0WxqptE7V0qpjtyJ4a,Falls,ODESZA,US,1
1KF7iLK6wK3hjjtqxjRiym,Mink Flow,Future,US,1
1oQQ5pf4hft7C3s75B8fXb,Set It Off,Bryson Tiller,US,1
0TC3wZupelwzKhuueGSGZu,dRuNk,ZAYN,US,1
0IsuyquSKlYA9IcWL5DxGM,Moonlight,Ariana Grande,US,1
7eRU0RltchvgOTSbX6vmdv,666 ʇ,Bon Iver,US,1
2Yimo750CLgO2mDPPndSK6,Massage In My Room,Future,US,1
2sBHQfX9QxJwGcdutAj6Pj,Wins & Losses,Meek Mill,US,1
05GvhIvS56t5EBoG8YtyCK,Don't Know How,PARTYNEXTDOOR,US,1
2wSQyp6VzUopSFBinRo1iD,Distraction,Kehlani,US,1
2keKoUjDdm8Xz46cRupbUt,Waybach,Gucci Mane,US,1
2f9LSU0aBW04w6KL26DW8r,Come Closer,Wizkid,US,1
0H2MmFtJgoeywCIbAN3sid,715 - CR∑∑KS,Bon Iver,US,1
2RJfK2pOvGpnxC255YOy5k,Rose-Colored Boy,Paramore,US,1
3OEttNsQ5wxgDMAtvhErnp,Work In Progress (Intro),Gucci Mane,US,1
23TxRN09aR1RB0G0tFoT0b,Better Man,Little Big Town,US,1
6lFDB0BFDRV58qaQDX85jV,Liability (Reprise),Lorde,US,1
0o7glLPfZgns8ZF14Wlpf7,Love So Soft,Kelly Clarkson,US,1
49EgauTc1cGkHwPGCaHh1f,Better,Lil Yachty,US,1
5PfTI3zrQbZEWcQdycMqJM,Gang Up,Young Thug,US,1
5HtziFfFGxXpugCqZaAHoY,Both Eyes Closed,Gucci Mane,US,1
2sUKv0BT5iyyPvdMrZ1LmD,Drinkin' Too Much,Sam Hunt,US,1
1Nh5WUisukhSNgwXLRoyZf,Coolin and Booted,Kodak Black,US,1
4KVVCo25PROevpOdHyvYRk,Teach Me a Lesson,Bryson Tiller,US,1
3MDcFMG1AYBPcRpYOdwDYl,Conrad Tokyo,A Tribe Called Quest,US,1
2KlDzyTJVmOlH1sVTuPcSF,Make Love,Gucci Mane,US,1
3htUsih0HYXu1e1cV7y3Rg,Patience,Shawn Mendes,US,1
06u5LrUpbosQlQ1QJFhPpG,Drew Barrymore,SZA,US,1
7DEgL4rErTwjrsxLMlUVhf,Any Ol' Barstool,Jason Aldean,US,1
3LRoXCTQ7VvvVtzpceHt4y,Dead Presidents,Rick Ross,US,1
650OeHTLxZAQmb4aEbGmaA,Good Goodbye,Linkin Park,US,1
1nxufatvWIGPPBtPACXzu8,Let 'Em Talk,Kesha,US,1
1Vej0qeQ3ioKwpI6FUbRv1,Papercut,Linkin Park,US,1
1RLRjT3mBJ7PW83rIvE2bu,Flip,Future,US,1
1GOuHB20lqVyxv3GdxovPY,Issues,Meek Mill,US,1
1Ob94QesoxHSBrypyBbdfd,Shot Down,Khalid,US,1
63NTlJWNS65JjsE3QJYr20,Changed It,Nicki Minaj,US,1
48tAdjG4ng2JfECa7OQujk,The Weekend,Brantley Gilbert,US,1
2Cth0v1xri32oZ799rL3rl,Feel Me,Tyga,US,1
5OzOQRssjhxaBj0xd78Z2w,Solid Wall of Sound,A Tribe Called Quest,US,1
4HW5kSQ8M2IQWZhSxERvla,Spice Girl,Aminé,US,1
3lNfezSWDZIdt6XMwyNCJi,Dab of Ranch - Recorded at Spotify Studios NYC,Migos,US,1
3vgNmjuRDnGLxUFGCLkwpm,Light My Body Up,David Guetta,US,1
7rErmb9ztCh29H8nWmavQz,Special,21 Savage,US,1
4GFYhFM3OfFjyt1U0DaCVT,Get to the Money,Chad Focus,US,1
08Wc3X7XNSyF8WYBPt2L8E,Holiday,Calvin Harris,US,1
44n97yHySt0Z9rqPaXgjCK,Sorry,Halsey,US,1
7iDxZ5Cd0Yg08d4fI5WVtG,Skrt On Me,Calvin Harris,US,1
3SrUV8pxnW1QhMbbwegpwG,Slave,Logic,US,1
15muuXcaTz4RqVv1fJZuBZ,Everyday We Lit (Remix),YFN Lucci,US,1
7nKBxz47S9SD79N086fuhn,SUBEME LA RADIO,Enrique Iglesias,US,1
5cjsgbZ8tZYD4f0LNpApnf,Swim In The Light,Kid Cudi,US,1
1pz05pqk0kFHxDuIC0oCdH,Siiiiiiiiilver Surffffeeeeer Intermission,Kanye West,US,1
4VZM71F8XAoLRuNyNLxwWS,29 #Strafford APTS,Bon Iver,US,1
1ixphys4A3NEXp6MDScfih,Be The One,Dua Lipa,US,1
2Tuc96S4JToUiQSLW3aMec,Rainbow,Kesha,US,1
09KlDlkOYuC5x6hOaM7vaP,Angel,Fifth Harmony,US,1
3M0pROlXyH0bzh9CNJhDOJ,Angela,The Lumineers,US,1
2Pp3QD3thPnk2kCxmu2MHK,Dis Generation,A Tribe Called Quest,US,1
5j6ZZwA9BnxZi5Bk0Ng4jB,Heroes - 1999 Remastered Version,David Bowie,US,1
7xVLFuuYdAvcTfcP3IG3dS,Work REMIX,A$AP Ferg,US,1
6EE19skJ32p58xihYj2Waa,She's Out Of Her Mind,blink-182,US,1
3MMwcrgTCJ7bOAIScTyXFk,Stop Smoking Black & Milds,Ugly God,US,1
6lvsJDZ7336YmpBzcNGhbe,fOoL fOr YoU,ZAYN,US,1
0VFXJrXtfuX2iqlnXpl4zD,Like A Star,Fetty Wap,US,1
3RniqZTQjXgHtx2O2ZxA28,No Promises,Shawn Mendes,US,1
5dI1yHSqgmilFEqpGbqxHh,Leave,Post Malone,US,1
6DRsEO5yuEGBF87qpyMB4d,Somethin' I'm Good At,Brett Eldredge,US,1
71qR03VPn762lG8esdRmkR,True Colors,Zedd,US,1
2dCcDpm6O6ocomusl5ao6p,Diamond Heart,Lady Gaga,US,1
49VzL5oBsUICN7U34T98b9,Instinct,Roy Woods,US,1
3sb66av9ZpdI1JmPDHVa18,Space Oddity - 2009 Remastered Version,David Bowie,US,1
3O4mrgA9FYu5MA79rqTfpL,1st Day Out Tha Feds,Gucci Mane,US,1
1I6pKIyaBp4OebTGLJpCCC,Perm,Bruno Mars,US,1
7jKdgYPDj6AxVU2wk9muN1,TiO,ZAYN,US,1
5oK98mpTJSU0iqLHN1hZ3y,22 (OVER S∞∞N),Bon Iver,US,1
1mcb6XOtbQLn3CpwEUcMPk,Joanne,Lady Gaga,US,1
1gta5fLTR1VhUMwwGxP6vA,The Difference,Meek Mill,US,1
47IklCMgkgWvI4jpkdrop0,8 (circle),Bon Iver,US,1
6i8NvW5I6hISfSc2g4T98S,Leave Me Lonely,Ariana Grande,US,1
0rcDFdi19NtKf9NbHxr0k9,In Common,Alicia Keys,US,1
728zbo72kOoYdGR3AhNsyF,Say Something Loving,The xx,US,1
5clYhUpqYzy0Fdz3TdtZ3j,Escape,Kehlani,US,1
3wk0wpKHxdPDQvkHkxqNix,John Wayne,Lady Gaga,US,1
0F0MA0ns8oXwGw66B2BSXm,Let's Dance - 1999 Remaster,David Bowie,US,1
3LTdA3PWG7IkSdAlaO1szN,Bad Decisions,Ariana Grande,US,1
3nxgKa7boB4WjD0X01MXtJ,Misunderstood,PnB Rock,US,1
387r02a1k6RZ4cwFraHkee,Ruin,Shawn Mendes,US,1
1BTj47Up5m8601KOFrTvkj,I Am The Greatest,Logic,US,1
1ybJ2itxCxPCPkcA9sOgTO,Satisfied,Sia,US,1
1jhljxXlHw8K9rezXKrnow,Winter Things,Ariana Grande,US,1
2TdOQUmxv2s0auK1TgeWKt,The Life,Fifth Harmony,US,1
0fwl4utqKorwZfPwmVei3J,Touch It,Ariana Grande,US,1
7KE2xRqs6kOqnc06Yn7NAc,Crash,USHER,US,1
2mwnYvlLVP465u9V9wjUGj,Find Me,Kings of Leon,US,1
51lPx6ZCSalL2kvSrDUyJc,You're Gonna Live Forever in Me,John Mayer,US,1
5ZWwLNhwmJXM7yKZJ5sxN1,They Like,Yo Gotti,US,1
0AgAOnISeJ88aPDAKtat98,Don't Be A Fool,Shawn Mendes,US,1
2GQqWDHGKDsVHcWZXm3Sb9,Dancin' In Circles,Lady Gaga,US,1
1C9NuEa1wOF15EOBuWaaxS,Life On Mars? - 1999 Remastered Version,David Bowie,US,1
3dAxzv7hkxipbuWJaOMzAl,Burn the Witch,Radiohead,US,1
6LWS6iYUZKYHNl2VwNytpo,rEaR vIeW,ZAYN,US,1
6ObpR8ek44tvWefQRcSo8K,Calling All My Lovelies,Bruno Mars,US,1
5RRbTnSvlD5AUYsQ1Cizor,Self Control,Frank Ocean,US,1
04AYgtKFrpldRXe5y0LNGQ,Ritual,Marshmello,US,1
0oOOVSZGuPriWBqwbh0uuJ,Cynical,blink-182,US,1
3Vn9oCZbdI1EMO7jxdz2Rc,Lazarus,David Bowie,US,1
5XMkENs3GfeRza8MfVAhjK,Finesse,Bruno Mars,US,1
5DVKKqwLGjvK9ojz3zLjB7,There Will Be Time,Mumford & Sons,US,1
5V1AHQugSTASVez5ffJtFo,Let It Be - Remastered,The Beatles,US,1
1yKLa9X63tBfvLojNOw9y8,Harambe,Young Thug,US,1
0TLAptKgYxe7F0KewWH6X6,I Need A Forest Fire,James Blake,US,1
6gN9FblT61DKSTFbMbeoRl,Elevated,Wiz Khalifa,US,1
366xKgsZ8bFjIhG7JjfCkj,Melatonin,A Tribe Called Quest,US,1
4Bb9UvyIN5lEYThNwxDIQE,10 d E A T h b R E a s T ⚄ ⚄,Bon Iver,US,1
1BSA5I386L2IAmFQURYjIz,Guwop,Young Thug,US,1
4xIzFwbnxTAZRrPnIUm4y2,Music To Watch Boys To,Lana Del Rey,US,1
5Y1ubF8BzG4x3Jbmu8W48i,Fuck Apologies,JoJo,US,1
583gJZQLUYhgNsc3rVU7CF,Touch,Nick Jonas,US,1
1WQvmGZIMBmapHL3Garw7e,Everything Will Be OK,G-Eazy,US,1
6KprCGVC5o2Ibj2wCtaxEV,Sleep On The Floor,The Lumineers,US,1
3DJzymVeQfMiPRgNSPUavd,Don't Let Me Go,G-Eazy,US,1
41F3Bz1FLoYQmxbcG6T1zT,Write On Me,Fifth Harmony,US,1
14am6hDpnDFy0PILHJ2VX1,Thinking Bout You,Ariana Grande,US,1
6pK86Tx0QqX0E64mKuDB5Q,Deeper Than Money,Logic,US,1
6eH4102qd85iYCSEKtzd4M,Sometimes,Ariana Grande,US,1
1MsyEbEQca1sfC9JnkKnOm,Alaska,Maggie Rogers,US,1
5YUTsFfH1olCp7utJ4ULVT,Cowboy,Wiz Khalifa,US,1
19868g2BstWqmZoqCSb91n,Influence,Tove Lo,US,1
4XkOcWt0C2JX1s2RXybosk,Minnesota,Lil Yachty,US,1
7swwxTs8Ra32hrsnWWgIyZ,What If,G-Eazy,US,1
6amzJ3wmEDf7e5tHAndZmn,Déjà vu,TWENTY88,US,1
1tS0rnvprklPJ7705j2wB9,Body Moves,DNCE,US,1
2cZRGrMM82Xoh9SYsO46hR,No Sleep - Intro,Gucci Mane,US,1
3MpdgSxThlICp5LSsZejGf,BoRdErSz,ZAYN,US,1
3mNyhvYD3aYqIAFdJ75y9q,I Be On,YG,US,1
0fMMtO0pOYIGWfbJmrqfVJ,Anywhere,Dillon Francis,US,1
69bDRy5MeWQl1lNeEJQIBE,The Half,DJ Snake,US,1
3FZEv9JddkjHNFiMVxJYpS,Carry Me,Kygo,US,1
1UP5QeusHgerbteiQ7uvWh,True Disaster,Tove Lo,US,1
7zrhy9OhtcO7MdIvbbJiOa,December,Ariana Grande,US,1
7n9bPHZvl5UvmLPhNjUH1C,Good Grief,Bastille,US,1
0EXCM7BBtzXO3HdqkNIQUS,Hey Girl,Lady Gaga,US,1
1WvGWCDuj0dfRpuBuYecXp,Enough!!,A Tribe Called Quest,US,1
7mnbS86vmq7QAYRm6O0mwL,UGH!,The 1975,US,1
4SXZRbnd5oBMRjvwLr0FkZ,Only U,PARTYNEXTDOOR,US,1
2nnDjYwhCBBWFectcycARL,Gucci Snakes,Tyga,US,1
0Fao855T3klV3REFRFHRF3,Blackstar,David Bowie,US,1
3cqZH3cqvfbV8wVbvHyPbG,Red Opps,21 Savage,US,1
0cdXG7PwSUOv19gF6dMv5n,illuminatro,Logic,US,1
5j9yOfRB2s6OMS1YwwYiMw,Impossible Year,Panic! At The Disco,US,1
7LZoM7CBVLbVfZRnF2sGi7,Knew Better / Forever Boy,Ariana Grande,US,1
7oIGPzZ1TGlFbdG4nDI3uo,Revival,Selena Gomez,US,1
6L778PA16SuyYvFhqnMndY,Starboy - Kygo Remix,The Weeknd,US,1
3V8gULd6OJQ8myIO9ET23e,Sad Boy,G-Eazy,US,1
2Kp3IIDOY0LgATlHaXoO4O,Drum,MØ,US,1
4ncreAEEKaUloPyxO4Ho7Q,Rivals,USHER,US,1
76cdpJtbucm5LkjJ073uwP,Think About You,G-Eazy,US,1
5rwOE5J3Y1A2NiRa6y3Yph,Stainless,Logic,US,1
3IFfjjPJRbIC9f7fY9CGZx,Summer Nights,Tiësto,US,1
0vgtBFdPTkZwQ2gmFu7Dra,Figure it Out,French Montana,US,1
0B2RttXEiyXsMeQ7mMP3EI,Cruel,Snakehips,US,1
5qpSSEUcG4199ZktDjbxV6,I Don't Care,Ariana Grande,US,1
7tDYKT2AT0RX6yOb7s8gNG,Sinner's Prayer,Lady Gaga,US,1
69vVAyUx1aawSlsYjF69Jb,We,Mac Miller,US,1
0EwcHsy6FsFHxtA5dI7Ull,Just for the Night,The Low Down,US,1
5mJbSgVBnJ4ayOjFdmyOdl,City Of Stars,Logic,US,1
0yuBwKZJLISISw2jxv0KMu,I Wanna Know,Alesso,US,1
5Uwm4pdpaaW3yari6ymMTT,No Future,blink-182,US,1
3ub4QasqBeKfxoTvR4689G,WILD,Troye Sivan,US,1
1Y0fnTySRu4BypU9lP6yNp,All My Children,Gucci Mane,US,1
5GW2n1h3BNYnpU7lK23iKv,Gun Song,The Lumineers,US,1
7lidCG4c4lX6hIRXt0MKVA,Blessed Up,Meek Mill,US,1
6MDijuuArPJv1vbp7K1x3f,Genghis Khan,Miike Snow,US,1
1iY2DB9Bpn1r8mBgoFLBOG,By Any Means,ScHoolboy Q,US,1
7fYOZjdpOv8dBtzPnXysOG,Home Is Such A Lonely Place,blink-182,US,1
2h9h3uJyRAb54OyrQK33lA,Ziggy Stardust - 2012 Remastered Version,David Bowie,US,1
45yEy5WJywhJ3sDI28ajTm,Here Comes The Sun - Remastered,The Beatles,US,1
5psz20rVFNRlt0u9cpzBpY,Upgrade,Logic,US,1
1e0hllQ23AG0QGFgezgLOq,Yesterday - Remastered,The Beatles,US,1
3H7sv3Krffn15BufUuXzf3,Hey Jude - Remastered 2015,The Beatles,US,1
63lHuquEopEUiwPy6VLxlb,Vice,Miranda Lambert,US,1
2cvFLZPAQoGeQnIRPt2LHE,MiNd Of MiNdd (Intro),ZAYN,US,1
1dL0VUdyW10nhI77ajn1Wi,Tony Story 3,Meek Mill,US,1
4uIOpk5ih0Ui3a9pBwGKHn,Blue Moon,Beck,US,1
412CkPtLh68KLPg0pLrC53,Gone,AFROJACK,US,1
4AwJDh8ErDvjeiswR41DKM,Gangster Shit,Young Thug,US,1
1UBilOBSTjHxFBpsHNfykQ,Changes - 1999 Remastered Version,David Bowie,US,1
6nDTfEYwiP9TPr7fIT7tDg,Lit,Wiz Khalifa,US,1
560zE7eP6taPhWFErzRFD3,Guillotine,Jon Bellion,US,1
1Zk5Np0cHPo4WVdQxf2JcC,Strive,A$AP Ferg,US,1
6QCvI9gnU6MchZCPq99h85,Bounce,2 Chainz,US,1
6dq1fUiJe6BiBORZtb9TxZ,INTERMISSION: fLoWer,ZAYN,US,1
3LKRwbcHRS0yCzjMLMV0KB,Love Me,The 1975,US,1
3bIQIx7hveYPQDdhjZ1kcq,The Getaway,Red Hot Chili Peppers,US,1
225VaBkbh5xUoVexDhvaRJ,My Everything,Ariana Grande,US,1
42bUsj5M2olT2wRMRaro9g,The Hills - Remix,The Weeknd,US,1
2hgzdQdnfWwtdpZbhZlV72,Ain't Your Mama,Jennifer Lopez,US,1
26PFSyfXPYz6NcWbtM5Cst,lUcOzAdE,ZAYN,US,1
3sYDVtqO35oRSOIMx7dOqR,Freak,Lana Del Rey,US,1
7cFqK360fFcLBkqHoecqrO,Ultraviolence,Lana Del Rey,US,1
0aAk9KMmPChiS2EG9Fg7IX,Never Been,Logic,US,1
1uGAMOMKqPPYxAllZ1PV4s,In The Light,The Lumineers,US,1
7xJzcq1r4F1ryMujB1Caqq,tRuTh,ZAYN,US,1
2dJ4rGtsOHOgvTQawsCRtg,Pray 4 Love,Travis Scott,US,1
4iq3zHwgHSxstFvYw4yIsQ,Run It,Logic,US,1
5jc9qLH1djdgTj0oVwhpk6,You Should Be Here,Cole Swindell,US,1
65tH2GPMFCt8JtM2PM3MiX,Morning,Beck,US,1
0K6eUb8fOPOyJdGVWNjRwi,Make Me Like You,Gwen Stefani,US,1
08N1v3HwtbhYzYRUhnsvJh,Fly Away,5 Seconds of Summer,US,1
4MaOXwqSgiwgngbeYePmu8,SHE DON'T LOVE ME,ZAYN,US,1
0uZzdkuzJEjFzaRR2HQ5mj,Home,One Direction,US,1
5BYz6McvNTXD60vRFLkIMw,"Baby, It's Cold Outside",Seth MacFarlane,US,1
1zucHJN4WKHIzSL4FyiJw9,Innermission,Logic,US,1
6npgCQF16idiBPWfcxpOdT,Celebrate,Wiz Khalifa,US,1
7wBrglFVTNCcW6IhdgBkm1,Paradise,Coldplay,"KR,US",1
2M5ndhTi0zOIymTD4Ff1T8,Contact,Logic,US,1
6fTdcGsjxlAD9PSkoPaLMX,Sunday Candy,Nico Segal,US,1
4XtkmPQ2d3wRhqQvTXyLfs,Never Ending,Rihanna,US,1
1qPK58q90l8KNoWyXsLI2Y,F Cancer (Boosie),Young Thug,US,1
6jtTO8edsvo3rbJbO7mya5,Maybach,Future,US,1
2ObEEcNMTxpxGUmHUGL89U,On Me,The Game,US,1
2SMf3oF07WpSE55fCuEvSG,Close To You,Rihanna,US,1
2tZEmLWeG8kXBeiASbXc2n,Lost And Found,Ellie Goulding,US,1
3xMSaDC9TU6AQJIsxQB7MK,All You Need Is Love - Remastered,The Beatles,US,1
0FFLIz3Tl2A85Dhsa7ayrT,Call Waiting,Wiz Khalifa,US,1
7rcvXqPxAYz9DhoYfDkOyv,Wit It This Christmas,Ariana Grande,US,1
4NRF1B6kriUmtXflcVmed7,True Love,Ariana Grande,US,1
2IAaBzOLUtr2hqcwOItFWJ,Jam,Kevin Gates,US,1
63MRutmAXJwkxhMhPHoioS,Tired of Talking,LÉON,US,1
3VbGCXWRiouAq8VyMYN2MI,Love Me Do - Remastered 2009,The Beatles,US,1
7DD7eSuYSC5xk2ArU62esN,Help! - Remastered 2009,The Beatles,US,1
0YSTRuZ7elW9CEBfZJW5Js,Hard For,Kevin Gates,US,1
252gJUec2oDsGBPcxZs4nX,Walked In,Bankroll Fresh,US,1
5w1vhNA2OEWUQ371QzyMmM,Down In the DM,Yo Gotti,US,1
6xvpGHjf9zk0JqBvA5ifKM,Dark Sky (Skyscrapers),Big Sean,US,1
2Y3UgQvmqR4bnEujtw6MxD,All Eyes On You,Meek Mill,US,1
5LeKQGydjyalQSpZ4NszNv,Nocturnal,Disclosure,US,1
0M2ZekrsEkru9Xp5rWnouQ,Paradise,Logic,US,1
16w8ZGVSjI4TlTLV8VimBY,Castle,Halsey,US,1
3RJdbAqRg0yRlQJicNa5My,Intro,G-Eazy,US,1
0Pq0pa6k5m7D3mUG1nFQwi,Bad Blood,Ryan Adams,US,1
7rdyAfIm1t6h6I1gyLtD17,Clubhouse,Mac Miller,US,1
7t2bFihaDvhIrd2gn2CWJO,Or Nah,Ty Dolla $ign,US,1
178OI1A3qjROeFeh8lmNwW,Traveller,Chris Stapleton,US,1
77f3aNeabAbOaSB32Sd5QE,Eleanor Rigby - Remastered,The Beatles,US,1
3kSXn1osC89W8JcPLozTzs,Stand By You,Rachel Platten,US,1
4bPQs0PHn4xbipzdPfn6du,I Write Sins Not Tragedies,Panic! At The Disco,US,1
2rMFawCg4BW65jzbwztXAV,Oh My Dis Side,Travis Scott,US,1
7oSUp4yZ0FbuSvVmCxH2ty,Something - Remastered,The Beatles,US,1
7jO0qPIBVGOmqxpCthE8H3,Camouflage,Selena Gomez,US,1
6zsk6uF3MxfIeHPlubKBvR,Get Ur Freak On,Missy Elliott,US,1
3SKzTIl9mW0DadTys9SFo3,Control,Halsey,US,1
7vG4PHaOKNoVTohCRRGyoO,Polaroid,Imagine Dragons,US,1
0375PEO6HIwCHx5Y2sowQm,Waste The Night,5 Seconds of Summer,US,1
4X5zaUdlRhvBWYnyQIKmH8,Honeymoon,Lana Del Rey,US,1
1XTzZyrbu4zVuiwfhTdudE,R.I.P. 2 My Youth,The Neighbourhood,US,1
1QsILO369FaBdl6V9YNFGl,D.A.M.,Fetty Wap,US,1
6mEFvpqnzElavdz3gfP2XT,Survivors,Selena Gomez,US,1
50xwQXPtfNZFKFeZ0XePWc,Yellow Submarine - Remastered 2009,The Beatles,US,1
6s8PRmROPJHlqZmu9Bbviz,Roman Holiday,Halsey,US,1
5TMjhlh25Oitlh3LBKdfMi,Broken Home,5 Seconds of Summer,US,1
0EfsDEYaSjGYd66Pr881nq,Cry Baby,The Neighbourhood,US,1
4Z92RMiyJpUrApZi3LtpJ6,Blackbird - Remastered,The Beatles,US,1
1VYDjz8U0cak2ZQdaPh6qJ,Let It Bang,Fetty Wap,US,1
29iiePSWqijslJ0rAas3kB,Stone Cold,Demi Lovato,US,1
5V5GpAKuuep9cH2uy9s4CN,How We Do Things,Fetty Wap,US,1
1klGbW5a9qTBFUjFfddbmU,Can't Sleep Love,Pentatonix,US,1
4DRBaZ760gyk7LWnaJFqsJ,I Want To Hold Your Hand - Remastered 2015,The Beatles,US,1
5jqNQZBwbZWQXPWfo0ygZF,Art Deco,Lana Del Rey,US,1
0P8IK6UrU0ruwsGB4S7iCI,Codes,Ellie Goulding,US,1
6ulzLZnp6Y2TVLh1inckeJ,Brand Name,Mac Miller,US,1
5ocP1cIe1dOc9A0q1MDNl2,Bird Set Free,Sia,US,1
0xfM3tIsjijqywX6pVHx9w,Talk To Myself,Avicii,US,1
4OGeWgHHgWmnOllev6Q9hp,Bad Chick,SoMo,US,1
6UpLg90i5B5Nuo6S1BQ3YF,Stay Down,Big Sean,US,1
2fmqPLRFdJNPhLU3b2NSFp,Glory (From the Motion Picture Selma),Common,US,1
1Jih1yW1AfhKeYmlGkkj78,Dirty Work,Austin Mahone,US,1
5x2XIAdvFxWCwIOMNkbWUj,Young God,Halsey,US,1
5Dg2h1wsm7ZijCo0yLmbvR,Hurricane,Halsey,US,1
6lFUdRItQEsEuD7dSINL47,Follow You,Bring Me The Horizon,US,1
573nT62vtbezncIwCfxIm7,Heart Is A Drum,Beck,US,1
6ksRossV4vKsXntCCZbhaM,Show Me Love,Sam Feldt,US,1
5nPOM0nFRAJ3XI8xCxNAzO,Guilt Trip,Kanye West,US,1
7r1yZWxVzbdGem6tNp4bM1,White Christmas,Charlie Spivak & His Orchestra,US,1
7KZJnMtwu2s80jO5Frthap,So Much Better,Eminem,US,1
7C6cA8girfd6ZvbkmZmx9V,Not In That Way,Sam Smith,US,1
7zj0Dni6zJLPvTzfcpbugk,Want Some More,Nicki Minaj,US,1
2yx7XX9v7M6yhm2fBG7K3E,Ain't That Easy,D'Angelo,US,1
05t0KI6zFHDSRT9gdLCAyW,So F**kin' Romantic,Matthew Koma,US,1
3RKblQNJs8HPvWBgXmq6nn,Send It Up,Kanye West,US,1
53l4LGUeZKCDZI1u25kQDN,Sugah Daddy,D'Angelo,US,1
71dvxqSL0JT3J4Uv2WdPJx,I'm On Fire,AWOLNATION,US,1
2fmlkxGNnUnIn4Ucc5P4ZX,Asshole,Eminem,US,1
4WiiRw2PHMNQE0ad6y6GdD,Chocolate,The 1975,US,1
6aDzodSr4gqsMXAX8yt3bb,Young Girls,Bruno Mars,US,1
4o74y4XY1ypNZkZtZkK8Wi,I’m So Sorry,Imagine Dragons,US,1
3jagJCUbdqhDSPuxP8cAqF,Work It,Missy Elliott,US,1
1dD1aarWotVIiFo5gGdMc2,Once in a Lifetime,One Direction,US,1
5ZVxR2lLvGky9Or49R618p,Leave A Trace,CHVRCHES,US,1
2RcanAJpudPNDkyIe9DzKS,Really Love,D'Angelo,US,1
0SuG9kyzGRpDqrCWtgD6Lq,Give Me Love,Ed Sheeran,US,1
23xx852ectQgmp1G78zSpd,Illusion,One Direction,US,1
3a79iDeUash6zAwi0XiZT4,Outro,Big Sean,US,1
6Lh85Pe18pqvNdDoWgTVUC,Blue Christmas,Michael Bublé,US,1
7Fdk0AzNg2vrcCWIOdIhn6,Run Run Run,Kelly Clarkson,US,1
6HzZALdO9vjjQhyzWe9ns5,Four Door Aventador,Nicki Minaj,US,1
4z9Q8bigTEySh8PVNQ3gem,Greek Tragedy,The Wombats,US,1
6vBqrLmURedwYNqnT2HsCp,Reflektor,Arcade Fire,US,1
5aJhuze13LOoLthmiG8YIA,When The Beat Drops Out,Marlon Roudette,US,1
0joO6IeobvKP3cDz8xZfWe,Smoke And Mirrors,Imagine Dragons,US,1
3lXYJJYqh2oFL1U3yVec73,Coming of Age,Foster The People,US,1
3jkxfvEeHyiZU3tKmhLhLe,Cycle,Beck,US,1
1AvXB7pTYb7irnDLRfE27H,Marilyn Monroe,Pharrell Williams,US,1
6t74Pf6Aa5SLVoIyMkO5B1,SMS (Bangerz),Miley Cyrus,US,1
5k7wy2Ek7y6kSQ4fER7w0E,Brainless,Eminem,US,1
2BF1X5nkYYSb0AUTRaGkDm,Forbidden Voices,Martin Garrix,US,1
7gQzzsppcAezKh0HFjrG3q,The Charade,D'Angelo,US,1
7CsqfHMkRJS4OW7zHGuBrq,Stronger Than I Was,Eminem,US,1
2rhS1u6ckiW3fSslPn5V3A,Versus,JAŸ-Z,US,1
5jzKL4BDMClWqRguW5qZvh,Teenage Dream,Katy Perry,US,1
7je2mE0xsrRQChl6x32tXN,Trini Dem Girls,Nicki Minaj,US,1
2GKbtXbDgF1Nks1HQm7JVC,JAY Z Blue,JAŸ-Z,US,1
6Nt2yicIWVftVqHdXa9r3Y,New National Anthem,T.I.,US,1
5Zvp0QO5e9cGhYHywdrfyQ,1000 Deaths,D'Angelo,US,1
5F0bmCjKUufNz1bHXfgRwe,Novocaine,Fall Out Boy,US,1
54ssLbJIu1evMyaERFYHjs,Salted Wound,Sia,US,1
6Bwz8mBFhFTHgWGW8flk8b,Evil Twin,Eminem,US,1
7yZaedle28iR0rBGsXovAX,Have Yourself a Merry Little Christmas,Diana Krall,US,1
4WN9xLkAeINLPLaoeZ9ZW9,The Happiest Christmas Tree - 2009 Digital Remaster,Nat King Cole,US,1
7uY7jZs5srSx3xMmyCI48T,Angel of Small Death and the Codeine Scene,Hozier,US,1
6WuWixseD1tNX1qfzaY0bk,Hold You Down,DJ Khaled,US,1
1RxR1IwTzgPlBcLn61LT1u,Colossal,Future,US,1
2Fp8jGITmktT0E1TUR29xK,Stand Up,Meek Mill,US,1
7xGBZb5mNeMjeOrHr6LpNh,Frosty The Snowman,Gene Autry,US,1
6K5xY7EabiBLjd2HuBQIak,Goodbye,Who Is Fancy,US,1
7zC3NyXdjzeebeKmXuGvHC,This Is Halloween,Marilyn Manson,US,1
5oCbpkzksyBCF9fCFvKgrl,Got It,Marian Hill,US,1
2la10ufvOkSlJ4jCRp2NXl,La Familia,JAŸ-Z,US,1
48IiqBgzFU21BsOLru4yYC,You Just Want My Money,Jason French,US,1
6sJz8LCSCkKFLOBzqZOJxX,Sweet Talker,Jessie J,US,1
0myeTJ993kXE4vN0IPchcc,Wish You Were Here - 2011 Remastered Version,Pink Floyd,US,1
79BS6UOzsWXQti45MZ7FCb,Happy,Palisades,US,1
698gdXQoOHitiyE1HXbNMc,I. crawl,Childish Gambino,US,1
5c7tO3OhDBA4CUkdGoKkI2,All About You,Hilary Duff,US,1
6H75Ki32BRrJFQeDNR05s1,Not For Long,B.o.B,US,1
3Fuua9VwSOYHVWYKWTote5,Bottoms Up,Brantley Gilbert,US,1
66u9s8Si6NPNdC3amR44RC,Downtown,Lady A,US,1
64j3Bd62HTe0pclk8Aq9BE,Open Wide,Calvin Harris,US,1
6REiraH7Pe3akd0mkFA4l9,Something from Nothing,Foo Fighters,US,1
3yCeppDD1IM0GcBvN8K3KL,Girl In A Country Song,Maddie & Tae,US,1
1iOV4GmiYgXguKaZq4KGv7,Kanye,The Chainsmokers,US,1
4r9QRQHtjqebHh4WA3rRUy,Troublemaker,Olly Murs,US,1
5yYnc9VB7C5MqubHvjvhgd,That’s Me Right There,Jasmine V,US,1
6jThp9Mt7PbXeM3cwtqCox,Entertainment,Phoenix,US,1
5I6KaV4xAc6ZYyOgEtp6dc,What Now,Rihanna,US,1
2afCBiru10AFckfOa49wIa,You & I,One Direction,US,1
5DD9jE8Z3LvpVn2TxknJyX,We Own It (Fast & Furious),2 Chainz,US,1
7lPeGYqeDAWxS4H9BYEbuc,Brave - Live,Sara Bareilles,US,1
53AuxddsgPSlqM619nJhSd,The Phoenix,Fall Out Boy,US,1
5wQeCrJTJxGZnILnyCBHjI,Lovers on the Sun,David Guetta,US,1
4ydIAm6Gbri7DTAfPn1QlW,Million Dollar Bills,Lorde,US,1
5wjmqUGN7vrAqFqDWrywlZ,Midnight Memories,One Direction,US,1
5Lf9rCqReE9Ri4tZvLRLuy,Happily,One Direction,US,1
6twW4ma6w0mOeejejPK0nY,Diana,One Direction,US,1
0TRvzhQIe3v6Jpcw8DBSte,Bugatti,Ace Hood,US,1
2z8OXShNGUgRitHyO3GuYG,Cruise - Remix,Florida Georgia Line,US,1
2KBzUcKeNdsujWiK3djHvd,Blood On the Money,Future,US,1
30J50x380IFf1P1H0DOtW4,Lampshades on Fire,Modest Mouse,US,1
7rlCeTnjn0plPZkVAcctPZ,Bills,LunchMoney Lewis,US,1
6fy2SxEFRlk1CIdlvKRP0m,Something Better,Audien,US,1
6oU7wRtqnudEKA00egD3sP,Dime Store Cowgirl,Kacey Musgraves,US,1
7uQztXdiRLRu4YSviPqfD9,Conqueror,Empire Cast,US,1
0iEgsF8X8jSzlmzwhQBoWM,I Love It When You Cry (Moxoki),Steve Aoki,US,1
2w8cJaVndSM5hPTiCzpQ0b,Wolves Without Teeth,Of Monsters and Men,US,1
5aVCrbz2wVTA4OFxYd8ZGA,Infinity,Mariah Carey,US,1
4njLEd40fsHHYdOOeO28ME,Heavy Is the Head,Zac Brown Band,US,1
4HlFJV71xXKIGcU3kRyttv,"Hey, Soul Sister",Train,US,1
6uFmkKZK2HyK5IGsg33Lb8,Adore,Cashmere Cat,US,1
7wP0LroZmjoBjwMs3EjCdA,Kings Never Die,Eminem,US,1
3YR1CSEZrjaCXdvyR1Uj8h,Steps,Handsome Ghost,US,1
5nkYHBWXu7KCgcdwP6jcB1,What I Got,Sublime,US,1
6iAQHemp1D2VSSPk74Dor3,Trouble,Iggy Azalea,US,1
7pqG5ZoeCpOkqPLB4yNLG6,World Championship Finale 2,The Barden Bellas,US,1
2depzNvnAgMFKYnm3moXIc,Kno The Meaning,Future,US,1
20I6sIOMTCkB6w7ryavxtO,Call Me Maybe,Carly Rae Jepsen,US,1
3lao2enU6pehXrEsAR8Fdr,Like Mariah,Fifth Harmony,US,1
618hiI74zBL8UVgAvfmkLj,Riding With The King,Eric Clapton,US,1
5gEuWtxcn5Vz4xpT7dBoBU,The Thrill Is Gone,B.B. King,US,1
2xRZZn6H6Hl8I3x4SinztH,Finna Get Loose,Diddy,US,1
6nccSAqHJkAA82F9ditlA1,leaves,Miguel,US,1
6BiRNdJemhUXDXkCHT8nxu,Welcome,Fort Minor,US,1
1x5M7e748IC3LOejjvdOia,Waterbed,The Chainsmokers,US,1
6YcsrI93YwZI8Pw0KRpgPJ,Secrets,Tiësto,US,1
0443sTFEmh8GVr5yHsVa7M,Kno One,Kevin Gates,US,1
24NwBd5vZ2CK8VOQVnqdxr,Sweet Emotion,Aerosmith,US,1
7rSERmjAT38lC5QhJ8hnQc,I'm Shipping Up To Boston,Dropkick Murphys,US,1
2Bxl3BX4rMUSfpjcmcTgKv,Better Not Look Down - Single Version,B.B. King,US,1
4gyRjB6sfjvmJLMv3V21M3,Broke,Jason Derulo,US,1
42yIMaIFcvkvuyzn0eqcjE,Don't Say No,Cheat Codes,US,1
4FnAEvbT3mjxpkUKpGwXYM,Defector,Muse,US,1
6MdqqkQ8sSC0WB4i8PyRuQ,No Diggity,Blackstreet,US,1
7GlwvJ8iAbCEfZjGq3iwmZ,"How Big, How Blue, How Beautiful",Florence + The Machine,US,1
2HsjJJL4DhPCzMlnaGv7ap,Small Town,John Mellencamp,US,1
5fVZC9GiM4e8vu99W0Xf6J,How to Save a Life,The Fray,US,1
5lseI41pYdVUrsZXKdA4cn,Fire Under My Feet,Leona Lewis,US,1
5voU7QFyI9iXw3PZILBbyh,Lifted Up (1985),Passion Pit,US,1
0OlReIcTwpLs7Flizr48Ci,Gorgeous,X Ambassadors,US,1
6f8dVDn1vWbWIfUouv9iJp,Emotion,Carly Rae Jepsen,US,1
0EUIyt95ZhgeXKMbKSa92q,My Love,Majid Jordan,US,1
4AYFCPg6DqR3d8YkdDTJJM,R U A Freak,Snoop Dogg,US,1
3YjH3TIf5SOpFlnqlRdNAE,Savages,MARINA,US,1
7Mz95vPtFlDGIiZ5d1XdT3,Third Eye,Florence + The Machine,US,1
3Q3dS37YDEuhb3k3K9fZB9,Scars,Alesso,US,1
6PwjJ58I4t7Mae9xfZ9l9v,Somebody Told Me,The Killers,US,1
0cksaBdhpRkuggMoRvC4Dq,Transmission,Zedd,US,1
16eO5eSrLjUjUE0JOK3mp9,Empire,Of Monsters and Men,US,1
5VxqqUygpds1ceZdWZLvmc,Loved by You,POWERS,US,1
7ybA0k82VI9u0GYdNKtzpF,Hunger,Of Monsters and Men,US,1
2YodwKJnbPyNKe8XXSE9V7,Lithium,Nirvana,US,1
2MpN7T3aS9v0lkITtrBsbt,Baby Be My Love Song,Easton Corbin,US,1
2qkmPUG7ARsRwhVICQVwQS,Mercy,Muse,US,1
1iyYqtHB4w5Jl2BGx71emK,Molecules - Single Version,Atlas Genius,US,1
0zP8BJOamm7Q9aNMwCby55,Skinny Love,Bon Iver,US,1
1uL4Nj0JRsIt0EibpO4Zx1,Children Of The Wild,Steve Angello,US,1
6KtLECDztnah63TNmV4Plw,Wish You Were Here,Incubus,US,1
1UUNiMcpBLn6JUBJx7OCOC,Ties,Olly Alexander (Years & Years),US,1
06iMqWThw4w8fTFyccvOwr,Ride Wit Me,Nelly,US,1
0pZ7VfEp3ksnCWE5LgRBrD,Get Low,50 Cent,US,1
7jD0kR0dfgNfTUywg7S8eq,Girl Crush,New Politics,US,1
3PxvW54xohg0fiut556LHQ,Killer Whales,Smallpools,US,1
7eXZqUNF3J8HawzxVT9Uhi,Verge,Owl City,US,1
3EotbdwYAgeqkkFkEivtVU,I Just Wanna...,Elijah Blake,US,1
4DyWnL1qZEhDvMqnBw2uy9,Speedom (Wwc2),Tech N9ne,US,1
13uW9hmN28qYQqoPykMB5d,SummerThing!,AFROJACK,US,1
3WLfwlGFy5f2A4O1daqeq8,Psycho,Muse,US,1
7neFoJcMiQtXDWT9UGswP5,Look What We've Become,Grace Potter,US,1
3MjUtNVVq3C8Fn0MP3zhXa,...Baby One More Time,Britney Spears,US,1
0CF1X2oxbHWyFNPG2CPeNX,Hummingbird,B.B. King,US,1
2iXdwVdzA0KrI2Q0iZNJbX,Better Together,Jack Johnson,US,1
4RL77hMWUq35NYnPLXBpih,Skinny Love,Birdy,US,1
2zvot9pY2FNl1E94kc4K8M,Rocket Man (I Think It's Going To Be A Long Long Time),Elton John,US,1
7oDjaRDdf9zNQ8N3yRjQwF,Feeling Good,Avicii,US,1
2YEr07055St40kz0aUfm4f,Simple Things,Miguel,US,1
2qbAXBJrgMnGDUiKnc2s46,The Fool,Ryn Weaver,US,1
2TCNbQYtrOCzDM4Rrawhxz,Weathered,Jack Garratt,US,1
3SlHqMVCTeM6H4InDK9Cps,I Of The Storm,Of Monsters and Men,US,1
5FZxsHWIvUsmSK1IAvm2pp,Best of You,Foo Fighters,US,1
0TPdgw5neHLRE7oxKFodiw,Feeling Ok,Best Coast,US,1
3iut542DAj1c44VzyA6CpN,Huey,Earl Sweatshirt,US,1
5li3FHS5s9V3l4xWsUcmQa,Entropy,Grimes,US,1
16tlhh3jNraThY2kgBlG4X,OctaHate,Ryn Weaver,US,1
12bXneakzB3jvF6gGyYl4V,Gimme All Your Love,Alabama Shakes,US,1
7tJPyfPviLYY9jiMiiitYR,Compound Fracture,My Morning Jacket,US,1
7nnWIPM5hwE3DaUBkvOIpy,Drive,Incubus,US,1
2Loap6rQ6FPaTJCkaLcqWq,Give Me Something,Jarryd James,US,1
35AvfrbLZEkmIzCJryChX0,Ain't Nobody Home,B.B. King,US,1
4ODmwjAjnkQ9JwRzldEIEh,Addicted To A Memory,Zedd,US,1
3JbqwFY5q0ORO3siv5zL3A,Smooth Sailin',Leon Bridges,US,1
4ONGO8V1owsu27dK3mvSfK,We Belong,Rebel Wilson,US,1
7F6OljAoyLjvY6jH1EL3Rf,Hollywood Dreams,Miguel,US,1
5FIb3CWPjub8C5Yu2IxzTj,Diamond Rings And Old Barstools,Tim McGraw,US,1
5EA06TsQmqmQXZiEhr1AaM,Coming Home,Leon Bridges,US,1
20lNo44eUUCnyNNInzwkv9,I Bet,Ciara,US,1
57t22JXPf4lhJEEFtphjym,Grief,Earl Sweatshirt,US,1
69tM0eBzX8tTZBka44Z2jz,Woke Up This Morning (My Baby She Was Gone),B.B. King,US,1
4lY95OMGb9WxP6IYut64ir,Shake It Out,Florence + The Machine,US,1
4lcpWCMFXNhvqNIQhB6yDv,Peaches N Cream,Snoop Dogg,US,1
078C2jXg7XsMgW78Gfx1JA,SMUCKERS,"Tyler, The Creator",US,1
2m1hi0nfMR9vdGC8UcrnwU,All The Small Things,blink-182,US,1
7kF3pqmT3wAYq8m8HsGoOB,Mantra,Earl Sweatshirt,US,1
3IrkbGQCoEPAkzJ0Tkv8nm,Dirt Off Your Shoulder,JAŸ-Z,US,1
6onLnWywmbSnXDFPVY1mM6,Genie in a Bottle,Christina Aguilera,US,1
73KSK7CRrPsfjWPkZeYLhr,Adventure,Cheat Codes,US,1
3OZVqx1YsqDDkxQ6TnmHtn,Ain't Worth The Whiskey,Cole Swindell,US,1
7vFv0yFGMJW3qVXbAd9BK9,Your Body Is a Wonderland,John Mayer,US,1
0JVU6T8I68j5PjCzCJ6TZh,I Like To Live The Love - Single Version,B.B. King,US,1
745H5CctFr12Mo7cqa1BMH,My Girl,The Temptations,US,1
5V53dAjgNInfXNlz2cryvd,Do You Remember,Jarryd James,US,1
4LiTVwc9MU5HJLNLgnSW6Y,Our Own House,MisterWives,US,1
2esHSmN6I66tBBFgKUBJgY,Riff Off,Das Sound Machine,US,1
3R9olGkN5WyFEfvVKfH015,Little Wanderer,Death Cab for Cutie,US,1
0jhYMcAqY9LkMCAYNXKtNK,M'$,A$AP Rocky,US,1
2DOykLfhy5XEHxZeb3AaPA,What Is Love,Empire Cast,US,1
72Yfw4fVEbJNGalFJOuhoW,bodyache,Purity Ring,US,1
7KKW3MSfqCCai76gKSZEco,Faucet,Earl Sweatshirt,US,1
4UaWrzY75h1tAvlxa4NKP9,Blessings - Extended Version,Big Sean,US,1
1ET5lou3teBMA3a5cYeYzN,Baby Flower,tripleS,KR,1
0cbgFMxCXMzs80R2vxwApT,Dear my crazy soulmate,IU,KR,1
0AQEShePVSsxMTM6a8ik6t,FAMOUS,ALLDAY PROJECT,KR,1
02KRPJcx4TJFLCXt9qwEUE,Unknown Planet,IU,KR,1
6BAnU4WVN9ArEfSi01JwhQ,I’m gonna TOESA,SOYEON,KR,1
65pQCf5tMSFEZO9JSfRUe1,Crow,i-dle,KR,1
0sRcVXli6eqbPASpVXTWB2,ToTo,Lim Young Woong,KR,1
75MJ2d8AmBWgf2yeZACwpa,Guitarist,D.O.,KR,1
05m8pjsNyv5A2IYf5rndNt,Please Be Happy,Lim Young Woong,KR,1
6hcT29EF7UYuwu76eqlys9,Girls Will Be Girls,ITZY,KR,1
1XP3q0p7HL1SKIXiHJ7TRI,Moise,Lim Young Woong,KR,1
2A4rVwAcshN397FH3DVKNu,Baila,Lim Young Woong,KR,1
0ln7N1GKt6zKzO2sdRVnnd,For Us,Lim Young Woong,KR,1
6reXH16jrp0gq5dpV8dV31,New York,Lim Young Woong,KR,1
318Irz9qyCcwS0teqsaNcg,Moonride,Hearts2Hearts,KR,1
1KXh1wk1SncHxBYhglT5I1,I Hate You RE,Lim Young Woong,KR,1
2e3isF3ZvjBRyMxGvOqsXD,Love Always Runs Away RE,Lim Young Woong,KR,1
5fpJ94BYW7USgFOM1K2Gwi,A Bientot RE,Lim Young Woong,KR,1
0dJosfIiINXWnhO6CYe9wu,Grain of Sand RE,Lim Young Woong,KR,1
3cLyIheSrKRgeVMOgNrEvA,SHAKIN',aespa,KR,1
5MOIAV008posdOGmxiJBsi,Made My Night,LE SSERAFIM,KR,1
1fDbHRMmrjT0Jhkj5gOb2l,Bittersweet,Baby DONT Cry,KR,1
4YHeXM7mgLvxpvaUGnybGK,Whiplash (English Version),aespa,KR,1
0z9hdX8QVspQcdvkapPlMz,Tent,AKMU,KR,1
5JtOF5nBbjHmcvEhFKL79F,GR8EST (Prod. by APRO),untell,KR,1
1sB1Hp0LUzt56fAM2wuSl1,Ouch My Pain,HEEDAE,KR,1
1IOb9H50dKN0amB8LChG31,AEIOU (Feat. Loco) (Prod. by GRAY),MILLI,KR,1
3WTIt2n3W2AlSuzma3ePgc,Licking the Sky,HEEDAE,KR,1
1tFqZ4Q423bWtiXf1CjcRi,PIPPI TIME,Park pippi,KR,1
67bXdWqZFre6lPaBIaZHlO,The Adult I Dreamed Of,머무르,KR,1
0kUNERs28NE0btoskAwaj9,Bloom,Busker Busker,KR,1
12j2uOHURUckRvAuFPJKdR,Love Is Enough - Original,PLAVE,KR,1
7LVJBq2IZsv4UTHN9sCg9e,TOP 5,ZEROBASEONE,KR,1
1WJCmhRP27WfHstNpQiGpf,Young and Married,AKMU,KR,1
6IsblvUWlwFjo5nA9TWpB9,DIRT! (Feat. ZICO) (Prod. by ZICO),Raf Sandou,KR,1
7dke6KEqVsre2xLiuG0aKR,130 Metronome,ZENE THE ZILLA,KR,1
2iaZdQ2Yo1ZmlWXl7pTdtJ,Let It Go,HEEDAE,KR,1
2D669vz7EzV5Byjnmb67jx,Can't Help Myself,aespa,KR,1
3XhrGcoWqzCryMzGS7TJ7M,Fije,Sung Si Kyung,KR,1
4Xe0xzBX7entFSxr0iifQl,SOUTHSIDE FREESTYLE,BewhY,KR,1
4X0AxVnhlkSd4ggu78Tir1,LEMONADE,aespa,KR,1
73lfEYepfxPGdHnplkgaNl,LOUD,NMIXX,KR,1
4hsNNlV2DFit4LSs1wL5ux,Hit 'Em,MEOVV,KR,1
09AlOqeaIaKCiNrbXRGjJp,Borrow your night,PLAVE,KR,1
4Oo5FV4sE9QttQHrLm2N26,"KOO KOO (Feat. NATTY of KISS OF LIFE) (Prod. by ZICO, Crush)",Jung Junhyuk,KR,1
3qEqmnOldrSIkRGAP8H42r,Drift,aespa,KR,1
6VmavOAnMepekIwArBoEEH,something between us (Romance 101 X george),george,KR,1
2ASsYNmcpoWXEVF9kvpcHR,Nothing,Shane,KR,1
1KrOm6qJGVpGG7BVcUaFdD,OHYEOHYE,HEEDAE,KR,1
22HU7JLsrH52tANI9T78Gj,O rae dwaen no lae,Standing Egg,KR,1
0MEUp1Lx7eiDPnAFrKHd2S,Prince of the Sea,Tophyun,KR,1
1y36TbOny4aWyqQyaGEnxk,Don't Say You Love Me,NCT WISH,KR,1
5TpPSTItCwtZ8Sltr3vdzm,Last Night on Earth,Green Day,KR,1
3BxWRi8BjQquBqW6zbpQxJ,Ctrl,DEAN,KR,1
0EbfMfuMAPyFtv07DrRauE,Shut The Door,Young K,KR,1
54b0oZVbZW4Ckh28SoCO4T,In the Words We Called Love,can't be blue,KR,1
04dsLeipiUTv5FWadYyYES,ed,Kaution,KR,1
5pHvpNgLfqR2w0Du9btykM,Nostalgia (Band ver.),BIG Naughty,KR,1
7KuUHd6NsvSHzr5wsReyKJ,Two Fools,ENHYPEN,KR,1
503e19tHN0QmaraGxAQzt7,SWEAT,KISS OF LIFE,KR,1
6qnOvA4WbP3HdYd1DFRoCr,Story of someone I know,San E,KR,1
0hC0ZRWbYnRxDJhRAPfzsy,Hey Hi,KiiiKiii,KR,1
3KtwMkj9gml6BDeYlyS8nG,かわいいだけじゃだめですか？,CUTIE STREET,KR,1
71gIEGALhwT1kvp2QnpGmP,NORMAL (Korean Ver.),BTS,KR,1
6SZrM6wrWgWoUKA3ZkTR5r,Switchblade,aespa,KR,1
6xndk83L8mJQ4sKdGfP4ie,SPAGHETTI (English ver.),LE SSERAFIM,KR,1
5XyvfAC8S62CHQL2Z3BVYP,행복하지말아요,M.C the Max,KR,1
5p3BybOa38IjjviVrN9xN1,BIG VOID,Silica Gel,KR,1
2O5MJS2DSGT1R9LtVesdiE,Caution: New Driver,Layone,KR,1
1wZrHQvZhhe2vTwHFN6VKi,keep our love alive v4,Akame,KR,1
4jCNLZieeYkijwEXXFeixK,Boom Boom Boom,BOYNEXTDOOR,KR,1
6CyRYi1FXygOyejKcfZeJI,Yin and Yang,ZICO,KR,1
6aj9Cf3LDG3zehyw3qJyRu,Panorama,TAEYEON,KR,1
3gnwXOQg4qj6q9nYbVgqZn,HER - Japanese Version,Block B,KR,1
4F0ft3ZDmIN7xz4HxYW7y0,keep our love alive,Akame,KR,1
2IvMayUNvcBnQDQM0VQO7a,LIT,저스디스 (JUSTHIS),KR,1
2yLRVW5TPUr2xbuaIx2EqY,"Sun, Stay Asleep",DAY6,KR,1
1zEDtR1s5RwARukQ28PHvT,NOT ME,ILLIT,KR,1
2aTs07BHIgEoelYtdYONw7,I DON'T BARGAIN,ALLDAY PROJECT,KR,1
0c6PVOqHNDuhH6uNfA13IX,DIFFERENT,LE SSERAFIM,KR,1
2VKGO4DNyUK5UxCQB3b3DF,Adrenaline,ATEEZ,KR,1
4HjWscTNLKHkeoV3YopC3m,Moments Like This,BROWN EYED SOUL,KR,1
1xgGPtqNbxEejJhVDZ6TAJ,Run with me,NOWZ,KR,1
3HC8n2oPye2Co2wuHH0tcw,The Quiett,YUMDDA,KR,1
6gVCanPv8n8EFw8ibzaY9l,As Flowers Bloom and Fall,HANZ,KR,1
7MGUDGEQpcqf29gWAmJyy4,Sleep Well,d4vd,KR,1
0HNIIJzAVqPXmUOZFx03Av,All For You,Seo In Guk,KR,1
3seYQZjm06TKo0l7hpmENo,Me do i,hunnie gz,KR,1
1AO9dgVC6GL4ILlh1RpBnC,CINEMA,WOODZ,KR,1
5ZuF7Gfj4f1IBta90LWrxI,EXTRA,JEON SOMI,KR,1
5QB4UqWDiTnKdmW4QXHj70,"A Minute, A Second",AB6IX,KR,1
67VMTaC74dpi1e2Z8Rs1O3,keep our love alive v5,Akame,KR,1
3dgHBYs0bBgcVwgYZNR5Eq,YOU AND I,ALLDAY PROJECT,KR,1
6Df7MebpSWzJmgzbW1ZyYF,Irony,YUMDDA,KR,1
3XYn3mUiV8WezGfepKrU9h,HARARI FLOW,ksmartboi,KR,1
2StQuhn6KdemQlwsvLgwBy,CINEMA (Lee Know & Seungmin),Stray Kids,KR,1
6u7J7OH56kiN2A7Pfv5D0i,No Way Back (Feat. So!YoON!),ENHYPEN,KR,1
09PyC1qMkM0JVtqHHFnjKm,My Life,YUMDDA,KR,1
0NsmpxrKw7ZWGKjnWVJtm5,Big Girls Don't Cry,ENHYPEN,KR,1
42UXtKXbWkK4AkqeoS3V4e,Count On Me,aespa,KR,1
5I6LZLgCnUkHmUtyj7BpIN,Angel #48,aespa,KR,1
6OPd1gGT2gRadClWhzcPit,Last Scene (Feat. Wonstein),IU,KR,1
4iHYQwgtrY26p2uQG8Nstr,Blink Gone (VIVINOS - ALNST Original Soundtrack Part.8),BL8M,KR,1
25JImJVprKvTOZEJnPHJEP,Bathroom,BOYNEXTDOOR,KR,1
2m10VLkPg4RDnNywmh7OkU,Disco Day,DAY6,KR,1
2FktPXK8yLMFyx6ZTQtRSm,Born Fire,LE SSERAFIM,KR,1
78W4mTLIh4qoLu92W4IQhO,ライラック,Mrs. GREEN APPLE,KR,1
6AF3XZYqQXe8ZeohNrbFXH,A Beautiful Person (Feat. Balming Tiger),IU,KR,1
5g1BNy834qelaaS4xRdTTe,Bongsoong-a,PLAVE,KR,1
5ppdmIeHPG2qLHm0SsmqfB,Last Shot,VALORANT,KR,1
54uNtM77iZ5gawWBQGnEar,Bubble Gum (Instrumental),NewJeans,KR,1
6yTVgo0aw7LGUm4WHGjRxy,CHA CHA CHA,Vince,KR,1
7jFJAE7kgapsVLd4b5Vsam,Bubble,aespa,KR,1
19iJj3pCMwGxrA6pltPat3,GOOD STUFF - KARINA Solo,aespa,KR,1
1JedlGqkzYvVUITKsvhbPh,Seven (David Guetta Remix),Jung Kook,KR,1
7hCUHXMZknrymWCyeMx8B6,MONTAGEM RUGADA,cape,KR,1
7qF0I6Chp4u0MwMXMFDQR3,Ugh!,YUMDDA,KR,1
4fdolSsdFlJ6EKFu2BNuHj,Phoenix,NMIXX,KR,1
1VXv0ltyTJWcRltuEf5Qin,Ruin My Life,BOYNEXTDOOR,KR,1
6jgUrLEivd4DaiYb1izJLF,Right Now (Instrumental),NewJeans,KR,1
2wRXvIGUTRWod4yp1k3bGN,Dark Arts,aespa,KR,1
0mPYjKXaHYMPhtq0hCIkgn,ADORE U,NMIXX,KR,1
4OWKzw44sCXWih8qy4Av8K,1-4-3,Yerin Baek,KR,1
0mFkmiC5u1V4JBP6PsoVP0,Elevator,BAEKHYUN,KR,1
5MaPzLp2vwSqu8YyUZ4zR7,little monster,ILLIT,KR,1
4bGMm3NwFM8q8YC3Y6VLOE,Ridin′ (Prod. THE HUB),LILY,KR,1
5hfKDfqthxHt6xsgCjimuO,Chasing Lightning,LE SSERAFIM,KR,1
1amaLBTe7l6zyWrWoq2Acy,3D,Jung Kook,KR,1
0VdikQbDdOqxdWQyYsLmne,butterflies,JVKE,KR,1
3GFeuIIJQDgCpVHjsLkEgw,Good Thing,i-dle,KR,1
36LrJYnDorTz6v7iEPfipp,Dirty Work - English Version,aespa,KR,1
519ieUWSSFG5AuPCo0dy54,Not a Dream,Song Sohee,KR,1
403TlzPjfgom5QGWX11FCw,UP ALL NITE (Feat. SUMIN),Crush,KR,1
5T1tCOZZuoAX9hA1e9xE8U,LAYERED,C JAMM,KR,1
27VnLN3KUpvEdKI8n1Zyid,Heaven,TOMORROW X TOGETHER,KR,1
4jP982FpZoDv729D0X8BiN,AURA,WJSN,KR,1
5q7uQrUfdGIrTnspd8tYu6,Burning slow,Molly Yam,KR,1
3HEalV7Rp19wijgkBFZyje,keep our love alive v3,Akame,KR,1
29sI2nRMCyKqmmpWZ6WJsi,NamgungFEFERE,Silica Gel,KR,1
0warEAGkdMG9x2grXqKhlY,The End of the Day,RIIZE,KR,1
4YmrTTR0fxBE3nBS8StToi,Rendez-Vous,BAEKHYUN,KR,1
0DWzK98hPUY5QxlK9TDBv7,Show Me Love,RIIZE,KR,1
1u0BOAJnNyf6RV6B69MpMO,That That prod,PSY,KR,1
4F8e1uEGDoefb784hyp6Et,LALALA (Snitch Club),Sik-K,KR,1
5iXD5rOKV99XGtkaiucHpM,BEBE,STAYC,KR,1
3USu1p2lKTzoKFIRDeeJf8,MEGAVERSE,Stray Kids,KR,1
1RTW9UthqmZwr8Od6CH4i8,Into the New World,Girls' Generation,KR,1
2FzUD2fJDnR8uEaBtZIN20,Wakey Wakey,LUCY,KR,1
4YPF8kjq2Q9hVzOwBjM2vg,Walkin On Water,Stray Kids,KR,1
5tVnzVWIKrmmuOPGbXUbT4,Golden - David Guetta REM/X,HUNTR/X,KR,1
5Fb64pKATb2BrH4yMPHkW3,don't leave me,TOIL,KR,1
46IsYXceKrIz46VHpGwRnr,Pink Hoodie,aespa,KR,1
2L56YCM5eA8xWsUcGgo4zV,Running Wild (Band Ver.),Jin,KR,1
39k6Kd9PcgJMkc4DRRztuq,"Ballin (Feat. Kid Milli, NO:EL, Ksmartboi, Swings)",YANGHONGWON,KR,1
6X6b1RQFCkzhUCpHQlbOiW,Running Wild (Holiday Remix),Jin,KR,1
3fO6bY9AZndZu8ltaNexBz,A Yo (Feat. Beenzino),E SENS,KR,1
5LGk6HojDdgnWmSck7AwZi,when the storm passes,Akame,KR,1
0wyChSpqIqOp1nxIBYlYZn,What The Hell,E SENS,KR,1
6mbbLSTKMMG50xML4OzlVS,Running Wild (Extended Ver.),Jin,KR,1
3WcWE3cvBJpRoJSbrxrVkY,Running Wild (Afropop Remix),Jin,KR,1
13189A36QorREwPdLYzFIs,No Boss (Feat. Dok2),E SENS,KR,1
7zgHEl7FKvSYoinueRFl1H,"KC2 (Feat. JMIN, HAON)",Sik-K,KR,1
2ub590isVV1Xy5u8JgBFuV,Running Wild (Ballad Remix),Jin,KR,1
5dUjBnP5zrWpWA5RGrr73g,Cover Me,Stray Kids,KR,1
6uVpG6300TODQGjOAtXJjh,BLIND SPOT,Stray Kids,KR,1
7Kpom2pMTS0TxnJBittIFp,Truth hurts (Feat. BIG Naughty),Shyboiitobii,KR,1
7g97EfyxPG5XZgYmLig9ML,That XX,G-DRAGON,KR,1
6L22JhubMtyZNBEFuzeZKB,POSE,LOONA,KR,1
11qnaqwCtB3UHjIDHsFuEK,Burning slow,Molly Yam,KR,1
1EWTsgQAEsUrnQ8iawhDSN,ITEM,Stray Kids,KR,1
6lO6FeCzThbz1UmXCLLUlr,Good Morning,BAEKHYUN,KR,1
5xwyQy35cGlBuheV8fvutf,Running Wild (UK Garage Remix),Jin,KR,1
1IxFHdxSdC5vK1mvxCE0BM,Anthems of Defiance,LEE SEUNG YOON,KR,1
2zPqhdPGNCwzXnvSvj7WgD,Leave,Stray Kids,KR,1
5UpOKgvHCp0HkXDgxmWM7F,1 TO 13,SEVENTEEN,KR,1
2ueLsqwiIflzdH8STALWRV,B**ch (Feat. CHANGMO),Leellamarz,KR,1
0tHp91iPXT425nduoYRHlm,Novacaine,KEY,KR,1
1L3tUdD47eusTrxQRnr7IK,Going Up,KEY,KR,1
2OQ30nbqnapjoMlcxKIAJu,TOPLINE,Stray Kids,KR,1
04A4WyCRyHQ8Nb3u3IsfzH,I Like It,Stray Kids,KR,1
5podb1asONjqwKk1iMVOeG,Hall of Fame,Stray Kids,KR,1
59KQAhHozpW5Tl6CbS1nMH,ㅠㅠ (Credit Roll),RM,KR,1
3EI3OLBeM89B0o0UsIGCOx,Trick or Trick,aespa,KR,1
3OhW68CiyfCoeGntozuUMl,Super Bowl,Stray Kids,KR,1
2Rz7TEBsIXbI1tKsfQOCjI,COMFLEX,Stray Kids,KR,1
4M27cSWrLO7bVW8ISJXwNU,Space,NCT 127,KR,1
3CEm0R0huTRT1IcxYhuTWv,Candy,SEVENTEEN,KR,1
6UrsyvM8b3RMperY8vybgK,TIME MOVING SLOW,¥$,KR,1
66XSjjwZLBJ55s5ZhdlxkP,Collision,Stray Kids,KR,1
4GvyA3KLY4S83khi5kLsiP,Jeogeumtong,E SENS,KR,1
7k1c7yTyXKW0gLyQ2Nxiyd,ROLEX,YANGHONGWON,KR,1
7jeccVuv2e6vHJJt7dbe3F,I don′t know a single thing (Feat. meenoi),Leellamarz,KR,1
5TTyyKNJZHONhjtAiXL1nG,Hero,Charlie Puth,KR,1
6dyXogYZZ45wBgRY1Wq3P1,DLC,Stray Kids,KR,1
1hewNMWyHhb2zLZMOIPVWq,Ugly - Spotify Singles,Lil Moshpit,KR,1
1qzcBJjBNyxgnzVeUEELvG,Blood & Sand,Joe Mesmar,KR,1
3OGSCPdVyj6FWJSm8bx70q,Woo,BAEKHYUN,KR,1
34sW3HrJsxAmbNqlmSoYvu,GOOD SO BAD,ZEROBASEONE,KR,1
2uJEnyojuGg31VVlLTQFpp,Don't Blink,aespa,KR,1
7qkv7ZLTIMkObkyhNo6sdQ,Eyes on you,SEVENTEEN,KR,1
6ojfWEW5oBSyXQqO9G72iM,JJAM,Stray Kids,KR,1
0fRcFAYeV3KXMufG8q1yBI,Cold Heart,BAEKHYUN,KR,1
4GZvo0OL3BsRxNrj4TBeP3,En Garde,En Butter,KR,1
0MvgUGhKvrStBo2XsPuwt6,MOUNTAINS,Stray Kids,KR,1
0HEeafoIUSw9baWulU9WYC,I'm Fine,DAY6,KR,1
0Qh8dlEJ3jVWk57Ql6XrdS,Last night (Guitar by Park Juwon),JxW,KR,1
5nTemr4PG8L9jQoqxsZu6w,Knock Knock (Who's There?),Red Velvet,KR,1
7iKbV28gTF43LAeovwznXT,Whistle,Brave Girls,KR,1
7dqUVy6c69qzuAtIFbNeZ8,GET LIT,Stray Kids,KR,1
7dHJMkXIE1pzeX0h5VLUty,Hangover,Leellamarz,KR,1
2lcRmD1OrJq7PKidfQNb1S,Cupido,Engel Montaz,KR,1
7h7p7gSIBzqTxEEoAR2lwL,Glue,HYUKOH,KR,1
2KoeSRTm9cRulYnkaEyUaP,Crazy Form,ATEEZ,KR,1
2X9YntcmvOI7Ks0bkkfbL6,The Things I Love,Zion.T,KR,1
12xk4SqP3omYgUZbPWF3nF,LALALALA (Rock Version),Stray Kids,KR,1
0HV0U9vytBmG1zIIAQFUpI,FNF,Stray Kids,KR,1
3frLzo91IiVjnFg5efPMsp,Thank u,Zion.T,KR,1
0EGVwtzxVKpwRP30ydQ8mZ,Seven (David Guetta Remix - Extended),Jung Kook,KR,1
11YovYUVkZdLyOFncbecWL,Our Night is more beautiful than your Day,NewJeans,KR,1
0Pd79ZmfbrE6690cuN9fHC,20,BOYNEXTDOOR,KR,1
3lLH0FlC2pYCeZEf05zKQn,CRAZY,LE SSERAFIM,KR,1
1RMnVmHGSvxlexnenQEXSb,Monster,SEVENTEEN,KR,1
1HshHZrFIF5MRXWCZntOPr,CHILL,Stray Kids,KR,1
7hYGWflgiI2aa25jOgL6eg,Hmm-cheat,Crush,KR,1
6n5M2Al3QgTScpO4AZH9OI,Diamond Days,SEVENTEEN,KR,1
6L54xAfRiWZrmqMaqOvUJV,WHATT UPP!! V.2.0,AJXACE [OLyMP$],KR,1
7aGZLiPMaMKupY4fwzDBb2,Lips (Feat. GISELLE),BOL4,KR,1
6SePnvTZkIXZznc8Ftc6vM,I DO,i-dle,KR,1
4eSaL5oRwSHcMGvmIrgYzP,Hot Summer,BOYS PLANET,KR,1
1DXomndYd10iSX9uZSPv6e,What kind of future,WOOZI,KR,1
0NhfkWo4IBjNk8PnOM8Obg,Truth Be Told,BAEKHYUN,KR,1
122mDqTfKey7EyWmqrAPKU,Ai to Highball,LET ME KNOW,KR,1
7rdGrVIoqwPWOULauvglio,Lost Stars,Adam Levine,KR,1
7D7oIpsm4trbxthAU7JMtB,Potential,Lauv,KR,1
3W96Ba34ka0uGYTlPU3JvM,Social Path (Korean Version),Stray Kids,KR,1
1SaLI6o5GhfcaxPVAJoD3r,Hot Mess,aespa,KR,1
249MAyb50uYCBMck0hSpz3,LIFESTYLE,¥$,KR,1
0AnCWhBbUfDtiQa53CiESu,Piggy Bank,E SENS,KR,1
6BBc24r3QbIP4Qt3gdUOtZ,毎日 - Every Day,Kenshi Yonezu,KR,1
1T0hdoMSjzoKUPbKRmrDg3,twilight,Stray Kids,KR,1
6M6ZNRplLNspFEn6Ab3mOv,オレンジ,SPYAIR,KR,1
3sCalrI0FN3qZiMLkd8N7Y,REUNION MEGA MIX,TimeFeveR,KR,1
4RJHDWdfgBwc1WXdL2aWaj,Such a thing,Paul Blanco,KR,1
49eleLPCqnwgBSICKgcL0z,Seed,TAEYANG,KR,1
1xsmVbbkSdzKcPAS1NQ662,Citi+,YANGHONGWON,KR,1
14sD1EmQ20kSJY3P0M82MY,Golden Hour,Mark Lee,KR,1
2mhrwBCeY8L0ZnIwQZjkbL,I’m Not The Only One,Sam Smith,KR,1
27N2bd3ait2QOnprc4seCK,RIVER,¥$,KR,1
4tIAHpF340zdoCCIBFcyit,Runners,Stray Kids,KR,1
0Hj4YtlD0Q5O0srdZxJUtl,Gold Dust,NCT 127,KR,1
3gYWGRS64XrGSrjD3vvtga,Moonstruck,ENHYPEN,KR,1
4djqrmDdminiED4aruwxNT,Like I Do (Jay Park Remix),Jay Park,KR,1
1mdtLny0zugh89vokWGG80,Hot Air Balloon,aespa,KR,1
5sSv2lotkWeHZ9YSTQrdbf,Youtiful,Stray Kids,KR,1
6vt4R4q5YL4M2cxl7o6pTe,When Spring Comes,Roy Kim,KR,1
3urRYZm3Xws15GeNNoqs7y,Roses,JAEHYUN,KR,1
08H8CT32rALUZvL8TE4ruD,Stray Kids,Stray Kids,KR,1
1EPw2pYx7WRlVMmLp3GHFP,BASTARD,HAON,KR,1
03e4A00khehPEsePxyWea5,NOT FOR SALE,Zion.T,KR,1
5rz9tS1TSNbpXmtTdJNGMw,Gas (Feat. Jibin),E SENS,KR,1
606Cy8x4IPNlYjKYd88pEr,Baby,BE'O,KR,1
405FiklG3MAiE2SfxNSlNG,TO THE UNDYING LOVER,데이먼스 이어 Damons year,KR,1
0INxaaPlo9DnT0OYEzHdsk,Bite Me - Japanese Ver.,ENHYPEN,KR,1
5k5npy7HGpTbzKHhu958ZJ,Villain,LUCY,KR,1
53x0Yk1qOyurd2MefyF3Ny,Feeling Lucky,BIBI,KR,1
51Ku9WXBmDgg9Ni5jg5kuR,HUSBAND,¥$,KR,1
46hCrsB4mC1IWcYOMQqNWA,Faster,NCT 127,KR,1
5Y1JLn2xFudNJolHkvoTXk,Slow Motion,Matt Champion,KR,1
7fcZk7OXeFWD7DWybltVVf,Be Who You Are (Real Magic),Jon Batiste,KR,1
6vMDcLqfihUWSnn2LAhbZ4,Come back to me (Radio Edit),RM,KR,1
7dTv6c4yQ4gBVFSC3fX0RH,One-Way,BIG Naughty,KR,1
2L6QRccSHAsdZDc9gz6Bfi,Spell,SEVENTEEN,KR,1
05QrjMU5kHV7dpyNmSxqdv,Peanut Butter & Tears,DPR IAN,KR,1
54wqX30KnwGZdLmi8r0Wgo,OUR,BOYNEXTDOOR,KR,1
0Mwj2BjoZwV6ZsYlqj6vB0,SICKUHH (Feat. Kid Milli),NMIXX,KR,1
40PKBUQRjtW2pUg4zv3y7r,Back 2 Back,SEVENTEEN,KR,1
5qm0xv82Tv0WRHUMLKy1OK,Talk tomorrow,Leellamarz,KR,1
1q4BCQssFe74UJmnWt5lov,Lipstick,Charlie Puth,KR,1
3PejDs8Z2jB24Y5HpnvFDM,SKY CITY,¥$,KR,1
17IcI8xMok8qFNhSPRufjo,Rains in Heaven,NCT DREAM,KR,1
4I95uQMtIwg7779WEDy8Mc,BOX,NCT DREAM,KR,1
6kniGjw06j9O7GFgEFwu8v,All For Nothing,TAEYEON,KR,1
008hCrBLW4a7BbC6c6UUBL,GOBLIN (Feat. Homies) (Prod. R.Tee),KHAN,KR,1
2DJRPYt6QLeYlU6xzdSW5p,Your Eyes Only,ENHYPEN,KR,1
1y8tPIOh9kR3eQE6TeBCwe,Burn It Down,TAEYEON,KR,1
3FxGTxebY5j4Etl1KbIIZl,Time Lapse,NCT 127,KR,1
58xqapN458N2VjibN3uVrY,Underwater,Red Velvet,KR,1
2bOrjwAmNpzLZBIe51FAUq,Angel Eyes,NCT 127,KR,1
7uG8ZxJPQt6BMN0OE5sxYR,Star,N.Flying,KR,1
549pkLJc17pBTeOENTYPS1,Screen Time,Epik High,KR,1
1FTFDCKkVNGf0UCccm23LA,Home Alone,NCT 127,KR,1
33fUk4sBTnhJQnts8IGGBd,Rumble,KingLee,KR,1
0GLXQAdrh4tdvz0JLw8DX8,love you twice,HUH YUNJIN,KR,1
0fu0pTLQa8qgymZAXT6ud7,Rose In The Heart,ASH ISLAND,KR,1
0Zlo4uGTlUdVnd7X4qJBzc,Holy Moly,IVE,KR,1
7fQKDpB4i0hiQacjVCXVU2,3D,Jung Kook,KR,1
3uXTRQ41tZ7xwGJ1NnKnUC,I remember,ASH ISLAND,KR,1
1YsU8rW2u8z4F0pwOBQ4Ea,feelslikeimfallinginlove,Coldplay,KR,1
7CQhZA3qNDZBoTKWqjD7gR,Give Me Your TMI,Stray Kids,KR,1
3kfQuU6FXW4OXHIHjuups7,SUPERPOWER,VALORANT,KR,1
0y0uzuB1HxljAY2j0tLETp,Fancy - Spotify Singles,STAYC,KR,1
3ivdlmTbUSv5JN9W8Tk9V1,Brought The Heat Back,ENHYPEN,KR,1
3WFTUAPrXvqg3SXC0bsukz,EENIE MEENIE (Feat. Hongjoong of ATEEZ),CHUNG HA,KR,1
0IVwlMnmT0CS8opHfFZAWp,Will I Ever See You Again?,Red Velvet,KR,1
1qzvzPfqzpNQ01ZBOEkVlf,Yawn,SEVENTEEN,KR,1
7rx73Y7UB1gy6bOLqJvsRe,200,Mark Lee,KR,1
1D11R41GrNKopqfY4JsfTf,icantfeelanything,NCT DREAM,KR,1
77GfQKz4WzULTEoLL286cT,"INFJ (Feat. B.I, BANG YEDAM)",BIG Naughty,KR,1
6Vo3VtFuU8qHeXJpb5rDFa,"LIKE WATER (Feat. Loco, HyunA)",jambino,KR,1
52qof5uEYA0TV0EpR7jNxs,You,aespa,KR,1
6T4o4xEh61CpgM9v4jG5DJ,"3RACHA (Bang Chan, Changbin, HAN)",Stray Kids,KR,1
4CnDbDsp8M84paAlyPpVpf,Lucky,RIIZE,KR,1
0YTM7bCx451c6LQbkddy4Q,勇者,YOASOBI,KR,1
1n3XdyPzDSbbVoRUb9QSW7,Black Clouds,NCT 127,KR,1
4zAPGonsOwjqDtRZ3Hh4Ho,Mixtape : Time Out,Stray Kids,KR,1
6i1PYoUEMHqxAsAUKHkqpe,Fatal Trouble,ENHYPEN,KR,1
0LdpgzRupg6P511GEACdm2,The Power of Love,DAY6,KR,1
3dmZOzXDFXEZXdjPqJJPKt,Nightmare,TAEYEON,KR,1
2rwJP8OEao5y3xexw52HfD,Shadow,SEVENTEEN,KR,1
3NJ5Ksj7LNbvfNgEtl3o6Z,Burn the Bridge,LE SSERAFIM,KR,1
3e9z7v3fc6KBXACJwj0St1,Y,HYUKOH,KR,1
53qayme5jMFwTb3fF84uv6,Celebrate,Red Velvet,KR,1
2guRuQxxz0WAMyUMvLGIV8,Dolphin,Zion.T,KR,1
05ib88vsMeLfwlAfrZyz99,"TASTE (Lee Know, Hyunjin, Felix)",Stray Kids,KR,1
5qqWmtBkXylOHp8aUWsTuA,FWB,CHANGMO,KR,1
3BMPko8xMjEBvBdin30Fw6,THE SOUND (Korean Version),Stray Kids,KR,1
5bwpbZBOY0mrmRhZ94c0kW,Cookie (FRNK Remix),NewJeans,KR,1
66eZq38bO1ofzmpNa02XiL,Crash Landing,NCT 127,KR,1
3OQWohbPUsvbXaH1AiRazX,YOLO,aespa,KR,1
4e378M6XRmJBW30gNws2TE,Switch,Gguggugi,KR,1
4YGjBlNqjaUinn2aRkWcLG,Parade,NCT 127,KR,1
6OXq1P3P8Z8ky2x8dDtHSH,So I Danced,DPR IAN,KR,1
5r3VFyq4KrdCeRNUDtGfJq,and you (Feat. ZICO),meenoi,KR,1
12Yy0hZrUebGnr3IrppPnW,Zero (J.I.D Remix),NewJeans,KR,1
0rqCoWrvQaEqa0yMLzweSD,Seasonal Crime (Feat. Saebit),Miiro,KR,1
36jIu8oPR1Z4cguMuHxUXA,TATTOO,OFFICIAL HIGE DANDISM,KR,1
6iirdwpyu2Ohg3iVdu4vXl,Kiss,NCT DOJAEJUNG,KR,1
7EHHUyp0NsNSR25snPWW7f,OTT,IVE,KR,1
2SKBwYW23iHoB7CrYSeyC9,Hold Me Tight,BTS,KR,1
7u3ihO1cH9EDCwsz0k620d,낭만젊음사랑 RomanceYouthLove,ESEGYE,KR,1
7mLHba9b39oYWxxGVbPBXX,PADO,NCT U,KR,1
2mW3Yc2PLKE6sfLpxkQrkm,"LOVE (Feat. Paul Blanco, ASH ISLAND)",NSW yoon,KR,1
1K954KSlnbgKLOd9Zk7N52,ICKY,KARD,KR,1
6gGtT4dIKt57gPubAGr9nY,Why,Jay Park,KR,1
74l5BPqT3RbvADZg63Xz2g,Payback,IVE,KR,1
078fJxqEUz0LvbHSM6AoXJ,SUPER BOARD,Stray Kids,KR,1
3KvRIvP9kzP2JTljShpSJu,Finale.,eill,KR,1
2zlgwqw8BLX2JGB76LIFeF,Missing You,BTOB,KR,1
0Y9C5yhzY7Pa1AqjUFrizq,I don’t know a single thing (Feat. meenoi),Leellamarz,KR,1
6Es0Sxn1yE7L0T1YxrYHKX,Headliner,SEVENTEEN,KR,1
7oywdKWSg4V37AE05eT9bX,There’s A First Time For Everything,Charlie Puth,KR,1
6Dk5fHTvH897XrVzCO64Mx,What You Won't Do for Love,Bobby Caldwell,KR,1
7hCNBVRhHzcsRAv0TQnOzq,Runaway Baby,Bruno Mars,KR,1
7qwmyLPHUwAT5zCYPRjBa2,Liar,KANGDANIEL,KR,1
56kc7J5Enl1ayKv3ClHMsl,"Jumper (Feat. Gaeko, MINO)",CODE KUNST,KR,1
2kJBakUhqFBNT2wNZQQaZY,"Can't Stop (Seungmin, I.N)",Stray Kids,KR,1
4fg42mtrSFuKQ9NYBboiiN,Lucid,i-dle,KR,1
3SB8fH05CZEkPTWJAgkAB2,DEJAVU (Feat. Jay Park) (Prod. by Slom),Lee Young Ji,KR,1
0cIEQ9hmlk2qJFvjZGgS82,Why (Feat. Hoody),VVON,KR,1
7yMSnQEier8Kp4iQuIvt0t,Nights Into Days (Prod. by Naul),TAEYEON,KR,1
51oDOYN8AOyzvOpcvRGyI8,Good & Great,KEY,KR,1
70l9WbRhCmYrnT02psPSMv,ANYWHERE ANYTIME,george,KR,1
7pYiTMBG8sgPJvXZZ476i1,120BPM,KyoungSeo,KR,1
01nC1XQoc7jqWDJdv5IIfN,ROAR,THE BOYZ,KR,1
5O7UzcP9xERulidcIULOEj,'bout you,SEVENTEEN,KR,1
6rB8dfmItwVjDKRVHriRhI,Not Alone,BOYS PLANET,KR,1
2wvEHkGKifU1FCqUDi00co,HoMe boy (Feat. LeeHi),CODE KUNST,KR,1
3tB10LUdisNWISpLw5gPCk,Lingo,aespa,KR,1
1eHEEbaK26MZKmGhqj6bBo,Full Bloom,Ahn Ye Eun,KR,1
517YsJThPWarAX0KXrGPRK,Trapped (Feat. Chillin Homie),ASH ISLAND,KR,1
5pclRrU254BhS94sYWeCxt,Can We Go Back,NCT DOJAEJUNG,KR,1
6KxgptZSrQC4Vv21ZBOG7S,golden hour - Fujii Kaze Remix,JVKE,KR,1
7fhQqMnAybWXKE2lidO3Wq,Three,SILKYBOIS,KR,1
65TacPD6oZ2KKxWJf2yPlh,Chosen 1,BLASÉ,KR,1
21VhZw8GUbgWUD5SNwLPua,Front 2 Back,Mairee,KR,1
7a19SHGgpiev0KdxH7ajoS,CIRCLE (Feat. Crush),CODE KUNST,KR,1
6dXt2gwVdumUj1pFEyGg6w,Korean Ballad,BIG Naughty,KR,1
6Uvj0I6nDoxTmIZQwOZqvQ,Catch (Feat. Hwa Sa),Epik High,KR,1
2MRfEJTfX12xPY0vx4STNe,No More Drama,Charlie Puth,KR,1
6WY4wvlmgccWapnIg14Vy0,Merry Christmas Mr. Lawrence,Ryuichi Sakamoto,KR,1
1zd35Y44Blc1CwwVbW3Qnk,群青,YOASOBI,KR,1
7f9Nbqm1ds2kxGHioJtdf3,Sculpture,i-dle,KR,1
5a3aBxwQjcZfT1Qswlc1cK,"Vroom (Feat. lIlBOI, Swings) (Prod. GroovyRoom)",Roh Yun Ha,KR,1
7mWBvNosCez1ry9f1ba197,Tears On My Piano,Charlie Puth,KR,1
2qhRIrEyGTMfbboHWRsUkf,When You’re Sad I’m Sad,Charlie Puth,KR,1
2RUMDEHxOEUoGbPEtRR4L1,Marks On My Neck,Charlie Puth,KR,1
63zZufrRDgwcVMUbvbfcJh,SET ME FREE - ENG,TWICE,KR,1
5P188CGPr5TKnhTrTGWme1,LOL (Laugh-Out-Loud),NCT 127,KR,1
20hbf8BuH3xZcZZiL8eu32,TWINTAIL20,D-Hack,KR,1
1dHHWJNYz8SfuDnaV11e67,Lucky Like That,Girls' Generation,KR,1
71mbhY822FlcBmxMgeuUgA,Vitamin,NCT 127,KR,1
1JoWETByyP9pvWIS8xktfH,DJ,NCT 127,KR,1
0ilwFWjTwXszzwaG3XlNWj,IF you leave me,SEVENTEEN,KR,1
1Z5Dmg7Dvu0X4oSdqLZ3Lu,Best Friend Ever,NCT DREAM,KR,1
24ebPi6UpTNw2vdzxGbO9n,Flying Bobs,The Black Skirts,KR,1
6410lt5ieSLvkczCmltXnc,"Bathtub (Feat. Whee In, JUSTHIS) (Prod. R.Tee)",DON MALIK,KR,1
6MqXGSU0kh2auxtZivJ9kT,CIRCUS (Korean version),Stray Kids,KR,1
0CXa72Y0ozZmM5QObUzMxE,CHURCH,C JAMM,KR,1
2wgYCc1xORV5CI8psWTroo,ホワイトノイズ,OFFICIAL HIGE DANDISM,KR,1
0cxyNMJpgb3LsAk5XdBuqd,JUST,C JAMM,KR,1
1uIN3VCVKzMXqF2A2Qlw5q,Life's Too Short,aespa,KR,1
4xc3JpkI8kxLwk1SJafjzh,DARK (X-file),i-dle,KR,1
4oy5p3PSyc3QGgBEUqdiXn,IT'S ALRIGHT,MONSTA X,KR,1
28MATCYDctW5EiBa2repxb,新時代,Ado,KR,1
2HoieslRjno48m3VcZcWB6,MotoSpeed 24,BIBI,KR,1
1zOOl8f7qkjj0AmvlCfLyQ,The Drum,Alan Walker,KR,1
0XVzQQ8m7CHmc58TDMJuRj,See you ! (Feat. SOLE) (Prod. R.Tee),rosy,KR,1
2138nuFxkpawpBEkhyzZee,Playback,NCT 127,KR,1
3e10Ct9oFcIdgFjkDUBV2k,Beautiful Love - Free Fire,Justin Bieber,KR,1
12g9IeQzX7xECLNxz8dpb5,I'm In Love With You,The 1975,KR,1
51kQvG4aghW17VSZKkfxTp,MOVIE,JUNNY,KR,1
3VwwxnQlYfAIIIWwgvdAWR,The invention of romance (WEBTOON 'Discovery of Love' X BIG Naughty),BIG Naughty,KR,1
3wA4ronkc8ZcPXUP0fDgYA,Bad Day,Justus Bennetts,KR,1
2kIvvkzrcrFqVdPGSHtKYO,Never Ending Story (Feat. Dynamicduo),Leellamarz,KR,1
5kc5p2mwO2GFq93zw5ZFWV,Ash,SEVENTEEN,KR,1
11JpW4h96X4TlGt6LFpNCC,ICU,aespa,KR,1
4wfMnEUQScYZdyRib4iON1,Min,The Black Skirts,KR,1
6LZWHcYQBumgCzdeLsuqDe,Skyscraper,NCT 127,KR,1
6keGLa1EdSAA5G0p2RFmVg,ROB,C JAMM,KR,1
3NVskN6estUcP26ZaMcMMu,Tasty,NCT 127,KR,1
5bZ8iEjZ0iLq6Hr6GPWsUR,THE GIRLS (Can’t turn me down),Kep1er,KR,1
6TFzDICsKe0OqhifV79uKr,He'story,Nilo,KR,1
3KOM7GQcX4KytvirhfdlCW,Youth,KIHYUN,KR,1
51oc6MEsXTpnPn6GOw5VuP,きらり,Fujii Kaze,KR,1
6z1pJ3KUmQagUpMVqL62sa,Undo,Heize,KR,1
0OXdfW3Q6VJGpg1k5Ik1SW,Give Me a Kiss,Crash Adams,KR,1
4kqaXPFAaaohgxUCFTOe6r,Sunday Girl,The Black Skirts,KR,1
72jCoLdx2R80PiQmZhHPKO,Algorithm,JEY,KR,1
5f2CcxzZoW7hNs1O8NhG6y,When I Get Old,Christopher,KR,1
5k1A6F2kRnr6XkYKpVt7V0,Boys Like You,ITZY,KR,1
2EKey8SiwOC7zMtgmAwss1,"100℃ (Prod. GIRIBOY, YEOHO) (Feat. YUNHWAY)",GIRIBOY,KR,1
0GtnPY1LePGHquWzIEiqMj,비밀번호 486,Younha,KR,1
3bPwNEZ0yLDT1j06XD4I9X,"1, 2, 7 (Time Stops)",NCT 127,KR,1
5q6MTurViLpNl0fgHd76BA,Pour soju on my grave when I die,HOMIES,KR,1
7IkuRNVAjwXpZ2DheQHL4L,FIRE,EXID,KR,1
1nweLvsXxP02tHMOBY140B,Baptized In Fire,The Black Skirts,KR,1
3P8LJzc8QBtHqmLQCyoCQe,HOP ON THE TRUCK (Prod. Padi),toigo,KR,1
5Zt86CL16kbPvuwcmHMEg8,GAM3 BO1,SEVENTEEN,KR,1
6IOF912y8zCgs0b97no4lj,Cicadas,The Black Skirts,KR,1
3aUD2nXnCYiGd9V1UhfyRz,Stranger,Lauv,KR,1
1TE8BaHIA2VjE1twrZETS1,BBAKSSE,C JAMM,KR,1
4xZtkGQiFjG1DNA6bQYyHg,SSKK,C JAMM,KR,1
7yfH1m18qMk1gAXPazWX0v,Seperation Anxiety (Feat. JAEHA),Leellamarz,KR,1
0nEsLR5KTySCO9CfyC2yjg,Mood,DPR IAN,KR,1
7cHXwaBnIBFUPuP376z07E,Flip That,LOONA,KR,1
63dt1BEeb05e452S14uTRB,MORAESIGYE,CHANGMO,KR,1
7sA2SKTo1QbTSSYn5YvJC4,Sharks,Imagine Dragons,KR,1
22FORLyoDr8bjJCVOeUan2,Poker (Feat. Dvwn),BIG Naughty,KR,1
0tYZo2UhV1lrUez5CA0Iyw,Guerrilla,ATEEZ,KR,1
6pllZAdgBf4QTcFUrF3DzL,喜劇,Gen Hoshino,KR,1
2tlJ22iQwiO1CWBQSma23n,Car Crash,eaJ,KR,1
1afEbbD4hZvdA5orDq1sPj,"Same dream, same mind, same night",SEVENTEEN,KR,1
6GKShCAPVjtOWJTH5tcSoj,"Sorry, Heart",NCT DREAM,KR,1
3MJE5DoCeAWP7cDbW9Hgm5,I Love U,The Chainsmokers,KR,1
44ltZBbeCjk9wIediYkHNy,"Whistle (Prod. GroovyRoom) (Feat. Sik-K, Mirani)",GroovyRoom,KR,1
3JISGU3qHjPaBdWSh6ZJdq,Tea time (Feat. 10CM),meenoi,KR,1
6F2wRUS8oe71Hs9O58dMKb,Magic Carpet Ride,NCT 127,KR,1
0iWFz0Q5Qha9bx325ocFWq,Best Lover,88rising,KR,1
03HYOtfzbzx0HPHMcfLFOe,Oh Sorry Ya,SUNMI,KR,1
3HxtdKRmw0BNUs4VM7uYvE,Far,NCT 127,KR,1
7awomfKxYCpcqUlfZav6PD,Wave,SEVENTEEN,KR,1
7iD5HEWfQuOS9iC6IaNwu7,Satellite,Suzy,KR,1
2dGQn6Dqb5PPLqtbmvfcFf,Dreamer,NCT 127,KR,1
3QRJgF8HY4zEuboEy4Q1gd,Left and Right,Charlie Puth,KR,1
6KeIkgoC8SUeJ4VPw5Lkx8,Summer Tights,DPR LIVE,KR,1
1C1quK9LCCHeUjrTONTH9C,2AM (Feat. CAMO),Leellamarz,KR,1
4eMNphhfsRMq7bl4MV1J9O,Last Chance (Feat. YUMDDA),Leellamarz,KR,1
51Je7qQ5Ee0LOyRwUWYlfX,remember Remix,Royal 44,KR,1
0iS6eGDbQRp3xqso9cqYns,FOUCS,HOMIES,KR,1
6pKbRl6JErq6Ck2PBWcLse,LOVED YOU,C JAMM,KR,1
1gLSIkfJc5TG1Nle8X4ImG,Seventeen,Girls' Generation,KR,1
2tECbcrE9TNFb8hn6WLzWS,IM HERO - 우리들의 블루스,Lim Young Woong,KR,1
7IqYkjcFnqKPmwg6lWxXYv,BUT YOU,iKON,KR,1
5LuX3XQmdRG327lafv1p50,Promise You,NCT 127,KR,1
7BpqydHSxMviDR0DNTne6J,Yours,Conan Gray,KR,1
0C9aH2f4LO8SPPqUWOrcbk,Me Myself & I,5 Seconds of Summer,KR,1
2FKtn8qQx84O85wWABOwpd,GENTLEMAN,C JAMM,KR,1
0qrI2HZIHthFCBjnS7t2jp,Bring The Noize,NCT 127,KR,1
1XlSkQeITGEv8r6HIZfpfX,I hate you,WOODZ,KR,1
3q738cBTApcG0vo5G1OTZC,So What (Feat. Beenzino),UNEDUCATED KID,KR,1
2avJo0RwtC1zWiOx4CaGWG,Pool Party (Feat. E-CHAN of DKB),Brave Girls,KR,1
6LL5S3DGrUJ6cZRuDefguP,Lie Again,GIVĒON,KR,1
6Go8Wuws8feT0R2VlaI3am,Riptide,The Chainsmokers,KR,1
60gTdTwaNtGAzIxKfeGVfJ,Love's Train,Bruno Mars,KR,1
4lM46UnoFn4FP074aYWGxS,Trouble,Troye Sivan,KR,1
2aLH4EiEoZLpbeEQvTBbtH,Venus,DPR LIVE,KR,1
6M0njKf2lLXtFwB6XhFUgc,LOVE,MONSTA X,KR,1
7cAVVkcIXe4OfhzXdjyEtv,"08BASICK (Feat. 365LIT, CHANGMO, CROWN J, DON MILLS, LAYONE, lIlBOI, MYUNDO, PAUL BLANCO, SAN E, SWINGS, SKINNY BROWN, VERBAL JINT, YUMDDA) - REMIX",Basick,KR,1
7q92TuZKxN4C2FRZuWU8yY,A Gift!,Zion.T,KR,1
5fumVsa0IxAEJvHHu2F2k5,No matter,EXO,KR,1
63rtBJ1S3Rf8OhID4BEoxq,Girl Scout!,The Black Skirts,KR,1
4duZ9kMY4BvRubmBlKEWkI,UDDUN,C JAMM,KR,1
15wj06fykqiNYvyj8AVMnK,DICE,ONEW,KR,1
7xgHy510SVkSgV1ZpzElW1,Boom,DPR LIVE,KR,1
6Y7sqASnFKn9G9Hlgne0mW,Like the first time,Heize,KR,1
0GxUJLTF4RanPVwY1YpcZ3,Every Second,Mina Okabe,KR,1
0lbtRkC7Bs9aR3ZYvtZydi,Good Person (2022),HAECHAN,KR,1
7A7Dn1p4jGK7I0pp5zzPQ4,Kleenex,The Black Skirts,KR,1
5XO1SOADQxkdqGLFxX8rLN,The Great Mermaid,LE SSERAFIM,KR,1
238Ra1ggmx3wUkHyZ8EjST,Runaway,EXO,KR,1
4JwtEBtS1pAc9oTFzm5bFY,SCAR (Prod. BOYCOLD),24kGoldn,KR,1
2rCPeuzBY9NEX9VNshkjmH,You Problem,MONSTA X,KR,1
3B60EkZSvq0tuY7xzjb9Fu,My Love,D.O.,KR,1
7iUB3byx9Rcks8zW10JVkP,Stupid Feelings,220 KID,KR,1
7KZThhMaRjQpB9x6yIJvZ8,Mother Nature (H₂O),IU,KR,1
6NBbpQfD2MZcCNBOy7iE7Q,Beautiful,NCT 2021,KR,1
64xTu0cKbXu3ZSRkfXiBnx,Just as usual,EXO,KR,1
3V6pK4jdaGSfLh37vhYb5F,OFF COURSE,C JAMM,KR,1
07jOogwG0xr8UjtsxqdhPH,"No Tomorrow (Feat. lIlBOI, nafla)",GIRIBOY,KR,1
4ZC7AurS3z0mdROZBUcAex,FREAK LIKE ME,CAMO,KR,1
53Vm51F3MnhnWAhwX7n78s,24,ASH ISLAND,KR,1
4MGJsDj4jKDh4XPV8h3BAo,Off-Line,Rad Museum,KR,1
55ZNU07XDdynQMykHXYglz,GENERATION(Prod. Lean$moke),HOMIES,KR,1
1fDGXF4eJ24UFNIIgj8RuL,Heavy Rain,The Black Skirts,KR,1
3bpTDQcWK2MboRY4lKYEQx,When I Think Of You,The Black Skirts,KR,1
4bYY2C23dvjkF3IPNSWGd6,BUSINESS MAN,HOMIES,KR,1
4nF3APHarLJHV3igGVgTUJ,Rich Kids Anthem (Feat. Lee Hi),Epik High,KR,1
2wJ1eOCIBwoQiN7xQtrTAY,GROWING UP IS _____,Ruel,KR,1
5GzpstdtupjJcu0JR5j3v6,2011,5 Seconds of Summer,KR,1
60wMNCIWYZwbOywZXgfQ9P,Tears In The Club,FKA twigs,KR,1
7HGKvoju3ucB7UqVt1GoJu,YOUNG LUV,STAYC,KR,1
1Y8COP6Oqef3UxIONvzx6I,COMPLETE MESS,5 Seconds of Summer,KR,1
4bvIzUmw8dl9r1PDz6OGZv,HAPPENING,AKMU,KR,1
5LBxMvApPk3HdsQdi6DT9L,STAY,BLACKPINK,KR,1
5HphhcOuLFWBj9IghbrKJB,Midnight River,Pink Sweat$,KR,1
4hJhHbkhZFnxmWbAkZRoe0,Peru,Fireboy DML,KR,1
1U5ADd1X6PlAvQ2rqp4jIz,Flu,Heize,KR,1
245onUPHGD1DYuiacxTuW0,KAZINO,BIBI,KR,1
6WY1LezPoU52ucPRuabple,Plain Jane,The Black Skirts,KR,1
4MDdvtd216XIXnewQ0WunH,HEAT,lIlBOI,KR,1
3kfqYE0jGONOrkVpkPPOd5,Iffy,Chris Brown,KR,1
3q4EOtVCDGRvGSSjveqc6e,Rockstar Lifestyle (Feat. 365LIT & Posadic),CHANGMO,KR,1
0JCAyXUAaQDj4NgwviZ2sC,Yesterday You Left Me,10CM,KR,1
5orHjvcyt71Sv1O4M1GSHf,It's Love,D.O.,KR,1
5u6CQi2rgD1EyiztQnrrwY,I'm Fine,D.O.,KR,1
0cLXk75Pan3mhRlWqHiynh,Where Are We Now,MAMAMOO,KR,1
0pl5A0K1kXws0xkClbd6iN,Only,DAY6,KR,1
4rChXUoYp281MB2tPL4vMm,above the clouds,DAY6,KR,1
39Z2mZBU3dRBIMro4669uo,Round&Round,NCT U,KR,1
4RAR8g8fZNB106ezUurnE0,Dancing Feet,Kygo,KR,1
2VkuxjlbnbaBiWYpdBGVol,Oh Santa!,Mariah Carey,KR,1
6UL3gBsiP4vb8Yyc9nKKAf,First Time,TWICE,KR,1
0zNo6vxprHTeiFXNTo65ga,ひとりじゃない,SEVENTEEN,KR,1
3LEgGAl9zLcQWGTp7ptqtQ,Don’t Wake Me Up,Jonas Blue,KR,1
70EfheCNy3zOrcT2meMQ1g,Take It,IVE,KR,1
093PI3mdUvOSlvMYDwnV1e,11:11,TAEYEON,KR,1
3H7oAhHxkEkSf9iomv2mbG,could cry just thinkin about you - Full Version,Troye Sivan,KR,1
0yZ5nThTk7dZfgrhlQbxtT,Let me go!,The Volunteers,KR,1
753sRMieYWBC6HGodwtkjI,Nomad,Zion.T,KR,1
4hbTXShEqT58auNWQ7KCKG,Bokdukbang,northfacegawd,KR,1
7cDeFoNeMJfp8ChAqaZUMC,Dingo X SGBOYZ - ? (Prod. GRAY),"SGBOYZ (Jay Park, Don Mills, Loco, Nucksal)",KR,1
44AbcJTKmV3hipk9gKgUbA,I Still Love You,Jung Dong Ha,KR,1
0b18g3G5spr4ZCkz7Y6Q0Q,Rasputin,Majestic,KR,1
78SCmQ8A7KQSMdkem2SwBP,MAMMAMIA,Måneskin,KR,1
3RNHlcwIRw9xMS9gcSz65P,Earthquake,NCT 127,KR,1
2AAYL6JwiPKHn33buQqo4P,Space,BOL4,KR,1
3aGqHdZJusdhT3ZzfLRnO7,KIDDING ME,ITZY,KR,1
2fHfVTa76vV6DDy20M082T,Summer by myself,Brave Girls,KR,1
4yUrkvM634vJTljUN9gDxV,Safety Zone,LEEHI,KR,1
49TMhR9I3DgsKdXcxFHi5w,Butterfly,JEON MI DO,KR,1
4M58f8RgOr3jr5ccG6hRTb,illa illa,B.I,KR,1
3VWd1BwvIjkrkO0jbVvZeN,Dear Sputnik,TOMORROW X TOGETHER,KR,1
2ZwIO3ufWLFYxtEoam9ydu,My Favourite Clothes,RINI,KR,1
2dDL9g8sC7p6T2oAuYMZgX,You Turned Around,GIRIBOY,KR,1
6ffumbd6xyg8MiH3uWBwKj,Ice Cream,TOMORROW X TOGETHER,KR,1
03NqHNdG3Ur6kciQWK6e8V,Oh Na Na,Myke Towers,KR,1
5YkAqxoym5dZ1fYoaN0iCx,blue,keshi,KR,1
7IDUo5rlyHw08w8l3UpAcE,so let’s love,DAY6,KR,1
0qaKZzxxFzRGnbvGmfcs5S,"SUPERNOVA (Feat. CHANGMO, GSoul & DUT2)",TRADE L,KR,1
0qPAksIZUGLbj1y2nhdVD8,Awesome!,DPR LIVE,KR,1
7GqgAQAIRoRmijXWh7vw94,PINKTOP,The Volunteers,KR,1
6tvDAC8atHIjyLgvOEK1fK,Monday,Imagine Dragons,KR,1
0HLhptvI8NozbOHRLNniFz,Family,David Guetta,KR,1
6Q5e2XpyGzMLgA3ul491pu,Talk & Talk,fromis_9,KR,1
314oBdIvnoTPDwSP4zOP8p,Diamonds + And Pearls,DPR LIVE,KR,1
7DkqdEiDja7Gn9zvrfy7Vw,Rollin' (New Version),Brave Girls,KR,1
0zcORXxG1FGC3QzWYOBzr4,"Maniac (Sung by DOYOUNG, HAECHAN) (Prod. RYAN JHUN)",NCT U,KR,1
01ZedLPM6De5HPt5crdRQf,ONE,DAY6,KR,1
1GeX7W2VtmtceoW9fzZ8Oc,This Is Me (Feat. CHANGMO),Han Yo Han,KR,1
1PSDpiTgnkxHc7GhKrHCaA,PADO,BIBI,KR,1
7IXi8qEDc9oASO5LTx19nT,My Everything,NCT U,KR,1
5tmxPmmXvgJPU7bIukFX8p,Nothing Feels Better,Pink Sweat$,KR,1
21ezyolbj1IdlQunYV1alA,BAD LOVE,BE'O,KR,1
2shyarF21wZvWew00TdaP3,Rose - English Version,D.O.,KR,1
0qVbIVwY9X66HTtJkxlQ2W,STAY WITH ME,JAURIM,KR,1
04Y9prsqB1VzZLYD2gXTVm,From the Rain,Heize,KR,1
2efHGBPyrh693oWpPd5R1v,Hotel Room,CHANGMO,KR,1
2DYNajnV0grOr2DOEZBtFn,The Walking Dead,Heize,KR,1
5Oqvhj2QYs66rGf6XjiZJh,Violet,The Volunteers,KR,1
5by16CeSkrzyrSOrv1rdFx,Supernova (Feat. Dut2),CHANGMO,KR,1
1cHsivhEucLnoMJPclrpHa,Why,Heize,KR,1
1fxKKzZ6YmnrYmD7fCrBo9,Last Dance,i-dle,KR,1
6ye2BBTpOipvPNjSPxgmRC,Bye,LEEHI,KR,1
0CyydmXI4QhgUWrZsPOTXA,Why Can't You Love Me?,WENDY,KR,1
4ghTyKLeMMTZQ85LwRbej0,Second,HYO,KR,1
3qT9sYQMgkKgubHpG15fVU,"Hi, hello?",Heize,KR,1
63eV5hreY9feQP2CmYavpj,Electric,Katy Perry,KR,1
15jxI2XwZfYo7FGKex8IEf,Butterfly,BTS,KR,1
2EcwTF3Qj2AuyK2YWUKIBT,What if I had been that PUMA,TOMORROW X TOGETHER,KR,1
11RRkvXd7FvwxLWvtuBIR1,SHOOT!,ITZY,KR,1
2H3Hl20eU9cpzQUz43GtEc,Just hug me,DAVICHI,KR,1
3ddNKnYpVx0uI8vcwbTQ5Y,Sheesh!,Surfaces,KR,1
1hmcogF6Lz6QqiibEZqXjQ,Deep end,Jeremy Zucker,KR,1
1bj5ZFpxGFP5ooQcctNVB4,Energy,Sampa the Great,KR,1
6syar8JKCt3R9ZBl11zmgI,So Beautiful,DPR IAN,KR,1
6LZ9FO9UsGIcTKbShnfNsG,Feels,WATTS,KR,1
7cXJOM8t8pftyFgYp5Sm1N,The Road,WENDY,KR,1
26vOBLHS116a4WNUVlvAUW,We Go Up,NCT DREAM,KR,1
3o8QzWsiiqTUVgBZfHgF58,Cherry Bomb,NCT 127,KR,1
46aqH0mV4yiwWggx0ynrbw,My doll,OH MY GIRL,KR,1
4YXWk4YOEmlu8bWlzNObD7,PARADISE (Feat. meenoi),PARK HYEON JIN,KR,1
0iZnSbdHxlNTnfXGno29l9,Grand Prix (Feat. Beenzino),ASH ISLAND,KR,1
3J6NzKxov6PDE1LC99gXV8,Beautiful (Feat. Skinny Brown),ASH ISLAND,KR,1
05ABOPiW13nqIedJfqmfPM,rubberband,Tate McRae,KR,1
71TRhiwsRckqoqO9CcDIE6,Do You Believe,Ali Gatie,KR,1
4QogPJfnO1pZWwJ0cbwFJE,Spacetime,GIRIBOY,KR,1
1bFoCHXsP2qd4YWi2JmlCN,"3, 2, 1",24kGoldn,KR,1
6WfaFTqUabc64Jjp5e3e7v,2Drunk,Nick Jonas,KR,1
5RhWszHMSKzb7KiXk4Ae0M,One Last Kiss,Hikaru Utada,KR,1
6R1PVAFsQ8a37ibQQ7kvGj,A STAR IS BORN,ASH ISLAND,KR,1
5AkyvofVWUqds8x1HHgDU9,Me After You,Paul Kim,KR,1
1q2Zb0v5ZGxKDktEz7wSPb,Serotonin,girl in red,KR,1
1nenRWbemVvsxnxg296eFB,Sad Movie,F.HERO,KR,1
1JZiSKaF6RRgwxv4IijBUm,Beautiful Beautiful,ONF,KR,1
0YRuXgAFpfsIx8GgsJBJu3,Infrared Camera,Wonstein,KR,1
